mtllib Tile_+034_+029_L18_00012.mtl
v 6.91556256e+03 7.07766542e+03 4.28446311e+01
v 6.91376991e+03 7.07895584e+03 4.11730229e+01
v 6.91780087e+03 7.08750470e+03 4.49146098e+01
v 6.91356736e+03 7.08916571e+03 4.57893982e+01
v 6.91795266e+03 7.08714991e+03 4.31940011e+01
v 6.91511406e+03 7.08942548e+03 4.31990767e+01
v 6.91798707e+03 7.08874739e+03 4.28083032e+01
v 6.92423910e+03 7.12351459e+03 3.66227199e+01
v 6.91978466e+03 7.12154265e+03 3.77171611e+01
v 6.91862254e+03 7.08354023e+03 4.34603961e+01
v 6.91860400e+03 7.08356302e+03 4.65965854e+01
v 6.91813079e+03 7.08858014e+03 4.15716701e+01
v 6.92234868e+03 7.08538312e+03 4.16584721e+01
v 6.91438453e+03 7.09223156e+03 4.08501655e+01
v 6.91338116e+03 7.09188387e+03 4.15702114e+01
v 6.91795139e+03 7.08622365e+03 4.59274104e+01
v 6.91959815e+03 7.08496207e+03 4.32740345e+01
v 6.91753238e+03 7.08412670e+03 4.61885997e+01
v 6.91653404e+03 7.08275796e+03 4.35925229e+01
v 6.92739967e+03 7.07520479e+03 4.36217049e+01
v 6.91181447e+03 7.08628955e+03 4.60052108e+01
v 6.91420162e+03 7.09012406e+03 4.50088362e+01
v 6.91662408e+03 7.08266718e+03 4.58586326e+01
v 6.92725727e+03 7.06832901e+03 3.34535262e+01
v 6.92942806e+03 7.06674623e+03 3.67961812e+01
v 6.91785920e+03 7.08934470e+03 3.18629795e+01
v 6.91775646e+03 7.08944225e+03 3.72449299e+01
v 6.91322738e+03 7.09283651e+03 3.69275019e+01
v 6.91972306e+03 7.12163238e+03 2.87622706e+01
v 6.91609675e+03 7.07658731e+03 3.18052129e+01
v 6.91872660e+03 7.07465434e+03 3.41280581e+01
v 6.92464093e+03 7.07029002e+03 3.65642044e+01
v 6.92404564e+03 7.07058430e+03 4.05766915e+01
v 6.91934757e+03 7.07425431e+03 3.74449750e+01
v 6.93488580e+03 7.06652537e+03 4.10698136e+01
v 6.93763581e+03 7.07034896e+03 4.10782937e+01
v 6.92891069e+03 7.06787106e+03 4.28186145e+01
v 6.93218353e+03 7.07899933e+03 4.08433243e+01
v 6.93048957e+03 7.07940004e+03 4.16050435e+01
v 6.93474517e+03 7.07621631e+03 4.29464012e+01
v 6.93201266e+03 7.07837011e+03 4.28483263e+01
v 6.92364733e+03 7.07097303e+03 3.12581665e+01
v 6.93466610e+03 7.06856451e+03 4.25402045e+01
v 6.93533115e+03 7.07266877e+03 4.29955227e+01
v 6.93739665e+03 7.12389297e+03 2.52265118e+01
v 6.93319037e+03 7.12222134e+03 2.56147334e+01
v 6.93235745e+03 7.11362502e+03 2.52442543e+01
v 6.92948757e+03 7.11470754e+03 2.55419023e+01
v 6.92816697e+03 7.12083450e+03 2.53664882e+01
v 6.93119069e+03 7.12239686e+03 2.55699676e+01
v 6.93173584e+03 7.12533513e+03 2.55798193e+01
v 6.93220887e+03 7.12328395e+03 2.70251294e+01
v 6.93114320e+03 7.12337141e+03 2.54677492e+01
v 6.93059230e+03 7.12185731e+03 2.59695914e+01
v 6.92456046e+03 7.11825931e+03 2.55663467e+01
v 6.92695147e+03 7.12170763e+03 2.78928239e+01
v 6.93536917e+03 7.11026229e+03 2.64296863e+01
v 6.92944843e+03 7.12307043e+03 2.64163097e+01
v 6.92681281e+03 7.12145524e+03 2.56613054e+01
v 6.93580362e+03 7.10988923e+03 2.85785877e+01
v 6.93173426e+03 7.11266413e+03 2.81170494e+01
v 6.93103795e+03 7.12161986e+03 2.71556278e+01
v 6.93137498e+03 7.12473591e+03 2.78607229e+01
v 6.93393083e+03 7.11013736e+03 2.76537663e+01
v 6.93208500e+03 7.11138131e+03 2.76775820e+01
v 6.92462337e+03 7.11830526e+03 2.71894081e+01
v 6.92738984e+03 7.11452387e+03 2.81774090e+01
v 6.92755152e+03 7.11584221e+03 2.75371881e+01
v 6.92820869e+03 7.12043495e+03 2.78208797e+01
v 6.92536941e+03 7.11414359e+03 2.87675353e+01
v 6.92266391e+03 7.11642024e+03 2.84809041e+01
v 6.92632463e+03 7.11508489e+03 2.86300885e+01
v 6.92847556e+03 7.11438269e+03 2.90273896e+01
v 6.92972298e+03 7.11186680e+03 2.98806663e+01
v 6.93122916e+03 7.11094937e+03 2.88602064e+01
v 6.93332365e+03 7.10958423e+03 2.88383361e+01
v 6.92922630e+03 7.11038021e+03 2.84819515e+01
v 6.92427368e+03 7.10734033e+03 2.89584844e+01
v 6.92154700e+03 7.11548297e+03 2.89193253e+01
v 6.92417771e+03 7.11785867e+03 2.82962562e+01
v 6.92261275e+03 7.11186999e+03 2.87536709e+01
v 6.92901827e+03 7.10514796e+03 2.81963597e+01
v 6.93233767e+03 7.10778889e+03 2.82524050e+01
v 6.93510188e+03 7.10833867e+03 2.87836767e+01
v 6.93272688e+03 7.10193447e+03 2.82172180e+01
v 6.93633108e+03 7.09820315e+03 2.83938855e+01
v 6.93662065e+03 7.10550975e+03 2.81547888e+01
v 6.93569371e+03 7.10360522e+03 2.78500311e+01
v 6.93016519e+03 7.10279163e+03 2.92369532e+01
v 6.92668523e+03 7.10329698e+03 2.82398191e+01
v 6.93609887e+03 7.10758220e+03 2.91887874e+01
v 6.93726002e+03 7.10880928e+03 2.82290813e+01
v 6.92959625e+03 7.11413613e+03 2.83234459e+01
v 6.92774533e+03 7.10487390e+03 2.91546671e+01
v 6.93637104e+03 7.09022257e+03 2.76765849e+01
v 6.93061742e+03 7.10129671e+03 2.81913468e+01
v 6.93297728e+03 7.10087175e+03 2.88008095e+01
v 6.93254039e+03 7.08915233e+03 2.77825626e+01
v 6.93568506e+03 7.09706175e+03 2.78073741e+01
v 6.93556823e+03 7.08742984e+03 2.81742422e+01
v 6.93507814e+03 7.08665099e+03 3.07267593e+01
v 6.93345368e+03 7.08409447e+03 2.88642107e+01
v 6.93680950e+03 7.08910510e+03 2.86746464e+01
v 6.93308095e+03 7.08408543e+03 2.75749160e+01
v 6.92772865e+03 7.08645431e+03 2.72025284e+01
v 6.93457975e+03 7.08253389e+03 2.75029144e+01
v 6.93333281e+03 7.08211975e+03 2.67041168e+01
v 6.93626451e+03 7.09985558e+03 2.78268200e+01
v 6.93543945e+03 7.08796572e+03 2.76038038e+01
v 6.93494897e+03 7.06322711e+03 2.67625769e+01
v 6.93412500e+03 7.06269758e+03 2.80566102e+01
v 6.93366519e+03 7.06442529e+03 2.77960566e+01
v 6.93239448e+03 7.06228867e+03 2.86227823e+01
v 6.93705204e+03 7.06400353e+03 2.70551841e+01
v 6.93476447e+03 7.06238221e+03 2.93069388e+01
v 6.93715027e+03 7.06945544e+03 2.66804865e+01
v 6.93387168e+03 7.06537618e+03 2.66981656e+01
v 6.93714561e+03 7.06625837e+03 2.67983983e+01
v 6.93626611e+03 7.08446330e+03 3.04370632e+01
v 6.93692010e+03 7.06927806e+03 2.90168910e+01
v 6.93594062e+03 7.06684224e+03 2.98559679e+01
v 6.93443491e+03 7.06592871e+03 2.88428241e+01
v 6.93115567e+03 7.06266179e+03 2.65244308e+01
v 6.93218357e+03 7.06470917e+03 2.94140380e+01
v 6.93254439e+03 7.06387890e+03 2.89842056e+01
v 6.93248867e+03 7.06437306e+03 2.72424563e+01
v 6.92839459e+03 7.06727144e+03 2.73908041e+01
v 6.93051925e+03 7.06464328e+03 2.74732828e+01
v 6.93076103e+03 7.06576957e+03 2.65963677e+01
v 6.93451487e+03 7.07740474e+03 2.65547066e+01
v 6.93017219e+03 7.08056706e+03 2.67339621e+01
v 6.92922425e+03 7.06485267e+03 2.65169453e+01
v 6.92567560e+03 7.06450834e+03 2.65726349e+01
v 6.93284604e+03 7.06201169e+03 2.64390936e+01
v 6.92371441e+03 7.07098495e+03 2.69325256e+01
v 6.92326474e+03 7.06962163e+03 2.68751607e+01
v 6.92555953e+03 7.08386354e+03 2.71671511e+01
v 6.92625080e+03 7.06691936e+03 2.69331183e+01
v 6.92810913e+03 7.06627433e+03 2.75549595e+01
v 6.92817380e+03 7.08177859e+03 3.11933712e+01
v 6.92907426e+03 7.06702011e+03 2.98534220e+01
v 6.92336085e+03 7.06716947e+03 2.68898666e+01
v 6.92587100e+03 7.06925584e+03 2.69649962e+01
v 6.92598771e+03 7.08868812e+03 2.79208474e+01
v 6.92065013e+03 7.08766966e+03 2.76114244e+01
v 6.91923965e+03 7.09354933e+03 2.81708411e+01
v 6.92100737e+03 7.07298867e+03 2.92950332e+01
v 6.91745681e+03 7.07553616e+03 2.68867109e+01
v 6.91708050e+03 7.09012014e+03 2.79917796e+01
v 6.91607157e+03 7.06909516e+03 2.68572002e+01
v 6.91792074e+03 7.06700793e+03 2.75004405e+01
v 6.91777314e+03 7.06559688e+03 2.67792875e+01
v 6.92033068e+03 7.06566181e+03 2.67948442e+01
v 6.91599163e+03 7.07451501e+03 2.74576296e+01
v 6.92271011e+03 7.08990269e+03 2.75170338e+01
v 6.92591221e+03 7.08753852e+03 2.82196446e+01
v 6.91351958e+03 7.09880406e+03 2.84852585e+01
v 6.91785554e+03 7.06345783e+03 2.68004993e+01
v 6.91597157e+03 7.06595663e+03 2.76921025e+01
v 6.92141789e+03 7.06620033e+03 2.75132749e+01
v 6.91816971e+03 7.07373165e+03 2.70742862e+01
v 6.92118809e+03 7.07291035e+03 2.65607140e+01
v 6.91720560e+03 7.06256571e+03 2.81381786e+01
v 6.91677252e+03 7.06300339e+03 2.70755622e+01
v 6.92057396e+03 7.07175970e+03 2.68322765e+01
v 6.92280339e+03 7.06833297e+03 2.74133350e+01
v 6.91297898e+03 7.07104600e+03 2.75313744e+01
v 6.91368978e+03 7.06968410e+03 2.80629357e+01
v 6.91442876e+03 7.06538306e+03 2.68861783e+01
v 6.91354372e+03 7.06404532e+03 2.72963638e+01
v 6.91419389e+03 7.06666580e+03 2.76340092e+01
v 6.91038172e+03 7.09901436e+03 2.82515526e+01
v 6.91253561e+03 7.09401483e+03 2.83988319e+01
v 6.91429903e+03 7.07779149e+03 2.84147695e+01
v 6.91441720e+03 7.07762742e+03 2.65683275e+01
v 6.91435201e+03 7.07574178e+03 2.73315891e+01
v 6.91323598e+03 7.06634727e+03 2.80635027e+01
v 6.91290034e+03 7.07640844e+03 2.80571121e+01
v 6.91423825e+03 7.07573760e+03 2.93385825e+01
v 6.92190213e+03 7.10756238e+03 2.86663829e+01
v 6.91360751e+03 7.10876361e+03 2.88051176e+01
v 6.92287604e+03 7.10951594e+03 2.87425127e+01
v 6.91865362e+03 7.10996245e+03 2.87708578e+01
v 6.91694848e+03 7.11410606e+03 2.90594298e+01
v 6.91469249e+03 7.11114738e+03 2.88378358e+01
v 6.92171289e+03 7.10888125e+03 2.95834778e+01
v 6.92101009e+03 7.11798988e+03 2.85263593e+01
v 6.91289969e+03 7.12376709e+03 2.87391100e+01
v 6.91604720e+03 7.12438555e+03 2.84212965e+01
v 6.91584244e+03 7.12172497e+03 2.87248982e+01
v 6.91924953e+03 7.11906893e+03 2.89693990e+01
v 6.92359121e+03 7.11855655e+03 2.88426427e+01
v 6.91961620e+03 7.11791814e+03 2.96578346e+01
v 6.91450951e+03 7.12527332e+03 2.89104973e+01
v 6.91280811e+03 7.11329463e+03 2.92252212e+01
v 6.91598036e+03 7.12049655e+03 3.01179216e+01
v 6.92624388e+03 7.12054686e+03 3.24381199e+01
v 6.91271709e+03 7.09313895e+03 2.94553920e+01
v 6.91464672e+03 7.11114566e+03 3.15605879e+01
v 6.91466798e+03 7.11407692e+03 2.98170263e+01
v 6.91449363e+03 7.07766104e+03 3.12869304e+01
v 6.93303006e+03 7.06417431e+03 3.13984620e+01
v 6.93583253e+03 7.06797576e+03 3.11123484e+01
v 6.93219022e+03 7.07886608e+03 3.32592475e+01
v 6.93592475e+03 7.07606893e+03 3.46989563e+01
v 6.91336087e+03 7.07615542e+03 3.01711383e+01
v 6.93248546e+03 7.06294914e+03 3.01626613e+01
v 6.93041547e+03 7.06321501e+03 3.02814056e+01
v 6.93698938e+03 7.06286575e+03 3.02490961e+01
v 6.92264186e+03 7.10855644e+03 2.95638228e+01
v 6.93100047e+03 7.07967513e+03 3.71939054e+01
v 6.93551669e+03 7.08716378e+03 2.83705131e+01
v 6.92712804e+03 7.11364333e+03 3.19020536e+01
v 6.92803435e+03 7.11458487e+03 3.09832518e+01
v 6.92846357e+03 7.11274785e+03 3.08105996e+01
v 6.92648736e+03 7.11232224e+03 3.04581217e+01
v 6.92742976e+03 7.11231242e+03 2.87339933e+01
v 6.92192632e+03 7.08646781e+03 3.40188925e+01
v 6.92159574e+03 7.08661049e+03 2.93305458e+01
v 6.92089382e+03 7.11774491e+03 3.01618999e+01
v 6.92440860e+03 7.11817431e+03 3.50595092e+01
v 6.91775378e+03 7.11761781e+03 2.90090970e+01
v 6.91475066e+03 7.12535907e+03 3.50352063e+01
v 6.91332177e+03 7.11599921e+03 2.94467357e+01
v 6.91398082e+03 7.12072326e+03 2.93929694e+01
v 6.91420210e+03 7.12228452e+03 2.99474319e+01
v 6.91486655e+03 7.12523926e+03 3.14702856e+01
v 6.92932233e+03 7.12478000e+03 3.50276466e+01
v 6.93732960e+03 7.10787225e+03 3.01531394e+01
v 6.93552346e+03 7.10584944e+03 3.06001253e+01
v 6.93796181e+03 7.10425796e+03 3.01280139e+01
v 6.93685085e+03 7.08906857e+03 3.05036978e+01
v 6.93772198e+03 7.06600513e+03 2.98848998e+01
v 6.93563662e+03 7.07618325e+03 3.03387156e+01
v 6.93709381e+03 7.08578879e+03 2.74729596e+01
v 6.89215785e+03 7.06957002e+03 3.86807409e+01
v 6.89345770e+03 7.06870654e+03 3.87950887e+01
v 6.89835099e+03 7.07329674e+03 3.52349942e+01
v 6.90207725e+03 7.07738933e+03 3.52154765e+01
v 6.90874698e+03 7.06987627e+03 3.42172920e+01
v 6.90918795e+03 7.07023304e+03 3.07122943e+01
v 6.88963984e+03 7.11041772e+03 3.41715377e+01
v 6.88914587e+03 7.11108698e+03 3.27794079e+01
v 6.88554978e+03 7.09806356e+03 3.40483723e+01
v 6.88278019e+03 7.09604827e+03 3.65197070e+01
v 6.88292589e+03 7.09681593e+03 3.43342811e+01
v 6.89620092e+03 7.06958908e+03 3.52698844e+01
v 6.88420459e+03 7.07526284e+03 3.39286149e+01
v 6.88757999e+03 7.07534167e+03 3.45338307e+01
v 6.89995605e+03 7.12023264e+03 3.14397696e+01
v 6.90010985e+03 7.12080803e+03 3.38263840e+01
v 6.90261000e+03 7.11930964e+03 4.22385404e+01
v 6.90342519e+03 7.11871744e+03 4.08008575e+01
v 6.90167964e+03 7.11771066e+03 4.18761180e+01
v 6.90100285e+03 7.12219271e+03 3.50845792e+01
v 6.90401857e+03 7.12174348e+03 3.45626934e+01
v 6.89869414e+03 7.10441431e+03 3.06349718e+01
v 6.89815597e+03 7.10796211e+03 3.22051465e+01
v 6.90001834e+03 7.12085617e+03 3.60548639e+01
v 6.89945184e+03 7.11878302e+03 3.63936888e+01
v 6.89378741e+03 7.08805784e+03 3.21408619e+01
v 6.89606463e+03 7.09137548e+03 3.41793302e+01
v 6.89629501e+03 7.09171820e+03 3.01653538e+01
v 6.88961660e+03 7.10829305e+03 3.37493037e+01
v 6.89079015e+03 7.10832401e+03 3.45597723e+01
v 6.89218888e+03 7.10465415e+03 3.36764188e+01
v 6.89157935e+03 7.10648966e+03 3.39334422e+01
v 6.89442678e+03 7.11164250e+03 3.28167097e+01
v 6.89257039e+03 7.11120790e+03 3.38299691e+01
v 6.89088277e+03 7.10354811e+03 3.38838207e+01
v 6.89217060e+03 7.10391035e+03 3.34217131e+01
v 6.89276887e+03 7.10170900e+03 3.17909354e+01
v 6.88735777e+03 7.08549550e+03 3.31353572e+01
v 6.88601923e+03 7.08760423e+03 3.12398675e+01
v 6.88967409e+03 7.11439313e+03 3.19050604e+01
v 6.89056361e+03 7.11272181e+03 3.42254970e+01
v 6.89611477e+03 7.10875628e+03 3.36079972e+01
v 6.89520642e+03 7.09867654e+03 3.04127550e+01
v 6.89957028e+03 7.09614045e+03 2.99121620e+01
v 6.90265097e+03 7.11871743e+03 3.12694908e+01
v 6.90159911e+03 7.12032853e+03 3.14006404e+01
v 6.87916724e+03 7.06779139e+03 3.39655054e+01
v 6.88310142e+03 7.07071653e+03 3.38282845e+01
v 6.90399754e+03 7.06245726e+03 4.08615619e+01
v 6.90819045e+03 7.06911232e+03 2.85685070e+01
v 6.89154882e+03 7.10864532e+03 3.29879566e+01
v 6.89485731e+03 7.09273269e+03 2.95936788e+01
v 6.89617973e+03 7.09438431e+03 3.81505557e+01
v 6.89619278e+03 7.09424975e+03 3.33446780e+01
v 6.89768777e+03 7.09418105e+03 3.44557420e+01
v 6.90261824e+03 7.12163562e+03 4.13119605e+01
v 6.90287548e+03 7.12035215e+03 4.33714283e+01
v 6.89023948e+03 7.11253333e+03 3.19836351e+01
v 6.88840377e+03 7.11322259e+03 3.18948317e+01
v 6.87967157e+03 7.08905558e+03 3.49506826e+01
v 6.88032134e+03 7.09230589e+03 3.46980807e+01
v 6.87756999e+03 7.09165955e+03 3.55289594e+01
v 6.87565671e+03 7.09292557e+03 3.59467197e+01
v 6.90048612e+03 7.08880916e+03 4.11890216e+01
v 6.90596118e+03 7.08391432e+03 4.05854933e+01
v 6.90069946e+03 7.11840606e+03 4.30369079e+01
v 6.90260341e+03 7.11913815e+03 4.40117032e+01
v 6.88103595e+03 7.11536319e+03 4.00397578e+01
v 6.88230766e+03 7.11619617e+03 3.80983598e+01
v 6.90331733e+03 7.12047898e+03 4.13083430e+01
v 6.89969304e+03 7.11954051e+03 4.08472816e+01
v 6.90080592e+03 7.12085301e+03 3.82838705e+01
v 6.87634725e+03 7.09843046e+03 3.47017467e+01
v 6.87935464e+03 7.09803178e+03 3.38650650e+01
v 6.89686842e+03 7.09149647e+03 4.28992866e+01
v 6.88355064e+03 7.08615801e+03 3.47746855e+01
v 6.88459756e+03 7.08371710e+03 3.41107959e+01
v 6.90435609e+03 7.12008188e+03 3.93637760e+01
v 6.90349803e+03 7.11936783e+03 3.83714054e+01
v 6.87918449e+03 7.11798183e+03 3.66831520e+01
v 6.88038269e+03 7.11792009e+03 3.41460926e+01
v 6.89633076e+03 7.09448891e+03 4.65857266e+01
v 6.89623044e+03 7.09403023e+03 4.27823467e+01
v 6.90329600e+03 7.08592970e+03 3.54538926e+01
v 6.90466472e+03 7.08163855e+03 3.53115461e+01
v 6.89564869e+03 7.11135420e+03 3.15597332e+01
v 6.89602279e+03 7.11082509e+03 3.27096798e+01
v 6.91014255e+03 7.06698788e+03 2.76874816e+01
v 6.90857290e+03 7.06636771e+03 2.83895984e+01
v 6.90803631e+03 7.06492935e+03 3.03215298e+01
v 6.90866296e+03 7.07172176e+03 2.84483117e+01
v 6.90703406e+03 7.07076835e+03 2.80180292e+01
v 6.91000679e+03 7.07304661e+03 2.84786187e+01
v 6.91030999e+03 7.07141045e+03 2.80952426e+01
v 6.91182905e+03 7.07428978e+03 2.74203442e+01
v 6.91107793e+03 7.07332452e+03 2.83840052e+01
v 6.91164126e+03 7.07381018e+03 3.05075294e+01
v 6.91026560e+03 7.06894919e+03 2.73312617e+01
v 6.90941369e+03 7.06372015e+03 2.82884108e+01
v 6.90959499e+03 7.06935499e+03 2.81500977e+01
v 6.87884280e+03 7.09936468e+03 3.38024884e+01
v 6.90541942e+03 7.10292191e+03 2.83209847e+01
v 6.90234246e+03 7.10180060e+03 2.93263389e+01
v 6.90337567e+03 7.10012626e+03 2.83056143e+01
v 6.88860069e+03 7.10999544e+03 3.35521153e+01
v 6.90872424e+03 7.09617699e+03 2.82525970e+01
v 6.88914004e+03 7.08777479e+03 2.94914753e+01
v 6.88691439e+03 7.08511724e+03 2.96552172e+01
v 6.88432322e+03 7.08134940e+03 2.99631048e+01
v 6.88645198e+03 7.08123694e+03 3.10255988e+01
v 6.90429717e+03 7.10685572e+03 2.92031858e+01
v 6.90715479e+03 7.10374182e+03 2.89938032e+01
v 6.90083594e+03 7.10804250e+03 3.04110622e+01
v 6.89785664e+03 7.10903211e+03 3.11093163e+01
v 6.90265208e+03 7.11073008e+03 3.08270697e+01
v 6.90457831e+03 7.11104155e+03 2.96892926e+01
v 6.91062555e+03 7.11117283e+03 2.91302646e+01
v 6.88713288e+03 7.11520195e+03 3.29153065e+01
v 6.90875280e+03 7.10753210e+03 2.89001955e+01
v 6.90617796e+03 7.11098534e+03 3.00334237e+01
v 6.90737723e+03 7.11012790e+03 2.89490373e+01
v 6.90705466e+03 7.11338414e+03 3.00703010e+01
v 6.90365510e+03 7.10895970e+03 2.99937458e+01
v 6.90405075e+03 7.11594824e+03 3.07939496e+01
v 6.90726394e+03 7.12170871e+03 2.99038846e+01
v 6.90337677e+03 7.12503129e+03 3.04199594e+01
v 6.90242343e+03 7.11273790e+03 3.08668572e+01
v 6.90716770e+03 7.11636015e+03 3.05505515e+01
v 6.89781298e+03 7.11333845e+03 3.15793900e+01
v 6.89661398e+03 7.12010123e+03 3.17361917e+01
v 6.89470656e+03 7.11972243e+03 3.16873117e+01
v 6.90072470e+03 7.11904885e+03 3.15349268e+01
v 6.90190688e+03 7.11972345e+03 3.20450859e+01
v 6.89675043e+03 7.11808045e+03 3.17193359e+01
v 6.90737957e+03 7.12063918e+03 3.08665398e+01
v 6.88412573e+03 7.11788488e+03 3.30080681e+01
v 6.88681968e+03 7.11776639e+03 3.34584631e+01
v 6.88630920e+03 7.08979306e+03 3.20499080e+01
v 6.89120733e+03 7.09816798e+03 3.15778163e+01
v 6.88814053e+03 7.09676047e+03 3.20494844e+01
v 6.88959082e+03 7.10970510e+03 3.31228982e+01
v 6.88840806e+03 7.09007132e+03 3.03802576e+01
v 6.89051644e+03 7.09417742e+03 3.06282750e+01
v 6.88522408e+03 7.09099136e+03 3.17204142e+01
v 6.88724150e+03 7.11695814e+03 3.29161462e+01
v 6.88698624e+03 7.11872195e+03 3.28560016e+01
v 6.89236039e+03 7.11382520e+03 3.18024922e+01
v 6.89486297e+03 7.10854684e+03 3.21795638e+01
v 6.89200136e+03 7.09309139e+03 2.99748312e+01
v 6.89298742e+03 7.09012496e+03 2.98422209e+01
v 6.88781670e+03 7.08865930e+03 3.06997349e+01
v 6.88273897e+03 7.09328500e+03 3.28572599e+01
v 6.88147520e+03 7.09226439e+03 3.24837765e+01
v 6.89250923e+03 7.09597780e+03 3.05361386e+01
v 6.89366286e+03 7.09639789e+03 2.93501015e+01
v 6.89888005e+03 7.09886396e+03 2.95998926e+01
v 6.89757480e+03 7.10171450e+03 2.97052075e+01
v 6.87762418e+03 7.06683399e+03 3.20613567e+01
v 6.87637397e+03 7.06411906e+03 3.16504987e+01
v 6.87519602e+03 7.06904827e+03 3.47578745e+01
v 6.88426361e+03 7.07526950e+03 3.12242350e+01
v 6.88019412e+03 7.06989867e+03 3.35601892e+01
v 6.88032593e+03 7.07014181e+03 3.21218164e+01
v 6.88323229e+03 7.07730565e+03 3.09523684e+01
v 6.88339219e+03 7.07567543e+03 3.04600544e+01
v 6.88036394e+03 7.07342190e+03 3.07851909e+01
v 6.88091793e+03 7.07708584e+03 3.13179706e+01
v 6.88304720e+03 7.07974094e+03 3.04902451e+01
v 6.90078811e+03 7.06882014e+03 3.48673028e+01
v 6.88003874e+03 7.07595268e+03 3.11284301e+01
v 6.88141556e+03 7.07235470e+03 3.13437306e+01
v 6.87762322e+03 7.06977422e+03 3.26273382e+01
v 6.87895643e+03 7.06831157e+03 3.15632601e+01
v 6.88734592e+03 7.08708007e+03 2.95921509e+01
v 6.89396558e+03 7.08854866e+03 3.00310981e+01
v 6.89159908e+03 7.08545213e+03 3.03566000e+01
v 6.88548922e+03 7.08323590e+03 3.34078789e+01
v 6.88923730e+03 7.08206109e+03 3.41405779e+01
v 6.87818810e+03 7.07192611e+03 3.16435701e+01
v 6.87849581e+03 7.06746175e+03 3.37702564e+01
v 6.87878578e+03 7.07434851e+03 3.33781569e+01
v 6.87700536e+03 7.07660548e+03 3.34587456e+01
v 6.87497615e+03 7.07398293e+03 3.36201297e+01
v 6.89535357e+03 7.09267126e+03 3.23767828e+01
v 6.89611018e+03 7.09429494e+03 2.96375734e+01
v 6.89764319e+03 7.09446568e+03 3.06096908e+01
v 6.90266602e+03 7.10061363e+03 3.34936163e+01
v 6.90247653e+03 7.10064047e+03 3.01875550e+01
v 6.88953563e+03 7.08268301e+03 3.03235643e+01
v 6.88709024e+03 7.07939655e+03 3.11183439e+01
v 6.90812375e+03 7.09658878e+03 3.11515343e+01
v 6.90090182e+03 7.09804027e+03 3.01704544e+01
v 6.90275760e+03 7.10398422e+03 2.91675412e+01
v 6.90529726e+03 7.10591643e+03 3.00425644e+01
v 6.90282608e+03 7.10709285e+03 2.94490788e+01
v 6.90275136e+03 7.10606756e+03 3.08671400e+01
v 6.90003027e+03 7.10509680e+03 2.94519102e+01
v 6.90362665e+03 7.10337648e+03 2.81933545e+01
v 6.90093094e+03 7.10701806e+03 3.08223260e+01
v 6.89468643e+03 7.11027876e+03 3.29418288e+01
v 6.89360925e+03 7.11020423e+03 3.18482598e+01
v 6.89367008e+03 7.10462465e+03 3.24536200e+01
v 6.90998091e+03 7.11343145e+03 2.91923674e+01
v 6.91240173e+03 7.11279855e+03 3.16159947e+01
v 6.91109540e+03 7.11085893e+03 3.16241347e+01
v 6.91328115e+03 7.10918799e+03 3.15886181e+01
v 6.91226829e+03 7.11275730e+03 2.98906778e+01
v 6.91074105e+03 7.09459824e+03 3.40165531e+01
v 6.90651715e+03 7.06669981e+03 3.09621059e+01
v 6.91232097e+03 7.11659255e+03 3.01269032e+01
v 6.90693089e+03 7.06732122e+03 2.82929158e+01
v 6.91033543e+03 7.11990068e+03 2.95595765e+01
v 6.91016733e+03 7.11886030e+03 3.04895679e+01
v 6.91193453e+03 7.11604537e+03 2.99466797e+01
v 6.91053727e+03 7.11668755e+03 3.02939559e+01
v 6.90998527e+03 7.12407139e+03 2.98484729e+01
v 6.91161994e+03 7.12467917e+03 2.97473736e+01
v 6.90071308e+03 7.11786598e+03 3.38125513e+01
v 6.90358756e+03 7.12060163e+03 3.64469436e+01
v 6.90390153e+03 7.11914497e+03 3.69594648e+01
v 6.91098158e+03 7.12380182e+03 3.04630760e+01
v 6.88248805e+03 7.11767000e+03 3.24680281e+01
v 6.88173530e+03 7.11814341e+03 3.37957736e+01
v 6.90909458e+03 7.06457588e+03 3.76220445e+01
v 6.90686721e+03 7.06633113e+03 3.41024659e+01
v 6.87588799e+03 7.07845579e+03 3.29351558e+01
v 6.87571144e+03 7.08044110e+03 3.32882542e+01
v 6.87813227e+03 7.07354628e+03 3.51156568e+01
v 6.87845043e+03 7.07444423e+03 3.41178763e+01
v 6.87738194e+03 7.08272038e+03 3.29725905e+01
v 6.87790080e+03 7.07962580e+03 3.35937865e+01
v 6.87855739e+03 7.06672395e+03 3.50683878e+01
v 6.88100010e+03 7.09682492e+03 3.34759752e+01
v 6.88263671e+03 7.09842331e+03 3.41152849e+01
v 6.88851145e+03 7.10188517e+03 3.40926761e+01
v 6.88540775e+03 7.09543029e+03 3.32769150e+01
v 6.89499116e+03 7.10726940e+03 3.22793492e+01
v 6.90147721e+03 7.12211465e+03 3.61869292e+01
v 6.89301887e+03 7.10406445e+03 3.49763540e+01
v 6.87898775e+03 7.07920257e+03 3.45300941e+01
v 6.87875338e+03 7.07891336e+03 3.37961367e+01
v 6.87806093e+03 7.07793969e+03 3.36194484e+01
v 6.88381458e+03 7.08932846e+03 3.44281956e+01
v 6.88534246e+03 7.09043403e+03 3.53232000e+01
v 6.90140982e+03 7.11735428e+03 3.70746698e+01
v 6.90041866e+03 7.11841230e+03 3.81767234e+01
v 6.88115215e+03 7.08056885e+03 3.40515471e+01
v 6.88078066e+03 7.08163024e+03 3.43760708e+01
v 6.88698630e+03 7.09683667e+03 3.29424957e+01
v 6.88710374e+03 7.09724196e+03 3.52795166e+01
v 6.88105386e+03 7.11713700e+03 3.25054381e+01
v 6.87731090e+03 7.07439627e+03 3.41069676e+01
v 6.90092752e+03 7.12184250e+03 4.03974559e+01
v 6.90273750e+03 7.12231855e+03 4.06213050e+01
v 6.88178754e+03 7.11785396e+03 4.16813640e+01
v 6.88246312e+03 7.11707390e+03 4.23251197e+01
v 6.88178145e+03 7.08939306e+03 3.37711191e+01
v 6.88289006e+03 7.08890179e+03 3.42119310e+01
v 6.87828973e+03 7.07360016e+03 3.33761955e+01
v 6.88056591e+03 7.12056439e+03 4.18563552e+01
v 6.87999963e+03 7.11937058e+03 3.89817068e+01
v 6.88141734e+03 7.11769792e+03 4.43369595e+01
v 6.88128857e+03 7.11779234e+03 4.31463248e+01
v 6.88030644e+03 7.11590834e+03 4.30051769e+01
v 6.88049032e+03 7.11803097e+03 4.34609959e+01
v 6.88020090e+03 7.11828026e+03 4.68681732e+01
v 6.87984703e+03 7.11902807e+03 4.59331639e+01
v 6.87790466e+03 7.11672134e+03 4.18169026e+01
v 6.87943995e+03 7.11825341e+03 4.08436249e+01
v 6.88005943e+03 7.11832118e+03 4.17049808e+01
v 6.91184884e+03 7.08803844e+03 4.52023018e+01
v 6.91117213e+03 7.08681054e+03 4.35778223e+01
v 6.90156378e+03 7.11784882e+03 3.99525470e+01
v 6.90234565e+03 7.11875902e+03 3.83066528e+01
v 6.90148654e+03 7.12317590e+03 3.80783024e+01
v 6.89989386e+03 7.11982268e+03 3.85299287e+01
v 6.89796381e+03 7.09422889e+03 4.05757476e+01
v 6.87806142e+03 7.09278070e+03 3.55929103e+01
v 6.87773775e+03 7.09235207e+03 3.69090271e+01
v 6.89243450e+03 7.06479594e+03 3.80594005e+01
v 6.88997714e+03 7.06348624e+03 3.81770423e+01
v 6.90131692e+03 7.06474588e+03 3.74866602e+01
v 6.90235309e+03 7.06296674e+03 4.10298377e+01
v 6.89810774e+03 7.06420347e+03 3.77698670e+01
v 6.88882330e+03 7.06344666e+03 4.32601015e+01
v 6.87539535e+03 7.06335514e+03 4.31748473e+01
v 6.87952539e+03 7.06358320e+03 4.34204062e+01
v 6.87988300e+03 7.11757596e+03 4.49974843e+01
v 6.87915390e+03 7.11665765e+03 4.48060001e+01
v 6.88040320e+03 7.11731593e+03 4.22433737e+01
v 6.89774008e+03 7.09322380e+03 4.28430215e+01
v 6.87476552e+03 7.08181083e+03 3.37430019e+01
v 6.87687757e+03 7.08530803e+03 3.29099352e+01
v 6.87926731e+03 7.08801652e+03 3.29096922e+01
v 6.87891493e+03 7.08704884e+03 3.47411729e+01
v 6.88447637e+03 7.09143419e+03 3.28437369e+01
v 6.88289419e+03 7.09121028e+03 3.28697831e+01
v 6.88205405e+03 7.11679509e+03 4.02075223e+01
v 6.88281909e+03 7.11789574e+03 3.93612348e+01
v 6.88096350e+03 7.11883148e+03 3.48229227e+01
v 6.88088966e+03 7.11998017e+03 3.66236750e+01
v 6.88161776e+03 7.11559799e+03 3.57626314e+01
v 6.88053657e+03 7.11655139e+03 3.32028037e+01
v 6.88149422e+03 7.11860082e+03 3.59230501e+01
v 6.87801646e+03 7.08694636e+03 3.24552729e+01
v 6.88897691e+03 7.06554366e+03 3.64463659e+01
v 6.88377043e+03 7.06351925e+03 3.82851583e+01
v 6.88130532e+03 7.08247373e+03 3.47167130e+01
v 6.88007291e+03 7.08536921e+03 3.38533449e+01
v 6.88096370e+03 7.06657111e+03 3.60653766e+01
v 6.90374538e+03 7.06459055e+03 3.55741061e+01
v 6.89046169e+03 7.10730177e+03 3.39061218e+01
v 6.88008218e+03 7.07621988e+03 3.33372719e+01
v 6.88072904e+03 7.08268023e+03 3.37396608e+01
v 6.87733700e+03 7.07578796e+03 3.39833203e+01
v 6.87875481e+03 7.07597335e+03 3.44301134e+01
v 6.87962520e+03 7.07998966e+03 3.33093676e+01
v 6.88115223e+03 7.07875135e+03 3.41792934e+01
v 6.88002241e+03 7.07808467e+03 3.40316115e+01
v 6.87777500e+03 7.07700027e+03 3.34290510e+01
v 6.87951832e+03 7.07510931e+03 3.35622498e+01
v 6.87917035e+03 7.07924288e+03 3.35598431e+01
v 6.87854651e+03 7.07860500e+03 3.46256833e+01
v 6.87592361e+03 7.07494345e+03 3.33141646e+01
v 6.87616752e+03 7.06320348e+03 3.82241687e+01
v 6.87468560e+03 7.06313360e+03 3.47544065e+01
v 6.87833746e+03 7.06483636e+03 3.24878905e+01
v 6.87888691e+03 7.06366247e+03 3.69248285e+01
v 6.87517339e+03 7.08261799e+03 3.54931866e+01
v 6.87707984e+03 7.08537720e+03 3.50988948e+01
v 6.87523527e+03 7.09421959e+03 3.52286110e+01
v 6.87902948e+03 7.11494973e+03 4.10473193e+01
v 6.88028271e+03 7.11589761e+03 3.77468290e+01
v 6.88008387e+03 7.11662703e+03 3.49641533e+01
v 6.88131849e+03 7.11952482e+03 3.30172922e+01
v 6.88071200e+03 7.08958950e+03 3.45027081e+01
v 6.88218701e+03 7.08851038e+03 3.47616668e+01
v 6.87877189e+03 7.07441896e+03 3.35864923e+01
v 6.88381264e+03 7.06566750e+03 3.70373299e+01
v 6.90299065e+03 7.06342995e+03 3.79917338e+01
v 6.88486850e+03 7.06294964e+03 4.30802478e+01
v 6.88964391e+03 7.06861566e+03 3.59456727e+01
v 6.88329927e+03 7.06726967e+03 3.66819490e+01
v 6.87926004e+03 7.08462556e+03 3.25715141e+01
v 6.87525282e+03 7.08553187e+03 3.57875045e+01
v 6.87540741e+03 7.08574083e+03 3.45652148e+01
v 6.88113286e+03 7.06530003e+03 3.68964499e+01
v 6.87799027e+03 7.07308279e+03 3.39969915e+01
v 6.87894157e+03 7.07911055e+03 3.34735600e+01
v 6.88086758e+03 7.11959765e+03 4.39244258e+01
v 6.88245729e+03 7.11942160e+03 4.21015589e+01
v 6.88101404e+03 7.11883563e+03 4.26244669e+01
v 6.88181078e+03 7.11680258e+03 4.25299281e+01
v 6.87823179e+03 7.11712195e+03 4.40374239e+01
v 6.88024026e+03 7.12004006e+03 4.24798059e+01
v 6.87886320e+03 7.11963638e+03 4.12867175e+01
v 6.87944742e+03 7.11893568e+03 4.40499720e+01
v 6.88164318e+03 7.11811205e+03 3.97728908e+01
v 6.87896579e+03 7.11937697e+03 4.56583265e+01
v 6.88116347e+03 7.11774976e+03 4.29786853e+01
v 6.88121030e+03 7.11780103e+03 4.29373684e+01
v 6.88181533e+03 7.11771202e+03 4.61382299e+01
v 6.88156776e+03 7.11875995e+03 4.71963187e+01
v 6.88113905e+03 7.11990850e+03 4.51938816e+01
v 6.90017947e+03 7.11973117e+03 4.23197005e+01
v 6.90067348e+03 7.11983603e+03 4.41643126e+01
v 6.90117913e+03 7.12127324e+03 4.30409582e+01
v 6.90172625e+03 7.12037207e+03 4.42544049e+01
v 6.90550683e+03 7.08496405e+03 4.28429754e+01
v 6.90258024e+03 7.09420144e+03 4.35983778e+01
v 6.91031667e+03 7.08870685e+03 4.36694018e+01
v 6.90141762e+03 7.11872235e+03 4.51017844e+01
v 6.90155933e+03 7.11967259e+03 4.61206163e+01
v 6.90261376e+03 7.09980558e+03 4.27941180e+01
v 6.91142352e+03 7.09351381e+03 4.28647551e+01
v 6.91252364e+03 7.09133171e+03 4.31337243e+01
v 6.91244906e+03 7.09132839e+03 4.48958175e+01
v 6.91082321e+03 7.08892510e+03 4.51191070e+01
v 6.91113071e+03 7.08984892e+03 4.40014788e+01
v 6.91411639e+03 7.08333300e+03 4.34577095e+01
v 6.90930345e+03 7.08698965e+03 4.35153667e+01
v 6.90866471e+03 7.09627445e+03 4.07951778e+01
v 6.90500670e+03 7.08534615e+03 4.12208202e+01
v 6.90828259e+03 7.09572340e+03 4.15072846e+01
v 6.90267152e+03 7.11899790e+03 4.00192735e+01
v 6.90248610e+03 7.12082760e+03 4.16799120e+01
v 6.90374694e+03 7.12015134e+03 4.05585636e+01
v 6.90280648e+03 7.10056175e+03 4.08139151e+01
v 6.90563347e+03 7.09832135e+03 3.70590017e+01
v 6.90315224e+03 7.12217097e+03 3.72643576e+01
v 6.90379983e+03 7.12128004e+03 3.85808743e+01
v 6.90201654e+03 7.12158158e+03 3.76583549e+01
v 6.90193595e+03 7.12244281e+03 3.88575273e+01
v 6.90269643e+03 7.11787227e+03 3.69584650e+01
v 6.90138194e+03 7.11806604e+03 3.57743772e+01
v 6.90287392e+03 7.11788375e+03 3.46918759e+01
v 6.90396582e+03 7.11996235e+03 3.43179908e+01
v 6.90318554e+03 7.12076084e+03 3.72955631e+01
v 6.89960410e+03 7.11874993e+03 3.97569916e+01
v 6.89581404e+03 7.09207184e+03 4.10861861e+01
v 6.89528373e+03 7.09276688e+03 3.87185330e+01
v 6.89907582e+03 7.08919269e+03 3.74469090e+01
v 6.89645968e+03 7.09087723e+03 4.06207160e+01
v 6.87898628e+03 7.09407794e+03 3.64300478e+01
v 6.87807967e+03 7.09436217e+03 3.60813589e+01
v 6.87743346e+03 7.09506520e+03 3.52840605e+01
v 6.88483781e+03 7.10862750e+03 3.56896797e+01
v 6.88358659e+03 7.10901539e+03 3.57314242e+01
v 6.88403800e+03 7.10967300e+03 3.50964744e+01
v 6.88328281e+03 7.11086064e+03 3.54006182e+01
v 6.87950088e+03 7.09221554e+03 3.63102139e+01
v 6.87957905e+03 7.09462145e+03 3.47908685e+01
v 6.87932979e+03 7.11659203e+03 3.63891428e+01
v 6.87593339e+03 7.09410475e+03 3.60740182e+01
v 6.87609264e+03 7.09319618e+03 3.54939606e+01
v 6.87681932e+03 7.09648078e+03 3.67885257e+01
v 6.87595761e+03 7.09717034e+03 3.51562503e+01
v 6.88837922e+03 7.10618019e+03 3.70271774e+01
v 6.88702819e+03 7.10589729e+03 3.55310481e+01
v 6.88693339e+03 7.10710958e+03 3.51585795e+01
v 6.88834005e+03 7.10779835e+03 3.45406862e+01
v 6.88475956e+03 7.09647604e+03 3.64634365e+01
v 6.88589757e+03 7.09700739e+03 3.70086875e+01
v 6.88501783e+03 7.11004338e+03 3.55549527e+01
v 6.88232094e+03 7.10946137e+03 3.54485657e+01
v 6.88544072e+03 7.09550224e+03 3.55563533e+01
v 6.88357077e+03 7.09453568e+03 3.57349639e+01
v 6.87767432e+03 7.09025590e+03 3.60150155e+01
v 6.87956272e+03 7.09058129e+03 3.49500208e+01
v 6.87748441e+03 7.09759087e+03 3.69778296e+01
v 6.87770268e+03 7.09764921e+03 3.50961169e+01
v 6.87670890e+03 7.09790863e+03 3.63188545e+01
v 6.87666632e+03 7.09736802e+03 3.76351693e+01
v 6.87895253e+03 7.11767846e+03 3.91141335e+01
v 6.87520694e+03 7.09192327e+03 3.60577471e+01
v 6.87601574e+03 7.09074656e+03 3.63956103e+01
v 6.87572323e+03 7.09709441e+03 3.69170392e+01
v 6.87932014e+03 7.11907546e+03 3.95581522e+01
v 6.88112912e+03 7.11540993e+03 4.19331302e+01
v 6.88189251e+03 7.11828122e+03 3.78819285e+01
v 6.88070454e+03 7.12011073e+03 3.80309086e+01
v 6.88240428e+03 7.11764647e+03 3.60347888e+01
v 6.87873595e+03 7.11608000e+03 4.28607942e+01
v 6.87588109e+03 7.10010603e+03 3.37293107e+01
v 6.88040341e+03 7.11001165e+03 3.37706715e+01
v 6.87952636e+03 7.10909875e+03 3.43175908e+01
v 6.87931579e+03 7.10763386e+03 3.38117899e+01
v 6.88250155e+03 7.10737508e+03 3.37274461e+01
v 6.88288314e+03 7.11138159e+03 3.41123960e+01
v 6.88179894e+03 7.11189752e+03 3.51508125e+01
v 6.88146331e+03 7.11089015e+03 3.55439939e+01
v 6.87861349e+03 7.11334941e+03 3.39522803e+01
v 6.88869091e+03 7.10457667e+03 3.55937884e+01
v 6.88721905e+03 7.10585262e+03 3.37424833e+01
v 6.88903400e+03 7.10740868e+03 3.34624940e+01
v 6.88996338e+03 7.10629026e+03 3.55097723e+01
v 6.88554404e+03 7.10763003e+03 3.52588403e+01
v 6.88568950e+03 7.10861245e+03 3.49598076e+01
v 6.88336614e+03 7.10873010e+03 3.48976342e+01
v 6.88584422e+03 7.10680011e+03 3.58227504e+01
v 6.88382992e+03 7.09592204e+03 3.71138495e+01
v 6.88574311e+03 7.10657447e+03 3.37917097e+01
v 6.88489306e+03 7.10779101e+03 3.35743643e+01
v 6.88532446e+03 7.10046366e+03 3.36080374e+01
v 6.88538648e+03 7.09923000e+03 3.43588376e+01
v 6.88925808e+03 7.10467135e+03 3.37015290e+01
v 6.88984796e+03 7.10528127e+03 3.41141776e+01
v 6.88333145e+03 7.11276644e+03 3.38613306e+01
v 6.88657955e+03 7.11019066e+03 3.41531194e+01
v 6.88174580e+03 7.10936331e+03 3.37368143e+01
v 6.88132184e+03 7.11210130e+03 3.39782516e+01
v 6.88092343e+03 7.11496953e+03 3.36295175e+01
v 6.88277069e+03 7.10509160e+03 3.41298344e+01
v 6.88804553e+03 7.09811365e+03 3.36165339e+01
v 6.88982216e+03 7.10049498e+03 3.36189817e+01
v 6.87499422e+03 7.11125697e+03 3.36452862e+01
v 6.87791043e+03 7.11342740e+03 3.36736863e+01
v 6.87653645e+03 7.11183896e+03 3.40825002e+01
v 6.87514577e+03 7.12479056e+03 3.34299950e+01
v 6.87678527e+03 7.12295000e+03 3.33186136e+01
v 6.87741253e+03 7.11992968e+03 3.25383409e+01
v 6.88332835e+03 7.12228864e+03 3.24301780e+01
v 6.87924303e+03 7.12276084e+03 3.33898961e+01
v 6.87979567e+03 7.12037065e+03 3.30487773e+01
v 6.87557087e+03 7.12249377e+03 3.24638419e+01
v 6.87783898e+03 7.11606631e+03 3.34136732e+01
v 6.87886375e+03 7.12542426e+03 3.34730103e+01
v 6.88046369e+03 7.11835462e+03 3.23272313e+01
v 6.88046469e+03 7.12249725e+03 3.37918565e+01
v 6.87798141e+03 7.12091454e+03 3.35751329e+01
v 6.88422106e+03 7.12086601e+03 3.30072833e+01
v 6.88947551e+03 7.11790942e+03 3.19758634e+01
v 6.88595143e+03 7.11486268e+03 3.22453528e+01
v 6.88272179e+03 7.11546077e+03 3.28648559e+01
v 6.87538611e+03 7.08305131e+03 3.30456818e+01
v 6.87890396e+03 7.08190453e+03 3.32081844e+01
v 6.88193569e+03 7.08984490e+03 3.24951535e+01
v 6.88031363e+03 7.08963795e+03 3.27732518e+01
v 6.88272839e+03 7.09060987e+03 3.40170975e+01
v 6.88059089e+03 7.08138199e+03 3.33649819e+01
v 6.88222816e+03 7.08556033e+03 3.47173777e+01
v 6.88098553e+03 7.09539122e+03 3.49408634e+01
v 6.88019791e+03 7.08063453e+03 3.32234895e+01
v 6.88076550e+03 7.08151320e+03 3.37074425e+01
v 6.88217505e+03 7.08034199e+03 3.46739832e+01
v 6.88219596e+03 7.07977798e+03 3.37631469e+01
v 6.88248421e+03 7.09481137e+03 3.36697568e+01
v 6.88564770e+03 7.08888032e+03 3.38743483e+01
v 6.88661048e+03 7.09543529e+03 3.50568892e+01
v 6.88459176e+03 7.09436335e+03 3.29243619e+01
v 6.88492589e+03 7.08742026e+03 3.50176536e+01
v 6.88370270e+03 7.09014468e+03 3.25233821e+01
v 6.87902855e+03 7.07929800e+03 3.31886534e+01
v 6.87464741e+03 7.07510915e+03 3.37887820e+01
v 6.87635008e+03 7.07732061e+03 3.36293323e+01
v 6.87784680e+03 7.07759934e+03 3.35012902e+01
v 6.88192733e+03 7.07179671e+03 3.39861945e+01
v 6.88547362e+03 7.07262962e+03 3.41061128e+01
v 6.88095994e+03 7.07761257e+03 3.48221568e+01
v 6.88204291e+03 7.07868334e+03 3.34575652e+01
v 6.88416703e+03 7.08147348e+03 3.48825355e+01
v 6.89780329e+03 7.08005088e+03 3.50355470e+01
v 6.88059892e+03 7.07702575e+03 3.36431454e+01
v 6.87989097e+03 7.06954015e+03 3.34880659e+01
v 6.87999881e+03 7.06968372e+03 3.34495959e+01
v 6.87808681e+03 7.07393117e+03 3.39608879e+01
v 6.87477305e+03 7.08187706e+03 3.72301356e+01
v 6.87570925e+03 7.08378145e+03 3.81760375e+01
v 6.87588860e+03 7.07509894e+03 3.47147832e+01
v 6.87599645e+03 7.07337358e+03 3.49650421e+01
v 6.88004861e+03 7.06976407e+03 3.34818701e+01
v 6.88342524e+03 7.06972355e+03 3.62556619e+01
v 6.87643857e+03 7.07063872e+03 3.53577608e+01
v 6.87452917e+03 7.08156545e+03 3.48829431e+01
v 6.87452473e+03 7.08170559e+03 3.48824383e+01
v 6.87973447e+03 7.07609606e+03 3.46111067e+01
v 6.87567341e+03 7.08994629e+03 3.47614784e+01
v 6.87686739e+03 7.09628266e+03 3.45259453e+01
v 6.87765291e+03 7.08892811e+03 3.46374883e+01
v 6.87552419e+03 7.08821622e+03 3.51390351e+01
v 6.88170355e+03 7.08769921e+03 3.45086604e+01
v 6.87626018e+03 7.08576640e+03 3.72072043e+01
v 6.88337058e+03 7.08327745e+03 3.47094798e+01
v 6.88707121e+03 7.08558862e+03 3.52189922e+01
v 6.88252426e+03 7.09304987e+03 3.50345767e+01
v 6.88574045e+03 7.08448568e+03 3.52284266e+01
v 6.88074577e+03 7.08655611e+03 3.53610206e+01
v 6.88757100e+03 7.07538905e+03 3.64798855e+01
v 6.89023804e+03 7.07339225e+03 3.51862760e+01
v 6.88305366e+03 7.06762457e+03 3.43853635e+01
v 6.88493681e+03 7.07197871e+03 3.65688151e+01
v 6.89257696e+03 7.07285023e+03 3.49839593e+01
v 6.89240936e+03 7.07184016e+03 3.58942717e+01
v 6.89757509e+03 7.07806565e+03 3.56292547e+01
v 6.89347161e+03 7.07100001e+03 3.71298923e+01
v 6.90229828e+03 7.06630857e+03 3.55555315e+01
v 6.89237070e+03 7.07035314e+03 3.72218505e+01
v 6.91219189e+03 7.07930852e+03 3.43959545e+01
v 6.90779899e+03 7.08262881e+03 3.50495981e+01
v 6.89929886e+03 7.08878356e+03 3.45802085e+01
v 6.89763427e+03 7.06784981e+03 3.65284827e+01
v 6.91319027e+03 7.07876042e+03 3.78287827e+01
v 6.90545011e+03 7.06677235e+03 3.48733058e+01
v 6.91447677e+03 7.07753775e+03 3.41173903e+01
v 6.90551395e+03 7.06689989e+03 3.76203552e+01
v 6.90452057e+03 7.06547986e+03 3.81277729e+01
v 6.89888815e+03 7.06630718e+03 3.73790861e+01
v 6.89210744e+03 7.11367573e+03 3.32587728e+01
v 6.88058820e+03 7.06207589e+03 4.39585490e+01
v 6.88964788e+03 7.06214928e+03 4.30571944e+01
v 6.87622065e+03 7.06276858e+03 4.33423718e+01
v 6.89496375e+03 7.06301156e+03 4.20611112e+01
v 6.90698502e+03 7.06496497e+03 3.73717941e+01
v 6.89120529e+03 7.06872652e+03 3.70408795e+01
v 6.89801844e+03 7.09319726e+03 4.66013578e+01
v 6.89521856e+03 7.09298253e+03 4.66265702e+01
v 6.89688461e+03 7.09165594e+03 4.65034949e+01
v 6.88212180e+03 7.06673762e+03 3.79794234e+01
v 6.87753070e+03 7.11653984e+03 4.46950243e+01
v 6.91377636e+03 7.07812740e+03 4.06696334e+01
v 6.91983168e+03 7.07364233e+03 4.06938201e+01
v 6.92471132e+03 7.07104103e+03 4.12103624e+01
v 6.92395072e+03 7.07134003e+03 4.28643772e+01
v 6.93479574e+03 7.06850573e+03 4.05657400e+01
v 6.91760065e+03 7.08405254e+03 4.39312149e+01
v 6.92534200e+03 7.08331994e+03 4.28488071e+01
v 6.92594252e+03 7.11409549e+03 3.14686510e+01
v 6.92610782e+03 7.08329908e+03 3.76716685e+01
v 6.93303160e+03 7.06410760e+03 3.76895194e+01
v 6.92864909e+03 7.06731289e+03 4.06826705e+01
v 6.93281021e+03 7.06416098e+03 4.12815287e+01
v 6.93580488e+03 7.07619516e+03 3.76468718e+01
v 6.93631319e+03 7.07046497e+03 4.05176139e+01
v 6.93795621e+03 7.07323661e+03 4.10736190e+01
v 6.93249871e+03 7.06532035e+03 4.05385747e+01
v 6.93565086e+03 7.06786135e+03 3.83982025e+01
v 6.92030533e+03 7.07419361e+03 4.12498291e+01
v 6.91717061e+03 7.07649588e+03 4.12085594e+01
v 6.92565512e+03 7.08294244e+03 4.16625633e+01
v 6.92433419e+03 7.08470086e+03 4.08656683e+01
v 6.93125528e+03 7.07095029e+03 4.05499203e+01
v 6.93506601e+03 7.07612494e+03 4.10652275e+01
v 6.93523986e+03 7.07503027e+03 4.24655690e+01
v 6.93705583e+03 7.07174705e+03 4.12781631e+01
v 6.93150840e+03 7.07075844e+03 4.24732490e+01
v 6.93701983e+03 7.07174389e+03 4.26409091e+01
v 6.93507400e+03 7.07379296e+03 4.26801904e+01
v 6.93792621e+03 7.07296594e+03 4.25238689e+01
v 6.91980432e+03 7.08508995e+03 4.66776846e+01
v 6.91497283e+03 7.08157464e+03 4.33400391e+01
v 6.91473347e+03 7.08259214e+03 4.44825260e+01
v 6.91792212e+03 7.08946335e+03 4.07991372e+01
v 6.92115876e+03 7.08687482e+03 3.84370479e+01
v 6.93300657e+03 7.06406580e+03 3.43559959e+01
v 6.89330464e+03 7.06775224e+03 3.74012965e+01
v 6.89388824e+03 7.06346822e+03 3.95894134e+01
v 6.89447720e+03 7.06861096e+03 3.69326123e+01
v 6.89620009e+03 7.06627629e+03 3.76399170e+01
v 6.90945110e+03 7.08213531e+03 4.11739145e+01
v 6.89551655e+03 7.09210898e+03 4.56291035e+01
v 6.87450001e+03 7.07457339e+03 3.43323115e+01
v 6.87450001e+03 7.07377524e+03 3.46911413e+01
v 6.87450001e+03 7.07206793e+03 3.52231172e+01
v 6.87450001e+03 7.07362454e+03 3.52113742e+01
v 6.87450001e+03 7.12486873e+03 3.39701353e+01
v 6.87450001e+03 7.12525706e+03 3.32810375e+01
v 6.87450001e+03 7.08315626e+03 3.64692618e+01
v 6.87450001e+03 7.08355260e+03 3.61212241e+01
v 6.87450001e+03 7.08167637e+03 3.52590014e+01
v 6.87450001e+03 7.08162441e+03 3.50266959e+01
v 6.87450001e+03 7.08710519e+03 3.45499085e+01
v 6.87450001e+03 7.08879630e+03 3.49147050e+01
v 6.87450001e+03 7.08990789e+03 3.48436566e+01
v 6.87450001e+03 7.09159085e+03 3.48742267e+01
v 6.87450001e+03 7.09597331e+03 3.46511009e+01
v 6.87450001e+03 7.09876761e+03 3.46056819e+01
v 6.87450001e+03 7.09568350e+03 3.46317034e+01
v 6.87450001e+03 7.09585771e+03 3.47235924e+01
v 6.87450001e+03 7.09379983e+03 3.51308080e+01
v 6.87450001e+03 7.09329010e+03 3.48985393e+01
v 6.87450001e+03 7.09524144e+03 3.48004220e+01
v 6.87450001e+03 7.09248544e+03 3.51982075e+01
v 6.87450001e+03 7.09282883e+03 3.50320895e+01
v 6.87450001e+03 7.09208426e+03 3.47327154e+01
v 6.87450001e+03 7.08927295e+03 3.49787658e+01
v 6.87450001e+03 7.08149518e+03 3.40284786e+01
v 6.87450001e+03 7.08157226e+03 3.47109855e+01
v 6.87450001e+03 7.08155231e+03 3.48791871e+01
v 6.87450001e+03 7.08152962e+03 3.48854001e+01
v 6.87450001e+03 7.08154419e+03 3.48977333e+01
v 6.87450001e+03 7.08255387e+03 3.49909863e+01
v 6.87450001e+03 7.08177352e+03 3.48744941e+01
v 6.87450001e+03 7.07119001e+03 3.53550511e+01
v 6.87450001e+03 7.07388462e+03 3.51705470e+01
v 6.87450001e+03 7.07510177e+03 3.37673039e+01
v 6.87450001e+03 7.08166075e+03 3.48954921e+01
v 6.87450001e+03 7.08164373e+03 3.48792302e+01
v 6.87450001e+03 7.08136041e+03 3.36117141e+01
v 6.87450001e+03 7.08013085e+03 3.32303790e+01
v 6.87450001e+03 7.07019894e+03 3.49574117e+01
v 6.87450001e+03 7.06929178e+03 3.47194351e+01
v 6.87450001e+03 7.06443558e+03 3.36973089e+01
v 6.87450001e+03 7.06346911e+03 3.46555498e+01
v 6.87450001e+03 7.07935756e+03 3.30926967e+01
v 6.87450001e+03 7.07581637e+03 3.37005552e+01
v 6.87450001e+03 7.11588773e+03 3.37566199e+01
v 6.87450001e+03 7.11426436e+03 3.37682181e+01
v 6.87450001e+03 7.11617827e+03 3.37272280e+01
v 6.87450001e+03 7.11797477e+03 3.33983216e+01
v 6.87450001e+03 7.11277938e+03 3.37120148e+01
v 6.87450001e+03 7.10631543e+03 3.37050547e+01
v 6.87450001e+03 7.11027643e+03 3.37857214e+01
v 6.87450001e+03 7.10509883e+03 3.37166795e+01
v 6.87450001e+03 7.10148238e+03 3.33826224e+01
v 6.87450001e+03 7.10546219e+03 3.37176098e+01
v 6.87450001e+03 7.10529976e+03 3.37176088e+01
v 6.87450001e+03 7.09883801e+03 3.45637126e+01
v 6.87450001e+03 7.09967803e+03 3.35777065e+01
v 6.87450001e+03 7.08351876e+03 3.59235159e+01
v 6.87450001e+03 7.08327389e+03 3.47349593e+01
v 6.87450001e+03 7.08493054e+03 3.78351390e+01
v 6.87450001e+03 7.08645343e+03 3.71526728e+01
v 6.87450001e+03 7.08257772e+03 3.66222024e+01
v 6.87450001e+03 7.08419598e+03 3.81475084e+01
v 6.87450001e+03 7.06203590e+03 3.78791727e+01
v 6.87450001e+03 7.06303206e+03 3.47451460e+01
v 6.87450001e+03 7.11148535e+03 3.36357752e+01
v 6.87450001e+03 7.11125963e+03 3.35709803e+01
v 6.87450001e+03 7.06819724e+03 3.48893355e+01
v 6.87450001e+03 7.06660519e+03 3.45324416e+01
v 6.87450001e+03 7.08598470e+03 3.46936696e+01
v 6.87450001e+03 7.06255547e+03 3.52174543e+01
v 6.87450001e+03 7.08601482e+03 3.48901188e+01
v 6.87450001e+03 7.11069612e+03 3.35744065e+01
v 6.87450001e+03 7.12165958e+03 3.28625495e+01
v 6.87450001e+03 7.12311116e+03 3.25995424e+01
v 6.87450001e+03 7.08200046e+03 3.71405965e+01
v 6.87450001e+03 7.08195840e+03 3.72195462e+01
v 6.87450001e+03 7.08210965e+03 3.72813957e+01
v 6.87450001e+03 7.08618444e+03 3.66561704e+01
v 6.87450001e+03 7.12456264e+03 3.32449375e+01
v 6.87450001e+03 7.08199644e+03 3.70156617e+01
v 6.87450001e+03 7.08220156e+03 3.60113622e+01
v 6.87450001e+03 7.08280173e+03 3.48163583e+01
v 6.87450001e+03 7.08581605e+03 3.57974811e+01
v 6.93799999e+03 7.10829631e+03 2.54568507e+01
v 6.93799999e+03 7.10828247e+03 2.63212669e+01
v 6.93799999e+03 7.06646655e+03 2.97601365e+01
v 6.93799999e+03 7.06589247e+03 3.00131792e+01
v 6.93799999e+03 7.06901476e+03 2.66778265e+01
v 6.93799999e+03 7.06817531e+03 2.69691989e+01
v 6.93799999e+03 7.08842186e+03 2.77938908e+01
v 6.93799999e+03 7.08819894e+03 2.81343674e+01
v 6.93799999e+03 7.10423637e+03 3.01024821e+01
v 6.93799999e+03 7.10458631e+03 2.80668787e+01
v 6.93799999e+03 7.09213623e+03 2.76735478e+01
v 6.93799999e+03 7.08902838e+03 2.75817426e+01
v 6.93799999e+03 7.08752549e+03 3.05336951e+01
v 6.93799999e+03 7.08819212e+03 3.04962733e+01
v 6.93799999e+03 7.07458296e+03 3.08257159e+01
v 6.93799999e+03 7.07457771e+03 2.82831036e+01
v 6.93799999e+03 7.07079172e+03 2.81541593e+01
v 6.93799999e+03 7.07069271e+03 2.66869245e+01
v 6.93799999e+03 7.08589079e+03 2.74519094e+01
v 6.93799999e+03 7.08434440e+03 2.74371080e+01
v 6.93799999e+03 7.08690707e+03 2.76873395e+01
v 6.93799999e+03 7.08692577e+03 2.92566426e+01
v 6.93799999e+03 7.08819385e+03 2.98647164e+01
v 6.93799999e+03 7.08684949e+03 3.04775575e+01
v 6.93799999e+03 7.07077496e+03 2.98249684e+01
v 6.93799999e+03 7.07080620e+03 3.48080848e+01
v 6.93799999e+03 7.06304182e+03 3.02788907e+01
v 6.93799999e+03 7.06202385e+03 3.03237779e+01
v 6.93799999e+03 7.07082862e+03 3.55588954e+01
v 6.93799999e+03 7.07082035e+03 3.59516099e+01
v 6.93799999e+03 7.06452721e+03 3.02921811e+01
v 6.93799999e+03 7.06689876e+03 2.70168071e+01
v 6.93799999e+03 7.06955181e+03 2.66652019e+01
v 6.93799999e+03 7.07784905e+03 2.68119570e+01
v 6.93799999e+03 7.07950654e+03 2.68925755e+01
v 6.93799999e+03 7.07996647e+03 2.72020487e+01
v 6.93799999e+03 7.07473529e+03 2.66506329e+01
v 6.93799999e+03 7.10860273e+03 2.91007055e+01
v 6.93799999e+03 7.10830759e+03 2.95435332e+01
v 6.93799999e+03 7.10824549e+03 2.80387498e+01
v 6.93799999e+03 7.10423349e+03 3.01197064e+01
v 6.93799999e+03 7.10830067e+03 2.85355948e+01
v 6.93799999e+03 7.10024766e+03 2.78600123e+01
v 6.93799999e+03 7.09842407e+03 2.78558425e+01
v 6.93799999e+03 7.09778685e+03 2.80815905e+01
v 6.93799999e+03 7.10124167e+03 2.78687587e+01
v 6.93799999e+03 7.10228513e+03 2.79774115e+01
v 6.93799999e+03 7.10677570e+03 3.05000660e+01
v 6.93799999e+03 7.10589789e+03 3.07437477e+01
v 6.93799999e+03 7.10823579e+03 2.98373252e+01
v 6.93799999e+03 7.09722693e+03 2.86814694e+01
v 6.93799999e+03 7.09697170e+03 2.86016397e+01
v 6.93799999e+03 7.09558561e+03 2.77319816e+01
v 6.93799999e+03 7.10425096e+03 3.01435272e+01
v 6.93799999e+03 7.10436879e+03 3.01714321e+01
v 6.93799999e+03 7.10757606e+03 3.00800141e+01
v 6.93799999e+03 7.12427583e+03 2.52679361e+01
v 6.93799999e+03 7.10836844e+03 2.53077104e+01
v 6.93799999e+03 7.11861609e+03 2.53296082e+01
v 6.93799999e+03 7.12321975e+03 2.52551568e+01
v 6.93799999e+03 7.12115975e+03 2.54454317e+01
v 6.93799999e+03 7.07082850e+03 3.79634250e+01
v 6.93799999e+03 7.07083960e+03 3.62330522e+01
v 6.93799999e+03 7.07462099e+03 3.28502079e+01
v 6.93799999e+03 7.07464044e+03 3.41478968e+01
v 6.93799999e+03 7.07324082e+03 4.10731528e+01
v 6.93799999e+03 7.07442984e+03 4.10584435e+01
v 6.93799999e+03 7.07079570e+03 4.04651333e+01
v 6.93799999e+03 7.07087271e+03 4.10741997e+01
v 6.93799999e+03 7.07471125e+03 4.10052423e+01
v 6.93799999e+03 7.07465136e+03 3.95358824e+01
v 6.93799999e+03 7.07463423e+03 3.73751753e+01
v 6.93799999e+03 7.07082070e+03 3.60967553e+01
v 6.93799999e+03 7.06643927e+03 2.89876279e+01
v 6.90916113e+03 7.06200001e+03 3.84401958e+01
v 6.91094373e+03 7.06200001e+03 3.74035714e+01
v 6.87713548e+03 7.06200001e+03 4.43380494e+01
v 6.88052669e+03 7.06200001e+03 4.40689093e+01
v 6.88993147e+03 7.06200001e+03 4.30891246e+01
v 6.88460973e+03 7.06200001e+03 4.40174513e+01
v 6.89036783e+03 7.06200001e+03 4.30631145e+01
v 6.89471632e+03 7.06200001e+03 4.26216480e+01
v 6.87549611e+03 7.06200001e+03 4.28775274e+01
v 6.88077683e+03 7.06200001e+03 4.40326146e+01
v 6.87573983e+03 7.06200001e+03 4.29294761e+01
v 6.87639257e+03 7.06200001e+03 4.36961260e+01
v 6.91164524e+03 7.06200001e+03 3.75121389e+01
v 6.91266447e+03 7.06200001e+03 3.76243095e+01
v 6.90482443e+03 7.06200001e+03 4.07631640e+01
v 6.90392065e+03 7.06200001e+03 4.09272044e+01
v 6.90300392e+03 7.06200001e+03 4.11096644e+01
v 6.90069816e+03 7.06200001e+03 4.16387149e+01
v 6.91401109e+03 7.06200001e+03 2.78035290e+01
v 6.91177379e+03 7.06200001e+03 2.82885323e+01
v 6.91214286e+03 7.06200001e+03 3.23176236e+01
v 6.91765237e+03 7.06200001e+03 2.69893066e+01
v 6.91725539e+03 7.06200001e+03 2.79123696e+01
v 6.93284284e+03 7.06200001e+03 2.72625782e+01
v 6.93287278e+03 7.06200001e+03 2.65268889e+01
v 6.92631554e+03 7.06200001e+03 2.65394744e+01
v 6.92456656e+03 7.06200001e+03 2.65831431e+01
v 6.93671843e+03 7.06200001e+03 3.01421833e+01
v 6.93327587e+03 7.06200001e+03 2.74850090e+01
v 6.93232672e+03 7.06200001e+03 2.84283191e+01
v 6.93292474e+03 7.06200001e+03 2.77417050e+01
v 6.93635609e+03 7.06200001e+03 3.03464560e+01
v 6.93496218e+03 7.06200001e+03 2.96041094e+01
v 6.93210048e+03 7.06200001e+03 2.86106791e+01
v 6.92989854e+03 7.06200001e+03 2.98311109e+01
v 6.93006274e+03 7.06200001e+03 3.01988463e+01
v 6.92956205e+03 7.06200001e+03 3.02619404e+01
v 6.93283134e+03 7.06200001e+03 2.98267613e+01
v 6.93310132e+03 7.06200001e+03 2.98233885e+01
v 6.93163495e+03 7.06200001e+03 3.03215477e+01
v 6.93388898e+03 7.06200001e+03 3.03048105e+01
v 6.91565381e+03 7.06200001e+03 2.69622799e+01
v 6.91602206e+03 7.06200001e+03 2.68600714e+01
v 6.92120340e+03 7.06200001e+03 2.69966737e+01
v 6.92201465e+03 7.06200001e+03 2.66474338e+01
v 6.92280649e+03 7.06200001e+03 2.66513949e+01
v 6.92375167e+03 7.06200001e+03 2.66597882e+01
v 6.92009825e+03 7.06200001e+03 2.69356641e+01
v 6.91680105e+03 7.06200001e+03 2.75443821e+01
v 6.91883124e+03 7.06200001e+03 2.66556188e+01
v 6.92844200e+03 7.06200001e+03 2.65259116e+01
v 6.93124649e+03 7.06200001e+03 2.65146661e+01
v 6.93351250e+03 7.06200001e+03 2.78338824e+01
v 6.91650589e+03 7.06200001e+03 2.69422574e+01
v 6.93284123e+03 7.06200001e+03 2.64392247e+01
v 6.87456631e+03 7.06200001e+03 4.25251803e+01
v 6.87471266e+03 7.06200001e+03 4.25806386e+01
v 6.87450001e+03 7.06200001e+03 3.90221306e+01
v 6.87470619e+03 7.06200001e+03 3.65912061e+01
v 6.87450001e+03 7.06200001e+03 3.76142079e+01
v 6.87452419e+03 7.06200001e+03 3.61515324e+01
v 6.87450001e+03 7.06200001e+03 3.60931226e+01
v 6.93796362e+03 7.06200001e+03 3.03167798e+01
v 6.93799999e+03 7.06200001e+03 3.03218796e+01
v 6.90981439e+03 7.12549999e+03 2.99475649e+01
v 6.90393586e+03 7.12549999e+03 3.04046395e+01
v 6.91184783e+03 7.12549999e+03 2.97637381e+01
v 6.91092773e+03 7.12549999e+03 2.98347998e+01
v 6.91318902e+03 7.12549999e+03 2.86575934e+01
v 6.91240292e+03 7.12549999e+03 2.92346209e+01
v 6.89587285e+03 7.12549999e+03 3.11943112e+01
v 6.89660831e+03 7.12549999e+03 3.12269290e+01
v 6.89369291e+03 7.12549999e+03 3.15631078e+01
v 6.88892501e+03 7.12549999e+03 3.21045193e+01
v 6.89866259e+03 7.12549999e+03 3.10974963e+01
v 6.90260129e+03 7.12549999e+03 3.04732145e+01
v 6.90339535e+03 7.12549999e+03 3.04226480e+01
v 6.90315820e+03 7.12549999e+03 3.04627749e+01
v 6.88711257e+03 7.12549999e+03 3.21860468e+01
v 6.88199203e+03 7.12549999e+03 3.25993882e+01
v 6.88306413e+03 7.12549999e+03 3.24497039e+01
v 6.87942879e+03 7.12549999e+03 3.33113130e+01
v 6.87881533e+03 7.12549999e+03 3.34264934e+01
v 6.87622336e+03 7.12549999e+03 3.31547709e+01
v 6.93140677e+03 7.12549999e+03 2.57692534e+01
v 6.93165227e+03 7.12549999e+03 2.55667016e+01
v 6.91429613e+03 7.12549999e+03 2.88550322e+01
v 6.91474618e+03 7.12549999e+03 2.90119097e+01
v 6.92987434e+03 7.12549999e+03 3.50207727e+01
v 6.92982760e+03 7.12549999e+03 3.25923740e+01
v 6.91485143e+03 7.12549999e+03 3.50321305e+01
v 6.91485854e+03 7.12549999e+03 3.49539045e+01
v 6.93117432e+03 7.12549999e+03 2.78636441e+01
v 6.92976980e+03 7.12549999e+03 2.78753993e+01
v 6.93758876e+03 7.12549999e+03 2.53648622e+01
v 6.93130028e+03 7.12549999e+03 2.70030050e+01
v 6.93116275e+03 7.12549999e+03 2.67848707e+01
v 6.93151395e+03 7.12549999e+03 2.61837421e+01
v 6.93177164e+03 7.12549999e+03 2.55674914e+01
v 6.93191378e+03 7.12549999e+03 2.55707480e+01
v 6.93358011e+03 7.12549999e+03 2.55235425e+01
v 6.93618407e+03 7.12549999e+03 2.55514326e+01
v 6.91506368e+03 7.12549999e+03 3.10944244e+01
v 6.91504505e+03 7.12549999e+03 3.16892186e+01
v 6.91648437e+03 7.12549999e+03 3.56212688e+01
v 6.91531993e+03 7.12549999e+03 3.52075693e+01
v 6.92242566e+03 7.12549999e+03 3.77416942e+01
v 6.92483821e+03 7.12549999e+03 3.69398025e+01
v 6.92897532e+03 7.12549999e+03 3.53583344e+01
v 6.92263243e+03 7.12549999e+03 3.77453129e+01
v 6.87509688e+03 7.12549999e+03 3.31814033e+01
v 6.87450001e+03 7.12549999e+03 3.31955147e+01
v 6.93791838e+03 7.12549999e+03 2.53698657e+01
v 6.93799999e+03 7.12549999e+03 2.53711045e+01
vt 0.073842116 0.86580569
vt 0.067090109 0.85522509
vt 0.085775822 0.85846901
vt 0.061190784 0.87076014
vt 0.069184951 0.83738345
vt 0.05070477 0.87582862
vt 0.092412688 0.84896189
vt 0.042201381 0.85725468
vt 0.043847546 0.86869717
vt 0.089127414 0.80122244
vt 0.036728341 0.90190917
vt 0.1198692 0.83408499
vt 0.031237362 0.90252101
vt 0.03848527 0.79265237
vt 0.054780729 0.91456151
vt 0.11402704 0.81231856
vt 0.103942 0.84331882
vt 0.020496903 0.89011347
vt 0.068121433 0.78528738
vt 0.004572819 0.84030086
vt 0.057884201 0.89215124
vt 0.030687161 0.92313862
vt 0.089604937 0.79158199
vt 0.0084489398 0.88557184
vt 0.042480361 0.78223753
vt 0.0045724083 0.83903188
vt 0.0045750448 0.84696686
vt 0.073586717 0.89734292
vt 0.051764637 0.92692214
vt 0.0045989971 0.9217509
vt 0.004594828 0.90906817
vt 0.090879403 0.78246963
vt 0.01898152 0.78535748
vt 0.055334631 0.77280593
vt 0.0045719044 0.83746207
vt 0.070079453 0.88652414
vt 0.068835817 0.91839701
vt 0.051204432 0.94101268
vt 0.0045998869 0.92402083
vt 0.0045913658 0.89746684
vt 0.0045846435 0.87791216
vt 0.070375435 0.77272826
vt 0.029566864 0.77924931
vt 0.015348967 0.79845196
vt 0.05520945 0.76160079
vt 0.098954648 0.87721044
vt 0.094069295 0.91371799
vt 0.055811148 0.93149793
vt 0.027369892 0.95332503
vt 0.012988677 0.97336203
vt 0.0045884931 0.88735741
vt 0.0045868186 0.88119167
vt 0.0045511988 0.78799641
vt 0.066923186 0.7570706
vt 0.0045645125 0.80920929
vt 0.067017376 0.93565851
vt 0.045986764 0.95676261
vt 0.0046061664 0.93805707
vt 0.0045882631 0.88559413
vt 0.04422003 0.75559092
vt 0.0045515979 0.78854656
vt 0.0045438884 0.76616561
vt 0.004558919 0.79511213
vt 0.113226 0.90089959
vt 0.079809546 0.93733156
vt 0.022472911 0.97692084
vt 0.057881903 0.95015073
vt 0.031811371 0.96101493
vt 0.0046183141 0.96684641
vt 0.023040621 0.76857686
vt 0.015931878 0.77551234
vt 0.11901363 0.88421047
vt 0.10329676 0.9163636
vt 0.0096683316 0.9913041
vt 0.073594093 0.97173989
vt 0.041673485 0.97543657
vt 0.004623373 0.97818768
vt 0.027456075 0.75906169
vt 0.0045432136 0.76526225
vt 0.11474762 0.87568188
vt 0.12756541 0.89550978
vt 0.12315337 0.91004115
vt 0.10414982 0.93008369
vt 0.080561832 0.9606216
vt 0.03871664 0.99624538
vt 0.051215 0.97337294
vt 0.010280696 0.75246108
vt 0.0045432569 0.76390153
vt 0.11812676 0.85547185
vt 0.12286381 0.87897658
vt 0.13777962 0.86512816
vt 0.10085348 0.93639767
vt 0.10216031 0.94386441
vt 0.0046236459 0.98952562
vt 0.03833881 0.99683732
vt 0.12267913 0.86237872
vt 0.12248456 0.87341231
vt 0.15388677 0.87730539
vt 0.12161051 0.9375127
vt 0.018090321 0.99684465
vt 0.043132056 0.99683613
vt 0.004541249 0.76044744
vt 0.1624845 0.95166451
vt 0.063161328 0.99683166
vt 0.0046252133 0.99495071
vt 0.0045358604 0.74918383
vt 0.17844796 0.93883115
vt 0.071537919 0.99682939
vt 0.0092894882 0.99684745
vt 0.10316798 0.99681991
vt 0.14413936 0.90559769
vt 0.177387 0.95461899
vt 0.0046262788 0.99684894
vt 0.1173282 0.99681556
vt 0.186738 0.90178174
vt 0.1716134 0.99680054
vt 0.20349899 0.95563799
vt 0.15458058 0.99680501
vt 0.16982441 0.88628519
vt 0.22275956 0.8970803
vt 0.17735903 0.99679863
vt 0.2095006 0.94638735
vt 0.18707061 0.86813951
vt 0.22455025 0.94379401
vt 0.21633594 0.95638311
vt 0.23548158 0.92215741
vt 0.22454108 0.88139367
vt 0.19340886 0.99679381
vt 0.2187355 0.95165324
vt 0.25894713 0.9021197
vt 0.23024106 0.99312204
vt 0.2103477 0.86040264
vt 0.25983524 0.92536825
vt 0.26060405 0.96715581
vt 0.18940072 0.85977608
vt 0.2323771 0.86756229
vt 0.23959658 0.88382548
vt 0.22418348 0.99678564
vt 0.28616244 0.92791831
vt 0.26149973 0.95879698
vt 0.28187087 0.98560762
vt 0.21108517 0.85239768
vt 0.25209194 0.88338131
vt 0.22853442 0.99678421
vt 0.28181329 0.90248448
vt 0.28327668 0.94489348
vt 0.28459746 0.95302373
vt 0.28053898 0.99676889
vt 0.2258984 0.85298121
vt 0.26146483 0.87668258
vt 0.23038739 0.99678373
vt 0.30390042 0.90140831
vt 0.30009827 0.92717212
vt 0.31308022 0.95944142
vt 0.23461026 0.99678242
vt 0.22530466 0.84496713
vt 0.23739207 0.85112554
vt 0.28684419 0.88483739
vt 0.29707876 0.92289877
vt 0.29967821 0.89720976
vt 0.30791911 0.92253602
vt 0.31481007 0.97163665
vt 0.20405093 0.837394
vt 0.27220526 0.85639948
vt 0.31861886 0.88462913
vt 0.34255081 0.93517143
vt 0.32869741 0.95766306
vt 0.22535706 0.82869583
vt 0.31013653 0.86600864
vt 0.31842971 0.90751356
vt 0.33625025 0.90773761
vt 0.32763028 0.96726453
vt 0.22210735 0.81163681
vt 0.24615441 0.82039225
vt 0.25971058 0.82679141
vt 0.3721807 0.91848356
vt 0.35424039 0.94650477
vt 0.23215006 0.8239485
vt 0.22314738 0.80257034
vt 0.24519859 0.84378231
vt 0.3094261 0.78820026
vt 0.34956276 0.87536192
vt 0.35709849 0.93751127
vt 0.38049859 0.8902548
vt 0.35794735 0.96653128
vt 0.412296 0.82326883
vt 0.3670769 0.93615317
vt 0.40204081 0.9080103
vt 0.3679944 0.93807143
vt 0.32923827 0.98805082
vt 0.2301805 0.79855621
vt 0.28491306 0.78985184
vt 0.35410276 0.74713385
vt 0.3749364 0.85660332
vt 0.37345651 0.86690491
vt 0.3809112 0.9258045
vt 0.43216494 0.87859976
vt 0.3881593 0.94249117
vt 0.45800635 0.71274948
vt 0.39346215 0.85486174
vt 0.38254964 0.87186301
vt 0.40950662 0.9153623
vt 0.41813299 0.89369911
vt 0.27195677 0.76768893
vt 0.30172706 0.7507869
vt 0.40681133 0.70913905
vt 0.4430117 0.80763179
vt 0.42057738 0.83558321
vt 0.38071343 0.86436498
vt 0.39274246 0.93703902
vt 0.4360418 0.8902086
vt 0.33722654 0.72034907
vt 0.38121006 0.71863741
vt 0.46221781 0.67316329
vt 0.439477 0.81930906
vt 0.48793679 0.7211014
vt 0.43052799 0.83772397
vt 0.44781187 0.88304025
vt 0.36511022 0.70119667
vt 0.4204106 0.69168496
vt 0.48065332 0.70347226
vt 0.45949343 0.8126089
vt 0.48259413 0.77453423
vt 0.4564673 0.85834777
vt 0.45176625 0.89643776
vt 0.40345785 0.67145002
vt 0.464185 0.6578083
vt 0.40621704 0.70015705
vt 0.48125076 0.69720459
vt 0.46144399 0.804304
vt 0.50066793 0.73604786
vt 0.45450538 0.88641608
vt 0.46417183 0.87236977
vt 0.48764107 0.7834481
vt 0.50067639 0.7629962
vt 0.50066054 0.71176791
vt 0.48267812 0.82565528
vt 0.46892306 0.87669301
vt 0.47806153 0.86263442
vt 0.43948844 0.64568567
vt 0.48712811 0.79635966
vt 0.50067532 0.77382255
vt 0.50067556 0.77581632
vt 0.48992309 0.84053129
vt 0.47340876 0.62096941
vt 0.50068289 0.78517139
vt 0.50068009 0.78019243
vt 0.50068748 0.79941827
vt 0.50068998 0.80718404
vt 0.48584652 0.85672069
vt 0.50063622 0.62443101
vt 0.50069201 0.81533581
vt 0.50064003 0.63738
vt 0.50062919 0.60010511
vt 0.50069737 0.83331364
vt 0.47392365 0.66103828
vt 0.50063956 0.64097232
vt 0.50064945 0.67517447
vt 0.51684749 0.8948772
vt 0.50638658 0.91214252
vt 0.50322723 0.89029455
vt 0.51734763 0.9259547
vt 0.50546646 0.96158886
vt 0.51219463 0.97996986
vt 0.5222472 0.97611761
vt 0.54617953 0.95166844
vt 0.55627805 0.98119485
vt 0.54963833 0.92924613
vt 0.61364365 0.97657967
vt 0.52128309 0.99425989
vt 0.58768469 0.93639511
vt 0.60056198 0.98173612
vt 0.6054529 0.99441397
vt 0.63100559 0.9335922
vt 0.64306796 0.98173249
vt 0.68242109 0.95570552
vt 0.68913722 0.97781855
vt 0.67380089 0.92879909
vt 0.68468869 0.98205477
vt 0.70180547 0.99523294
vt 0.74763763 0.97845829
vt 0.696293 0.92676812
vt 0.71722925 0.98260754
vt 0.74161726 0.95319319
vt 0.73594308 0.92726827
vt 0.78801244 0.97788316
vt 0.74740964 0.98317021
vt 0.71061969 0.90895975
vt 0.79299003 0.94670522
vt 0.78938568 0.98323286
vt 0.75786024 0.88977301
vt 0.69573808 0.90475702
vt 0.78344208 0.99596918
vt 0.81839526 0.92264313
vt 0.83174998 0.9791047
vt 0.83922762 0.94887084
vt 0.78368223 0.90524971
vt 0.72400117 0.870704
vt 0.69393611 0.88234842
vt 0.83027011 0.99605966
vt 0.80554634 0.87192285
vt 0.75931543 0.86849314
vt 0.83575904 0.89472914
vt 0.87396312 0.93010443
vt 0.87387776 0.95611453
vt 0.78401005 0.87155908
vt 0.69548869 0.86793488
vt 0.87352496 0.90709955
vt 0.87232137 0.98405629
vt 0.83053935 0.87538636
vt 0.86584103 0.89153266
vt 0.87693638 0.89680743
vt 0.86937875 0.87458575
vt 0.85206699 0.86946511
vt 0.87232524 0.88799518
vt 0.87582648 0.87933946
vt 0.75910771 0.71451139
vt 0.78902602 0.70521343
vt 0.84349829 0.71581668
vt 0.73920405 0.70501459
vt 0.78944486 0.6982426
vt 0.69414389 0.70386499
vt 0.84607464 0.69938976
vt 0.73486209 0.69737875
vt 0.69584334 0.71289074
vt 0.81788945 0.67153847
vt 0.69977736 0.69674921
vt 0.7165615 0.71909976
vt 0.6245237 0.71201175
vt 0.74484128 0.66911584
vt 0.84716421 0.64550304
vt 0.6528253 0.70399791
vt 0.68814015 0.7189672
vt 0.74165392 0.71904302
vt 0.66736227 0.72122896
vt 0.76858294 0.64818096
vt 0.63744801 0.69627452
vt 0.70066607 0.67083621
vt 0.72553831 0.73254883
vt 0.62075961 0.70350003
vt 0.74940616 0.61421263
vt 0.79424918 0.62734324
vt 0.66739595 0.67920011
vt 0.69955051 0.63115287
vt 0.69081819 0.73120439
vt 0.68356615 0.74097812
vt 0.74209189 0.73217231
vt 0.57400477 0.70225155
vt 0.70808762 0.60231519
vt 0.84045124 0.60703814
vt 0.56178355 0.69467211
vt 0.61978203 0.67260855
vt 0.66073298 0.64616156
vt 0.72462577 0.74124432
vt 0.66675735 0.74575293
vt 0.55970383 0.71099418
vt 0.78857511 0.60579532
vt 0.75483835 0.60497153
vt 0.84843481 0.62136453
vt 0.66342682 0.6118232
vt 0.67438239 0.59857213
vt 0.85498887 0.61292267
vt 0.57227087 0.66832668
vt 0.59975469 0.62447017
vt 0.53013176 0.69733286
vt 0.52600789 0.67076945
vt 0.62586784 0.59487224
vt 0.50400901 0.69587886
vt 0.53252685 0.71155322
vt 0.50540268 0.6949271
vt 0.52465212 0.64907444
vt 0.56106687 0.63896775
vt 0.58167034 0.59072387
vt 0.50510287 0.68420458
vt 0.50493819 0.63493538
vt 0.52694988 0.61714435
vt 0.53976911 0.58862174
vt 0.50501347 0.6682961
vt 0.50503725 0.64447165
vt 0.50474548 0.62007344
vt 0.50471407 0.60132349
vt 0.50549102 0.58896536
vt 0.11718074 0.44605184
vt 0.048089851 0.45144421
vt 0.10851698 0.40849757
vt 0.11487792 0.41741699
vt 0.048370127 0.49522924
vt 0.070934668 0.37927127
vt 0.12576853 0.42900044
vt 0.010277253 0.44382083
vt 0.1005976 0.3950848
vt 0.0034626662 0.43032801
vt 0.13819009 0.36650491
vt 0.11519605 0.39368057
vt 0.14947729 0.32222474
vt 0.15707602 0.36200589
vt 0.14487727 0.3527658
vt 0.14300387 0.36071241
vt 0.2419453 0.30296862
vt 0.21499427 0.2727859
vt 0.1733952 0.36811256
vt 0.25373584 0.24567181
vt 0.18102185 0.37921882
vt 0.29933861 0.31085461
vt 0.22589415 0.36637628
vt 0.27403975 0.26822418
vt 0.2779966 0.32768846
vt 0.29870358 0.25107569
vt 0.30390731 0.28313756
vt 0.31709978 0.27590859
vt 0.15035005 0.65592283
vt 0.19812977 0.6765126
vt 0.1479754 0.68801439
vt 0.1223012 0.67268276
vt 0.17901897 0.6621654
vt 0.16663143 0.70369852
vt 0.12105772 0.65121686
vt 0.12360428 0.69838327
vt 0.17488211 0.63966352
vt 0.20976414 0.67149979
vt 0.15380427 0.70851964
vt 0.18680787 0.71349353
vt 0.096310914 0.6782015
vt 0.13035855 0.64537764
vt 0.1438968 0.71300882
vt 0.10165037 0.69144654
vt 0.16733442 0.621692
vt 0.20590916 0.63746113
vt 0.22403143 0.6834774
vt 0.19160943 0.72127604
vt 0.16135032 0.72778082
vt 0.10026811 0.64889026
vt 0.10506768 0.63442814
vt 0.13688141 0.62390053
vt 0.1212698 0.71338856
vt 0.089408606 0.7111122
vt 0.18429384 0.62836504
vt 0.21027888 0.70456886
vt 0.1571977 0.71364123
vt 0.19082472 0.73514861
vt 0.17065629 0.73776221
vt 0.05207945 0.6547851
vt 0.089194424 0.68607998
vt 0.13836434 0.72567582
vt 0.08532504 0.7025786
vt 0.20060001 0.72186559
vt 0.19809625 0.73461056
vt 0.15771757 0.73703122
vt 0.062848657 0.68104899
vt 0.068576381 0.63231337
vt 0.072811812 0.68516147
vt 0.1219156 0.6195724
vt 0.14485487 0.72817957
vt 0.14898002 0.74206996
vt 0.16433647 0.74378085
vt 0.046144325 0.68194419
vt 0.053799007 0.6443103
vt 0.063186437 0.61299461
vt 0.09836103 0.61244607
vt 0.15663344 0.74584126
vt 0.051220603 0.6945318
vt 0.058538165 0.62732208
vt 0.12671831 0.60950893
vt 0.042289656 0.63000691
vt 0.068813443 0.59195173
vt 0.048549753 0.61644471
vt 0.097726002 0.59972906
vt 0.037117597 0.60675007
vt 0.017030457 0.58985174
vt 0.0037979619 0.59584785
vt 0.043300703 0.58378196
vt 0.62022394 0.7994318
vt 0.63185132 0.8060118
vt 0.61371088 0.82268679
vt 0.59585482 0.8140564
vt 0.62432086 0.82077324
vt 0.57925367 0.82782668
vt 0.59065557 0.80849993
vt 0.61578482 0.83362889
vt 0.64936352 0.80975103
vt 0.59865814 0.83759338
vt 0.63897794 0.82777423
vt 0.59914196 0.83882082
vt 0.57153136 0.81413424
vt 0.62830174 0.83849496
vt 0.66499448 0.82792217
vt 0.59186649 0.83896047
vt 0.56191808 0.83152884
vt 0.68138885 0.81667125
vt 0.59379023 0.84362501
vt 0.58727926 0.84265482
vt 0.5545246 0.81571364
vt 0.65155727 0.83620924
vt 0.69125021 0.82650787
vt 0.66449893 0.80303043
vt 0.56526631 0.85331917
vt 0.54021221 0.82288367
vt 0.7027902 0.82095134
vt 0.69893444 0.79407036
vt 0.59105897 0.84815913
vt 0.5503543 0.85444385
vt 0.70284325 0.80904698
vt 0.58433431 0.85948777
vt 0.55707401 0.86176074
vt 0.51697654 0.82270503
vt 0.5708735 0.8667987
vt 0.55037653 0.85878944
vt 0.5643903 0.86567098
vt 0.51452255 0.84409851
vt 0.58236772 0.86987031
vt 0.54229355 0.85740948
vt 0.53053939 0.8524881
vt 0.50537747 0.84550458
vt 0.59680039 0.86237395
vt 0.50738174 0.84677958
vt 0.58428836 0.87019598
vt 0.59574795 0.85510045
vt 0.50415415 0.84633356
vt 0.61078018 0.85285658
vt 0.274786 0.5561856
vt 0.2638101 0.55429208
vt 0.27906027 0.53769237
vt 0.28002837 0.55301595
vt 0.25478283 0.5672344
vt 0.25396666 0.54030299
vt 0.30123109 0.56938994
vt 0.28037739 0.57224238
vt 0.26750886 0.57467759
vt 0.26679197 0.53284919
vt 0.30322424 0.53267866
vt 0.27335459 0.51216316
vt 0.30677798 0.55874664
vt 0.30562669 0.514696
vt 0.27801082 0.5850246
vt 0.31071103 0.53516603
vt 0.3253907 0.55414307
vt 0.31254661 0.52514613
vt 0.292256 0.59473538
vt 0.30927017 0.49871421
vt 0.32459712 0.52962095
vt 0.34179312 0.59035993
vt 0.32210839 0.4987126
vt 0.31197083 0.60607314
vt 0.29178858 0.49871844
vt 0.32477674 0.59648442
vt 0.36057273 0.57494867
vt 0.3386758 0.5268085
vt 0.32498589 0.49871194
vt 0.30062753 0.611283
vt 0.33931404 0.51009679
vt 0.33622909 0.60446012
vt 0.36537498 0.58393741
vt 0.35865679 0.52730924
vt 0.33982879 0.53782988
vt 0.33085033 0.5065484
vt 0.38158894 0.55823791
vt 0.36546472 0.49869841
vt 0.32876545 0.49871045
vt 0.31248894 0.62080681
vt 0.3851051 0.56888759
vt 0.3779785 0.54816973
vt 0.37180442 0.4986974
vt 0.35683098 0.49870139
vt 0.40194911 0.55537325
vt 0.36714831 0.5315116
vt 0.38233352 0.53907996
vt 0.37799072 0.49869537
vt 0.34693387 0.49870545
vt 0.40491053 0.53711849
vt 0.33772209 0.49870741
vt 0.42165753 0.53986239
vt 0.40041253 0.51828486
vt 0.38537493 0.49869299
vt 0.41942397 0.53207266
vt 0.39174172 0.49869114
vt 0.42813766 0.52096611
vt 0.40540591 0.49868685
vt 0.44322142 0.50384486
vt 0.44014576 0.52812529
vt 0.42201909 0.49868149
vt 0.4382495 0.51932412
vt 0.44392931 0.49867439
vt 0.45363614 0.5172087
vt 0.81573576 0.80901217
vt 0.82615358 0.81210595
vt 0.82551515 0.82167101
vt 0.77657366 0.81432235
vt 0.85634613 0.81626195
vt 0.78655607 0.82347631
vt 0.79995769 0.79854167
vt 0.82580405 0.83521855
vt 0.75477147 0.82227677
vt 0.78409266 0.79765379
vt 0.87558132 0.82116485
vt 0.76016515 0.84209704
vt 0.87774879 0.82856023
vt 0.81213433 0.85537201
vt 0.89602238 0.8315677
vt 0.83870214 0.85036761
vt 0.8581475 0.83403736
vt 0.81185842 0.86513877
vt 0.86089343 0.84241939
vt 0.88135701 0.82769251
vt 0.84521359 0.86212564
vt 0.88202649 0.8541131
vt 0.87996453 0.82762611
vt 0.86637175 0.85941082
vt 0.90563256 0.83722198
vt 0.89730638 0.85509592
vt 0.90086782 0.82809889
vt 0.88348639 0.86815929
vt 0.92509735 0.85740358
vt 0.9192614 0.8284477
vt 0.90526223 0.86394918
vt 0.89168042 0.87032717
vt 0.90850407 0.81674021
vt 0.94502228 0.82633793
vt 0.93175882 0.81621611
vt 0.52570045 0.34047037
vt 0.49691778 0.3996889
vt 0.48734128 0.3439368
vt 0.5579837 0.33693594
vt 0.48965421 0.41421556
vt 0.56105393 0.41962117
vt 0.49895778 0.46333456
vt 0.4596186 0.36340272
vt 0.54217649 0.46736693
vt 0.49559617 0.47281486
vt 0.45761642 0.39875096
vt 0.44374597 0.34405631
vt 0.46121302 0.46890551
vt 0.51644093 0.47019917
vt 0.46365446 0.4381302
vt 0.48504502 0.47732401
vt 0.42821878 0.45368099
vt 0.38149393 0.41324687
vt 0.48930407 0.48589194
vt 0.44430912 0.47731596
vt 0.37823218 0.34436637
vt 0.46803823 0.48681211
vt 0.37802276 0.44150335
vt 0.40077516 0.34396464
vt 0.47504443 0.49612582
vt 0.42942807 0.48402417
vt 0.38911375 0.44699872
vt 0.48723486 0.49590647
vt 0.40687937 0.48379695
vt 0.39051577 0.46898872
vt 0.40741816 0.46459502
vt 0.39028522 0.48639596
vt 0.24198397 0.38224375
vt 0.2639595 0.3783108
vt 0.22414583 0.39402783
vt 0.26385137 0.36862403
vt 0.24376032 0.41450697
vt 0.22356464 0.40959173
vt 0.28244063 0.40001684
vt 0.23166947 0.41876054
vt 0.29286551 0.41236305
vt 0.24712202 0.43544739
vt 0.29238194 0.42904234
vt 0.21974964 0.44655377
vt 0.28742695 0.44005984
vt 0.23810926 0.45596552
vt 0.21473561 0.4253974
vt 0.28647771 0.45910841
vt 0.20763944 0.4615472
vt 0.19129987 0.43400598
vt 0.24709909 0.48273551
vt 0.19900091 0.47640449
vt 0.17520143 0.44601387
vt 0.20611274 0.41741896
vt 0.27760762 0.48651344
vt 0.18106319 0.41841358
vt 0.17037797 0.43128347
vt 0.23989932 0.48896188
vt 0.1414085 0.46807516
vt 0.15052584 0.43993276
vt 0.23420191 0.48954779
vt 0.2376011 0.48987663
vt 0.1282934 0.46947443
vt 0.20032643 0.48533762
vt 0.27906036 0.49701536
vt 0.13670386 0.44951159
vt 0.15372501 0.47762322
vt 0.13576126 0.47388095
vt 0.12861928 0.47253579
vt 0.5485391 0.47105432
vt 0.55491513 0.48770952
vt 0.53073543 0.48208064
vt 0.52814519 0.46798027
vt 0.53711379 0.49372977
vt 0.51051778 0.47827595
vt 0.53105986 0.5084722
vt 0.51585472 0.49433255
vt 0.49771979 0.48505539
vt 0.55207598 0.49921238
vt 0.55747777 0.49455482
vt 0.54703909 0.503061
vt 0.51005065 0.50412214
vt 0.48936358 0.49543929
vt 0.54755712 0.51246369
vt 0.541201 0.50632083
vt 0.53267741 0.51562059
vt 0.56175685 0.51285172
vt 0.50856555 0.52225804
vt 0.566962 0.50428379
vt 0.55373758 0.51906466
vt 0.54017735 0.50863063
vt 0.52640355 0.53042638
vt 0.5007841 0.51360464
vt 0.57523519 0.50722075
vt 0.54933393 0.5217247
vt 0.52297008 0.53738987
vt 0.49692813 0.49855286
vt 0.49185348 0.51785612
vt 0.53926492 0.5108012
vt 0.54049969 0.53667092
vt 0.50389963 0.53193009
vt 0.51697171 0.54904246
vt 0.47708294 0.51072669
vt 0.48246038 0.52546275
vt 0.49404246 0.54255569
vt 0.48125285 0.50463736
vt 0.5083583 0.55856991
vt 0.50998437 0.4864769
vt 0.47912994 0.53276765
vt 0.48263413 0.54421735
vt 0.47049913 0.54649854
vt 0.46267587 0.53264058
vt 0.47274736 0.52609468
vt 0.19748434 0.7989769
vt 0.16875286 0.8171373
vt 0.16974276 0.80168045
vt 0.19463767 0.78532743
vt 0.17530052 0.78794348
vt 0.21390899 0.77932835
vt 0.16178346 0.7878567
vt 0.1839762 0.77877128
vt 0.21759804 0.77957767
vt 0.16208079 0.77968669
vt 0.17076534 0.77990186
vt 0.19273052 0.77921057
vt 0.21953495 0.78011519
vt 0.16704169 0.78010106
vt 0.14893261 0.77978688
vt 0.21903715 0.78649753
vt 0.14507744 0.77935231
vt 0.1419445 0.78078884
vt 0.1463408 0.78851151
vt 0.15553699 0.79535496
vt 0.13851111 0.79140139
vt 0.13926126 0.78027791
vt 0.13565724 0.77986777
vt 0.1283983 0.78616667
vt 0.12929976 0.79378414
vt 0.13167556 0.78058565
vt 0.97997344 0.99671179
vt 0.98318362 0.98714715
vt 0.98254859 0.99671096
vt 0.97846925 0.98415774
vt 0.98318619 0.99671072
vt 0.94560122 0.9711076
vt 0.983181 0.97889656
vt 0.96899825 0.99671477
vt 0.94865483 0.99672145
vt 0.9831748 0.96280211
vt 0.93563634 0.99672556
vt 0.98316896 0.94292998
vt 0.93907416 0.90395153
vt 0.90635341 0.96028626
vt 0.98314315 0.8628698
vt 0.9253009 0.96826911
vt 0.91665423 0.91241521
vt 0.92961127 0.98009813
vt 0.87816989 0.94017595
vt 0.89577407 0.96513838
vt 0.63447708 0.51162541
vt 0.64113307 0.52978182
vt 0.63445169 0.51766747
vt 0.65840179 0.5140847
vt 0.63438147 0.52970517
vt 0.68811166 0.49710077
vt 0.65435916 0.52986145
vt 0.63449919 0.53295904
vt 0.63462764 0.51034105
vt 0.71198106 0.49817187
vt 0.6563915 0.53733587
vt 0.66897023 0.52438986
vt 0.6351347 0.5358302
vt 0.69079995 0.5209533
vt 0.64730418 0.54180908
vt 0.70997715 0.51933676
vt 0.63451797 0.53992438
vt 0.7289387 0.5099355
vt 0.70427346 0.53788269
vt 0.63865352 0.54630625
vt 0.71893144 0.52444124
vt 0.75650769 0.49076474
vt 0.72268403 0.53772712
vt 0.63436872 0.54221058
vt 0.64800888 0.55815822
vt 0.72739506 0.51910228
vt 0.75613749 0.50179958
vt 0.71560252 0.54248744
vt 0.6329869 0.54618132
vt 0.63131112 0.55186957
vt 0.73658979 0.52132058
vt 0.75856018 0.5114522
vt 0.72753549 0.54823536
vt 0.62947232 0.55660343
vt 0.73740375 0.54480261
vt 0.74180651 0.52645701
vt 0.95989496 0.77885854
vt 0.95134807 0.79444242
vt 0.9498381 0.78439546
vt 0.94576305 0.77831173
vt 0.97178555 0.78341764
vt 0.95691741 0.7701025
vt 0.96954149 0.79575956
vt 0.94341195 0.76695955
vt 0.9677512 0.76946884
vt 0.96451151 0.80144465
vt 0.95505434 0.76304722
vt 0.96309263 0.74760556
vt 0.95454341 0.80072898
vt 0.97811496 0.77789468
vt 0.95854658 0.80471683
vt 0.94956172 0.74637246
vt 0.96507394 0.77438283
vt 0.95428181 0.81723666
vt 0.95105541 0.73213887
vt 0.94674158 0.80928785
vt 0.95617795 0.72747535
vt 0.94543815 0.8229335
vt 0.94216758 0.72539496
vt 0.95628339 0.82572418
vt 0.95120162 0.84049052
vt 0.94416726 0.83319986
vt 0.88741058 0.60792935
vt 0.88302773 0.59032184
vt 0.90460533 0.59028423
vt 0.92317849 0.60882854
vt 0.87805635 0.59725916
vt 0.89251131 0.5808208
vt 0.88671345 0.62956882
vt 0.9182201 0.59712654
vt 0.89847797 0.57427967
vt 0.95038193 0.64378428
vt 0.93621355 0.59419405
vt 0.95033866 0.6466648
vt 0.95027524 0.63820094
vt 0.93849647 0.57693732
vt 0.88705218 0.65420234
vt 0.95014977 0.6013788
vt 0.95024264 0.58908683
vt 0.9503395 0.64773619
vt 0.94976056 0.57806599
vt 0.95043236 0.64877927
vt 0.92147136 0.66264331
vt 0.95036715 0.66152197
vt 0.91021353 0.68093586
vt 0.94577265 0.6841377
vt 0.88595861 0.68116695
vt 0.95018989 0.67991149
vt 0.95056802 0.68455786
vt 0.90756363 0.78269762
vt 0.8994782 0.79096055
vt 0.88817614 0.77351677
vt 0.90620768 0.7677784
vt 0.88836884 0.78549683
vt 0.89353013 0.76462507
vt 0.88919771 0.80031997
vt 0.88680321 0.75595737
vt 0.89853549 0.75311542
vt 0.89951438 0.80782217
vt 0.90924203 0.74514639
vt 0.89280671 0.7384938
vt 0.87982845 0.73745394
vt 0.90407634 0.73540694
vt 0.88046259 0.72030967
vt 0.90336859 0.71944857
vt 0.88407427 0.70143539
vt 0.89496863 0.7024222
vt 0.31874865 0.68469059
vt 0.27964678 0.68156594
vt 0.2900438 0.65785956
vt 0.32536525 0.67145371
vt 0.25743282 0.70010304
vt 0.25898281 0.66114724
vt 0.32523867 0.64903086
vt 0.32547376 0.68289888
vt 0.29642645 0.71936142
vt 0.25454298 0.66817802
vt 0.25849015 0.65358925
vt 0.32882273 0.64081824
vt 0.32317817 0.68974805
vt 0.27049384 0.74654555
vt 0.31261417 0.72140217
vt 0.28783622 0.64739084
vt 0.32369271 0.63810349
vt 0.30698192 0.73809743
vt 0.3064543 0.73928064
vt 0.91504377 0.90785956
vt 0.90885466 0.89765418
vt 0.94869268 0.88810343
vt 0.92803657 0.78704786
vt 0.91420341 0.78448862
vt 0.92954779 0.77635187
vt 0.93831372 0.77961165
vt 0.92707497 0.80093217
vt 0.92674011 0.76988602
vt 0.93902731 0.77404207
vt 0.91230088 0.79292887
vt 0.93344331 0.75719625
vt 0.9142887 0.76940072
vt 0.91807765 0.80916297
vt 0.92361534 0.75650865
vt 0.94214487 0.76497096
vt 0.92090309 0.74645495
vt 0.93456978 0.74641645
vt 0.9107908 0.7470963
vt 0.92199159 0.72884482
vt 0.91443121 0.7366842
vt 0.94053954 0.74176532
vt 0.90955484 0.72122759
vt 0.93930733 0.7255426
vt 0.92628276 0.70718062
vt 0.91593653 0.70303488
vt 0.21427858 0.53980207
vt 0.20107904 0.5470565
vt 0.20128866 0.51811171
vt 0.21677072 0.51790696
vt 0.20046471 0.5844655
vt 0.19162497 0.52617174
vt 0.19290912 0.55627555
vt 0.21420519 0.5891782
vt 0.17168652 0.52079475
vt 0.19111258 0.60406399
vt 0.20208843 0.62072259
vt 0.13018584 0.54814517
vt 0.12970227 0.60527945
vt 0.15395759 0.52257276
vt 0.13484378 0.62092984
vt 0.13110636 0.52229553
vt 0.19775914 0.62203407
vt 0.84387994 0.55869442
vt 0.85822344 0.56780982
vt 0.82167065 0.56057155
vt 0.82570505 0.53669232
vt 0.8572765 0.58971977
vt 0.84422833 0.54175568
vt 0.81642199 0.54379535
vt 0.7843703 0.58801436
vt 0.81102723 0.5435251
vt 0.78833687 0.56123137
vt 0.77717513 0.54413623
vt 0.79729587 0.54248983
vt 0.78530812 0.53788996
vt 0.75462347 0.56198913
vt 0.75309324 0.58679533
vt 0.76038718 0.54151207
vt 0.44115525 0.91548342
vt 0.44165573 0.93170965
vt 0.43024853 0.92252481
vt 0.43220276 0.90034139
vt 0.42716008 0.93135935
vt 0.41041294 0.92303389
vt 0.44413987 0.89904761
vt 0.42358011 0.94285291
vt 0.43611041 0.94902515
vt 0.4459838 0.95223486
vt 0.42284214 0.95080024
vt 0.44835499 0.96976501
vt 0.4319762 0.96244818
vt 0.4175975 0.9649809
vt 0.44429082 0.98071754
vt 0.42071348 0.9715333
vt 0.43210381 0.98354924
vt 0.44046026 0.9946236
vt 0.42317027 0.98999375
vt 0.43123582 0.99519801
vt 0.24233116 0.74590975
vt 0.2362332 0.73650753
vt 0.24750291 0.73321307
vt 0.25651398 0.75518608
vt 0.23268501 0.750615
vt 0.24480148 0.71434116
vt 0.24082172 0.75159585
vt 0.2589778 0.7201668
vt 0.2328836 0.7311635
vt 0.25519314 0.71142542
vt 0.25293443 0.77182937
vt 0.26825029 0.74703026
vt 0.22285797 0.75271076
vt 0.22608896 0.72305644
vt 0.25370917 0.69938648
vt 0.26008686 0.76172423
vt 0.2371152 0.77067542
vt 0.22739223 0.75780857
vt 0.2267845 0.71195734
vt 0.25355372 0.68518972
vt 0.25851339 0.77773559
vt 0.23544151 0.69768584
vt 0.24333972 0.69308472
vt 0.23988016 0.67917061
vt 0.22956333 0.68354332
vt 0.96752572 0.49040103
vt 0.97459567 0.48608559
vt 0.9742229 0.53900814
vt 0.92903364 0.48956621
vt 0.92984712 0.55935878
vt 0.88205814 0.51031721
vt 0.88075107 0.53811061
vt 0.89335936 0.48664576
vt 0.87984014 0.49024922
vt 0.59482914 0.80924284
vt 0.56324488 0.77931952
vt 0.58978873 0.77936149
vt 0.53686827 0.79303455
vt 0.50619227 0.80849695
vt 0.53322291 0.77646816
vt 0.50302655 0.77716029
vt 0.60052717 0.49016488
vt 0.62910628 0.47920877
vt 0.62519646 0.48934674
vt 0.60121495 0.49108791
vt 0.60303229 0.48152089
vt 0.63044584 0.48379511
vt 0.59944588 0.49109501
vt 0.56735265 0.48635685
vt 0.63299263 0.47570163
vt 0.57234263 0.49519503
vt 0.57319635 0.44845319
vt 0.62800652 0.44038326
vt 0.60724461 0.43271893
vt 0.64367419 0.43872195
vt 0.58592325 0.43116832
vt 0.63869661 0.41332197
vt 0.64232773 0.4295311
vt 0.64335257 0.47315055
vt 0.56575423 0.43429744
vt 0.64379179 0.43685091
vt 0.64380032 0.44723672
vt 0.64361203 0.42608774
vt 0.64193219 0.41787863
vt 0.64378262 0.42563027
vt 0.64034623 0.41328591
vt 0.59812999 0.91924912
vt 0.61388695 0.90900993
vt 0.61978132 0.91826409
vt 0.62207389 0.92285061
vt 0.60112786 0.90407503
vt 0.64138979 0.91685885
vt 0.59595853 0.92391771
vt 0.60794473 0.89848572
vt 0.61318207 0.90005487
vt 0.6477381 0.92099106
vt 0.59756833 0.92548025
vt 0.63717252 0.9135735
vt 0.63663238 0.92798233
vt 0.60892814 0.92515731
vt 0.59578192 0.92670435
vt 0.64201343 0.91601563
vt 0.60253656 0.93083471
vt 0.59963828 0.92674559
vt 0.58895153 0.92555803
vt 0.59677076 0.93084937
vt 0.57334638 0.932109
vt 0.5757615 0.92669606
vt 0.56559223 0.93405902
vt 0.10044548 0.75778484
vt 0.097469687 0.74831796
vt 0.10655934 0.75999218
vt 0.10944275 0.74475676
vt 0.11948462 0.75948459
vt 0.12803353 0.75598532
vt 0.11834846 0.74560547
vt 0.12670252 0.76279509
vt 0.13346003 0.76360977
vt 0.14282618 0.76055473
vt 0.13960072 0.74692881
vt 0.15098839 0.74893016
vt 0.14970277 0.76483619
vt 0.15991786 0.76340514
vt 0.16084436 0.74976635
vt 0.17464 0.76502049
vt 0.17577295 0.7510435
vt 0.16221067 0.77652454
vt 0.31846067 0.99527454
vt 0.30721962 0.97975039
vt 0.31616786 0.98215514
vt 0.037278231 0.73353589
vt 0.061715648 0.73846328
vt 0.046527661 0.73897618
vt 0.037596632 0.73112458
vt 0.056589294 0.74327481
vt 0.033388209 0.73055416
vt 0.053748209 0.71910572
vt 0.063485019 0.74649692
vt 0.033568986 0.72668374
vt 0.038108807 0.71164322
vt 0.073646665 0.72366977
vt 0.068634108 0.73907369
vt 0.030446345 0.71525407
vt 0.067192197 0.70911908
vt 0.07004559 0.7382623
vt 0.063788071 0.74634492
vt 0.021799019 0.71125793
vt 0.056827962 0.69695377
vt 0.075467594 0.7273258
vt 0.073993154 0.71307284
vt 0.063646525 0.74655724
vt 0.016433839 0.70166564
vt 0.082020678 0.70785069
vt 0.016111296 0.70730007
vt 0.081101373 0.71084702
vt 0.012473359 0.70565677
vt 0.0047452427 0.70241392
vt 0.87159246 0.74983537
vt 0.86825401 0.75878656
vt 0.86422396 0.74238855
vt 0.87540567 0.73658687
vt 0.88001919 0.76421386
vt 0.85854489 0.76015919
vt 0.85844725 0.73270059
vt 0.88154012 0.77495301
vt 0.84850895 0.77531552
vt 0.86470324 0.7741909
vt 0.87850964 0.78120536
vt 0.8589977 0.78641629
vt 0.86429113 0.78845805
vt 0.87103242 0.80792868
vt 0.86198908 0.80323404
vt 0.88521576 0.80457813
vt 0.85358816 0.79162723
vt 0.85427058 0.80855221
vt 0.69078696 0.77743357
vt 0.69927758 0.76909053
vt 0.71833283 0.78302419
vt 0.70368093 0.79250813
vt 0.72335082 0.77553087
vt 0.7193948 0.79012358
vt 0.72977442 0.78772652
vt 0.75237006 0.78396887
vt 0.7334941 0.80171049
vt 0.7522521 0.79500353
vt 0.76603633 0.79279482
vt 0.7512449 0.80853254
vt 0.7343325 0.37642944
vt 0.73891908 0.36210668
vt 0.75338364 0.36113089
vt 0.75244558 0.3815546
vt 0.7200157 0.36061186
vt 0.74848688 0.40601873
vt 0.72641301 0.43358028
vt 0.69736362 0.36079919
vt 0.75893968 0.41169095
vt 0.6952607 0.39233786
vt 0.75925869 0.43317574
vt 0.69228792 0.43388981
vt 0.27112558 0.58671105
vt 0.27042961 0.60218447
vt 0.25247604 0.57730442
vt 0.25490284 0.56824374
vt 0.28229001 0.61748749
vt 0.22240488 0.59288061
vt 0.29261988 0.61657619
vt 0.2427758 0.62129182
vt 0.4077661 0.59160531
vt 0.39461803 0.60006207
vt 0.4108628 0.58040488
vt 0.42291197 0.58749312
vt 0.39125058 0.61535192
vt 0.44096297 0.59247816
vt 0.43757755 0.61604583
vt 0.38640603 0.61770809
vt 0.40356877 0.61693704
vt 0.44707611 0.6105901
vt 0.43149793 0.57498842
vt 0.37936714 0.62086844
vt 0.41175294 0.56499255
vt 0.43353537 0.6196456
vt 0.4397786 0.61836344
vt 0.59585625 0.91468167
vt 0.57648653 0.91697818
vt 0.54484141 0.90363955
vt 0.5749352 0.9010219
vt 0.55129492 0.9174943
vt 0.55474186 0.89995611
vt 0.58993614 0.89907724
vt 0.54219109 0.91194475
vt 0.54376704 0.89601684
vt 0.60279155 0.90252483
vt 0.5425626 0.91498733
vt 0.54100621 0.90220606
vt 0.54183739 0.91193902
vt 0.53491396 0.89694393
vt 0.54167175 0.90554899
vt 0.54194987 0.91193837
vt 0.54204977 0.91073728
vt 0.5428589 0.91222739
vt 0.54240298 0.91212076
vt 0.62660426 0.76542646
vt 0.61763078 0.7782135
vt 0.61196095 0.76992333
vt 0.62780368 0.74997926
vt 0.62321979 0.77276284
vt 0.60601413 0.77787852
vt 0.60591143 0.75824475
vt 0.63723958 0.76149899
vt 0.63216978 0.77103645
vt 0.59854293 0.77536905
vt 0.59971416 0.75441575
vt 0.65690452 0.75773132
vt 0.65203536 0.76318854
vt 0.64193249 0.76623625
vt 0.66617632 0.76226604
vt 0.64195341 0.7739225
vt 0.66390979 0.77080995
vt 0.65208495 0.77551866
vt 0.36380461 0.98121935
vt 0.36579105 0.982512
vt 0.36450523 0.98155397
vt 0.41381204 0.99527663
vt 0.36251822 0.98120439
vt 0.38334963 0.99021512
vt 0.36788327 0.97301126
vt 0.34791622 0.98329163
vt 0.40647504 0.9345423
vt 0.40473559 0.99514443
vt 0.39834905 0.96384525
vt 0.41189188 0.98733103
vt 0.39501095 0.99268168
vt 0.41756022 0.99211121
vt 0.41264683 0.95209807
vt 0.41874674 0.96457928
vt 0.47201443 0.94687027
vt 0.5029459 0.97700906
vt 0.47203559 0.99605662
vt 0.47310933 0.93261766
vt 0.47201028 0.93723601
vt 0.47200859 0.93333203
vt 0.1980852 0.82611549
vt 0.18800466 0.83141154
vt 0.18657997 0.81424665
vt 0.17476006 0.82897919
vt 0.17554317 0.84288788
vt 0.17287387 0.81435508
vt 0.16058794 0.83885461
vt 0.1918444 0.84692234
vt 0.16440704 0.85496157
vt 0.18655898 0.84895468
vt 0.17303927 0.85312819
vt 0.16978274 0.86978143
vt 0.17873628 0.87183619
vt 0.15939723 0.87137043
vt 0.18466821 0.86041933
vt 0.18060511 0.85015464
vt 0.18787943 0.85492653
vt 0.79722518 0.76716924
vt 0.78458077 0.7835176
vt 0.78551692 0.76839477
vt 0.79119444 0.75300711
vt 0.82158661 0.79800129
vt 0.84049594 0.78037244
vt 0.8341527 0.79101127
vt 0.83953053 0.76859504
vt 0.84214562 0.79692286
vt 0.8364839 0.80798346
vt 0.906331 0.98193777
vt 0.91860861 0.98482108
vt 0.89140207 0.98920012
vt 0.87834805 0.98210716
vt 0.91209072 0.97024399
vt 0.9188692 0.99481517
vt 0.88873625 0.96456909
vt 0.91716629 0.97520536
vt 0.90257037 0.96703351
vt 0.92648488 0.99534261
vt 0.92075062 0.97908497
vt 0.90494519 0.96638054
vt 0.90204078 0.965047
vt 0.92668974 0.98302305
vt 0.93387622 0.98787099
vt 0.62929124 0.87802154
vt 0.68355125 0.87941921
vt 0.66106904 0.88371897
vt 0.659006 0.88530517
vt 0.65393966 0.90328741
vt 0.48197967 0.91125488
vt 0.48137033 0.90108675
vt 0.49676311 0.89435077
vt 0.49587852 0.90482104
vt 0.44998816 0.92701876
vt 0.48427954 0.93280888
vt 0.44069955 0.91959262
vt 0.4655011 0.93228787
vt 0.52800107 0.90103787
vt 0.52489561 0.88712209
vt 0.54447967 0.88000488
vt 0.50319952 0.88834262
vt 0.52296698 0.88621908
vt 0.51866025 0.88233888
vt 0.50579047 0.72827184
vt 0.50361913 0.70240247
vt 0.52407038 0.71510392
vt 0.52441806 0.74574453
vt 0.50696009 0.74463379
vt 0.53441936 0.7354399
vt 0.54033494 0.72018158
vt 0.54678613 0.74650717
vt 0.55583143 0.72850436
vt 0.55124396 0.71891391
vt 0.86211962 0.69215167
vt 0.86976659 0.68412328
vt 0.87967724 0.70061612
vt 0.87658262 0.71550214
vt 0.85869175 0.68267989
vt 0.88014311 0.68604922
vt 0.87123865 0.70863527
vt 0.87573397 0.67737359
vt 0.84765095 0.67608768
vt 0.88699645 0.69692314
vt 0.86268175 0.69683152
vt 0.85848367 0.67180693
vt 0.85610563 0.68906915
vt 0.87000996 0.6714322
vt 0.84820735 0.66381788
vt 0.86613262 0.66558695
vt 0.86489326 0.66516125
vt 0.8637886 0.66154385
vt 0.38973367 0.95305693
vt 0.39614323 0.94641125
vt 0.3986364 0.95342869
vt 0.94017619 0.86913574
vt 0.92888921 0.88459492
vt 0.90850884 0.86987638
vt 0.94593614 0.87807173
vt 0.90935439 0.88753891
vt 0.8953746 0.86976874
vt 0.67029482 0.86882579
vt 0.65509117 0.85941422
vt 0.66620463 0.84974086
vt 0.67956722 0.86292917
vt 0.65232313 0.87177527
vt 0.62943143 0.85787416
vt 0.67911559 0.84692836
vt 0.6404196 0.86156923
vt 0.63603085 0.85074413
vt 0.66849846 0.83846134
vt 0.66926295 0.92493248
vt 0.65724403 0.91797525
vt 0.6663872 0.91923553
vt 0.66851503 0.91671425
vt 0.65420783 0.91710502
vt 0.69244283 0.92346346
vt 0.66355741 0.9257437
vt 0.69173658 0.91828954
vt 0.6441049 0.91684496
vt 0.67710602 0.91534936
vt 0.69004178 0.91560674
vt 0.71581805 0.84949273
vt 0.71391517 0.83444905
vt 0.73974842 0.85360289
vt 0.69459504 0.85640293
vt 0.74075156 0.83858001
vt 0.69238186 0.84088498
vt 0.95242953 0.84119719
vt 0.96102595 0.8427515
vt 0.96436405 0.87158793
vt 0.95177156 0.86957359
vt 0.95975691 0.82317704
vt 0.94181478 0.87101746
vt 0.94062829 0.84348553
vt 0.30045864 0.99579477
vt 0.33099094 0.99114084
vt 0.34689313 0.99553674
vt 0.38238379 0.9689247
vt 0.38242829 0.99662882
vt 0.38106054 0.9959808
vt 0.37997591 0.97059751
vt 0.38110164 0.99658805
vt 0.379866 0.96596748
vt 0.38166821 0.94962037
vt 0.3842276 0.94883025
vt 0.13677134 0.81724608
vt 0.14123422 0.83953512
vt 0.13381085 0.82956558
vt 0.15053262 0.81923401
vt 0.13277723 0.85200787
vt 0.15359887 0.83764166
vt 0.14237867 0.81130797
vt 0.14808568 0.85613161
vt 0.12835383 0.83933008
vt 0.15429083 0.81136811
vt 0.093805574 0.74382257
vt 0.10059852 0.75796068
vt 0.080182038 0.75282139
vt 0.074202254 0.74078304
vt 0.085695952 0.76006263
vt 0.065916091 0.75520849
vt 0.087786049 0.73434043
vt 0.093805648 0.76491809
vt 0.071608722 0.77281755
vt 0.071640655 0.76361424
vt 0.078927092 0.77659655
vt 0.089821078 0.76775122
vt 0.48579663 0.89631283
vt 0.45631403 0.90310538
vt 0.48591793 0.88953519
vt 0.4971337 0.89294076
vt 0.47455928 0.88760155
vt 0.49921542 0.88631332
vt 0.45621967 0.89270806
vt 0.47707516 0.88239324
vt 0.49935824 0.8860653
vt 0.4818719 0.88131124
vt 0.83184546 0.99512267
vt 0.83472556 0.98824036
vt 0.84616172 0.99149621
vt 0.85333133 0.99686444
vt 0.8684122 0.99534923
vt 0.85851389 0.98776412
vt 0.86575824 0.9854967
vt 0.87466282 0.99363542
vt 0.63409156 0.87860322
vt 0.59846997 0.88460159
vt 0.62338531 0.87574333
vt 0.63010526 0.88164866
vt 0.64112657 0.88201797
vt 0.61791742 0.90226293
vt 0.64124817 0.89272594
vt 0.64071393 0.90089464
vt 0.21866186 0.76723886
vt 0.1971149 0.76475638
vt 0.2184419 0.76577526
vt 0.21293642 0.77345127
vt 0.21810625 0.75562948
vt 0.21845628 0.77402049
vt 0.17496854 0.77653778
vt 0.21900813 0.76064205
vt 0.20214093 0.75503492
vt 0.17796604 0.75792956
vt 0.32782751 0.70609856
vt 0.32136607 0.70277727
vt 0.33438936 0.69934273
vt 0.32027331 0.71029872
vt 0.32215211 0.69759619
vt 0.33201107 0.71544343
vt 0.31552118 0.71351463
vt 0.32846579 0.68741202
vt 0.33839917 0.6916362
vt 0.35411242 0.68830729
vt 0.3498092 0.69589275
vt 0.33600724 0.68187505
vt 0.33082774 0.67300254
vt 0.52277851 0.85438174
vt 0.52276069 0.84969604
vt 0.52298778 0.85021365
vt 0.5087105 0.84905523
vt 0.52277005 0.84963048
vt 0.52909064 0.86536902
vt 0.51175147 0.846138
vt 0.52576965 0.8567307
vt 0.51961374 0.87078726
vt 0.51167727 0.86445439
vt 0.48737618 0.85446721
vt 0.49708411 0.8621946
vt 0.032666814 0.65435648
vt 0.02733119 0.66283858
vt 0.021526532 0.65485346
vt 0.035115659 0.64807284
vt 0.012190464 0.66715884
vt 0.020351648 0.64534152
vt 0.013469498 0.65868926
vt 0.02849864 0.66999793
vt 0.011929133 0.64755398
vt 0.01899538 0.68420881
vt 0.0045680804 0.65512097
vt 0.010845429 0.67803454
vt 0.013654622 0.65815747
vt 0.004081768 0.65102476
vt 0.013310825 0.65932828
vt 0.36527655 0.9673534
vt 0.36160532 0.97626001
vt 0.35740462 0.97065747
vt 0.59405166 0.72587538
vt 0.60598415 0.7303133
vt 0.59752733 0.74456555
vt 0.58802462 0.74133742
vt 0.60327989 0.7124573
vt 0.58731657 0.73159748
vt 0.58677435 0.71469259
vt 0.57966083 0.74654531
vt 0.57123232 0.73403382
vt 0.57656032 0.71129501
vt 0.56604952 0.7211169
vt 0.29543129 0.99431729
vt 0.3082262 0.99427843
vt 0.26938415 0.99615508
vt 0.98666608 0.81683648
vt 0.96264285 0.8117702
vt 0.9644078 0.80131924
vt 0.99487281 0.80595088
vt 0.95746976 0.81782717
vt 0.99666756 0.81967831
vt 0.96427822 0.80115962
vt 0.97870356 0.82106501
vt 0.9725076 0.79894155
vt 0.96999091 0.8243379
vt 0.48851362 0.93175614
vt 0.49145818 0.92281657
vt 0.50370008 0.92372203
vt 0.50564957 0.93403053
vt 0.49441582 0.91044152
vt 0.50057882 0.9378379
vt 0.48930934 0.94967043
vt 0.50056618 0.94686365
vt 0.64259642 0.793625
vt 0.63285679 0.80461597
vt 0.62865275 0.78417861
vt 0.64930087 0.78192079
vt 0.64274079 0.8080585
vt 0.66699582 0.79185444
vt 0.65516174 0.79938579
vt 0.34054148 0.9889704
vt 0.3326022 0.98397321
vt 0.36835635 0.98516232
vt 0.51461887 0.74753463
vt 0.51605707 0.75822163
vt 0.5045377 0.76681155
vt 0.53042233 0.75510007
vt 0.51631463 0.76705992
vt 0.52315903 0.75912207
vt 0.53587943 0.76929879
vt 0.54088879 0.76882452
vt 0.53085089 0.77224708
vt 0.53247476 0.77701324
vt 0.51652068 0.77497935
vt 0.6577276 0.92396611
vt 0.62906736 0.93267316
vt 0.62015533 0.93063903
vt 0.74480283 0.76244152
vt 0.74968725 0.76763546
vt 0.72958004 0.77328128
vt 0.72359574 0.76487988
vt 0.74737179 0.75088239
vt 0.73801404 0.77706289
vt 0.72342849 0.75317693
vt 0.73722082 0.75517523
vt 0.76023704 0.75514698
vt 0.47237813 0.99559158
vt 0.45905209 0.98826927
vt 0.47307441 0.97392768
vt 0.45726958 0.98043722
vt 0.45749214 0.96489507
vt 0.47201699 0.95955467
vt 0.87949914 0.92207146
vt 0.89325607 0.92859906
vt 0.87950659 0.93397111
vt 0.88894176 0.91309011
vt 0.87949568 0.91633177
vt 0.88162786 0.89821702
vt 0.87949497 0.90003473
vt 0.87949491 0.89885318
vt 0.089645982 0.87132722
vt 0.068123266 0.88736832
vt 0.06720832 0.8735621
vt 0.10095029 0.87507141
vt 0.59177828 0.75895417
vt 0.57783759 0.77706307
vt 0.57723713 0.76230389
vt 0.58006394 0.75980222
vt 0.59023684 0.77109748
vt 0.56724286 0.76786608
vt 0.59277606 0.74977225
vt 0.59883308 0.76517981
vt 0.57311112 0.76321203
vt 0.57982266 0.75825864
vt 0.59762436 0.75145441
vt 0.59620631 0.75837106
vt 0.60075116 0.76914316
vt 0.57042873 0.75831461
vt 0.57807696 0.7489596
vt 0.59740961 0.74992234
vt 0.52080059 0.99309802
vt 0.51135302 0.99666744
vt 0.48906106 0.98675877
vt 0.64570928 0.72050273
vt 0.64194435 0.74218071
vt 0.62248939 0.72672391
vt 0.62565017 0.74521726
vt 0.61292619 0.742576
vt 0.61302358 0.7295748
vt 0.0064478493 0.72991347
vt 0.024388174 0.72578269
vt 0.030864274 0.74240816
vt 0.013208546 0.74613518
vt 0.024529848 0.71238351
vt 0.004159424 0.71373558
vt 0.11327942 0.73429251
vt 0.13655706 0.73345989
vt 0.11925898 0.74486852
vt 0.11474315 0.74271739
vt 0.11318354 0.72461957
vt 0.14675032 0.7444948
vt 0.12936053 0.72062701
vt 0.1238378 0.74656868
vt 0.66041309 0.90220624
vt 0.67798638 0.89804792
vt 0.68515903 0.91540581
vt 0.66473067 0.91261142
vt 0.69347411 0.9020083
vt 0.66401821 0.91285074
vt 0.66611201 0.91292655
vt 0.67956728 0.91704381
vt 0.37346092 0.98971969
vt 0.36274356 0.99626195
vt 0.34054336 0.98792195
vt 0.76480764 0.84519994
vt 0.78569853 0.84912825
vt 0.78709859 0.86703813
vt 0.77150804 0.86608618
vt 0.77894914 0.87185597
vt 0.76245421 0.86952329
vt 0.75295317 0.85600233
vt 0.75398988 0.83871901
vt 0.90814632 0.91808206
vt 0.89763278 0.91473413
vt 0.91042167 0.90837681
vt 0.90732872 0.89453393
vt 0.89998972 0.88827717
vt 0.90629929 0.88555342
vt 0.89538765 0.89929843
vt 0.90533733 0.88419527
vt 0.74460793 0.82638806
vt 0.74225771 0.84014142
vt 0.72843605 0.82847011
vt 0.74730945 0.81897306
vt 0.74941874 0.81897241
vt 0.73796004 0.81897461
vt 0.75556988 0.81896895
vt 0.72567767 0.81897897
vt 0.7217657 0.81898004
vt 0.62551636 0.84081125
vt 0.62895828 0.85205972
vt 0.6206125 0.86006832
vt 0.61232477 0.85866189
vt 0.62873942 0.87105453
vt 0.62422872 0.83971483
vt 0.63234693 0.86378592
vt 0.62533599 0.83976191
vt 0.62626582 0.83981138
vt 0.62817913 0.84095836
vt 0.6273464 0.84303194
vt 0.76975977 0.77586037
vt 0.77154255 0.75450432
vt 0.7744242 0.75557297
vt 0.78004855 0.77424777
vt 0.75421119 0.76441103
vt 0.77384609 0.7533794
vt 0.78090912 0.77828038
vt 0.7594192 0.75857335
vt 0.77231693 0.74659395
vt 0.10923318 0.78713137
vt 0.11584908 0.78110337
vt 0.1088621 0.80310214
vt 0.098962948 0.79662263
vt 0.098489359 0.78131682
vt 0.11573922 0.80293936
vt 0.12617859 0.78380811
vt 0.12797886 0.80764627
vt 0.98477918 0.84144586
vt 0.99892443 0.83599198
vt 0.98648643 0.85548878
vt 0.97372848 0.84454596
vt 0.99482971 0.82681143
vt 0.97725415 0.83124822
vt 0.97354215 0.8291682
vt 0.56976074 0.89072537
vt 0.55645204 0.89666933
vt 0.5643276 0.87375224
vt 0.56070107 0.90230817
vt 0.55144095 0.88030058
vt 0.68872654 0.78675961
vt 0.67654538 0.7694943
vt 0.68606395 0.77323544
vt 0.68849325 0.7868095
vt 0.68874842 0.78687412
vt 0.67197835 0.78231227
vt 0.68861574 0.78705168
vt 0.67610133 0.79260612
vt 0.65985197 0.77642429
vt 0.6877203 0.78734684
vt 0.77614105 0.74549967
vt 0.76652175 0.74620676
vt 0.75932831 0.73880959
vt 0.77223849 0.73719764
vt 0.78126144 0.7407074
vt 0.76691061 0.73588705
vt 0.76494193 0.719118
vt 0.75469232 0.73874259
vt 0.87966257 0.88378859
vt 0.88664949 0.8775726
vt 0.88583535 0.8911128
vt 0.88141108 0.89756525
vt 0.89359331 0.88342851
vt 0.88794017 0.90203369
vt 0.89551347 0.89633644
vt 0.88097227 0.98393571
vt 0.88904136 0.99469405
vt 0.88046509 0.99667931
vt 0.86320573 0.98402953
vt 0.11034378 0.85858035
vt 0.099376038 0.86351776
vt 0.098316871 0.85803902
vt 0.1007933 0.8493005
vt 0.10442346 0.87186348
vt 0.11677675 0.84627193
vt 0.11864106 0.85536283
vt 0.12247158 0.84863335
vt 0.29365048 0.98784822
vt 0.28457314 0.98206186
vt 0.30991969 0.98331815
vt 0.44186497 0.99643153
vt 0.4500314 0.98878294
vt 0.46421978 0.99063116
vt 0.80852669 0.85757619
vt 0.80798656 0.87108845
vt 0.786093 0.84962034
vt 0.78635049 0.87082767
vt 0.44173932 0.94375527
vt 0.46095425 0.94758874
vt 0.4478766 0.94883567
vt 0.44490409 0.9415136
vt 0.4579553 0.93530202
vt 0.45338506 0.92851293
vt 0.46556538 0.93877643
vt 0.45002469 0.9294405
vt 0.98676431 0.77583086
vt 0.98404145 0.7667464
vt 0.99600202 0.76531446
vt 0.99343783 0.77650011
vt 0.9724381 0.76491535
vt 0.97838742 0.75428247
vt 0.97578245 0.77392066
vt 0.53879303 0.90180415
vt 0.53259307 0.91789645
vt 0.51988554 0.91003054
vt 0.54254174 0.91228032
vt 0.53505355 0.85663164
vt 0.55629563 0.86502647
vt 0.54047418 0.87201476
vt 0.41407651 0.9185223
vt 0.41010013 0.90197539
vt 0.42131895 0.91218585
vt 0.42195073 0.89658308
vt 0.20042227 0.82479095
vt 0.19172911 0.813025
vt 0.21360405 0.81469554
vt 0.20474258 0.80265695
vt 0.70804548 0.80457699
vt 0.71862429 0.81165433
vt 0.7069422 0.80753219
vt 0.72680587 0.80278271
vt 0.70692068 0.82030952
vt 0.71104896 0.80180639
vt 0.70691347 0.82497281
vt 0.71819752 0.82515508
vt 0.1432538 0.89044422
vt 0.1510869 0.89623266
vt 0.12816834 0.90284663
vt 0.1476817 0.90080154
vt 0.72868729 0.86094618
vt 0.72171527 0.87184823
vt 0.71747595 0.85150659
vt 0.71279615 0.86697614
vt 0.7072286 0.85855728
vt 0.20226912 0.83493668
vt 0.20463046 0.85393226
vt 0.19066621 0.85452896
vt 0.1912213 0.83698881
vt 0.68709266 0.82801056
vt 0.68752909 0.82642049
vt 0.68808401 0.83276427
vt 0.67639703 0.83658063
vt 0.69450581 0.82676017
vt 0.69545758 0.83903199
vt 0.67961115 0.82653695
vt 0.6929515 0.83201861
vt 0.46284264 0.96489018
vt 0.45634177 0.95284837
vt 0.46932346 0.94569314
vt 0.59475905 0.88385904
vt 0.58113486 0.88714474
vt 0.58181393 0.87459409
vt 0.60059208 0.87399322
vt 0.95397508 0.88038677
vt 0.96155703 0.88205689
vt 0.94556606 0.88749599
vt 0.94800228 0.88022614
vt 0.94187957 0.88241029
vt 0.9481318 0.87563139
vt 0.95289224 0.88138336
vt 0.50305045 0.97878355
vt 0.49715617 0.98516297
vt 0.49662638 0.9850409
vt 0.50105023 0.98896831
vt 0.51296574 0.98632175
vt 0.49638164 0.98653591
vt 0.3682785 0.97830105
vt 0.36369339 0.97186232
vt 0.37427643 0.96390343
vt 0.37427697 0.96512491
vt 0.37427983 0.97166419
vt 0.3742806 0.9735738
vt 0.37428454 0.98062313
vt 0.98721105 0.99595922
vt 0.9796164 0.98941302
vt 0.99665439 0.98870748
vt 0.45045286 0.97927445
vt 0.44979137 0.98889828
vt 0.44228444 0.98404086
vt 0.45630169 0.98647863
vt 0.31510299 0.88607728
vt 0.30596092 0.88318616
vt 0.30976745 0.87143749
vt 0.30044815 0.88750476
vt 0.9406541 0.97392637
vt 0.93148792 0.98016769
vt 0.92545241 0.96768725
vt 0.4876999 0.94929779
vt 0.49782982 0.95256281
vt 0.49425831 0.96485418
vt 0.50067049 0.95451063
vt 0.32125193 0.98789376
vt 0.3156057 0.97596025
vt 0.32694578 0.97230446
vt 0.65091491 0.91819876
vt 0.64528924 0.90551591
vt 0.65126687 0.90143615
vt 0.65838927 0.91158509
vt 0.16012709 0.85722303
vt 0.15284061 0.87192273
vt 0.15316322 0.85490209
vt 0.15839414 0.87170964
vt 0.14634867 0.85829955
vt 0.14448488 0.87188596
vt 0.84755516 0.98738909
vt 0.8319537 0.98793715
vt 0.83223379 0.97819173
vt 0.40938538 0.94639218
vt 0.42042074 0.93757945
vt 0.42433187 0.94584161
vt 0.42379257 0.94959599
vt 0.48012537 0.99095303
vt 0.49173748 0.98756582
vt 0.49369255 0.99534065
vt 0.48743817 0.88291585
vt 0.49277326 0.87416685
vt 0.50145078 0.87619525
vt 0.50236326 0.88670379
vt 0.84031367 0.9810726
vt 0.85307199 0.97974467
vt 0.8492614 0.98897737
vt 0.87981081 0.95651072
vt 0.88531446 0.96459013
vt 0.88221139 0.9639672
vt 0.8858031 0.95189011
vt 0.8900966 0.95658433
vt 0.30754006 0.98089445
vt 0.30041742 0.97720933
vt 0.31355008 0.9745267
vt 0.94010085 0.97845346
vt 0.9320814 0.98750925
vt 0.92482889 0.97929013
vt 0.39665446 0.97695607
vt 0.39285237 0.98738688
vt 0.38729361 0.97684735
vt 0.30082425 0.99103713
vt 0.29271904 0.99680889
vt 0.29442215 0.99092954
vt 0.3003526 0.99083018
vt 0.30148655 0.99199724
vt 0.30133912 0.99097759
vt 0.30120981 0.99107307
vt 0.30109254 0.99353045
vt 0.30209571 0.99119174
vt 0.30188131 0.99118155
vt 0.29958427 0.98409927
vt 0.30203393 0.99105847
vt 0.40549606 0.93823993
vt 0.39914674 0.94920099
vt 0.3942214 0.94071013
vt 0.28489941 0.99533623
vt 0.2860125 0.98454452
vt 0.28651422 0.9849171
vt 0.28548917 0.98619211
vt 0.99780166 0.97843724
vt 0.99381602 0.98822796
vt 0.98851031 0.97707564
vt 0.38727632 0.96356302
vt 0.39626238 0.96382278
vt 0.39308843 0.96897656
vt 0.3875643 0.97283959
vt 0.3967455 0.96419138
vt 0.37801394 0.98417139
vt 0.3704375 0.97998673
vt 0.37854525 0.97897243
vt 0.37298518 0.98922133
vt 0.37719378 0.98837477
vt 0.30833092 0.98708004
vt 0.31672966 0.99010444
vt 0.31293321 0.9957751
vt 0.31008968 0.9935621
vt 0.30133528 0.99617928
vt 0.30212131 0.99094182
vt 0.35674182 0.99492532
vt 0.35905507 0.99571145
vt 0.35682964 0.99561864
vt 0.35675079 0.99407291
vt 0.35632515 0.9863975
vt 0.28609449 0.98904115
vt 0.29143152 0.99049264
vt 0.28673333 0.9951309
vt 0.348681 0.99395865
vt 0.3557646 0.99464101
vt 0.34775546 0.99704832
vt 0.42263153 0.99624044
vt 0.4183414 0.99136007
vt 0.42455325 0.99038434
usemtl Tile_+034_+029_L18_00012_0
f 610/317 619/318 609/319
f 694/1 683/2 698/3
f 626/814 622/815 313/816
f 590/1470 585/1471 587/1472
f 254/867 301/868 306/869
f 715/66 725/68 718/76
f 475/1352 477/1353 476/1354
f 437/1833 266/1834 474/1835
f 225/154 451/141 447/147
f 181/1590 441/1591 352/1592
f 448/146 447/147 370/140
f 352/158 438/145 356/150
f 366/103 369/107 365/112
f 325/1150 324/1151 446/1152
f 350/127 362/120 349/123
f 346/157 428/168 337/174
f 278/411 257/412 272/413
f 279/427 427/437 391/419
f 400/472 399/473 405/474
f 399/584 400/585 396/586
f 462/688 466/689 465/690
f 469/19 468/34 246/42
f 251/963 259/964 255/965
f 258/1138 349/1139 322/1140
f 357/130 363/133 359/126
f 356/150 438/145 357/130
f 281/834 368/832 280/836
f 188/1271 452/1272 226/1273
f 405/474 399/473 402/476
f 334/1154 325/1150 459/1156
f 361/131 451/141 1079/148
f 452/1272 456/1276 226/1273
f 451/1280 456/1276 452/1272
f 456/1527 451/1528 226/1529
f 451/1280 452/1272 1081/1281
f 360/134 370/140 447/147
f 360/134 451/141 361/131
f 452/1272 188/1271 1083/1275
f 453/882 260/878 251/881
f 357/130 438/145 450/139
f 450/139 438/145 195/152
f 357/130 355/143 356/150
f 438/145 442/160 195/152
f 224/161 449/159 195/152
f 449/159 450/139 195/152
f 449/159 445/153 450/139
f 224/161 225/154 447/147
f 447/147 448/146 445/153
f 445/153 224/161 447/147
f 451/141 360/134 447/147
f 357/130 450/139 363/133
f 450/139 445/153 448/146
f 448/146 363/133 450/139
f 352/1592 440/1593 439/1594
f 442/1729 439/1730 185/1731
f 445/153 449/159 224/161
f 206/947 201/948 332/949
f 444/960 446/962 285/957
f 335/520 285/521 323/522
f 334/531 323/522 324/529
f 285/521 446/525 323/522
f 351/137 350/127 358/136
f 438/145 352/158 442/160
f 199/1732 185/1731 439/1730
f 441/1591 440/1593 352/1592
f 195/152 442/160 185/165
f 441/1596 199/1597 439/1598
f 442/1595 352/1592 439/1594
f 440/1599 441/1596 439/1598
f 358/136 350/127 348/132
f 434/429 258/438 257/412
f 349/123 258/135 348/132
f 257/412 472/422 437/416
f 272/413 257/412 437/416
f 383/430 472/422 257/412
f 389/417 378/432 384/433
f 428/1726 433/1727 337/1728
f 181/169 354/164 347/175
f 257/412 432/420 434/429
f 358/136 346/157 356/150
f 431/156 430/149 434/142
f 348/132 434/142 358/136
f 430/149 358/136 434/142
f 431/156 428/168 346/157
f 346/157 358/136 430/149
f 337/174 429/180 346/157
f 356/150 354/164 352/158
f 434/142 432/163 431/156
f 428/168 432/163 338/173
f 257/412 392/415 432/420
f 428/168 431/156 432/163
f 337/174 347/175 429/180
f 391/419 423/428 392/415
f 389/417 278/411 374/414
f 338/173 433/178 428/168
f 339/350 338/362 423/359
f 279/427 278/411 420/434
f 385/459 410/467 263/463
f 263/463 287/452 385/459
f 419/930 289/931 420/932
f 278/411 279/427 391/419
f 426/342 341/357 339/350
f 422/331 339/350 423/359
f 392/415 257/412 278/411
f 425/589 413/595 424/592
f 263/259 419/260 287/261
f 344/495 343/499 412/489
f 396/586 345/587 399/584
f 345/587 425/589 424/592
f 403/590 399/584 345/587
f 413/1017 411/1018 424/1019
f 377/450 379/442 373/457
f 345/469 424/471 411/465
f 403/480 344/495 412/489
f 345/587 344/593 403/590
f 398/594 397/596 248/591
f 414/477 405/474 416/481
f 562/613 467/608 415/610
f 398/1610 408/1611 415/1612
f 406/478 401/475 414/477
f 398/484 407/488 408/492
f 414/477 401/475 405/474
f 403/480 402/476 399/473
f 406/588 398/594 248/591
f 409/466 274/464 343/468
f 273/1305 343/1306 274/1307
f 384/433 377/450 342/458
f 411/465 410/467 385/459
f 411/1018 261/1020 410/1022
f 274/464 409/466 386/462
f 342/458 386/462 409/466
f 377/450 386/462 342/458
f 342/458 385/459 384/433
f 341/357 198/341 173/358
f 385/459 287/452 384/433
f 390/424 278/411 389/417
f 384/433 390/424 389/417
f 375/423 378/432 389/417
f 375/423 379/442 378/432
f 286/91 376/97 264/96
f 278/411 272/413 374/414
f 389/417 374/414 375/423
f 386/462 373/457 274/464
f 386/462 377/450 373/457
f 803/1147 382/1145 275/1148
f 258/438 277/446 383/430
f 366/103 727/99 275/82
f 727/99 381/93 380/83
f 1085/116 365/112 1086/121
f 570/67 719/57 723/38
f 1089/128 361/131 1090/138
f 365/112 369/107 250/117
f 280/124 367/122 369/107
f 250/1499 281/1500 365/1501
f 280/124 368/129 367/122
f 362/120 359/126 280/124
f 362/120 364/115 349/123
f 369/107 364/115 362/120
f 362/120 280/124 369/107
f 363/133 370/140 359/126
f 359/126 362/120 357/130
f 362/120 350/127 357/130
f 361/131 281/125 280/124
f 360/134 361/131 359/126
f 280/124 359/126 361/131
f 370/140 360/134 359/126
f 350/127 351/137 357/130
f 351/137 355/143 357/130
f 356/150 355/143 358/136
f 348/132 350/127 349/123
f 347/175 354/164 346/157
f 157/181 181/169 347/175
f 346/1618 429/1619 347/1620
f 354/164 356/150 346/157
f 354/164 181/169 352/158
f 338/173 339/191 337/174
f 704/46 340/80 243/72
f 172/192 157/181 337/174
f 347/175 337/174 157/181
f 172/192 337/174 339/191
f 178/549 330/538 176/543
f 342/458 409/466 343/468
f 206/947 330/950 178/952
f 206/1755 178/1756 179/1757
f 323/522 333/523 335/520
f 323/522 170/533 177/530
f 330/950 332/949 331/953
f 328/534 326/528 329/527
f 328/955 331/953 332/949
f 167/526 330/538 328/534
f 334/1154 324/1151 325/1150
f 167/526 323/522 177/530
f 446/525 324/529 323/522
f 323/522 167/526 333/523
f 370/140 363/133 448/146
f 195/152 200/170 224/161
f 604/273 310/270 299/267
f 666/43 309/25 308/33
f 299/267 638/265 300/269
f 240/954 444/960 285/957
f 785/605 283/602 282/598
f 290/936 289/931 288/934
f 431/156 346/157 430/149
f 255/965 473/967 256/968
f 252/907 254/908 253/909
f 803/1147 276/1149 269/1146
f 270/425 272/413 271/421
f 327/524 285/521 335/520
f 330/950 331/953 328/955
f 795/619 757/620 319/621
f 425/589 345/587 396/586
f 404/635 238/633 247/631
f 244/1621 246/1622 245/1623
f 711/24 682/8 713/18
f 530/1185 565/1186 527/1187
f 776/716 311/719 493/722
f 647/1342 296/1343 780/1344
f 245/1623 696/1625 657/1624
f 780/1344 296/1343 295/1347
f 647/1530 639/1531 646/1532
f 579/695 540/696 465/690
f 528/693 465/690 540/696
f 418/1903 749/1904 856/1905
f 414/477 407/488 398/484
f 466/1049 461/1050 750/1051
f 463/500 765/503 768/496
f 396/586 400/585 406/588
f 555/1315 551/1316 554/1317
f 401/475 400/472 405/474
f 755/482 402/476 403/480
f 282/598 752/600 397/596
f 466/689 552/697 549/694
f 484/443 375/423 709/426
f 492/1445 493/1446 734/1447
f 685/1072 706/1073 686/1074
f 264/1830 265/1831 286/1832
f 703/28 684/36 704/46
f 504/983 673/984 669/985
f 693/1204 695/1205 655/1206
f 691/1674 656/1675 653/1676
f 534/1244 533/1245 304/1246
f 243/72 340/80 242/90
f 266/439 267/431 270/425
f 271/421 266/439 270/425
f 702/1679 690/1678 691/1674
f 689/1086 688/1087 654/1085
f 701/12 689/17 697/7
f 699/10 682/8 336/14
f 580/1571 763/1572 862/1573
f 636/263 419/260 262/262
f 645/1216 644/1217 659/1211
f 629/920 630/924 631/923
f 636/1230 811/1231 318/1232
f 303/1247 567/1250 568/1249
f 306/869 634/872 508/870
f 511/972 306/974 307/971
f 510/827 628/818 627/830
f 488/975 489/976 628/973
f 254/908 252/907 302/911
f 613/1544 506/1545 22/1546
f 603/837 302/835 292/831
f 608/1840 603/1841 601/1842
f 599/1512 585/1513 592/1514
f 594/1515 502/1517 599/1512
f 587/1472 585/1471 497/1474
f 318/1232 811/1231 317/1234
f 693/1204 659/1211 642/1212
f 567/994 503/986 568/990
f 591/987 673/984 504/983
f 496/991 315/988 673/984
f 587/1472 596/1482 588/1480
f 598/1629 501/1630 597/1631
f 317/1759 811/1760 810/1761
f 784/651 783/652 788/653
f 799/951 332/949 201/948
f 237/1837 850/1838 852/1839
f 850/1775 237/1776 809/1777
f 804/1024 806/1025 1017/1026
f 630/924 453/926 631/923
f 480/922 629/920 508/916
f 289/931 419/930 288/934
f 436/440 286/441 472/422
f 267/431 702/453 270/425
f 267/431 266/439 437/416
f 260/878 453/882 630/880
f 260/878 259/879 251/881
f 454/925 631/923 632/927
f 454/824 632/829 256/825
f 547/448 265/455 264/460
f 286/91 243/72 376/97
f 436/440 383/430 435/447
f 250/969 251/963 281/966
f 251/881 250/883 453/882
f 286/441 265/455 547/448
f 294/64 243/72 293/81
f 267/431 286/441 547/448
f 267/431 690/454 702/453
f 702/453 701/444 270/425
f 437/416 472/422 267/431
f 710/418 272/413 270/425
f 474/1835 266/1834 271/1836
f 803/1147 275/1148 276/1149
f 624/326 443/336 422/331
f 632/927 631/923 368/928
f 281/966 251/963 255/965
f 250/883 367/884 453/882
f 275/82 382/111 369/107
f 364/115 369/107 382/111
f 369/107 366/103 275/82
f 258/438 383/430 257/412
f 256/825 625/822 633/819
f 633/819 454/824 256/825
f 427/943 279/938 422/941
f 349/1139 321/1142 322/1140
f 321/119 349/123 364/115
f 268/1144 321/1142 382/1145
f 321/119 364/115 382/111
f 293/81 243/72 286/91
f 436/1336 269/1337 293/1338
f 268/1144 435/1143 322/1140
f 263/1023 261/1020 262/1021
f 272/413 437/416 271/421
f 322/1140 321/1142 268/1144
f 269/1146 435/1143 268/1144
f 286/441 267/431 472/422
f 383/430 436/440 472/422
f 286/91 436/98 293/81
f 293/1338 269/1337 276/1340
f 269/1146 268/1144 803/1147
f 803/1147 268/1144 382/1145
f 435/1339 269/1337 436/1336
f 322/1140 435/1143 277/1141
f 383/430 277/446 435/447
f 474/1792 271/1793 437/1794
f 262/262 419/260 263/259
f 322/1140 277/1141 258/1138
f 443/336 426/342 422/331
f 240/954 332/949 799/951
f 262/262 638/265 635/264
f 262/1021 261/1020 413/1017
f 413/595 248/591 249/597
f 261/1020 411/1018 413/1017
f 241/956 332/949 240/954
f 241/956 240/954 285/957
f 444/1153 460/1155 325/1150
f 460/1155 459/1156 325/1150
f 460/961 444/960 240/954
f 404/635 798/645 460/641
f 240/636 404/635 460/641
f 240/636 239/629 404/635
f 460/1155 798/1158 459/1156
f 320/626 239/629 794/630
f 794/630 319/621 320/626
f 799/639 793/642 794/630
f 240/636 799/639 794/630
f 443/336 624/326 28/330
f 757/620 789/623 319/621
f 239/629 240/636 794/630
f 262/622 757/620 795/619
f 249/627 757/620 413/624
f 320/626 319/621 789/623
f 789/623 239/629 320/626
f 789/623 757/620 787/625
f 239/629 789/623 238/633
f 238/633 404/635 239/629
f 247/631 238/633 789/623
f 789/623 787/625 788/628
f 788/628 787/625 784/632
f 577/655 792/656 788/653
f 757/620 249/627 787/625
f 476/1066 477/1062 558/1065
f 532/1453 747/1452 387/1454
f 554/707 758/712 553/705
f 573/1799 556/1800 463/1801
f 753/599 283/602 767/607
f 785/605 282/598 467/608
f 778/710 756/718 312/714
f 543/704 740/713 778/710
f 753/599 783/601 249/597
f 785/605 767/607 283/602
f 754/485 755/482 756/486
f 784/651 249/654 783/652
f 740/1419 741/1420 553/1421
f 754/1696 771/1697 556/1698
f 740/493 754/485 756/486
f 756/718 778/710 740/713
f 771/1423 754/1422 553/1421
f 556/1771 771/1772 463/1773
f 553/1421 754/1422 740/1419
f 311/719 736/706 312/714
f 312/714 756/718 781/720
f 744/1488 485/1489 658/1490
f 658/1490 657/1491 744/1488
f 664/1397 646/1398 663/1399
f 479/729 478/727 743/728
f 746/723 493/722 311/719
f 756/486 412/489 781/494
f 311/719 781/720 746/723
f 661/1493 744/1488 657/1491
f 484/443 709/426 244/445
f 700/436 244/445 709/426
f 296/1343 647/1342 646/1346
f 780/1344 737/1345 647/1342
f 780/1344 295/1347 571/1350
f 297/1401 663/1399 646/1398
f 658/1626 485/1627 244/1621
f 484/1492 485/1489 744/1488
f 709/426 710/418 700/436
f 387/1351 742/1348 780/1344
f 492/1741 732/1742 733/1743
f 531/1313 479/1312 373/1311
f 779/498 781/494 412/489
f 746/723 478/727 493/722
f 782/711 736/706 776/716
f 781/720 311/719 312/714
f 311/719 776/716 736/706
f 543/704 778/710 736/706
f 493/1446 572/1448 776/1451
f 571/1450 776/1451 572/1448
f 532/1453 734/1447 747/1452
f 737/1345 780/1344 742/1348
f 662/1681 245/1682 742/1683
f 780/1344 571/1350 387/1351
f 666/43 773/70 647/60
f 737/45 666/43 647/60
f 565/726 530/715 295/724
f 295/1403 664/1397 774/1400
f 565/732 295/733 774/734
f 296/1343 664/1349 295/1347
f 581/735 565/732 774/734
f 775/736 581/735 774/734
f 866/739 775/736 867/742
f 872/88 652/71 873/79
f 773/70 566/87 641/78
f 877/749 298/752 878/753
f 641/78 647/60 773/70
f 566/1537 649/1536 641/1533
f 694/1077 643/1079 660/1076
f 666/1704 308/1705 667/1706
f 666/1844 651/1845 773/1846
f 652/71 308/33 870/62
f 772/738 670/750 877/749
f 663/1399 772/1402 774/1400
f 571/721 295/724 530/715
f 739/1359 483/1357 584/1355
f 774/1400 664/1397 663/1399
f 296/1343 646/1346 664/1349
f 571/721 530/715 776/716
f 782/711 776/716 530/715
f 774/734 772/738 775/736
f 670/1405 671/1406 663/1399
f 730/691 462/688 465/690
f 528/693 730/691 465/690
f 475/1352 584/1355 483/1357
f 544/700 782/711 530/715
f 552/1361 735/1362 739/1359
f 559/1323 487/1326 550/1319
f 771/1772 551/1774 463/1773
f 770/1881 564/1882 886/1883
f 554/1317 551/1316 548/1320
f 768/496 765/503 858/506
f 786/604 783/601 753/599
f 767/607 786/604 753/599
f 467/608 545/609 785/605
f 583/491 768/496 407/488
f 760/1222 397/1223 766/1224
f 398/1610 760/1613 766/1615
f 464/1805 761/1802 487/1804
f 487/1333 463/1334 464/1335
f 563/612 467/608 562/613
f 765/1329 463/1331 487/1326
f 559/517 764/514 765/503
f 859/510 764/514 889/516
f 769/1192 564/1189 864/1195
f 865/1885 770/1881 891/1887
f 770/1881 769/1890 885/1889
f 882/1201 770/1202 892/1203
f 462/1193 527/1187 893/1196
f 527/1891 769/1890 770/1881
f 548/1425 771/1423 758/1424
f 483/1069 552/1067 475/1068
f 548/1425 551/1426 771/1423
f 738/699 735/703 549/694
f 573/1784 416/1785 464/1786
f 248/591 760/606 759/603
f 463/1801 761/1802 573/1799
f 551/1787 464/1786 463/1789
f 398/594 282/598 397/596
f 416/481 573/483 414/477
f 248/1225 397/1223 760/1222
f 463/1801 583/1803 761/1802
f 583/1803 487/1804 761/1802
f 584/1355 475/1352 476/1354
f 557/1063 475/1068 552/1067
f 579/695 544/700 529/701
f 558/1065 477/1062 417/1052
f 417/1360 751/1356 558/1358
f 558/1358 751/1356 475/1352
f 564/1189 527/1187 565/1186
f 527/1187 564/1189 769/1192
f 764/1853 418/1854 857/1855
f 395/501 768/496 895/504
f 561/513 394/505 897/509
f 555/1315 417/1327 559/1323
f 494/1788 761/1791 464/1786
f 584/1059 476/1066 557/1063
f 248/591 396/586 406/588
f 548/1701 758/1699 556/1698
f 754/1696 556/1698 758/1699
f 477/1353 475/1352 751/1356
f 557/1063 748/1055 584/1059
f 754/1696 758/1699 554/1700
f 554/1317 548/1320 754/1324
f 398/1610 415/1612 760/1613
f 759/1616 760/1613 415/1612
f 752/1227 759/1226 397/1223
f 752/600 248/591 759/603
f 415/1612 282/1617 759/1616
f 282/598 415/610 467/608
f 282/1229 398/1228 759/1226
f 248/591 752/600 753/599
f 755/482 403/480 756/486
f 552/697 553/705 482/702
f 553/705 741/708 482/702
f 548/479 755/482 754/485
f 753/599 752/600 283/602
f 283/602 752/600 282/598
f 552/1318 584/1321 555/1315
f 554/1317 552/1318 555/1315
f 482/702 738/699 552/697
f 556/1698 405/1702 548/1701
f 248/591 413/595 425/589
f 396/586 248/591 425/589
f 556/1698 416/1703 405/1702
f 393/616 394/618 562/613
f 395/501 393/497 407/488
f 408/1611 393/1614 415/1612
f 494/1330 487/1326 583/1332
f 407/488 414/477 583/491
f 494/487 414/477 573/483
f 555/1315 751/1325 417/1327
f 551/1316 555/1315 550/1319
f 417/1052 477/1062 584/1059
f 466/1049 417/1052 748/1055
f 555/1315 584/1321 751/1325
f 461/1050 462/1053 894/1056
f 750/1051 461/1050 749/1054
f 749/1054 461/1050 899/1057
f 466/1049 462/1053 461/1050
f 750/1051 417/1052 466/1049
f 748/1055 557/1063 552/1067
f 466/689 731/692 465/690
f 731/692 579/695 465/690
f 552/1361 739/1359 584/1355
f 552/697 738/699 549/694
f 756/486 403/480 412/489
f 482/702 741/708 740/713
f 747/1452 531/1456 387/1454
f 527/1187 730/1190 528/1188
f 309/25 336/14 308/33
f 733/1743 732/1742 388/1746
f 732/1742 532/1745 388/1746
f 273/1305 274/1307 746/1308
f 379/442 745/449 387/456
f 531/1456 379/1457 387/1454
f 375/423 745/449 379/442
f 375/423 374/414 709/426
f 375/423 484/443 471/451
f 743/1310 746/1308 274/1307
f 274/1307 373/1311 743/1310
f 373/1311 379/1314 531/1313
f 471/451 745/449 375/423
f 246/42 244/32 469/19
f 742/1498 745/1497 662/1496
f 244/32 700/23 469/19
f 387/1454 388/1455 532/1453
f 746/1308 779/1309 273/1305
f 273/502 779/498 412/489
f 244/1621 485/1627 484/1628
f 744/1488 661/1493 471/1494
f 512/939 279/938 290/936
f 746/723 743/728 478/727
f 493/1446 478/1449 734/1447
f 745/1497 471/1494 661/1493
f 482/1916 483/1917 739/1918
f 468/34 737/45 742/54
f 309/25 468/34 469/19
f 735/1070 483/1069 543/1071
f 571/1450 572/1448 492/1445
f 543/704 483/717 740/713
f 549/694 735/703 543/704
f 468/34 309/25 737/45
f 544/700 736/706 782/711
f 483/1069 735/1070 552/1067
f 482/702 739/709 735/703
f 730/1190 527/1187 462/1193
f 540/1191 530/1185 528/1188
f 538/29 729/37 486/48
f 721/22 687/11 707/15
f 719/57 718/76 725/68
f 486/48 729/37 457/56
f 538/1002 316/1005 723/1006
f 667/1706 665/1707 666/1704
f 336/14 309/25 469/19
f 692/1081 694/1077 698/1082
f 708/5 699/10 697/7
f 692/1208 695/1205 693/1204
f 704/46 690/89 340/80
f 275/82 727/99 380/83
f 372/1872 380/1873 381/1874
f 570/1007 723/1006 316/1005
f 570/67 726/84 717/75
f 294/64 728/47 704/46
f 469/19 700/23 699/10
f 243/72 294/64 704/46
f 264/96 376/97 340/80
f 380/83 353/73 275/82
f 710/418 709/426 374/414
f 275/82 294/64 293/81
f 381/93 727/99 717/75
f 294/64 275/82 353/73
f 353/73 728/47 294/64
f 538/29 723/38 721/22
f 707/15 729/37 538/29
f 719/57 725/68 716/49
f 728/47 729/37 703/28
f 457/56 729/37 728/47
f 371/65 353/73 380/83
f 728/47 353/73 371/65
f 371/65 457/56 728/47
f 371/65 381/93 726/84
f 371/65 726/84 570/67
f 716/49 720/50 721/22
f 723/38 719/57 716/49
f 371/65 570/67 457/56
f 717/75 726/84 381/93
f 722/85 717/75 1094/104
f 727/99 366/103 717/75
f 717/75 366/103 1093/110
f 719/57 570/67 717/75
f 722/85 715/66 718/76
f 722/85 718/76 717/75
f 718/1587 724/1588 717/1589
f 715/66 720/50 716/49
f 716/49 725/68 715/66
f 569/997 315/988 538/1002
f 714/74 722/85 1097/95
f 901/30 721/22 903/39
f 720/50 715/66 714/74
f 903/39 720/50 904/58
f 724/86 718/76 719/57
f 706/21 703/28 707/15
f 707/15 538/29 721/22
f 684/36 703/28 706/21
f 714/74 715/66 722/85
f 711/24 712/13 902/31
f 712/13 713/18 682/8
f 680/6 706/21 707/15
f 687/11 681/9 680/6
f 711/24 713/18 712/13
f 336/14 682/8 910/20
f 699/10 708/5 682/8
f 699/10 336/14 469/19
f 701/444 470/435 270/425
f 470/16 701/12 699/10
f 470/435 710/418 270/425
f 690/454 547/448 264/460
f 243/1893 242/1894 376/1895
f 703/28 729/37 707/15
f 717/75 724/86 719/57
f 698/3 683/2 708/5
f 682/8 708/5 683/2
f 538/1387 537/1388 569/1389
f 687/11 712/13 681/9
f 690/89 264/96 340/80
f 655/1206 656/1210 704/1207
f 690/1678 656/1675 691/1674
f 242/90 340/80 376/97
f 704/1207 656/1210 690/1214
f 704/46 728/47 703/28
f 694/1077 660/1076 680/1075
f 659/1211 644/1217 642/1212
f 643/1079 694/1077 642/1080
f 682/8 681/9 712/13
f 645/1216 660/1221 643/1219
f 659/1211 693/1204 704/1207
f 704/1207 684/1215 659/1211
f 642/1080 694/1077 692/1081
f 693/1204 642/1212 692/1208
f 710/418 470/435 700/436
f 701/1088 688/1087 689/1086
f 699/10 700/23 470/16
f 645/1216 684/1215 685/1218
f 686/1220 645/1216 685/1218
f 697/1083 689/1086 654/1085
f 655/1206 695/1205 654/1209
f 697/1083 695/1084 692/1081
f 696/1495 662/1496 661/1493
f 683/2 694/1 705/4
f 706/1073 680/1075 686/1074
f 680/1075 660/1076 686/1074
f 684/1864 706/1865 685/1866
f 680/1075 705/1078 694/1077
f 682/8 683/2 681/9
f 683/2 680/6 681/9
f 657/1624 244/1621 245/1623
f 679/44 308/33 336/14
f 871/53 679/44 912/61
f 908/35 336/14 911/26
f 537/1388 538/1387 458/1390
f 712/13 687/11 721/22
f 535/1120 539/1121 458/1122
f 539/1121 677/1125 458/1122
f 676/996 315/988 496/991
f 678/998 503/986 567/994
f 534/1131 675/1129 593/1132
f 537/1388 677/1392 304/1394
f 303/1247 568/1249 304/1246
f 676/1127 496/1130 675/1129
f 676/1127 675/1129 539/1121
f 539/1121 675/1129 304/1128
f 677/1125 539/1121 304/1128
f 568/1391 537/1388 304/1394
f 593/1900 533/1901 534/1902
f 303/1247 533/1245 674/1248
f 315/988 669/985 673/984
f 496/1130 593/1132 675/1129
f 667/1706 672/1710 668/1709
f 665/1707 667/1706 668/1709
f 651/1845 666/1844 665/1847
f 657/1491 696/1495 661/1493
f 245/1682 662/1681 696/1684
f 513/1878 514/1879 297/1880
f 651/1822 668/1823 672/1824
f 663/1399 297/1401 670/1405
f 772/738 671/751 670/750
f 298/1407 670/1405 297/1401
f 772/1402 663/1399 671/1406
f 640/1535 649/1536 513/1534
f 650/1538 298/1539 513/1534
f 649/1536 298/1539 650/1538
f 651/1845 672/1849 652/1848
f 667/1706 652/1708 672/1710
f 640/1535 641/1533 649/1536
f 686/1220 660/1221 645/1216
f 643/1219 644/1217 645/1216
f 643/1219 642/1212 644/1217
f 647/1530 641/1533 639/1531
f 641/1533 640/1535 639/1531
f 513/1534 646/1532 639/1531
f 662/1496 745/1497 661/1493
f 688/1677 691/1674 653/1676
f 658/1626 244/1621 657/1624
f 688/1677 702/1679 691/1674
f 653/1090 655/1091 654/1092
f 655/1206 653/1213 656/1210
f 319/271 637/266 795/268
f 630/924 629/920 480/922
f 637/266 638/265 262/262
f 636/263 262/262 635/264
f 512/939 288/934 318/940
f 260/878 481/875 511/874
f 624/326 422/331 623/323
f 508/870 481/875 480/877
f 260/878 480/877 481/875
f 508/870 634/872 481/875
f 511/874 481/875 634/872
f 510/970 473/967 259/964
f 259/964 473/967 255/965
f 626/814 313/816 314/817
f 454/925 455/921 631/923
f 631/923 455/921 629/920
f 629/920 455/921 314/915
f 455/821 454/824 633/819
f 314/817 455/821 633/819
f 28/330 624/326 617/321
f 637/266 319/271 300/269
f 620/912 509/918 314/915
f 620/912 508/916 509/918
f 622/815 626/814 628/818
f 314/915 313/919 622/913
f 253/909 620/912 314/915
f 626/814 633/819 625/822
f 629/920 509/918 508/916
f 625/822 510/827 627/830
f 489/820 622/815 628/818
f 305/826 622/815 291/823
f 291/978 488/975 602/979
f 253/909 305/910 252/907
f 291/823 621/828 305/826
f 488/975 600/977 602/979
f 292/831 621/828 291/823
f 607/1843 608/1840 601/1842
f 305/826 621/828 292/831
f 609/944 623/942 512/939
f 292/831 252/833 305/826
f 253/909 254/908 620/912
f 624/326 623/323 617/321
f 622/913 305/910 253/909
f 254/908 508/916 620/912
f 300/269 618/272 299/267
f 618/272 604/273 299/267
f 302/835 252/833 292/831
f 623/323 609/319 617/321
f 609/319 619/318 617/321
f 610/383 605/384 606/385
f 617/321 14/324 28/330
f 15/320 14/324 617/321
f 617/321 619/318 15/320
f 605/384 610/383 609/387
f 15/320 619/318 610/317
f 613/1544 612/1547 611/1550
f 614/386 611/389 610/383
f 611/1550 614/1551 613/1544
f 606/385 614/386 610/383
f 606/1548 613/1544 614/1551
f 4/1549 22/1546 506/1545
f 611/334 612/347 22/339
f 22/1546 612/1547 613/1544
f 616/391 615/393 507/394
f 606/1548 507/1552 506/1545
f 613/1544 606/1548 506/1545
f 616/391 507/394 606/385
f 21/1261 4/1262 506/1263
f 606/385 605/384 604/388
f 616/391 606/385 604/388
f 605/384 310/392 604/388
f 292/981 291/978 602/979
f 603/837 608/838 302/835
f 608/838 607/839 302/835
f 301/914 302/911 607/917
f 607/876 601/873 301/868
f 306/869 301/868 600/871
f 601/980 602/979 600/977
f 292/981 601/980 603/982
f 600/871 301/868 601/873
f 292/981 602/979 601/980
f 301/914 254/908 302/911
f 599/1477 598/1479 497/1474
f 497/1474 585/1471 599/1477
f 587/1472 497/1474 595/1476
f 497/1896 596/1897 595/1898
f 497/1474 598/1479 597/1481
f 501/1519 598/1518 502/1517
f 523/1715 502/1716 594/1717
f 502/1517 598/1518 599/1512
f 592/1514 594/1515 599/1512
f 523/1715 594/1717 592/1718
f 505/989 592/999 591/987
f 495/1473 590/1470 587/1472
f 589/1720 814/1722 524/1721
f 587/1472 588/1480 490/1478
f 490/1478 586/1475 587/1472
f 592/999 590/1000 591/987
f 488/975 306/974 600/977
f 306/869 511/874 634/872
f 488/975 291/978 489/976
f 508/870 254/867 306/869
f 512/939 526/946 609/944
f 526/1369 318/1370 317/1371
f 638/265 637/266 300/269
f 638/265 299/267 635/264
f 299/267 310/270 635/264
f 288/934 636/937 318/940
f 490/1134 491/1137 533/1136
f 674/1248 533/1245 491/1251
f 593/1132 490/1134 533/1136
f 669/985 568/990 503/986
f 497/1896 498/1899 596/1897
f 503/986 678/998 589/993
f 587/1913 595/1914 500/1915
f 525/1806 595/1807 596/1808
f 525/1806 588/1809 595/1807
f 491/1251 588/1253 674/1248
f 498/1811 595/1807 588/1809
f 588/1480 596/1482 498/1484
f 811/1231 636/1230 855/1233
f 318/1370 526/1369 512/1373
f 635/1236 310/1237 855/1233
f 587/1485 500/1486 596/1487
f 317/1371 810/1372 526/1369
f 523/1256 524/1255 499/1254
f 500/1633 595/1636 498/1634
f 674/1248 499/1254 678/1252
f 596/1260 500/1258 525/1259
f 497/1632 501/1630 500/1633
f 592/1718 589/1720 523/1715
f 524/1721 523/1715 589/1720
f 678/1252 524/1255 814/1257
f 499/1254 674/1248 588/1253
f 524/1255 678/1252 499/1254
f 501/1630 497/1632 597/1631
f 310/1237 812/1235 855/1233
f 811/1231 855/1233 812/1235
f 812/1762 810/1761 811/1760
f 791/649 404/635 517/647
f 310/1375 526/1369 812/1374
f 310/392 605/384 526/390
f 526/390 605/384 609/387
f 284/681 518/677 807/670
f 806/1025 522/1028 521/1032
f 616/391 604/388 615/393
f 576/1031 542/1034 522/1028
f 854/275 618/272 300/269
f 854/275 1/280 604/273
f 604/273 618/272 854/275
f 2/279 1/280 854/275
f 1/395 615/393 604/388
f 518/677 519/671 807/670
f 807/670 805/676 1021/679
f 516/664 520/669 807/670
f 806/1812 521/1813 1070/1814
f 1020/1033 804/1024 1024/1030
f 520/669 805/676 807/670
f 805/676 576/673 1019/680
f 522/1028 804/1024 576/1031
f 804/1024 522/1028 806/1025
f 520/669 576/673 805/676
f 797/276 815/277 300/269
f 854/275 300/269 815/277
f 815/277 2/279 854/275
f 300/269 794/274 797/276
f 808/1170 459/1171 800/1172
f 459/1171 808/1170 1016/1174
f 796/674 853/668 802/675
f 517/647 575/650 546/648
f 802/675 519/671 517/678
f 518/677 575/684 517/678
f 801/1173 808/1170 800/1172
f 1015/1178 284/1176 1029/1183
f 284/1176 801/1173 518/1179
f 808/1170 801/1173 284/1176
f 575/1175 518/1179 801/1173
f 404/635 796/638 802/644
f 546/1180 575/1175 800/1172
f 767/607 785/605 578/611
f 853/668 796/674 852/672
f 852/672 850/665 853/668
f 792/637 236/646 237/643
f 850/665 515/662 853/668
f 853/668 519/671 802/675
f 237/643 852/640 792/637
f 796/638 790/634 852/640
f 319/271 794/274 300/269
f 798/1158 800/1160 459/1156
f 404/635 802/644 517/647
f 790/634 247/631 788/628
f 790/634 792/637 852/640
f 247/631 790/634 796/638
f 580/1571 777/1575 763/1572
f 236/1778 792/1779 809/1777
f 916/1559 777/1560 917/1561
f 862/1573 762/1576 918/1579
f 563/1036 560/1035 522/1028
f 574/1748 813/1749 582/1750
f 788/628 792/637 790/634
f 788/653 783/652 577/655
f 577/655 783/652 786/657
f 767/659 577/655 786/657
f 237/1776 236/1778 809/1777
f 577/655 574/663 541/660
f 515/662 809/658 541/660
f 516/664 542/666 520/669
f 920/1037 560/1035 1073/1040
f 807/670 851/667 516/664
f 545/609 582/614 813/615
f 813/1749 574/1748 578/1751
f 850/665 809/658 515/662
f 809/658 792/656 577/655
f 809/658 577/655 541/660
f 545/609 813/615 578/611
f 467/608 563/612 545/609
f 563/612 582/614 545/609
f 542/1034 574/1042 582/1038
f 775/736 772/738 868/741
f 749/1054 418/1058 417/1052
f 417/1052 750/1051 749/1054
f 651/1822 665/1825 668/1823
f 566/87 773/70 872/88
f 682/8 711/24 906/27
f 315/988 648/992 669/985
f 688/1087 653/1089 654/1085
f 394/505 393/497 395/501
f 762/1564 763/1562 919/1563
f 759/1226 766/1224 397/1223
f 759/1226 398/1228 766/1224
f 931/77 714/74 936/94
f 278/411 391/419 392/415
f 1033/539 334/531 1034/544
f 332/949 241/956 328/955
f 1034/1157 459/1156 1035/1159
f 377/450 384/433 378/432
f 421/935 289/931 290/936
f 337/174 433/178 338/173
f 343/468 411/465 342/458
f 443/336 28/330 198/341
f 226/162 451/141 225/154
f 631/923 453/926 368/928
f 341/357 426/342 198/341
f 335/520 333/523 329/527
f 358/136 355/143 351/137
f 198/341 426/342 443/336
f 434/142 348/132 258/135
f 392/415 423/428 432/420
f 423/179 338/173 432/163
f 427/437 423/428 391/419
f 278/411 390/424 420/434
f 339/191 341/204 172/192
f 170/533 323/522 334/531
f 420/932 287/933 419/930
f 446/1152 444/1153 325/1150
f 422/331 426/342 339/350
f 420/932 421/935 279/938
f 420/932 289/931 421/935
f 427/943 422/941 423/945
f 390/424 384/433 420/434
f 345/469 411/465 343/468
f 343/499 273/502 412/489
f 343/468 344/470 345/469
f 494/487 583/491 414/477
f 398/484 406/478 414/477
f 385/459 342/458 411/465
f 384/433 287/452 420/434
f 378/432 379/442 377/450
f 1086/121 281/125 1089/128
f 372/92 381/93 371/65
f 177/530 171/535 168/532
f 172/192 341/204 173/205
f 206/947 332/949 330/950
f 167/526 328/534 329/527
f 335/520 329/527 326/528
f 327/959 241/956 285/957
f 168/532 167/526 177/530
f 167/526 329/527 333/523
f 636/1230 635/1236 855/1233
f 267/431 547/448 690/454
f 751/1356 584/1355 477/1353
f 736/706 544/700 543/704
f 464/1786 551/1787 573/1784
f 248/591 753/599 249/597
f 677/1392 537/1388 458/1390
f 697/1083 692/1081 698/1082
f 648/1395 569/1389 568/1391
f 316/1005 535/1004 570/1007
f 495/1135 586/1133 496/1130
f 308/1705 652/1708 667/1706
f 512/939 623/942 422/941
f 678/1252 567/1250 674/1248
f 592/999 505/989 589/993
f 510/970 307/971 628/973
f 284/681 807/670 1022/682
f 519/671 851/667 807/670
f 851/667 519/671 515/662
f 767/659 578/661 577/655
f 419/930 636/937 288/934
f 256/968 281/966 255/965
f 279/938 421/935 290/936
f 256/825 632/829 368/832
f 281/834 256/825 368/832
f 453/926 367/929 368/928
f 272/413 710/418 374/414
f 413/624 757/620 262/622
f 404/635 791/649 546/648
f 546/648 798/645 404/635
f 797/276 794/274 793/278
f 404/635 247/631 796/638
f 788/628 247/631 789/623
f 249/627 784/632 787/625
f 574/663 542/666 541/660
f 771/1423 553/1421 758/1424
f 542/666 516/664 541/660
f 463/500 768/496 583/491
f 778/710 312/714 736/706
f 245/1682 246/1685 742/1683
f 309/25 666/43 737/45
f 388/1567 571/1568 733/1569
f 529/701 540/696 579/695
f 649/1536 650/1538 513/1534
f 649/756 566/755 298/752
f 652/1848 773/1846 651/1845
f 565/732 581/735 915/737
f 935/1578 580/1571 940/1582
f 561/1039 560/1035 563/1036
f 563/612 562/613 561/617
f 395/501 407/488 768/496
f 559/1323 550/1319 555/1315
f 558/1065 557/1063 476/1066
f 558/1065 475/1068 557/1063
f 393/616 562/613 415/610
f 550/1319 487/1326 556/1322
f 417/1052 418/1058 764/1061
f 417/519 764/514 559/517
f 417/1052 584/1059 748/1055
f 554/707 553/705 552/697
f 543/704 544/700 549/694
f 755/482 548/479 402/476
f 405/474 402/476 548/479
f 897/509 395/501 925/512
f 562/613 394/618 561/617
f 731/692 549/694 579/695
f 466/689 748/698 552/697
f 732/1742 492/1741 532/1745
f 479/1312 743/1310 373/1311
f 747/1452 734/1447 478/1449
f 479/729 531/730 478/727
f 742/54 246/42 468/34
f 388/1567 387/1570 571/1568
f 528/1188 530/1185 527/1187
f 721/22 723/38 716/49
f 380/83 372/92 371/65
f 570/1123 458/1122 457/1126
f 315/988 535/1004 316/1005
f 316/1005 538/1002 315/988
f 707/15 687/11 680/6
f 697/7 698/3 708/5
f 699/10 701/12 697/7
f 536/1001 535/1004 315/988
f 704/1207 693/1204 655/1206
f 570/1123 535/1120 458/1122
f 659/1211 684/1215 645/1216
f 701/1680 702/1679 688/1677
f 695/1084 697/1083 654/1085
f 676/996 536/1001 315/988
f 568/990 669/985 648/992
f 537/1388 568/1391 569/1389
f 675/1129 534/1131 304/1128
f 539/1121 536/1124 676/1127
f 303/1247 304/1246 533/1245
f 504/983 669/985 503/986
f 298/1539 514/1540 513/1534
f 581/1577 580/1571 863/1574
f 580/1571 581/1577 928/1581
f 640/1535 513/1534 639/1531
f 288/934 512/939 290/936
f 422/941 279/938 512/939
f 307/971 510/970 259/964
f 307/971 306/974 488/975
f 307/971 259/964 511/972
f 511/874 259/879 260/878
f 256/968 473/967 510/970
f 626/1860 625/1861 627/1862
f 626/1860 627/1862 628/1863
f 622/913 253/909 314/915
f 633/819 626/814 314/817
f 489/820 291/823 622/815
f 507/1264 21/1261 506/1263
f 505/989 504/983 503/986
f 499/1254 525/1259 500/1258
f 523/1715 501/1719 502/1716
f 585/1513 590/1516 592/1514
f 589/993 505/989 503/986
f 497/1632 500/1633 498/1634
f 588/1480 491/1483 490/1478
f 590/1000 495/995 591/987
f 591/987 496/991 673/984
f 591/1857 504/1858 505/1859
f 490/1134 593/1132 586/1133
f 523/1256 499/1254 500/1258
f 303/1247 674/1248 567/1250
f 588/1809 525/1806 499/1810
f 560/1035 521/1032 522/1028
f 576/673 520/669 542/666
f 546/648 791/649 517/647
f 798/1182 546/1180 800/1172
f 515/662 519/671 853/668
f 517/678 519/671 518/677
f 801/1173 800/1172 575/1175
f 542/1034 563/1036 522/1028
f 851/667 515/662 516/664
f 785/605 545/609 578/611
f 563/1036 542/1034 582/1038
f 574/663 577/655 578/661
f 516/664 515/662 541/660
f 1075/1045 927/1046 1076/1047
f 326/958 241/956 327/959
f 327/524 335/520 326/528
f 407/488 393/497 408/492
f 241/956 326/958 328/955
f 410/1022 261/1020 263/1023
f 556/1322 487/1326 416/1328
f 401/475 406/478 400/472
f 367/122 250/117 369/107
f 486/1393 457/1396 458/1390
f 886/744 565/732 939/740
f 556/1790 573/1784 551/1787
f 549/694 731/692 466/689
f 781/720 779/725 746/723
f 538/1387 486/1393 458/1390
f 705/4 680/6 683/2
f 262/262 795/268 637/266
f 625/822 256/825 510/827
f 275/1341 293/1338 276/1340
f 740/713 483/717 482/702
f 646/1398 513/1404 297/1401
f 734/1747 532/1745 492/1741
f 529/1752 544/1753 530/1754
f 514/1408 298/1407 297/1401
f 298/752 566/755 875/754
f 559/1323 765/1329 487/1326
f 761/490 494/487 573/483
f 487/1326 494/1330 416/1328
f 494/1788 464/1786 416/1785
f 544/700 579/695 549/694
f 738/699 482/702 735/703
f 387/456 745/449 742/461
f 572/1448 493/1446 492/1445
f 744/1488 471/1494 484/1492
f 531/730 747/731 478/727
f 733/1743 571/1744 492/1741
f 536/1124 539/1121 535/1120
f 569/997 648/992 315/988
f 488/975 628/973 307/971
f 630/880 480/877 260/878
f 314/915 509/918 629/920
f 587/1472 586/1475 495/1473
f 593/1132 496/1130 586/1133
f 591/987 495/995 496/991
f 501/1630 523/1635 500/1633
f 678/998 814/1003 589/993
f 810/1372 812/1374 526/1369
f 530/1185 540/1191 529/1194
f 556/1322 551/1316 550/1319
f 941/778 92/779 942/780
f 192/1008 80/1009 221/1010
f 210/209 180/194 78/200
f 93/793 48/787 68/795
f 214/800 822/812 213/810
f 146/193 155/213 144/206
f 202/840 125/841 122/842
f 947/1763 103/1764 948/1765
f 84/788 92/779 60/784
f 949/1686 87/1687 950/1688
f 91/250 84/239 87/244
f 191/177 190/172 196/167
f 214/800 73/798 72/808
f 24/294 141/303 202/308
f 200/170 195/152 185/165
f 330/538 167/526 176/543
f 1036/1867 163/1868 1037/1869
f 98/199 90/186 146/193
f 129/579 127/571 132/576
f 122/842 125/841 112/845
f 109/221 104/214 212/229
f 102/1291 104/1292 107/1293
f 91/792 230/802 229/797
f 78/200 77/197 182/201
f 80/809 72/808 68/795
f 77/197 82/217 83/224
f 1038/1458 134/1459 1039/1460
f 232/1602 101/1603 953/1604
f 957/856 116/853 958/858
f 959/1427 106/1428 960/1429
f 953/1604 119/1607 964/1609
f 119/1432 235/1430 962/1433
f 101/1603 232/1602 103/1606
f 140/364 204/372 234/376
f 849/846 203/843 969/849
f 944/1093 209/1094 971/1095
f 121/847 203/843 122/842
f 946/1109 118/1102 972/1105
f 107/227 130/245 974/251
f 106/256 107/227 975/253
f 978/790 91/792 979/794
f 984/246 86/234 985/247
f 88/237 108/241 983/248
f 87/244 88/237 986/249
f 988/807 230/802 989/811
f 979/794 229/797 990/801
f 991/243 99/223 992/242
f 989/1693 231/1689 995/1695
f 228/885 197/886 56/887
f 227/1013 194/1016 189/1015
f 190/1274 188/1271 226/1273
f 1083/1275 194/1279 1101/1282
f 191/177 193/183 187/189
f 222/166 79/176 193/183
f 187/1711 193/1712 220/1713
f 79/176 220/187 193/183
f 221/1010 29/1011 192/1008
f 220/187 79/176 71/196
f 71/1714 187/1711 220/1713
f 196/167 222/166 191/177
f 184/171 224/161 200/170
f 196/167 226/162 225/154
f 224/161 222/166 225/154
f 222/166 196/167 225/154
f 72/808 822/812 214/800
f 216/1520 822/1521 70/1522
f 80/894 197/886 221/889
f 70/1522 217/1523 216/1520
f 230/1691 91/1694 87/1687
f 214/800 213/810 215/805
f 822/1521 216/1520 213/1524
f 216/1520 215/1526 213/1524
f 103/1295 95/1297 104/1292
f 210/1819 182/1820 180/1821
f 74/1525 215/1526 216/1520
f 74/796 93/793 214/800
f 205/371 204/372 211/363
f 101/1298 102/1291 119/1296
f 74/211 77/197 75/218
f 231/1689 230/1691 87/1687
f 216/1520 217/1523 74/1525
f 90/186 78/200 180/194
f 76/233 84/239 64/238
f 26/344 145/361 149/349
f 140/364 137/367 219/360
f 104/1286 95/1287 100/1288
f 102/1301 212/1300 100/1303
f 95/1302 109/1304 212/1300
f 207/1637 124/1638 208/1639
f 125/841 202/840 207/844
f 141/303 124/311 202/308
f 143/301 127/310 141/303
f 111/1463 123/1461 1038/1458
f 209/1094 114/1099 115/1103
f 125/315 126/313 112/316
f 1046/1107 115/1103 1047/1111
f 208/1657 113/1658 1048/1659
f 124/1661 125/1664 113/1658
f 208/1657 124/1661 113/1658
f 44/409 40/404 43/408
f 207/1637 208/1639 1052/1640
f 1047/1733 207/1734 1055/1735
f 113/1737 125/1739 207/1734
f 202/840 122/842 203/843
f 24/294 42/297 141/303
f 148/298 147/291 30/288
f 201/1553 206/1554 174/1555
f 183/182 186/195 81/184
f 181/1601 185/1600 441/1596
f 185/1600 199/1597 441/1596
f 186/195 180/194 182/201
f 185/165 184/171 200/170
f 189/1277 194/1279 188/1271
f 222/166 193/183 191/177
f 183/182 185/165 181/169
f 184/171 185/165 183/182
f 80/894 66/890 197/886
f 222/166 184/171 79/176
f 192/198 29/185 187/189
f 183/182 180/194 186/195
f 81/184 184/171 183/182
f 186/195 182/201 81/184
f 90/186 180/194 181/169
f 157/181 90/186 181/169
f 80/210 192/198 71/196
f 79/176 184/171 81/184
f 191/177 29/185 190/172
f 180/194 183/182 181/169
f 190/1274 189/1277 188/1271
f 175/559 176/543 148/551
f 167/526 154/545 176/543
f 146/193 157/181 172/192
f 173/205 146/193 172/192
f 206/1554 179/1556 174/1555
f 173/358 198/341 149/349
f 169/537 164/555 158/550
f 171/535 159/540 168/532
f 169/537 177/530 170/533
f 169/537 170/533 1056/542
f 171/535 177/530 169/537
f 167/526 168/532 150/536
f 167/526 150/536 161/541
f 166/561 136/556 153/553
f 159/540 171/535 169/537
f 161/541 150/536 165/546
f 150/536 153/553 165/546
f 150/536 151/554 153/553
f 162/552 165/546 136/556
f 160/1723 153/1724 142/1725
f 142/566 153/553 1060/567
f 159/540 158/550 152/547
f 1058/557 158/550 1062/563
f 163/1868 158/1870 164/1871
f 153/553 160/565 166/561
f 150/536 159/540 152/547
f 151/554 152/547 153/553
f 162/552 148/551 161/541
f 142/566 166/561 160/565
f 136/556 135/560 162/552
f 26/344 219/360 145/361
f 157/181 146/193 90/186
f 137/1541 156/1542 144/1543
f 145/219 155/213 146/193
f 146/193 173/205 149/212
f 148/551 154/545 161/541
f 145/219 137/226 144/206
f 137/226 131/240 107/227
f 144/206 156/228 105/220
f 136/556 166/561 142/566
f 146/193 144/206 98/199
f 104/214 144/206 105/220
f 144/206 104/214 98/199
f 145/361 219/360 137/367
f 140/364 131/373 137/367
f 141/303 42/297 143/301
f 42/297 147/291 143/301
f 142/566 138/569 136/556
f 138/569 132/576 139/574
f 127/571 139/574 132/576
f 138/569 139/574 127/571
f 127/571 143/564 138/569
f 1041/575 142/566 1061/573
f 138/569 133/572 132/576
f 136/556 143/564 135/560
f 123/578 133/572 1065/580
f 126/1467 128/1469 132/1468
f 132/1468 123/1461 126/1467
f 105/220 137/226 107/227
f 132/576 128/581 129/579
f 234/376 130/377 140/364
f 131/240 130/245 107/227
f 115/1103 111/1112 1043/1115
f 112/1795 111/1796 110/1797
f 110/1106 111/1112 115/1103
f 130/377 234/376 956/381
f 117/848 116/853 120/850
f 141/303 127/310 124/311
f 126/313 124/311 127/310
f 128/581 126/583 129/579
f 112/1466 126/1467 123/1461
f 111/1463 112/1466 123/1461
f 117/848 122/842 112/845
f 120/850 203/843 121/847
f 102/1291 107/1293 106/1294
f 235/1430 119/1432 106/1428
f 106/1294 119/1296 102/1291
f 130/377 131/373 140/364
f 102/1376 100/1377 103/1378
f 100/1288 95/1287 101/1290
f 212/1300 101/1299 95/1302
f 212/1289 104/1286 100/1288
f 101/1603 103/1606 100/1608
f 98/199 95/216 96/207
f 107/227 104/214 105/220
f 104/1292 102/1291 103/1295
f 99/223 95/216 951/231
f 86/234 97/230 99/223
f 88/237 85/222 108/241
f 86/234 108/241 85/222
f 85/222 88/237 83/224
f 99/223 96/207 95/216
f 96/207 97/230 85/222
f 90/186 94/208 78/200
f 90/186 98/199 96/207
f 82/217 94/208 90/186
f 90/186 96/207 89/215
f 89/215 82/217 90/186
f 89/215 96/207 85/222
f 97/230 96/207 99/223
f 85/222 97/230 86/234
f 88/237 87/244 83/224
f 83/224 87/244 84/239
f 48/787 93/793 61/791
f 82/217 85/222 83/224
f 82/217 89/215 85/222
f 83/224 76/233 75/218
f 77/197 83/224 75/218
f 84/239 76/233 83/224
f 84/788 91/792 92/779
f 56/904 69/905 63/906
f 75/218 76/233 65/232
f 61/225 75/218 65/232
f 74/211 75/218 61/225
f 61/791 93/793 74/796
f 217/203 77/197 74/211
f 93/793 73/798 214/800
f 73/798 93/793 68/795
f 70/188 72/202 71/196
f 73/798 67/803 72/808
f 78/200 182/201 210/209
f 71/196 79/176 70/188
f 56/887 197/886 66/890
f 80/210 71/196 72/202
f 79/176 81/184 70/188
f 77/197 78/200 82/217
f 77/197 70/188 81/184
f 77/197 217/203 70/188
f 56/887 63/901 1107/896
f 66/804 80/809 68/795
f 72/808 67/803 68/795
f 1109/758 997/759 1127/760
f 1110/1435 58/1436 1111/1437
f 57/781 61/791 64/789
f 57/781 64/789 60/784
f 92/779 57/781 60/784
f 64/789 84/788 60/784
f 61/225 65/232 64/238
f 76/233 64/238 65/232
f 47/783 57/781 941/778
f 47/783 48/787 57/781
f 52/1826 50/1827 46/1828
f 55/895 59/900 56/887
f 49/771 46/763 54/773
f 46/1828 50/1827 54/1829
f 51/1646 53/1647 52/1648
f 1114/768 46/763 1115/766
f 46/763 45/761 1109/758
f 49/771 47/770 46/763
f 46/763 47/770 999/769
f 55/776 48/774 49/771
f 48/774 47/770 49/771
f 1000/764 46/763 1001/767
f 148/298 174/299 175/307
f 78/200 94/208 82/217
f 40/404 20/399 37/402
f 24/294 32/289 31/285
f 841/410 44/409 43/408
f 221/889 197/886 228/885
f 214/800 215/805 74/796
f 184/171 222/166 224/161
f 140/364 219/360 218/353
f 25/296 32/289 24/294
f 816/281 34/284 33/286
f 16/346 844/355 17/335
f 5/333 7/325 6/328
f 1/395 20/399 19/396
f 1/395 845/397 615/393
f 40/404 41/407 20/399
f 37/402 840/406 40/404
f 841/1409 43/1410 839/1411
f 838/1502 843/1503 829/1504
f 797/276 34/284 816/281
f 823/352 848/343 835/337
f 833/283 832/287 1/280
f 816/281 832/287 833/283
f 1002/861 831/860 1003/859
f 20/399 818/400 37/402
f 35/1162 819/1163 830/1164
f 26/344 27/338 218/353
f 29/1011 221/1010 9/1012
f 227/1379 223/1380 1106/1381
f 223/1014 227/1013 9/1012
f 227/1013 29/1011 9/1012
f 140/364 218/353 823/352
f 31/285 34/284 797/276
f 201/292 30/288 799/282
f 218/353 219/360 26/344
f 31/285 799/282 30/288
f 205/371 234/376 204/372
f 42/297 24/294 31/285
f 203/843 120/850 966/852
f 849/846 202/840 203/843
f 31/285 30/288 147/291
f 25/296 24/294 849/304
f 1004/375 827/366 1005/379
f 204/372 140/364 211/363
f 823/352 211/363 140/364
f 1119/1238 9/1239 1121/1240
f 221/889 228/885 8/893
f 8/893 9/898 221/889
f 27/338 847/327 848/343
f 1122/899 228/885 1123/897
f 9/898 8/893 1122/899
f 13/332 835/337 847/327
f 27/338 28/330 847/327
f 12/322 847/327 14/324
f 21/1261 507/1264 23/1266
f 28/330 14/324 847/327
f 610/317 611/334 6/328
f 15/320 610/317 12/322
f 7/325 12/322 610/317
f 7/325 610/317 6/328
f 14/324 15/320 12/322
f 847/327 835/337 848/343
f 847/327 12/322 13/332
f 12/322 7/325 821/329
f 22/339 6/328 611/334
f 21/1261 16/1265 4/1262
f 6/328 22/339 5/333
f 4/354 16/346 3/345
f 11/1269 844/1270 16/1265
f 5/333 3/345 16/346
f 22/339 4/354 3/345
f 5/333 17/335 7/325
f 18/1267 16/1265 21/1261
f 820/1666 10/1667 18/1668
f 820/1666 19/1670 10/1667
f 845/1875 846/1876 615/1877
f 19/396 846/398 845/397
f 19/396 615/393 846/398
f 19/1268 23/1266 507/1264
f 23/1266 18/1267 21/1261
f 507/394 615/393 19/396
f 832/287 816/281 817/290
f 19/396 845/397 1/395
f 1/280 2/279 833/283
f 19/396 20/399 10/401
f 17/1672 844/1673 11/1671
f 17/1672 11/1671 10/1667
f 16/1265 18/1267 11/1269
f 11/1671 18/1668 10/1667
f 821/329 834/340 13/332
f 20/399 821/405 17/403
f 17/403 10/401 20/399
f 20/399 41/407 821/405
f 837/1505 829/1504 1006/1508
f 842/1509 838/1502 40/1507
f 44/1511 841/1506 842/1509
f 44/1511 842/1509 40/1507
f 840/1363 836/1364 43/1365
f 840/406 43/408 40/404
f 836/1364 819/1367 43/1365
f 828/1413 43/1410 819/1415
f 828/1413 839/1411 43/1410
f 841/1409 839/1411 843/1412
f 1006/1417 36/1416 1009/1418
f 838/1502 842/1509 841/1506
f 841/1506 843/1503 838/1502
f 38/351 837/365 1007/368
f 40/1507 838/1502 837/1505
f 838/1502 829/1504 837/1505
f 827/366 211/363 38/351
f 38/351 39/348 41/356
f 41/356 40/369 837/365
f 823/352 835/337 38/351
f 41/356 39/348 821/329
f 834/340 821/329 39/348
f 834/340 835/337 13/332
f 821/329 7/325 17/335
f 832/287 818/293 1/280
f 817/290 818/293 832/287
f 1/395 818/400 20/399
f 37/1366 825/1368 836/1364
f 37/300 818/293 817/290
f 816/281 33/286 817/290
f 825/1167 826/1165 830/1164
f 797/276 799/282 31/285
f 825/295 33/286 25/296
f 817/290 33/286 825/295
f 39/348 38/351 834/340
f 815/277 816/281 833/283
f 2/279 815/277 833/283
f 38/351 835/337 834/340
f 38/351 41/356 837/365
f 827/366 38/351 1010/370
f 211/363 823/352 38/351
f 35/862 831/860 36/863
f 839/1411 828/1413 36/1416
f 36/1416 829/1414 839/1411
f 819/1163 35/1162 828/1166
f 35/1162 830/1164 826/1165
f 826/864 824/854 35/862
f 825/1167 830/1164 819/1163
f 825/1167 819/1163 836/1169
f 825/295 824/305 826/309
f 824/305 825/295 25/296
f 1003/859 824/854 1013/857
f 32/289 25/296 33/286
f 849/304 824/305 25/296
f 824/854 849/846 970/851
f 211/363 827/366 205/371
f 34/284 32/289 33/286
f 972/1105 233/1096 1014/1101
f 117/1798 112/1795 110/1797
f 1104/888 56/887 1108/891
f 227/1013 189/1015 29/1011
f 174/299 30/288 201/292
f 164/555 169/537 1057/548
f 1063/1908 164/1909 1068/1910
f 49/1444 58/1436 69/1441
f 1111/1437 51/1439 1112/1442
f 110/1106 114/1099 118/1102
f 233/1096 118/1102 114/1099
f 117/1110 110/1106 118/1102
f 103/1764 232/1770 954/1769
f 98/199 104/214 109/221
f 1102/1385 227/1379 1117/1384
f 226/162 196/167 190/172
f 72/808 70/813 822/812
f 101/1299 212/1300 102/1301
f 122/842 117/848 120/850
f 1045/1738 115/1736 1067/1740
f 113/1737 207/1734 115/1736
f 202/308 124/311 207/312
f 149/212 145/219 146/193
f 71/196 192/198 187/189
f 189/190 190/172 29/185
f 176/543 154/545 148/551
f 176/1557 175/1558 174/1555
f 179/1556 176/1557 174/1555
f 148/298 30/288 174/299
f 169/537 158/550 159/540
f 159/540 150/536 168/532
f 153/553 152/547 1059/562
f 136/556 165/546 153/553
f 135/306 147/291 162/302
f 162/302 147/291 148/298
f 161/541 165/546 162/552
f 144/206 155/213 145/219
f 105/220 156/228 137/226
f 142/566 133/572 138/569
f 138/569 143/564 136/556
f 115/1103 114/1099 110/1106
f 116/1114 117/1110 118/1102
f 122/842 120/850 121/847
f 125/315 124/311 126/313
f 95/216 98/199 109/221
f 81/184 182/201 77/197
f 48/787 61/791 57/781
f 54/1652 62/1650 53/1647
f 66/890 55/895 56/887
f 68/795 48/787 55/799
f 69/1441 58/1436 63/1438
f 49/771 54/773 53/775
f 52/1648 46/1649 51/1646
f 55/799 66/804 68/795
f 58/1436 49/1444 53/1443
f 26/344 149/349 28/330
f 27/338 848/343 218/353
f 3/345 5/333 22/339
f 36/1168 828/1166 35/1162
f 27/338 26/344 28/330
f 955/380 205/371 1004/375
f 31/285 147/291 42/297
f 849/304 24/294 202/308
f 824/854 831/860 35/862
f 32/289 34/284 31/285
f 799/282 797/276 793/278
f 13/332 12/322 821/329
f 23/1669 19/1670 820/1666
f 18/1668 23/1669 820/1666
f 5/333 16/346 17/335
f 836/1364 840/1363 37/1366
f 829/1414 843/1412 839/1411
f 825/295 37/300 817/290
f 797/276 816/281 815/277
f 823/352 218/353 848/343
f 114/1099 209/1094 233/1096
f 161/541 154/545 167/526
f 134/1459 123/1461 1066/1464
f 127/310 129/314 126/313
f 198/341 28/330 149/349
f 52/1648 53/1647 62/1650
f 29/185 191/177 187/189
f 178/1756 176/1758 179/1757
f 151/554 150/536 152/547
f 135/306 143/301 147/291
f 132/576 133/572 123/578
f 68/795 67/803 73/798
f 49/1780 69/1781 56/1782
f 51/1439 58/1436 53/1443
f 54/1829 50/1827 52/1826
f 52/1850 62/1851 54/1852
f 49/771 59/777 55/776
f 56/1782 59/1783 49/1780
f 856/1905 749/1904 890/1907
f 857/1906 418/1903 856/1905
f 858/506 765/503 859/510
f 859/510 765/503 764/514
f 860/1930 714/1931 861/1932
f 861/105 714/74 1098/100
f 862/1573 763/1572 762/1576
f 863/1574 580/1571 862/1573
f 864/1888 564/1882 865/1885
f 865/1885 564/1882 770/1881
f 866/739 581/735 775/736
f 867/742 775/736 880/745
f 868/741 772/738 869/746
f 869/746 772/738 879/748
f 870/62 308/33 871/53
f 871/53 308/33 679/44
f 872/88 773/70 652/71
f 873/79 652/71 870/62
f 874/106 566/87 876/102
f 875/754 566/755 874/757
f 876/102 566/87 872/88
f 877/749 670/750 298/752
f 878/753 298/752 875/754
f 879/748 772/738 877/749
f 880/745 775/736 868/741
f 881/1199 527/1187 882/1201
f 882/1201 527/1187 770/1202
f 883/1200 769/1192 884/1197
f 884/1197 769/1192 864/1195
f 885/1889 769/1890 883/1892
f 886/744 564/747 565/732
f 887/1884 770/1881 886/1883
f 888/508 768/496 858/506
f 889/1856 764/1853 857/1855
f 890/1064 749/1054 900/1060
f 891/1887 770/1881 885/1889
f 892/1886 770/1881 887/1884
f 893/1196 527/1187 881/1199
f 894/1198 462/1193 893/1196
f 895/504 768/496 888/508
f 896/507 395/501 895/504
f 897/509 394/505 395/501
f 898/515 561/513 897/509
f 899/1057 461/1050 894/1056
f 900/1060 749/1054 899/1057
f 901/30 712/13 721/22
f 902/31 712/13 901/30
f 903/39 721/22 720/50
f 904/58 720/50 930/69
f 905/40 711/24 902/31
f 906/27 711/24 907/41
f 907/41 711/24 929/52
f 908/35 679/44 336/14
f 909/55 679/44 908/35
f 910/20 682/8 906/27
f 911/26 336/14 910/20
f 912/61 679/44 913/63
f 913/63 679/44 909/55
f 1070/1041 920/1037 1072/1044
f 914/1580 581/1577 863/1574
f 915/1585 581/1577 914/1580
f 916/1559 763/1562 777/1560
f 917/1583 777/1575 935/1578
f 918/1579 762/1576 938/1584
f 919/1563 763/1562 916/1559
f 920/1037 521/1032 560/1035
f 1073/1040 561/1039 1075/1045
f 921/518 561/513 898/515
f 922/51 711/24 905/40
f 923/59 711/24 922/51
f 924/511 395/501 896/507
f 925/512 395/501 924/511
f 926/743 581/735 866/739
f 927/1046 561/1039 921/1048
f 928/1581 581/1577 926/1586
f 929/52 711/24 923/59
f 930/69 720/50 931/77
f 931/77 720/50 714/74
f 932/1919 762/1920 933/1921
f 933/1566 762/1564 934/1565
f 934/1565 762/1564 919/1563
f 935/1578 777/1575 580/1571
f 936/1924 714/1925 860/1926
f 937/1922 762/1920 932/1919
f 938/1923 762/1920 937/1922
f 939/740 565/732 915/737
f 940/1582 580/1571 928/1581
f 941/778 57/781 92/779
f 942/780 92/779 980/782
f 943/1098 233/1096 944/1093
f 944/1093 233/1096 209/1094
f 945/1116 116/1114 946/1109
f 946/1109 116/1114 118/1102
f 947/1763 95/1766 103/1764
f 948/1765 103/1764 963/1767
f 949/1686 231/1689 87/1687
f 950/255 87/244 987/252
f 951/231 95/216 952/236
f 952/1768 95/1766 947/1763
f 953/1604 101/1603 119/1607
f 954/1605 232/1602 953/1604
f 955/380 234/376 205/371
f 956/381 234/376 955/380
f 957/856 120/850 116/853
f 958/1119 116/1114 973/1118
f 959/1427 235/1430 106/1428
f 960/258 106/256 976/257
f 961/1431 235/1430 959/1427
f 962/1433 235/1430 961/1431
f 963/1767 103/1764 954/1769
f 964/1434 119/1432 962/1433
f 965/855 120/850 957/856
f 966/852 120/850 965/855
f 967/1097 209/1094 968/1100
f 968/1100 209/1094 1042/1104
f 969/849 203/843 966/852
f 970/851 849/846 969/849
f 971/1095 209/1094 967/1097
f 972/1105 118/1102 233/1096
f 973/1118 116/1114 945/1116
f 974/251 130/245 977/254
f 975/253 107/227 974/251
f 976/257 106/256 975/253
f 977/382 130/377 956/381
f 978/790 92/779 91/792
f 979/794 91/792 229/797
f 980/782 92/779 982/785
f 981/1690 231/1689 949/1686
f 982/785 92/779 978/790
f 983/248 108/241 984/246
f 984/246 108/241 86/234
f 985/247 86/234 991/243
f 986/249 88/237 983/248
f 987/252 87/244 986/249
f 988/807 229/797 230/802
f 989/1693 230/1691 231/1689
f 990/801 229/797 996/806
f 991/243 86/234 99/223
f 992/242 99/223 993/235
f 993/235 99/223 951/231
f 994/1692 231/1689 981/1690
f 995/1695 231/1689 994/1692
f 996/806 229/797 988/807
f 997/759 45/761 1000/764
f 998/786 47/783 941/778
f 999/769 47/770 998/772
f 1000/764 45/761 46/763
f 1001/767 46/763 999/769
f 1002/861 36/863 831/860
f 1003/859 831/860 824/854
f 1004/375 205/371 827/366
f 1005/379 827/366 1012/378
f 1006/1417 829/1414 36/1416
f 1007/1510 837/1505 1006/1508
f 1008/865 36/863 1002/861
f 1009/866 36/863 1008/865
f 1010/370 38/351 1007/368
f 1011/374 827/366 1010/370
f 1012/378 827/366 1011/374
f 1013/857 824/854 970/851
f 1014/1101 233/1096 943/1098
f 1015/1178 808/1170 284/1176
f 1016/1174 808/1170 1015/1178
f 1017/1026 806/1025 1026/1029
f 1018/1027 804/1024 1017/1026
f 1019/680 576/673 1020/683
f 1020/1033 576/1031 804/1024
f 1021/679 805/676 1019/680
f 1022/682 807/670 1021/679
f 1023/1816 806/1812 1071/1815
f 1024/1030 804/1024 1018/1027
f 1025/1817 806/1812 1023/1816
f 1026/1818 806/1812 1025/1817
f 1027/1177 459/1171 1016/1174
f 1028/1181 459/1171 1027/1177
f 1029/1183 284/1176 1030/1184
f 1030/687 284/681 1031/686
f 1031/686 284/681 1032/685
f 1032/685 284/681 1022/682
f 1033/539 170/533 334/531
f 1034/1157 334/1154 459/1156
f 1035/1159 459/1156 1028/1161
f 1036/1867 158/1870 163/1868
f 1037/1912 163/1911 1063/1908
f 1038/1458 123/1461 134/1459
f 1039/1460 134/1459 1069/1462
f 1040/577 133/572 1041/575
f 1041/575 133/572 142/566
f 1042/1927 209/1928 1046/1929
f 1043/1465 111/1463 1038/1458
f 1044/1662 113/1658 1045/1665
f 1045/1738 113/1737 115/1736
f 1046/1107 209/1094 115/1103
f 1047/1733 115/1736 207/1734
f 1048/1659 113/1658 1044/1662
f 1049/1660 208/1657 1048/1659
f 1050/1644 208/1639 1051/1645
f 1051/1663 208/1657 1049/1660
f 1052/1640 208/1639 1054/1642
f 1053/1641 207/1637 1052/1640
f 1054/1642 208/1639 1050/1644
f 1055/1643 207/1637 1053/1641
f 1056/542 170/533 1033/539
f 1057/548 169/537 1056/542
f 1058/557 152/547 158/550
f 1059/562 152/547 1058/557
f 1060/567 153/553 1059/562
f 1061/573 142/566 1060/567
f 1062/563 158/550 1064/568
f 1063/1908 163/1911 164/1909
f 1064/568 158/550 1036/570
f 1065/580 133/572 1040/577
f 1066/582 123/578 1065/580
f 1067/1117 115/1103 1043/1115
f 1068/558 164/555 1057/548
f 1069/1462 134/1459 1066/1464
f 1070/1041 521/1032 920/1037
f 1071/1815 806/1812 1070/1814
f 1073/1040 560/1035 561/1039
f 1074/1043 920/1037 1073/1040
f 1075/1045 561/1039 927/1046
f 1077/1108 968/1100 1042/1104
f 1078/1113 968/1100 1077/1108
f 1079/1285 451/1280 1082/1284
f 1080/155 361/131 1079/148
f 1081/1281 452/1272 1084/1278
f 1082/1284 451/1280 1081/1281
f 1083/1275 188/1271 194/1279
f 1084/1278 452/1272 1083/1275
f 1085/116 366/103 365/112
f 1086/121 365/112 281/125
f 1087/118 366/103 1085/116
f 1088/114 366/103 1087/118
f 1089/128 281/125 361/131
f 1090/138 361/131 1092/144
f 1091/151 361/131 1080/155
f 1092/144 361/131 1091/151
f 1093/110 366/103 1088/114
f 1094/104 717/75 1095/108
f 1095/108 717/75 1093/110
f 1096/101 722/85 1094/104
f 1097/95 722/85 1096/101
f 1098/100 714/74 1097/95
f 1099/1655 51/1646 1100/1654
f 1100/1654 51/1646 1113/1653
f 1101/1282 194/1279 1102/1283
f 1102/1385 194/1386 227/1379
f 1103/892 228/885 1104/888
f 1104/888 228/885 56/887
f 1105/1243 223/1241 1120/1242
f 1106/1381 223/1380 1105/1383
f 1107/1440 63/1438 1110/1435
f 1108/891 56/887 1107/896
f 1109/758 45/761 997/759
f 1110/1435 63/1438 58/1436
f 1111/1437 58/1436 51/1439
f 1112/1656 51/1646 1099/1655
f 1113/1653 51/1646 1114/1651
f 1114/1651 51/1646 46/1649
f 1115/766 46/763 1116/765
f 1116/765 46/763 1109/758
f 1117/1384 227/1379 1118/1382
f 1118/1382 227/1379 1106/1381
f 1119/1238 223/1241 9/1239
f 1120/1242 223/1241 1119/1238
f 1121/903 9/898 1124/902
f 1122/899 8/893 228/885
f 1123/897 228/885 1103/892
f 1124/902 9/898 1122/899
f 1125/109 861/105 1098/100
f 1126/113 861/105 1125/109
f 1127/760 997/759 1128/762
usemtl Tile_+034_+029_L18_00012_untextured
