mtllib Tile_+034_+029_L18_00020.mtl
v 6.75000000e+03 7.13135300e+03 5.50828927e+01
v 6.75047025e+03 7.13278922e+03 5.43543701e+01
v 6.75000000e+03 7.13182171e+03 5.37861809e+01
v 6.75176240e+03 7.13113693e+03 5.45536293e+01
v 6.75000000e+03 7.12985103e+03 5.40281709e+01
v 6.75057573e+03 7.12912072e+03 5.34600270e+01
v 6.75307455e+03 7.12881500e+03 5.40757347e+01
v 6.75087811e+03 7.13061135e+03 5.32158918e+01
v 6.75157444e+03 7.12725434e+03 5.39682781e+01
v 6.75294616e+03 7.12534858e+03 5.40906330e+01
v 6.75442467e+03 7.12480094e+03 5.34217885e+01
v 6.75307219e+03 7.12551770e+03 6.07801777e+01
v 6.75374717e+03 7.12492915e+03 5.77627649e+01
v 6.75458364e+03 7.12469231e+03 5.71263268e+01
v 6.75245337e+03 7.12586777e+03 5.72395440e+01
v 6.75160265e+03 7.12734853e+03 5.70687315e+01
v 6.75288823e+03 7.12564265e+03 5.56939157e+01
v 6.75226271e+03 7.13024108e+03 6.10884869e+01
v 6.75145235e+03 7.13086638e+03 5.98301089e+01
v 6.75292605e+03 7.12759938e+03 5.79195321e+01
v 6.75112789e+03 7.13008482e+03 5.78786903e+01
v 6.75000000e+03 7.12982288e+03 5.95260728e+01
v 6.75494432e+03 7.12601618e+03 6.05684946e+01
v 6.75306488e+03 7.12897349e+03 5.61213892e+01
v 6.75407917e+03 7.12651304e+03 4.92380419e+01
v 6.75637273e+03 7.13202115e+03 5.21620126e+01
v 6.75573614e+03 7.13222713e+03 4.86509760e+01
v 6.75627374e+03 7.12462183e+03 5.12105358e+01
v 6.75697184e+03 7.13249301e+03 5.48345714e+01
v 6.75434917e+03 7.12646408e+03 5.53102783e+01
v 6.75000000e+03 7.13271293e+03 5.34602584e+01
v 6.75000000e+03 7.13007201e+03 5.09906574e+01
v 6.75643831e+03 7.13323873e+03 5.31407413e+01
v 6.75120887e+03 7.12753294e+03 5.15021192e+01
v 6.75299613e+03 7.12750285e+03 5.27058498e+01
v 6.75269581e+03 7.12663364e+03 5.27880122e+01
v 6.75768430e+03 7.13005609e+03 5.22813542e+01
v 6.75248896e+03 7.13283610e+03 4.83374721e+01
v 6.75264609e+03 7.13114296e+03 4.98763091e+01
v 6.75380922e+03 7.12796093e+03 4.89084161e+01
v 6.75115849e+03 7.13291246e+03 5.10068319e+01
v 6.75000000e+03 7.13293033e+03 5.13328239e+01
v 6.75000000e+03 7.13107155e+03 5.23236392e+01
v 6.75000000e+03 7.13152863e+03 5.12833134e+01
v 6.75230181e+03 7.12804728e+03 5.25861756e+01
v 6.75237920e+03 7.13396809e+03 4.31393961e+01
v 6.75236552e+03 7.13212022e+03 4.30201711e+01
v 6.75613511e+03 7.12727388e+03 4.56115333e+01
v 6.75542500e+03 7.12842395e+03 4.27676481e+01
v 6.75094024e+03 7.13256911e+03 4.24308556e+01
v 6.75256821e+03 7.13121176e+03 4.52803654e+01
v 6.75404207e+03 7.13056217e+03 4.40689489e+01
v 6.75709373e+03 7.12915920e+03 4.17757314e+01
v 6.75646903e+03 7.13078907e+03 4.25508859e+01
v 6.75765469e+03 7.12490816e+03 4.27566980e+01
v 6.75310014e+03 7.12925001e+03 4.47543566e+01
v 6.75524702e+03 7.12584186e+03 4.59481316e+01
v 6.75570902e+03 7.12539033e+03 4.79986002e+01
v 6.75230524e+03 7.13152409e+03 4.71281816e+01
v 6.75121347e+03 7.12794649e+03 5.99294129e+01
v 6.75301345e+03 7.12759531e+03 5.17183719e+01
v 6.75000000e+03 7.13317636e+03 4.56002551e+01
v 6.75000000e+03 7.12815569e+03 5.08674001e+01
v 6.75371648e+03 7.13261863e+03 4.95971335e+01
v 6.75081472e+03 7.13111714e+03 5.23404958e+01
v 6.75213930e+03 7.13547466e+03 4.45484441e+01
v 6.75159476e+03 7.13877458e+03 4.67517089e+01
v 6.75264658e+03 7.13521325e+03 4.67607156e+01
v 6.75000000e+03 7.14210976e+03 4.73923930e+01
v 6.75316344e+03 7.13358051e+03 4.79947148e+01
v 6.75225224e+03 7.13913435e+03 5.02397218e+01
v 6.75534126e+03 7.14276477e+03 5.42180485e+01
v 6.75000000e+03 7.14973431e+03 5.12640783e+01
v 6.75159305e+03 7.14662552e+03 5.01754135e+01
v 6.75052933e+03 7.14780284e+03 5.14090115e+01
v 6.75079558e+03 7.13639830e+03 5.21297183e+01
v 6.75853832e+03 7.13003622e+03 4.88612219e+01
v 6.75440291e+03 7.12756049e+03 5.07211260e+01
v 6.75159610e+03 7.13508109e+03 4.88391696e+01
v 6.75000000e+03 7.13520171e+03 4.31811023e+01
v 6.75000000e+03 7.13697141e+03 4.26365812e+01
v 6.75250605e+03 7.13901262e+03 5.38699060e+01
v 6.75000000e+03 7.13363178e+03 4.75668994e+01
v 6.75488649e+03 7.12620378e+03 5.75081072e+01
v 6.75000000e+03 7.18342148e+03 4.28654662e+01
v 6.75071836e+03 7.18197174e+03 4.29290577e+01
v 6.75000000e+03 7.18402682e+03 4.24755905e+01
v 6.75000000e+03 7.18324252e+03 4.36828192e+01
v 6.75636405e+03 7.17168530e+03 4.41641118e+01
v 6.75482660e+03 7.17005478e+03 4.44174455e+01
v 6.75663161e+03 7.16897293e+03 4.40390010e+01
v 6.75465857e+03 7.16881277e+03 4.37857599e+01
v 6.75499359e+03 7.17173262e+03 4.37761684e+01
v 6.75755828e+03 7.17044236e+03 4.37851190e+01
v 6.75000000e+03 7.18488880e+03 4.49187532e+01
v 6.75151743e+03 7.18565193e+03 4.74422750e+01
v 6.75000000e+03 7.18774387e+03 4.16485700e+01
v 6.75000000e+03 7.18649817e+03 4.13884288e+01
v 6.75348572e+03 7.18669821e+03 4.28161060e+01
v 6.75686461e+03 7.17529858e+03 4.41840154e+01
v 6.75805711e+03 7.17485827e+03 4.46466852e+01
v 6.75732601e+03 7.17368008e+03 4.38268180e+01
v 6.75551729e+03 7.17183340e+03 4.46385734e+01
v 6.75704868e+03 7.17254633e+03 4.49665878e+01
v 6.75149820e+03 7.16746025e+03 4.51436520e+01
v 6.75000000e+03 7.16538822e+03 4.38569155e+01
v 6.75184428e+03 7.18632334e+03 4.53184008e+01
v 6.75923195e+03 7.18691324e+03 4.40122223e+01
v 6.75711419e+03 7.18773986e+03 4.60740318e+01
v 6.75766901e+03 7.18628827e+03 4.29307036e+01
v 6.75484162e+03 7.18795409e+03 4.74004832e+01
v 6.75266537e+03 7.18564369e+03 4.68914620e+01
v 6.75791558e+03 7.18721365e+03 4.78433611e+01
v 6.75768874e+03 7.17103806e+03 4.67509436e+01
v 6.75479366e+03 7.16899458e+03 4.81110007e+01
v 6.75299811e+03 7.14511092e+03 4.60772037e+01
v 6.75360348e+03 7.14572004e+03 4.60539087e+01
v 6.75183845e+03 7.14677558e+03 4.70705381e+01
v 6.75318079e+03 7.14859919e+03 4.86480979e+01
v 6.75268457e+03 7.14865377e+03 4.76356286e+01
v 6.75494193e+03 7.15007676e+03 4.65030117e+01
v 6.75614757e+03 7.14994336e+03 4.80600661e+01
v 6.75587584e+03 7.14997377e+03 4.54761933e+01
v 6.75151724e+03 7.15204744e+03 4.75232753e+01
v 6.75235518e+03 7.15338918e+03 4.61638426e+01
v 6.75000000e+03 7.15793001e+03 4.62200617e+01
v 6.75000000e+03 7.15200252e+03 4.79226328e+01
v 6.75000000e+03 7.15348855e+03 4.65958628e+01
v 6.75234872e+03 7.14970569e+03 4.79345793e+01
v 6.75000000e+03 7.16652257e+03 4.53543506e+01
v 6.75058286e+03 7.15799253e+03 4.47328243e+01
v 6.75312441e+03 7.14408456e+03 4.95081290e+01
v 6.75459335e+03 7.14320234e+03 4.82762997e+01
v 6.75839158e+03 7.16397565e+03 4.38352236e+01
v 6.75000000e+03 7.16086695e+03 4.38247896e+01
v 6.75000000e+03 7.16605903e+03 4.82526654e+01
v 6.75193357e+03 7.15961395e+03 4.40885114e+01
v 6.75801311e+03 7.15886643e+03 4.44176632e+01
v 6.75814377e+03 7.15164694e+03 4.41014802e+01
v 6.75284875e+03 7.15568087e+03 4.44463324e+01
v 6.75000000e+03 7.13371624e+03 4.26804810e+01
v 6.75323756e+03 7.15374111e+03 4.45268160e+01
v 6.75425865e+03 7.14940570e+03 5.53732930e+01
v 6.76196986e+03 7.15375187e+03 5.14579214e+01
v 6.75461347e+03 7.14954449e+03 5.07918761e+01
v 6.75394798e+03 7.14796996e+03 5.11692129e+01
v 6.75527613e+03 7.14671231e+03 5.09181021e+01
v 6.75302914e+03 7.14838797e+03 5.71579036e+01
v 6.75517737e+03 7.14425565e+03 5.70181864e+01
v 6.75000000e+03 7.15986605e+03 4.49603169e+01
v 6.75476206e+03 7.13172724e+03 4.28345598e+01
v 6.75423489e+03 7.15014209e+03 5.69826238e+01
v 6.75568814e+03 7.14839208e+03 5.82699388e+01
v 6.75745472e+03 7.14887998e+03 5.75948685e+01
v 6.75548990e+03 7.14703322e+03 5.74192330e+01
v 6.75597880e+03 7.13808785e+03 5.52215556e+01
v 6.75660942e+03 7.14007690e+03 5.58744312e+01
v 6.75620242e+03 7.13960041e+03 5.68607619e+01
v 6.75599659e+03 7.14110679e+03 5.63309052e+01
v 6.75505526e+03 7.13970501e+03 5.71324907e+01
v 6.75370614e+03 7.14020893e+03 5.60447432e+01
v 6.75535891e+03 7.14057769e+03 5.47630323e+01
v 6.75372044e+03 7.14165673e+03 4.94027836e+01
v 6.75458353e+03 7.14216553e+03 4.99935603e+01
v 6.75741967e+03 7.15219607e+03 5.70474106e+01
v 6.75491498e+03 7.13808778e+03 5.76586157e+01
v 6.75267091e+03 7.13881058e+03 5.77467008e+01
v 6.75727760e+03 7.13830858e+03 5.48836698e+01
v 6.75720931e+03 7.13761968e+03 5.60368252e+01
v 6.75643327e+03 7.13798603e+03 5.77330253e+01
v 6.75811732e+03 7.13511666e+03 5.44343282e+01
v 6.75671549e+03 7.13427219e+03 5.46897676e+01
v 6.75616217e+03 7.13332868e+03 5.41106294e+01
v 6.75625662e+03 7.13488022e+03 5.58354983e+01
v 6.75754904e+03 7.13663613e+03 5.42189806e+01
v 6.75439317e+03 7.13263320e+03 5.23910036e+01
v 6.75330559e+03 7.12911665e+03 5.12147990e+01
v 6.75550861e+03 7.13413914e+03 5.42476634e+01
v 6.75528963e+03 7.13389479e+03 5.58252528e+01
v 6.75533878e+03 7.13283549e+03 5.47300953e+01
v 6.75363961e+03 7.14113502e+03 5.46266779e+01
v 6.75465683e+03 7.14523061e+03 4.89831931e+01
v 6.75474169e+03 7.13603575e+03 5.69322482e+01
v 6.75682234e+03 7.13556897e+03 5.72999735e+01
v 6.75709872e+03 7.13658473e+03 5.62567810e+01
v 6.75599325e+03 7.13678067e+03 5.75837816e+01
v 6.75369429e+03 7.13601270e+03 5.65052697e+01
v 6.75386908e+03 7.13689297e+03 5.82028124e+01
v 6.75221900e+03 7.13612217e+03 5.70489022e+01
v 6.75301740e+03 7.13344816e+03 5.61406771e+01
v 6.75263723e+03 7.13471281e+03 5.61929950e+01
v 6.75545334e+03 7.13484618e+03 5.70222992e+01
v 6.75000000e+03 7.13375065e+03 5.40293836e+01
v 6.75000000e+03 7.13328155e+03 5.21240498e+01
v 6.75207247e+03 7.13436591e+03 5.25972560e+01
v 6.75302434e+03 7.13332327e+03 5.37277070e+01
v 6.75187809e+03 7.14008560e+03 4.93297600e+01
v 6.75152369e+03 7.14154596e+03 5.05583052e+01
v 6.75193643e+03 7.14305780e+03 5.05202140e+01
v 6.75137801e+03 7.14371759e+03 5.15976669e+01
v 6.75120389e+03 7.14414229e+03 5.41988353e+01
v 6.75008817e+03 7.14392166e+03 5.35386611e+01
v 6.75178417e+03 7.14510610e+03 5.69333100e+01
v 6.75198105e+03 7.14477158e+03 5.33618991e+01
v 6.75215210e+03 7.14419823e+03 5.52137549e+01
v 6.75000000e+03 7.14393415e+03 5.00224799e+01
v 6.75226472e+03 7.14438165e+03 5.08587792e+01
v 6.75142241e+03 7.14544364e+03 5.16970241e+01
v 6.75000000e+03 7.14526026e+03 5.10808419e+01
v 6.75091184e+03 7.14927997e+03 4.96470870e+01
v 6.75000000e+03 7.15062239e+03 5.13115912e+01
v 6.75061460e+03 7.15175537e+03 5.14171980e+01
v 6.75000000e+03 7.15068153e+03 5.20878694e+01
v 6.75000000e+03 7.15185269e+03 5.16132375e+01
v 6.75000000e+03 7.14787450e+03 5.33474604e+01
v 6.75091550e+03 7.14952243e+03 5.37432994e+01
v 6.75000000e+03 7.14989145e+03 5.21662517e+01
v 6.75000000e+03 7.14985828e+03 5.44944127e+01
v 6.75095824e+03 7.14802718e+03 5.28453666e+01
v 6.75000000e+03 7.14738413e+03 5.13681908e+01
v 6.75513138e+03 7.17621799e+03 4.79750890e+01
v 6.75595478e+03 7.18161374e+03 4.80519642e+01
v 6.75743008e+03 7.18133168e+03 4.82397962e+01
v 6.75851744e+03 7.17517749e+03 4.80048474e+01
v 6.75171421e+03 7.17932834e+03 4.80587729e+01
v 6.75324811e+03 7.18199913e+03 4.86572073e+01
v 6.75115559e+03 7.18198647e+03 4.85442236e+01
v 6.75000000e+03 7.17765256e+03 4.81606720e+01
v 6.75268486e+03 7.17791243e+03 4.81768848e+01
v 6.75513003e+03 7.18438747e+03 4.83026425e+01
v 6.75000000e+03 7.18494650e+03 4.86702589e+01
v 6.75000000e+03 7.18501184e+03 4.67758012e+01
v 6.75654624e+03 7.18355566e+03 4.86122665e+01
v 6.75286730e+03 7.18509735e+03 4.82221067e+01
v 6.75180541e+03 7.18422417e+03 4.75005164e+01
v 6.75072749e+03 7.18461602e+03 4.89288087e+01
v 6.75411761e+03 7.18489650e+03 4.91464443e+01
v 6.75325159e+03 7.18379849e+03 4.83385430e+01
v 6.75660385e+03 7.18465356e+03 4.83184293e+01
v 6.75698081e+03 7.18575875e+03 4.90829443e+01
v 6.75236725e+03 7.18639077e+03 4.85816366e+01
v 6.75350222e+03 7.18719930e+03 4.82353272e+01
v 6.75000000e+03 7.17118362e+03 4.80002012e+01
v 6.75847500e+03 7.18484575e+03 4.81046119e+01
v 6.75195215e+03 7.18414248e+03 5.00691306e+01
v 6.75000000e+03 7.18353470e+03 4.96201750e+01
v 6.75000000e+03 7.18196372e+03 4.82478929e+01
v 6.75124005e+03 7.18260340e+03 4.97299450e+01
v 6.75390938e+03 7.18562313e+03 4.85363874e+01
v 6.75458354e+03 7.18597399e+03 5.05352341e+01
v 6.75463263e+03 7.18465884e+03 4.99340880e+01
v 6.75506955e+03 7.18733403e+03 4.97338092e+01
v 6.75654520e+03 7.18548378e+03 5.02977241e+01
v 6.75642648e+03 7.18666194e+03 4.91754586e+01
v 6.75496107e+03 7.18592514e+03 4.92524129e+01
v 6.75595845e+03 7.18360887e+03 4.96057454e+01
v 6.75183193e+03 7.12680473e+03 5.01199879e+01
v 6.75173261e+03 7.12752546e+03 5.57497962e+01
v 6.81154444e+03 7.12563761e+03 5.76683817e+01
v 6.80974316e+03 7.14137137e+03 5.73868091e+01
v 6.81176270e+03 7.14244751e+03 5.82344654e+01
v 6.81262363e+03 7.14190630e+03 5.71116391e+01
v 6.78921300e+03 7.13433517e+03 5.83240627e+01
v 6.76618499e+03 7.18366718e+03 5.32037695e+01
v 6.76547984e+03 7.18450630e+03 5.23955815e+01
v 6.76236677e+03 7.18220848e+03 5.04993030e+01
v 6.76193131e+03 7.18345389e+03 5.04224383e+01
v 6.76221507e+03 7.13432636e+03 4.83450251e+01
v 6.76068703e+03 7.13368628e+03 5.11161253e+01
v 6.75966192e+03 7.13796211e+03 5.45455731e+01
v 6.76025417e+03 7.13658575e+03 5.71571514e+01
v 6.76210157e+03 7.18177736e+03 5.78890278e+01
v 6.76294830e+03 7.18208217e+03 5.63527071e+01
v 6.78488470e+03 7.16743777e+03 4.64382618e+01
v 6.78320771e+03 7.16680117e+03 5.39960471e+01
v 6.76535913e+03 7.18053002e+03 4.64719599e+01
v 6.76435070e+03 7.18194127e+03 4.68701259e+01
v 6.75767742e+03 7.17143640e+03 4.45268402e+01
v 6.76517262e+03 7.18731828e+03 5.11283165e+01
v 6.75936985e+03 7.17793102e+03 4.44920737e+01
v 6.76277310e+03 7.17969596e+03 4.55114171e+01
v 6.76546785e+03 7.18421618e+03 5.40371777e+01
v 6.76479676e+03 7.18284506e+03 5.27437833e+01
v 6.76249547e+03 7.18136299e+03 5.46896167e+01
v 6.76445162e+03 7.18118098e+03 5.37991829e+01
v 6.76004487e+03 7.18259720e+03 5.45457244e+01
v 6.76098403e+03 7.18097351e+03 5.44036047e+01
v 6.76341225e+03 7.18242753e+03 5.12673722e+01
v 6.76613075e+03 7.18455897e+03 4.38640628e+01
v 6.76460172e+03 7.18691779e+03 4.35359825e+01
v 6.76263723e+03 7.18666060e+03 4.37094737e+01
v 6.76057257e+03 7.18557741e+03 4.31146119e+01
v 6.76658287e+03 7.18543488e+03 4.51393282e+01
v 6.76714083e+03 7.18519840e+03 4.20411429e+01
v 6.76465134e+03 7.18620734e+03 4.26279592e+01
v 6.77356005e+03 7.16835356e+03 4.36707822e+01
v 6.77909921e+03 7.16579767e+03 4.43634566e+01
v 6.77532207e+03 7.16425856e+03 4.38503598e+01
v 6.78837757e+03 7.18080872e+03 4.28957453e+01
v 6.78926264e+03 7.18052476e+03 4.43236207e+01
v 6.76470701e+03 7.18365842e+03 4.35912385e+01
v 6.76616587e+03 7.18163502e+03 4.67448527e+01
v 6.76002515e+03 7.18789136e+03 4.71167496e+01
v 6.76012657e+03 7.13408731e+03 5.45876792e+01
v 6.76034293e+03 7.13239767e+03 5.42092314e+01
v 6.76399195e+03 7.12908079e+03 4.63156771e+01
v 6.76579535e+03 7.12819392e+03 4.84887892e+01
v 6.76814843e+03 7.12490672e+03 4.82729289e+01
v 6.75832047e+03 7.13306254e+03 5.54230699e+01
v 6.76269846e+03 7.13397515e+03 5.13063473e+01
v 6.75930021e+03 7.18573257e+03 5.44775834e+01
v 6.76018847e+03 7.18650530e+03 5.53951693e+01
v 6.76119984e+03 7.13223207e+03 4.92068268e+01
v 6.76021507e+03 7.12971744e+03 5.07217636e+01
v 6.76306074e+03 7.13238915e+03 4.85000220e+01
v 6.76308251e+03 7.12824764e+03 4.38822014e+01
v 6.76097347e+03 7.13467536e+03 5.44128319e+01
v 6.76378060e+03 7.12461081e+03 5.91895719e+01
v 6.76302736e+03 7.12487300e+03 5.61497439e+01
v 6.75751672e+03 7.13134252e+03 5.45365996e+01
v 6.76284834e+03 7.12554268e+03 5.20776352e+01
v 6.76490708e+03 7.12453369e+03 5.38395494e+01
v 6.76411846e+03 7.12555117e+03 5.31740699e+01
v 6.76484022e+03 7.12647991e+03 5.63900804e+01
v 6.76482367e+03 7.12873009e+03 5.72428161e+01
v 6.76162853e+03 7.12559981e+03 5.10743081e+01
v 6.76328763e+03 7.12498822e+03 4.87047340e+01
v 6.76502416e+03 7.12856351e+03 5.41527084e+01
v 6.76042131e+03 7.13141584e+03 4.81389825e+01
v 6.76188695e+03 7.13275407e+03 5.45424807e+01
v 6.76002306e+03 7.12489928e+03 4.28647251e+01
v 6.76639325e+03 7.12692891e+03 4.58081866e+01
v 6.76534127e+03 7.12510040e+03 4.72636876e+01
v 6.76424645e+03 7.12727410e+03 4.61445063e+01
v 6.76336920e+03 7.12474990e+03 5.38425879e+01
v 6.76053219e+03 7.13015778e+03 4.57303998e+01
v 6.76254398e+03 7.13136970e+03 4.66247979e+01
v 6.76138861e+03 7.12653141e+03 4.39576551e+01
v 6.75890747e+03 7.12948344e+03 4.43099204e+01
v 6.75997256e+03 7.12879721e+03 4.37259898e+01
v 6.76578812e+03 7.12530511e+03 5.51973595e+01
v 6.76096820e+03 7.13222488e+03 5.59093476e+01
v 6.75994976e+03 7.13086760e+03 5.63458219e+01
v 6.75786122e+03 7.13009394e+03 5.41400784e+01
v 6.75862245e+03 7.13147991e+03 5.70895423e+01
v 6.76840541e+03 7.12451962e+03 5.40052708e+01
v 6.75893045e+03 7.12940529e+03 5.32690159e+01
v 6.80127131e+03 7.16309906e+03 4.39052097e+01
v 6.80179379e+03 7.16139875e+03 4.41193508e+01
v 6.80977453e+03 7.16125688e+03 5.09417233e+01
v 6.81021725e+03 7.16288795e+03 5.26629387e+01
v 6.81100197e+03 7.16071063e+03 5.76049719e+01
v 6.80913700e+03 7.15918967e+03 5.76116886e+01
v 6.81013123e+03 7.18720563e+03 4.89970334e+01
v 6.79640710e+03 7.17816443e+03 4.38102833e+01
v 6.79524084e+03 7.17993487e+03 4.37217140e+01
v 6.80671349e+03 7.16267961e+03 4.23422434e+01
v 6.80479763e+03 7.16786771e+03 4.24287812e+01
v 6.80824155e+03 7.17840778e+03 4.36616544e+01
v 6.80970353e+03 7.17744635e+03 4.23210829e+01
v 6.80514740e+03 7.15756408e+03 4.23958762e+01
v 6.80565191e+03 7.16048063e+03 4.24700754e+01
v 6.80314341e+03 7.16020608e+03 4.41460057e+01
v 6.80119720e+03 7.16374598e+03 4.24708235e+01
v 6.80088191e+03 7.15957224e+03 4.47648283e+01
v 6.79527281e+03 7.16907920e+03 4.48625507e+01
v 6.79832530e+03 7.16703439e+03 4.56494934e+01
v 6.80057173e+03 7.16361841e+03 4.62945872e+01
v 6.80024282e+03 7.16395556e+03 4.45298403e+01
v 6.80051454e+03 7.16044049e+03 5.01178223e+01
v 6.80046857e+03 7.16149143e+03 4.53580047e+01
v 6.81190174e+03 7.18632235e+03 4.25551847e+01
v 6.80957931e+03 7.18627794e+03 4.52697848e+01
v 6.81299533e+03 7.18274150e+03 4.39437735e+01
v 6.81125522e+03 7.18495626e+03 4.27627092e+01
v 6.80823172e+03 7.16234516e+03 4.56760677e+01
v 6.80824299e+03 7.16161459e+03 4.51683675e+01
v 6.81172656e+03 7.16304192e+03 4.65209545e+01
v 6.80918865e+03 7.16091390e+03 4.61906738e+01
v 6.81218894e+03 7.15492128e+03 4.30254435e+01
v 6.80956575e+03 7.15393508e+03 4.26192402e+01
v 6.81097139e+03 7.16539393e+03 4.21942904e+01
v 6.81042606e+03 7.16645831e+03 4.39533649e+01
v 6.80950979e+03 7.16251279e+03 4.55178979e+01
v 6.80727237e+03 7.15639808e+03 4.22065125e+01
v 6.80877461e+03 7.15805246e+03 4.25718425e+01
v 6.81052196e+03 7.16658689e+03 4.76595746e+01
v 6.81194003e+03 7.16371907e+03 4.58834994e+01
v 6.81240042e+03 7.14047881e+03 4.93927036e+01
v 6.80983709e+03 7.14837368e+03 4.43770525e+01
v 6.80781621e+03 7.14939107e+03 4.45259152e+01
v 6.80877431e+03 7.16181725e+03 4.39544319e+01
v 6.80707661e+03 7.16165702e+03 4.21511552e+01
v 6.80695030e+03 7.15935308e+03 4.29485450e+01
v 6.81012019e+03 7.16493067e+03 4.29171117e+01
v 6.80667022e+03 7.17001618e+03 4.21919686e+01
v 6.80855269e+03 7.16750720e+03 4.39114128e+01
v 6.81258879e+03 7.16096101e+03 4.23809406e+01
v 6.80981143e+03 7.18597689e+03 4.85081778e+01
v 6.80866240e+03 7.18469952e+03 4.88859485e+01
v 6.81246132e+03 7.18697263e+03 4.93042467e+01
v 6.81092753e+03 7.14694106e+03 4.75498449e+01
v 6.81213601e+03 7.14525844e+03 4.48634582e+01
v 6.81090580e+03 7.14710758e+03 5.01011150e+01
v 6.80977072e+03 7.14564280e+03 5.06614794e+01
v 6.80613322e+03 7.15098834e+03 4.93889247e+01
v 6.80696365e+03 7.14927552e+03 5.33822143e+01
v 6.80553757e+03 7.15285514e+03 5.05881901e+01
v 6.81044308e+03 7.14423702e+03 5.50330435e+01
v 6.80962656e+03 7.16028549e+03 5.55176356e+01
v 6.80862700e+03 7.15974598e+03 5.53236530e+01
v 6.81195564e+03 7.16288198e+03 5.45050008e+01
v 6.80767692e+03 7.16197671e+03 5.33241883e+01
v 6.80820271e+03 7.16374690e+03 5.39615619e+01
v 6.81012111e+03 7.16131439e+03 5.50116353e+01
v 6.80788140e+03 7.18344184e+03 4.73602846e+01
v 6.81063330e+03 7.18419132e+03 4.44912923e+01
v 6.80911251e+03 7.18679398e+03 4.38712281e+01
v 6.80823544e+03 7.18650999e+03 4.35787872e+01
v 6.81083169e+03 7.18168678e+03 4.70253890e+01
v 6.81174351e+03 7.18173257e+03 4.57109926e+01
v 6.80905791e+03 7.18216474e+03 4.64827178e+01
v 6.81156725e+03 7.18690207e+03 4.67350207e+01
v 6.80917998e+03 7.18085763e+03 4.67530783e+01
v 6.79604737e+03 7.17085004e+03 4.53242618e+01
v 6.79453781e+03 7.17105934e+03 4.54209179e+01
v 6.80823893e+03 7.15912733e+03 4.79356469e+01
v 6.81251325e+03 7.16542833e+03 4.82506921e+01
v 6.81232129e+03 7.15306056e+03 4.63878334e+01
v 6.81220606e+03 7.15210419e+03 4.98284584e+01
v 6.80388918e+03 7.15466670e+03 4.91156286e+01
v 6.80623119e+03 7.15217333e+03 4.47956007e+01
v 6.81164423e+03 7.15246043e+03 4.83926623e+01
v 6.81247263e+03 7.15107158e+03 4.46913832e+01
v 6.81154862e+03 7.15117943e+03 4.73696344e+01
v 6.81055046e+03 7.16158663e+03 4.80922408e+01
v 6.81295174e+03 7.16251771e+03 4.95519060e+01
v 6.80825566e+03 7.14748228e+03 4.89763649e+01
v 6.81298049e+03 7.15291144e+03 4.50768408e+01
v 6.81291016e+03 7.15220969e+03 4.78737834e+01
v 6.80594937e+03 7.15108988e+03 4.58771850e+01
v 6.81115964e+03 7.14742761e+03 4.47075253e+01
v 6.81157701e+03 7.15250484e+03 4.40882752e+01
v 6.81155320e+03 7.15058664e+03 4.35830179e+01
v 6.80927554e+03 7.14954170e+03 4.40385600e+01
v 6.80308112e+03 7.15735842e+03 4.38589761e+01
v 6.80476990e+03 7.15410403e+03 4.45963746e+01
v 6.80539020e+03 7.15587665e+03 4.39485911e+01
v 6.80724930e+03 7.15287112e+03 4.41428173e+01
v 6.81076309e+03 7.15144564e+03 4.29217671e+01
v 6.80680692e+03 7.15891285e+03 4.90568550e+01
v 6.80937291e+03 7.15029990e+03 4.29493919e+01
v 6.80782419e+03 7.15275462e+03 4.31796475e+01
v 6.81232092e+03 7.15345959e+03 4.33590561e+01
v 6.81276404e+03 7.15298655e+03 4.24385389e+01
v 6.81044939e+03 7.15707803e+03 4.43422357e+01
v 6.81056920e+03 7.15504521e+03 4.36506484e+01
v 6.81232726e+03 7.15612518e+03 4.23059588e+01
v 6.80806052e+03 7.15998918e+03 4.23648045e+01
v 6.81144988e+03 7.15760298e+03 4.27050007e+01
v 6.80924647e+03 7.16137952e+03 4.23183211e+01
v 6.80691208e+03 7.16783949e+03 4.22199359e+01
v 6.80656799e+03 7.16500651e+03 4.32975413e+01
v 6.80776957e+03 7.16520636e+03 4.32359937e+01
v 6.80847248e+03 7.16543924e+03 4.26570295e+01
v 6.80919436e+03 7.16576539e+03 4.38472752e+01
v 6.80992871e+03 7.16779397e+03 4.23744185e+01
v 6.80939438e+03 7.16965935e+03 4.23452632e+01
v 6.81024391e+03 7.16303470e+03 4.23608264e+01
v 6.81170641e+03 7.16759639e+03 4.36484008e+01
v 6.80888493e+03 7.16287792e+03 4.21078455e+01
v 6.80860698e+03 7.16890223e+03 4.33559026e+01
v 6.81100611e+03 7.16765701e+03 4.23110222e+01
v 6.80641209e+03 7.16779643e+03 4.33110128e+01
v 6.81275805e+03 7.16794257e+03 4.37500292e+01
v 6.81207259e+03 7.17002651e+03 4.24613130e+01
v 6.81272325e+03 7.18766279e+03 4.63220450e+01
v 6.80878302e+03 7.18233704e+03 4.82711177e+01
v 6.79979965e+03 7.17741969e+03 4.32091821e+01
v 6.79854081e+03 7.17533274e+03 4.27365609e+01
v 6.79747627e+03 7.17597966e+03 4.37849822e+01
v 6.81032049e+03 7.18192246e+03 4.90263322e+01
v 6.81199985e+03 7.18190051e+03 4.83528875e+01
v 6.75000000e+03 7.18177868e+03 4.42557601e+01
v 6.75000000e+03 7.13384172e+03 5.11251895e+01
v 6.75000000e+03 7.13421445e+03 4.93202638e+01
v 6.75000000e+03 7.13468167e+03 5.08499983e+01
v 6.75000000e+03 7.14029722e+03 4.35290202e+01
v 6.76553072e+03 7.12513828e+03 5.64667159e+01
v 6.76484657e+03 7.12599876e+03 6.07443680e+01
v 6.76594467e+03 7.12532576e+03 5.85989757e+01
v 6.76651270e+03 7.12801674e+03 5.15310400e+01
v 6.75956251e+03 7.13215680e+03 5.73378603e+01
v 6.75825142e+03 7.13852480e+03 5.53070394e+01
v 6.75872817e+03 7.14081425e+03 5.16006401e+01
v 6.76082550e+03 7.13052558e+03 5.19129584e+01
v 6.77412880e+03 7.12803417e+03 5.76016928e+01
v 6.76297646e+03 7.12490457e+03 5.88243645e+01
v 6.75000000e+03 7.18133714e+03 4.19408141e+01
v 6.75841516e+03 7.13988802e+03 5.73192148e+01
v 6.75772059e+03 7.13696645e+03 5.61739939e+01
v 6.75000000e+03 7.14815246e+03 5.23246363e+01
v 6.75000000e+03 7.13011989e+03 5.52809372e+01
v 6.75000000e+03 7.13300645e+03 6.31670940e+01
v 6.75000000e+03 7.13357924e+03 6.19696697e+01
v 6.75000000e+03 7.12650391e+03 5.14213478e+01
v 6.75000000e+03 7.12939195e+03 5.30791316e+01
v 6.75000000e+03 7.13247596e+03 6.09311582e+01
v 6.75000000e+03 7.12923798e+03 6.10982152e+01
v 6.75000000e+03 7.12992260e+03 6.23707262e+01
v 6.80426011e+03 7.17989208e+03 4.27144517e+01
v 6.80266834e+03 7.17924587e+03 4.27810330e+01
v 6.79986131e+03 7.18513206e+03 4.20848575e+01
v 6.79885144e+03 7.18192063e+03 4.23657993e+01
v 6.80764228e+03 7.17611281e+03 4.23779691e+01
v 6.80614414e+03 7.16382302e+03 6.04268750e+01
v 6.80738067e+03 7.16508421e+03 5.90281549e+01
v 6.80861571e+03 7.18310461e+03 4.94095443e+01
v 6.80991333e+03 7.18530525e+03 5.06153380e+01
v 6.81077795e+03 7.18705757e+03 4.98822303e+01
v 6.81246319e+03 7.18327224e+03 4.99146365e+01
v 6.81197266e+03 7.18458424e+03 5.10079465e+01
v 6.81150709e+03 7.18623919e+03 5.01970703e+01
v 6.81149743e+03 7.18167719e+03 4.97271138e+01
v 6.81042222e+03 7.18388289e+03 5.04204097e+01
v 6.81016367e+03 7.18252873e+03 5.03334703e+01
v 6.81171914e+03 7.14355716e+03 5.71227284e+01
v 6.80849853e+03 7.14505411e+03 5.73628539e+01
v 6.79959430e+03 7.14812535e+03 5.76347632e+01
v 6.81175201e+03 7.14213673e+03 5.46000942e+01
v 6.80463163e+03 7.15388142e+03 5.42941631e+01
v 6.81041907e+03 7.14329355e+03 5.14052530e+01
v 6.80753966e+03 7.16057419e+03 4.75835575e+01
v 6.80632179e+03 7.16340218e+03 5.10724654e+01
v 6.80600079e+03 7.15330867e+03 5.71409851e+01
v 6.81153758e+03 7.14283092e+03 5.05326246e+01
v 6.79101375e+03 7.14453838e+03 5.80317029e+01
v 6.81039064e+03 7.14583909e+03 5.70743071e+01
v 6.79950463e+03 7.16225802e+03 5.42545405e+01
v 6.80148733e+03 7.16080916e+03 5.70934161e+01
v 6.80716479e+03 7.16009287e+03 5.80342043e+01
v 6.80809668e+03 7.16040903e+03 5.56820027e+01
v 6.80706158e+03 7.16134199e+03 5.48778411e+01
v 6.81092093e+03 7.16422794e+03 5.67565082e+01
v 6.81299267e+03 7.16258271e+03 5.65774436e+01
v 6.81217873e+03 7.16385477e+03 5.57711085e+01
v 6.81172022e+03 7.16171605e+03 5.66894066e+01
v 6.79453482e+03 7.15475862e+03 5.76947920e+01
v 6.81281279e+03 7.16143307e+03 5.14897700e+01
v 6.81181396e+03 7.16075395e+03 5.30231530e+01
v 6.80900800e+03 7.16053074e+03 5.26571656e+01
v 6.81123765e+03 7.16150838e+03 5.21185505e+01
v 6.80723640e+03 7.16338165e+03 5.20337386e+01
v 6.80782508e+03 7.16057294e+03 5.21952792e+01
v 6.80825239e+03 7.16010378e+03 5.37513123e+01
v 6.80975260e+03 7.16044113e+03 5.42758406e+01
v 6.81113411e+03 7.16060547e+03 5.49073429e+01
v 6.80808686e+03 7.16048311e+03 5.49030815e+01
v 6.81221160e+03 7.16244096e+03 5.72914265e+01
v 6.81190869e+03 7.16069299e+03 5.71981012e+01
v 6.81080787e+03 7.16023982e+03 5.64037517e+01
v 6.80979554e+03 7.15841693e+03 5.14103209e+01
v 6.81038908e+03 7.15952932e+03 5.04488695e+01
v 6.81211165e+03 7.16082605e+03 5.06174768e+01
v 6.80742501e+03 7.16021878e+03 5.02727231e+01
v 6.80879545e+03 7.15865323e+03 5.18908311e+01
v 6.80923427e+03 7.16073616e+03 5.13571356e+01
v 6.76274863e+03 7.13119437e+03 5.60141650e+01
v 6.76256977e+03 7.15691241e+03 4.44741938e+01
v 6.75934666e+03 7.13573435e+03 5.30727084e+01
v 6.75916951e+03 7.13893479e+03 5.14059237e+01
v 6.76255207e+03 7.13098388e+03 4.40125333e+01
v 6.76103643e+03 7.13662399e+03 4.98332577e+01
v 6.76316860e+03 7.12555401e+03 4.68113538e+01
v 6.76462005e+03 7.18018640e+03 4.26678192e+01
v 6.76576818e+03 7.17759530e+03 4.27426318e+01
v 6.76342582e+03 7.17777894e+03 4.26694204e+01
v 6.76384361e+03 7.17559027e+03 4.26145339e+01
v 6.76064114e+03 7.17660046e+03 4.26515682e+01
v 6.76397002e+03 7.18257763e+03 4.23392541e+01
v 6.76345744e+03 7.18202070e+03 4.32963500e+01
v 6.76212928e+03 7.18773099e+03 4.30838439e+01
v 6.75995780e+03 7.18650301e+03 4.17554875e+01
v 6.76580141e+03 7.18361726e+03 4.21433856e+01
v 6.76668779e+03 7.17967733e+03 4.27890722e+01
v 6.76339250e+03 7.17999401e+03 4.25848176e+01
v 6.76718806e+03 7.18181618e+03 4.22766958e+01
v 6.76961761e+03 7.17858126e+03 4.25473555e+01
v 6.75990325e+03 7.17587053e+03 4.33577164e+01
v 6.76078545e+03 7.17416446e+03 4.26637633e+01
v 6.75858386e+03 7.17507378e+03 4.27411190e+01
v 6.76229088e+03 7.17486004e+03 4.32473236e+01
v 6.76343858e+03 7.17831731e+03 4.35750361e+01
v 6.76573458e+03 7.17347484e+03 4.40482850e+01
v 6.76983888e+03 7.17445316e+03 4.33099029e+01
v 6.76762915e+03 7.17641640e+03 4.45112668e+01
v 6.76104551e+03 7.17841102e+03 4.38979544e+01
v 6.76074292e+03 7.17236111e+03 4.31328610e+01
v 6.76154277e+03 7.16945136e+03 4.38276473e+01
v 6.75987400e+03 7.17221861e+03 4.38168158e+01
v 6.75829079e+03 7.17144722e+03 4.39495529e+01
v 6.75913930e+03 7.17681334e+03 4.37852341e+01
v 6.76196133e+03 7.17137412e+03 4.39163380e+01
v 6.76391709e+03 7.17092012e+03 4.39830536e+01
v 6.76159960e+03 7.17330553e+03 4.39047969e+01
v 6.76202025e+03 7.17734163e+03 4.44516930e+01
v 6.76499475e+03 7.17457897e+03 4.44997788e+01
v 6.75911564e+03 7.17544438e+03 4.69753299e+01
v 6.76015318e+03 7.17640034e+03 4.44370209e+01
v 6.75991287e+03 7.18754869e+03 4.79358361e+01
v 6.76001946e+03 7.17222779e+03 4.81070634e+01
v 6.75846930e+03 7.17150102e+03 4.64904356e+01
v 6.76298599e+03 7.17132712e+03 4.57967576e+01
v 6.76178979e+03 7.17280124e+03 4.56235565e+01
v 6.76369369e+03 7.17425005e+03 4.57885953e+01
v 6.76505114e+03 7.17259349e+03 4.57111529e+01
v 6.76599757e+03 7.18670405e+03 4.74519945e+01
v 6.76650409e+03 7.18411606e+03 4.60181253e+01
v 6.76398990e+03 7.17997774e+03 4.80851585e+01
v 6.76813652e+03 7.18493406e+03 4.86850251e+01
v 6.76715644e+03 7.18604790e+03 4.91009923e+01
v 6.77024107e+03 7.16157591e+03 4.38283609e+01
v 6.76286134e+03 7.15503557e+03 4.46262300e+01
v 6.76413270e+03 7.15559830e+03 4.54621235e+01
v 6.76018257e+03 7.15504043e+03 4.47174253e+01
v 6.76838165e+03 7.15858286e+03 4.48712240e+01
v 6.76587121e+03 7.15674772e+03 4.47209459e+01
v 6.76541556e+03 7.15565622e+03 4.47750504e+01
v 6.76883073e+03 7.15798294e+03 4.68594749e+01
v 6.76531421e+03 7.15560328e+03 4.91211880e+01
v 6.75859150e+03 7.15176211e+03 4.78571850e+01
v 6.76012063e+03 7.15305415e+03 4.56755667e+01
v 6.79450454e+03 7.17479500e+03 4.30986479e+01
v 6.79360930e+03 7.17667936e+03 4.32981969e+01
v 6.77760349e+03 7.17910971e+03 4.27535094e+01
v 6.77645587e+03 7.17120186e+03 4.39476514e+01
v 6.77916119e+03 7.17358477e+03 4.36440479e+01
v 6.78967579e+03 7.17742879e+03 4.29570905e+01
v 6.78795773e+03 7.17717028e+03 4.36955806e+01
v 6.78954583e+03 7.17920799e+03 4.29745856e+01
v 6.78827815e+03 7.17956947e+03 4.37939046e+01
v 6.78428883e+03 7.17467685e+03 4.40689979e+01
v 6.78387019e+03 7.17828640e+03 4.37806678e+01
v 6.79141798e+03 7.17690146e+03 4.33223134e+01
v 6.79246596e+03 7.17648216e+03 4.41330628e+01
v 6.76202238e+03 7.15372531e+03 4.55086311e+01
v 6.77050800e+03 7.15873717e+03 4.43193476e+01
v 6.79212751e+03 7.17543091e+03 4.37538198e+01
v 6.79067978e+03 7.17586776e+03 4.37634198e+01
v 6.79473332e+03 7.17358418e+03 4.39890363e+01
v 6.79266863e+03 7.17376319e+03 4.39715643e+01
v 6.77302641e+03 7.16263824e+03 4.39765785e+01
v 6.77139047e+03 7.16151620e+03 4.53724609e+01
v 6.77401229e+03 7.16159339e+03 4.57755043e+01
v 6.77374619e+03 7.16294620e+03 4.55554575e+01
v 6.77726463e+03 7.16291511e+03 4.49481313e+01
v 6.78113086e+03 7.16527085e+03 4.47496917e+01
v 6.78418333e+03 7.17117018e+03 4.45343709e+01
v 6.78544693e+03 7.16805458e+03 4.41589109e+01
v 6.79262006e+03 7.17825688e+03 4.30136639e+01
v 6.79174543e+03 7.17884413e+03 4.39956161e+01
v 6.79416944e+03 7.17670462e+03 4.40685329e+01
v 6.78670062e+03 7.17180669e+03 4.45098097e+01
v 6.78878235e+03 7.17038121e+03 4.66613751e+01
v 6.78779651e+03 7.16894204e+03 4.48426141e+01
v 6.77607782e+03 7.16222150e+03 4.64966166e+01
v 6.78239568e+03 7.16688623e+03 4.61196709e+01
v 6.78135301e+03 7.16531977e+03 4.89462182e+01
v 6.78172971e+03 7.17020439e+03 4.57295245e+01
v 6.78270897e+03 7.16664274e+03 4.92050681e+01
v 6.77806501e+03 7.17169045e+03 4.60096781e+01
v 6.77238836e+03 7.16039092e+03 4.61887558e+01
v 6.77531930e+03 7.16325573e+03 4.52390720e+01
v 6.78666986e+03 7.17359359e+03 4.64779973e+01
v 6.78850924e+03 7.17292862e+03 4.70364053e+01
v 6.78582317e+03 7.17603450e+03 4.64823810e+01
v 6.78830906e+03 7.17453006e+03 4.62010002e+01
v 6.77987804e+03 7.17278891e+03 4.54839623e+01
v 6.78720858e+03 7.17671012e+03 4.53765343e+01
v 6.78113442e+03 7.17202155e+03 4.43634031e+01
v 6.79192594e+03 7.17226968e+03 4.93701684e+01
v 6.79046127e+03 7.17145956e+03 4.59092290e+01
v 6.79015956e+03 7.17061201e+03 4.70851833e+01
v 6.78934958e+03 7.17349643e+03 4.38769467e+01
v 6.78820386e+03 7.17525573e+03 4.42645286e+01
v 6.78248108e+03 7.17841256e+03 4.30892066e+01
v 6.79032285e+03 7.17858871e+03 4.42035540e+01
v 6.78983484e+03 7.17630575e+03 4.43036993e+01
v 6.79407659e+03 7.17921573e+03 4.41225584e+01
v 6.79494191e+03 7.17790560e+03 4.42034218e+01
v 6.79251371e+03 7.17969197e+03 4.29176734e+01
v 6.79353148e+03 7.17331227e+03 4.49861116e+01
v 6.78353281e+03 7.18050095e+03 4.43193429e+01
v 6.78664835e+03 7.17981995e+03 4.41414798e+01
v 6.78496106e+03 7.18224135e+03 4.27646853e+01
v 6.78199988e+03 7.18197321e+03 4.29764082e+01
v 6.78698042e+03 7.18209249e+03 4.28861070e+01
v 6.78669275e+03 7.18199414e+03 4.41642773e+01
v 6.79512936e+03 7.17867280e+03 4.30676829e+01
v 6.77959127e+03 7.18636322e+03 4.22307535e+01
v 6.79000314e+03 7.18200477e+03 4.27589307e+01
v 6.79408208e+03 7.17175591e+03 5.12181058e+01
v 6.79334955e+03 7.17299917e+03 4.90980943e+01
v 6.79323477e+03 7.17170617e+03 5.75258706e+01
v 6.79091009e+03 7.16931500e+03 5.74740059e+01
v 6.79125410e+03 7.17079486e+03 5.75598546e+01
v 6.79050393e+03 7.17178443e+03 5.70894328e+01
v 6.79751913e+03 7.16746455e+03 5.71833231e+01
v 6.79139485e+03 7.17076697e+03 5.89878972e+01
v 6.79348633e+03 7.17092554e+03 5.88340828e+01
v 6.79306439e+03 7.17187052e+03 5.89624140e+01
v 6.79326171e+03 7.17299766e+03 5.52857868e+01
v 6.79063561e+03 7.17087261e+03 5.20917394e+01
v 6.79350257e+03 7.17373656e+03 5.70864800e+01
v 6.77776253e+03 7.15234184e+03 5.81926285e+01
v 6.78364325e+03 7.14895683e+03 5.82021181e+01
v 6.78367107e+03 7.14898247e+03 5.81904630e+01
v 6.76375415e+03 7.15571201e+03 5.71715446e+01
v 6.76846733e+03 7.15871609e+03 5.71275733e+01
v 6.78369541e+03 7.14634485e+03 5.83133873e+01
v 6.78364622e+03 7.14885869e+03 5.82042508e+01
v 6.78400548e+03 7.14908193e+03 5.81493656e+01
v 6.78372478e+03 7.14897931e+03 5.81872169e+01
v 6.76462579e+03 7.14936493e+03 5.77802015e+01
v 6.76476558e+03 7.15560701e+03 5.44546475e+01
v 6.77179047e+03 7.15962109e+03 5.11654427e+01
v 6.75817805e+03 7.12805428e+03 4.25549847e+01
v 6.76336805e+03 7.12588111e+03 5.80836154e+01
v 6.76453849e+03 7.12667160e+03 6.01442866e+01
v 6.76037299e+03 7.13346997e+03 5.60053310e+01
v 6.76572548e+03 7.12466904e+03 6.03785516e+01
v 6.76663903e+03 7.12471663e+03 5.88273816e+01
v 6.76540236e+03 7.12522509e+03 6.23319348e+01
v 6.76624390e+03 7.12628998e+03 5.73448235e+01
v 6.75967540e+03 7.13032017e+03 5.43686089e+01
v 6.80878442e+03 7.15763816e+03 4.98287095e+01
v 6.76567401e+03 7.18291567e+03 4.82576239e+01
v 6.76630200e+03 7.18432848e+03 4.89460125e+01
v 6.75834855e+03 7.13716627e+03 5.27491094e+01
v 6.76712526e+03 7.18332266e+03 4.81294311e+01
v 6.76087163e+03 7.18296899e+03 5.67924074e+01
v 6.76341184e+03 7.18242823e+03 5.78718682e+01
v 6.76240153e+03 7.18361046e+03 5.68881099e+01
v 6.76456254e+03 7.17857282e+03 4.78874549e+01
v 6.76046966e+03 7.18498520e+03 4.82878620e+01
v 6.76338859e+03 7.18323144e+03 4.77143256e+01
v 6.76167504e+03 7.18655550e+03 4.93834643e+01
v 6.76221324e+03 7.18444258e+03 4.85222600e+01
v 6.76243644e+03 7.18778677e+03 5.00561151e+01
v 6.76020488e+03 7.18788397e+03 4.99256622e+01
v 6.75772052e+03 7.13408346e+03 5.43350364e+01
v 6.78402058e+03 7.16794143e+03 5.72654004e+01
v 6.76570581e+03 7.18629894e+03 4.91718239e+01
v 6.76623638e+03 7.18607927e+03 5.29912259e+01
v 6.76443156e+03 7.18667700e+03 5.21840918e+01
v 6.76532948e+03 7.18633002e+03 5.49062878e+01
v 6.76582831e+03 7.18459045e+03 4.97330519e+01
v 6.76604799e+03 7.18713406e+03 5.00006257e+01
v 6.76350048e+03 7.18772012e+03 5.20127961e+01
v 6.76182522e+03 7.18439728e+03 5.90945768e+01
v 6.76323127e+03 7.18567421e+03 5.79467719e+01
v 6.76450726e+03 7.18218758e+03 5.95461317e+01
v 6.76429885e+03 7.18158585e+03 5.74691455e+01
v 6.76516477e+03 7.18260637e+03 5.66238306e+01
v 6.76025610e+03 7.13692712e+03 5.14500086e+01
v 6.77488227e+03 7.13916516e+03 5.79256916e+01
v 6.77407973e+03 7.16205415e+03 5.72084342e+01
v 6.76442225e+03 7.18194512e+03 5.03876840e+01
v 6.77546018e+03 7.16170773e+03 5.19121498e+01
v 6.77370177e+03 7.16116598e+03 5.04219536e+01
v 6.76538905e+03 7.18328820e+03 4.96914617e+01
v 6.76576654e+03 7.18176722e+03 4.81594528e+01
v 6.76310136e+03 7.18193109e+03 4.81540001e+01
v 6.76164870e+03 7.18589139e+03 4.78478944e+01
v 6.76598563e+03 7.18156569e+03 4.93495472e+01
v 6.76707103e+03 7.18517159e+03 4.95567722e+01
v 6.76649966e+03 7.18214347e+03 4.85520532e+01
v 6.76815162e+03 7.18491464e+03 5.00782031e+01
v 6.76710915e+03 7.18569014e+03 5.05735963e+01
v 6.76644203e+03 7.18522026e+03 5.21478889e+01
v 6.76561998e+03 7.18304841e+03 5.17728027e+01
v 6.76653147e+03 7.18306870e+03 5.74371880e+01
v 6.76591715e+03 7.18488974e+03 5.71006709e+01
v 6.76566210e+03 7.18427369e+03 5.53534239e+01
v 6.76583686e+03 7.18345298e+03 5.81000029e+01
v 6.76563410e+03 7.18488119e+03 5.90470786e+01
v 6.76585874e+03 7.18609084e+03 5.77434166e+01
v 6.76462190e+03 7.18444280e+03 5.95469231e+01
v 6.76429505e+03 7.18214520e+03 5.44582883e+01
v 6.76527722e+03 7.18674628e+03 5.64667480e+01
v 6.76580164e+03 7.18582063e+03 5.41640991e+01
v 6.76531575e+03 7.18622292e+03 5.83103383e+01
v 6.76441551e+03 7.18601919e+03 5.70600163e+01
v 6.76177285e+03 7.18795171e+03 5.89969301e+01
v 6.76202100e+03 7.18150696e+03 5.63162201e+01
v 6.76129110e+03 7.18554967e+03 5.08843804e+01
v 6.76155465e+03 7.18673377e+03 5.80747441e+01
v 6.76033941e+03 7.18784411e+03 5.82531018e+01
v 6.76300444e+03 7.18374911e+03 5.92338300e+01
v 6.76015817e+03 7.18575606e+03 5.84967528e+01
v 6.76048502e+03 7.18483012e+03 5.81097175e+01
v 6.75971092e+03 7.18498617e+03 5.63694463e+01
v 6.75883992e+03 7.18297019e+03 5.61432808e+01
v 6.80929314e+03 7.15853893e+03 5.00382471e+01
v 6.80944199e+03 7.15815580e+03 4.97536695e+01
v 6.80926468e+03 7.15816108e+03 5.06622331e+01
v 6.80916869e+03 7.15836551e+03 5.06086052e+01
v 6.81099306e+03 7.16032201e+03 5.20888874e+01
v 6.79906049e+03 7.16294957e+03 4.91195827e+01
v 6.79475393e+03 7.16977505e+03 4.95675245e+01
v 6.79870617e+03 7.16324779e+03 4.64621169e+01
v 6.79501939e+03 7.16933695e+03 5.36368046e+01
v 6.80628140e+03 7.16005020e+03 5.01855584e+01
v 6.80541578e+03 7.15980586e+03 5.17286301e+01
v 6.80776165e+03 7.17714569e+03 4.36038053e+01
v 6.81184718e+03 7.16450729e+03 5.04162052e+01
v 6.81275021e+03 7.16537448e+03 5.28459969e+01
v 6.81234860e+03 7.16433088e+03 5.39085496e+01
v 6.81166771e+03 7.16327294e+03 5.26385604e+01
v 6.81010255e+03 7.16538723e+03 5.00157211e+01
v 6.79914054e+03 7.16361807e+03 4.46100485e+01
v 6.79694935e+03 7.16607331e+03 4.54614103e+01
v 6.80841772e+03 7.16493628e+03 4.96819584e+01
v 6.80756219e+03 7.16632132e+03 5.36738514e+01
v 6.80864460e+03 7.16808352e+03 5.56593812e+01
v 6.80968927e+03 7.16608173e+03 5.26091332e+01
v 6.80969347e+03 7.16707834e+03 5.41584806e+01
v 6.81144948e+03 7.16241679e+03 5.21815092e+01
v 6.80745950e+03 7.16621326e+03 5.54657210e+01
v 6.80950707e+03 7.16553466e+03 5.53738416e+01
v 6.81103454e+03 7.16526076e+03 5.53309499e+01
v 6.81190454e+03 7.16563303e+03 5.50431089e+01
v 6.81051163e+03 7.16606631e+03 5.41475487e+01
v 6.80584940e+03 7.16166048e+03 5.73052797e+01
v 6.80836705e+03 7.16056820e+03 5.90769734e+01
v 6.80849784e+03 7.16648339e+03 5.77634867e+01
v 6.81117490e+03 7.16321399e+03 5.78280720e+01
v 6.81105557e+03 7.16076854e+03 5.93732752e+01
v 6.81060862e+03 7.16305815e+03 5.97439283e+01
v 6.80950453e+03 7.16446091e+03 5.81549674e+01
v 6.81086176e+03 7.16518861e+03 5.82011110e+01
v 6.80901775e+03 7.16381512e+03 6.00707069e+01
v 6.80921158e+03 7.16575360e+03 5.86818121e+01
v 6.80695204e+03 7.16223680e+03 5.82785748e+01
v 6.80655850e+03 7.16304053e+03 5.62058182e+01
v 6.80709993e+03 7.16347363e+03 5.73992244e+01
v 6.80822184e+03 7.16206207e+03 5.99497852e+01
v 6.80639150e+03 7.16272869e+03 5.98754509e+01
v 6.80648816e+03 7.16135254e+03 5.87994446e+01
v 6.80785397e+03 7.16652313e+03 5.87409904e+01
v 6.80745332e+03 7.16359173e+03 6.03177165e+01
v 6.80832629e+03 7.16304189e+03 5.94794618e+01
v 6.80747325e+03 7.16133179e+03 6.06142766e+01
v 6.80652208e+03 7.16141412e+03 6.03625483e+01
v 6.80960983e+03 7.15933041e+03 5.90256978e+01
v 6.80189404e+03 7.15783651e+03 4.57173579e+01
v 6.80638473e+03 7.17901079e+03 4.30416070e+01
v 6.81146513e+03 7.16937521e+03 4.35243495e+01
v 6.81145166e+03 7.18567817e+03 4.46003339e+01
v 6.80505000e+03 7.17509464e+03 4.21966016e+01
v 6.81124825e+03 7.18053992e+03 4.18912710e+01
v 6.80621545e+03 7.17682784e+03 4.34482026e+01
v 6.80666512e+03 7.17674523e+03 4.24389567e+01
v 6.80440241e+03 7.18375901e+03 4.22157777e+01
v 6.80365826e+03 7.18199381e+03 4.21891495e+01
v 6.80912922e+03 7.18615644e+03 4.21211416e+01
v 6.79550407e+03 7.18150982e+03 4.24854757e+01
v 6.79588544e+03 7.17543251e+03 4.34497311e+01
v 6.80347775e+03 7.15962189e+03 4.25056550e+01
v 6.80108348e+03 7.17884576e+03 4.25506912e+01
v 6.80164167e+03 7.17858701e+03 4.31844198e+01
v 6.80250849e+03 7.17965588e+03 4.23588548e+01
v 6.79835344e+03 7.16883202e+03 4.26341672e+01
v 6.80163775e+03 7.17567954e+03 4.32572426e+01
v 6.80353465e+03 7.17417899e+03 4.32118331e+01
v 6.79863786e+03 7.17739336e+03 4.29706485e+01
v 6.79747828e+03 7.17934174e+03 4.25761402e+01
v 6.79656085e+03 7.17631586e+03 4.30389044e+01
v 6.79997079e+03 7.17322847e+03 4.25887595e+01
v 6.80327805e+03 7.17608033e+03 4.38294181e+01
v 6.80927621e+03 7.15837627e+03 5.04657122e+01
v 6.80672530e+03 7.16137881e+03 5.20261463e+01
v 6.80557566e+03 7.17932422e+03 4.21544455e+01
v 6.80583522e+03 7.18089263e+03 4.29092136e+01
v 6.79649722e+03 7.16763801e+03 4.43121182e+01
v 6.79778845e+03 7.16555622e+03 4.45908974e+01
v 6.81215181e+03 7.18413303e+03 4.20950629e+01
v 6.80410803e+03 7.17771147e+03 4.33921675e+01
v 6.80254462e+03 7.17356121e+03 4.24706117e+01
v 6.80111964e+03 7.17434037e+03 4.40044831e+01
v 6.79702416e+03 7.17928146e+03 4.38052782e+01
v 6.80334453e+03 7.17738283e+03 4.23736998e+01
v 6.80550257e+03 7.17585019e+03 4.33988504e+01
v 6.80542754e+03 7.17814342e+03 4.23225052e+01
v 6.80195319e+03 7.18075621e+03 4.30311201e+01
v 6.80263250e+03 7.18298303e+03 4.33883926e+01
v 6.80041200e+03 7.18282997e+03 4.22373539e+01
v 6.79974117e+03 7.18123527e+03 4.36921227e+01
v 6.80095522e+03 7.18342214e+03 4.32050853e+01
v 6.80034053e+03 7.18241226e+03 4.35271709e+01
v 6.80685194e+03 7.18147983e+03 4.20242089e+01
v 6.80708539e+03 7.18776110e+03 4.22166552e+01
v 6.81232922e+03 7.17218504e+03 4.22292060e+01
v 6.81049217e+03 7.17129196e+03 4.24518702e+01
v 6.75387240e+03 7.12592458e+03 6.00672748e+01
v 6.75144496e+03 7.12956307e+03 6.13536683e+01
v 6.75000000e+03 7.13162708e+03 6.20707817e+01
v 6.75230154e+03 7.12981731e+03 6.20317635e+01
v 6.75087619e+03 7.12767907e+03 5.43948322e+01
v 6.75503808e+03 7.12633016e+03 5.42527773e+01
v 6.75400011e+03 7.12607063e+03 5.34119313e+01
v 6.75068757e+03 7.12769127e+03 5.29377628e+01
v 6.75508535e+03 7.12598821e+03 5.26790407e+01
v 6.75189483e+03 7.12499272e+03 5.08626947e+01
v 6.75418002e+03 7.12822122e+03 4.60078441e+01
v 6.81299999e+03 7.12568290e+03 5.75919181e+01
v 6.81299999e+03 7.12681955e+03 5.75696433e+01
v 6.81299999e+03 7.12475724e+03 5.76298497e+01
v 6.81299999e+03 7.18274006e+03 4.39440252e+01
v 6.81299999e+03 7.18271574e+03 4.38728487e+01
v 6.81299999e+03 7.16280782e+03 5.01390885e+01
v 6.81299999e+03 7.16249357e+03 5.00677192e+01
v 6.81299999e+03 7.16374932e+03 5.22177746e+01
v 6.81299999e+03 7.16367386e+03 5.21667696e+01
v 6.81299999e+03 7.18162109e+03 4.87035712e+01
v 6.81299999e+03 7.18158668e+03 4.76931890e+01
v 6.81299999e+03 7.17902957e+03 4.19625923e+01
v 6.81299999e+03 7.18070828e+03 4.19771124e+01
v 6.81299999e+03 7.18273755e+03 4.39500835e+01
v 6.81299999e+03 7.16702451e+03 4.26354524e+01
v 6.81299999e+03 7.16726400e+03 4.29086041e+01
v 6.81299999e+03 7.16413375e+03 4.78671005e+01
v 6.81299999e+03 7.16318702e+03 4.60833392e+01
v 6.81299999e+03 7.15081926e+03 4.32424314e+01
v 6.81299999e+03 7.15068589e+03 4.27182772e+01
v 6.81299999e+03 7.15274779e+03 4.48913099e+01
v 6.81299999e+03 7.15186329e+03 4.25044478e+01
v 6.81299999e+03 7.14127504e+03 4.76636802e+01
v 6.81299999e+03 7.13954778e+03 4.74902163e+01
v 6.81299999e+03 7.16240429e+03 5.20253620e+01
v 6.81299999e+03 7.16115688e+03 5.36293023e+01
v 6.81299999e+03 7.16138530e+03 5.35455169e+01
v 6.81299999e+03 7.16388872e+03 5.30179064e+01
v 6.81299999e+03 7.16419889e+03 5.34670084e+01
v 6.81299999e+03 7.16493160e+03 5.29522622e+01
v 6.81299999e+03 7.16443506e+03 5.24374917e+01
v 6.81299999e+03 7.16389700e+03 5.19444603e+01
v 6.81299999e+03 7.16268755e+03 4.96181879e+01
v 6.81299999e+03 7.16256738e+03 4.95552574e+01
v 6.81299999e+03 7.16475647e+03 4.92935376e+01
v 6.81299999e+03 7.16495467e+03 4.86529137e+01
v 6.81299999e+03 7.16460148e+03 4.81124903e+01
v 6.81299999e+03 7.16192554e+03 5.17524828e+01
v 6.81299999e+03 7.16134320e+03 5.25085508e+01
v 6.81299999e+03 7.14315894e+03 5.02734796e+01
v 6.81299999e+03 7.14355017e+03 5.02025276e+01
v 6.81299999e+03 7.14352829e+03 4.97716838e+01
v 6.81299999e+03 7.14283425e+03 5.02921262e+01
v 6.81299999e+03 7.14186332e+03 4.98804928e+01
v 6.81299999e+03 7.14007582e+03 5.43950165e+01
v 6.81299999e+03 7.13979804e+03 5.22505672e+01
v 6.81299999e+03 7.13959796e+03 5.72820339e+01
v 6.81299999e+03 7.14137331e+03 5.71279948e+01
v 6.81299999e+03 7.13099381e+03 5.74800483e+01
v 6.81299999e+03 7.18558860e+03 5.06112359e+01
v 6.81299999e+03 7.18453956e+03 5.10370646e+01
v 6.81299999e+03 7.18371380e+03 5.03286751e+01
v 6.81299999e+03 7.18308819e+03 4.97052040e+01
v 6.81299999e+03 7.18613178e+03 5.03562241e+01
v 6.81299999e+03 7.18652479e+03 4.98689086e+01
v 6.81299999e+03 7.18232992e+03 4.93642952e+01
v 6.81299999e+03 7.18684696e+03 4.80450373e+01
v 6.81299999e+03 7.18719024e+03 4.74183412e+01
v 6.81299999e+03 7.16143073e+03 4.23823847e+01
v 6.81299999e+03 7.15794369e+03 4.23254624e+01
v 6.81299999e+03 7.16864672e+03 4.35170731e+01
v 6.81299999e+03 7.16558275e+03 4.22289241e+01
v 6.81299999e+03 7.16690424e+03 4.25388598e+01
v 6.81299999e+03 7.16472228e+03 4.22875392e+01
v 6.81299999e+03 7.15504314e+03 4.28716052e+01
v 6.81299999e+03 7.15596719e+03 4.23301576e+01
v 6.81299999e+03 7.15320295e+03 4.24365632e+01
v 6.81299999e+03 7.15388841e+03 4.31511414e+01
v 6.81299999e+03 7.14950442e+03 4.30767516e+01
v 6.81299999e+03 7.14477724e+03 4.45104375e+01
v 6.81299999e+03 7.15031949e+03 4.28223080e+01
v 6.81299999e+03 7.14396867e+03 4.48855455e+01
v 6.81299999e+03 7.14362899e+03 4.84672975e+01
v 6.81299999e+03 7.16343389e+03 4.58700227e+01
v 6.81299999e+03 7.16411495e+03 4.49348438e+01
v 6.81299999e+03 7.16600459e+03 4.58982142e+01
v 6.81299999e+03 7.16499663e+03 4.55927469e+01
v 6.81299999e+03 7.16506940e+03 4.77830206e+01
v 6.81299999e+03 7.16549241e+03 4.75729946e+01
v 6.81299999e+03 7.16559725e+03 4.70816373e+01
v 6.81299999e+03 7.18147137e+03 4.63882576e+01
v 6.81299999e+03 7.18273512e+03 4.39567152e+01
v 6.81299999e+03 7.18769303e+03 4.60310926e+01
v 6.81299999e+03 7.18770668e+03 4.66236901e+01
v 6.81299999e+03 7.18695209e+03 4.48032231e+01
v 6.81299999e+03 7.16912239e+03 4.33824348e+01
v 6.81299999e+03 7.16922980e+03 4.32385005e+01
v 6.81299999e+03 7.16967561e+03 4.31547022e+01
v 6.81299999e+03 7.17157978e+03 4.26726653e+01
v 6.81299999e+03 7.17210110e+03 4.22092113e+01
v 6.81299999e+03 7.18198631e+03 4.21116464e+01
v 6.81299999e+03 7.17308285e+03 4.21980650e+01
v 6.81299999e+03 7.17703605e+03 4.21845407e+01
v 6.81299999e+03 7.18232613e+03 4.21224033e+01
v 6.81299999e+03 7.16288767e+03 4.92406941e+01
v 6.81299999e+03 7.14075081e+03 5.55941467e+01
v 6.81299999e+03 7.13946672e+03 4.92677804e+01
v 6.81299999e+03 7.16426309e+03 5.02566168e+01
v 6.81299999e+03 7.18687596e+03 4.85290620e+01
v 6.81299999e+03 7.15660549e+03 4.23240047e+01
v 6.81299999e+03 7.18686357e+03 4.82841948e+01
v 6.75347747e+03 7.12450001e+03 5.08338234e+01
v 6.75261072e+03 7.12450001e+03 5.09616176e+01
v 6.75635978e+03 7.12450001e+03 5.11943626e+01
v 6.75634576e+03 7.12450001e+03 5.11882582e+01
v 6.75226362e+03 7.12450001e+03 5.08903017e+01
v 6.75208037e+03 7.12450001e+03 5.08699552e+01
v 6.75636603e+03 7.12450001e+03 5.12139999e+01
v 6.75624304e+03 7.12450001e+03 5.11260438e+01
v 6.75556805e+03 7.12450001e+03 5.38118690e+01
v 6.75634002e+03 7.12450001e+03 5.41499514e+01
v 6.75471247e+03 7.12450001e+03 5.36331747e+01
v 6.75484356e+03 7.12450001e+03 5.36774181e+01
v 6.75427312e+03 7.12450001e+03 5.41179635e+01
v 6.75363694e+03 7.12450001e+03 5.43049795e+01
v 6.75599486e+03 7.12450001e+03 5.20716142e+01
v 6.75600153e+03 7.12450001e+03 5.21308017e+01
v 6.75613362e+03 7.12450001e+03 5.17139261e+01
v 6.75352073e+03 7.12450001e+03 5.28760057e+01
v 6.75374058e+03 7.12450001e+03 5.17614465e+01
v 6.75461822e+03 7.12450001e+03 5.70764883e+01
v 6.75460273e+03 7.12450001e+03 5.72886767e+01
v 6.75355351e+03 7.12450001e+03 5.93956044e+01
v 6.75357924e+03 7.12450001e+03 5.95461762e+01
v 6.75367433e+03 7.12450001e+03 5.89723059e+01
v 6.75361837e+03 7.12450001e+03 5.93097004e+01
v 6.75447097e+03 7.12450001e+03 5.98077875e+01
v 6.75376594e+03 7.12450001e+03 6.03791304e+01
v 6.75489073e+03 7.12450001e+03 5.95130760e+01
v 6.75505718e+03 7.12450001e+03 5.68444231e+01
v 6.75617153e+03 7.12450001e+03 5.82965793e+01
v 6.75559802e+03 7.12450001e+03 5.98025999e+01
v 6.75597501e+03 7.12450001e+03 5.99941219e+01
v 6.75621111e+03 7.12450001e+03 5.88086326e+01
v 6.75602274e+03 7.12450001e+03 5.00208910e+01
v 6.75622890e+03 7.12450001e+03 4.93879111e+01
v 6.75620325e+03 7.12450001e+03 4.85352046e+01
v 6.75595558e+03 7.12450001e+03 4.59576810e+01
v 6.75609684e+03 7.12450001e+03 4.72512408e+01
v 6.75125178e+03 7.12450001e+03 5.08674334e+01
v 6.75632353e+03 7.12450001e+03 5.10303090e+01
v 6.75373387e+03 7.12450001e+03 5.33721024e+01
v 6.75614793e+03 7.12450001e+03 5.91351236e+01
v 6.75465831e+03 7.12450001e+03 5.70261722e+01
v 6.75403998e+03 7.12450001e+03 5.78676330e+01
v 6.76307526e+03 7.12450001e+03 5.57432630e+01
v 6.76335388e+03 7.12450001e+03 5.38862837e+01
v 6.76393445e+03 7.12450001e+03 5.96556501e+01
v 6.76391711e+03 7.12450001e+03 5.91613687e+01
v 6.78375526e+03 7.12450001e+03 5.79135519e+01
v 6.79340984e+03 7.12450001e+03 5.82636373e+01
v 6.77709062e+03 7.12450001e+03 5.76493440e+01
v 6.75636856e+03 7.12450001e+03 4.79580407e+01
v 6.76332778e+03 7.12450001e+03 5.35579849e+01
v 6.76590389e+03 7.12450001e+03 4.74739338e+01
v 6.76534613e+03 7.12450001e+03 4.74543289e+01
v 6.76794759e+03 7.12450001e+03 4.82066923e+01
v 6.76282991e+03 7.12450001e+03 4.78890475e+01
v 6.76300018e+03 7.12450001e+03 4.86332460e+01
v 6.75975441e+03 7.12450001e+03 4.29381876e+01
v 6.75792671e+03 7.12450001e+03 4.28562897e+01
v 6.76036926e+03 7.12450001e+03 4.28485234e+01
v 6.76166146e+03 7.12450001e+03 4.43628485e+01
v 6.76209673e+03 7.12450001e+03 5.15353965e+01
v 6.76161629e+03 7.12450001e+03 5.11418096e+01
v 6.76293843e+03 7.12450001e+03 5.19655538e+01
v 6.76489352e+03 7.12450001e+03 5.39032990e+01
v 6.76487023e+03 7.12450001e+03 5.38463547e+01
v 6.76490003e+03 7.12450001e+03 5.37618045e+01
v 6.76519863e+03 7.12450001e+03 5.54104469e+01
v 6.76345628e+03 7.12450001e+03 5.60077869e+01
v 6.76841433e+03 7.12450001e+03 5.40127144e+01
v 6.76841353e+03 7.12450001e+03 5.39892254e+01
v 6.76840238e+03 7.12450001e+03 5.40451519e+01
v 6.76660356e+03 7.12450001e+03 5.58772471e+01
v 6.76727588e+03 7.12450001e+03 5.72554560e+01
v 6.76630207e+03 7.12450001e+03 5.66751971e+01
v 6.76997527e+03 7.12450001e+03 5.73070082e+01
v 6.76623735e+03 7.12450001e+03 5.82258942e+01
v 6.76511859e+03 7.12450001e+03 5.61356445e+01
v 6.77290891e+03 7.12450001e+03 5.74060957e+01
v 6.77373758e+03 7.12450001e+03 5.74980219e+01
v 6.77396706e+03 7.12450001e+03 5.75309836e+01
v 6.76374716e+03 7.12450001e+03 5.91551225e+01
v 6.76464259e+03 7.12450001e+03 6.12942620e+01
v 6.76521531e+03 7.12450001e+03 6.05623020e+01
v 6.76442063e+03 7.12450001e+03 6.08565302e+01
v 6.76571031e+03 7.12450001e+03 6.02054548e+01
v 6.76649440e+03 7.12450001e+03 5.88258183e+01
v 6.76321005e+03 7.12450001e+03 5.64091087e+01
v 6.76311614e+03 7.12450001e+03 5.67888210e+01
v 6.76429705e+03 7.12450001e+03 5.00250725e+01
v 6.76450796e+03 7.12450001e+03 4.99200894e+01
v 6.76198933e+03 7.12450001e+03 4.46563231e+01
v 6.76210194e+03 7.12450001e+03 4.48464623e+01
v 6.76433615e+03 7.12450001e+03 5.02945230e+01
v 6.76440652e+03 7.12450001e+03 5.03538973e+01
v 6.75793300e+03 7.12450001e+03 4.58811170e+01
v 6.75794554e+03 7.12450001e+03 4.39879867e+01
v 6.76473503e+03 7.12450001e+03 5.25418288e+01
v 6.76833203e+03 7.12450001e+03 4.88880108e+01
v 6.75653962e+03 7.12450001e+03 4.58417401e+01
v 6.76811348e+03 7.12450001e+03 4.84778980e+01
v 6.76225986e+03 7.12450001e+03 4.94691988e+01
v 6.80740988e+03 7.12450001e+03 5.78108211e+01
v 6.81075872e+03 7.12450001e+03 5.77233413e+01
v 6.81252327e+03 7.12450001e+03 5.76428891e+01
v 6.75000000e+03 7.12450001e+03 5.10529708e+01
v 6.81299999e+03 7.12450001e+03 5.76300474e+01
v 6.75031278e+03 7.18799999e+03 4.17528109e+01
v 6.75000000e+03 7.18799999e+03 4.16117017e+01
v 6.75120355e+03 7.18799999e+03 4.18973522e+01
v 6.75326452e+03 7.18799999e+03 4.27401608e+01
v 6.75562230e+03 7.18799999e+03 4.21079994e+01
v 6.75858029e+03 7.18799999e+03 4.15998790e+01
v 6.75757863e+03 7.18799999e+03 4.20643345e+01
v 6.76459724e+03 7.18799999e+03 4.22215807e+01
v 6.76311899e+03 7.18799999e+03 4.25422121e+01
v 6.76085354e+03 7.18799999e+03 4.16396347e+01
v 6.76916805e+03 7.18799999e+03 4.19546306e+01
v 6.77076907e+03 7.18799999e+03 4.20211570e+01
v 6.76491451e+03 7.18799999e+03 4.17725965e+01
v 6.77835300e+03 7.18799999e+03 4.21059771e+01
v 6.77968608e+03 7.18799999e+03 4.21242408e+01
v 6.76053019e+03 7.18799999e+03 5.81567801e+01
v 6.76120157e+03 7.18799999e+03 5.64936744e+01
v 6.76365208e+03 7.18799999e+03 5.16878540e+01
v 6.76309941e+03 7.18799999e+03 5.32022225e+01
v 6.76236077e+03 7.18799999e+03 5.44513700e+01
v 6.76419552e+03 7.18799999e+03 5.78948501e+01
v 6.76325817e+03 7.18799999e+03 5.79454076e+01
v 6.76656227e+03 7.18799999e+03 4.93880479e+01
v 6.76491074e+03 7.18799999e+03 4.92734448e+01
v 6.76061452e+03 7.18799999e+03 4.70599423e+01
v 6.76362775e+03 7.18799999e+03 4.58612058e+01
v 6.76506240e+03 7.18799999e+03 4.69575942e+01
v 6.76633152e+03 7.18799999e+03 4.72445896e+01
v 6.76290428e+03 7.18799999e+03 5.82112322e+01
v 6.76231389e+03 7.18799999e+03 5.82141274e+01
v 6.76554802e+03 7.18799999e+03 5.45738802e+01
v 6.76529191e+03 7.18799999e+03 5.38535831e+01
v 6.76273248e+03 7.18799999e+03 5.01169740e+01
v 6.76484741e+03 7.18799999e+03 4.94016534e+01
v 6.76178275e+03 7.18799999e+03 5.89364670e+01
v 6.76183104e+03 7.18799999e+03 5.89572562e+01
v 6.76483586e+03 7.18799999e+03 5.61280906e+01
v 6.76560777e+03 7.18799999e+03 5.76163029e+01
v 6.76432171e+03 7.18799999e+03 5.80540806e+01
v 6.76561931e+03 7.18799999e+03 5.77683103e+01
v 6.76561972e+03 7.18799999e+03 5.25308396e+01
v 6.76483264e+03 7.18799999e+03 5.60710675e+01
v 6.76563153e+03 7.18799999e+03 5.24433301e+01
v 6.76515285e+03 7.18799999e+03 5.13642692e+01
v 6.76661129e+03 7.18799999e+03 4.87057295e+01
v 6.77789109e+03 7.18799999e+03 4.21006703e+01
v 6.79128178e+03 7.18799999e+03 4.24085098e+01
v 6.78870966e+03 7.18799999e+03 4.23828124e+01
v 6.77635641e+03 7.18799999e+03 4.20943280e+01
v 6.78055190e+03 7.18799999e+03 4.22173452e+01
v 6.78160147e+03 7.18799999e+03 4.22605945e+01
v 6.79485842e+03 7.18799999e+03 4.22173333e+01
v 6.79182326e+03 7.18799999e+03 4.24127567e+01
v 6.78712178e+03 7.18799999e+03 4.24733709e+01
v 6.78535060e+03 7.18799999e+03 4.24794889e+01
v 6.76387279e+03 7.18799999e+03 4.56391158e+01
v 6.76456489e+03 7.18799999e+03 4.54211281e+01
v 6.76498968e+03 7.18799999e+03 4.63422346e+01
v 6.76460578e+03 7.18799999e+03 4.18976329e+01
v 6.76159870e+03 7.18799999e+03 4.23778854e+01
v 6.76259637e+03 7.18799999e+03 5.39677705e+01
v 6.76033868e+03 7.18799999e+03 4.73249599e+01
v 6.76255061e+03 7.18799999e+03 4.98847249e+01
v 6.76051768e+03 7.18799999e+03 4.98381453e+01
v 6.80369355e+03 7.18799999e+03 4.21311055e+01
v 6.80635745e+03 7.18799999e+03 4.21068067e+01
v 6.80692358e+03 7.18799999e+03 4.22248963e+01
v 6.80668675e+03 7.18799999e+03 4.22032407e+01
v 6.80751380e+03 7.18799999e+03 4.33193642e+01
v 6.80755067e+03 7.18799999e+03 4.33317877e+01
v 6.80879980e+03 7.18799999e+03 4.61357747e+01
v 6.81032492e+03 7.18799999e+03 4.58094968e+01
v 6.80858055e+03 7.18799999e+03 4.44550604e+01
v 6.80900943e+03 7.18799999e+03 4.38927043e+01
v 6.81168433e+03 7.18799999e+03 4.55025004e+01
v 6.80894561e+03 7.18799999e+03 4.36801599e+01
v 6.80683298e+03 7.18799999e+03 4.28283934e+01
v 6.80742679e+03 7.18799999e+03 4.31363680e+01
v 6.79766055e+03 7.18799999e+03 4.21319244e+01
v 6.80077995e+03 7.18799999e+03 4.20366591e+01
v 6.80192556e+03 7.18799999e+03 4.20886620e+01
v 6.81226627e+03 7.18799999e+03 4.53828494e+01
v 6.81299999e+03 7.18799999e+03 4.52319894e+01
vt 0.026890321 0.74268043
vt 0.019752262 0.77341121
vt 0.0091921184 0.76074535
vt 0.067245424 0.76755488
vt 0.0046420284 0.77538323
vt 0.070218332 0.80747175
vt 0.06824971 0.71115267
vt 0.0046507171 0.78320605
vt 0.10283944 0.75227726
vt 0.084183231 0.73765767
vt 0.029922523 0.72752476
vt 0.1627873 0.78869355
vt 0.0046619847 0.81852871
vt 0.083689123 0.72213709
vt 0.050519612 0.69808269
vt 0.12863044 0.75098151
vt 0.094851151 0.85024315
vt 0.098549277 0.72737622
vt 0.041066468 0.84527171
vt 0.12506753 0.74245507
vt 0.14824727 0.76531196
vt 0.11340357 0.8617115
vt 0.056479968 0.84651721
vt 0.1051118 0.73761308
vt 0.11504127 0.74200392
vt 0.16486286 0.76651365
vt 0.18873507 0.84163654
vt 0.09812557 0.86526352
vt 0.063724764 0.85799563
vt 0.042378925 0.85497272
vt 0.18454987 0.79698569
vt 0.15968059 0.88930053
vt 0.088613398 0.87297982
vt 0.081820838 0.8718667
vt 0.054395873 0.86770815
vt 0.20248963 0.80963904
vt 0.15796646 0.92155433
vt 0.12760893 0.88166571
vt 0.095304489 0.88035375
vt 0.069449194 0.86584383
vt 0.064654082 0.86575925
vt 0.043691285 0.8680824
vt 0.20245799 0.80180043
vt 0.23199993 0.82165241
vt 0.21136461 0.86388099
vt 0.14241536 0.90464073
vt 0.12182935 0.89029235
vt 0.088952743 0.88706982
vt 0.07175456 0.89417928
vt 0.20837462 0.79371488
vt 0.21765676 0.79913521
vt 0.22035694 0.9256621
vt 0.12788898 0.91386062
vt 0.12225828 0.87477708
vt 0.10071264 0.89249867
vt 0.22392626 0.86768818
vt 0.24786896 0.81753045
vt 0.23250777 0.88249165
vt 0.23590779 0.9823271
vt 0.13899507 0.94683433
vt 0.11165695 0.88772225
vt 0.082061082 0.90039885
vt 0.087831587 0.90610164
vt 0.25774717 0.83014357
vt 0.25845987 0.92020226
vt 0.16698895 0.99513745
vt 0.13863587 0.97325897
vt 0.11284869 0.89820147
vt 0.25255474 0.85606974
vt 0.27256832 0.89100939
vt 0.25471005 0.94802159
vt 0.21064006 0.99512309
vt 0.15448126 0.99514169
vt 0.12816706 0.96090925
vt 0.10958993 0.9153015
vt 0.28159884 0.83926922
vt 0.26930839 0.91921115
vt 0.27173275 0.86361217
vt 0.27784628 0.9501096
vt 0.22262985 0.99511915
vt 0.11892603 0.93410695
vt 0.12125116 0.99515295
vt 0.30124018 0.91048127
vt 0.29140097 0.86857873
vt 0.24791597 0.87027186
vt 0.26667526 0.93651181
vt 0.25161657 0.99510932
vt 0.22623853 0.99511802
vt 0.13507846 0.93012416
vt 0.11385544 0.95279115
vt 0.119186 0.98114598
vt 0.29101482 0.93118405
vt 0.28090569 0.99509925
vt 0.24341697 0.99511212
vt 0.23665318 0.99511456
vt 0.10984435 0.9484387
vt 0.1188385 0.99515343
vt 0.13073315 0.96826071
vt 0.29995367 0.84619474
vt 0.29474324 0.99509478
vt 0.29136714 0.94816995
vt 0.10933574 0.93260717
vt 0.31723738 0.94824851
vt 0.30714917 0.99509096
vt 0.32724392 0.9950844
vt 0.33684465 0.9301728
vt 0.33147421 0.99508303
vt 0.33767143 0.91896051
vt 0.35518765 0.99507588
vt 0.34976643 0.9068265
vt 0.39426655 0.97265768
vt 0.3558037 0.91620684
vt 0.34539434 0.90663272
vt 0.36021397 0.94436854
vt 0.37707996 0.99506903
vt 0.34904712 0.92644483
vt 0.36317292 0.89688545
vt 0.35238484 0.8919093
vt 0.3863672 0.94756991
vt 0.35727623 0.92220348
vt 0.40145102 0.9950614
vt 0.36845401 0.90378606
vt 0.39856219 0.95467061
vt 0.37563163 0.92742503
vt 0.41040084 0.99505836
vt 0.37560099 0.90115511
vt 0.38392174 0.8961013
vt 0.40280244 0.95929289
vt 0.4037964 0.92354107
vt 0.4242132 0.99505377
vt 0.38468391 0.91219908
vt 0.38244203 0.84531468
vt 0.41590422 0.95585752
vt 0.41059333 0.93846303
vt 0.42974001 0.96191871
vt 0.39375925 0.91240114
vt 0.36725336 0.91822648
vt 0.39508903 0.87965828
vt 0.40815327 0.92151636
vt 0.42392194 0.94812989
vt 0.4666751 0.98063713
vt 0.40405974 0.88833815
vt 0.37207711 0.92695177
vt 0.44742277 0.85454619
vt 0.41617802 0.92666233
vt 0.44887239 0.94410682
vt 0.44502527 0.99504709
vt 0.40811485 0.89880139
vt 0.35814685 0.93206131
vt 0.40464705 0.80557287
vt 0.41519877 0.88225168
vt 0.42861581 0.93170702
vt 0.42145827 0.91210657
vt 0.45071116 0.99317855
vt 0.48321727 0.93675292
vt 0.42092779 0.90192682
vt 0.43477756 0.89422613
vt 0.42741856 0.91466928
vt 0.44759741 0.99504596
vt 0.47113883 0.91258693
vt 0.49028435 0.96482152
vt 0.42293102 0.88707358
vt 0.45503151 0.90217358
vt 0.44388041 0.90776038
vt 0.44944751 0.9950453
vt 0.49689862 0.92494857
vt 0.49690533 0.94804788
vt 0.44739863 0.90711671
vt 0.43830872 0.90012437
vt 0.49689239 0.90937346
vt 0.49690279 0.93806356
vt 0.49690613 0.95070279
vt 0.49163947 0.87147617
vt 0.45596018 0.91023928
vt 0.49688232 0.87848878
vt 0.4772839 0.86450291
vt 0.46870381 0.85175109
vt 0.48962778 0.85461247
vt 0.49687979 0.87081873
vt 0.46254483 0.84583521
vt 0.48487467 0.84952259
vt 0.49686703 0.84838355
vt 0.496876 0.86674458
vt 0.46211421 0.83493501
vt 0.48675448 0.83562452
vt 0.49686599 0.84754401
vt 0.49686858 0.85186678
vt 0.46148902 0.81878269
vt 0.49497083 0.83832616
vt 0.49686405 0.84382737
vt 0.46712318 0.82132554
vt 0.44930667 0.83754003
vt 0.49686465 0.83115631
vt 0.45599374 0.81696337
vt 0.49686381 0.83302653
vt 0.48101431 0.81842369
vt 0.46470773 0.79877263
vt 0.49686486 0.83021688
vt 0.47435921 0.81480449
vt 0.44660556 0.81540495
vt 0.49686319 0.8198936
vt 0.47532392 0.79999334
vt 0.44539458 0.83720177
vt 0.44774148 0.79722822
vt 0.49686068 0.81317097
vt 0.46752742 0.78706479
vt 0.43278635 0.83776522
vt 0.49685186 0.7874552
vt 0.4936381 0.78378654
vt 0.45825833 0.77620554
vt 0.4224534 0.77334726
vt 0.49158308 0.74600714
vt 0.46383122 0.7610724
vt 0.43944159 0.78005087
vt 0.49684334 0.76021266
vt 0.48473006 0.75755358
vt 0.44957992 0.77123708
vt 0.43549308 0.75726658
vt 0.45057684 0.78923875
vt 0.49683997 0.74975777
vt 0.47690359 0.75345027
vt 0.45209259 0.74815226
vt 0.4968383 0.744771
vt 0.4904955 0.73659986
vt 0.49683309 0.73755026
vt 0.47783819 0.73757041
vt 0.4700014 0.72890294
vt 0.49152112 0.72517908
vt 0.48570299 0.71771979
vt 0.49682865 0.72852808
vt 0.47934777 0.70945013
vt 0.52794427 0.74205852
vt 0.53273195 0.73401219
vt 0.54683113 0.73252779
vt 0.52154833 0.76665938
vt 0.52399486 0.78835738
vt 0.50477481 0.79894859
vt 0.59537375 0.80655003
vt 0.51420027 0.8126502
vt 0.56119114 0.70672429
vt 0.5393489 0.80277997
vt 0.5255425 0.79897076
vt 0.66956383 0.63987792
vt 0.5390864 0.82868886
vt 0.59687036 0.64533949
vt 0.67547685 0.72683692
vt 0.58858335 0.85614103
vt 0.56211776 0.68238497
vt 0.60795933 0.62627202
vt 0.7874226 0.6890648
vt 0.69801104 0.82977289
vt 0.6254133 0.87959886
vt 0.56676525 0.67265642
vt 0.59699857 0.62776214
vt 0.6160177 0.61228532
vt 0.74476081 0.61224163
vt 0.63710666 0.61227834
vt 0.6023894 0.61727858
vt 0.69269419 0.61225927
vt 0.8201862 0.61221623
vt 0.74434632 0.78290546
vt 0.66926873 0.90566331
vt 0.66002548 0.61227059
vt 0.60841286 0.61228943
vt 0.66829163 0.61226755
vt 0.96187043 0.62105966
vt 0.74396896 0.80254555
vt 0.8015185 0.76877451
vt 0.74694705 0.95163292
vt 0.66649902 0.61226821
vt 0.92956519 0.61218202
vt 0.94783914 0.74398643
vt 0.74416351 0.80351257
vt 0.74394608 0.8033123
vt 0.93812478 0.77276134
vt 0.74458313 0.80348778
vt 0.80077434 0.96234596
vt 0.95572877 0.6121738
vt 0.97327948 0.73012352
vt 0.74677658 0.80428886
vt 0.86856604 0.79677749
vt 0.82905483 0.84861314
vt 0.79760951 0.98164076
vt 0.96951485 0.61216962
vt 0.9632836 0.76105887
vt 0.97325665 0.66290224
vt 0.97034585 0.74815911
vt 0.91863304 0.83725786
vt 0.85240495 0.94787329
vt 0.80346519 0.97390646
vt 0.97324008 0.61417806
vt 0.9529106 0.77889013
vt 0.96361512 0.75238633
vt 0.97324562 0.63029027
vt 0.97328478 0.74399412
vt 0.88339049 0.89586771
vt 0.81894189 0.98102123
vt 0.97323942 0.61216843
vt 0.97324264 0.62141001
vt 0.82104158 0.99688435
vt 0.35704008 0.66522175
vt 0.34333885 0.60868394
vt 0.35424608 0.62958217
vt 0.36643976 0.63287479
vt 0.28979886 0.63582265
vt 0.34950802 0.59606683
vt 0.36949837 0.67907584
vt 0.36745626 0.6127134
vt 0.324121 0.67835569
vt 0.3196829 0.60729349
vt 0.34471422 0.58843344
vt 0.35326195 0.67748368
vt 0.26919368 0.68026602
vt 0.28960508 0.58947408
vt 0.32283261 0.57789969
vt 0.36999482 0.60462368
vt 0.26395765 0.65948611
vt 0.26756734 0.58916342
vt 0.30404863 0.59034884
vt 0.22625671 0.68047965
vt 0.27782521 0.58240473
vt 0.2024112 0.63484776
vt 0.26081118 0.61810631
vt 0.17640284 0.68186188
vt 0.25992441 0.58424264
vt 0.17032933 0.64119607
vt 0.22802578 0.60083878
vt 0.25150514 0.58357549
vt 0.098934613 0.65829736
vt 0.1832546 0.62915552
vt 0.21440841 0.58135301
vt 0.088233888 0.68364692
vt 0.11739548 0.61882472
vt 0.16403097 0.59900773
vt 0.19486398 0.59597778
vt 0.22738385 0.58495551
vt 0.034787919 0.64457673
vt 0.10260037 0.62083125
vt 0.17917575 0.59288543
vt 0.085916117 0.59974062
vt 0.030711602 0.68314838
vt 0.10307518 0.59657675
vt 0.15354489 0.58710021
vt 0.03886715 0.60547632
vt 0.0084789703 0.66961706
vt 0.11890085 0.58605015
vt 0.019955592 0.62329853
vt 0.047963873 0.60176837
vt 0.0031765136 0.68346393
vt 0.0079327635 0.62141204
vt 0.079403825 0.58194196
vt 0.032620676 0.59610009
vt 0.06125392 0.5877769
vt 0.00520099 0.58930528
vt 0.30521297 0.53042781
vt 0.29374197 0.49927831
vt 0.30494604 0.48271275
vt 0.27349976 0.51781201
vt 0.28732282 0.45463878
vt 0.25217116 0.54696739
vt 0.27747262 0.48629808
vt 0.30660027 0.45128202
vt 0.3097136 0.54494417
vt 0.20870735 0.52397305
vt 0.27085671 0.45016444
vt 0.19204885 0.54731524
vt 0.21505815 0.48415649
vt 0.24407147 0.45514023
vt 0.12416019 0.54890132
vt 0.19252551 0.49221802
vt 0.21831627 0.46339083
vt 0.25667313 0.44652277
vt 0.13261351 0.52573121
vt 0.14058433 0.4853074
vt 0.20016913 0.45589012
vt 0.21957217 0.4497146
vt 0.092327125 0.51896936
vt 0.16955611 0.45844352
vt 0.18516378 0.45083606
vt 0.23770748 0.44905561
vt 0.045294356 0.53301513
vt 0.12240614 0.49756855
vt 0.1337641 0.45105356
vt 0.057466675 0.49919361
vt 0.056886319 0.54948878
vt 0.10719312 0.48804879
vt 0.11533353 0.45322263
vt 0.16236068 0.44511193
vt 0.038643993 0.5045141
vt 0.0754188 0.48544413
vt 0.036374483 0.5501864
vt 0.10850518 0.46076971
vt 0.026140651 0.53005874
vt 0.031777129 0.49873376
vt 0.021715842 0.55027503
vt 0.012250765 0.48972505
vt 0.028321363 0.55829751
vt 0.016714158 0.55054665
vt 0.0054819225 0.51211709
vt 0.012275296 0.53840131
vt 0.0031203635 0.48891431
vt 0.0074620275 0.5288173
vt 0.56080163 0.95572126
vt 0.57388121 0.94624537
vt 0.59850723 0.9610166
vt 0.57764405 0.96571612
vt 0.5598408 0.93533832
vt 0.59334123 0.95233274
vt 0.59960908 0.97840637
vt 0.54930061 0.96601146
vt 0.53153157 0.94415402
vt 0.62961745 0.95711589
vt 0.61076248 0.96632618
vt 0.53131127 0.96236968
vt 0.53386039 0.95190609
vt 0.53579432 0.9289661
vt 0.62465084 0.96490866
vt 0.61483353 0.97981179
vt 0.5041011 0.9463309
vt 0.51435488 0.92847824
vt 0.6744349 0.96419179
vt 0.50945055 0.93898499
vt 0.66123319 0.9825213
vt 0.63027114 0.97945845
vt 0.50671947 0.9574579
vt 0.69522595 0.98650748
vt 0.63360268 0.97217298
vt 0.63230437 0.99184239
vt 0.52403224 0.97140348
vt 0.71983558 0.99453288
vt 0.68413347 0.99233478
vt 0.63392913 0.97963768
vt 0.70063031 0.99531704
vt 0.71877122 0.98219681
vt 0.72829574 0.97679412
vt 0.41975638 0.53201872
vt 0.40064591 0.54526228
vt 0.41709888 0.4755857
vt 0.4462074 0.52388102
vt 0.39306685 0.55632699
vt 0.3796697 0.54323888
vt 0.45793405 0.5008322
vt 0.43772665 0.57196319
vt 0.42620251 0.57417113
vt 0.3796542 0.49270022
vt 0.45088714 0.52596754
vt 0.48897314 0.5613693
vt 0.40505412 0.57718718
vt 0.38870668 0.57709384
vt 0.37963986 0.4526633
vt 0.4308252 0.58933944
vt 0.48203596 0.57663214
vt 0.49344447 0.55039239
vt 0.37968013 0.57691991
vt 0.44589981 0.59941494
vt 0.4918035 0.57671207
vt 0.41976473 0.59584254
vt 0.43127963 0.59791756
vt 0.49968049 0.56568515
vt 0.46148255 0.60049886
vt 0.40508762 0.59124565
vt 0.43422332 0.60654891
vt 0.50598454 0.57431519
vt 0.48428565 0.58679163
vt 0.44153669 0.61791646
vt 0.41185182 0.59981948
vt 0.39492711 0.59393156
vt 0.42989436 0.61360627
vt 0.4751018 0.59625447
vt 0.45714101 0.6205287
vt 0.40208921 0.60139441
vt 0.4706986 0.60757673
vt 0.41929194 0.61885887
vt 0.41023016 0.60549861
vt 0.41844347 0.60785341
vt 0.36944634 0.73754692
vt 0.37448508 0.76144975
vt 0.36305806 0.78156388
vt 0.33147517 0.73825371
vt 0.40040201 0.73545396
vt 0.40392092 0.78008294
vt 0.3544178 0.72030205
vt 0.32095417 0.76060247
vt 0.37960526 0.71638387
vt 0.38477206 0.78874213
vt 0.33395198 0.72306514
vt 0.36549231 0.71837258
vt 0.32280907 0.78507632
vt 0.31632638 0.73747981
vt 0.40407181 0.7799533
vt 0.40400794 0.78038526
vt 0.37309527 0.79814816
vt 0.3360576 0.70255864
vt 0.33603689 0.79626298
vt 0.30735728 0.78446984
vt 0.29735166 0.74953341
vt 0.40361589 0.74015957
vt 0.40407631 0.7801367
vt 0.39371952 0.79402655
vt 0.36101869 0.80564356
vt 0.32037088 0.79520339
vt 0.28235909 0.78628528
vt 0.38418615 0.79848206
vt 0.31587932 0.78179383
vt 0.29306805 0.80633134
vt 0.39199415 0.80013943
vt 0.27129719 0.79193264
vt 0.26497138 0.80819356
vt 0.26184109 0.76407933
vt 0.25364423 0.79636025
vt 0.29127297 0.76197356
vt 0.26688135 0.78820378
vt 0.57307374 0.55345726
vt 0.56739002 0.5412724
vt 0.57962996 0.5519017
vt 0.54605156 0.54520243
vt 0.58642268 0.54656637
vt 0.5465349 0.52849066
vt 0.55746144 0.55496562
vt 0.56686091 0.52380967
vt 0.52337873 0.53819823
vt 0.53776127 0.55591232
vt 0.58627492 0.52194524
vt 0.53128189 0.52030957
vt 0.52776855 0.54911095
vt 0.5582369 0.52253109
vt 0.55572367 0.5586831
vt 0.56297195 0.50109971
vt 0.53423107 0.51545846
vt 0.51311153 0.52549803
vt 0.52513242 0.55915958
vt 0.5940392 0.50782281
vt 0.5039317 0.53910899
vt 0.51883495 0.55204338
vt 0.594383 0.49409181
vt 0.58982182 0.53277135
vt 0.55982506 0.49092895
vt 0.60969716 0.49206209
vt 0.6007936 0.52338111
vt 0.63358271 0.51264101
vt 0.63255548 0.50195354
vt 0.6478765 0.50266993
vt 0.95948976 0.94944924
vt 0.9494381 0.93950129
vt 0.96268892 0.93943685
vt 0.97044766 0.95264065
vt 0.94382787 0.94661498
vt 0.97823524 0.93932384
vt 0.96846694 0.96988523
vt 0.94968694 0.97630036
vt 0.93923581 0.97385526
vt 0.96477544 0.98722464
vt 0.92505336 0.96409172
vt 0.94935131 0.98674726
vt 0.93092698 0.98513174
vt 0.92916644 0.94199377
vt 0.95436865 0.99037945
vt 0.92272943 0.984864
vt 0.91039187 0.95039999
vt 0.94860578 0.99626809
vt 0.88306671 0.97352362
vt 0.90162754 0.95344502
vt 0.87925243 0.98097122
vt 0.87487 0.94964701
vt 0.85581863 0.95717156
vt 0.86299366 0.98472261
vt 0.86479539 0.948129
vt 0.85287929 0.97093344
vt 0.84749937 0.95064968
vt 0.84990543 0.95495528
vt 0.056334693 0.90098435
vt 0.031756148 0.90413034
vt 0.028861718 0.88502461
vt 0.056410391 0.91831863
vt 0.023118852 0.89394808
vt 0.059529241 0.91661519
vt 0.043665871 0.93149626
vt 0.010386032 0.89185905
vt 0.020597644 0.91478175
vt 0.059524376 0.90324265
vt 0.059530538 0.92075247
vt 0.059538189 0.93469697
vt 0.025959827 0.92062491
vt 0.0030530335 0.88048345
vt 0.059539869 0.93795538
vt 0.0088836951 0.94003284
vt 0.051314641 0.9530682
vt 0.030261712 0.94342929
vt 0.059540704 0.93934995
vt 0.037877075 0.95875561
vt 0.02376199 0.95746273
vt 0.059551347 0.95395565
vt 0.054865297 0.97005755
vt 0.055740688 0.95975775
vt 0.040578388 0.97312838
vt 0.059553929 0.95747221
vt 0.05638843 0.99331939
vt 0.05955793 0.97474241
vt 0.059565227 0.9916721
vt 0.059556462 0.97067809
vt 0.059566431 0.99369901
vt 0.05956817 0.9965322
vt 0.60389489 0.90154475
vt 0.60667747 0.91882241
vt 0.59771657 0.91469646
vt 0.57997668 0.91518915
vt 0.61875767 0.90056419
vt 0.59068316 0.92265201
vt 0.59094578 0.88191706
vt 0.61872774 0.91459775
vt 0.61902606 0.88317943
vt 0.55842692 0.88371754
vt 0.57841319 0.93403059
vt 0.56230038 0.90551823
vt 0.57383865 0.87463814
vt 0.55622673 0.91993552
vt 0.54602861 0.89114743
vt 0.55856788 0.87444007
vt 0.53953439 0.91347396
vt 0.54048455 0.87454551
vt 0.55074656 0.87095267
vt 0.5405274 0.92026711
vt 0.53599602 0.88642299
vt 0.5348981 0.91291267
vt 0.51952887 0.88945502
vt 0.51137102 0.90394163
vt 0.53705269 0.91492319
vt 0.50945711 0.90225774
vt 0.50410956 0.88786715
vt 0.50405353 0.90063643
vt 0.75052983 0.45844024
vt 0.74388486 0.46777433
vt 0.73904729 0.45362431
vt 0.76852161 0.46144086
vt 0.72836667 0.4580946
vt 0.73672819 0.48232979
vt 0.7229476 0.46790481
vt 0.78373772 0.45963663
vt 0.77340871 0.49970615
vt 0.71649551 0.47301376
vt 0.74117875 0.49511629
vt 0.80075866 0.49760813
vt 0.70436352 0.49366099
vt 0.72092378 0.50907314
vt 0.80534077 0.46969897
vt 0.69774002 0.52438462
vt 0.71809125 0.5307461
vt 0.71031266 0.54376352
vt 0.72509038 0.5430277
vt 0.69107759 0.54805255
vt 0.70765096 0.55160707
vt 0.70138276 0.55951929
vt 0.85860556 0.50950909
vt 0.84980416 0.51437962
vt 0.83439308 0.5048148
vt 0.85764748 0.48698711
vt 0.85303938 0.52271426
vt 0.82809275 0.52099526
vt 0.83941603 0.48953968
vt 0.8692646 0.47745013
vt 0.8813954 0.51221865
vt 0.82718241 0.52912259
vt 0.82684565 0.51598954
vt 0.82848901 0.49112439
vt 0.84114182 0.48276579
vt 0.88533598 0.49173874
vt 0.86737794 0.52504891
vt 0.84113353 0.53917527
vt 0.82699859 0.50973964
vt 0.82627773 0.52795398
vt 0.82763851 0.50043905
vt 0.87007064 0.46825325
vt 0.88219583 0.47829777
vt 0.89233857 0.53343034
vt 0.8616094 0.53226304
vt 0.82826602 0.53617167
vt 0.82599843 0.50521219
vt 0.8261438 0.52908319
vt 0.85112166 0.46065181
vt 0.90744412 0.48093075
vt 0.88671589 0.54817915
vt 0.86125845 0.53976095
vt 0.82742679 0.53330684
vt 0.84311646 0.55018425
vt 0.8202368 0.46393156
vt 0.87148786 0.45565903
vt 0.8879146 0.46014535
vt 0.89874804 0.45722318
vt 0.90970433 0.4945364
vt 0.90270615 0.54552686
vt 0.86728662 0.54713333
vt 0.82822585 0.53659755
vt 0.81657201 0.46503508
vt 0.91011113 0.45831454
vt 0.9051674 0.53984618
vt 0.89843583 0.55452132
vt 0.86814976 0.53892529
vt 0.82618546 0.55094516
vt 0.84794462 0.55884129
vt 0.81646091 0.47335464
vt 0.81654114 0.48734331
vt 0.79417646 0.99578851
vt 0.74802399 0.9695282
vt 0.74824142 0.96932793
vt 0.690669 0.93479013
vt 0.74760437 0.9695034
vt 0.74821854 0.96856117
vt 0.74541092 0.97030449
vt 0.94646752 0.90757686
vt 0.93588179 0.90532029
vt 0.94302827 0.89583826
vt 0.95298398 0.8952384
vt 0.93145627 0.91807598
vt 0.9324683 0.90104157
vt 0.96430326 0.90602094
vt 0.94806975 0.8857941
vt 0.92200601 0.90950114
vt 0.95726979 0.92496461
vt 0.92607307 0.88396877
vt 0.91078973 0.91665477
vt 0.91853297 0.90245545
vt 0.93657506 0.92692184
vt 0.92333335 0.89453596
vt 0.9613592 0.93314528
vt 0.92722863 0.86923301
vt 0.91480863 0.92347497
vt 0.94934499 0.93202984
vt 0.92490238 0.92758441
vt 0.9187429 0.89048088
vt 0.91991019 0.88241535
vt 0.94212693 0.86736691
vt 0.92237067 0.88522673
vt 0.91724414 0.87984693
vt 0.92776078 0.8503412
vt 0.91905338 0.86666578
vt 0.92149472 0.85857928
vt 0.94552898 0.84691602
vt 0.92247492 0.85345858
vt 0.92766845 0.83104676
vt 0.92072433 0.85017306
vt 0.92565382 0.84058803
vt 0.92304105 0.84681219
vt 0.92513567 0.8444218
vt 0.046040468 0.44027913
vt 0.037807379 0.43718886
vt 0.071194522 0.42475897
vt 0.069464378 0.44136417
vt 0.039601363 0.45103604
vt 0.076422982 0.4388414
vt 0.05409912 0.44818515
vt 0.024479507 0.44342268
vt 0.091091655 0.43684745
vt 0.030993741 0.45179409
vt 0.10478085 0.44374996
vt 0.071612604 0.44936723
vt 0.039817583 0.46151114
vt 0.028550098 0.45822066
vt 0.061836779 0.44385314
vt 0.092519224 0.44254613
vt 0.053166676 0.45382088
vt 0.010406323 0.45035809
vt 0.063120395 0.46458024
vt 0.083235942 0.45554358
vt 0.037966378 0.48129493
vt 0.047200758 0.46400028
vt 0.017717445 0.46659356
vt 0.003602684 0.45936507
vt 0.053106334 0.47669458
vt 0.021831103 0.49516231
vt 0.010166177 0.46891749
vt 0.62433678 0.94385314
vt 0.61566669 0.95382088
vt 0.60210139 0.95103604
vt 0.98875779 0.79991156
vt 0.99155223 0.80838341
vt 0.97837162 0.80207729
vt 0.97993839 0.79497856
vt 0.98518515 0.82014692
vt 0.96926433 0.79989177
vt 0.99401993 0.7912733
vt 0.97583425 0.82211834
vt 0.95676464 0.80392635
vt 0.96914721 0.78810859
vt 0.97992915 0.78561127
vt 0.99400651 0.80148745
vt 0.96945792 0.81439227
vt 0.94873184 0.78957069
vt 0.96401405 0.78494632
vt 0.953134 0.82752311
vt 0.95633447 0.77808625
vt 0.94221801 0.83763844
vt 0.96577871 0.7735976
vt 0.95696396 0.83456063
vt 0.95419639 0.85565138
vt 0.9634729 0.8224901
vt 0.96448898 0.85003865
vt 0.97431403 0.83367002
vt 0.95842516 0.87183249
vt 0.97592843 0.82526118
vt 0.97576427 0.84317827
vt 0.97273529 0.86152059
vt 0.97502911 0.85473502
vt 0.29495984 0.81295264
vt 0.30135956 0.82915986
vt 0.29310843 0.83373374
vt 0.28475684 0.81464082
vt 0.30869424 0.82712877
vt 0.30250001 0.8405804
vt 0.28837338 0.83066267
vt 0.30875447 0.83734262
vt 0.30518591 0.81809425
vt 0.2859273 0.83823478
vt 0.30821171 0.85138905
vt 0.3248435 0.85065007
vt 0.32115555 0.86262918
vt 0.32674354 0.83806121
vt 0.30840808 0.86155689
vt 0.33354914 0.86681193
vt 0.31847301 0.82830578
vt 0.31463742 0.86875522
vt 0.2860662 0.88108104
vt 0.33959392 0.86205858
vt 0.33454904 0.82847542
vt 0.3029936 0.88394481
vt 0.34072658 0.86325794
vt 0.3354151 0.87605166
vt 0.33580825 0.81986552
vt 0.33576667 0.83241844
vt 0.33472347 0.87930834
vt 0.28917712 0.89311415
vt 0.33750793 0.8675707
vt 0.34081557 0.8616094
vt 0.33509448 0.87866175
vt 0.33430573 0.81254095
vt 0.33521062 0.83965588
vt 0.32655042 0.89031625
vt 0.28552958 0.90329337
vt 0.31262809 0.80726564
vt 0.33487028 0.8804912
vt 0.3359361 0.88705063
vt 0.20820419 0.77642679
vt 0.20684376 0.76164532
vt 0.21179979 0.74823767
vt 0.22346364 0.76003164
vt 0.22513874 0.72643232
vt 0.21273111 0.72705019
vt 0.23999238 0.74260783
vt 0.204238 0.71137571
vt 0.24540812 0.73704624
vt 0.23908159 0.69202292
vt 0.23053171 0.68910962
vt 0.20987888 0.69025338
vt 0.19214943 0.69318879
vt 0.19714375 0.68892777
vt 0.20151006 0.68231833
vt 0.39921978 0.69103181
vt 0.42449239 0.68106675
vt 0.42620739 0.714764
vt 0.38317519 0.71525764
vt 0.37962714 0.68124151
vt 0.43206599 0.68558693
vt 0.38566193 0.69249094
vt 0.4454875 0.68689233
vt 0.44196323 0.68002069
vt 0.45364541 0.70442957
vt 0.44953972 0.6835506
vt 0.45803443 0.68972838
vt 0.4605737 0.7025038
vt 0.47329399 0.71538675
vt 0.085573703 0.98375386
vt 0.078645416 0.98567957
vt 0.074743681 0.96273577
vt 0.084282003 0.96390313
vt 0.18293844 0.74459392
vt 0.18958093 0.74473041
vt 0.18270496 0.76488823
vt 0.17519362 0.75571108
vt 0.18989383 0.70698941
vt 0.18877542 0.77645057
vt 0.17561772 0.71226108
vt 0.18257745 0.70923436
vt 0.18287461 0.69495928
vt 0.18016462 0.69756734
vt 0.18743616 0.69299251
vt 0.17561242 0.70218378
vt 0.18986727 0.6920591
vt 0.52128249 0.49549901
vt 0.49119735 0.48764884
vt 0.49434382 0.48052013
vt 0.52536798 0.48651803
vt 0.45565924 0.47733587
vt 0.50138873 0.47023761
vt 0.44080624 0.46435899
vt 0.48274702 0.44238997
vt 0.5175001 0.47797251
vt 0.44100764 0.46681488
vt 0.44093275 0.46036083
vt 0.45718303 0.45371777
vt 0.44155887 0.47326922
vt 0.46075425 0.43629241
vt 0.44448796 0.44796461
vt 0.48158675 0.42651975
vt 0.49639067 0.69279677
vt 0.498638 0.6592859
vt 0.50386816 0.66281736
vt 0.50359309 0.69167471
vt 0.48267406 0.69214594
vt 0.51236194 0.65564263
vt 0.50000942 0.70416206
vt 0.48582259 0.70663929
vt 0.47354257 0.70515186
vt 0.50445586 0.64133787
vt 0.47558966 0.65723646
vt 0.49975207 0.63504231
vt 0.49915326 0.71509844
vt 0.4898389 0.6569519
vt 0.47293136 0.64353871
vt 0.48665008 0.64050817
vt 0.4760651 0.63357133
vt 0.36552522 0.53941679
vt 0.34553766 0.50347638
vt 0.36869845 0.50732625
vt 0.33540392 0.52027476
vt 0.36083463 0.49661785
vt 0.35390282 0.5591718
vt 0.3172619 0.49868602
vt 0.33990365 0.48005748
vt 0.37099886 0.49962258
vt 0.31860498 0.5557754
vt 0.37931618 0.55474925
vt 0.32343864 0.51813352
vt 0.34343475 0.47740346
vt 0.66642874 0.4967162
vt 0.65245038 0.49407101
vt 0.65314746 0.48400676
vt 0.66549379 0.46649301
vt 0.68704331 0.49210089
vt 0.6467461 0.47254765
vt 0.68958354 0.45245993
vt 0.62969762 0.47042716
vt 0.66541624 0.43811882
vt 0.70001733 0.45836848
vt 0.69641453 0.42849427
vt 0.71035093 0.44505024
vt 0.69576114 0.48658633
vt 0.63636565 0.43726504
vt 0.65981764 0.43024915
vt 0.7043575 0.44253224
vt 0.69211566 0.41348225
vt 0.70768321 0.43093026
vt 0.64274162 0.43202615
vt 0.71183133 0.41765422
vt 0.1529305 0.41628653
vt 0.15840556 0.42634386
vt 0.12889363 0.42916065
vt 0.12971334 0.4273119
vt 0.17365631 0.40973717
vt 0.13921355 0.43350202
vt 0.15240674 0.39915198
vt 0.12821315 0.43041593
vt 0.1296656 0.42440021
vt 0.16360241 0.37323183
vt 0.13977298 0.38519651
vt 0.19856177 0.37795448
vt 0.15166719 0.37753201
vt 0.12987095 0.41500604
vt 0.18094499 0.37267989
vt 0.17027548 0.36737424
vt 0.13056722 0.38899136
vt 0.14216226 0.35725129
vt 0.15532166 0.35840058
vt 0.13226037 0.38358617
vt 0.14386955 0.3526603
vt 0.14463706 0.35066831
vt 0.16306567 0.35159647
vt 0.17112704 0.35709864
vt 0.31705546 0.7161026
vt 0.29909456 0.71545148
vt 0.29436523 0.68793404
vt 0.32205096 0.68973863
vt 0.3000024 0.73667675
vt 0.28073141 0.69473928
vt 0.33333132 0.70471752
vt 0.29298499 0.72356629
vt 0.30924374 0.73411125
vt 0.28451723 0.71676421
vt 0.33251649 0.71452701
vt 0.29092535 0.73106253
vt 0.31786177 0.73066902
vt 0.26453882 0.70492923
vt 0.32764336 0.72399807
vt 0.27301422 0.72695881
vt 0.26202306 0.71820378
vt 0.28884211 0.73541117
vt 0.25296742 0.70579225
vt 0.27230483 0.74581319
vt 0.26339793 0.7465657
vt 0.3357372 0.42826861
vt 0.34017479 0.41942626
vt 0.34009039 0.43847907
vt 0.3274295 0.4544636
vt 0.34767655 0.43014961
vt 0.3439537 0.47443056
vt 0.36510339 0.43875402
vt 0.33269826 0.47145677
vt 0.35194319 0.45243788
vt 0.36886612 0.43271106
vt 0.32632852 0.47249186
vt 0.36044088 0.47455066
vt 0.37459269 0.43658775
vt 0.37200716 0.46367818
vt 0.31658417 0.46165961
vt 0.35084787 0.48534811
vt 0.37541404 0.4344399
vt 0.37772679 0.44754356
vt 0.36740994 0.4803437
vt 0.37768209 0.42595702
vt 0.37357923 0.46057487
vt 0.3722651 0.46759236
vt 0.35651818 0.4830758
vt 0.37251338 0.46364039
vt 0.370368 0.48134172
vt 0.35808179 0.49213713
vt 0.36842901 0.48827368
vt 0.36780331 0.49697453
vt 0.018482076 0.38975251
vt 0.012884495 0.4100042
vt 0.0038594396 0.40342748
vt 0.029685084 0.41035491
vt 0.0047526732 0.41422039
vt 0.039867938 0.39044297
vt 0.017657712 0.4234966
vt 0.031665545 0.37311554
vt 0.040598195 0.41668028
vt 0.030743416 0.41948318
vt 0.010683412 0.38228536
vt 0.0498445 0.36753488
vt 0.049186055 0.41196817
vt 0.02517675 0.43386292
vt 0.039492484 0.36225456
vt 0.061478265 0.38576901
vt 0.060744304 0.3999632
vt 0.06574358 0.42488885
vt 0.52488452 0.62830603
vt 0.51486659 0.6499235
vt 0.5131464 0.64930797
vt 0.51100004 0.63716662
vt 0.53034079 0.65258849
vt 0.50729793 0.62261033
vt 0.53724736 0.63603818
vt 0.52816814 0.59506238
vt 0.53590333 0.65037495
vt 0.5332219 0.62063849
vt 0.50654525 0.61912239
vt 0.55440229 0.63431108
vt 0.50493926 0.61373842
vt 0.50565261 0.60510206
vt 0.50317168 0.6026209
vt 0.50855702 0.58882874
vt 0.51976264 0.58340156
vt 0.50609326 0.58951211
vt 0.50667149 0.58752555
vt 0.63587785 0.55302024
vt 0.63650346 0.57573563
vt 0.62823731 0.5696137
vt 0.64757317 0.5784415
vt 0.65594983 0.56478751
vt 0.63631624 0.58650661
vt 0.64503235 0.54693687
vt 0.65399069 0.5775761
vt 0.645172 0.58960032
vt 0.66817534 0.56059301
vt 0.64022821 0.53619242
vt 0.65885478 0.58473575
vt 0.66840756 0.55576169
vt 0.66192812 0.53315848
vt 0.66339016 0.58095491
vt 0.66976291 0.54819649
vt 0.65670341 0.5258593
vt 0.663234 0.57573479
vt 0.66966087 0.52350974
vt 0.66412693 0.56415015
vt 0.66963375 0.52101576
vt 0.76084751 0.56449789
vt 0.77054489 0.57105982
vt 0.76769024 0.58429253
vt 0.75972253 0.58923888
vt 0.76502353 0.55603391
vt 0.77753341 0.58740586
vt 0.73931587 0.55002409
vt 0.77671796 0.56508112
vt 0.77805263 0.5754649
vt 0.74808884 0.57706726
vt 0.77719736 0.54456103
vt 0.7569741 0.53659439
vt 0.7363261 0.5746156
vt 0.76131082 0.52316684
vt 0.72311419 0.5503214
vt 0.77135038 0.5319376
vt 0.73831791 0.53617948
vt 0.92614669 0.56629848
vt 0.91099703 0.57551217
vt 0.91964507 0.55895317
vt 0.92795569 0.55480039
vt 0.92975712 0.57555574
vt 0.91106021 0.55728656
vt 0.92120171 0.54925954
vt 0.91444039 0.58665073
vt 0.93484658 0.57271349
vt 0.91083515 0.54476249
vt 0.93036163 0.58933789
vt 0.9299677 0.55461287
vt 0.93922335 0.5682987
vt 0.95111227 0.56755531
vt 0.94679314 0.5509187
vt 0.94588977 0.57289588
vt 0.93690252 0.53593779
vt 0.91743398 0.53634268
vt 0.94724184 0.53612041
vt 0.91982889 0.52621222
vt 0.9567616 0.5458678
vt 0.92569274 0.52297181
vt 0.95813316 0.53932196
vt 0.95978308 0.54270703
vt 0.95739514 0.53313667
vt 0.5624038 0.66296971
vt 0.55938154 0.64816451
vt 0.56080073 0.64859301
vt 0.56069267 0.66598207
vt 0.55174589 0.64876926
vt 0.54260963 0.6593796
vt 0.54177392 0.66790104
vt 0.55338633 0.68080223
vt 0.56083113 0.68680191
vt 0.53477073 0.67591453
vt 0.55780345 0.690045
vt 0.54249901 0.69698763
vt 0.5443269 0.70202655
vt 0.55751753 0.69377446
vt 0.55474657 0.70330894
vt 0.5534808 0.70680034
vt 0.54528248 0.71488917
vt 0.80434954 0.59069574
vt 0.80680627 0.58358335
vt 0.81617504 0.58816117
vt 0.79436934 0.57838786
vt 0.81949437 0.57737416
vt 0.79149628 0.583781
vt 0.81115639 0.57003397
vt 0.79680723 0.5663197
vt 0.81792867 0.55988365
vt 0.78527194 0.56910789
vt 0.82768232 0.57292593
vt 0.80442488 0.54396725
vt 0.82792968 0.56427705
vt 0.82760572 0.57981277
vt 0.82524312 0.54292619
vt 0.82529157 0.5430336
vt 0.80750984 0.5287298
vt 0.82528645 0.54297924
vt 0.81598616 0.52609259
vt 0.82528126 0.54292852
vt 0.82533252 0.54251927
vt 0.82615685 0.53173244
vt 0.036678698 0.96613365
vt 0.029906379 0.97628397
vt 0.019214464 0.97886002
vt 0.015557216 0.97256976
vt 0.55345261 0.87047267
vt 0.54637456 0.8467831
vt 0.5661664 0.85569322
vt 0.532857 0.85846198
vt 0.53458673 0.86973798
vt 0.52892023 0.83220506
vt 0.51583636 0.85315371
vt 0.50819147 0.85022527
vt 0.50333256 0.84119517
vt 0.14255761 0.69605923
vt 0.13500568 0.70145249
vt 0.13118769 0.69153786
vt 0.14035633 0.70874274
vt 0.15208419 0.70870614
vt 0.14646643 0.69248796
vt 0.14048092 0.71851397
vt 0.16000143 0.72684103
vt 0.15673757 0.7149412
vt 0.14477687 0.73131871
vt 0.17029716 0.72451615
vt 0.15405203 0.73595095
vt 0.12986548 0.73354578
vt 0.17030244 0.72408414
vt 0.16905151 0.73475289
vt 0.15593533 0.74106926
vt 0.14516415 0.7466563
vt 0.13392086 0.73954737
vt 0.16915274 0.71153915
vt 0.16084079 0.69533288
vt 0.16903266 0.73589981
vt 0.16956639 0.70640767
vt 0.16904061 0.69578242
vt 0.16455145 0.68592793
vt 0.16902173 0.69509435
vt 0.16979444 0.68754995
vt 0.024954874 0.98548716
vt 0.014069715 0.99488986
vt 0.010452595 0.98962766
vt 0.0041749827 0.97873718
vt 0.064872555 0.99603844
vt 0.089225806 0.94735271
vt 0.089695022 0.93994969
vt 0.099328965 0.94072759
vt 0.073170796 0.95706981
vt 0.091312781 0.92132258
vt 0.066346616 0.94568861
vt 0.086655766 0.96410823
vt 0.082952552 0.92168951
vt 0.094746165 0.91595149
vt 0.087238155 0.93064994
vt 0.077083908 0.96139807
vt 0.086041421 0.90449703
vt 0.075044371 0.90860993
vt 0.51912135 0.9832601
vt 0.54423553 0.98569363
vt 0.535303 0.99604589
vt 0.52554649 0.99241138
vt 0.55403423 0.99156564
vt 0.57938927 0.97773975
vt 0.43415138 0.64039505
vt 0.44952914 0.64004481
vt 0.44762686 0.64916414
vt 0.43444684 0.65324247
vt 0.45791849 0.65080953
vt 0.44410199 0.66253412
vt 0.41611275 0.64535344
vt 0.45765728 0.66445589
vt 0.43319511 0.67009449
vt 0.42579466 0.63334
vt 0.41640162 0.65346038
vt 0.46707028 0.65743029
vt 0.44645217 0.67325771
vt 0.45150656 0.68092012
vt 0.44016197 0.66524887
vt 0.42179626 0.66804123
vt 0.44279587 0.67902207
vt 0.42971703 0.6791153
vt 0.40948111 0.66306651
vt 0.43275684 0.68325686
vt 0.55514777 0.57883513
vt 0.56745893 0.57640147
vt 0.54839587 0.59683216
vt 0.53764188 0.59341908
vt 0.55990148 0.56416094
vt 0.56359529 0.61092806
vt 0.5400247 0.60405415
vt 0.53581905 0.59088254
vt 0.54922473 0.56429857
vt 0.58780909 0.60055256
vt 0.5555765 0.61646104
vt 0.53831941 0.60011476
vt 0.53948444 0.58034879
vt 0.53575492 0.59528124
vt 0.57686788 0.61304104
vt 0.53994375 0.60585147
vt 0.53988379 0.60768253
vt 0.5426622 0.61447036
vt 0.55241019 0.62164354
vt 0.10759731 0.9441328
vt 0.09770529 0.94853699
vt 0.10693931 0.94000047
vt 0.1056547 0.95618266
vt 0.11783886 0.96186399
vt 0.11714665 0.96013767
vt 0.11391921 0.98121369
vt 0.1005934 0.97765887
vt 0.10913275 0.99656922
vt 0.98512989 0.94167101
vt 0.98431617 0.96589822
vt 0.97206485 0.94799054
vt 0.9933635 0.97749531
vt 0.98024434 0.98182601
vt 0.98779809 0.99644768
vt 0.25898969 0.77544141
vt 0.24680196 0.77334112
vt 0.23997705 0.75345457
vt 0.25832492 0.78625333
vt 0.23437475 0.75712985
vt 0.24878561 0.79533124
vt 0.22322707 0.80100644
vt 0.24926203 0.80853105
vt 0.91607517 0.51118833
vt 0.9301101 0.51264668
vt 0.93083096 0.52745146
vt 0.92511451 0.50289297
vt 0.94212538 0.51381779
vt 0.93197113 0.50011158
vt 0.91256946 0.49849892
vt 0.95015877 0.52121174
vt 0.95710087 0.51511222
vt 0.94332385 0.501477
vt 0.90945083 0.48930323
vt 0.9514724 0.507303
vt 0.94333625 0.49006426
vt 0.92608052 0.48178548
vt 0.95487553 0.49675363
vt 0.94960099 0.49174547
vt 0.93132102 0.49045974
vt 0.92173731 0.47192508
vt 0.67193377 0.96496224
vt 0.67375296 0.94307423
vt 0.67887443 0.95134437
vt 0.67701489 0.9226985
vt 0.66854978 0.93744725
vt 0.66798627 0.91001147
vt 0.66092372 0.91876489
vt 0.64713687 0.92920917
vt 0.63846761 0.94826543
vt 0.63977158 0.93673968
vt 0.63989383 0.9031446
vt 0.63269365 0.92112809
vt 0.62971383 0.91119874
vt 0.63055211 0.89736831
vt 0.53503859 0.48596179
vt 0.53455526 0.4506852
vt 0.54770064 0.45986253
vt 0.55325234 0.48031682
vt 0.53758925 0.44327706
vt 0.54357296 0.49632275
vt 0.56585121 0.46559978
vt 0.56400341 0.44554758
vt 0.56199312 0.48855281
vt 0.57401365 0.48062259
vt 0.85004848 0.58964801
vt 0.8663196 0.57787216
vt 0.8647818 0.59021616
vt 0.84673476 0.58023334
vt 0.86918759 0.58697271
vt 0.85654879 0.57255781
vt 0.88205314 0.58283895
vt 0.87270707 0.5905925
vt 0.86425298 0.56009084
vt 0.8874408 0.55950892
vt 0.87228096 0.56720287
vt 0.90019178 0.5667882
vt 0.8753885 0.54937738
vt 0.98612362 0.93323261
vt 0.97576082 0.93113858
vt 0.98556352 0.92548895
vt 0.97861022 0.90630102
vt 0.97663045 0.92191023
vt 0.97903526 0.90597743
vt 0.97563636 0.93064338
vt 0.99319303 0.91948164
vt 0.97581661 0.93131566
vt 0.97927088 0.90405285
vt 0.98778474 0.8949824
vt 0.97592878 0.88078672
vt 0.97799629 0.90293527
vt 0.99130172 0.88008142
vt 0.97292626 0.88337857
vt 0.88203049 0.89734083
vt 0.88674235 0.90565181
vt 0.88153654 0.90842551
vt 0.88226628 0.8968215
vt 0.88587928 0.91581476
vt 0.8820681 0.89693969
vt 0.88166422 0.91410077
vt 0.87985873 0.92842662
vt 0.88086683 0.93236065
vt 0.89353371 0.9211036
vt 0.87944371 0.93263477
vt 0.88664216 0.93146455
vt 0.88070416 0.94438285
vt 0.89355201 0.9493385
vt 0.88197166 0.94563252
vt 0.89919293 0.94499379
vt 0.36030021 0.82096308
vt 0.35687885 0.83115649
vt 0.35123792 0.83000612
vt 0.37650409 0.82935596
vt 0.34758657 0.84163386
vt 0.37671471 0.83369184
vt 0.35727686 0.84641993
vt 0.37304634 0.84366339
vt 0.37835187 0.83406645
vt 0.36426398 0.8504253
vt 0.3622148 0.85852337
vt 0.3489536 0.85569996
vt 0.34881172 0.86735106
vt 0.36625853 0.87077755
vt 0.42652851 0.7393387
vt 0.42342544 0.73111552
vt 0.44491628 0.73090756
vt 0.44213787 0.74331594
vt 0.41142818 0.73172855
vt 0.4295117 0.72166526
vt 0.46115223 0.73559248
vt 0.40997329 0.74566853
vt 0.45262751 0.71888703
vt 0.74767256 0.99639428
vt 0.75558978 0.98387802
vt 0.77398258 0.98518783
vt 0.74881834 0.98555499
vt 0.73646164 0.98197597
vt 0.7219314 0.98276699
vt 0.51287425 0.67008543
vt 0.52375799 0.67636824
vt 0.50424302 0.68869722
vt 0.53305769 0.66600841
vt 0.52010852 0.69425243
vt 0.53316319 0.67558444
vt 0.50953168 0.70045495
vt 0.530321 0.67351192
vt 0.52444977 0.70298916
vt 0.53619432 0.6913178
vt 0.50939476 0.71267498
vt 0.51527095 0.71494448
vt 0.53814566 0.70256191
vt 0.655321 0.95476192
vt 0.64875799 0.95761824
vt 0.64830899 0.95157105
vt 0.053062797 0.57518494
vt 0.039389774 0.56682402
vt 0.05353263 0.56037998
vt 0.033986021 0.58093363
vt 0.053407703 0.58862567
vt 0.02306124 0.56342304
vt 0.033445314 0.59006345
vt 0.0049347915 0.57709587
vt 0.022176769 0.58878905
vt 0.0035560399 0.58984625
vt 0.30049929 0.91473275
vt 0.31406093 0.90936148
vt 0.32156897 0.92900932
vt 0.30220661 0.92836738
vt 0.32026502 0.91873962
vt 0.30770561 0.93321717
vt 0.32521927 0.90412474
vt 0.31443164 0.94832397
vt 0.30905417 0.94309223
vt 0.3256022 0.90517372
vt 0.31524095 0.9022842
vt 0.32376143 0.91915792
vt 0.60919368 0.43948656
vt 0.6003806 0.41844398
vt 0.61077929 0.42833078
vt 0.60128194 0.43606281
vt 0.60671389 0.44997185
vt 0.5886454 0.43064827
vt 0.59042931 0.44569135
vt 0.57943493 0.43571556
vt 0.57733256 0.45397311
vt 0.58787912 0.46386182
vt 0.56641763 0.44633698
vt 0.58326662 0.46386331
vt 0.59064531 0.46386164
vt 0.56897092 0.43910331
vt 0.56784016 0.46265036
vt 0.59968692 0.44838601
vt 0.57903534 0.46348518
vt 0.5979687 0.46385944
vt 0.56933165 0.46386796
vt 0.57911313 0.4638626
vt 0.59895378 0.46385866
vt 0.60909295 0.46385616
vt 0.65758979 0.90974438
vt 0.65154946 0.92186743
vt 0.64811593 0.90239048
vt 0.64446616 0.90959466
vt 0.64688772 0.93597519
vt 0.65441787 0.9494139
vt 0.89406931 0.89888245
vt 0.89546347 0.88477135
vt 0.90173984 0.90472388
vt 0.89422947 0.91744393
vt 0.90595365 0.87856245
vt 0.89820033 0.87033343
vt 0.91024745 0.8991909
vt 0.030815547 0.85709894
vt 0.02028353 0.86586732
vt 0.018873416 0.85038072
vt 0.017255122 0.84016716
vt 0.03671341 0.87055737
vt 0.011299216 0.86102718
vt 0.030116746 0.84855926
vt 0.0031459413 0.85040575
vt 0.039976247 0.85710001
vt 0.0093297642 0.82644892
vt 0.71121258 0.96303761
vt 0.6912846 0.95430523
vt 0.69939405 0.94879061
vt 0.7215845 0.94948125
vt 0.6955291 0.96260995
vt 0.67533493 0.9640739
vt 0.67950422 0.94932634
vt 0.0048099952 0.70673287
vt 0.016541254 0.70335901
vt 0.0048126578 0.71357286
vt 0.0068099033 0.70416534
vt 0.014991312 0.73278332
vt 0.0048088059 0.70405257
vt 0.004820249 0.73096573
vt 0.035851937 0.70670211
vt 0.0048244414 0.74594212
vt 0.50271851 0.98955405
vt 0.48924959 0.97958565
vt 0.49529991 0.96580535
vt 0.51495045 0.9825958
vt 0.47328183 0.99522209
vt 0.47899824 0.97780222
vt 0.71683937 0.56923068
vt 0.72741795 0.56710207
vt 0.72161382 0.58232033
vt 0.71136558 0.58217424
vt 0.72291225 0.55314362
vt 0.73407227 0.57480401
vt 0.71171731 0.58963853
vt 0.70572627 0.56618357
vt 0.71816665 0.58745176
vt 0.70352036 0.58832932
vt 0.69843262 0.57633793
vt 0.71045053 0.55187011
vt 0.7230525 0.58552742
vt 0.69203627 0.57013607
vt 0.70047289 0.55895805
vt 0.69927603 0.58754504
vt 0.69270253 0.5804379
vt 0.69087541 0.56276512
vt 0.69620419 0.58604401
vt 0.39752212 0.63924026
vt 0.38341764 0.65173113
vt 0.379489 0.63909924
vt 0.38970089 0.63730371
vt 0.39792606 0.64908493
vt 0.40020022 0.63260674
vt 0.41699585 0.63193834
vt 0.40534234 0.62651014
vt 0.42104295 0.62067509
vt 0.41689247 0.4385801
vt 0.43315849 0.43263841
vt 0.43035313 0.44969684
vt 0.41461122 0.4493593
vt 0.42394459 0.42148226
vt 0.43563125 0.43838841
vt 0.42014644 0.46427161
vt 0.44357479 0.4395442
vt 0.4092299 0.45592839
vt 0.1027068 0.68758845
vt 0.10668729 0.6979152
vt 0.09485773 0.70725954
vt 0.080220193 0.70524812
vt 0.07776244 0.71449018
vt 0.066548035 0.70089328
vt 0.075266786 0.56035495
vt 0.071034119 0.56892908
vt 0.067231968 0.56009722
vt 0.084080406 0.56573886
vt 0.085479356 0.5773313
vt 0.093994141 0.56361544
vt 0.097372256 0.5827322
vt 0.10379116 0.55967319
vt 0.096452162 0.59081006
vt 0.10669102 0.5839228
vt 0.099699832 0.9870488
vt 0.087901004 0.9943434
vt 0.078848645 0.98592681
vt 0.076184101 0.99613637
vt 0.058526013 0.98807031
vt 0.58604145 0.99489009
vt 0.58359331 0.98496264
vt 0.60625935 0.9831959
vt 0.60005236 0.99587548
vt 0.5669381 0.98985958
vt 0.047340553 0.88198739
vt 0.049793839 0.89052922
vt 0.035090037 0.88618296
vt 0.04290235 0.87427217
vt 0.072435781 0.89750051
vt 0.056565769 0.88143814
vt 0.064370111 0.9021402
vt 0.067492664 0.8906762
vt 0.5928424 0.94039786
vt 0.60397577 0.93298024
vt 0.61553562 0.94316322
vt 0.60537517 0.94896322
vt 0.58359218 0.93088114
vt 0.61911285 0.93219256
vt 0.59087598 0.94842917
vt 0.58234763 0.94024247
vt 0.84036148 0.98060662
vt 0.84340566 0.95846063
vt 0.84813011 0.9689095
vt 0.84409767 0.99638385
vt 0.87014377 0.99512416
vt 0.86324823 0.98510122
vt 0.88566971 0.98867381
vt 0.85295457 0.99584788
vt 0.84810567 0.98401552
vt 0.89717114 0.9943921
vt 0.89581704 0.98601067
vt 0.90849924 0.98654109
vt 0.92374694 0.99074948
vt 0.88580036 0.98710704
vt 0.89084548 0.9953959
vt 0.35542133 0.68767953
vt 0.36272806 0.70140141
vt 0.34778303 0.70356095
vt 0.3849245 0.70817077
vt 0.35921064 0.70700848
vt 0.36889935 0.71531671
vt 0.59725308 0.92087245
vt 0.61709225 0.92304963
vt 0.62023157 0.93329328
vt 0.61196637 0.91826046
vt 0.63228095 0.91560614
vt 0.0048229424 0.9555102
vt 0.009780053 0.9451375
vt 0.017901625 0.96043789
vt 0.014186213 0.98020673
vt 0.018426768 0.95067447
vt 0.52371889 0.99181831
vt 0.50655603 0.99532634
vt 0.4890689 0.9934144
vt 0.95460963 0.58869934
vt 0.97028589 0.57560277
vt 0.96422637 0.58792716
vt 0.95505011 0.57988411
vt 0.96834302 0.58768338
vt 0.94382071 0.58943194
vt 0.97134 0.56251633
vt 0.9770112 0.5817697
vt 0.94227606 0.57679611
vt 0.952281 0.55588561
vt 0.97353345 0.587376
vt 0.94531173 0.5731194
vt 0.95004159 0.57026118
vt 0.98495078 0.77379203
vt 0.99063033 0.75763535
vt 0.99201775 0.77137536
vt 0.99000889 0.7773025
vt 0.97323656 0.75861675
vt 0.9981876 0.7632193
vt 0.97282201 0.74468005
vt 0.62746185 0.55311579
vt 0.62213182 0.54176891
vt 0.63112241 0.53811252
vt 0.61084461 0.55953383
vt 0.61944735 0.53052258
vt 0.60490775 0.54810643
vt 0.60622317 0.52613151
vt 0.59760863 0.54721332
vt 0.27024046 0.82454598
vt 0.26901424 0.81217813
vt 0.28296709 0.82176888
vt 0.27485642 0.83667094
vt 0.27888763 0.80699307
vt 0.28463754 0.83919048
vt 0.28619635 0.81382054
vt 0.3488031 0.816486
vt 0.3511408 0.80565906
vt 0.36068293 0.80991602
vt 0.36987415 0.82498538
vt 0.34770486 0.80759263
vt 0.377031 0.81834412
vt 0.37993324 0.81086457
vt 0.20183906 0.77655852
vt 0.22547716 0.77916974
vt 0.21697146 0.79079366
vt 0.19822289 0.79226434
vt 0.19227929 0.78015405
vt 0.39078906 0.67073989
vt 0.38262075 0.65975118
vt 0.40587601 0.65640074
vt 0.40947005 0.67534816
vt 0.37871233 0.67442101
vt 0.38453326 0.68282366
vt 0.5910688 0.64779222
vt 0.57710141 0.64231449
vt 0.59335482 0.63602453
vt 0.57607609 0.6522603
vt 0.58475405 0.62546682
vt 0.57347852 0.62138522
vt 0.5664832 0.63121092
vt 0.20840023 0.73579139
vt 0.21133086 0.7484476
vt 0.19856118 0.7434122
vt 0.19069389 0.73004341
vt 0.20385946 0.76039571
vt 0.19223455 0.75156701
vt 0.19631654 0.76214379
vt 0.87770259 0.91862357
vt 0.87942064 0.92573613
vt 0.86692381 0.93361771
vt 0.86298281 0.93040287
vt 0.87373346 0.94888085
vt 0.86334616 0.94804382
vt 0.68819129 0.94997048
vt 0.68342459 0.94866174
vt 0.68812186 0.92147368
vt 0.67626178 0.91845161
vt 0.15891454 0.59069765
vt 0.14679782 0.58029115
vt 0.15891463 0.59010828
vt 0.14850253 0.58697808
vt 0.15891217 0.58019
vt 0.1371696 0.58397388
vt 0.15890147 0.57222474
vt 0.13371587 0.57123703
vt 0.15890044 0.57043999
vt 0.14514098 0.57319486
vt 0.14963666 0.5672968
vt 0.1432272 0.56392694
vt 0.12949148 0.56716901
vt 0.15197544 0.56786621
vt 0.13851531 0.55774015
vt 0.25866538 0.80540019
vt 0.26833346 0.8164919
vt 0.2590678 0.82429636
vt 0.24683584 0.81582975
vt 0.23897877 0.81305504
vt 0.54888719 0.98069721
vt 0.53315812 0.98130822
vt 0.52955294 0.96835053
vt 0.52312803 0.98138696
vt 0.51981884 0.97251529
vt 0.34632173 0.86640686
vt 0.3423667 0.87063771
vt 0.33943301 0.84248829
vt 0.34828296 0.85721004
vt 0.33191207 0.84423673
vt 0.35393792 0.84387088
vt 0.5236966 0.73003381
vt 0.52187365 0.73897785
vt 0.50986367 0.74700272
vt 0.5122155 0.73128068
vt 0.53304553 0.73338985
vt 0.50451565 0.73347485
vt 0.50903624 0.72416979
vt 0.029040325 0.87657422
vt 0.013185149 0.88044798
vt 0.021872867 0.87653887
vt 0.032754235 0.88623172
vt 0.017532067 0.86702192
vt 0.004780909 0.86965615
vt 0.0041807545 0.8783983
vt 0.097706601 0.72313929
vt 0.097541176 0.71361029
vt 0.11335262 0.71944004
vt 0.10868756 0.73027503
vt 0.12563729 0.70911694
vt 0.1196518 0.72785342
vt 0.978944 0.99629593
vt 0.97284859 0.972754
vt 0.97534078 0.97762567
vt 0.97854519 0.99661845
vt 0.97587848 0.9746992
vt 0.97238415 0.99359691
vt 0.97728711 0.97165847
vt 0.9751091 0.96946084
vt 0.41462082 0.76610881
vt 0.41014254 0.75582743
vt 0.41600332 0.74951947
vt 0.43193129 0.75392139
vt 0.41981843 0.77673829
vt 0.41055018 0.77383065
vt 0.01328277 0.92864728
vt 0.010095818 0.92447543
vt 0.016025696 0.92540801
vt 0.0034360101 0.93275249
vt 0.012338383 0.91259849
vt 0.0038600022 0.9068228
vt 0.008103176 0.90634555
vt 0.17509246 0.57956964
vt 0.17021911 0.5852564
vt 0.16077258 0.57722032
vt 0.17557532 0.56541085
vt 0.16077976 0.59012657
vt 0.17055011 0.56156313
vt 0.18793869 0.56155753
vt 0.16076951 0.56156576
vt 0.17702353 0.56156099
vt 0.18116643 0.56155944
vt 0.17845507 0.56156051
vt 0.066612005 0.93769819
vt 0.065745652 0.96258849
vt 0.058669027 0.95219785
vt 0.057931952 0.94425952
vt 0.057702657 0.96386868
vt 0.53529465 0.96307772
vt 0.56077456 0.97245902
vt 0.55170614 0.97370678
vt 0.54497546 0.9799822
vt 0.98958677 0.74681461
vt 0.98311406 0.73633909
vt 0.99839711 0.72638631
vt 0.97401702 0.74182224
vt 0.98209089 0.7266801
vt 0.97307765 0.72555315
vt 0.26052415 0.74829292
vt 0.25466105 0.75123501
vt 0.24911925 0.73717535
vt 0.26055339 0.73821104
vt 0.24484411 0.75930965
vt 0.24602273 0.74574661
vt 0.25968507 0.7614637
vt 0.23827668 0.7438255
vt 0.98259461 0.69911945
vt 0.97890544 0.69538105
vt 0.98043805 0.69438899
vt 0.98060817 0.70621336
vt 0.98162764 0.69171393
vt 0.99662036 0.70480597
vt 0.97951519 0.68858796
vt 0.9924494 0.6925441
vt 0.99437267 0.71405256
vt 0.9735508 0.69041282
vt 0.97997361 0.69570774
vt 0.34802186 0.88469404
vt 0.33812532 0.88635999
vt 0.35632876 0.87668633
vt 0.35483491 0.88921934
vt 0.34721866 0.89461893
vt 0.34108287 0.90278006
vt 0.33111945 0.90165561
vt 0.73936009 0.94726628
vt 0.73658609 0.95624012
vt 0.7278825 0.95460999
vt 0.72290069 0.95253605
vt 0.74491513 0.95039868
vt 0.73255843 0.95712185
vt 0.74854183 0.96103722
vt 0.73340452 0.95751482
vt 0.7362417 0.96078962
vt 0.74034858 0.96393895
vt 0.44213313 0.92571408
vt 0.44175783 0.92037725
vt 0.45325601 0.92684776
vt 0.45729673 0.93387353
vt 0.44073606 0.910092
vt 0.45755419 0.91603035
vt 0.45635441 0.90916961
vt 0.9835732 0.85615671
vt 0.9848538 0.86255562
vt 0.97925299 0.852862
vt 0.99162751 0.85808271
vt 0.9731155 0.87133765
vt 0.99843794 0.84998423
vt 0.99529922 0.86766523
vt 0.75583577 0.95547491
vt 0.75777298 0.96219081
vt 0.75460649 0.97640997
vt 0.75325912 0.95710266
vt 0.75200868 0.97583824
vt 0.73763376 0.97841603
vt 0.73915035 0.98005092
vt 0.066583969 0.93290997
vt 0.066050403 0.92044228
vt 0.07310348 0.92167431
vt 0.08379966 0.92954957
vt 0.069808975 0.90779614
vt 0.038895834 0.97129989
vt 0.034298278 0.98778105
vt 0.034572668 0.9798739
vt 0.036228061 0.96560705
vt 0.042457674 0.98467147
vt 0.51797402 0.81671208
vt 0.52383065 0.81913835
vt 0.50453329 0.83942664
vt 0.52816069 0.8294279
vt 0.09715385 0.8638851
vt 0.10288538 0.86592853
vt 0.10650146 0.87189162
vt 0.097404733 0.87858874
vt 0.11027766 0.8652994
vt 0.10836858 0.88597488
vt 0.11877777 0.87390804
vt 0.47104114 0.98684919
vt 0.4725551 0.99605012
vt 0.44970921 0.99553514
vt 0.42899862 0.94888526
vt 0.42669553 0.94132978
vt 0.43611616 0.92857361
vt 0.45014188 0.92930442
vt 0.79309809 0.99599606
vt 0.7850821 0.98719466
vt 0.7901774 0.98136789
vt 0.79532421 0.98366117
vt 0.7899369 0.97349459
vt 0.73802072 0.99129277
vt 0.72819477 0.99653834
vt 0.7157256 0.98717731
vt 0.57145143 0.8693614
vt 0.56575418 0.85890234
vt 0.57647806 0.85936671
vt 0.58329952 0.87062109
vt 0.56829727 0.84739482
vt 0.59000969 0.86449885
vt 0.57624221 0.8489567
vt 0.89537346 0.93141162
vt 0.91775131 0.93834889
vt 0.91226792 0.94887763
vt 0.91868651 0.94733089
vt 0.97796118 0.90204287
vt 0.96527082 0.90745008
vt 0.95769501 0.89818335
vt 0.96573412 0.91353482
vt 0.97098273 0.91731453
vt 0.53920764 0.7084024
vt 0.52776641 0.71913475
vt 0.51878732 0.71048689
vt 0.53626335 0.73073494
vt 0.054721318 0.87988132
vt 0.070163392 0.88137954
vt 0.054976013 0.88004375
vt 0.065140225 0.87620956
vt 0.064612679 0.88548797
vt 0.052636389 0.87135464
vt 0.072609827 0.86835843
vt 0.065052874 0.88687062
vt 0.054120753 0.87861186
vt 0.050019104 0.87537366
vt 0.050647121 0.8721171
vt 0.90376377 0.91728437
vt 0.91116983 0.91209602
vt 0.90683091 0.93442869
vt 0.89426666 0.92124921
vt 0.63622278 0.99651241
vt 0.62978601 0.98237646
vt 0.65086204 0.98246789
vt 0.45693901 0.68081522
vt 0.47471514 0.67820609
vt 0.45788494 0.69659257
vt 0.47269276 0.69110876
vt 0.47399148 0.69977713
vt 0.50577635 0.91693443
vt 0.51861912 0.90967923
vt 0.5215686 0.91876835
vt 0.50913429 0.90518081
vt 0.5258981 0.90677309
vt 0.50306875 0.90713829
vt 0.67589974 0.94242001
vt 0.66186202 0.96409637
vt 0.66501403 0.94242364
vt 0.66045052 0.94242477
vt 0.10741942 0.99110556
vt 0.10038399 0.99540657
vt 0.097453661 0.97453499
vt 0.7846849 0.97519243
vt 0.78074151 0.98797584
vt 0.778368 0.98069513
vt 0.7844674 0.9955337
vt 0.77667493 0.98538721
vt 0.40330747 0.94672632
vt 0.39624378 0.93394125
vt 0.40400514 0.93444216
vt 0.4013344 0.94859445
vt 0.40552559 0.92836517
vt 0.4032616 0.94905597
vt 0.39388669 0.94614488
vt 0.72656959 0.97103059
vt 0.72360015 0.96390349
vt 0.73501629 0.96387333
vt 0.74184912 0.97090113
vt 0.72842473 0.98003191
vt 0.73696315 0.98088497
vt 0.57769024 0.96406919
vt 0.58509272 0.97562134
vt 0.57936466 0.9798761
vt 0.56623346 0.96687865
vt 0.028122798 0.97595304
vt 0.032910254 0.98031491
vt 0.026760124 0.99550605
vt 0.10675647 0.91738021
vt 0.11678851 0.92595935
vt 0.09861768 0.93180174
vt 0.11065388 0.9337585
vt 0.9372822 0.97640163
vt 0.93788481 0.98627591
vt 0.92648119 0.99671787
vt 0.51824814 0.97193629
vt 0.5100466 0.97670156
vt 0.50358844 0.97187746
vt 0.51147324 0.96892947
vt 0.52181578 0.98116767
vt 0.52246016 0.86075544
vt 0.51965362 0.87062788
vt 0.51340777 0.85511369
vt 0.50491977 0.85709953
vt 0.50437903 0.8656112
vt 0.33942929 0.82461786
vt 0.33229825 0.80960488
vt 0.34436005 0.80682534
vt 0.34604818 0.82002527
vt 0.56760454 0.98556793
vt 0.56067353 0.99516976
vt 0.55034304 0.99295735
vt 0.77176553 0.98969287
vt 0.77836955 0.99120104
vt 0.76250452 0.99626064
vt 0.76468986 0.98899698
vt 0.60602129 0.98789161
vt 0.61027062 0.98037595
vt 0.61353886 0.99175149
vt 0.60610539 0.99529463
vt 0.60627371 0.97937989
vt 0.83383894 0.97850841
vt 0.84086156 0.98398501
vt 0.83129507 0.98470658
vt 0.84094006 0.99539489
vt 0.66116822 0.98432916
vt 0.64773959 0.9955498
vt 0.64545494 0.98562902
vt 0.92376143 0.90143424
vt 0.90967762 0.90014678
vt 0.91181362 0.89194292
vt 0.92015034 0.89137322
vt 0.91770762 0.88483852
vt 0.56720406 0.98847073
vt 0.57429087 0.97914559
vt 0.58365244 0.98638588
vt 0.063553579 0.9724676
vt 0.069202796 0.97635454
vt 0.061754744 0.98731369
vt 0.057759155 0.97482675
vt 0.093363069 0.987477
vt 0.08962293 0.97307265
vt 0.099835902 0.97477788
vt 0.71791452 0.94835359
vt 0.71155536 0.93321157
vt 0.71849215 0.93370777
vt 0.71997744 0.94074905
vt 0.70729744 0.94244629
vt 0.72156841 0.94574517
vt 0.89180464 0.89591706
vt 0.8917082 0.90176809
vt 0.8797254 0.90042353
vt 0.89038438 0.88652217
vt 0.6378029 0.88994819
vt 0.63669252 0.90157604
vt 0.63543475 0.90089625
vt 0.62890726 0.89115393
vt 0.64242709 0.89601284
vt 0.63879722 0.88813394
vt 0.64385694 0.89020514
vt 0.39409316 0.82410079
vt 0.37940902 0.82237697
vt 0.39057136 0.80937606
vt 0.38185644 0.80831885
vt 0.50687581 0.91845179
vt 0.51060081 0.93407804
vt 0.5038411 0.92704213
vt 0.50476354 0.92057335
vt 0.51562995 0.92300302
vt 0.50555974 0.91709471
vt 0.51933408 0.886145
vt 0.50391448 0.88612866
vt 0.50380814 0.87505227
vt 0.51998132 0.87495232
vt 0.55900311 0.99637955
vt 0.56612813 0.99045658
vt 0.57376587 0.99413252
vt 0.33791021 0.91821319
vt 0.33173823 0.91758633
vt 0.33983198 0.90434933
vt 0.34309652 0.90692616
vt 0.80704254 0.98794395
vt 0.79772145 0.99573481
vt 0.79370165 0.98540384
vt 0.56211531 0.96806675
vt 0.56425184 0.97739786
vt 0.5500645 0.98022407
vt 0.62672418 0.98808944
vt 0.6229068 0.99627
vt 0.6140483 0.98645514
vt 0.75408572 0.9659164
vt 0.76813924 0.96641231
vt 0.76744795 0.98012227
vt 0.92566675 0.9868449
vt 0.91705596 0.99575847
vt 0.92345703 0.98291886
vt 0.92603159 0.98509365
vt 0.92629057 0.98541123
vt 0.0061245174 0.98262411
vt 0.010029458 0.99178976
vt 0.0058886814 0.99548352
vt 0.0032987935 0.99096006
vt 0.94290155 0.99615985
vt 0.93368399 0.98845655
vt 0.94519818 0.98907983
vt 0.9434467 0.99577814
vt 0.94327199 0.99580103
vt 0.010924795 0.99546057
vt 0.020543078 0.99033237
vt 0.023977209 0.9935692
vt 0.46561891 0.98230118
vt 0.47322068 0.97861087
vt 0.47599906 0.98864484
vt 0.075818107 0.97313583
vt 0.068778299 0.97954166
vt 0.067054324 0.96835053
vt 0.069482073 0.99390924
vt 0.063708968 0.9958325
vt 0.05891246 0.98880613
vt 0.036905415 0.98476022
vt 0.040640675 0.99116391
vt 0.035169311 0.99534404
vt 0.96516818 0.99680018
vt 0.96662247 0.98804981
vt 0.97511631 0.99248195
vt 0.099211581 0.9922139
vt 0.097659744 0.99581277
vt 0.089548886 0.99695176
vt 0.089143366 0.99156582
vt 0.024138607 0.98800117
vt 0.024982229 0.98910469
vt 0.020076707 0.99520946
vt 0.026940582 0.99164939
vt 0.034985848 0.98991323
vt 0.028156923 0.99501026
vt 0.028576868 0.99600583
vt 0.029729711 0.9966169
vt 0.0062504932 0.99278319
vt 0.0058588469 0.99340129
vt 0.0062973574 0.99291331
vt 0.0061450419 0.9927544
vt 0.0053724721 0.99242222
vt 0.0045455219 0.99660271
vt 0.051912423 0.99569374
vt 0.050458353 0.99234605
vt 0.051791556 0.99202943
vt 0.050589509 0.99179685
vt 0.022860158 0.99588525
vt 0.020566836 0.99136758
vt 0.021942601 0.99185699
vt 0.020457769 0.99523801
vt 0.021024084 0.99133652
usemtl Tile_+034_+029_L18_00020_0
f 40/653 25/654 58/655
f 61/675 78/657 177/667
f 63/803 912/804 6/805
f 57/659 915/656 58/655
f 65/674 4/681 177/667
f 906/874 908/875 907/876
f 905/881 23/878 906/874
f 9/810 909/808 912/804
f 10/816 17/814 9/810
f 65/1636 41/1637 44/1638
f 38/1670 59/1671 83/1672
f 58/655 915/656 40/653
f 48/665 56/660 915/656
f 51/673 59/666 56/660
f 47/631 46/632 50/633
f 54/638 339/645 77/642
f 49/679 52/672 48/665
f 52/672 51/673 56/660
f 55/571 727/572 49/573
f 51/673 62/680 59/666
f 63/803 34/811 45/807
f 194/1860 2/1861 31/1862
f 37/977 26/978 27/979
f 177/667 78/657 39/661
f 34/1902 61/1903 177/1904
f 177/1907 45/1908 34/1909
f 35/2020 36/2021 9/2022
f 912/804 63/803 45/807
f 257/1772 34/1773 506/1774
f 1017/1778 914/1775 1018/1781
f 78/657 61/675 913/668
f 506/1774 914/1775 257/1772
f 78/657 28/662 25/654
f 910/1824 11/1825 1025/1826
f 27/979 26/978 64/982
f 45/697 7/691 35/682
f 11/1825 910/1824 911/1828
f 6/805 507/809 32/806
f 258/813 9/810 17/814
f 909/808 9/810 258/813
f 258/1676 7/1677 909/1678
f 10/1830 11/1825 911/1828
f 1031/676 910/684 1032/692
f 7/691 30/699 910/684
f 28/662 913/668 1031/676
f 7/691 913/668 35/682
f 1034/823 36/819 1035/827
f 6/805 912/804 909/808
f 6/805 5/812 507/809
f 7/1677 6/1680 909/1678
f 258/1276 21/1277 24/1278
f 176/986 196/992 195/993
f 4/1682 8/1681 7/1677
f 3/1979 2/1980 193/1981
f 29/981 173/988 33/984
f 504/887 908/888 18/889
f 19/892 508/895 505/890
f 905/881 906/874 12/880
f 908/875 906/874 23/878
f 906/874 510/877 12/880
f 510/837 60/824 12/836
f 510/877 906/874 907/876
f 505/890 504/887 18/889
f 907/876 908/875 504/879
f 18/889 908/888 23/891
f 24/894 84/898 30/900
f 22/1279 21/1277 258/1276
f 258/813 16/817 22/821
f 60/824 22/821 16/817
f 17/1651 10/1652 30/1653
f 258/813 17/814 15/815
f 12/836 60/824 1038/829
f 20/820 13/818 1040/826
f 1042/883 12/880 1043/885
f 23/878 905/881 1044/882
f 47/687 52/672 151/686
f 49/573 54/578 151/584
f 52/672 49/679 151/686
f 107/603 96/604 112/605
f 141/694 62/680 50/688
f 36/819 257/838 1017/834
f 241/1817 242/1818 96/1819
f 240/1984 253/1985 239/1986
f 233/2071 256/2072 230/2073
f 249/1869 237/1870 251/1871
f 105/856 92/857 115/858
f 231/1798 236/1799 96/1800
f 221/436 229/437 115/438
f 73/513 210/514 211/515
f 69/646 67/644 197/647
f 41/2082 485/2083 194/2084
f 167/933 160/934 161/935
f 157/1731 158/1732 170/1733
f 189/1290 188/1291 167/1292
f 198/648 197/647 163/649
f 199/651 198/648 163/649
f 74/516 118/518 210/514
f 129/520 210/514 118/518
f 222/444 223/443 233/451
f 140/1 137/2 131/3
f 125/532 142/535 140/538
f 245/1792 248/1793 226/1794
f 253/1934 255/1935 250/1936
f 254/1937 255/1935 253/1934
f 113/465 252/473 254/468
f 113/616 111/606 252/613
f 250/1936 255/1935 249/1938
f 253/1934 240/1939 254/1937
f 251/1871 230/1873 256/1875
f 253/1985 256/1988 233/1987
f 250/1872 251/1871 253/1874
f 251/1871 256/1875 253/1874
f 233/1987 239/1986 253/1985
f 238/461 245/467 226/448
f 251/1871 250/1872 249/1869
f 241/1817 96/1819 234/1820
f 231/1798 246/1804 245/1802
f 246/1795 248/1793 245/1792
f 247/1797 227/1796 246/1795
f 227/1796 248/1793 246/1795
f 226/1794 248/1793 227/1796
f 245/1802 236/1799 231/1798
f 245/1802 235/1803 236/1799
f 249/1821 241/1817 234/1820
f 230/1873 251/1871 237/1870
f 249/1821 242/1818 241/1817
f 245/467 238/461 234/471
f 249/474 234/471 237/466
f 238/461 237/466 234/471
f 235/1803 96/1800 236/1799
f 111/606 242/608 252/613
f 233/451 230/457 226/448
f 226/448 222/444 233/451
f 105/856 115/858 136/859
f 228/441 225/440 227/449
f 227/449 225/440 226/448
f 225/440 229/437 221/436
f 223/443 222/444 221/436
f 228/441 115/438 229/437
f 224/439 221/436 115/438
f 221/436 222/444 225/440
f 226/448 225/440 222/444
f 143/301 122/302 145/303
f 129/520 124/523 212/517
f 212/517 211/515 210/514
f 204/1471 208/1472 201/1473
f 215/1834 219/1835 216/1836
f 215/1834 216/1836 218/1837
f 216/1836 219/1835 75/1838
f 75/1838 73/1840 216/1836
f 202/1477 201/1473 209/1475
f 152/312 143/301 148/307
f 189/937 167/933 82/936
f 208/1472 209/1475 201/1473
f 203/1308 201/1309 205/1310
f 205/1310 201/1309 200/1311
f 201/1309 202/1312 200/1311
f 132/521 74/516 207/525
f 198/648 199/651 206/650
f 208/1465 204/1466 207/1467
f 204/1466 205/1469 200/1468
f 206/650 69/646 198/648
f 197/947 71/941 164/946
f 195/993 196/992 191/997
f 39/1640 64/1642 41/1637
f 195/993 485/995 41/990
f 193/1864 2/1861 194/1860
f 188/1291 183/1295 166/1294
f 192/1891 179/1892 174/1893
f 167/1292 188/1291 166/1294
f 188/1291 189/1290 187/1293
f 186/1299 170/1301 166/1294
f 184/1894 192/1891 174/1893
f 174/1332 175/1333 185/1334
f 185/1896 184/1894 174/1893
f 186/1299 185/1305 169/1304
f 170/1301 186/1299 169/1304
f 183/1295 192/1306 184/1302
f 179/1993 192/1994 183/1995
f 166/1294 170/1301 158/1298
f 185/1305 186/1299 184/1302
f 166/1294 183/1295 186/1299
f 183/1295 188/1291 187/1293
f 189/1290 191/1296 187/1293
f 190/1300 183/1295 191/1296
f 179/1883 180/1884 173/1885
f 183/1295 187/1293 191/1296
f 190/1300 180/1307 179/1303
f 178/1895 174/1893 179/1892
f 173/1553 172/1554 178/1555
f 39/661 65/674 177/667
f 175/1333 174/1332 172/1335
f 72/920 182/921 164/922
f 182/921 117/927 133/924
f 197/947 164/946 163/951
f 156/1734 168/1737 157/1731
f 181/1683 161/1684 162/1685
f 199/534 163/533 132/521
f 82/936 161/935 181/938
f 72/940 71/941 82/936
f 149/925 72/920 159/930
f 158/1298 160/1297 166/1294
f 161/1684 160/1687 162/1685
f 159/1688 162/1685 160/1687
f 159/232 157/233 500/234
f 158/1732 157/1731 159/1735
f 156/1734 157/1731 170/1733
f 170/1733 169/1736 156/1734
f 166/1294 160/1297 167/1292
f 148/237 149/235 155/236
f 154/241 165/244 152/239
f 152/312 165/309 143/301
f 152/239 148/237 155/236
f 148/307 143/301 146/304
f 119/926 182/921 147/923
f 148/929 147/923 149/925
f 145/303 122/302 121/306
f 145/303 119/308 146/304
f 147/923 72/920 149/925
f 145/303 121/306 119/308
f 165/309 144/305 143/301
f 154/241 152/239 153/242
f 155/236 153/242 152/239
f 154/241 153/242 155/236
f 66/636 46/632 151/634
f 46/632 141/635 50/633
f 150/5 131/3 137/2
f 140/1 142/11 139/7
f 138/4 140/1 139/7
f 135/8 150/5 137/2
f 137/2 134/6 135/8
f 135/8 134/6 106/13
f 105/856 106/860 92/857
f 134/6 91/23 92/19
f 106/13 134/6 92/19
f 126/540 125/532 140/538
f 142/535 125/532 121/528
f 127/536 125/532 128/539
f 125/532 124/523 121/528
f 121/306 122/302 123/311
f 119/1879 120/1880 118/1881
f 68/1604 70/1605 79/1606
f 121/306 120/316 119/308
f 118/1881 117/1882 119/1879
f 120/526 129/520 118/518
f 132/521 133/530 116/524
f 130/862 105/856 136/859
f 131/541 126/540 140/538
f 105/856 130/862 106/860
f 89/866 103/863 93/864
f 103/863 89/866 104/867
f 102/1209 101/1210 100/1211
f 94/29 89/35 91/23
f 108/617 110/612 109/614
f 109/614 111/606 113/616
f 107/603 112/605 111/606
f 107/603 99/609 87/611
f 111/606 109/614 110/612
f 96/604 95/607 232/610
f 96/604 107/603 95/607
f 111/606 110/612 99/609
f 90/30 91/23 89/35
f 85/1841 88/1842 87/1843
f 1125/1495 98/1496 1127/1497
f 1127/1497 99/1499 1128/1501
f 1046/897 18/889 1049/893
f 79/1606 70/1605 38/1608
f 81/640 80/637 66/636
f 68/641 66/636 27/639
f 58/655 25/654 1050/658
f 176/986 64/982 26/978
f 73/513 75/519 74/516
f 68/641 67/644 66/636
f 34/811 257/838 36/819
f 31/695 2/690 65/674
f 78/657 25/654 40/653
f 20/820 15/815 13/818
f 4/681 7/691 177/667
f 7/1677 258/1676 24/1679
f 39/661 40/653 59/666
f 915/656 56/660 40/653
f 39/1674 59/1671 38/1670
f 49/679 48/665 55/685
f 59/666 40/653 56/660
f 1053/664 58/655 1054/671
f 57/659 48/665 915/656
f 52/672 47/687 51/673
f 62/680 51/673 50/688
f 45/2023 35/2020 9/2022
f 65/1636 39/1640 41/1637
f 64/1675 39/1674 38/1670
f 34/1902 36/1906 35/1905
f 177/1907 7/1910 45/1908
f 3/2061 31/2062 65/2063
f 61/675 35/682 913/668
f 913/668 7/691 910/684
f 1050/658 28/662 1056/670
f 30/1653 911/1655 910/1657
f 33/984 26/978 29/981
f 1027/1831 10/1830 1029/1832
f 36/819 10/816 9/810
f 45/807 9/810 912/804
f 2/690 4/681 65/674
f 5/1959 6/1960 8/1961
f 33/984 176/986 26/978
f 4/1962 503/1963 5/1959
f 18/889 19/892 505/890
f 19/892 18/889 24/894
f 84/898 24/894 18/889
f 1049/893 23/891 1058/896
f 1038/829 20/820 1041/833
f 21/1277 19/1280 24/1278
f 14/2077 84/2078 1045/2079
f 13/818 15/815 17/814
f 20/820 16/817 15/815
f 16/817 258/813 15/815
f 14/822 13/818 17/814
f 30/1653 14/1654 17/1651
f 30/1653 84/1656 14/1654
f 53/575 54/578 49/573
f 151/634 54/638 66/636
f 66/636 54/638 27/639
f 77/642 27/639 54/638
f 40/653 39/661 78/657
f 176/986 195/993 41/990
f 71/941 197/947 79/943
f 41/990 64/982 176/986
f 196/992 176/986 33/984
f 48/665 52/672 56/660
f 59/666 62/680 83/689
f 42/2085 41/2082 194/2084
f 913/668 28/662 78/657
f 35/1905 61/1903 34/1902
f 7/902 24/894 30/900
f 10/1652 911/1655 30/1653
f 4/681 2/690 1/696
f 33/1887 173/1885 180/1884
f 8/1681 6/1680 7/1677
f 180/994 190/996 196/992
f 5/1959 8/1961 4/1962
f 4/1962 1/1964 503/1963
f 60/824 16/817 20/820
f 13/818 14/822 1037/825
f 81/640 66/636 488/643
f 230/457 237/466 238/461
f 99/1499 98/1496 87/1502
f 242/608 112/605 96/604
f 92/857 90/861 115/858
f 221/436 224/439 223/443
f 502/2000 75/2001 219/2002
f 181/938 72/940 82/936
f 83/952 486/950 79/943
f 82/936 76/939 189/937
f 175/1333 501/1336 185/1334
f 206/650 199/651 200/652
f 143/301 145/303 146/304
f 245/1802 234/1805 235/1803
f 230/457 238/461 226/448
f 111/606 112/605 242/608
f 235/1803 234/1805 96/1800
f 115/438 228/441 243/445
f 114/865 103/863 104/867
f 73/1840 217/1839 216/1836
f 214/1696 212/1697 127/1698
f 210/514 129/520 212/517
f 208/522 75/519 220/527
f 75/519 208/522 74/516
f 74/516 208/522 207/525
f 502/2000 219/2002 215/2003
f 203/1470 205/1469 204/1466
f 200/1311 202/1312 206/1313
f 203/1474 204/1471 201/1473
f 72/1686 181/1683 162/1685
f 209/1314 206/1313 202/1312
f 200/1468 207/1467 204/1466
f 197/647 198/648 69/646
f 132/521 207/525 200/531
f 199/534 132/521 200/531
f 76/939 487/948 485/944
f 190/996 191/997 196/992
f 196/992 33/984 180/994
f 195/942 76/939 485/944
f 79/943 487/948 76/939
f 76/939 82/936 71/941
f 76/939 195/942 189/937
f 179/1303 183/1295 190/1300
f 186/1299 183/1295 184/1302
f 129/520 120/526 121/528
f 133/530 132/521 163/533
f 162/1685 159/1688 72/1686
f 160/1687 158/1689 159/1688
f 163/928 164/922 133/924
f 149/235 500/234 155/236
f 147/923 146/931 119/926
f 146/931 147/923 148/929
f 147/923 182/921 72/920
f 27/1607 70/1605 68/1604
f 139/7 142/11 123/15
f 46/632 80/637 141/635
f 134/6 137/2 138/4
f 121/528 123/537 142/535
f 69/646 488/643 66/636
f 124/523 129/520 121/528
f 123/311 122/302 139/315
f 118/518 116/524 117/529
f 67/644 69/646 66/636
f 117/927 116/932 133/924
f 90/30 89/35 93/42
f 103/863 115/858 90/861
f 103/863 114/865 115/858
f 107/603 87/611 95/607
f 499/1846 86/1844 85/1841
f 99/609 107/603 111/606
f 484/1847 86/1844 499/1846
f 87/1843 88/1842 95/1845
f 90/30 92/19 91/23
f 85/1841 86/1844 88/1842
f 137/2 140/1 138/4
f 38/1670 83/1672 79/1673
f 197/647 67/644 68/641
f 68/949 79/943 197/947
f 195/942 191/945 189/937
f 27/1607 64/1609 70/1605
f 80/637 46/632 66/636
f 79/943 76/939 71/941
f 210/514 73/513 74/516
f 72/940 164/946 71/941
f 182/921 133/924 164/922
f 64/1609 38/1608 70/1605
f 47/631 151/634 46/632
f 118/518 74/516 132/521
f 51/673 47/687 50/688
f 252/473 255/475 254/468
f 252/1823 242/1818 255/1822
f 249/1821 255/1822 242/1818
f 90/861 93/864 103/863
f 167/933 161/935 82/936
f 173/1885 178/1886 179/1883
f 172/1897 174/1893 178/1895
f 3/1979 1/1983 2/1980
f 118/518 132/521 116/524
f 117/927 182/921 119/926
f 334/590 306/591 316/588
f 307/476 492/477 328/478
f 304/1538 171/1539 309/1540
f 1061/1126 335/1127 1062/1128
f 335/1127 319/1129 322/1130
f 263/250 766/246 497/243
f 1065/256 497/243 1067/259
f 77/1322 339/1323 336/1324
f 337/1328 315/1331 313/1330
f 313/1330 329/1325 337/1328
f 308/597 333/593 1070/598
f 307/476 332/484 308/480
f 327/594 574/587 1073/592
f 338/577 340/583 727/572
f 54/578 53/575 339/579
f 331/574 338/577 727/572
f 1075/576 55/571 1076/580
f 1079/1765 326/1766 1080/1767
f 37/977 314/983 496/987
f 330/488 310/483 328/478
f 307/476 328/478 315/479
f 308/480 346/481 492/477
f 496/1026 735/1027 347/1028
f 492/477 346/481 328/478
f 325/245 734/249 497/243
f 335/1345 322/1346 323/1347
f 344/1030 347/1028 735/1027
f 305/1029 735/1027 496/1026
f 345/1559 320/1558 344/1560
f 320/985 29/981 37/977
f 343/1032 735/1027 305/1029
f 324/1132 341/1131 319/1129
f 341/1131 322/1130 319/1129
f 1082/1360 341/1361 1085/1362
f 37/977 347/991 344/989
f 29/1556 320/1558 309/1557
f 341/485 346/481 1089/491
f 1091/255 489/258 1092/264
f 489/1364 734/1369 732/1368
f 497/243 734/249 1091/255
f 489/1364 732/1368 1094/1367
f 1085/1362 489/1364 1095/1366
f 731/2048 733/2049 1100/2050
f 1100/1141 490/1138 1102/1140
f 732/1368 731/1374 1103/1372
f 731/1374 491/1371 490/1373
f 732/1368 491/1371 731/1374
f 491/1371 734/1369 490/1373
f 729/1375 490/1373 734/1369
f 734/1135 728/1133 729/1137
f 490/2052 733/2049 731/2048
f 345/1559 493/1561 309/1557
f 493/1544 342/1546 730/1541
f 568/494 325/500 342/501
f 343/1032 342/1035 493/1039
f 493/1561 345/1559 343/1562
f 728/1133 498/1134 318/1136
f 318/1136 490/1138 728/1133
f 490/1138 729/1137 728/1133
f 55/571 331/574 727/572
f 745/460 244/455 773/452
f 661/744 660/745 701/746
f 569/9 627/16 622/12
f 584/74 580/90 575/81
f 110/612 583/620 1130/621
f 582/1529 290/1530 1132/1531
f 1129/615 110/612 1131/618
f 582/1529 291/1533 290/1530
f 643/77 693/86 696/71
f 587/60 588/37 294/67
f 1135/73 588/37 1136/66
f 294/67 295/91 289/98
f 578/68 607/47 576/53
f 695/754 697/752 701/746
f 684/764 688/765 685/768
f 592/55 579/63 590/48
f 635/52 686/65 700/59
f 312/1044 798/1045 1140/1046
f 713/337 683/344 274/340
f 313/1033 269/1031 496/1026
f 287/903 266/904 288/905
f 587/60 294/67 584/74
f 776/774 779/775 757/776
f 613/1643 614/1644 603/1645
f 657/346 656/343 668/333
f 705/1783 710/1784 709/1785
f 265/1178 264/1179 781/1180
f 284/791 285/789 789/793
f 742/1478 799/1479 743/1480
f 742/1478 272/1484 763/1486
f 786/1443 762/1444 785/1445
f 285/789 768/782 781/786
f 610/622 303/619 113/616
f 244/455 745/460 113/465
f 779/1431 758/1432 755/1433
f 683/344 713/337 681/347
f 275/329 670/338 668/333
f 611/442 224/439 115/438
f 223/443 224/439 619/447
f 668/333 769/326 275/329
f 769/326 770/330 726/322
f 272/1855 795/1856 273/1857
f 325/245 497/243 271/240
f 317/1989 330/1990 305/1991
f 570/1340 175/1333 171/1337
f 271/240 497/243 724/238
f 724/238 154/241 155/236
f 719/252 724/238 715/251
f 681/347 682/352 683/344
f 301/543 580/544 584/545
f 618/1063 620/1064 740/1065
f 607/47 594/38 595/32
f 595/32 596/46 607/47
f 292/623 303/619 1149/624
f 614/1644 605/1647 603/1645
f 607/47 596/46 576/53
f 94/872 601/873 612/870
f 604/22 599/17 622/12
f 654/1390 655/1391 653/1392
f 659/351 274/340 665/353
f 687/1593 640/1594 644/1595
f 656/51 297/44 298/36
f 655/1391 652/1395 653/1392
f 652/1395 655/1391 673/1394
f 671/1504 678/1505 637/1506
f 548/282 537/268 529/281
f 311/1053 796/1051 803/1055
f 266/904 803/911 796/913
f 796/1051 311/1053 312/1044
f 797/1451 798/1457 800/1453
f 802/1050 311/1053 803/1055
f 800/1048 312/1044 802/1050
f 800/1048 802/1050 801/1052
f 803/1487 741/1481 801/1485
f 312/1044 800/1048 798/1045
f 741/1481 743/1480 801/1485
f 797/1451 761/1449 1153/1452
f 741/910 803/911 286/907
f 287/903 741/910 286/907
f 1155/1196 755/1197 1156/1199
f 760/1483 801/1485 743/1480
f 799/1479 760/1483 743/1480
f 797/1451 760/1450 761/1449
f 763/794 764/796 762/798
f 798/1457 797/1451 794/1459
f 760/1450 799/1448 761/1449
f 799/1479 742/1478 762/1482
f 762/1482 742/1478 763/1486
f 284/1859 763/1858 273/1857
f 789/793 763/794 284/791
f 284/1859 273/1857 795/1856
f 287/903 284/906 795/909
f 284/906 288/905 768/908
f 749/1059 759/1057 1142/1058
f 796/1051 759/1057 749/1059
f 279/1435 758/1432 1148/1437
f 1140/1461 794/1459 1159/1462
f 794/2086 797/2087 1154/2088
f 780/1434 754/1436 791/1439
f 758/1432 279/1435 755/1433
f 790/1185 787/1189 783/1187
f 792/1193 790/1185 1162/1192
f 1145/1460 792/1447 1163/1463
f 761/1449 788/1446 792/1447
f 785/801 762/798 764/796
f 786/1443 792/1447 788/1446
f 792/1193 787/1189 790/1185
f 285/789 283/795 789/793
f 764/796 763/794 789/793
f 283/795 282/797 789/793
f 762/1444 788/1446 799/1448
f 764/796 782/802 785/801
f 783/1187 787/1189 786/1194
f 283/795 264/799 282/797
f 783/1187 784/1184 790/1185
f 764/796 784/800 782/802
f 782/1190 784/1184 783/1187
f 784/1184 282/1181 791/1182
f 791/1182 282/1181 265/1178
f 756/1438 791/1439 754/1436
f 265/1178 780/1183 791/1182
f 791/1182 756/1186 790/1185
f 791/1182 790/1185 784/1184
f 792/1193 786/1194 787/1189
f 783/1187 785/1195 782/1190
f 788/1446 762/1444 786/1443
f 779/1071 778/1068 621/1066
f 780/778 265/781 757/776
f 779/775 780/778 757/776
f 757/776 781/786 768/782
f 781/1976 283/1977 285/1978
f 1165/1200 279/1201 1167/1202
f 779/2106 776/2107 778/2108
f 620/780 778/785 776/774
f 620/780 738/777 740/784
f 740/552 777/557 772/554
f 303/1848 610/1849 750/1850
f 755/1433 780/1434 779/1431
f 621/1066 617/1067 753/1070
f 610/1929 774/1930 750/1931
f 774/1930 747/1932 750/1931
f 267/916 748/918 746/914
f 775/560 772/554 777/557
f 771/779 737/783 738/777
f 768/908 266/904 773/912
f 771/2012 775/2013 777/2014
f 771/779 757/776 768/782
f 244/455 239/458 233/451
f 244/455 240/462 239/458
f 223/443 244/455 233/451
f 254/468 240/462 244/455
f 113/465 254/468 244/455
f 610/470 113/465 745/460
f 774/472 745/460 748/469
f 746/464 745/460 773/452
f 746/464 748/469 745/460
f 773/787 772/788 771/779
f 223/443 773/452 244/455
f 772/554 302/550 740/552
f 611/869 115/858 612/868
f 619/447 224/439 744/453
f 281/553 619/555 744/558
f 773/452 223/443 619/447
f 224/563 608/561 744/558
f 614/1644 613/1643 616/1646
f 611/566 612/568 104/565
f 654/339 672/335 770/330
f 604/1665 594/1666 616/1667
f 770/330 769/326 666/334
f 646/314 632/319 631/310
f 666/334 769/326 668/333
f 274/340 670/338 275/329
f 752/332 707/341 713/337
f 767/324 275/329 769/326
f 752/332 275/329 767/324
f 708/289 705/277 548/282
f 706/290 707/283 705/277
f 752/269 705/277 707/283
f 752/269 767/262 715/251
f 715/251 705/277 752/269
f 715/251 767/262 719/252
f 767/324 769/326 726/322
f 285/789 284/791 768/782
f 263/250 715/251 766/246
f 263/250 537/268 720/261
f 304/1538 309/1540 730/1541
f 310/483 315/479 328/478
f 270/502 573/496 310/483
f 271/505 500/508 494/507
f 570/1340 765/1344 739/1342
f 571/1341 494/1338 175/1333
f 570/1340 739/1342 175/1333
f 175/1333 494/1338 501/1336
f 175/1333 172/1335 171/1337
f 271/505 270/502 317/495
f 172/1545 751/1543 171/1539
f 173/1553 29/1556 172/1554
f 29/1556 309/1557 172/1554
f 309/1540 751/1543 172/1545
f 309/1540 493/1544 730/1541
f 304/1538 570/1542 171/1539
f 730/248 342/253 325/245
f 317/495 270/502 310/483
f 325/245 271/240 730/248
f 270/1043 765/1042 573/1041
f 494/507 495/509 270/502
f 270/502 495/509 765/511
f 495/1343 571/1341 765/1344
f 157/510 168/512 494/507
f 500/234 149/235 159/232
f 724/238 155/236 500/234
f 271/240 724/238 500/234
f 497/243 766/246 724/238
f 144/305 624/318 646/314
f 715/251 720/261 721/267
f 715/251 263/250 720/261
f 718/247 165/244 724/238
f 165/244 154/241 724/238
f 144/305 631/310 122/302
f 144/305 165/309 718/313
f 144/305 646/314 631/310
f 725/317 726/322 630/323
f 630/323 726/322 629/327
f 718/313 725/317 144/305
f 630/323 624/318 725/317
f 719/252 718/247 724/238
f 715/702 717/703 716/704
f 548/282 715/251 722/280
f 715/251 724/238 766/246
f 721/267 717/273 715/251
f 715/251 716/274 723/276
f 723/706 717/703 722/708
f 722/280 715/251 723/276
f 537/268 548/282 722/280
f 720/261 723/276 716/274
f 720/261 537/268 723/276
f 537/705 717/703 723/706
f 537/705 716/704 717/703
f 537/268 722/280 721/267
f 722/280 717/273 721/267
f 721/707 716/704 537/705
f 720/261 716/274 721/267
f 548/282 705/277 715/251
f 709/2054 711/2055 704/2056
f 710/1784 711/1787 709/1785
f 705/1898 704/1899 710/1900
f 705/1783 709/1785 706/1786
f 704/297 708/289 714/300
f 706/2057 709/2054 704/2056
f 707/283 706/290 704/297
f 705/277 708/289 704/297
f 704/297 714/300 707/283
f 713/337 712/345 703/350
f 681/347 703/350 692/354
f 712/355 702/356 703/357
f 702/356 426/359 703/357
f 681/347 713/337 703/350
f 1136/66 700/59 1173/72
f 700/59 696/71 695/79
f 691/106 513/111 1176/109
f 1175/87 695/79 1179/93
f 695/79 701/103 1178/100
f 1171/105 691/106 1177/107
f 695/2009 698/2010 697/2011
f 701/746 300/747 661/744
f 691/106 662/110 690/112
f 299/749 300/747 701/746
f 867/114 691/106 699/120
f 639/762 685/768 688/765
f 299/749 697/752 641/755
f 690/112 689/116 691/106
f 300/747 687/750 661/744
f 640/1594 687/1593 300/1596
f 643/77 694/92 693/86
f 694/763 641/755 698/759
f 694/92 695/79 693/86
f 694/92 698/101 695/79
f 696/71 700/59 686/65
f 695/79 696/71 693/86
f 697/752 698/759 641/755
f 641/755 639/762 640/758
f 697/752 299/749 701/746
f 700/59 588/37 635/52
f 660/108 691/106 701/103
f 634/113 662/110 660/108
f 634/751 645/753 648/757
f 638/760 639/762 688/765
f 644/748 638/760 649/756
f 692/770 650/767 651/766
f 648/757 684/764 651/766
f 649/756 688/765 684/764
f 682/769 692/770 651/766
f 679/1421 685/1422 639/1423
f 633/761 634/751 648/757
f 645/753 649/756 648/757
f 658/78 680/85 669/69
f 642/70 637/58 658/78
f 637/1506 636/1507 671/1504
f 655/1391 654/1390 673/1394
f 680/85 658/78 637/58
f 664/1169 663/1170 665/1171
f 686/65 637/58 642/70
f 639/1177 642/1174 679/1176
f 642/1174 676/1175 679/1176
f 642/1174 663/1170 674/1172
f 677/1424 675/1429 682/1428
f 680/1509 637/1506 678/1505
f 636/45 297/44 671/56
f 669/1508 678/1505 671/1504
f 664/1169 674/1172 663/1170
f 677/1424 674/1427 675/1429
f 677/1424 679/1421 676/1425
f 674/1172 676/1175 642/1174
f 674/1427 677/1424 676/1425
f 674/1172 664/1169 675/1173
f 426/359 692/362 703/357
f 675/1429 664/1430 682/1428
f 679/1421 677/1424 685/1422
f 677/1424 684/1426 685/1422
f 682/1428 684/1426 677/1424
f 692/354 682/352 681/347
f 664/348 683/344 682/352
f 274/340 659/351 667/342
f 274/340 683/344 664/348
f 664/348 665/353 274/340
f 659/76 669/69 667/64
f 667/342 657/346 668/333
f 668/333 670/338 667/342
f 666/50 656/51 298/36
f 666/334 654/339 770/330
f 647/331 629/327 726/322
f 726/322 672/335 647/331
f 653/1392 672/1393 654/1390
f 653/1392 647/1396 672/1393
f 666/1397 673/1394 654/1390
f 667/64 669/69 671/56
f 657/57 297/44 656/51
f 297/44 657/57 667/64
f 673/43 666/50 298/36
f 622/1398 647/1396 653/1392
f 622/1398 653/1392 652/1395
f 673/43 298/36 652/31
f 658/78 669/69 659/76
f 659/76 665/99 663/84
f 633/118 662/110 634/113
f 691/106 660/108 662/110
f 661/744 687/750 644/748
f 660/745 661/744 644/748
f 634/751 660/745 644/748
f 645/753 634/751 644/748
f 640/771 638/772 644/773
f 645/753 644/748 649/756
f 688/765 649/756 638/760
f 588/37 595/32 296/27
f 639/83 643/77 642/70
f 639/83 694/92 643/77
f 641/755 694/763 639/762
f 643/77 686/65 642/70
f 640/758 299/749 641/755
f 639/762 638/760 640/758
f 633/761 651/766 650/767
f 635/52 588/37 636/45
f 635/52 636/45 637/58
f 651/766 633/761 648/757
f 663/84 658/78 659/76
f 684/764 648/757 649/756
f 622/12 626/21 647/26
f 139/7 625/10 138/4
f 599/17 134/6 622/12
f 569/9 625/10 646/18
f 569/9 623/24 624/25
f 646/18 623/24 569/9
f 624/318 630/323 628/325
f 122/302 631/310 139/315
f 624/318 623/321 646/314
f 100/564 104/565 102/567
f 104/565 612/568 278/570
f 101/1210 602/1213 100/1211
f 612/870 114/871 94/872
f 603/28 605/39 598/33
f 94/29 278/41 89/35
f 278/1219 601/1212 89/1215
f 600/34 601/40 94/29
f 600/1214 101/1210 601/1212
f 604/1665 613/1668 603/1669
f 607/1650 592/1649 615/1648
f 598/33 599/17 603/28
f 616/1667 613/1668 604/1665
f 615/1648 614/1644 616/1646
f 594/38 607/47 616/54
f 104/565 100/564 608/561
f 601/1969 278/1970 612/1971
f 115/858 114/865 612/868
f 617/1067 621/1066 618/1063
f 281/553 276/551 619/555
f 281/553 744/558 608/561
f 276/551 581/547 302/550
f 290/629 291/625 1180/628
f 581/96 586/102 575/81
f 587/1620 585/1621 576/1622
f 602/1213 609/1216 597/1220
f 100/1211 602/1213 280/1217
f 606/1488 589/1489 579/1490
f 606/1221 597/1220 609/1216
f 597/1220 280/1217 602/1213
f 89/1215 601/1212 102/1209
f 94/29 91/23 599/17
f 599/17 600/34 94/29
f 600/34 599/17 598/33
f 578/68 592/55 607/47
f 101/1493 589/1489 609/1492
f 591/49 600/34 598/33
f 606/1488 609/1492 589/1489
f 596/46 595/32 588/37
f 577/1491 606/1488 579/1490
f 575/1690 586/1691 593/1692
f 581/547 281/553 586/556
f 293/1069 290/1076 1181/1078
f 281/553 597/559 586/556
f 597/1694 593/1692 586/1691
f 578/68 577/75 579/63
f 579/63 592/55 578/68
f 1132/1081 295/1079 1183/1083
f 292/623 291/625 583/620
f 1134/1536 582/1529 1184/1534
f 584/545 289/546 301/543
f 587/60 584/74 575/81
f 580/544 301/543 581/547
f 581/96 575/81 580/90
f 587/60 575/81 585/89
f 588/37 587/60 576/53
f 576/53 596/46 588/37
f 579/63 589/62 590/48
f 598/33 605/39 590/48
f 593/1692 577/1693 575/1690
f 575/81 577/75 576/53
f 110/612 108/617 583/620
f 574/1358 327/1355 333/1356
f 574/587 334/590 338/577
f 333/1356 327/1355 1107/1354
f 315/479 337/486 306/482
f 570/1038 269/1031 573/1041
f 574/587 338/577 1109/585
f 1111/1350 323/1347 1112/1348
f 1112/1348 322/1346 1115/1349
f 304/1034 269/1031 570/1038
f 495/1343 494/1338 571/1341
f 134/6 138/4 569/9
f 53/575 727/572 339/579
f 496/987 347/991 37/977
f 337/486 572/493 306/482
f 37/977 77/980 314/983
f 343/1562 345/1559 344/1560
f 1088/490 308/480 1116/497
f 330/488 342/501 305/504
f 346/481 341/485 328/478
f 319/1129 498/1134 728/1133
f 728/1133 324/1132 319/1129
f 334/487 332/484 307/476
f 307/476 308/480 492/477
f 48/665 57/659 1053/664
f 340/1326 572/1329 336/1324
f 269/1031 305/1029 496/1026
f 332/595 333/593 308/597
f 572/586 316/588 306/591
f 338/577 316/588 572/586
f 334/590 316/588 338/577
f 77/1322 336/1324 329/1325
f 329/1325 336/1324 337/1328
f 572/586 340/583 338/577
f 338/577 331/574 1078/582
f 1076/693 48/665 1114/700
f 49/573 727/572 53/575
f 340/583 339/579 727/572
f 27/979 77/980 37/977
f 1069/1952 321/1953 1081/1954
f 77/1322 329/1325 314/1327
f 1107/1354 321/1352 1111/1350
f 341/485 324/492 328/478
f 326/1766 321/1768 327/1770
f 335/1955 323/1958 321/1953
f 735/1027 343/1032 344/1030
f 26/978 37/977 29/981
f 304/1992 317/1989 305/1991
f 330/488 568/494 342/501
f 328/478 568/494 330/488
f 325/500 328/478 324/492
f 37/977 344/989 320/985
f 325/245 324/254 734/249
f 489/503 341/485 1090/499
f 325/500 568/494 328/478
f 490/1138 318/1136 1063/1139
f 1099/1751 319/1752 1106/1753
f 496/1026 314/1036 313/1033
f 333/593 334/590 574/587
f 334/487 307/476 306/482
f 337/1328 336/1324 572/1329
f 339/1323 340/1326 336/1324
f 304/1034 305/1029 269/1031
f 315/479 306/482 307/476
f 343/1032 305/1029 342/1035
f 329/1325 313/1330 314/1327
f 315/479 310/483 268/489
f 171/1539 751/1543 309/1540
f 318/1754 498/1756 319/1752
f 332/595 334/590 333/593
f 320/1558 345/1559 309/1557
f 734/1135 324/1132 728/1133
f 734/1369 491/1371 732/1368
f 295/91 294/67 1137/82
f 1151/1072 293/1069 1182/1075
f 289/1073 295/1079 290/1076
f 618/549 302/550 301/543
f 289/546 584/545 294/548
f 299/1597 640/1594 300/1596
f 296/27 298/36 297/44
f 803/911 266/904 286/907
f 280/562 597/559 281/553
f 704/1899 711/1901 710/1900
f 796/913 267/916 266/904
f 749/1059 747/1060 796/1051
f 278/1922 94/1923 114/1924
f 276/459 302/463 277/456
f 771/779 768/782 773/787
f 287/903 286/907 266/904
f 268/489 310/483 573/496
f 627/328 629/327 626/336
f 632/14 625/10 139/7
f 712/345 713/337 707/341
f 595/32 604/22 296/27
f 772/2068 775/2069 771/2070
f 581/547 301/543 302/550
f 114/1924 104/1925 278/1922
f 296/27 636/45 588/37
f 267/916 747/917 748/918
f 803/1055 801/1052 802/1050
f 312/1044 311/1053 802/1050
f 795/909 741/910 287/903
f 272/915 741/910 795/909
f 760/1450 800/1453 801/1456
f 761/1449 793/1458 1146/1455
f 763/1858 272/1855 273/1857
f 789/793 282/797 764/796
f 796/1051 312/1044 1144/1049
f 284/906 287/903 288/905
f 1143/1056 796/1051 1185/1054
f 1161/1188 756/1186 1166/1191
f 792/2017 793/2018 761/2019
f 282/1181 264/1179 265/1178
f 282/797 784/800 764/796
f 755/1433 754/1436 780/1434
f 779/1071 753/1070 758/1074
f 757/776 771/779 738/777
f 757/776 738/777 776/774
f 781/786 757/776 265/781
f 283/795 781/786 264/799
f 755/1433 756/1438 754/1436
f 1147/1077 617/1067 1169/1080
f 620/780 776/774 738/777
f 617/1067 758/1074 753/1070
f 1186/1851 750/1850 1188/1852
f 750/1850 749/1854 1187/1853
f 747/1932 749/1933 750/1931
f 796/913 747/917 267/916
f 266/904 267/916 746/914
f 774/919 748/918 747/917
f 773/787 277/790 772/788
f 773/912 266/904 746/914
f 302/792 772/788 277/790
f 303/619 109/614 113/616
f 745/460 774/472 610/470
f 621/1066 620/1064 618/1063
f 302/550 618/549 740/552
f 100/564 280/562 608/561
f 274/340 667/342 670/338
f 608/446 224/439 611/442
f 726/322 770/330 672/335
f 275/329 752/332 713/337
f 767/324 726/322 719/320
f 494/507 500/508 157/510
f 317/1865 304/1866 271/1867
f 494/1338 169/1339 501/1336
f 739/1342 571/1341 175/1333
f 310/483 330/488 317/495
f 304/1866 730/1868 271/1867
f 268/1037 573/1041 269/1031
f 571/1341 739/1342 765/1344
f 494/507 270/502 271/505
f 144/305 122/302 143/301
f 718/313 719/320 725/317
f 726/322 725/317 719/320
f 144/305 725/317 624/318
f 627/328 628/325 630/323
f 707/341 714/349 712/345
f 686/65 643/77 696/71
f 684/764 682/769 651/766
f 663/84 642/70 658/78
f 680/1509 678/1505 669/1508
f 666/334 668/333 656/343
f 667/64 671/56 297/44
f 652/31 298/36 296/27
f 686/65 635/52 637/58
f 622/12 652/31 296/27
f 627/16 626/21 622/12
f 624/25 628/20 569/9
f 569/9 138/4 625/10
f 627/16 569/9 628/20
f 134/6 599/17 91/23
f 630/323 629/327 627/328
f 629/327 647/331 626/336
f 89/569 102/567 104/565
f 592/1649 605/1647 614/1644
f 607/47 615/61 616/54
f 611/566 104/565 608/561
f 276/551 281/553 581/547
f 617/1067 618/1063 293/1069
f 280/562 281/553 608/561
f 277/456 619/447 276/459
f 291/625 292/623 1150/626
f 293/1069 289/1073 290/1076
f 301/543 289/546 618/549
f 293/1069 618/1063 289/1073
f 597/1694 606/1695 593/1692
f 108/617 303/619 292/623
f 108/617 109/614 303/619
f 590/48 589/62 591/49
f 590/48 591/49 598/33
f 101/1210 102/1209 601/1212
f 599/17 604/22 603/28
f 595/32 594/38 604/22
f 583/620 108/617 292/623
f 575/81 576/53 585/89
f 577/75 578/68 576/53
f 622/12 134/6 569/9
f 573/1041 765/1042 570/1038
f 296/27 604/22 622/12
f 326/1766 327/1770 1074/1771
f 592/55 590/48 605/39
f 139/315 631/310 632/319
f 778/1068 620/1064 621/1066
f 101/1210 609/1216 602/1213
f 741/1481 272/1484 742/1478
f 760/1450 797/1451 800/1453
f 799/1448 788/1446 761/1449
f 742/1478 743/1480 741/1481
f 783/1187 786/1194 785/1195
f 621/1066 753/1070 779/1071
f 738/777 737/783 740/784
f 771/2012 777/2014 737/2015
f 737/2015 777/2014 740/2016
f 773/452 619/447 277/456
f 768/908 288/905 266/904
f 713/337 274/340 275/329
f 169/1736 168/1737 156/1734
f 185/1334 501/1336 169/1339
f 315/1040 268/1037 313/1033
f 494/2094 168/2095 169/2096
f 625/10 632/14 646/18
f 614/1644 615/1648 592/1649
f 101/1210 600/1214 591/1218
f 591/1494 589/1489 101/1493
f 593/1692 606/1695 577/1693
f 583/1535 291/1533 582/1529
f 268/1037 269/1031 313/1033
f 636/45 296/27 297/44
f 837/1228 841/1229 840/1230
f 901/1547 884/1548 857/1549
f 259/266 263/250 1066/260
f 260/272 262/287 261/293
f 860/157 396/144 515/163
f 810/361 811/371 822/368
f 360/160 515/163 396/144
f 459/2074 461/2075 392/2076
f 377/998 392/999 379/1000
f 386/213 459/210 394/217
f 866/141 861/155 887/161
f 1189/130 866/141 1190/147
f 459/210 393/219 362/214
f 858/181 476/178 904/176
f 846/1084 844/1085 848/1086
f 883/1573 857/1574 884/1575
f 815/174 515/163 360/160
f 448/403 361/404 363/405
f 553/1745 534/1746 882/1747
f 431/374 447/383 856/378
f 830/709 831/710 833/711
f 844/1085 849/1092 854/1089
f 562/1806 806/1807 881/1808
f 854/1247 853/1245 847/1236
f 923/1700 828/1701 924/1702
f 427/1001 379/1000 563/1003
f 804/2116 736/2117 881/2118
f 881/2113 807/2114 562/2115
f 543/1405 542/1406 834/1407
f 408/382 531/373 407/377
f 367/423 369/427 348/417
f 446/406 448/403 363/405
f 873/132 879/138 480/127
f 870/129 877/124 876/131
f 425/426 873/421 692/430
f 874/148 875/162 880/156
f 363/405 365/409 446/406
f 633/118 868/117 662/110
f 513/111 897/123 899/128
f 525/1510 526/1511 521/1512
f 420/2024 422/2025 424/2026
f 859/1248 417/1249 423/1250
f 475/189 470/185 930/193
f 934/1267 444/1268 935/1269
f 810/361 426/359 702/356
f 445/419 452/422 453/411
f 455/2037 439/2038 936/2039
f 447/410 432/414 448/403
f 456/1926 460/1927 386/1928
f 808/1711 567/1712 563/1714
f 453/411 381/416 385/407
f 462/1876 474/1877 464/1878
f 470/185 475/189 858/181
f 427/1282 533/1283 377/1284
f 815/1551 359/1550 857/1549
f 519/1517 518/1514 525/1510
f 526/1143 482/1144 524/1145
f 527/285 538/292 528/275
f 260/272 528/275 263/250
f 850/724 836/718 825/715
f 834/1407 542/1406 541/1409
f 847/1236 851/1240 848/1244
f 854/1089 848/1086 844/1085
f 516/1087 846/1084 848/1086
f 548/282 535/288 540/296
f 558/2033 542/2034 410/2035
f 835/1413 853/1416 854/1415
f 847/1236 852/1242 851/1240
f 516/1241 848/1244 851/1240
f 849/1411 541/1409 835/1413
f 849/1411 835/1413 854/1415
f 547/1996 559/1997 352/1998
f 835/1243 855/1246 838/1238
f 835/1413 353/1414 855/1417
f 842/1233 840/1230 517/1235
f 847/1236 835/1243 838/1238
f 838/1238 839/1231 847/1236
f 839/1231 842/1233 847/1236
f 849/1411 834/1407 541/1409
f 262/395 527/391 261/397
f 517/1235 851/1240 842/1233
f 842/1233 851/1240 852/1242
f 516/1087 517/1093 829/1090
f 847/1236 848/1244 854/1247
f 517/1093 850/1096 829/1090
f 517/1235 840/1230 843/1232
f 843/1232 850/1239 517/1235
f 843/727 841/722 836/718
f 843/1232 840/1230 841/1229
f 559/1237 837/1228 352/1234
f 837/1228 839/1231 352/1234
f 840/1230 842/1233 839/1231
f 838/1238 352/1234 839/1231
f 844/1085 834/1091 849/1092
f 845/1088 543/1094 834/1091
f 544/713 841/722 837/728
f 352/1998 560/1999 547/1996
f 844/1085 845/1088 834/1091
f 561/1101 353/1102 410/1103
f 844/1085 846/1084 845/1088
f 708/289 548/282 540/296
f 558/2033 410/2035 555/2036
f 812/358 702/356 712/355
f 712/355 714/363 708/360
f 708/360 539/364 812/358
f 830/709 825/715 836/718
f 829/1090 850/1096 825/1098
f 543/1094 845/1088 414/1095
f 818/1965 832/1966 831/1967
f 412/1968 818/1965 831/1967
f 544/713 837/728 559/726
f 544/713 546/717 831/710
f 831/710 830/709 544/713
f 817/719 832/714 818/723
f 828/1701 819/1703 351/1705
f 819/1119 818/1121 412/1115
f 831/710 546/717 412/721
f 829/1090 825/1098 824/1100
f 825/841 827/842 826/843
f 554/1750 882/1747 814/1749
f 805/1812 804/1810 806/1807
f 804/1810 881/1808 806/1807
f 828/1701 550/1710 941/1708
f 817/719 818/723 944/729
f 816/725 817/719 946/730
f 820/731 428/734 387/737
f 816/725 428/734 820/731
f 886/380 822/368 821/376
f 387/848 823/845 820/846
f 539/364 809/367 810/361
f 451/1376 565/1377 813/1378
f 810/361 702/356 812/358
f 810/361 809/367 811/371
f 811/371 809/367 371/375
f 370/370 539/364 431/374
f 814/1749 882/1747 534/1746
f 807/1381 806/1384 566/1383
f 736/1944 804/1945 451/1946
f 805/1812 563/1813 804/1810
f 807/2119 881/2118 736/2117
f 736/2117 806/2120 807/2119
f 562/1806 566/1809 806/1807
f 562/1806 807/1816 804/1810
f 549/1016 437/1011 922/1019
f 437/1011 549/1016 564/1009
f 736/1815 805/1812 806/1807
f 563/1813 562/1806 804/1810
f 564/1713 552/1709 808/1711
f 563/1003 564/1009 808/1013
f 562/1806 563/1813 567/1811
f 556/1947 558/1948 555/1949
f 549/1016 550/1023 552/1020
f 556/2005 557/2006 415/2007
f 564/1009 549/1016 552/1020
f 808/1711 552/1709 350/1707
f 551/1118 567/1120 351/1117
f 566/1809 567/1811 551/1814
f 567/1811 566/1809 562/1806
f 411/1418 542/1419 558/1420
f 558/1948 543/1950 411/1951
f 413/1387 554/1382 555/1386
f 554/1382 551/1385 555/1386
f 414/1095 553/1097 413/1099
f 941/1025 549/1016 954/1024
f 557/1112 412/1115 545/1114
f 556/1107 551/1118 557/1112
f 415/1104 410/1103 556/1107
f 556/1408 410/1410 542/1406
f 542/1406 543/1405 556/1408
f 561/1101 557/1112 560/1109
f 410/1103 415/1104 561/1101
f 560/1109 352/1105 561/1101
f 559/1116 547/1113 545/1114
f 412/721 546/717 545/720
f 559/726 545/720 544/713
f 541/1409 411/1412 353/1414
f 410/1103 353/1102 411/1106
f 539/364 708/360 540/366
f 529/281 528/275 535/288
f 529/281 535/288 548/282
f 535/288 528/275 538/292
f 535/369 538/385 409/381
f 435/1315 430/1316 433/1317
f 440/1273 430/1275 435/1274
f 404/953 405/954 955/955
f 402/959 404/953 956/956
f 955/955 536/958 958/960
f 404/953 402/959 438/957
f 408/382 406/386 441/392
f 534/1288 376/1286 533/1283
f 530/393 536/394 532/389
f 409/381 538/385 527/391
f 409/381 532/389 405/384
f 389/396 536/394 530/393
f 958/1738 389/1739 959/1740
f 262/287 260/272 962/279
f 528/275 260/272 527/285
f 528/275 529/281 537/268
f 260/272 261/293 527/285
f 537/268 263/250 528/275
f 263/250 259/266 260/272
f 962/279 259/266 964/286
f 526/1511 525/1510 518/1514
f 521/1512 522/1513 525/1510
f 966/1516 521/1512 967/1518
f 519/1517 525/1510 522/1513
f 522/1513 523/1520 519/1517
f 354/1258 520/1266 401/1265
f 354/1527 399/1524 520/1523
f 523/1520 522/1513 965/1519
f 399/1524 519/1517 520/1523
f 520/1523 519/1517 523/1520
f 401/1526 523/1520 969/1525
f 523/1520 401/1526 520/1523
f 518/1514 519/1517 400/1521
f 518/1148 478/1146 526/1143
f 521/2027 483/2028 925/2029
f 477/1251 423/1250 972/1254
f 524/1145 482/1144 483/1147
f 420/1149 482/1144 478/1146
f 479/136 481/126 480/127
f 420/1149 483/1147 482/1144
f 478/1146 482/1144 526/1143
f 416/1972 478/1973 400/1974
f 974/208 458/212 975/215
f 468/1610 473/1611 470/1612
f 383/1581 467/1582 472/1583
f 458/212 460/216 456/221
f 395/1588 383/1581 466/1587
f 435/1274 434/1270 440/1273
f 357/204 471/197 463/200
f 392/999 384/1002 379/1000
f 464/194 465/188 462/192
f 392/1759 461/1760 471/1761
f 377/1725 376/1726 393/1727
f 468/1610 467/1613 473/1611
f 472/1583 397/1584 383/1581
f 465/188 466/191 397/184
f 395/2065 466/2066 465/2067
f 358/207 357/204 463/200
f 469/202 471/197 461/206
f 396/144 462/192 465/188
f 464/194 463/200 471/197
f 465/188 464/194 471/197
f 395/199 465/188 471/197
f 469/202 395/199 471/197
f 469/202 398/209 382/196
f 394/217 459/210 362/214
f 456/221 380/224 458/212
f 460/216 458/212 398/209
f 398/209 461/206 459/210
f 448/403 453/411 385/407
f 449/415 432/414 445/419
f 385/222 457/226 456/221
f 458/212 380/224 980/225
f 380/224 381/227 443/229
f 443/229 454/228 380/224
f 454/2041 455/2037 982/2042
f 450/975 452/976 445/968
f 450/420 381/416 453/411
f 385/222 381/227 457/226
f 380/224 457/226 381/227
f 457/226 380/224 456/221
f 455/2037 454/2041 439/2038
f 439/1320 454/1321 443/1318
f 980/225 454/228 983/230
f 935/974 442/965 986/973
f 443/1615 450/1616 434/1617
f 445/968 391/967 390/962
f 432/414 449/415 448/403
f 378/1004 436/1006 379/1000
f 391/425 445/419 432/414
f 442/965 444/971 445/968
f 445/968 390/962 442/965
f 442/965 403/963 984/970
f 402/959 403/963 442/965
f 439/1271 440/1273 434/1270
f 441/429 391/425 432/414
f 390/962 391/967 441/964
f 443/1318 429/1319 439/1320
f 403/963 402/959 957/961
f 440/1589 439/1590 429/1591
f 431/374 408/382 432/387
f 441/392 406/386 438/390
f 429/1319 433/1317 430/1316
f 436/1006 378/1004 437/1011
f 388/852 387/848 991/853
f 991/739 428/734 995/741
f 379/1000 427/1001 377/998
f 933/1010 388/1007 989/1014
f 996/1155 374/1157 997/1158
f 468/177 470/185 858/181
f 650/434 692/430 873/421
f 692/430 426/433 425/426
f 421/1151 422/1150 417/1154
f 1193/1911 418/1912 1194/1913
f 421/1165 424/1167 422/1168
f 926/1153 421/1151 996/1155
f 417/1249 416/1257 399/1253
f 399/1253 354/1258 423/1250
f 400/1262 399/1253 416/1257
f 422/1150 478/1146 416/1152
f 483/1147 420/1149 421/1151
f 1196/1623 859/1624 1199/1625
f 418/1635 373/1626 1198/1634
f 373/1626 418/1635 866/1632
f 1206/1627 1000/1630 1207/1633
f 418/1912 419/1914 866/1917
f 375/1252 417/1249 859/1248
f 857/1549 359/1550 901/1547
f 360/1552 359/1550 815/1551
f 396/144 472/180 468/177
f 359/1550 360/1552 901/1547
f 904/176 468/177 858/181
f 476/178 858/181 1001/186
f 858/181 475/189 976/190
f 360/160 903/173 1007/175
f 903/173 476/178 1002/182
f 903/173 360/160 396/144
f 904/176 476/178 903/173
f 396/144 468/177 904/176
f 472/1583 467/1582 468/1586
f 904/176 903/173 396/144
f 862/1598 863/1599 894/1600
f 360/160 861/155 901/146
f 901/146 861/155 866/141
f 927/166 360/160 1008/170
f 864/135 901/146 866/141
f 866/1788 887/1789 375/1790
f 1190/147 902/154 1192/159
f 513/111 864/135 1189/130
f 864/135 513/111 865/140
f 891/1568 877/1569 867/1570
f 514/119 877/124 870/129
f 867/114 877/124 514/119
f 897/123 895/134 899/128
f 511/1576 894/1578 883/1573
f 511/1576 883/1573 884/1575
f 894/1600 511/1601 862/1598
f 870/1658 872/1659 895/1660
f 901/1222 865/1223 511/1224
f 514/119 897/123 513/111
f 513/111 899/128 896/133
f 896/1226 865/1223 513/1227
f 512/145 511/152 896/133
f 884/1225 901/1222 511/1224
f 355/137 891/143 356/149
f 512/1662 872/1659 870/1658
f 511/152 512/145 888/158
f 691/1563 689/1564 699/1565
f 867/1570 356/1571 891/1568
f 699/120 355/137 356/149
f 513/111 691/106 867/114
f 870/1720 898/1721 514/1722
f 871/139 870/129 876/131
f 699/1888 356/1889 867/1890
f 513/111 867/114 514/119
f 897/1724 514/1722 900/1723
f 865/1223 896/1226 511/1224
f 896/133 899/128 895/134
f 895/134 512/145 896/133
f 898/1661 870/1658 895/1660
f 426/359 810/361 366/365
f 690/112 662/110 868/117
f 868/117 878/122 690/112
f 890/142 879/138 889/151
f 426/433 366/431 425/426
f 425/426 366/431 367/423
f 348/417 368/424 371/418
f 447/383 431/374 432/387
f 441/392 432/387 408/382
f 431/374 856/378 370/370
f 811/371 821/376 822/368
f 367/1399 886/1400 821/1401
f 821/432 369/427 367/423
f 811/2044 368/2045 821/2046
f 822/368 885/372 366/365
f 425/426 367/423 873/421
f 363/405 349/413 365/409
f 856/378 446/388 365/379
f 447/383 446/388 856/378
f 448/403 446/406 447/410
f 448/403 385/407 361/404
f 362/214 357/204 869/211
f 361/404 869/408 363/405
f 358/1204 474/1205 462/1206
f 464/194 474/203 463/200
f 396/1207 358/1204 462/1206
f 358/1204 396/1207 364/1208
f 396/144 879/138 873/132
f 890/142 874/148 479/136
f 892/153 888/158 512/145
f 889/151 396/144 860/157
f 863/1599 862/1598 860/1602
f 863/1580 515/1577 894/1578
f 883/1573 894/1578 515/1577
f 857/1574 883/1573 515/1577
f 876/131 479/136 871/139
f 860/1715 892/1716 880/1717
f 512/145 871/139 892/153
f 880/156 892/153 871/139
f 870/129 871/139 512/145
f 888/158 862/164 511/152
f 874/148 880/156 871/139
f 892/153 860/157 888/158
f 862/1598 893/1603 860/1602
f 888/158 893/169 862/164
f 875/1718 889/1719 860/1715
f 860/157 893/169 888/158
f 889/151 874/148 890/142
f 874/148 889/151 875/162
f 480/127 879/138 890/142
f 480/127 481/126 868/117
f 876/131 891/143 355/137
f 479/136 876/131 481/126
f 876/131 355/137 878/122
f 479/136 874/148 871/139
f 876/1572 877/1569 891/1568
f 699/1565 690/1566 878/1567
f 868/117 481/126 878/122
f 633/435 650/434 873/421
f 813/1287 814/1289 533/1283
f 451/1285 813/1287 533/1283
f 534/1288 533/1283 814/1289
f 887/1161 374/1157 375/1159
f 841/722 544/713 836/718
f 895/2091 872/2092 512/2093
f 470/1612 473/1611 382/1614
f 920/1163 887/1161 1009/1164
f 546/717 544/713 545/720
f 878/122 355/137 699/120
f 413/1748 553/1745 882/1747
f 516/1087 829/1090 846/1084
f 845/1088 846/1084 829/1090
f 826/843 823/845 824/844
f 708/360 812/358 712/355
f 413/1748 882/1747 554/1750
f 826/716 816/725 820/731
f 563/1003 805/1005 427/1001
f 379/1000 436/1006 563/1003
f 567/1712 808/1711 350/1707
f 804/1379 807/1381 565/1377
f 566/1383 565/1377 807/1381
f 855/1108 353/1102 352/1105
f 535/369 531/373 539/364
f 409/381 405/384 407/377
f 367/1399 822/1402 886/1400
f 880/1717 875/1718 860/1715
f 515/163 863/168 860/157
f 438/957 390/962 441/964
f 368/424 811/428 371/418
f 364/412 873/421 348/417
f 864/135 865/140 901/146
f 396/144 397/184 472/180
f 866/1632 372/1629 373/1626
f 859/1248 477/1251 998/1255
f 421/1165 420/1166 424/1167
f 378/1004 379/1000 384/1002
f 564/1009 563/1003 436/1006
f 381/227 450/231 443/229
f 362/214 393/219 357/204
f 398/209 469/202 461/206
f 382/196 398/209 974/208
f 532/389 536/394 405/384
f 389/396 530/393 961/399
f 855/1108 352/1105 838/1111
f 353/1414 835/1413 541/1409
f 843/727 836/718 850/724
f 842/2058 852/2059 847/2060
f 839/1231 837/1228 840/1230
f 557/1112 547/1113 560/1109
f 542/1406 411/1412 541/1409
f 410/1103 411/1106 555/1110
f 555/1386 411/1389 543/1388
f 539/364 370/370 809/367
f 830/709 833/711 827/712
f 824/844 825/841 826/843
f 823/845 534/849 553/847
f 829/1090 824/1100 553/1097
f 824/844 823/845 553/847
f 829/1090 414/1095 845/1088
f 557/1112 545/1114 547/1113
f 836/718 544/713 830/709
f 833/711 826/716 827/712
f 825/715 830/709 827/712
f 817/719 833/711 832/714
f 557/1112 551/1118 351/1117
f 414/1095 829/1090 553/1097
f 831/710 832/714 833/711
f 823/845 387/848 534/849
f 552/1709 828/1701 350/1707
f 351/1117 819/1119 412/1115
f 828/1701 552/1709 550/1710
f 818/1121 819/1119 943/1123
f 816/725 826/716 817/719
f 826/716 833/711 817/719
f 437/1011 378/1004 932/1015
f 950/736 816/725 1013/735
f 365/379 370/370 856/378
f 826/843 820/846 823/845
f 810/361 812/358 539/364
f 366/365 810/361 822/368
f 370/370 371/375 809/367
f 543/1388 413/1387 555/1386
f 431/374 539/364 531/373
f 427/1282 451/1285 533/1283
f 443/1318 435/1315 433/1317
f 433/1317 429/1319 443/1318
f 804/1379 565/1377 451/1376
f 736/1008 451/1012 427/1001
f 805/1005 736/1008 427/1001
f 437/1011 564/1009 436/1006
f 555/1110 551/1118 556/1107
f 551/1385 554/1382 566/1383
f 554/1382 565/1377 566/1383
f 408/382 431/374 531/373
f 543/1950 558/1948 556/1947
f 414/1095 413/1099 543/1094
f 351/1117 412/1115 557/1112
f 535/369 407/377 531/373
f 539/364 540/366 535/369
f 532/389 409/381 530/393
f 406/386 408/382 407/377
f 407/377 438/390 406/386
f 409/381 527/391 530/393
f 530/393 262/395 963/398
f 527/391 262/395 530/393
f 521/1512 526/1511 524/1515
f 519/1517 399/1524 400/1521
f 518/1975 400/1974 478/1973
f 423/1250 477/1251 859/1248
f 386/213 460/216 398/209
f 398/209 459/210 386/213
f 456/221 386/213 385/222
f 382/196 395/199 469/202
f 394/217 361/218 385/222
f 385/222 386/213 394/217
f 392/1728 377/1725 393/1727
f 357/1729 393/1727 376/1726
f 382/1585 383/1581 395/1588
f 397/1584 466/1587 383/1581
f 382/1614 473/1611 467/1613
f 397/184 396/144 465/188
f 382/1585 467/1582 383/1581
f 930/193 382/196 978/198
f 393/1727 459/1730 392/1728
f 430/1592 440/1589 429/1591
f 452/422 450/420 453/411
f 439/1271 434/1270 934/1267
f 448/403 449/415 453/411
f 445/968 444/971 450/975
f 450/1616 444/1619 434/1617
f 442/965 390/962 402/959
f 443/1615 434/1617 435/1618
f 438/957 402/959 390/962
f 384/1002 388/1007 378/1004
f 376/850 534/849 387/848
f 387/848 388/852 384/851
f 384/851 376/850 387/848
f 417/1154 375/1159 374/1157
f 422/1150 416/1152 417/1154
f 399/1253 423/1250 417/1249
f 478/1146 422/1150 420/1149
f 866/1917 419/1914 902/1916
f 902/1916 419/1914 1193/1911
f 859/1624 373/1626 372/1629
f 515/1577 815/1579 857/1574
f 887/161 861/155 1006/167
f 897/1664 900/1663 895/1660
f 689/1564 690/1566 699/1565
f 898/1721 900/1723 514/1722
f 370/370 365/379 371/375
f 377/1284 533/1283 376/1286
f 348/417 349/413 363/405
f 873/421 367/423 348/417
f 348/417 369/427 368/424
f 367/1399 885/1403 822/1402
f 366/1404 885/1403 367/1399
f 396/144 889/151 879/138
f 363/405 869/408 364/412
f 348/417 363/405 364/412
f 873/132 364/150 396/144
f 361/218 394/217 362/214
f 364/150 869/211 357/204
f 362/214 869/211 361/218
f 633/118 873/132 480/127
f 868/117 633/118 480/127
f 876/131 878/122 481/126
f 421/1151 417/1154 374/1157
f 814/1380 813/1378 565/1377
f 407/377 535/369 409/381
f 384/1764 392/1759 376/1763
f 516/1241 851/1240 517/1235
f 364/150 357/204 358/207
f 438/957 405/954 404/953
f 354/1258 401/1265 1014/1264
f 972/1254 354/1258 1016/1263
f 847/1236 853/1245 835/1243
f 353/1102 561/1101 352/1105
f 828/1701 351/1705 350/1707
f 567/1120 350/1122 351/1117
f 814/1380 565/1377 554/1382
f 438/390 407/377 405/384
f 521/2027 524/2031 483/2028
f 392/1759 471/1761 357/1762
f 376/1763 392/1759 357/1762
f 453/411 449/415 445/419
f 372/1256 375/1252 859/1248
f 372/1791 866/1788 375/1790
f 898/1661 895/1660 900/1663
f 371/418 349/413 348/417
f 369/2047 821/2046 368/2045
f 365/409 349/413 371/418
f 474/203 358/207 463/200
f 479/136 480/127 890/142
f 415/2007 557/2006 561/2008
f 22/821 60/824 509/830
f 65/2063 43/2064 3/2061
f 43/1639 65/1636 44/1638
f 1055/1777 506/1774 1123/1779
f 41/1637 42/1641 44/1638
f 194/1860 31/1862 42/1863
f 506/1774 34/1773 63/1776
f 31/1982 3/1979 193/1981
f 509/830 60/824 510/837
f 19/1280 21/1277 22/1279
f 508/1281 19/1280 22/1279
f 96/1800 232/1801 231/1798
f 229/437 225/440 228/441
f 212/2109 214/2110 213/2111
f 127/1698 212/1697 124/1699
f 126/540 131/541 150/542
f 115/438 243/445 136/450
f 228/441 227/449 247/454
f 218/1837 216/1836 217/1839
f 212/2109 213/2111 211/2112
f 220/2004 75/2001 502/2000
f 127/536 124/523 125/532
f 88/1842 86/1844 484/1847
f 63/803 6/805 32/806
f 487/948 79/943 486/950
f 209/1475 208/1472 220/1476
f 125/532 126/540 128/539
f 916/299 259/266 918/291
f 917/294 259/266 916/299
f 918/291 259/266 1122/284
f 919/1162 374/1157 920/1163
f 920/1163 374/1157 887/1161
f 921/2131 437/2132 948/2133
f 922/2134 437/2132 921/2131
f 923/1700 819/1703 828/1701
f 924/1702 828/1701 940/1704
f 925/1156 483/1147 926/1153
f 926/1153 483/1147 421/1151
f 927/166 861/155 360/160
f 928/171 861/155 927/166
f 929/1160 374/1157 919/1162
f 930/193 470/185 382/196
f 931/195 475/189 930/193
f 932/1015 378/1004 933/1010
f 933/1010 378/1004 388/1007
f 934/1267 434/1270 444/1268
f 935/974 444/971 442/965
f 936/1272 439/1271 934/1267
f 937/2040 455/2037 936/2039
f 938/1742 389/1739 939/1743
f 939/1743 389/1739 1012/1744
f 940/1704 828/1701 942/1706
f 941/1025 550/1023 549/1016
f 942/1706 828/1701 941/1708
f 943/1123 819/1119 923/1125
f 944/1124 818/1121 943/1123
f 945/732 817/719 944/729
f 946/730 817/719 945/732
f 947/733 816/725 946/730
f 948/2133 437/2132 949/2135
f 949/1021 437/1011 1010/1018
f 950/736 428/734 816/725
f 951/738 428/734 950/736
f 952/740 428/734 951/738
f 953/1022 549/1016 922/1019
f 954/1024 549/1016 953/1022
f 955/955 405/954 536/958
f 956/956 404/953 955/955
f 957/961 402/959 956/956
f 958/1738 536/1741 389/1739
f 959/1740 389/1739 938/1742
f 960/402 530/393 1011/400
f 961/399 530/393 960/402
f 962/279 260/272 259/266
f 963/295 262/287 962/279
f 964/286 259/266 917/294
f 965/1519 522/1513 966/1516
f 966/1516 522/1513 521/1512
f 967/1518 521/1512 968/1522
f 968/2032 521/2027 971/2030
f 969/1525 523/1520 965/1519
f 970/1528 401/1526 969/1525
f 971/2030 521/2027 925/2029
f 972/1254 423/1250 354/1258
f 973/1259 477/1251 972/1254
f 974/208 398/209 458/212
f 975/215 458/212 1015/220
f 976/2100 475/2101 931/2102
f 977/201 382/196 979/205
f 978/198 382/196 977/201
f 979/205 382/196 974/208
f 980/225 380/224 454/228
f 981/223 458/212 980/225
f 982/2042 455/2037 937/2040
f 983/2043 454/2041 982/2042
f 984/970 403/963 985/972
f 985/972 403/963 987/969
f 986/973 442/965 984/970
f 987/969 403/963 988/966
f 988/966 403/963 957/961
f 989/1014 388/1007 990/1017
f 990/855 388/852 992/854
f 991/739 387/737 428/734
f 992/854 388/852 991/853
f 993/742 428/734 952/740
f 994/743 428/734 993/742
f 995/741 428/734 994/743
f 996/1155 421/1151 374/1157
f 997/1158 374/1157 929/1160
f 998/1255 477/1251 999/1261
f 999/1261 477/1251 973/1259
f 1000/1260 859/1248 998/1255
f 1001/186 858/181 976/190
f 1002/182 476/178 1001/186
f 1003/187 903/173 1002/182
f 1004/183 903/173 1003/187
f 1005/179 903/173 1004/183
f 1006/167 861/155 928/171
f 1007/175 903/173 1005/179
f 1008/170 360/160 1007/175
f 1009/172 887/161 1006/167
f 1010/1018 437/1011 932/1015
f 1011/400 530/393 963/398
f 1012/401 389/396 961/399
f 1013/735 816/725 947/733
f 1014/2103 401/2104 970/2105
f 1015/220 458/212 981/223
f 1016/1263 354/1258 1014/1264
f 1017/1778 257/1772 914/1775
f 1018/1781 914/1775 1021/1782
f 1019/2121 28/2122 1023/2123
f 1020/2124 28/2122 1019/2121
f 1021/1782 914/1775 1022/1780
f 1022/1780 914/1775 1055/1777
f 1023/2123 28/2122 1024/2125
f 1024/2125 28/2122 1033/2126
f 1025/1826 11/1825 1028/1829
f 1026/1827 910/1824 1025/1826
f 1027/1831 11/1825 10/1830
f 1028/1829 11/1825 1027/1831
f 1029/1832 10/1830 1030/1833
f 1030/835 10/816 1057/828
f 1031/676 913/668 910/684
f 1032/692 910/684 1026/698
f 1033/683 28/662 1031/676
f 1034/823 10/816 36/819
f 1035/827 36/819 1017/834
f 1036/2081 14/2077 1059/2080
f 1037/825 14/822 1036/832
f 1038/829 60/824 20/820
f 1039/839 12/836 1038/829
f 1040/826 13/818 1060/831
f 1041/833 20/820 1040/826
f 1042/883 905/881 12/880
f 1043/840 12/836 1039/839
f 1044/882 905/881 1042/883
f 1045/901 84/898 1046/897
f 1046/897 84/898 18/889
f 1047/884 23/878 1044/882
f 1048/886 23/878 1047/884
f 1049/893 18/889 23/891
f 1050/658 25/654 28/662
f 1051/663 58/655 1050/658
f 1052/669 58/655 1051/663
f 1053/664 57/659 58/655
f 1054/671 58/655 1068/677
f 1055/1777 914/1775 506/1774
f 1056/670 28/662 1020/678
f 1057/828 10/816 1034/823
f 1058/896 23/891 1048/899
f 1059/2080 14/2077 1045/2079
f 1060/831 13/818 1037/825
f 1061/1126 319/1129 335/1127
f 1062/1957 335/1955 1069/1952
f 1063/2127 318/2128 1064/2129
f 1064/2129 318/2128 1099/2130
f 1065/256 263/250 497/243
f 1066/260 263/250 1065/256
f 1067/259 497/243 1098/265
f 1068/677 58/655 1052/669
f 1069/1952 335/1955 321/1953
f 1070/598 333/593 1071/600
f 1071/1359 333/1356 1108/1357
f 1072/599 308/597 1070/598
f 1073/592 574/587 1110/589
f 1074/596 327/594 1073/592
f 1075/576 331/574 55/571
f 1076/693 55/685 48/665
f 1077/581 331/574 1075/576
f 1078/582 331/574 1077/581
f 1079/1765 321/1768 326/1766
f 1080/1767 326/1766 1119/1769
f 1081/1954 321/1953 1079/1956
f 1082/1360 322/1363 341/1361
f 1083/1365 322/1363 1082/1360
f 1084/1351 322/1346 1083/1353
f 1085/1362 341/1361 489/1364
f 1086/1757 319/1752 1061/1758
f 1087/498 346/481 1088/490
f 1088/490 346/481 308/480
f 1089/491 346/481 1087/498
f 1090/499 341/485 1089/491
f 1091/255 734/249 489/258
f 1092/506 489/503 1090/499
f 1093/257 497/243 1091/255
f 1094/1367 732/1368 1104/1370
f 1095/1366 489/1364 1094/1367
f 1096/263 497/243 1093/257
f 1097/270 497/243 1096/263
f 1098/265 497/243 1097/270
f 1099/1751 318/1754 319/1752
f 1100/1141 733/1142 490/1138
f 1101/2051 731/2048 1100/2050
f 1102/1140 490/1138 1063/1139
f 1103/2053 731/2048 1101/2051
f 1104/1370 732/1368 1103/1372
f 1105/1755 319/1752 1086/1757
f 1106/1753 319/1752 1105/1755
f 1107/1354 327/1355 321/1352
f 1108/1357 333/1356 1107/1354
f 1109/585 338/577 1078/582
f 1110/589 574/587 1109/585
f 1111/1350 321/1352 323/1347
f 1112/1348 323/1347 322/1346
f 1113/1940 48/1941 1117/1942
f 1114/700 48/665 1113/701
f 1115/1349 322/1346 1084/1351
f 1116/602 308/597 1118/601
f 1117/1942 48/1941 1053/1943
f 1118/601 308/597 1072/599
f 1119/1769 326/1766 1074/1771
f 1120/271 259/266 1066/260
f 1121/278 259/266 1120/271
f 1122/284 259/266 1121/278
f 1124/298 918/291 1122/284
f 1125/1495 97/1498 98/1496
f 1126/1500 97/1498 1125/1495
f 1127/1497 98/1496 99/1499
f 1128/1501 99/1499 1129/1503
f 1129/615 99/609 110/612
f 1130/1537 583/1535 1134/1536
f 1131/618 110/612 1130/621
f 1132/1081 290/1076 295/1079
f 1133/1532 582/1529 1132/1531
f 1134/1536 583/1535 582/1529
f 1135/73 294/67 588/37
f 1136/66 588/37 700/59
f 1137/82 294/67 1135/73
f 1138/88 700/59 1139/95
f 1139/95 700/59 1174/94
f 1140/1461 798/1457 794/1459
f 1141/1047 312/1044 1140/1046
f 1142/1058 759/1057 1143/1056
f 1143/1056 759/1057 796/1051
f 1144/1049 312/1044 1141/1047
f 1145/1460 793/1458 792/1447
f 1146/1455 793/1458 1145/1460
f 1147/1077 758/1074 617/1067
f 1148/1437 758/1432 1147/1441
f 1149/624 303/619 1186/627
f 1150/626 292/623 1149/624
f 1151/1072 617/1067 293/1069
f 1152/2097 617/2098 1151/2099
f 1153/1452 761/1449 1146/1455
f 1154/1454 797/1451 1153/1452
f 1155/1196 756/1186 755/1197
f 1156/1199 755/1197 1165/1200
f 1157/1061 749/1059 1142/1058
f 1158/1440 279/1435 1148/1437
f 1159/2090 794/2086 1160/2089
f 1160/2089 794/2086 1154/2088
f 1161/1188 790/1185 756/1186
f 1162/1192 790/1185 1161/1188
f 1163/1463 792/1447 1164/1464
f 1164/1198 792/1193 1162/1192
f 1165/1200 755/1197 279/1201
f 1166/1191 756/1186 1155/1196
f 1167/1202 279/1201 1168/1203
f 1168/1442 279/1435 1158/1440
f 1169/1080 617/1067 1152/1082
f 1170/80 700/59 1138/88
f 1171/105 701/103 691/106
f 1172/104 701/103 1171/105
f 1173/72 700/59 1170/80
f 1174/94 700/59 1175/87
f 1175/87 700/59 695/79
f 1176/109 513/111 1203/115
f 1177/107 691/106 1176/109
f 1178/100 701/103 1172/104
f 1179/93 695/79 1178/100
f 1180/628 291/625 1150/626
f 1181/630 290/629 1180/628
f 1182/1075 293/1069 1181/1078
f 1183/97 295/91 1137/82
f 1184/1534 582/1529 1133/1532
f 1185/1054 796/1051 1144/1049
f 1186/1851 303/1848 750/1850
f 1187/1062 749/1059 1157/1061
f 1188/1852 750/1850 1187/1853
f 1189/130 864/135 866/141
f 1190/147 866/141 902/154
f 1191/1921 902/1916 1201/1920
f 1192/159 902/154 1191/165
f 1193/1911 419/1914 418/1912
f 1194/1913 418/1912 1200/1915
f 1195/1628 373/1626 1196/1623
f 1196/1623 373/1626 859/1624
f 1197/1631 373/1626 1195/1628
f 1198/1634 373/1626 1197/1631
f 1199/1625 859/1624 1206/1627
f 1200/1915 418/1912 1198/1918
f 1201/1920 902/1916 1202/1919
f 1202/1919 902/1916 1193/1911
f 1203/115 513/111 1204/121
f 1204/121 513/111 1205/125
f 1205/125 513/111 1189/130
f 1206/1627 859/1624 1000/1630
usemtl Tile_+034_+029_L18_00020_untextured
