mtllib Tile_+034_+029_L18_00003.mtl
v 6.81278373e+03 7.08535014e+03 3.95843097e+01
v 6.81288154e+03 7.08549187e+03 4.13092435e+01
v 6.81330766e+03 7.08678763e+03 4.07105723e+01
v 6.82331994e+03 7.08747148e+03 4.00767995e+01
v 6.82560970e+03 7.08949780e+03 4.02070365e+01
v 6.82106387e+03 7.06925173e+03 3.83668738e+01
v 6.82350268e+03 7.07177487e+03 3.76853351e+01
v 6.81325122e+03 7.08703315e+03 4.27589925e+01
v 6.81610147e+03 7.08885618e+03 3.92243595e+01
v 6.81478991e+03 7.08665930e+03 4.07201908e+01
v 6.83315327e+03 7.11145994e+03 3.96610934e+01
v 6.83249667e+03 7.11066345e+03 4.04732874e+01
v 6.82730060e+03 7.08807097e+03 4.00002632e+01
v 6.82580896e+03 7.08500531e+03 4.01132299e+01
v 6.81861019e+03 7.06859206e+03 3.81270802e+01
v 6.81311887e+03 7.10043111e+03 4.87476735e+01
v 6.81425250e+03 7.10202726e+03 5.01624412e+01
v 6.81597233e+03 7.06800252e+03 3.97313334e+01
v 6.81704609e+03 7.06639712e+03 3.84524704e+01
v 6.81596783e+03 7.06722666e+03 3.91198000e+01
v 6.81509115e+03 7.06836353e+03 3.90897023e+01
v 6.81394943e+03 7.10530940e+03 5.08935346e+01
v 6.81368531e+03 7.10404499e+03 5.20334235e+01
v 6.81458836e+03 7.10462370e+03 4.96776775e+01
v 6.81508328e+03 7.10339438e+03 5.00967348e+01
v 6.81225682e+03 7.10592433e+03 5.09030594e+01
v 6.81277766e+03 7.10610728e+03 4.95222284e+01
v 6.81274212e+03 7.10162695e+03 5.05611410e+01
v 6.81343007e+03 7.10147872e+03 4.77181080e+01
v 6.81491979e+03 7.10594327e+03 5.03362958e+01
v 6.81262543e+03 7.10101890e+03 4.65318577e+01
v 6.81639564e+03 7.10838137e+03 4.89100897e+01
v 6.81240321e+03 7.10603630e+03 4.73743709e+01
v 6.81414061e+03 7.10495812e+03 4.72524770e+01
v 6.81389832e+03 7.10342975e+03 4.79286020e+01
v 6.81488836e+03 7.10242205e+03 4.68990209e+01
v 6.81232927e+03 7.10584311e+03 4.40967512e+01
v 6.81626459e+03 7.10557966e+03 4.41830252e+01
v 6.81391772e+03 7.10433201e+03 4.47460509e+01
v 6.81300902e+03 7.10519389e+03 4.41573380e+01
v 6.81715796e+03 7.10777090e+03 4.42634103e+01
v 6.81557851e+03 7.10795161e+03 4.42937121e+01
v 6.81597252e+03 7.10464360e+03 4.74285009e+01
v 6.81714611e+03 7.08965444e+03 4.54163426e+01
v 6.81615457e+03 7.09085394e+03 4.46658956e+01
v 6.81580092e+03 7.09187571e+03 4.52033884e+01
v 6.81524906e+03 7.08955577e+03 4.49725118e+01
v 6.81448844e+03 7.08972958e+03 4.40476594e+01
v 6.81548692e+03 7.10667638e+03 4.37181270e+01
v 6.81494660e+03 7.10387715e+03 4.35091081e+01
v 6.81464601e+03 7.10219560e+03 4.43001736e+01
v 6.81587844e+03 7.10316672e+03 4.43805692e+01
v 6.81300500e+03 7.10146869e+03 4.42281882e+01
v 6.81254029e+03 7.10240169e+03 4.43918338e+01
v 6.81354409e+03 7.10256599e+03 4.31747812e+01
v 6.81320729e+03 7.10152447e+03 4.32026485e+01
v 6.81543515e+03 7.10058823e+03 4.30408581e+01
v 6.81722129e+03 7.09700135e+03 4.29082045e+01
v 6.81731388e+03 7.10218807e+03 4.31074210e+01
v 6.81517531e+03 7.09578052e+03 4.36149010e+01
v 6.81444943e+03 7.09699189e+03 4.27940057e+01
v 6.81612591e+03 7.09395719e+03 4.35352209e+01
v 6.81560188e+03 7.10093147e+03 4.40975777e+01
v 6.81631524e+03 7.09241742e+03 4.38499405e+01
v 6.81753398e+03 7.09554350e+03 4.38009904e+01
v 6.82705945e+03 7.08391028e+03 3.89671762e+01
v 6.81208927e+03 7.09334448e+03 4.37913193e+01
v 6.81432832e+03 7.09438883e+03 4.34049997e+01
v 6.81832316e+03 7.09436928e+03 4.35274586e+01
v 6.81413130e+03 7.08854067e+03 4.36859326e+01
v 6.81217966e+03 7.09024027e+03 4.45319884e+01
v 6.81267211e+03 7.08864416e+03 4.39955674e+01
v 6.81440820e+03 7.08808659e+03 4.46896637e+01
v 6.81793583e+03 7.08965352e+03 4.19634729e+01
v 6.81509456e+03 7.08800972e+03 4.22678301e+01
v 6.81310698e+03 7.08414188e+03 3.92070671e+01
v 6.81571713e+03 7.08058296e+03 3.94007682e+01
v 6.83086073e+03 7.07929653e+03 4.94900249e+01
v 6.82689447e+03 7.08229907e+03 4.98307803e+01
v 6.82522766e+03 7.06406774e+03 4.88928556e+01
v 6.82570833e+03 7.06333604e+03 4.52092551e+01
v 6.82480285e+03 7.06267273e+03 4.84645419e+01
v 6.82425550e+03 7.06271803e+03 5.02944601e+01
v 6.82447606e+03 7.06403786e+03 5.11169488e+01
v 6.82455991e+03 7.06273551e+03 4.53667516e+01
v 6.82440613e+03 7.06382183e+03 4.86632076e+01
v 6.82428964e+03 7.06371376e+03 4.35987288e+01
v 6.82594005e+03 7.08537037e+03 4.62482379e+01
v 6.82156966e+03 7.08863828e+03 4.60618425e+01
v 6.82297865e+03 7.08751643e+03 4.51704538e+01
v 6.82522341e+03 7.06414825e+03 4.44514636e+01
v 6.82267015e+03 7.08595931e+03 4.95485100e+01
v 6.81918516e+03 7.08952151e+03 4.62220920e+01
v 6.81864180e+03 7.08941408e+03 4.92991060e+01
v 6.82253703e+03 7.09145928e+03 4.84100630e+01
v 6.81968341e+03 7.08905271e+03 4.65618777e+01
v 6.82585764e+03 7.06317048e+03 5.02969673e+01
v 6.82544420e+03 7.06406399e+03 5.11043975e+01
v 6.82491766e+03 7.06286463e+03 5.13252312e+01
v 6.82563421e+03 7.06294328e+03 5.22905879e+01
v 6.82411072e+03 7.06342957e+03 5.22937392e+01
v 6.83381197e+03 7.08570621e+03 4.72047992e+01
v 6.83359138e+03 7.08709943e+03 4.38307040e+01
v 6.81978548e+03 7.09011182e+03 4.69384002e+01
v 6.82481701e+03 7.09373780e+03 4.55550373e+01
v 6.82181439e+03 7.09271377e+03 4.55754614e+01
v 6.81936500e+03 7.08931572e+03 4.62333829e+01
v 6.81928435e+03 7.08896820e+03 4.52336548e+01
v 6.82055479e+03 7.08883182e+03 4.43239298e+01
v 6.82802605e+03 7.09502972e+03 4.63345118e+01
v 6.82214671e+03 7.08779820e+03 4.40446723e+01
v 6.81982616e+03 7.09428756e+03 4.55056825e+01
v 6.82380758e+03 7.09517741e+03 4.39796872e+01
v 6.83201262e+03 7.08537123e+03 4.52092372e+01
v 6.82332976e+03 7.09028835e+03 4.01637317e+01
v 6.81840711e+03 7.08975424e+03 4.53537980e+01
v 6.82833856e+03 7.08359407e+03 4.63255309e+01
v 6.83277955e+03 7.06216924e+03 4.26540333e+01
v 6.83312513e+03 7.06265951e+03 4.61562594e+01
v 6.83410912e+03 7.06356649e+03 4.26554740e+01
v 6.82572520e+03 7.09908178e+03 4.33981195e+01
v 6.82785264e+03 7.09780241e+03 4.30694488e+01
v 6.82603089e+03 7.09622995e+03 4.39947492e+01
v 6.82888045e+03 7.09993225e+03 4.23297771e+01
v 6.83147122e+03 7.09982382e+03 4.37478891e+01
v 6.83129488e+03 7.09737409e+03 4.49682390e+01
v 6.83231519e+03 7.09974284e+03 4.44837655e+01
v 6.83738497e+03 7.09442955e+03 4.42645657e+01
v 6.83304501e+03 7.09968455e+03 4.21478759e+01
v 6.83374713e+03 7.08656817e+03 4.33562951e+01
v 6.82233524e+03 7.08952554e+03 4.18017753e+01
v 6.82415258e+03 7.08881812e+03 4.28180551e+01
v 6.82543516e+03 7.06291922e+03 4.13908665e+01
v 6.82452727e+03 7.06280712e+03 4.13854953e+01
v 6.81811690e+03 7.09026427e+03 4.38709587e+01
v 6.81760871e+03 7.09862389e+03 4.28819173e+01
v 6.81994745e+03 7.10097055e+03 4.30258666e+01
v 6.81953224e+03 7.09873100e+03 4.29231143e+01
v 6.81815800e+03 7.09748030e+03 4.40626561e+01
v 6.82220608e+03 7.09642660e+03 4.32286760e+01
v 6.82040223e+03 7.09630911e+03 4.43504514e+01
v 6.82046269e+03 7.09509378e+03 4.41994929e+01
v 6.82430050e+03 7.10090464e+03 4.28038525e+01
v 6.82612194e+03 7.09923978e+03 4.25300230e+01
v 6.81994357e+03 7.09775778e+03 4.40428570e+01
v 6.82180367e+03 7.09742139e+03 4.39622567e+01
v 6.82054684e+03 7.09885933e+03 4.43995186e+01
v 6.82454782e+03 7.09771123e+03 4.32998449e+01
v 6.82360672e+03 7.09952969e+03 4.40119153e+01
v 6.83350342e+03 7.10077843e+03 4.26921475e+01
v 6.83444892e+03 7.10438680e+03 4.35436620e+01
v 6.83431006e+03 7.10336114e+03 4.24278360e+01
v 6.83169190e+03 7.10598078e+03 4.33151333e+01
v 6.83366715e+03 7.10646586e+03 4.30959854e+01
v 6.82847172e+03 7.10550119e+03 4.29521712e+01
v 6.82878168e+03 7.10632195e+03 4.34984676e+01
v 6.82917975e+03 7.10513662e+03 4.34906108e+01
v 6.83195498e+03 7.10845593e+03 4.33898138e+01
v 6.82100391e+03 7.10022884e+03 4.38494250e+01
v 6.83103628e+03 7.09922328e+03 4.49238812e+01
v 6.82046473e+03 7.10590091e+03 4.33976753e+01
v 6.81900889e+03 7.10476879e+03 4.55317441e+01
v 6.81862449e+03 7.10633132e+03 4.37174926e+01
v 6.81997352e+03 7.10774132e+03 4.38104159e+01
v 6.81834166e+03 7.10700002e+03 4.47806420e+01
v 6.82658726e+03 7.10787107e+03 4.36865009e+01
v 6.82614653e+03 7.10724332e+03 4.29480968e+01
v 6.82964279e+03 7.10306352e+03 4.39123570e+01
v 6.82736345e+03 7.10498560e+03 4.30286251e+01
v 6.82955477e+03 7.10423782e+03 4.28058117e+01
v 6.83329297e+03 7.10399930e+03 4.27945373e+01
v 6.83192457e+03 7.10335719e+03 4.32231375e+01
v 6.83249222e+03 7.10218070e+03 4.32180044e+01
v 6.83168330e+03 7.10277501e+03 4.24702032e+01
v 6.82115820e+03 7.10447902e+03 4.31040849e+01
v 6.81933774e+03 7.10324629e+03 4.31432019e+01
v 6.82439044e+03 7.10594042e+03 4.29108856e+01
v 6.82274341e+03 7.10989614e+03 4.35851118e+01
v 6.82213733e+03 7.10546292e+03 4.35363710e+01
v 6.81752909e+03 7.10486274e+03 4.39488980e+01
v 6.81928108e+03 7.10364686e+03 4.53475751e+01
v 6.82065220e+03 7.10447319e+03 4.45098591e+01
v 6.82821754e+03 7.10721772e+03 4.27819438e+01
v 6.82946682e+03 7.10283137e+03 4.23584586e+01
v 6.82870649e+03 7.10886139e+03 4.30356440e+01
v 6.83224689e+03 7.10750004e+03 4.26347341e+01
v 6.82996640e+03 7.10681208e+03 4.27024174e+01
v 6.83434798e+03 7.10238960e+03 4.30431193e+01
v 6.83364982e+03 7.10827171e+03 4.26179077e+01
v 6.83382534e+03 7.10547373e+03 4.24921181e+01
v 6.83201910e+03 7.11116207e+03 4.27773309e+01
v 6.83323222e+03 7.10946970e+03 4.19342006e+01
v 6.83400807e+03 7.11165407e+03 4.27638685e+01
v 6.83411459e+03 7.11093924e+03 4.29606270e+01
v 6.83034392e+03 7.11131524e+03 4.24304067e+01
v 6.83071890e+03 7.11030137e+03 4.33843132e+01
v 6.82917598e+03 7.11341976e+03 4.26214237e+01
v 6.82868054e+03 7.11324080e+03 4.37005575e+01
v 6.82740604e+03 7.11128106e+03 4.25692972e+01
v 6.83054442e+03 7.11365808e+03 4.32522244e+01
v 6.83410438e+03 7.11086276e+03 4.25662468e+01
v 6.82523488e+03 7.11083864e+03 4.28202195e+01
v 6.82702058e+03 7.12029529e+03 4.18593596e+01
v 6.82745683e+03 7.11971680e+03 4.38561918e+01
v 6.82656976e+03 7.11195442e+03 4.35441526e+01
v 6.82521946e+03 7.12330350e+03 4.16168461e+01
v 6.81938447e+03 7.11008676e+03 4.41189448e+01
v 6.83016007e+03 7.11521001e+03 4.35303381e+01
v 6.82579085e+03 7.12221268e+03 4.37730071e+01
v 6.82681951e+03 7.12348395e+03 4.20106305e+01
v 6.82269322e+03 7.12487509e+03 4.39311076e+01
v 6.82264238e+03 7.12360930e+03 4.38851971e+01
v 6.82489062e+03 7.11978929e+03 4.39075357e+01
v 6.82524236e+03 7.11354409e+03 4.41318853e+01
v 6.81869028e+03 7.10864168e+03 4.39508465e+01
v 6.82625083e+03 7.10882684e+03 4.29713933e+01
v 6.82867461e+03 7.11504915e+03 4.39477232e+01
v 6.82651297e+03 7.11712608e+03 4.93751570e+01
v 6.82686939e+03 7.11841946e+03 4.40757594e+01
v 6.82629872e+03 7.11895191e+03 4.52668027e+01
v 6.82634008e+03 7.11333992e+03 4.41092526e+01
v 6.82605773e+03 7.11766391e+03 4.61926628e+01
v 6.81853009e+03 7.10971021e+03 4.79919923e+01
v 6.81693836e+03 7.10318369e+03 4.37941371e+01
v 6.82812046e+03 7.11498938e+03 4.87071454e+01
v 6.82191780e+03 7.12482837e+03 4.89098109e+01
v 6.82238677e+03 7.12402930e+03 5.41968244e+01
v 6.82638793e+03 7.11729571e+03 5.36689214e+01
v 6.81869043e+03 7.10990186e+03 5.24886079e+01
v 6.81801990e+03 7.10877437e+03 5.59231614e+01
v 6.82585267e+03 7.11392733e+03 4.95568203e+01
v 6.82814191e+03 7.11489703e+03 5.54291193e+01
v 6.82876345e+03 7.11522295e+03 5.72125529e+01
v 6.82345909e+03 7.11179027e+03 5.73580769e+01
v 6.82567192e+03 7.11377011e+03 5.53175090e+01
v 6.81512393e+03 7.10656104e+03 5.71581400e+01
v 6.81616110e+03 7.10821656e+03 5.56618159e+01
v 6.82537963e+03 7.06392622e+03 5.27084903e+01
v 6.82533907e+03 7.06408726e+03 4.10084095e+01
v 6.86498681e+03 7.09628755e+03 3.37406410e+01
v 6.86375230e+03 7.09289908e+03 3.37231154e+01
v 6.86295120e+03 7.09601808e+03 3.37434546e+01
v 6.83604415e+03 7.09513728e+03 3.98059721e+01
v 6.83660912e+03 7.09685919e+03 3.97935918e+01
v 6.86474856e+03 7.07309258e+03 3.90239810e+01
v 6.86520561e+03 7.07127842e+03 3.96341057e+01
v 6.85537010e+03 7.08790291e+03 3.56965528e+01
v 6.85360644e+03 7.09077980e+03 3.60302426e+01
v 6.86390623e+03 7.07887481e+03 3.55517745e+01
v 6.86171988e+03 7.08138157e+03 3.53756812e+01
v 6.85690113e+03 7.07293407e+03 4.03941843e+01
v 6.85850690e+03 7.07296823e+03 3.92752291e+01
v 6.85792525e+03 7.07195166e+03 3.93639417e+01
v 6.86666208e+03 7.08069328e+03 3.54364889e+01
v 6.86628683e+03 7.07878712e+03 3.50423912e+01
v 6.86542668e+03 7.08126707e+03 3.58861131e+01
v 6.84020009e+03 7.10137511e+03 4.16481582e+01
v 6.83968980e+03 7.10057100e+03 4.20832977e+01
v 6.84906214e+03 7.11072970e+03 3.96198352e+01
v 6.84753918e+03 7.10948938e+03 3.86490850e+01
v 6.86704104e+03 7.06682275e+03 3.57599192e+01
v 6.86609174e+03 7.06666773e+03 3.43089612e+01
v 6.86547293e+03 7.12282345e+03 3.47696547e+01
v 6.86660620e+03 7.07108592e+03 3.72547008e+01
v 6.86568351e+03 7.07008829e+03 3.61105616e+01
v 6.85575398e+03 7.11678083e+03 3.61364583e+01
v 6.85391895e+03 7.11546206e+03 3.61238423e+01
v 6.86674933e+03 7.09119104e+03 3.48208498e+01
v 6.85877951e+03 7.12476227e+03 3.70025913e+01
v 6.86541662e+03 7.11240294e+03 3.46356859e+01
v 6.86475169e+03 7.11842807e+03 3.50831895e+01
v 6.86582580e+03 7.07406169e+03 3.95866184e+01
v 6.86520346e+03 7.07404535e+03 3.84783241e+01
v 6.85773947e+03 7.07126010e+03 3.85513493e+01
v 6.86194202e+03 7.11455874e+03 3.61806432e+01
v 6.86027116e+03 7.11416152e+03 3.63435893e+01
v 6.84781844e+03 7.10452981e+03 3.89267559e+01
v 6.84593832e+03 7.10564732e+03 3.79757011e+01
v 6.84293585e+03 7.06831180e+03 4.02154654e+01
v 6.84061413e+03 7.06784646e+03 4.07010943e+01
v 6.84170753e+03 7.10284611e+03 3.92657016e+01
v 6.84237795e+03 7.10399952e+03 3.93370696e+01
v 6.84273954e+03 7.09206560e+03 3.65360964e+01
v 6.84092067e+03 7.09307419e+03 3.55976011e+01
v 6.84165967e+03 7.06649619e+03 4.04482806e+01
v 6.84407493e+03 7.06563208e+03 4.10809497e+01
v 6.85438957e+03 7.11734732e+03 3.65303596e+01
v 6.85284432e+03 7.11661996e+03 3.72061634e+01
v 6.86535437e+03 7.08292191e+03 3.46986450e+01
v 6.84750800e+03 7.11144004e+03 3.61636053e+01
v 6.84859651e+03 7.11083063e+03 3.72248566e+01
v 6.85188137e+03 7.06980371e+03 3.62243994e+01
v 6.85336893e+03 7.06921753e+03 3.67301955e+01
v 6.84278748e+03 7.09591195e+03 3.86984926e+01
v 6.84196347e+03 7.09433817e+03 3.84458066e+01
v 6.85004234e+03 7.09074689e+03 4.60630693e+01
v 6.85077219e+03 7.09103305e+03 4.61820650e+01
v 6.84696076e+03 7.09752159e+03 4.66825503e+01
v 6.84742631e+03 7.09871718e+03 4.48553014e+01
v 6.85325815e+03 7.09927820e+03 4.74689837e+01
v 6.85384907e+03 7.09811999e+03 4.65215829e+01
v 6.85441880e+03 7.09670613e+03 4.69076607e+01
v 6.83725616e+03 7.09384786e+03 3.95918725e+01
v 6.83734913e+03 7.09385528e+03 4.00895458e+01
v 6.83722448e+03 7.09376912e+03 3.95405121e+01
v 6.83773195e+03 7.09377491e+03 3.96334123e+01
v 6.83898102e+03 7.09767696e+03 3.65331532e+01
v 6.83951617e+03 7.09508838e+03 3.60279742e+01
v 6.83503593e+03 7.10820732e+03 3.74543806e+01
v 6.83433388e+03 7.10727877e+03 3.89593057e+01
v 6.84623277e+03 7.09837264e+03 4.53898447e+01
v 6.84672923e+03 7.09741064e+03 4.50904591e+01
v 6.85033409e+03 7.09014693e+03 4.85427855e+01
v 6.85116646e+03 7.09018185e+03 4.69141570e+01
v 6.85220671e+03 7.09785750e+03 4.69674835e+01
v 6.85199347e+03 7.09649206e+03 4.58978049e+01
v 6.85069779e+03 7.08897120e+03 4.64922947e+01
v 6.84977085e+03 7.08877394e+03 4.50886153e+01
v 6.85186180e+03 7.09884057e+03 4.86864703e+01
v 6.85017989e+03 7.09861164e+03 4.83844213e+01
v 6.85268334e+03 7.09675140e+03 5.02232663e+01
v 6.85110267e+03 7.09757584e+03 5.00712647e+01
v 6.85174319e+03 7.09784818e+03 4.91284976e+01
v 6.85199601e+03 7.09708232e+03 4.78777098e+01
v 6.85106606e+03 7.09620970e+03 5.02701879e+01
v 6.85234804e+03 7.09576062e+03 4.98094032e+01
v 6.85302393e+03 7.09666570e+03 4.91211068e+01
v 6.85189772e+03 7.09995784e+03 5.25612640e+01
v 6.85158730e+03 7.09812736e+03 5.18781867e+01
v 6.85148410e+03 7.09811902e+03 4.73961966e+01
v 6.85087675e+03 7.09647787e+03 4.82899627e+01
v 6.85100750e+03 7.09877087e+03 4.91518386e+01
v 6.85086434e+03 7.09991508e+03 4.86913938e+01
v 6.85148404e+03 7.09990335e+03 4.75843950e+01
v 6.85087942e+03 7.09830358e+03 4.91129736e+01
v 6.85070790e+03 7.09771657e+03 5.25909518e+01
v 6.84965267e+03 7.09982181e+03 4.84873310e+01
v 6.85172927e+03 7.10054686e+03 5.04781266e+01
v 6.85096664e+03 7.10032067e+03 5.21245967e+01
v 6.85077162e+03 7.10110859e+03 5.02000066e+01
v 6.84728743e+03 7.06388615e+03 4.56405176e+01
v 6.84482020e+03 7.06514364e+03 4.59934345e+01
v 6.85063750e+03 7.08766638e+03 4.58579932e+01
v 6.85167298e+03 7.08862103e+03 4.35469298e+01
v 6.85043476e+03 7.09059236e+03 4.33299999e+01
v 6.85282118e+03 7.09617659e+03 4.45241461e+01
v 6.85038907e+03 7.08939370e+03 4.83698271e+01
v 6.83733066e+03 7.06536933e+03 4.59715186e+01
v 6.83561917e+03 7.06442004e+03 4.36741823e+01
v 6.83493215e+03 7.06419724e+03 4.09935787e+01
v 6.84076533e+03 7.06592081e+03 4.15872631e+01
v 6.84433636e+03 7.06515173e+03 4.32955522e+01
v 6.84097512e+03 7.06605995e+03 4.43532639e+01
v 6.85498412e+03 7.06344293e+03 4.19341727e+01
v 6.85734326e+03 7.06318075e+03 4.03052614e+01
v 6.84570072e+03 7.06450472e+03 4.27224354e+01
v 6.84548091e+03 7.06385188e+03 4.18253932e+01
v 6.84746092e+03 7.06282992e+03 4.32644315e+01
v 6.85020566e+03 7.08699992e+03 4.45117985e+01
v 6.84973586e+03 7.08733926e+03 4.31597599e+01
v 6.84029202e+03 7.06544569e+03 4.60901686e+01
v 6.83490968e+03 7.08840917e+03 4.22308542e+01
v 6.83902765e+03 7.10864502e+03 3.99932861e+01
v 6.83754684e+03 7.10942113e+03 3.91902980e+01
v 6.83850118e+03 7.06560268e+03 4.20140073e+01
v 6.83755107e+03 7.06828827e+03 4.06118290e+01
v 6.84054834e+03 7.06817579e+03 3.83189164e+01
v 6.85116656e+03 7.08970543e+03 4.48152137e+01
v 6.85095015e+03 7.08754513e+03 4.30127841e+01
v 6.85372487e+03 7.09463631e+03 4.18581066e+01
v 6.85300034e+03 7.09426724e+03 4.18055328e+01
v 6.85041990e+03 7.08892147e+03 4.27908389e+01
v 6.84970418e+03 7.09039125e+03 4.32041549e+01
v 6.84524617e+03 7.06720939e+03 4.07920145e+01
v 6.84529610e+03 7.09875065e+03 4.45911325e+01
v 6.84407193e+03 7.09942827e+03 4.44401579e+01
v 6.84551765e+03 7.09955756e+03 4.22684021e+01
v 6.85278501e+03 7.10063718e+03 4.50888720e+01
v 6.85225054e+03 7.09958608e+03 4.32424277e+01
v 6.84899956e+03 7.09783638e+03 4.40936933e+01
v 6.84832639e+03 7.09921788e+03 4.45482968e+01
v 6.83948461e+03 7.10012304e+03 4.16097741e+01
v 6.83891774e+03 7.09699119e+03 4.09921731e+01
v 6.84865281e+03 7.09828775e+03 4.28896684e+01
v 6.85020639e+03 7.09684417e+03 4.27817829e+01
v 6.84739775e+03 7.09754352e+03 4.35424055e+01
v 6.84084631e+03 7.10210714e+03 3.89675630e+01
v 6.84065577e+03 7.10225901e+03 4.08135725e+01
v 6.83698932e+03 7.10217549e+03 4.20655559e+01
v 6.83664837e+03 7.10266856e+03 4.31077063e+01
v 6.84565709e+03 7.09785625e+03 4.24353097e+01
v 6.83721362e+03 7.10266280e+03 4.06946969e+01
v 6.85175109e+03 7.09519828e+03 4.20437204e+01
v 6.85257024e+03 7.09404646e+03 4.36009015e+01
v 6.85315993e+03 7.09471742e+03 4.40268893e+01
v 6.85200847e+03 7.09780963e+03 4.14217482e+01
v 6.85342606e+03 7.09679041e+03 4.37438985e+01
v 6.83680821e+03 7.09332828e+03 4.04172636e+01
v 6.84660763e+03 7.10095744e+03 4.24978243e+01
v 6.84910781e+03 7.10127460e+03 4.19572890e+01
v 6.84592283e+03 7.09781626e+03 4.39463341e+01
v 6.84578185e+03 7.09996641e+03 4.55862576e+01
v 6.84903816e+03 7.10048351e+03 4.33940433e+01
v 6.84802980e+03 7.10024358e+03 4.60931577e+01
v 6.84715215e+03 7.10079683e+03 4.49768886e+01
v 6.85127569e+03 7.09853396e+03 4.28005343e+01
v 6.85266474e+03 7.10008132e+03 4.59847629e+01
v 6.84979965e+03 7.09829317e+03 4.53642665e+01
v 6.84415439e+03 7.10012461e+03 4.55718335e+01
v 6.84644341e+03 7.09972624e+03 4.62895419e+01
v 6.85518954e+03 7.09694626e+03 4.64734318e+01
v 6.85094127e+03 7.09651614e+03 4.42707074e+01
v 6.84794567e+03 7.09884833e+03 4.13941918e+01
v 6.84949633e+03 7.10148544e+03 4.30297832e+01
v 6.84090452e+03 7.10256700e+03 4.27141355e+01
v 6.83555154e+03 7.10396087e+03 4.23670113e+01
v 6.85266261e+03 7.09982502e+03 4.07199782e+01
v 6.85385667e+03 7.09894274e+03 3.99132074e+01
v 6.83882184e+03 7.10120575e+03 4.14660067e+01
v 6.85388729e+03 7.10071978e+03 4.36907345e+01
v 6.85363739e+03 7.09978049e+03 4.30957567e+01
v 6.85129977e+03 7.10067235e+03 4.34714167e+01
v 6.83644744e+03 7.10818007e+03 4.23776317e+01
v 6.83520688e+03 7.10620752e+03 4.14854663e+01
v 6.83577737e+03 7.10466710e+03 4.31536483e+01
v 6.84992172e+03 7.11161595e+03 3.89219883e+01
v 6.85979233e+03 7.12159125e+03 4.38663961e+01
v 6.86048431e+03 7.12440061e+03 4.33371592e+01
v 6.86182429e+03 7.12065380e+03 4.32860128e+01
v 6.85999904e+03 7.12024699e+03 4.38850409e+01
v 6.86454066e+03 7.12204951e+03 4.33566412e+01
v 6.86173355e+03 7.12466737e+03 4.25048717e+01
v 6.86376563e+03 7.11939549e+03 4.32572598e+01
v 6.86122723e+03 7.11938111e+03 4.56599940e+01
v 6.86427282e+03 7.12078782e+03 4.44583808e+01
v 6.83441774e+03 7.10691770e+03 4.34821653e+01
v 6.86443244e+03 7.11962151e+03 3.94937486e+01
v 6.86303455e+03 7.11937671e+03 3.57284780e+01
v 6.83898672e+03 7.10346401e+03 4.17660361e+01
v 6.83434286e+03 7.10730987e+03 4.21798707e+01
v 6.86596979e+03 7.12392807e+03 4.71407179e+01
v 6.86496655e+03 7.12412388e+03 4.80844954e+01
v 6.86573382e+03 7.12234976e+03 4.77857480e+01
v 6.86533494e+03 7.12250841e+03 4.87919515e+01
v 6.86604759e+03 7.12383891e+03 4.87902700e+01
v 6.86567468e+03 7.12107606e+03 4.76725250e+01
v 6.86488256e+03 7.12141427e+03 4.62486313e+01
v 6.86436398e+03 7.12142889e+03 4.85440987e+01
v 6.85995646e+03 7.12286318e+03 4.86490338e+01
v 6.85945997e+03 7.12317242e+03 4.74812520e+01
v 6.85894847e+03 7.11994556e+03 4.81148113e+01
v 6.86612595e+03 7.12264345e+03 4.53150445e+01
v 6.85428955e+03 7.11924495e+03 3.65290171e+01
v 6.85366556e+03 7.11848545e+03 3.67257636e+01
v 6.86169305e+03 7.12325573e+03 4.19138731e+01
v 6.86457849e+03 7.12480596e+03 4.56378664e+01
v 6.86510594e+03 7.12304872e+03 4.60543714e+01
v 6.85931213e+03 7.12187402e+03 5.02569513e+01
v 6.86338180e+03 7.11884772e+03 4.66534411e+01
v 6.86287258e+03 7.11969931e+03 4.79956540e+01
v 6.86442016e+03 7.11970435e+03 4.67887075e+01
v 6.86510434e+03 7.12002876e+03 4.84574284e+01
v 6.86121073e+03 7.11961718e+03 4.82346168e+01
v 6.86325865e+03 7.12120742e+03 4.96651870e+01
v 6.86401950e+03 7.12022412e+03 4.91886560e+01
v 6.84887001e+03 7.10172226e+03 4.84955409e+01
v 6.85083793e+03 7.10139012e+03 4.73986484e+01
v 6.85939259e+03 7.12021049e+03 4.60464636e+01
v 6.85850908e+03 7.12070756e+03 4.47062771e+01
v 6.84772408e+03 7.10120258e+03 4.81458681e+01
v 6.83650799e+03 7.10969205e+03 4.21268139e+01
v 6.83711504e+03 7.10989589e+03 4.33312931e+01
v 6.84820348e+03 7.10259584e+03 5.02238090e+01
v 6.85970540e+03 7.12234131e+03 5.10875629e+01
v 6.86050909e+03 7.12173838e+03 5.09524963e+01
v 6.86035468e+03 7.12371510e+03 5.03704006e+01
v 6.85914502e+03 7.11979174e+03 5.02912176e+01
v 6.85192224e+03 7.09987802e+03 4.15944590e+01
v 6.85164040e+03 7.09961262e+03 4.28264482e+01
v 6.86268619e+03 7.12141072e+03 5.16313411e+01
v 6.86115798e+03 7.12055036e+03 4.99969017e+01
v 6.86393864e+03 7.12172398e+03 5.14848778e+01
v 6.86617085e+03 7.12302852e+03 5.04013531e+01
v 6.84967348e+03 7.10121019e+03 4.92727601e+01
v 6.86482280e+03 7.12348283e+03 5.03327452e+01
v 6.86411031e+03 7.12204143e+03 5.01237274e+01
v 6.86125285e+03 7.12081930e+03 5.19257607e+01
v 6.86339749e+03 7.12289086e+03 5.15008731e+01
v 6.86123647e+03 7.12322887e+03 5.21337293e+01
v 6.86194474e+03 7.12416978e+03 5.16755012e+01
v 6.86383892e+03 7.12378886e+03 5.22614838e+01
v 6.86386759e+03 7.12536866e+03 5.26636019e+01
v 6.84808758e+03 7.10181493e+03 5.06906552e+01
v 6.85221332e+03 7.09884742e+03 5.35082439e+01
v 6.85554411e+03 7.06262266e+03 4.28832308e+01
v 6.85686371e+03 7.06242307e+03 4.27153789e+01
v 6.84707900e+03 7.06273432e+03 4.09321856e+01
v 6.85352776e+03 7.06202412e+03 4.35848899e+01
v 6.85309955e+03 7.06295477e+03 4.23709714e+01
v 6.83647439e+03 7.10181326e+03 4.02610957e+01
v 6.83353051e+03 7.10012150e+03 4.04513639e+01
v 6.84373304e+03 7.09737960e+03 3.64113127e+01
v 6.84326539e+03 7.09748930e+03 3.84973856e+01
v 6.84281398e+03 7.09998193e+03 3.94610570e+01
v 6.84101013e+03 7.10217058e+03 4.06292673e+01
v 6.84712307e+03 7.10144815e+03 5.00376504e+01
v 6.85262697e+03 7.11477150e+03 3.84474861e+01
v 6.85275410e+03 7.11298431e+03 3.94217323e+01
v 6.85158764e+03 7.11399567e+03 3.95414152e+01
v 6.83685533e+03 7.10531630e+03 4.08748115e+01
v 6.83721946e+03 7.10457613e+03 4.15743875e+01
v 6.85140963e+03 7.11228390e+03 4.06683415e+01
v 6.83802293e+03 7.10019923e+03 3.69112497e+01
v 6.83657004e+03 7.10138875e+03 3.72516463e+01
v 6.85928923e+03 7.07478582e+03 3.59855508e+01
v 6.86137566e+03 7.07594700e+03 3.58088420e+01
v 6.85696441e+03 7.10445324e+03 3.69754532e+01
v 6.85747582e+03 7.10618776e+03 3.60586761e+01
v 6.85239736e+03 7.09603230e+03 4.12929621e+01
v 6.85113224e+03 7.11387136e+03 4.09311641e+01
v 6.85579774e+03 7.06346096e+03 3.78275481e+01
v 6.84708583e+03 7.06414209e+03 4.02222893e+01
v 6.84059533e+03 7.10225147e+03 4.10964031e+01
v 6.85713811e+03 7.11558593e+03 3.70329567e+01
v 6.84419679e+03 7.10420757e+03 3.89331213e+01
v 6.84628287e+03 7.10259811e+03 3.89509458e+01
v 6.85244549e+03 7.09924003e+03 4.09823036e+01
v 6.85231968e+03 7.09922831e+03 4.06127520e+01
v 6.83731674e+03 7.10967821e+03 4.12746319e+01
v 6.83689618e+03 7.10960586e+03 4.06291668e+01
v 6.85300923e+03 7.06846538e+03 3.76518789e+01
v 6.85420506e+03 7.06725562e+03 3.67520327e+01
v 6.87008023e+03 7.07669788e+03 3.85014422e+01
v 6.86880879e+03 7.07736255e+03 3.83846451e+01
v 6.86564305e+03 7.07014294e+03 3.48407293e+01
v 6.86567374e+03 7.06811180e+03 3.45197882e+01
v 6.86042777e+03 7.07105659e+03 3.77965899e+01
v 6.85908037e+03 7.06986328e+03 3.71096501e+01
v 6.86680893e+03 7.07344831e+03 3.55529713e+01
v 6.86699430e+03 7.07520277e+03 3.72476942e+01
v 6.86916891e+03 7.11965844e+03 3.88943721e+01
v 6.87015312e+03 7.11969925e+03 3.83076573e+01
v 6.85283150e+03 7.09961895e+03 4.12553794e+01
v 6.86948661e+03 7.07027358e+03 3.60086623e+01
v 6.86818821e+03 7.06869045e+03 3.71050671e+01
v 6.86688184e+03 7.07678839e+03 3.96137785e+01
v 6.86692365e+03 7.06257913e+03 3.51901620e+01
v 6.86709170e+03 7.06476259e+03 3.46029807e+01
v 6.85359012e+03 7.10779821e+03 3.68241578e+01
v 6.85310474e+03 7.10688792e+03 3.61209080e+01
v 6.85148058e+03 7.07202550e+03 3.59521045e+01
v 6.85317912e+03 7.06407458e+03 3.66480554e+01
v 6.85182070e+03 7.06678492e+03 3.62269526e+01
v 6.85479825e+03 7.06624540e+03 3.75040092e+01
v 6.84294953e+03 7.09154646e+03 3.94767738e+01
v 6.84348407e+03 7.09257898e+03 3.87447325e+01
v 6.85977640e+03 7.11286146e+03 3.71665451e+01
v 6.85876912e+03 7.11257439e+03 3.66051690e+01
v 6.83879827e+03 7.08387338e+03 3.85021734e+01
v 6.84031554e+03 7.08430012e+03 3.84723483e+01
v 6.83592155e+03 7.10440079e+03 4.03125262e+01
v 6.83493428e+03 7.10668964e+03 3.72171318e+01
v 6.83652491e+03 7.10463729e+03 3.74106751e+01
v 6.83415730e+03 7.11643622e+03 3.91244286e+01
v 6.83363043e+03 7.11747037e+03 3.75848385e+01
v 6.83259177e+03 7.11610573e+03 3.85811448e+01
v 6.83468557e+03 7.11664522e+03 3.86432161e+01
v 6.83296027e+03 7.06590585e+03 4.07185452e+01
v 6.83517956e+03 7.12041515e+03 4.00464656e+01
v 6.83287449e+03 7.12205321e+03 4.08806917e+01
v 6.83634416e+03 7.12123533e+03 4.03720544e+01
v 6.83692802e+03 7.12464830e+03 3.91550870e+01
v 6.83418064e+03 7.12427443e+03 3.96796589e+01
v 6.83508454e+03 7.11603523e+03 4.21137939e+01
v 6.83348543e+03 7.11705053e+03 4.22355396e+01
v 6.83367658e+03 7.11925212e+03 3.75617768e+01
v 6.83846087e+03 7.11941424e+03 3.96936481e+01
v 6.83917448e+03 7.11916088e+03 3.86926054e+01
v 6.85170973e+03 7.09912876e+03 4.17770972e+01
v 6.83526862e+03 7.10825258e+03 4.11914980e+01
v 6.83719438e+03 7.08368813e+03 3.98745493e+01
v 6.83679717e+03 7.08411029e+03 4.14970035e+01
v 6.83447852e+03 7.08692441e+03 3.91436462e+01
v 6.83533354e+03 7.08584459e+03 3.93751506e+01
v 6.83479663e+03 7.08570018e+03 4.01846356e+01
v 6.84031411e+03 7.09339668e+03 3.96768357e+01
v 6.83937646e+03 7.09207767e+03 4.01295640e+01
v 6.84123061e+03 7.09355553e+03 4.10161520e+01
v 6.83595874e+03 7.10498584e+03 3.92313923e+01
v 6.83724025e+03 7.10954147e+03 4.11701328e+01
v 6.86446956e+03 7.07784010e+03 3.68686436e+01
v 6.86437618e+03 7.08068645e+03 3.72753238e+01
v 6.86503019e+03 7.07803531e+03 3.92538936e+01
v 6.84765930e+03 7.06515732e+03 3.90067818e+01
v 6.84790499e+03 7.06568956e+03 4.09354490e+01
v 6.84535556e+03 7.06734566e+03 3.91394632e+01
v 6.85543422e+03 7.08193528e+03 3.71075020e+01
v 6.85632546e+03 7.08329277e+03 3.92577386e+01
v 6.86582489e+03 7.07746772e+03 3.88944759e+01
v 6.86209885e+03 7.06679082e+03 3.83735830e+01
v 6.86101371e+03 7.06564792e+03 3.99206244e+01
v 6.86673557e+03 7.07877729e+03 3.81158312e+01
v 6.86865018e+03 7.07962381e+03 3.79459066e+01
v 6.85565918e+03 7.07371117e+03 3.89885961e+01
v 6.85774460e+03 7.07466105e+03 3.98299263e+01
v 6.86530378e+03 7.07932059e+03 3.84428153e+01
v 6.86510907e+03 7.08065607e+03 3.85656728e+01
v 6.83506072e+03 7.11728687e+03 4.19100599e+01
v 6.83413358e+03 7.07876045e+03 3.73843007e+01
v 6.83412921e+03 7.07552747e+03 3.77581245e+01
v 6.84164094e+03 7.09714367e+03 3.58825603e+01
v 6.84251825e+03 7.08829143e+03 3.88050378e+01
v 6.84347321e+03 7.08734651e+03 3.87116419e+01
v 6.85260725e+03 7.11551398e+03 3.81219432e+01
v 6.85123070e+03 7.11231012e+03 3.86145390e+01
v 6.84478135e+03 7.10512256e+03 3.79250178e+01
v 6.85027333e+03 7.11211829e+03 3.87024049e+01
v 6.86990685e+03 7.07853553e+03 3.78783425e+01
v 6.83475216e+03 7.07435241e+03 3.73360408e+01
v 6.85487244e+03 7.11331161e+03 3.67480772e+01
v 6.85604743e+03 7.11455762e+03 3.62614049e+01
v 6.85349278e+03 7.12113929e+03 3.62151867e+01
v 6.85662177e+03 7.12103631e+03 3.65407828e+01
v 6.85612915e+03 7.11024118e+03 3.60558702e+01
v 6.85429841e+03 7.11027616e+03 3.59711541e+01
v 6.86266187e+03 7.12328690e+03 3.50298618e+01
v 6.86093618e+03 7.12248950e+03 3.57866707e+01
v 6.85579075e+03 7.11938213e+03 3.60861891e+01
v 6.85807453e+03 7.11647314e+03 3.60946185e+01
v 6.85339970e+03 7.06278557e+03 3.80223486e+01
v 6.86622542e+03 7.07108923e+03 3.51491799e+01
v 6.86124259e+03 7.06485313e+03 3.84954421e+01
v 6.86199413e+03 7.06565311e+03 3.77788207e+01
v 6.83613766e+03 7.08389745e+03 3.92098293e+01
v 6.83754477e+03 7.08482430e+03 4.02554022e+01
v 6.83493467e+03 7.08052242e+03 3.92722155e+01
v 6.83699610e+03 7.07995204e+03 3.90733410e+01
v 6.83523133e+03 7.08100328e+03 4.00123394e+01
v 6.83470741e+03 7.07906051e+03 3.90980107e+01
v 6.86108799e+03 7.11157337e+03 3.61018984e+01
v 6.85619596e+03 7.10295535e+03 3.59392117e+01
v 6.85577011e+03 7.10035515e+03 3.60847768e+01
v 6.86624055e+03 7.07570999e+03 3.81511974e+01
v 6.86057143e+03 7.06906250e+03 3.58900508e+01
v 6.86003195e+03 7.06891177e+03 3.72218035e+01
v 6.85506288e+03 7.10760696e+03 3.63561386e+01
v 6.85630923e+03 7.10658561e+03 3.71595812e+01
v 6.85588995e+03 7.11231736e+03 3.65013774e+01
v 6.85888766e+03 7.11416766e+03 3.61363134e+01
v 6.85640942e+03 7.12211348e+03 3.65473897e+01
v 6.85388083e+03 7.12340455e+03 3.63808926e+01
v 6.85769079e+03 7.11134534e+03 3.70808409e+01
v 6.85726866e+03 7.11295431e+03 3.64015238e+01
v 6.85398645e+03 7.10480988e+03 3.61920821e+01
v 6.85997809e+03 7.10615602e+03 3.56947968e+01
v 6.85875843e+03 7.10385944e+03 3.42544741e+01
v 6.85961379e+03 7.08957555e+03 3.51450395e+01
v 6.85960571e+03 7.08664882e+03 3.45682477e+01
v 6.85140954e+03 7.09243537e+03 3.53924720e+01
v 6.85397894e+03 7.09498406e+03 3.58408326e+01
v 6.85502424e+03 7.09094832e+03 3.56886317e+01
v 6.85445729e+03 7.09832183e+03 3.60698243e+01
v 6.85458100e+03 7.09963100e+03 3.68185454e+01
v 6.86296977e+03 7.08910516e+03 3.51799559e+01
v 6.86111562e+03 7.08870170e+03 3.46975132e+01
v 6.85494032e+03 7.08160997e+03 3.87126346e+01
v 6.85705067e+03 7.08015062e+03 3.67240836e+01
v 6.85875075e+03 7.08223588e+03 3.61699014e+01
v 6.85852923e+03 7.07626007e+03 3.66089578e+01
v 6.85924843e+03 7.11464400e+03 3.70658820e+01
v 6.85606425e+03 7.10433703e+03 3.63053206e+01
v 6.85963273e+03 7.06724149e+03 3.72238649e+01
v 6.85765157e+03 7.06605255e+03 3.82773445e+01
v 6.86016374e+03 7.07247960e+03 3.87675642e+01
v 6.85921411e+03 7.07324026e+03 3.82581666e+01
v 6.85857085e+03 7.06746146e+03 3.93140256e+01
v 6.85874434e+03 7.06832778e+03 3.75647431e+01
v 6.86724553e+03 7.07814278e+03 3.83010584e+01
v 6.86144147e+03 7.08568521e+03 3.47363683e+01
v 6.86320881e+03 7.08816613e+03 3.44187362e+01
v 6.85937972e+03 7.07168219e+03 4.00749807e+01
v 6.85808955e+03 7.07028036e+03 3.92066577e+01
v 6.86410687e+03 7.06429539e+03 3.50058980e+01
v 6.86366449e+03 7.06621065e+03 3.58894832e+01
v 6.86392932e+03 7.07451606e+03 3.77139884e+01
v 6.86400513e+03 7.07274166e+03 3.78867316e+01
v 6.83699805e+03 7.06772921e+03 3.85096387e+01
v 6.85839276e+03 7.06212186e+03 3.85023705e+01
v 6.85629344e+03 7.06535187e+03 3.84763075e+01
v 6.85946802e+03 7.06572858e+03 3.68279390e+01
v 6.85945455e+03 7.06274766e+03 3.63895017e+01
v 6.85634024e+03 7.06718852e+03 4.01272279e+01
v 6.86320999e+03 7.06319371e+03 3.59953967e+01
v 6.86745192e+03 7.07354097e+03 3.79218859e+01
v 6.86909189e+03 7.07551927e+03 3.48780061e+01
v 6.86871048e+03 7.07200131e+03 3.42027671e+01
v 6.86981449e+03 7.07245972e+03 3.59415391e+01
v 6.86691791e+03 7.06871307e+03 3.52482982e+01
v 6.86569282e+03 7.06761878e+03 3.47058941e+01
v 6.86270865e+03 7.07829565e+03 3.53424621e+01
v 6.86549585e+03 7.07673229e+03 3.69842988e+01
v 6.86154088e+03 7.06388415e+03 3.72874952e+01
v 6.86109562e+03 7.06690987e+03 3.63790545e+01
v 6.86012108e+03 7.06771134e+03 3.61484640e+01
v 6.86774222e+03 7.07812950e+03 3.71637444e+01
v 6.86279370e+03 7.07211575e+03 3.56762747e+01
v 6.86027280e+03 7.07190308e+03 3.60753421e+01
v 6.86814396e+03 7.07624672e+03 3.69874916e+01
v 6.86683320e+03 7.08403569e+03 3.55559926e+01
v 6.86582492e+03 7.08642966e+03 3.51926333e+01
v 6.86836788e+03 7.11444652e+03 3.64860231e+01
v 6.86821849e+03 7.11566401e+03 3.53342331e+01
v 6.86881589e+03 7.11346853e+03 3.42095340e+01
v 6.86670993e+03 7.07922920e+03 3.66038401e+01
v 6.86411054e+03 7.07682087e+03 3.55668005e+01
v 6.86568777e+03 7.08019938e+03 3.69736122e+01
v 6.86843363e+03 7.07679192e+03 3.78262050e+01
v 6.86644827e+03 7.06728277e+03 3.62662936e+01
v 6.86593346e+03 7.06767974e+03 3.55443355e+01
v 6.86882771e+03 7.06566481e+03 3.53799090e+01
v 6.86529249e+03 7.06746323e+03 3.44177586e+01
v 6.86537635e+03 7.06781155e+03 3.47074738e+01
v 6.86560682e+03 7.06766219e+03 3.46408618e+01
v 6.86725384e+03 7.07009865e+03 3.64849136e+01
v 6.86846633e+03 7.06800841e+03 3.59729015e+01
v 6.86897919e+03 7.11453648e+03 3.86501605e+01
v 6.86994500e+03 7.11822741e+03 3.89419935e+01
v 6.86873255e+03 7.11754803e+03 3.52481081e+01
v 6.86683053e+03 7.11991064e+03 3.50752876e+01
v 6.86785516e+03 7.08052357e+03 3.66520849e+01
v 6.86860382e+03 7.08187037e+03 3.58056928e+01
v 6.86363331e+03 7.11090861e+03 3.45624620e+01
v 6.86191026e+03 7.10933766e+03 3.52257535e+01
v 6.85814250e+03 7.07881299e+03 3.57040064e+01
v 6.86069950e+03 7.07937603e+03 3.64004830e+01
v 6.85571719e+03 7.09349593e+03 3.56654451e+01
v 6.85554386e+03 7.09460517e+03 3.71891763e+01
v 6.86619834e+03 7.06550896e+03 3.38576817e+01
v 6.86490410e+03 7.08874447e+03 3.48466482e+01
v 6.84779545e+03 7.10410777e+03 3.62574047e+01
v 6.86219010e+03 7.09221159e+03 3.51598315e+01
v 6.86359262e+03 7.10057319e+03 3.41584792e+01
v 6.86708534e+03 7.10189803e+03 3.43149471e+01
v 6.87007545e+03 7.06211593e+03 3.02293510e+01
v 6.86688196e+03 7.08123865e+03 3.49337889e+01
v 6.86775893e+03 7.08888781e+03 3.45657247e+01
v 6.86218662e+03 7.06657387e+03 3.60312301e+01
v 6.86379868e+03 7.06902428e+03 3.57267526e+01
v 6.86246061e+03 7.07021130e+03 3.57999700e+01
v 6.86267497e+03 7.08171682e+03 3.63156451e+01
v 6.86190443e+03 7.08780540e+03 3.41331508e+01
v 6.86049171e+03 7.09857570e+03 3.42952595e+01
v 6.85526434e+03 7.06926530e+03 3.67247425e+01
v 6.86170270e+03 7.07757651e+03 3.59718601e+01
v 6.86121010e+03 7.08023017e+03 3.57039950e+01
v 6.86204349e+03 7.10651282e+03 3.44105857e+01
v 6.86428266e+03 7.06987993e+03 3.83573659e+01
v 6.85249213e+03 7.11938116e+03 3.64305844e+01
v 6.84768108e+03 7.10964250e+03 3.85599536e+01
v 6.85320072e+03 7.11997473e+03 3.61992527e+01
v 6.85508159e+03 7.10627565e+03 3.61166050e+01
v 6.85371899e+03 7.10069722e+03 3.87373211e+01
v 6.85240089e+03 7.10106863e+03 3.91600852e+01
v 6.85430274e+03 7.10059352e+03 3.55903499e+01
v 6.85749476e+03 7.08697413e+03 3.58266610e+01
v 6.85469889e+03 7.08611895e+03 3.62172230e+01
v 6.85371770e+03 7.10319432e+03 3.61053864e+01
v 6.85725893e+03 7.09319865e+03 3.53474121e+01
v 6.85956751e+03 7.12060170e+03 3.66001877e+01
v 6.85331018e+03 7.11043687e+03 3.66132029e+01
v 6.85360565e+03 7.12432735e+03 3.84718285e+01
v 6.85449717e+03 7.12518297e+03 3.83021148e+01
v 6.84659683e+03 7.08745803e+03 3.88170192e+01
v 6.84648822e+03 7.08771307e+03 3.70874666e+01
v 6.85171379e+03 7.10613545e+03 3.62961200e+01
v 6.84902794e+03 7.10379954e+03 3.61841639e+01
v 6.84845802e+03 7.10695261e+03 3.61007796e+01
v 6.84978381e+03 7.10763157e+03 3.61436994e+01
v 6.85300262e+03 7.10048313e+03 3.67792727e+01
v 6.85089356e+03 7.11351040e+03 3.72320063e+01
v 6.85154290e+03 7.11236097e+03 3.75460040e+01
v 6.84657165e+03 7.11571169e+03 3.66829244e+01
v 6.84595420e+03 7.11336653e+03 3.60560318e+01
v 6.84832177e+03 7.10199999e+03 3.64081175e+01
v 6.84888333e+03 7.09998944e+03 3.56325308e+01
v 6.85335741e+03 7.08211018e+03 3.50780165e+01
v 6.85212770e+03 7.07985436e+03 3.56482657e+01
v 6.86216394e+03 7.08359229e+03 3.47622533e+01
v 6.85033285e+03 7.08098138e+03 3.53453847e+01
v 6.85155125e+03 7.08099180e+03 3.59372545e+01
v 6.85354105e+03 7.07770674e+03 3.65568769e+01
v 6.85262964e+03 7.07837127e+03 3.56980707e+01
v 6.85739422e+03 7.08917972e+03 3.63290148e+01
v 6.85809477e+03 7.08866093e+03 3.70979831e+01
v 6.85213576e+03 7.08418161e+03 3.70207665e+01
v 6.85320476e+03 7.08399735e+03 3.57995415e+01
v 6.85319476e+03 7.10179961e+03 3.57590822e+01
v 6.85076198e+03 7.10159660e+03 3.57635234e+01
v 6.84899939e+03 7.09049086e+03 3.56911949e+01
v 6.84652874e+03 7.08785815e+03 3.55690603e+01
v 6.85001816e+03 7.09505027e+03 3.56320986e+01
v 6.84983128e+03 7.08298665e+03 3.57107386e+01
v 6.84723659e+03 7.08532217e+03 3.57743147e+01
v 6.84357622e+03 7.07680255e+03 3.76360303e+01
v 6.84350655e+03 7.07346301e+03 3.62716360e+01
v 6.84588862e+03 7.11141984e+03 3.69828525e+01
v 6.84556088e+03 7.11059235e+03 3.60915165e+01
v 6.84321619e+03 7.08356009e+03 3.70557578e+01
v 6.84387636e+03 7.08284552e+03 3.54752733e+01
v 6.83890308e+03 7.12030980e+03 3.61606750e+01
v 6.84016715e+03 7.11943821e+03 3.82551186e+01
v 6.84245810e+03 7.11623007e+03 3.66737603e+01
v 6.84414035e+03 7.11966732e+03 3.63297985e+01
v 6.83453491e+03 7.11754596e+03 3.67558443e+01
v 6.83367540e+03 7.11876464e+03 3.65782690e+01
v 6.84846080e+03 7.11577676e+03 3.72304465e+01
v 6.85453406e+03 7.10562008e+03 3.70731934e+01
v 6.84878305e+03 7.11305607e+03 3.60608431e+01
v 6.84684739e+03 7.10877401e+03 3.65326879e+01
v 6.84708413e+03 7.10996994e+03 3.62634101e+01
v 6.85448202e+03 7.12104278e+03 3.70667649e+01
v 6.84829251e+03 7.11497694e+03 3.61281752e+01
v 6.85021296e+03 7.11483660e+03 3.68820137e+01
v 6.84993360e+03 7.08540230e+03 3.55510678e+01
v 6.85020425e+03 7.08339334e+03 3.68248985e+01
v 6.84404809e+03 7.10326073e+03 3.60408526e+01
v 6.84164776e+03 7.08210617e+03 3.84614002e+01
v 6.84309629e+03 7.07956161e+03 3.71292379e+01
v 6.85149827e+03 7.08287768e+03 3.53305910e+01
v 6.84805185e+03 7.10917697e+03 3.65634978e+01
v 6.84749950e+03 7.10441960e+03 3.74954006e+01
v 6.83817178e+03 7.12547705e+03 3.81759758e+01
v 6.85452936e+03 7.10855336e+03 3.60820118e+01
v 6.84814981e+03 7.12386104e+03 3.89770104e+01
v 6.84014226e+03 7.10552600e+03 3.94989108e+01
v 6.84161463e+03 7.10491406e+03 3.91319826e+01
v 6.83903928e+03 7.10663548e+03 3.63006549e+01
v 6.83984524e+03 7.11021516e+03 3.67442916e+01
v 6.83417673e+03 7.11630039e+03 3.69508544e+01
v 6.83498967e+03 7.11487155e+03 3.65148731e+01
v 6.84494559e+03 7.11487454e+03 3.66678628e+01
v 6.84192936e+03 7.11339622e+03 3.61852203e+01
v 6.83797388e+03 7.09726996e+03 3.73851541e+01
v 6.83620594e+03 7.09875964e+03 3.69808456e+01
v 6.84379501e+03 7.11708357e+03 3.58948267e+01
v 6.84337045e+03 7.11542041e+03 3.61232173e+01
v 6.84103357e+03 7.10423579e+03 3.87014595e+01
v 6.84114901e+03 7.10387498e+03 3.94762554e+01
v 6.84053389e+03 7.10350646e+03 3.74824800e+01
v 6.83834953e+03 7.08952727e+03 3.90565589e+01
v 6.83837531e+03 7.08888676e+03 3.69203198e+01
v 6.84219505e+03 7.10330727e+03 3.62908971e+01
v 6.84097918e+03 7.10183018e+03 3.61924281e+01
v 6.84171798e+03 7.08658822e+03 3.59863648e+01
v 6.84417488e+03 7.08594838e+03 3.61036336e+01
v 6.84212776e+03 7.08432081e+03 3.59433598e+01
v 6.84270768e+03 7.09751268e+03 3.83254545e+01
v 6.84259836e+03 7.09578916e+03 3.68215418e+01
v 6.83827481e+03 7.08042913e+03 3.71929617e+01
v 6.83701428e+03 7.10004650e+03 3.79009387e+01
v 6.83938321e+03 7.08521895e+03 3.72777639e+01
v 6.84028273e+03 7.08607619e+03 3.76777405e+01
v 6.83646620e+03 7.09538099e+03 3.73629778e+01
v 6.83837472e+03 7.08576473e+03 3.70199726e+01
v 6.83834103e+03 7.08463119e+03 3.86536579e+01
v 6.84241291e+03 7.09268134e+03 3.79609302e+01
v 6.84410362e+03 7.09100753e+03 3.77017614e+01
v 6.84052686e+03 7.08340836e+03 3.68858847e+01
v 6.83677101e+03 7.08234549e+03 3.97023514e+01
v 6.83534048e+03 7.11107994e+03 3.59524225e+01
v 6.83898995e+03 7.11414310e+03 3.59437725e+01
v 6.84218341e+03 7.08698420e+03 3.89900387e+01
v 6.84114076e+03 7.08626572e+03 3.95728408e+01
v 6.83391843e+03 7.08358104e+03 3.93544867e+01
v 6.83714782e+03 7.09383750e+03 3.71081106e+01
v 6.83748733e+03 7.09243920e+03 3.72667855e+01
v 6.84904014e+03 7.10933559e+03 3.70925227e+01
v 6.85082649e+03 7.12388129e+03 3.66016783e+01
v 6.84299296e+03 7.09493590e+03 3.88147644e+01
v 6.83894849e+03 7.08843608e+03 3.87814700e+01
v 6.83875098e+03 7.09068880e+03 3.89896490e+01
v 6.83988910e+03 7.08096684e+03 3.76591067e+01
v 6.84126105e+03 7.08065957e+03 3.81202921e+01
v 6.83810069e+03 7.08822407e+03 3.60187311e+01
v 6.83810087e+03 7.08657249e+03 3.60560091e+01
v 6.83768317e+03 7.10250520e+03 3.68200680e+01
v 6.83932015e+03 7.10220110e+03 3.61176905e+01
v 6.83895239e+03 7.11889506e+03 3.62167861e+01
v 6.83705062e+03 7.11867003e+03 3.68828700e+01
v 6.83532059e+03 7.11681659e+03 4.05021114e+01
v 6.83700944e+03 7.11679788e+03 4.07587078e+01
v 6.85241402e+03 7.11469048e+03 3.68425871e+01
v 6.85211890e+03 7.11593572e+03 3.62812871e+01
v 6.84700074e+03 7.11633421e+03 3.72726791e+01
v 6.84107092e+03 7.09978515e+03 3.59510425e+01
v 6.84547571e+03 7.09043149e+03 3.90499776e+01
v 6.84545557e+03 7.08738428e+03 3.92994007e+01
v 6.84774324e+03 7.11003567e+03 3.92259763e+01
v 6.84588857e+03 7.09048623e+03 3.66126819e+01
v 6.84447558e+03 7.08767790e+03 3.82672537e+01
v 6.84596481e+03 7.07655727e+03 3.58393657e+01
v 6.84633867e+03 7.07535613e+03 3.65971745e+01
v 6.84572523e+03 7.07204255e+03 3.60999125e+01
v 6.85324710e+03 7.10840333e+03 3.59754188e+01
v 6.85310317e+03 7.10900420e+03 3.72028012e+01
v 6.85922336e+03 7.08027420e+03 3.55588060e+01
v 6.86044129e+03 7.08187241e+03 3.44834614e+01
v 6.85184382e+03 7.12409527e+03 3.76988016e+01
v 6.85237780e+03 7.12068246e+03 3.71583922e+01
v 6.84680466e+03 7.10754311e+03 3.71865516e+01
v 6.84598168e+03 7.10720230e+03 3.60537678e+01
v 6.84225349e+03 7.12389906e+03 3.64481969e+01
v 6.84487410e+03 7.12510119e+03 3.67185166e+01
v 6.84879398e+03 7.11775513e+03 3.68709208e+01
v 6.84704561e+03 7.11729853e+03 3.61675482e+01
v 6.84765054e+03 7.11825891e+03 3.71793615e+01
v 6.84680963e+03 7.11089213e+03 3.71881348e+01
v 6.84545925e+03 7.12500110e+03 3.94051691e+01
v 6.84193655e+03 7.09016886e+03 3.65692440e+01
v 6.84885570e+03 7.11005850e+03 3.64341063e+01
v 6.84449907e+03 7.09038619e+03 3.84858612e+01
v 6.85333304e+03 7.07651174e+03 3.59515146e+01
v 6.85328058e+03 7.07459146e+03 3.57154292e+01
v 6.85052920e+03 7.11411826e+03 3.81114817e+01
v 6.84954349e+03 7.07749169e+03 3.61925960e+01
v 6.84240311e+03 7.07434160e+03 3.73372379e+01
v 6.84219395e+03 7.07359116e+03 3.79613874e+01
v 6.83982507e+03 7.07330459e+03 3.71000289e+01
v 6.84000233e+03 7.07048110e+03 3.75949999e+01
v 6.83477526e+03 7.06585699e+03 3.81506445e+01
v 6.83234105e+03 7.06534284e+03 3.74004945e+01
v 6.83808025e+03 7.08498853e+03 3.77489824e+01
v 6.83772599e+03 7.08486910e+03 3.61946252e+01
v 6.84494759e+03 7.07021370e+03 3.68627767e+01
v 6.84244073e+03 7.07178255e+03 3.61888796e+01
v 6.84878103e+03 7.07035079e+03 3.66503367e+01
v 6.84610964e+03 7.06797854e+03 3.64341966e+01
v 6.84924725e+03 7.07182328e+03 3.57852578e+01
v 6.84330015e+03 7.07060225e+03 3.77270249e+01
v 6.84241196e+03 7.06714896e+03 3.73266286e+01
v 6.84473573e+03 7.06779730e+03 3.70640114e+01
v 6.85510722e+03 7.06684610e+03 3.90763455e+01
v 6.84981220e+03 7.06563754e+03 3.74378897e+01
v 6.85011955e+03 7.06782656e+03 3.67716163e+01
v 6.86397856e+03 7.09666857e+03 3.53848615e+01
v 6.85545660e+03 7.07186162e+03 3.75936088e+01
v 6.85525466e+03 7.07341962e+03 3.73829961e+01
v 6.85556290e+03 7.07092036e+03 3.60402607e+01
v 6.85713093e+03 7.06920745e+03 3.67621140e+01
v 6.83580913e+03 7.07939872e+03 3.75346716e+01
v 6.83815839e+03 7.10933021e+03 3.93578881e+01
v 6.83599598e+03 7.08742863e+03 3.94345099e+01
v 6.83805364e+03 7.12100465e+03 3.90721922e+01
v 6.83866622e+03 7.08154306e+03 3.85090326e+01
v 6.83727228e+03 7.08232574e+03 3.78652540e+01
v 6.83379707e+03 7.09777307e+03 4.02977964e+01
v 6.83885928e+03 7.12068186e+03 3.80170382e+01
v 6.83634079e+03 7.12016931e+03 3.84981065e+01
v 6.84748530e+03 7.12496157e+03 3.87395171e+01
v 6.83715279e+03 7.12237427e+03 3.75321900e+01
v 6.83673102e+03 7.12151903e+03 3.83783335e+01
v 6.83835930e+03 7.11788884e+03 3.87409498e+01
v 6.83739118e+03 7.11018497e+03 3.98596924e+01
v 6.83889151e+03 7.08367824e+03 3.75440810e+01
v 6.84295255e+03 7.10145841e+03 3.92230400e+01
v 6.84561770e+03 7.10581957e+03 3.88282941e+01
v 6.84260890e+03 7.09476785e+03 3.81540337e+01
v 6.85181995e+03 7.11549490e+03 3.62486118e+01
v 6.85660014e+03 7.06855734e+03 3.86844483e+01
v 6.86270483e+03 7.11763237e+03 3.55009688e+01
v 6.85430010e+03 7.10781413e+03 3.76640899e+01
v 6.83984974e+03 7.12065915e+03 3.79866720e+01
v 6.83727450e+03 7.10269137e+03 4.19974472e+01
v 6.83369268e+03 7.09701579e+03 3.90908882e+01
v 6.85090429e+03 7.09927405e+03 4.07223080e+01
v 6.84718239e+03 7.09019716e+03 3.79998014e+01
v 6.84742276e+03 7.08871473e+03 3.74570443e+01
v 6.84355341e+03 7.09030255e+03 3.87778979e+01
v 6.83786866e+03 7.11078657e+03 3.98106005e+01
v 6.84208322e+03 7.08462592e+03 3.89640189e+01
v 6.85049793e+03 7.09874186e+03 3.57113098e+01
v 6.83958724e+03 7.10864936e+03 3.96366674e+01
v 6.84144652e+03 7.10609793e+03 3.96647800e+01
v 6.83703859e+03 7.10835933e+03 3.72287372e+01
v 6.83866229e+03 7.09310245e+03 4.00039865e+01
v 6.83485393e+03 7.08832020e+03 4.02289216e+01
v 6.83458324e+03 7.12483772e+03 4.11220222e+01
v 6.83877471e+03 7.09952176e+03 3.74084926e+01
v 6.83657407e+03 7.10616472e+03 3.71287741e+01
v 6.85798342e+03 7.07587083e+03 3.85508275e+01
v 6.83768827e+03 7.11194291e+03 4.04561291e+01
v 6.83758624e+03 7.09429419e+03 4.06555042e+01
v 6.83847948e+03 7.10402859e+03 3.74700207e+01
v 6.84553345e+03 7.06493076e+03 4.06351268e+01
v 6.84467534e+03 7.07738686e+03 3.58949747e+01
v 6.84499398e+03 7.07857761e+03 3.70724664e+01
v 6.84612738e+03 7.10214613e+03 3.63612236e+01
v 6.84154516e+03 7.08636540e+03 3.79586588e+01
v 6.84275939e+03 7.08728089e+03 3.81341799e+01
v 6.85943445e+03 7.11977273e+03 3.60698268e+01
v 6.85928542e+03 7.11769978e+03 3.64679543e+01
v 6.85363652e+03 7.11336473e+03 3.76683168e+01
v 6.84786242e+03 7.10708794e+03 3.70595293e+01
v 6.83797644e+03 7.12408841e+03 3.71914110e+01
v 6.85200199e+03 7.06218515e+03 4.13001278e+01
v 6.85076546e+03 7.06205294e+03 3.97366187e+01
v 6.84952559e+03 7.06377988e+03 4.08061094e+01
v 6.85185585e+03 7.09618703e+03 4.24005250e+01
v 6.85195280e+03 7.09965730e+03 4.02560958e+01
v 6.85191276e+03 7.09903802e+03 4.06325863e+01
v 6.85202807e+03 7.11306568e+03 4.21026901e+01
v 6.85275034e+03 7.11419598e+03 4.12533160e+01
v 6.84905787e+03 7.09674416e+03 4.11224426e+01
v 6.84809588e+03 7.09736996e+03 4.21327264e+01
v 6.82435595e+03 7.06369356e+03 4.09675278e+01
v 6.83221402e+03 7.12295261e+03 3.96276325e+01
v 6.83220272e+03 7.12074265e+03 4.04198248e+01
v 6.83181352e+03 7.12062283e+03 3.88102741e+01
v 6.82846610e+03 7.11821539e+03 3.94818622e+01
v 6.83009614e+03 7.11759830e+03 4.06599124e+01
v 6.82928715e+03 7.11666455e+03 4.08610501e+01
v 6.83005073e+03 7.11536860e+03 3.94225268e+01
v 6.83168215e+03 7.11196293e+03 3.98209755e+01
v 6.83277363e+03 7.11368976e+03 3.89696619e+01
v 6.83061518e+03 7.11407097e+03 3.99118867e+01
v 6.83090557e+03 7.11564144e+03 3.95142429e+01
v 6.82852030e+03 7.11934889e+03 3.89735543e+01
v 6.82985355e+03 7.12067069e+03 4.03523553e+01
v 6.83003805e+03 7.11870462e+03 3.91201953e+01
v 6.83356317e+03 7.12057047e+03 3.89186551e+01
v 6.83061243e+03 7.12187211e+03 4.04747464e+01
v 6.82943056e+03 7.08788639e+03 4.12876461e+01
v 6.83071876e+03 7.08769985e+03 4.00713869e+01
v 6.82952471e+03 7.08548069e+03 4.00085979e+01
v 6.83147883e+03 7.11253345e+03 4.07350026e+01
v 6.83320000e+03 7.10938740e+03 3.87959710e+01
v 6.83143005e+03 7.11655573e+03 3.87154895e+01
v 6.82745416e+03 7.07648452e+03 3.95340203e+01
v 6.82995339e+03 7.07776770e+03 3.96196404e+01
v 6.83264532e+03 7.08257772e+03 3.99935592e+01
v 6.83354125e+03 7.08227826e+03 3.99186694e+01
v 6.83361016e+03 7.08155259e+03 3.91516366e+01
v 6.82743438e+03 7.06342619e+03 3.95512609e+01
v 6.82930816e+03 7.06405339e+03 3.87982159e+01
v 6.83141447e+03 7.08019643e+03 3.91691913e+01
v 6.82914556e+03 7.08217569e+03 4.01960720e+01
v 6.83174093e+03 7.07828865e+03 3.96288735e+01
v 6.83293880e+03 7.07933029e+03 3.95853017e+01
v 6.82989811e+03 7.07915971e+03 3.90614024e+01
v 6.83045115e+03 7.08071182e+03 4.02908581e+01
v 6.83089037e+03 7.08250916e+03 4.01053236e+01
v 6.83295722e+03 7.08512356e+03 4.02080350e+01
v 6.83114117e+03 7.08169584e+03 4.05468362e+01
v 6.83126466e+03 7.08422821e+03 4.00970810e+01
v 6.83258389e+03 7.08693157e+03 4.00348001e+01
v 6.81800320e+03 7.06244534e+03 3.85357413e+01
v 6.82294973e+03 7.06246989e+03 3.94543264e+01
v 6.82708849e+03 7.07761517e+03 3.94237557e+01
v 6.81866643e+03 7.07660919e+03 3.91746775e+01
v 6.81751295e+03 7.07212670e+03 3.90747029e+01
v 6.81539329e+03 7.06412889e+03 3.84828151e+01
v 6.81574188e+03 7.06500356e+03 3.91216605e+01
v 6.82326996e+03 7.07367862e+03 3.93244855e+01
v 6.82323603e+03 7.07649972e+03 3.94022685e+01
v 6.82512180e+03 7.07354204e+03 3.77726167e+01
v 6.82633746e+03 7.07469539e+03 3.93043077e+01
v 6.82415351e+03 7.06472961e+03 3.92394383e+01
v 6.82477311e+03 7.07296195e+03 3.85453248e+01
v 6.82681218e+03 7.06394468e+03 4.08161708e+01
v 6.82633579e+03 7.06746739e+03 3.86663470e+01
v 6.82676595e+03 7.06691729e+03 3.87816299e+01
v 6.82697005e+03 7.06662531e+03 3.86358994e+01
v 6.82125712e+03 7.06364230e+03 3.93367093e+01
v 6.82521654e+03 7.07417771e+03 4.02000846e+01
v 6.82696238e+03 7.06689077e+03 3.82964792e+01
v 6.82697543e+03 7.06661433e+03 3.86485382e+01
v 6.81736334e+03 7.06459716e+03 3.82218634e+01
v 6.81879167e+03 7.06310548e+03 3.88454040e+01
v 6.82159242e+03 7.06560327e+03 3.86841632e+01
v 6.82548036e+03 7.07546789e+03 3.91242426e+01
v 6.81841416e+03 7.06711905e+03 3.88618336e+01
v 6.82523687e+03 7.06568911e+03 3.83267001e+01
v 6.82588757e+03 7.06503210e+03 3.93074106e+01
v 6.82175319e+03 7.07218270e+03 3.77526689e+01
v 6.82073250e+03 7.07217879e+03 3.94555179e+01
v 6.81853602e+03 7.07118343e+03 3.95978282e+01
v 6.81629461e+03 7.06898701e+03 3.91927539e+01
v 6.81779676e+03 7.08183155e+03 3.93064952e+01
v 6.81601805e+03 7.08461792e+03 3.96592358e+01
v 6.81637143e+03 7.08560451e+03 3.92762943e+01
v 6.81469171e+03 7.08441235e+03 3.92992569e+01
v 6.81825258e+03 7.09019817e+03 3.93731571e+01
v 6.82094684e+03 7.08959368e+03 4.08464268e+01
v 6.82207396e+03 7.08850811e+03 4.00869468e+01
v 6.81248934e+03 7.08214832e+03 3.94792900e+01
v 6.81830606e+03 7.08332571e+03 3.95679730e+01
v 6.81901991e+03 7.08908871e+03 3.91544317e+01
v 6.81470239e+03 7.08646063e+03 3.94513160e+01
v 6.81932768e+03 7.08331856e+03 3.93971340e+01
v 6.82085724e+03 7.08444746e+03 3.93021508e+01
v 6.81963355e+03 7.08572824e+03 3.95145827e+01
v 6.82099317e+03 7.08626045e+03 3.94636058e+01
v 6.82048093e+03 7.08956918e+03 3.93752888e+01
v 6.82169332e+03 7.08736493e+03 3.91034697e+01
v 6.81828756e+03 7.08748628e+03 3.91760916e+01
v 6.82371219e+03 7.08185453e+03 3.91731398e+01
v 6.82095084e+03 7.07938635e+03 3.91863988e+01
v 6.82608598e+03 7.07976767e+03 3.91877520e+01
v 6.83209807e+03 7.08519424e+03 4.09701726e+01
v 6.83379268e+03 7.11468650e+03 3.73234250e+01
v 6.82828904e+03 7.07506749e+03 3.77783534e+01
v 6.83088099e+03 7.07650013e+03 3.77128344e+01
v 6.83237885e+03 7.07767378e+03 3.77634318e+01
v 6.83311955e+03 7.11233896e+03 3.85346836e+01
v 6.83344217e+03 7.11890660e+03 4.00162648e+01
v 6.83285895e+03 7.11790202e+03 3.79128794e+01
v 6.83300488e+03 7.11966798e+03 3.91061190e+01
v 6.82256257e+03 7.06670374e+03 3.87971303e+01
v 6.81768305e+03 7.07002510e+03 3.84980040e+01
v 6.82006705e+03 7.07130834e+03 3.79880415e+01
v 6.82029364e+03 7.06754736e+03 3.80356158e+01
v 6.82427131e+03 7.06699581e+03 3.83663032e+01
v 6.82317901e+03 7.07117591e+03 3.84976921e+01
v 6.82469807e+03 7.07125039e+03 3.76648631e+01
v 6.82509378e+03 7.06886747e+03 3.80448055e+01
v 6.82126961e+03 7.06595789e+03 3.80447977e+01
v 6.82579727e+03 7.06490979e+03 4.08873786e+01
v 6.82634828e+03 7.06656495e+03 3.87028054e+01
v 6.82311847e+03 7.06756506e+03 3.79582049e+01
v 6.82291708e+03 7.07317934e+03 3.77476081e+01
v 6.83220745e+03 7.06287155e+03 3.78599547e+01
v 6.82826131e+03 7.06574729e+03 3.71159299e+01
v 6.82611431e+03 7.06223953e+03 4.09774993e+01
v 6.83439931e+03 7.07186777e+03 3.77579165e+01
v 6.83247796e+03 7.07371527e+03 3.76585642e+01
v 6.83139505e+03 7.07121967e+03 3.79839544e+01
v 6.82745693e+03 7.07155680e+03 3.74579294e+01
v 6.83377123e+03 7.06992693e+03 3.80467683e+01
v 6.82994707e+03 7.06585819e+03 3.74909616e+01
v 6.83174675e+03 7.06780074e+03 3.83072658e+01
v 6.82882407e+03 7.06781794e+03 3.78022813e+01
v 6.83457303e+03 7.06774120e+03 3.69972831e+01
v 6.83041924e+03 7.06312819e+03 4.08841050e+01
v 6.83474790e+03 7.07339678e+03 3.84301652e+01
v 6.87425046e+03 7.07366639e+03 3.52524518e+01
v 6.87280340e+03 7.07233568e+03 3.52522362e+01
v 6.87163697e+03 7.09440403e+03 3.47510201e+01
v 6.87183766e+03 7.07891076e+03 3.43183302e+01
v 6.87112228e+03 7.07757502e+03 3.59635114e+01
v 6.87202813e+03 7.07801410e+03 3.56179617e+01
v 6.87519602e+03 7.06904827e+03 3.47578745e+01
v 6.87391028e+03 7.06453518e+03 3.43414331e+01
v 6.87497615e+03 7.07398293e+03 3.36201297e+01
v 6.87539535e+03 7.06335514e+03 4.31748473e+01
v 6.87476552e+03 7.08181083e+03 3.37430019e+01
v 6.87468560e+03 7.06313360e+03 3.47544065e+01
v 6.87422555e+03 7.08252773e+03 3.47863006e+01
v 6.87517339e+03 7.08261799e+03 3.54931866e+01
v 6.87523527e+03 7.09421959e+03 3.52286110e+01
v 6.87410929e+03 7.09279616e+03 3.47231380e+01
v 6.87525282e+03 7.08553187e+03 3.57875045e+01
v 6.87540741e+03 7.08574083e+03 3.45652148e+01
v 6.87520694e+03 7.09192327e+03 3.60577471e+01
v 6.87431236e+03 7.08305925e+03 3.62044078e+01
v 6.87443605e+03 7.09877928e+03 3.46023556e+01
v 6.87173595e+03 7.11276268e+03 3.35825820e+01
v 6.87229910e+03 7.11493798e+03 3.48993327e+01
v 6.87397622e+03 7.11439290e+03 3.37827367e+01
v 6.87360412e+03 7.09940039e+03 3.34793624e+01
v 6.87441064e+03 7.10542189e+03 3.37158621e+01
v 6.87347326e+03 7.10250560e+03 3.31248813e+01
v 6.87499422e+03 7.11125697e+03 3.36452862e+01
v 6.87275897e+03 7.11615982e+03 3.47337784e+01
v 6.87105032e+03 7.11609084e+03 3.49439772e+01
v 6.87192326e+03 7.11127353e+03 3.31835629e+01
v 6.87345721e+03 7.10951273e+03 3.34248503e+01
v 6.87051928e+03 7.10895473e+03 3.41003838e+01
v 6.87392247e+03 7.12493865e+03 3.44532027e+01
v 6.87514577e+03 7.12479056e+03 3.34299950e+01
v 6.87293841e+03 7.12401147e+03 3.27974297e+01
v 6.87407765e+03 7.11619243e+03 3.37668907e+01
v 6.87538611e+03 7.08305131e+03 3.30456818e+01
v 6.87193824e+03 7.08027204e+03 3.48591194e+01
v 6.87036817e+03 7.10563335e+03 3.40324495e+01
v 6.87364631e+03 7.07991221e+03 3.31895943e+01
v 6.87464741e+03 7.07510915e+03 3.37887820e+01
v 6.87253058e+03 7.07500313e+03 3.34803438e+01
v 6.87477305e+03 7.08187706e+03 3.72301356e+01
v 6.87363524e+03 7.08046713e+03 3.49582578e+01
v 6.87186849e+03 7.08680943e+03 3.58323551e+01
v 6.87292702e+03 7.06984210e+03 3.46325624e+01
v 6.87452917e+03 7.08156545e+03 3.48829431e+01
v 6.87452473e+03 7.08170559e+03 3.48824383e+01
v 6.87445544e+03 7.08153222e+03 3.48734475e+01
v 6.87439253e+03 7.08146582e+03 3.49522412e+01
v 6.87293487e+03 7.06628350e+03 3.51849530e+01
v 6.87374114e+03 7.07140582e+03 3.53539904e+01
v 6.87083280e+03 7.07699409e+03 3.39408733e+01
v 6.86914489e+03 7.08309569e+03 3.44983683e+01
v 6.87055992e+03 7.08378111e+03 3.58485438e+01
v 6.87178025e+03 7.08751500e+03 3.70684124e+01
v 6.87423093e+03 7.09561539e+03 3.46437237e+01
v 6.87338007e+03 7.09316047e+03 3.49818370e+01
v 6.87390355e+03 7.08988836e+03 3.48854289e+01
v 6.87269556e+03 7.08981831e+03 3.45194707e+01
v 6.87040153e+03 7.08560094e+03 3.80508154e+01
v 6.87150810e+03 7.07923404e+03 3.56906561e+01
v 6.87213997e+03 7.09833871e+03 3.49972837e+01
v 6.87143511e+03 7.09670280e+03 3.48943547e+01
v 6.87008171e+03 7.11623380e+03 3.50410918e+01
v 6.87145856e+03 7.08332617e+03 3.46266595e+01
v 6.87065832e+03 7.07853077e+03 3.82096705e+01
v 6.87113820e+03 7.07953069e+03 3.88239905e+01
v 6.86085265e+03 7.08706150e+03 3.48489894e+01
v 6.85700464e+03 7.08566649e+03 3.45031600e+01
v 6.85828128e+03 7.08339020e+03 3.44972527e+01
v 6.86047546e+03 7.08524377e+03 3.41332783e+01
v 6.86409018e+03 7.08479455e+03 3.48535414e+01
v 6.86747447e+03 7.08621714e+03 3.45859842e+01
v 6.85803859e+03 7.11025558e+03 3.62940023e+01
v 6.86141106e+03 7.09309530e+03 3.42346882e+01
v 6.85656335e+03 7.08895916e+03 3.56421270e+01
v 6.86418967e+03 7.09795032e+03 3.37342435e+01
v 6.86987769e+03 7.09856343e+03 3.47643569e+01
v 6.86513226e+03 7.09976871e+03 3.45546678e+01
v 6.86086071e+03 7.12400205e+03 3.54827674e+01
v 6.86145450e+03 7.11999402e+03 3.56701288e+01
v 6.86384841e+03 7.12178461e+03 3.56621363e+01
v 6.86218024e+03 7.11397319e+03 3.48018688e+01
v 6.86662069e+03 7.12063774e+03 3.75595194e+01
v 6.85627421e+03 7.10084213e+03 3.50233943e+01
v 6.86810213e+03 7.09601160e+03 3.46395082e+01
v 6.86866136e+03 7.12164501e+03 3.44242126e+01
v 6.86293265e+03 7.11488552e+03 3.53399340e+01
v 6.86678346e+03 7.12073944e+03 3.60183577e+01
v 6.86642828e+03 7.09819546e+03 3.37480731e+01
v 6.85262652e+03 7.09837992e+03 3.63439886e+01
v 6.85369256e+03 7.09663696e+03 3.55431393e+01
v 6.85371999e+03 7.10140525e+03 3.60191275e+01
v 6.85324189e+03 7.10050957e+03 3.65866966e+01
v 6.85598811e+03 7.10843402e+03 3.62603748e+01
v 6.85527592e+03 7.12236495e+03 3.60789428e+01
v 6.85116420e+03 7.12241142e+03 3.59833529e+01
v 6.85745286e+03 7.10283274e+03 3.63700634e+01
v 6.85315223e+03 7.10075833e+03 3.63545720e+01
v 6.85523009e+03 7.09560409e+03 3.57546999e+01
v 6.85209487e+03 7.10999916e+03 3.61252983e+01
v 6.85316726e+03 7.11270840e+03 3.66609306e+01
v 6.85255646e+03 7.11204014e+03 3.67319021e+01
v 6.85529403e+03 7.10910165e+03 3.72858147e+01
v 6.85169493e+03 7.10768728e+03 3.70368204e+01
v 6.85235737e+03 7.11790475e+03 3.62507614e+01
v 6.85224252e+03 7.11471463e+03 3.78712248e+01
v 6.85038068e+03 7.11749382e+03 3.59981356e+01
v 6.85163871e+03 7.11813295e+03 3.70263064e+01
v 6.85444909e+03 7.09444569e+03 3.70895305e+01
v 6.85567614e+03 7.08423302e+03 3.52474187e+01
v 6.85461091e+03 7.07862661e+03 3.56462005e+01
v 6.85508070e+03 7.08075051e+03 3.62154502e+01
v 6.85309402e+03 7.09915746e+03 3.83949590e+01
v 6.85361641e+03 7.10541724e+03 3.70561655e+01
v 6.85165673e+03 7.08818380e+03 3.56225684e+01
v 6.85100811e+03 7.07506153e+03 3.58329626e+01
v 6.85556588e+03 7.07526512e+03 3.62414179e+01
v 6.84631738e+03 7.09175152e+03 3.62422110e+01
v 6.84666559e+03 7.09466323e+03 3.56414854e+01
v 6.84949597e+03 7.10218564e+03 3.60474346e+01
v 6.85099288e+03 7.10851254e+03 3.60899905e+01
v 6.84955411e+03 7.10830837e+03 3.70722134e+01
v 6.84880821e+03 7.07311560e+03 3.62699390e+01
v 6.84654324e+03 7.07989506e+03 3.63157465e+01
v 6.84679567e+03 7.09053668e+03 3.58912348e+01
v 6.84804208e+03 7.12257178e+03 3.64688470e+01
v 6.84895586e+03 7.11898498e+03 3.60059805e+01
v 6.84705528e+03 7.11815151e+03 3.65671362e+01
v 6.84679298e+03 7.11923258e+03 3.58598135e+01
v 6.84540787e+03 7.12189383e+03 3.61724106e+01
v 6.84700610e+03 7.11431703e+03 3.72574390e+01
v 6.85061554e+03 7.11959683e+03 3.62280569e+01
v 6.84623290e+03 7.09887514e+03 3.60842955e+01
v 6.84565528e+03 7.11690765e+03 3.61496537e+01
v 6.84527297e+03 7.11869805e+03 3.67408187e+01
v 6.84523625e+03 7.10956662e+03 3.69375152e+01
v 6.84565872e+03 7.10132708e+03 3.58726284e+01
v 6.84554379e+03 7.10003270e+03 3.62653587e+01
v 6.84381203e+03 7.10941879e+03 3.59246909e+01
v 6.84512192e+03 7.09703313e+03 3.67029885e+01
v 6.84367313e+03 7.09929895e+03 3.57032990e+01
v 6.85003701e+03 7.11164938e+03 3.67144523e+01
v 6.84467442e+03 7.08505139e+03 3.57188929e+01
v 6.84620439e+03 7.08220582e+03 3.55722477e+01
v 6.84689679e+03 7.08327186e+03 3.58346490e+01
v 6.84570423e+03 7.07812903e+03 3.51067743e+01
v 6.84524771e+03 7.07946876e+03 3.54449660e+01
v 6.84429896e+03 7.08137487e+03 3.74044900e+01
v 6.84495303e+03 7.09285633e+03 3.64737101e+01
v 6.84509801e+03 7.09434084e+03 3.68043231e+01
v 6.84273109e+03 7.08903319e+03 3.66481128e+01
v 6.84257907e+03 7.08841044e+03 3.63093004e+01
v 6.84215682e+03 7.08787258e+03 3.69088508e+01
v 6.84349351e+03 7.08761413e+03 3.56895953e+01
v 6.84080181e+03 7.08637214e+03 3.61151077e+01
v 6.84000221e+03 7.08669260e+03 3.58278789e+01
v 6.83965641e+03 7.08513293e+03 3.63435224e+01
v 6.83725560e+03 7.10980326e+03 3.61490652e+01
v 6.84533313e+03 7.08749185e+03 3.65923394e+01
v 6.84374673e+03 7.08933395e+03 3.62254114e+01
v 6.84074935e+03 7.10475146e+03 3.62680512e+01
v 6.84182287e+03 7.09371321e+03 3.61560757e+01
v 6.84179145e+03 7.11650780e+03 3.59664834e+01
v 6.83722796e+03 7.11728292e+03 3.66716418e+01
v 6.83799330e+03 7.11573982e+03 3.65959008e+01
v 6.84211869e+03 7.10902292e+03 3.60442585e+01
v 6.84298883e+03 7.09778490e+03 3.65901362e+01
v 6.83990131e+03 7.12306243e+03 3.61833872e+01
v 6.83939250e+03 7.10362931e+03 3.68310767e+01
v 6.83903149e+03 7.08654653e+03 3.67449356e+01
v 6.83973545e+03 7.08439640e+03 3.58658077e+01
v 6.84303339e+03 7.10998795e+03 3.70483918e+01
v 6.83627029e+03 7.11416188e+03 3.68923579e+01
v 6.83636910e+03 7.10852105e+03 3.71615847e+01
v 6.84038828e+03 7.09198463e+03 3.69986739e+01
v 6.84337957e+03 7.10682344e+03 3.69022568e+01
v 6.84521883e+03 7.09530821e+03 3.59965182e+01
v 6.84338241e+03 7.09485827e+03 3.61292554e+01
v 6.84545601e+03 7.09256343e+03 3.57993971e+01
v 6.84164339e+03 7.08859741e+03 3.61149340e+01
v 6.83944468e+03 7.08937430e+03 3.68967627e+01
v 6.84158583e+03 7.09383769e+03 3.77437144e+01
v 6.84090105e+03 7.09358927e+03 3.58560247e+01
v 6.83849472e+03 7.09155320e+03 3.66910325e+01
v 6.84640609e+03 7.08908029e+03 3.62465742e+01
v 6.84182549e+03 7.10369746e+03 3.74890880e+01
v 6.84459415e+03 7.10820120e+03 3.66148295e+01
v 6.84450039e+03 7.11602760e+03 3.69981853e+01
v 6.84584241e+03 7.11744883e+03 3.70238552e+01
v 6.84180338e+03 7.10266584e+03 3.82173370e+01
v 6.84145579e+03 7.09371960e+03 3.79419899e+01
v 6.84125470e+03 7.09351203e+03 3.81940519e+01
v 6.84209209e+03 7.09235711e+03 3.89943071e+01
v 6.84303862e+03 7.07634946e+03 3.70366036e+01
v 6.83705308e+03 7.07350160e+03 3.71325531e+01
v 6.83826968e+03 7.08971079e+03 3.67061599e+01
v 6.83905476e+03 7.08503884e+03 3.73676380e+01
v 6.84307126e+03 7.08835489e+03 3.71351366e+01
v 6.83573597e+03 7.12058806e+03 3.63904441e+01
v 6.84273708e+03 7.09075645e+03 3.84719977e+01
v 6.83704280e+03 7.09398505e+03 3.85457463e+01
v 6.83603308e+03 7.09130656e+03 3.82317447e+01
v 6.83852502e+03 7.08771707e+03 3.80640460e+01
v 6.83708257e+03 7.10267903e+03 3.83464788e+01
v 6.83665672e+03 7.08697402e+03 3.74712159e+01
v 6.83517442e+03 7.08913020e+03 3.90050026e+01
v 6.83700010e+03 7.08968078e+03 3.82164039e+01
v 6.83813703e+03 7.08322515e+03 3.97491629e+01
v 6.83940524e+03 7.08689308e+03 3.90109148e+01
v 6.84096275e+03 7.08674113e+03 3.77807019e+01
v 6.83713640e+03 7.08509687e+03 3.96091345e+01
v 6.83726606e+03 7.08149454e+03 3.90218321e+01
v 6.83971984e+03 7.08478378e+03 3.91559356e+01
v 6.83971292e+03 7.09438794e+03 4.01340019e+01
v 6.83632255e+03 7.09823917e+03 3.93515910e+01
v 6.84229520e+03 7.10107137e+03 3.91618320e+01
v 6.85226992e+03 7.11191489e+03 3.79555202e+01
v 6.85301300e+03 7.11261415e+03 4.06221376e+01
v 6.85255237e+03 7.11171839e+03 3.81292917e+01
v 6.85256967e+03 7.11212657e+03 3.84492039e+01
v 6.85331704e+03 7.11008566e+03 3.93656303e+01
v 6.85153578e+03 7.12500563e+03 3.83889848e+01
v 6.84869233e+03 7.12342511e+03 3.69073366e+01
v 6.85281857e+03 7.11692361e+03 3.93619762e+01
v 6.85802811e+03 7.12284170e+03 3.64287888e+01
v 6.85548237e+03 7.11849055e+03 3.70457332e+01
v 6.84470837e+03 7.08517003e+03 3.71149039e+01
v 6.85717936e+03 7.08848204e+03 3.64149069e+01
v 6.85812476e+03 7.10528890e+03 3.70246743e+01
v 6.85468385e+03 7.09997405e+03 3.91197240e+01
v 6.84840549e+03 7.09893805e+03 4.02904279e+01
v 6.85096726e+03 7.09637655e+03 4.02342428e+01
v 6.84373300e+03 7.08888467e+03 3.91868912e+01
v 6.85570998e+03 7.08297525e+03 4.01127456e+01
v 6.84414337e+03 7.08001056e+03 3.82946316e+01
v 6.85639216e+03 7.08142015e+03 3.99442201e+01
v 6.83661576e+03 7.06965890e+03 3.75081266e+01
v 6.84055190e+03 7.07206556e+03 3.85420668e+01
v 6.84109398e+03 7.07125579e+03 3.76701890e+01
v 6.84809841e+03 7.06538989e+03 3.65703280e+01
v 6.84843324e+03 7.06307385e+03 3.66769137e+01
v 6.85120530e+03 7.06307821e+03 3.68630580e+01
v 6.84581554e+03 7.07094948e+03 3.69841328e+01
v 6.85256255e+03 7.06777675e+03 3.74556126e+01
v 6.85513851e+03 7.07046349e+03 3.70473454e+01
v 6.85551457e+03 7.06757057e+03 3.75743201e+01
v 6.85735431e+03 7.06275281e+03 3.70519378e+01
v 6.82342595e+03 7.06393186e+03 4.06612510e+01
v 6.82354082e+03 7.06271175e+03 4.09519262e+01
v 6.83078648e+03 7.10462759e+03 4.26329240e+01
v 6.83073239e+03 7.10074623e+03 4.24820859e+01
v 6.86983121e+03 7.07577135e+03 3.69346900e+01
v 6.87045854e+03 7.07619046e+03 3.43300385e+01
v 6.87073199e+03 7.07003181e+03 3.69880052e+01
v 6.87381497e+03 7.10891729e+03 3.39803812e+01
v 6.87108289e+03 7.06888218e+03 3.51356775e+01
v 6.87181379e+03 7.07113838e+03 3.63897286e+01
v 6.87189191e+03 7.07238587e+03 3.63273401e+01
v 6.87159159e+03 7.07394600e+03 3.70624561e+01
v 6.86997945e+03 7.06257759e+03 3.50866214e+01
v 6.87001051e+03 7.06834796e+03 3.50107534e+01
v 6.87154367e+03 7.08051266e+03 3.68966902e+01
v 6.86985881e+03 7.07989432e+03 3.89108524e+01
v 6.86970576e+03 7.08063556e+03 3.74892351e+01
v 6.87312974e+03 7.07369341e+03 3.63393056e+01
v 6.87157392e+03 7.07553617e+03 3.52876625e+01
v 6.87026651e+03 7.07732389e+03 3.47696730e+01
v 6.87121229e+03 7.11909848e+03 3.40866494e+01
v 6.87014449e+03 7.11726985e+03 3.89688003e+01
v 6.87122443e+03 7.11506904e+03 3.77299131e+01
v 6.87168222e+03 7.11449352e+03 3.48253759e+01
v 6.86992289e+03 7.11978149e+03 3.67054018e+01
v 6.86995800e+03 7.08331139e+03 3.70433976e+01
v 6.87392730e+03 7.11530288e+03 3.63693843e+01
v 6.87283648e+03 7.11528287e+03 3.71080012e+01
v 6.87145132e+03 7.08680404e+03 3.51252498e+01
v 6.87116742e+03 7.11766068e+03 3.49387599e+01
v 6.87168607e+03 7.09801789e+03 3.60107614e+01
v 6.87119601e+03 7.09698638e+03 3.61213133e+01
v 6.86881223e+03 7.11166441e+03 3.42742389e+01
v 6.86890021e+03 7.08715605e+03 3.51413798e+01
v 6.86941816e+03 7.09995308e+03 3.35719608e+01
v 6.85723911e+03 7.06813591e+03 3.77590046e+01
v 6.86768585e+03 7.07025784e+03 3.50947808e+01
v 6.85259440e+03 7.10163962e+03 3.99685677e+01
v 6.83863250e+03 7.09567119e+03 4.07929389e+01
v 6.83692988e+03 7.09454082e+03 4.06839189e+01
v 6.83721046e+03 7.09980821e+03 4.03111093e+01
v 6.83612656e+03 7.12098812e+03 3.91991553e+01
v 6.86790265e+03 7.12184027e+03 3.63656414e+01
v 6.85772502e+03 7.06544700e+03 3.67313716e+01
v 6.86608740e+03 7.07488301e+03 3.50324540e+01
v 6.86326747e+03 7.07582061e+03 3.58985437e+01
v 6.85684067e+03 7.06429526e+03 3.66597415e+01
v 6.86014374e+03 7.10889036e+03 3.60898328e+01
v 6.86194270e+03 7.11076987e+03 3.68781474e+01
v 6.86318600e+03 7.08564083e+03 3.41863969e+01
v 6.83373272e+03 7.11756575e+03 4.11307160e+01
v 6.83941645e+03 7.09509906e+03 4.10158628e+01
v 6.86571582e+03 7.06761882e+03 3.47928124e+01
v 6.86831000e+03 7.07688315e+03 3.77263771e+01
v 6.86831743e+03 7.07685758e+03 3.78783902e+01
v 6.83388940e+03 7.11905776e+03 4.12819282e+01
v 6.83734519e+03 7.11454366e+03 4.02545417e+01
v 6.83605080e+03 7.11898465e+03 4.11200465e+01
v 6.83747121e+03 7.10961590e+03 3.94594794e+01
v 6.84115543e+03 7.09367886e+03 3.97297207e+01
v 6.83416681e+03 7.11648440e+03 4.06156490e+01
v 6.86465500e+03 7.07072515e+03 3.85389399e+01
v 6.86046320e+03 7.06675570e+03 3.92536873e+01
v 6.86017576e+03 7.06580196e+03 3.96810347e+01
v 6.85725019e+03 7.08178555e+03 3.91135548e+01
v 6.85594500e+03 7.07201693e+03 3.92113690e+01
v 6.85888577e+03 7.07577093e+03 3.83670214e+01
v 6.85873113e+03 7.06665110e+03 3.87586103e+01
v 6.85657512e+03 7.06647484e+03 3.99383416e+01
v 6.85802943e+03 7.11557339e+03 3.65398154e+01
v 6.85724229e+03 7.11392197e+03 3.65497909e+01
v 6.85789335e+03 7.11373478e+03 3.69937645e+01
v 6.85940708e+03 7.12242604e+03 3.61310636e+01
v 6.86016795e+03 7.11574539e+03 3.66127776e+01
v 6.85658148e+03 7.10905680e+03 3.66415751e+01
v 6.85769414e+03 7.09034018e+03 3.53139934e+01
v 6.86027247e+03 7.10758998e+03 3.71504079e+01
v 6.85623793e+03 7.07130942e+03 3.64771455e+01
v 6.85702472e+03 7.07018825e+03 3.70489338e+01
v 6.85705528e+03 7.08253009e+03 3.69640571e+01
v 6.85856063e+03 7.06663543e+03 3.62509090e+01
v 6.86006015e+03 7.06352571e+03 3.73606138e+01
v 6.86175427e+03 7.06835585e+03 3.66196043e+01
v 6.86081586e+03 7.07722327e+03 3.65771829e+01
v 6.86638458e+03 7.07294070e+03 3.87681574e+01
v 6.86322943e+03 7.07202430e+03 3.80476214e+01
v 6.86306064e+03 7.07736037e+03 3.70273112e+01
v 6.86811319e+03 7.07607507e+03 3.52511239e+01
v 6.86673003e+03 7.07520744e+03 3.54006497e+01
v 6.86635652e+03 7.07596759e+03 3.50827111e+01
v 6.86440154e+03 7.07048541e+03 3.58834214e+01
v 6.86859248e+03 7.07016357e+03 3.63976057e+01
v 6.86836782e+03 7.06728392e+03 3.67537101e+01
v 6.86815046e+03 7.07698157e+03 3.76821759e+01
v 6.86886311e+03 7.11971523e+03 3.64334573e+01
v 6.86476939e+03 7.12084337e+03 3.71159077e+01
v 6.86833210e+03 7.08136385e+03 3.78713483e+01
v 6.86204447e+03 7.12321186e+03 3.63690846e+01
v 6.86789202e+03 7.12112477e+03 3.82926662e+01
v 6.86875474e+03 7.12063392e+03 3.59982323e+01
v 6.86686344e+03 7.08784848e+03 3.53281325e+01
v 6.82881961e+03 7.11959163e+03 4.09708337e+01
v 6.83315233e+03 7.11616049e+03 3.65993585e+01
v 6.83358956e+03 7.06411300e+03 3.76386307e+01
v 6.83316808e+03 7.12547287e+03 4.05237518e+01
v 6.83288363e+03 7.12495311e+03 4.16461741e+01
v 6.82332966e+03 7.09069008e+03 4.12793818e+01
v 6.83156380e+03 7.11899790e+03 3.89085891e+01
v 6.83262745e+03 7.08761610e+03 4.12094946e+01
v 6.83186643e+03 7.11548404e+03 4.19662857e+01
v 6.82351979e+03 7.08699203e+03 3.89456863e+01
v 6.83132988e+03 7.12352114e+03 4.13051655e+01
v 6.82926366e+03 7.12422442e+03 4.10628913e+01
v 6.82454793e+03 7.12455025e+03 4.20897734e+01
v 6.82841400e+03 7.11802915e+03 4.09861661e+01
v 6.82927498e+03 7.12067246e+03 4.19483839e+01
v 6.82912516e+03 7.12180181e+03 4.12958293e+01
v 6.83205990e+03 7.12173969e+03 4.12417446e+01
v 6.83237064e+03 7.11712561e+03 4.16249061e+01
v 6.83221324e+03 7.12373148e+03 4.04446728e+01
v 6.82585703e+03 7.12478626e+03 4.07844537e+01
v 6.82727495e+03 7.12510711e+03 4.16429317e+01
v 6.83274736e+03 7.12293029e+03 4.18913038e+01
v 6.82961581e+03 7.12159154e+03 4.25218551e+01
v 6.83326811e+03 7.11575919e+03 4.17995257e+01
v 6.83244879e+03 7.11567949e+03 4.17357819e+01
v 6.83253059e+03 7.11448963e+03 4.21461057e+01
v 6.83170149e+03 7.12312288e+03 4.27025851e+01
v 6.83239402e+03 7.11592974e+03 4.15741531e+01
v 6.83238927e+03 7.11480976e+03 4.24149124e+01
v 6.82849013e+03 7.12113467e+03 4.17336670e+01
v 6.81200001e+03 7.10471429e+03 5.71688239e+01
v 6.81200001e+03 7.10646476e+03 5.72909747e+01
v 6.81200001e+03 7.08521737e+03 4.00308654e+01
v 6.81200001e+03 7.08542593e+03 4.07490458e+01
v 6.81200001e+03 7.09329699e+03 4.38950830e+01
v 6.81200001e+03 7.09260035e+03 4.50536529e+01
v 6.81200001e+03 7.08976801e+03 4.47860025e+01
v 6.81200001e+03 7.09029606e+03 4.45532979e+01
v 6.81200001e+03 7.10170305e+03 4.43002787e+01
v 6.81200001e+03 7.10084299e+03 4.41643694e+01
v 6.81200001e+03 7.08868993e+03 4.48456232e+01
v 6.81200001e+03 7.10537789e+03 4.59171778e+01
v 6.81200001e+03 7.10575774e+03 4.65381821e+01
v 6.81200001e+03 7.10530260e+03 5.11475217e+01
v 6.81200001e+03 7.10403064e+03 5.17409323e+01
v 6.81200001e+03 7.10577898e+03 5.13858258e+01
v 6.81200001e+03 7.10579342e+03 5.08973784e+01
v 6.81200001e+03 7.10122147e+03 4.96595419e+01
v 6.81200001e+03 7.10186557e+03 5.11573611e+01
v 6.81200001e+03 7.10580730e+03 5.55313574e+01
v 6.81200001e+03 7.10537495e+03 5.61578834e+01
v 6.81200001e+03 7.10840645e+03 5.74448697e+01
v 6.81200001e+03 7.11280990e+03 5.78633861e+01
v 6.81200001e+03 7.12510815e+03 5.76565169e+01
v 6.81200001e+03 7.12536207e+03 5.76563217e+01
v 6.81200001e+03 7.09204544e+03 4.50057999e+01
v 6.81200001e+03 7.08645234e+03 4.33200359e+01
v 6.81200001e+03 7.08646651e+03 4.49509582e+01
v 6.81200001e+03 7.08614331e+03 4.23552508e+01
v 6.81200001e+03 7.08669611e+03 4.49781748e+01
v 6.81200001e+03 7.08648637e+03 4.50994615e+01
v 6.81200001e+03 7.09339837e+03 4.37898297e+01
v 6.81200001e+03 7.09483123e+03 4.37121765e+01
v 6.81200001e+03 7.09333751e+03 4.37923803e+01
v 6.81200001e+03 7.10300520e+03 4.33630718e+01
v 6.81200001e+03 7.10301736e+03 4.35892733e+01
v 6.81200001e+03 7.09679786e+03 4.28230960e+01
v 6.81200001e+03 7.09861980e+03 4.28981097e+01
v 6.81200001e+03 7.09662677e+03 4.29349438e+01
v 6.81200001e+03 7.09972171e+03 4.29729480e+01
v 6.81200001e+03 7.09604338e+03 4.36465993e+01
v 6.81200001e+03 7.09599886e+03 4.36399489e+01
v 6.81200001e+03 7.10046912e+03 4.30756314e+01
v 6.81200001e+03 7.10312595e+03 4.33644735e+01
v 6.81200001e+03 7.10320836e+03 4.33874175e+01
v 6.81200001e+03 7.10325513e+03 4.34743354e+01
v 6.81200001e+03 7.10053505e+03 4.36457247e+01
v 6.81200001e+03 7.10225252e+03 4.41874839e+01
v 6.81200001e+03 7.09063988e+03 4.46079698e+01
v 6.81200001e+03 7.10069024e+03 4.87987619e+01
v 6.81200001e+03 7.10093738e+03 4.76304679e+01
v 6.81200001e+03 7.10538202e+03 4.52052561e+01
v 6.81200001e+03 7.10567740e+03 4.47718927e+01
v 6.81200001e+03 7.10117639e+03 4.66464770e+01
v 6.81200001e+03 7.10119710e+03 4.62336442e+01
v 6.81200001e+03 7.10302958e+03 5.11973798e+01
v 6.81200001e+03 7.10364700e+03 5.13673734e+01
v 6.81200001e+03 7.06811213e+03 3.90550670e+01
v 6.81200001e+03 7.07531867e+03 3.92400692e+01
v 6.81200001e+03 7.08550180e+03 4.16875977e+01
v 6.81200001e+03 7.06633772e+03 3.88008238e+01
v 6.81200001e+03 7.08481974e+03 3.94914472e+01
v 6.81200001e+03 7.08385021e+03 3.92091235e+01
v 6.81200001e+03 7.07750031e+03 3.92947412e+01
v 6.81200001e+03 7.07688360e+03 3.92649400e+01
v 6.81200001e+03 7.08370182e+03 3.91723380e+01
v 6.81200001e+03 7.08300116e+03 3.93122474e+01
v 6.81200001e+03 7.08190823e+03 3.94842183e+01
v 6.81200001e+03 7.08000947e+03 3.93956417e+01
v 6.81200001e+03 7.07636774e+03 3.92517767e+01
v 6.81200001e+03 7.10572798e+03 4.55050616e+01
v 6.81200001e+03 7.10314181e+03 4.35440031e+01
v 6.81200001e+03 7.10278250e+03 4.39570763e+01
v 6.87549999e+03 7.11144783e+03 3.37886697e+01
v 6.87549999e+03 7.11083294e+03 3.36647729e+01
v 6.87549999e+03 7.08273799e+03 3.39196843e+01
v 6.87549999e+03 7.08294265e+03 3.41733068e+01
v 6.87549999e+03 7.07294042e+03 3.50506610e+01
v 6.87549999e+03 7.07345684e+03 3.50467651e+01
v 6.87549999e+03 7.08367326e+03 3.78806782e+01
v 6.87549999e+03 7.08458397e+03 3.70809612e+01
v 6.87549999e+03 7.08587224e+03 3.45681945e+01
v 6.87549999e+03 7.08572070e+03 3.45947573e+01
v 6.87549999e+03 7.08770331e+03 3.50201387e+01
v 6.87549999e+03 7.08822992e+03 3.51337354e+01
v 6.87549999e+03 7.08994062e+03 3.47736236e+01
v 6.87549999e+03 7.09018935e+03 3.47781416e+01
v 6.87549999e+03 7.09730346e+03 3.46785175e+01
v 6.87549999e+03 7.09858510e+03 3.46576857e+01
v 6.87549999e+03 7.09593659e+03 3.45870309e+01
v 6.87549999e+03 7.09675824e+03 3.50204165e+01
v 6.87549999e+03 7.09455422e+03 3.51146411e+01
v 6.87549999e+03 7.09432143e+03 3.52352887e+01
v 6.87549999e+03 7.09257633e+03 3.59854057e+01
v 6.87549999e+03 7.09291246e+03 3.58227993e+01
v 6.87549999e+03 7.09417605e+03 3.55491834e+01
v 6.87549999e+03 7.09026227e+03 3.47572274e+01
v 6.87549999e+03 7.09068127e+03 3.52433855e+01
v 6.87549999e+03 7.08824118e+03 3.51352488e+01
v 6.87549999e+03 7.09172523e+03 3.60526717e+01
v 6.87549999e+03 7.09149691e+03 3.61801665e+01
v 6.87549999e+03 7.08303243e+03 3.30415112e+01
v 6.87549999e+03 7.08213758e+03 3.31305964e+01
v 6.87549999e+03 7.08322362e+03 3.30353166e+01
v 6.87549999e+03 7.07090563e+03 3.53564489e+01
v 6.87549999e+03 7.07475910e+03 3.48423325e+01
v 6.87549999e+03 7.08038695e+03 3.32781527e+01
v 6.87549999e+03 7.08074728e+03 3.33899050e+01
v 6.87549999e+03 7.08309068e+03 3.54256388e+01
v 6.87549999e+03 7.07462363e+03 3.42485747e+01
v 6.87549999e+03 7.07042580e+03 3.51639271e+01
v 6.87549999e+03 7.06943735e+03 3.49046283e+01
v 6.87549999e+03 7.06426667e+03 3.26050877e+01
v 6.87549999e+03 7.06360894e+03 3.32572247e+01
v 6.87549999e+03 7.06913919e+03 3.44910544e+01
v 6.87549999e+03 7.06877107e+03 3.44203065e+01
v 6.87549999e+03 7.07870787e+03 3.29791944e+01
v 6.87549999e+03 7.07621650e+03 3.37089403e+01
v 6.87549999e+03 7.07740912e+03 3.32021296e+01
v 6.87549999e+03 7.08302699e+03 3.34533001e+01
v 6.87549999e+03 7.11516633e+03 3.37323026e+01
v 6.87549999e+03 7.11401895e+03 3.37405000e+01
v 6.87549999e+03 7.12485093e+03 3.34340932e+01
v 6.87549999e+03 7.12502376e+03 3.33395247e+01
v 6.87549999e+03 7.11614474e+03 3.36333216e+01
v 6.87549999e+03 7.12287670e+03 3.26249218e+01
v 6.87549999e+03 7.12439290e+03 3.34059305e+01
v 6.87549999e+03 7.12219469e+03 3.25256887e+01
v 6.87549999e+03 7.11163339e+03 3.36502117e+01
v 6.87549999e+03 7.10148373e+03 3.37258252e+01
v 6.87549999e+03 7.10048581e+03 3.36336461e+01
v 6.87549999e+03 7.10591314e+03 3.37371661e+01
v 6.87549999e+03 7.10393313e+03 3.37371534e+01
v 6.87549999e+03 7.09975613e+03 3.39595542e+01
v 6.87549999e+03 7.09998793e+03 3.36874773e+01
v 6.87549999e+03 7.09189057e+03 3.59921688e+01
v 6.87549999e+03 7.06328077e+03 4.31960878e+01
v 6.87549999e+03 7.06336092e+03 4.31810688e+01
v 6.87549999e+03 7.06200412e+03 4.28800165e+01
v 6.87549999e+03 7.08558941e+03 3.61358501e+01
v 6.87549999e+03 7.08398030e+03 3.81170447e+01
v 6.87549999e+03 7.08606312e+03 3.71836531e+01
v 6.87549999e+03 7.08335578e+03 3.79646074e+01
v 6.87549999e+03 7.08385319e+03 3.81711005e+01
v 6.87549999e+03 7.06333459e+03 4.25039605e+01
v 6.87549999e+03 7.06265375e+03 3.74782450e+01
v 6.87549999e+03 7.07565019e+03 3.36694482e+01
v 6.87549999e+03 7.07465994e+03 3.35784681e+01
v 6.87549999e+03 7.06777628e+03 3.39560080e+01
v 6.87549999e+03 7.12243856e+03 3.24902296e+01
v 6.87549999e+03 7.12253463e+03 3.24728229e+01
v 6.87549999e+03 7.08594694e+03 3.69692229e+01
v 6.87549999e+03 7.09340677e+03 3.56796822e+01
v 6.87549999e+03 7.08380002e+03 3.49258741e+01
v 6.87549999e+03 7.06323612e+03 3.51751255e+01
v 6.87549999e+03 7.06317200e+03 3.66612272e+01
v 6.87549999e+03 7.06351333e+03 3.42489571e+01
v 6.83286532e+03 7.06200001e+03 4.61511312e+01
v 6.83268624e+03 7.06200001e+03 4.61247344e+01
v 6.83248598e+03 7.06200001e+03 4.52772743e+01
v 6.82656493e+03 7.06200001e+03 3.98135208e+01
v 6.82617064e+03 7.06200001e+03 4.06662949e+01
v 6.83145203e+03 7.06200001e+03 4.10964721e+01
v 6.83000295e+03 7.06200001e+03 4.08881621e+01
v 6.82185762e+03 7.06200001e+03 3.93993540e+01
v 6.81969471e+03 7.06200001e+03 3.92746103e+01
v 6.82875811e+03 7.06200001e+03 3.83323037e+01
v 6.82810188e+03 7.06200001e+03 3.86767549e+01
v 6.82411847e+03 7.06200001e+03 4.05045469e+01
v 6.82575876e+03 7.06200001e+03 4.07459909e+01
v 6.83234346e+03 7.06200001e+03 4.11469086e+01
v 6.83251284e+03 7.06200001e+03 4.22338285e+01
v 6.83260010e+03 7.06200001e+03 4.27677292e+01
v 6.83163822e+03 7.06200001e+03 3.77027141e+01
v 6.83024549e+03 7.06200001e+03 3.79777692e+01
v 6.81546538e+03 7.06200001e+03 3.85253373e+01
v 6.81512864e+03 7.06200001e+03 3.85983651e+01
v 6.83165531e+03 7.06200001e+03 3.79225285e+01
v 6.81736166e+03 7.06200001e+03 3.85396726e+01
v 6.81804566e+03 7.06200001e+03 3.86854439e+01
v 6.81854600e+03 7.06200001e+03 3.89978223e+01
v 6.81740950e+03 7.06200001e+03 3.88713866e+01
v 6.82686274e+03 7.06200001e+03 3.93817788e+01
v 6.82364349e+03 7.06200001e+03 3.96928432e+01
v 6.82289488e+03 7.06200001e+03 3.94370551e+01
v 6.83025861e+03 7.06200001e+03 4.01009013e+01
v 6.85351586e+03 7.06200001e+03 4.35737622e+01
v 6.85346333e+03 7.06200001e+03 4.35907833e+01
v 6.85590390e+03 7.06200001e+03 4.30803605e+01
v 6.85545248e+03 7.06200001e+03 4.29136590e+01
v 6.85355240e+03 7.06200001e+03 4.35762360e+01
v 6.85388186e+03 7.06200001e+03 4.26012074e+01
v 6.85686793e+03 7.06200001e+03 4.28954085e+01
v 6.83377645e+03 7.06200001e+03 4.60060514e+01
v 6.84761812e+03 7.06200001e+03 4.59823163e+01
v 6.84476428e+03 7.06200001e+03 4.57218161e+01
v 6.84042652e+03 7.06200001e+03 4.55362722e+01
v 6.84176577e+03 7.06200001e+03 4.57685349e+01
v 6.84871934e+03 7.06200001e+03 4.58295251e+01
v 6.85709386e+03 7.06200001e+03 4.11249140e+01
v 6.85719331e+03 7.06200001e+03 4.10503278e+01
v 6.85233287e+03 7.06200001e+03 4.32081966e+01
v 6.84907197e+03 7.06200001e+03 4.57178711e+01
v 6.85079784e+03 7.06200001e+03 3.69849346e+01
v 6.85217712e+03 7.06200001e+03 3.76588443e+01
v 6.86255096e+03 7.06200001e+03 3.55971908e+01
v 6.86268143e+03 7.06200001e+03 3.49838263e+01
v 6.85980743e+03 7.06200001e+03 3.65120527e+01
v 6.86229717e+03 7.06200001e+03 3.63105434e+01
v 6.86687780e+03 7.06200001e+03 3.51881068e+01
v 6.86650569e+03 7.06200001e+03 3.51797462e+01
v 6.86998513e+03 7.06200001e+03 3.03584726e+01
v 6.86998249e+03 7.06200001e+03 3.02162763e+01
v 6.87004800e+03 7.06200001e+03 3.48011469e+01
v 6.86959673e+03 7.06200001e+03 3.50959888e+01
v 6.85853613e+03 7.06200001e+03 3.88347100e+01
v 6.85838306e+03 7.06200001e+03 3.84395676e+01
v 6.86366980e+03 7.06200001e+03 3.50147716e+01
v 6.86640571e+03 7.06200001e+03 3.51693651e+01
v 6.85909418e+03 7.06200001e+03 3.67281759e+01
v 6.85761959e+03 7.06200001e+03 3.71943639e+01
v 6.85177712e+03 7.06200001e+03 4.07288556e+01
v 6.85074772e+03 7.06200001e+03 3.96232844e+01
v 6.85862421e+03 7.06200001e+03 4.09386958e+01
v 6.84888310e+03 7.06200001e+03 4.05259012e+01
v 6.84811178e+03 7.06200001e+03 4.12205865e+01
v 6.85076066e+03 7.06200001e+03 4.10002994e+01
v 6.85077057e+03 7.06200001e+03 4.06999688e+01
v 6.85703547e+03 7.06200001e+03 4.12536023e+01
v 6.85714391e+03 7.06200001e+03 4.12992856e+01
v 6.85509193e+03 7.06200001e+03 4.24321985e+01
v 6.85705047e+03 7.06200001e+03 4.25318793e+01
v 6.85087338e+03 7.06200001e+03 4.10266354e+01
v 6.84912442e+03 7.06200001e+03 4.04222300e+01
v 6.84929754e+03 7.06200001e+03 4.04676796e+01
v 6.85195805e+03 7.06200001e+03 4.12899923e+01
v 6.84817286e+03 7.06200001e+03 4.15008978e+01
v 6.85196570e+03 7.06200001e+03 4.18715793e+01
v 6.84781939e+03 7.06200001e+03 4.32000317e+01
v 6.84785941e+03 7.06200001e+03 4.35248126e+01
v 6.84873165e+03 7.06200001e+03 4.47580448e+01
v 6.84935300e+03 7.06200001e+03 3.68875988e+01
v 6.87003634e+03 7.06200001e+03 3.04611744e+01
v 6.87239777e+03 7.06200001e+03 3.46160438e+01
v 6.87231841e+03 7.06200001e+03 3.46566562e+01
v 6.87456631e+03 7.06200001e+03 4.25251803e+01
v 6.87447565e+03 7.06200001e+03 3.77350820e+01
v 6.87470619e+03 7.06200001e+03 3.65912061e+01
v 6.87261362e+03 7.06200001e+03 3.46510228e+01
v 6.87008186e+03 7.06200001e+03 3.02186638e+01
v 6.87432169e+03 7.06200001e+03 3.56623473e+01
v 6.87012814e+03 7.06200001e+03 3.03652461e+01
v 6.87175442e+03 7.06200001e+03 3.47401877e+01
v 6.81262947e+03 7.06200001e+03 3.86063501e+01
v 6.81200001e+03 7.06200001e+03 3.86512085e+01
v 6.87466944e+03 7.06200001e+03 4.25642606e+01
v 6.87549611e+03 7.06200001e+03 4.28775274e+01
v 6.87549767e+03 7.06200001e+03 4.28778596e+01
v 6.87549999e+03 7.06200001e+03 4.28783544e+01
v 6.87450457e+03 7.06200001e+03 3.75915848e+01
v 6.82248294e+03 7.12549999e+03 5.71133424e+01
v 6.82242298e+03 7.12549999e+03 5.69227976e+01
v 6.82155568e+03 7.12549999e+03 4.88370296e+01
v 6.82157326e+03 7.12549999e+03 5.12354813e+01
v 6.82224237e+03 7.12549999e+03 5.64046978e+01
v 6.82209070e+03 7.12549999e+03 4.55132754e+01
v 6.82234563e+03 7.12549999e+03 4.39153050e+01
v 6.82386240e+03 7.12549999e+03 4.38256935e+01
v 6.82358860e+03 7.12549999e+03 4.38563444e+01
v 6.82421031e+03 7.12549999e+03 4.33525322e+01
v 6.82424151e+03 7.12549999e+03 4.35144192e+01
v 6.83164417e+03 7.12549999e+03 4.12388464e+01
v 6.83115221e+03 7.12549999e+03 4.11894443e+01
v 6.82426692e+03 7.12549999e+03 4.17148676e+01
v 6.82424970e+03 7.12549999e+03 4.38107600e+01
v 6.82872448e+03 7.12549999e+03 4.13596469e+01
v 6.82742483e+03 7.12549999e+03 4.16610601e+01
v 6.82705132e+03 7.12549999e+03 4.16911048e+01
v 6.83291750e+03 7.12549999e+03 4.19056543e+01
v 6.83333993e+03 7.12549999e+03 4.14638799e+01
v 6.83218129e+03 7.12549999e+03 4.13963809e+01
v 6.83179195e+03 7.12549999e+03 4.10904569e+01
v 6.83319562e+03 7.12549999e+03 4.05459548e+01
v 6.83407405e+03 7.12549999e+03 4.05999567e+01
v 6.83432067e+03 7.12549999e+03 4.11566374e+01
v 6.82489333e+03 7.12549999e+03 4.13898899e+01
v 6.82635778e+03 7.12549999e+03 4.13687274e+01
v 6.82542174e+03 7.12549999e+03 4.09011636e+01
v 6.86222371e+03 7.12549999e+03 5.06386537e+01
v 6.86189950e+03 7.12549999e+03 5.02786888e+01
v 6.86338892e+03 7.12549999e+03 5.24989923e+01
v 6.86260648e+03 7.12549999e+03 5.21892809e+01
v 6.86560303e+03 7.12549999e+03 5.01840329e+01
v 6.86446322e+03 7.12549999e+03 5.08646230e+01
v 6.86426940e+03 7.12549999e+03 5.14387111e+01
v 6.86443181e+03 7.12549999e+03 5.09270874e+01
v 6.86442889e+03 7.12549999e+03 5.08943225e+01
v 6.86577050e+03 7.12549999e+03 4.99504422e+01
v 6.86576920e+03 7.12549999e+03 5.01878623e+01
v 6.86354433e+03 7.12549999e+03 5.21577243e+01
v 6.86469607e+03 7.12549999e+03 4.80391369e+01
v 6.86474856e+03 7.12549999e+03 4.80508491e+01
v 6.86558425e+03 7.12549999e+03 4.97873815e+01
v 6.86182503e+03 7.12549999e+03 4.97676283e+01
v 6.86475440e+03 7.12549999e+03 4.81015581e+01
v 6.86476338e+03 7.12549999e+03 4.80928734e+01
v 6.86175566e+03 7.12549999e+03 4.81078463e+01
v 6.86734309e+03 7.12549999e+03 3.38289963e+01
v 6.86510663e+03 7.12549999e+03 3.43332982e+01
v 6.83526959e+03 7.12549999e+03 4.07424719e+01
v 6.83515017e+03 7.12549999e+03 3.96672314e+01
v 6.84661717e+03 7.12549999e+03 3.73849832e+01
v 6.84689399e+03 7.12549999e+03 3.72770562e+01
v 6.86129074e+03 7.12549999e+03 3.48645374e+01
v 6.86218912e+03 7.12549999e+03 3.47595951e+01
v 6.84857816e+03 7.12549999e+03 3.93807507e+01
v 6.85145823e+03 7.12549999e+03 3.93584079e+01
v 6.83819306e+03 7.12549999e+03 3.82020777e+01
v 6.83825718e+03 7.12549999e+03 3.81391178e+01
v 6.83524714e+03 7.12549999e+03 4.09611581e+01
v 6.84686837e+03 7.12549999e+03 3.71475258e+01
v 6.84687595e+03 7.12549999e+03 3.70515287e+01
v 6.84234300e+03 7.12549999e+03 3.74737394e+01
v 6.84423663e+03 7.12549999e+03 3.71031153e+01
v 6.84647922e+03 7.12549999e+03 3.70000100e+01
v 6.84453273e+03 7.12549999e+03 3.90414505e+01
v 6.85161188e+03 7.12549999e+03 3.92363427e+01
v 6.84558234e+03 7.12549999e+03 3.95915585e+01
v 6.84688588e+03 7.12549999e+03 3.91747895e+01
v 6.83790876e+03 7.12549999e+03 3.93516729e+01
v 6.84811606e+03 7.12549999e+03 3.91339141e+01
v 6.83943236e+03 7.12549999e+03 3.73792832e+01
v 6.84039117e+03 7.12549999e+03 3.72253522e+01
v 6.84677440e+03 7.12549999e+03 3.70377283e+01
v 6.84683836e+03 7.12549999e+03 3.70413270e+01
v 6.86871436e+03 7.12549999e+03 3.35693611e+01
v 6.87114877e+03 7.12549999e+03 3.29373087e+01
v 6.86053744e+03 7.12549999e+03 3.58764251e+01
v 6.86020057e+03 7.12549999e+03 3.61083745e+01
v 6.85931020e+03 7.12549999e+03 3.62543454e+01
v 6.85783503e+03 7.12549999e+03 3.69610149e+01
v 6.85750601e+03 7.12549999e+03 3.69264924e+01
v 6.85760507e+03 7.12549999e+03 3.69121566e+01
v 6.85524116e+03 7.12549999e+03 3.77635797e+01
v 6.85487317e+03 7.12549999e+03 3.86805185e+01
v 6.85449703e+03 7.12549999e+03 3.84092928e+01
v 6.85221719e+03 7.12549999e+03 3.91557142e+01
v 6.85175464e+03 7.12549999e+03 3.93181146e+01
v 6.84445027e+03 7.12549999e+03 3.95043632e+01
v 6.83692986e+03 7.12549999e+03 3.93296962e+01
v 6.83583986e+03 7.12549999e+03 3.95207236e+01
v 6.83988575e+03 7.12549999e+03 3.72468312e+01
v 6.86061597e+03 7.12549999e+03 3.51161094e+01
v 6.85604372e+03 7.12549999e+03 3.71500211e+01
v 6.85548456e+03 7.12549999e+03 3.74836994e+01
v 6.87351967e+03 7.12549999e+03 3.38805144e+01
v 6.87416371e+03 7.12549999e+03 3.32034654e+01
v 6.87287056e+03 7.12549999e+03 3.28566120e+01
v 6.81431706e+03 7.12549999e+03 5.75319040e+01
v 6.81200001e+03 7.12549999e+03 5.76506698e+01
v 6.87461719e+03 7.12549999e+03 3.31927443e+01
v 6.87549999e+03 7.12549999e+03 3.31718729e+01
vt 0.06484364 0.59237087
vt 0.082572803 0.58987457
vt 0.077748202 0.60652435
vt 0.064078815 0.62329686
vt 0.079849117 0.577932
vt 0.077792503 0.63178331
vt 0.052373916 0.61413169
vt 0.056375235 0.57287562
vt 0.1005893 0.59069151
vt 0.082614295 0.5973438
vt 0.025612125 0.57552099
vt 0.074935697 0.56276977
vt 0.09716101 0.56067014
vt 0.032120164 0.60294545
vt 0.12362042 0.56708485
vt 0.11015137 0.64481002
vt 0.0040564784 0.57313359
vt 0.036281716 0.54630637
vt 0.081199914 0.54569471
vt 0.12224529 0.58914542
vt 0.12787648 0.54907089
vt 0.14735942 0.61292571
vt 0.0073720915 0.59103578
vt 0.0071399263 0.55451465
vt 0.05911259 0.54616308
vt 0.10013747 0.5455904
vt 0.1424388 0.54104698
vt 0.1478176 0.63802052
vt 0.016836358 0.54357147
vt 0.045051858 0.53099382
vt 0.082768925 0.53097028
vt 0.14238778 0.59723985
vt 0.14938441 0.56802261
vt 0.15155743 0.61646247
vt 0.12276196 0.64900553
vt 0.031883501 0.53013277
vt 0.063754193 0.5269618
vt 0.14074852 0.59137577
vt 0.16059642 0.54610705
vt 0.13215053 0.57313418
vt 0.15599291 0.64152181
vt 0.11320513 0.65350783
vt 0.040048819 0.51689148
vt 0.073503867 0.51734972
vt 0.062701762 0.50765371
vt 0.12791294 0.57945937
vt 0.16225877 0.56498539
vt 0.15721665 0.65218276
vt 0.12775478 0.66808063
vt 0.14268129 0.57725048
vt 0.17133397 0.54752135
vt 0.13650027 0.65789974
vt 0.13347724 0.64660001
vt 0.11497573 0.67019129
vt 0.058253225 0.50084662
vt 0.1510119 0.59037626
vt 0.16904095 0.57073116
vt 0.14876488 0.66925871
vt 0.10232023 0.65962791
vt 0.047371 0.50084931
vt 0.19220921 0.56604731
vt 0.10226341 0.65313077
vt 0.035748787 0.50085199
vt 0.19243062 0.58764863
vt 0.20265947 0.54632288
vt 0.14026926 0.67520791
vt 0.19585989 0.57755262
vt 0.17314108 0.60515821
vt 0.18686409 0.52729201
vt 0.12157978 0.67580479
vt 0.15626578 0.68791783
vt 0.19818649 0.62183553
vt 0.20024921 0.52921987
vt 0.21643174 0.56176662
vt 0.13707335 0.69292319
vt 0.16042638 0.68183255
vt 0.20962471 0.6028471
vt 0.17475227 0.64061922
vt 0.18947355 0.50919658
vt 0.21595009 0.53818226
vt 0.22174187 0.5459255
vt 0.21330756 0.57912636
vt 0.12991448 0.69123697
vt 0.17433812 0.7016958
vt 0.15094894 0.70093453
vt 0.22230211 0.62870085
vt 0.20045133 0.66476589
vt 0.17022735 0.61454535
vt 0.21112946 0.5092231
vt 0.22523224 0.5513038
vt 0.2280492 0.55718178
vt 0.12096161 0.68155777
vt 0.16531603 0.69997185
vt 0.14380355 0.70715624
vt 0.22737794 0.59916919
vt 0.21838464 0.64028907
vt 0.22779137 0.61417067
vt 0.18018572 0.68301868
vt 0.20436673 0.64909947
vt 0.20794278 0.50080019
vt 0.22655372 0.51700288
vt 0.23457643 0.54185212
vt 0.12366985 0.69374347
vt 0.15292874 0.71436846
vt 0.24145445 0.64728117
vt 0.2294163 0.6235044
vt 0.20125771 0.68363857
vt 0.21347655 0.66391146
vt 0.19665542 0.50080419
vt 0.22826651 0.50692785
vt 0.23920426 0.53395593
vt 0.24187562 0.56691051
vt 0.11608086 0.69260198
vt 0.14499097 0.7120201
vt 0.24523094 0.60442495
vt 0.22800061 0.65791136
vt 0.23778181 0.63069093
vt 0.21388249 0.649176
vt 0.21472639 0.70536458
vt 0.21871491 0.50079471
vt 0.24700405 0.51219881
vt 0.25087813 0.52696848
vt 0.2448035 0.54430687
vt 0.24285738 0.55755025
vt 0.24436142 0.57783103
vt 0.10881699 0.70571238
vt 0.13878685 0.72089481
vt 0.24278879 0.59000421
vt 0.24612027 0.67448986
vt 0.25684077 0.64258802
vt 0.24373627 0.70316052
vt 0.19397125 0.72339523
vt 0.10881405 0.69280922
vt 0.13649501 0.70861983
vt 0.14050014 0.70295346
vt 0.14506531 0.73571134
vt 0.26537272 0.63213789
vt 0.226809 0.67265332
vt 0.23848513 0.68922341
vt 0.22996305 0.72563982
vt 0.17466313 0.70283359
vt 0.11931527 0.71469271
vt 0.13086276 0.74359834
vt 0.26838285 0.61218941
vt 0.2738215 0.64355135
vt 0.21845135 0.67409194
vt 0.25786889 0.70767832
vt 0.24104196 0.72695386
vt 0.17370442 0.71237993
vt 0.21280724 0.7385816
vt 0.12669326 0.73508334
vt 0.13790995 0.74858689
vt 0.28624991 0.61970878
vt 0.26033223 0.69589865
vt 0.28934214 0.64320195
vt 0.2033603 0.66793901
vt 0.25306156 0.71140969
vt 0.17675363 0.72375822
vt 0.20194231 0.75901347
vt 0.11190022 0.73171848
vt 0.15009694 0.75752878
vt 0.28534722 0.63652813
vt 0.29062417 0.60973865
vt 0.28334635 0.65603763
vt 0.25954971 0.71312869
vt 0.26501745 0.70907152
vt 0.23288487 0.75848556
vt 0.17301814 0.73324943
vt 0.22232492 0.78501785
vt 0.17574908 0.75599819
vt 0.11989284 0.75933665
vt 0.14397024 0.76480138
vt 0.16236067 0.74188352
vt 0.29318249 0.62246799
vt 0.27431995 0.60067165
vt 0.26647493 0.66790086
vt 0.29332951 0.652197
vt 0.26190111 0.72219712
vt 0.2306533 0.77140057
vt 0.24646223 0.74685556
vt 0.20569949 0.78785276
vt 0.11013734 0.71732509
vt 0.13070947 0.74762172
vt 0.10402914 0.73864126
vt 0.1528412 0.77722514
vt 0.13649872 0.77538884
vt 0.15571339 0.72743821
vt 0.16349529 0.75348008
vt 0.28199637 0.57814729
vt 0.30540326 0.60874617
vt 0.30104667 0.62808561
vt 0.2836237 0.68237752
vt 0.31040323 0.63260669
vt 0.29680759 0.669469
vt 0.25850806 0.74453008
vt 0.2426616 0.76332664
vt 0.16629303 0.73959589
vt 0.22526629 0.80144715
vt 0.23662922 0.7845602
vt 0.17237702 0.78890383
vt 0.10138109 0.74956691
vt 0.164446 0.76103967
vt 0.14702705 0.78039289
vt 0.30169371 0.57980359
vt 0.30378538 0.62077284
vt 0.27682999 0.6933555
vt 0.31407019 0.64675403
vt 0.30078709 0.65481102
vt 0.27689749 0.71621901
vt 0.16966285 0.72336417
vt 0.19308884 0.79760391
vt 0.11571585 0.77955997
vt 0.096058421 0.76162654
vt 0.16368949 0.77451396
vt 0.15238175 0.79222238
vt 0.29908597 0.56492543
vt 0.31199411 0.61655962
vt 0.31479469 0.62451768
vt 0.28657138 0.69657558
vt 0.29116866 0.68582207
vt 0.31185898 0.67885667
vt 0.2970317 0.73680663
vt 0.17976286 0.72109848
vt 0.2077693 0.8101548
vt 0.16699524 0.79794848
vt 0.13205171 0.79602677
vt 0.10784194 0.7763803
vt 0.30953708 0.55564857
vt 0.28432325 0.55595481
vt 0.29479408 0.70238674
vt 0.28863075 0.70938951
vt 0.30480072 0.68547249
vt 0.3222861 0.65129161
vt 0.32173163 0.66422379
vt 0.30311495 0.7125355
vt 0.29095244 0.74371541
vt 0.28378358 0.78653347
vt 0.19787851 0.81475914
vt 0.22643803 0.80359805
vt 0.18870261 0.81331062
vt 0.114104 0.79397058
vt 0.094035715 0.78802425
vt 0.13133885 0.8120032
vt 0.31424984 0.56706178
vt 0.29693496 0.53650779
vt 0.29355866 0.55042899
vt 0.27266979 0.56221122
vt 0.30498409 0.70520085
vt 0.33328336 0.67291898
vt 0.32541412 0.69162571
vt 0.3182278 0.70971358
vt 0.30924577 0.74217802
vt 0.25083598 0.80424869
vt 0.23086326 0.82262862
vt 0.22677608 0.81173468
vt 0.22713666 0.80165368
vt 0.16789854 0.80806184
vt 0.10823507 0.7992667
vt 0.15531933 0.82317209
vt 0.11837898 0.81490541
vt 0.32395387 0.56438613
vt 0.3084808 0.53366685
vt 0.28841045 0.5391345
vt 0.33193865 0.64680707
vt 0.33366051 0.65106869
vt 0.33265015 0.72882301
vt 0.30299488 0.76654732
vt 0.2702558 0.82781756
vt 0.1942254 0.82736862
vt 0.17155945 0.81445807
vt 0.14084117 0.82353967
vt 0.1278574 0.82509661
vt 0.32419023 0.54851866
vt 0.34710968 0.6559971
vt 0.33830401 0.68996298
vt 0.34053323 0.71082705
vt 0.34323215 0.76648104
vt 0.31889892 0.76864743
vt 0.30801538 0.80213159
vt 0.23296657 0.83524936
vt 0.23087707 0.80865163
vt 0.18459684 0.82977962
vt 0.10558701 0.81728339
vt 0.12955031 0.83482629
vt 0.11894398 0.82606113
vt 0.33390805 0.55321074
vt 0.32186508 0.5461731
vt 0.35134682 0.6655724
vt 0.33353049 0.70270729
vt 0.37910351 0.71808434
vt 0.37084362 0.75391251
vt 0.31267551 0.78163993
vt 0.29592642 0.84853852
vt 0.24919766 0.83154958
vt 0.21521404 0.84561086
vt 0.25022513 0.82075584
vt 0.18978123 0.85200381
vt 0.096885465 0.80856258
vt 0.15010096 0.8510052
vt 0.36937198 0.69453651
vt 0.34944206 0.69729298
vt 0.36927167 0.77187186
vt 0.33016533 0.78354943
vt 0.32003978 0.79584146
vt 0.33530495 0.8124727
vt 0.2602317 0.84600574
vt 0.2260838 0.85148662
vt 0.20014055 0.85730481
vt 0.23543009 0.80230975
vt 0.17043556 0.85396099
vt 0.11180863 0.82918102
vt 0.16104275 0.8377105
vt 0.11619491 0.84954953
vt 0.36239639 0.67091978
vt 0.38445735 0.744192
vt 0.39111274 0.7633701
vt 0.35710958 0.78641248
vt 0.36096323 0.84164762
vt 0.25622702 0.83245325
vt 0.24152653 0.84669822
vt 0.22987445 0.85859507
vt 0.20958899 0.86418456
vt 0.24689077 0.80044234
vt 0.09654025 0.83394164
vt 0.1402604 0.86819446
vt 0.38853925 0.71862745
vt 0.40027949 0.68622172
vt 0.374782 0.78465044
vt 0.35352927 0.79727387
vt 0.3083573 0.8828764
vt 0.26004216 0.81979346
vt 0.26529419 0.83897889
vt 0.21506667 0.85773253
vt 0.1983428 0.86259019
vt 0.096929647 0.8458755
vt 0.15959498 0.86176682
vt 0.14740363 0.87572861
vt 0.12249824 0.87751269
vt 0.39895257 0.75246108
vt 0.40100607 0.70566601
vt 0.4010123 0.71903199
vt 0.40100536 0.70155215
vt 0.39272341 0.78808779
vt 0.38623139 0.79294562
vt 0.32229289 0.89454621
vt 0.28207844 0.85695034
vt 0.24138246 0.85709852
vt 0.23724215 0.84157515
vt 0.2272006 0.86332595
vt 0.21820195 0.87579596
vt 0.10056382 0.86301959
vt 0.17720045 0.86623645
vt 0.13879152 0.90236127
vt 0.10226861 0.87430298
vt 0.39015481 0.74134469
vt 0.40102845 0.76587641
vt 0.4010061 0.70575398
vt 0.40101293 0.72097516
vt 0.40100309 0.68724811
vt 0.40103143 0.77655494
vt 0.38521883 0.81720662
vt 0.34882137 0.88876885
vt 0.29701161 0.90682161
vt 0.28108165 0.86711305
vt 0.19289421 0.87626678
vt 0.17686003 0.85661817
vt 0.16461316 0.87243164
vt 0.11583035 0.90820444
vt 0.4010222 0.75507498
vt 0.40102825 0.77229428
vt 0.40100256 0.68606412
vt 0.40104145 0.79571867
vt 0.4010348 0.78656781
vt 0.40104499 0.80142033
vt 0.39254645 0.83998626
vt 0.36215183 0.86759549
vt 0.3488549 0.90286386
vt 0.30288929 0.91394579
vt 0.29513672 0.88179004
vt 0.26463741 0.87778366
vt 0.22181012 0.8917383
vt 0.17905438 0.87557995
vt 0.1534913 0.87128335
vt 0.13772315 0.92667168
vt 0.087310858 0.88428253
vt 0.4010132 0.72154492
vt 0.40102097 0.75325596
vt 0.40104344 0.79753035
vt 0.40104705 0.80921632
vt 0.38790014 0.86729503
vt 0.37166953 0.89734375
vt 0.31711102 0.94161832
vt 0.30111554 0.93540579
vt 0.28846538 0.88807189
vt 0.25324875 0.86842078
vt 0.22769512 0.87921107
vt 0.2021258 0.8886919
vt 0.1671564 0.88044691
vt 0.14292692 0.92449814
vt 0.11554749 0.94532871
vt 0.40105319 0.82835233
vt 0.3971208 0.88557184
vt 0.3851096 0.87194943
vt 0.37313125 0.88571036
vt 0.37124759 0.91086262
vt 0.29514468 0.91139281
vt 0.24861349 0.86355793
vt 0.24972101 0.87767667
vt 0.27034891 0.89589679
vt 0.22607115 0.86801702
vt 0.23541872 0.87795484
vt 0.19086708 0.88229752
vt 0.16971424 0.88690835
vt 0.17023647 0.90211952
vt 0.15005563 0.91817188
vt 0.15608014 0.9513486
vt 0.11516614 0.9563818
vt 0.4010582 0.84382129
vt 0.40107101 0.88225776
vt 0.3760677 0.91433322
vt 0.30369473 0.94903207
vt 0.28208914 0.90829331
vt 0.24318714 0.86877257
vt 0.26191878 0.88629609
vt 0.27821612 0.89813536
vt 0.22658408 0.89695776
vt 0.1923362 0.89968681
vt 0.1769073 0.88278258
vt 0.15337788 0.93116504
vt 0.40107194 0.88706124
vt 0.38917482 0.9100737
vt 0.29135233 0.95385903
vt 0.28128538 0.92066687
vt 0.24785514 0.89389634
vt 0.27128157 0.90834534
vt 0.25862852 0.89886934
vt 0.23721811 0.8644945
vt 0.20881964 0.90322751
vt 0.1823702 0.8870644
vt 0.16235717 0.91390169
vt 0.15888023 0.92291021
vt 0.16492416 0.94377208
vt 0.12297171 0.97788423
vt 0.40107313 0.88851142
vt 0.40107867 0.90714842
vt 0.27660671 0.95860869
vt 0.27536049 0.9728632
vt 0.27409637 0.91206318
vt 0.2743963 0.93593836
vt 0.26350781 0.90496349
vt 0.23990695 0.90166581
vt 0.21388811 0.89424503
vt 0.20350768 0.91359133
vt 0.17506291 0.92043781
vt 0.16790962 0.92978513
vt 0.17680536 0.94794685
vt 0.141349 0.98441374
vt 0.10148986 0.97251099
vt 0.40108162 0.91611242
vt 0.28730866 0.97335613
vt 0.26457796 0.91932875
vt 0.26493499 0.92635924
vt 0.27556789 0.95213413
vt 0.25842413 0.90642887
vt 0.18850839 0.91469479
vt 0.17845052 0.90953922
vt 0.17884812 0.93949819
vt 0.18656927 0.9740296
vt 0.16598921 0.96874058
vt 0.12679945 0.99692363
vt 0.10793079 0.98590183
vt 0.38997188 0.92413241
vt 0.26458666 0.9761132
vt 0.28672442 0.98517406
vt 0.2471002 0.94909179
vt 0.2535944 0.96201169
vt 0.24909236 0.91139877
vt 0.18981932 0.9209398
vt 0.16936833 0.93401021
vt 0.18349567 0.94033396
vt 0.19370164 0.94600654
vt 0.16182427 0.99379808
vt 0.12285072 0.99692488
vt 0.14204696 0.99691796
vt 0.11930789 0.99692565
vt 0.40108463 0.9237566
vt 0.25193805 0.97042769
vt 0.27045885 0.9911142
vt 0.25761196 0.91942751
vt 0.24468364 0.94212419
vt 0.23246653 0.91847056
vt 0.21606736 0.91873211
vt 0.17877254 0.93283534
vt 0.17666981 0.99690801
vt 0.2109632 0.97277027
vt 0.17436396 0.9969089
vt 0.11012262 0.99692643
vt 0.26051179 0.99688119
vt 0.26308215 0.99688023
vt 0.28420061 0.99687654
vt 0.2468061 0.92876887
vt 0.23536929 0.94802254
vt 0.23687467 0.96206617
vt 0.24308562 0.97239649
vt 0.22070338 0.91244429
vt 0.19242918 0.93639612
vt 0.17841366 0.92529851
vt 0.17716947 0.99690783
vt 0.20832528 0.98425281
vt 0.2066683 0.95078176
vt 0.15684299 0.99691427
vt 0.26128578 0.99688095
vt 0.24908639 0.99688423
vt 0.27461073 0.99687856
vt 0.28156757 0.99687672
vt 0.23614591 0.9331969
vt 0.23218744 0.98052108
vt 0.22915091 0.96282512
vt 0.21840391 0.92217523
vt 0.23024656 0.90208131
vt 0.20482935 0.93435311
vt 0.1774631 0.99690771
vt 0.19164921 0.98069334
vt 0.22132772 0.94909149
vt 0.23049138 0.94208986
vt 0.22406808 0.92751628
vt 0.22027208 0.93755782
vt 0.214654 0.93934023
vt 0.2268663 0.95372772
vt 0.22043391 0.95925617
vt 0.23645926 0.41466427
vt 0.24725355 0.42010856
vt 0.22112432 0.42380166
vt 0.22683151 0.4096126
vt 0.2416956 0.40841627
vt 0.23860469 0.43232012
vt 0.21684293 0.40096217
vt 0.25610363 0.40432161
vt 0.23110799 0.44239289
vt 0.20411603 0.40632349
vt 0.22846822 0.39392465
vt 0.26801616 0.41975713
vt 0.24110632 0.39274859
vt 0.21818693 0.44812667
vt 0.19505601 0.43633711
vt 0.21487506 0.39649016
vt 0.25054336 0.42761797
vt 0.26020879 0.40050578
vt 0.2135625 0.46406269
vt 0.21004073 0.38224202
vt 0.23292972 0.38829428
vt 0.26854482 0.38950372
vt 0.20608945 0.39265782
vt 0.23018187 0.38134509
vt 0.27146122 0.40739918
vt 0.25681925 0.38520062
vt 0.18986283 0.46091121
vt 0.21605688 0.37222707
vt 0.25945118 0.40965015
vt 0.20233601 0.47783732
vt 0.20373903 0.37103254
vt 0.23418796 0.37025338
vt 0.23821597 0.37418956
vt 0.20409854 0.48366463
vt 0.18639109 0.47212726
vt 0.19569063 0.38189751
vt 0.2051571 0.35904616
vt 0.22628199 0.36196899
vt 0.25406498 0.37496036
vt 0.19254893 0.48239744
vt 0.17890465 0.46385324
vt 0.19830647 0.42124844
vt 0.18991105 0.37514657
vt 0.1903227 0.35799181
vt 0.2449761 0.35791975
vt 0.25351402 0.36581206
vt 0.18904674 0.45376742
vt 0.18079229 0.4826628
vt 0.16765223 0.4232384
vt 0.17075644 0.38522589
vt 0.16925058 0.48504245
vt 0.17377321 0.4013114
vt 0.16813366 0.37738526
vt 0.16065562 0.45055503
vt 0.15746561 0.47857302
vt 0.1509226 0.37807739
vt 0.16728775 0.3601864
vt 0.1695192 0.4612506
vt 0.14581302 0.45034373
vt 0.14939643 0.49568504
vt 0.15840213 0.46375293
vt 0.13896233 0.41981846
vt 0.1409869 0.39413071
vt 0.15304796 0.37058747
vt 0.16918659 0.49539828
vt 0.13681193 0.47547877
vt 0.12877733 0.37703073
vt 0.12938504 0.44744176
vt 0.12981434 0.48784524
vt 0.11198845 0.41256064
vt 0.13925222 0.45504612
vt 0.12072221 0.47527736
vt 0.084798381 0.390347
vt 0.11046614 0.44874388
vt 0.10930678 0.47979963
vt 0.13018304 0.47224265
vt 0.10579744 0.37880892
vt 0.070186444 0.44143152
vt 0.072903328 0.44517922
vt 0.11254223 0.48943436
vt 0.08724007 0.38223296
vt 0.11241034 0.36944437
vt 0.067913786 0.43833303
vt 0.09653718 0.47132158
vt 0.10514956 0.48917365
vt 0.063104585 0.37702882
vt 0.097678065 0.37180877
vt 0.063291945 0.43207836
vt 0.083957396 0.46036422
vt 0.1008798 0.48255473
vt 0.10689813 0.49319661
vt 0.097138472 0.4778403
vt 0.076640293 0.37542039
vt 0.052593786 0.37788272
vt 0.095046148 0.35675579
vt 0.092322282 0.47189295
vt 0.10022625 0.48156148
vt 0.076310664 0.36202997
vt 0.031542994 0.38878918
vt 0.035890214 0.34968483
vt 0.023726961 0.37748587
vt 0.0086784884 0.34862667
vt 0.0046170736 0.35131133
vt 0.024802741 0.33849287
vt 0.026975749 0.33690524
vt 0.12736455 0.11527729
vt 0.093723796 0.12055939
vt 0.10615844 0.1089502
vt 0.11458007 0.10231578
vt 0.11041334 0.12767345
vt 0.097806878 0.10085976
vt 0.10169765 0.14375669
vt 0.080468312 0.10575223
vt 0.094806463 0.095308363
vt 0.077476606 0.13870484
vt 0.12447501 0.15123403
vt 0.073731512 0.088971198
vt 0.11811032 0.17280245
vt 0.1364201 0.13079071
vt 0.053408071 0.11644882
vt 0.004204385 0.12744397
vt 0.12363146 0.11719596
vt 0.1409031 0.1425069
vt 0.14152688 0.17569739
vt 0.053492721 0.095706582
vt 0.026836814 0.19543272
vt 0.1671256 0.14661139
vt 0.15900958 0.17051679
vt 0.14924619 0.16904384
vt 0.046873789 0.099571466
vt 0.07869833 0.23202759
vt 0.17081499 0.15695798
vt 0.15264973 0.13257378
vt 0.041141983 0.087630153
vt 0.11379118 0.21093696
vt 0.046005778 0.24617416
vt 0.20059837 0.1427508
vt 0.16951929 0.13602394
vt 0.14723477 0.19113582
vt 0.20126586 0.14360142
vt 0.18377928 0.1336233
vt 0.056527704 0.10545546
vt 0.2008553 0.15363163
vt 0.20128955 0.14283729
vt 0.20218211 0.1336363
vt 0.20132592 0.14246601
vt 0.056527704 0.85545546
vt 0.053408071 0.86644882
vt 0.046873789 0.84957147
vt 0.34517729 0.15342665
vt 0.35060742 0.16417032
vt 0.32484531 0.15889585
vt 0.32126805 0.14819598
vt 0.36483482 0.15115964
vt 0.31659794 0.16469562
vt 0.3310858 0.13696009
vt 0.38638872 0.15656322
vt 0.32606542 0.19210249
vt 0.31334892 0.14720029
vt 0.31655407 0.13959265
vt 0.35132229 0.20351213
vt 0.31183967 0.18247616
vt 0.29832116 0.1463685
vt 0.32013208 0.12827271
vt 0.37454611 0.19604468
vt 0.29602563 0.17421401
vt 0.3337152 0.19978553
vt 0.30260336 0.1374293
vt 0.33423105 0.12918931
vt 0.36504495 0.21368659
vt 0.39097697 0.17921126
vt 0.33846119 0.23441869
vt 0.32064974 0.20321202
vt 0.29529014 0.13369316
vt 0.32060209 0.11877817
vt 0.38122573 0.21348184
vt 0.40085837 0.16291732
vt 0.38320625 0.2000702
vt 0.31221682 0.23591489
vt 0.36586371 0.22605759
vt 0.31681457 0.21759039
vt 0.28134421 0.16172004
vt 0.29772463 0.12230021
vt 0.38562703 0.20648003
vt 0.38504845 0.22632116
vt 0.40662143 0.15570539
vt 0.42250618 0.16316128
vt 0.35793242 0.24177796
vt 0.36848584 0.2185877
vt 0.30627206 0.20657837
vt 0.27363539 0.13362658
vt 0.30388868 0.11312532
vt 0.40829259 0.178765
vt 0.39488819 0.21030849
vt 0.30679068 0.22462738
vt 0.37489721 0.24522966
vt 0.39785042 0.24548966
vt 0.30405843 0.21180028
vt 0.30926156 0.19436473
vt 0.28672138 0.10991138
vt 0.25450268 0.14635074
vt 0.27929893 0.1241585
vt 0.41892499 0.15461802
vt 0.38873395 0.1972186
vt 0.4007723 0.23756498
vt 0.32210481 0.19205415
vt 0.29770923 0.19510704
vt 0.25450507 0.1549592
vt 0.25449848 0.13211685
vt 0.44707891 0.17791885
vt 0.40836343 0.20380783
vt 0.29481542 0.21782726
vt 0.31138623 0.18559939
vt 0.27753317 0.18741488
vt 0.27267939 0.11328858
vt 0.26394039 0.16903973
vt 0.25449744 0.13077986
vt 0.42910653 0.17574549
vt 0.40128997 0.19324023
vt 0.41270682 0.21567774
vt 0.2930907 0.18199128
vt 0.28783083 0.20071054
vt 0.25449216 0.12622005
vt 0.25450641 0.16079813
vt 0.42881602 0.18333769
vt 0.41460687 0.17411768
vt 0.39166525 0.19019771
vt 0.42503417 0.19984341
vt 0.42379755 0.20759314
vt 0.26948956 0.1909675
vt 0.25449207 0.12587225
vt 0.43851703 0.18802011
vt 0.410175 0.18331051
vt 0.42086962 0.18832481
vt 0.42366934 0.22170293
vt 0.28176048 0.2092821
vt 0.26239553 0.19770503
vt 0.25448874 0.11674988
vt 0.44027898 0.19353473
vt 0.42989758 0.191347
vt 0.392344 0.1810199
vt 0.42966074 0.21112013
vt 0.28247613 0.21924299
vt 0.25708693 0.202779
vt 0.37007335 0.94148153
vt 0.37766254 0.9650321
vt 0.35822862 0.9584837
vt 0.34018725 0.94978321
vt 0.3903811 0.95122546
vt 0.33498561 0.95784974
vt 0.40033388 0.93609703
vt 0.40136725 0.96268338
vt 0.31615612 0.95858818
vt 0.41940516 0.94713569
vt 0.3256641 0.96559596
vt 0.43652177 0.93956244
vt 0.42943013 0.96082056
vt 0.45247847 0.95160443
vt 0.45566323 0.96283859
vt 0.4797079 0.96110326
vt 0.37279156 0.48482382
vt 0.35880324 0.48481059
vt 0.36107689 0.43495005
vt 0.38055861 0.42734969
vt 0.34432504 0.49423963
vt 0.32389247 0.45149511
vt 0.36268219 0.39821494
vt 0.38244998 0.46064168
vt 0.32173383 0.48582274
vt 0.42057836 0.49256241
vt 0.32795283 0.4408254
vt 0.32161832 0.455185
vt 0.35403973 0.40136945
vt 0.37625372 0.39514935
vt 0.44567209 0.43537343
vt 0.31958708 0.48958337
vt 0.32535264 0.42544895
vt 0.32169276 0.45161051
vt 0.38760757 0.39813775
vt 0.44011927 0.39558417
vt 0.44376692 0.47785074
vt 0.31630632 0.4957251
vt 0.32154199 0.41938198
vt 0.44573632 0.3932237
vt 0.464268 0.47689801
vt 0.3214007 0.41170144
vt 0.44025922 0.38592148
vt 0.46463624 0.42752934
vt 0.46962622 0.48969173
vt 0.32115436 0.40619212
vt 0.40695003 0.38835233
vt 0.45938107 0.38620156
vt 0.46830732 0.39163643
vt 0.32396808 0.40100574
vt 0.42667183 0.38053149
vt 0.44197753 0.37602746
vt 0.46326649 0.37779081
vt 0.47807747 0.38645977
vt 0.47270775 0.38069135
vt 0.50444967 0.86339229
vt 0.59398383 0.88979989
vt 0.50445861 0.89779341
vt 0.52885246 0.84896773
vt 0.50449085 0.99387515
vt 0.50444561 0.84822309
vt 0.63543409 0.916605
vt 0.5044418 0.8345477
vt 0.50449145 0.99585897
vt 0.58639359 0.99691153
vt 0.52259463 0.99693096
vt 0.50449187 0.9969365
vt 0.69477099 0.90336525
vt 0.6905008 0.89518505
vt 0.72463971 0.90437466
vt 0.71697921 0.94394577
vt 0.73148978 0.89857119
vt 0.69636512 0.93773794
vt 0.73707479 0.88543946
vt 0.74129182 0.90752238
vt 0.69564754 0.98356247
vt 0.71634066 0.87879455
vt 0.75480181 0.89922744
vt 0.73039293 0.91347104
vt 0.718606 0.97328174
vt 0.70373172 0.87740338
vt 0.72568482 0.87452698
vt 0.77587849 0.90821493
vt 0.77971077 0.97849178
vt 0.69565052 0.99300086
vt 0.71744102 0.86805105
vt 0.78454268 0.90029126
vt 0.78694135 0.94269365
vt 0.78975815 0.99429494
vt 0.78954083 0.99538732
vt 0.72508973 0.86238921
vt 0.78313905 0.89887196
vt 0.78445494 0.90609956
vt 0.79041278 0.99138457
vt 0.79290211 0.94223416
vt 0.78316879 0.89688367
vt 0.78553498 0.90143132
vt 0.72235179 0.92288446
vt 0.79283822 0.95849228
vt 0.76442248 0.88455886
vt 0.79003966 0.90606147
vt 0.79096347 0.91780066
vt 0.78328186 0.89588845
vt 0.7754851 0.88784033
vt 0.78307682 0.88455391
vt 0.90629154 0.92277855
vt 0.94136405 0.91599512
vt 0.93835151 0.92501879
vt 0.93219489 0.92750794
vt 0.91367042 0.9083758
vt 0.94835871 0.92024374
vt 0.9285742 0.93649054
vt 0.873263 0.90799028
vt 0.93103164 0.93419635
vt 0.9142893 0.9332732
vt 0.85372084 0.91811502
vt 0.87911111 0.89710087
vt 0.9304322 0.93749177
vt 0.92441851 0.95526594
vt 0.90074915 0.93890071
vt 0.87651539 0.93092418
vt 0.85295826 0.90267622
vt 0.93123573 0.95168871
vt 0.8597132 0.93256438
vt 0.83598316 0.91887212
vt 0.92985773 0.95707178
vt 0.88547605 0.95195615
vt 0.86474448 0.95958757
vt 0.82405508 0.93302709
vt 0.92862105 0.95766562
vt 0.85777301 0.94839185
vt 0.85142839 0.92552012
vt 0.9223271 0.95907539
vt 0.8345716 0.97160143
vt 0.83786744 0.95480573
vt 0.83790576 0.93914837
vt 0.87639362 0.9727633
vt 0.84643477 0.98453009
vt 0.86714518 0.97740573
vt 0.82672554 0.99307019
vt 0.81911868 0.99490416
vt 0.82212043 0.98150283
vt 0.81668246 0.99512953
vt 0.57063425 0.81723267
vt 0.5788846 0.81828153
vt 0.57309639 0.84554434
vt 0.56738752 0.80546069
vt 0.58170509 0.82681483
vt 0.56731325 0.79452586
vt 0.59677213 0.82297003
vt 0.5766682 0.77596295
vt 0.61065453 0.85537916
vt 0.57875878 0.82393122
vt 0.5685668 0.77437043
vt 0.59010482 0.78409088
vt 0.63651311 0.83139086
vt 0.58873594 0.81122404
vt 0.60069281 0.78961623
vt 0.58665609 0.77442276
vt 0.60973173 0.8193239
vt 0.65011817 0.86596584
vt 0.60288465 0.81134057
vt 0.60086638 0.78150475
vt 0.61584872 0.79736835
vt 0.65828753 0.83577943
vt 0.57697397 0.82331222
vt 0.6575312 0.78490973
vt 0.68626368 0.87019968
vt 0.62540191 0.77550405
vt 0.68221897 0.81834137
vt 0.6057384 0.78099877
vt 0.68215835 0.78222978
vt 0.69505042 0.82928652
vt 0.68327039 0.77649987
vt 0.66762263 0.77588356
vt 0.79106784 0.87322599
vt 0.80080706 0.8753289
vt 0.78455555 0.88732171
vt 0.81232971 0.88815588
vt 0.81002074 0.87380397
vt 0.80331296 0.90150565
vt 0.8208521 0.87143004
vt 0.83974165 0.87738246
vt 0.854159 0.88413411
vt 0.83587122 0.86376941
vt 0.85271829 0.87427258
vt 0.85267472 0.8672173
vt 0.8677063 0.89615726
vt 0.87303197 0.88358873
vt 0.86880779 0.87510121
vt 0.8551001 0.87164021
vt 0.87648815 0.88083053
vt 0.90554607 0.85438102
vt 0.052060794 0.9678731
vt 0.0714247 0.96096736
vt 0.058491651 0.97113246
vt 0.55721653 0.79005647
vt 0.52303821 0.80344635
vt 0.55021793 0.78911638
vt 0.54521376 0.80331165
vt 0.52748942 0.78562582
vt 0.55967396 0.80222923
vt 0.53507608 0.81485689
vt 0.51006562 0.78204137
vt 0.56247407 0.79164684
vt 0.54998499 0.81088537
vt 0.51159 0.82151473
vt 0.5399766 0.8297317
vt 0.49749511 0.80718315
vt 0.55818337 0.81265217
vt 0.52734667 0.82742453
vt 0.50353175 0.81631219
vt 0.49938259 0.78009737
vt 0.51280493 0.83007514
vt 0.52925289 0.84693789
vt 0.46558493 0.78301138
vt 0.49617124 0.82114857
vt 0.48041621 0.77577019
vt 0.47610027 0.81929725
vt 0.48656571 0.829261
vt 0.46700364 0.77458495
vt 0.44468924 0.78954649
vt 0.49478003 0.82873416
vt 0.44474658 0.78889197
vt 0.44454363 0.79116315
vt 0.49237648 0.84152824
vt 0.45204118 0.8334772
vt 0.48473126 0.83784342
vt 0.47559449 0.83214045
vt 0.44093242 0.8324362
vt 0.46229863 0.83920979
vt 0.47556821 0.84145802
vt 0.48319933 0.84154826
vt 0.46969044 0.8499676
vt 0.497374 0.84723753
vt 0.46515125 0.84745389
vt 0.47361517 0.86165392
vt 0.49079108 0.87050545
vt 0.48271373 0.92831165
vt 0.49568337 0.93765217
vt 0.4774766 0.9547317
vt 0.93311292 0.85096401
vt 0.92241824 0.85614377
vt 0.92189616 0.84134996
vt 0.93731517 0.84163135
vt 0.9380126 0.86385459
vt 0.9034304 0.83979326
vt 0.92892188 0.81179762
vt 0.94478923 0.84993273
vt 0.90849203 0.82658798
vt 0.94389176 0.83462405
vt 0.94952005 0.85437799
vt 0.89754796 0.8290832
vt 0.95950264 0.82015216
vt 0.91460055 0.80419421
vt 0.95474792 0.83601689
vt 0.96307939 0.85232925
vt 0.88234866 0.83628148
vt 0.88948065 0.82019186
vt 0.95780945 0.80892867
vt 0.90740007 0.81680453
vt 0.96020883 0.86969167
vt 0.87832987 0.82490754
vt 0.97043562 0.81288087
vt 0.97304893 0.83034205
vt 0.97934091 0.8368305
vt 0.97264814 0.87014633
vt 0.90449452 0.81356686
vt 0.97202212 0.81741273
vt 0.97393131 0.84556794
vt 0.98562056 0.85940778
vt 0.98562753 0.82195556
vt 0.99044585 0.85186374
vt 0.97410268 0.85063642
vt 0.99702793 0.8320778
vt 0.98046887 0.8167609
vt 0.99876326 0.84254634
vt 0.77802736 0.82877886
vt 0.78384352 0.82754272
vt 0.77918935 0.8392868
vt 0.76958776 0.83896708
vt 0.79210371 0.82984114
vt 0.7519961 0.84922665
vt 0.80689877 0.82175285
vt 0.74560696 0.8386476
vt 0.79944873 0.81818312
vt 0.74940294 0.85419238
vt 0.73982358 0.84633648
vt 0.73310792 0.85836852
vt 0.74234831 0.82626337
vt 0.74594504 0.86101359
vt 0.69806433 0.86630821
vt 0.74874318 0.82294095
vt 0.69176006 0.87163895
vt 0.74552566 0.81674361
vt 0.73909664 0.82282215
vt 0.10782269 0.92878067
vt 0.098699704 0.93381023
vt 0.10158306 0.92407393
vt 0.094544798 0.91710103
vt 0.083676443 0.92852575
vt 0.081882946 0.90646225
vt 0.070978791 0.91678268
vt 0.069794618 0.92622215
vt 0.070667692 0.90688699
vt 0.066576295 0.91756862
vt 0.07059066 0.88910383
vt 0.062987059 0.90440714
vt 0.086420089 0.89831281
vt 0.059906818 0.88107681
vt 0.084671386 0.88340306
vt 0.090379857 0.90965587
vt 0.070231982 0.87645233
vt 0.050354984 0.88495111
vt 0.085302547 0.91422874
vt 0.048838541 0.90303963
vt 0.05314612 0.87590063
vt 0.035420083 0.89652514
vt 0.039221711 0.87870914
vt 0.025327478 0.89903712
vt 0.013805592 0.88016212
vt 0.011254926 0.89943141
vt 0.0040535992 0.88790596
vt 0.0030997812 0.8766892
vt 0.66213489 0.99126422
vt 0.63884157 0.9927513
vt 0.66223192 0.97847301
vt 0.68121248 0.98636651
vt 0.63740903 0.9774276
vt 0.67801136 0.96321976
vt 0.66128492 0.95789361
vt 0.60312271 0.98304331
vt 0.69413543 0.97068155
vt 0.66817653 0.96224546
vt 0.63613212 0.95867956
vt 0.61940813 0.99159467
vt 0.62188703 0.95875031
vt 0.6028707 0.99287206
vt 0.60294211 0.98213345
vt 0.60281348 0.99053448
vt 0.61091137 0.96031213
vt 0.59705853 0.99111778
vt 0.59675962 0.99572122
vt 0.60222626 0.99311745
vt 0.84712559 0.82608145
vt 0.84570765 0.81598687
vt 0.85076833 0.82330632
vt 0.85420972 0.852705
vt 0.8267507 0.82262808
vt 0.86406392 0.81779975
vt 0.84066027 0.84107912
vt 0.86999309 0.84770596
vt 0.82457495 0.84155273
vt 0.83596271 0.80601776
vt 0.8459084 0.80603987
vt 0.84351629 0.85693628
vt 0.85639256 0.85884672
vt 0.83889127 0.79060471
vt 0.82397878 0.80973923
vt 0.85193294 0.77690297
vt 0.8743124 0.83048934
vt 0.85093004 0.8607223
vt 0.82955581 0.84858149
vt 0.88064867 0.85925013
vt 0.8541587 0.86177802
vt 0.82471371 0.79580748
vt 0.81688952 0.81403756
vt 0.82066107 0.80121928
vt 0.86659521 0.80560839
vt 0.88225031 0.85463238
vt 0.82286078 0.84450638
vt 0.87081313 0.87171012
vt 0.86141241 0.78605902
vt 0.87996405 0.83903134
vt 0.87952858 0.8186928
vt 0.85857332 0.86409134
vt 0.81683022 0.79822433
vt 0.81951618 0.79768658
vt 0.81691325 0.7981419
vt 0.051186025 0.93189138
vt 0.058836024 0.92959201
vt 0.059002455 0.95339924
vt 0.051375277 0.95304936
vt 0.072340988 0.95156723
vt 0.045382779 0.94131851
vt 0.067754962 0.93016672
vt 0.04398543 0.95239753
vt 0.043351725 0.92930359
vt 0.037610598 0.95594662
vt 0.035892986 0.93668807
vt 0.03926703 0.96211511
vt 0.03327268 0.92647552
vt 0.032572817 0.96845192
vt 0.043449674 0.97018254
vt 0.03248414 0.90805161
vt 0.025122015 0.92086327
vt 0.039618418 0.98859715
vt 0.011567703 0.92577064
vt 0.018675825 0.90551221
vt 0.031575937 0.98393106
vt 0.014019465 0.90929031
vt 0.038016226 0.99622351
vt 0.025254555 0.97877848
vt 0.003249727 0.90810317
vt 0.018681291 0.97657615
vt 0.0068208277 0.90218204
vt 0.94182944 0.90249228
vt 0.95333278 0.90727574
vt 0.96882153 0.93700182
vt 0.94314259 0.91174024
vt 0.95766175 0.9316783
vt 0.97108382 0.94837916
vt 0.97481591 0.94368023
vt 0.9777863 0.99534237
vt 0.73163253 0.77353138
vt 0.7180717 0.76648951
vt 0.7167502 0.74942976
vt 0.74062431 0.74941027
vt 0.71767503 0.78258127
vt 0.69474924 0.76284575
vt 0.71639049 0.74490547
vt 0.74088198 0.79449183
vt 0.72803646 0.78617787
vt 0.71026582 0.78137696
vt 0.71109802 0.77232504
vt 0.69132876 0.74491405
vt 0.73763281 0.7448988
vt 0.71348345 0.74490643
vt 0.7637226 0.77835518
vt 0.72663498 0.79716593
vt 0.71270233 0.74490666
vt 0.74115992 0.74489856
vt 0.72881204 0.79184008
vt 0.75889844 0.74489319
vt 0.74926072 0.7986623
vt 0.71672052 0.79735136
vt 0.75449175 0.74489439
vt 0.75951868 0.74489319
vt 0.76367319 0.8061586
vt 0.71934199 0.80817181
vt 0.71304244 0.78617525
vt 0.77134305 0.76469636
vt 0.78139722 0.79995066
vt 0.72980082 0.80867583
vt 0.77739459 0.75374317
vt 0.76120478 0.74489248
vt 0.78377128 0.76259971
vt 0.77454382 0.74488521
vt 0.78376615 0.75745916
vt 0.78377301 0.79001474
vt 0.78377312 0.79778528
vt 0.78377366 0.80066097
vt 0.80910271 0.93793321
vt 0.80115998 0.93821758
vt 0.80527782 0.90833545
vt 0.81330615 0.90473425
vt 0.80147082 0.96243918
vt 0.80158627 0.90738761
vt 0.81335598 0.93118727
vt 0.80837244 0.97747946
vt 0.81277353 0.96554679
vt 0.80004156 0.97597945
vt 0.81342572 0.98286521
vt 0.80319148 0.98457474
vt 0.80603027 0.99275368
vt 0.81222939 0.99525565
vt 0.50279361 0.96320283
vt 0.49457887 0.96124041
vt 0.47047985 0.950634
vt 0.47403175 0.95522457
vt 0.49672365 0.96393436
vt 0.44960204 0.9485634
vt 0.45291227 0.9334088
vt 0.44399038 0.94414896
vt 0.4714233 0.93834871
vt 0.45581171 0.9136973
vt 0.4362241 0.90858054
vt 0.43124011 0.92180461
vt 0.44450715 0.9428131
vt 0.40976182 0.92355901
vt 0.4190869 0.90928054
vt 0.3663612 0.99557889
vt 0.33900005 0.99534547
vt 0.34269753 0.98641741
vt 0.37934315 0.98667443
vt 0.40050337 0.99633765
vt 0.42401561 0.98838884
vt 0.41576174 0.99698532
vt 0.4405399 0.87837952
vt 0.46067801 0.88271666
vt 0.45940796 0.89167976
vt 0.44507593 0.89426905
vt 0.4588654 0.86922765
vt 0.47466415 0.88377762
vt 0.45372969 0.90179247
vt 0.42306811 0.87898964
vt 0.44777316 0.86468554
vt 0.48098242 0.87383938
vt 0.42272839 0.86765504
vt 0.42541319 0.89462471
vt 0.4351469 0.86549163
vt 0.49221918 0.87269425
vt 0.41991469 0.88563907
vt 0.49351376 0.88381755
vt 0.41338533 0.88402927
vt 0.40949249 0.89478076
vt 0.4226706 0.89904588
vt 0.083482072 0.77224123
vt 0.086385265 0.77283812
vt 0.085555971 0.77486145
vt 0.067451149 0.77594686
vt 0.086748466 0.77243382
vt 0.085134588 0.76395679
vt 0.080719791 0.75526315
vt 0.061872479 0.76007557
vt 0.051226351 0.76022899
vt 0.054206517 0.78523344
vt 0.041717663 0.75458914
vt 0.043491658 0.77506369
vt 0.042563155 0.75216705
vt 0.040075943 0.75781882
vt 0.045828935 0.78574461
vt 0.025029413 0.77399278
vt 0.048939735 0.74826467
vt 0.024011413 0.76851213
vt 0.059890985 0.79339063
vt 0.047845237 0.79578316
vt 0.019408366 0.77206469
vt 0.049178101 0.8025167
vt 0.043119099 0.79934579
vt 0.011497793 0.78456473
vt 0.0098917913 0.77946913
vt 0.025761332 0.7980454
vt 0.014981827 0.7945742
vt 0.016095411 0.80866116
vt 0.0045703137 0.797454
vt 0.8984533 0.75405824
vt 0.91604602 0.75301874
vt 0.90230978 0.78520983
vt 0.88685668 0.76649189
vt 0.92385399 0.77324802
vt 0.89544982 0.74750471
vt 0.93087721 0.7654947
vt 0.9177838 0.79398799
vt 0.89332885 0.73849988
vt 0.90107596 0.73081779
vt 0.9351666 0.74672145
vt 0.93607169 0.77384353
vt 0.92655981 0.79042846
vt 0.91135114 0.79920346
vt 0.87827164 0.75598848
vt 0.91574967 0.74324381
vt 0.94130945 0.76878369
vt 0.92327696 0.80852717
vt 0.88614607 0.73556525
vt 0.92047107 0.72681987
vt 0.95406413 0.7688061
vt 0.9313401 0.80525368
vt 0.88752806 0.73177212
vt 0.94322306 0.74272621
vt 0.95447785 0.75905812
vt 0.64862764 0.92786336
vt 0.64425772 0.93039054
vt 0.64367527 0.89603102
vt 0.64974487 0.88865882
vt 0.64687574 0.94679588
vt 0.6437251 0.869578
vt 0.65587127 0.90306133
vt 0.65698969 0.9408232
vt 0.64966494 0.86840767
vt 0.65556043 0.92728293
vt 0.65544498 0.87223136
vt 0.65383977 0.94941849
vt 0.45775849 0.71511412
vt 0.45969617 0.71855843
vt 0.44145939 0.729388
vt 0.45695642 0.69758886
vt 0.47421652 0.7060672
vt 0.45351395 0.74545979
vt 0.47343576 0.69047463
vt 0.52042407 0.72055393
vt 0.51128376 0.69076848
vt 0.47958982 0.6807453
vt 0.52087414 0.69254196
vt 0.49609604 0.67421043
vt 0.51718426 0.68820953
vt 0.51613432 0.6760174
vt 0.51601613 0.6839174
vt 0.51894623 0.68482012
vt 0.5166164 0.68429965
vt 0.51578313 0.74533713
vt 0.52730304 0.76441729
vt 0.5089255 0.76159358
vt 0.53676069 0.76334333
vt 0.50417817 0.77621967
vt 0.53628796 0.73954457
vt 0.54064333 0.76968032
vt 0.52294278 0.73301083
vt 0.55210561 0.76204491
vt 0.54515767 0.76638311
vt 0.5341478 0.72918224
vt 0.5522784 0.73075175
vt 0.52976441 0.71984464
vt 0.54633301 0.71900839
vt 0.52273947 0.70814836
vt 0.53146797 0.71339762
vt 0.54030192 0.70562696
vt 0.52489293 0.69974202
vt 0.068010695 0.98209333
vt 0.083355613 0.98079491
vt 0.073649041 0.98790443
vt 0.085862085 0.99619663
vt 0.078798227 0.99517763
vt 0.41577217 0.98147619
vt 0.42631817 0.97655559
vt 0.43654019 0.99318814
vt 0.39621747 0.97921395
vt 0.43974569 0.98120064
vt 0.38579437 0.98612916
vt 0.44654661 0.97533488
vt 0.37806332 0.987459
vt 0.43809879 0.99595714
vt 0.44876891 0.98339158
vt 0.45524982 0.97693855
vt 0.05474285 0.74022925
vt 0.067466184 0.72677314
vt 0.083232753 0.7196635
vt 0.048986133 0.73796427
vt 0.048904549 0.72346616
vt 0.034884453 0.74536371
vt 0.072760083 0.70880365
vt 0.055550408 0.71373081
vt 0.089766726 0.71927595
vt 0.066450015 0.7015444
vt 0.092908852 0.71091449
vt 0.10757438 0.72678512
vt 0.075728156 0.69486737
vt 0.10232551 0.73120892
vt 0.083511636 0.69640106
vt 0.082016878 0.73693717
vt 0.95098197 0.98549652
vt 0.93022907 0.98223424
vt 0.93247598 0.97592771
vt 0.94206417 0.99552119
vt 0.90694863 0.98463756
vt 0.87946838 0.97397679
vt 0.92352104 0.99213862
vt 0.88800138 0.97976059
vt 0.57173079 0.77720785
vt 0.56608707 0.76147401
vt 0.58894771 0.76457095
vt 0.58900863 0.74794531
vt 0.57859373 0.74465752
vt 0.59609503 0.75275123
vt 0.59041661 0.73776013
vt 0.60909522 0.76140779
vt 0.60134345 0.73922777
vt 0.61797392 0.75239211
vt 0.63702226 0.74981093
vt 0.62968433 0.73808479
vt 0.80260116 0.76122302
vt 0.79634547 0.76538885
vt 0.78724271 0.76047689
vt 0.78603905 0.75181246
vt 0.79750353 0.74460757
vt 0.80677521 0.74382222
vt 0.80956507 0.75777698
vt 0.82142347 0.75811267
vt 0.81434858 0.7726481
vt 0.82290536 0.74049902
vt 0.82742399 0.76499867
vt 0.83504283 0.74870312
vt 0.83309007 0.75769389
vt 0.83235544 0.77773166
vt 0.8441869 0.73863125
vt 0.84828901 0.75972921
vt 0.84117079 0.76777929
vt 0.84207404 0.73519236
vt 0.85315347 0.74974835
vt 0.8340463 0.72700238
vt 0.83772081 0.72853243
vt 0.8554287 0.75279748
vt 0.83640963 0.72548771
vt 0.66372627 0.72161508
vt 0.67383856 0.72109735
vt 0.67096859 0.73019743
vt 0.67876863 0.7045244
vt 0.68064481 0.72768068
vt 0.65525204 0.71191943
vt 0.68855768 0.7093609
vt 0.69936806 0.71847349
vt 0.67218584 0.73712754
vt 0.65327787 0.70487827
vt 0.69507515 0.6955561
vt 0.68424308 0.73339885
vt 0.62815219 0.6995489
vt 0.66932756 0.69661373
vt 0.66008347 0.68447113
vt 0.68108261 0.74590838
vt 0.99332243 0.96819836
vt 0.98251021 0.97434819
vt 0.97238737 0.92616189
vt 0.98289704 0.9825353
vt 0.99676961 0.98615444
vt 0.98314571 0.99583054
vt 0.97556239 0.98715323
vt 0.94603878 0.71445978
vt 0.96380293 0.71502483
vt 0.94761133 0.73090196
vt 0.96402103 0.6949451
vt 0.96308166 0.72995865
vt 0.97675008 0.71343577
vt 0.94943088 0.69906068
vt 0.97926956 0.72857803
vt 0.98100609 0.70187616
vt 0.9423812 0.68950546
vt 0.97472537 0.74390936
vt 0.98384345 0.67674172
vt 0.98883498 0.70430708
vt 0.98552775 0.72346127
vt 0.95416427 0.68260694
vt 0.98440188 0.7433579
vt 0.96372563 0.74515164
vt 0.96828419 0.67877358
vt 0.9940626 0.7176342
vt 0.97185457 0.90144974
vt 0.9427408 0.90162486
vt 0.96230984 0.87571877
vt 0.9699645 0.87534314
vt 0.93200713 0.87962991
vt 0.97841197 0.89368635
vt 0.97006637 0.87374943
vt 0.90930623 0.88238913
vt 0.94780874 0.87430906
vt 0.97996056 0.89991009
vt 0.43908343 0.76504135
vt 0.424301 0.7634964
vt 0.41846666 0.75255114
vt 0.43155578 0.74872899
vt 0.43251374 0.77599132
vt 0.4310582 0.7444613
vt 0.4436115 0.76005656
vt 0.45137155 0.78422183
vt 0.42378885 0.79421151
vt 0.40954217 0.73961091
vt 0.45731288 0.78132057
vt 0.43233329 0.7920655
vt 0.44048485 0.80101377
vt 0.43549675 0.80483943
vt 0.42534274 0.80897415
vt 0.04920597 0.83166742
vt 0.04980813 0.81490672
vt 0.071393177 0.81176168
vt 0.057605136 0.83258176
vt 0.029137677 0.82880205
vt 0.068522461 0.83184421
vt 0.042019118 0.84585309
vt 0.019413976 0.83646917
vt 0.0037243913 0.83471847
vt 0.025919752 0.84955394
vt 0.0083655175 0.85320455
vt 0.019922627 0.86029303
vt 0.019417837 0.87001783
vt 0.033413582 0.86332834
vt 0.032642074 0.87166631
vt 0.80020541 0.85667509
vt 0.81067228 0.85890484
vt 0.79688078 0.86866099
vt 0.77882475 0.86394453
vt 0.82295465 0.86302841
vt 0.77049881 0.86972761
vt 0.77382088 0.84693623
vt 0.75659013 0.85342383
vt 0.75448132 0.87198794
vt 0.020897433 0.69542134
vt 0.014571406 0.70984578
vt 0.0039525279 0.70266116
vt 0.0045374176 0.69899964
vt 0.032515891 0.6990844
vt 0.0032665527 0.7146365
vt 0.026628386 0.67291057
vt 0.036775343 0.69237942
vt 0.023005383 0.71114337
vt 0.0046700239 0.69524634
vt 0.02808555 0.68298364
vt 0.035644338 0.70171154
vt 0.015424461 0.64748412
vt 0.043496415 0.69870007
vt 0.034200225 0.71477169
vt 0.0047887806 0.68370283
vt 0.038030248 0.65098393
vt 0.05208135 0.67816609
vt 0.041288622 0.71192968
vt 0.047070764 0.65267169
vt 0.049256247 0.66553307
vt 0.052903797 0.69383472
vt 0.7920233 0.80479056
vt 0.80484259 0.79804993
vt 0.80834693 0.80090845
vt 0.80856085 0.80693579
vt 0.75389898 0.80865127
vt 0.81092829 0.79339874
vt 0.80749148 0.77197695
vt 0.81562924 0.77439201
vt 0.81807238 0.77721089
vt 0.81272852 0.79674685
vt 0.96224254 0.99703038
vt 0.95758295 0.9929111
vt 0.96799213 0.99317986
vt 0.96228439 0.99702561
vt 0.96870416 0.99270004
vt 0.9622736 0.99703139
vt 0.95803398 0.99218434
vt 0.96225756 0.99703991
vt 0.95729017 0.99245137
vt 0.9693014 0.96484089
vt 0.95738226 0.98866743
vt 0.96910083 0.96408427
vt 0.96770221 0.95880997
vt 0.95983791 0.96284181
vt 0.9636941 0.94288522
vt 0.97035223 0.95250297
vt 0.95794058 0.95571566
vt 0.95769751 0.94684345
vt 0.9566797 0.94020963
vt 0.95632464 0.93404293
vt 0.59482044 0.69689596
vt 0.59296608 0.70592582
vt 0.56589848 0.7037248
vt 0.58677322 0.69048488
vt 0.60867941 0.70141935
vt 0.59265465 0.71382999
vt 0.56987298 0.69032717
vt 0.61027807 0.68516695
vt 0.59385216 0.7131362
vt 0.57022089 0.71524692
vt 0.62919468 0.67727244
vt 0.59496373 0.71348989
vt 0.62838447 0.70046133
vt 0.59856749 0.71245009
vt 0.62402713 0.70242083
vt 0.61614048 0.70518637
vt 0.62212968 0.70396233
vt 0.61632997 0.70760143
vt 0.61925834 0.70881844
vt 0.62689805 0.72175956
vt 0.61930859 0.72669566
vt 0.61958009 0.71193594
vt 0.60763788 0.72448599
vt 0.59036762 0.73453981
vt 0.60659248 0.71150374
vt 0.58094311 0.73219538
vt 0.56900543 0.74269664
vt 0.5689345 0.72965479
vt 0.56710565 0.74590635
vt 0.74829423 0.68764544
vt 0.75240356 0.70263863
vt 0.71920836 0.71037745
vt 0.72298658 0.69124138
vt 0.7516191 0.71208906
vt 0.70701152 0.69592005
vt 0.73328102 0.66883695
vt 0.74350917 0.71440434
vt 0.69663382 0.71299803
vt 0.71446252 0.67763066
vt 0.75292224 0.66910613
vt 0.69673145 0.71413314
vt 0.69657338 0.70093864
vt 0.71295691 0.66801703
vt 0.69504738 0.69320595
vt 0.70614773 0.68022811
vt 0.69714814 0.68275714
vt 0.69586533 0.66990936
vt 0.69187164 0.6870029
vt 0.6915012 0.67992818
vt 0.69047177 0.67421484
vt 0.67541498 0.89792311
vt 0.6808697 0.91249621
vt 0.67119211 0.89579844
vt 0.67767799 0.8880778
vt 0.6872986 0.9168725
vt 0.66639042 0.90177381
vt 0.6704129 0.89287722
vt 0.68055177 0.92741001
vt 0.66856599 0.90974855
vt 0.67447305 0.87589067
vt 0.67190856 0.91321844
vt 0.66707373 0.89295805
vt 0.67689776 0.93455863
vt 0.66073525 0.90981954
vt 0.66256833 0.89321023
vt 0.30190906 0.97689503
vt 0.30685136 0.98920053
vt 0.29750532 0.99621153
vt 0.28592399 0.98038369
vt 0.3151902 0.97654814
vt 0.33518946 0.97206616
vt 0.32509151 0.98706877
vt 0.34306666 0.98335636
vt 0.33436778 0.98932177
vt 0.78691041 0.69674444
vt 0.79644281 0.7030623
vt 0.78795934 0.71388817
vt 0.77157706 0.7143662
vt 0.79885167 0.68912166
vt 0.76578587 0.70306301
vt 0.80626625 0.69984806
vt 0.79111409 0.68414479
vt 0.76462221 0.69518781
vt 0.8082152 0.69065762
vt 0.77439082 0.67954671
vt 0.79876262 0.68467414
vt 0.80480319 0.68701077
vt 0.81225944 0.6941942
vt 0.78348643 0.67508191
vt 0.79428697 0.68286848
vt 0.75532955 0.68622142
vt 0.79187602 0.68126619
vt 0.76781577 0.66474473
vt 0.75795925 0.67611504
vt 0.76464045 0.66290939
vt 0.75318092 0.66863704
vt 0.76368618 0.66185331
vt 0.47497523 0.90444672
vt 0.48406142 0.91761094
vt 0.46882483 0.91501498
vt 0.4539468 0.91082072
vt 0.48846775 0.90732181
vt 0.45238888 0.90952486
vt 0.45892727 0.91608632
vt 0.50097013 0.91043746
vt 0.47650102 0.89416885
vt 0.45763472 0.89854002
vt 0.50035203 0.89546049
vt 0.45127156 0.90896583
vt 0.44182909 0.90470052
vt 0.44213977 0.99645013
vt 0.44232437 0.99191666
vt 0.47012544 0.99154675
vt 0.47314739 0.99645555
vt 0.48258638 0.98510993
vt 0.47822168 0.98055071
vt 0.4930011 0.99269122
vt 0.49064806 0.98302704
vt 0.50014853 0.9865827
vt 0.85818833 0.68161476
vt 0.87421846 0.69601905
vt 0.82289648 0.71446979
vt 0.83222312 0.67894036
vt 0.87578678 0.68363023
vt 0.82514352 0.68637657
vt 0.85312122 0.67182148
vt 0.82129097 0.68673325
vt 0.81688428 0.68361461
vt 0.81712335 0.67874444
vt 0.81916124 0.67795581
vt 0.82082081 0.66971266
vt 0.95688307 0.79309958
vt 0.97131157 0.79031563
vt 0.96210921 0.80824119
vt 0.94853681 0.80843437
vt 0.96579337 0.78806597
vt 0.94722354 0.7939297
vt 0.96758574 0.77649176
vt 0.94073105 0.79733044
vt 0.95109797 0.78395635
vt 0.97892386 0.78564113
vt 0.96372271 0.77215827
vt 0.9581061 0.7816149
vt 0.97226667 0.76577044
vt 0.98572361 0.77777779
vt 0.96453285 0.7701596
vt 0.99458659 0.77849239
vt 0.99557632 0.78879786
vt 0.98672795 0.79221296
vt 0.85780382 0.70990133
vt 0.84816605 0.72216964
vt 0.84864932 0.70944226
vt 0.85961843 0.70328832
vt 0.86243331 0.7209152
vt 0.85230809 0.70483935
vt 0.8637991 0.70234084
vt 0.8688122 0.73412073
vt 0.89582199 0.70316863
vt 0.87260407 0.69749796
vt 0.8814714 0.72899318
vt 0.85122949 0.73386729
vt 0.88219225 0.69381189
vt 0.87649506 0.73465931
vt 0.8570258 0.74577963
vt 0.89458764 0.69188029
vt 0.89305162 0.72112918
vt 0.42056027 0.70273411
vt 0.42491162 0.6948815
vt 0.43153572 0.70134306
vt 0.41166845 0.68780255
vt 0.43198845 0.68513882
vt 0.43794489 0.69458222
vt 0.41572696 0.67328155
vt 0.44858405 0.68175578
vt 0.43500692 0.71443498
vt 0.43178535 0.66696024
vt 0.44592282 0.69693702
vt 0.42078909 0.70460826
vt 0.42230806 0.66246897
vt 0.40990835 0.66918635
vt 0.08554168 0.85173273
vt 0.084655434 0.86077374
vt 0.077125661 0.85565281
vt 0.074473009 0.83655089
vt 0.092420295 0.85966903
vt 0.083741389 0.84093654
vt 0.066373385 0.85518342
vt 0.095804945 0.8468954
vt 0.093266152 0.87081909
vt 0.092657804 0.82756078
vt 0.094994195 0.81849056
vt 0.54928982 0.68552482
vt 0.56031072 0.70458865
vt 0.54354084 0.71071613
vt 0.56319958 0.68800533
vt 0.55091423 0.71393704
vt 0.56612742 0.67580116
vt 0.56432468 0.71484423
vt 0.56625295 0.68114376
vt 0.55818272 0.66210955
vt 0.56612504 0.6703558
vt 0.5348897 0.68651235
vt 0.56369746 0.66260231
vt 0.56621784 0.6674937
vt 0.93018639 0.69047362
vt 0.927903 0.70313406
vt 0.92267293 0.69709373
vt 0.92157239 0.67923665
vt 0.93425447 0.70350593
vt 0.90972161 0.67794138
vt 0.93398941 0.68198413
vt 0.92411542 0.71345925
vt 0.91323143 0.66131997
vt 0.93171442 0.66840923
vt 0.93063569 0.71424764
vt 0.93781835 0.67147702
vt 0.94035846 0.66652095
vt 0.94223338 0.67386794
vt 0.78195852 0.72315669
vt 0.77182019 0.73424923
vt 0.75367892 0.71232074
vt 0.78387356 0.74524617
vt 0.75548714 0.72320598
vt 0.79545534 0.72787368
vt 0.77519292 0.74466145
vt 0.80668944 0.73555094
vt 0.79383862 0.74436116
vt 0.87817717 0.97885394
vt 0.90009272 0.98838133
vt 0.86689359 0.98787826
vt 0.85713947 0.98216623
vt 0.85656387 0.9911772
vt 0.84837168 0.98677814
vt 0.8512007 0.99543417
vt 0.61344862 0.88158154
vt 0.60885233 0.86952901
vt 0.6189782 0.87195945
vt 0.62767231 0.88586628
vt 0.59688371 0.86947572
vt 0.63701266 0.8784647
vt 0.62396383 0.8668471
vt 0.61004674 0.86217731
vt 0.6506514 0.86477232
vt 0.02522823 0.98133439
vt 0.006749196 0.98002034
vt 0.016296722 0.97155231
vt 0.41378614 0.84543324
vt 0.4108465 0.84749496
vt 0.41030136 0.84362078
vt 0.42266515 0.84672683
vt 0.4108822 0.85338789
vt 0.41308874 0.86317527
vt 0.42059094 0.86372471
vt 0.43875432 0.86099994
vt 0.41024494 0.8711791
vt 0.43133628 0.84443325
vt 0.43354568 0.82382989
vt 0.44166443 0.81863284
vt 0.4229624 0.65198606
vt 0.41318232 0.64229584
vt 0.41240349 0.63267958
vt 0.42379391 0.62885952
vt 0.40255108 0.63274288
vt 0.42250285 0.61684692
vt 0.42890158 0.63487393
vt 0.39959416 0.61865222
vt 0.40026185 0.65053034
vt 0.41148856 0.62102348
vt 0.38249579 0.62670249
vt 0.39452747 0.64106101
vt 0.42219928 0.60998619
vt 0.38115105 0.61368227
vt 0.37874681 0.64799798
vt 0.083919853 0.67490149
vt 0.09614224 0.67531419
vt 0.095696047 0.68437827
vt 0.095092371 0.66135252
vt 0.1014728 0.67169279
vt 0.081439987 0.66561055
vt 0.10128184 0.66946954
vt 0.10132771 0.67080212
vt 0.074907996 0.67594123
vt 0.10628122 0.66804385
vt 0.070475392 0.66570801
vt 0.07089109 0.65848476
vt 0.078433134 0.65227652
vt 0.066391602 0.64782381
vt 0.091658562 0.6499685
vt 0.077368654 0.63640189
vt 0.094627753 0.65916061
vt 0.081921346 0.6394496
vt 0.096291915 0.64111555
vt 0.082845792 0.63373399
vt 0.47871068 0.65794015
vt 0.4645541 0.65596294
vt 0.475308 0.64821887
vt 0.47193947 0.68139237
vt 0.4411442 0.65230262
vt 0.4646782 0.6830557
vt 0.44374508 0.66900492
vt 0.44308197 0.63732934
vt 0.4519639 0.68305546
vt 0.45038801 0.66907728
vt 0.49250233 0.63905871
vt 0.48413402 0.65128362
vt 0.48590681 0.66574156
vt 0.92968422 0.71455777
vt 0.94597286 0.7168119
vt 0.94214475 0.72702396
vt 0.93008637 0.73128343
vt 0.91223216 0.71258658
vt 0.91149402 0.72116601
vt 0.90347916 0.72619414
vt 0.89670384 0.71673727
vt 0.89473438 0.7083813
vt 0.6402337 0.77646208
vt 0.65427828 0.76090729
vt 0.64672899 0.77071381
vt 0.63964397 0.76196671
vt 0.65390003 0.76388687
vt 0.62974286 0.7698192
vt 0.65527606 0.75172538
vt 0.67418486 0.75828576
vt 0.63796943 0.77696043
vt 0.63613105 0.75066698
vt 0.65644938 0.77049488
vt 0.6754775 0.75237954
vt 0.65727776 0.77220654
vt 0.6794976 0.76807654
vt 0.54208338 0.85343546
vt 0.55752367 0.85378516
vt 0.56941831 0.86260587
vt 0.5503661 0.83895928
vt 0.58181661 0.85948277
vt 0.54348177 0.83823955
vt 0.58586258 0.87072492
vt 0.53788394 0.83129221
vt 0.53560877 0.84778023
vt 0.58650917 0.86064816
vt 0.59048563 0.68332338
vt 0.58785868 0.67241889
vt 0.59688222 0.67091322
vt 0.61002505 0.67969298
vt 0.5811702 0.67232305
vt 0.59769201 0.6583674
vt 0.61002678 0.68151343
vt 0.60080308 0.6670453
vt 0.58600509 0.66416121
vt 0.61032534 0.67872447
vt 0.57636344 0.66378474
vt 0.59236282 0.65162468
vt 0.61166477 0.66706145
vt 0.56927425 0.67098594
vt 0.58022726 0.65396452
vt 0.60664672 0.64867443
vt 0.57251364 0.67815876
vt 0.56789905 0.65933681
vt 0.58762312 0.64455354
vt 0.61167431 0.66668183
vt 0.61165035 0.66698134
vt 0.57642335 0.64136767
vt 0.58563918 0.63212764
vt 0.56659818 0.63337052
vt 0.67262703 0.67251664
vt 0.66745889 0.68374968
vt 0.6672228 0.68374956
vt 0.66473913 0.6766715
vt 0.66789329 0.68393612
vt 0.66749787 0.68376756
vt 0.65946484 0.66598189
vt 0.67639959 0.68237066
vt 0.65563118 0.67433542
vt 0.67926973 0.66881585
vt 0.66999471 0.64266002
vt 0.67915726 0.67345542
vt 0.65336156 0.63666016
vt 0.67754799 0.64403975
vt 0.64115304 0.65332615
vt 0.68057162 0.66571283
vt 0.64055872 0.66334438
vt 0.63102716 0.64348686
vt 0.63980997 0.66273153
vt 0.65353501 0.67486876
vt 0.64015895 0.63224006
vt 0.62969416 0.64607596
vt 0.6290403 0.66058087
vt 0.64099872 0.66429293
vt 0.64318448 0.67312747
vt 0.64018279 0.66450542
vt 0.64952296 0.67804885
vt 0.64089131 0.67314243
vt 0.64226669 0.67583889
vt 0.70484787 0.85038775
vt 0.71802604 0.83587521
vt 0.7240476 0.8524788
vt 0.69482678 0.83597559
vt 0.72266781 0.83887595
vt 0.69064909 0.84757793
vt 0.72782284 0.8383655
vt 0.69364727 0.85587227
vt 0.73834372 0.83154947
vt 0.72303015 0.83330965
vt 0.72310221 0.83328998
vt 0.54251683 0.64647532
vt 0.532498 0.64049929
vt 0.54503816 0.63059491
vt 0.52498662 0.63043356
vt 0.52189165 0.61565709
vt 0.52681285 0.65097088
vt 0.55155802 0.61767697
vt 0.51626629 0.62462693
vt 0.51965946 0.64667469
vt 0.51283473 0.6147449
vt 0.50593829 0.6245361
vt 0.50618225 0.63075119
vt 0.50388759 0.65312588
vt 0.51723462 0.64620316
vt 0.73451114 0.63076854
vt 0.73170674 0.651968
vt 0.72326463 0.62654078
vt 0.72104388 0.61922216
vt 0.7109046 0.64961737
vt 0.70428479 0.63075614
vt 0.73855925 0.61359477
vt 0.70595509 0.61240375
vt 0.69781655 0.63006663
vt 0.69614112 0.61474061
vt 0.69758832 0.63261259
vt 0.69579238 0.61694741
vt 0.69260353 0.64253616
vt 0.69065952 0.65013921
vt 0.7938019 0.66363382
vt 0.82140863 0.64122778
vt 0.79528111 0.68309093
vt 0.79490989 0.68323493
vt 0.81345433 0.63708282
vt 0.81607985 0.68037093
vt 0.78491759 0.64033878
vt 0.86790657 0.65234995
vt 0.88378215 0.65967733
vt 0.86891806 0.67268205
vt 0.84668159 0.66324699
vt 0.88217068 0.64917463
vt 0.87836605 0.68162549
vt 0.86860126 0.68370879
vt 0.85274273 0.64251447
vt 0.89381427 0.65277421
vt 0.78633547 0.62280715
vt 0.79984081 0.6339401
vt 0.78276205 0.63609451
vt 0.75872964 0.64671928
vt 0.7999565 0.61819595
vt 0.75361228 0.63576257
vt 0.77115822 0.65231234
vt 0.79345769 0.60788298
vt 0.75885415 0.62763923
vt 0.77502984 0.61332488
vt 0.36057898 0.63809395
vt 0.36594647 0.62405926
vt 0.37007362 0.630844
vt 0.37530595 0.63856357
vt 0.35520852 0.62065244
vt 0.36677384 0.65170205
vt 0.36532187 0.61630487
vt 0.35438961 0.63521332
vt 0.36098319 0.65088904
vt 0.36441016 0.60514033
vt 0.37535611 0.61708462
vt 0.35669076 0.61083746
vt 0.34761176 0.61051822
vt 0.90411866 0.65142202
vt 0.91528153 0.62015128
vt 0.92188436 0.64695162
vt 0.9077791 0.6099292
vt 0.91813946 0.61298311
vt 0.89598727 0.62888545
vt 0.91658652 0.6076715
vt 0.89147204 0.65190995
vt 0.89669347 0.61656332
vt 0.89386326 0.6085043
vt 0.882052 0.62981093
vt 0.87967265 0.613612
vt 0.98686779 0.65137088
vt 0.97640175 0.64654726
vt 0.97737306 0.62717974
vt 0.96569496 0.63286072
vt 0.96920645 0.65088093
vt 0.96166474 0.62642062
vt 0.9568072 0.65114892
vt 0.95028633 0.63164955
vt 0.94444883 0.62184846
vt 0.94181663 0.63976455
vt 0.94913864 0.65282142
vt 0.45187399 0.62060916
vt 0.44086298 0.59500742
vt 0.45179492 0.58558464
vt 0.47055244 0.58867335
vt 0.4704864 0.60862046
vt 0.48107183 0.61416769
vt 0.48654586 0.59572697
vt 0.57791334 0.58548582
vt 0.57244688 0.5918892
vt 0.56695062 0.5856173
vt 0.57482237 0.59678161
vt 0.56579572 0.60032511
vt 0.59174562 0.61211145
vt 0.58530849 0.58067274
vt 0.60151935 0.59437823
vt 0.57200557 0.62102717
vt 0.60006917 0.57769054
vt 0.60326934 0.60888457
vt 0.61081702 0.58409727
vt 0.60502994 0.60417271
vt 0.60356927 0.613379
vt 0.61120456 0.58346963
vt 0.61104065 0.58414578
vt 0.60781223 0.59692156
vt 0.59692591 0.61786491
vt 0.61031002 0.59134328
vt 0.60351104 0.61456448
vt 0.60114598 0.62088758
vt 0.0080174906 0.62496269
vt 0.031969108 0.63261998
vt 0.0039629992 0.63128603
vt 0.0086788032 0.610228
vt 0.036188416 0.64374894
vt 0.036493521 0.62073624
vt 0.033824179 0.65213656
vt 0.028636722 0.60699105
vt 0.86848694 0.80024844
vt 0.878021 0.80142897
vt 0.87283599 0.80860323
vt 0.87576044 0.78921455
vt 0.88179862 0.80716771
vt 0.86386579 0.79061174
vt 0.8636685 0.78355885
vt 0.88582063 0.79488999
vt 0.89326823 0.78955758
vt 0.89497125 0.80449033
vt 0.90759927 0.80435681
vt 0.89706528 0.78341836
vt 0.061880894 0.9713701
vt 0.068641834 0.98065054
vt 0.050619122 0.9755733
vt 0.096232116 0.97246301
vt 0.67246401 0.59433186
vt 0.63263637 0.60700631
vt 0.67246336 0.59333855
vt 0.64341766 0.62195933
vt 0.67246324 0.5894531
vt 0.67247415 0.61060667
vt 0.66678411 0.57790452
vt 0.62917078 0.58912313
vt 0.084228642 0.9593659
vt 0.097629026 0.94965017
vt 0.094572023 0.95789784
vt 0.080435656 0.94630736
vt 0.096023045 0.95803255
vt 0.076735854 0.9641192
vt 0.090431757 0.94144779
vt 0.066949815 0.95835406
vt 0.092925921 0.94285089
vt 0.10255293 0.94356769
vt 0.10846727 0.94500804
vt 0.11007256 0.94485742
vt 0.10870908 0.94734973
vt 0.10874877 0.94455838
vt 0.10670582 0.95000648
vt 0.85444862 0.62749684
vt 0.84616882 0.61167651
vt 0.85912645 0.61587763
vt 0.85841024 0.63163948
vt 0.83574367 0.63014692
vt 0.85090256 0.64330935
vt 0.82265246 0.6140759
vt 0.83642375 0.63995725
vt 0.82703739 0.63173664
vt 0.84200668 0.65309429
vt 0.81623185 0.62676704
vt 0.8243596 0.64471954
vt 0.0082437396 0.95382053
vt 0.022734907 0.95917112
vt 0.014747906 0.96559346
vt 0.0036881352 0.9604727
vt 0.026976274 0.94365799
vt 0.0032559428 0.940534
vt 0.012243744 0.93401784
vt 0.020764109 0.93107313
vt 0.0063703391 0.93243563
vt 0.02167378 0.9216572
vt 0.33512798 0.59507871
vt 0.33199704 0.57794094
vt 0.3454648 0.58080691
vt 0.34639567 0.59190798
vt 0.32379368 0.57969356
vt 0.34027231 0.6024549
vt 0.32019335 0.60197484
vt 0.33077505 0.60681129
vt 0.32003257 0.58134353
vt 0.3287535 0.62079561
vt 0.31582782 0.60353148
vt 0.32355607 0.6217227
vt 0.93552923 0.59140778
vt 0.92306858 0.59163994
vt 0.93561417 0.5829978
vt 0.95241576 0.5902133
vt 0.92751575 0.60413074
vt 0.91919988 0.58131444
vt 0.95283979 0.58926684
vt 0.9495042 0.60011578
vt 0.9202804 0.59856623
vt 0.91473901 0.59269702
vt 0.91477054 0.6059162
vt 0.94941646 0.60045844
vt 0.90942186 0.58400357
vt 0.92449439 0.62041235
vt 0.94942379 0.60059953
vt 0.9332515 0.61597943
vt 0.93526971 0.60704195
vt 0.94900703 0.60401118
vt 0.94700646 0.61199045
vt 0.94675553 0.61423975
vt 0.94476032 0.61728895
vt 0.8274945 0.92777205
vt 0.82312077 0.92773843
vt 0.84201366 0.90783399
vt 0.83182347 0.90336949
vt 0.81633472 0.93309557
vt 0.83968472 0.8904683
vt 0.84332681 0.89858603
vt 0.69132489 0.79964358
vt 0.70913607 0.78229272
vt 0.70448112 0.80121052
vt 0.69387209 0.80803001
vt 0.69043982 0.79024303
vt 0.7152884 0.79980874
vt 0.70301062 0.8122744
vt 0.69649971 0.78095168
vt 0.71097052 0.81226546
vt 0.69447327 0.82417786
vt 0.70442188 0.81672478
vt 0.37466687 0.97612256
vt 0.35411286 0.98041427
vt 0.36495414 0.97703505
vt 0.36281508 0.97665042
vt 0.35841009 0.97220939
vt 0.34963927 0.98035228
vt 0.34483179 0.97571123
vt 0.3318198 0.96837163
vt 0.33204368 0.96768713
vt 0.92948091 0.9756434
vt 0.92852455 0.96886659
vt 0.95280087 0.97028637
vt 0.91378558 0.98078752
vt 0.95398235 0.96301651
vt 0.91020089 0.96789229
vt 0.93706185 0.95480001
vt 0.47413084 0.75439817
vt 0.47903216 0.75592417
vt 0.47310796 0.76034808
vt 0.48429754 0.75267082
vt 0.49662456 0.76877457
vt 0.4827933 0.75107515
vt 0.48513409 0.7646817
vt 0.48181528 0.74974823
vt 0.4870708 0.73486179
vt 0.49917233 0.77660638
vt 0.4799166 0.7374143
vt 0.48451418 0.77434742
vt 0.82107663 0.95406199
vt 0.82716447 0.96272004
vt 0.82224345 0.97250307
vt 0.8168363 0.99631315
vt 0.027848851 0.73557371
vt 0.020243967 0.7452693
vt 0.01438466 0.74227202
vt 0.018716989 0.72763491
vt 0.026893755 0.72357607
vt 0.0075342087 0.73482627
vt 0.033495281 0.73334771
vt 0.012949306 0.72041559
vt 0.035943013 0.72012007
vt 0.04460749 0.74297863
vt 0.020298854 0.71870816
vt 0.0068589351 0.72166508
vt 0.042335607 0.72633052
vt 0.004386819 0.73227131
vt 0.73543119 0.61434805
vt 0.72256786 0.60765541
vt 0.74306792 0.61330545
vt 0.72562951 0.61791462
vt 0.7422052 0.59766662
vt 0.7330038 0.59109986
vt 0.75000817 0.61386478
vt 0.75370586 0.60024828
vt 0.74770766 0.58616996
vt 0.76353008 0.60701376
vt 0.76223797 0.59268129
vt 0.75872689 0.62095189
vt 0.038203895 0.91657925
vt 0.034358088 0.90830278
vt 0.049499005 0.9214915
vt 0.073230997 0.92935133
vt 0.077072777 0.93267322
vt 0.039328508 0.91875184
vt 0.31836191 0.94327593
vt 0.33649507 0.94316614
vt 0.32949185 0.94981563
vt 0.3172037 0.94418448
vt 0.34694123 0.93983364
vt 0.33741787 0.92621529
vt 0.35721171 0.92592257
vt 0.35492748 0.93546712
vt 0.35706696 0.93712026
vt 0.10407329 0.98443323
vt 0.10659362 0.99481845
vt 0.097739607 0.99700135
vt 0.096764542 0.95602655
vt 0.10083701 0.96947944
vt 0.10336776 0.95980287
vt 0.62767559 0.64082652
vt 0.61601645 0.63584065
vt 0.62494254 0.62730724
vt 0.63575327 0.63338137
vt 0.61550593 0.64174414
vt 0.61463779 0.62469131
vt 0.63848943 0.61896574
vt 0.60092026 0.64145577
vt 0.61728889 0.65199351
vt 0.59758395 0.62713623
vt 0.62446797 0.62014073
vt 0.68017024 0.93998259
vt 0.68657875 0.94978905
vt 0.67563319 0.95186198
vt 0.69026548 0.92294413
vt 0.67753786 0.96431398
vt 0.69439125 0.94752932
vt 0.41896331 0.97207457
vt 0.3976967 0.97792178
vt 0.39237535 0.97366464
vt 0.39642307 0.96384841
vt 0.37939361 0.98108065
vt 0.38514152 0.96685463
vt 0.042639472 0.99452555
vt 0.036036283 0.99154216
vt 0.07031586 0.99529886
vt 0.075571202 0.99474359
vt 0.07604935 0.99244994
vt 0.47895953 0.96994382
vt 0.47835404 0.97786909
vt 0.47339189 0.97596085
vt 0.46597657 0.96189147
vt 0.49087036 0.97845006
vt 0.45704266 0.97305483
vt 0.49753827 0.97199798
vt 0.46805024 0.9807229
vt 0.49238974 0.96077365
vt 0.54239613 0.67337298
vt 0.53281373 0.68309414
vt 0.53121912 0.67056
vt 0.54505187 0.66042972
vt 0.51780444 0.67881972
vt 0.53457963 0.65786278
vt 0.50840729 0.66862458
vt 0.52041739 0.64851028
vt 0.50388259 0.65401506
vt 0.9107576 0.87851602
vt 0.89358652 0.8633278
vt 0.92033118 0.87180251
vt 0.90135026 0.87884188
vt 0.89824522 0.89543843
vt 0.91465932 0.89054871
vt 0.902475 0.90154308
vt 0.91139501 0.90168619
vt 0.37436685 0.58978021
vt 0.36217692 0.58942759
vt 0.37309471 0.58379126
vt 0.37409702 0.57183945
vt 0.36680347 0.55005479
vt 0.35453528 0.58963454
vt 0.35588267 0.55710256
vt 0.34672293 0.55997133
vt 0.07943663 0.82672477
vt 0.084854305 0.81604046
vt 0.089120045 0.8127951
vt 0.0685886 0.83259559
vt 0.085357562 0.80217516
vt 0.067092083 0.83919775
vt 0.094701029 0.80130184
vt 0.79757667 0.95897043
vt 0.80160606 0.9750641
vt 0.79278857 0.975779
vt 0.79271513 0.96721447
vt 0.79261309 0.98319179
vt 0.79264331 0.96004862
vt 0.7982707 0.99077362
vt 0.79263878 0.95691925
vt 0.79239792 0.99565721
vt 0.40738875 0.58146477
vt 0.40248781 0.586362
vt 0.39766929 0.57716858
vt 0.40806255 0.5730691
vt 0.39361876 0.58999747
vt 0.39225227 0.56849337
vt 0.38686517 0.58542556
vt 0.38394609 0.57767296
vt 0.39209288 0.55272007
vt 0.38318515 0.57386029
vt 0.41705754 0.56034184
vt 0.37834066 0.55779147
vt 0.3849532 0.58407784
vt 0.38001797 0.56326365
vt 0.47050118 0.5661369
vt 0.47280529 0.55593771
vt 0.48059627 0.58946443
vt 0.46133056 0.58773386
vt 0.45574841 0.55297577
vt 0.45498043 0.55366516
vt 0.44301924 0.57838935
vt 0.45254439 0.55683386
vt 0.44179338 0.57313669
vt 0.88639885 0.77696145
vt 0.84715444 0.77532482
vt 0.85070515 0.76483142
vt 0.85842723 0.75707167
vt 0.88092488 0.75828552
vt 0.55250227 0.73853004
vt 0.56411183 0.73741663
vt 0.55453175 0.76141864
vt 0.56299734 0.75912321
vt 0.56981516 0.75154305
vt 0.55043656 0.77749336
vt 0.55769098 0.77389598
vt 0.5109027 0.58895302
vt 0.52156466 0.58095598
vt 0.52187639 0.58661532
vt 0.50764531 0.57550353
vt 0.5325942 0.58738178
vt 0.52280581 0.57258987
vt 0.52879542 0.57266378
vt 0.50484264 0.5642491
vt 0.54212433 0.5739103
vt 0.51225847 0.55716228
vt 0.52178138 0.55717099
vt 0.5371691 0.56106913
vt 0.50901484 0.55116737
vt 0.52609307 0.5512073
vt 0.18447609 0.99528152
vt 0.2002638 0.98885781
vt 0.22145949 0.99557316
vt 0.72255605 0.65929323
vt 0.74073702 0.66526937
vt 0.72371203 0.66872466
vt 0.73876792 0.65948814
vt 0.74651664 0.64948344
vt 0.72984987 0.65369236
vt 0.76063782 0.66186571
vt 0.76065826 0.64953291
vt 0.99076408 0.91401225
vt 0.984191 0.92474312
vt 0.97785676 0.92525333
vt 0.9763841 0.91621053
vt 0.99817383 0.92391282
vt 0.97343606 0.92784458
vt 0.98706132 0.9024033
vt 0.99072635 0.90666682
vt 0.97920322 0.9343192
vt 0.99096996 0.89633125
vt 0.98307568 0.89581466
vt 0.30685678 0.96903276
vt 0.31120068 0.95831466
vt 0.31885138 0.96916682
vt 0.056030229 0.6446079
vt 0.066267341 0.65122581
vt 0.061020032 0.65264714
vt 0.051625051 0.6529541
vt 0.066045888 0.64011538
vt 0.042586908 0.62823212
vt 0.062618464 0.62916076
vt 0.048793912 0.65038073
vt 0.054802097 0.62583828
vt 0.073205099 0.63306582
vt 0.044235617 0.64831972
vt 0.03577498 0.63812184
vt 0.035640582 0.64578742
vt 0.65329444 0.73573494
vt 0.66645128 0.72898233
vt 0.66607827 0.74505264
vt 0.65563852 0.74605036
vt 0.65578443 0.72351158
vt 0.65895599 0.71738422
vt 0.64444411 0.72801805
vt 0.65166128 0.71334302
vt 0.64607161 0.72318602
vt 0.6418435 0.70983863
vt 0.62848562 0.73428297
vt 0.63920873 0.72513568
vt 0.63055944 0.7177943
vt 0.7026999 0.58753771
vt 0.69476873 0.59053719
vt 0.70229429 0.57654995
vt 0.70678025 0.5779357
vt 0.69075352 0.58342105
vt 0.70691991 0.56751549
vt 0.69181317 0.56917989
vt 0.72868294 0.57116783
vt 0.70467329 0.55671811
vt 0.71695244 0.56140804
vt 0.38753486 0.67639512
vt 0.37307045 0.67917311
vt 0.37961304 0.66670871
vt 0.38157144 0.66621649
vt 0.37228546 0.6818465
vt 0.36860901 0.65895045
vt 0.39588502 0.67630881
vt 0.38150734 0.68020332
vt 0.36427826 0.67996109
vt 0.37863868 0.66371816
vt 0.36277568 0.66201752
vt 0.38139072 0.66523314
vt 0.39347667 0.68357939
vt 0.39020896 0.68125188
vt 0.36486316 0.67663759
vt 0.40117595 0.66062355
vt 0.38144466 0.6645335
vt 0.40963072 0.58785212
vt 0.42557266 0.58025575
vt 0.42177182 0.59036112
vt 0.4152104 0.56092954
vt 0.43990609 0.56482339
vt 0.42701805 0.55552781
vt 0.43630394 0.55836588
vt 0.43700284 0.55826163
vt 0.43821359 0.55903673
vt 0.78049582 0.56092572
vt 0.7740376 0.57746041
vt 0.7717247 0.55511832
vt 0.76221883 0.5904116
vt 0.75425619 0.55885601
vt 0.80662942 0.82693785
vt 0.81420702 0.83906168
vt 0.80006731 0.84550482
vt 0.81567758 0.82261258
vt 0.80501735 0.85335326
vt 0.82645482 0.82110471
vt 0.80808479 0.85603869
vt 0.81970775 0.8510865
vt 0.99394745 0.82431412
vt 0.99367499 0.82219803
vt 0.9940275 0.8087216
vt 0.98069483 0.8143059
vt 0.98546267 0.80217993
vt 0.97861063 0.8100723
vt 0.99545008 0.78889829
vt 0.97946519 0.79816973
vt 0.9729082 0.82083231
vt 0.97181368 0.81223339
vt 0.72130936 0.72756422
vt 0.72587198 0.73747206
vt 0.70765835 0.74525338
vt 0.69605446 0.72643918
vt 0.69080633 0.73626542
vt 0.69676262 0.72164977
vt 0.054368287 0.68421149
vt 0.050645657 0.67171103
vt 0.072550587 0.67905998
vt 0.076458953 0.69395626
vt 0.069387585 0.66546607
vt 0.060929529 0.69947356
vt 0.39597294 0.93284696
vt 0.36277688 0.92055774
vt 0.38815492 0.9213326
vt 0.39456278 0.92583418
vt 0.36783549 0.9254269
vt 0.37651074 0.93347591
vt 0.066090494 0.87302905
vt 0.092269182 0.87538564
vt 0.094200313 0.8779766
vt 0.09422981 0.87254238
vt 0.081608362 0.86212796
vt 0.092364684 0.87529844
vt 0.10049143 0.87616354
vt 0.095125154 0.87646425
vt 0.085260883 0.88638794
vt 0.79560441 0.58724236
vt 0.78936213 0.57253897
vt 0.79496902 0.55751669
vt 0.81335104 0.58934128
vt 0.7851342 0.56426358
vt 0.806786 0.56358409
vt 0.80971003 0.56292772
vt 0.81561261 0.57022333
vt 0.074528553 0.7962147
vt 0.076304577 0.80929518
vt 0.067299537 0.80155146
vt 0.084774427 0.7984038
vt 0.081719451 0.79013014
vt 0.073183239 0.78093278
vt 0.081847467 0.77629113
vt 0.08326371 0.78075469
vt 0.095317103 0.78357291
vt 0.68972713 0.88259804
vt 0.69993252 0.87678564
vt 0.69901419 0.88109672
vt 0.69426912 0.88767189
vt 0.68278104 0.86898488
vt 0.70133781 0.87724674
vt 0.68549359 0.89990103
vt 0.67985213 0.87635708
vt 0.67606896 0.88103426
vt 0.68457073 0.90151948
vt 0.03642872 0.81267041
vt 0.035970028 0.82031941
vt 0.020909593 0.80682993
vt 0.021273553 0.81730479
vt 0.004295703 0.82024646
vt 0.010515342 0.82339543
vt 0.4822703 0.61757517
vt 0.48796627 0.63216734
vt 0.45879754 0.63738751
vt 0.45846328 0.63387525
vt 0.49010789 0.62324172
vt 0.45877701 0.62074089
vt 0.45761815 0.62356389
vt 0.47645554 0.61421251
vt 0.45741117 0.62125969
vt 0.41105595 0.7283957
vt 0.41000006 0.71854472
vt 0.42363721 0.72680181
vt 0.41912612 0.714773
vt 0.42618981 0.71620846
vt 0.43569726 0.71496356
vt 0.42864162 0.72868526
vt 0.44131139 0.73000973
vt 0.44301176 0.71593463
vt 0.94107592 0.67066449
vt 0.94904017 0.66677368
vt 0.95513713 0.6685636
vt 0.94570112 0.67605817
vt 0.95302552 0.65553474
vt 0.96160597 0.67701787
vt 0.97214329 0.67302734
vt 0.95126987 0.68410146
vt 0.97382879 0.66439855
vt 0.25634462 0.98436069
vt 0.23023601 0.99603641
vt 0.23137994 0.99198252
vt 0.2287028 0.99328393
vt 0.22354187 0.99411929
vt 0.61954618 0.77182686
vt 0.61066628 0.76401335
vt 0.63018042 0.77448642
vt 0.59814674 0.77831364
vt 0.60371202 0.77761543
vt 0.63170642 0.76674402
vt 0.62526184 0.77319306
vt 0.025796195 0.99057686
vt 0.031511825 0.99194306
vt 0.0099620242 0.99636543
vt 0.97545642 0.61049402
vt 0.94189674 0.62206364
vt 0.96662188 0.59270126
vt 0.68699306 0.59926438
vt 0.68324172 0.60736787
vt 0.66100502 0.62158465
vt 0.69258398 0.61585009
vt 0.68826979 0.60049987
vt 0.69418514 0.5977813
vt 0.68467325 0.59925175
vt 0.6878252 0.59214145
vt 0.45380539 0.852539
vt 0.45243877 0.84419304
vt 0.46114832 0.83969367
vt 0.45979357 0.85333049
vt 0.44473514 0.86370802
vt 0.46746454 0.86212903
vt 0.44157755 0.84685892
vt 0.45245314 0.86500728
vt 0.44079584 0.84606445
vt 0.45867467 0.870215
vt 0.42580137 0.62677348
vt 0.4374992 0.62312973
vt 0.44131029 0.63696718
vt 0.42838481 0.63490283
vt 0.43141845 0.60871112
vt 0.4431155 0.60592568
vt 0.42521936 0.61417115
vt 0.45100921 0.62141621
vt 0.61649555 0.90157008
vt 0.61231536 0.89786851
vt 0.63049555 0.89066392
vt 0.64517367 0.89410037
vt 0.61623424 0.88512427
vt 0.63904965 0.89819294
vt 0.0040254244 0.76396728
vt 0.015701186 0.76168442
vt 0.011283971 0.77653086
vt 0.013152433 0.74895418
vt 0.025184417 0.76466954
vt 0.024092089 0.74641681
vt 0.033564571 0.75305623
vt 0.82620937 0.56935894
vt 0.84343302 0.56862211
vt 0.84677625 0.57688677
vt 0.83905256 0.58438969
vt 0.84634155 0.55826414
vt 0.82847035 0.58778358
vt 0.82132363 0.55911052
vt 0.82313246 0.58988154
vt 0.81653285 0.56443548
vt 0.81660688 0.57668477
vt 0.86286521 0.58781332
vt 0.85298842 0.58345711
vt 0.85862291 0.56389511
vt 0.86772621 0.57403016
vt 0.84859139 0.57400632
vt 0.87568784 0.56347632
vt 0.87850827 0.58467484
vt 0.87136471 0.58995706
vt 0.48915508 0.62200701
vt 0.50075746 0.61178499
vt 0.51056451 0.61503381
vt 0.49063694 0.60840964
vt 0.511765 0.59817481
vt 0.5001328 0.60118818
vt 0.51890624 0.59981537
vt 0.49180827 0.59665251
vt 0.56700897 0.58970398
vt 0.56533432 0.59697092
vt 0.54624766 0.58653361
vt 0.55198753 0.58188218
vt 0.55304962 0.59683722
vt 0.53725636 0.58088386
vt 0.5512765 0.60642076
vt 0.54283482 0.59928817
vt 0.53643876 0.58124685
vt 0.53588074 0.58160704
vt 0.5357452 0.60168314
vt 0.53556406 0.58218914
vt 0.092186168 0.98306435
vt 0.098307483 0.98906845
vt 0.09431351 0.99585491
vt 0.097561702 0.9693597
vt 0.089870013 0.96414328
vt 0.095291659 0.96653134
vt 0.72968113 0.5861131
vt 0.7233727 0.57690382
vt 0.73292202 0.57504845
vt 0.74250644 0.59043896
vt 0.75391251 0.58221698
vt 0.74560004 0.56538475
vt 0.72863978 0.5588311
vt 0.41024673 0.82935107
vt 0.4126668 0.81881416
vt 0.430022 0.81359744
vt 0.42114136 0.83958441
vt 0.41409954 0.80908376
vt 0.87948394 0.55991864
vt 0.88929164 0.5650543
vt 0.8851912 0.59006584
vt 0.89174449 0.58241725
vt 0.89882761 0.58071303
vt 0.89816529 0.56501782
vt 0.90424347 0.55966806
vt 0.90810466 0.55834281
vt 0.9006092 0.66343474
vt 0.90161788 0.67061734
vt 0.89473009 0.68019354
vt 0.88538247 0.66871715
vt 0.91006452 0.66601193
vt 0.88369548 0.68295473
vt 0.90466338 0.65291011
vt 0.87959933 0.6751225
vt 0.97094208 0.57657498
vt 0.95636755 0.57626963
vt 0.96960235 0.56319749
vt 0.9601233 0.59017366
vt 0.96798402 0.59078491
vt 0.95488936 0.58762991
vt 0.94327784 0.58483136
vt 0.94157594 0.57331491
vt 0.93471801 0.79331273
vt 0.93044859 0.78086966
vt 0.94276845 0.7816155
vt 0.95599204 0.78018081
vt 0.92490667 0.77880305
vt 0.95398873 0.77229446
vt 0.94454706 0.77247864
vt 0.7450676 0.8801766
vt 0.76569843 0.88393587
vt 0.74093127 0.88723791
vt 0.73894817 0.87353736
vt 0.76799756 0.88019508
vt 0.74195886 0.869717
vt 0.62842613 0.92804742
vt 0.63803214 0.92061716
vt 0.64032006 0.94961047
vt 0.63177717 0.94613904
vt 0.5556615 0.84467322
vt 0.55919802 0.83605891
vt 0.56527531 0.84553742
vt 0.55639058 0.85159463
vt 0.54991829 0.83596623
vt 0.56497854 0.82558173
vt 0.56373239 0.85546941
vt 0.049145672 0.994178
vt 0.035408195 0.99519044
vt 0.018569261 0.9913885
vt 0.034001097 0.94398791
vt 0.037058156 0.95391202
vt 0.02699317 0.95641226
vt 0.026435388 0.94391894
vt 0.02811238 0.92695999
vt 0.71057832 0.82408392
vt 0.71075821 0.81474113
vt 0.71758544 0.81340587
vt 0.73177546 0.81555694
vt 0.70663315 0.81125933
vt 0.71118462 0.81278545
vt 0.7192843 0.82349277
vt 0.73159367 0.8253361
vt 0.72245038 0.83917606
vt 0.44905981 0.76587731
vt 0.44172466 0.74811208
vt 0.45245329 0.75084001
vt 0.45406324 0.76783448
vt 0.46071002 0.75451326
vt 0.46377388 0.77705848
vt 0.47119313 0.76246703
vt 0.95103234 0.95706755
vt 0.94183129 0.95799685
vt 0.94117004 0.95032704
vt 0.94169486 0.94197065
vt 0.9570812 0.95103192
vt 0.9500913 0.93584353
vt 0.95807052 0.96469945
vt 0.95956361 0.9637531
vt 0.8690511 0.63522106
vt 0.87246335 0.6515131
vt 0.86763507 0.64983547
vt 0.86315358 0.64233315
vt 0.8814587 0.64793599
vt 0.89088839 0.63524592
vt 0.89213639 0.63277459
vt 0.88535637 0.64681613
vt 0.88368589 0.64911342
vt 0.69459856 0.98739803
vt 0.67797166 0.9952541
vt 0.66724962 0.99106407
vt 0.15318179 0.58776069
vt 0.16926141 0.58521318
vt 0.16205819 0.60088587
vt 0.14526656 0.59636211
vt 0.1719384 0.58373535
vt 0.17110132 0.60507035
vt 0.14595987 0.60439712
vt 0.5000335 0.73053747
vt 0.51522404 0.73603064
vt 0.50755996 0.74616635
vt 0.4913708 0.74393392
vt 0.48771641 0.73515832
vt 0.73621762 0.73129284
vt 0.73372674 0.74425673
vt 0.72746694 0.73453712
vt 0.74112308 0.74037945
vt 0.72262424 0.74264455
vt 0.74985814 0.73217171
vt 0.75094396 0.74158031
vt 0.74196535 0.74525237
vt 0.30155227 0.99356669
vt 0.32284334 0.99116677
vt 0.32886598 0.99611843
vt 0.30649403 0.98857874
vt 0.76791513 0.83258164
vt 0.76518148 0.84003651
vt 0.75647968 0.83314335
vt 0.76524431 0.8133018
vt 0.75317466 0.81790113
vt 0.77506745 0.8294211
vt 0.77250034 0.81231844
vt 0.77976024 0.82675946
vt 0.72289991 0.71258885
vt 0.72454691 0.72760272
vt 0.7189821 0.72681403
vt 0.71670437 0.72499436
vt 0.73465073 0.72733593
vt 0.72362733 0.72886461
vt 0.7088775 0.71675706
vt 0.73181504 0.72859037
vt 0.7247476 0.72966003
vt 0.7133553 0.72280931
vt 0.72629488 0.73098326
vt 0.70814371 0.71988046
vt 0.70715725 0.71784782
vt 0.68399572 0.74941248
vt 0.68150473 0.77757066
vt 0.67656314 0.76146531
vt 0.68819553 0.7703861
vt 0.69352806 0.75271481
vt 0.82061601 0.61405718
vt 0.81810898 0.62061483
vt 0.81167984 0.61634493
vt 0.81154931 0.61056793
vt 0.82351708 0.60187674
vt 0.80690974 0.61995566
vt 0.82497901 0.61381102
vt 0.80416447 0.60291898
vt 0.79982913 0.62011898
vt 0.82583469 0.60651374
vt 0.82718748 0.60197091
vt 0.82227677 0.71773708
vt 0.81312513 0.7298944
vt 0.80178034 0.70896649
vt 0.81743175 0.70220268
vt 0.80046356 0.72138703
vt 0.78961605 0.57781923
vt 0.78669143 0.59658051
vt 0.7723664 0.59600568
vt 0.76948011 0.58821774
vt 0.79429889 0.59916186
vt 0.77020323 0.60524207
vt 0.78946924 0.60220373
vt 0.26991746 0.53105628
vt 0.26299649 0.5521214
vt 0.25710177 0.5482769
vt 0.27901006 0.55861408
vt 0.25332317 0.55817306
vt 0.28215864 0.54002309
vt 0.65963113 0.94977927
vt 0.66819346 0.9401179
vt 0.66502959 0.95794481
vt 0.67234629 0.94678217
vt 0.67627865 0.95309573
vt 0.67203629 0.96396989
vt 0.35033005 0.90653443
vt 0.37213129 0.91056812
vt 0.35686961 0.91809648
vt 0.34723198 0.91328275
vt 0.052813273 0.87100571
vt 0.049641728 0.86228377
vt 0.060516495 0.86810404
vt 0.035842273 0.86829692
vt 0.045515265 0.86009407
vt 0.35025042 0.6508643
vt 0.3444885 0.63908368
vt 0.35135168 0.62936258
vt 0.35482621 0.64247525
vt 0.34245935 0.65229505
vt 0.33387011 0.62666643
vt 0.33111691 0.64863324
vt 0.33350664 0.63662076
vt 0.4964852 0.97789901
vt 0.5031448 0.96268684
vt 0.50285834 0.98864204
vt 0.47461322 0.98191053
vt 0.47206998 0.98895693
vt 0.46571538 0.98637927
vt 0.46294412 0.97801673
vt 0.46000874 0.98503846
vt 0.4493309 0.98435718
vt 0.5055179 0.9899407
vt 0.50125384 0.99267894
vt 0.48043558 0.99641722
vt 0.79410666 0.82998741
vt 0.79862303 0.83806288
vt 0.78962499 0.85175145
vt 0.7859773 0.8375752
vt 0.7986232 0.85526359
vt 0.051070869 0.91747385
vt 0.035729561 0.90648919
vt 0.061165895 0.91178972
vt 0.28096005 0.83797479
vt 0.29092291 0.84818554
vt 0.27361402 0.84628028
vt 0.27036995 0.84183514
vt 0.29469949 0.85451561
vt 0.26888549 0.8348645
vt 0.28223825 0.85604095
vt 0.5023213 0.90811688
vt 0.49443457 0.9239552
vt 0.48879185 0.92239964
vt 0.50014269 0.93122292
vt 0.49127901 0.9343214
vt 0.97946495 0.75530326
vt 0.98956382 0.7585746
vt 0.97286612 0.76075828
vt 0.97334301 0.75044
vt 0.98672515 0.74740601
vt 0.99809855 0.74532741
vt 0.99389309 0.74153268
vt 0.0063556968 0.99557602
vt 0.0044985847 0.99410224
vt 0.028854877 0.98454189
vt 0.081971683 0.73701966
vt 0.091410421 0.7427789
vt 0.086005375 0.75812161
vt 0.093789667 0.76241803
vt 0.098721981 0.74633718
vt 0.94671357 0.97180665
vt 0.95618802 0.9703812
vt 0.9508875 0.98720938
vt 0.95175445 0.9931066
vt 0.94158643 0.99694145
vt 0.98261875 0.87663627
vt 0.97818613 0.87318087
vt 0.98289973 0.8622945
vt 0.99478346 0.87167704
vt 0.97313774 0.88719249
vt 0.98240048 0.88753486
vt 0.84250462 0.60428077
vt 0.84733272 0.59282213
vt 0.8475033 0.60450983
vt 0.84108365 0.58349359
vt 0.85654169 0.5945121
vt 0.85245061 0.58150882
vt 0.83162516 0.59423077
vt 0.84929836 0.99005145
vt 0.84161276 0.99679112
vt 0.82490975 0.99292147
vt 0.91029441 0.6904825
vt 0.90238219 0.69984555
vt 0.8949185 0.68624341
vt 0.89492691 0.68016082
vt 0.90259731 0.70005727
vt 0.90007794 0.6731289
vt 0.90945983 0.70005488
vt 0.98168135 0.61288941
vt 0.9769038 0.62178773
vt 0.97249877 0.61573178
vt 0.99856073 0.62161618
vt 0.98634756 0.61206746
vt 0.98039377 0.59814227
vt 0.99144119 0.61020464
vt 0.99381977 0.59697223
vt 0.92402929 0.86024177
vt 0.92274368 0.85606468
vt 0.93588847 0.86741078
vt 0.92594063 0.87206781
vt 0.90954602 0.86651778
vt 0.91263926 0.86969453
vt 0.92399013 0.85798204
vt 0.98364919 0.66693163
vt 0.99642575 0.66715175
vt 0.9852742 0.67755377
vt 0.97796601 0.67737412
vt 0.99423492 0.68369877
vt 0.9734388 0.67470205
vt 0.86585748 0.99547583
vt 0.8563481 0.99576044
vt 0.87910587 0.99120414
vt 0.85806966 0.98958439
vt 0.17264457 0.81803805
vt 0.17043614 0.83667487
vt 0.16000248 0.828695
vt 0.16414256 0.81864512
vt 0.18324253 0.82856238
vt 0.16839778 0.84010988
vt 0.86425859 0.60257858
vt 0.86344755 0.5966661
vt 0.88622832 0.59543324
vt 0.88399529 0.60621631
vt 0.88181001 0.58198208
vt 0.21071732 0.90569538
vt 0.21574354 0.89500487
vt 0.22704422 0.90245295
vt 0.21337901 0.9099617
vt 0.22048655 0.89647096
vt 0.21402019 0.91055685
vt 0.20770723 0.91700602
vt 0.48376489 0.92584634
vt 0.47246623 0.93944103
vt 0.47517085 0.92601317
vt 0.4773927 0.9497202
vt 0.81703305 0.94304591
vt 0.83277351 0.94560075
vt 0.83171868 0.96487594
vt 0.87925023 0.99553692
vt 0.88539922 0.98824799
vt 0.90086836 0.99263036
vt 0.3727901 0.97970861
vt 0.37580577 0.96941316
vt 0.38437751 0.97195631
vt 0.36236134 0.97297639
vt 0.043206606 0.97896355
vt 0.042390287 0.95971817
vt 0.051319141 0.97378069
vt 0.05266111 0.98129708
vt 0.97408015 0.91769755
vt 0.96614224 0.90268612
vt 0.97860992 0.90099871
vt 0.9561125 0.90825087
vt 0.89603329 0.99426848
vt 0.88606328 0.99639672
vt 0.89540166 0.99419475
vt 0.9040814 0.99702954
vt 0.89852655 0.98554844
vt 0.90747726 0.98689687
vt 0.90796143 0.9957906
vt 0.9067989 0.98550206
vt 0.40405437 0.92953473
vt 0.3950966 0.92649055
vt 0.40823296 0.92132831
vt 0.41525275 0.93368739
vt 0.15255047 0.73003507
vt 0.15164056 0.7239331
vt 0.16403651 0.71920866
vt 0.14410776 0.72107196
vt 0.1638746 0.70836413
vt 0.81610966 0.88946176
vt 0.83725065 0.89599675
vt 0.82421815 0.90308732
vt 0.10666908 0.68859679
vt 0.11269826 0.67825496
vt 0.11483728 0.68949682
vt 0.10543686 0.69828486
vt 0.10064117 0.67748445
vt 0.097246207 0.686656
vt 0.017935069 0.98849326
vt 0.0038344855 0.98049355
vt 0.024877846 0.98164594
vt 0.6299665 0.6991111
vt 0.62926644 0.67762846
vt 0.63841635 0.69339484
vt 0.64404327 0.68734044
vt 0.64408308 0.67827731
vt 0.89476043 0.87279749
vt 0.89879805 0.87857622
vt 0.88973355 0.8751182
vt 0.88699681 0.88694471
vt 0.87816328 0.87839383
vt 0.89795208 0.88118815
vt 0.24479306 0.98858219
vt 0.23765372 0.98830521
vt 0.24967563 0.98215854
vt 0.2299149 0.98597234
vt 0.23398776 0.97923189
vt 0.24676305 0.97972488
vt 0.24997178 0.97913098
vt 0.070567153 0.98204112
vt 0.058741488 0.98839468
vt 0.051195484 0.98006809
vt 0.010063066 0.99175024
vt 0.0064332858 0.99526459
vt 0.0048377831 0.97688389
vt 0.18308648 0.85956722
vt 0.18158424 0.85244274
vt 0.19358811 0.85753733
vt 0.19321416 0.86635339
vt 0.17662978 0.86150753
vt 0.18322209 0.87027156
vt 0.88521343 0.89568806
vt 0.8788709 0.88599485
vt 0.89816892 0.88683969
vt 0.89816415 0.90271914
vt 0.89700401 0.88604891
vt 0.43675545 0.96298629
vt 0.43205774 0.97049648
vt 0.42365375 0.97210014
vt 0.4173452 0.96284235
vt 0.10777497 0.90327781
vt 0.10675516 0.91857344
vt 0.098541059 0.90974432
vt 0.11640173 0.90891415
vt 0.58282828 0.87480533
vt 0.60137385 0.87765169
vt 0.59761286 0.88626206
vt 0.044290259 0.96319664
vt 0.043607902 0.95757729
vt 0.05403633 0.95539665
vt 0.062792666 0.96483809
vt 0.64504468 0.90260649
vt 0.63798052 0.90640032
vt 0.62987936 0.90471119
vt 0.63387436 0.89780498
vt 0.64139271 0.91488004
vt 0.63513207 0.91736376
vt 0.051058572 0.84545839
vt 0.052052055 0.83511859
vt 0.060087908 0.83852273
vt 0.05626585 0.84708631
vt 0.061921023 0.85513204
vt 0.054090243 0.85506105
vt 0.84804147 0.88552225
vt 0.8666907 0.89423722
vt 0.85317534 0.90331525
vt 0.84687728 0.8935914
vt 0.091957495 0.9772644
vt 0.091805562 0.99691445
vt 0.082530767 0.97917461
vt 0.42420113 0.80667007
vt 0.40989095 0.80913246
vt 0.41572827 0.78931832
vt 0.78700978 0.87397027
vt 0.78331321 0.88450414
vt 0.77579576 0.8870393
vt 0.7710585 0.87138581
vt 0.76957488 0.87752193
vt 0.30234429 0.86538118
vt 0.28861713 0.86315298
vt 0.29749423 0.86006677
vt 0.29813865 0.87091148
vt 0.2864396 0.86137617
vt 0.2940813 0.85955614
vt 0.28607777 0.86263126
vt 0.28743708 0.85856211
vt 0.89364409 0.85547853
vt 0.90049851 0.84941787
vt 0.91142488 0.84975755
vt 0.89518619 0.83736634
vt 0.9047215 0.84463537
vt 0.84988326 0.86214155
vt 0.84729671 0.8698405
vt 0.83291954 0.85709113
vt 0.84034652 0.87184763
vt 0.2857627 0.98007834
vt 0.29488367 0.97136486
vt 0.30235755 0.9768914
vt 0.95961303 0.93278503
vt 0.94505984 0.93225145
vt 0.94116729 0.92239958
vt 0.59954548 0.86587882
vt 0.5955168 0.87158352
vt 0.58930463 0.85325706
vt 0.59864479 0.85548282
vt 0.58198148 0.85695994
vt 0.6271916 0.94527394
vt 0.6310975 0.94957459
vt 0.6133827 0.95003378
vt 0.63028741 0.93735737
vt 0.42524347 0.98770791
vt 0.43522903 0.99150836
vt 0.41794273 0.99639618
vt 0.0031842948 0.96376175
vt 0.011447216 0.96981138
vt 0.0041900529 0.98102635
vt 0.32354483 0.99236369
vt 0.33112472 0.98739588
vt 0.34086606 0.99566478
vt 0.30235934 0.96226531
vt 0.30661914 0.96886468
vt 0.30452383 0.98060364
vt 0.30051103 0.9653511
vt 0.23277451 0.98067844
vt 0.22890137 0.98885274
vt 0.21539584 0.98547852
vt 0.56303024 0.79201734
vt 0.55720562 0.79065496
vt 0.56404567 0.77859604
vt 0.56853449 0.78249878
vt 0.55066115 0.7813347
vt 0.55560476 0.82139152
vt 0.55049783 0.8129223
vt 0.56773019 0.81006515
vt 0.56281912 0.82369977
vt 0.010992319 0.96500307
vt 0.028499214 0.96375787
vt 0.02294451 0.96806991
vt 0.025147008 0.97345352
vt 0.11445986 0.95154977
vt 0.10655495 0.96501392
vt 0.09673088 0.95188528
vt 0.081210859 0.97192371
vt 0.07434883 0.96226817
vt 0.091065571 0.96375102
vt 0.091126017 0.96199781
vt 0.82285541 0.87026823
vt 0.81626934 0.85351104
vt 0.82252806 0.85440832
vt 0.83293438 0.86531454
vt 0.83162218 0.8533656
vt 0.99736738 0.95836985
vt 0.99430913 0.96491092
vt 0.98968005 0.96057308
vt 0.98916233 0.95481354
vt 0.99001193 0.96323174
vt 0.98897958 0.9503476
vt 0.98894298 0.94704378
vt 0.99898237 0.95336175
vt 0.7558471 0.85686976
vt 0.75221246 0.87065887
vt 0.73815966 0.86526978
vt 0.054572538 0.8082962
vt 0.050214287 0.80619419
vt 0.067274362 0.8005482
vt 0.068524152 0.8095423
vt 0.064880051 0.79527807
vt 0.55032784 0.86328149
vt 0.55501425 0.85756719
vt 0.56655568 0.86459267
vt 0.56399918 0.87025595
vt 0.56915408 0.86877221
vt 0.56883901 0.87174535
vt 0.79399186 0.81188649
vt 0.8025409 0.81747276
vt 0.78462565 0.82357627
vt 0.7844044 0.80942082
vt 0.30129862 0.9546634
vt 0.30217612 0.94937825
vt 0.31427091 0.94635779
vt 0.30938196 0.96434265
vt 0.37290981 0.96782279
vt 0.35480478 0.97304899
vt 0.36554605 0.9646244
vt 0.2310975 0.9892627
vt 0.22259907 0.9968729
vt 0.21465492 0.99172795
vt 0.50447267 0.93833947
vt 0.49697426 0.95002162
vt 0.49802944 0.94044369
vt 0.48862606 0.94458818
vt 0.81611031 0.78937137
vt 0.82217807 0.78677195
vt 0.82612944 0.79325211
vt 0.82220352 0.7801168
vt 0.83015347 0.77806109
vt 0.82224506 0.78079379
vt 0.81842208 0.77922165
vt 0.83069938 0.79161799
vt 0.82016474 0.77911496
vt 0.82171762 0.77939153
vt 0.90501577 0.97324103
vt 0.89408779 0.96992552
vt 0.9092384 0.96415097
vt 0.34722131 0.95992714
vt 0.33665267 0.96439922
vt 0.33121803 0.95818806
vt 0.79694265 0.94887489
vt 0.80110061 0.95483679
vt 0.79240501 0.95110673
vt 0.80016112 0.96508282
vt 0.98015505 0.98118448
vt 0.9734748 0.99436808
vt 0.97256649 0.99379575
vt 0.97395307 0.98247212
vt 0.97228825 0.99705499
vt 0.80764544 0.81771123
vt 0.81539136 0.81551909
vt 0.80560118 0.82477295
vt 0.80658156 0.80771446
vt 0.81251788 0.82480425
vt 0.80025291 0.81410474
vt 0.66561693 0.8737005
vt 0.66579974 0.88745511
vt 0.65961903 0.87837005
vt 0.67110616 0.88236904
vt 0.67495245 0.87471515
vt 0.89059174 0.85324264
vt 0.88579786 0.84972888
vt 0.88431036 0.84148866
vt 0.89468366 0.83968794
vt 0.87870115 0.84361368
vt 0.89534354 0.85503674
vt 0.49938959 0.95782423
vt 0.48911977 0.95389307
vt 0.50349784 0.94708931
vt 0.80059612 0.94809121
vt 0.79625136 0.94948286
vt 0.79830313 0.93440092
vt 0.79262555 0.93370718
vt 0.61317229 0.94824332
vt 0.62890834 0.94951534
vt 0.62397546 0.95637655
vt 0.067182116 0.74576795
vt 0.068769373 0.73548406
vt 0.072957888 0.74343854
vt 0.082621053 0.73607731
vt 0.075827539 0.73191178
vt 0.081063345 0.74478543
vt 0.94837731 0.97336674
vt 0.94175035 0.98087364
vt 0.93430984 0.97411263
vt 0.2966089 0.9669373
vt 0.29408082 0.96555328
vt 0.29548764 0.96604764
vt 0.2849296 0.98083794
vt 0.65946639 0.91863418
vt 0.66707027 0.9305582
vt 0.66293573 0.93140298
vt 0.66000783 0.92965782
vt 0.67030931 0.92430854
vt 0.66847259 0.93422323
vt 0.67165387 0.93075365
vt 0.67057341 0.92453003
vt 0.40400907 0.74555606
vt 0.39830801 0.74591589
vt 0.4021405 0.73279309
vt 0.40918669 0.73407602
vt 0.39440164 0.73591101
vt 0.40943319 0.72983801
vt 0.067511313 0.8708536
vt 0.066200309 0.85458595
vt 0.081930205 0.86050844
vt 0.034873437 0.80315197
vt 0.032918453 0.80950809
vt 0.02948151 0.79546678
vt 0.019285701 0.80690694
vt 0.65236902 0.95594031
vt 0.64691526 0.95759398
vt 0.64550525 0.95009458
vt 0.65769577 0.94723344
vt 0.65772223 0.94875979
vt 0.65612173 0.95556033
vt 0.41121271 0.87375528
vt 0.41822752 0.87303931
vt 0.41064221 0.88061416
vt 0.42303157 0.88112855
vt 0.41796872 0.88622397
vt 0.0099561503 0.92171025
vt 0.01613394 0.9308117
vt 0.0035113594 0.92644018
vt 0.0040024146 0.9236452
vt 0.0082676327 0.93368161
vt 0.0038657866 0.91961008
vt 0.3323448 0.9687773
vt 0.34656116 0.98061144
vt 0.33326325 0.97199017
vt 0.024132708 0.98970693
vt 0.019962098 0.99567091
vt 0.023225259 0.98962438
vt 0.025805652 0.98225546
vt 0.024091046 0.9903304
vt 0.79846871 0.78033781
vt 0.79748607 0.7932837
vt 0.78816563 0.79142463
vt 0.78456122 0.78411365
vt 0.66006601 0.94837391
vt 0.65931249 0.93609101
vt 0.67294663 0.93591541
vt 0.72317773 0.86235225
vt 0.73583096 0.85940951
vt 0.73214978 0.87044919
vt 0.045450322 0.85591596
vt 0.034212656 0.85267258
vt 0.048254542 0.84219253
vt 0.81682324 0.9068712
vt 0.8291775 0.90869522
vt 0.81861657 0.91816735
vt 0.83262169 0.94287461
vt 0.83635986 0.94397163
vt 0.83380127 0.95637065
vt 0.83778912 0.95681572
vt 0.0034557721 0.98134559
vt 0.014487224 0.96862727
vt 0.017619541 0.97050458
vt 0.015470655 0.96621358
vt 0.3480866 0.95973063
vt 0.35598567 0.96719176
vt 0.34745911 0.97223014
vt 0.56603807 0.85528815
vt 0.56800061 0.8434425
vt 0.58064157 0.84801888
vt 0.69739264 0.99226892
vt 0.69237423 0.99600279
vt 0.68446666 0.98883832
vt 0.011857131 0.99602795
vt 0.012320652 0.99297851
vt 0.024722507 0.98826116
vt 0.92117715 0.99046934
vt 0.91303474 0.99667609
vt 0.91037673 0.98879671
vt 0.69268417 0.96139294
vt 0.69023287 0.96306014
vt 0.68266994 0.96574533
vt 0.68450338 0.95731372
vt 0.69486851 0.95699435
vt 0.31630191 0.95781553
vt 0.31596899 0.94965959
vt 0.3233026 0.95544344
vt 0.32893217 0.95021492
vt 0.59685671 0.99561363
vt 0.5892573 0.99125421
vt 0.59757251 0.98525435
vt 0.80234164 0.99471861
vt 0.79602665 0.99520361
vt 0.8042835 0.98886734
vt 0.80229586 0.9898324
vt 0.7933023 0.99372917
vt 0.98908716 0.99186915
vt 0.99504411 0.996732
vt 0.98953527 0.99657685
vt 0.99859232 0.98491538
vt 0.68425483 0.98563844
vt 0.68963617 0.97928101
vt 0.69529605 0.98815662
vt 0.014415587 0.86864448
vt 0.0042917985 0.85895067
vt 0.015065663 0.86402094
vt 0.009517353 0.8682282
vt 0.013599886 0.87146854
vt 0.20246215 0.98797548
vt 0.19049077 0.98494589
vt 0.202337 0.98203355
vt 0.88166744 0.98944306
vt 0.87975788 0.98984253
vt 0.87113446 0.98769838
vt 0.87903953 0.99104965
vt 0.87860394 0.99618512
vt 0.88254154 0.99089128
vt 0.44513184 0.96249986
vt 0.43910414 0.97278374
vt 0.43357158 0.96627843
vt 0.68273169 0.95690036
vt 0.69057059 0.95295095
vt 0.69625002 0.95624888
vt 0.69494122 0.94737458
vt 0.18393759 0.99371517
vt 0.19340211 0.98968989
vt 0.18269221 0.99556327
vt 0.18290031 0.99452502
vt 0.24839881 0.98931324
vt 0.24386238 0.99706364
vt 0.23740846 0.99594992
vt 0.35561717 0.98076957
vt 0.35772556 0.98006576
vt 0.3620511 0.98839158
vt 0.36041784 0.97802389
vt 0.95514619 0.98725551
vt 0.95569694 0.98693466
vt 0.95523995 0.99092519
vt 0.94932508 0.99589294
vt 0.95839816 0.99441606
vt 0.50172395 0.98607874
vt 0.49853233 0.9944694
vt 0.49668333 0.99571806
vt 0.49768633 0.99185747
vt 0.93350047 0.94967103
vt 0.93397963 0.94026971
vt 0.94097286 0.94121706
vt 0.94104987 0.94769424
vt 0.029484142 0.99276692
vt 0.02805906 0.99249959
vt 0.033704873 0.98586398
vt 0.029457375 0.99578035
vt 0.66512853 0.98956203
vt 0.66770512 0.99275202
vt 0.65984237 0.99664187
vt 0.28970006 0.99570954
vt 0.28913125 0.9879207
vt 0.29345629 0.98779804
vt 0.28515163 0.98969984
vt 0.043304794 0.97995168
vt 0.046406206 0.98170781
vt 0.042909749 0.98879993
vt 0.0045195739 0.99514449
vt 0.0036298838 0.99529231
vt 0.00451684 0.98815322
vt 0.80782324 0.99546134
vt 0.80413067 0.9969576
vt 0.80660826 0.99285841
vt 0.80094463 0.98740196
vt 0.0072468854 0.99591291
vt 0.007956381 0.99646437
vt 0.006637014 0.99592918
vt 0.0059692245 0.99621177
vt 0.0039866939 0.98762393
vt 0.032578111 0.98921078
vt 0.026832681 0.98200035
vt 0.033579726 0.98556048
vt 0.60710353 0.99523783
vt 0.60576981 0.99219638
vt 0.61149853 0.99474186
vt 0.6118269 0.99271017
vt 0.0787118 0.99518383
vt 0.074666388 0.99151254
vt 0.076918125 0.99145591
vt 0.0037304063 0.99544036
vt 0.0048605753 0.99446154
vt 0.0039152298 0.99596471
vt 0.0037215501 0.99448216
vt 0.0040812274 0.99416018
vt 0.0034514032 0.99570066
vt 0.0030582845 0.99395144
vt 0.0039764401 0.99498552
vt 0.0037121093 0.99382645
usemtl Tile_+034_+029_L18_00003_0
f 230/791 237/792 32/793
f 146/636 123/637 148/638
f 149/680 143/681 159/682
f 174/723 184/701 150/717
f 1127/2399 239/2400 1069/2401
f 1396/2900 134/2901 1015/2902
f 39/2413 40/2414 43/2415
f 34/1792 27/1793 30/1794
f 231/805 225/818 232/815
f 231/805 221/814 225/818
f 1109/531 1055/532 1034/533
f 156/714 183/706 169/695
f 217/842 208/843 219/844
f 218/845 222/872 213/849
f 231/805 223/794 214/810
f 226/862 218/845 213/849
f 1397/749 171/764 190/758
f 223/794 215/804 207/809
f 1397/749 170/757 172/763
f 172/763 173/756 152/755
f 190/758 154/759 153/741
f 174/2612 172/2613 184/2614
f 156/714 155/708 187/724
f 147/683 146/686 149/680
f 137/685 138/689 159/682
f 1395/2903 1015/2902 239/2905
f 107/2663 104/2664 95/2665
f 60/732 62/730 58/704
f 133/2403 1133/2405 1069/2401
f 1034/533 1033/536 1032/539
f 116/2668 93/2667 107/2663
f 116/918 108/919 94/920
f 94/2666 93/2667 116/2668
f 95/648 94/669 92/665
f 86/1336 80/1337 91/1338
f 79/661 78/666 102/656
f 79/935 92/926 88/930
f 46/662 67/667 1530/670
f 74/1630 135/1631 73/1632
f 44/2782 45/2783 47/2784
f 41/742 42/773 49/766
f 53/3271 54/3272 1534/3273
f 50/3304 52/3305 224/3306
f 72/2602 71/2603 1532/2604
f 30/2083 24/2084 34/2085
f 54/3397 53/3398 56/3399
f 33/1795 34/1792 1537/1797
f 83/1343 99/1347 84/1340
f 1097/925 108/919 74/923
f 81/1227 85/1228 133/1229
f 84/3403 99/3404 101/3405
f 83/1236 82/1231 97/1234
f 84/2809 101/2810 238/2811
f 23/2473 26/2474 1539/2475
f 235/811 234/800 229/798
f 223/794 231/805 229/798
f 236/795 230/791 234/800
f 229/798 234/800 230/791
f 1545/799 236/795 1546/806
f 32/793 237/792 26/796
f 1541/802 237/792 1545/799
f 1547/830 234/831 1548/832
f 218/845 228/854 232/850
f 234/800 235/811 232/815
f 235/811 231/805 232/815
f 233/859 232/850 228/854
f 228/854 218/845 227/858
f 1549/834 233/836 1550/838
f 1786/864 228/854 1787/863
f 227/858 226/862 1788/869
f 223/794 229/798 230/791
f 32/793 223/794 230/791
f 231/805 235/811 229/798
f 227/858 218/845 226/862
f 219/844 204/846 213/849
f 1788/869 211/867 1791/876
f 42/803 41/797 32/793
f 226/862 213/849 212/857
f 212/857 211/867 226/862
f 214/810 223/794 207/809
f 178/702 177/691 216/710
f 166/719 216/710 177/691
f 41/797 215/804 223/794
f 176/1907 175/1908 182/1909
f 220/2952 213/2953 222/2954
f 214/810 221/814 231/805
f 219/2270 220/2271 222/2272
f 218/845 225/847 217/842
f 219/2270 222/2272 218/2273
f 208/843 204/846 219/844
f 199/726 216/710 195/727
f 205/817 202/825 199/826
f 204/846 203/848 209/852
f 219/844 218/845 217/842
f 179/697 178/702 207/709
f 164/711 207/709 215/725
f 1505/577 4/557 1104/571
f 212/857 213/849 209/852
f 211/867 212/857 1793/861
f 221/814 198/822 217/823
f 205/817 198/822 221/814
f 202/825 205/817 178/821
f 207/809 178/821 205/817
f 206/874 1508/878 1795/877
f 205/817 199/826 198/822
f 210/1675 206/1676 209/1677
f 209/1677 203/1678 210/1675
f 208/828 217/823 198/822
f 198/822 197/827 200/829
f 198/822 200/829 208/828
f 166/1399 185/1400 196/1401
f 153/741 186/750 187/724
f 189/1411 192/1413 191/1409
f 191/1409 195/1407 158/1405
f 186/1408 189/1411 191/1409
f 158/1405 186/1408 191/1409
f 195/1407 196/1401 158/1405
f 197/827 198/822 199/826
f 196/1401 185/1400 156/1403
f 186/750 153/741 154/759
f 1397/749 172/763 171/764
f 155/708 157/734 187/724
f 154/759 436/772 189/765
f 189/1071 436/1072 440/1073
f 167/700 183/706 185/715
f 1397/749 190/758 153/741
f 188/748 152/755 173/756
f 125/655 160/672 127/660
f 150/717 1398/707 125/716
f 173/3048 172/3049 150/3050
f 184/701 155/708 169/695
f 177/691 124/687 169/695
f 177/691 169/695 167/700
f 164/711 179/697 207/709
f 169/695 183/706 167/700
f 179/697 161/703 175/688
f 176/692 59/696 137/685
f 165/3321 41/3322 163/3323
f 179/697 177/691 178/702
f 137/685 143/681 175/688
f 175/688 143/681 177/691
f 149/639 121/641 144/644
f 175/688 176/692 137/685
f 164/711 163/720 161/703
f 38/752 163/720 41/742
f 182/1909 181/1910 176/1907
f 180/737 163/720 50/744
f 180/737 224/751 181/743
f 224/1912 59/1911 181/1910
f 162/729 181/743 182/736
f 164/711 215/725 165/728
f 215/725 41/742 165/728
f 163/720 164/711 165/728
f 163/720 180/737 162/729
f 161/703 163/720 162/729
f 175/3435 161/3436 182/3437
f 162/729 182/736 161/703
f 168/3215 170/3216 157/3217
f 139/698 65/713 142/705
f 168/771 172/763 170/757
f 185/715 183/706 156/714
f 184/2614 168/2615 155/2616
f 187/1406 158/1405 156/1403
f 158/1405 196/1401 156/1403
f 169/695 155/708 156/714
f 187/1406 186/1408 158/1405
f 151/770 171/764 152/755
f 160/677 126/678 127/679
f 128/651 126/650 110/645
f 128/651 127/660 126/650
f 126/3218 160/3219 125/3220
f 142/649 106/646 113/640
f 130/1348 103/1349 114/1350
f 147/3432 159/3433 138/3434
f 58/704 65/713 139/698
f 113/640 123/637 146/636
f 147/683 145/690 146/686
f 138/689 145/690 147/683
f 141/694 145/690 139/698
f 142/705 141/694 139/698
f 65/713 69/722 142/705
f 110/645 122/643 123/637
f 146/686 141/694 140/699
f 148/638 149/639 146/636
f 143/681 149/680 144/684
f 148/638 123/637 121/641
f 113/640 140/652 142/649
f 146/3077 140/3078 113/3079
f 137/685 59/696 136/693
f 136/693 58/704 139/698
f 138/689 137/685 136/693
f 60/732 58/704 61/721
f 136/693 139/698 145/690
f 145/690 138/689 136/693
f 141/694 142/705 140/699
f 148/638 121/641 149/639
f 124/647 121/641 122/643
f 121/641 124/647 144/644
f 129/733 150/717 125/716
f 124/647 122/643 126/650
f 125/716 1398/707 124/687
f 125/655 127/660 129/664
f 128/651 129/664 127/660
f 124/647 126/650 125/655
f 121/641 123/637 122/643
f 117/939 114/944 78/942
f 135/1631 116/1634 73/1632
f 74/923 108/919 135/921
f 108/919 116/918 135/921
f 85/1342 87/1339 134/1346
f 98/1237 97/1234 80/1235
f 114/1350 103/1349 102/1353
f 106/646 105/642 113/640
f 109/931 111/936 89/924
f 90/934 89/924 111/936
f 108/919 96/922 94/920
f 95/648 105/642 106/646
f 142/649 112/653 106/646
f 114/944 117/939 1032/941
f 114/944 102/947 78/942
f 107/927 93/940 108/919
f 108/2670 93/2667 96/2669
f 106/646 116/659 107/654
f 95/648 106/646 107/654
f 44/658 116/659 106/646
f 46/662 44/658 112/653
f 106/646 112/653 44/658
f 110/645 105/642 95/648
f 92/926 94/920 89/924
f 86/1336 82/1345 83/1343
f 238/1240 100/1239 98/1237
f 99/3404 100/3406 101/3405
f 99/1238 83/1236 97/1234
f 98/2812 84/2809 238/2811
f 100/1239 99/1238 98/1237
f 99/1238 97/1234 98/1237
f 84/2809 98/2812 80/2813
f 80/1235 97/1234 81/1227
f 86/1336 87/1339 85/1342
f 81/1227 82/1231 85/1228
f 91/1338 87/1339 86/1336
f 81/1227 91/1233 80/1235
f 85/1342 82/1345 86/1336
f 47/2618 46/2619 1531/2620
f 75/1633 74/1630 73/1632
f 73/1632 8/1635 75/1633
f 116/1634 44/1637 73/1632
f 70/2787 73/2785 47/2784
f 73/2610 72/2602 1555/2608
f 47/2784 48/2788 70/2787
f 73/2785 44/2782 47/2784
f 1553/1638 73/1632 1556/1641
f 46/662 64/657 67/667
f 68/671 67/667 64/657
f 71/2623 48/2625 47/2618
f 72/2602 70/2609 48/2606
f 68/745 62/730 60/732
f 36/2088 35/2086 29/2090
f 54/3397 56/3399 1560/3400
f 60/732 61/721 1562/739
f 57/2728 63/2729 55/2730
f 65/713 58/704 62/730
f 58/704 136/693 59/696
f 1563/731 57/712 1565/738
f 59/696 57/712 58/704
f 59/1911 63/1914 57/1915
f 65/713 62/730 69/722
f 63/1914 59/1911 52/1913
f 61/721 58/704 57/712
f 68/745 60/732 1566/753
f 1565/738 56/746 1568/754
f 1560/2733 55/2730 1569/2736
f 1570/2737 39/2738 1571/2739
f 1568/3277 53/3271 1572/3276
f 55/2730 51/2732 50/2735
f 59/1911 224/1912 52/1913
f 38/752 50/744 163/720
f 1569/2736 50/2735 1570/2737
f 49/766 42/773 37/774
f 50/744 224/751 180/737
f 49/766 38/752 41/742
f 52/2734 51/2732 63/2729
f 50/744 38/752 39/760
f 72/2602 48/2606 71/2603
f 47/2618 45/2622 46/2619
f 31/2390 16/2391 1575/2392
f 71/2623 47/2618 1551/2621
f 46/2786 45/2783 44/2782
f 16/2391 28/2396 1543/2394
f 40/767 39/760 38/752
f 1577/1801 37/1803 1578/1804
f 35/2086 36/2088 34/2085
f 24/2084 25/2087 35/2086
f 27/801 33/807 32/793
f 42/803 32/793 33/807
f 24/2479 30/2482 22/2477
f 27/1793 26/1798 22/1796
f 27/801 32/793 26/796
f 24/2479 23/2473 25/2481
f 23/2473 22/2477 26/2474
f 23/2473 24/2479 22/2477
f 27/1793 22/1796 30/1794
f 17/2478 25/2481 23/2473
f 17/2478 23/2473 1540/2476
f 1581/2483 17/2478 1582/2480
f 17/2089 16/2092 29/2090
f 28/2093 16/2092 17/2089
f 20/2650 19/2651 21/2652
f 18/2689 21/2690 19/2691
f 839/1458 814/1459 565/1460
f 1/1647 3/1645 2/1646
f 210/1675 1516/1682 1515/1679
f 1515/1679 1508/1681 206/1676
f 1524/2344 1504/2345 193/2346
f 1504/1241 1521/1242 201/1243
f 1513/2814 1523/2815 1519/2816
f 1517/2499 1522/2500 1512/2501
f 12/1016 192/1017 1036/1018
f 570/2929 1016/2930 1517/2931
f 1518/3526 1511/3527 1525/3528
f 1023/1023 1035/1026 191/1020
f 143/681 137/685 159/682
f 1396/2900 1395/2903 1057/2904
f 1686/2406 1133/2405 1687/2411
f 14/545 13/544 5/549
f 501/2122 500/2123 129/2124
f 1398/707 184/701 124/687
f 1027/2231 1018/2232 1028/2233
f 1022/1048 1021/1045 1025/1031
f 1027/2964 1019/2965 1020/2966
f 15/628 1119/623 1087/616
f 239/1230 91/1233 81/1227
f 1079/1119 1118/1120 1126/1121
f 1124/1134 1123/1147 6/1143
f 1031/2236 1028/2233 1018/2232
f 1112/574 1113/567 1047/561
f 14/1256 4/1257 1505/1258
f 216/710 166/719 195/727
f 108/919 131/932 109/931
f 1107/592 1106/579 1099/589
f 1115/3206 1117/3207 1018/3208
f 10/1639 75/1633 8/1635
f 1098/1643 10/1639 8/1635
f 1104/571 1106/579 1505/577
f 1690/1137 1073/1125 1691/1130
f 133/3132 134/3133 1133/3134
f 64/657 46/662 112/653
f 1046/1260 66/1259 1045/1261
f 1115/3088 1502/3089 1116/3090
f 870/1022 1110/1028 1114/1025
f 1102/588 1104/571 1101/591
f 1507/1685 1506/1694 1797/1695
f 210/1675 1507/1685 1516/1682
f 1507/1685 210/1675 1511/1683
f 203/1678 1525/1680 210/1675
f 203/848 204/846 208/843
f 210/1675 1525/1680 1511/1683
f 1525/3528 1510/3529 1518/3526
f 203/2240 1496/2234 1510/2237
f 1525/2241 203/2240 1510/2237
f 208/843 1509/851 203/848
f 209/852 206/874 1796/870
f 206/1676 210/1675 1515/1679
f 1516/1682 1507/1685 1801/1689
f 1524/1245 193/1244 1521/1242
f 193/1244 201/1243 1521/1242
f 1455/2459 1519/2460 1520/2461
f 1512/2501 1522/2500 1506/2503
f 1504/2464 1513/2462 1520/2461
f 1512/2501 570/2502 1517/2499
f 575/2820 1513/2814 574/2817
f 1513/2814 1519/2816 574/2817
f 574/2463 1519/2460 1455/2459
f 1523/2815 1520/2819 1519/2816
f 1513/2814 1504/2818 1523/2815
f 1513/2814 575/2820 1450/2822
f 1517/2931 1506/2933 1522/2934
f 1504/3473 1524/3474 1523/3475
f 1504/2464 1520/2461 1521/2467
f 1035/1026 1025/1031 191/1020
f 1518/3470 1510/3471 1511/3472
f 1514/3376 1500/3377 1806/3378
f 1805/3382 1499/3380 1808/3383
f 1517/2931 1514/2932 1506/2933
f 1455/2459 1513/2462 1450/2465
f 1524/3474 1521/3477 1520/3476
f 1450/3307 575/3308 1445/3309
f 1499/3380 1500/3377 1514/3376
f 1809/3478 987/3479 1810/3480
f 573/3020 1499/3021 1514/3022
f 1808/3024 573/3020 1809/3026
f 309/1024 870/1022 1036/1018
f 1514/3022 1016/3023 573/3020
f 1520/2461 1513/2462 1455/2459
f 1029/2235 1502/2238 1018/2232
f 1017/2504 570/2502 1512/2501
f 1031/2505 1017/2504 1512/2501
f 1517/2931 1016/2930 1514/2932
f 1811/1684 1515/1679 1813/1687
f 1515/1679 1516/1682 1812/1686
f 208/843 1021/855 1509/851
f 1496/856 203/848 1509/851
f 200/1036 191/1020 1025/1031
f 1509/851 1019/860 1496/856
f 1028/2233 1510/2237 1496/2234
f 1511/1683 1031/1691 1507/1685
f 1031/1691 1506/1694 1507/1685
f 1450/1415 890/1416 1455/1417
f 1512/2501 1506/2503 1031/2505
f 1020/1047 1021/1045 1022/1048
f 5/549 13/544 1032/539
f 74/923 1092/928 1097/925
f 8/1635 3/1645 1098/1643
f 1529/1649 2/1646 1585/1648
f 1093/929 131/932 108/919
f 5/943 132/938 1501/945
f 196/735 195/727 166/719
f 3/1645 1/1647 1098/1643
f 1103/578 1097/581 1104/571
f 8/1635 2/1646 3/1645
f 2/1646 8/1635 1554/1644
f 87/1339 1015/1344 134/1346
f 1051/537 1054/534 1034/533
f 1054/534 1040/541 1052/535
f 191/1020 12/1016 1023/1023
f 1054/534 1109/531 1034/533
f 986/1354 362/1352 1503/1351
f 1052/535 1040/541 874/543
f 1055/532 1033/536 1034/533
f 192/950 189/951 194/952
f 191/1020 192/1017 12/1016
f 114/1350 1503/1351 130/1348
f 166/1399 167/1402 185/1400
f 150/717 188/748 173/756
f 201/2348 194/2347 1504/2345
f 189/765 186/750 154/759
f 1397/749 153/741 157/734
f 390/740 188/748 150/717
f 172/763 152/755 171/764
f 168/2615 184/2614 172/2613
f 124/687 184/701 169/695
f 195/1407 200/1410 197/1412
f 199/1414 195/1407 197/1412
f 956/1720 129/1721 128/1722
f 177/691 179/697 175/688
f 124/687 143/681 144/684
f 124/687 177/691 143/681
f 177/1404 167/1402 166/1399
f 1100/2806 1101/2807 1105/2808
f 1099/589 1100/584 1105/585
f 64/657 62/668 68/671
f 133/1229 239/1230 81/1227
f 238/3407 101/3405 100/3406
f 133/1229 85/1228 134/1232
f 1692/2410 1043/2404 1693/2412
f 134/3133 1396/3135 1133/3134
f 1133/3134 1396/3135 1694/3136
f 1063/1835 1130/1836 1068/1837
f 1127/3426 1083/3427 1067/3428
f 1396/2900 1015/2902 1395/2903
f 239/2905 1127/2908 1395/2903
f 1127/2399 1069/2401 1083/2402
f 1044/2645 1128/2646 1072/2647
f 1044/2576 1076/2577 1128/2578
f 239/2400 133/2403 1069/2401
f 350/880 1143/881 1688/882
f 118/886 120/889 350/880
f 118/886 350/880 1696/883
f 87/1339 91/1338 239/1341
f 1143/1500 568/1501 1131/1502
f 1135/1 1144/2 610/3
f 1135/1 1134/5 1144/2
f 1137/11 1136/8 1135/1
f 1139/30 931/37 1142/19
f 1132/36 1044/43 1139/30
f 1140/25 1139/30 1142/19
f 1140/25 1138/12 1141/18
f 1111/14 1137/11 1112/7
f 1135/1 1112/7 1137/11
f 1113/4 1135/1 610/3
f 1134/5 1135/1 1136/8
f 1124/17 1137/11 1111/14
f 1077/1126 1121/1124 1081/1135
f 1067/1123 1082/1133 1122/1128
f 1699/55 1044/43 1700/60
f 931/37 1498/44 930/31
f 1137/11 1124/17 1125/24
f 1137/11 1141/18 1138/12
f 1141/18 1137/11 1125/24
f 1120/617 1084/612 1085/607
f 1128/2646 1071/2648 1072/2647
f 1135/1 1113/4 1112/7
f 1070/29 1141/18 1125/24
f 1139/30 1140/25 1141/18
f 1056/1131 1077/1126 1061/1138
f 1056/1131 1061/1138 1701/1146
f 1056/1131 1078/1122 1077/1126
f 1078/1122 1056/1131 1705/1139
f 1125/1132 1129/1129 1118/1120
f 6/2338 1123/2339 7/2340
f 15/628 1120/617 1119/623
f 6/2338 7/2340 1084/2341
f 1121/1124 1129/1129 1124/1134
f 1118/1120 1129/1129 1121/1124
f 1121/1124 1126/1121 1118/1120
f 1079/1119 1067/1123 1118/1120
f 1070/1140 1128/1142 1076/1151
f 1138/12 1136/8 1137/11
f 1082/1133 1083/1141 1128/1142
f 1070/2582 1075/2579 1132/2580
f 1132/36 1141/18 1070/29
f 1498/1508 1131/1502 930/1504
f 1070/1140 1125/1132 1122/1128
f 1083/2402 1044/2407 1072/2409
f 7/2340 1123/2339 1068/2342
f 1065/1841 1068/1837 1124/1842
f 1118/1120 1067/1123 1122/1128
f 1119/623 1120/617 1086/611
f 1130/1836 1063/1835 1084/1839
f 15/1149 1081/1135 6/1143
f 1122/1128 1082/1133 1128/1142
f 1083/1141 1082/1133 1067/1123
f 1066/1840 1065/1841 1111/1843
f 19/2691 15/2693 1061/2692
f 1081/1135 1121/1124 6/1143
f 1061/630 21/624 1583/629
f 1063/597 1085/607 1084/612
f 1037/1040 1502/1049 1029/1051
f 1045/550 1040/541 1053/546
f 1047/561 1039/573 1112/574
f 1038/583 1111/587 1112/574
f 1039/573 1038/583 1112/574
f 1111/587 1038/583 1066/594
f 1090/596 1105/585 9/590
f 11/1019 1036/1018 870/1022
f 1024/1030 1114/1025 1110/1028
f 870/1022 1114/1025 11/1019
f 566/1039 1024/1030 1110/1028
f 1115/1473 1116/1466 576/1469
f 9/1636 75/1633 10/1639
f 76/605 1/610 1587/615
f 1059/600 1107/592 1088/598
f 1059/600 77/604 1589/609
f 1099/589 1096/601 1088/598
f 77/604 1059/600 1088/598
f 1088/598 1096/601 1090/596
f 1091/602 77/604 1088/598
f 1105/585 1090/596 1099/589
f 1104/571 1102/588 1100/584
f 1080/586 1038/583 1058/580
f 1106/579 1108/582 1049/566
f 1505/577 1106/579 66/572
f 1058/580 1108/582 1106/579
f 1107/592 1064/593 1058/580
f 1107/592 1099/589 1088/598
f 1097/581 1105/585 1104/571
f 1105/585 1101/591 1104/571
f 1100/584 1102/588 1101/591
f 1100/584 1106/579 1104/571
f 1100/584 1099/589 1106/579
f 1058/580 1106/579 1107/592
f 1034/533 13/544 14/545
f 4/557 14/545 5/549
f 66/1259 1046/1260 14/1256
f 1128/1142 1083/1141 1071/1152
f 4/557 1094/565 1104/571
f 1094/937 1093/929 1103/933
f 1098/599 1090/596 9/590
f 1088/598 1089/606 1091/602
f 1090/596 1089/606 1088/598
f 77/604 1091/602 76/605
f 1095/614 76/605 1592/622
f 9/1636 10/1639 1098/1643
f 1097/581 1092/595 9/590
f 1091/602 1089/606 1090/596
f 1099/589 1090/596 1096/601
f 1589/609 1095/614 1594/619
f 1064/593 1107/592 1059/600
f 1087/2655 21/2652 18/2656
f 18/2656 20/2650 1087/2655
f 1087/2660 1061/2661 15/2662
f 1086/611 1085/607 1060/603
f 1078/1122 1126/1121 1077/1126
f 1119/623 1086/611 1087/616
f 1080/2935 1063/2936 1074/2937
f 1074/2937 1066/2938 1080/2935
f 1075/2579 1072/2581 1076/2577
f 1044/2576 1075/2579 1076/2577
f 1075/3414 1083/3415 1072/3416
f 1067/2907 1395/2903 1127/2908
f 1080/586 1066/594 1038/583
f 1072/1153 1070/1140 1076/1151
f 1071/2648 1070/2649 1072/2647
f 1043/2404 1083/2402 1069/2401
f 1066/1840 1074/1838 1068/1837
f 1064/593 1080/586 1058/580
f 1064/593 1063/597 1080/586
f 1059/600 1063/597 1064/593
f 15/1149 19/1148 1081/1135
f 1081/1135 19/1148 1062/1144
f 1062/1144 1077/1126 1081/1135
f 1063/597 1059/600 1060/603
f 1074/1838 1063/1835 1068/1837
f 1065/1841 1066/1840 1068/1837
f 1070/2582 1071/2583 1075/2579
f 1075/2579 1071/2583 1083/2584
f 1067/1123 1079/1119 1057/1127
f 1079/1119 1126/1121 1078/1122
f 1128/1142 1070/1140 1122/1128
f 1085/607 1086/611 1120/617
f 1073/1125 1079/1119 1078/1122
f 1079/1119 1073/1125 1057/1127
f 1083/2402 1043/2404 1044/2407
f 1085/607 1063/597 1060/603
f 1086/611 1060/603 1087/616
f 1062/1144 1061/1138 1077/1126
f 1061/2692 1062/2694 18/2689
f 19/2691 1061/2692 18/2689
f 20/2657 18/2658 1062/2659
f 1062/2654 19/2651 20/2650
f 1061/2653 20/2650 21/2652
f 1087/616 1060/603 21/624
f 1584/618 1060/603 1595/613
f 1060/603 1059/600 1590/608
f 1057/2904 1395/2903 1067/2907
f 1043/2404 1069/2401 1686/2406
f 1694/2906 1057/2904 1709/2909
f 1691/1130 1078/1122 1706/1136
f 1049/566 1058/580 1039/573
f 1040/541 1042/554 1041/551
f 1108/582 1058/580 1049/566
f 1045/550 1049/566 1047/561
f 609/1666 639/1667 1048/1668
f 1049/566 1045/550 66/572
f 1046/540 1034/533 14/545
f 874/543 585/538 1052/535
f 1109/531 1054/534 1052/535
f 1055/532 1052/535 585/538
f 1109/531 1052/535 1055/532
f 1054/534 1051/537 1040/541
f 1040/541 1051/537 1053/546
f 1045/550 1053/546 1050/553
f 1053/3393 1051/3394 1050/3395
f 1045/1261 1050/1262 1046/1260
f 874/543 1040/541 1041/551
f 1039/573 1047/561 1049/566
f 1048/558 636/562 1042/554
f 1047/561 1048/558 1045/550
f 568/1501 930/1504 1131/1502
f 1030/3210 1117/3207 576/3209
f 1018/3208 1117/3207 1030/3210
f 1020/2966 1029/2967 1027/2964
f 1496/2234 1027/2231 1028/2233
f 1027/2231 1029/2235 1018/2232
f 1024/1030 1037/1040 1025/1031
f 1023/1023 1114/1025 1024/1030
f 1025/1031 1035/1026 1024/1030
f 566/1039 1037/1040 1024/1030
f 1022/1048 1025/1031 1026/1044
f 1055/532 585/538 986/542
f 1037/1040 1026/1044 1025/1031
f 1024/1030 1035/1026 1023/1023
f 1036/1018 11/1019 12/1016
f 1036/1018 192/1017 310/1021
f 1019/860 1509/851 1021/855
f 1021/2968 1020/2966 1019/2965
f 1017/2504 1031/2505 1018/2507
f 569/2506 1017/2504 1030/2508
f 1031/2236 1511/2239 1028/2233
f 1017/2504 1018/2507 1030/2508
f 1501/564 115/560 5/549
f 107/3534 96/3535 104/3536
f 93/2667 104/2664 96/2669
f 117/939 88/930 1032/941
f 1032/941 88/930 132/938
f 1032/941 1503/946 114/944
f 1032/941 1033/949 1055/948
f 42/803 33/807 1538/813
f 43/1802 40/1800 34/1792
f 157/734 170/757 1397/749
f 362/1352 130/1348 1503/1351
f 119/893 120/889 118/886
f 110/645 95/648 128/651
f 112/653 142/649 64/657
f 38/752 49/766 40/767
f 1571/2417 36/2416 1597/2418
f 1597/2418 31/2419 1598/2420
f 1578/820 42/803 1596/816
f 1537/1797 40/1800 1577/1801
f 1685/897 118/886 1698/892
f 97/1234 82/1231 81/1227
f 237/792 230/791 236/795
f 225/847 218/845 232/850
f 233/819 234/800 232/815
f 1787/863 227/858 1790/868
f 32/793 41/797 223/794
f 221/814 217/823 225/818
f 213/849 220/853 219/844
f 209/852 213/849 204/846
f 205/817 214/810 207/809
f 216/710 202/718 178/702
f 202/718 216/710 199/726
f 190/758 171/764 151/770
f 193/2346 1504/2345 194/2347
f 195/1407 191/1409 200/1410
f 153/741 187/724 157/734
f 179/697 164/711 161/703
f 162/729 180/737 181/743
f 181/1910 59/1911 176/1907
f 126/650 122/643 110/645
f 123/637 113/640 105/642
f 141/694 146/686 145/690
f 142/649 69/663 64/657
f 103/1349 130/1348 362/1352
f 111/936 109/931 131/932
f 132/938 90/934 111/936
f 64/657 69/663 62/668
f 108/919 109/931 107/927
f 88/930 117/939 79/935
f 110/645 123/637 105/642
f 96/922 107/927 89/924
f 95/2665 104/2664 94/2666
f 89/924 90/934 88/930
f 92/665 79/661 95/648
f 94/2666 104/2664 93/2667
f 80/1337 86/1336 84/1340
f 83/1343 84/1340 86/1336
f 117/939 78/942 79/935
f 95/648 79/661 102/656
f 88/930 90/934 132/938
f 88/930 92/926 89/924
f 70/2609 72/2602 73/2610
f 51/2732 52/2734 50/2735
f 55/2730 56/2731 57/2728
f 40/767 49/766 37/774
f 31/2091 29/2090 16/2092
f 35/2086 25/2087 17/2089
f 43/2415 36/2416 39/2413
f 576/3209 1117/3207 1115/3206
f 131/570 1094/565 115/560
f 5/549 115/560 4/557
f 131/932 1093/929 1094/937
f 1503/946 1032/941 1055/948
f 1018/3091 1502/3089 1115/3088
f 1116/1046 1502/1049 1037/1040
f 1131/45 1498/44 931/37
f 1139/30 1131/45 931/37
f 1114/1025 1023/1023 11/1019
f 131/570 115/560 1501/564
f 1113/1669 609/1666 1048/1668
f 1110/1028 1497/1043 566/1039
f 1104/571 1094/565 1103/578
f 66/1259 14/1256 1505/1258
f 1020/1047 1026/1044 1037/1040
f 66/572 1106/579 1049/566
f 1113/567 1048/558 1047/561
f 1398/707 150/717 184/701
f 1048/558 1042/554 1045/550
f 1116/1466 815/1462 576/1469
f 815/1462 1116/1466 565/1460
f 1061/2653 1087/2655 20/2650
f 1524/3474 1520/3476 1523/3475
f 1797/1695 1514/1696 1807/1697
f 208/1041 200/1036 1025/1031
f 1511/2239 1510/2237 1028/2233
f 1021/1045 208/1041 1025/1031
f 131/932 1501/945 132/938
f 1094/565 4/557 115/560
f 75/1633 9/1636 74/1630
f 1091/602 1090/596 1098/599
f 956/1720 501/1724 129/1721
f 11/1019 1023/1023 12/1016
f 194/3455 201/3456 192/3457
f 568/884 1143/881 350/880
f 1015/1344 87/1339 239/1341
f 1139/30 1141/18 1132/36
f 1136/8 1138/12 1134/5
f 6/625 1084/612 1120/617
f 1126/1121 1121/1124 1077/1126
f 6/1143 1121/1124 1124/1134
f 1124/1134 1129/1129 1125/1132
f 1132/2580 1075/2579 1044/2576
f 1118/1120 1122/1128 1125/1132
f 1130/2343 7/2340 1068/2342
f 1138/12 1140/25 1142/19
f 1143/1500 1131/1502 1703/1503
f 1044/43 1131/45 1139/30
f 874/3324 1041/3325 1042/3326
f 1037/1040 566/1039 1116/1046
f 1037/1040 1029/1051 1020/1047
f 814/1459 815/1462 565/1460
f 1497/1043 1110/1028 839/1038
f 609/6 1113/4 610/3
f 1/610 76/605 1098/599
f 76/605 1091/602 1098/599
f 9/1636 1092/1640 74/1630
f 9/590 1105/585 1097/581
f 1058/580 1038/583 1039/573
f 1046/540 1051/537 1034/533
f 1046/3396 1050/3395 1051/3394
f 1026/1044 1020/1047 1022/1048
f 192/1249 580/1247 310/1250
f 1032/539 13/544 1034/533
f 33/1795 27/1793 34/1792
f 5/943 1032/941 132/938
f 108/919 1097/925 1093/929
f 89/924 107/927 109/931
f 111/936 131/932 132/938
f 1097/925 1103/933 1093/929
f 565/1050 1116/1046 566/1039
f 1793/861 209/852 1800/866
f 221/814 214/810 205/817
f 154/3236 190/3237 151/3238
f 172/3049 174/3051 150/3050
f 168/2615 157/2617 155/2616
f 149/680 159/682 147/683
f 102/656 128/651 95/648
f 1558/768 68/745 1567/761
f 51/2732 55/2730 63/2729
f 43/3190 34/3191 36/3192
f 29/2090 31/2091 36/2088
f 35/2086 34/2085 24/2084
f 29/2090 35/2086 17/2089
f 1111/14 1065/23 1124/17
f 6/625 1120/617 15/628
f 1503/547 1055/532 986/542
f 1040/541 1045/550 1042/554
f 1130/2343 1084/2341 7/2340
f 1068/1844 1123/1845 1124/1846
f 566/2470 1497/2471 564/2472
f 1027/865 1496/856 1019/860
f 76/605 1095/614 77/604
f 1016/3023 570/3025 573/3020
f 94/920 96/922 89/924
f 564/2466 1497/2469 839/2468
f 564/3004 567/3005 565/3006
f 566/3007 564/3004 565/3006
f 720/1189 548/1190 547/1191
f 535/261 748/228 536/273
f 618/1874 534/1875 533/1876
f 546/1859 643/1860 540/1861
f 544/1435 1486/1436 545/1437
f 543/1651 421/1652 527/1653
f 694/1863 539/1866 540/1861
f 524/489 266/501 621/477
f 318/2191 372/2192 360/2193
f 476/1549 490/1550 1814/1551
f 422/1311 403/1312 467/1313
f 346/1510 412/1511 385/1512
f 334/2427 467/2428 338/2429
f 522/1698 357/1699 497/1700
f 519/1805 371/1806 393/1807
f 339/3183 336/3184 494/3185
f 485/2203 486/2204 483/2205
f 483/1940 444/1941 445/1942
f 475/1560 489/1557 474/1553
f 451/1481 463/1482 477/1483
f 463/1482 451/1481 434/1484
f 425/1075 424/1074 436/1072
f 461/1957 435/1961 447/1954
f 435/1961 452/1958 447/1954
f 510/968 392/969 511/970
f 299/3233 311/3234 298/3235
f 507/2274 509/2275 508/2276
f 506/1332 473/1328 470/1323
f 513/258 886/283 514/298
f 509/2486 615/2487 512/2488
f 345/2199 373/2195 296/2197
f 504/1388 965/1389 505/1390
f 352/2018 342/2019 356/2020
f 356/2020 342/2019 341/2022
f 313/3384 347/3385 314/3386
f 316/2130 315/2131 324/2132
f 404/1365 337/1366 470/1367
f 473/3104 493/3105 484/3106
f 339/2585 340/2586 337/2587
f 499/1964 498/1965 1716/1966
f 496/1988 495/1983 1714/1990
f 361/902 119/893 1719/907
f 349/894 120/889 119/893
f 374/1708 286/1705 994/1702
f 329/2181 328/2182 494/2183
f 506/3107 493/3105 473/3104
f 328/3186 339/3183 494/3185
f 336/2184 329/2181 494/2183
f 300/2137 334/2139 330/2134
f 469/1490 430/1495 434/1484
f 487/1567 480/1563 475/1560
f 489/2216 480/2213 488/2207
f 490/2218 492/2221 1816/2222
f 1820/2220 491/2219 1821/2217
f 1821/2217 488/2207 1822/2214
f 483/1940 445/1942 1823/1943
f 476/1549 474/1553 490/1550
f 450/1555 449/1559 476/1549
f 456/2032 428/2033 1826/2034
f 1823/1943 442/1947 1828/1949
f 488/2207 485/2203 1819/2210
f 450/1555 476/1549 1815/1552
f 489/1557 490/1550 474/1553
f 486/2204 485/2203 488/2207
f 1818/2206 483/2205 1824/2209
f 480/2213 482/2211 488/2207
f 480/1563 489/1557 475/1560
f 448/1944 444/1941 483/1940
f 448/2208 486/2204 464/2212
f 481/1485 477/1483 463/1482
f 465/1956 462/1953 448/1944
f 464/2212 465/2215 448/2208
f 465/1494 464/1488 460/1486
f 481/1485 463/1482 464/1488
f 486/2204 482/2211 464/2212
f 482/1496 480/1491 464/1488
f 480/1491 481/1485 464/1488
f 458/3390 477/3391 481/3392
f 338/2185 333/2188 334/2190
f 335/2591 336/2588 332/2590
f 337/2587 340/2586 484/2589
f 467/1313 466/1318 484/1324
f 340/2430 338/2429 467/2428
f 451/1566 477/1570 458/1556
f 476/1549 449/1559 458/1556
f 475/1560 474/1553 458/1556
f 481/1562 487/1567 475/1560
f 471/2789 194/2790 472/2791
f 473/1328 466/1318 470/1323
f 404/1315 466/1318 467/1313
f 404/1315 405/1317 410/1322
f 331/1384 325/1386 335/1385
f 478/1319 479/1316 378/1314
f 479/1316 422/1311 378/1314
f 408/1370 320/1368 404/1365
f 467/2140 334/2139 407/2138
f 407/2138 378/2141 467/2140
f 461/1493 462/1499 465/1494
f 460/1486 461/1493 465/1494
f 451/1566 458/1556 450/1555
f 434/1484 468/1487 469/1490
f 469/1568 468/1569 450/1555
f 450/1555 427/1565 469/1568
f 447/1954 452/1958 457/1951
f 443/1948 444/1941 448/1944
f 450/1555 468/1569 451/1566
f 462/1953 446/1950 448/1944
f 457/1951 443/1948 447/1954
f 446/1950 443/1948 448/1944
f 443/1948 446/1950 447/1954
f 441/3446 442/3447 445/3448
f 443/1948 441/1945 444/1941
f 445/1942 444/1941 441/1945
f 441/1945 456/1955 1827/1959
f 443/1948 457/1951 441/1945
f 1830/1952 441/1945 1831/1960
f 428/1561 427/1565 450/1555
f 456/1955 441/1945 457/1951
f 423/3151 580/3152 529/3153
f 431/1962 456/1955 452/1958
f 429/2039 427/2040 455/2041
f 433/1963 435/1961 461/1957
f 434/1484 430/1495 429/1498
f 435/1961 433/1963 431/1962
f 759/2306 426/2307 259/2308
f 189/951 423/953 194/952
f 472/3154 423/3151 529/3153
f 991/1571 963/1572 530/1573
f 390/1078 389/1080 973/1077
f 425/769 436/772 151/770
f 151/770 416/762 425/769
f 420/1325 478/1319 378/1314
f 414/3226 403/3227 422/3228
f 421/1652 420/1655 378/1658
f 378/1314 422/1311 467/1313
f 301/2071 406/2072 407/2073
f 405/1317 404/1315 403/1312
f 409/2627 376/2628 402/2629
f 401/1781 311/1782 375/1783
f 330/2862 323/2863 324/2864
f 386/2332 299/2333 312/2334
f 365/895 348/901 361/902
f 401/1781 312/1785 311/1782
f 378/1658 379/1661 421/1652
f 401/1781 375/1783 377/1784
f 397/2076 396/2074 301/2071
f 412/1376 380/1375 385/1378
f 1008/1513 346/1510 385/1512
f 380/1375 384/1377 385/1378
f 386/1788 401/1781 391/1786
f 523/2548 388/2549 387/2550
f 317/2712 343/2713 344/2714
f 394/3221 395/3222 393/3223
f 102/1353 362/1352 128/1355
f 296/2197 373/2195 318/2191
f 342/908 352/909 353/905
f 318/2191 360/2193 359/2194
f 369/2984 344/2985 359/2986
f 341/2022 358/2023 356/2020
f 359/2986 360/2987 369/2984
f 357/2021 356/2020 358/2023
f 355/1978 354/1970 1725/1980
f 1713/1968 499/1964 1727/1971
f 351/898 353/905 352/909
f 349/894 348/901 365/895
f 365/895 351/898 280/890
f 366/887 687/891 568/884
f 350/880 120/889 349/894
f 350/880 349/894 365/895
f 530/3063 364/3064 363/3065
f 102/1353 103/1349 362/1352
f 119/893 348/901 349/894
f 297/2718 368/2715 345/2717
f 361/902 342/908 353/905
f 344/2714 368/2715 317/2712
f 359/2194 343/2196 318/2191
f 359/2716 344/2714 343/2713
f 1721/912 361/902 1723/913
f 341/916 342/908 1724/915
f 343/2196 317/2198 318/2191
f 348/901 119/893 361/902
f 317/2198 347/2200 296/2197
f 313/3384 314/3386 296/3387
f 347/2200 313/2202 296/2197
f 331/1518 326/1523 325/1524
f 321/3145 327/3146 323/3147
f 323/3147 322/3148 321/3145
f 319/1374 332/1371 320/1368
f 322/2186 323/2189 332/2187
f 339/2585 337/2587 336/2588
f 329/2181 332/2187 338/2185
f 337/1366 320/1368 332/1371
f 332/3556 323/3557 335/3558
f 336/2588 337/2587 332/2590
f 323/3466 319/3467 335/3468
f 320/1368 337/1366 404/1365
f 331/1518 316/1514 324/1521
f 319/2865 330/2862 334/2867
f 315/2131 330/2134 324/2132
f 330/2862 319/2865 323/2863
f 301/2133 302/2135 411/2136
f 407/2138 300/2137 301/2133
f 301/2133 300/2137 330/2134
f 334/2139 300/2137 407/2138
f 404/1365 381/1372 408/1370
f 316/2130 301/2133 315/2131
f 302/1517 316/1514 346/1510
f 297/2718 314/2719 317/2712
f 316/2130 302/2135 301/2133
f 314/3386 347/3385 317/3388
f 314/3386 297/3389 296/3387
f 299/2632 381/2635 404/2634
f 306/1847 304/1848 305/1849
f 303/3517 305/3518 304/3519
f 351/898 286/910 285/906
f 890/2315 608/2316 574/2317
f 328/2182 329/2181 338/2185
f 967/2258 295/2259 294/2260
f 254/264 745/265 289/234
f 287/516 288/526 267/491
f 259/2383 898/2384 260/2385
f 254/1891 256/1893 255/1892
f 251/2434 253/2435 252/2436
f 372/2192 318/2191 373/2195
f 240/278 242/267 241/252
f 272/1767 273/1768 245/1769
f 287/516 267/491 266/501
f 1487/3482 725/3483 545/3484
f 1000/463 1001/449 275/406
f 743/305 742/279 1225/304
f 374/1708 994/1702 595/1706
f 413/1790 391/1786 377/1784
f 589/1083 1351/1081 563/1085
f 1285/225 502/185 1280/200
f 526/2564 997/2565 277/2566
f 911/2916 278/2917 831/2918
f 956/3058 974/3059 244/3060
f 392/1255 510/1252 439/1254
f 362/1352 986/1354 398/1356
f 128/1355 362/1352 398/1356
f 1351/1081 886/1087 563/1085
f 304/1848 306/1847 985/1850
f 951/1580 364/1576 984/1579
f 982/2224 363/2225 983/2226
f 398/1356 304/1360 992/1358
f 676/2058 677/2059 1430/2060
f 773/2720 977/2721 976/2722
f 424/956 561/959 511/957
f 975/1814 1010/1816 396/1811
f 244/3060 974/3059 243/3062
f 425/1075 390/1078 973/1077
f 891/1474 890/1475 979/1476
f 867/2349 978/2350 921/2351
f 271/392 970/393 270/345
f 1411/1884 603/1879 1410/1882
f 900/1154 897/1155 896/1156
f 807/398 820/382 806/413
f 811/2636 972/2637 957/2638
f 956/2125 1435/2127 500/2123
f 560/3262 868/3263 861/3264
f 1360/1175 560/1173 873/1170
f 836/1181 835/1182 951/1183
f 848/2551 835/2556 847/2553
f 614/2497 288/2498 968/2495
f 1253/2494 614/2497 968/2495
f 868/49 964/54 954/42
f 578/2874 577/2875 962/2876
f 979/1186 963/1187 891/1188
f 512/2593 1011/2594 520/2595
f 917/3363 820/3364 290/3365
f 805/1819 903/1820 901/1821
f 753/2774 949/2775 948/2776
f 946/125 947/128 923/95
f 606/2288 592/2289 593/2290
f 240/3160 945/3161 242/3162
f 551/82 938/67 292/74
f 939/1827 934/1822 1386/1826
f 1473/2444 949/2447 538/2445
f 278/2917 966/2922 277/2921
f 924/2490 780/2491 615/2487
f 558/409 1466/450 653/436
f 906/145 755/155 907/164
f 817/348 761/320 550/307
f 903/1820 902/1823 901/1821
f 617/2961 426/2962 898/2963
f 988/241 307/212 895/226
f 915/493 894/507 816/478
f 959/2509 918/2510 1837/2511
f 914/506 916/480 915/493
f 1002/520 620/451 892/505
f 893/2282 288/2286 614/2280
f 908/1601 1369/1602 834/1603
f 1247/350 770/396 1249/381
f 1839/971 263/972 1840/973
f 614/2280 507/2274 892/2278
f 1269/3502 877/3503 830/3504
f 615/2487 509/2486 924/2490
f 962/2876 889/2878 888/2877
f 880/1930 881/1931 587/1932
f 961/2101 1436/2102 958/2103
f 927/38 935/50 805/56
f 637/1672 950/1670 859/1671
f 869/569 634/556 638/563
f 882/35 868/49 954/42
f 866/2355 556/2353 867/2349
f 1382/41 828/28 804/34
f 866/2451 879/2452 556/2453
f 844/242 843/227 513/258
f 833/3342 971/3343 646/3344
f 857/3356 503/3357 1314/3358
f 762/2740 763/2741 1432/2742
f 1374/2251 1290/2252 774/2253
f 883/53 828/28 827/52
f 846/415 845/429 812/399
f 856/66 855/71 854/75
f 1343/1052 851/1053 850/1054
f 849/2552 848/2551 847/2553
f 953/2746 961/2747 958/2748
f 927/1423 805/1424 804/1425
f 824/107 803/98 802/87
f 824/3164 802/3165 825/3166
f 845/429 846/415 1335/441
f 782/2955 894/2956 915/2957
f 823/453 818/427 780/438
f 845/429 1281/455 1282/442
f 785/211 1267/238 784/240
f 1289/397 781/452 780/438
f 777/297 776/269 778/308
f 659/150 801/159 799/132
f 250/177 750/208 788/194
f 790/118 787/96 786/116
f 823/453 822/465 818/427
f 762/2740 779/2743 763/2741
f 549/321 550/307 761/320
f 287/516 454/525 288/526
f 760/529 622/518 909/530
f 1002/2277 1248/2281 620/2284
f 758/524 760/529 909/530
f 629/462 266/501 524/489
f 374/1099 595/1100 596/1101
f 241/252 741/222 268/266
f 753/124 293/91 532/102
f 1210/1894 728/1895 712/1896
f 727/1899 541/1902 728/1895
f 1491/1885 731/1887 730/1886
f 613/1162 872/1166 980/1169
f 713/1904 712/1896 271/1901
f 1219/275 746/276 1495/289
f 545/1204 698/1210 261/1193
f 721/1282 723/1283 722/1284
f 698/3311 719/3312 718/3313
f 698/3311 536/3317 699/3314
f 683/1194 547/1191 548/1190
f 696/2048 544/2049 697/2050
f 264/2321 757/2322 265/2323
f 707/189 706/204 516/163
f 245/1769 273/1768 685/1771
f 705/1877 618/1874 603/1879
f 656/775 1376/776 1244/777
f 591/2292 701/2295 599/2294
f 685/1771 706/1774 686/1772
f 680/248 751/230 679/220
f 793/165 1375/147 794/166
f 515/175 516/163 669/144
f 666/2753 597/2754 667/2755
f 692/3010 942/3011 1463/3012
f 1461/2169 515/2170 669/2171
f 538/2068 645/2064 644/2067
f 1368/3442 1366/3443 1367/3444
f 794/166 657/209 1470/178
f 662/2758 663/2759 418/2760
f 659/150 661/148 660/167
f 654/280 671/294 518/306
f 624/408 652/424 648/434
f 771/1605 651/1608 650/1611
f 628/475 1373/490 629/462
f 1227/432 438/421 1467/447
f 622/3017 821/3018 623/3019
f 453/502 821/503 622/518
f 280/890 279/899 367/896
f 631/1872 539/1866 264/1869
f 596/1101 595/1100 594/1103
f 591/2292 593/2290 592/2289
f 565/2320 567/2319 839/2318
f 1303/103 1327/134 884/126
f 423/953 472/955 194/952
f 574/2817 608/2821 575/2820
f 573/2106 570/2109 569/2105
f 570/2502 1017/2504 569/2506
f 590/3066 530/3063 363/3065
f 586/1934 588/1936 587/1932
f 585/3167 584/3168 583/3169
f 416/762 152/755 390/740
f 192/1249 201/1243 580/1247
f 193/2793 194/2790 471/2789
f 689/122 554/111 552/101
f 688/1981 1394/1984 521/1976
f 532/102 1391/81 554/111
f 929/15 1386/40 1385/46
f 532/102 531/90 1391/81
f 1391/81 552/101 554/111
f 532/102 293/91 531/90
f 1391/81 531/90 292/74
f 1392/112 946/125 923/95
f 630/110 1389/89 1729/100
f 293/91 292/74 531/90
f 553/80 1391/81 944/65
f 552/101 1389/89 630/110
f 947/128 1264/115 923/95
f 923/95 551/82 293/91
f 293/91 1392/112 923/95
f 928/3109 929/3110 1385/3111
f 521/121 552/101 630/110
f 1391/81 553/80 552/101
f 944/65 1391/81 292/74
f 925/72 789/99 802/87
f 551/82 923/95 1263/77
f 551/82 292/74 293/91
f 938/67 551/82 1263/77
f 1270/64 936/61 938/67
f 925/72 1270/64 938/67
f 938/67 1263/77 925/72
f 944/65 292/74 938/67
f 1390/57 937/51 936/61
f 937/51 944/65 936/61
f 901/1427 995/1426 805/1424
f 1270/64 1390/57 936/61
f 902/1823 903/1820 1390/1825
f 937/51 1390/57 934/47
f 902/68 1390/57 1270/64
f 594/1103 1387/1109 937/1105
f 938/67 936/61 944/65
f 1340/1067 586/1059 1339/1064
f 903/1820 934/1822 1390/1825
f 1388/1111 1387/1109 594/1103
f 941/1108 940/1104 596/1101
f 1388/79 943/73 1387/69
f 553/80 944/65 943/73
f 943/73 944/65 1387/69
f 930/31 1142/19 931/37
f 935/1824 1386/1826 934/1822
f 1384/13 1134/5 1138/12
f 367/21 940/27 929/15
f 687/891 366/887 367/896
f 934/47 939/33 941/39
f 939/33 1386/40 929/15
f 1342/9 1384/13 929/15
f 935/50 927/38 1385/46
f 927/38 926/32 928/20
f 927/38 928/20 1385/46
f 928/20 926/32 1341/22
f 619/3230 610/3231 1144/3232
f 1342/9 929/15 928/20
f 1384/13 1342/9 1134/5
f 1385/46 1386/40 935/50
f 1342/9 619/10 1144/2
f 1342/9 1144/2 1134/5
f 929/15 1384/13 367/21
f 942/3011 554/3015 689/3014
f 594/1103 1006/1106 1388/1111
f 279/1102 596/1101 940/1104
f 613/1162 612/1164 872/1166
f 1380/1159 900/1154 921/1157
f 1382/41 1295/48 828/28
f 998/1732 613/1733 980/1734
f 827/52 1295/48 808/58
f 1295/48 827/52 828/28
f 998/3027 872/3028 999/3029
f 1303/3438 1302/3439 1357/3440
f 866/1069 1340/1067 1339/1064
f 879/2452 866/2451 967/2454
f 853/2554 387/2550 849/2552
f 967/1620 294/1621 858/1622
f 1317/2972 1350/2973 862/2974
f 1340/1167 555/1165 556/1168
f 1347/1163 612/1164 1380/1159
f 967/2258 1329/2265 1338/2263
f 978/2350 867/2349 556/2353
f 978/1161 1347/1163 1380/1159
f 555/1165 978/1161 556/1168
f 503/1711 857/1712 1363/1713
f 1323/299 616/312 911/310
f 966/2922 278/2917 616/2920
f 867/2349 283/2357 866/2355
f 828/28 1341/22 804/34
f 1345/1738 900/1741 613/1733
f 773/1748 897/1749 900/1741
f 896/1156 921/1157 900/1154
f 613/1162 900/1154 1380/1159
f 977/2721 1332/2725 1272/2724
f 612/1164 613/1162 1380/1159
f 294/1393 879/1395 503/1391
f 783/414 806/413 290/439
f 418/1654 528/1657 1260/1660
f 775/295 549/321 1251/333
f 779/2540 1260/2541 763/2542
f 1460/2358 251/2359 604/2360
f 816/478 823/453 968/492
f 1378/1813 975/1814 1379/1808
f 826/2923 525/2924 616/2925
f 997/2565 740/2568 277/2566
f 291/3368 290/3365 920/3366
f 831/2918 278/2917 277/2921
f 921/1157 978/1161 1380/1159
f 1272/2724 976/2722 977/2721
f 774/1747 773/1748 900/1741
f 901/88 902/68 1271/78
f 819/2830 910/2831 1003/2832
f 1003/2832 777/2833 819/2830
f 777/3156 1003/3157 910/3158
f 904/3346 549/3345 833/3342
f 762/2762 1377/2761 663/2759
f 761/3369 817/3370 654/3371
f 1245/2745 779/2743 797/2744
f 1262/119 247/131 248/140
f 418/2547 1260/2541 662/2545
f 517/319 1244/331 1376/332
f 829/2857 796/2858 795/2859
f 899/210 976/223 1265/168
f 740/282 776/269 777/297
f 1285/225 784/240 1284/257
f 1272/2724 1265/2726 976/2722
f 804/2870 926/2871 927/2872
f 774/1747 900/1741 1306/1745
f 1286/383 1334/336 1283/367
f 616/2920 278/2917 911/2916
f 806/3118 783/3119 807/3120
f 858/2455 502/2458 503/2457
f 1325/161 858/172 1309/152
f 1002/2277 1367/2279 1248/2281
f 782/454 1278/466 822/465
f 819/2830 830/2834 260/2836
f 911/310 819/352 1334/336
f 1283/367 1334/336 819/352
f 917/428 806/413 820/382
f 830/2999 820/3000 759/3001
f 830/3504 877/3503 920/3505
f 920/3366 820/3364 830/3367
f 1278/466 782/454 783/414
f 816/478 822/465 823/453
f 914/506 915/493 816/478
f 894/507 782/454 816/478
f 914/506 1274/481 916/480
f 1254/3360 1252/3361 1255/3362
f 911/310 910/366 819/352
f 913/482 912/457 1277/469
f 1275/467 1276/456 1282/442
f 1335/441 841/440 782/454
f 1273/468 1277/469 813/416
f 1282/442 1336/479 1275/467
f 915/493 1275/467 1336/479
f 1370/523 1273/468 878/509
f 878/1604 908/1601 834/1603
f 1274/481 1254/521 1279/510
f 1252/527 758/524 1255/528
f 758/524 1279/510 1255/528
f 1364/2313 615/2310 1249/2312
f 905/410 770/396 1247/350
f 625/411 770/396 905/410
f 924/2490 823/2493 780/2491
f 920/365 1289/397 291/412
f 780/438 818/427 1289/397
f 968/2495 823/2493 924/2490
f 1254/521 1274/481 914/506
f 1249/2285 1248/2281 1367/2279
f 507/2274 614/2280 1371/2283
f 1002/2277 892/2278 507/2274
f 267/491 621/477 266/501
f 975/1814 1009/1817 1010/1816
f 1368/2601 1367/2600 1364/2599
f 508/2276 1367/2279 1002/2277
f 260/2309 759/2306 259/2308
f 507/2492 1371/2496 1253/2494
f 507/2492 1253/2494 924/2490
f 1371/2496 614/2497 1253/2494
f 771/1605 1369/1602 908/1601
f 834/2515 959/2509 1838/2512
f 1370/2524 834/2515 1846/2520
f 820/2387 819/2389 260/2385
f 617/3347 615/3348 781/3349
f 1289/2311 1249/2312 615/2310
f 781/3349 1289/3350 617/3347
f 780/3351 781/3349 615/3348
f 429/2039 430/2043 427/2040
f 615/2598 1364/2599 508/2597
f 898/3002 759/3001 820/3000
f 759/3001 898/3002 426/3003
f 1848/484 913/482 1849/511
f 1837/2511 913/2514 1850/2518
f 1849/2519 918/2510 1851/2523
f 1842/1606 1369/1602 1852/1609
f 1853/2513 959/2509 1854/2516
f 958/2911 569/2912 576/2913
f 572/2108 832/2112 1843/2116
f 958/2748 962/2750 577/2749
f 959/2509 834/2515 1841/2521
f 960/2107 1004/2110 572/2108
f 989/335 837/313 984/351
f 890/2315 574/2317 839/2318
f 564/2466 839/2468 574/2463
f 1844/497 1004/471 1857/485
f 811/2879 578/2874 888/2877
f 870/1022 309/1024 1305/1029
f 984/2795 1305/2796 963/2797
f 530/1573 963/1572 364/1576
f 1321/1578 984/1579 364/1576
f 963/1187 979/1186 951/1183
f 844/1093 1362/1092 244/1094
f 881/1055 1343/1052 850/1054
f 504/1624 505/1627 1363/1626
f 850/1054 851/1053 1350/1056
f 879/1171 294/1176 295/1174
f 985/1057 586/1059 881/1055
f 865/2570 850/2571 864/2572
f 1356/3030 872/3028 998/3027
f 861/3461 1344/3462 932/3463
f 967/2454 866/2451 1329/2456
f 555/1165 1340/1167 1347/1163
f 1347/1993 1298/1994 612/1995
f 612/1995 1345/1997 1300/1999
f 1357/3031 862/3033 1356/3030
f 868/49 883/53 827/52
f 859/1671 954/1673 637/1672
f 560/1173 1360/1175 865/1178
f 865/1178 559/1180 560/1173
f 964/2766 559/2767 1355/2768
f 859/1671 950/1670 609/1666
f 864/3336 933/3337 1344/3338
f 1344/2939 1304/2940 864/2941
f 954/42 964/54 955/59
f 955/2769 964/2766 1355/2768
f 955/59 1359/62 954/42
f 1352/1263 1354/1264 1353/1265
f 586/1934 587/1932 881/1931
f 1353/1265 952/1266 1352/1263
f 634/556 874/543 1042/554
f 1343/1267 1354/1264 1352/1263
f 310/1021 589/1032 562/1027
f 1349/1268 1353/1265 1354/1264
f 310/1021 562/1027 309/1024
f 309/1024 1036/1018 310/1021
f 989/335 563/324 993/311
f 989/1033 562/1027 563/1037
f 961/2101 960/2107 573/2106
f 567/3005 564/3004 890/3008
f 840/1034 839/1038 1110/1028
f 840/1034 1110/1028 870/1022
f 960/458 1315/443 1004/471
f 832/2112 572/2108 1004/2110
f 860/1088 514/1084 500/1082
f 863/213 843/227 844/242
f 837/313 989/335 993/311
f 960/2644 961/2642 810/2640
f 886/283 993/311 563/324
f 1321/1035 309/1024 989/1033
f 1305/354 984/351 837/313
f 989/1033 984/1042 1321/1035
f 884/1271 1343/1267 1352/1263
f 619/10 1342/9 609/6
f 1342/9 859/16 609/6
f 932/3340 1344/3338 933/3337
f 398/1356 305/1362 303/1364
f 876/1272 875/1276 1349/1268
f 884/3510 851/3511 1343/3512
f 859/16 882/35 954/42
f 1347/1993 866/1998 283/1996
f 308/171 875/201 876/184
f 1331/160 1328/142 1322/151
f 864/2572 932/2573 865/2570
f 1350/2973 880/2976 862/2974
f 862/2974 861/2975 1317/2972
f 964/2766 868/2772 560/2770
f 1344/3265 861/3264 868/3263
f 868/2942 1304/2940 1344/2939
f 1304/3465 861/3461 864/3464
f 859/16 1342/9 1341/22
f 868/49 808/58 856/66
f 868/49 827/52 808/58
f 854/1743 998/1732 1302/1740
f 828/2847 883/2848 882/2849
f 980/1734 560/1735 998/1732
f 862/1737 998/1732 560/1735
f 612/1995 1298/1994 1345/1997
f 1345/1997 1299/2002 1300/1999
f 854/3032 1303/3034 1357/3031
f 1327/134 919/127 1328/142
f 882/35 859/16 828/28
f 1329/2265 1309/2268 1338/2263
f 1284/257 997/270 826/259
f 308/171 876/184 1331/160
f 1308/284 1316/285 849/272
f 988/241 513/258 843/227
f 836/1719 282/1717 1333/1718
f 988/241 895/226 513/258
f 810/2640 961/2642 957/2638
f 810/2880 972/2881 811/2879
f 1850/496 1277/469 1859/494
f 1289/397 818/427 291/412
f 1281/2958 1336/2959 1282/2960
f 813/416 1277/469 912/457
f 783/414 841/440 846/415
f 1859/494 1273/468 1860/508
f 783/414 290/439 818/427
f 915/2957 1281/2958 782/2955
f 782/454 841/440 783/414
f 782/454 1281/455 1335/441
f 846/415 841/440 1335/441
f 1319/337 1313/325 1323/299
f 911/310 1334/336 1323/299
f 1334/336 1319/337 1323/299
f 1276/456 813/416 1282/442
f 806/413 917/428 290/439
f 820/382 807/398 1283/367
f 1283/367 819/352 820/382
f 783/414 818/427 1278/466
f 1265/168 1326/197 899/210
f 785/211 784/240 1285/225
f 1285/225 1280/200 785/211
f 1324/202 1297/188 1266/170
f 799/132 1272/158 1332/149
f 774/2253 1290/2252 800/2255
f 1294/1540 1293/1541 1271/1542
f 1382/1430 996/1428 1295/1432
f 1294/1431 1295/1432 996/1428
f 774/84 1306/93 855/71
f 1306/1745 900/1741 1307/1744
f 1299/94 1298/114 919/127
f 283/1996 1298/1994 1347/1993
f 809/2256 1290/2252 808/2254
f 805/1424 995/1426 804/1425
f 1374/2251 808/2254 1290/2252
f 809/1434 808/1433 1294/1431
f 855/71 856/66 808/58
f 854/3074 1299/3075 612/3076
f 283/136 867/187 1296/173
f 502/3359 1314/3358 503/3357
f 1308/3422 849/3423 1333/3424
f 502/185 1287/214 1280/200
f 283/136 1296/173 1325/161
f 1297/188 1325/161 1296/173
f 1324/202 1287/214 502/185
f 1326/197 1296/173 867/187
f 502/185 1325/161 1324/202
f 1313/325 837/313 1323/299
f 853/243 887/260 895/226
f 283/136 919/127 1298/114
f 611/186 307/212 308/171
f 1330/183 1309/152 611/186
f 284/143 308/171 1331/160
f 284/3239 1309/3240 1329/3241
f 1328/142 919/127 1322/151
f 308/171 307/212 843/227
f 868/2942 1318/2943 1304/2940
f 854/75 1302/83 1318/70
f 1318/70 868/49 856/66
f 1317/113 1303/103 884/126
f 849/272 1316/285 887/260
f 887/260 853/243 849/272
f 993/311 1316/285 837/313
f 1316/285 1308/284 837/313
f 895/226 887/260 513/258
f 1313/325 838/338 837/313
f 1320/1467 840/1463 870/1470
f 1320/1467 1312/1471 1311/1461
f 840/1463 1320/1467 1311/1461
f 1346/1465 815/1462 814/1459
f 1311/1461 1312/1471 871/1472
f 814/1459 1311/1461 889/1464
f 838/338 842/353 871/368
f 812/399 1310/384 842/353
f 842/353 838/338 1313/325
f 846/415 812/399 842/353
f 1311/1461 814/1459 839/1458
f 837/313 838/338 1305/354
f 871/1472 1312/1471 870/1470
f 871/1472 888/1468 1311/1461
f 888/400 871/368 1310/384
f 912/457 1315/443 813/416
f 842/353 1286/383 783/414
f 1286/383 1283/367 807/398
f 846/415 842/353 783/414
f 1282/442 813/416 845/429
f 842/353 1310/384 871/368
f 813/416 1315/443 810/417
f 810/417 888/400 1310/384
f 887/260 886/283 513/258
f 826/259 852/271 853/243
f 919/127 1327/134 1300/135
f 1317/2972 861/2975 1304/2977
f 1318/70 856/66 854/75
f 1301/85 1307/104 1299/94
f 1309/152 283/136 1325/161
f 919/127 1300/135 1299/94
f 854/75 855/71 1301/85
f 1314/203 1288/215 611/186
f 858/172 1314/203 611/186
f 1288/215 853/243 895/226
f 895/226 611/186 1288/215
f 1291/1543 1292/1545 1290/1547
f 842/353 1313/325 1319/337
f 1271/1542 1291/1543 1294/1540
f 809/1546 1291/1543 1290/1547
f 995/1426 1293/1429 1294/1431
f 1293/1429 995/1426 901/1427
f 1292/1545 803/1548 1290/1547
f 774/2723 800/2727 1332/2725
f 1290/2252 803/2257 800/2255
f 824/107 1262/119 803/98
f 1326/197 1265/168 1266/170
f 997/270 1284/257 784/240
f 1280/200 1324/202 1266/170
f 826/259 1288/215 1284/257
f 1286/383 807/398 783/414
f 915/493 916/480 1275/467
f 1280/200 1266/170 981/181
f 550/307 549/321 775/295
f 920/3505 877/3503 1269/3502
f 968/492 1252/527 1254/521
f 920/365 1249/381 1289/397
f 1279/510 758/524 1243/495
f 740/282 997/270 784/240
f 775/295 778/308 776/269
f 291/412 818/427 290/439
f 820/3364 920/3366 290/3365
f 778/3243 1269/3244 830/3245
f 1273/468 1370/523 1847/522
f 1276/456 1275/467 916/480
f 1276/456 1274/481 1273/468
f 1273/468 1274/481 1243/495
f 968/492 1254/521 914/506
f 878/509 1273/468 1243/495
f 822/465 816/478 782/454
f 911/310 740/282 777/297
f 654/280 775/295 776/269
f 1268/322 778/308 775/295
f 1269/334 778/308 1268/322
f 767/254 654/280 776/269
f 785/211 981/181 798/224
f 801/159 659/150 1237/169
f 1267/238 767/254 776/269
f 1267/238 785/211 798/224
f 776/269 740/282 784/240
f 784/240 1267/238 776/269
f 830/2834 819/2830 777/2833
f 795/146 824/107 825/156
f 825/2860 802/2861 829/2857
f 795/2859 825/2860 829/2857
f 799/132 801/159 1266/170
f 787/96 925/72 792/86
f 1271/78 902/68 925/72
f 1270/64 925/72 902/68
f 1266/170 801/159 981/181
f 1292/1545 1271/1542 803/1548
f 799/132 1266/170 1265/168
f 1265/168 1272/158 799/132
f 829/108 802/87 789/99
f 925/72 787/96 789/99
f 787/96 790/118 789/99
f 922/97 1264/115 1258/117
f 795/146 766/139 824/107
f 248/140 661/148 659/150
f 661/148 248/140 247/131
f 661/148 736/180 660/167
f 1259/105 786/116 787/96
f 922/97 792/86 1263/77
f 1257/129 786/116 1259/105
f 791/106 1258/117 792/86
f 787/96 792/86 1259/105
f 796/138 829/108 786/116
f 925/72 1263/77 792/86
f 791/106 792/86 922/97
f 791/106 922/97 1258/117
f 1259/105 792/86 1258/117
f 922/97 923/95 1264/115
f 795/146 796/138 766/139
f 1256/3246 737/3247 1246/3248
f 248/140 659/150 799/132
f 766/139 796/138 1257/129
f 1257/129 765/154 766/139
f 1256/3251 660/3252 736/3253
f 1249/381 770/396 625/411
f 550/3255 654/3256 1261/3257
f 1260/2541 779/2540 1237/2543
f 904/349 1247/350 1268/322
f 1247/350 1269/334 1268/322
f 775/3139 1251/3140 1268/3141
f 1260/2541 1237/2543 662/2545
f 1239/2764 797/2765 762/2762
f 550/3255 1261/3257 817/3258
f 549/321 904/349 1251/333
f 762/2762 1240/2763 1239/2764
f 817/3258 1261/3257 654/3256
f 761/320 646/347 549/321
f 625/411 833/437 1250/423
f 833/437 625/411 905/410
f 905/3080 904/3081 833/3082
f 648/434 620/451 1248/426
f 267/491 288/526 893/519
f 454/525 758/524 1252/527
f 1373/490 453/502 287/516
f 454/525 287/516 453/502
f 760/529 758/524 454/525
f 454/525 1252/527 288/526
f 909/2969 1243/2970 758/2971
f 909/530 622/518 1243/495
f 622/518 760/529 453/502
f 767/254 671/294 654/280
f 1244/777 642/780 1231/778
f 622/518 651/517 1243/495
f 775/295 654/280 550/307
f 622/518 1242/504 651/517
f 646/2799 647/2800 1241/2801
f 641/296 767/254 1239/281
f 904/349 1268/322 1251/333
f 798/224 1245/239 797/255
f 1239/3126 1245/3127 764/3128
f 1238/179 1237/169 659/150
f 779/2991 1240/2992 981/2993
f 1240/256 1245/239 981/181
f 1237/169 779/198 981/181
f 1238/179 660/167 1246/196
f 662/783 1231/778 642/780
f 1245/3127 1240/3131 663/3129
f 767/254 797/255 1239/281
f 798/224 797/255 767/254
f 270/345 732/330 1184/318
f 1235/981 263/972 1228/977
f 270/345 970/393 1234/378
f 729/1898 271/1901 712/1896
f 742/279 743/305 756/293
f 1229/363 732/330 270/345
f 756/293 1184/318 732/330
f 1224/317 743/305 1225/304
f 741/222 739/251 268/266
f 1492/3353 627/3354 626/3355
f 756/293 656/268 742/279
f 752/237 742/279 656/268
f 656/268 1231/253 752/237
f 656/775 756/781 655/779
f 756/781 732/786 733/784
f 768/195 1221/236 752/237
f 1217/192 751/230 1214/219
f 664/235 665/231 680/248
f 683/1289 693/1290 1731/1292
f 788/194 1217/192 907/164
f 1215/1525 658/1526 657/1527
f 1214/219 665/231 658/206
f 1257/1531 1215/1525 765/1528
f 1216/1529 658/1526 1215/1525
f 794/1530 765/1528 657/1527
f 1214/219 751/230 665/231
f 1217/192 679/220 751/230
f 289/234 1218/221 750/208
f 679/220 1217/192 788/194
f 755/155 250/177 907/164
f 262/1287 721/1282 684/1285
f 719/3312 698/3311 699/3314
f 536/3317 723/3320 699/3314
f 749/216 1477/246 747/245
f 698/2327 265/2323 535/2331
f 945/3161 240/3160 1223/3163
f 739/251 664/235 680/248
f 1444/232 1218/221 710/250
f 693/1290 691/1297 1733/1299
f 738/1288 262/1287 684/1285
f 699/1286 723/1283 721/1282
f 679/220 788/194 1444/232
f 1225/304 742/279 1223/292
f 665/231 751/230 680/248
f 240/278 1236/303 1223/292
f 1232/277 1236/303 240/278
f 242/267 1223/292 742/279
f 1225/304 1223/292 1236/303
f 1444/232 680/248 679/220
f 1218/221 1444/232 788/194
f 741/222 241/252 1221/236
f 241/252 242/267 1221/236
f 752/237 1221/236 242/267
f 1217/192 1214/219 658/206
f 242/267 742/279 752/237
f 1216/176 907/164 1217/192
f 262/1198 738/1199 548/1190
f 548/1190 261/1193 262/1198
f 746/276 1219/275 1428/301
f 1482/1864 708/1862 540/1861
f 720/1189 1487/1197 261/1193
f 721/1282 262/1287 699/1286
f 261/1193 698/1210 718/1215
f 1400/2053 695/2056 696/2048
f 539/2057 631/2055 696/2048
f 731/1887 745/1889 730/1886
f 1427/362 270/345 1184/318
f 743/305 1184/318 756/293
f 1232/277 240/278 241/252
f 268/266 746/276 1205/290
f 268/266 739/251 746/276
f 268/266 1232/277 241/252
f 1232/277 1224/317 1225/304
f 1833/978 1233/983 1861/987
f 271/392 270/345 713/377
f 1861/987 1180/990 1862/992
f 1184/318 1177/376 1427/362
f 1494/991 1489/997 1419/994
f 713/1904 711/1905 712/1896
f 1429/329 1184/318 743/305
f 750/208 592/207 256/233
f 255/1892 714/1888 254/1891
f 731/274 1199/288 709/249
f 745/1889 254/1891 730/1886
f 603/1879 714/1888 602/1890
f 289/234 709/249 1218/221
f 1416/1897 728/1895 1210/1894
f 729/1898 728/1895 1494/1900
f 1233/983 263/972 1437/986
f 1233/983 1494/991 1419/994
f 1429/1828 743/1829 1224/1830
f 1490/985 1235/981 1228/977
f 1437/986 263/972 1235/981
f 263/972 626/974 1228/977
f 1226/976 1492/980 626/974
f 626/1013 627/1014 438/1015
f 1228/977 626/974 438/982
f 627/984 1492/980 1226/976
f 242/3259 945/3260 1223/3261
f 664/235 739/251 741/222
f 710/250 1219/275 739/251
f 289/234 745/265 709/249
f 709/249 1199/288 1219/275
f 710/250 709/249 1219/275
f 739/251 1219/275 1495/289
f 710/250 1218/221 709/249
f 739/251 1495/289 746/276
f 1225/2448 1236/2449 1232/2450
f 731/274 709/249 745/265
f 289/234 750/208 256/233
f 250/177 755/155 249/193
f 755/155 700/191 249/193
f 750/208 1218/221 788/194
f 1376/776 655/779 1471/782
f 592/2289 249/2293 591/2292
f 254/1891 714/1888 730/1886
f 607/2944 716/2945 256/2946
f 730/1886 603/1879 1491/1885
f 678/2671 705/2672 603/2673
f 602/2674 678/2671 603/2673
f 602/2950 714/2951 716/2945
f 602/2674 606/2676 678/2671
f 592/2289 606/2288 607/2291
f 606/2948 716/2945 607/2944
f 643/2297 546/2299 599/2294
f 592/2947 607/2944 256/2946
f 755/155 735/162 754/174
f 546/2675 678/2671 599/2678
f 438/421 627/460 1467/447
f 275/789 1443/787 1229/788
f 970/393 438/421 1227/432
f 437/2094 438/2095 271/2096
f 729/2097 1494/2100 1493/2099
f 437/989 1490/985 438/982
f 1493/2099 1230/2098 729/2097
f 1493/3266 1494/3267 1437/3268
f 1493/3266 1437/3268 1230/3269
f 1233/983 1437/986 1494/991
f 728/1895 1489/1903 1494/1900
f 712/1896 711/1905 726/1906
f 1490/985 437/989 1230/988
f 437/2094 729/2097 1230/2098
f 541/1000 542/1002 1419/994
f 726/1906 711/1905 713/1904
f 1174/1006 1210/1007 712/1009
f 1419/994 1489/997 541/1000
f 1416/1897 727/1899 728/1895
f 1491/2004 1411/2005 731/2006
f 1488/3506 705/3507 1449/3508
f 705/2672 546/2675 1449/2677
f 534/1875 1488/1880 708/1883
f 603/1879 1411/1884 1491/1885
f 603/1879 618/1874 1410/1882
f 533/1876 534/1875 1449/1878
f 717/3372 1488/3373 1448/3374
f 1448/3417 534/3418 717/3419
f 708/2681 1399/2682 533/2683
f 1449/3421 717/3419 708/3420
f 546/2675 717/2679 1449/2677
f 546/3375 1488/3373 717/3372
f 705/1877 1488/1880 534/1875
f 708/3420 717/3419 534/3418
f 546/1859 708/1862 1488/1865
f 1482/2687 695/2685 708/2681
f 708/2681 695/2685 1399/2682
f 757/2322 264/2321 1456/2325
f 1486/1218 724/1214 545/1204
f 724/2324 264/2321 265/2323
f 274/2439 253/2435 1460/2437
f 1483/1868 539/1866 695/1871
f 695/1871 1482/1864 1483/1868
f 696/2048 1431/2052 544/2049
f 696/2048 631/2055 1431/2052
f 720/1189 1407/1192 1408/1196
f 545/1437 725/1438 544/1435
f 1408/1439 544/1435 725/1438
f 261/1193 1487/1197 545/1204
f 261/1193 548/1190 720/1189
f 1407/1192 547/1191 1735/1195
f 1408/1196 725/1207 1487/1197
f 1487/1197 720/1189 1408/1196
f 693/1290 683/1289 684/1285
f 724/1214 698/1210 545/1204
f 683/1194 548/1190 738/1199
f 684/262 748/228 747/245
f 749/216 747/245 748/228
f 633/2823 684/2824 747/2825
f 633/1291 693/1290 684/1285
f 702/1293 693/1290 633/1291
f 547/1191 683/1194 1743/1200
f 684/1285 683/1289 738/1288
f 718/3313 719/3312 262/3315
f 684/262 722/287 536/273
f 262/3315 719/3312 722/3319
f 722/3493 723/3494 262/3495
f 719/3312 699/3314 1447/3316
f 1447/3496 723/3494 719/3497
f 719/3497 723/3494 536/3498
f 536/3541 722/3542 719/3543
f 262/3315 261/3318 718/3313
f 706/1774 1480/1777 686/1772
f 757/2322 706/2330 1485/2326
f 1485/2326 265/2323 757/2322
f 265/2323 1485/2326 535/2331
f 1431/3042 631/3043 724/3044
f 264/3046 724/3044 631/3043
f 265/2323 698/2327 724/2324
f 1439/3070 701/3071 1484/3072
f 748/228 535/261 1485/244
f 748/228 1485/244 706/204
f 706/204 749/216 748/228
f 755/155 754/174 700/191
f 1439/1773 1484/1780 715/1779
f 1440/1776 685/1771 1439/1773
f 1439/1773 685/1771 643/1770
f 1439/3070 643/3073 701/3071
f 249/193 700/191 591/218
f 685/1771 1440/1776 706/1774
f 1440/190 715/217 1481/205
f 1481/205 715/217 591/218
f 1481/205 754/174 1440/190
f 516/163 1440/190 754/174
f 516/163 754/174 1478/153
f 700/191 754/174 1481/205
f 246/2329 1456/2325 264/2321
f 757/2322 1480/2328 706/2330
f 540/1861 643/1860 694/1863
f 599/2294 593/2290 591/2292
f 540/1861 708/1862 546/1859
f 606/2676 599/2678 678/2671
f 701/2295 643/2297 599/2294
f 643/1860 272/1867 694/1863
f 1479/1778 245/1769 246/1775
f 264/1869 1479/1870 246/1873
f 1456/2325 246/2329 1480/2328
f 757/2322 1456/2325 1480/2328
f 674/2177 675/2173 252/2176
f 685/1771 273/1768 643/1770
f 606/2676 593/2680 599/2678
f 707/2175 675/2173 674/2177
f 689/2695 673/2696 1463/2697
f 677/2059 676/2058 672/2062
f 1461/2169 605/2174 675/2173
f 274/2439 682/2440 253/2435
f 675/2173 515/2170 1461/2169
f 682/2440 538/2445 537/2442
f 1216/1529 1257/1531 668/1532
f 674/2177 537/2179 707/2175
f 515/175 707/189 516/163
f 672/2062 645/2064 677/2059
f 538/2068 677/2059 645/2064
f 707/2175 515/2170 675/2173
f 707/3279 537/3280 538/3281
f 734/137 667/130 1258/117
f 703/2070 704/2069 672/2062
f 644/2067 645/2064 672/2062
f 706/204 707/189 749/216
f 734/137 755/155 906/145
f 734/137 1478/153 735/162
f 1216/1529 668/1532 906/1533
f 1216/176 906/145 907/164
f 765/1528 1215/1525 657/1527
f 657/209 658/206 665/231
f 734/137 735/162 755/155
f 644/229 1477/246 749/216
f 734/137 669/144 1478/153
f 734/137 906/145 667/130
f 516/163 1478/153 669/144
f 1477/246 644/229 703/263
f 690/2702 1476/2703 702/2704
f 702/1293 633/1291 632/1296
f 632/2705 1458/2707 690/2702
f 632/1296 633/1291 600/1300
f 672/2711 690/2702 1457/2709
f 690/2702 672/2711 1475/2710
f 693/1290 702/1293 691/1297
f 702/2704 1476/2703 691/2706
f 1458/2707 1457/2709 690/2702
f 1475/2710 1438/2708 690/2702
f 691/2706 1476/2703 690/2702
f 673/2696 672/2701 1462/2699
f 1394/3331 688/3332 1742/3333
f 354/1970 355/1978 521/1976
f 677/2780 538/2781 949/2775
f 1393/123 532/102 554/111
f 1438/2698 1475/2700 673/2696
f 691/1297 1438/1307 1394/1305
f 689/2695 1438/2698 673/2696
f 1393/3013 692/3010 969/3016
f 1438/1307 1441/1308 1394/1305
f 753/2774 1393/2778 969/2777
f 942/3011 692/3010 1393/3013
f 1393/123 753/124 532/102
f 1264/115 669/144 734/137
f 753/2774 969/2777 949/2775
f 946/2361 1460/2358 604/2360
f 669/2366 1264/2365 990/2364
f 906/1533 668/1532 667/1535
f 1264/115 734/137 1258/117
f 667/130 1259/105 1258/117
f 1257/1531 1216/1529 1215/1525
f 766/139 765/154 1375/147
f 667/1535 668/1532 1474/1534
f 794/166 1375/147 765/154
f 668/1532 1257/1531 1474/1534
f 247/131 766/139 1375/147
f 597/2367 1257/2368 1259/2369
f 1375/147 1222/157 247/131
f 1472/2443 1473/2444 274/2439
f 1472/2443 948/2446 1473/2444
f 1461/2169 669/2171 990/2172
f 667/1535 1474/1534 1459/1536
f 538/2445 682/2440 1473/2444
f 1257/2368 597/2367 1474/2370
f 1383/2756 666/2753 667/2755
f 1459/1536 1383/1537 667/1535
f 681/2438 253/2435 682/2440
f 604/2360 947/2363 946/2361
f 676/2058 1430/2060 969/2061
f 1460/2437 946/2441 274/2439
f 604/2360 990/2364 1264/2365
f 692/2063 676/2058 969/2061
f 946/2441 1472/2443 274/2439
f 946/2441 948/2446 1472/2443
f 598/2371 1474/2370 597/2367
f 1264/2365 947/2363 604/2360
f 1259/2757 667/2755 597/2754
f 1377/2761 418/2760 663/2759
f 663/785 662/783 642/780
f 793/165 1222/157 1375/147
f 736/3253 737/3254 1256/3251
f 648/434 625/411 624/408
f 1250/423 624/408 625/411
f 1469/395 624/408 1250/423
f 833/2802 646/2799 1241/2801
f 1250/2805 833/2802 1241/2801
f 624/408 1469/395 1220/380
f 1241/407 1469/395 1250/423
f 653/436 652/424 558/409
f 652/424 1220/380 558/409
f 652/424 653/436 648/434
f 518/2804 647/2800 761/2803
f 1220/380 652/424 624/408
f 1241/2801 647/2800 518/2804
f 517/319 518/306 671/294
f 517/319 671/294 641/296
f 641/296 1244/331 517/319
f 662/199 1238/179 1246/196
f 518/306 517/319 1376/332
f 557/425 558/409 640/394
f 762/3052 417/3053 418/3054
f 1443/379 275/406 640/394
f 276/422 557/425 640/394
f 605/2174 251/2178 252/2176
f 518/306 1376/332 1471/346
f 1442/364 518/306 1471/346
f 1220/380 1442/364 640/394
f 558/409 1220/380 640/394
f 794/166 1470/178 793/165
f 656/775 655/779 1376/776
f 518/306 1442/364 1220/380
f 518/306 1220/380 1469/395
f 741/222 1221/236 768/195
f 1471/782 655/779 733/784
f 741/222 768/195 657/209
f 768/195 1470/178 657/209
f 664/235 741/222 657/209
f 665/231 664/235 657/209
f 655/779 756/781 733/784
f 768/195 752/237 662/199
f 736/180 768/195 1246/196
f 661/148 1470/178 768/195
f 662/199 1246/196 768/195
f 793/165 1470/178 661/148
f 661/148 1222/157 793/165
f 1469/395 1241/407 518/306
f 641/296 671/294 767/254
f 642/323 641/296 764/309
f 752/237 1231/253 662/199
f 642/323 1244/331 641/296
f 656/775 1244/777 1231/778
f 1465/464 621/477 620/451
f 1373/490 266/501 629/462
f 1373/490 287/516 266/501
f 628/475 623/476 821/503
f 1012/3112 509/3113 520/3114
f 649/435 1466/450 558/409
f 629/462 1001/449 628/475
f 623/476 628/475 1001/449
f 769/446 1372/473 650/487
f 623/476 1000/463 650/487
f 269/488 1467/447 1226/474
f 1001/449 629/462 1468/433
f 275/789 1229/788 970/790
f 970/393 1227/432 769/446
f 1467/447 627/460 1226/474
f 769/446 1000/463 275/406
f 970/393 769/446 275/406
f 629/462 1464/461 1468/433
f 1464/461 649/435 670/448
f 1000/463 623/476 1001/449
f 269/488 1226/474 1863/500
f 769/446 1467/447 1372/473
f 1867/498 1372/473 1868/512
f 524/489 1464/461 629/462
f 769/446 650/487 1000/463
f 276/422 649/435 557/425
f 1468/433 670/448 276/422
f 1465/464 1464/461 524/489
f 276/422 275/406 1468/433
f 558/409 557/425 649/435
f 640/394 275/406 276/422
f 276/3458 670/3459 649/3460
f 541/2375 727/2376 542/2377
f 670/448 1468/433 1464/461
f 653/436 1466/450 1465/464
f 1464/461 1465/464 649/435
f 1372/473 1467/447 269/488
f 651/517 1242/504 650/487
f 1372/473 269/488 1866/499
f 524/489 621/477 1465/464
f 620/451 648/434 1465/464
f 821/503 453/502 628/475
f 267/491 620/451 621/477
f 1242/504 622/518 623/476
f 1373/490 628/475 453/502
f 639/568 636/562 1048/558
f 865/1277 932/1270 1358/1274
f 637/575 636/562 639/568
f 950/1670 637/1672 639/1667
f 1359/576 636/562 637/575
f 584/548 874/543 1358/552
f 865/1277 1358/1274 559/1279
f 865/1178 1360/1175 1356/1172
f 952/555 583/559 584/548
f 1356/1172 1360/1175 873/1170
f 873/1170 872/1166 1356/1172
f 560/1173 980/1169 873/1170
f 1358/552 952/555 584/548
f 584/548 585/538 874/543
f 952/1266 1358/1274 932/1270
f 1355/3171 581/3172 634/3173
f 869/3174 1355/3171 634/3173
f 1358/1274 635/1281 1355/1280
f 635/3175 581/3172 1355/3171
f 585/3167 583/3169 986/3170
f 638/563 634/556 1042/554
f 636/562 1359/576 638/563
f 1359/576 869/569 638/563
f 930/1504 568/1501 687/1507
f 279/899 280/890 374/903
f 595/1100 1006/1106 594/1103
f 1006/1106 1005/1117 1747/1116
f 372/2988 345/2989 344/2985
f 1741/1985 355/1978 1749/1986
f 600/1300 601/1301 632/1296
f 1457/1303 1458/1304 601/1301
f 676/2058 1462/2065 672/2062
f 285/906 286/910 374/903
f 689/3014 1463/3012 942/3011
f 692/2063 1463/2066 676/2058
f 676/2058 1463/2066 1462/2065
f 681/2180 537/2179 674/2177
f 681/2180 674/2177 252/2176
f 251/2359 605/2362 604/2360
f 252/2436 253/2435 681/2438
f 598/2371 666/2372 1381/2373
f 598/1538 1381/1539 1459/1536
f 605/2174 252/2176 675/2173
f 682/2440 274/2439 1473/2444
f 253/2435 251/2434 1460/2437
f 537/2442 681/2438 682/2440
f 1463/2697 673/2696 1462/2699
f 873/1170 980/1169 872/1166
f 1461/2169 990/2172 605/2174
f 1459/1536 1474/1534 598/1538
f 601/1301 600/1300 1457/1303
f 273/1768 272/1767 643/1770
f 686/1772 1480/1777 246/1775
f 246/1775 245/1769 686/1772
f 272/1867 1479/1870 694/1863
f 245/3429 1479/3430 272/3431
f 418/3054 1377/3055 762/3052
f 976/1158 896/1156 897/1155
f 965/1389 504/1388 503/1391
f 503/1391 504/1388 294/1393
f 897/1155 773/1160 976/1158
f 1260/2541 1009/2544 763/2542
f 1012/3112 508/3116 509/3113
f 983/2226 835/2227 848/2229
f 509/2486 507/2492 924/2490
f 399/1321 1378/1330 377/1334
f 525/2569 526/2564 966/2567
f 526/2564 277/2566 966/2567
f 615/2388 617/2386 259/2383
f 1367/2600 508/2597 1364/2599
f 1012/3112 1365/3117 508/3116
f 1852/1609 771/1605 1873/1612
f 439/2850 388/2851 419/2852
f 578/2639 811/2636 957/2638
f 961/2642 953/2641 957/2638
f 571/2104 1436/2102 961/2101
f 953/2641 577/2643 578/2639
f 963/1572 991/1571 891/1575
f 363/3282 982/3283 1453/3284
f 957/2638 953/2641 578/2639
f 577/2749 953/2746 958/2748
f 890/1416 1450/1415 1452/1418
f 890/3008 564/3004 1455/3009
f 243/1723 1434/1725 398/1728
f 850/1054 985/1057 881/1055
f 880/2574 850/2571 865/2570
f 1356/2575 880/2574 865/2570
f 967/2258 1338/2263 1339/2261
f 1339/2261 1361/2262 295/2259
f 1340/1167 556/1168 879/1171
f 295/1174 1454/1177 1340/1167
f 849/2552 387/2550 848/2551
f 979/1186 982/1185 951/1183
f 983/1184 836/1181 951/1183
f 1337/1715 965/1714 1363/1713
f 505/1390 281/1392 282/1394
f 985/1057 306/1061 586/1059
f 367/896 366/887 280/890
f 363/2225 951/2228 835/2227
f 1454/2264 295/2259 1361/2262
f 1349/1359 1348/1361 398/1356
f 986/542 583/559 952/555
f 1348/1361 305/1362 398/1356
f 979/3286 1453/3284 982/3283
f 1351/1081 589/1083 561/1076
f 1362/1092 860/1088 1435/1090
f 587/1856 985/1850 850/1857
f 306/1729 303/1730 1434/1725
f 1361/1062 586/1059 306/1061
f 836/2230 983/2226 848/2229
f 835/2227 983/2226 363/2225
f 419/2852 392/2853 439/2850
f 1361/1062 1433/1063 382/1066
f 387/1628 1363/1626 505/1627
f 1340/1167 1454/1177 586/1179
f 398/1356 986/1354 1353/1357
f 952/1266 1353/1265 986/1269
f 571/2104 573/2106 569/2105
f 1836/2111 572/2108 1876/2113
f 400/3229 414/3226 422/3228
f 508/2597 1365/2596 512/2593
f 428/2044 432/2045 455/2041
f 427/2040 430/2043 469/2047
f 1012/3112 1011/3115 1365/3117
f 282/1394 836/1398 848/1397
f 965/1389 281/1392 505/1390
f 505/1627 523/1629 387/1628
f 586/1934 1454/1939 588/1936
f 417/3053 543/3057 418/3054
f 522/1698 595/1706 994/1702
f 286/910 351/898 352/909
f 1006/1106 1007/1110 1752/1112
f 595/1706 522/1698 1007/1707
f 596/1101 279/1102 374/1099
f 280/890 285/906 374/903
f 395/1815 394/1812 370/1809
f 1432/3287 763/3288 1009/3289
f 395/2081 370/2082 519/2080
f 1009/3289 528/3291 417/3290
f 512/2593 1365/2596 1011/2594
f 1432/3056 417/3053 762/3052
f 1013/1381 385/1378 1014/1380
f 478/3177 1009/3178 975/3179
f 418/1654 543/1651 527/1653
f 975/3179 406/3181 579/3180
f 579/3180 478/3177 975/3179
f 520/2489 509/2486 512/2488
f 523/3035 505/3036 439/3037
f 388/1396 505/1390 282/1394
f 588/2269 1454/2264 1446/2267
f 479/1659 406/1664 975/1665
f 890/1416 1452/1418 1451/1419
f 529/3068 590/3066 363/3065
f 991/1422 979/1420 1451/1419
f 415/3038 523/3035 439/3037
f 529/2792 530/2794 471/2789
f 979/3293 991/3294 529/3295
f 530/1573 529/1574 991/1571
f 529/3285 363/3282 1453/3284
f 891/1421 1451/1419 1452/1418
f 1451/1419 979/1420 890/1416
f 580/1247 471/1246 590/1248
f 1362/2129 1435/2127 956/2125
f 987/2118 573/2106 1835/2114
f 310/1250 580/1247 589/1251
f 500/1082 392/1079 389/1080
f 1451/1419 891/1421 991/1422
f 244/3060 1362/3061 956/3058
f 635/3297 1358/3298 634/3299
f 985/1850 1433/1852 992/1851
f 587/1856 588/1854 985/1850
f 992/1851 304/1848 985/1850
f 992/1727 306/1729 1434/1725
f 382/1066 1433/1063 419/1068
f 588/1854 1446/1853 985/1850
f 419/964 1433/967 258/966
f 1446/2300 1361/2301 383/2302
f 1433/1852 1446/1853 383/1855
f 635/3175 582/3176 581/3172
f 582/3176 634/3173 581/3172
f 280/890 366/887 350/880
f 366/887 568/884 350/880
f 129/2124 389/2126 390/2128
f 280/890 350/880 365/895
f 382/2303 258/2304 383/2302
f 1433/2305 383/2302 258/2304
f 258/3301 415/3302 257/3303
f 365/895 361/902 351/898
f 497/2025 357/2021 358/2023
f 992/1727 1434/1725 128/1722
f 128/1355 398/1356 992/1358
f 150/717 129/733 390/740
f 129/2124 500/2123 389/2126
f 152/755 188/748 390/740
f 423/953 440/954 424/956
f 561/1076 424/1074 425/1075
f 392/1079 561/1076 973/1077
f 425/1075 973/1077 561/1076
f 590/3066 471/3069 530/3063
f 1452/1478 1450/1479 608/1477
f 423/953 424/956 511/957
f 415/3038 258/3040 382/3039
f 392/961 973/960 511/957
f 389/965 419/964 973/960
f 973/960 419/964 257/963
f 257/963 415/962 973/960
f 439/958 973/960 415/962
f 511/957 973/960 439/958
f 439/958 423/953 511/957
f 413/1790 386/1788 391/1786
f 384/1377 413/1379 1014/1380
f 1378/1791 413/1790 377/1784
f 382/3039 388/3041 523/3035
f 403/3227 414/3226 400/3229
f 455/2041 431/2042 429/2039
f 478/3177 579/3180 479/3182
f 1011/3115 1012/3112 520/3114
f 478/1319 543/1329 417/1333
f 478/3537 527/3538 1010/3539
f 528/3291 527/3292 417/3290
f 1010/3513 528/3514 478/3515
f 420/1325 543/1329 478/1319
f 420/1655 421/1652 543/1651
f 397/1516 346/1510 1008/1513
f 519/1805 370/1809 371/1806
f 344/2985 369/2984 372/2988
f 395/3222 1008/3225 393/3223
f 369/2984 360/2987 372/2988
f 345/2989 372/2988 373/2990
f 351/3449 285/3450 280/3451
f 286/2024 352/2018 357/2021
f 357/1699 994/1702 286/1705
f 357/1699 522/1698 994/1702
f 1754/1987 496/1988 1755/1989
f 354/1970 499/1964 1717/1967
f 1725/1980 495/1983 1754/1987
f 1005/1117 1006/1106 1753/1114
f 1007/1707 522/1698 1759/1703
f 522/1698 497/1700 1750/1701
f 1751/2027 358/2023 1762/2029
f 837/313 1308/284 1323/299
f 1281/455 845/429 1335/441
f 1249/2312 1366/2314 1364/2313
f 651/1608 771/1605 908/1601
f 488/2207 491/2219 490/2218
f 431/2042 433/2046 429/2039
f 1449/3508 1448/3509 1488/3506
f 534/1875 1448/1881 1449/1878
f 699/3314 262/3315 1447/3316
f 723/3494 1447/3496 262/3495
f 1434/3520 303/3517 304/3519
f 304/3519 398/3521 1434/3520
f 432/2036 428/2033 456/2032
f 401/1781 386/1788 312/1785
f 376/1335 409/1331 399/1321
f 708/2681 533/2683 1449/2684
f 434/1484 460/1486 463/1482
f 399/1321 405/1317 403/1312
f 399/1321 403/1312 400/1326
f 396/2074 397/2076 1008/2079
f 427/2040 428/2044 455/2041
f 434/1484 429/1498 433/1492
f 403/1312 404/1315 467/1313
f 412/1376 331/1373 408/1370
f 399/1321 409/1331 402/1327
f 381/2337 299/2333 413/2335
f 345/2717 368/2715 344/2714
f 361/902 353/905 351/898
f 332/2187 333/2188 338/2185
f 375/2630 311/2631 402/2629
f 466/1318 404/1315 470/1323
f 431/1962 452/1958 435/1961
f 490/2218 491/2219 492/2221
f 483/2205 486/2204 448/2208
f 458/1556 474/1553 476/1549
f 488/2207 482/2211 486/2204
f 481/1562 475/1560 458/1556
f 480/1491 487/1497 481/1485
f 337/3108 484/3106 493/3105
f 493/3105 506/3107 337/3108
f 340/2430 467/2428 484/2431
f 473/1328 484/1324 466/1318
f 580/1247 423/1253 510/1252
f 336/2588 335/2591 322/2592
f 506/1369 470/1367 337/1366
f 329/2181 322/2186 332/2187
f 385/1512 1013/1519 393/1515
f 382/3039 523/3035 415/3038
f 434/1484 459/1489 460/1486
f 434/1484 433/1492 459/1489
f 463/1482 460/1486 464/1488
f 447/1954 446/1950 461/1957
f 451/1481 468/1487 434/1484
f 446/1950 462/1953 461/1957
f 458/1556 449/1559 450/1555
f 428/1561 450/1555 1829/1558
f 457/1951 452/1958 456/1955
f 431/2042 455/2041 432/2045
f 431/2038 432/2036 456/2032
f 436/772 154/759 151/770
f 399/1321 377/1334 376/1335
f 380/1375 381/1372 384/1377
f 152/755 416/762 151/770
f 298/2336 312/2334 299/2333
f 402/1327 410/1322 405/1317
f 301/2071 411/2078 397/2076
f 402/2629 311/2631 299/2632
f 376/2628 375/2630 402/2629
f 405/1317 399/1321 402/1327
f 346/1510 316/1514 412/1511
f 393/1807 1379/1808 519/1805
f 408/1370 380/1375 412/1376
f 406/2072 301/2071 396/2074
f 243/1723 956/1720 128/1722
f 316/1514 331/1518 412/1511
f 346/1510 397/1516 411/1520
f 377/1784 391/1786 401/1781
f 406/1664 479/1659 379/1661
f 413/1379 384/1377 381/1372
f 299/2333 386/2332 413/2335
f 378/1658 407/1663 379/1661
f 407/1663 406/1664 379/1661
f 384/1377 1014/1380 385/1378
f 1764/2026 341/2022 1765/2028
f 327/2866 324/2864 323/2863
f 296/2197 297/2201 345/2199
f 318/2191 317/2198 296/2197
f 320/1383 331/1384 335/1385
f 298/1789 311/1782 312/1785
f 325/3150 321/3145 322/3148
f 325/1386 322/1387 335/1385
f 320/3469 335/3468 319/3467
f 336/2184 322/2186 329/2181
f 324/1521 327/1522 331/1518
f 330/2134 315/2131 301/2133
f 411/1520 302/1517 346/1510
f 919/127 283/136 284/143
f 879/2452 967/2454 858/2455
f 857/1623 858/1622 294/1621
f 461/1493 459/1489 433/1492
f 256/233 254/264 289/234
f 1388/1111 1006/1106 1748/1113
f 600/2826 633/2823 747/2825
f 293/91 753/124 1392/112
f 914/506 816/478 968/492
f 857/1623 504/1624 1363/1626
f 1302/83 1303/103 1304/92
f 1305/1577 1321/1578 364/1576
f 1452/1478 608/1477 891/1474
f 1450/1479 1445/1480 608/1477
f 963/2797 951/2798 984/2795
f 590/3155 529/3153 580/3152
f 354/1970 630/1974 1005/1973
f 632/1296 601/1301 1458/1304
f 1361/1062 1339/1064 586/1059
f 968/2495 924/2490 1253/2494
f 1363/1713 965/1714 503/1711
f 295/2259 967/2258 1339/2261
f 589/1083 510/1086 561/1076
f 958/2748 889/2751 962/2750
f 949/2447 1473/2444 948/2446
f 1367/2279 1366/2287 1249/2285
f 426/2307 615/2310 259/2308
f 887/260 1316/285 886/283
f 850/1857 880/1858 587/1856
f 560/2770 559/2767 964/2766
f 514/1084 860/1088 513/1091
f 613/1733 999/1736 1345/1738
f 1345/1738 999/1736 1299/1742
f 998/3027 1357/3031 1356/3030
f 1340/2000 866/1998 1347/1993
f 911/3159 777/3156 910/3158
f 1306/93 1301/85 855/71
f 998/1732 999/1736 613/1733
f 962/2876 888/2877 578/2874
f 813/416 812/399 845/429
f 611/186 308/171 1330/183
f 1286/2142 1319/2143 1334/2144
f 899/210 1326/197 867/187
f 878/509 1243/495 651/517
f 1217/192 658/206 1216/176
f 710/250 739/251 1444/232
f 729/2097 437/2094 271/2096
f 680/248 1444/232 739/251
f 1727/1971 1005/1973 1763/1975
f 521/1976 630/1974 354/1970
f 703/2827 672/2829 1457/2828
f 686/1772 245/1769 685/1771
f 521/1976 355/1978 688/1981
f 690/2702 1438/2708 691/2706
f 538/247 644/229 707/189
f 839/2318 567/2319 890/2315
f 1438/1307 689/1309 1441/1308
f 1316/285 993/311 886/283
f 608/1477 890/1475 891/1474
f 569/2912 1030/2915 576/2913
f 472/2791 529/2792 471/2789
f 937/1105 941/1108 596/1101
f 596/1101 594/1103 937/1105
f 521/121 689/122 552/101
f 552/101 553/80 1389/89
f 689/1309 521/1310 1441/1308
f 1389/89 943/73 1388/79
f 944/65 937/51 1387/69
f 934/1822 903/1820 805/1819
f 804/1425 995/1426 996/1428
f 941/39 937/51 934/47
f 939/33 929/15 940/27
f 687/26 367/21 1384/13
f 1384/13 1142/19 687/26
f 930/31 687/26 1142/19
f 1384/13 1138/12 1142/19
f 940/27 941/39 939/33
f 805/1819 935/1824 934/1822
f 612/3084 1299/3085 999/3086
f 1341/2873 926/2871 804/2870
f 503/2457 879/2452 858/2455
f 982/1185 983/1184 951/1183
f 526/2926 525/2924 826/2923
f 899/2352 867/2349 921/2351
f 997/2928 526/2926 826/2923
f 855/71 808/58 1374/76
f 921/2351 896/2356 976/2354
f 976/2354 899/2352 921/2351
f 527/1653 528/1657 418/1654
f 1260/1660 528/1657 1010/1662
f 1009/2544 1260/2541 1010/2546
f 977/2721 773/2720 774/2723
f 1332/2725 977/2721 774/2723
f 900/1741 1345/1738 1307/1744
f 740/2919 831/2918 277/2921
f 646/3499 971/3500 549/3501
f 799/132 1262/119 248/140
f 843/227 307/212 988/241
f 1295/1432 1294/1431 808/1433
f 996/1428 995/1426 1294/1431
f 1329/1070 866/1069 1339/1064
f 1287/214 1324/202 1280/200
f 831/2918 740/2919 911/2916
f 858/172 1325/161 502/185
f 1297/188 1324/202 1325/161
f 1337/1715 1333/1718 282/1717
f 1364/3445 1366/3443 1368/3442
f 834/1603 1370/1607 878/1604
f 892/2278 893/2282 614/2280
f 625/411 648/434 1248/426
f 615/2310 426/2307 1289/2311
f 830/2834 759/2837 260/2836
f 1289/3350 426/3352 617/3347
f 260/2385 898/2384 820/2387
f 771/1605 772/1616 1872/1614
f 572/2108 573/2106 960/2107
f 958/2103 1436/2102 569/2105
f 1288/215 1314/203 502/185
f 860/1088 1362/1092 844/1093
f 244/1094 863/1095 844/1093
f 306/1363 305/1362 1348/1361
f 387/3121 853/3122 1337/3123
f 244/1094 243/1096 863/1095
f 835/2556 836/2557 847/2553
f 857/1623 294/1621 504/1624
f 612/3084 999/3086 872/3087
f 880/1930 1328/1933 881/1931
f 864/3336 885/3339 933/3337
f 880/1930 1350/1938 851/1935
f 1356/2978 862/2974 880/2976
f 869/2771 955/2769 1355/2768
f 955/2769 869/2771 1359/2773
f 864/1058 850/1054 1350/1056
f 875/201 308/171 863/213
f 1343/3187 881/3188 1328/3189
f 876/1272 1349/1268 1354/1264
f 932/3463 864/3464 861/3461
f 1343/182 1331/160 876/184
f 1348/1278 1349/1268 875/1276
f 1346/2914 958/2911 576/2913
f 589/1032 563/1037 562/1027
f 933/1273 885/1275 1352/1263
f 576/1469 815/1462 1346/1465
f 888/1468 889/1464 1311/1461
f 1351/1081 500/1082 514/1084
f 860/1088 844/1093 513/1091
f 851/1935 884/1937 1328/1933
f 1327/134 1303/103 854/75
f 1857/485 1315/443 1877/483
f 889/1464 1346/1465 814/1459
f 309/1024 1321/1035 1305/1029
f 309/1024 562/1027 989/1033
f 1303/103 1317/113 1304/92
f 1343/1267 876/1272 1354/1264
f 863/1095 1348/1097 875/1098
f 1352/1263 885/1275 884/1271
f 307/212 611/186 895/226
f 864/1058 1350/1056 1317/1060
f 1343/182 1328/142 1331/160
f 560/1735 861/1739 862/1737
f 854/2001 1300/1999 1327/2003
f 928/20 1341/22 1342/9
f 1341/22 828/28 859/16
f 882/35 883/53 868/49
f 1328/142 884/126 1327/134
f 998/3027 854/3032 1357/3031
f 1309/2268 1330/2266 1338/2263
f 1329/3142 1339/3143 1330/3144
f 1337/3123 853/3122 1333/3124
f 858/1622 857/1623 1314/1625
f 1309/152 858/172 611/186
f 843/227 863/213 308/171
f 1339/2261 1338/2263 1330/2266
f 849/2552 847/2553 1333/2555
f 810/2640 957/2638 972/2637
f 810/417 1315/443 960/458
f 888/2877 810/2880 811/2879
f 871/368 1305/354 838/338
f 1281/2958 915/2957 1336/2959
f 813/416 1276/456 1273/468
f 812/399 813/416 1310/384
f 616/312 1323/299 826/259
f 1300/1999 854/2001 612/1995
f 854/75 1301/85 1299/94
f 502/185 1285/225 1288/215
f 1333/3424 852/3425 1308/3422
f 284/143 283/136 1309/152
f 284/143 1322/151 919/127
f 284/143 1330/183 308/171
f 1329/3241 1330/3242 284/3239
f 864/3336 1317/3341 885/3339
f 1315/443 912/457 1858/470
f 1319/2143 1286/2142 842/2145
f 1304/92 1318/70 1302/83
f 870/385 1305/354 871/368
f 826/259 1323/299 1308/284
f 809/1546 1294/1540 1291/1543
f 1326/197 1266/170 1296/173
f 1297/188 1296/173 1266/170
f 853/243 1288/215 826/259
f 1285/225 1284/257 1288/215
f 981/181 785/211 1280/200
f 1249/381 920/365 1247/350
f 798/224 981/181 1245/239
f 1278/466 818/427 822/465
f 1243/495 1274/481 1279/510
f 1279/510 1254/521 1255/528
f 893/519 892/505 267/491
f 766/139 247/131 824/107
f 800/141 799/132 1332/149
f 1271/78 925/72 802/87
f 247/131 1262/119 824/107
f 1271/78 802/87 803/98
f 803/98 1262/119 799/132
f 829/108 790/118 786/116
f 1267/238 798/224 767/254
f 660/167 1238/179 659/150
f 922/97 1263/77 923/95
f 779/2743 762/2740 797/2744
f 288/526 1252/527 968/492
f 920/365 1269/334 1247/350
f 1239/3522 1240/3523 779/3524
f 454/525 453/502 760/529
f 764/3128 1245/3127 663/3129
f 1245/3525 1239/3522 779/3524
f 1443/787 732/786 1229/788
f 438/421 970/393 271/392
f 1490/985 1228/977 438/982
f 1239/281 764/309 641/296
f 247/131 1222/157 661/148
f 684/1285 721/1282 722/1284
f 698/286 535/261 536/273
f 1423/300 1428/301 1219/275
f 713/377 270/345 1427/362
f 728/1895 729/1898 712/1896
f 728/1895 541/1902 1489/1903
f 733/784 732/786 1443/787
f 270/345 1234/378 1229/363
f 970/393 1229/363 1234/378
f 701/2295 715/2296 1484/2298
f 249/193 592/207 250/177
f 1443/379 1442/364 1471/346
f 750/208 250/177 592/207
f 1235/981 1490/985 1230/988
f 1437/3268 1235/3270 1230/3269
f 705/2672 678/2671 546/2675
f 1483/1868 1482/1864 540/1861
f 696/2048 695/2056 539/2057
f 547/1191 1407/1192 720/1189
f 703/263 747/245 1477/246
f 748/228 684/262 536/273
f 694/1863 264/1869 539/1866
f 724/3044 1486/3045 1431/3042
f 1440/1776 1439/1773 715/1779
f 706/204 1440/190 516/163
f 540/1861 539/1866 1483/1868
f 715/2296 701/2295 591/2292
f 1479/1870 264/1869 694/1863
f 1457/2828 600/2826 703/2827
f 600/2826 747/2825 703/2827
f 1392/3100 753/3101 948/3102
f 749/216 707/189 644/229
f 672/2062 704/2069 644/2067
f 1478/153 754/174 735/162
f 702/2704 632/2705 690/2702
f 521/1310 1394/1305 1441/1308
f 554/3015 942/3011 1393/3013
f 948/3102 946/3103 1392/3100
f 1246/3248 660/3249 1256/3246
f 761/320 654/280 518/306
f 640/394 1442/364 1443/379
f 733/784 1443/787 1471/782
f 768/195 736/180 661/148
f 1226/976 626/974 1839/971
f 1468/433 275/406 1001/449
f 1465/3452 1466/3453 649/3454
f 769/446 1227/432 1467/447
f 650/487 1242/504 623/476
f 771/1605 650/1611 1879/1613
f 636/562 638/563 1042/554
f 1005/1973 630/1974 1730/1977
f 1006/1106 595/1100 1007/1110
f 666/2372 1383/2374 1381/2373
f 512/2593 615/2598 508/2597
f 898/2384 259/2383 617/2386
f 616/2925 525/2924 966/2927
f 528/3514 1009/3516 478/3515
f 573/2106 571/2104 961/2101
f 574/2463 1455/2459 564/2466
f 243/1723 398/1728 303/1730
f 1348/1731 243/1723 303/1730
f 500/1082 1435/1090 860/1088
f 879/1171 295/1174 1340/1167
f 388/2549 848/2551 387/2550
f 1348/1731 303/1730 306/1729
f 1363/1713 387/1716 1337/1715
f 282/1394 281/1392 965/1389
f 1353/1357 1349/1359 398/1356
f 510/1252 589/1251 580/1247
f 1361/2301 382/2303 383/2302
f 529/3295 1453/3296 979/3293
f 392/1079 500/1082 1351/1081
f 500/2123 501/2122 956/2125
f 439/2850 505/2854 388/2851
f 1433/1063 1361/1062 306/1061
f 848/1397 388/1396 282/1394
f 357/2021 352/2018 356/2020
f 1005/1973 499/1964 354/1970
f 1379/1808 975/1814 396/1811
f 421/1652 579/1656 527/1653
f 579/2075 396/2074 527/2077
f 519/1805 1379/1808 396/1811
f 406/2072 396/2074 579/2075
f 1008/2079 519/2080 396/2074
f 1361/2262 1446/2267 1454/2264
f 413/1379 1378/1382 1013/1381
f 1379/1808 1013/1810 1378/1813
f 422/1311 479/1316 975/1320
f 382/2855 419/2852 388/2851
f 439/1254 510/1252 423/1253
f 201/1243 193/1244 471/1246
f 992/1065 1433/1063 306/1061
f 1434/1725 243/1723 128/1722
f 424/1074 440/1073 436/1072
f 580/1247 201/1243 471/1246
f 1445/3309 575/3308 608/3310
f 561/1076 510/1086 511/1089
f 389/2856 392/2853 419/2852
f 1378/1330 399/1321 400/1326
f 393/3223 371/3224 394/3221
f 1013/1381 1014/1380 413/1379
f 975/1320 1378/1330 400/1326
f 422/1311 975/1320 400/1326
f 417/3540 527/3538 478/3537
f 579/1656 421/1652 479/1659
f 421/1652 379/1661 479/1659
f 394/1812 371/1806 370/1809
f 393/1515 1008/1513 385/1512
f 1013/1810 1379/1808 393/1807
f 338/2429 340/2430 328/2432
f 376/1787 377/1784 375/1783
f 884/126 885/133 1317/113
f 836/2557 1333/2555 847/2553
f 392/1079 1351/1081 561/1076
f 569/2105 1436/2102 571/2104
f 519/2080 1008/2079 395/2081
f 507/2274 508/2276 1002/2277
f 404/2634 410/2633 299/2632
f 368/2715 297/2718 317/2712
f 334/2867 333/2868 319/2865
f 1715/3485 354/3486 1756/3487
f 326/3149 327/3146 321/3145
f 490/2218 489/2216 488/2207
f 339/2433 328/2432 340/2430
f 460/1486 459/1489 461/1493
f 390/740 425/769 416/762
f 381/1372 380/1375 408/1370
f 410/2633 402/2629 299/2632
f 331/1373 320/1368 408/1370
f 325/3150 326/3149 321/3145
f 327/1522 326/1523 331/1518
f 333/2868 332/2869 319/2865
f 839/1458 840/1463 1311/1461
f 863/1095 243/1096 1348/1097
f 1352/1263 952/1266 932/1270
f 1247/3083 904/3081 905/3080
f 282/1717 965/1714 1337/1715
f 853/3122 852/3125 1333/3124
f 933/1273 1352/1263 932/1270
f 1312/1471 1320/1467 870/1470
f 981/181 801/159 1237/169
f 603/1879 730/1886 714/1888
f 1745/1302 1394/1305 1746/1306
f 788/194 907/164 250/177
f 609/1666 950/1670 639/1667
f 605/2362 990/2364 604/2360
f 189/951 440/954 423/953
f 874/543 634/556 1358/552
f 1729/100 1388/79 1767/109
f 1389/89 553/80 943/73
f 940/1104 367/1107 279/1102
f 1347/1163 978/1161 555/1165
f 1383/1537 1459/1536 1381/1539
f 549/3345 971/3343 833/3342
f 804/1425 996/1428 1382/1430
f 1345/1738 1298/1746 1307/1744
f 1276/456 916/480 1274/481
f 777/2833 778/2835 830/2834
f 267/491 892/505 620/451
f 1248/426 1249/381 625/411
f 364/1576 963/1572 1305/1577
f 1328/1933 880/1930 851/1935
f 582/3300 635/3297 634/3299
f 951/3067 363/3065 364/3064
f 958/2748 1346/2752 889/2751
f 610/3 619/10 609/6
f 998/1732 862/1737 1302/1740
f 862/3441 1357/3440 1302/3439
f 855/71 1374/76 774/84
f 1291/1543 1271/1542 1292/1545
f 1307/104 1298/114 1299/94
f 1322/151 284/143 1331/160
f 1310/384 813/416 810/417
f 1308/284 852/271 826/259
f 1301/85 1306/93 1307/104
f 901/1544 1271/1542 1293/1541
f 800/141 803/98 799/132
f 790/118 829/108 789/99
f 796/138 786/116 1257/129
f 1246/3248 737/3247 736/3250
f 762/2762 663/2759 1240/2763
f 908/1601 878/1604 651/1608
f 662/199 1237/169 1238/179
f 700/191 1481/205 591/218
f 716/2945 714/2951 255/2949
f 255/2949 256/2946 716/2945
f 606/2948 602/2950 716/2945
f 618/1874 705/1877 534/1875
f 1486/3045 544/3047 1431/3042
f 703/2070 644/2067 704/2069
f 672/2701 673/2696 1475/2700
f 949/2775 1430/2779 677/2780
f 969/2777 1430/2779 949/2775
f 663/3129 642/3130 764/3128
f 761/2803 647/2800 646/2799
f 648/434 653/436 1465/464
f 1869/1617 771/1605 1880/1615
f 1355/1280 559/1279 1358/1274
f 954/1673 1359/1674 637/1672
f 597/2367 666/2372 598/2371
f 417/3290 1432/3287 1009/3289
f 1446/1853 1433/1852 985/1850
f 258/966 257/963 419/964
f 243/1723 974/1726 956/1720
f 886/1087 1351/1081 514/1084
f 396/1811 1010/1816 527/1818
f 1148/3193 1150/3194 1149/3195
f 1186/1750 1145/1751 1153/1752
f 1145/1450 1197/1446 1603/1453
f 1408/1196 1196/1203 1403/1209
f 1881/3198 1179/3199 1882/3200
f 1174/1006 1424/1003 1210/1007
f 1605/1916 1161/1917 1606/1918
f 1209/302 1202/316 1208/328
f 1189/2242 1158/2243 1195/2244
f 1205/290 1162/327 1609/342
f 1203/315 1204/326 1611/341
f 1165/343 1202/316 1613/360
f 1203/315 1160/355 1159/339
f 1159/339 1202/316 1203/315
f 1160/2882 1163/2883 1619/2884
f 1163/2883 1160/2882 1622/2886
f 1204/326 1205/290 1610/340
f 1189/2154 1155/2155 1194/2156
f 1192/3092 1189/3093 1194/3094
f 1194/3551 1195/3552 1192/3553
f 1199/2526 1211/2527 1200/2528
f 1158/2243 1157/2246 1193/2245
f 1185/1758 1148/1766 1198/1760
f 1187/1754 1413/1757 1145/1751
f 1769/1212 1196/1203 1770/1208
f 1145/1751 1186/1750 1187/1754
f 1158/3095 1189/3093 1192/3092
f 1193/2245 1195/2244 1158/2243
f 1193/3554 1192/3553 1195/3552
f 1193/2158 1194/2156 1155/2155
f 1155/2155 1185/2157 1632/2160
f 1157/2530 1194/2533 1193/2534
f 1155/3555 1192/3553 1193/3554
f 1158/3095 1155/3096 1602/3097
f 1155/3096 1158/3095 1192/3092
f 1153/3408 1145/3409 1631/3410
f 1636/1452 1151/1454 1637/1455
f 1638/1221 1156/1219 1639/1223
f 1183/2529 1189/2531 1157/2530
f 1185/1758 1187/1754 1186/1750
f 1642/1762 1186/1750 1644/1759
f 1155/2155 1182/2164 1629/2165
f 1185/2157 1183/2159 1148/2161
f 1628/2163 1155/2155 1633/2162
f 1169/344 1171/361 1184/318
f 1646/459 1168/431 1647/445
f 1882/3200 1649/3202 1886/3203
f 1180/2838 1178/2839 1881/2840
f 1424/1003 1174/1006 1173/1005
f 1647/445 1172/402 1654/444
f 1177/376 1176/403 1175/404
f 1172/402 1402/390 1170/375
f 1655/389 1171/361 1656/374
f 1169/344 1165/343 1659/372
f 1168/431 1167/420 1166/391
f 1664/1581 1662/1582 1781/1583
f 1630/1449 1191/1444 1636/1452
f 1164/1919 1157/1925 1162/1922
f 1188/1921 1164/1919 1605/1916
f 1666/2146 1206/2147 1669/2148
f 1772/1590 1670/1591 1785/1592
f 1181/2994 1173/2995 1421/2996
f 1183/2008 1199/2010 731/2006
f 1198/3196 1148/3193 1149/3195
f 1149/3195 1414/3197 1198/3196
f 1672/1753 1153/1752 1673/1755
f 1156/1219 1152/1216 1769/1212
f 1174/2535 1417/2536 1418/2537
f 1209/302 1232/277 1147/291
f 1166/391 1175/404 1172/402
f 1615/356 1159/339 1617/369
f 1419/2378 542/2377 727/2376
f 1600/419 1170/375 1657/418
f 533/2016 1207/2011 618/2017
f 1151/1217 1191/1213 1196/1203
f 1207/2979 1212/2980 618/2981
f 1151/1217 1196/1203 1152/1216
f 1191/1213 1403/1209 1196/1203
f 1406/2054 1413/2051 697/2050
f 1413/2051 1400/2053 696/2048
f 1157/2530 1211/2527 1183/2529
f 1219/275 1199/288 1423/300
f 746/276 1428/301 1205/290
f 1196/1203 1408/1196 1407/1192
f 1413/1757 1198/1760 1400/1763
f 1198/3327 1414/3328 1400/3329
f 1205/290 1423/300 1162/327
f 1185/2157 1155/2155 1189/2154
f 1157/2530 1189/2531 1195/2532
f 1194/2533 1157/2530 1195/2532
f 1183/2008 1409/2007 1207/2011
f 1183/2529 1211/2527 1199/2526
f 1423/1927 1190/1923 1162/1922
f 1185/2157 1189/2154 1183/2159
f 1187/1754 1185/1758 1198/1760
f 1413/1757 1187/1754 1198/1760
f 1656/374 1169/344 1660/388
f 1184/318 1429/329 1169/344
f 1171/361 1170/375 1184/318
f 1429/1828 1224/1830 1208/1831
f 1174/1006 1418/1008 1173/1005
f 1184/318 1170/375 1402/390
f 1402/390 1177/376 1184/318
f 1166/391 1172/402 1168/431
f 1167/420 1418/405 1166/391
f 1402/390 1176/403 1177/376
f 1175/404 1176/403 1172/402
f 1180/990 1415/993 1675/996
f 1415/993 1424/1003 1181/1001
f 1180/990 1233/983 1415/993
f 1177/376 1175/404 1166/391
f 1427/362 1177/376 1166/391
f 713/2539 1418/2537 726/2538
f 1423/300 1205/290 1428/301
f 1167/2998 1422/2997 1173/2995
f 1166/391 713/377 1427/362
f 1418/405 713/377 1166/391
f 1168/2895 1422/2896 1167/2897
f 1415/993 1181/1001 1653/999
f 1181/1001 1424/1003 1173/1005
f 1422/2997 1421/2996 1173/2995
f 1418/1008 1167/1010 1173/1005
f 1425/1832 1426/1834 1209/1833
f 1209/302 1147/291 1202/316
f 1202/316 1147/291 1203/315
f 1208/328 1202/316 1165/343
f 268/266 1205/290 1147/291
f 726/1012 1417/1011 712/1009
f 1174/1006 712/1009 1417/1011
f 1147/291 1232/277 268/266
f 1188/2422 1420/2423 1200/2424
f 1148/2013 1183/2008 1207/2011
f 731/2006 1409/2007 1183/2008
f 1224/317 1232/277 1209/302
f 1205/290 1204/326 1203/315
f 1425/1832 1208/1831 1224/1830
f 1209/3211 1426/3212 1224/3213
f 1209/1833 1208/1831 1425/1832
f 1181/2899 1421/2898 1168/2895
f 1418/2537 1417/2536 726/2538
f 1415/2379 1419/2378 727/2376
f 1168/2895 1421/2898 1422/2896
f 1426/3212 1425/3214 1224/3213
f 1206/2147 1188/2152 1668/2150
f 1206/2147 1420/2153 1188/2152
f 1200/2558 1420/2559 1206/2560
f 1206/2560 1190/2561 1200/2558
f 1409/2007 1213/2012 1207/2011
f 731/2006 1411/2005 1409/2007
f 1213/2982 1212/2980 1207/2979
f 1410/2983 618/2981 1212/2980
f 1409/2007 1411/2005 1410/2009
f 1213/2012 1409/2007 1410/2009
f 533/2683 1400/2686 1149/2688
f 1212/2980 1213/2982 1410/2983
f 533/2683 1399/2682 1400/2686
f 1149/2015 1207/2011 533/2016
f 1406/1448 1405/1445 1412/1451
f 1146/1447 1145/1450 1405/1445
f 1145/1450 1412/1451 1405/1445
f 1401/1441 1403/1440 1404/1442
f 1413/1757 1406/1764 1412/1761
f 1149/2015 1150/2014 1207/2011
f 696/2048 697/2050 1413/2051
f 1207/2011 1150/2014 1148/2013
f 1145/1751 1413/1757 1412/1761
f 1197/1446 1145/1450 1146/1447
f 1404/1442 1403/1440 1191/1444
f 1191/1444 1197/1446 1404/1442
f 1401/1441 544/1435 1403/1440
f 1408/1439 1403/1440 544/1435
f 1404/1442 1405/1445 697/1443
f 1401/1441 1404/1442 697/1443
f 1404/1442 1197/1446 1146/1447
f 1405/1445 1404/1442 1146/1447
f 1770/1208 1407/1192 1778/1211
f 1190/1923 1201/1929 1667/1928
f 1651/2843 1180/2838 1676/2844
f 1416/2380 1210/2382 1424/2381
f 1200/2424 1211/2425 1188/2422
f 1169/344 1208/328 1165/343
f 1200/314 1423/300 1199/288
f 695/2685 1400/2686 1399/2682
f 1157/1925 1164/1919 1188/1921
f 1169/344 1429/329 1208/328
f 1176/403 1402/390 1172/402
f 1424/2381 1415/2379 1416/2380
f 1415/993 1233/983 1419/994
f 1400/3329 1414/3328 1149/3330
f 697/1443 1405/1445 1406/1448
f 697/1443 544/1435 1401/1441
f 1206/2560 1201/2562 1190/2561
f 1147/291 1205/290 1203/315
f 727/2376 1416/2380 1415/2379
f 1211/2425 1157/2426 1188/2422
f 1423/2563 1200/2558 1190/2561
f 1160/355 1203/315 1612/358
f 1608/2249 1157/2246 1679/2248
f 1665/1920 1190/1923 1677/1926
f 1151/1217 1152/1216 1638/1221
f 1179/2842 1178/2839 1180/2838
f 1162/1922 1161/1917 1164/1919
f 1162/1922 1190/1923 1161/1917
f 1773/1593 1156/1595 1776/1596
f 1157/2246 1158/2243 1634/2247
f 1159/2888 1160/2882 1620/2885
f 1526/837 236/833 1527/835
f 1527/835 236/833 1547/830
f 1528/1650 1/1647 1529/1649
f 1529/1649 1/1647 2/1646
f 1530/670 67/667 1559/674
f 1531/673 46/662 1530/670
f 1532/2604 71/2603 1533/2607
f 1533/2626 71/2623 1574/2624
f 1534/3273 54/3272 1573/3275
f 1535/3274 53/3271 1534/3273
f 1536/2605 72/2602 1532/2604
f 1537/1797 34/1792 40/1800
f 1538/1799 33/1795 1537/1797
f 1539/3563 26/3564 1542/3565
f 1540/2476 23/2473 1539/2475
f 1541/802 26/796 237/792
f 1542/808 26/796 1541/802
f 1543/2394 28/2396 1544/2398
f 1544/2485 28/2484 1581/2483
f 1545/799 237/792 236/795
f 1546/806 236/795 1526/812
f 1547/830 236/833 234/831
f 1548/832 234/831 1549/834
f 1549/834 234/831 233/836
f 1550/838 233/836 1786/839
f 1551/2621 47/2618 1531/2620
f 1552/1642 8/1635 1553/1638
f 1553/1638 8/1635 73/1632
f 1554/1644 8/1635 1552/1642
f 1555/2608 72/2602 1536/2605
f 1556/2611 73/2610 1555/2608
f 1557/676 67/667 1558/675
f 1558/675 67/667 68/671
f 1559/674 67/667 1557/676
f 1560/2733 56/2731 55/2730
f 1561/3401 54/3397 1560/3400
f 1562/739 61/721 1563/731
f 1563/731 61/721 57/712
f 1564/747 60/732 1562/739
f 1565/738 57/712 56/746
f 1566/753 60/732 1564/747
f 1567/761 68/745 1566/753
f 1568/3277 56/3278 53/3271
f 1569/2736 55/2730 50/2735
f 1570/2737 50/2735 39/2738
f 1571/2417 39/2413 36/2416
f 1572/3276 53/3271 1535/3274
f 1573/3402 54/3397 1561/3401
f 1574/2624 71/2623 1551/2621
f 1575/2392 16/2391 1543/2394
f 1576/2393 31/2390 1575/2392
f 1577/1801 40/1800 37/1803
f 1578/820 37/824 42/803
f 1579/2395 31/2390 1576/2393
f 1580/2397 31/2390 1579/2395
f 1581/2483 28/2484 17/2478
f 1582/2480 17/2478 1540/2476
f 1583/629 21/624 1584/618
f 1584/618 21/624 1060/603
f 1585/1648 2/1646 1554/1644
f 1586/631 1061/630 1583/629
f 1779/632 1586/631 1780/633
f 1587/615 1/610 1528/621
f 1588/620 76/605 1587/615
f 1589/609 77/604 1095/614
f 1590/608 1059/600 1589/609
f 1591/627 76/605 1588/620
f 1592/622 76/605 1591/627
f 1593/626 1095/614 1592/622
f 1594/619 1095/614 1593/626
f 1595/613 1060/603 1590/608
f 1596/816 42/803 1538/813
f 1597/2418 36/2416 31/2419
f 1598/2420 31/2419 1580/2421
f 1599/430 1172/402 1600/419
f 1600/419 1172/402 1170/375
f 1601/2168 1155/2155 1645/2166
f 1602/3097 1155/3096 1601/3099
f 1603/1453 1197/1446 1630/1449
f 1604/1456 1145/1450 1603/1453
f 1605/1916 1164/1919 1161/1917
f 1606/1918 1161/1917 1665/1920
f 1607/359 1162/327 1608/371
f 1608/2249 1162/2250 1157/2246
f 1609/342 1162/327 1607/359
f 1610/340 1205/290 1609/342
f 1611/341 1204/326 1624/357
f 1612/358 1203/315 1611/341
f 1613/360 1202/316 1616/370
f 1614/373 1165/343 1613/360
f 1615/356 1202/316 1159/339
f 1616/370 1202/316 1615/356
f 1617/369 1159/339 1618/387
f 1618/2894 1159/2888 1621/2893
f 1619/2884 1163/2883 1661/2887
f 1620/2885 1160/2882 1619/2884
f 1621/2893 1159/2888 1678/2891
f 1622/386 1160/355 1612/358
f 1623/2889 1163/2883 1622/2886
f 1624/357 1204/326 1610/340
f 1625/2890 1163/2883 1626/2892
f 1626/2892 1163/2883 1623/2889
f 1627/3544 1182/3545 1628/3546
f 1628/2163 1182/2164 1155/2155
f 1629/2165 1182/2164 1627/2167
f 1630/1449 1197/1446 1191/1444
f 1631/3410 1145/3409 1604/3412
f 1632/1765 1185/1758 1642/1762
f 1633/2162 1155/2155 1632/2160
f 1634/3098 1158/3095 1602/3097
f 1635/3411 1153/3408 1631/3410
f 1636/1452 1191/1444 1151/1454
f 1637/1455 1151/1454 1640/1457
f 1638/1221 1152/1216 1156/1219
f 1639/1600 1156/1595 1682/1599
f 1640/1226 1151/1217 1641/1225
f 1641/1225 1151/1217 1674/1224
f 1642/1762 1185/1758 1186/1750
f 1643/1756 1186/1750 1672/1753
f 1644/1759 1186/1750 1643/1756
f 1645/2166 1155/2155 1629/2165
f 1646/459 1181/472 1168/431
f 1647/445 1168/431 1172/402
f 1648/2846 1179/2842 1652/2845
f 1649/3202 1179/3199 1648/3204
f 1650/486 1181/472 1646/459
f 1651/2843 1179/2842 1180/2838
f 1652/2845 1179/2842 1651/2843
f 1653/999 1181/1001 1650/1004
f 1654/444 1172/402 1599/430
f 1655/389 1170/375 1171/361
f 1656/374 1171/361 1169/344
f 1657/418 1170/375 1658/401
f 1658/401 1170/375 1655/389
f 1659/372 1165/343 1614/373
f 1660/388 1169/344 1659/372
f 1661/2887 1163/2883 1625/2890
f 1662/1582 1154/1587 1771/1585
f 1663/1589 1154/1587 1662/1582
f 1665/1920 1161/1917 1190/1923
f 1666/2146 1201/2149 1206/2147
f 1667/2151 1201/2149 1666/2146
f 1668/1924 1188/1921 1605/1916
f 1669/2148 1206/2147 1668/2150
f 1670/1591 1154/1587 1663/1589
f 1670/1591 1671/1594 1773/1593
f 1672/1753 1186/1750 1153/1752
f 1673/3413 1153/3408 1635/3411
f 1674/1224 1151/1217 1638/1221
f 1675/996 1415/993 1653/999
f 1676/998 1180/990 1675/996
f 1677/1926 1190/1923 1667/1928
f 1678/2891 1159/2888 1620/2885
f 1679/2248 1157/2246 1634/2247
f 1680/1598 1156/1595 1681/1597
f 1681/1597 1156/1595 1671/1594
f 1682/1599 1156/1595 1680/1598
f 1683/904 119/893 1684/900
f 1684/900 119/893 1685/897
f 1685/897 119/893 118/886
f 1686/2406 1069/2401 1133/2405
f 1687/3138 1133/3134 1695/3137
f 1688/882 1143/881 1689/885
f 1689/1509 1143/1500 1711/1505
f 1690/1137 1057/1127 1073/1125
f 1691/1130 1073/1125 1078/1122
f 1692/2410 1044/2407 1043/2404
f 1693/2412 1043/2404 1708/2408
f 1694/2906 1396/2900 1057/2904
f 1695/3137 1133/3134 1694/3136
f 1696/883 350/880 1688/882
f 1697/888 118/886 1696/883
f 1698/892 118/886 1697/888
f 1699/55 1131/45 1044/43
f 1700/60 1044/43 1692/63
f 1701/635 1061/630 1702/634
f 1702/634 1061/630 1779/632
f 1703/1503 1131/1502 1699/1506
f 1704/1150 1056/1131 1701/1146
f 1705/3559 1056/3560 1707/3561
f 1706/1136 1078/1122 1705/1139
f 1707/3561 1056/3560 1704/3562
f 1708/2408 1043/2404 1686/2406
f 1709/2909 1057/2904 1710/2910
f 1710/1145 1057/1127 1690/1137
f 1711/1505 1143/1500 1703/1503
f 1712/1969 498/1965 1713/1968
f 1713/1968 498/1965 499/1964
f 1714/3489 495/3488 1715/3485
f 1715/3485 495/3488 354/3486
f 1716/1966 498/1965 1712/1969
f 1717/1967 499/1964 1716/1966
f 1718/1992 496/1988 1714/1990
f 1719/907 119/893 1683/904
f 1720/914 342/908 1721/912
f 1721/912 342/908 361/902
f 1722/911 361/902 1719/907
f 1723/913 361/902 1722/911
f 1724/915 342/908 1720/914
f 1725/1980 354/1970 495/1983
f 1726/1982 355/1978 1725/1980
f 1727/1971 499/1964 1005/1973
f 1728/917 341/916 1724/915
f 1729/100 1389/89 1388/79
f 1730/120 630/110 1729/100
f 1731/1292 693/1290 1734/1295
f 1732/1294 683/1289 1731/1292
f 1733/1299 691/1297 1745/1302
f 1734/1295 693/1290 1733/1299
f 1735/1195 547/1191 1736/1202
f 1736/1202 547/1191 1744/1205
f 1737/3566 744/3567 1768/3568
f 1738/3569 744/3567 1737/3566
f 1739/1206 1407/1192 1740/1201
f 1740/1201 1407/1192 1735/1195
f 1741/1985 688/1981 355/1978
f 1742/3333 688/3332 1741/3335
f 1743/1298 683/1289 1732/1294
f 1744/1205 547/1191 1743/1200
f 1745/1302 691/1297 1394/1305
f 1746/3334 1394/3331 1742/3333
f 1747/1979 1005/1973 1730/1977
f 1748/1113 1006/1106 1747/1116
f 1749/1986 355/1978 1726/1982
f 1750/1701 497/1700 1751/1704
f 1751/2027 497/2025 358/2023
f 1752/1710 1007/1707 1760/1709
f 1753/1114 1006/1106 1752/1112
f 1754/1987 495/1983 496/1988
f 1755/1989 496/1988 1757/1991
f 1756/1972 354/1970 1717/1967
f 1757/1991 496/1988 1718/1992
f 1758/1118 1005/1117 1753/1114
f 1759/1703 522/1698 1750/1701
f 1760/1709 1007/1707 1759/1703
f 1761/3530 1005/3531 1758/3532
f 1762/2029 358/2023 1764/2026
f 1763/3533 1005/3531 1761/3530
f 1764/2026 358/2023 341/2022
f 1765/2028 341/2022 1766/2030
f 1766/2030 341/2022 1728/2031
f 1767/1115 1388/1111 1748/1113
f 1768/3571 744/3572 1777/3573
f 1769/1212 1152/1216 1196/1203
f 1770/1208 1196/1203 1407/1192
f 1771/1585 1154/1587 1772/1590
f 1772/1590 1154/1587 1670/1591
f 1773/1593 1671/1594 1156/1595
f 1774/1220 1156/1219 1769/1212
f 1775/3570 744/3567 1738/3569
f 1776/1222 1156/1219 1774/1220
f 1777/3573 744/3572 1775/3574
f 1778/1211 1407/1192 1739/1206
f 1779/632 1061/630 1586/631
f 1781/1583 1662/1582 1771/1585
f 1782/1584 1664/1581 1781/1583
f 1783/1586 1664/1581 1782/1584
f 1784/1588 1664/1581 1783/1586
f 1785/1592 1670/1591 1773/1593
f 1786/864 233/859 228/854
f 1787/863 228/854 227/858
f 1788/869 226/862 211/867
f 1789/873 227/858 1788/869
f 1790/868 227/858 1789/873
f 1791/876 211/867 1792/875
f 1792/875 211/867 1794/871
f 1793/861 212/857 209/852
f 1794/871 211/867 1793/861
f 1795/877 1508/878 1799/879
f 1796/870 206/874 1795/877
f 1797/1695 1506/1694 1514/1696
f 1798/1693 1507/1685 1797/1695
f 1799/1688 1508/1681 1811/1684
f 1800/866 209/852 1796/870
f 1801/1689 1507/1685 1798/1693
f 1802/1692 1516/1682 1801/1689
f 1803/1690 1516/1682 1802/1692
f 1804/3381 1500/3377 1805/3382
f 1805/3382 1500/3377 1499/3380
f 1806/3378 1500/3377 1804/3381
f 1807/3379 1514/3376 1806/3378
f 1808/3024 1499/3021 573/3020
f 1809/3478 573/3481 987/3479
f 1810/2121 987/2118 1845/2120
f 1811/1684 1508/1681 1515/1679
f 1812/1686 1516/1682 1803/1690
f 1813/1687 1515/1679 1812/1686
f 1814/1551 490/1550 1817/1554
f 1815/1552 476/1549 1814/1551
f 1816/3547 492/3548 1825/3549
f 1817/2223 490/2218 1816/2222
f 1818/2206 485/2203 483/2205
f 1819/2210 485/2203 1818/2206
f 1820/2220 492/2221 491/2219
f 1821/2217 491/2219 488/2207
f 1822/2214 488/2207 1819/2210
f 1823/1943 445/1942 442/1947
f 1824/1946 483/1940 1823/1943
f 1825/3549 492/3548 1820/3550
f 1826/2034 428/2033 1832/2037
f 1827/2035 456/2032 1826/2034
f 1828/1949 442/1947 1830/1952
f 1829/1558 450/1555 1815/1552
f 1830/1952 442/1947 441/1945
f 1831/1960 441/1945 1827/1959
f 1832/1564 428/1561 1829/1558
f 1833/978 263/972 1233/983
f 1834/975 263/972 1833/978
f 1835/2114 573/2106 1836/2111
f 1836/2111 573/2106 572/2108
f 1837/2511 918/2510 913/2514
f 1838/2512 959/2509 1837/2511
f 1839/971 626/974 263/972
f 1840/973 263/972 1834/975
f 1841/1610 834/1603 1842/1606
f 1842/1606 834/1603 1369/1602
f 1843/2116 832/2112 1844/2115
f 1844/2115 832/2112 1004/2110
f 1845/2120 987/2118 1835/2114
f 1846/2520 834/2515 1838/2512
f 1847/2525 1370/2524 1846/2520
f 1848/484 912/457 913/482
f 1849/2519 913/2514 918/2510
f 1850/496 913/482 1277/469
f 1851/2523 918/2510 1874/2517
f 1852/1609 1369/1602 771/1605
f 1853/2513 918/2510 959/2509
f 1854/2516 959/2509 1856/2522
f 1855/2119 572/2108 1843/2116
f 1856/2522 959/2509 1841/2521
f 1857/485 1004/471 1315/443
f 1858/470 912/457 1848/484
f 1859/494 1277/469 1273/468
f 1860/508 1273/468 1847/522
f 1861/987 1233/983 1180/990
f 1862/992 1180/990 1883/995
f 1863/3490 1226/3491 1878/3492
f 1864/515 269/488 1863/500
f 1865/514 269/488 1864/515
f 1866/499 269/488 1865/514
f 1867/498 650/487 1372/473
f 1868/512 1372/473 1866/499
f 1869/1617 772/1616 771/1605
f 1870/1619 772/1616 1869/1617
f 1871/1618 772/1616 1870/1619
f 1872/1614 772/1616 1871/1618
f 1873/1612 771/1605 1872/1614
f 1874/2517 918/2510 1853/2513
f 1875/2117 572/2108 1855/2119
f 1876/2113 572/2108 1875/2117
f 1877/483 1315/443 1858/470
f 1878/979 1226/976 1839/971
f 1879/513 650/487 1867/498
f 1880/1615 771/1605 1879/1613
f 1881/3198 1178/3201 1179/3199
f 1882/3200 1179/3199 1649/3202
f 1883/2841 1180/2838 1881/2840
f 1884/840 1550/838 1786/839
f 1885/841 1550/838 1884/840
f 1886/3203 1649/3202 1887/3205
usemtl Tile_+034_+029_L18_00003_untextured
