mtllib Tile_+034_+029_L18_00033.mtl
v 6.99562348e+03 7.25000000e+03 2.59413928e+01
v 6.99575709e+03 7.25000000e+03 2.86793371e+01
v 6.99414300e+03 7.25000000e+03 3.09177750e+01
v 6.99587563e+03 7.25000000e+03 3.09222019e+01
v 6.99598865e+03 7.24847005e+03 3.25193055e+01
v 6.99043528e+03 7.25000000e+03 3.27703367e+01
v 6.99194373e+03 7.25000000e+03 3.18671010e+01
v 6.97442130e+03 7.25000000e+03 2.75109947e+01
v 6.97402579e+03 7.25000000e+03 2.93470912e+01
v 6.95695592e+03 7.25000000e+03 3.12373386e+01
v 6.95983294e+03 7.25000000e+03 3.15470516e+01
v 6.98846381e+03 7.25000000e+03 3.29538039e+01
v 6.98930940e+03 7.25000000e+03 3.20495722e+01
v 6.98874254e+03 7.24950933e+03 3.23365914e+01
v 6.94720879e+03 7.25000000e+03 3.57635145e+01
v 6.94674362e+03 7.25000000e+03 3.42814463e+01
v 6.97606794e+03 7.25000000e+03 2.81180955e+01
v 6.97643556e+03 7.25000000e+03 2.53706934e+01
v 6.95284168e+03 7.25000000e+03 2.89945334e+01
v 6.98126702e+03 7.25000000e+03 2.38604419e+01
v 6.98500478e+03 7.25000000e+03 2.41975039e+01
v 6.94820748e+03 7.25000000e+03 3.39314735e+01
v 6.94819394e+03 7.25000000e+03 3.23508883e+01
v 6.94967596e+03 7.25000000e+03 2.50295927e+01
v 6.95138236e+03 7.25000000e+03 2.61487825e+01
v 6.94795058e+03 7.25000000e+03 2.56617397e+01
v 6.95137737e+03 7.25000000e+03 3.02936018e+01
v 6.94802587e+03 7.25000000e+03 3.13143302e+01
v 6.94256840e+03 7.25000000e+03 3.64033882e+01
v 6.93981363e+03 7.25000000e+03 3.34557264e+01
v 6.94652947e+03 7.25000000e+03 3.67735853e+01
v 6.95168025e+03 7.24915974e+03 2.98782278e+01
v 6.99937658e+03 7.19256638e+03 2.32615935e+01
v 7.00000000e+03 7.18944424e+03 2.30585048e+01
v 7.00000000e+03 7.22124638e+03 2.34302063e+01
v 7.00000000e+03 7.21647132e+03 2.32340740e+01
v 7.00000000e+03 7.22656071e+03 2.33365076e+01
v 7.00000000e+03 7.22372355e+03 2.34873468e+01
v 7.00000000e+03 7.22900974e+03 2.42048981e+01
v 7.00000000e+03 7.23171007e+03 2.33816553e+01
v 7.00000000e+03 7.24658719e+03 2.36257896e+01
v 7.00000000e+03 7.24802797e+03 2.34450991e+01
v 7.00000000e+03 7.25000000e+03 2.34435619e+01
v 7.00000000e+03 7.19624003e+03 2.30969621e+01
v 7.00000000e+03 7.20186081e+03 2.31071617e+01
v 7.00000000e+03 7.23758832e+03 2.33061793e+01
v 7.00000000e+03 7.24175472e+03 2.34313491e+01
v 6.99752285e+03 7.21420200e+03 2.39475274e+01
v 6.99742706e+03 7.21508457e+03 2.36452002e+01
v 6.99765305e+03 7.21570081e+03 2.33157305e+01
v 6.99706356e+03 7.21550907e+03 2.33378782e+01
v 6.98982501e+03 7.21534165e+03 2.33894809e+01
v 6.99284498e+03 7.21215382e+03 2.37624130e+01
v 6.99744260e+03 7.22039751e+03 2.33752393e+01
v 6.99509652e+03 7.21366625e+03 2.32565495e+01
v 6.99741395e+03 7.21823449e+03 2.35234438e+01
v 6.99570983e+03 7.21657303e+03 2.33974309e+01
v 6.99752077e+03 7.21434622e+03 2.41195430e+01
v 6.99769946e+03 7.21280208e+03 2.33863729e+01
v 6.99803543e+03 7.20965540e+03 2.33775438e+01
v 7.00000000e+03 7.21040341e+03 2.31801275e+01
v 6.98977242e+03 7.21034575e+03 2.44105156e+01
v 6.99331501e+03 7.21859127e+03 2.36553229e+01
v 6.99735682e+03 7.21949092e+03 2.51646638e+01
v 6.99738587e+03 7.21806351e+03 2.44012136e+01
v 6.99728869e+03 7.21148380e+03 2.36752704e+01
v 6.99746894e+03 7.21663633e+03 2.49326485e+01
v 6.99732518e+03 7.21814239e+03 2.43077067e+01
v 6.99738280e+03 7.21796709e+03 2.42289377e+01
v 6.99755884e+03 7.21431608e+03 2.43108529e+01
v 6.99766591e+03 7.21103532e+03 2.51673405e+01
v 6.99614335e+03 7.21877187e+03 2.34699002e+01
v 6.99724528e+03 7.22227475e+03 2.64708228e+01
v 6.99345818e+03 7.21943703e+03 2.52143011e+01
v 6.99732621e+03 7.21942783e+03 2.96960457e+01
v 6.99653997e+03 7.23550134e+03 2.83512451e+01
v 6.99653262e+03 7.23282028e+03 2.36613675e+01
v 6.99648869e+03 7.23663758e+03 2.36240082e+01
v 6.99642142e+03 7.23832910e+03 2.63078024e+01
v 6.99618259e+03 7.24082967e+03 2.35995660e+01
v 6.99584027e+03 7.24627029e+03 2.37406919e+01
v 6.99627012e+03 7.24246832e+03 2.71462116e+01
v 6.99626376e+03 7.23904772e+03 2.96704817e+01
v 6.99697119e+03 7.22336842e+03 2.34912188e+01
v 6.99690555e+03 7.22774721e+03 2.34952450e+01
v 6.99923353e+03 7.23702359e+03 2.34925426e+01
v 7.00000000e+03 7.23620140e+03 2.40346411e+01
v 6.99583371e+03 7.25000000e+03 2.36371183e+01
v 6.99594476e+03 7.24724896e+03 2.74125161e+01
v 7.00000000e+03 7.23281403e+03 2.45199244e+01
v 7.00000000e+03 7.23491548e+03 2.46742635e+01
v 6.99878801e+03 7.24586029e+03 2.35798100e+01
v 6.99370654e+03 7.24648286e+03 3.08930666e+01
v 6.99308276e+03 7.20796216e+03 3.12762560e+01
v 6.99172322e+03 7.21062855e+03 3.03933440e+01
v 6.99504629e+03 7.23792763e+03 3.09528026e+01
v 6.99382530e+03 7.23593284e+03 3.12856084e+01
v 6.99318039e+03 7.23863604e+03 3.13981021e+01
v 6.99357551e+03 7.22788842e+03 3.17098776e+01
v 6.99133531e+03 7.23144586e+03 3.27433501e+01
v 6.99145304e+03 7.21891481e+03 2.96137592e+01
v 6.99711287e+03 7.22413901e+03 2.96679562e+01
v 6.99664242e+03 7.23423504e+03 2.96205289e+01
v 6.99349281e+03 7.23400412e+03 3.15143445e+01
v 6.99556933e+03 7.23593990e+03 3.03991177e+01
v 6.99733538e+03 7.22682151e+03 3.25476669e+01
v 6.99683674e+03 7.22898282e+03 2.98719004e+01
v 6.99702972e+03 7.22654093e+03 2.63070682e+01
v 6.99671269e+03 7.23141948e+03 2.78091575e+01
v 6.99691803e+03 7.23444500e+03 2.74319011e+01
v 6.99615412e+03 7.24840678e+03 2.95654779e+01
v 6.99588982e+03 7.24610883e+03 2.97221581e+01
v 6.99752028e+03 7.21455293e+03 2.44583514e+01
v 6.99629292e+03 7.24226403e+03 2.96367914e+01
v 6.99809154e+03 7.20835459e+03 2.83873723e+01
v 6.99380374e+03 7.20588876e+03 3.09342657e+01
v 6.99304531e+03 7.19819702e+03 3.08484920e+01
v 6.98761746e+03 7.20087810e+03 2.82307091e+01
v 6.99874087e+03 7.19115238e+03 2.71133426e+01
v 6.99951163e+03 7.18802281e+03 2.81278337e+01
v 6.99321550e+03 7.20382782e+03 3.11522139e+01
v 6.99839159e+03 7.20450033e+03 2.84065665e+01
v 6.99681217e+03 7.20178548e+03 2.93358186e+01
v 6.99322622e+03 7.20976393e+03 3.11685928e+01
v 6.99538070e+03 7.21118448e+03 2.97904407e+01
v 6.99821577e+03 7.20619956e+03 3.09073453e+01
v 6.99879038e+03 7.19682188e+03 2.81885921e+01
v 6.99902231e+03 7.19301687e+03 2.83166034e+01
v 6.99414697e+03 7.19186300e+03 3.16468690e+01
v 6.99736378e+03 7.19166896e+03 2.94874467e+01
v 6.99812055e+03 7.21008028e+03 2.65379001e+01
v 6.99771446e+03 7.21113443e+03 2.84763748e+01
v 6.99806031e+03 7.20432680e+03 2.66068352e+01
v 6.99869741e+03 7.20124869e+03 2.82186046e+01
v 6.99833097e+03 7.20438223e+03 2.33037231e+01
v 6.99889362e+03 7.19750306e+03 2.32982906e+01
v 6.99845048e+03 7.20079410e+03 2.32341521e+01
v 6.99933515e+03 7.19451290e+03 2.39150999e+01
v 6.99453383e+03 7.21086107e+03 2.50236991e+01
v 6.99373528e+03 7.19363568e+03 3.12255989e+01
v 6.99290102e+03 7.20735943e+03 3.23593395e+01
v 6.99269707e+03 7.24920353e+03 3.36532709e+01
v 6.99211014e+03 7.24827169e+03 3.30243708e+01
v 6.99269573e+03 7.24713752e+03 3.35453868e+01
v 6.99335408e+03 7.24836458e+03 3.26950021e+01
v 6.98639711e+03 7.22846269e+03 2.96396626e+01
v 6.99025856e+03 7.22492618e+03 3.21647991e+01
v 6.99079926e+03 7.24100834e+03 3.27196414e+01
v 6.99168921e+03 7.22554501e+03 3.29098585e+01
v 6.99368991e+03 7.22537369e+03 3.16977739e+01
v 6.99463627e+03 7.22700911e+03 3.26884516e+01
v 6.99269667e+03 7.23582632e+03 3.19402350e+01
v 6.99343510e+03 7.23541501e+03 3.32729453e+01
v 6.99393983e+03 7.22582367e+03 3.35968734e+01
v 6.99387732e+03 7.22754920e+03 3.36691318e+01
v 6.99054032e+03 7.24808010e+03 3.27929164e+01
v 6.98921359e+03 7.23905442e+03 3.18853129e+01
v 6.99023643e+03 7.22264284e+03 3.17483462e+01
v 6.99299711e+03 7.22683367e+03 3.28118168e+01
v 6.99694468e+03 7.22568527e+03 3.12661278e+01
v 6.99364040e+03 7.18980814e+03 3.15330717e+01
v 6.98852670e+03 7.18869575e+03 2.83768150e+01
v 6.99216294e+03 7.19255836e+03 3.11094405e+01
v 6.99413980e+03 7.19812527e+03 3.10302410e+01
v 6.99390527e+03 7.19525037e+03 3.12623344e+01
v 6.99645063e+03 7.19268037e+03 3.04726448e+01
v 6.99294369e+03 7.19243736e+03 3.27630140e+01
v 6.99352694e+03 7.20515453e+03 3.22434422e+01
v 6.99368831e+03 7.19582206e+03 3.23648654e+01
v 6.99417553e+03 7.18717212e+03 3.29271225e+01
v 6.99480862e+03 7.18978452e+03 3.12005335e+01
v 6.99723942e+03 7.19713317e+03 2.92370967e+01
v 6.98798147e+03 7.18906233e+03 2.60436031e+01
v 6.98171774e+03 7.18977523e+03 3.01751650e+01
v 6.98398949e+03 7.19039834e+03 3.13845131e+01
v 6.97986336e+03 7.18731650e+03 2.77805410e+01
v 6.97655151e+03 7.18752684e+03 2.85031998e+01
v 6.97609115e+03 7.19962870e+03 2.78227377e+01
v 6.97765463e+03 7.19761820e+03 2.75237347e+01
v 6.97553961e+03 7.19826725e+03 2.58094790e+01
v 6.98004872e+03 7.20072285e+03 2.75352567e+01
v 6.97948840e+03 7.19965974e+03 2.87667290e+01
v 6.95414727e+03 7.20232582e+03 2.48763160e+01
v 6.95426237e+03 7.20395926e+03 2.41702341e+01
v 6.95567982e+03 7.20571254e+03 2.70362087e+01
v 6.95530381e+03 7.20243099e+03 2.63364206e+01
v 6.95667516e+03 7.18960691e+03 2.98908392e+01
v 6.95513439e+03 7.18802606e+03 2.90364452e+01
v 6.98223482e+03 7.18810831e+03 2.90108221e+01
v 6.95601040e+03 7.19219908e+03 2.93150930e+01
v 6.95361678e+03 7.19162297e+03 2.65325623e+01
v 6.96769930e+03 7.19416381e+03 2.42508745e+01
v 6.96792681e+03 7.19836646e+03 2.41440635e+01
v 6.96733997e+03 7.18765847e+03 2.44152424e+01
v 6.97635676e+03 7.20080377e+03 2.41335746e+01
v 6.97414369e+03 7.20180651e+03 2.42570061e+01
v 6.97551143e+03 7.19242342e+03 2.41615826e+01
v 6.95615428e+03 7.19852047e+03 2.97308876e+01
v 6.95571735e+03 7.20262170e+03 2.97326365e+01
v 6.97825349e+03 7.19992302e+03 3.11033808e+01
v 6.97670656e+03 7.20037655e+03 2.99279882e+01
v 6.96260729e+03 7.20902358e+03 2.59504142e+01
v 6.96015417e+03 7.20908284e+03 2.49041643e+01
v 6.95744943e+03 7.20893215e+03 2.50224030e+01
v 6.96472496e+03 7.21181829e+03 2.41405765e+01
v 6.96699538e+03 7.20931494e+03 2.43758509e+01
v 6.96744943e+03 7.19028414e+03 2.95058387e+01
v 6.96790598e+03 7.19126476e+03 2.54159757e+01
v 6.98825765e+03 7.21116645e+03 2.37764018e+01
v 6.98587392e+03 7.22825227e+03 2.40129421e+01
v 6.98657427e+03 7.23065961e+03 2.44462071e+01
v 6.98622155e+03 7.23803281e+03 2.47294921e+01
v 6.98584612e+03 7.23485217e+03 2.41320128e+01
v 6.96406561e+03 7.24703211e+03 2.39988704e+01
v 6.96615887e+03 7.25000000e+03 2.37663154e+01
v 6.95300531e+03 7.23598372e+03 2.42355425e+01
v 6.95337886e+03 7.23208829e+03 2.38467801e+01
v 6.95492945e+03 7.22244292e+03 2.57606081e+01
v 6.95301874e+03 7.22246305e+03 2.39588682e+01
v 6.95437860e+03 7.22075189e+03 2.47846640e+01
v 6.98681506e+03 7.20727411e+03 2.32919565e+01
v 6.98685309e+03 7.20732219e+03 2.62028434e+01
v 6.98807893e+03 7.19659127e+03 2.83850909e+01
v 6.98826760e+03 7.19820410e+03 2.63854593e+01
v 6.98765752e+03 7.18710306e+03 2.36326609e+01
v 6.98720092e+03 7.19386344e+03 2.33273358e+01
v 6.98746566e+03 7.19122212e+03 2.36818844e+01
v 6.98747046e+03 7.19524778e+03 2.38030238e+01
v 6.95475224e+03 7.22194194e+03 2.93218638e+01
v 6.97414114e+03 7.24343618e+03 2.58085853e+01
v 6.97419533e+03 7.24458646e+03 2.63965981e+01
v 6.98572931e+03 7.25000000e+03 2.67380823e+01
v 6.98532065e+03 7.25000000e+03 2.96117558e+01
v 6.97529937e+03 7.22730656e+03 3.04811868e+01
v 6.97677350e+03 7.22781922e+03 2.99284368e+01
v 6.97582317e+03 7.24435339e+03 2.68992556e+01
v 6.97635232e+03 7.24379739e+03 2.72779770e+01
v 6.97639587e+03 7.22562086e+03 2.44081824e+01
v 6.97661022e+03 7.22488762e+03 2.69252694e+01
v 6.97412265e+03 7.23366579e+03 2.45480811e+01
v 6.97786431e+03 7.23193108e+03 2.43472660e+01
v 6.97365450e+03 7.23380944e+03 2.84231671e+01
v 6.97445855e+03 7.23358250e+03 2.71928505e+01
v 6.96536041e+03 7.22733118e+03 2.91936047e+01
v 6.96503459e+03 7.23054168e+03 2.92935031e+01
v 6.95429713e+03 7.21072402e+03 2.42571493e+01
v 6.95254621e+03 7.20754556e+03 2.42382515e+01
v 6.96692115e+03 7.20939827e+03 2.90494010e+01
v 6.95738075e+03 7.21197000e+03 2.56649447e+01
v 6.95778985e+03 7.21388396e+03 2.46984587e+01
v 6.97575331e+03 7.22790122e+03 2.44589603e+01
v 6.97555357e+03 7.22729183e+03 2.61792271e+01
v 6.97664921e+03 7.22667883e+03 2.49350734e+01
v 6.97579191e+03 7.22535260e+03 2.61364472e+01
v 6.97563338e+03 7.22671165e+03 2.54990778e+01
v 6.97534999e+03 7.22563203e+03 2.41637864e+01
v 6.96469511e+03 7.23426909e+03 2.40646852e+01
v 6.96504519e+03 7.23223106e+03 2.40657731e+01
v 6.96504321e+03 7.22790807e+03 2.40781142e+01
v 6.96742518e+03 7.24368238e+03 2.37313198e+01
v 6.97430921e+03 7.24291706e+03 2.63784375e+01
v 6.97470663e+03 7.24533952e+03 2.59115919e+01
v 6.97561199e+03 7.24617769e+03 2.44581748e+01
v 6.98252060e+03 7.18738665e+03 2.98892862e+01
v 6.97125060e+03 7.18878380e+03 2.40839388e+01
v 6.98764584e+03 7.19048536e+03 2.55364533e+01
v 6.98715737e+03 7.19256395e+03 2.78279747e+01
v 6.96646920e+03 7.19642323e+03 2.43409034e+01
v 6.95965171e+03 7.21722022e+03 2.92898764e+01
v 6.95825903e+03 7.21755799e+03 2.56261234e+01
v 6.95530783e+03 7.21717571e+03 2.43525398e+01
v 6.95519156e+03 7.21704405e+03 2.93561539e+01
v 6.96513338e+03 7.22327251e+03 2.66810215e+01
v 6.96550152e+03 7.21810901e+03 2.54764962e+01
v 6.95463208e+03 7.22751732e+03 2.93823427e+01
v 6.96444767e+03 7.23904090e+03 2.39868613e+01
v 6.96451925e+03 7.23799072e+03 2.93557982e+01
v 6.96434058e+03 7.24211787e+03 2.71225012e+01
v 6.96586370e+03 7.20575064e+03 2.53767215e+01
v 6.96705487e+03 7.20647454e+03 2.68578814e+01
v 6.98010074e+03 7.19930793e+03 2.56897574e+01
v 6.97721289e+03 7.19811528e+03 2.40366015e+01
v 6.98778919e+03 7.18935565e+03 2.31651579e+01
v 6.98525527e+03 7.18802718e+03 2.30591518e+01
v 6.96222250e+03 7.21263755e+03 2.55401232e+01
v 6.95926533e+03 7.21464738e+03 2.41945076e+01
v 6.96720867e+03 7.20379510e+03 2.67618885e+01
v 6.96713419e+03 7.20481685e+03 2.72295787e+01
v 6.97753437e+03 7.22694359e+03 3.39478126e+01
v 6.97740745e+03 7.22699054e+03 3.57856498e+01
v 6.97381339e+03 7.22683980e+03 3.41496737e+01
v 6.97464467e+03 7.22553493e+03 3.29372278e+01
v 6.97540813e+03 7.22762877e+03 3.20850130e+01
v 6.95894593e+03 7.24395701e+03 3.23618525e+01
v 6.95764173e+03 7.23869250e+03 3.13908340e+01
v 6.95660223e+03 7.24768476e+03 3.12493067e+01
v 6.95334575e+03 7.24583994e+03 3.22540165e+01
v 6.98683247e+03 7.22612942e+03 2.52262523e+01
v 6.97809062e+03 7.22739873e+03 2.84577421e+01
v 6.96527820e+03 7.22322070e+03 2.94213160e+01
v 6.97688507e+03 7.23443421e+03 2.68127374e+01
v 6.97765935e+03 7.21959485e+03 2.45723423e+01
v 6.97279618e+03 7.21937441e+03 2.47582289e+01
v 6.95814015e+03 7.21580254e+03 2.51838930e+01
v 6.97474190e+03 7.24188186e+03 2.66484895e+01
v 6.97513008e+03 7.24307859e+03 2.68400349e+01
v 6.95354460e+03 7.23966645e+03 2.92677076e+01
v 6.95181301e+03 7.24276628e+03 2.79001219e+01
v 6.97488404e+03 7.22604214e+03 3.03426139e+01
v 6.97535772e+03 7.22626497e+03 3.11738307e+01
v 6.97403254e+03 7.18946373e+03 3.06119255e+01
v 6.98473589e+03 7.18783477e+03 3.39477069e+01
v 6.98228621e+03 7.19037046e+03 3.39333833e+01
v 6.98146906e+03 7.18917442e+03 3.43674416e+01
v 6.95512666e+03 7.18716929e+03 3.03047285e+01
v 6.97898173e+03 7.18925362e+03 3.22445357e+01
v 6.97730372e+03 7.19001959e+03 3.03796685e+01
v 6.97802154e+03 7.18880341e+03 3.48145382e+01
v 6.97418109e+03 7.18764647e+03 3.14511907e+01
v 6.97694937e+03 7.18872096e+03 3.31486407e+01
v 6.96693526e+03 7.19502179e+03 2.96431582e+01
v 6.96658802e+03 7.19542616e+03 2.61295164e+01
v 6.97332235e+03 7.18757271e+03 3.34274037e+01
v 6.97606378e+03 7.18944974e+03 3.14310859e+01
v 6.95593199e+03 7.18926076e+03 3.11402433e+01
v 6.97745104e+03 7.18957515e+03 4.07018802e+01
v 6.97614188e+03 7.18888168e+03 4.00312531e+01
v 6.98011578e+03 7.18871318e+03 4.07139599e+01
v 6.98317739e+03 7.18944840e+03 3.82174805e+01
v 6.98540987e+03 7.18771682e+03 3.95535717e+01
v 6.98358908e+03 7.18924466e+03 4.01071407e+01
v 6.98568800e+03 7.18850276e+03 4.09275917e+01
v 6.98062132e+03 7.18819750e+03 4.14159710e+01
v 6.98167157e+03 7.18903065e+03 4.05834798e+01
v 6.97813641e+03 7.19001610e+03 3.83927087e+01
v 6.98058311e+03 7.18985219e+03 3.92949966e+01
v 6.97661268e+03 7.18977836e+03 3.91224113e+01
v 6.97964346e+03 7.18791481e+03 3.92697645e+01
v 6.97751999e+03 7.18758616e+03 3.91847924e+01
v 6.97676764e+03 7.18779646e+03 3.68808763e+01
v 6.98109238e+03 7.19050740e+03 3.60724987e+01
v 6.98130181e+03 7.19100336e+03 3.88453094e+01
v 6.97584093e+03 7.18864739e+03 3.81146314e+01
v 6.95471564e+03 7.18830191e+03 3.52721661e+01
v 6.95405539e+03 7.18912421e+03 3.71270754e+01
v 6.97308596e+03 7.18859199e+03 3.36905564e+01
v 6.97393656e+03 7.18772846e+03 3.30001244e+01
v 6.97267627e+03 7.18847836e+03 3.54856183e+01
v 6.97562768e+03 7.22658655e+03 3.55919902e+01
v 6.97536832e+03 7.22790952e+03 3.58584009e+01
v 6.97583846e+03 7.23335870e+03 3.29351792e+01
v 6.97682558e+03 7.23413193e+03 3.19266210e+01
v 6.97377430e+03 7.18773518e+03 3.49755595e+01
v 6.95607583e+03 7.18788469e+03 3.12688013e+01
v 6.97685004e+03 7.22810093e+03 3.29469064e+01
v 6.97401938e+03 7.23535551e+03 3.03177609e+01
v 6.97566411e+03 7.23320338e+03 2.93017380e+01
v 6.97511664e+03 7.22853183e+03 3.46580800e+01
v 6.97453976e+03 7.23354235e+03 3.10153784e+01
v 6.97643446e+03 7.23364909e+03 3.05097427e+01
v 6.95602609e+03 7.24628635e+03 3.24390451e+01
v 6.97598397e+03 7.22634992e+03 3.17199799e+01
v 6.97646717e+03 7.22658738e+03 2.93499547e+01
v 6.97619114e+03 7.23479680e+03 3.25128989e+01
v 6.97647128e+03 7.23541451e+03 3.46307321e+01
v 6.97914861e+03 7.18785569e+03 4.27352124e+01
v 6.98367049e+03 7.18966055e+03 3.46865875e+01
v 6.97792018e+03 7.22570201e+03 3.39869176e+01
v 6.98681695e+03 7.22357061e+03 2.45119615e+01
v 6.97371002e+03 7.22769014e+03 3.42575444e+01
v 6.97583792e+03 7.23615685e+03 3.81010257e+01
v 6.97682975e+03 7.23546913e+03 3.64900287e+01
v 6.98095287e+03 7.19113433e+03 3.41808958e+01
v 6.97661914e+03 7.22820379e+03 3.54904183e+01
v 6.97530914e+03 7.22787015e+03 3.72925825e+01
v 6.96102441e+03 7.20887572e+03 2.90744803e+01
v 6.95303253e+03 7.23741372e+03 2.83854927e+01
v 6.95236637e+03 7.18966696e+03 2.62099887e+01
v 6.97441680e+03 7.22678195e+03 2.58731346e+01
v 6.94411841e+03 7.22325257e+03 3.33613120e+01
v 6.94358830e+03 7.22349674e+03 2.71045298e+01
v 6.94770356e+03 7.21928789e+03 2.82611283e+01
v 6.94695695e+03 7.22119670e+03 2.78866977e+01
v 6.94831873e+03 7.22200503e+03 2.98214879e+01
v 6.94764488e+03 7.22213115e+03 3.08234140e+01
v 6.94804485e+03 7.22327870e+03 2.83094025e+01
v 6.94841816e+03 7.22375882e+03 3.00603625e+01
v 6.94706060e+03 7.22221215e+03 2.62833642e+01
v 6.94454727e+03 7.22144145e+03 2.49899227e+01
v 6.94803175e+03 7.22555623e+03 3.06343969e+01
v 6.94759040e+03 7.22421604e+03 3.12214986e+01
v 6.94306347e+03 7.21914653e+03 3.15105425e+01
v 6.94173846e+03 7.21863893e+03 2.95174607e+01
v 6.94618222e+03 7.21922048e+03 3.02383065e+01
v 6.94632615e+03 7.21910518e+03 3.14080790e+01
v 6.94712790e+03 7.21874117e+03 3.12834498e+01
v 6.94743789e+03 7.21988903e+03 3.03907599e+01
v 6.94420360e+03 7.21864166e+03 3.03680000e+01
v 6.94267908e+03 7.21765862e+03 2.85175229e+01
v 6.94177067e+03 7.22024903e+03 3.12208037e+01
v 6.93740294e+03 7.21524878e+03 2.75383773e+01
v 6.94432810e+03 7.21765081e+03 2.82824892e+01
v 6.94252571e+03 7.21774926e+03 2.72487367e+01
v 6.94664675e+03 7.21894478e+03 2.76912608e+01
v 6.94613764e+03 7.21770413e+03 2.86835492e+01
v 6.94196903e+03 7.22187202e+03 2.95015043e+01
v 6.94199963e+03 7.22021261e+03 2.81226083e+01
v 6.94834920e+03 7.22463151e+03 2.75140683e+01
v 6.94612362e+03 7.22883851e+03 2.85513581e+01
v 6.94658494e+03 7.23157964e+03 3.02592192e+01
v 6.94063928e+03 7.23423337e+03 2.92644807e+01
v 6.93971684e+03 7.23578651e+03 3.08782667e+01
v 6.94865907e+03 7.23447511e+03 3.05519222e+01
v 6.94939749e+03 7.23585853e+03 3.01726712e+01
v 6.94760465e+03 7.23481830e+03 2.89763411e+01
v 6.94692200e+03 7.23422413e+03 3.01267107e+01
v 6.94209826e+03 7.23084743e+03 2.93932467e+01
v 6.94155095e+03 7.23098330e+03 3.05446609e+01
v 6.94706722e+03 7.22525929e+03 2.91747857e+01
v 6.94394393e+03 7.23002266e+03 2.44976559e+01
v 6.94112569e+03 7.23058372e+03 2.66360110e+01
v 6.94387766e+03 7.22877246e+03 2.96730879e+01
v 6.94195787e+03 7.22877990e+03 2.83727071e+01
v 6.94428390e+03 7.22840473e+03 2.84044503e+01
v 6.94613102e+03 7.23440862e+03 2.77351388e+01
v 6.94697170e+03 7.23237897e+03 2.90637594e+01
v 6.94228273e+03 7.23324166e+03 2.72001928e+01
v 6.94423681e+03 7.23509554e+03 2.68079926e+01
v 6.94519742e+03 7.22931859e+03 3.09751905e+01
v 6.94568690e+03 7.22925024e+03 3.05476958e+01
v 6.94547312e+03 7.22858787e+03 3.28550874e+01
v 6.94352977e+03 7.22975960e+03 3.25354855e+01
v 6.94943264e+03 7.24241219e+03 3.17075140e+01
v 6.94947025e+03 7.24357617e+03 3.00162971e+01
v 6.95184866e+03 7.24469991e+03 2.93556232e+01
v 6.95039810e+03 7.24610021e+03 3.01275839e+01
v 6.95081425e+03 7.24466948e+03 3.15602361e+01
v 6.94015975e+03 7.23358721e+03 3.14855625e+01
v 6.94285345e+03 7.23070306e+03 3.24414219e+01
v 6.94300994e+03 7.22938202e+03 3.11904447e+01
v 6.94531489e+03 7.22759711e+03 2.96878373e+01
v 6.93886125e+03 7.23868653e+03 3.09163381e+01
v 6.93754651e+03 7.23726484e+03 3.03266847e+01
v 6.95067843e+03 7.24815422e+03 3.11770193e+01
v 6.94717175e+03 7.23946346e+03 2.54295654e+01
v 6.94806472e+03 7.23630134e+03 2.38574131e+01
v 6.95157218e+03 7.23846022e+03 3.20257151e+01
v 6.95127459e+03 7.23815371e+03 2.89097028e+01
v 6.95151841e+03 7.24362757e+03 3.33796121e+01
v 6.95097152e+03 7.24078764e+03 3.19324094e+01
v 6.95064391e+03 7.23703042e+03 2.97212767e+01
v 6.95114366e+03 7.23839365e+03 3.07081358e+01
v 6.93938054e+03 7.24056957e+03 2.86008886e+01
v 6.93821021e+03 7.24239976e+03 3.23008523e+01
v 6.94904768e+03 7.24946820e+03 3.15031414e+01
v 6.95306058e+03 7.24873808e+03 2.93023032e+01
v 6.95092465e+03 7.24682393e+03 2.98167459e+01
v 6.95104561e+03 7.25000000e+03 3.25284264e+01
v 6.94644094e+03 7.24092988e+03 2.53165191e+01
v 6.94837723e+03 7.24020227e+03 2.37578311e+01
v 6.94959323e+03 7.24779217e+03 3.16675864e+01
v 6.94903646e+03 7.24851326e+03 3.22204967e+01
v 6.93746821e+03 7.24292771e+03 3.00060191e+01
v 6.95070132e+03 7.24436870e+03 2.86575837e+01
v 6.94943660e+03 7.24303702e+03 2.85328753e+01
v 6.95228283e+03 7.24123796e+03 2.93720087e+01
v 6.94802089e+03 7.21379395e+03 2.61187534e+01
v 6.94772553e+03 7.21665187e+03 2.61747021e+01
v 6.95012878e+03 7.19875792e+03 2.91299267e+01
v 6.94983380e+03 7.20043770e+03 3.09578559e+01
v 6.95159992e+03 7.20792576e+03 2.86707866e+01
v 6.94940827e+03 7.20868567e+03 2.66207039e+01
v 6.95250092e+03 7.23938897e+03 2.51226876e+01
v 6.95160528e+03 7.23970068e+03 2.77549577e+01
v 6.94694358e+03 7.22324327e+03 2.47860310e+01
v 6.94642307e+03 7.22208109e+03 2.44750385e+01
v 6.94023750e+03 7.21564234e+03 2.74790597e+01
v 6.94156052e+03 7.21895800e+03 2.70751774e+01
v 6.94662936e+03 7.23301739e+03 3.19950924e+01
v 6.94974022e+03 7.19937436e+03 3.14957517e+01
v 6.94935332e+03 7.19811694e+03 3.39338596e+01
v 6.93901720e+03 7.19633955e+03 3.30156159e+01
v 6.93910468e+03 7.19658683e+03 3.01614791e+01
v 6.93979128e+03 7.21463792e+03 2.65849555e+01
v 6.94812692e+03 7.19709316e+03 2.83517957e+01
v 6.94609061e+03 7.19688909e+03 2.78776186e+01
v 6.95102508e+03 7.19820909e+03 3.11134781e+01
v 6.94883112e+03 7.20014577e+03 2.46522502e+01
v 6.94817607e+03 7.19758108e+03 2.48513861e+01
v 6.94811026e+03 7.20242058e+03 2.48253607e+01
v 6.94968159e+03 7.20120075e+03 2.48580480e+01
v 6.94450510e+03 7.20035682e+03 2.58367848e+01
v 6.94393640e+03 7.20338369e+03 2.51664052e+01
v 6.94607309e+03 7.19798470e+03 2.60714804e+01
v 6.94244104e+03 7.19170618e+03 2.54972028e+01
v 6.94900413e+03 7.19096023e+03 2.48992063e+01
v 6.93902104e+03 7.20190166e+03 2.61325857e+01
v 6.94984458e+03 7.20518397e+03 2.79157744e+01
v 6.94874476e+03 7.20503882e+03 2.49630620e+01
v 6.94838627e+03 7.22340651e+03 2.67096908e+01
v 6.94749068e+03 7.23095086e+03 2.39861526e+01
v 6.95008669e+03 7.21617357e+03 2.43214519e+01
v 6.94798480e+03 7.21630018e+03 2.49190816e+01
v 6.95028156e+03 7.19533192e+03 2.45146054e+01
v 6.95123526e+03 7.20884359e+03 2.42826772e+01
v 6.95140030e+03 7.20789327e+03 2.49426658e+01
v 6.94945129e+03 7.18977453e+03 3.64398310e+01
v 6.94992434e+03 7.19032554e+03 3.38920323e+01
v 6.94985065e+03 7.20630299e+03 2.48508307e+01
v 6.95205420e+03 7.20294998e+03 2.42033988e+01
v 6.94774721e+03 7.19402420e+03 2.47890303e+01
v 6.95316167e+03 7.19481289e+03 2.44193031e+01
v 6.93757999e+03 7.20326547e+03 2.84896114e+01
v 6.94210138e+03 7.23544040e+03 2.74103357e+01
v 6.93819364e+03 7.22673782e+03 2.51632043e+01
v 6.94388401e+03 7.23262995e+03 2.50521542e+01
v 6.94528719e+03 7.23270797e+03 2.49328759e+01
v 6.94504306e+03 7.23505772e+03 2.41015187e+01
v 6.94524981e+03 7.23383812e+03 2.50130455e+01
v 6.93741985e+03 7.24737842e+03 2.45616297e+01
v 6.93829162e+03 7.24580803e+03 2.45589349e+01
v 6.95059269e+03 7.21460919e+03 2.43314301e+01
v 6.95203366e+03 7.21408263e+03 2.50236670e+01
v 6.94738756e+03 7.23309755e+03 2.55570198e+01
v 6.94287685e+03 7.22839002e+03 2.43153694e+01
v 6.94517338e+03 7.22831534e+03 2.46393945e+01
v 6.94627175e+03 7.22450631e+03 2.40607664e+01
v 6.94456571e+03 7.23039116e+03 2.43154968e+01
v 6.94444001e+03 7.22958313e+03 2.65160109e+01
v 6.94867095e+03 7.21909623e+03 2.40547019e+01
v 6.94836139e+03 7.22170194e+03 2.42608979e+01
v 6.94061865e+03 7.22373908e+03 2.48285366e+01
v 6.94341584e+03 7.22301120e+03 2.45330253e+01
v 6.94933238e+03 7.21943403e+03 2.54372021e+01
v 6.95041895e+03 7.21963459e+03 2.56858894e+01
v 6.94974590e+03 7.21873493e+03 2.55394155e+01
v 6.95087880e+03 7.21766399e+03 2.55038107e+01
v 6.94680577e+03 7.22875448e+03 2.54441101e+01
v 6.94645235e+03 7.22820049e+03 2.41433008e+01
v 6.93756672e+03 7.23272906e+03 2.58385878e+01
v 6.93988998e+03 7.23177032e+03 2.44532258e+01
v 6.93952310e+03 7.23736017e+03 2.43579324e+01
v 6.94770572e+03 7.21957160e+03 2.46281902e+01
v 6.94752409e+03 7.21879093e+03 2.56330883e+01
v 6.95260236e+03 7.24702745e+03 3.06620652e+01
v 6.94545545e+03 7.23077136e+03 2.59470807e+01
v 6.94678636e+03 7.23665666e+03 2.62323852e+01
v 6.95125493e+03 7.21670967e+03 2.45330962e+01
v 6.94993884e+03 7.21696272e+03 2.60245198e+01
v 6.94514344e+03 7.21594390e+03 2.46498993e+01
v 6.94402859e+03 7.21628971e+03 2.56968819e+01
v 6.94379748e+03 7.23452191e+03 2.40162792e+01
v 6.94439791e+03 7.21847293e+03 2.59686249e+01
v 6.94129938e+03 7.20981448e+03 2.57630580e+01
v 6.94535173e+03 7.21281081e+03 2.50736149e+01
v 6.95198434e+03 7.21282192e+03 2.60710090e+01
v 6.94501708e+03 7.21983921e+03 2.55204271e+01
v 6.94985435e+03 7.20999858e+03 2.47417282e+01
v 6.95154292e+03 7.21052186e+03 2.41772363e+01
v 6.94129193e+03 7.22168150e+03 2.68961153e+01
v 6.94239068e+03 7.23735829e+03 2.47357894e+01
v 6.94305338e+03 7.23308930e+03 2.42461279e+01
v 6.94563153e+03 7.22822343e+03 3.09442436e+01
v 6.94072676e+03 7.23215538e+03 2.87170997e+01
v 6.94347976e+03 7.19725491e+03 2.50358496e+01
v 6.94686093e+03 7.24093932e+03 2.60208867e+01
v 6.94692471e+03 7.24368154e+03 2.55342469e+01
v 6.95184262e+03 7.23934587e+03 3.12392313e+01
v 6.94992428e+03 7.24727211e+03 3.00581602e+01
v 6.95082525e+03 7.23723939e+03 3.13180811e+01
v 6.94567210e+03 7.21122518e+03 2.44977010e+01
v 6.94574727e+03 7.23505900e+03 3.34700734e+01
v 6.94857632e+03 7.23638904e+03 3.61174027e+01
v 6.94753998e+03 7.21429417e+03 2.61251291e+01
v 6.94818463e+03 7.21372861e+03 2.44564544e+01
v 6.94270858e+03 7.22032949e+03 2.59221012e+01
v 6.93846705e+03 7.24123398e+03 3.10422499e+01
v 6.94874589e+03 7.24034943e+03 3.47402380e+01
v 6.94926808e+03 7.23984306e+03 3.31551951e+01
v 6.94932769e+03 7.24157276e+03 3.29191157e+01
v 6.94889981e+03 7.24248782e+03 3.42810078e+01
v 6.94890075e+03 7.24361100e+03 3.50248914e+01
v 6.94834252e+03 7.23680242e+03 3.43255446e+01
v 6.94900898e+03 7.23759229e+03 3.29590408e+01
v 6.94840519e+03 7.23537561e+03 3.31880887e+01
v 6.94946931e+03 7.23620050e+03 3.39511297e+01
v 6.94959382e+03 7.23625781e+03 3.16442205e+01
v 6.94981069e+03 7.23736810e+03 3.34908776e+01
v 6.95037724e+03 7.23903900e+03 3.28502489e+01
v 6.94040517e+03 7.24244275e+03 3.34202057e+01
v 6.94066783e+03 7.23807346e+03 3.41267512e+01
v 6.94017781e+03 7.23658842e+03 3.29018101e+01
v 6.94974483e+03 7.24269489e+03 3.34984853e+01
v 6.94964966e+03 7.24578950e+03 3.23094659e+01
v 6.95072574e+03 7.24612015e+03 3.48870856e+01
v 6.95043925e+03 7.24538999e+03 3.40151410e+01
v 6.94902688e+03 7.24929510e+03 3.47345217e+01
v 6.94830780e+03 7.24753786e+03 3.48422691e+01
v 6.94946693e+03 7.24826233e+03 3.35760199e+01
v 6.94926015e+03 7.24707870e+03 3.40547806e+01
v 6.94943816e+03 7.24145084e+03 3.58233839e+01
v 6.94841197e+03 7.23868365e+03 3.43387008e+01
v 6.94650241e+03 7.22386118e+03 3.59712424e+01
v 6.94608247e+03 7.22503805e+03 3.30152857e+01
v 6.94668865e+03 7.22194800e+03 3.37748537e+01
v 6.94766080e+03 7.22187547e+03 3.56397706e+01
v 6.94788427e+03 7.22153171e+03 3.25768650e+01
v 6.94598255e+03 7.23036933e+03 3.34289179e+01
v 6.94471690e+03 7.22863000e+03 3.40646198e+01
v 6.94815108e+03 7.23203093e+03 3.37976554e+01
v 6.94630340e+03 7.23374741e+03 3.47070081e+01
v 6.94709328e+03 7.23005538e+03 3.56291662e+01
v 6.94504532e+03 7.22483431e+03 3.49486132e+01
v 6.94642808e+03 7.22528981e+03 3.13319577e+01
v 6.94812987e+03 7.22363899e+03 3.35861755e+01
v 6.94823265e+03 7.22077685e+03 3.27185949e+01
v 6.94749939e+03 7.21936398e+03 3.29245544e+01
v 6.94827788e+03 7.22050034e+03 3.52278917e+01
v 6.93826985e+03 7.25000000e+03 3.23306887e+01
v 6.93916859e+03 7.24643714e+03 3.46440298e+01
v 6.93945860e+03 7.24455386e+03 3.38236420e+01
v 6.93826094e+03 7.24550238e+03 3.12194223e+01
v 6.94204608e+03 7.23648587e+03 3.50736067e+01
v 6.94037702e+03 7.23497596e+03 3.37894154e+01
v 6.94210725e+03 7.22942425e+03 3.55661295e+01
v 6.94142038e+03 7.23035943e+03 3.40498130e+01
v 6.94136869e+03 7.23259301e+03 3.45824920e+01
v 6.94115276e+03 7.23177277e+03 3.26359854e+01
v 6.94443136e+03 7.22447370e+03 3.68689019e+01
v 6.94355881e+03 7.22779793e+03 3.54765516e+01
v 6.95160125e+03 7.23737885e+03 3.25706532e+01
v 6.95012728e+03 7.24148857e+03 3.44798234e+01
v 6.94635164e+03 7.23263415e+03 3.30417360e+01
v 6.94623484e+03 7.23441335e+03 3.17678775e+01
v 6.94136810e+03 7.22221108e+03 3.28547722e+01
v 6.94249003e+03 7.22025143e+03 3.27398124e+01
v 6.94273922e+03 7.22089011e+03 3.53530308e+01
v 6.94278367e+03 7.21945585e+03 3.50209425e+01
v 6.94271191e+03 7.22167181e+03 3.35777029e+01
v 6.93755485e+03 7.24622761e+03 3.18299580e+01
v 6.94110985e+03 7.24287433e+03 3.62718750e+01
v 6.95162023e+03 7.23959528e+03 3.25867769e+01
v 6.93954880e+03 7.24033808e+03 3.29578857e+01
v 6.94829912e+03 7.23135597e+03 3.28004189e+01
v 6.94827141e+03 7.22302817e+03 3.21555881e+01
v 6.94103884e+03 7.22130524e+03 3.17922884e+01
v 6.94315510e+03 7.22911253e+03 3.48064458e+01
v 6.94959130e+03 7.25000000e+03 3.20408578e+01
v 6.93700717e+03 7.24789272e+03 3.17222279e+01
v 6.94662226e+03 7.23354466e+03 3.08939490e+01
v 6.94750816e+03 7.22313627e+03 3.43109098e+01
v 6.94983296e+03 7.23475760e+03 3.20025191e+01
v 6.95104457e+03 7.24171445e+03 2.91500685e+01
v 6.94782960e+03 7.23542295e+03 3.43338883e+01
v 6.95212082e+03 7.19295010e+03 3.50495714e+01
v 6.95215341e+03 7.19105125e+03 2.96487838e+01
v 6.95401875e+03 7.19223840e+03 3.20753559e+01
v 6.93726962e+03 7.19645359e+03 3.31124145e+01
v 6.94310630e+03 7.19917783e+03 3.14483620e+01
v 6.94451081e+03 7.19756183e+03 3.08421215e+01
v 6.94329036e+03 7.19956799e+03 3.30209080e+01
v 6.94337687e+03 7.19908354e+03 3.54250752e+01
v 6.94520188e+03 7.20040095e+03 3.54894540e+01
v 6.94406342e+03 7.20123377e+03 3.24414820e+01
v 6.94312211e+03 7.20035212e+03 3.56183751e+01
v 6.93728640e+03 7.19896874e+03 3.41981420e+01
v 6.93833429e+03 7.19647971e+03 3.44202167e+01
v 6.94962845e+03 7.19033743e+03 3.18272295e+01
v 6.94966453e+03 7.18763538e+03 3.27661492e+01
v 6.95018853e+03 7.18810458e+03 3.44176665e+01
v 6.94332619e+03 7.21913019e+03 3.39684699e+01
v 6.94302177e+03 7.20729927e+03 3.14990627e+01
v 6.94416349e+03 7.20692575e+03 3.52273799e+01
v 6.94375110e+03 7.21783997e+03 3.36009527e+01
v 6.94491731e+03 7.21857472e+03 3.36162438e+01
v 6.94615826e+03 7.21945609e+03 3.51728279e+01
v 6.94833967e+03 7.20987978e+03 3.41802966e+01
v 6.94696098e+03 7.21015016e+03 3.42175844e+01
v 6.94998985e+03 7.20810687e+03 3.40846306e+01
v 6.94954964e+03 7.21003458e+03 3.32608624e+01
v 6.94986667e+03 7.20399800e+03 3.38141731e+01
v 6.95059980e+03 7.20321999e+03 3.33200445e+01
v 6.95139854e+03 7.20591297e+03 3.28607039e+01
v 6.95143317e+03 7.20582148e+03 3.52787559e+01
v 6.93842646e+03 7.19905954e+03 3.41274958e+01
v 6.94043952e+03 7.20121997e+03 3.27341176e+01
v 6.93778406e+03 7.20411370e+03 3.37216211e+01
v 6.93824036e+03 7.20153648e+03 3.06629134e+01
v 6.94062516e+03 7.20072519e+03 3.47777950e+01
v 6.93926949e+03 7.20099498e+03 3.29297743e+01
v 6.94064231e+03 7.19842056e+03 3.30057298e+01
v 6.94495419e+03 7.19915996e+03 3.39907385e+01
v 6.94724042e+03 7.21958670e+03 3.46086780e+01
v 6.95164051e+03 7.20470408e+03 3.43848175e+01
v 6.94875760e+03 7.19879015e+03 3.49468591e+01
v 6.95168505e+03 7.20665215e+03 3.24728039e+01
v 6.95075203e+03 7.20775022e+03 3.26659226e+01
v 6.95061800e+03 7.20936619e+03 3.27430232e+01
v 6.95026476e+03 7.20915703e+03 3.49952774e+01
v 6.94944605e+03 7.20075684e+03 3.36466928e+01
v 6.94970827e+03 7.19935405e+03 3.57233088e+01
v 6.95067561e+03 7.19984779e+03 3.28744267e+01
v 6.94875812e+03 7.19790412e+03 3.33772277e+01
v 6.94823043e+03 7.19800012e+03 3.14935263e+01
v 6.94765041e+03 7.19787656e+03 3.39356697e+01
v 6.95175104e+03 7.20353267e+03 3.42571514e+01
v 6.95238697e+03 7.20435244e+03 3.23070808e+01
v 6.95014345e+03 7.20192386e+03 3.42390254e+01
v 6.95226870e+03 7.20479711e+03 3.36024482e+01
v 6.94851672e+03 7.20051145e+03 3.51116559e+01
v 6.94848269e+03 7.20190248e+03 3.58854523e+01
v 6.95040130e+03 7.20705104e+03 3.53118509e+01
v 6.94414009e+03 7.20557740e+03 3.13409378e+01
v 6.94449196e+03 7.20503136e+03 3.38970443e+01
v 6.94594801e+03 7.22020801e+03 3.27958944e+01
v 6.94863237e+03 7.21078401e+03 3.30033315e+01
v 6.94611962e+03 7.21034209e+03 3.24686574e+01
v 6.94932237e+03 7.20246217e+03 2.82287527e+01
v 6.94997545e+03 7.20336002e+03 3.07624297e+01
v 6.95068945e+03 7.20129845e+03 3.21632362e+01
v 6.94030267e+03 7.19737757e+03 3.21510707e+01
v 6.94495137e+03 7.19937936e+03 3.19409948e+01
v 6.94571300e+03 7.19822328e+03 3.16572876e+01
v 6.95034845e+03 7.20090284e+03 2.96856697e+01
v 6.95021837e+03 7.20569902e+03 3.03629403e+01
v 6.94735816e+03 7.19851492e+03 3.26962056e+01
v 6.93834218e+03 7.19543157e+03 3.19416056e+01
v 6.94683298e+03 7.19705317e+03 3.20800955e+01
v 6.95091223e+03 7.20269409e+03 3.10324240e+01
v 6.95029492e+03 7.19757424e+03 3.12874703e+01
v 6.94777029e+03 7.19619802e+03 3.19744506e+01
v 6.93832422e+03 7.19610554e+03 2.89213791e+01
v 6.94643808e+03 7.19707341e+03 2.90717626e+01
v 6.94801139e+03 7.19613689e+03 2.99958026e+01
v 6.94945672e+03 7.18734222e+03 3.08696181e+01
v 6.95011614e+03 7.20282500e+03 3.24682652e+01
v 6.95032251e+03 7.20382650e+03 3.21292466e+01
v 6.94313996e+03 7.21786974e+03 3.18549789e+01
v 6.94869248e+03 7.21007612e+03 3.10432365e+01
v 6.95054851e+03 7.20757651e+03 3.08088131e+01
v 6.94887226e+03 7.19757290e+03 2.91998342e+01
v 6.95161187e+03 7.20084527e+03 2.81921061e+01
v 6.93865859e+03 7.20290275e+03 2.81498164e+01
v 6.94428844e+03 7.20042449e+03 2.93601190e+01
v 6.94643897e+03 7.19620739e+03 3.14461792e+01
v 6.93735809e+03 7.19662585e+03 2.94073715e+01
v 6.99847322e+03 7.20226971e+03 2.54129183e+01
v 6.99945658e+03 7.19228235e+03 2.68586707e+01
v 6.99907212e+03 7.18942733e+03 2.47892052e+01
v 6.99788362e+03 7.20836297e+03 2.65091051e+01
v 6.99849839e+03 7.19686172e+03 2.59735955e+01
v 6.99190716e+03 7.21909469e+03 2.36521594e+01
v 6.95449397e+03 7.19069640e+03 3.00990650e+01
v 6.95903652e+03 7.18904785e+03 3.13988975e+01
v 6.96141235e+03 7.19089025e+03 3.37954159e+01
v 6.97676876e+03 7.19017029e+03 3.23748612e+01
v 6.97820038e+03 7.18908374e+03 2.95088174e+01
v 6.97384250e+03 7.18890413e+03 3.10477634e+01
v 6.97464614e+03 7.18882135e+03 3.13996285e+01
v 6.96789201e+03 7.19375564e+03 2.88286519e+01
v 6.97689199e+03 7.19900172e+03 2.78382290e+01
v 6.96824228e+03 7.19128121e+03 2.91888071e+01
v 6.97740058e+03 7.19808839e+03 2.85530817e+01
v 6.97838562e+03 7.19896991e+03 2.71590250e+01
v 6.97922620e+03 7.19950767e+03 2.40906836e+01
v 6.97937848e+03 7.19991068e+03 2.63330382e+01
v 6.97878256e+03 7.20097446e+03 2.61871095e+01
v 6.97520697e+03 7.19971241e+03 2.63234088e+01
v 6.97540632e+03 7.19865982e+03 2.42732767e+01
v 6.96716482e+03 7.20336909e+03 2.46357758e+01
v 6.98016225e+03 7.21022144e+03 2.74522227e+01
v 6.97979329e+03 7.21477728e+03 2.74626055e+01
v 6.97943552e+03 7.20884829e+03 2.59523966e+01
v 6.97716588e+03 7.20980804e+03 2.65708956e+01
v 6.96617887e+03 7.20310828e+03 2.73596694e+01
v 6.96649489e+03 7.20462918e+03 2.43571069e+01
v 6.97898944e+03 7.19855611e+03 2.56012877e+01
v 6.97635807e+03 7.20069688e+03 2.54649521e+01
v 6.97803315e+03 7.20201399e+03 2.39990928e+01
v 6.98017618e+03 7.20904247e+03 2.35943768e+01
v 6.97353872e+03 7.20865965e+03 2.46858002e+01
v 6.97324068e+03 7.21022087e+03 2.42516763e+01
v 6.97323759e+03 7.21242774e+03 2.63577806e+01
v 6.97323593e+03 7.20954519e+03 2.62822360e+01
v 6.97348605e+03 7.20836358e+03 2.59393885e+01
v 6.97336774e+03 7.20967233e+03 2.74919675e+01
v 6.96672721e+03 7.19759000e+03 2.95706885e+01
v 6.96654246e+03 7.19851981e+03 2.52347611e+01
v 6.96640695e+03 7.20146127e+03 2.96945438e+01
v 6.97779033e+03 7.20088605e+03 2.70797362e+01
v 6.97862795e+03 7.20211543e+03 2.85270688e+01
v 6.97300200e+03 7.21414194e+03 2.74806492e+01
v 6.96312276e+03 7.21008515e+03 2.52721131e+01
v 6.96644764e+03 7.20563404e+03 2.75561852e+01
v 6.95567602e+03 7.20880080e+03 3.01496455e+01
v 6.95592003e+03 7.20851750e+03 2.60482034e+01
v 6.95455606e+03 7.20805176e+03 2.47520405e+01
v 6.95623871e+03 7.19704414e+03 2.65312600e+01
v 6.97717729e+03 7.20095913e+03 2.90177186e+01
v 6.96754042e+03 7.20593400e+03 2.41755921e+01
v 6.98713560e+03 7.19531637e+03 2.74676833e+01
v 6.97569541e+03 7.19930928e+03 2.87107968e+01
v 6.97773806e+03 7.19902085e+03 2.97727107e+01
v 6.96622273e+03 7.20556938e+03 2.97434650e+01
v 6.96720625e+03 7.20629768e+03 2.89958632e+01
v 6.97677362e+03 7.21111389e+03 2.82993846e+01
v 6.98742679e+03 7.20638718e+03 2.82727414e+01
v 6.98614059e+03 7.20741814e+03 2.74759577e+01
v 6.95554770e+03 7.20627212e+03 3.06080688e+01
v 6.96340560e+03 7.20953165e+03 3.13171697e+01
v 6.95786347e+03 7.20590463e+03 3.19551855e+01
v 6.97878884e+03 7.20091559e+03 3.00219552e+01
v 6.98662363e+03 7.21055778e+03 2.80203561e+01
v 6.98819617e+03 7.20530466e+03 2.70308163e+01
v 6.97772659e+03 7.20192632e+03 3.04272350e+01
v 6.97724817e+03 7.20151881e+03 3.13731015e+01
v 6.96122364e+03 7.19205649e+03 3.31530031e+01
v 6.97907542e+03 7.20013587e+03 3.10005912e+01
v 6.96080788e+03 7.20225455e+03 3.34185661e+01
v 6.95938832e+03 7.20629341e+03 3.22885376e+01
v 6.95738608e+03 7.20038919e+03 3.07338877e+01
v 6.95236776e+03 7.18950547e+03 2.44959148e+01
v 6.96972550e+03 7.20961717e+03 2.38231633e+01
v 6.96653282e+03 7.20272791e+03 2.43124139e+01
v 6.95266421e+03 7.21223212e+03 2.41703157e+01
v 6.96959566e+03 7.19246859e+03 2.39756193e+01
v 6.97071673e+03 7.20080072e+03 2.38804973e+01
v 6.97353896e+03 7.20084793e+03 2.41715148e+01
v 6.97518058e+03 7.20819105e+03 2.38298501e+01
v 6.97191530e+03 7.21228140e+03 2.41246094e+01
v 6.98409929e+03 7.20540201e+03 2.33189737e+01
v 6.98394303e+03 7.19650290e+03 2.32838051e+01
v 6.98247384e+03 7.20987571e+03 2.34412031e+01
v 6.98007355e+03 7.21158287e+03 2.44737219e+01
v 6.98724631e+03 7.18892895e+03 2.76902206e+01
v 6.98793076e+03 7.20689679e+03 2.46704215e+01
v 6.98803806e+03 7.20352139e+03 2.44911073e+01
v 6.98839427e+03 7.19623350e+03 2.56965258e+01
v 6.98824632e+03 7.19637544e+03 2.43625721e+01
v 6.98655281e+03 7.21019449e+03 2.38182882e+01
v 6.98744108e+03 7.19725085e+03 2.57251252e+01
v 6.98754372e+03 7.19756094e+03 2.43418748e+01
v 6.98813206e+03 7.20013017e+03 2.36316935e+01
v 6.98661070e+03 7.20180289e+03 2.31602247e+01
v 6.98203632e+03 7.21397810e+03 2.35115200e+01
v 6.98699801e+03 7.21717269e+03 2.35208258e+01
v 6.97965126e+03 7.21967667e+03 2.36908390e+01
v 6.97651575e+03 7.22171582e+03 2.37018946e+01
v 6.98606571e+03 7.22129253e+03 2.36733184e+01
v 6.98153721e+03 7.22847213e+03 2.37832938e+01
v 6.97971947e+03 7.21778701e+03 2.46595923e+01
v 6.97995776e+03 7.21574803e+03 2.38953948e+01
v 6.97933119e+03 7.22377413e+03 2.38070657e+01
v 6.98715583e+03 7.21904126e+03 2.50500386e+01
v 6.98846659e+03 7.21906753e+03 2.39988980e+01
v 6.97920483e+03 7.21931465e+03 2.59445032e+01
v 6.97300206e+03 7.21839205e+03 2.70828349e+01
v 6.97965410e+03 7.21832048e+03 2.75673267e+01
v 6.97580876e+03 7.23058868e+03 2.48831226e+01
v 6.97855009e+03 7.22905429e+03 2.42309283e+01
v 6.97796022e+03 7.22809222e+03 2.51683669e+01
v 6.97639319e+03 7.23618723e+03 2.72892910e+01
v 6.97791541e+03 7.23793897e+03 2.51010250e+01
v 6.97598435e+03 7.23672778e+03 2.45790789e+01
v 6.97605233e+03 7.23386429e+03 2.46887844e+01
v 6.98110070e+03 7.23719716e+03 2.38716197e+01
v 6.97695269e+03 7.24940725e+03 2.45138992e+01
v 6.97724118e+03 7.24334550e+03 2.45349168e+01
v 6.98621639e+03 7.23834077e+03 2.80275229e+01
v 6.98605242e+03 7.24300925e+03 2.82970487e+01
v 6.98576894e+03 7.24412807e+03 2.42610639e+01
v 6.98579151e+03 7.24643974e+03 2.47241446e+01
v 6.98549905e+03 7.24101471e+03 2.41023683e+01
v 6.98674315e+03 7.23028762e+03 2.80436339e+01
v 6.97628713e+03 7.24272068e+03 2.65131275e+01
v 6.97772916e+03 7.23896257e+03 2.44935639e+01
v 6.97683595e+03 7.25000000e+03 2.47244995e+01
v 6.96376079e+03 7.25000000e+03 2.42599814e+01
v 6.96874268e+03 7.25000000e+03 2.37594604e+01
v 6.96542830e+03 7.25000000e+03 2.44099858e+01
v 6.97480275e+03 7.25000000e+03 2.45290737e+01
v 6.97332743e+03 7.24260259e+03 2.47315074e+01
v 6.97024586e+03 7.24305383e+03 2.39582341e+01
v 6.97128379e+03 7.23107007e+03 2.40551467e+01
v 6.97370387e+03 7.23154922e+03 2.42564366e+01
v 6.97236782e+03 7.22055452e+03 2.39602777e+01
v 6.96860231e+03 7.22679331e+03 2.37514580e+01
v 6.97419719e+03 7.22710753e+03 2.45030909e+01
v 6.96648964e+03 7.23695403e+03 2.38339997e+01
v 6.97099004e+03 7.23354297e+03 2.40823669e+01
v 6.97251383e+03 7.24413965e+03 2.44846629e+01
v 6.97480999e+03 7.23733221e+03 2.45875447e+01
v 6.97153318e+03 7.21623597e+03 2.38014970e+01
v 6.96518480e+03 7.22340336e+03 2.40259703e+01
v 6.96540094e+03 7.22024262e+03 2.39813092e+01
v 6.96265469e+03 7.21412318e+03 2.42708913e+01
v 6.96462672e+03 7.21682667e+03 2.40827943e+01
v 6.96769647e+03 7.21787912e+03 2.38190645e+01
v 6.96565810e+03 7.21780408e+03 2.42466120e+01
v 6.96699835e+03 7.21598377e+03 2.39868835e+01
v 6.96238667e+03 7.21778272e+03 2.51629774e+01
v 6.95862396e+03 7.21639987e+03 2.44975928e+01
v 6.96042198e+03 7.21697504e+03 2.44558611e+01
v 6.95545325e+03 7.21395032e+03 2.38688222e+01
v 6.95277728e+03 7.21571012e+03 2.40886773e+01
v 6.95474962e+03 7.22937928e+03 2.63802993e+01
v 6.97228874e+03 7.21540164e+03 2.55948536e+01
v 6.97299725e+03 7.21631650e+03 2.62056618e+01
v 6.95219803e+03 7.20887291e+03 2.57354120e+01
v 6.97316846e+03 7.21655880e+03 2.45039070e+01
v 6.96492163e+03 7.22954473e+03 2.67842417e+01
v 6.97252689e+03 7.23263323e+03 2.53750394e+01
v 6.97443503e+03 7.22913941e+03 2.43825120e+01
v 6.97336845e+03 7.22826018e+03 2.43673606e+01
v 6.97427322e+03 7.22723728e+03 2.60394576e+01
v 6.96462581e+03 7.23366852e+03 2.80456104e+01
v 6.97377392e+03 7.22601155e+03 2.72482327e+01
v 6.97575616e+03 7.22599300e+03 2.77892437e+01
v 6.97619380e+03 7.24127637e+03 2.45848427e+01
v 6.97572724e+03 7.25000000e+03 2.46172385e+01
v 6.97632197e+03 7.24534670e+03 2.60473678e+01
v 6.97470508e+03 7.24381601e+03 2.44531455e+01
v 6.97603448e+03 7.24940129e+03 2.67093916e+01
v 6.97480275e+03 7.25000000e+03 2.45290737e+01
v 6.97480116e+03 7.24185531e+03 2.50049860e+01
v 6.97318713e+03 7.24480213e+03 2.57481280e+01
v 6.97447232e+03 7.23922330e+03 2.45680495e+01
v 6.97312848e+03 7.23825123e+03 2.57621270e+01
v 6.97650733e+03 7.23702705e+03 2.72918877e+01
v 6.97189235e+03 7.24043528e+03 2.45653272e+01
v 6.97704811e+03 7.23635379e+03 2.60305245e+01
v 6.97543409e+03 7.24523182e+03 2.73328820e+01
v 6.97196191e+03 7.24197963e+03 2.54731227e+01
v 6.97375934e+03 7.24371329e+03 2.82430398e+01
v 6.97232107e+03 7.23728416e+03 2.45851583e+01
v 6.97313481e+03 7.24113154e+03 2.43558985e+01
v 6.97510793e+03 7.23648782e+03 2.68505029e+01
v 6.97398028e+03 7.23508761e+03 2.68932161e+01
v 6.97358357e+03 7.23446413e+03 2.49150773e+01
v 6.96440028e+03 7.23621079e+03 2.80481710e+01
v 6.96377237e+03 7.25000000e+03 2.94970904e+01
v 6.95423991e+03 7.23337967e+03 2.93590882e+01
v 6.95419723e+03 7.24366399e+03 2.95598776e+01
v 6.97407143e+03 7.25000000e+03 2.65170502e+01
v 6.97548105e+03 7.24851686e+03 2.80297225e+01
v 6.97541218e+03 7.24416032e+03 2.88273407e+01
v 6.96399878e+03 7.24600337e+03 2.70598173e+01
v 6.96415805e+03 7.24204624e+03 2.93853002e+01
v 6.95878621e+03 7.24807967e+03 3.24048807e+01
v 6.95450147e+03 7.23697065e+03 2.96397183e+01
v 6.95667608e+03 7.23808574e+03 3.10638437e+01
v 6.98535491e+03 7.24814124e+03 2.96369841e+01
v 6.98816183e+03 7.25000000e+03 3.14699151e+01
v 6.98570343e+03 7.23933084e+03 2.95917078e+01
v 6.98843624e+03 7.24131228e+03 3.12128158e+01
v 6.96074970e+03 7.25000000e+03 3.11471357e+01
v 6.96398847e+03 7.24828686e+03 2.93322455e+01
v 6.96065298e+03 7.24919145e+03 3.27840441e+01
v 6.96165523e+03 7.24779976e+03 3.07591557e+01
v 6.97430991e+03 7.24516110e+03 2.83116417e+01
v 6.97521367e+03 7.24296786e+03 2.79303913e+01
v 6.97547941e+03 7.25000000e+03 2.97896502e+01
v 6.98663441e+03 7.25000000e+03 3.07801088e+01
v 6.96479967e+03 7.23429886e+03 2.94207323e+01
v 6.97299191e+03 7.23500823e+03 2.96821617e+01
v 6.97609066e+03 7.23527121e+03 2.97051540e+01
v 6.97806135e+03 7.23540803e+03 2.92918695e+01
v 6.97684164e+03 7.23438232e+03 2.93254872e+01
v 6.97511692e+03 7.22774479e+03 2.78786309e+01
v 6.97401122e+03 7.22697464e+03 2.89885021e+01
v 6.97464365e+03 7.22610108e+03 2.84189829e+01
v 6.97548019e+03 7.22495566e+03 2.97529577e+01
v 6.98655029e+03 7.22326158e+03 2.95953478e+01
v 6.97703647e+03 7.23608283e+03 2.98293744e+01
v 6.97755427e+03 7.22576709e+03 2.77804690e+01
v 6.97688263e+03 7.22638907e+03 2.80926539e+01
v 6.97862193e+03 7.22645769e+03 2.79475009e+01
v 6.98719203e+03 7.22269140e+03 2.80061085e+01
v 6.97547085e+03 7.23786704e+03 2.83845902e+01
v 6.97494059e+03 7.23622189e+03 2.81300979e+01
v 6.97570009e+03 7.23627847e+03 2.86372943e+01
v 6.97651290e+03 7.22498448e+03 2.81374097e+01
v 6.98719212e+03 7.21913333e+03 2.77531149e+01
v 6.96567080e+03 7.21755856e+03 2.92838094e+01
v 6.97525629e+03 7.21607899e+03 2.90026944e+01
v 6.97714871e+03 7.21635008e+03 2.91297489e+01
v 6.97708135e+03 7.21280920e+03 2.94667312e+01
v 6.97588407e+03 7.21271876e+03 2.93733374e+01
v 6.96230345e+03 7.22080852e+03 3.12258501e+01
v 6.96067204e+03 7.20836640e+03 3.29853189e+01
v 6.96168450e+03 7.23116197e+03 3.10525708e+01
v 6.96266635e+03 7.22349080e+03 3.08813382e+01
v 6.96139841e+03 7.22303622e+03 3.17148314e+01
v 6.96178555e+03 7.23432381e+03 3.09339236e+01
v 6.95530045e+03 7.21997350e+03 2.74103370e+01
v 6.95515987e+03 7.23561419e+03 3.06540087e+01
v 6.95732068e+03 7.23653616e+03 3.12747017e+01
v 6.95994197e+03 7.22697512e+03 3.24254602e+01
v 6.95828674e+03 7.22626735e+03 3.14475320e+01
v 6.97499180e+03 7.23346054e+03 3.40340550e+01
v 6.98968802e+03 7.23339609e+03 3.23519325e+01
v 6.97654759e+03 7.21194256e+03 3.04962055e+01
v 6.98774291e+03 7.22380652e+03 3.05081137e+01
v 6.98700096e+03 7.21863953e+03 2.95680740e+01
v 6.97644896e+03 7.21669194e+03 3.04819849e+01
v 6.95816605e+03 7.20911883e+03 3.13679559e+01
v 6.97818105e+03 7.20155820e+03 3.12868975e+01
v 6.94337631e+03 7.23613251e+03 3.78476894e+01
v 6.94320974e+03 7.23614841e+03 3.58034786e+01
v 6.94448503e+03 7.23574871e+03 3.72907906e+01
v 6.94354012e+03 7.23197764e+03 3.93131170e+01
v 6.94281485e+03 7.23157182e+03 3.66888787e+01
v 6.94366486e+03 7.23049890e+03 3.72537179e+01
v 6.94291523e+03 7.23056770e+03 3.61585117e+01
v 6.94721845e+03 7.23082337e+03 3.47322586e+01
v 6.94942176e+03 7.23749496e+03 3.66566909e+01
v 6.93959923e+03 7.24550737e+03 3.62771322e+01
v 6.94207661e+03 7.24759827e+03 3.78610038e+01
v 6.94297703e+03 7.24915823e+03 3.94877342e+01
v 6.94362781e+03 7.25000000e+03 3.77834373e+01
v 6.94136136e+03 7.24490024e+03 3.86645422e+01
v 6.94161858e+03 7.23975823e+03 3.76079186e+01
v 6.94160713e+03 7.23717864e+03 3.70027688e+01
v 6.94184234e+03 7.23320366e+03 3.66209587e+01
v 6.94290327e+03 7.23248566e+03 3.78073935e+01
v 6.94274831e+03 7.23767684e+03 3.79786490e+01
v 6.94139058e+03 7.23821445e+03 3.82829456e+01
v 6.94388255e+03 7.23535169e+03 3.59714147e+01
v 6.94714555e+03 7.23214923e+03 3.58414936e+01
v 6.94719335e+03 7.23386967e+03 3.78852241e+01
v 6.94515430e+03 7.22914875e+03 3.56391847e+01
v 6.94237781e+03 7.23043831e+03 3.64679426e+01
v 6.94087461e+03 7.23144260e+03 3.55206286e+01
v 6.94024340e+03 7.24440301e+03 3.68474819e+01
v 6.94162212e+03 7.23936029e+03 3.93620069e+01
v 6.94265992e+03 7.23707378e+03 3.99893870e+01
v 6.94288414e+03 7.23993213e+03 3.93190559e+01
v 6.94268973e+03 7.24512466e+03 4.00118226e+01
v 6.94241776e+03 7.24310294e+03 3.88281958e+01
v 6.94301791e+03 7.24785358e+03 4.01389380e+01
v 6.94333648e+03 7.23942241e+03 4.08295568e+01
v 6.94355589e+03 7.23383493e+03 3.97441254e+01
v 6.94303363e+03 7.24383478e+03 4.05573963e+01
v 6.94414988e+03 7.23743736e+03 4.08793931e+01
v 6.94390215e+03 7.23683332e+03 3.86905885e+01
v 6.94440049e+03 7.23301823e+03 4.04756898e+01
v 6.94484632e+03 7.23153703e+03 4.03240582e+01
v 6.94415802e+03 7.23050782e+03 3.96292186e+01
v 6.94200825e+03 7.24695113e+03 3.95755864e+01
v 6.94437959e+03 7.24133850e+03 4.01007218e+01
v 6.94424702e+03 7.23488351e+03 3.73592055e+01
v 6.94341502e+03 7.24611592e+03 4.12376242e+01
v 6.94460052e+03 7.24467709e+03 4.06056919e+01
v 6.94446400e+03 7.24301205e+03 3.96588466e+01
v 6.94512340e+03 7.24251014e+03 3.88948563e+01
v 6.94557171e+03 7.24916827e+03 3.92606269e+01
v 6.94466300e+03 7.24912472e+03 4.07977094e+01
v 6.94568922e+03 7.25000000e+03 3.91747622e+01
v 6.94534950e+03 7.23443738e+03 3.90594993e+01
v 6.94565675e+03 7.23649268e+03 3.90800499e+01
v 6.94469346e+03 7.23994434e+03 4.23324596e+01
v 6.94457561e+03 7.24580694e+03 4.18401331e+01
v 6.94622913e+03 7.24742858e+03 4.14253158e+01
v 6.94537106e+03 7.24723063e+03 4.19241567e+01
v 6.94610700e+03 7.24559836e+03 4.12123745e+01
v 6.94577916e+03 7.24103132e+03 4.09254555e+01
v 6.94509398e+03 7.24438287e+03 3.93867453e+01
v 6.94640169e+03 7.24653453e+03 4.07578907e+01
v 6.94778363e+03 7.24618442e+03 4.01210906e+01
v 6.94487552e+03 7.24817227e+03 4.08414822e+01
v 6.94695905e+03 7.24725236e+03 4.03189075e+01
v 6.94391795e+03 7.24741525e+03 4.14819355e+01
v 6.94622307e+03 7.24891054e+03 3.99452596e+01
v 6.94677600e+03 7.24414902e+03 3.91521320e+01
v 6.94762581e+03 7.24334426e+03 3.85788467e+01
v 6.94669768e+03 7.25000000e+03 3.79803581e+01
v 6.94690202e+03 7.24861139e+03 3.83688418e+01
v 6.94714834e+03 7.24500035e+03 3.96556229e+01
v 6.94755128e+03 7.24847561e+03 3.95046625e+01
v 6.94786730e+03 7.24116432e+03 4.01135490e+01
v 6.94676445e+03 7.24039866e+03 4.03504819e+01
v 6.94746135e+03 7.24167657e+03 3.90586730e+01
v 6.94648181e+03 7.24278254e+03 3.92725964e+01
v 6.94863753e+03 7.24544724e+03 3.83261537e+01
v 6.94861868e+03 7.24696152e+03 3.80606422e+01
v 6.94744153e+03 7.24947977e+03 3.80699387e+01
v 6.94835088e+03 7.24972998e+03 3.65302602e+01
v 6.94792341e+03 7.24832735e+03 3.70533420e+01
v 6.94848381e+03 7.24080111e+03 3.58467805e+01
v 6.94874488e+03 7.23981939e+03 3.68918173e+01
v 6.94786604e+03 7.24017881e+03 3.75990648e+01
v 6.94760787e+03 7.24747624e+03 3.86667183e+01
v 6.94728487e+03 7.23479284e+03 3.66949613e+01
v 6.94645995e+03 7.23519029e+03 3.78692187e+01
v 6.94528327e+03 7.23053341e+03 3.55564975e+01
v 6.94501172e+03 7.23019800e+03 3.77631430e+01
v 6.94457205e+03 7.22766864e+03 3.56286421e+01
v 6.94594399e+03 7.23124070e+03 3.73990058e+01
v 6.94518785e+03 7.23497689e+03 3.82380215e+01
v 6.94627489e+03 7.23241906e+03 3.86461987e+01
v 6.94753121e+03 7.23697085e+03 3.86737708e+01
v 6.94788892e+03 7.23708087e+03 3.69179768e+01
v 6.94822149e+03 7.23829921e+03 3.85385309e+01
v 6.94540138e+03 7.23118949e+03 3.80837860e+01
v 6.94510060e+03 7.23046538e+03 3.98431415e+01
v 6.94613828e+03 7.22471537e+03 3.63694065e+01
v 6.94736597e+03 7.23288011e+03 3.85275097e+01
v 6.94468469e+03 7.22322513e+03 3.71853636e+01
v 6.94355475e+03 7.22258182e+03 3.68961364e+01
v 6.94653762e+03 7.23238457e+03 3.73284454e+01
v 6.94674934e+03 7.23826120e+03 4.12168063e+01
v 6.94554680e+03 7.23919369e+03 4.27598653e+01
v 6.94697825e+03 7.23941340e+03 4.18491850e+01
v 6.94812176e+03 7.23848148e+03 4.02213491e+01
v 6.94597228e+03 7.23655257e+03 4.06969182e+01
v 6.94454215e+03 7.23840639e+03 4.20712203e+01
v 6.94844856e+03 7.23975018e+03 3.94696569e+01
v 6.94913766e+03 7.23822299e+03 3.82389566e+01
v 6.94758646e+03 7.23724778e+03 4.06665421e+01
v 6.94752064e+03 7.24251588e+03 3.63653754e+01
v 6.94763736e+03 7.24531626e+03 3.81097312e+01
v 6.94778860e+03 7.24363779e+03 3.55865122e+01
v 6.94867172e+03 7.24795074e+03 3.64203165e+01
v 6.94951655e+03 7.24562745e+03 3.70481742e+01
v 6.94992966e+03 7.24433752e+03 3.62337440e+01
v 6.94959635e+03 7.24691550e+03 3.70964476e+01
v 6.94897208e+03 7.24624951e+03 3.55818962e+01
v 6.94874961e+03 7.24350613e+03 3.72902702e+01
v 6.95027012e+03 7.23959403e+03 3.60064042e+01
v 6.94964745e+03 7.24512185e+03 3.54994924e+01
v 6.94725650e+03 7.22080911e+03 3.64569902e+01
v 6.94809904e+03 7.23234477e+03 3.74989981e+01
v 6.94545931e+03 7.20963424e+03 3.62339902e+01
v 6.93982784e+03 7.20162219e+03 3.62477298e+01
v 6.93803432e+03 7.19944096e+03 3.55543189e+01
v 6.95029895e+03 7.20438077e+03 3.02442732e+01
v 6.93826995e+03 7.20297141e+03 3.66501991e+01
v 6.94983481e+03 7.20949605e+03 3.64877642e+01
v 6.94871685e+03 7.20260899e+03 3.55199589e+01
v 6.94824680e+03 7.20338852e+03 3.70524478e+01
v 6.94989811e+03 7.21028651e+03 3.44318124e+01
v 6.94568275e+03 7.19677697e+03 3.67986122e+01
v 6.94678172e+03 7.19827551e+03 3.67549422e+01
v 6.94790550e+03 7.22297165e+03 3.65199267e+01
v 6.94931088e+03 7.20992222e+03 2.92702808e+01
v 6.94347430e+03 7.22056976e+03 3.72820864e+01
v 6.94404254e+03 7.22021172e+03 3.52524468e+01
v 6.94848956e+03 7.21026059e+03 2.45819870e+01
v 6.94810056e+03 7.21187463e+03 2.65310558e+01
v 6.93954418e+03 7.20364997e+03 3.48681012e+01
v 6.94942495e+03 7.19985329e+03 3.71419965e+01
v 6.94989160e+03 7.20044269e+03 3.85987747e+01
v 6.94878705e+03 7.19915048e+03 3.87444218e+01
v 6.94801364e+03 7.19888851e+03 3.72917863e+01
v 6.94756326e+03 7.19902520e+03 3.82514916e+01
v 6.93794778e+03 7.19871906e+03 4.03430625e+01
v 6.93726100e+03 7.19749515e+03 4.54358584e+01
v 6.93850988e+03 7.19715274e+03 4.07557320e+01
v 6.93709798e+03 7.19763201e+03 4.30951299e+01
v 6.94840487e+03 7.20064756e+03 4.00900295e+01
v 6.94758695e+03 7.20144737e+03 4.08645280e+01
v 6.95111652e+03 7.18744173e+03 3.78181539e+01
v 6.94818673e+03 7.19971465e+03 4.06313884e+01
v 6.93763180e+03 7.20098164e+03 3.93954733e+01
v 6.94903660e+03 7.20880554e+03 3.76169890e+01
v 6.94632196e+03 7.20848035e+03 3.99127669e+01
v 6.94829993e+03 7.20707556e+03 4.05787318e+01
v 6.94642295e+03 7.20761947e+03 4.02330609e+01
v 6.94607163e+03 7.20676379e+03 3.97026905e+01
v 6.94710965e+03 7.20112828e+03 4.16163154e+01
v 6.94783979e+03 7.20570400e+03 3.98527877e+01
v 6.94823985e+03 7.20537582e+03 3.87774898e+01
v 6.94984915e+03 7.20663611e+03 3.98963667e+01
v 6.94647049e+03 7.20348355e+03 4.01418970e+01
v 6.94811510e+03 7.20301195e+03 3.95979808e+01
v 6.95032472e+03 7.20817238e+03 3.74826092e+01
v 6.94632037e+03 7.20290044e+03 3.88027272e+01
v 6.94578250e+03 7.20145085e+03 3.99883753e+01
v 6.94811432e+03 7.20232248e+03 3.99293278e+01
v 6.93756694e+03 7.19414786e+03 3.82670369e+01
v 6.94660753e+03 7.21934449e+03 3.83384685e+01
v 6.94671440e+03 7.22097153e+03 3.84547764e+01
v 6.94712754e+03 7.20682963e+03 4.09205946e+01
v 6.94917577e+03 7.20136454e+03 4.04179876e+01
v 6.94579326e+03 7.20026440e+03 3.98231707e+01
v 6.94808417e+03 7.19931734e+03 3.63721581e+01
v 6.94676961e+03 7.19697503e+03 3.50122484e+01
v 6.94557248e+03 7.19917104e+03 3.64793827e+01
v 6.94980740e+03 7.20088334e+03 3.73826724e+01
v 6.93818018e+03 7.20444785e+03 3.64536997e+01
v 6.93827578e+03 7.20206845e+03 3.73176942e+01
v 6.94784116e+03 7.20888206e+03 4.02626095e+01
v 6.94903045e+03 7.19959179e+03 3.96808303e+01
v 6.95098801e+03 7.19133302e+03 3.61791529e+01
v 6.94963292e+03 7.20432659e+03 3.69739085e+01
v 6.94842244e+03 7.20600156e+03 3.79315900e+01
v 6.93752207e+03 7.20001627e+03 3.74416645e+01
v 6.93851658e+03 7.20008252e+03 3.96686779e+01
v 6.94834447e+03 7.20983277e+03 3.65620640e+01
v 6.94554302e+03 7.20806815e+03 3.79151649e+01
v 6.93878953e+03 7.19890972e+03 2.86428215e+01
v 6.93915661e+03 7.19766130e+03 2.60280988e+01
v 6.94926452e+03 7.20796872e+03 3.51242444e+01
v 6.94932318e+03 7.20618958e+03 3.60469143e+01
v 6.94565818e+03 7.23061006e+03 2.80104574e+01
v 6.94462347e+03 7.22277883e+03 3.84006723e+01
v 6.94908291e+03 7.21001820e+03 3.72393644e+01
v 6.94520187e+03 7.21936270e+03 3.60876466e+01
v 6.94988644e+03 7.20321493e+03 3.58397304e+01
v 6.95099070e+03 7.18782268e+03 2.69090326e+01
v 6.93858083e+03 7.19716662e+03 2.64952887e+01
v 6.93904507e+03 7.19579620e+03 2.70009209e+01
v 6.95068347e+03 7.20579043e+03 3.81177930e+01
v 6.93766232e+03 7.19989092e+03 3.58693367e+01
v 6.93818945e+03 7.19759740e+03 3.82461776e+01
v 6.93817659e+03 7.19908396e+03 3.93135188e+01
v 6.97549548e+03 7.23684040e+03 3.12534315e+01
v 6.97737143e+03 7.22458927e+03 2.81672596e+01
v 6.96203782e+03 7.23922414e+03 3.07140270e+01
v 6.96028911e+03 7.24788952e+03 3.15735781e+01
v 6.98850271e+03 7.23543292e+03 3.11275978e+01
v 6.97689215e+03 7.22769388e+03 3.79972735e+01
v 6.97718013e+03 7.23562478e+03 3.33361415e+01
v 6.99003781e+03 7.23491715e+03 3.21280523e+01
v 6.98932471e+03 7.23525406e+03 3.31889470e+01
v 6.97676567e+03 7.22448447e+03 3.49415460e+01
v 6.97596393e+03 7.23656049e+03 3.43136634e+01
v 6.98889362e+03 7.23959698e+03 3.31798639e+01
v 6.98916181e+03 7.24060644e+03 3.31967274e+01
v 6.98981830e+03 7.22375412e+03 3.33713029e+01
v 6.97540477e+03 7.22485153e+03 3.47880084e+01
v 6.97533869e+03 7.22701853e+03 3.47848688e+01
v 6.97377073e+03 7.22570428e+03 3.54136025e+01
v 6.95856027e+03 7.22509193e+03 3.26510542e+01
v 6.95801119e+03 7.22582762e+03 3.33344971e+01
v 6.95802340e+03 7.22400252e+03 3.33437977e+01
v 6.95719445e+03 7.22498001e+03 3.25076966e+01
v 6.95678597e+03 7.24542955e+03 3.32224127e+01
v 6.96123349e+03 7.23790802e+03 3.26802653e+01
v 6.95708692e+03 7.23779338e+03 3.28448087e+01
v 6.97467306e+03 7.23561551e+03 3.52908016e+01
v 6.96054839e+03 7.23919798e+03 3.16835834e+01
v 6.95678173e+03 7.24720685e+03 3.32332221e+01
v 6.95753025e+03 7.24656042e+03 3.23416533e+01
v 6.95454910e+03 7.22443591e+03 3.21895951e+01
v 6.95687403e+03 7.24482625e+03 3.11172754e+01
v 6.97357329e+03 7.23574491e+03 3.37654784e+01
v 6.95822634e+03 7.22353387e+03 3.13556040e+01
v 6.96223495e+03 7.22230134e+03 3.28038098e+01
v 6.97587768e+03 7.23633568e+03 3.25282572e+01
v 6.97637459e+03 7.23443145e+03 3.64020419e+01
v 6.95968646e+03 7.23284523e+03 3.23687252e+01
v 6.96177166e+03 7.23735896e+03 3.10861055e+01
v 6.95939803e+03 7.23758226e+03 3.24150379e+01
v 6.97328571e+03 7.23475843e+03 3.30670236e+01
v 6.96163844e+03 7.23280442e+03 3.28312321e+01
v 6.96021446e+03 7.22290387e+03 3.24945491e+01
v 6.98934972e+03 7.23393368e+03 3.32551713e+01
v 6.98923999e+03 7.22481936e+03 3.13572309e+01
v 6.98401327e+03 7.19131125e+03 3.16477794e+01
v 6.98415569e+03 7.18958080e+03 3.35643749e+01
v 6.95576972e+03 7.19046342e+03 3.21435557e+01
v 6.96058955e+03 7.19673881e+03 3.29326079e+01
v 6.96200408e+03 7.19540833e+03 3.27850147e+01
v 6.96134372e+03 7.19401332e+03 3.40231604e+01
v 6.97429346e+03 7.18732248e+03 3.29881839e+01
v 6.96266200e+03 7.19036356e+03 3.26209922e+01
v 6.97209494e+03 7.18724073e+03 3.54004689e+01
v 6.95539047e+03 7.18993494e+03 3.37778740e+01
v 6.95678194e+03 7.18996368e+03 3.29712346e+01
v 6.95444632e+03 7.19191134e+03 3.41891753e+01
v 6.95444839e+03 7.19007008e+03 3.46313950e+01
v 6.95582085e+03 7.18842563e+03 3.37344126e+01
v 6.96081795e+03 7.20638553e+03 3.31480075e+01
v 6.97758375e+03 7.20049482e+03 3.18217650e+01
v 6.96338143e+03 7.19966175e+03 3.16445972e+01
v 6.98155889e+03 7.19015430e+03 3.93123823e+01
v 6.98196805e+03 7.19143384e+03 4.04718258e+01
v 6.98325940e+03 7.18783733e+03 4.21767848e+01
v 6.98388151e+03 7.18743416e+03 4.11970321e+01
v 6.97981648e+03 7.19088124e+03 3.87257375e+01
v 6.98114501e+03 7.19115312e+03 4.04619010e+01
v 6.98130226e+03 7.18705788e+03 4.26690516e+01
v 6.98362800e+03 7.18891026e+03 4.17281877e+01
v 6.98446574e+03 7.18956784e+03 4.18391023e+01
v 6.98036285e+03 7.18749263e+03 4.32928876e+01
v 6.98181477e+03 7.18913913e+03 4.25300157e+01
v 6.97466098e+03 7.18850272e+03 3.97862892e+01
v 6.97521197e+03 7.19018024e+03 3.96467761e+01
v 6.98545031e+03 7.18767127e+03 4.21053347e+01
v 6.95369237e+03 7.18748312e+03 3.72759115e+01
v 6.95281996e+03 7.18900219e+03 3.77765560e+01
v 6.95322523e+03 7.19154194e+03 3.69866738e+01
v 6.95266000e+03 7.18725429e+03 3.70169819e+01
v 6.95429241e+03 7.19245030e+03 3.58086935e+01
v 6.95276418e+03 7.19166030e+03 3.52286637e+01
v 6.97832026e+03 7.22818306e+03 3.55937252e+01
v 6.97743674e+03 7.22889068e+03 3.53676994e+01
v 6.97493135e+03 7.23439823e+03 3.55463783e+01
v 6.97587243e+03 7.22655812e+03 3.87620749e+01
v 6.97651431e+03 7.22519684e+03 3.66823983e+01
v 6.97613218e+03 7.22772320e+03 3.92572865e+01
v 6.97716676e+03 7.22540521e+03 3.68452109e+01
v 6.97424960e+03 7.23504128e+03 3.68917993e+01
v 6.97551681e+03 7.23485521e+03 3.86554252e+01
v 6.97488263e+03 7.23646548e+03 3.79456397e+01
v 6.97566335e+03 7.23615428e+03 3.57853238e+01
v 6.97681037e+03 7.22619609e+03 3.76785902e+01
v 6.93999511e+03 7.24212941e+03 2.59050631e+01
v 6.93790921e+03 7.20142658e+03 2.86522075e+01
v 6.94436489e+03 7.20561052e+03 2.90200785e+01
v 6.94468809e+03 7.20619600e+03 2.48700190e+01
v 6.94186201e+03 7.23759166e+03 2.61950688e+01
v 6.94612064e+03 7.20760886e+03 2.70653205e+01
v 6.94726718e+03 7.20878627e+03 2.51997229e+01
v 6.94150704e+03 7.23933502e+03 2.52839968e+01
v 6.94888729e+03 7.20786808e+03 2.48001533e+01
v 6.95219519e+03 7.18747353e+03 2.46198553e+01
v 6.94477353e+03 7.19846162e+03 2.91436249e+01
v 6.94928549e+03 7.18735215e+03 2.50291918e+01
v 6.95045052e+03 7.19015652e+03 2.96046781e+01
v 6.93961895e+03 7.19635916e+03 2.56081826e+01
v 6.94769529e+03 7.21060255e+03 2.51254357e+01
v 6.94618582e+03 7.20821187e+03 2.44619695e+01
v 6.94925475e+03 7.21151882e+03 2.44742580e+01
v 6.95000785e+03 7.18819825e+03 2.62265894e+01
v 6.93727328e+03 7.24075380e+03 2.49400654e+01
v 6.93920290e+03 7.23992368e+03 2.53152861e+01
v 6.94423471e+03 7.23340285e+03 2.65400841e+01
v 6.94497524e+03 7.23244519e+03 2.56688389e+01
v 6.94673844e+03 7.23161434e+03 2.58251329e+01
v 6.94288376e+03 7.23176567e+03 2.45894815e+01
v 6.94682917e+03 7.22479920e+03 2.51356102e+01
v 6.94640302e+03 7.21910033e+03 2.43566702e+01
v 6.93769713e+03 7.24426923e+03 2.72589631e+01
v 6.94697324e+03 7.23018999e+03 2.61619156e+01
v 6.94836433e+03 7.24926590e+03 2.46644299e+01
v 6.94781692e+03 7.25000000e+03 2.45067732e+01
v 6.94742018e+03 7.24356279e+03 2.45922043e+01
v 6.95168087e+03 7.24105595e+03 2.81783711e+01
v 6.94329026e+03 7.21852648e+03 2.63390055e+01
v 6.93827510e+03 7.19447960e+03 2.72086527e+01
v 6.94677205e+03 7.21224043e+03 2.57296429e+01
v 6.94290018e+03 7.24049621e+03 2.53541610e+01
v 6.94946388e+03 7.23913681e+03 2.76582736e+01
v 6.94753150e+03 7.23725255e+03 2.58782381e+01
v 6.95005096e+03 7.24403477e+03 2.53841230e+01
v 6.94535070e+03 7.23592640e+03 2.51371378e+01
v 6.94850620e+03 7.19832029e+03 2.63370074e+01
v 6.95070325e+03 7.24056433e+03 2.37764993e+01
v 6.94537883e+03 7.22470863e+03 2.68832043e+01
v 6.94830985e+03 7.20865763e+03 2.56561236e+01
v 6.95061452e+03 7.20549615e+03 2.67903330e+01
v 6.94511114e+03 7.20320748e+03 3.77284633e+01
v 6.93748446e+03 7.19672693e+03 4.47089483e+01
v 6.94701173e+03 7.21045095e+03 3.61298257e+01
v 6.94379872e+03 7.22201585e+03 3.78441836e+01
v 6.94433181e+03 7.20712874e+03 3.79632128e+01
v 6.94428535e+03 7.20606934e+03 3.85009715e+01
v 6.95149485e+03 7.18964070e+03 3.67000165e+01
v 6.95016606e+03 7.20761399e+03 3.64649618e+01
v 6.95045085e+03 7.20541416e+03 3.61656109e+01
v 6.95088247e+03 7.20442741e+03 3.57219738e+01
v 6.94010595e+03 7.19770822e+03 2.67603597e+01
v 6.94218603e+03 7.23975167e+03 2.60448229e+01
v 6.94190296e+03 7.24089137e+03 2.60813246e+01
v 6.94775401e+03 7.21326590e+03 2.60677155e+01
v 6.94911701e+03 7.20108348e+03 3.88232973e+01
v 6.93832230e+03 7.19800924e+03 4.30249420e+01
v 6.93837647e+03 7.19950511e+03 4.26233104e+01
v 6.93808556e+03 7.19471836e+03 3.95894480e+01
v 6.93777214e+03 7.19699223e+03 3.91083654e+01
v 6.94716940e+03 7.20602517e+03 3.85398182e+01
v 6.94572683e+03 7.20502022e+03 3.89307186e+01
v 6.94592924e+03 7.20635180e+03 3.81598376e+01
v 6.94374023e+03 7.20670835e+03 3.89302481e+01
v 6.94501629e+03 7.22140967e+03 3.86672423e+01
v 6.94510215e+03 7.20062734e+03 3.96599200e+01
v 6.94787975e+03 7.20866958e+03 3.82250737e+01
v 6.94603978e+03 7.22224513e+03 3.91178546e+01
v 6.94936890e+03 7.20754529e+03 3.91238474e+01
v 6.94456305e+03 7.20679623e+03 3.98974549e+01
v 6.94796333e+03 7.20330695e+03 3.82510588e+01
v 6.94831361e+03 7.20200985e+03 4.11209103e+01
v 6.94924014e+03 7.20789990e+03 4.04258664e+01
v 6.94695543e+03 7.19963403e+03 3.76186401e+01
v 6.95090756e+03 7.18897219e+03 3.73678853e+01
v 6.94960623e+03 7.18856834e+03 3.64324482e+01
v 6.95059420e+03 7.20735673e+03 3.84876491e+01
v 6.94941403e+03 7.20239100e+03 3.75828345e+01
v 6.94641073e+03 7.22238116e+03 3.77847976e+01
v 6.94670804e+03 7.20980984e+03 3.78818418e+01
v 6.94671007e+03 7.21966807e+03 3.68636283e+01
v 6.94623062e+03 7.22258295e+03 3.61256365e+01
v 6.93700748e+03 7.20085279e+03 3.68063228e+01
v 6.93786369e+03 7.20074157e+03 3.54703336e+01
v 6.93791155e+03 7.19576410e+03 2.76122652e+01
v 6.93725388e+03 7.20453725e+03 2.84190437e+01
v 6.95153508e+03 7.20620868e+03 2.86286953e+01
v 6.95018188e+03 7.19943162e+03 2.68631140e+01
v 6.94373818e+03 7.20037714e+03 2.48243730e+01
v 6.93798543e+03 7.19054245e+03 2.59820876e+01
v 6.94326330e+03 7.20652862e+03 2.49890747e+01
v 6.94090232e+03 7.20491952e+03 2.57735007e+01
v 6.93801276e+03 7.21171652e+03 2.68274698e+01
v 6.94962377e+03 7.20344704e+03 2.82282671e+01
v 6.93809671e+03 7.19436618e+03 2.61852894e+01
v 6.95189304e+03 7.24290157e+03 2.38989433e+01
v 6.94733899e+03 7.22683246e+03 2.42109461e+01
v 6.95148008e+03 7.21948023e+03 2.40543551e+01
v 6.94961224e+03 7.22000119e+03 2.41705655e+01
v 6.94422262e+03 7.23377781e+03 2.49324221e+01
v 6.94385449e+03 7.23367037e+03 2.50588325e+01
v 6.94843092e+03 7.22578127e+03 2.41585628e+01
v 6.95047907e+03 7.21262441e+03 2.44632362e+01
v 6.94492039e+03 7.21820101e+03 2.45424786e+01
v 6.94790005e+03 7.21593573e+03 2.44672384e+01
v 6.93972515e+03 7.22924256e+03 2.44885154e+01
v 6.93724418e+03 7.22620764e+03 2.69293857e+01
v 6.93769179e+03 7.22997198e+03 2.57933872e+01
v 6.93762843e+03 7.22797049e+03 2.60698828e+01
v 6.94764056e+03 7.21797520e+03 2.45585862e+01
v 6.94406845e+03 7.23381693e+03 2.50031092e+01
v 6.94689500e+03 7.21361295e+03 2.42720689e+01
v 6.94882204e+03 7.21710310e+03 2.46076912e+01
v 6.94801301e+03 7.21326528e+03 2.58523248e+01
v 6.94401532e+03 7.21702992e+03 2.62866935e+01
v 6.94553787e+03 7.24050532e+03 2.56122942e+01
v 6.93700001e+03 7.19618395e+03 3.42658027e+01
v 6.93700001e+03 7.19622451e+03 3.44722443e+01
v 6.93700001e+03 7.19425081e+03 3.86860727e+01
v 6.93700001e+03 7.19369430e+03 3.83977928e+01
v 6.93700001e+03 7.19622988e+03 4.54777771e+01
v 6.93700001e+03 7.19735845e+03 4.54985367e+01
v 6.93700001e+03 7.19998540e+03 3.75567401e+01
v 6.93700001e+03 7.20084158e+03 3.68172752e+01
v 6.93700001e+03 7.19663792e+03 3.80865659e+01
v 6.93700001e+03 7.19694514e+03 3.75234647e+01
v 6.93700001e+03 7.19669929e+03 3.48968203e+01
v 6.93700001e+03 7.19819338e+03 3.54237507e+01
v 6.93700001e+03 7.19853384e+03 3.44245335e+01
v 6.93700001e+03 7.19875238e+03 3.56489118e+01
v 6.93700001e+03 7.19722235e+03 3.67015809e+01
v 6.93700001e+03 7.19416128e+03 3.95717607e+01
v 6.93700001e+03 7.19423096e+03 3.98725772e+01
v 6.93700001e+03 7.19662297e+03 3.80653059e+01
v 6.93700001e+03 7.20157408e+03 3.56961630e+01
v 6.93700001e+03 7.20086827e+03 3.67953867e+01
v 6.93700001e+03 7.20420095e+03 3.63597264e+01
v 6.93700001e+03 7.20298131e+03 3.71446926e+01
v 6.93700001e+03 7.20085401e+03 3.68080138e+01
v 6.93700001e+03 7.20085321e+03 3.68091797e+01
v 6.93700001e+03 7.20244985e+03 3.61258164e+01
v 6.93700001e+03 7.20462833e+03 3.63056026e+01
v 6.93700001e+03 7.20078807e+03 4.00422842e+01
v 6.93700001e+03 7.20040396e+03 4.01683307e+01
v 6.93700001e+03 7.20044991e+03 3.85149375e+01
v 6.93700001e+03 7.20094240e+03 3.98867963e+01
v 6.93700001e+03 7.19582177e+03 4.09475490e+01
v 6.93700001e+03 7.19732276e+03 4.18482670e+01
v 6.93700001e+03 7.19576330e+03 4.09129188e+01
v 6.93700001e+03 7.19760769e+03 4.30205873e+01
v 6.93700001e+03 7.19804382e+03 4.33332645e+01
v 6.93700001e+03 7.19850508e+03 4.33705887e+01
v 6.93700001e+03 7.19943468e+03 4.35894102e+01
v 6.93700001e+03 7.19932609e+03 4.36158558e+01
v 6.93700001e+03 7.19771731e+03 4.31543492e+01
v 6.93700001e+03 7.19754185e+03 4.35346470e+01
v 6.93700001e+03 7.19692608e+03 4.51697146e+01
v 6.93700001e+03 7.19568506e+03 4.52744376e+01
v 6.93700001e+03 7.19698728e+03 4.38385511e+01
v 6.93700001e+03 7.19629312e+03 4.43873819e+01
v 6.93700001e+03 7.19645369e+03 4.42381719e+01
v 6.93700001e+03 7.19522006e+03 2.89672212e+01
v 6.93700001e+03 7.19464475e+03 2.87440026e+01
v 6.93700001e+03 7.19569740e+03 3.23344032e+01
v 6.93700001e+03 7.19548222e+03 3.20717273e+01
v 6.93700001e+03 7.20236999e+03 3.13498599e+01
v 6.93700001e+03 7.20289179e+03 3.02092330e+01
v 6.93700001e+03 7.19616096e+03 3.28094398e+01
v 6.93700001e+03 7.24366981e+03 3.08127595e+01
v 6.93700001e+03 7.24521784e+03 3.06794497e+01
v 6.93700001e+03 7.24551297e+03 3.09840388e+01
v 6.93700001e+03 7.24359368e+03 3.08403501e+01
v 6.93700001e+03 7.24358093e+03 3.07529245e+01
v 6.93700001e+03 7.24917848e+03 3.27098539e+01
v 6.93700001e+03 7.25000000e+03 3.24999894e+01
v 6.93700001e+03 7.24791043e+03 3.17414240e+01
v 6.93700001e+03 7.24634641e+03 3.26843018e+01
v 6.93700001e+03 7.24790120e+03 3.17470783e+01
v 6.93700001e+03 7.24788115e+03 3.17413043e+01
v 6.93700001e+03 7.21308938e+03 2.79995480e+01
v 6.93700001e+03 7.21556562e+03 2.77480640e+01
v 6.93700001e+03 7.23627202e+03 2.49491380e+01
v 6.93700001e+03 7.23559001e+03 2.49706443e+01
v 6.93700001e+03 7.22260789e+03 2.67683326e+01
v 6.93700001e+03 7.22371130e+03 2.64848219e+01
v 6.93700001e+03 7.20395132e+03 2.68026418e+01
v 6.93700001e+03 7.20390958e+03 2.76059442e+01
v 6.93700001e+03 7.20394042e+03 2.91823143e+01
v 6.93700001e+03 7.20461505e+03 2.84929577e+01
v 6.93700001e+03 7.21157117e+03 2.79966557e+01
v 6.93700001e+03 7.21662717e+03 2.75913996e+01
v 6.93700001e+03 7.21576895e+03 2.76322101e+01
v 6.93700001e+03 7.21843523e+03 2.76476084e+01
v 6.93700001e+03 7.21941773e+03 2.75729469e+01
v 6.93700001e+03 7.22608056e+03 2.69622352e+01
v 6.93700001e+03 7.22594705e+03 2.68723715e+01
v 6.93700001e+03 7.22237277e+03 2.70200800e+01
v 6.93700001e+03 7.23473033e+03 2.53652504e+01
v 6.93700001e+03 7.23288893e+03 2.59183630e+01
v 6.93700001e+03 7.23883541e+03 2.49814217e+01
v 6.93700001e+03 7.23001176e+03 2.59028611e+01
v 6.93700001e+03 7.23232820e+03 2.59242653e+01
v 6.93700001e+03 7.22901492e+03 2.60683234e+01
v 6.93700001e+03 7.22576327e+03 2.61162133e+01
v 6.93700001e+03 7.24566817e+03 2.46459226e+01
v 6.93700001e+03 7.24113550e+03 2.49324688e+01
v 6.93700001e+03 7.19370007e+03 2.63319515e+01
v 6.93700001e+03 7.19217880e+03 2.62436264e+01
v 6.93700001e+03 7.18931477e+03 2.61750324e+01
v 6.93700001e+03 7.19085689e+03 2.62380462e+01
v 6.93700001e+03 7.19407577e+03 2.72169535e+01
v 6.93700001e+03 7.19406786e+03 2.70745634e+01
v 6.93700001e+03 7.20444331e+03 2.68290738e+01
v 6.93700001e+03 7.20964403e+03 2.68885373e+01
v 6.93700001e+03 7.21075238e+03 2.69998164e+01
v 6.93700001e+03 7.20488676e+03 2.68379458e+01
v 6.93700001e+03 7.20241935e+03 2.87544511e+01
v 6.93700001e+03 7.20323862e+03 2.95441623e+01
v 6.93700001e+03 7.20448300e+03 2.78746817e+01
v 6.93700001e+03 7.19466555e+03 2.85148880e+01
v 6.93700001e+03 7.19442815e+03 2.85088759e+01
v 6.93700001e+03 7.19659662e+03 2.91900038e+01
v 6.93700001e+03 7.19674474e+03 2.94365192e+01
v 6.93700001e+03 7.19620883e+03 3.04204898e+01
v 6.93700001e+03 7.24071944e+03 2.49677468e+01
v 6.93700001e+03 7.24259535e+03 2.97673036e+01
v 6.93700001e+03 7.20447017e+03 3.52307627e+01
v 6.93700001e+03 7.20483116e+03 3.45256136e+01
v 6.93700001e+03 7.19923331e+03 4.08076036e+01
v 6.93700001e+03 7.19434757e+03 3.75978934e+01
v 6.93700001e+03 7.19368937e+03 3.78072828e+01
v 6.93700001e+03 7.19977575e+03 4.21337456e+01
v 6.93700001e+03 7.19574636e+03 3.16911013e+01
v 6.93700001e+03 7.19632546e+03 3.37049252e+01
v 6.93700001e+03 7.20365373e+03 3.29363038e+01
v 6.93700001e+03 7.24447089e+03 2.68059226e+01
v 6.93700001e+03 7.24302922e+03 2.87134549e+01
v 6.93700001e+03 7.24712927e+03 2.45967593e+01
v 6.93700001e+03 7.20195500e+03 2.88171060e+01
v 6.93700001e+03 7.20277343e+03 2.97351423e+01
v 6.95128524e+03 7.18700001e+03 3.75531968e+01
v 6.95252202e+03 7.18700001e+03 3.69744707e+01
v 6.95069080e+03 7.18700001e+03 3.53413448e+01
v 6.95091669e+03 7.18700001e+03 3.63673991e+01
v 6.94972752e+03 7.18700001e+03 3.10805270e+01
v 6.95002151e+03 7.18700001e+03 3.24690555e+01
v 6.94964797e+03 7.18700001e+03 3.32183178e+01
v 6.94916048e+03 7.18700001e+03 2.48093092e+01
v 6.94680688e+03 7.18700001e+03 2.50186244e+01
v 6.95228817e+03 7.18700001e+03 2.48435956e+01
v 6.95149307e+03 7.18700001e+03 2.49059482e+01
v 6.95077468e+03 7.18700001e+03 2.74005330e+01
v 6.95105708e+03 7.18700001e+03 2.68122976e+01
v 6.93752913e+03 7.18700001e+03 2.60379788e+01
v 6.94928310e+03 7.18700001e+03 2.49963429e+01
v 6.94269566e+03 7.18700001e+03 2.53463114e+01
v 6.94089899e+03 7.18700001e+03 2.55539465e+01
v 6.94974029e+03 7.18700001e+03 2.51216969e+01
v 6.95014267e+03 7.18700001e+03 2.84917328e+01
v 6.94968654e+03 7.18700001e+03 3.50036320e+01
v 6.94958005e+03 7.18700001e+03 3.43523794e+01
v 6.95009076e+03 7.18700001e+03 3.03903998e+01
v 6.95000084e+03 7.18700001e+03 2.88376778e+01
v 6.94981223e+03 7.18700001e+03 2.94576235e+01
v 6.95184872e+03 7.18700001e+03 2.52993532e+01
v 6.95816847e+03 7.18700001e+03 3.12042216e+01
v 6.95836679e+03 7.18700001e+03 3.13233805e+01
v 6.97601553e+03 7.18700001e+03 3.67745372e+01
v 6.97721485e+03 7.18700001e+03 3.54427868e+01
v 6.97946866e+03 7.18700001e+03 4.27719852e+01
v 6.98018029e+03 7.18700001e+03 4.31296811e+01
v 6.98449912e+03 7.18700001e+03 3.40700570e+01
v 6.98503048e+03 7.18700001e+03 3.45006281e+01
v 6.95558791e+03 7.18700001e+03 3.55613834e+01
v 6.95558428e+03 7.18700001e+03 3.56288924e+01
v 6.97890648e+03 7.18700001e+03 4.22425621e+01
v 6.98407932e+03 7.18700001e+03 4.16193439e+01
v 6.98387042e+03 7.18700001e+03 4.22730234e+01
v 6.95564562e+03 7.18700001e+03 3.54880167e+01
v 6.97399623e+03 7.18700001e+03 3.67529975e+01
v 6.97416037e+03 7.18700001e+03 3.63195948e+01
v 6.98335740e+03 7.18700001e+03 3.66486434e+01
v 6.98292569e+03 7.18700001e+03 3.47022698e+01
v 6.98266596e+03 7.18700001e+03 3.41679271e+01
v 6.98444671e+03 7.18700001e+03 3.92861207e+01
v 6.98512024e+03 7.18700001e+03 4.05373705e+01
v 6.97290068e+03 7.18700001e+03 3.60083867e+01
v 6.95619390e+03 7.18700001e+03 3.42003378e+01
v 6.95680179e+03 7.18700001e+03 3.32413586e+01
v 6.95371337e+03 7.18700001e+03 3.72123049e+01
v 6.95412669e+03 7.18700001e+03 3.70864909e+01
v 6.95281748e+03 7.18700001e+03 3.70156434e+01
v 6.95468173e+03 7.18700001e+03 3.68472868e+01
v 6.97246886e+03 7.18700001e+03 3.56427735e+01
v 6.97411758e+03 7.18700001e+03 3.56918033e+01
v 6.98482425e+03 7.18700001e+03 3.86611985e+01
v 6.98359623e+03 7.18700001e+03 3.69260918e+01
v 6.98348202e+03 7.18700001e+03 3.40721674e+01
v 6.97473602e+03 7.18700001e+03 3.59476166e+01
v 6.97645205e+03 7.18700001e+03 3.89137884e+01
v 6.97747425e+03 7.18700001e+03 3.89403462e+01
v 6.98121797e+03 7.18700001e+03 4.26772744e+01
v 6.98131457e+03 7.18700001e+03 4.26083417e+01
v 6.98163253e+03 7.18700001e+03 4.28615047e+01
v 6.98143056e+03 7.18700001e+03 4.25376920e+01
v 6.98262428e+03 7.18700001e+03 4.31866023e+01
v 6.98443920e+03 7.18700001e+03 4.11420139e+01
v 6.98511189e+03 7.18700001e+03 4.10563482e+01
v 6.98514232e+03 7.18700001e+03 4.14716421e+01
v 6.98010797e+03 7.18700001e+03 4.04383612e+01
v 6.97788020e+03 7.18700001e+03 3.93547306e+01
v 6.95877213e+03 7.18700001e+03 3.15614045e+01
v 6.95566074e+03 7.18700001e+03 2.95038691e+01
v 6.95598544e+03 7.18700001e+03 2.93566833e+01
v 6.97427924e+03 7.18700001e+03 3.13556133e+01
v 6.97436260e+03 7.18700001e+03 3.18125606e+01
v 6.96287176e+03 7.18700001e+03 3.24651562e+01
v 6.96370589e+03 7.18700001e+03 3.19224741e+01
v 6.96171309e+03 7.18700001e+03 3.31251501e+01
v 6.96177777e+03 7.18700001e+03 3.30671693e+01
v 6.96149914e+03 7.18700001e+03 3.29485140e+01
v 6.96022473e+03 7.18700001e+03 3.22229173e+01
v 6.95674181e+03 7.18700001e+03 3.20755568e+01
v 6.97650937e+03 7.18700001e+03 3.22200683e+01
v 6.97437961e+03 7.18700001e+03 3.28902951e+01
v 6.97653521e+03 7.18700001e+03 3.22075533e+01
v 6.97653895e+03 7.18700001e+03 3.22081131e+01
v 6.97652376e+03 7.18700001e+03 3.22043577e+01
v 6.98555887e+03 7.18700001e+03 3.38403576e+01
v 6.98559474e+03 7.18700001e+03 3.38212527e+01
v 6.98446664e+03 7.18700001e+03 3.24650511e+01
v 6.96759165e+03 7.18700001e+03 2.95140971e+01
v 6.98174139e+03 7.18700001e+03 2.35464269e+01
v 6.98217143e+03 7.18700001e+03 2.34861876e+01
v 6.98765991e+03 7.18700001e+03 2.36222712e+01
v 6.98580200e+03 7.18700001e+03 2.31020183e+01
v 6.98474628e+03 7.18700001e+03 2.30997526e+01
v 6.98518104e+03 7.18700001e+03 2.31204095e+01
v 6.98520824e+03 7.18700001e+03 2.30617185e+01
v 6.97527229e+03 7.18700001e+03 2.41852104e+01
v 6.97152156e+03 7.18700001e+03 2.40943079e+01
v 6.98153309e+03 7.18700001e+03 2.35677126e+01
v 6.97750570e+03 7.18700001e+03 2.43269259e+01
v 6.97600111e+03 7.18700001e+03 2.42018296e+01
v 6.97906658e+03 7.18700001e+03 2.39974333e+01
v 6.96754979e+03 7.18700001e+03 2.43910932e+01
v 6.96728769e+03 7.18700001e+03 2.43669678e+01
v 6.96808138e+03 7.18700001e+03 2.43680362e+01
v 6.98200020e+03 7.18700001e+03 2.86512726e+01
v 6.98033006e+03 7.18700001e+03 2.79135979e+01
v 6.97447266e+03 7.18700001e+03 2.98559653e+01
v 6.97549583e+03 7.18700001e+03 2.91428870e+01
v 6.95700527e+03 7.18700001e+03 2.98386350e+01
v 6.95528741e+03 7.18700001e+03 3.02367646e+01
v 6.95525809e+03 7.18700001e+03 3.04157382e+01
v 6.96740221e+03 7.18700001e+03 2.51871357e+01
v 6.98013992e+03 7.18700001e+03 4.03998578e+01
v 6.97752717e+03 7.18700001e+03 3.47759371e+01
v 6.97733990e+03 7.18700001e+03 3.44790111e+01
v 6.97882071e+03 7.18700001e+03 3.94276326e+01
v 6.97599095e+03 7.18700001e+03 3.79387484e+01
v 6.98012055e+03 7.18700001e+03 4.03571286e+01
v 6.98013130e+03 7.18700001e+03 4.03860744e+01
v 6.95548384e+03 7.18700001e+03 3.07087274e+01
v 6.98231561e+03 7.18700001e+03 2.94514607e+01
v 6.98329791e+03 7.18700001e+03 3.07788579e+01
v 6.97654086e+03 7.18700001e+03 3.22119288e+01
v 6.97730948e+03 7.18700001e+03 3.36409117e+01
v 6.97439865e+03 7.18700001e+03 3.04431374e+01
v 6.97375956e+03 7.18700001e+03 3.31393826e+01
v 6.98282165e+03 7.18700001e+03 3.41105477e+01
v 6.98789594e+03 7.18700001e+03 2.50365254e+01
v 6.98812239e+03 7.18700001e+03 2.65139803e+01
v 6.97671889e+03 7.18700001e+03 2.76900748e+01
v 6.97961282e+03 7.18700001e+03 2.71914140e+01
v 6.97915607e+03 7.18700001e+03 2.73911442e+01
v 6.98854213e+03 7.18700001e+03 2.83292113e+01
v 6.99420264e+03 7.18700001e+03 3.26506585e+01
v 6.99440168e+03 7.18700001e+03 3.15220671e+01
v 6.98992160e+03 7.18700001e+03 2.91330415e+01
v 6.99269474e+03 7.18700001e+03 3.06998107e+01
v 6.99954922e+03 7.18700001e+03 2.81030607e+01
v 6.99877150e+03 7.18700001e+03 2.89193596e+01
v 6.99633908e+03 7.18700001e+03 3.02425181e+01
v 6.99407983e+03 7.18700001e+03 3.15462457e+01
v 6.99417994e+03 7.18700001e+03 3.15855154e+01
v 6.99925357e+03 7.18700001e+03 2.30922632e+01
v 6.99936939e+03 7.18700001e+03 2.65394354e+01
v 6.99926115e+03 7.18700001e+03 2.30780440e+01
v 7.00000000e+03 7.18700001e+03 2.29909475e+01
v 6.93722228e+03 7.18700001e+03 2.61023587e+01
v 6.93700001e+03 7.18700001e+03 2.61489952e+01
vt 0.10080991 0.50724995
vt 0.10644928 0.51385498
vt 0.098621517 0.53543937
vt 0.099833503 0.50449979
vt 0.12354451 0.50819206
vt 0.12489843 0.52406663
vt 0.1007905 0.50449896
vt 0.047345836 0.54128206
vt 0.11805647 0.50449359
vt 0.13111478 0.56552929
vt 0.10436168 0.50449741
vt 0.081444807 0.50450516
vt 0.088810124 0.55938029
vt 0.12426855 0.50449181
vt 0.10861459 0.56959128
vt 0.049323946 0.50451463
vt 0.055477384 0.58463049
vt 0.092169307 0.58716738
vt 0.012530712 0.53220028
vt 0.021698363 0.58781362
vt 0.09729439 0.60720301
vt 0.035286322 0.50451863
vt 0.013408688 0.56207258
vt 0.025309369 0.57764053
vt 0.057505295 0.60902297
vt 0.10394035 0.6154424
vt 0.0089565795 0.50452578
vt 0.004838225 0.55687094
vt 0.075734355 0.59032249
vt 0.020649454 0.62094164
vt 0.1224843 0.62910414
vt 0.0048279418 0.5226109
vt 0.0048348336 0.54498613
vt 0.063491538 0.60885942
vt 0.035356574 0.6445151
vt 0.13883148 0.62422061
vt 0.091667525 0.6249764
vt 0.0065590083 0.50452638
vt 0.0048315171 0.53465867
vt 0.059059724 0.63251042
vt 0.0048617236 0.636958
vt 0.13973844 0.63698369
vt 0.096630491 0.64542949
vt 0.0048222193 0.50452679
vt 0.053809982 0.65708244
vt 0.004862831 0.64080161
vt 0.1263396 0.66500592
vt 0.1052741 0.65530342
vt 0.064940937 0.65448058
vt 0.038471051 0.68275619
vt 0.14204028 0.66895413
vt 0.0048639076 0.64426607
vt 0.11738434 0.66772342
vt 0.14002672 0.6898334
vt 0.07264328 0.69376981
vt 0.0048756837 0.68143237
vt 0.12361502 0.67537272
vt 0.09775202 0.6675334
vt 0.1646457 0.67582422
vt 0.070141345 0.70615685
vt 0.076649249 0.67022705
vt 0.012793408 0.69762135
vt 0.11610083 0.67515004
vt 0.16411348 0.69955593
vt 0.11850917 0.68826115
vt 0.059809871 0.73333764
vt 0.081232846 0.70169532
vt 0.088444702 0.68889868
vt 0.0048779109 0.69009107
vt 0.026696894 0.72044116
vt 0.18577757 0.67699492
vt 0.1490691 0.71503711
vt 0.12727368 0.70161986
vt 0.068524241 0.730636
vt 0.082204409 0.71242195
vt 0.085095063 0.67470974
vt 0.0080344398 0.72521693
vt 0.10531291 0.68417573
vt 0.20194225 0.7047593
vt 0.16731943 0.71451044
vt 0.11020167 0.70468938
vt 0.059704971 0.73911893
vt 0.03018089 0.7282846
vt 0.092279091 0.71332181
vt 0.091606818 0.69883192
vt 0.09465193 0.68622661
vt 0.0048786337 0.70834625
vt 0.10063376 0.69605494
vt 0.20897055 0.68481696
vt 0.17005856 0.72949719
vt 0.1281663 0.72879183
vt 0.090061329 0.73056573
vt 0.066787899 0.74827069
vt 0.093238331 0.67370081
vt 0.0048748069 0.69648516
vt 0.0048862062 0.72769266
vt 0.0048897061 0.73598653
vt 0.20493722 0.67652285
vt 0.22149798 0.69835633
vt 0.17885125 0.72047234
vt 0.14793867 0.74023473
vt 0.12234776 0.71607625
vt 0.048064198 0.74473989
vt 0.0048873224 0.72928154
vt 0.0048939898 0.750112
vt 0.23922822 0.67879236
vt 0.20532906 0.7163682
vt 0.17384343 0.7341646
vt 0.13007045 0.78154916
vt 0.111095 0.72019565
vt 0.088038735 0.74649954
vt 0.040527523 0.75418621
vt 0.054043937 0.75081253
vt 0.038436972 0.77546483
vt 0.26056099 0.68114817
vt 0.22074343 0.73748493
vt 0.18789217 0.73865372
vt 0.14068583 0.76817495
vt 0.11804156 0.7582494
vt 0.1071459 0.73241878
vt 0.078374252 0.75529343
vt 0.062699303 0.75039244
vt 0.0048968638 0.75778806
vt 0.24347886 0.65237772
vt 0.14498861 0.78138208
vt 0.11627308 0.7366035
vt 0.093681239 0.7756139
vt 0.12195387 0.70622414
vt 0.067542389 0.76106626
vt 0.049506277 0.76490128
vt 0.0049072127 0.78087598
vt 0.26828244 0.6122666
vt 0.23927033 0.73089397
vt 0.13290888 0.85674626
vt 0.10344967 0.7623238
vt 0.094235279 0.80748397
vt 0.063878737 0.77358645
vt 0.0049091149 0.78271353
vt 0.30317545 0.66999269
vt 0.23559807 0.62733221
vt 0.2447301 0.74570024
vt 0.2288028 0.7451179
vt 0.086903557 0.84787458
vt 0.096094087 0.75525647
vt 0.08260569 0.78765774
vt 0.078537866 0.77858037
vt 0.033192866 0.79154724
vt 0.37284884 0.64818203
vt 0.28802285 0.68585455
vt 0.24647856 0.5932551
vt 0.27470043 0.73285341
vt 0.091402471 0.88967437
vt 0.088551469 0.75897121
vt 0.085706927 0.8156991
vt 0.081713997 0.79981291
vt 0.05504575 0.78585434
vt 0.01425324 0.81498027
vt 0.34220722 0.67663252
vt 0.27767414 0.70195627
vt 0.25950247 0.54717398
vt 0.28123128 0.7665897
vt 0.1299983 0.88717937
vt 0.087125242 0.75286984
vt 0.077363916 0.7975291
vt 0.0049133794 0.79133475
vt 0.02622807 0.83454663
vt 0.36016065 0.68313682
vt 0.3057186 0.5468055
vt 0.24468993 0.56042194
vt 0.25182989 0.8153407
vt 0.11202737 0.92297268
vt 0.050849646 0.82787859
vt 0.0049204859 0.80736691
vt 0.0098358998 0.82460952
vt 0.3940708 0.66280109
vt 0.34140727 0.69647729
vt 0.27242187 0.51838189
vt 0.30491269 0.59552771
vt 0.24629128 0.5377692
vt 0.31364143 0.77565265
vt 0.22680125 0.76417053
vt 0.09385439 0.92015004
vt 0.12132788 0.94122916
vt 0.068789519 0.82728851
vt 0.010337368 0.8402468
vt 0.027522383 0.8542946
vt 0.40360996 0.63347632
vt 0.39202666 0.6856159
vt 0.35675251 0.71518791
vt 0.24186532 0.50959909
vt 0.30383649 0.50443542
vt 0.2903299 0.61262745
vt 0.31902644 0.59126961
vt 0.28457075 0.75736672
vt 0.29553708 0.8177793
vt 0.2251204 0.78886437
vt 0.22757392 0.7474972
vt 0.10693172 0.9500829
vt 0.084425949 0.9143765
vt 0.064049006 0.84350836
vt 0.050910722 0.85425031
vt 0.39246106 0.62005782
vt 0.34051624 0.72901976
vt 0.27453417 0.5044452
vt 0.30953035 0.50443351
vt 0.37160575 0.57865787
vt 0.322566 0.75907707
vt 0.27278838 0.84874541
vt 0.30454141 0.80624986
vt 0.22402537 0.82405788
vt 0.086381592 0.94640434
vt 0.078720815 0.92583513
vt 0.059189416 0.84063047
vt 0.0093670404 0.86178678
vt 0.052241046 0.86459178
vt 0.40434015 0.60698444
vt 0.39552402 0.74013317
vt 0.33865577 0.74494779
vt 0.24765618 0.50445312
vt 0.32128435 0.50442934
vt 0.33475873 0.60214239
vt 0.35437992 0.50442082
vt 0.33813262 0.75971371
vt 0.28906611 0.82678694
vt 0.27049953 0.86806577
vt 0.33564186 0.79172587
vt 0.30675125 0.81468004
vt 0.22405182 0.85783148
vt 0.071662903 0.92251968
vt 0.0049513024 0.88414204
vt 0.0049323454 0.84055901
vt 0.024670785 0.89796674
vt 0.058724981 0.86099869
vt 0.32544479 0.62172651
vt 0.38825002 0.77232152
vt 0.40534848 0.69320518
vt 0.24350302 0.50445437
vt 0.33348051 0.50442636
vt 0.35275248 0.50442129
vt 0.3818374 0.51243818
vt 0.29740101 0.83365321
vt 0.28249729 0.86095095
vt 0.23534988 0.89472687
vt 0.31271106 0.80615926
vt 0.31469029 0.81442267
vt 0.0049470779 0.87742466
vt 0.0049531399 0.88947028
vt 0.0049380963 0.85865629
vt 0.047071904 0.89794374
vt 0.058496986 0.86912709
vt 0.39973354 0.58691174
vt 0.41717738 0.68678784
vt 0.41760615 0.72582126
vt 0.24145548 0.50445509
vt 0.3577399 0.50441992
vt 0.399111 0.53739142
vt 0.2961235 0.81878853
vt 0.29169551 0.85248214
vt 0.29497111 0.86901611
vt 0.24267635 0.94729036
vt 0.35288852 0.82842374
vt 0.30769658 0.82397616
vt 0.22132201 0.87375462
vt 0.0049395459 0.86303699
vt 0.0070994832 0.92448378
vt 0.058059141 0.87578285
vt 0.040170576 0.91338784
vt 0.061373953 0.86996591
vt 0.39915812 0.56884176
vt 0.44118986 0.70090747
vt 0.43388113 0.75513601
vt 0.37785807 0.50441444
vt 0.39705127 0.55802846
vt 0.40163654 0.52281022
vt 0.30813438 0.84497076
vt 0.30035004 0.89765829
vt 0.21940137 0.91103548
vt 0.26471025 0.94237202
vt 0.32493502 0.82546085
vt 0.0049594594 0.90949684
vt 0.0221707 0.91799247
vt 0.067791194 0.87996548
vt 0.069688223 0.86160499
vt 0.06016922 0.87027168
vt 0.45437428 0.69080007
vt 0.45878646 0.71271914
vt 0.44487882 0.75119954
vt 0.40699971 0.75493157
vt 0.38125452 0.50441331
vt 0.40059981 0.50521076
vt 0.38676754 0.82669443
vt 0.32955065 0.83297813
vt 0.32419962 0.85545468
vt 0.28090513 0.89728922
vt 0.21643665 0.97346812
vt 0.25298527 0.99664372
vt 0.0049642981 0.92421591
vt 0.028362378 0.9352212
vt 0.070191465 0.88674843
vt 0.051057115 0.92245591
vt 0.4635846 0.73542655
vt 0.39675388 0.75472683
vt 0.40061828 0.50440562
vt 0.38656643 0.8782562
vt 0.31004658 0.8705616
vt 0.28720945 0.90483922
vt 0.23279905 0.99665022
vt 0.27756381 0.92190868
vt 0.28242895 0.95084792
vt 0.0049655344 0.92746651
vt 0.015070095 0.96396863
vt 0.47590527 0.6956619
vt 0.47415835 0.7271111
vt 0.4669767 0.75260377
vt 0.38610592 0.50441182
vt 0.34949985 0.89658928
vt 0.29771689 0.91243345
vt 0.22708811 0.99665028
vt 0.27810651 0.93397129
vt 0.30663878 0.96676236
vt 0.28878009 0.93883681
vt 0.0049784929 0.96287906
vt 0.4773201 0.73591238
vt 0.38146734 0.50441343
vt 0.38387063 0.92640233
vt 0.30952331 0.89293325
vt 0.3231608 0.91038847
vt 0.21406138 0.99665493
vt 0.28727341 0.92734563
vt 0.30032584 0.99662626
vt 0.29954752 0.94831401
vt 0.0082633272 0.97623956
vt 0.47667742 0.74706393
vt 0.35083172 0.99661171
vt 0.32461014 0.90238935
vt 0.31117114 0.9284687
vt 0.31712097 0.99198991
vt 0.0049824459 0.97429407
vt 0.38598624 0.95072442
vt 0.31935933 0.94463146
vt 0.30029038 0.93299419
vt 0.30754799 0.99662364
vt 0.38003138 0.99660128
vt 0.31620932 0.99662054
vt 0.52401453 0.9480862
vt 0.53246611 0.93848801
vt 0.59461868 0.93336219
vt 0.60786152 0.94128233
vt 0.49669251 0.94388461
vt 0.5582993 0.90749824
vt 0.6085034 0.9008857
vt 0.55871403 0.96552062
vt 0.4564307 0.95497447
vt 0.51083964 0.91151273
vt 0.53481078 0.91581249
vt 0.59148026 0.90860826
vt 0.62637538 0.91082299
vt 0.5763436 0.97645903
vt 0.53248388 0.9765749
vt 0.47014517 0.92169023
vt 0.5139153 0.97111326
vt 0.48767039 0.91638875
vt 0.64579099 0.90361899
vt 0.65315771 0.92798901
vt 0.59415156 0.98354298
vt 0.57164621 0.98181331
vt 0.44298032 0.93833411
vt 0.52051234 0.98993325
vt 0.66173899 0.89306587
vt 0.64766347 0.93689942
vt 0.64174235 0.96974248
vt 0.56156695 0.98245126
vt 0.52778256 0.98466235
vt 0.44224349 0.95633835
vt 0.4416627 0.91835064
vt 0.46630323 0.99579114
vt 0.68082565 0.90449166
vt 0.68019593 0.92308486
vt 0.64568645 0.94805801
vt 0.63963521 0.98071855
vt 0.64070576 0.96034288
vt 0.52059782 0.9866848
vt 0.44462761 0.96920025
vt 0.45218152 0.98723608
vt 0.69473678 0.89183301
vt 0.65905315 0.96478492
vt 0.68360454 0.93426466
vt 0.64985245 0.97524625
vt 0.44739845 0.97960919
vt 0.44794825 0.99082714
vt 0.79955846 0.9706949
vt 0.74435604 0.99064952
vt 0.75972325 0.95236486
vt 0.78312421 0.94843382
vt 0.77689588 0.99342281
vt 0.74290711 0.979855
vt 0.7766338 0.93352258
vt 0.80997944 0.94340545
vt 0.73157209 0.96151638
vt 0.73623806 0.99652117
vt 0.76486582 0.91761363
vt 0.79477853 0.90982181
vt 0.806247 0.93576443
vt 0.82107568 0.96391129
vt 0.72565794 0.98821193
vt 0.73245573 0.94327343
vt 0.83654749 0.93734097
vt 0.81109285 0.98002666
vt 0.690961 0.96933174
vt 0.73317516 0.92480201
vt 0.81015265 0.90737486
vt 0.82465965 0.93202025
vt 0.8540771 0.95282722
vt 0.6953845 0.9430244
vt 0.71051604 0.92939335
vt 0.84407556 0.89918655
vt 0.86592525 0.93154591
vt 0.84213263 0.95958692
vt 0.86575955 0.91540253
vt 0.85929394 0.9645378
vt 0.84788299 0.97128564
vt 0.90076816 0.88633227
vt 0.89389026 0.90921718
vt 0.8980391 0.96612662
vt 0.90973181 0.92064452
vt 0.91481644 0.93915892
vt 0.92038864 0.94918799
vt 0.92237175 0.91944945
vt 0.9333263 0.94095987
vt 0.92241389 0.88385868
vt 0.48318365 0.81517541
vt 0.47936252 0.83658779
vt 0.45626158 0.83641952
vt 0.45534971 0.80560917
vt 0.49914542 0.83998966
vt 0.46912423 0.83928943
vt 0.44372237 0.81940138
vt 0.51002675 0.8086952
vt 0.49065799 0.84641874
vt 0.46870422 0.8474682
vt 0.44222227 0.84338981
vt 0.5404073 0.80638403
vt 0.57737875 0.84833884
vt 0.5633288 0.82458013
vt 0.61664414 0.82175136
vt 0.62019444 0.84945381
vt 0.63612252 0.83460796
vt 0.6008063 0.8709383
vt 0.65834522 0.85060024
vt 0.62868285 0.8156392
vt 0.65751767 0.81205827
vt 0.80835509 0.85421574
vt 0.79535419 0.82892478
vt 0.80566353 0.83693272
vt 0.81669098 0.86488026
vt 0.79157186 0.85263044
vt 0.79867262 0.81291479
vt 0.82211602 0.84959257
vt 0.76233488 0.81886202
vt 0.79596907 0.85882562
vt 0.77377468 0.8611629
vt 0.77578533 0.87118495
vt 0.83362335 0.81791073
vt 0.78678846 0.80900753
vt 0.76675344 0.84586567
vt 0.7744959 0.8695184
vt 0.82584804 0.80605477
vt 0.83267546 0.84638768
vt 0.79201525 0.80282676
vt 0.77364898 0.7951414
vt 0.75793815 0.82858741
vt 0.82718229 0.79190779
vt 0.85682338 0.79868937
vt 0.85172302 0.8388893
vt 0.80789351 0.77924013
vt 0.75511974 0.8203876
vt 0.86737084 0.81174845
vt 0.89454073 0.83270544
vt 0.83741832 0.85360843
vt 0.79427141 0.77812064
vt 0.75577164 0.8103615
vt 0.83018899 0.77121937
vt 0.85457259 0.76642811
vt 0.88043666 0.79521614
vt 0.77040339 0.7801795
vt 0.81743777 0.7683351
vt 0.75619179 0.78730309
vt 0.86470276 0.77854502
vt 0.88043636 0.78440815
vt 0.87983948 0.76091605
vt 0.90667284 0.82554978
vt 0.89283413 0.80980116
vt 0.75616431 0.78718054
vt 0.85633975 0.75839162
vt 0.90259415 0.8367064
vt 0.90901154 0.77715433
vt 0.75348669 0.78407407
vt 0.91546386 0.74367011
vt 0.92363596 0.82663602
vt 0.90819979 0.78924042
vt 0.91740668 0.75303018
vt 0.92012292 0.83569676
vt 0.92880595 0.78617686
vt 0.92829627 0.76400596
vt 0.94040275 0.74862784
vt 0.93761009 0.80296838
vt 0.92003852 0.77348483
vt 0.9606334 0.74314129
vt 0.93558633 0.82220572
vt 0.95316982 0.75341153
vt 0.95073175 0.75055259
vt 0.95746046 0.73322761
vt 0.9513908 0.75269884
vt 0.95718729 0.74724948
vt 0.9517374 0.75147307
vt 0.20718729 0.87224948
vt 0.20316982 0.87841153
vt 0.19040275 0.87362784
vt 0.21144266 0.8706392
vt 0.54473609 0.72674489
vt 0.54731888 0.71635556
vt 0.55983859 0.72199482
vt 0.55283576 0.74423003
vt 0.58406436 0.73863065
vt 0.53584129 0.74643159
vt 0.60512888 0.74663711
vt 0.53236097 0.76624399
vt 0.52655756 0.73619115
vt 0.59642655 0.76664186
vt 0.63318211 0.743882
vt 0.52143401 0.76671642
vt 0.54376662 0.76825064
vt 0.52814102 0.72154099
vt 0.59168959 0.77458382
vt 0.60853499 0.77191383
vt 0.60166019 0.73222709
vt 0.6157307 0.75448591
vt 0.52517366 0.77411997
vt 0.55056632 0.78695774
vt 0.51319063 0.73529387
vt 0.67898321 0.74674869
vt 0.53905886 0.77411103
vt 0.53022337 0.7767421
vt 0.50333035 0.73277807
vt 0.60037071 0.79034513
vt 0.68876362 0.77934611
vt 0.63737959 0.79225659
vt 0.51835746 0.78595799
vt 0.50334692 0.76922637
vt 0.58774865 0.79635322
vt 0.69882119 0.77476943
vt 0.68324101 0.79424548
vt 0.51984459 0.79418266
vt 0.62582946 0.80290604
vt 0.70306444 0.75479752
vt 0.69795072 0.78501618
vt 0.65053159 0.80253559
vt 0.50335509 0.79083359
vt 0.60211754 0.8032859
vt 0.63770467 0.80769444
vt 0.50967735 0.80053115
vt 0.018357437 0.97345799
vt 0.02143402 0.95421642
vt 0.030223371 0.9642421
vt 0.73849511 0.69288743
vt 0.71156967 0.68059385
vt 0.73903555 0.68321717
vt 0.70257252 0.72165501
vt 0.72647524 0.66868985
vt 0.69154143 0.72737741
vt 0.74385464 0.7257961
vt 0.69068819 0.6756196
vt 0.70208669 0.7359283
vt 0.67929614 0.68425786
vt 0.74135303 0.73673815
vt 0.74886364 0.70475823
vt 0.69058961 0.65202081
vt 0.65811986 0.71818042
vt 0.72080487 0.73251003
vt 0.75135523 0.6941269
vt 0.68143445 0.66747856
vt 0.72119421 0.65475285
vt 0.64754868 0.67767453
vt 0.67896187 0.72683042
vt 0.74117213 0.73738009
vt 0.7042715 0.73335683
vt 0.7521072 0.68021417
vt 0.68061805 0.65772974
vt 0.73668581 0.67465782
vt 0.70159668 0.64900625
vt 0.66668904 0.6699385
vt 0.61501718 0.71588415
vt 0.67501354 0.73300582
vt 0.7411353 0.74470633
vt 0.67287838 0.65390515
vt 0.73479289 0.65410852
vt 0.60602272 0.67235565
vt 0.65668654 0.72357893
vt 0.73987728 0.74633157
vt 0.75251096 0.66932172
vt 0.75215334 0.65879321
vt 0.57577616 0.66392946
vt 0.75293225 0.65882301
vt 0.56602502 0.69909883
vt 0.5838353 0.71256018
vt 0.58874917 0.71977782
vt 0.56988132 0.71076608
vt 0.60437477 0.72329152
vt 0.84795725 0.685058
vt 0.84461719 0.69991994
vt 0.82896441 0.69791436
vt 0.81327593 0.69200325
vt 0.85628241 0.70803618
vt 0.83523607 0.70989215
vt 0.82309216 0.71601552
vt 0.84241241 0.66292411
vt 0.90868431 0.68883121
vt 0.81320512 0.7362752
vt 0.82241148 0.68146056
vt 0.86058491 0.64085686
vt 0.88133085 0.72090274
vt 0.870112 0.67899984
vt 0.83858907 0.71837568
vt 0.83306611 0.72566295
vt 0.78046507 0.72795922
vt 0.79353464 0.68445647
vt 0.83046168 0.64744967
vt 0.87160867 0.66176915
vt 0.93121368 0.70968425
vt 0.90587509 0.65617138
vt 0.89818317 0.67410278
vt 0.77622044 0.70240879
vt 0.77108216 0.7467159
vt 0.81373036 0.6758014
vt 0.80388254 0.65435469
vt 0.89948058 0.63328958
vt 0.75945443 0.72276676
vt 0.7586208 0.6818493
vt 0.91312963 0.66804385
vt 0.75300646 0.71740139
vt 0.77053475 0.73257405
vt 0.925318 0.62596285
vt 0.91416705 0.68859023
vt 0.92559546 0.66052777
vt 0.77702332 0.74086618
vt 0.92607981 0.64235502
vt 0.92516571 0.67538351
vt 0.931445 0.68124861
vt 0.92298508 0.69893754
vt 0.9394154 0.69519025
vt 0.93117267 0.70619792
vt 0.59800333 0.5869869
vt 0.58947045 0.56839311
vt 0.61199081 0.58057988
vt 0.61235064 0.58213258
vt 0.58831459 0.61382389
vt 0.60987937 0.56694102
vt 0.61308604 0.5852685
vt 0.61842161 0.60691172
vt 0.56856573 0.56431019
vt 0.60802925 0.55984581
vt 0.61572123 0.59520495
vt 0.61803335 0.60490978
vt 0.57910889 0.6097942
vt 0.5986883 0.55540025
vt 0.54237688 0.61011255
vt 0.56445771 0.6179105
vt 0.5207898 0.57333368
vt 0.50882441 0.58643734
vt 0.532157 0.55057818
vt 0.50085843 0.61917067
vt 0.48883158 0.57538033
vt 0.54352951 0.52270162
vt 0.48952571 0.55057436
vt 0.56859875 0.53591597
vt 0.46759039 0.60978812
vt 0.4652715 0.55967665
vt 0.48822543 0.53622383
vt 0.5824219 0.5154987
vt 0.46948415 0.62106669
vt 0.46777907 0.60146379
vt 0.460785 0.58396333
vt 0.47602022 0.53331709
vt 0.45416629 0.62118745
vt 0.44180107 0.58359098
vt 0.44545409 0.54203498
vt 0.44439024 0.55637062
vt 0.44390163 0.60148209
vt 0.7902351 0.58723414
vt 0.75976396 0.59690088
vt 0.70616478 0.60065806
vt 0.73404503 0.57860923
vt 0.71960312 0.60690868
vt 0.71019888 0.55333948
vt 0.73959684 0.54801607
vt 0.69755322 0.61327118
vt 0.69070727 0.55764294
vt 0.77039552 0.54106516
vt 0.68341494 0.61370158
vt 0.69458365 0.54188854
vt 0.71753961 0.53161705
vt 0.75234103 0.53476137
vt 0.80523193 0.5833149
vt 0.65975171 0.55537993
vt 0.70225 0.53194213
vt 0.6789149 0.55070215
vt 0.67432219 0.61805034
vt 0.6824252 0.52890718
vt 0.74863106 0.51876414
vt 0.71286941 0.51862431
vt 0.66049373 0.53915679
vt 0.65441763 0.56351686
vt 0.66724026 0.60618579
vt 0.64483458 0.62088811
vt 0.641873 0.61097598
vt 0.64466929 0.62023276
vt 0.63974106 0.60351425
vt 0.6298092 0.56933153
vt 0.56785119 0.64786655
vt 0.60481161 0.642537
vt 0.6004011 0.6474663
vt 0.57506895 0.62097943
vt 0.61123842 0.64970756
vt 0.60782075 0.62323761
vt 0.53577358 0.6396383
vt 0.62128651 0.65167522
vt 0.63764381 0.62365508
vt 0.53256339 0.61897588
vt 0.53009784 0.64848262
vt 0.63770384 0.65119213
vt 0.64632541 0.64767885
vt 0.51884115 0.64793044
vt 0.50342458 0.61862224
vt 0.5034346 0.64793247
vt 0.88354886 0.59038985
vt 0.8643086 0.5802806
vt 0.87560922 0.56234974
vt 0.89394355 0.57889879
vt 0.84986848 0.58851403
vt 0.85553604 0.56400955
vt 0.89919847 0.56269932
vt 0.89811403 0.60056663
vt 0.84787089 0.61092412
vt 0.84621316 0.57264674
vt 0.86223793 0.55023998
vt 0.8840279 0.55214548
vt 0.90655953 0.58423531
vt 0.89205641 0.61265683
vt 0.87247527 0.61912227
vt 0.83210981 0.58960128
vt 0.8408522 0.55474097
vt 0.91267145 0.55379343
vt 0.9167155 0.56651771
vt 0.92268896 0.60738444
vt 0.82512254 0.60765952
vt 0.82272613 0.56826246
vt 0.83494353 0.55925524
vt 0.93230617 0.57643259
vt 0.88379425 0.62147534
vt 0.92646754 0.59120721
vt 0.81727368 0.59577763
vt 0.83436501 0.55913585
vt 0.83504033 0.55864954
vt 0.92862028 0.54854023
vt 0.93902445 0.56300086
vt 0.93431509 0.59470451
vt 0.81593549 0.57041764
vt 0.82260108 0.55961519
vt 0.94353384 0.58578062
vt 0.93685323 0.61002743
vt 0.94467419 0.60587442
vt 0.95188826 0.59782326
vt 0.82035875 0.56194985
vt 0.047710348 0.49695581
vt 0.040578488 0.48446411
vt 0.057493515 0.49093342
vt 0.06571053 0.48746395
vt 0.034938943 0.4269315
vt 0.069556005 0.46965373
vt 0.069182336 0.43750215
vt 0.078563958 0.48198563
vt 0.055768196 0.41756147
vt 0.08016403 0.44929689
vt 0.035502397 0.40501761
vt 0.086720593 0.42659616
vt 0.089545563 0.45549458
vt 0.042423315 0.39770776
vt 0.095323026 0.41617489
vt 0.084042706 0.47222441
vt 0.063157246 0.40697491
vt 0.025039706 0.39829701
vt 0.13183053 0.42933649
vt 0.073508307 0.4782694
vt 0.055217061 0.38482809
vt 0.014711043 0.39751065
vt 0.073508449 0.39008176
vt 0.13248184 0.40562099
vt 0.086089894 0.48244858
vt 0.019958574 0.37428612
vt 0.094458804 0.39505535
vt 0.0082798768 0.38676035
vt 0.026377704 0.39424247
vt 0.024320677 0.39728987
vt 0.0031514408 0.38842392
vt 0.15249249 0.96394002
vt 0.17432144 0.9566437
vt 0.16036756 0.97766036
vt 0.14443094 0.97716457
vt 0.17883408 0.92703396
vt 0.1722938 0.97795475
vt 0.13926999 0.96337539
vt 0.14492671 0.93455821
vt 0.17791939 0.98543972
vt 0.14115161 0.94856298
vt 0.15945227 0.89345831
vt 0.17275506 0.99323952
vt 0.12821729 0.93945539
vt 0.18014261 0.90881813
vt 0.134927 0.89076012
vt 0.15774326 0.99621016
vt 0.13163415 0.92446148
vt 0.17515291 0.87636292
vt 0.12891042 0.91091812
vt 0.14134733 0.88286036
vt 0.15373191 0.99335575
vt 0.15585227 0.872962
vt 0.14661726 0.87888336
vt 0.24535982 0.46177024
vt 0.22866437 0.45941818
vt 0.23666912 0.44480675
vt 0.23383892 0.47928107
vt 0.21216981 0.45061904
vt 0.24940263 0.48030782
vt 0.2035535 0.49627018
vt 0.18384384 0.47065145
vt 0.19705202 0.44367152
vt 0.18791465 0.44320041
vt 0.17389722 0.45093775
vt 0.16154735 0.48379576
vt 0.19338065 0.43469572
vt 0.15222648 0.46651244
vt 0.14238384 0.44693732
vt 0.12856188 0.44885522
vt 0.14895511 0.46796787
vt 0.12932789 0.45196301
vt 0.25426054 0.43529052
vt 0.26922467 0.43293846
vt 0.27396998 0.45215946
vt 0.25896099 0.46224612
vt 0.26932964 0.41481274
vt 0.26570976 0.48740703
vt 0.30885294 0.41916865
vt 0.25768486 0.48288381
vt 0.28891668 0.48114932
vt 0.30971336 0.39187664
vt 0.30230898 0.44285399
vt 0.25994745 0.49131441
vt 0.31051433 0.46474832
vt 0.28565663 0.38664329
vt 0.33037332 0.39206135
vt 0.31648293 0.43733716
vt 0.32051522 0.47216064
vt 0.26536745 0.38235384
vt 0.32463953 0.41739917
vt 0.31379932 0.44898182
vt 0.33899546 0.47519505
vt 0.30862999 0.49677092
vt 0.33878025 0.40621483
vt 0.33109787 0.43108839
vt 0.31959996 0.45403343
vt 0.33793277 0.41477996
vt 0.34455863 0.4332388
vt 0.33922872 0.45981312
vt 0.18287447 0.60310209
vt 0.17389506 0.61157274
vt 0.16538054 0.60293919
vt 0.17427926 0.59655422
vt 0.16480321 0.61772752
vt 0.16643681 0.59466457
vt 0.17173688 0.62154478
vt 0.15549825 0.60603648
vt 0.15661755 0.58921087
vt 0.15223622 0.59248841
vt 0.15285641 0.61747491
vt 0.16827703 0.57509911
vt 0.14851946 0.59859085
vt 0.15586135 0.5765754
vt 0.17255299 0.57328415
vt 0.15942286 0.55668759
vt 0.17607486 0.55920339
vt 0.15024275 0.5637933
vt 0.16723122 0.53622174
vt 0.18446343 0.56973982
vt 0.15065472 0.55449581
vt 0.15599054 0.5407933
vt 0.1773262 0.55223197
vt 0.18836342 0.58035934
vt 0.19077261 0.56124938
vt 0.1501794 0.53543437
vt 0.18554689 0.53966534
vt 0.19015287 0.55336469
vt 0.15137935 0.51652336
vt 0.18755354 0.52760553
vt 0.20174168 0.5565539
vt 0.16131531 0.511181
vt 0.13965832 0.51997
vt 0.19617063 0.53321028
vt 0.17481279 0.52346897
vt 0.19655801 0.54439604
vt 0.13938938 0.50962889
vt 0.19253634 0.51314968
vt 0.18180272 0.51129502
vt 0.17185554 0.50888461
vt 0.12814417 0.52269673
vt 0.88676816 0.51875877
vt 0.87918687 0.5088625
vt 0.88109744 0.49551255
vt 0.9002465 0.50571215
vt 0.92061228 0.48752183
vt 0.89661252 0.52449727
vt 0.92784309 0.49479234
vt 0.91431814 0.47398108
vt 0.89083362 0.53594798
vt 0.90529525 0.51768696
vt 0.93789238 0.49548143
vt 0.92204916 0.5108912
vt 0.88606799 0.4651556
vt 0.89832145 0.53738761
vt 0.91794634 0.52482653
vt 0.88885558 0.45172507
vt 0.90910548 0.53499645
vt 0.89709842 0.5460003
vt 0.93379939 0.51755595
vt 0.91881824 0.44899195
vt 0.91789466 0.53641784
vt 0.95705718 0.52545464
vt 0.90935725 0.54371369
vt 0.9271301 0.53096867
vt 0.94366688 0.5351212
vt 0.96066105 0.5092361
vt 0.96011907 0.53787029
vt 0.96368593 0.52152753
vt 0.95370394 0.5527066
vt 0.97918987 0.53170943
vt 0.97280926 0.51434171
vt 0.96566558 0.5517292
vt 0.97373539 0.5430178
vt 0.95786762 0.55947477
vt 0.21639594 0.66176724
vt 0.21311417 0.649795
vt 0.22234024 0.64567488
vt 0.20564064 0.65266407
vt 0.22097746 0.63731027
vt 0.20147455 0.66168755
vt 0.20553029 0.64356518
vt 0.1919435 0.66020423
vt 0.20548607 0.66906714
vt 0.19679402 0.65267861
vt 0.21414804 0.63194585
vt 0.18669778 0.67414361
vt 0.19168179 0.62912548
vt 0.22267929 0.62160194
vt 0.2015786 0.63166326
vt 0.18419924 0.65965986
vt 0.19881496 0.67661679
vt 0.1864917 0.63276124
vt 0.20058149 0.6178
vt 0.22818442 0.6364826
vt 0.17720097 0.66742587
vt 0.18573248 0.65125912
vt 0.18676104 0.61547434
vt 0.22050974 0.60713923
vt 0.17596133 0.65592313
vt 0.17685781 0.64445227
vt 0.17297086 0.62752461
vt 0.20156163 0.59973013
vt 0.16829626 0.65870762
vt 0.17655854 0.63748431
vt 0.18853951 0.60004711
vt 0.21090412 0.58708823
vt 0.17431781 0.64297545
vt 0.16772488 0.64367753
vt 0.18457809 0.58757722
vt 0.1919796 0.57361734
vt 0.20549597 0.57418615
vt 0.72969019 0.82583207
vt 0.73681778 0.83047545
vt 0.73079628 0.84620756
vt 0.72051507 0.83396721
vt 0.72302359 0.84908581
vt 0.71271771 0.83084869
vt 0.72745097 0.82016081
vt 0.71233606 0.84354651
vt 0.72517043 0.80800539
vt 0.70583838 0.85793787
vt 0.70156795 0.84680223
vt 0.71485806 0.81744272
vt 0.73177052 0.80713797
vt 0.7130965 0.8588804
vt 0.70378923 0.82336861
vt 0.71238703 0.79910403
vt 0.7259627 0.78899801
vt 0.72525543 0.86053032
vt 0.70959026 0.86820745
vt 0.70965791 0.80977017
vt 0.73476201 0.85791087
vt 0.71573609 0.87089151
vt 0.70167881 0.81436658
vt 0.70991462 0.78577954
vt 0.69634444 0.79585481
vt 0.72804821 0.84571075
vt 0.72760266 0.76476806
vt 0.6907019 0.80987132
vt 0.71574664 0.76303697
vt 0.70141298 0.77819955
vt 0.70905167 0.76307428
vt 0.78576636 0.54785943
vt 0.78340828 0.54234195
vt 0.79589164 0.54598093
vt 0.78768897 0.55779541
vt 0.80726892 0.53763747
vt 0.7960521 0.55455911
vt 0.789657 0.51896465
vt 0.77785772 0.52801239
vt 0.80485493 0.52269292
vt 0.76654565 0.50179321
vt 0.81256163 0.51462901
vt 0.76211494 0.48665375
vt 0.79255772 0.47165996
vt 0.75431681 0.49778986
vt 0.80941898 0.49134213
vt 0.77586955 0.4691754
vt 0.8148244 0.47182232
vt 0.81789273 0.50853693
vt 0.7702111 0.44980705
vt 0.76530284 0.45766693
vt 0.79537499 0.45363092
vt 0.75512546 0.47727233
vt 0.96179283 0.97784495
vt 0.96968436 0.97981972
vt 0.96709448 0.99468833
vt 0.95870036 0.99670839
vt 0.96725953 0.96657866
vt 0.95198029 0.98613185
vt 0.95325774 0.95100635
vt 0.95291752 0.97381616
vt 0.94864345 0.96069384
vt 0.96251816 0.95018131
vt 0.94633639 0.93932414
vt 0.96305722 0.94349933
vt 0.97258979 0.95629334
vt 0.95831019 0.93272215
vt 0.95145583 0.92417717
vt 0.96441019 0.92478347
vt 0.96494406 0.90627974
vt 0.94446653 0.89254022
vt 0.97686011 0.92459273
vt 0.95710254 0.89083207
vt 0.94606692 0.91133773
vt 0.94232929 0.92217469
vt 0.40727276 0.4714011
vt 0.42237276 0.47261727
vt 0.42270505 0.49636018
vt 0.41080618 0.48705012
vt 0.37973225 0.42433316
vt 0.43167883 0.46887308
vt 0.41458011 0.42301393
vt 0.37926325 0.45319718
vt 0.43738806 0.45284522
vt 0.40395549 0.40689445
vt 0.40010068 0.48627573
vt 0.43774599 0.46973705
vt 0.38074416 0.39946467
vt 0.43624464 0.40398169
vt 0.4616684 0.4222523
vt 0.37916905 0.48264158
vt 0.40197355 0.39434963
vt 0.42045805 0.39649802
vt 0.40610588 0.39413798
vt 0.45312238 0.39181417
vt 0.46070203 0.40609747
vt 0.46174446 0.39794075
vt 0.47766939 0.39527386
vt 0.55767924 0.46948045
vt 0.55197001 0.47417694
vt 0.53697008 0.47146648
vt 0.54374939 0.46407831
vt 0.56272656 0.47865438
vt 0.54797107 0.48215759
vt 0.5279336 0.45356822
vt 0.56343418 0.46368915
vt 0.5383603 0.49536133
vt 0.52880096 0.43863815
vt 0.51530886 0.46056139
vt 0.55766022 0.45009536
vt 0.57457799 0.47761369
vt 0.51764059 0.47213203
vt 0.51793134 0.43975759
vt 0.57593715 0.44033796
vt 0.56699091 0.49266201
vt 0.58574063 0.4781729
vt 0.54065531 0.43346208
vt 0.52038264 0.42378783
vt 0.50973481 0.47553205
vt 0.50440681 0.46636063
vt 0.55945903 0.43608797
vt 0.57796198 0.48799866
vt 0.58765066 0.48952222
vt 0.52430856 0.42455119
vt 0.58181506 0.4401921
vt 0.5677948 0.42816323
vt 0.59700167 0.48554349
vt 0.54321951 0.42939383
vt 0.59962386 0.4578582
vt 0.59542173 0.47402048
vt 0.59796989 0.43383175
vt 0.60778177 0.46603531
vt 0.6719377 0.49619216
vt 0.66285372 0.49352264
vt 0.66984189 0.4799394
vt 0.6786446 0.4855175
vt 0.65473056 0.48502195
vt 0.67633951 0.46889001
vt 0.65520209 0.47599941
vt 0.66585827 0.47153914
vt 0.68469942 0.47780859
vt 0.66375065 0.45767796
vt 0.68630987 0.46492809
vt 0.6536532 0.46596831
vt 0.67544669 0.45677853
vt 0.69399351 0.4738093
vt 0.64754927 0.45267463
vt 0.66581565 0.44471359
vt 0.64146549 0.45913225
vt 0.67423218 0.43845785
vt 0.64778918 0.44117039
vt 0.66351783 0.43569398
vt 0.67823666 0.45148653
vt 0.66554219 0.42503875
vt 0.64408201 0.42494237
vt 0.65413493 0.42438012
vt 0.65589613 0.41454268
vt 0.66545522 0.41758287
vt 0.64138496 0.41055238
vt 0.66631389 0.40156937
vt 0.67477697 0.41537338
vt 0.62948334 0.41564548
vt 0.63677716 0.4017393
vt 0.65679115 0.40051609
vt 0.633147 0.40826458
vt 0.65059328 0.39414036
vt 0.68133706 0.40303874
vt 0.67756873 0.39691091
vt 0.68872136 0.40136021
vt 0.68671572 0.39373755
vt 0.6883992 0.41206849
vt 0.64166486 0.5290525
vt 0.64580202 0.5345273
vt 0.63214052 0.5514766
vt 0.6237582 0.54077244
vt 0.66775656 0.53458142
vt 0.6252104 0.55924731
vt 0.62382573 0.53332901
vt 0.56625915 0.49862581
vt 0.6127224 0.54728246
vt 0.61149013 0.52476656
vt 0.6050418 0.54174793
vt 0.73856878 0.4623161
vt 0.73448831 0.44422191
vt 0.75444663 0.44956583
vt 0.71058625 0.4872334
vt 0.75284529 0.43300897
vt 0.71977019 0.44355714
vt 0.73685282 0.47704262
vt 0.75398785 0.43788928
vt 0.7519868 0.43022609
vt 0.70263547 0.46078563
vt 0.72532582 0.41508561
vt 0.72544903 0.49418962
vt 0.74277878 0.41880858
vt 0.70808136 0.41932547
vt 0.74245548 0.49551016
vt 0.74816388 0.42114747
vt 0.73722243 0.39926529
vt 0.69078726 0.43710274
vt 0.72610795 0.40211713
vt 0.74645513 0.4163484
vt 0.74166578 0.40389878
vt 0.82989991 0.98765618
vt 0.84779823 0.97616065
vt 0.84114176 0.99336129
vt 0.81606543 0.97679269
vt 0.85165626 0.99159127
vt 0.86403978 0.98903477
vt 0.88962901 0.97602248
vt 0.89028424 0.99625224
vt 0.896038 0.99260813
vt 0.91236615 0.99042106
vt 0.79558969 0.89907843
vt 0.76586628 0.89251065
vt 0.7780785 0.87187803
vt 0.81673282 0.88424343
vt 0.75569242 0.901806
vt 0.75366402 0.87474567
vt 0.80256307 0.86373407
vt 0.74719328 0.88564956
vt 0.74741358 0.863096
vt 0.8190096 0.86738592
vt 0.74423683 0.89477962
vt 0.72338694 0.90097964
vt 0.72575003 0.86826622
vt 0.96352953 0.8140676
vt 0.9705686 0.8115316
vt 0.97398371 0.82058406
vt 0.95900434 0.82325572
vt 0.9638657 0.83624184
vt 0.96024054 0.83410168
vt 0.98064053 0.82762295
vt 0.95603746 0.84162122
vt 0.98247999 0.83868289
vt 0.96757084 0.85928887
vt 0.96636534 0.8463611
vt 0.94660234 0.85033375
vt 0.97370678 0.84941304
vt 0.95564145 0.86446685
vt 0.97613084 0.86091816
vt 0.94128829 0.86583066
vt 0.964342 0.8650192
vt 0.96894813 0.87273532
vt 0.98189354 0.8702907
vt 0.97288001 0.87906384
vt 0.97792321 0.8858602
vt 0.97067207 0.88862056
vt 0.98352522 0.8755976
vt 0.98049629 0.89533931
vt 0.98567599 0.88674635
vt 0.98701966 0.89561355
vt 0.97655571 0.90150827
vt 0.18270774 0.43286633
vt 0.18309255 0.40242541
vt 0.201572 0.42351389
vt 0.17195895 0.41379577
vt 0.21503901 0.41920722
vt 0.13531011 0.40547657
vt 0.15005234 0.39160985
vt 0.20496318 0.37823087
vt 0.13297309 0.39691323
vt 0.17425412 0.37650627
vt 0.21808398 0.38269222
vt 0.13475893 0.38103318
vt 0.14918073 0.35717165
vt 0.18936716 0.37265933
vt 0.12914211 0.36152679
vt 0.90475452 0.41509503
vt 0.88059676 0.3877694
vt 0.90450847 0.38728511
vt 0.86653262 0.42639768
vt 0.84584445 0.3856529
vt 0.84016854 0.41676992
vt 0.85341179 0.43332571
vt 0.8226378 0.38303101
vt 0.82641053 0.37149239
vt 0.82249391 0.40558606
vt 0.81722009 0.39540935
vt 0.20147756 0.85969222
vt 0.20576477 0.87146771
vt 0.19928353 0.8699708
vt 0.18867892 0.8477788
vt 0.18997751 0.86510247
vt 0.2060279 0.85051668
vt 0.18232535 0.87076992
vt 0.2005647 0.83604181
vt 0.17342204 0.85906053
vt 0.1877196 0.8369658
vt 0.17978919 0.84716296
vt 0.1959291 0.8252151
vt 0.16436982 0.84848064
vt 0.1747085 0.82318813
vt 0.20887756 0.8355394
vt 0.17085367 0.83202052
vt 0.21040414 0.82539523
vt 0.18491557 0.81439841
vt 0.15990455 0.81792593
vt 0.20021206 0.8153308
vt 0.19483431 0.80111277
vt 0.17055716 0.80124903
vt 0.18966171 0.78536969
vt 0.17432001 0.7863698
vt 0.0037720068 0.34701347
vt 0.03843569 0.34809333
vt 0.027728103 0.37011772
vt 0.0051143058 0.33389103
vt 0.084115647 0.34991813
vt 0.053941552 0.31534725
vt 0.0048742001 0.31304657
vt 0.084356949 0.31531715
vt 0.015102692 0.30512738
vt 0.075124629 0.30114472
vt 0.041952446 0.30274945
vt 0.053104114 0.30209208
vt 0.084548347 0.30666852
vt 0.085215606 0.30081117
vt 0.15811704 0.34322935
vt 0.16739011 0.325055
vt 0.18722428 0.34942448
vt 0.17830212 0.3599211
vt 0.14690599 0.30878496
vt 0.17729065 0.32944757
vt 0.18834259 0.3711096
vt 0.15399531 0.35898173
vt 0.16766357 0.30911803
vt 0.12933394 0.31975335
vt 0.18644522 0.34231186
vt 0.18101245 0.32088125
vt 0.19339436 0.36880511
vt 0.13683292 0.28837985
vt 0.13115101 0.33676386
vt 0.12839155 0.3091206
vt 0.19484159 0.35514808
vt 0.19226681 0.36042571
vt 0.13413893 0.29506171
vt 0.16750619 0.29104841
vt 0.18016857 0.31716228
vt 0.13750549 0.34421879
vt 0.17580099 0.30672497
vt 0.17433219 0.30968231
vt 0.18182813 0.30838346
vt 0.18857019 0.29506135
vt 0.18827215 0.30124825
vt 0.19193837 0.30809522
vt 0.1923615 0.30359566
vt 0.18849143 0.31344253
vt 0.19330297 0.30843514
vt 0.21150011 0.33690608
vt 0.23319571 0.35207772
vt 0.21442313 0.37012959
vt 0.19100818 0.35023361
vt 0.23941647 0.33327824
vt 0.19310351 0.34526169
vt 0.24420251 0.34342909
vt 0.23060577 0.31355798
vt 0.21110454 0.32254833
vt 0.24792273 0.35829836
vt 0.25508893 0.32249159
vt 0.25473595 0.34993428
vt 0.26998654 0.34626365
vt 0.2549316 0.31486446
vt 0.27184632 0.33204406
vt 0.23659064 0.31044197
vt 0.2641432 0.32611448
vt 0.2331526 0.308617
vt 0.22775958 0.31293124
vt 0.51052171 0.43309844
vt 0.49541757 0.4337424
vt 0.49213764 0.41977555
vt 0.51205945 0.41827577
vt 0.48705876 0.42949677
vt 0.49856356 0.40617025
vt 0.51814479 0.40144664
vt 0.50982809 0.39572054
vt 0.49550724 0.39479584
vt 0.48460498 0.37028545
vt 0.50435132 0.37009579
vt 0.46962777 0.37508082
vt 0.48680881 0.36316252
vt 0.46718168 0.36944407
vt 0.44463882 0.36863935
vt 0.44104189 0.37380534
vt 0.42263663 0.90393138
vt 0.43095127 0.89979321
vt 0.43739027 0.91794956
vt 0.42706344 0.91464132
vt 0.41416317 0.88408363
vt 0.44009811 0.90001029
vt 0.42361441 0.92441791
vt 0.41926008 0.91751003
vt 0.42214909 0.88393873
vt 0.42950758 0.93272817
vt 0.41002157 0.85652626
vt 0.43524465 0.88094723
vt 0.43071979 0.85703897
vt 0.447936 0.88776255
vt 0.43992937 0.87291843
vt 0.44326109 0.85674971
vt 0.32795912 0.36215436
vt 0.33589625 0.35488123
vt 0.3606568 0.35867721
vt 0.36048427 0.37086689
vt 0.32305059 0.34496349
vt 0.35934809 0.3355298
vt 0.32914156 0.32607514
vt 0.38337493 0.34303749
vt 0.37993217 0.32208437
vt 0.33826074 0.30854583
vt 0.36668172 0.3124373
vt 0.3210482 0.29768264
vt 0.31701145 0.31589669
vt 0.98875076 0.68582523
vt 0.99316114 0.70046055
vt 0.97904277 0.69969672
vt 0.97647506 0.68828797
vt 0.98312598 0.70555347
vt 0.98014867 0.67661488
vt 0.96555489 0.69335932
vt 0.97156322 0.71265286
vt 0.97143239 0.68096685
vt 0.98276246 0.66680133
vt 0.96963835 0.7038098
vt 0.97635406 0.66195536
vt 0.99546057 0.68068582
vt 0.96174276 0.68543732
vt 0.95992011 0.70396668
vt 0.96095222 0.66741884
vt 0.99548489 0.66859967
vt 0.95584661 0.69206691
vt 0.94939488 0.69751346
vt 0.95995611 0.71513605
vt 0.97184771 0.64929342
vt 0.99004579 0.66098845
vt 0.95662361 0.67942047
vt 0.96212566 0.64948142
vt 0.99575728 0.66091323
vt 0.94549996 0.69003296
vt 0.95051551 0.66027963
vt 0.96681076 0.64607924
vt 0.94141334 0.67348361
vt 0.94908577 0.64182603
vt 0.43724936 0.6536119
vt 0.44448623 0.64574873
vt 0.44659919 0.65575039
vt 0.43820494 0.67287242
vt 0.43664202 0.63657415
vt 0.42754087 0.66302675
vt 0.44876161 0.66987145
vt 0.42526269 0.65052992
vt 0.44663328 0.6293776
vt 0.43415236 0.68058562
vt 0.42625147 0.62681639
vt 0.4454971 0.61945546
vt 0.42378199 0.68378246
vt 0.415396 0.65467227
vt 0.43379784 0.61766708
vt 0.41432002 0.63822234
vt 0.41811925 0.67040616
vt 0.40998653 0.66365713
vt 0.42767847 0.61061788
vt 0.41351786 0.6172874
vt 0.44834003 0.50094837
vt 0.45042849 0.48808283
vt 0.46236807 0.49996465
vt 0.44930172 0.51195323
vt 0.46687856 0.48602277
vt 0.4411152 0.51159769
vt 0.4609943 0.51104283
vt 0.47427353 0.49835908
vt 0.47266895 0.50605625
vt 0.45576787 0.51862705
vt 0.48953086 0.4877063
vt 0.47213438 0.52026969
vt 0.48317358 0.47402132
vt 0.47703889 0.51952863
vt 0.47006568 0.5224638
vt 0.46841267 0.47605795
vt 0.49456999 0.47558075
vt 0.48409647 0.5116272
vt 0.46321779 0.52678478
vt 0.45825422 0.4880845
vt 0.50278002 0.47328138
vt 0.50110114 0.48383737
vt 0.48501053 0.51661181
vt 0.45460561 0.5245868
vt 0.48009756 0.52043015
vt 0.5127117 0.4805367
vt 0.8532505 0.86811799
vt 0.82718229 0.90007675
vt 0.82869822 0.87556821
vt 0.8457188 0.85859513
vt 0.84311324 0.89872235
vt 0.8203814 0.89297181
vt 0.8608076 0.8604809
vt 0.81689006 0.90218508
vt 0.81595969 0.88402754
vt 0.88121885 0.85120744
vt 0.88733107 0.85603279
vt 0.28924963 0.73307574
vt 0.30903333 0.74289924
vt 0.28927168 0.73357975
vt 0.30096728 0.72977328
vt 0.29472762 0.74403763
vt 0.29489896 0.71638358
vt 0.31133795 0.72196615
vt 0.29808173 0.74670541
vt 0.28890076 0.73244059
vt 0.32407168 0.72617602
vt 0.28558519 0.72204775
vt 0.32046881 0.71504736
vt 0.32602331 0.73840874
vt 0.30497465 0.7144047
vt 0.33966625 0.72311401
vt 0.29670796 0.70613253
vt 0.32466739 0.69949639
vt 0.30529708 0.70067894
vt 0.2983579 0.69540238
vt 0.31415454 0.68720615
vt 0.33005276 0.68698585
vt 0.29557928 0.68428695
vt 0.31243291 0.67596865
vt 0.62443721 0.42088938
vt 0.59189355 0.43430734
vt 0.59139651 0.41883206
vt 0.61659586 0.41403913
vt 0.6274184 0.38255978
vt 0.63092953 0.40837479
vt 0.59572822 0.39380044
vt 0.60825378 0.38421524
vt 0.5669499 0.40429157
vt 0.58098537 0.39366657
vt 0.62776583 0.37532616
vt 0.58441925 0.38422036
vt 0.62320942 0.36696154
vt 0.57582563 0.37364274
vt 0.60409212 0.36559755
vt 0.63494217 0.36610615
vt 0.49130052 0.89411163
vt 0.46944714 0.89787078
vt 0.48804247 0.88725334
vt 0.5076074 0.88836807
vt 0.47436938 0.89968812
vt 0.46854767 0.88902879
vt 0.49182978 0.87927604
vt 0.45507377 0.90325558
vt 0.46623114 0.90023512
vt 0.48173478 0.87242067
vt 0.50693071 0.87347853
vt 0.46556464 0.89769322
vt 0.44949827 0.88734329
vt 0.44216561 0.8948344
vt 0.68250006 0.86624813
vt 0.67523438 0.86254239
vt 0.67854941 0.84649009
vt 0.68603462 0.86041522
vt 0.67090684 0.84455222
vt 0.68710989 0.84312749
vt 0.69386643 0.8714239
vt 0.68197125 0.82932985
vt 0.6978029 0.84877902
vt 0.69528967 0.86120653
vt 0.66570318 0.83261561
vt 0.69167763 0.83783686
vt 0.70274127 0.86969042
vt 0.66005433 0.8424744
vt 0.67006809 0.82237798
vt 0.70085466 0.8228873
vt 0.70330054 0.83182919
vt 0.67203593 0.81041431
vt 0.6746555 0.8063277
vt 0.70452058 0.85984355
vt 0.95910645 0.78511906
vt 0.94056571 0.78535724
vt 0.9520191 0.77430719
vt 0.96277136 0.76953328
vt 0.94663405 0.79579175
vt 0.96684724 0.7771486
vt 0.95048189 0.80081129
vt 0.96477908 0.79228067
vt 0.98220599 0.78089917
vt 0.9597013 0.80378866
vt 0.96788538 0.77258492
vt 0.98478383 0.76513267
vt 0.98755807 0.79412478
vt 0.97701359 0.76207584
vt 0.97661191 0.80091977
vt 0.97538429 0.75350797
vt 0.96564913 0.76103222
vt 0.97159523 0.80762786
vt 0.9915207 0.74985909
vt 0.97541183 0.74500322
vt 0.81767571 0.49372441
vt 0.82530177 0.48754752
vt 0.83821315 0.51465571
vt 0.81837589 0.46362299
vt 0.81634229 0.48063761
vt 0.85704714 0.52240038
vt 0.82217914 0.49570554
vt 0.84646285 0.4816013
vt 0.84470922 0.52811509
vt 0.8165229 0.48798227
vt 0.84357369 0.46626437
vt 0.83853167 0.52316415
vt 0.41979113 0.81285238
vt 0.43039462 0.80848354
vt 0.4204458 0.81986511
vt 0.41210946 0.81122077
vt 0.41725901 0.80337214
vt 0.43003058 0.82428122
vt 0.43654454 0.78765446
vt 0.44178593 0.81939089
vt 0.41539174 0.82783794
vt 0.41330963 0.78359705
vt 0.4551352 0.79558778
vt 0.4287591 0.78580016
vt 0.44721538 0.80929536
vt 0.41234019 0.84080946
vt 0.45152572 0.78657037
vt 0.41093454 0.82912785
vt 0.44103947 0.77466226
vt 0.97762597 0.61729813
vt 0.96866953 0.64238167
vt 0.95805633 0.62172055
vt 0.95962441 0.61820048
vt 0.98650753 0.62784225
vt 0.95545214 0.63537931
vt 0.97861147 0.61038929
vt 0.99045134 0.61286634
vt 0.98770463 0.64697468
vt 0.98194718 0.65169013
vt 0.97283107 0.58884621
vt 0.96845275 0.58875668
vt 0.96340424 0.60619497
vt 0.96673322 0.61510575
vt 0.9512518 0.6115495
vt 0.94214469 0.61107767
vt 0.94192791 0.61087841
vt 0.94533867 0.61680895
vt 0.61879545 0.48044598
vt 0.63005251 0.48998636
vt 0.62317759 0.49556512
vt 0.61580789 0.49233693
vt 0.63191122 0.47908795
vt 0.61869872 0.47019315
vt 0.62717927 0.46370018
vt 0.63494855 0.46910685
vt 0.6192624 0.46353257
vt 0.6389063 0.46099484
vt 0.62336117 0.44712609
vt 0.61376423 0.4515624
vt 0.63374054 0.43384361
vt 0.62051189 0.43525273
vt 0.59818572 0.43462574
vt 0.4520427 0.64782798
vt 0.47902581 0.64015347
vt 0.45790988 0.6702224
vt 0.44833559 0.66892964
vt 0.44976676 0.63534957
vt 0.47234184 0.6687777
vt 0.44218788 0.68070114
vt 0.47098112 0.62052834
vt 0.4929865 0.66773725
vt 0.44854945 0.68140864
vt 0.4916009 0.6554324
vt 0.48919564 0.68311667
vt 0.49283981 0.64250934
vt 0.50083876 0.68170166
vt 0.49094993 0.63708162
vt 0.50009 0.65428603
vt 0.50024509 0.66291434
vt 0.49746624 0.66935647
vt 0.059966251 0.98185647
vt 0.050613333 0.98328453
vt 0.054100912 0.9679324
vt 0.48155466 0.7393527
vt 0.48755825 0.73295689
vt 0.50177503 0.75771332
vt 0.49525759 0.77242208
vt 0.47956207 0.72864211
vt 0.4750835 0.76380348
vt 0.47898886 0.73526275
vt 0.48584345 0.71500444
vt 0.47720549 0.74796462
vt 0.47303569 0.77724713
vt 0.48259184 0.71737337
vt 0.958951 0.48747629
vt 0.95478398 0.4952327
vt 0.94885987 0.48479664
vt 0.98402292 0.47238076
vt 0.94347769 0.46527708
vt 0.96183509 0.44389117
vt 0.99012709 0.45361161
vt 0.95111251 0.45205832
vt 0.94043416 0.44477671
vt 0.95020318 0.43398434
vt 0.19286735 0.77993929
vt 0.19223723 0.76480591
vt 0.2102247 0.7825138
vt 0.20564771 0.7944442
vt 0.21283747 0.76890492
vt 0.21694992 0.80851126
vt 0.19620068 0.79499388
vt 0.21468551 0.75497222
vt 0.21770918 0.78362846
vt 0.20494005 0.80603778
vt 0.21953085 0.78968489
vt 0.21777748 0.75711375
vt 0.21751507 0.77880263
vt 0.21994205 0.79750562
vt 0.21831273 0.76765352
vt 0.21843511 0.75378269
vt 0.21763648 0.77134794
vt 0.22061221 0.80694652
vt 0.21792857 0.74639893
vt 0.78106934 0.43310797
vt 0.77168953 0.42772645
vt 0.78258276 0.41891927
vt 0.79031211 0.42587358
vt 0.77457398 0.4081955
vt 0.79344493 0.41065288
vt 0.78658587 0.40469426
vt 0.80349702 0.42761278
vt 0.77151167 0.39943367
vt 0.79335594 0.38739383
vt 0.81076998 0.42565471
vt 0.8062669 0.40876108
vt 0.77503788 0.38354236
vt 0.80889356 0.39053059
vt 0.78857481 0.37779182
vt 0.80172735 0.37107623
vt 0.75428188 0.37475109
vt 0.81396139 0.74459958
vt 0.81415021 0.75381136
vt 0.80236936 0.75768679
vt 0.78965092 0.75683236
vt 0.78388911 0.75315791
vt 0.78727674 0.76692408
vt 0.76746523 0.75450772
vt 0.77820897 0.77568126
vt 0.76764941 0.77695465
vt 0.75458896 0.7681852
vt 0.51499182 0.70105827
vt 0.52861297 0.6939491
vt 0.5214234 0.70289075
vt 0.52282709 0.71423733
vt 0.52335125 0.67759234
vt 0.53054082 0.70983303
vt 0.52250618 0.66410959
vt 0.50532103 0.68861246
vt 0.50405276 0.68125468
vt 0.51016498 0.66353798
vt 0.51413471 0.65582466
vt 0.1759623 0.98061025
vt 0.18207996 0.97444397
vt 0.19677866 0.98310274
vt 0.18039386 0.99349505
vt 0.18016088 0.9542585
vt 0.19475201 0.95934081
vt 0.18989912 0.99516696
vt 0.20075522 0.94712687
vt 0.19002229 0.93850428
vt 0.17935985 0.94809908
vt 0.54857266 0.68276644
vt 0.54714549 0.66360915
vt 0.56057531 0.6777842
vt 0.56394815 0.70355946
vt 0.53678435 0.67313325
vt 0.56870568 0.67337966
vt 0.54576111 0.69333398
vt 0.53583121 0.7007066
vt 0.5530898 0.65975899
vt 0.55541402 0.7155174
vt 0.54502368 0.70666808
vt 0.54143989 0.71089637
vt 0.41091925 0.99588418
vt 0.403175 0.98566461
vt 0.41675046 0.99529588
vt 0.41927263 0.98727369
vt 0.41658619 0.97820675
vt 0.39628559 0.9763853
vt 0.40661862 0.96553928
vt 0.41730881 0.95910221
vt 0.39523801 0.96862715
vt 0.40787309 0.95376551
vt 0.41822815 0.95456976
vt 0.39538205 0.94110054
vt 0.41430423 0.94171846
vt 0.77291954 0.64687407
vt 0.77067137 0.63640559
vt 0.78331155 0.63958073
vt 0.78121674 0.65273678
vt 0.75960535 0.64032078
vt 0.78234178 0.62712479
vt 0.76086634 0.62466669
vt 0.78887051 0.62363839
vt 0.756576 0.63370568
vt 0.78160197 0.61351216
vt 0.75910681 0.61432624
vt 0.75407887 0.6229924
vt 0.75632811 0.60767877
vt 0.75856823 0.59699345
vt 0.69132155 0.97410709
vt 0.69139075 0.98216271
vt 0.68332469 0.9676671
vt 0.68693811 0.9626056
vt 0.67690688 0.96535897
vt 0.66657114 0.97814608
vt 0.68066382 0.95361918
vt 0.68511021 0.98613834
vt 0.66904402 0.95322627
vt 0.67250991 0.99575353
vt 0.66047311 0.97719437
vt 0.67853588 0.94417989
vt 0.71159458 0.65315735
vt 0.69228858 0.64010322
vt 0.73852688 0.6485461
vt 0.71870703 0.63779426
vt 0.69178218 0.63074023
vt 0.73794681 0.63348466
vt 0.69747221 0.62573016
vt 0.69686699 0.61723328
vt 0.74254978 0.61735988
vt 0.71003783 0.61162913
vt 0.98366904 0.57004225
vt 0.97232783 0.56137192
vt 0.98902625 0.54469502
vt 0.98975348 0.55698937
vt 0.98050773 0.57815564
vt 0.9792586 0.54363984
vt 0.99184835 0.57257009
vt 0.96702743 0.56841052
vt 0.9675563 0.55121279
vt 0.96943289 0.57996845
vt 0.96543366 0.55741912
vt 0.94495368 0.56136507
vt 0.96308261 0.56163371
vt 0.96296841 0.5614661
vt 0.95014328 0.57089531
vt 0.94557291 0.5571577
vt 0.95683157 0.58328569
vt 0.94414103 0.57221651
vt 0.94053966 0.55855078
vt 0.95638466 0.58300167
vt 0.9683044 0.59066498
vt 0.94467264 0.57454288
vt 0.94057512 0.5630753
vt 0.94482899 0.5654614
vt 0.19634145 0.89976269
vt 0.20176804 0.90760309
vt 0.19198419 0.90725368
vt 0.19309923 0.89962029
vt 0.20331009 0.88577515
vt 0.19550665 0.92606246
vt 0.19493105 0.88902771
vt 0.21089137 0.88450593
vt 0.205135 0.92255622
vt 0.21698798 0.89566904
vt 0.21216936 0.9124549
vt 0.20613486 0.93305469
vt 0.21836297 0.88727564
vt 0.21180148 0.92591316
vt 0.52038962 0.87010413
vt 0.51455575 0.88173783
vt 0.51090217 0.87135774
vt 0.50851476 0.85368115
vt 0.5290187 0.88855982
vt 0.50876075 0.89015883
vt 0.50429994 0.8668648
vt 0.53019476 0.85289907
vt 0.51994801 0.89971256
vt 0.5305444 0.90220064
vt 0.060941983 0.95911217
vt 0.043262471 0.96422017
vt 0.048536647 0.94468921
vt 0.061481681 0.94736737
vt 0.034895238 0.94539165
vt 0.05954 0.9359076
vt 0.074009225 0.94628221
vt 0.072070189 0.93333966
vt 0.063863993 0.95542997
vt 0.081401221 0.93773329
vt 0.071538873 0.95595366
vt 0.096824482 0.96535093
vt 0.091803282 0.96083015
vt 0.099748574 0.95773786
vt 0.1012316 0.97693193
vt 0.083691493 0.97162354
vt 0.11303761 0.97015351
vt 0.091949463 0.97776264
vt 0.082342342 0.961371
vt 0.10905296 0.98057878
vt 0.086941056 0.9792158
vt 0.069365531 0.96219617
vt 0.071959257 0.9734931
vt 0.065502308 0.96840107
vt 0.93289256 0.97957736
vt 0.94448471 0.98083204
vt 0.92824048 0.9916209
vt 0.92140859 0.98556548
vt 0.93245482 0.97038084
vt 0.94318497 0.9874925
vt 0.95029604 0.973382
vt 0.92352164 0.96594918
vt 0.93722761 0.99534392
vt 0.94226199 0.96243906
vt 0.92018718 0.98092985
vt 0.92952198 0.95481449
vt 0.91310841 0.96840972
vt 0.92388391 0.95685899
vt 0.94027096 0.94956183
vt 0.91771108 0.95574731
vt 0.91052663 0.9782334
vt 0.62919706 0.50703096
vt 0.64058518 0.5050227
vt 0.64195341 0.51834834
vt 0.63416934 0.49541134
vt 0.65154237 0.50957191
vt 0.63957906 0.48004961
vt 0.6512832 0.52739507
vt 0.65015066 0.50114393
vt 0.64892691 0.48592216
vt 0.66508186 0.51357496
vt 0.65926814 0.4973582
vt 0.66679639 0.50331503
vt 0.66710937 0.5259853
vt 0.57328862 0.99644572
vt 0.57864767 0.98287207
vt 0.58149409 0.99600804
vt 0.55556351 0.9958021
vt 0.56131649 0.98268688
vt 0.54530752 0.98313385
vt 0.53888565 0.99128205
vt 0.53471267 0.98309588
vt 0.10460013 0.47311455
vt 0.11178911 0.48033816
vt 0.096778549 0.48108661
vt 0.12438477 0.47137284
vt 0.10653901 0.49561656
vt 0.11763568 0.4838658
vt 0.11225375 0.46026558
vt 0.098815314 0.49423385
vt 0.12977515 0.47787952
vt 0.1229225 0.46476203
vt 0.13828482 0.47015375
vt 0.13950494 0.48886681
vt 0.12414528 0.4536432
vt 0.14171736 0.47831023
vt 0.13225843 0.45972627
vt 0.9330579 0.88954914
vt 0.94205797 0.8882789
vt 0.93089837 0.90287429
vt 0.92961764 0.90058219
vt 0.93178022 0.87940413
vt 0.92513174 0.89841992
vt 0.92875731 0.88157207
vt 0.93892574 0.87823802
vt 0.92981875 0.87184829
vt 0.9332062 0.86253387
vt 0.91129959 0.87854403
vt 0.93205822 0.85692447
vt 0.91118747 0.87845713
vt 0.92789298 0.8829301
vt 0.91109824 0.87846839
vt 0.93647367 0.88278329
vt 0.9268983 0.86446166
vt 0.93272418 0.88448322
vt 0.91623122 0.86028874
vt 0.11955822 0.95067447
vt 0.12642574 0.97198802
vt 0.11439829 0.95821166
vt 0.53510863 0.88729912
vt 0.54501933 0.88413191
vt 0.53528613 0.88817716
vt 0.54881603 0.87620074
vt 0.53737539 0.89230269
vt 0.55698168 0.89814723
vt 0.54922581 0.90243876
vt 0.56846929 0.8819319
vt 0.54546064 0.9017185
vt 0.56168789 0.87448382
vt 0.57095474 0.90251052
vt 0.57949597 0.89850712
vt 0.035260141 0.98717964
vt 0.031454336 0.96486396
vt 0.045872007 0.96916658
vt 0.048043072 0.98924541
vt 0.023144616 0.97186702
vt 0.019954978 0.98386967
vt 0.018919569 0.99520606
vt 0.014759449 0.97343957
vt 0.0045841653 0.99504632
vt 0.97513539 0.95019805
vt 0.97685611 0.97827268
vt 0.97470188 0.95297843
vt 0.99406517 0.96238005
vt 0.97247225 0.96937191
vt 0.99176747 0.97658485
vt 0.98232216 0.98935795
vt 0.99263096 0.99193048
vt 0.97193265 0.98323411
vt 0.97194695 0.98673075
vt 0.97643274 0.99572963
vt 0.97189111 0.98966771
vt 0.40769222 0.90555829
vt 0.40297803 0.90153855
vt 0.41968429 0.90009469
vt 0.41649082 0.91033393
vt 0.39484629 0.90470976
vt 0.40572816 0.88805568
vt 0.41685975 0.92047226
vt 0.39921758 0.91105455
vt 0.40457928 0.92444694
vt 0.41036567 0.93381363
vt 0.87677538 0.47804248
vt 0.87217832 0.46493202
vt 0.88105321 0.46236914
vt 0.89084035 0.45143044
vt 0.86531192 0.49515116
vt 0.87852663 0.46023798
vt 0.85459554 0.48476917
vt 0.87404025 0.49641448
vt 0.86239076 0.4555288
vt 0.84771401 0.47939426
vt 0.081409939 0.62685323
vt 0.078005478 0.6441955
vt 0.075153135 0.64246047
vt 0.071899846 0.63802105
vt 0.091044538 0.63194335
vt 0.066538416 0.63004267
vt 0.092907913 0.61670625
vt 0.093257412 0.65271747
vt 0.070483796 0.61558992
vt 0.081546843 0.61653304
vt 0.079673253 0.61101377
vt 0.088318348 0.60974824
vt 0.1289427 0.95365942
vt 0.13943322 0.96439832
vt 0.13741662 0.99622756
vt 0.1818383 0.77688903
vt 0.18270214 0.75981796
vt 0.190106 0.75382388
vt 0.18898872 0.76991469
vt 0.16295986 0.75790906
vt 0.18266432 0.74404156
vt 0.17755762 0.75602072
vt 0.16986692 0.75199932
vt 0.16654743 0.73564446
vt 0.17510714 0.73492241
vt 0.16063157 0.73391438
vt 0.69519353 0.91237223
vt 0.70730984 0.92902654
vt 0.69354582 0.92627752
vt 0.70927793 0.90347332
vt 0.69970167 0.9337036
vt 0.69114316 0.89758599
vt 0.71360219 0.92036301
vt 0.70118535 0.89013147
vt 0.72040629 0.89394921
vt 0.98903948 0.93339634
vt 0.98622018 0.94843197
vt 0.97841555 0.93742591
vt 0.97605902 0.92560863
vt 0.97202843 0.94382578
vt 0.98822659 0.92259341
vt 0.99770582 0.91744483
vt 0.9762153 0.91426963
vt 0.99181467 0.90670103
vt 0.43269148 0.55783826
vt 0.41634947 0.56609678
vt 0.42158794 0.55412459
vt 0.41331539 0.57687682
vt 0.41010875 0.55465674
vt 0.42393565 0.58179575
vt 0.4156476 0.54616648
vt 0.44246238 0.57419324
vt 0.41622928 0.5856728
vt 0.43726674 0.58271056
vt 0.42795879 0.59080851
vt 0.78860599 0.62338698
vt 0.79461199 0.64153183
vt 0.78495342 0.63954782
vt 0.81207532 0.63095748
vt 0.79406369 0.65212202
vt 0.80105096 0.60872221
vt 0.5094856 0.52112478
vt 0.50309414 0.50601667
vt 0.51758862 0.50969476
vt 0.52332419 0.51601577
vt 0.5142377 0.49425489
vt 0.53073525 0.49999785
vt 0.51440001 0.52806962
vt 0.50780243 0.48623079
vt 0.53471345 0.50655705
vt 0.015062605 0.47968757
vt 0.020622853 0.48656213
vt 0.0046708495 0.48219341
vt 0.0046018772 0.48051292
vt 0.021401705 0.46432781
vt 0.0070184958 0.48700649
vt 0.031000841 0.47843164
vt 0.004819911 0.48511791
vt 0.0048197042 0.49623668
vt 0.004690269 0.47719103
vt 0.0048689526 0.49172306
vt 0.0048482367 0.4667474
vt 0.0077850884 0.45837075
vt 0.0050286977 0.458386
vt 0.015158846 0.45551687
vt 0.35224277 0.49359131
vt 0.36598277 0.48645324
vt 0.3603242 0.49698162
vt 0.36312175 0.47672629
vt 0.36874703 0.47726375
vt 0.34905097 0.47273481
vt 0.37804335 0.48500961
vt 0.36222106 0.46777046
vt 0.36828208 0.4556101
vt 0.34764364 0.45517606
vt 0.37633866 0.45472181
vt 0.23808466 0.41421998
vt 0.23493193 0.43208957
vt 0.22727673 0.42012477
vt 0.22776562 0.41268736
vt 0.24186717 0.4338128
vt 0.22387256 0.42907417
vt 0.23287338 0.3926248
vt 0.24926522 0.42687351
vt 0.24981295 0.3993969
vt 0.22323953 0.40127748
vt 0.2492765 0.41321093
vt 0.24897884 0.39182758
vt 0.25917637 0.4096759
vt 0.25508195 0.39649582
vt 0.034105636 0.44336796
vt 0.023364663 0.44227505
vt 0.028761212 0.42752188
vt 0.033998143 0.42364347
vt 0.033666078 0.45407498
vt 0.0048621204 0.42408395
vt 0.025568981 0.46509969
vt 0.010848254 0.44069761
vt 0.013154974 0.45066535
vt 0.0044801421 0.44214314
vt 0.035612956 0.99698329
vt 0.027823653 0.99552727
vt 0.053862616 0.98903251
vt 0.061517753 0.99472213
vt 0.067724206 0.99059808
vt 0.060306367 0.92247862
vt 0.064300269 0.9326452
vt 0.050927185 0.92863679
vt 0.059916206 0.91538566
vt 0.070620969 0.91973853
vt 0.054482199 0.91027683
vt 0.067872755 0.910761
vt 0.076375678 0.89829803
vt 0.064147122 0.89246953
vt 0.054881718 0.89873517
vt 0.47983903 0.42326677
vt 0.48534879 0.43035251
vt 0.48465237 0.44597423
vt 0.47316429 0.45367897
vt 0.48871064 0.43319464
vt 0.47852772 0.46533084
vt 0.50266576 0.4594003
vt 0.49262553 0.45975167
vt 0.45273751 0.86566377
vt 0.45498219 0.85336775
vt 0.46629038 0.88191938
vt 0.4627004 0.88457704
vt 0.44353595 0.84791136
vt 0.45003635 0.88691819
vt 0.44169471 0.87061489
vt 0.43401831 0.52249503
vt 0.42474318 0.50747925
vt 0.4382281 0.50983948
vt 0.44956437 0.51528996
vt 0.41294813 0.52128744
vt 0.44782728 0.52585363
vt 0.41427901 0.51402223
vt 0.42892814 0.52637917
vt 0.41718647 0.49830097
vt 0.40972897 0.50233221
vt 0.15419786 0.80906498
vt 0.14459318 0.80232739
vt 0.15459678 0.79850346
vt 0.14874937 0.78836596
vt 0.15739138 0.78313637
vt 0.16164188 0.78717482
vt 0.15552561 0.77637422
vt 0.16224879 0.77202141
vt 0.17029363 0.78970438
vt 0.14528117 0.78037536
vt 0.17060037 0.77873039
vt 0.14909263 0.76867235
vt 0.91705406 0.42023796
vt 0.92103672 0.43357402
vt 0.91073096 0.42294538
vt 0.92389756 0.41540974
vt 0.91247576 0.43193054
vt 0.93311125 0.43391716
vt 0.94116312 0.41872042
vt 0.9322592 0.40348941
vt 0.92451191 0.40757585
vt 0.94388354 0.40501571
vt 0.93884158 0.39535815
vt 0.94555998 0.41460991
vt 0.56108177 0.40309417
vt 0.56932795 0.37139493
vt 0.56997931 0.39979094
vt 0.5408501 0.36342812
vt 0.53620028 0.40189189
vt 0.53591263 0.36903572
vt 0.53573191 0.3629263
vt 0.60226589 0.99578285
vt 0.5816167 0.99034166
vt 0.62098742 0.98834777
vt 0.82520604 0.44738525
vt 0.8299982 0.42906541
vt 0.83582759 0.45113581
vt 0.8297618 0.46322823
vt 0.8239522 0.43153846
vt 0.84535229 0.44311821
vt 0.84415233 0.46270519
vt 0.81582373 0.44862765
vt 0.8154375 0.43864846
vt 0.85488838 0.46409076
vt 0.85321575 0.4478085
vt 0.23072596 0.49622023
vt 0.22367568 0.50277174
vt 0.20964676 0.49988568
vt 0.21710782 0.50919169
vt 0.22461735 0.51229566
vt 0.20257016 0.50420392
vt 0.22638075 0.52750754
vt 0.19204059 0.51501209
vt 0.64843947 0.98237497
vt 0.66415387 0.98144335
vt 0.64580631 0.99427485
vt 0.63190562 0.98728091
vt 0.66871434 0.99618089
vt 0.62981528 0.99195451
vt 0.15700962 0.86682642
vt 0.15246774 0.84772766
vt 0.16722104 0.85904825
vt 0.14453204 0.8620224
vt 0.16321933 0.84652543
vt 0.14463061 0.85318321
vt 0.14550947 0.87028313
vt 0.16467075 0.83572721
vt 0.14852901 0.8419984
vt 0.15506849 0.83200204
vt 0.14665896 0.84460837
vt 0.14702305 0.84270418
vt 0.1463761 0.83511329
vt 0.14697614 0.84128916
vt 0.1458534 0.83349693
vt 0.60718524 0.89862281
vt 0.59919995 0.89396894
vt 0.61418122 0.88488889
vt 0.61120844 0.90096062
vt 0.60054785 0.90200257
vt 0.59773481 0.88322234
vt 0.62217522 0.88758713
vt 0.60226232 0.8773191
vt 0.62240613 0.88214517
vt 0.60488409 0.86472857
vt 0.73460555 0.76926047
vt 0.72945929 0.77330565
vt 0.73292989 0.75942862
vt 0.73937684 0.76959527
vt 0.72181088 0.75499678
vt 0.74000835 0.74621016
vt 0.74507153 0.76006627
vt 0.75538045 0.76225841
vt 0.74734324 0.7665329
vt 0.75905389 0.75644261
vt 0.74769348 0.77770907
vt 0.97138178 0.43447059
vt 0.95390695 0.43284637
vt 0.95785975 0.41962224
vt 0.96820503 0.41462749
vt 0.94189602 0.42067367
vt 0.97786063 0.4155795
vt 0.95326638 0.41439903
vt 0.97501957 0.40275878
vt 0.97841251 0.3989839
vt 0.96695489 0.40097445
vt 0.97518277 0.39898461
vt 0.95489269 0.40244043
vt 0.95621109 0.3989898
vt 0.96818453 0.39898741
vt 0.96587646 0.39898825
vt 0.42426232 0.95508903
vt 0.43130311 0.95751512
vt 0.43203503 0.96530211
vt 0.41814518 0.94469637
vt 0.44025442 0.96106124
vt 0.42813706 0.94829184
vt 0.42813256 0.9361012
vt 0.44226041 0.9474287
vt 0.43565431 0.9384653
vt 0.42174909 0.92834222
vt 0.4105216 0.9325577
vt 0.65417719 0.87682706
vt 0.64965105 0.87852544
vt 0.64114863 0.86593616
vt 0.65118116 0.85621643
vt 0.63844687 0.88646519
vt 0.63858986 0.8578527
vt 0.63595396 0.87823743
vt 0.62984872 0.86206108
vt 0.64243275 0.8501994
vt 0.36651814 0.40887105
vt 0.35653132 0.4189344
vt 0.34809807 0.41614276
vt 0.34734246 0.40826827
vt 0.37109184 0.42703164
vt 0.35108662 0.42687541
vt 0.36692926 0.39722955
vt 0.37194797 0.4143225
vt 0.3549881 0.43422526
vt 0.37569016 0.39955157
vt 0.71178776 0.37969708
vt 0.70720512 0.36617225
vt 0.72604316 0.37876272
vt 0.71777332 0.39339679
vt 0.69110769 0.38238299
vt 0.72844726 0.39593697
vt 0.7111178 0.39476889
vt 0.6934796 0.38696724
vt 0.72361296 0.40184057
vt 0.69404048 0.39561975
vt 0.72676909 0.40243828
vt 0.71460366 0.40317696
vt 0.7106837 0.39719301
vt 0.70421886 0.98711014
vt 0.71777332 0.98714679
vt 0.7106837 0.99094301
vt 0.70027643 0.97933221
vt 0.69890708 0.99097359
vt 0.69900233 0.99099535
vt 0.69404048 0.98936975
vt 0.69889694 0.99102759
vt 0.69247985 0.99289453
vt 0.6988911 0.99103165
vt 0.69880515 0.99104732
vt 0.11150857 0.37311816
vt 0.11755823 0.3853941
vt 0.11399264 0.39754784
vt 0.097365752 0.37420642
vt 0.1168813 0.37410402
vt 0.12561166 0.39069968
vt 0.097771719 0.38638163
vt 0.12054638 0.37929243
vt 0.11529937 0.36990702
vt 0.12565354 0.3909027
vt 0.11131594 0.36453718
vt 0.12568714 0.39101732
vt 0.11945441 0.40220541
vt 0.68136817 0.61615431
vt 0.68832701 0.61860335
vt 0.68244559 0.63212538
vt 0.66970593 0.62342155
vt 0.67069072 0.6481598
vt 0.6595363 0.63683152
vt 0.66321051 0.65281081
vt 0.65944368 0.62583148
vt 0.069964662 0.86354136
vt 0.073768184 0.86279988
vt 0.077949733 0.87109274
vt 0.077055991 0.88230103
vt 0.065950863 0.84957337
vt 0.088614143 0.87565434
vt 0.085620426 0.85760188
vt 0.086060204 0.88686413
vt 0.92782158 0.40313888
vt 0.91596162 0.40097851
vt 0.9241792 0.39343911
vt 0.93060172 0.39147121
vt 0.91051888 0.38958126
vt 0.92751247 0.37906879
vt 0.91204745 0.37919986
vt 0.93721527 0.38382655
vt 0.92104709 0.37426513
vt 0.93872815 0.3677271
vt 0.93204033 0.36749792
vt 0.4237335 0.55130142
vt 0.42702627 0.54554117
vt 0.4315573 0.55804336
vt 0.42135873 0.53362203
vt 0.4357017 0.55514258
vt 0.43108115 0.54012489
vt 0.40938592 0.54054266
vt 0.43737754 0.54111958
vt 0.43798721 0.53348178
vt 0.44103232 0.55267686
vt 0.43552527 0.52429849
vt 0.49974191 0.84838378
vt 0.50792384 0.84548384
vt 0.50658065 0.85927218
vt 0.48505071 0.8547368
vt 0.48456496 0.86666048
vt 0.47771561 0.85693306
vt 0.47213584 0.86489618
vt 0.47382918 0.85820317
vt 0.48454702 0.87048608
vt 0.47490531 0.86767054
vt 0.36399558 0.36993277
vt 0.36530697 0.37939978
vt 0.34732533 0.38616419
vt 0.35200378 0.37392992
vt 0.36293191 0.38967723
vt 0.3732217 0.38695055
vt 0.35952252 0.39349353
vt 0.37520567 0.39542836
vt 0.38204622 0.38038105
vt 0.34836584 0.39727622
vt 0.35677272 0.40258259
vt 0.41104874 0.87835437
vt 0.39518949 0.86653864
vt 0.41001517 0.86595452
vt 0.3973012 0.87330317
vt 0.39961264 0.85068107
vt 0.39490741 0.88749391
vt 0.40947625 0.85423481
vt 0.3065272 0.36343968
vt 0.30663016 0.37096214
vt 0.29560322 0.36667877
vt 0.29162121 0.36413395
vt 0.30267602 0.35533029
vt 0.29176632 0.36261255
vt 0.31481427 0.34795678
vt 0.29510072 0.34905571
vt 0.30700412 0.3473711
vt 0.29012272 0.36214811
vt 0.31298584 0.33694863
vt 0.28768936 0.35273159
vt 0.29367477 0.34249949
vt 0.32032555 0.34370184
vt 0.2876353 0.35174888
vt 0.28509259 0.34604132
vt 0.89379692 0.84973586
vt 0.90608394 0.866642
vt 0.89456046 0.86669499
vt 0.90609342 0.84832752
vt 0.90026277 0.8715952
vt 0.89659321 0.84113133
vt 0.91628247 0.8622871
vt 0.90350676 0.83794123
vt 0.91676682 0.84810102
vt 0.5828613 0.87970138
vt 0.57729554 0.88696492
vt 0.57313466 0.87653381
vt 0.57434618 0.85807019
vt 0.59275603 0.88008273
vt 0.5691852 0.86780059
vt 0.579956 0.85680962
vt 0.56716478 0.85402942
vt 0.47448897 0.77372682
vt 0.44063634 0.77708924
vt 0.47225633 0.75032222
vt 0.81931722 0.99607468
vt 0.7941907 0.99278802
vt 0.79499173 0.99008137
vt 0.78422534 0.98538709
vt 0.79232109 0.99385834
vt 0.81522286 0.9849208
vt 0.79389232 0.99137199
vt 0.72017854 0.75612402
vt 0.69899786 0.74330163
vt 0.71789676 0.74304271
vt 0.72540516 0.73603964
vt 0.70536077 0.76193881
vt 0.69193995 0.73613352
vt 0.49323854 0.79626316
vt 0.49335864 0.80824041
vt 0.4844996 0.7990762
vt 0.48593122 0.77583766
vt 0.5040738 0.80929583
vt 0.47315428 0.80232286
vt 0.50080097 0.78586811
vt 0.67192245 0.8740226
vt 0.66835886 0.8873117
vt 0.65958321 0.8864134
vt 0.66102731 0.87137222
vt 0.66876078 0.86249274
vt 0.67415816 0.85315675
vt 0.45937085 0.91193563
vt 0.47431278 0.91425574
vt 0.44536957 0.91477138
vt 0.45171493 0.90180182
vt 0.44380799 0.9160924
vt 0.44282255 0.91539049
vt 0.46547937 0.91767609
vt 0.44146875 0.91137284
vt 0.47284079 0.91888094
vt 0.43589497 0.35466337
vt 0.43014082 0.36687863
vt 0.42619944 0.35206288
vt 0.43696937 0.3452124
vt 0.41926208 0.35661721
vt 0.41476822 0.34714776
vt 0.44290769 0.3550514
vt 0.42094672 0.37167537
vt 0.42981651 0.33894879
vt 0.41434479 0.33694959
vt 0.41109934 0.33836782
vt 0.74205661 0.85449833
vt 0.73869973 0.84554732
vt 0.73919117 0.83212161
vt 0.75086766 0.82422316
vt 0.75944859 0.83766681
vt 0.88740271 0.71971726
vt 0.89916879 0.72432709
vt 0.90270108 0.73485446
vt 0.87971866 0.7333796
vt 0.91098243 0.72982073
vt 0.89795703 0.74629354
vt 0.90681773 0.71693355
vt 0.54846358 0.86274332
vt 0.55842531 0.86506301
vt 0.54444098 0.87170953
vt 0.53611249 0.86106837
vt 0.54364347 0.85295743
vt 0.56679767 0.85475105
vt 0.31390572 0.93686724
vt 0.30543467 0.95870143
vt 0.30098996 0.95679808
vt 0.3033075 0.94842076
vt 0.3062354 0.96411318
vt 0.3109993 0.93301213
vt 0.92509931 0.91307765
vt 0.93165529 0.90494442
vt 0.93508941 0.91166896
vt 0.93215495 0.92957926
vt 0.9431718 0.90239435
vt 0.94146323 0.93329012
vt 0.94413149 0.91074276
vt 0.8859247 0.8665123
vt 0.87806731 0.86242455
vt 0.89366692 0.85464746
vt 0.8914181 0.86578465
vt 0.88107812 0.88119006
vt 0.89143878 0.87981492
vt 0.88889176 0.88704216
vt 0.69189483 0.88611877
vt 0.68733209 0.88097203
vt 0.69623458 0.87244928
vt 0.70782357 0.87345827
vt 0.67668617 0.88604403
vt 0.82238168 0.75996912
vt 0.81558168 0.75042093
vt 0.82710534 0.74620003
vt 0.83652174 0.76254106
vt 0.81798702 0.73705703
vt 0.83724922 0.76006329
vt 0.82560736 0.73073769
vt 0.83736348 0.75562137
vt 0.84035558 0.7443471
vt 0.84034818 0.74437642
vt 0.84037012 0.74432516
vt 0.48368755 0.69959372
vt 0.50111461 0.70885634
vt 0.48930028 0.71029431
vt 0.48371926 0.6997869
vt 0.47988442 0.68784094
vt 0.49292091 0.71451581
vt 0.48367855 0.69974965
vt 0.47682312 0.69342816
vt 0.48359025 0.69961298
vt 0.47316113 0.68323666
vt 0.55494261 0.4341048
vt 0.54695815 0.42807758
vt 0.55684477 0.41773117
vt 0.56400359 0.43173444
vt 0.54908144 0.41523427
vt 0.55968773 0.41108519
vt 0.53545249 0.42442739
vt 0.54397541 0.40438908
vt 0.094765119 0.98249531
vt 0.06622041 0.99652076
vt 0.077409446 0.99039674
vt 0.078273028 0.98531574
vt 0.076181613 0.99023265
vt 0.92605507 0.85082895
vt 0.9360531 0.85090309
vt 0.93806326 0.85611349
vt 0.92960882 0.8440733
vt 0.9475677 0.83903235
vt 0.93998927 0.826886
vt 0.92575973 0.8399958
vt 0.21925068 0.93229926
vt 0.21031918 0.92601734
vt 0.21477629 0.9197197
vt 0.20607331 0.93812132
vt 0.21578009 0.94942051
vt 0.86941129 0.74294531
vt 0.85813659 0.73509657
vt 0.85332811 0.7209394
vt 0.87560856 0.72170782
vt 0.8597253 0.74550128
vt 0.84687984 0.74329782
vt 0.87777138 0.73786879
vt 0.62601864 0.86990142
vt 0.61694497 0.86772406
vt 0.61235958 0.86427873
vt 0.6304872 0.85703701
vt 0.63060826 0.86164582
vt 0.63080347 0.86881459
vt 0.63067138 0.87218893
vt 0.62796897 0.88630766
vt 0.63164467 0.88325977
vt 0.62579036 0.88215971
vt 0.19343737 0.89118606
vt 0.18270257 0.90205199
vt 0.17561001 0.8720969
vt 0.18587226 0.87509131
vt 0.22302912 0.85495216
vt 0.21670738 0.85556
vt 0.21529038 0.84365731
vt 0.22324456 0.87021196
vt 0.20907138 0.84934199
vt 0.21540868 0.87144059
vt 0.20649578 0.86170036
vt 0.20653342 0.96024609
vt 0.20963296 0.97899717
vt 0.20036924 0.9807567
vt 0.19825201 0.97110224
vt 0.2041036 0.98468715
vt 0.19965753 0.98031789
vt 0.20817164 0.9881317
vt 0.20181745 0.98349309
vt 0.20020007 0.98152298
vt 0.98485821 0.80622864
vt 0.98350447 0.79779404
vt 0.99728972 0.80856729
vt 0.98334289 0.81582814
vt 0.97204578 0.80520815
vt 0.99750578 0.81744206
vt 0.98615772 0.82361865
vt 0.94655329 0.86463428
vt 0.95656621 0.87766504
vt 0.94878513 0.88390106
vt 0.94212794 0.86914063
vt 0.95949244 0.88635105
vt 0.96949327 0.88088143
vt 0.43662539 0.85470301
vt 0.42614961 0.85098112
vt 0.42553088 0.84607291
vt 0.4374961 0.83780187
vt 0.43235976 0.82799387
vt 0.44114536 0.83177942
vt 0.87484437 0.87841338
vt 0.86137611 0.87578589
vt 0.86110908 0.86716211
vt 0.85863429 0.88761616
vt 0.84793985 0.87922299
vt 0.86484063 0.84474492
vt 0.86176354 0.83814001
vt 0.87216187 0.83806193
vt 0.87576371 0.85214114
vt 0.84670627 0.84872818
vt 0.86894417 0.85616189
vt 0.85609591 0.85389048
vt 0.57211912 0.79529995
vt 0.57878363 0.80509794
vt 0.5652315 0.80918282
vt 0.56185365 0.8046214
vt 0.55489576 0.80814701
vt 0.56324434 0.79171318
vt 0.55660111 0.79130667
vt 0.55002999 0.80264175
vt 0.73963541 0.9034394
vt 0.73881972 0.91843909
vt 0.73002744 0.91844392
vt 0.72559607 0.91461116
vt 0.75060922 0.91843772
vt 0.72341657 0.91844356
vt 0.41287953 0.81949931
vt 0.4045569 0.83376396
vt 0.39374781 0.83931577
vt 0.40308085 0.81298053
vt 0.39792153 0.81298208
vt 0.41102707 0.81297797
vt 0.39670491 0.81298232
vt 0.41517609 0.81297541
vt 0.42483115 0.7629627
vt 0.43279916 0.76914656
vt 0.43135214 0.77713662
vt 0.44431707 0.7713356
vt 0.44319054 0.754004
vt 0.44810444 0.76843947
vt 0.45356545 0.76022178
vt 0.75309289 0.91763651
vt 0.76640719 0.90894914
vt 0.77987862 0.91367185
vt 0.77640754 0.90492851
vt 0.78091609 0.90481818
vt 0.7463854 0.7985993
vt 0.74759126 0.80869401
vt 0.7390489 0.8128553
vt 0.75025034 0.80000663
vt 0.75194329 0.81445825
vt 0.75122803 0.80504006
vt 0.75226611 0.81284487
vt 0.74047488 0.82280731
vt 0.75113875 0.81666434
vt 0.7486878 0.82515699
vt 0.47016922 0.85914278
vt 0.46134675 0.8655104
vt 0.45620275 0.85247362
vt 0.47379234 0.84775949
vt 0.46514487 0.87164676
vt 0.46236405 0.84518075
vt 0.089542672 0.99620146
vt 0.082740955 0.99319541
vt 0.10838109 0.98823166
vt 0.98200703 0.74572486
vt 0.97279006 0.74140942
vt 0.98066211 0.73071307
vt 0.99605531 0.73797256
vt 0.99004412 0.7206462
vt 0.14928387 0.66349053
vt 0.15636435 0.65746617
vt 0.16433436 0.66697335
vt 0.16379656 0.66738427
vt 0.14390337 0.6481446
vt 0.16602035 0.65555513
vt 0.15505633 0.64290118
vt 0.16333079 0.64684838
vt 0.95395237 0.82805872
vt 0.94327217 0.82875317
vt 0.94114834 0.81526268
vt 0.94766533 0.81395423
vt 0.94962001 0.8406288
vt 0.95310611 0.83371884
vt 0.95447981 0.83043796
vt 0.39772177 0.93388748
vt 0.39511853 0.90816867
vt 0.40563297 0.93310857
vt 0.40678096 0.92783439
vt 0.42519954 0.95536059
vt 0.42935738 0.96327579
vt 0.4252055 0.9688378
vt 0.43681979 0.96540368
vt 0.42521051 0.9807806
vt 0.58410949 0.87842345
vt 0.59420359 0.90318304
vt 0.58205873 0.90289998
vt 0.59740508 0.88328749
vt 0.59950554 0.90224075
vt 0.99011195 0.84085238
vt 0.99638337 0.85606194
vt 0.97934228 0.85494268
vt 0.97291625 0.84935784
vt 0.47987017 0.7771365
vt 0.47592431 0.79221284
vt 0.46977842 0.78446054
vt 0.46233052 0.7926845
vt 0.45758003 0.77661788
vt 0.18485077 0.92865574
vt 0.20010382 0.92702746
vt 0.18601143 0.94054657
vt 0.17567137 0.94993109
vt 0.075967401 0.83847988
vt 0.072182529 0.85209012
vt 0.066892698 0.83245575
vt 0.081072219 0.8555367
vt 0.4984937 0.89395303
vt 0.50535822 0.90028864
vt 0.49277633 0.89791751
vt 0.48742276 0.91800046
vt 0.41859838 0.76286912
vt 0.41765112 0.77680868
vt 0.40452871 0.7712149
vt 0.40372097 0.75677443
vt 0.39996275 0.7683506
vt 0.39647439 0.77393281
vt 0.39514109 0.76028425
vt 0.41343468 0.85346603
vt 0.42386848 0.84731454
vt 0.42630389 0.85395604
vt 0.41059601 0.85121363
vt 0.4311299 0.85595822
vt 0.42029575 0.83567607
vt 0.42779642 0.83276486
vt 0.39423648 0.7757808
vt 0.40668032 0.78569883
vt 0.39748633 0.79146469
vt 0.41142112 0.791996
vt 0.41523269 0.77726889
vt 0.81610417 0.86475217
vt 0.8305214 0.86218297
vt 0.82575756 0.86852884
vt 0.82232946 0.86976451
vt 0.82508653 0.85501009
vt 0.83180499 0.87069362
vt 0.8369863 0.86753678
vt 0.93001956 0.77663362
vt 0.92586511 0.7649523
vt 0.93869966 0.77774644
vt 0.9444229 0.76765978
vt 0.94676626 0.77491218
vt 0.70688975 0.87153965
vt 0.71595651 0.87780112
vt 0.70892972 0.88629097
vt 0.72811645 0.87471312
vt 0.72193104 0.88756567
vt 0.72579563 0.87411821
vt 0.098567754 0.74723434
vt 0.10343203 0.74408567
vt 0.10145251 0.75561696
vt 0.11568434 0.74593163
vt 0.11754946 0.75243044
vt 0.10778823 0.74069262
vt 0.10799851 0.7607519
vt 0.11327973 0.74068987
vt 0.20914078 0.86467677
vt 0.21820585 0.87630212
vt 0.2068558 0.88623834
vt 0.89343405 0.8496995
vt 0.88735551 0.85525215
vt 0.8791945 0.84342563
vt 0.88443869 0.83598548
vt 0.89358944 0.84209883
vt 0.69187003 0.80738848
vt 0.6829375 0.79947555
vt 0.69579649 0.79421377
vt 0.67797863 0.80891317
vt 0.67513394 0.79751146
vt 0.63353652 0.98259336
vt 0.62588036 0.9953146
vt 0.61359245 0.99181199
vt 0.073241226 0.97559285
vt 0.079485342 0.97847104
vt 0.067219928 0.99626195
vt 0.96274531 0.88749719
vt 0.96944779 0.88958371
vt 0.97589201 0.8987745
vt 0.96427661 0.90277547
vt 0.95679528 0.89053577
vt 0.40995151 0.83855045
vt 0.41203421 0.84897608
vt 0.39407793 0.83681774
vt 0.40610436 0.85486197
vt 0.92933911 0.98051184
vt 0.9184801 0.98786378
vt 0.9110077 0.98148638
vt 0.91517591 0.99648899
vt 0.14900604 0.98429483
vt 0.14256431 0.99616301
vt 0.1290838 0.99660438
vt 0.12387987 0.98007792
vt 0.12071081 0.96834105
vt 0.13208701 0.96691477
vt 0.11318844 0.98048455
vt 0.49129361 0.85111284
vt 0.47293311 0.85542035
vt 0.4759199 0.83726931
vt 0.11133651 0.99664414
vt 0.10464133 0.99146569
vt 0.10580117 0.97946084
vt 0.90591097 0.96402878
vt 0.90471792 0.98033154
vt 0.89465809 0.97052824
vt 0.91127068 0.97503603
vt 0.53696138 0.98337233
vt 0.53132963 0.99538106
vt 0.51994425 0.98756689
vt 0.8183049 0.89678818
vt 0.80480641 0.90309179
vt 0.81875545 0.88887358
vt 0.80036455 0.89511472
vt 0.16091146 0.81650531
vt 0.15929317 0.82427073
vt 0.15046982 0.81967592
vt 0.14964828 0.81828535
vt 0.14381637 0.81941402
vt 0.145853 0.82010573
vt 0.14578983 0.8074649
vt 0.10790445 0.94782221
vt 0.097731255 0.95535946
vt 0.1078025 0.94755846
vt 0.10486669 0.96415764
vt 0.11173985 0.96049452
vt 0.10995167 0.96517867
vt 0.67580742 0.94449991
vt 0.6941452 0.93232721
vt 0.68872285 0.94865906
vt 0.40792868 0.80092859
vt 0.41103697 0.80475932
vt 0.40273356 0.80849415
vt 0.39634895 0.80234653
vt 0.41212359 0.79597044
vt 0.39484334 0.79847145
vt 0.40127856 0.79139948
vt 0.90252578 0.8870151
vt 0.89377016 0.8763057
vt 0.90394264 0.87276387
vt 0.91288811 0.87529308
vt 0.13814536 0.88721716
vt 0.12891413 0.8744368
vt 0.14591612 0.87553287
vt 0.11243212 0.99191672
vt 0.13031948 0.99024415
vt 0.11852042 0.99705929
vt 0.76052648 0.84595239
vt 0.76358384 0.84190273
vt 0.76967508 0.85465837
vt 0.76347655 0.85439301
vt 0.75334132 0.84558249
vt 0.76602 0.83825684
vt 0.48080501 0.91739327
vt 0.47296238 0.90878838
vt 0.47931904 0.90348732
vt 0.48993149 0.90871072
vt 0.40009466 0.99521953
vt 0.38656783 0.98993325
vt 0.40169406 0.98773396
vt 0.15741727 0.97999883
vt 0.15369773 0.99660635
vt 0.14479288 0.99055469
vt 0.53412706 0.80326563
vt 0.52466762 0.80080122
vt 0.52249509 0.79206014
vt 0.51892346 0.80923837
vt 0.22261904 0.80958819
vt 0.2123737 0.82378185
vt 0.20708431 0.81289983
vt 0.8312099 0.98710847
vt 0.82212526 0.99548286
vt 0.81687152 0.9849754
vt 0.54704279 0.79943097
vt 0.55108178 0.80841118
vt 0.53773773 0.80295146
vt 0.53540826 0.79253352
vt 0.22040363 0.82448328
vt 0.22183794 0.83883739
vt 0.21031685 0.82876897
vt 0.2073939 0.84014475
vt 0.54025376 0.85556942
vt 0.53433549 0.8427999
vt 0.55067402 0.84731841
vt 0.67284244 0.80806053
vt 0.66644198 0.82374775
vt 0.66027677 0.81592029
vt 0.46724951 0.79440093
vt 0.46958548 0.8035832
vt 0.45823032 0.80787396
vt 0.45612848 0.79645282
vt 0.19844031 0.99225539
vt 0.20872904 0.99034733
vt 0.21292819 0.99516749
vt 0.69247818 0.98846793
vt 0.69698453 0.99554366
vt 0.68727958 0.99445969
vt 0.68350846 0.99210447
vt 0.6950931 0.99661446
vt 0.68772268 0.9871555
vt 0.70755041 0.99290556
vt 0.72040123 0.98830891
vt 0.71996248 0.99532485
vt 0.5040493 0.90033734
vt 0.50502074 0.88912594
vt 0.51630771 0.90295082
vt 0.94472641 0.99425513
vt 0.95230758 0.98264766
vt 0.95179945 0.98518777
vt 0.94711763 0.99575132
vt 0.95230055 0.98175228
vt 0.95313334 0.98275965
vt 0.94758469 0.98675722
vt 0.94352925 0.98899615
vt 0.94230878 0.98986673
vt 0.0033053607 0.9817003
vt 0.0090423627 0.98611337
vt 0.0033115004 0.99665707
vt 0.059050445 0.97100049
vt 0.068371512 0.97316039
vt 0.062891915 0.98099422
vt 0.061211269 0.96626335
vt 0.51477504 0.99620515
vt 0.51225019 0.99018556
vt 0.52322918 0.99112171
vt 0.39675778 0.98787588
vt 0.38634354 0.98566407
vt 0.38727072 0.97619265
vt 0.10735119 0.98338056
vt 0.11645348 0.98716319
vt 0.10861474 0.98854339
vt 0.1106957 0.97972351
vt 0.10517571 0.9792732
vt 0.21391283 0.96780896
vt 0.21779829 0.97087938
vt 0.20608413 0.98117685
vt 0.031024804 0.9902494
vt 0.020126143 0.99660796
vt 0.030315131 0.98945707
vt 0.031751648 0.98898047
vt 0.070685245 0.98154366
vt 0.059671599 0.98780185
vt 0.060346831 0.98093987
vt 0.059212256 0.98672736
vt 0.6841073 0.98958689
vt 0.67704874 0.99576247
vt 0.67533064 0.99210954
vt 0.68341583 0.9893263
vt 0.68416858 0.98893005
vt 0.68507248 0.98851621
vt 0.68664396 0.99008101
vt 0.039159264 0.99412709
vt 0.03748703 0.99527168
vt 0.027968027 0.98660499
vt 0.066450529 0.99587452
vt 0.073889688 0.99157554
vt 0.075645283 0.99634308
vt 0.076208279 0.98840332
vt 0.067867085 0.99610025
vt 0.066689409 0.99543864
vt 0.44958538 0.9950065
vt 0.45358837 0.98608935
vt 0.45686632 0.99604088
vt 0.12916413 0.99009913
vt 0.13355802 0.98708767
vt 0.12913015 0.99702042
vt 0.0079047456 0.98621517
vt 0.0038654422 0.99565977
vt 0.0078501636 0.98602295
vt 0.079327241 0.98561907
vt 0.076673061 0.9955911
vt 0.074306332 0.99331969
vt 0.073765337 0.99543142
vt 0.12037311 0.98011106
vt 0.13126883 0.97911125
vt 0.12442585 0.98909545
vt 0.028124137 0.99663645
vt 0.03154771 0.98874456
vt 0.031315371 0.99418104
vt 0.02644847 0.99509317
vt 0.0039633405 0.99585938
vt 0.011892443 0.99609768
vt 0.0039194445 0.99634987
vt 0.14622566 0.99681503
vt 0.14420395 0.9901697
vt 0.14781825 0.99221909
usemtl Tile_+034_+029_L18_00033_0
f 1112/1118 1116/1119 1111/1120
f 1216/1810 1215/1811 1214/1812
f 1161/2244 1179/2245 1178/2246
f 730/1212 487/1213 480/1214
f 1196/2160 1195/2161 1213/2162
f 1195/2161 1140/2166 1209/2168
f 1141/2429 1199/2430 1138/2431
f 1019/915 1020/916 29/917
f 1019/915 1018/918 1040/920
f 1016/1135 1118/1138 1103/1130
f 1113/1121 1114/1123 1081/1126
f 1070/923 1072/928 1064/932
f 1104/1538 1096/1539 1095/1540
f 1046/1774 1042/1775 1011/1776
f 1104/2182 1047/2183 1096/2184
f 1027/1899 1026/1900 1036/1901
f 1080/1131 1081/1126 1117/1128
f 1052/931 1062/937 1064/932
f 1038/929 1040/920 1049/924
f 1064/2363 1062/2364 1065/2365
f 1100/2185 1107/2190 1030/2189
f 1014/1834 1013/1835 1012/1836
f 1068/2280 1063/2281 1064/2282
f 1079/2374 1077/2375 1073/2376
f 1072/928 1040/920 1052/931
f 1025/1779 1042/1775 1051/1780
f 1098/1541 1104/1538 1095/1540
f 1153/1788 1193/1789 1155/1790
f 1133/805 673/806 1200/807
f 672/846 713/847 714/848
f 1138/949 699/950 1141/951
f 1197/2686 1164/2687 1198/2688
f 1429/1957 667/1958 1430/1959
f 692/870 1142/866 663/858
f 1108/1017 629/1018 1109/1019
f 675/2106 1147/2107 671/2108
f 1144/874 1391/875 1131/876
f 1134/2310 689/2311 1150/2312
f 1390/1003 1189/999 711/990
f 1142/1799 1143/1794 1188/1796
f 1178/2246 1185/2250 1170/2247
f 1171/1869 1373/1870 1172/1871
f 1160/1232 1161/1235 1163/1233
f 1158/2612 1369/2613 1159/2614
f 1153/1788 1155/1790 1154/1791
f 668/1168 1321/1169 735/1170
f 385/890 607/888 397/889
f 449/1353 593/1354 433/1355
f 1320/1 1326/2 496/3
f 675/2106 671/2108 674/2109
f 1435/2331 1395/2327 1436/2333
f 1214/2317 1135/2314 1134/2310
f 704/1215 730/1212 480/1214
f 719/1369 1136/1370 707/1371
f 1187/1223 1143/1225 1142/1227
f 1319/864 486/868 733/871
f 712/958 683/966 696/961
f 725/971 740/967 696/961
f 1138/949 1203/952 699/950
f 1144/2559 606/2560 651/2561
f 739/962 716/968 680/953
f 723/2500 726/2501 705/2502
f 508/1682 668/1683 670/1684
f 392/1428 398/1429 738/1430
f 642/1590 450/1591 589/1592
f 15/2696 1087/2697 597/2698
f 597/1398 1087/1399 1123/1400
f 416/1084 650/1085 410/1086
f 429/1555 430/1556 608/1545
f 1029/2036 1030/2037 1132/2038
f 693/882 618/879 1131/876
f 1009/1786 623/1787 1024/1783
f 591/735 643/736 442/737
f 1090/1558 1016/1559 1129/1560
f 589/1592 447/1593 642/1590
f 594/1413 436/1421 569/1418
f 582/1569 593/1573 596/1576
f 593/1573 581/1571 632/1574
f 1090/1558 1091/1565 1103/1564
f 588/2904 589/2905 584/2906
f 29/917 30/927 620/922
f 409/1094 563/1104 441/1105
f 1075/1570 1082/1572 1117/1567
f 1084/2291 1121/2292 1128/2293
f 1069/2370 1078/2368 1084/2372
f 1074/2371 1121/2373 1078/2368
f 1084/1417 1124/1412 1085/1405
f 1085/1405 1126/1408 1123/1400
f 1074/2295 1075/2297 1128/2293
f 1128/2293 1125/2294 1084/2291
f 582/2299 1125/2294 1122/2296
f 1124/1412 1084/1417 1125/1416
f 1125/1416 1130/1415 1127/1404
f 1128/2293 1122/2296 1125/2294
f 1088/1402 1123/1400 1087/1399
f 1088/1402 1085/1405 1123/1400
f 16/2699 15/2696 597/2698
f 1124/1412 1125/1416 1127/1404
f 632/1574 581/1571 601/1568
f 582/1569 1120/1566 601/1568
f 1120/2298 582/2299 1122/2296
f 1016/1135 1102/1133 573/1137
f 1089/1563 1090/1558 578/1561
f 1120/1566 1089/1563 601/1568
f 1129/1560 578/1561 1090/1558
f 1129/1858 1016/1859 602/1860
f 595/1411 1127/1404 1130/1415
f 1103/1564 1118/1562 1090/1558
f 32/2300 444/2301 569/2302
f 1016/1559 1090/1558 1118/1562
f 1091/1565 1120/1566 1117/1567
f 1117/1567 1103/1564 1091/1565
f 1117/1128 1114/1123 1103/1130
f 1119/1125 1101/1127 1114/1123
f 1103/1130 1114/1123 1101/1127
f 1102/1133 1016/1135 1103/1130
f 1101/1127 1119/1125 1060/1129
f 1098/1541 1110/1547 1100/1544
f 1081/1920 1066/1921 1113/1922
f 1112/1927 1113/1922 1061/1924
f 1066/1921 1061/1924 1113/1922
f 1114/1123 1111/1120 1119/1125
f 1113/1121 1112/1118 1111/1120
f 1081/1126 1114/1123 1117/1128
f 1114/1123 1113/1121 1111/1120
f 1119/1125 1111/1120 1115/1124
f 1044/1905 1060/1908 1115/1911
f 1111/1120 1044/1122 1115/1124
f 1116/946 1112/948 1061/943
f 1041/941 1044/947 1116/946
f 1100/2185 1059/2188 1046/2187
f 1048/1842 1096/1844 1105/1847
f 1030/2189 1094/2191 1059/2188
f 1060/1129 1099/1134 1094/1132
f 1104/1538 1098/1541 1100/1544
f 612/1543 1029/1546 1098/1541
f 1100/2185 1047/2183 1104/2182
f 1029/1546 1110/1547 1098/1541
f 1010/1785 1028/1784 1051/1780
f 1029/1546 1132/1557 1107/1550
f 1107/1550 1110/1547 1029/1546
f 603/1728 613/1729 1106/1730
f 613/1729 629/1733 1106/1730
f 629/1733 1108/1731 1106/1730
f 1095/1540 612/1543 1098/1541
f 1094/1132 1102/1133 1101/1127
f 1030/2037 1107/2040 1132/2038
f 1093/1136 573/1137 1102/1133
f 1094/1132 1093/1136 1102/1133
f 1102/1133 1103/1130 1101/1127
f 1101/1127 1060/1129 1094/1132
f 1094/2191 1099/2193 1059/2188
f 1100/2185 1030/2189 1059/2188
f 1059/1778 1099/1782 1051/1780
f 1045/1903 1010/1909 1099/1910
f 1081/2972 1080/2973 1082/2974
f 1082/1926 1083/1929 1055/1923
f 1069/2283 1085/2289 1092/2286
f 1120/1566 1075/1570 1117/1567
f 1121/2292 1074/2295 1128/2293
f 1077/2375 1079/2374 1088/2377
f 1079/2288 1092/2286 1085/2289
f 1079/2374 1085/2380 1088/2377
f 1121/2373 1084/2372 1078/2368
f 1091/1565 1090/1558 1089/1563
f 1128/2293 1120/2298 1122/2296
f 578/1861 632/1864 1089/1866
f 1076/2381 1086/2379 31/2382
f 1077/2375 1086/2379 1076/2381
f 1056/2378 1073/2376 1077/2375
f 1088/2377 1086/2379 1077/2375
f 1077/2375 1076/2381 1056/2378
f 1058/2383 1056/2378 1076/2381
f 1079/2288 1073/2287 1071/2285
f 1083/1929 1075/1932 1074/1934
f 1053/2367 1067/2369 1065/2365
f 1067/1930 1053/1933 1054/1928
f 1050/1925 1066/1921 1055/1923
f 1081/1920 1082/1926 1055/1923
f 1055/1923 1083/1929 1067/1930
f 1078/2368 1065/2365 1067/2369
f 1083/1929 1074/1934 1067/1930
f 1067/2369 1074/2371 1078/2368
f 1117/1567 1082/1572 1080/1575
f 1071/2285 1069/2283 1092/2286
f 1079/2288 1071/2285 1092/2286
f 1065/2365 1078/2368 1068/2366
f 1069/2283 1071/2285 1063/2281
f 1073/2287 1070/2284 1071/2285
f 1054/1928 1050/1925 1055/1923
f 1069/2283 1063/2281 1068/2280
f 1078/2368 1069/2370 1068/2366
f 1065/2365 1068/2366 1064/2363
f 1064/2282 1063/2281 1070/2284
f 1064/932 1072/928 1052/931
f 1073/2572 1057/2573 1070/2574
f 1073/2572 1056/2575 1057/2573
f 1052/931 1053/935 1062/937
f 1040/920 1072/928 1070/923
f 1053/2367 1065/2365 1062/2364
f 1019/915 1040/920 1070/923
f 1052/931 1040/920 1038/929
f 1049/924 1018/918 1021/926
f 1057/2573 1056/2575 1019/2576
f 1070/2574 1057/2573 1019/2576
f 1055/1923 1067/1930 1054/1928
f 1050/1925 1054/1928 1043/1931
f 1053/1933 1043/1931 1054/1928
f 1038/929 1043/938 1053/935
f 1052/931 1038/929 1053/935
f 1041/941 1116/946 1061/943
f 1059/1778 1051/1780 1042/1775
f 1050/939 1041/941 1061/943
f 1066/1921 1050/1925 1061/1924
f 1044/1122 1111/1120 1116/1119
f 1099/1910 1060/1908 1045/1903
f 1105/1847 1047/1845 1048/1842
f 1011/1839 1048/1842 1047/1845
f 1047/2183 1100/2185 1046/2187
f 1046/1774 1011/1776 1047/1777
f 1023/1902 623/1904 1026/1900
f 1013/1835 1048/1842 1011/1839
f 1009/1907 1008/1906 1026/1900
f 1036/1901 1045/1903 1044/1905
f 1011/1776 1042/1775 1025/1779
f 1036/1901 1026/1900 1045/1903
f 1044/947 1041/941 1036/944
f 1026/1900 1008/1906 1045/1903
f 1050/939 1037/936 1041/941
f 1038/929 1049/924 1021/926
f 623/1904 1009/1907 1026/1900
f 1049/924 1040/920 1018/918
f 1037/936 1022/940 1035/942
f 1021/926 1039/933 1038/929
f 1039/933 1043/938 1038/929
f 1039/933 1050/939 1043/938
f 1034/921 1021/926 1018/918
f 1036/944 1041/941 1037/936
f 1037/936 1035/942 1036/944
f 1035/942 1027/945 1036/944
f 1045/1903 1008/1906 1010/1909
f 1022/940 1027/945 1035/942
f 611/2039 1030/2037 1029/2036
f 1026/1900 1027/1899 1023/1902
f 1025/1779 1024/1783 1012/1781
f 1033/766 1012/770 1024/754
f 1033/766 1032/771 1012/770
f 1014/1834 1012/1836 1032/1837
f 1013/1835 630/1841 1031/1843
f 1031/1542 1095/1540 1096/1539
f 1012/1781 1011/1776 1025/1779
f 1099/1782 1010/1785 1051/1780
f 1012/1836 1013/1835 1011/1839
f 1010/1909 1008/1906 1009/1907
f 1009/1786 1028/1784 1010/1785
f 650/1148 634/1144 479/1150
f 1022/749 641/743 591/735
f 1039/933 1021/926 641/925
f 1017/919 1034/921 1018/918
f 29/917 1018/918 1019/915
f 620/922 1017/919 29/917
f 1016/1135 573/1137 583/1139
f 583/1139 586/1143 588/1146
f 573/1137 654/1141 583/1139
f 579/1595 589/1592 450/1591
f 596/1420 595/1411 1130/1415
f 1015/1549 610/1554 1029/1546
f 612/1543 1015/1549 1029/1546
f 1031/1542 609/1548 608/1545
f 609/1265 1097/1266 630/1267
f 630/1841 1097/1846 1031/1843
f 1014/1834 1032/1837 625/1840
f 625/772 1032/771 1033/766
f 1024/754 627/760 1033/766
f 626/769 625/772 1033/766
f 626/769 1033/766 627/760
f 1023/748 1022/749 591/735
f 641/925 1034/921 1017/919
f 1123/1400 1126/1408 1127/1404
f 582/1423 1130/1415 1125/1416
f 597/1398 1123/1400 598/1401
f 624/747 627/760 1024/754
f 439/1275 432/1268 626/1273
f 612/1543 1095/1540 608/1545
f 1394/2621 603/2622 1108/2623
f 1130/1415 582/1423 596/1420
f 1127/1404 595/1411 600/1406
f 694/974 706/982 709/978
f 1194/2640 1296/2641 655/2642
f 1363/973 1209/977 681/981
f 1363/973 694/974 684/970
f 1192/1882 1166/1883 1167/1884
f 684/970 712/958 1362/964
f 1389/1898 1176/1894 1381/1892
f 1165/1889 1381/1892 1176/1894
f 1213/2162 1389/2163 1196/2160
f 1389/965 1213/960 1176/957
f 1387/1691 1388/1685 1162/1687
f 1203/952 1138/949 1361/954
f 1363/973 1362/964 1195/969
f 481/1216 695/1222 1186/1221
f 1293/2265 1194/2266 1360/2267
f 1294/2274 1162/2276 1553/2277
f 1294/2274 1291/2272 1387/2271
f 1162/2276 1294/2274 1387/2271
f 1388/1685 1387/1691 507/1688
f 728/2645 745/2646 731/2647
f 1142/866 1188/862 663/858
f 1388/1685 507/1688 508/1682
f 1143/1794 1386/1792 1188/1796
f 1187/1223 1186/1221 1143/1225
f 1142/866 692/870 1187/873
f 1194/2266 507/2269 1360/2267
f 1162/1687 670/1684 1555/1692
f 673/806 1358/810 1200/807
f 1187/1223 705/1219 1186/1221
f 480/1008 470/1005 702/1000
f 691/1964 685/1962 482/1960
f 708/989 1209/988 711/990
f 695/1222 701/1224 1186/1221
f 701/1224 695/1222 700/1220
f 1209/2938 1139/2939 711/2940
f 1209/988 708/989 682/986
f 712/958 696/961 679/955
f 712/958 679/955 1203/952
f 1204/2840 712/2841 1203/2842
f 1209/977 1363/973 1195/969
f 1203/952 1361/954 1204/956
f 677/2432 1199/2430 1141/2429
f 613/1729 603/1728 604/1732
f 676/883 693/882 1131/876
f 1393/881 1181/884 1208/886
f 677/2432 680/2434 716/2436
f 605/2563 606/2560 618/2565
f 616/885 607/888 618/879
f 715/2116 395/2114 617/2118
f 603/2562 1144/2559 651/2561
f 651/2561 606/2560 605/2563
f 676/2113 1208/2110 675/2106
f 1131/876 1393/881 676/883
f 1393/881 1208/886 676/883
f 1356/811 678/814 1133/805
f 717/812 672/809 1133/805
f 683/966 707/975 725/971
f 690/2385 686/2386 689/2387
f 1378/2252 1178/2246 1354/2253
f 1147/2107 638/2111 671/2108
f 1208/2054 1146/2055 1147/2056
f 637/2058 1147/2056 1146/2055
f 1109/1019 629/1018 637/1021
f 637/2058 638/2060 1147/2056
f 1198/1816 1216/1810 1197/1813
f 1190/2315 1137/2313 1150/2312
f 666/2390 1135/2389 1440/2391
f 692/2045 663/2046 662/2047
f 1440/2391 1214/2393 1442/2394
f 689/2311 1134/2310 1135/2314
f 663/2046 665/2049 662/2047
f 1396/2326 1395/2327 1197/2329
f 1215/1811 1372/1817 1438/1820
f 1134/2310 1191/2316 1197/2319
f 1197/2319 1214/2317 1134/2310
f 1396/2739 1197/2740 1191/2741
f 1378/867 1354/854 1188/862
f 1214/1812 1197/1813 1216/1810
f 1444/1827 1371/1824 1445/1831
f 1395/2327 1396/2326 1447/2323
f 1447/2323 1137/2324 1453/2325
f 1449/2318 1190/2315 1454/2320
f 1377/2059 1357/2057 1208/2054
f 1206/1020 1108/1017 1109/1019
f 1146/2055 1208/2054 1357/2057
f 1359/851 1376/857 1358/853
f 1391/2624 1206/2626 1380/2627
f 1108/2623 1206/2626 1391/2624
f 1200/807 1358/810 1376/813
f 673/849 714/848 1359/851
f 1377/2059 1182/2063 1380/2064
f 1356/811 1133/805 1392/808
f 1373/2584 1374/2585 1354/2586
f 1200/807 1392/808 1133/805
f 1200/1888 1379/1886 1392/1891
f 1379/1886 1165/1889 1199/1893
f 1131/876 1182/878 1393/881
f 1394/2621 1108/2623 1391/2624
f 1182/878 1131/876 1391/875
f 1377/2059 1208/2054 1181/2061
f 1181/2061 1182/2063 1377/2059
f 1181/884 1393/881 1182/878
f 1199/1893 1392/1891 1379/1886
f 1199/2430 1207/2433 1138/2431
f 1131/876 606/877 1144/874
f 1176/1894 1138/1897 1165/1889
f 1138/1897 1207/1895 1165/1889
f 1165/1889 1207/1895 1199/1893
f 1213/960 1362/964 1204/956
f 1195/2161 1196/2160 1383/2164
f 1196/2160 1172/2167 1383/2164
f 1151/995 1189/999 1152/1004
f 1140/2395 1383/2396 1368/2397
f 1185/1793 1378/1798 1188/1796
f 1151/1226 1152/1230 1153/1229
f 1373/2584 1354/2586 1383/2587
f 1383/2587 1172/2590 1373/2584
f 1386/1792 1155/1790 1193/1789
f 1383/2164 1140/2166 1195/2161
f 1386/1792 1143/1794 1154/1791
f 1386/1792 1185/1793 1188/1796
f 1368/1007 1189/999 1390/1003
f 711/990 1189/999 1151/995
f 1140/1006 1390/1003 711/990
f 711/990 1139/1011 1140/1006
f 1151/995 701/996 710/993
f 1387/2271 1360/2267 507/2269
f 1388/1685 670/1684 1162/1687
f 1186/1221 701/1224 1151/1226
f 1186/1221 1154/1228 1143/1225
f 1151/1226 1153/1229 1154/1228
f 1154/1791 1155/1790 1386/1792
f 1185/1793 1386/1792 1193/1789
f 1152/1230 1368/1234 1160/1232
f 1170/1238 1163/1233 1161/1235
f 1163/1795 1185/1793 1193/1789
f 1193/1231 1160/1232 1163/1233
f 1163/1795 1170/1797 1185/1793
f 1184/1236 1384/1237 1160/1232
f 1368/1234 1184/1236 1160/1232
f 1179/2245 1161/2244 1384/2248
f 1175/2399 1174/2402 1179/2401
f 1170/2247 1161/2244 1178/2246
f 1378/2252 1185/2250 1178/2246
f 1178/2246 1179/2245 1174/2249
f 1178/2246 1174/2249 1177/2251
f 1354/2403 1177/2400 1383/2396
f 1156/2693 1198/2688 1455/2690
f 1175/2399 1179/2401 1368/2397
f 1383/2396 1175/2399 1368/2397
f 1172/1871 1167/1872 1171/1869
f 1196/2628 1381/2629 1173/2630
f 1169/1873 1373/1870 1171/1869
f 1183/1875 1169/1873 1171/1869
f 1171/1869 1167/1872 1183/1875
f 1168/1878 1169/1873 1183/1875
f 1172/1871 1173/1874 1167/1872
f 1183/1890 1167/1884 1168/1887
f 1165/1889 1379/1886 1192/1882
f 1166/1883 1168/1887 1167/1884
f 1192/1882 1167/1884 1385/1885
f 1173/2630 1172/2631 1196/2628
f 1165/1889 1192/1882 1381/1892
f 1166/1883 1192/1882 1379/1886
f 1206/2062 1377/2059 1380/2064
f 1166/1883 1379/1886 1200/1888
f 1168/820 1166/825 1200/807
f 1200/807 1382/816 1168/820
f 1169/1873 1168/1878 1382/1880
f 1169/1873 1382/1880 1359/1879
f 1354/2586 1374/2585 1359/2589
f 1359/2589 1374/2585 1375/2588
f 1373/1870 1169/1873 1375/1876
f 1373/2584 1375/2588 1374/2585
f 1156/1814 1372/1817 1215/1811
f 1158/1819 1371/1824 1180/1821
f 1216/1810 1156/1814 1215/1811
f 1156/1814 1216/1810 1198/1816
f 1158/1819 1372/1817 1156/1814
f 1376/813 1382/816 1200/807
f 1357/2057 1377/2059 1206/2062
f 1382/1880 1376/1881 1359/1879
f 1164/2687 1197/2686 1435/2689
f 1371/1824 1158/1819 1459/1826
f 1455/2690 1164/2687 1458/2692
f 1460/2615 1159/2614 1462/2617
f 1372/1817 1158/1819 1180/1821
f 1369/2710 1370/2711 1465/2712
f 1355/2953 1159/2954 1468/2955
f 1355/2941 1157/2942 1433/2943
f 1462/2957 1355/2953 1471/2959
f 1369/2710 1158/2714 1370/2711
f 1193/1231 1152/1230 1160/1232
f 1179/2401 1184/2404 1368/2397
f 1381/2165 1196/2160 1389/2163
f 1193/1231 1153/1229 1152/1230
f 1385/2632 1381/2629 1192/2633
f 1167/1872 1173/1874 1385/1877
f 442/737 443/746 412/741
f 728/2645 723/2651 660/2649
f 732/2413 746/2414 1474/2415
f 737/1372 719/1369 707/1371
f 674/1434 671/1431 738/1430
f 719/1369 737/1372 736/1376
f 737/1372 707/1371 682/1375
f 723/2051 722/2050 659/2052
f 704/2648 726/2650 728/2645
f 729/994 736/992 700/991
f 727/2080 482/2081 1476/2082
f 745/2646 728/2645 660/2649
f 669/1686 735/1689 1557/1693
f 705/2502 726/2501 703/2504
f 728/2645 731/2647 704/2648
f 482/2081 727/2080 483/2084
f 726/2501 704/2506 703/2504
f 508/1174 1194/1179 655/1171
f 723/2651 728/2645 726/2650
f 664/856 659/861 661/865
f 482/1960 721/1966 691/1964
f 724/1001 470/1005 469/1010
f 700/991 720/997 729/994
f 675/2106 674/2109 398/2112
f 395/2114 675/2106 398/2112
f 679/955 699/950 1203/952
f 678/814 716/817 717/812
f 395/2114 396/2119 617/2118
f 674/2109 738/2115 398/2112
f 1133/805 672/809 673/806
f 391/1737 390/1738 614/1734
f 616/885 617/887 397/889
f 646/1441 400/1435 636/1433
f 692/2045 722/2050 723/2051
f 661/2048 659/2052 722/2050
f 702/1000 470/1005 720/997
f 700/991 710/993 701/996
f 680/953 679/955 698/959
f 615/897 607/888 645/893
f 740/967 698/959 697/963
f 679/955 697/963 698/959
f 711/990 710/993 700/991
f 707/975 683/966 709/978
f 694/974 709/978 683/966
f 712/958 684/970 683/966
f 700/991 702/1000 720/997
f 481/1216 703/1217 704/1215
f 700/1220 695/1222 481/1216
f 481/1216 702/1218 700/1220
f 736/992 682/986 700/991
f 707/1371 706/1378 682/1375
f 707/975 709/978 706/982
f 703/1217 481/1216 705/1219
f 1186/1221 705/1219 481/1216
f 696/961 697/963 679/955
f 679/955 680/953 699/950
f 673/849 672/846 714/848
f 636/1433 392/1428 671/1431
f 676/883 617/887 693/882
f 662/2047 661/2048 692/2045
f 705/2502 692/2503 723/2500
f 692/2045 661/2048 722/2050
f 685/1962 691/1964 690/1967
f 686/1968 690/1967 691/1964
f 686/1303 688/1304 687/1305
f 685/1962 667/1958 482/1960
f 689/2387 1135/2389 685/2388
f 664/2734 665/2735 663/2736
f 1476/2082 658/2085 1480/2087
f 655/1171 657/1177 656/1173
f 470/1005 480/1008 469/1010
f 32/2300 458/2304 444/2301
f 458/2304 32/2300 27/2307
f 28/2729 455/2730 648/2731
f 594/1413 437/1424 436/1421
f 450/1591 568/1594 653/1596
f 1482/768 640/767 1483/773
f 463/751 454/744 1484/757
f 577/740 454/744 463/751
f 654/1141 585/1142 583/1139
f 392/1428 400/1435 393/1432
f 439/1275 628/1277 418/1280
f 412/741 592/738 442/737
f 631/1152 587/1145 570/1153
f 633/2857 610/2858 479/2859
f 413/2805 652/2806 585/2807
f 432/1268 439/1275 440/1274
f 644/1553 608/1545 430/1556
f 631/1152 570/1153 452/1155
f 608/1545 431/1552 429/1555
f 392/1428 636/1433 400/1435
f 607/888 385/890 645/893
f 650/1148 413/1151 585/1142
f 640/767 622/756 620/761
f 649/2549 619/2550 1486/2551
f 444/2301 458/2304 462/2308
f 648/2731 455/2730 462/2732
f 433/1602 580/1597 450/1591
f 588/1146 447/1154 589/1156
f 568/1594 450/1591 642/1590
f 449/1426 437/1424 596/1420
f 458/2733 648/2731 462/2732
f 455/1419 23/1414 462/1407
f 590/739 641/743 621/750
f 594/1413 461/1409 600/1406
f 620/922 619/930 640/934
f 628/758 624/747 438/753
f 438/753 418/765 628/758
f 611/2039 1029/2036 610/2041
f 605/2563 618/2565 607/2566
f 396/891 397/889 617/887
f 635/1027 639/1025 380/1023
f 607/888 616/885 397/889
f 572/1140 634/1144 585/1142
f 447/1593 568/1594 642/1590
f 447/1154 631/1152 452/1155
f 587/1145 585/1142 652/1149
f 588/1146 631/1152 447/1154
f 587/1145 631/1152 588/1146
f 651/1735 615/1736 604/1732
f 626/1273 628/1277 439/1275
f 634/1144 572/1140 633/1147
f 639/1444 636/1433 637/1440
f 636/1433 639/1444 635/1445
f 635/1445 646/1441 636/1433
f 671/1431 638/1437 636/1433
f 638/1437 637/1440 636/1433
f 615/2564 651/2561 605/2563
f 605/2563 607/2566 615/2564
f 617/887 616/885 693/882
f 615/897 645/893 391/898
f 604/1732 614/1734 613/1729
f 609/1548 431/1552 608/1545
f 644/1553 1015/1549 608/1545
f 610/2041 633/2043 611/2039
f 572/2044 611/2039 633/2043
f 608/1545 1015/1549 612/1543
f 610/1554 1015/1549 644/1553
f 603/1728 651/1735 604/1732
f 618/879 693/882 616/885
f 432/1268 609/1265 630/1267
f 624/747 628/758 627/760
f 637/1021 380/1023 639/1025
f 623/742 592/738 624/747
f 454/744 643/736 590/739
f 621/750 454/744 590/739
f 442/737 592/738 591/735
f 590/739 643/736 591/735
f 620/761 622/756 621/750
f 1489/2556 649/2549 1491/2557
f 30/927 619/930 620/922
f 22/1410 597/1398 462/1407
f 598/1401 600/1406 599/1403
f 597/1398 599/1403 462/1407
f 597/2698 22/2701 16/2699
f 591/735 592/738 623/742
f 579/1595 584/1598 589/1592
f 632/1864 578/1861 579/1863
f 588/1146 586/1143 587/1145
f 585/1142 586/1143 583/1139
f 585/1142 587/1145 586/1143
f 583/1603 584/1598 579/1595
f 579/1863 602/1860 583/1862
f 582/1569 601/1568 581/1571
f 595/1411 596/1420 594/1413
f 462/1407 23/1414 22/1410
f 598/1401 599/1403 597/1398
f 582/1569 581/1571 593/1573
f 594/1413 600/1406 595/1411
f 593/1573 449/1577 596/1576
f 572/1140 654/1141 573/1137
f 1084/2290 1085/2289 1069/2283
f 451/1101 570/1108 414/1096
f 696/961 740/967 697/963
f 402/2204 553/2205 405/2206
f 593/1354 580/1357 433/1355
f 420/213 525/172 528/200
f 569/1418 436/1421 457/1425
f 477/83 401/77 484/70
f 399/2211 402/2204 398/2207
f 387/901 384/896 386/900
f 478/112 477/83 403/103
f 399/1436 393/1432 403/1439
f 439/1275 417/1278 440/1274
f 415/1091 425/1095 547/1099
f 593/1867 632/1864 580/1865
f 554/50 571/55 555/60
f 484/70 554/50 551/66
f 404/2209 405/2206 553/2205
f 475/912 388/908 476/913
f 546/1093 420/1103 528/1109
f 529/1098 409/1094 441/1105
f 1334/121 544/163 543/153
f 561/249 552/266 518/282
f 541/186 542/232 1494/247
f 1496/138 515/157 1497/165
f 1420/185 1421/174 1418/166
f 525/172 527/164 526/184
f 531/127 1411/135 1410/119
f 531/127 530/144 1411/135
f 513/1327 497/1322 1498/1328
f 510/31 491/26 512/10
f 1312/822 1314/815 1324/826
f 509/48 510/31 247/47
f 1322/2423 1202/2426 1211/2419
f 1560/4 495/8 1561/12
f 1312/49 1403/45 493/40
f 1319/864 660/869 659/861
f 702/1218 481/1216 480/1214
f 704/1215 480/1214 481/1216
f 729/994 720/997 724/1001
f 698/959 739/962 680/953
f 1381/2629 1385/2632 1173/2630
f 425/1095 415/1091 426/1087
f 473/431 474/432 308/433
f 457/2303 456/2306 32/2300
f 567/1362 1347/1363 464/1360
f 435/520 464/521 308/522
f 451/1101 448/1115 452/1112
f 413/1088 415/1091 414/1096
f 464/1360 435/1359 434/1358
f 308/433 1340/436 466/440
f 435/1427 457/1425 436/1421
f 464/1360 465/1361 567/1362
f 447/2495 452/2496 448/2497
f 569/2302 444/2301 461/2305
f 444/2301 462/2308 461/2305
f 653/1596 434/1600 450/1591
f 437/1356 434/1358 435/1359
f 568/1594 466/1601 653/1596
f 452/1112 570/1108 451/1101
f 414/1096 587/1107 652/1100
f 652/1100 413/1088 414/1096
f 415/1091 416/1084 426/1087
f 563/3001 430/3002 429/3003
f 410/1086 644/1092 430/1097
f 429/1272 440/1274 422/1276
f 650/1085 479/1089 410/1086
f 419/1028 614/1026 390/1030
f 417/1278 418/1280 564/1283
f 422/1276 440/1274 417/1278
f 441/1281 563/1279 422/1276
f 417/1278 423/1282 422/1276
f 418/1280 417/1278 439/1275
f 426/1087 416/1084 410/1086
f 443/746 411/752 412/741
f 427/1969 1332/1970 421/1971
f 427/828 514/829 428/830
f 387/901 386/900 419/909
f 390/904 387/901 419/909
f 430/1097 563/1104 409/1094
f 397/889 383/892 385/890
f 386/900 500/903 408/907
f 385/890 384/896 387/901
f 406/1443 407/1438 400/1435
f 393/1432 398/1429 392/1428
f 1416/910 553/906 1427/914
f 398/2207 405/2206 394/2210
f 393/1432 399/1436 398/1429
f 397/889 396/891 394/894
f 395/2114 394/2117 396/2119
f 387/901 391/898 385/890
f 387/901 390/904 391/898
f 380/1023 419/1028 381/1029
f 389/905 476/913 388/908
f 1405/62 401/77 1492/87
f 1341/113 403/103 1427/82
f 1427/82 477/83 551/66
f 477/83 1427/82 403/103
f 1341/2208 402/2204 403/2212
f 399/2211 403/2212 402/2204
f 398/2207 402/2204 405/2206
f 394/2210 405/2206 404/2209
f 408/907 419/909 386/900
f 1503/97 477/83 1505/105
f 576/130 560/114 478/112
f 393/1432 478/1442 403/1439
f 517/283 1412/268 516/233
f 576/1446 407/1438 560/1447
f 424/1284 422/1276 423/1282
f 560/1033 406/1031 381/1029
f 441/1281 424/1284 529/1285
f 426/1087 546/1093 425/1095
f 381/1029 419/1028 1351/1032
f 560/114 477/83 478/112
f 388/908 475/912 500/903
f 740/967 739/962 698/959
f 1505/105 560/114 1506/123
f 518/282 552/266 1412/268
f 562/2215 1413/2216 518/2217
f 518/2844 517/2845 562/2846
f 421/1971 564/1972 427/1969
f 423/1282 421/1286 529/1285
f 529/1285 424/1284 423/1282
f 566/1474 653/1475 1345/1476
f 1345/1114 451/1101 1346/1110
f 1428/2130 459/2131 1344/2132
f 1338/2962 1337/2963 24/2964
f 1366/1368 1344/1367 566/1364
f 1350/171 1408/183 1347/198
f 459/212 1428/229 445/199
f 538/1189 501/1190 1336/1191
f 564/833 411/831 427/828
f 426/1087 410/1086 1205/1090
f 529/1098 1205/1090 409/1094
f 423/1282 564/1283 421/1286
f 466/1481 1340/1479 653/1475
f 445/199 460/182 459/212
f 561/2223 1348/2224 1313/2225
f 518/2217 519/2218 1348/2220
f 474/432 1340/436 308/433
f 445/1198 1346/1197 446/1195
f 445/1477 1428/1480 566/1474
f 1347/437 1408/434 308/433
f 25/2681 24/2682 26/2683
f 517/2219 1331/2221 519/2218
f 1348/2224 428/2227 1313/2225
f 547/1196 446/1195 1346/1197
f 1365/1483 1366/1484 566/1474
f 547/1196 1331/1193 524/1194
f 566/1474 1428/1480 1365/1483
f 567/1362 1339/1365 1347/1363
f 1343/2861 1149/2862 1367/2863
f 1426/2864 1343/2861 1367/2863
f 468/1524 467/1525 503/1526
f 574/1912 575/1913 1367/1914
f 468/1524 574/1528 467/1525
f 575/1529 1426/1535 1149/1531
f 1367/2863 1149/2862 574/2865
f 1149/1531 1426/1535 467/1525
f 1149/1531 467/1525 574/1528
f 548/2674 537/2675 549/2676
f 552/266 562/215 1412/268
f 1425/2760 549/2761 536/2762
f 1422/1917 468/1915 544/1918
f 1149/85 1343/67 1323/68
f 551/66 554/50 555/60
f 1343/2861 1426/2864 575/2867
f 575/1529 503/1526 467/1525
f 825/2850 556/2851 1415/2852
f 523/2853 556/2851 825/2850
f 523/102 522/110 1415/81
f 1415/81 556/128 523/102
f 536/2677 537/2675 548/2674
f 905/91 502/120 522/110
f 1325/88 1415/81 575/84
f 1424/75 1417/92 550/74
f 1417/92 1424/75 575/84
f 553/906 557/902 404/899
f 1427/82 551/66 550/74
f 502/1533 1425/1530 503/1526
f 549/2884 1425/2885 502/2886
f 502/2886 548/2887 549/2884
f 530/1534 544/1527 1425/1530
f 1417/1916 468/1915 1422/1917
f 468/1524 503/1526 544/1527
f 575/1913 574/1912 468/1915
f 1416/93 1427/82 550/74
f 1422/111 1334/121 1416/93
f 557/902 553/906 1416/910
f 538/1189 1409/1192 501/1190
f 1333/155 475/145 1414/136
f 420/213 1332/201 525/172
f 562/3004 1423/3005 1412/3006
f 531/127 475/145 476/146
f 1416/93 1417/92 1422/111
f 527/1718 1333/1719 1409/1720
f 1410/2678 1411/2680 535/2679
f 501/1190 446/1195 524/1194
f 501/143 1409/154 1414/136
f 1423/2950 562/2951 517/2952
f 1413/2998 1423/2999 517/3000
f 1332/1970 427/1969 516/1973
f 528/1724 1336/1725 1331/1726
f 526/1722 538/1723 528/1724
f 526/1722 539/1721 538/1723
f 1343/67 575/84 1424/75
f 1330/1102 546/1093 528/1109
f 517/2219 519/2218 1413/2216
f 519/2218 518/2217 1413/2216
f 528/1109 517/1113 1330/1102
f 1412/268 517/283 518/282
f 408/907 500/903 1333/911
f 1330/2969 517/2970 516/2971
f 427/1969 1329/1974 516/1973
f 1331/1726 517/1727 528/1724
f 1334/1919 1422/1917 544/1918
f 500/903 475/912 1333/911
f 217/134 446/152 501/143
f 538/1723 539/1721 1409/1720
f 524/1194 1331/1193 501/1190
f 536/2762 535/2765 534/2764
f 1329/1974 427/1969 428/1975
f 421/1286 420/1287 529/1285
f 1332/1288 420/1287 421/1286
f 425/1977 1329/1974 428/1975
f 1316/2226 1313/2225 1365/2228
f 540/214 541/186 1495/230
f 1309/298 521/311 1327/265
f 1328/281 1327/265 542/232
f 1494/247 1327/265 1512/280
f 1421/2475 1420/2476 1419/2477
f 1513/231 540/214 1514/248
f 1418/166 525/172 541/186
f 540/214 1420/185 541/186
f 1418/166 541/186 1420/185
f 515/157 1418/166 1421/174
f 541/186 1332/201 562/215
f 1418/166 532/147 525/172
f 1507/2479 1420/2476 1515/2481
f 515/157 532/147 1418/166
f 477/83 484/70 551/66
f 515/2478 1421/2475 1419/2477
f 515/2478 1419/2477 1508/2480
f 1327/265 521/311 1517/322
f 1316/267 1328/281 542/232
f 459/1366 566/1364 1344/1367
f 527/1718 539/1721 526/1722
f 460/182 1339/211 459/212
f 562/215 552/266 561/249
f 550/74 1417/92 1416/93
f 555/60 1343/67 1424/75
f 525/172 526/184 528/200
f 547/2222 1348/2220 519/2218
f 1412/268 1423/284 1413/250
f 516/233 1412/268 1413/250
f 1347/198 1339/211 460/182
f 518/282 1348/299 561/249
f 527/1718 1409/1720 539/1721
f 905/91 548/126 502/120
f 522/110 575/84 1415/81
f 523/102 905/91 522/110
f 503/1526 575/1529 502/1533
f 522/110 502/120 575/84
f 1410/119 548/126 905/91
f 217/134 501/143 219/109
f 1410/119 219/109 531/127
f 531/127 543/153 530/144
f 475/145 531/127 1414/136
f 1414/136 531/127 219/109
f 501/143 1414/136 219/109
f 217/134 216/162 446/152
f 216/438 473/431 1408/434
f 1408/183 1350/171 216/162
f 488/21 489/18 512/10
f 506/53 505/63 1317/58
f 559/65 825/73 1415/81
f 1148/86 558/78 1325/88
f 1415/81 1325/88 559/65
f 1325/88 558/78 559/65
f 1148/2833 1352/2834 1317/2835
f 1317/58 558/78 1148/86
f 1312/49 1324/61 571/55
f 472/980 1145/972 471/976
f 718/1002 729/994 724/1001
f 909/57 505/63 506/53
f 909/57 506/53 247/47
f 490/37 491/26 510/31
f 247/47 506/53 509/48
f 510/31 184/42 247/47
f 509/48 499/43 510/31
f 491/26 488/21 512/10
f 490/1379 499/1381 1406/1377
f 1401/25 492/34 493/40
f 512/10 504/15 496/3
f 1401/25 565/17 494/29
f 489/18 504/15 512/10
f 822/6 512/10 496/3
f 1326/2 1320/1 1318/5
f 1402/19 1407/23 1519/28
f 725/971 1399/979 740/967
f 725/1374 1136/1370 1406/1377
f 716/817 739/821 717/812
f 1399/979 1353/983 471/976
f 718/1373 490/1379 1406/1377
f 497/1322 743/1325 1310/1311
f 731/1701 745/1702 734/1703
f 731/1701 734/1703 704/1704
f 745/1702 733/1705 734/1703
f 1566/27 1521/32 1703/38
f 486/868 1319/864 494/860
f 1212/2421 1397/2417 1342/2420
f 513/1327 743/1325 497/1322
f 1212/2421 1211/2419 1397/2417
f 495/8 1322/24 1407/23
f 1407/2425 1342/2420 1523/2424
f 1498/41 1404/35 1525/46
f 1526/56 1405/62 1527/69
f 659/861 744/852 1319/864
f 741/1706 1349/1710 469/1712
f 1398/1330 513/1327 1499/1329
f 1342/2420 1397/2417 1532/2418
f 732/2413 1397/2417 1211/2419
f 554/50 484/70 1405/62
f 1525/46 554/50 1528/52
f 1202/2756 1364/2757 1211/2758
f 1202/20 1322/24 495/8
f 499/1381 498/1380 1406/1377
f 1317/58 509/48 506/53
f 1325/1536 1149/1531 1148/1537
f 555/60 571/55 1343/67
f 554/50 1403/45 1312/49
f 1404/35 497/30 1401/25
f 1149/1531 1325/1536 575/1529
f 565/17 495/8 511/13
f 565/17 1401/25 1202/20
f 495/8 565/17 1202/20
f 497/30 1202/20 1401/25
f 489/1715 1349/1710 494/1713
f 489/18 565/17 511/13
f 495/8 1407/23 1402/19
f 1320/1 496/3 1560/4
f 496/3 1326/2 822/6
f 1568/16 1402/19 1569/22
f 1563/9 1320/1 1570/11
f 489/18 511/13 504/15
f 499/43 490/37 510/31
f 498/1380 1353/1383 1399/1382
f 1353/983 472/980 471/976
f 469/1712 1349/1710 1400/1714
f 1349/1710 488/1716 1400/1714
f 718/1002 724/1001 742/1009
f 1353/1383 498/1380 499/1381
f 480/1008 487/1013 469/1010
f 1406/1377 498/1380 725/1374
f 485/1707 741/1706 734/1703
f 1319/864 744/852 494/860
f 659/2052 660/2053 723/2051
f 730/1708 704/1704 741/1706
f 1145/972 739/962 740/967
f 469/1010 1400/1015 742/1009
f 513/1327 1398/1330 1500/1332
f 718/1373 1406/1377 1136/1370
f 725/1374 498/1380 1399/1382
f 1145/972 740/967 471/976
f 740/967 1399/979 471/976
f 742/1009 724/1001 469/1010
f 486/1709 485/1707 733/1705
f 1397/2417 732/2413 1475/2416
f 688/1304 686/1303 1201/1307
f 732/2094 483/2084 746/2092
f 729/994 719/998 736/992
f 720/997 470/1005 724/1001
f 686/1303 483/1312 1201/1307
f 1426/2864 1367/2863 467/2866
f 575/1529 467/1525 1367/1532
f 1311/850 744/852 714/848
f 1309/838 1335/841 521/842
f 744/852 492/855 494/860
f 1314/815 1311/818 672/809
f 1354/854 714/848 663/858
f 664/856 663/858 714/848
f 1366/837 1365/836 453/835
f 465/1478 653/1475 566/1474
f 1344/2132 1316/2134 1365/2133
f 492/855 744/852 1311/850
f 1315/827 1314/815 1352/824
f 1335/841 520/843 521/842
f 1070/2284 1063/2281 1071/2285
f 1096/1844 1048/1842 1013/1835
f 1190/1309 1150/1306 687/1305
f 661/2737 662/2738 665/2735
f 603/1728 1106/1730 1108/1731
f 1120/1566 1091/1565 1089/1563
f 1128/2293 1075/2297 1120/2298
f 1013/1835 647/1838 630/1841
f 1014/1834 647/1838 1013/1835
f 1059/1778 1042/1775 1046/1774
f 442/737 577/740 453/745
f 578/1861 1129/1858 602/1860
f 1201/1307 1364/1321 1202/1316
f 663/858 1188/862 1354/854
f 483/2084 721/2086 482/2081
f 1131/876 618/879 606/877
f 1195/969 1362/964 1213/960
f 380/1023 637/1021 629/1018
f 1384/2405 1184/2404 1179/2401
f 1177/2400 1174/2402 1175/2399
f 1018/918 29/917 1017/919
f 393/1432 400/1435 407/1438
f 1323/68 1148/86 1149/85
f 685/2388 690/2385 689/2387
f 682/1375 736/1376 737/1372
f 696/961 683/966 725/971
f 1150/2312 1137/2313 1134/2310
f 670/1684 1388/1685 508/1682
f 1345/1114 474/1117 448/1115
f 569/2302 457/2303 32/2300
f 577/740 463/751 453/745
f 448/2497 377/2498 447/2495
f 377/2498 307/2499 447/2495
f 454/744 622/756 1481/762
f 634/1144 650/1148 585/1142
f 1095/1540 1031/1542 608/1545
f 438/753 624/747 412/741
f 624/747 592/738 412/741
f 626/769 627/760 628/758
f 601/1868 1089/1866 632/1864
f 1085/1405 1124/1412 1126/1408
f 1126/1408 1124/1412 1127/1404
f 1088/2377 31/2382 1086/2379
f 15/2384 31/2382 1088/2377
f 1087/2697 15/2696 1088/2700
f 1030/2189 1093/2192 1094/2191
f 598/1401 1123/1400 1127/1404
f 1119/1125 1115/1124 1060/1129
f 1045/1903 1060/1908 1044/1905
f 1047/2183 1105/2186 1096/2184
f 1107/1550 1100/1544 1110/1547
f 1031/1843 1096/1844 1013/1835
f 573/1137 1093/1136 572/1140
f 1082/1926 1075/1932 1083/1929
f 1066/1921 1081/1920 1055/1923
f 1056/2575 1020/2577 1019/2576
f 1021/926 1034/921 641/925
f 641/743 590/739 591/735
f 1050/939 1039/933 1037/936
f 641/925 1022/940 1037/936
f 1023/748 1027/759 1022/749
f 1017/755 621/750 641/743
f 1025/1779 1051/1780 1028/1784
f 1028/1784 1009/1786 1024/1783
f 611/2039 572/2044 1093/2042
f 1093/2042 1030/2037 611/2039
f 1039/933 641/925 1037/936
f 1097/1551 609/1548 1031/1542
f 647/1838 1014/1834 625/1840
f 613/1024 380/1023 629/1018
f 623/742 1023/748 591/735
f 1024/754 623/742 624/747
f 1127/1404 600/1406 598/1401
f 620/761 621/750 1017/755
f 432/1268 647/1269 625/1271
f 431/1270 609/1265 432/1268
f 1204/2840 1362/2843 712/2841
f 694/2808 1363/2809 681/2810
f 1363/973 684/970 1362/964
f 1361/954 1176/957 1213/960
f 508/1174 507/1182 1194/1179
f 1194/2640 1293/2643 1296/2641
f 1291/2272 1292/2268 1387/2271
f 1368/1007 1152/1004 1189/999
f 1209/2168 1140/2166 1139/2169
f 1387/2271 1292/2268 1360/2267
f 1572/1690 669/1686 1573/1694
f 700/991 708/989 711/990
f 682/2811 706/2812 694/2808
f 1391/2624 1144/2625 1394/2621
f 1141/2429 680/2434 677/2432
f 677/2432 678/2437 1356/2435
f 1208/2110 1147/2107 675/2106
f 1454/1315 687/1305 1539/1320
f 1137/2313 1191/2316 1134/2310
f 1150/1306 686/1303 687/1305
f 1439/1961 666/1963 1441/1965
f 689/1310 686/1303 1150/1306
f 667/1958 685/1962 666/1963
f 1135/2389 666/2390 685/2388
f 1442/1815 1215/1811 1443/1818
f 1146/2055 1357/2057 637/2058
f 1191/2741 1137/2742 1396/2739
f 1357/1022 1109/1019 637/1021
f 1357/1022 1206/1020 1109/1019
f 714/848 1354/854 1359/851
f 1358/853 673/849 1359/851
f 1392/1891 1199/1893 1356/1896
f 1144/2625 603/2622 1394/2621
f 1391/875 1380/880 1182/878
f 1176/957 1361/954 1138/949
f 1199/2430 677/2432 1356/2435
f 1204/956 1361/954 1213/960
f 1390/2398 1140/2395 1368/2397
f 1175/2399 1383/2396 1177/2400
f 1151/995 710/993 711/990
f 1154/1228 1186/1221 1151/1226
f 1384/1237 1161/1235 1160/1232
f 1178/2246 1177/2251 1354/2253
f 1169/1873 1359/1879 1375/1876
f 1464/2616 1369/2613 1466/2618
f 1446/1823 1180/1821 1542/1825
f 1434/3023 1355/3024 1469/3025
f 1158/2714 1156/2716 1370/2711
f 392/1428 738/1430 671/1431
f 707/1371 1136/1370 725/1374
f 739/821 1145/823 717/812
f 485/1707 734/1703 733/1705
f 483/2084 727/2080 1477/2083
f 1321/1169 668/1168 655/1171
f 656/1173 1321/1169 655/1171
f 686/1303 691/1324 721/1317
f 664/856 744/852 659/861
f 719/1369 718/1373 1136/1370
f 675/2106 395/2114 715/2116
f 729/994 718/1002 719/998
f 658/2085 482/2081 1429/2088
f 660/869 1319/864 745/872
f 682/986 708/989 700/991
f 385/890 391/898 645/893
f 694/2808 681/2810 682/2811
f 684/970 694/974 683/966
f 680/953 1141/951 699/950
f 715/2116 617/2118 676/2113
f 675/2106 715/2116 676/2113
f 677/2432 716/2436 678/2437
f 1133/805 678/814 717/812
f 661/2737 665/2735 664/2734
f 705/2502 1187/2505 692/2503
f 668/1168 508/1174 655/1171
f 669/1686 670/1684 668/1683
f 580/1865 632/1864 579/1863
f 437/1356 449/1353 433/1355
f 594/1413 569/1418 461/1409
f 587/1107 414/1096 570/1108
f 418/765 438/753 564/764
f 410/1086 479/1089 644/1092
f 411/752 438/753 412/741
f 568/1594 447/1593 307/1599
f 610/2858 644/2860 479/2859
f 432/1268 625/1271 626/1273
f 432/1268 440/1274 429/1272
f 429/1272 431/1270 432/1268
f 614/1734 604/1732 615/1736
f 461/1409 599/1403 600/1406
f 437/1424 594/1413 596/1420
f 649/2549 640/2553 619/2550
f 454/744 577/740 643/736
f 583/1862 602/1860 1016/1859
f 622/756 454/744 621/750
f 442/737 643/736 577/740
f 391/1737 614/1734 615/1736
f 450/1591 580/1597 579/1595
f 613/1024 614/1026 380/1023
f 654/1141 572/1140 585/1142
f 479/1150 634/1144 633/1147
f 630/1267 647/1269 432/1268
f 583/1603 588/1605 584/1598
f 579/1863 578/1861 602/1860
f 462/1407 599/1403 461/1409
f 614/1026 419/1028 380/1023
f 448/1115 451/1101 1345/1114
f 451/1101 414/1096 415/1091
f 430/1097 409/1094 410/1086
f 407/1438 576/1446 478/1442
f 1318/1184 378/1178 822/1186
f 1339/1365 567/1362 566/1364
f 547/1099 451/1101 415/1091
f 386/900 383/892 500/903
f 419/1028 1333/1036 1351/1032
f 650/1085 416/1084 413/1088
f 26/2683 1337/2684 1338/2685
f 425/1095 428/1106 547/1099
f 457/533 435/520 545/528
f 377/435 474/432 473/431
f 1340/1479 474/1482 1345/1476
f 653/1475 1340/1479 1345/1476
f 548/2674 1410/2678 536/2677
f 544/163 530/144 543/153
f 525/172 1332/201 541/186
f 1346/1110 445/1116 1345/1114
f 1365/2133 1428/2130 1344/2132
f 388/908 383/892 389/905
f 566/1364 459/1366 1339/1365
f 1350/171 460/182 446/152
f 446/152 216/162 1350/171
f 1342/2420 1407/2425 1212/2421
f 486/1709 494/1713 1349/1710
f 560/1447 407/1438 406/1443
f 1309/298 1328/281 1344/300
f 567/1362 465/1361 566/1364
f 32/2300 456/2306 19/2309
f 434/1358 465/1361 464/1360
f 443/746 442/737 453/745
f 434/1600 433/1602 450/1591
f 465/1604 434/1600 653/1596
f 457/533 545/528 456/540
f 437/1424 435/1427 436/1421
f 437/1356 433/1355 434/1358
f 429/1272 422/1276 563/1279
f 422/1276 424/1284 441/1281
f 416/1084 415/1091 413/1088
f 446/152 460/182 445/199
f 564/764 438/753 411/752
f 646/1034 635/1027 406/1031
f 426/1087 1205/1090 546/1093
f 384/896 385/890 383/892
f 404/2209 382/2214 397/2213
f 394/2210 404/2209 397/2213
f 397/889 382/895 383/892
f 398/2112 394/2117 395/2114
f 381/1029 406/1031 635/1027
f 383/892 386/900 384/896
f 542/232 561/249 1316/267
f 1405/62 484/70 401/77
f 1427/82 553/122 1341/113
f 407/1438 478/1442 393/1432
f 1341/2208 553/2205 402/2204
f 557/902 389/905 383/892
f 533/1037 560/1033 381/1029
f 419/1028 408/1038 1333/1036
f 529/1098 420/1103 546/1093
f 383/892 404/899 557/902
f 383/892 382/895 404/899
f 1425/2760 536/2762 530/2763
f 388/908 500/903 383/892
f 476/146 389/137 1334/121
f 1205/1090 529/1098 546/1093
f 1331/2221 547/2222 519/2218
f 445/1477 566/1474 1345/1476
f 308/433 464/441 1347/437
f 1335/2513 463/2514 1538/2515
f 453/835 1365/836 1313/832
f 443/834 453/835 1313/832
f 417/1278 564/1283 423/1282
f 409/1094 1205/1090 410/1086
f 411/831 443/834 514/829
f 547/1099 1346/1110 451/1101
f 446/1195 547/1196 524/1194
f 460/182 1350/171 1347/198
f 428/830 514/829 1313/832
f 561/2223 1313/2225 1316/2226
f 1313/832 514/829 443/834
f 536/2677 549/2676 537/2675
f 1333/155 1414/136 1409/154
f 550/74 551/66 555/60
f 1334/121 389/137 557/129
f 560/114 532/147 1496/138
f 1424/75 550/74 555/60
f 531/127 476/146 1334/121
f 1334/121 543/153 531/127
f 534/2764 530/2763 536/2762
f 1417/1916 575/1913 468/1915
f 1416/93 1334/121 557/129
f 535/2679 536/2677 1410/2678
f 527/1035 1351/1032 1333/1036
f 525/172 532/147 527/164
f 562/215 516/233 1413/250
f 501/1190 1331/1193 1336/1191
f 538/1723 1336/1725 528/1724
f 562/215 1332/201 516/233
f 1330/1102 425/1095 546/1093
f 1329/1974 1330/1976 516/1973
f 527/1035 533/1037 381/1029
f 381/1029 1351/1032 527/1035
f 1411/2766 530/2763 534/2764
f 535/2765 1411/2766 534/2764
f 1330/1976 1329/1974 425/1977
f 561/249 542/232 562/215
f 1517/322 520/332 1550/338
f 533/156 527/164 532/147
f 560/114 533/156 532/147
f 1344/840 1366/837 1309/838
f 541/186 562/215 542/232
f 308/433 1408/434 473/431
f 1317/58 505/63 559/65
f 559/65 558/78 1317/58
f 571/55 1324/61 1323/68
f 909/57 246/54 559/65
f 1324/61 1315/76 1323/68
f 554/50 1312/49 571/55
f 1315/76 1352/94 1148/86
f 488/1716 1349/1710 489/1715
f 1353/1383 499/1381 509/1384
f 509/984 1317/985 472/980
f 742/1009 491/1014 490/1012
f 490/1012 718/1002 742/1009
f 494/29 492/34 1401/25
f 494/1713 565/1717 489/1715
f 735/1170 1321/1169 1575/1172
f 1212/2421 1322/2423 1211/2419
f 378/1178 1210/1180 1321/1169
f 1565/1187 1318/1184 1577/1188
f 378/1178 191/1181 822/1186
f 1318/5 822/6 1326/2
f 511/13 496/3 504/15
f 1321/1169 656/1173 378/1178
f 191/1181 378/1178 656/1173
f 735/1689 669/1686 668/1683
f 1322/2423 1212/2421 1407/2425
f 1364/2757 732/2759 1211/2758
f 1310/1311 1202/1316 497/1322
f 1404/35 1403/45 554/50
f 1323/68 1343/67 571/55
f 1401/25 493/40 1404/35
f 1364/1321 1201/1307 732/1318
f 486/1709 1349/1710 485/1707
f 1310/2779 513/2780 1529/2781
f 1403/45 1404/35 493/40
f 1148/86 1323/68 1315/76
f 496/3 511/13 495/8
f 1210/1180 378/1178 1318/1184
f 1317/2835 1352/2834 472/2836
f 909/57 559/65 505/63
f 472/980 1353/983 509/984
f 491/1014 742/1009 488/1016
f 1310/2779 743/2783 513/2780
f 742/1009 1400/1015 488/1016
f 713/847 672/846 1311/850
f 1310/1311 688/1304 1201/1307
f 741/1706 704/1704 734/1703
f 469/1712 487/1711 741/1706
f 744/852 664/856 714/848
f 717/812 1145/823 472/819
f 483/1312 732/1318 1201/1307
f 1349/1710 741/1706 485/1707
f 1201/1307 1202/1316 1310/1311
f 1321/1169 1210/1180 1571/1176
f 1536/2091 483/2084 1545/2089
f 1319/864 733/871 745/872
f 1311/850 1312/863 493/859
f 1314/815 1312/822 1311/818
f 472/819 1352/824 1314/815
f 520/843 1335/841 1548/844
f 1328/281 1316/267 1344/300
f 453/835 463/839 1309/838
f 1309/838 1366/837 453/835
f 1327/265 1328/281 1309/298
f 721/1317 483/1312 686/1303
f 687/1305 688/1304 1478/1308
f 1479/1314 1310/1311 1552/1323
f 635/1027 380/1023 381/1029
f 1348/1111 547/1099 428/1106
f 411/831 514/829 427/828
f 1335/841 1309/838 463/839
f 1315/827 1324/826 1314/815
f 672/809 717/812 1314/815
f 714/848 713/847 1311/850
f 472/819 1314/815 717/812
f 1025/1779 1028/1784 1024/1783
f 1370/2711 1156/2716 1541/2717
f 682/986 681/987 1209/988
f 400/1435 646/1441 406/1443
f 1425/1530 544/1527 503/1526
f 487/1711 730/1708 741/1706
f 493/859 492/855 1311/850
f 377/435 448/439 474/432
f 1301/2355 1303/2356 1308/2357
f 954/345 869/346 874/347
f 331/1448 329/1449 334/1450
f 770/2702 824/2703 800/2704
f 754/652 187/653 1578/654
f 905/91 219/109 1410/119
f 1286/1461 366/1465 1582/1470
f 1251/1039 372/1040 371/1041
f 374/1990 1298/1991 358/1992
f 1274/689 819/690 1264/691
f 1287/1454 1283/1459 1279/1457
f 789/695 804/698 1274/689
f 1268/2718 348/2719 346/2720
f 1586/1485 345/1486 1587/1487
f 1589/2975 1279/2976 1590/2977
f 1284/1451 1285/1453 331/1448
f 1279/2797 1280/2798 1284/2799
f 327/2705 1288/2706 343/2707
f 341/1640 318/1641 1281/1642
f 318/1641 343/1648 335/1645
f 336/1452 334/1450 329/1449
f 821/669 198/668 1263/666
f 325/1503 1262/1502 1270/1500
f 1272/1491 1271/1496 1295/1494
f 1269/1498 1271/1496 1273/1490
f 1273/1490 344/1488 1586/1485
f 325/1503 753/1504 1262/1502
f 340/1650 343/1648 318/1641
f 1002/1385 987/1386 986/1387
f 318/2538 316/2539 320/2540
f 156/2660 6/2661 13/2662
f 363/2010 362/2011 310/2012
f 1252/547 994/554 1254/545
f 1217/1749 981/1750 356/1751
f 1247/1739 1255/1740 1000/1741
f 1248/1061 1257/1062 998/1063
f 289/2462 290/2463 368/2464
f 998/552 1252/547 942/530
f 360/2519 968/2520 966/2521
f 1241/2605 1307/2606 1227/2607
f 1236/2813 1237/2814 1248/2815
f 999/2817 1237/2814 1235/2816
f 1221/352 1258/366 1225/372
f 1221/1578 1224/1579 157/1580
f 156/376 952/353 148/368
f 1305/2634 371/2635 1306/2636
f 1241/2638 1304/2637 1306/2636
f 1306/2608 1307/2606 1241/2605
f 1299/2639 1304/2637 1241/2638
f 365/1043 372/1040 1251/1039
f 1231/2347 1226/2348 1301/2349
f 290/1997 1297/1994 374/1990
f 1226/2359 1303/2356 1301/2355
f 350/1993 374/1990 358/1992
f 1233/2652 1231/2653 349/2654
f 1300/2351 375/2352 349/2350
f 349/2350 375/2352 350/2354
f 1222/2360 1308/2357 1303/2356
f 1230/388 147/371 1259/381
f 1298/1991 374/1990 1297/1994
f 374/1990 1222/1998 290/1997
f 1304/2637 1305/2634 1306/2636
f 1301/2355 1308/2357 1300/2358
f 1300/2351 349/2350 1301/2349
f 1300/2358 1308/2357 1222/2360
f 1222/2360 1302/2362 1300/2358
f 1307/2606 1306/2608 371/2610
f 1307/2606 372/2611 365/2609
f 365/2609 1227/2607 1307/2606
f 375/1996 1302/1999 1222/1998
f 1300/2351 1302/2353 375/2352
f 1304/1044 1299/1046 1251/1039
f 371/1041 1305/1042 1251/1039
f 1251/1039 1305/1042 1304/1044
f 370/2658 1232/2655 350/2656
f 349/2350 1231/2347 1301/2349
f 349/2654 1232/2655 1233/2652
f 349/2654 350/2656 1232/2655
f 358/2659 370/2658 350/2656
f 1251/1039 1299/1046 1000/1047
f 1221/352 954/345 146/348
f 1240/2900 295/2901 951/2902
f 1298/1991 1297/1994 355/1995
f 655/2642 1296/2641 1295/2644
f 1272/1491 1295/1494 345/1486
f 353/1935 348/1936 1592/1937
f 373/1644 318/1641 341/1640
f 264/1661 189/1662 175/1663
f 314/1607 329/1608 1595/1609
f 345/1486 344/1488 1272/1491
f 1592/2722 1268/2718 1599/2723
f 329/1608 341/1611 342/1615
f 1289/1468 337/1464 335/1460
f 1282/1467 1281/1463 336/1452
f 343/1648 1289/1651 335/1645
f 1295/1494 1293/1497 345/1486
f 1296/2641 1293/2643 1295/2644
f 1292/2268 345/2270 1293/2265
f 345/2270 1292/2268 1291/2272
f 1293/2265 1360/2267 1292/2268
f 1602/2275 1294/2274 1604/2278
f 345/2270 1291/2272 1603/2273
f 1606/2767 353/2768 1607/2769
f 1290/2800 332/2801 1284/2799
f 346/2725 311/2726 323/2727
f 343/1648 1288/1653 1289/1651
f 1289/1468 327/1469 337/1464
f 327/1469 326/1458 337/1464
f 1288/1473 327/1469 1289/1468
f 331/1448 334/1450 1284/1451
f 333/1456 366/1465 1286/1461
f 334/1450 333/1456 1287/1454
f 1287/1454 333/1456 1283/1459
f 332/2801 1285/2803 1284/2799
f 1283/2991 1286/2992 1583/2993
f 1279/1457 1283/1459 1616/1462
f 1284/2799 1280/2798 1290/2800
f 1277/2894 342/2895 1278/2896
f 1287/1454 1279/1457 1284/1451
f 1278/1646 342/1643 1281/1642
f 336/2898 1277/2894 1282/2897
f 1278/2896 1282/2897 1277/2894
f 1281/1642 1282/1649 1278/1646
f 342/1615 1277/1616 329/1608
f 1594/1978 330/1979 1609/1980
f 1620/1987 1290/1988 1621/1989
f 332/1984 330/1979 331/1983
f 339/2334 338/2335 328/2336
f 333/1456 334/1450 328/1455
f 1598/1986 332/1984 1620/1987
f 990/1239 376/1240 1006/1241
f 811/681 820/676 795/685
f 198/668 190/660 1263/666
f 321/697 787/694 1264/691
f 311/1946 759/1951 324/1953
f 353/1935 1266/1941 347/1939
f 319/1943 759/1951 758/1944
f 311/1946 758/1944 347/1939
f 346/1942 347/1939 758/1944
f 373/1614 314/1607 313/1613
f 200/1761 803/1762 818/1763
f 1007/2877 816/2878 1275/2879
f 201/1625 200/1626 1275/1627
f 1274/689 1276/692 789/695
f 810/1242 376/1240 990/1239
f 200/2880 1007/2877 1275/2879
f 818/2882 1007/2877 200/2880
f 1264/691 787/694 1276/692
f 810/1242 990/1239 804/1244
f 817/664 1265/667 1263/666
f 1274/689 804/698 990/703
f 353/2768 323/2772 1266/2773
f 207/712 762/704 755/707
f 347/2728 323/2727 311/2726
f 762/704 817/699 755/707
f 207/712 1267/713 1629/715
f 755/707 1267/713 207/712
f 1267/713 755/707 1631/714
f 1631/659 754/652 1633/663
f 1273/2229 354/2230 1270/2231
f 354/2230 1273/2229 1601/2232
f 657/1501 1262/1502 753/1504
f 1295/1494 1271/1496 655/1499
f 1263/666 819/671 821/669
f 1264/691 1276/692 1274/689
f 1263/693 1264/691 819/690
f 1274/680 820/676 819/671
f 1274/680 990/684 820/676
f 1272/1491 344/1488 1273/1490
f 657/1501 655/1499 1271/1496
f 1273/1490 1270/1500 1269/1498
f 1263/693 1265/696 1264/691
f 1264/691 1265/696 817/699
f 316/2539 756/2542 320/2540
f 324/1953 759/1951 1638/1949
f 319/1943 1266/1941 1636/1945
f 347/1939 1266/1941 319/1943
f 1269/1498 1262/1502 657/1501
f 1270/1500 1262/1502 1269/1498
f 657/1501 1271/1496 1269/1498
f 313/1613 1261/1619 175/1618
f 1261/1619 313/1613 367/1620
f 312/1621 1261/1619 367/1620
f 313/1613 1260/1617 373/1614
f 175/1618 1260/1617 313/1613
f 174/1334 316/1335 373/1336
f 174/1334 373/1336 1260/1337
f 175/1663 1261/1664 264/1661
f 356/1743 359/1744 1255/1740
f 1221/2931 1225/2932 1224/2933
f 14/384 12/390 953/389
f 148/368 952/353 955/361
f 13/2662 14/2663 156/2660
f 952/353 156/376 14/384
f 1230/388 1259/381 158/386
f 146/348 100/365 1001/358
f 1259/381 1003/379 158/386
f 1223/2524 966/2521 974/2525
f 966/2521 364/2522 360/2519
f 989/1069 1257/1062 269/1067
f 991/391 993/392 244/393
f 991/391 998/395 993/392
f 989/1069 993/1066 1257/1062
f 356/1743 357/1746 359/1744
f 997/535 942/530 1252/547
f 974/1753 1217/1749 1223/1756
f 966/2521 1223/2524 364/2522
f 1246/532 361/527 943/523
f 545/528 297/525 296/531
f 10/549 296/531 949/548
f 949/562 296/563 1244/564
f 296/531 297/525 361/527
f 1237/1071 1245/1076 229/1068
f 1248/1061 1237/1071 229/1068
f 1248/2774 1234/2775 1236/2776
f 999/546 275/541 1237/551
f 1257/1062 1248/1061 272/1065
f 295/534 997/535 1254/545
f 997/2903 1240/2900 951/2902
f 297/525 943/523 361/527
f 1242/550 1254/545 994/554
f 294/539 1254/545 1242/550
f 994/554 1252/547 1256/560
f 948/417 294/424 1242/420
f 157/359 1228/373 955/361
f 994/554 1253/559 1242/550
f 1253/2854 1239/2855 1242/2856
f 362/2011 235/2014 355/2017
f 234/2145 310/2146 292/2147
f 1237/2814 1236/2813 1235/2816
f 991/557 1252/547 998/552
f 360/1052 352/1050 351/1045
f 1256/408 991/391 994/404
f 1249/400 989/405 992/396
f 293/2153 234/2154 291/2155
f 1257/1062 993/1066 998/1063
f 992/396 993/392 1249/400
f 998/552 999/546 1234/556
f 998/1063 1234/1064 1248/1061
f 1000/1047 359/1049 351/1045
f 1233/2150 291/2148 292/2147
f 991/557 1256/560 1252/547
f 1001/358 1258/366 1221/352
f 1250/1755 1217/1749 1247/1752
f 364/1048 1223/1051 365/1043
f 157/1580 148/1583 1229/1586
f 1220/553 11/558 949/548
f 958/561 11/558 1220/553
f 1255/1740 1247/1739 356/1743
f 1239/421 1253/418 1219/413
f 1242/420 1239/421 1219/413
f 148/2874 955/2875 1229/2876
f 1246/532 294/539 1244/543
f 296/2743 1243/2744 1244/2745
f 294/539 949/548 1244/543
f 1244/2745 1238/2746 1246/2747
f 1246/2907 1238/2908 361/2909
f 997/535 1252/547 1254/545
f 1240/2888 997/2889 295/2890
f 291/2155 370/2156 293/2153
f 1241/1742 1247/1739 1000/1741
f 1228/373 1229/382 955/361
f 296/531 361/527 1243/538
f 1238/542 1243/538 361/527
f 1243/2744 1238/2746 1244/2745
f 1229/1586 1228/1589 157/1580
f 1223/1756 1250/1755 1227/1759
f 1251/1039 351/1045 365/1043
f 1223/1756 1227/1759 365/1760
f 1000/1741 1299/1745 1241/1742
f 1227/1759 1250/1755 1241/1758
f 368/2464 362/2465 289/2462
f 362/2465 355/2468 289/2462
f 999/2778 1235/2777 1234/2775
f 292/2147 1231/2152 1233/2150
f 292/2147 362/2149 1226/2151
f 370/2658 291/2657 1232/2655
f 289/2462 355/2468 1297/2466
f 1230/774 158/775 147/776
f 100/1581 1224/1579 1001/1582
f 1258/1587 1001/1582 1225/1584
f 1224/1579 1225/1584 1001/1582
f 100/1581 157/1580 1224/1579
f 162/565 267/566 835/567
f 970/2526 969/2527 917/2528
f 1638/1949 319/1943 1640/1947
f 236/2824 932/2825 960/2826
f 229/446 218/445 995/447
f 969/2000 252/2001 915/2002
f 1253/418 994/404 1219/413
f 271/1073 304/1077 270/1070
f 930/308 936/329 933/319
f 246/54 825/73 559/65
f 377/536 942/530 307/524
f 970/2526 309/2531 234/2530
f 249/64 250/80 904/72
f 1002/1508 1005/1509 985/1510
f 897/1080 901/1074 903/1078
f 834/176 845/189 852/203
f 985/1510 988/1511 1002/1508
f 290/2463 1226/2467 368/2464
f 903/1078 901/1074 270/1070
f 243/2120 938/2121 939/2122
f 146/348 874/347 210/351
f 277/407 1219/413 994/404
f 975/2438 1218/2439 239/2440
f 859/275 241/293 885/258
f 982/2484 972/2485 918/2486
f 959/426 1220/427 294/424
f 235/2157 293/2153 355/2159
f 364/2847 352/2848 360/2849
f 982/2018 976/2019 363/2010
f 994/404 964/398 277/407
f 244/393 245/394 991/391
f 955/361 954/345 157/359
f 263/320 881/330 879/296
f 967/2095 981/2096 974/2097
f 1220/2786 959/2787 958/2788
f 466/1601 307/1599 308/1606
f 951/529 295/534 943/523
f 947/423 214/422 957/425
f 912/242 885/258 240/259
f 278/419 276/416 214/422
f 938/2121 242/2124 965/2126
f 965/2126 980/2128 938/2121
f 929/2099 979/2101 981/2096
f 979/2947 980/2948 981/2949
f 917/2489 379/2493 254/2492
f 823/115 830/159 893/151
f 270/1070 902/1079 903/1078
f 272/1065 269/1067 1257/1062
f 272/449 229/446 995/447
f 797/2022 796/2023 795/2024
f 897/116 896/107 205/99
f 849/369 846/385 854/377
f 912/242 890/225 884/208
f 263/320 879/296 891/309
f 866/316 241/293 850/261
f 952/353 233/374 232/367
f 238/2441 253/2444 977/2442
f 834/1394 852/1395 772/1390
f 238/2441 239/2440 254/2443
f 196/1157 828/1158 768/1159
f 844/202 843/216 837/187
f 173/2752 835/2753 266/2754
f 831/148 837/187 221/175
f 840/188 209/236 846/217
f 849/235 847/223 845/189
f 986/1387 1005/1388 1002/1385
f 118/1199 814/1200 837/1201
f 228/577 839/588 842/595
f 814/1200 222/1206 836/1204
f 838/2910 841/2911 842/2912
f 815/2071 791/2072 799/2073
f 783/1515 792/1514 908/1517
f 793/89 205/99 285/79
f 806/1800 786/1801 771/1802
f 829/139 823/115 827/132
f 186/674 185/677 184/683
f 178/2076 802/2079 201/2074
f 787/694 789/695 1276/692
f 795/1243 1006/1241 376/1240
f 322/700 192/708 268/705
f 812/2883 815/2881 1007/2877
f 317/1340 757/1338 177/1344
f 758/2821 759/2822 346/2823
f 978/364 983/378 973/370
f 973/370 1003/379 146/348
f 1004/1289 101/1290 158/1291
f 298/357 369/363 978/364
f 806/1389 987/1386 1002/1385
f 968/1054 301/1055 967/1057
f 1004/387 158/386 973/370
f 121/592 807/597 118/583
f 970/2526 971/2529 309/2531
f 309/2531 310/2532 234/2530
f 362/2149 292/2147 310/2146
f 1003/379 1259/381 146/348
f 1003/379 973/370 158/386
f 1217/1749 1250/1755 1223/1756
f 937/2934 980/2935 979/2936
f 213/350 874/347 869/346
f 954/345 1221/352 157/359
f 299/2016 976/2019 975/2020
f 146/348 978/364 973/370
f 242/1747 357/1746 356/1743
f 948/417 1219/413 277/407
f 1242/420 1219/413 948/417
f 275/541 999/546 942/530
f 997/535 951/529 950/526
f 996/537 950/526 942/530
f 996/537 942/530 997/535
f 996/537 997/535 950/526
f 964/398 994/404 991/391
f 999/546 998/552 942/530
f 1236/2776 1234/2775 1235/2777
f 244/393 993/392 992/396
f 300/399 244/393 992/396
f 275/443 229/446 1245/448
f 990/684 1006/688 795/685
f 300/399 992/396 989/405
f 984/409 300/399 989/405
f 984/1075 989/1069 269/1067
f 900/133 898/141 899/142
f 988/1511 985/1510 786/1512
f 1002/1508 988/1511 806/1513
f 986/1387 987/1386 772/1390
f 985/1672 1005/1673 986/1674
f 986/1674 858/1676 857/1675
f 772/1390 858/1392 986/1387
f 983/378 1004/387 973/370
f 1004/1289 983/1292 101/1290
f 771/1391 772/1390 987/1386
f 786/1512 806/1513 988/1511
f 369/363 983/378 978/364
f 74/1294 101/1290 983/1292
f 977/2442 975/2438 238/2441
f 985/1510 857/1516 792/1514
f 984/1075 269/1067 901/1074
f 379/2493 917/2489 915/2494
f 908/1517 792/1514 857/1516
f 300/399 984/409 273/406
f 239/2487 982/2484 918/2486
f 917/2601 969/2602 914/2603
f 888/2748 913/2749 915/2750
f 257/411 940/412 916/403
f 309/2013 972/2015 363/2010
f 918/2486 971/2488 917/2489
f 917/2528 971/2529 970/2526
f 888/2829 379/2830 913/2831
f 357/1053 242/1060 243/1059
f 981/1750 980/1757 965/1754
f 981/2096 967/2095 862/2098
f 277/407 940/412 276/416
f 981/2096 862/2098 929/2099
f 929/2099 862/2098 931/2102
f 929/2937 937/2934 979/2936
f 967/2095 301/2100 862/2098
f 975/2020 977/2021 299/2016
f 239/2487 1218/2490 982/2484
f 363/2010 976/2019 299/2016
f 299/2006 977/2009 253/2008
f 954/345 955/361 952/353
f 1218/3007 975/3008 982/3009
f 975/2020 976/2019 982/2018
f 301/1055 968/1054 357/1053
f 235/2014 363/2010 299/2016
f 363/2010 972/2015 982/2018
f 1249/1072 993/1066 989/1069
f 146/348 954/345 874/347
f 972/2485 309/2491 971/2488
f 970/2526 234/2530 969/2527
f 966/2521 968/2520 967/2523
f 967/2523 974/2525 966/2521
f 242/1747 356/1743 965/1748
f 911/397 245/394 244/393
f 964/398 916/403 277/407
f 964/398 991/391 245/394
f 956/429 957/425 941/428
f 946/2170 960/2171 934/2172
f 948/417 957/425 959/426
f 236/2824 960/2826 946/2827
f 870/349 954/345 952/353
f 17/2469 962/2470 9/2471
f 961/2135 946/2136 934/2137
f 934/2137 306/2138 961/2135
f 305/2140 306/2138 934/2137
f 946/2136 961/2135 237/2139
f 236/2254 237/2255 921/2256
f 932/2257 231/2262 960/2264
f 945/2472 17/2469 9/2471
f 945/2472 923/2473 17/2469
f 872/360 870/349 952/353
f 923/2473 18/2474 17/2469
f 306/2138 237/2139 961/2135
f 937/2127 929/2129 892/2125
f 926/2261 231/2262 262/2260
f 947/423 957/425 948/417
f 948/417 278/419 947/423
f 934/2172 960/2171 231/2173
f 945/2406 944/2407 923/2408
f 944/2407 945/2406 8/2409
f 9/2411 8/2409 945/2406
f 959/426 957/425 956/429
f 958/2788 956/2789 11/2790
f 14/384 953/389 952/353
f 959/426 294/424 948/417
f 958/2788 959/2787 956/2789
f 294/539 1246/532 943/523
f 456/540 545/528 296/531
f 296/531 19/544 456/540
f 943/523 307/524 950/526
f 307/524 943/523 308/522
f 942/530 950/526 307/524
f 943/523 297/525 435/520
f 943/523 950/526 951/529
f 217/442 275/443 377/435
f 308/522 943/523 435/520
f 867/337 920/342 881/330
f 231/2173 926/2179 922/2176
f 944/2407 924/2410 923/2408
f 922/2176 230/2174 231/2173
f 891/309 883/278 882/321
f 926/2179 891/2181 922/2176
f 882/2917 230/2918 922/2919
f 919/336 925/341 936/329
f 892/276 864/326 876/327
f 892/2125 939/2122 938/2121
f 237/2139 306/2138 875/2141
f 876/327 919/336 927/317
f 927/317 892/276 876/327
f 230/2174 261/2175 934/2172
f 933/319 883/278 930/308
f 935/294 928/306 930/308
f 883/278 935/294 930/308
f 930/308 927/317 936/329
f 305/2178 261/2175 925/2180
f 919/2143 868/2142 305/2140
f 892/2105 929/2099 864/2103
f 935/294 892/276 928/306
f 927/317 930/308 928/306
f 936/329 925/341 882/321
f 928/306 892/276 927/317
f 261/2175 882/2177 925/2180
f 936/329 882/321 933/319
f 261/2175 230/2174 882/2177
f 932/2257 262/2260 231/2262
f 262/2260 263/2259 926/2261
f 868/2258 263/2259 921/2256
f 237/2255 868/2258 921/2256
f 932/2257 236/2254 921/2256
f 920/342 867/337 877/344
f 263/2259 262/2260 932/2257
f 932/2257 921/2256 263/2259
f 865/2104 864/2103 931/2102
f 868/2142 875/2141 305/2140
f 937/2127 892/2125 938/2121
f 306/2138 305/2140 875/2141
f 255/2920 254/2921 379/2922
f 239/2487 917/2489 254/2492
f 893/151 886/161 898/141
f 916/403 245/394 258/402
f 259/401 244/393 273/406
f 969/2000 915/2002 914/2003
f 245/394 911/397 258/402
f 894/410 259/401 273/406
f 894/410 273/406 895/415
f 914/2603 888/2604 917/2601
f 238/2441 254/2443 256/2445
f 303/1678 857/1675 302/1677
f 252/2533 255/2534 251/2535
f 913/241 914/224 915/257
f 939/2122 240/2123 243/2120
f 868/340 919/336 876/327
f 859/275 885/258 913/241
f 253/2008 252/2001 299/2006
f 885/258 884/208 913/241
f 912/242 240/259 890/225
f 241/293 240/259 885/258
f 258/402 911/397 259/401
f 884/208 885/258 912/242
f 913/241 884/208 914/224
f 859/275 913/241 860/292
f 256/209 255/227 888/195
f 913/241 251/262 860/292
f 888/195 914/224 884/208
f 895/181 274/197 898/141
f 256/2924 254/2925 253/2926
f 302/207 848/180 303/194
f 205/99 896/107 285/79
f 907/1519 893/1521 830/1522
f 286/100 902/108 304/90
f 304/1077 902/1079 270/1070
f 249/64 285/79 250/80
f 908/1517 907/1519 783/1515
f 908/2456 303/2457 910/2458
f 857/2460 303/2457 908/2456
f 893/1521 907/1519 908/1517
f 908/2456 910/2458 893/2459
f 901/1074 899/1082 274/1081
f 271/1073 270/1070 272/1065
f 909/57 247/47 246/54
f 905/91 523/102 825/73
f 271/451 995/447 220/450
f 218/445 220/450 995/447
f 275/443 906/444 218/445
f 904/72 246/54 249/64
f 271/101 219/109 905/91
f 271/101 904/72 304/90
f 825/73 246/54 904/72
f 904/72 905/91 825/73
f 905/91 904/72 271/101
f 271/101 220/118 219/109
f 219/109 218/125 217/134
f 259/210 894/196 887/170
f 257/263 889/243 276/277
f 889/243 887/170 890/225
f 258/228 259/210 887/170
f 258/228 887/170 889/243
f 895/181 898/141 887/170
f 894/196 895/181 887/170
f 900/133 897/116 823/115
f 286/100 903/117 902/108
f 899/142 897/116 900/133
f 274/1081 899/1082 898/1083
f 899/1082 901/1074 897/1080
f 903/117 286/100 897/116
f 205/99 823/115 897/116
f 250/80 286/100 304/90
f 286/100 896/107 897/116
f 904/72 250/80 304/90
f 303/2457 886/2461 910/2458
f 898/141 900/133 823/115
f 893/151 898/141 823/115
f 887/170 848/180 888/195
f 886/161 303/194 848/180
f 886/2461 893/2459 910/2458
f 888/195 884/208 887/170
f 848/180 887/170 886/161
f 238/244 256/209 853/226
f 240/2123 939/2122 892/2125
f 890/225 935/294 883/278
f 892/276 935/294 890/225
f 256/209 888/195 848/180
f 890/225 887/170 884/208
f 922/331 891/309 882/321
f 260/260 883/278 879/296
f 889/243 890/225 260/260
f 883/278 260/260 890/225
f 879/296 215/307 260/260
f 214/295 260/260 215/307
f 878/328 214/295 880/318
f 214/295 276/277 260/260
f 276/277 889/243 260/260
f 883/278 933/319 882/321
f 936/329 927/317 919/336
f 879/296 883/278 891/309
f 881/330 263/320 867/337
f 21/343 20/334 871/339
f 213/304 850/261 210/291
f 850/261 213/304 866/316
f 868/340 876/327 866/316
f 211/356 213/350 210/351
f 872/360 232/367 21/375
f 20/334 866/316 873/325
f 872/360 21/375 871/362
f 873/325 871/339 20/334
f 213/350 212/355 873/354
f 873/325 866/316 213/304
f 866/316 876/327 863/335
f 865/305 241/293 866/316
f 864/326 866/316 863/335
f 263/320 868/340 20/334
f 20/334 868/340 866/316
f 865/305 866/316 864/326
f 867/337 263/320 20/334
f 863/335 876/327 864/326
f 862/2098 301/2100 931/2102
f 869/346 870/349 873/354
f 872/360 871/362 870/349
f 870/349 871/362 873/354
f 213/350 211/356 874/347
f 210/351 874/347 211/356
f 861/279 253/245 850/261
f 253/245 238/244 850/261
f 241/293 859/275 860/292
f 850/261 860/292 861/279
f 860/292 850/261 241/293
f 860/292 251/262 861/279
f 854/377 983/378 369/363
f 850/261 853/226 849/235
f 845/189 846/217 849/235
f 848/180 302/207 847/223
f 771/1802 774/1803 773/1805
f 62/252 209/236 840/188
f 846/217 855/288 854/302
f 983/1292 854/1295 74/1294
f 74/1294 855/1297 752/1299
f 854/1295 855/1297 74/1294
f 851/1680 856/1679 858/1676
f 847/1681 302/1677 856/1679
f 856/1679 302/1677 858/1676
f 772/1390 852/1395 851/1393
f 857/1675 858/1676 302/1677
f 851/1680 847/1681 856/1679
f 369/363 210/351 849/369
f 752/271 855/288 846/217
f 853/226 847/223 849/235
f 256/209 848/180 853/226
f 210/291 850/261 849/235
f 847/223 853/226 848/180
f 853/226 850/261 238/244
f 851/218 852/203 845/189
f 847/223 851/218 845/189
f 833/167 845/189 834/176
f 845/189 840/188 846/217
f 844/202 831/148 832/206
f 53/270 52/253 209/236
f 780/158 833/167 834/176
f 833/167 780/158 831/148
f 840/188 833/167 221/175
f 840/188 845/189 833/167
f 837/187 831/148 844/202
f 843/216 844/202 832/206
f 832/206 842/251 843/216
f 224/1202 843/1205 842/1208
f 832/206 284/240 227/256
f 226/273 228/269 832/206
f 227/256 226/273 832/206
f 284/240 832/206 1645/222
f 1647/303 284/240 1648/315
f 283/274 227/256 284/240
f 843/1205 224/1202 837/1201
f 118/1199 837/1201 224/1202
f 807/1203 222/1206 814/1200
f 808/1209 813/1210 222/1206
f 813/1254 62/1255 840/1256
f 224/2913 841/2911 838/2910
f 842/595 839/588 838/581
f 224/2913 842/2912 841/2911
f 840/1211 221/1207 222/1206
f 813/1210 840/1211 222/1206
f 831/148 221/175 833/167
f 780/1396 834/1394 771/1391
f 837/1201 814/1200 836/1204
f 221/1207 837/1201 836/1204
f 801/572 838/581 228/577
f 838/581 839/588 228/577
f 227/582 283/596 173/589
f 223/574 838/581 801/572
f 173/2752 162/2755 835/2753
f 1645/222 197/168 1654/239
f 832/206 779/234 765/221
f 282/193 832/206 765/221
f 282/193 197/168 832/206
f 779/1166 195/1163 790/1165
f 787/694 322/700 268/705
f 767/1848 181/1849 766/1850
f 831/148 779/234 832/206
f 779/1166 831/1164 196/1157
f 831/148 780/158 829/139
f 829/2818 781/2819 782/2820
f 778/1160 768/1159 178/1162
f 784/1804 785/1806 774/1803
f 827/1161 828/1158 196/1157
f 827/132 197/168 769/178
f 824/140 827/132 800/124
f 830/159 823/115 782/149
f 831/148 829/139 827/132
f 782/149 823/115 829/139
f 827/1161 196/1157 831/1164
f 196/1157 195/1163 779/1166
f 804/2025 794/2026 280/2027
f 769/178 197/168 282/193
f 769/178 828/192 827/132
f 769/1638 180/1635 768/1636
f 826/160 265/177 197/168
f 197/168 265/177 1652/191
f 827/132 193/150 826/160
f 192/708 193/710 268/705
f 208/179 194/190 826/160
f 826/160 197/168 827/132
f 1653/204 194/190 1660/219
f 194/190 265/177 826/160
f 826/160 192/169 208/179
f 827/132 824/140 193/150
f 788/701 268/705 193/710
f 798/670 512/673 190/660
f 800/2579 776/2580 770/2581
f 788/701 193/710 824/709
f 788/701 824/709 775/702
f 776/2034 279/2030 287/2032
f 206/106 800/124 823/115
f 823/115 800/124 827/132
f 206/106 823/115 205/99
f 247/47 184/42 797/51
f 202/98 793/89 203/71
f 206/106 205/99 793/89
f 510/31 512/10 183/36
f 760/706 321/697 762/704
f 822/679 191/675 512/673
f 1260/1337 175/1339 174/1334
f 201/2074 799/2073 178/2076
f 1007/2877 815/2881 816/2878
f 190/660 198/668 798/670
f 755/656 817/664 190/660
f 787/694 321/697 322/700
f 657/1501 753/1504 656/1505
f 1264/691 817/699 321/697
f 321/697 817/699 762/704
f 803/1762 812/1764 818/1763
f 803/1629 802/1630 761/1631
f 248/1245 810/1242 805/1247
f 1275/1627 816/1628 201/1625
f 819/671 820/676 199/672
f 199/672 811/681 809/682
f 795/685 809/682 811/681
f 821/669 819/671 199/672
f 182/1853 181/1849 791/1852
f 1007/2877 818/2882 812/2883
f 816/2077 815/2071 201/2074
f 771/1391 987/1386 806/1389
f 791/1852 815/1857 812/1856
f 248/1245 376/1240 810/1242
f 810/1242 804/1244 805/1247
f 789/695 775/702 804/698
f 795/685 796/687 185/677
f 809/682 795/685 185/677
f 813/1210 808/1209 807/1203
f 95/604 813/602 121/592
f 813/602 807/597 121/592
f 794/2026 804/2025 775/2029
f 287/2032 288/2031 775/2029
f 805/2028 804/2025 280/2027
f 808/1209 222/1206 807/1203
f 761/1631 763/1632 803/1629
f 182/1765 763/1766 764/1767
f 812/1856 182/1853 791/1852
f 791/2072 790/2075 799/2073
f 802/1630 178/1633 761/1631
f 179/1634 763/1632 761/1631
f 311/1346 317/1340 177/1344
f 267/566 223/574 801/572
f 267/566 162/565 163/568
f 163/568 140/570 267/566
f 223/574 267/566 140/570
f 763/1766 182/1765 803/1762
f 182/1765 812/1764 803/1762
f 201/1625 802/1630 803/1629
f 174/1334 176/1341 757/1338
f 179/1769 777/1770 764/1767
f 316/1335 174/1334 757/1338
f 282/1772 777/1770 179/1769
f 186/674 183/678 512/673
f 204/1246 797/1249 795/1243
f 203/71 285/79 249/64
f 793/89 285/79 203/71
f 204/59 203/71 249/64
f 376/1240 248/1245 202/1248
f 249/64 246/54 204/59
f 288/2031 794/2026 775/2029
f 788/701 787/694 268/705
f 789/695 788/701 775/702
f 789/695 787/694 788/701
f 179/1634 761/1631 178/1633
f 206/1251 202/1248 248/1245
f 770/2033 287/2032 775/2029
f 206/1251 248/1245 280/1250
f 783/1515 784/1518 786/1512
f 786/1801 784/1804 774/1803
f 783/1515 786/1512 792/1514
f 786/1512 985/1510 792/1514
f 288/2031 287/2032 279/2030
f 280/2583 279/2582 800/2579
f 773/1805 785/1806 781/1807
f 790/1165 778/1160 178/1162
f 790/2075 791/2072 767/2078
f 769/1638 768/1636 828/1639
f 777/1770 281/1771 766/1768
f 786/1801 774/1803 771/1802
f 834/1394 772/1390 771/1391
f 773/1805 774/1803 785/1806
f 782/1520 781/1523 784/1518
f 781/1807 785/1806 784/1804
f 782/1520 784/1518 783/1515
f 773/1397 780/1396 771/1391
f 773/1805 781/1807 780/1808
f 790/1165 767/1167 779/1166
f 768/1159 778/1160 196/1157
f 765/1851 779/1855 767/1848
f 800/1253 206/1251 280/1250
f 824/2035 770/2033 775/2029
f 287/2032 770/2033 776/2034
f 765/1851 767/1848 766/1850
f 766/1850 281/1854 765/1851
f 192/708 322/700 760/706
f 176/1668 189/1662 1661/1665
f 182/1765 764/1767 766/1768
f 764/1767 777/1770 766/1768
f 768/1636 180/1635 178/1633
f 760/706 762/704 208/711
f 207/2194 208/2195 762/2196
f 179/1769 764/1767 763/1766
f 174/1334 189/1342 176/1341
f 324/1345 756/1343 317/1340
f 1663/1348 177/1344 1664/1350
f 316/1335 757/1338 317/1340
f 325/1503 187/1506 753/1504
f 754/652 755/656 187/653
f 187/2236 325/2233 354/2230
f 354/2230 315/2237 188/2238
f 252/2832 913/2831 379/2830
f 379/2005 915/2002 252/2001
f 473/431 216/438 377/435
f 795/1243 376/1240 204/1246
f 376/1240 202/1248 204/1246
f 1622/2868 333/2869 1669/2870
f 190/1185 191/1181 656/1173
f 374/1990 350/1993 375/1996
f 372/2611 1307/2606 371/2610
f 312/2666 367/2667 313/2668
f 756/2542 324/2544 320/2540
f 318/1641 335/1645 1281/1642
f 1287/1454 1284/1451 334/1450
f 343/2707 340/2709 339/2708
f 753/1504 190/1507 656/1505
f 1670/2541 320/2540 1671/2543
f 319/2591 758/2592 311/2593
f 310/2012 309/2013 363/2010
f 1217/1749 356/1751 1247/1752
f 1298/1991 355/1995 358/1992
f 1232/2655 291/2657 1233/2652
f 359/1049 357/1053 360/1052
f 949/548 294/539 1220/553
f 307/1599 466/1601 568/1594
f 210/351 298/357 146/348
f 1222/1998 374/1990 375/1996
f 290/2361 1222/2360 1303/2356
f 355/2159 293/2153 358/2158
f 362/2465 368/2464 1226/2467
f 290/2361 1303/2356 1226/2359
f 290/2463 289/2462 1297/2466
f 351/1045 1251/1039 1000/1047
f 1231/2152 292/2147 1226/2151
f 1247/1752 1241/1758 1250/1755
f 1272/1491 1273/1490 1271/1496
f 353/1935 347/1939 348/1936
f 346/1942 348/1936 347/1939
f 323/2598 347/2600 319/2591
f 1581/1652 318/1641 1670/1654
f 341/1611 329/1608 314/1607
f 327/2705 343/2707 339/2708
f 338/2335 339/2334 1623/2338
f 1281/1642 342/1643 341/1640
f 1281/1463 335/1460 336/1452
f 1612/1657 340/1650 1673/1656
f 326/1458 328/1455 336/1452
f 336/1452 335/1460 326/1458
f 339/2334 328/2336 327/2337
f 328/2336 326/2340 327/2337
f 1286/1461 1283/1459 333/1456
f 1285/1985 332/1984 331/1983
f 1277/2894 336/2898 329/2899
f 329/1981 331/1983 330/1979
f 1290/2800 1280/2798 1619/2802
f 336/1452 328/1455 334/1450
f 328/2336 338/2335 1674/2339
f 1669/2345 328/2336 1675/2343
f 187/653 188/665 1626/661
f 315/2237 354/2230 1635/2234
f 321/697 760/706 322/700
f 1625/2241 315/2237 1666/2242
f 316/1647 318/1641 373/1644
f 317/1340 756/1343 316/1335
f 817/664 1263/666 190/660
f 325/2233 1270/2231 354/2230
f 1268/2770 323/2772 353/2768
f 323/2721 1268/2718 346/2720
f 323/2598 319/2591 1628/2597
f 313/1613 314/1607 1596/1610
f 1261/1619 312/1621 1641/1622
f 314/1607 373/1614 341/1611
f 319/2591 311/2593 1663/2594
f 1001/358 1221/352 146/348
f 363/2010 235/2014 362/2011
f 359/1744 1000/1741 1255/1740
f 351/1045 352/1050 364/1048
f 294/539 943/523 295/534
f 10/549 19/544 296/531
f 297/525 545/528 435/520
f 1245/555 1237/551 275/541
f 1254/545 294/539 295/534
f 351/1045 359/1049 360/1052
f 292/2147 291/2148 234/2145
f 370/2156 358/2158 293/2153
f 351/1045 364/1048 365/1043
f 772/1390 851/1393 858/1392
f 245/394 916/403 964/398
f 235/2004 299/2006 252/2001
f 257/411 276/416 940/412
f 276/416 278/419 277/407
f 890/225 240/259 892/276
f 258/402 257/411 916/403
f 783/1515 830/1522 782/1520
f 301/1055 357/1053 240/1056
f 917/2751 888/2748 915/2750
f 253/245 255/227 256/209
f 369/363 298/357 210/351
f 284/240 225/290 283/274
f 283/596 225/601 173/589
f 281/1771 777/1770 282/1772
f 184/683 185/677 797/686
f 185/677 186/674 199/672
f 820/676 811/681 199/672
f 264/1661 1261/1664 1643/1666
f 510/31 183/36 184/42
f 324/1345 317/1340 311/1346
f 223/574 118/583 224/591
f 266/569 835/567 267/566
f 190/660 187/653 755/656
f 228/577 266/569 801/572
f 311/1954 346/1955 759/1956
f 298/357 978/364 146/348
f 820/676 990/684 795/685
f 1248/1061 229/1068 272/1065
f 857/1675 985/1672 986/1674
f 270/1070 901/1074 269/1067
f 274/1081 984/1075 901/1074
f 274/414 273/406 984/409
f 272/1065 270/1070 269/1067
f 917/2489 239/2487 918/2486
f 981/1750 1217/1749 974/1753
f 275/541 942/530 377/536
f 244/393 259/401 911/397
f 980/2128 937/2127 938/2121
f 278/419 948/417 277/407
f 916/403 940/412 277/407
f 934/2172 261/2175 305/2178
f 242/2124 938/2121 243/2120
f 243/1059 240/1056 357/1053
f 975/2438 239/2440 238/2441
f 236/2824 946/2827 237/2828
f 968/1054 360/1052 357/1053
f 252/2001 969/2000 235/2004
f 234/2007 235/2004 969/2000
f 971/2488 918/2486 972/2485
f 234/2154 293/2153 235/2157
f 965/1754 356/1751 981/1750
f 244/393 300/399 273/406
f 232/367 872/360 952/353
f 941/428 957/425 214/422
f 272/449 995/447 271/451
f 377/435 216/438 217/442
f 18/2412 923/2408 924/2410
f 214/422 878/430 941/428
f 214/422 947/423 278/419
f 263/2259 891/2263 926/2261
f 305/2140 925/2144 919/2143
f 934/2172 231/2173 230/2174
f 301/2100 865/2104 931/2102
f 929/2099 931/2102 864/2103
f 274/414 895/415 273/406
f 253/245 251/262 255/227
f 252/2533 254/2537 255/2534
f 254/2925 252/2927 253/2926
f 888/2923 255/2920 379/2922
f 240/1056 865/1058 301/1055
f 252/2533 251/2535 913/2536
f 861/279 251/262 253/245
f 783/1515 907/1519 830/1522
f 246/54 797/51 204/59
f 217/442 906/444 275/443
f 219/109 220/118 218/125
f 906/444 217/442 218/445
f 257/263 258/228 889/243
f 285/79 896/107 286/100
f 286/100 250/80 285/79
f 886/161 887/170 898/141
f 241/293 865/305 240/259
f 880/318 214/295 215/307
f 869/346 212/355 213/350
f 868/2142 237/2139 875/2141
f 873/354 212/355 869/346
f 369/363 849/369 854/377
f 52/253 846/217 209/236
f 221/1207 836/1204 222/1206
f 266/569 228/577 227/582
f 228/577 226/590 227/582
f 95/1257 62/1255 813/1254
f 224/591 838/581 223/574
f 832/206 228/269 842/251
f 266/569 227/582 173/589
f 765/1773 281/1771 282/1772
f 829/1809 780/1808 781/1807
f 180/1635 769/1638 282/1637
f 192/169 826/160 193/150
f 179/1634 180/1635 282/1637
f 512/673 191/675 190/660
f 207/2194 194/2197 208/2195
f 793/89 202/98 206/106
f 797/51 246/54 247/47
f 799/2073 201/2074 815/2071
f 201/1625 803/1629 200/1626
f 198/668 821/669 199/672
f 198/668 199/672 186/674
f 199/672 809/682 185/677
f 807/1203 814/1200 118/1199
f 798/670 198/668 186/674
f 248/1245 805/1247 280/1250
f 799/2073 790/2075 178/2076
f 190/1507 753/1504 187/1506
f 194/2197 207/2194 1644/2198
f 1661/1665 264/1661 1677/1667
f 185/677 796/687 797/686
f 512/673 798/670 186/674
f 183/678 186/674 184/683
f 794/2026 288/2031 279/2030
f 280/2027 794/2026 279/2030
f 195/1163 778/1160 790/1165
f 778/1160 195/1163 196/1157
f 181/1849 767/1848 791/1852
f 279/2582 776/2580 800/2579
f 180/1635 179/1634 178/1633
f 177/1344 757/1338 176/1341
f 208/711 192/708 760/706
f 766/1850 181/1849 182/1853
f 1686/1347 176/1341 1688/1349
f 188/2238 187/2236 354/2230
f 189/1342 174/1334 175/1339
f 266/569 267/566 801/572
f 335/1460 337/1464 326/1458
f 1637/1948 323/1950 1682/1952
f 218/445 229/446 275/443
f 173/589 225/601 1647/603
f 162/565 173/589 1685/587
f 202/1248 203/1252 204/1246
f 320/2540 324/2544 1639/2546
f 1610/2669 313/2668 1683/2670
f 954/345 870/349 869/346
f 83/609 96/610 105/611
f 129/452 130/453 166/454
f 130/453 171/456 120/459
f 135/490 133/489 747/488
f 83/609 98/613 96/610
f 143/2507 144/2508 142/2509
f 171/456 170/462 1690/466
f 171/456 161/460 170/462
f 167/455 129/452 166/454
f 94/499 141/502 168/495
f 121/592 168/608 141/606
f 163/568 167/573 140/570
f 165/584 169/593 117/578
f 121/478 116/491 168/495
f 121/592 117/578 164/598
f 161/460 171/456 129/452
f 166/454 140/458 167/455
f 161/579 129/586 163/568
f 75/778 102/780 150/779
f 150/779 102/780 160/783
f 151/789 155/798 154/793
f 160/783 106/786 150/779
f 144/2508 143/2507 156/2511
f 111/639 2/644 5/643
f 156/629 148/621 93/617
f 93/617 148/621 98/613
f 104/2914 153/2915 152/2916
f 104/615 97/614 153/624
f 75/778 150/779 149/777
f 158/775 75/778 149/777
f 147/371 149/380 100/365
f 98/613 148/621 152/623
f 93/2512 144/2508 156/2511
f 99/2791 159/2792 155/2793
f 154/2795 155/2793 159/2792
f 150/2796 154/2795 159/2792
f 99/625 155/645 151/641
f 106/786 151/789 150/779
f 150/779 151/789 154/793
f 100/1581 152/1585 148/1583
f 152/623 153/624 97/614
f 99/2791 149/2794 159/2792
f 99/625 100/618 149/633
f 149/777 150/779 159/781
f 149/777 147/776 158/775
f 146/348 1259/381 147/371
f 100/365 146/348 147/371
f 148/1583 157/1580 100/1581
f 100/1581 104/1588 152/1585
f 93/2065 145/2066 144/2067
f 93/2065 5/2068 145/2066
f 145/2066 142/2069 144/2067
f 156/2511 143/2507 7/2510
f 7/2510 143/2507 142/2509
f 145/649 7/650 142/651
f 135/490 45/494 61/498
f 71/1261 132/1263 131/1264
f 109/626 110/634 76/619
f 107/632 103/612 99/625
f 47/719 86/720 46/721
f 90/730 91/726 86/720
f 79/616 83/609 103/612
f 55/286 51/313 57/301
f 59/505 61/498 50/508
f 71/2449 70/2450 48/2451
f 68/1301 72/1298 56/1302
f 71/504 60/501 59/505
f 66/2454 71/2449 51/2452
f 36/512 50/508 61/498
f 67/323 65/333 72/314
f 138/475 33/480 44/486
f 751/472 136/482 137/483
f 223/574 140/570 117/578
f 750/496 133/489 135/490
f 49/2891 59/2892 70/2893
f 49/516 113/517 59/518
f 71/504 59/505 113/510
f 751/472 134/473 127/467
f 118/583 117/578 121/592
f 123/477 121/478 172/463
f 5/2068 93/2065 112/2070
f 5/643 112/631 111/639
f 93/617 114/622 112/631
f 112/631 89/630 111/639
f 114/622 83/609 89/630
f 82/628 81/636 89/630
f 112/631 114/622 89/630
f 76/619 79/616 103/612
f 107/632 109/626 103/612
f 107/632 108/638 109/626
f 108/785 102/780 73/782
f 70/2450 113/2453 51/2452
f 96/610 97/614 105/611
f 107/632 99/625 106/637
f 105/611 103/612 83/609
f 103/612 105/611 104/615
f 99/625 151/641 106/637
f 105/611 97/614 104/615
f 104/615 100/618 103/612
f 107/632 106/637 160/640
f 102/780 108/785 160/783
f 108/638 107/632 160/640
f 115/500 132/503 125/506
f 73/782 102/780 75/778
f 101/1290 75/1293 158/1291
f 103/612 100/618 99/625
f 96/610 98/613 97/614
f 152/623 97/614 98/613
f 94/605 124/607 95/604
f 83/609 114/622 93/617
f 98/613 83/609 93/617
f 145/649 3/648 7/650
f 42/732 43/734 88/733
f 92/725 42/732 81/728
f 80/722 78/724 86/720
f 80/722 47/719 92/725
f 78/724 77/727 86/720
f 86/720 47/719 80/722
f 88/733 81/728 42/732
f 77/727 40/731 86/720
f 92/725 41/729 42/732
f 46/721 86/720 87/723
f 87/723 86/720 91/726
f 83/609 79/616 80/620
f 40/731 90/730 86/720
f 89/630 88/642 1/646
f 82/628 80/620 81/636
f 80/620 82/628 83/609
f 78/627 80/620 79/616
f 76/619 110/634 77/635
f 85/788 108/785 73/782
f 84/790 85/788 73/782
f 77/792 108/785 85/788
f 54/787 64/784 65/791
f 49/804 50/801 67/795
f 56/802 69/803 67/795
f 54/2567 67/2568 68/2569
f 65/791 67/795 54/787
f 71/2449 113/2453 70/2450
f 51/2980 49/2981 67/2982
f 58/515 49/514 70/513
f 65/2983 64/2984 68/2985
f 67/2568 69/2571 68/2569
f 49/516 51/519 113/517
f 72/314 57/301 67/323
f 74/1294 72/1298 64/1296
f 64/1296 75/1293 74/1294
f 73/782 64/784 54/787
f 75/778 64/784 73/782
f 64/1296 72/1298 68/1301
f 57/301 52/253 55/286
f 54/787 56/802 50/801
f 71/2449 48/2451 51/2452
f 50/508 49/514 48/511
f 52/253 53/270 55/286
f 51/2452 58/2455 70/2450
f 59/505 48/511 70/513
f 59/505 50/508 48/511
f 48/2451 58/2455 51/2452
f 56/2570 54/2567 68/2569
f 72/2987 65/2988 56/2989
f 63/287 752/271 52/253
f 67/795 50/801 56/802
f 752/1299 63/1300 74/1294
f 54/787 84/790 73/782
f 74/1294 63/1300 72/1298
f 40/797 85/788 37/800
f 77/792 85/788 40/797
f 38/796 37/800 85/788
f 35/794 38/796 84/790
f 85/788 84/790 38/796
f 50/801 36/799 54/787
f 57/301 63/287 52/253
f 752/271 846/217 52/253
f 63/287 57/301 72/314
f 137/483 136/482 44/486
f 55/286 53/270 139/285
f 61/498 59/505 60/501
f 138/475 748/469 33/480
f 137/483 45/494 135/490
f 60/501 750/496 135/490
f 751/472 137/483 134/473
f 139/285 53/270 62/252
f 139/285 66/312 55/286
f 750/496 60/501 71/504
f 71/1261 66/1262 139/1258
f 71/2837 131/2838 750/2839
f 139/1258 62/1255 95/1257
f 33/480 748/469 749/470
f 748/469 119/464 749/470
f 138/475 751/472 128/457
f 748/469 128/457 119/464
f 751/472 127/467 128/457
f 128/457 120/459 119/464
f 133/489 750/496 126/492
f 134/473 133/489 122/484
f 115/500 750/496 132/503
f 115/500 126/492 750/496
f 127/467 134/473 172/463
f 127/467 172/463 128/457
f 130/453 120/459 128/457
f 166/454 130/453 128/457
f 123/477 122/484 121/478
f 123/477 134/473 122/484
f 126/492 122/484 133/489
f 115/500 94/499 116/491
f 121/592 94/605 95/604
f 116/491 121/478 122/484
f 116/491 126/492 115/500
f 115/500 125/506 94/499
f 141/606 94/605 121/592
f 125/506 124/509 94/499
f 125/1259 95/1257 124/1260
f 126/2446 116/2447 122/2448
f 164/474 172/463 121/478
f 116/491 94/499 168/495
f 169/593 164/598 117/578
f 169/479 165/468 164/474
f 167/2928 163/2929 129/2930
f 140/570 165/584 117/578
f 172/463 165/468 140/458
f 164/474 165/468 172/463
f 139/1258 125/1259 71/1261
f 118/583 223/574 117/578
f 166/454 128/457 140/458
f 172/463 140/458 128/457
f 172/463 134/473 123/477
f 130/453 129/452 171/456
f 161/579 163/568 1697/575
f 120/459 171/456 1691/461
f 163/568 162/565 1693/571
f 69/2990 56/2989 65/2988
f 65/2983 68/2985 69/2986
f 34/485 33/480 749/470
f 1690/594 161/579 1698/585
f 5/643 2/644 4/647
f 3/648 145/649 5/643
f 95/1257 125/1259 139/1258
f 2/644 111/639 89/630
f 75/1293 101/1290 74/1294
f 55/286 66/312 51/313
f 60/501 135/490 61/498
f 750/496 131/507 132/503
f 134/473 137/483 747/488
f 83/609 82/628 89/630
f 76/619 103/612 109/626
f 77/635 110/634 109/626
f 78/627 79/616 76/619
f 80/722 92/725 81/728
f 89/630 81/636 88/642
f 1/646 2/644 89/630
f 77/635 78/627 76/619
f 77/635 109/626 108/638
f 57/301 51/313 67/323
f 49/514 58/515 48/511
f 54/787 35/794 84/790
f 34/485 749/470 1699/487
f 751/472 138/475 136/482
f 133/489 134/473 747/488
f 209/236 62/252 53/270
f 747/488 137/483 135/490
f 120/459 749/470 119/464
f 749/470 120/459 1694/476
f 128/457 748/469 138/475
f 125/1259 132/1263 71/1261
f 36/799 35/794 54/787
f 45/494 137/483 44/486
f 44/486 136/482 138/475
f 47/719 41/729 92/725
f 39/2201 40/2202 37/2203
f 44/486 33/480 34/485
f 1056/2575 1058/2578 1020/2577
f 28/1422 23/1414 455/1419
f 27/2307 32/2300 19/2309
f 24/2682 1337/2684 26/2683
f 12/2665 14/2663 13/2662
f 963/383 952/353 953/389
f 949/548 11/558 10/549
f 233/374 952/353 963/383
f 877/344 867/337 20/334
f 6/2661 156/2660 7/2664
f 3/648 5/643 4/647
f 1429/1957 482/1960 667/1958
f 1430/1959 667/1958 1439/1961
f 1431/3010 1180/3011 1444/3012
f 1432/1832 1180/1821 1431/1833
f 1433/2943 1157/2942 1434/2945
f 1434/3023 1157/3026 1355/3024
f 1435/2331 1197/2329 1395/2327
f 1436/2333 1395/2327 1452/2332
f 1437/3013 1372/3014 1446/3015
f 1438/1820 1372/1817 1437/1822
f 1439/1961 667/1958 666/1963
f 1440/2391 1135/2389 1214/2393
f 1441/2392 666/2390 1440/2391
f 1442/1815 1214/1812 1215/1811
f 1443/1818 1215/1811 1438/1820
f 1444/1827 1180/1821 1371/1824
f 1445/1831 1371/1824 1461/1829
f 1446/1823 1372/1817 1180/1821
f 1447/2323 1396/2326 1137/2324
f 1448/2328 1395/2327 1447/2323
f 1449/2318 1137/2313 1190/2315
f 1450/2321 1137/2313 1449/2318
f 1451/2330 1395/2327 1448/2328
f 1452/2332 1395/2327 1451/2330
f 1453/2322 1137/2313 1450/2321
f 1454/1315 1190/1309 687/1305
f 1455/2690 1198/2688 1164/2687
f 1456/2694 1156/2693 1455/2690
f 1457/2691 1164/2687 1435/2689
f 1458/2692 1164/2687 1457/2691
f 1459/1826 1158/1819 1460/1830
f 1460/2615 1158/2612 1159/2614
f 1461/1829 1371/1824 1459/1826
f 1462/2957 1159/2954 1355/2953
f 1463/2619 1159/2614 1464/2616
f 1464/2616 1159/2614 1369/2613
f 1465/2712 1370/2711 1544/2715
f 1466/2713 1369/2710 1465/2712
f 1467/2620 1159/2614 1463/2619
f 1468/2955 1159/2954 1467/2958
f 1469/2956 1355/2953 1468/2955
f 1470/2944 1355/2941 1433/2943
f 1471/2959 1355/2953 1473/2960
f 1472/2946 1355/2941 1470/2944
f 1473/2960 1355/2953 1472/2961
f 1474/3016 746/3017 1534/3018
f 1475/2416 732/2413 1474/2415
f 1476/2082 482/2081 658/2085
f 1477/2083 727/2080 1476/2082
f 1478/1308 688/1304 1479/1314
f 1479/1314 688/1304 1310/1311
f 1480/2087 658/2085 1546/2090
f 1481/762 622/756 1482/768
f 1482/768 622/756 640/767
f 1483/2558 640/2553 1489/2556
f 1484/757 454/744 1481/762
f 1485/763 463/751 1484/757
f 1486/2551 619/2550 1487/2554
f 1488/2552 649/2549 1486/2551
f 1489/2556 640/2553 649/2549
f 1490/2555 649/2549 1488/2552
f 1491/2557 649/2549 1490/2555
f 1492/87 401/77 1493/96
f 1493/96 401/77 1504/104
f 1494/247 542/232 1327/265
f 1495/230 541/186 1494/247
f 1496/138 532/147 515/157
f 1497/165 515/157 1516/173
f 1498/41 497/30 1404/35
f 1499/1329 513/1327 1498/1328
f 1500/1332 1398/1330 1501/1333
f 1501/1333 1398/1330 1531/1331
f 1502/95 1405/62 1492/87
f 1503/97 401/77 477/83
f 1504/104 401/77 1503/97
f 1505/105 477/83 560/114
f 1506/123 560/114 1509/131
f 1507/2479 1419/2477 1420/2476
f 1508/2480 1419/2477 1507/2479
f 1509/131 560/114 1496/138
f 1510/246 540/214 1495/230
f 1511/264 540/214 1510/246
f 1512/280 1327/265 1537/297
f 1513/231 1420/185 540/214
f 1514/248 540/214 1511/264
f 1515/2481 1420/2476 1513/2483
f 1516/2482 515/2478 1508/2480
f 1517/322 521/311 520/332
f 1518/310 1327/265 1517/322
f 1519/2428 1407/2425 1524/2427
f 1520/33 1402/19 1519/28
f 1521/32 1402/19 1522/39
f 1522/39 1402/19 1520/33
f 1523/2424 1342/2420 1533/2422
f 1524/2427 1407/2425 1523/2424
f 1525/46 1404/35 554/50
f 1526/56 554/50 1405/62
f 1527/3020 1405/3021 1502/3022
f 1528/52 554/50 1526/56
f 1529/2781 513/2780 1530/2784
f 1530/2784 513/2780 1500/2785
f 1531/1331 1398/1330 1499/1329
f 1532/2418 1397/2417 1475/2416
f 1533/2422 1342/2420 1532/2418
f 1534/3018 746/3017 1535/3019
f 1535/2093 746/2092 1536/2091
f 1536/2091 746/2092 483/2084
f 1537/297 1327/265 1518/310
f 1538/2515 463/2514 1485/2517
f 1539/1320 687/1305 1540/1319
f 1540/1319 687/1305 1547/1313
f 1541/2695 1156/2693 1456/2694
f 1542/1825 1180/1821 1543/1828
f 1543/1828 1180/1821 1432/1832
f 1544/2715 1370/2711 1541/2717
f 1545/2089 483/2084 1477/2083
f 1546/2090 658/2085 1429/2088
f 1547/1313 687/1305 1478/1308
f 1548/2518 1335/2513 1549/2516
f 1549/2516 1335/2513 1538/2515
f 1550/845 520/843 1548/844
f 1551/2782 1310/2779 1529/2781
f 1552/1323 1310/1311 1551/1326
f 1553/1699 1162/1687 1556/1695
f 1554/2279 1294/2274 1553/2277
f 1555/1692 670/1684 1572/1690
f 1556/1695 1162/1687 1555/1692
f 1557/1693 735/1689 1574/1697
f 1558/1696 669/1686 1557/1693
f 1559/1698 669/1686 1558/1696
f 1560/4 496/3 495/8
f 1561/12 495/8 1568/16
f 1562/14 1318/5 1563/9
f 1563/9 1318/5 1320/1
f 1564/1183 1210/1180 1565/1187
f 1565/1187 1210/1180 1318/1184
f 1566/27 1402/19 1521/32
f 1567/7 1320/1 1560/4
f 1568/16 495/8 1402/19
f 1569/22 1402/19 1566/27
f 1570/11 1320/1 1567/7
f 1571/1176 1210/1180 1564/1183
f 1572/1690 670/1684 669/1686
f 1573/1694 669/1686 1559/1698
f 1574/1697 735/1689 1576/1700
f 1575/1172 1321/1169 1571/1176
f 1576/1175 735/1170 1575/1172
f 1577/3030 1318/3031 1562/3032
f 1578/654 187/653 1665/657
f 1579/655 754/652 1578/654
f 1580/1655 340/1650 1581/1652
f 1581/1652 340/1650 318/1641
f 1582/2873 366/2871 1588/2872
f 1583/1472 1286/1461 1582/1470
f 1584/2671 312/2666 1610/2669
f 1585/2673 312/2666 1584/2671
f 1586/1485 344/1488 345/1486
f 1587/1487 345/1486 1605/1489
f 1588/2872 366/2871 1622/2868
f 1589/2975 1280/2978 1279/2976
f 1590/1471 1279/1457 1618/1466
f 1591/1493 1273/1490 1586/1485
f 1592/2722 348/2719 1268/2718
f 1593/1938 353/1935 1592/1937
f 1594/1978 329/1981 330/1979
f 1595/1609 329/1608 1594/1612
f 1596/1610 314/1607 1595/1609
f 1597/2965 330/2966 1598/2967
f 1598/1986 330/1979 332/1984
f 1599/2723 1268/2718 1606/2724
f 1600/1495 1273/1490 1591/1493
f 1601/2232 1273/2229 1600/2235
f 1602/2275 1291/2272 1294/2274
f 1603/2273 1291/2272 1602/2275
f 1604/2278 1294/2274 1554/2279
f 1605/1489 345/1486 1603/1492
f 1606/2767 1268/2770 353/2768
f 1607/2769 353/2768 1611/2771
f 1608/2968 330/2966 1597/2965
f 1609/1980 330/1979 1608/1982
f 1610/2669 312/2666 313/2668
f 1611/1940 353/1935 1593/1938
f 1612/1658 339/1659 340/1660
f 1613/2342 339/2334 1612/2344
f 1614/2994 1283/2991 1583/2993
f 1615/2995 1283/2991 1614/2994
f 1616/2997 1283/2991 1617/2996
f 1617/2996 1283/2991 1615/2995
f 1618/1466 1279/1457 1616/1462
f 1619/2979 1280/2978 1589/2975
f 1620/1987 332/1984 1290/1988
f 1621/2804 1290/2800 1619/2802
f 1622/2868 366/2871 333/2869
f 1623/2338 339/2334 1613/2342
f 1624/658 754/652 1579/655
f 1625/2241 188/2238 315/2237
f 1626/2243 188/2238 1625/2241
f 1627/2596 319/2591 1681/2595
f 1628/2597 319/2591 1627/2596
f 1629/715 1267/713 1632/716
f 1630/717 207/712 1629/715
f 1631/659 755/656 754/652
f 1632/716 1267/713 1631/714
f 1633/663 754/652 1634/662
f 1634/662 754/652 1624/658
f 1635/2234 354/2230 1601/2232
f 1636/1945 1266/1941 1637/1948
f 1637/1948 1266/1941 323/1950
f 1638/1949 759/1951 319/1943
f 1639/2546 324/2544 1638/2548
f 1640/1947 319/1943 1636/1945
f 1641/1622 312/1621 1585/1624
f 1642/1623 1261/1619 1641/1622
f 1643/1666 1261/1664 1642/1670
f 1644/718 207/712 1630/717
f 1645/222 832/206 197/168
f 1646/255 284/240 1645/222
f 1647/303 225/290 284/240
f 1648/315 284/240 1651/324
f 1649/272 284/240 1646/255
f 1650/289 284/240 1649/272
f 1651/3027 284/3028 1650/3029
f 1652/191 265/177 1653/204
f 1653/204 265/177 194/190
f 1654/239 197/168 1657/238
f 1655/220 197/168 1656/205
f 1656/205 197/168 1652/191
f 1657/238 197/168 1655/220
f 1658/237 194/190 1659/254
f 1659/2200 194/2197 1668/2199
f 1660/219 194/190 1658/237
f 1661/1665 189/1662 264/1661
f 1662/1671 176/1668 1661/1665
f 1663/1348 311/1346 177/1344
f 1664/1350 177/1344 1686/1347
f 1665/657 187/653 1626/661
f 1666/2242 315/2237 1667/2240
f 1667/2240 315/2237 1676/2239
f 1668/2199 194/2197 1644/2198
f 1669/2345 333/2346 328/2336
f 1670/2541 318/2538 320/2540
f 1671/2543 320/2540 1680/2545
f 1672/2341 338/2335 1623/2338
f 1673/1656 340/1650 1580/1655
f 1674/2339 338/2335 1672/2341
f 1675/2343 328/2336 1674/2339
f 1676/2239 315/2237 1635/2234
f 1677/1667 264/1661 1678/1669
f 1678/1669 264/1661 1643/1666
f 1679/2547 320/2540 1639/2546
f 1680/2545 320/2540 1679/2547
f 1681/2595 319/2591 1663/2594
f 1682/2599 323/2598 1628/2597
f 1683/2670 313/2668 1596/2672
f 1684/600 173/589 1647/603
f 1685/587 173/589 1684/600
f 1686/1347 177/1344 176/1341
f 1687/1351 176/1341 1662/1352
f 1688/1349 176/1341 1687/1351
f 1689/580 162/565 1685/587
f 1690/594 170/599 161/579
f 1691/461 171/456 1690/466
f 1692/576 162/565 1689/580
f 1693/571 162/565 1692/576
f 1694/476 120/459 1695/471
f 1695/471 120/459 1696/465
f 1696/465 120/459 1691/461
f 1697/575 163/568 1693/571
f 1698/585 161/579 1697/575
f 1699/487 749/470 1700/481
f 1700/481 749/470 1694/476
f 1701/493 34/485 1699/487
f 1702/497 34/485 1701/493
f 1703/38 1521/32 1704/44
usemtl Tile_+034_+029_L18_00033_untextured
