mtllib Tile_+034_+028_L18_00020.mtl
v 6.79619269e+03 6.89408981e+03 2.52593388e+01
v 6.79444727e+03 6.89310319e+03 2.51997207e+01
v 6.79158125e+03 6.89013737e+03 2.34885683e+01
v 6.78943479e+03 6.88763523e+03 2.30700043e+01
v 6.79358105e+03 6.89003271e+03 2.28710878e+01
v 6.79349504e+03 6.89086990e+03 2.35378162e+01
v 6.77817733e+03 6.89756903e+03 2.70687933e+01
v 6.78110188e+03 6.89187532e+03 2.60988261e+01
v 6.78274655e+03 6.88301202e+03 2.23018872e+01
v 6.78181436e+03 6.88248847e+03 2.39867051e+01
v 6.77496200e+03 6.88062594e+03 2.68628332e+01
v 6.77711212e+03 6.88297967e+03 2.64498344e+01
v 6.78692489e+03 6.88721705e+03 2.59712154e+01
v 6.78552979e+03 6.88581589e+03 2.64061071e+01
v 6.78376285e+03 6.88289625e+03 2.31896890e+01
v 6.79431842e+03 6.89057388e+03 2.12860201e+01
v 6.79597033e+03 6.89055735e+03 2.11131196e+01
v 6.78795381e+03 6.88554546e+03 2.33218268e+01
v 6.77925101e+03 6.88294428e+03 2.48131943e+01
v 6.79687573e+03 6.89245705e+03 2.43404529e+01
v 6.79962532e+03 6.89428062e+03 2.36717111e+01
v 6.78579848e+03 6.88559124e+03 2.50153712e+01
v 6.80012797e+03 6.89566966e+03 2.49029657e+01
v 6.80144943e+03 6.89594033e+03 2.57584975e+01
v 6.78295261e+03 6.88226515e+03 2.06668527e+01
v 6.78592011e+03 6.88453927e+03 2.35405018e+01
v 6.77780557e+03 6.87882889e+03 2.08420591e+01
v 6.78014019e+03 6.88014130e+03 2.02389883e+01
v 6.77808142e+03 6.87851934e+03 2.21517641e+01
v 6.77642326e+03 6.87906085e+03 2.49510757e+01
v 6.77382918e+03 6.87475608e+03 1.99521214e+01
v 6.77629845e+03 6.88279549e+03 3.05603478e+01
v 6.77675128e+03 6.88269102e+03 2.83566353e+01
v 6.78186123e+03 6.88494555e+03 2.54674441e+01
v 6.77500155e+03 6.88036758e+03 2.84625614e+01
v 6.77554758e+03 6.88142600e+03 2.87247987e+01
v 6.77660281e+03 6.89179089e+03 2.57497177e+01
v 6.77778152e+03 6.88840934e+03 2.52356861e+01
v 6.77734362e+03 6.88964254e+03 2.60118863e+01
v 6.77741391e+03 6.89150836e+03 2.63565984e+01
v 6.77665139e+03 6.88683270e+03 2.97503989e+01
v 6.77649620e+03 6.88500829e+03 3.01954112e+01
v 6.77459414e+03 6.88719947e+03 3.03711257e+01
v 6.77463414e+03 6.88696500e+03 3.28748247e+01
v 6.79263854e+03 6.89899681e+03 3.13378575e+01
v 6.79245390e+03 6.89665838e+03 3.07247136e+01
v 6.78115768e+03 6.88114928e+03 2.44338524e+01
v 6.78062063e+03 6.88204611e+03 2.57707774e+01
v 6.78335812e+03 6.89662266e+03 2.69550490e+01
v 6.78326214e+03 6.89757567e+03 2.89477871e+01
v 6.79075073e+03 6.89535546e+03 2.88010309e+01
v 6.79182175e+03 6.89665700e+03 2.82465331e+01
v 6.78637600e+03 6.89341576e+03 2.88492387e+01
v 6.78687562e+03 6.89076996e+03 2.70279647e+01
v 6.79155541e+03 6.89269912e+03 2.72840566e+01
v 6.79302246e+03 6.89294868e+03 2.70830363e+01
v 6.79141279e+03 6.89783744e+03 2.68767662e+01
v 6.79015377e+03 6.89527780e+03 2.57833415e+01
v 6.77592534e+03 6.88658365e+03 2.88246033e+01
v 6.77514023e+03 6.88837366e+03 2.64441185e+01
v 6.77800937e+03 6.88530716e+03 2.45589848e+01
v 6.77503155e+03 6.88739126e+03 2.49941838e+01
v 6.77592268e+03 6.88400959e+03 3.09269652e+01
v 6.78102262e+03 6.89099625e+03 2.66388407e+01
v 6.78193235e+03 6.89050135e+03 2.62552341e+01
v 6.78006464e+03 6.88976226e+03 2.96449368e+01
v 6.77955759e+03 6.89118723e+03 3.04821878e+01
v 6.78713241e+03 6.89961212e+03 2.73038005e+01
v 6.79005243e+03 6.89977583e+03 2.68581623e+01
v 6.78744102e+03 6.89693491e+03 2.76139881e+01
v 6.78148580e+03 6.89461219e+03 2.77485386e+01
v 6.78114067e+03 6.89526394e+03 2.68858596e+01
v 6.77524729e+03 6.88570836e+03 2.52352933e+01
v 6.77665602e+03 6.88614073e+03 2.73078715e+01
v 6.78073714e+03 6.89055589e+03 3.11051038e+01
v 6.78612592e+03 6.90315185e+03 2.76377709e+01
v 6.78186823e+03 6.90361232e+03 2.78877158e+01
v 6.78558103e+03 6.89058575e+03 2.92138164e+01
v 6.78356344e+03 6.89100773e+03 2.79894160e+01
v 6.78423868e+03 6.89075047e+03 2.72284138e+01
v 6.78264382e+03 6.89181572e+03 2.61450610e+01
v 6.78756688e+03 6.89701798e+03 3.00891110e+01
v 6.78746421e+03 6.89539830e+03 2.97215223e+01
v 6.78464352e+03 6.89778722e+03 2.86818339e+01
v 6.78604970e+03 6.89777565e+03 3.14503198e+01
v 6.79551997e+03 6.89158421e+03 2.42819858e+01
v 6.79593609e+03 6.89231593e+03 2.56389411e+01
v 6.78577937e+03 6.89151952e+03 3.16242555e+01
v 6.79433064e+03 6.89362166e+03 2.61365467e+01
v 6.79138756e+03 6.89392626e+03 2.82992657e+01
v 6.78643600e+03 6.89209304e+03 3.04162245e+01
v 6.78961142e+03 6.90715367e+03 2.76507788e+01
v 6.79149434e+03 6.90336497e+03 2.74214330e+01
v 6.78709105e+03 6.90724897e+03 2.80541026e+01
v 6.78962101e+03 6.90862832e+03 3.18094795e+01
v 6.79139753e+03 6.90689852e+03 3.08793573e+01
v 6.78960027e+03 6.90237242e+03 3.07446870e+01
v 6.79020615e+03 6.90349853e+03 3.22226487e+01
v 6.80176152e+03 6.89904291e+03 2.73124134e+01
v 6.79937929e+03 6.89817606e+03 2.57963964e+01
v 6.79837287e+03 6.89874399e+03 2.83450555e+01
v 6.79631748e+03 6.89927071e+03 2.73789833e+01
v 6.79620645e+03 6.90119018e+03 2.64277167e+01
v 6.79380502e+03 6.90200694e+03 2.70110506e+01
v 6.79579759e+03 6.90616532e+03 2.74284637e+01
v 6.79984692e+03 6.90971947e+03 2.75558365e+01
v 6.78272094e+03 6.90059471e+03 2.85801925e+01
v 6.78265472e+03 6.90182412e+03 2.97613785e+01
v 6.78980324e+03 6.90105788e+03 2.80391877e+01
v 6.78898556e+03 6.89968946e+03 2.95273044e+01
v 6.78502016e+03 6.90901668e+03 2.94465572e+01
v 6.78639672e+03 6.90715494e+03 2.99849784e+01
v 6.78522297e+03 6.90664658e+03 2.79829469e+01
v 6.78517748e+03 6.90696965e+03 2.95142291e+01
v 6.78659005e+03 6.90365967e+03 2.99642066e+01
v 6.78726918e+03 6.90252497e+03 2.77687377e+01
v 6.78344487e+03 6.89931057e+03 3.13276555e+01
v 6.78247710e+03 6.90057107e+03 3.10668854e+01
v 6.78848393e+03 6.91098795e+03 3.00457585e+01
v 6.78869926e+03 6.91137960e+03 2.81177061e+01
v 6.78901620e+03 6.92267261e+03 3.75349278e+01
v 6.78884299e+03 6.92366561e+03 3.90313754e+01
v 6.79890426e+03 6.89843173e+03 2.96431808e+01
v 6.79743257e+03 6.89848275e+03 3.01496118e+01
v 6.79495618e+03 6.89688993e+03 3.07451572e+01
v 6.79372815e+03 6.89723465e+03 3.13749780e+01
v 6.79596666e+03 6.90067090e+03 2.86230013e+01
v 6.79642454e+03 6.90226885e+03 3.02442644e+01
v 6.79861934e+03 6.89727140e+03 3.05973860e+01
v 6.79528950e+03 6.89832603e+03 3.10439218e+01
v 6.79408890e+03 6.89946246e+03 3.20757719e+01
v 6.78445082e+03 6.89644355e+03 3.26169894e+01
v 6.78636732e+03 6.89651107e+03 3.17412278e+01
v 6.79150539e+03 6.90245331e+03 3.28726008e+01
v 6.79316778e+03 6.89878253e+03 3.33044297e+01
v 6.79554690e+03 6.90277754e+03 2.99607848e+01
v 6.79461531e+03 6.90381397e+03 2.93459370e+01
v 6.79574071e+03 6.91182715e+03 2.77662898e+01
v 6.79325618e+03 6.91085012e+03 2.88046044e+01
v 6.79108951e+03 6.90882596e+03 2.77135708e+01
v 6.79015879e+03 6.90708660e+03 2.93559351e+01
v 6.80069149e+03 6.90616281e+03 2.74606322e+01
v 6.79200555e+03 6.89027794e+03 2.47827700e+01
v 6.78859747e+03 6.88741823e+03 2.56346255e+01
v 6.79787758e+03 6.89739909e+03 2.57651505e+01
v 6.78166872e+03 6.88942507e+03 2.94471631e+01
v 6.78544221e+03 6.89545887e+03 3.02009978e+01
v 6.80007431e+03 6.90111884e+03 3.28028526e+01
v 6.80098363e+03 6.90098364e+03 2.99683570e+01
v 6.80020877e+03 6.90313291e+03 3.14198458e+01
v 6.79471937e+03 6.90377631e+03 3.06918387e+01
v 6.79404084e+03 6.90228036e+03 3.05665793e+01
v 6.79248802e+03 6.90747993e+03 2.93670653e+01
v 6.79374151e+03 6.90068063e+03 3.17063620e+01
v 6.79550007e+03 6.90113445e+03 3.04917925e+01
v 6.78663934e+03 6.90965342e+03 2.88552936e+01
v 6.78373193e+03 6.90147626e+03 2.95942885e+01
v 6.79714127e+03 6.91296771e+03 2.88740070e+01
v 6.79363713e+03 6.90959973e+03 3.03698498e+01
v 6.79173721e+03 6.91097631e+03 3.13106916e+01
v 6.79232656e+03 6.90867571e+03 3.13658932e+01
v 6.79169100e+03 6.90344962e+03 3.06810846e+01
v 6.79346161e+03 6.90373001e+03 2.98277526e+01
v 6.79276533e+03 6.90305998e+03 3.06998640e+01
v 6.79156904e+03 6.90375111e+03 3.23767569e+01
v 6.78693222e+03 6.90100979e+03 3.10745283e+01
v 6.78560017e+03 6.90047833e+03 3.06823101e+01
v 6.79021075e+03 6.89845481e+03 3.00602510e+01
v 6.78743805e+03 6.90239725e+03 2.90080388e+01
v 6.78677795e+03 6.89909471e+03 2.98805846e+01
v 6.78581412e+03 6.89865512e+03 3.00636535e+01
v 6.78406591e+03 6.89863934e+03 2.84589577e+01
v 6.78421415e+03 6.90872685e+03 2.99940149e+01
v 6.79100506e+03 6.89867194e+03 3.07171744e+01
v 6.78530522e+03 6.91135267e+03 3.08310525e+01
v 6.78708550e+03 6.91107979e+03 3.02324670e+01
v 6.78266950e+03 6.90758786e+03 2.81738405e+01
v 6.78232337e+03 6.90818583e+03 2.92041289e+01
v 6.77692211e+03 6.90998547e+03 2.94474576e+01
v 6.77622400e+03 6.90858041e+03 2.89851597e+01
v 6.79159017e+03 6.90714545e+03 2.76660735e+01
v 6.78822182e+03 6.90751525e+03 2.97366954e+01
v 6.78276231e+03 6.90991382e+03 3.05615518e+01
v 6.77387976e+03 6.91008647e+03 3.02560598e+01
v 6.78982495e+03 6.90148790e+03 2.72412110e+01
v 6.78716471e+03 6.90778727e+03 2.91662537e+01
v 6.78385502e+03 6.90076752e+03 3.05410747e+01
v 6.80147514e+03 6.90468986e+03 3.11460093e+01
v 6.80072828e+03 6.90423125e+03 3.36375631e+01
v 6.79487682e+03 6.90107249e+03 3.15857806e+01
v 6.78907716e+03 6.91010450e+03 3.14021751e+01
v 6.78737554e+03 6.90976814e+03 2.98393806e+01
v 6.78611615e+03 6.91038097e+03 3.06929516e+01
v 6.79185852e+03 6.89907766e+03 3.34003582e+01
v 6.78318260e+03 6.91370797e+03 3.13201948e+01
v 6.79283569e+03 6.89393053e+03 2.60535654e+01
v 6.78309944e+03 6.89111151e+03 2.91830539e+01
v 6.79271283e+03 6.89556455e+03 2.91710024e+01
v 6.79339217e+03 6.89382335e+03 2.84268850e+01
v 6.79219054e+03 6.89480051e+03 2.88143928e+01
v 6.79623047e+03 6.89931871e+03 2.98405890e+01
v 6.79193455e+03 6.89160396e+03 2.95262828e+01
v 6.79127178e+03 6.89225034e+03 2.97851911e+01
v 6.79174137e+03 6.89408851e+03 3.01532152e+01
v 6.78173754e+03 6.89553724e+03 3.12254855e+01
v 6.78176962e+03 6.89698266e+03 3.16647977e+01
v 6.78079230e+03 6.89246014e+03 3.13500026e+01
v 6.77550700e+03 6.88592528e+03 3.10380091e+01
v 6.78203962e+03 6.89794524e+03 3.03163215e+01
v 6.78435468e+03 6.90242034e+03 2.92096629e+01
v 6.78543256e+03 6.90323647e+03 3.06854785e+01
v 6.78274458e+03 6.89451191e+03 3.11106186e+01
v 6.78106793e+03 6.89322396e+03 3.06073704e+01
v 6.78501121e+03 6.89320149e+03 3.13902665e+01
v 6.78458492e+03 6.89398018e+03 3.06694043e+01
v 6.78010992e+03 6.90997127e+03 3.01839119e+01
v 6.77787710e+03 6.91048971e+03 2.90943968e+01
v 6.78469082e+03 6.89823297e+03 3.28371352e+01
v 6.78668660e+03 6.89674648e+03 3.02358430e+01
v 6.78603994e+03 6.89861776e+03 2.82258660e+01
v 6.79457186e+03 6.89198955e+03 2.25473427e+01
v 6.77572737e+03 6.88457500e+03 3.31797965e+01
v 6.77845247e+03 6.88075915e+03 2.60086591e+01
v 6.78385056e+03 6.88402020e+03 2.51205642e+01
v 6.77532815e+03 6.89326409e+03 2.65568833e+01
v 6.78181730e+03 6.91108503e+03 3.05077178e+01
v 6.77833753e+03 6.91196255e+03 3.09831404e+01
v 6.77892037e+03 6.91362484e+03 3.06959042e+01
v 6.77602145e+03 6.88578369e+03 3.25892539e+01
v 6.78147292e+03 6.89928751e+03 3.03397362e+01
v 6.79421051e+03 6.89502031e+03 2.89250579e+01
v 6.79606020e+03 6.89575842e+03 3.13202162e+01
v 6.78208739e+03 6.89127692e+03 3.05208456e+01
v 6.79196857e+03 6.91186876e+03 3.01830980e+01
v 6.78913134e+03 6.90137404e+03 3.12224680e+01
v 6.78060470e+03 6.90864475e+03 2.85068553e+01
v 6.78010006e+03 6.89079586e+03 2.80144354e+01
v 6.77925276e+03 6.89083890e+03 2.60319202e+01
v 6.78401607e+03 6.89482452e+03 3.09482654e+01
v 6.79523644e+03 6.90154134e+03 2.74988933e+01
v 6.79279924e+03 6.92080755e+03 2.89361430e+01
v 6.79362752e+03 6.92145823e+03 3.03836715e+01
v 6.78917315e+03 6.93707064e+03 3.34572513e+01
v 6.79099020e+03 6.93443481e+03 3.26419112e+01
v 6.79749410e+03 6.93237849e+03 3.08413631e+01
v 6.79786132e+03 6.93237385e+03 3.25094103e+01
v 6.79877689e+03 6.93097944e+03 3.16986206e+01
v 6.78942107e+03 6.91543763e+03 3.09424692e+01
v 6.78853716e+03 6.91379334e+03 3.04012619e+01
v 6.79354448e+03 6.92293901e+03 3.27300936e+01
v 6.79325856e+03 6.92267921e+03 3.12013794e+01
v 6.80442491e+03 6.91615201e+03 2.77153938e+01
v 6.79933570e+03 6.91385740e+03 2.78026955e+01
v 6.79530192e+03 6.91626569e+03 3.01005802e+01
v 6.79549101e+03 6.91537572e+03 2.89924780e+01
v 6.79838837e+03 6.93297228e+03 2.91451006e+01
v 6.79340013e+03 6.92655085e+03 3.22045548e+01
v 6.79548668e+03 6.92768986e+03 3.20644594e+01
v 6.78844655e+03 6.91503195e+03 3.14221397e+01
v 6.78832372e+03 6.91617878e+03 3.14042564e+01
v 6.78217245e+03 6.91980958e+03 3.21318648e+01
v 6.78116008e+03 6.91922431e+03 3.31811228e+01
v 6.78476962e+03 6.93792756e+03 3.66151290e+01
v 6.77905133e+03 6.93341467e+03 3.17284184e+01
v 6.77957551e+03 6.93506653e+03 3.21586582e+01
v 6.78858123e+03 6.88594532e+03 2.07084984e+01
v 6.75000000e+03 6.92471089e+03 3.66851831e+01
v 6.75000000e+03 6.92577978e+03 3.71477838e+01
v 6.75000000e+03 6.92684004e+03 3.82664507e+01
v 6.75044696e+03 6.92568252e+03 3.70221070e+01
v 6.75000000e+03 6.92880186e+03 4.13504581e+01
v 6.75000000e+03 6.93047183e+03 4.02244504e+01
v 6.75000000e+03 6.92854552e+03 3.85637202e+01
v 6.75000000e+03 6.92685921e+03 4.09417138e+01
v 6.75000000e+03 6.92758850e+03 4.15701264e+01
v 6.75000000e+03 6.92987408e+03 3.83626869e+01
v 6.75000000e+03 6.93025980e+03 3.60845244e+01
v 6.75106268e+03 6.93024246e+03 3.65633362e+01
v 6.75000000e+03 6.92834002e+03 3.67923169e+01
v 6.75000000e+03 6.91527105e+03 3.34426847e+01
v 6.75000000e+03 6.91681535e+03 3.22467214e+01
v 6.75000000e+03 6.92008592e+03 3.27718126e+01
v 6.75000000e+03 6.92338695e+03 3.35077466e+01
v 6.75096434e+03 6.91643076e+03 3.34545193e+01
v 6.75000000e+03 6.87473552e+03 2.48485173e+01
v 6.75000000e+03 6.92884255e+03 3.68560144e+01
v 6.75072918e+03 6.92857911e+03 3.73307788e+01
v 6.75000000e+03 6.88328348e+03 2.67013023e+01
v 6.75000000e+03 6.88463365e+03 2.77992793e+01
v 6.75000000e+03 6.89834425e+03 2.80782563e+01
v 6.75000000e+03 6.90017668e+03 2.86124324e+01
v 6.75000000e+03 6.89102354e+03 2.64755781e+01
v 6.75000000e+03 6.89552803e+03 2.67532670e+01
v 6.75000000e+03 6.88572363e+03 2.58339627e+01
v 6.75000000e+03 6.91062369e+03 3.30376085e+01
v 6.75000000e+03 6.91288063e+03 3.21773065e+01
v 6.75046895e+03 6.91162951e+03 3.28726195e+01
v 6.75000000e+03 6.90377250e+03 2.96900301e+01
v 6.75000000e+03 6.90643903e+03 3.07869160e+01
v 6.81170986e+03 6.91497354e+03 3.38933982e+01
v 6.81255884e+03 6.91512222e+03 3.31638699e+01
v 6.81210317e+03 6.92644486e+03 2.79805966e+01
v 6.81113791e+03 6.92385951e+03 2.79923591e+01
v 6.81243547e+03 6.92564350e+03 3.02073328e+01
v 6.80813040e+03 6.92490582e+03 2.80441707e+01
v 6.80988175e+03 6.92845775e+03 2.84635500e+01
v 6.81210305e+03 6.93037497e+03 2.84153410e+01
v 6.80539191e+03 6.93270344e+03 2.89511459e+01
v 6.80677222e+03 6.93462704e+03 2.90840211e+01
v 6.80125645e+03 6.93380791e+03 2.90874986e+01
v 6.80116149e+03 6.93172631e+03 2.89519024e+01
v 6.80779146e+03 6.93171484e+03 2.87368391e+01
v 6.80532367e+03 6.93533750e+03 2.91043155e+01
v 6.80296556e+03 6.93543455e+03 2.92495283e+01
v 6.80504971e+03 6.93430519e+03 3.09824906e+01
v 6.80624579e+03 6.93183248e+03 2.99080530e+01
v 6.80847153e+03 6.92668273e+03 2.93658763e+01
v 6.80138799e+03 6.92523513e+03 2.84994005e+01
v 6.80172534e+03 6.92618319e+03 2.96142134e+01
v 6.80425261e+03 6.92372686e+03 2.93938945e+01
v 6.80258049e+03 6.92410978e+03 2.93629403e+01
v 6.80640079e+03 6.92663664e+03 2.91552953e+01
v 6.80619550e+03 6.92463813e+03 2.92949370e+01
v 6.81002806e+03 6.93268741e+03 2.87735584e+01
v 6.80356928e+03 6.92573138e+03 2.94250915e+01
v 6.80688389e+03 6.92916299e+03 2.94107562e+01
v 6.81081965e+03 6.92443359e+03 2.96289918e+01
v 6.80237584e+03 6.92318158e+03 2.81102178e+01
v 6.80524264e+03 6.92730211e+03 2.96252612e+01
v 6.81060254e+03 6.93164732e+03 2.99009005e+01
v 6.80831810e+03 6.93327260e+03 2.93125901e+01
v 6.80304922e+03 6.93110829e+03 3.00956151e+01
v 6.80149569e+03 6.92857048e+03 2.99344726e+01
v 6.80579092e+03 6.93717910e+03 3.17160479e+01
v 6.80596540e+03 6.93448970e+03 3.16963935e+01
v 6.80239734e+03 6.93354683e+03 3.15867144e+01
v 6.80067152e+03 6.93426454e+03 3.21413705e+01
v 6.80286581e+03 6.93734401e+03 3.13504659e+01
v 6.80239478e+03 6.93584680e+03 3.15985502e+01
v 6.80566073e+03 6.93586991e+03 3.11566603e+01
v 6.80265486e+03 6.93466806e+03 3.08673233e+01
v 6.80950239e+03 6.93742257e+03 3.15973940e+01
v 6.80752112e+03 6.93724437e+03 3.20639811e+01
v 6.80607208e+03 6.93654612e+03 3.36453995e+01
v 6.80789884e+03 6.93540050e+03 3.37209382e+01
v 6.80851366e+03 6.93451891e+03 3.20320009e+01
v 6.81029470e+03 6.93780388e+03 3.27412286e+01
v 6.80854304e+03 6.93625150e+03 3.14775727e+01
v 6.81182708e+03 6.93671897e+03 3.09683230e+01
v 6.80715576e+03 6.93346081e+03 3.05689170e+01
v 6.81135488e+03 6.93135229e+03 3.03171500e+01
v 6.81245204e+03 6.93340883e+03 2.96842963e+01
v 6.81163722e+03 6.93410025e+03 3.11793021e+01
v 6.80931648e+03 6.93203488e+03 3.08808441e+01
v 6.80957968e+03 6.91601784e+03 3.24795629e+01
v 6.81027191e+03 6.91562495e+03 3.08129333e+01
v 6.80903731e+03 6.91905358e+03 3.01205968e+01
v 6.80784181e+03 6.92114552e+03 3.04531974e+01
v 6.80928770e+03 6.92088970e+03 3.11870751e+01
v 6.80983350e+03 6.91890960e+03 3.05089647e+01
v 6.81111592e+03 6.92033526e+03 2.97337660e+01
v 6.81197728e+03 6.92321152e+03 3.10967939e+01
v 6.81006109e+03 6.92320116e+03 3.08016184e+01
v 6.81275934e+03 6.92186279e+03 2.91602511e+01
v 6.80993537e+03 6.91488061e+03 3.25607757e+01
v 6.80992646e+03 6.93510237e+03 3.17954251e+01
v 6.80756268e+03 6.93442988e+03 3.12150693e+01
v 6.80493442e+03 6.92330330e+03 2.83919937e+01
v 6.80892879e+03 6.92172447e+03 2.91912406e+01
v 6.81169064e+03 6.91523688e+03 3.09159754e+01
v 6.81158145e+03 6.91433041e+03 2.92458436e+01
v 6.81243166e+03 6.91487505e+03 2.89395959e+01
v 6.80505273e+03 6.91890396e+03 2.88006699e+01
v 6.80169084e+03 6.91663966e+03 2.88448928e+01
v 6.81072825e+03 6.91363010e+03 2.74421018e+01
v 6.80924454e+03 6.91485529e+03 2.97677058e+01
v 6.81068988e+03 6.91246431e+03 2.92471668e+01
v 6.81209666e+03 6.91332142e+03 2.75409584e+01
v 6.80925478e+03 6.91317434e+03 2.95637557e+01
v 6.81055242e+03 6.91582515e+03 2.95455924e+01
v 6.81247674e+03 6.91407271e+03 2.79288762e+01
v 6.81176653e+03 6.91291206e+03 2.96159478e+01
v 6.80287237e+03 6.91578273e+03 2.87277414e+01
v 6.80946403e+03 6.91961177e+03 2.82199261e+01
v 6.81032553e+03 6.91672133e+03 3.24016128e+01
v 6.81045603e+03 6.91394427e+03 3.08051169e+01
v 6.81093507e+03 6.91239398e+03 3.21458404e+01
v 6.81132924e+03 6.91567775e+03 3.30877083e+01
v 6.80651680e+03 6.91801785e+03 2.88598788e+01
v 6.80705857e+03 6.91923585e+03 2.77944222e+01
v 6.81220901e+03 6.91239301e+03 3.14711962e+01
v 6.81151720e+03 6.91355646e+03 3.31766194e+01
v 6.81104872e+03 6.91951922e+03 2.77467969e+01
v 6.80915884e+03 6.92127983e+03 2.78644081e+01
v 6.81221817e+03 6.91779133e+03 2.75743169e+01
v 6.80438832e+03 6.91959948e+03 2.78147801e+01
v 6.80042015e+03 6.91715780e+03 2.78327998e+01
v 6.80981657e+03 6.91571745e+03 2.76529880e+01
v 6.80839739e+03 6.92277772e+03 2.76994247e+01
v 6.80265351e+03 6.92073987e+03 2.84340336e+01
v 6.81089975e+03 6.87758021e+03 2.10478506e+01
v 6.80392922e+03 6.89033783e+03 2.12125571e+01
v 6.79930690e+03 6.89263813e+03 2.13364942e+01
v 6.80160770e+03 6.89572589e+03 2.20479344e+01
v 6.80670252e+03 6.88372344e+03 2.12602280e+01
v 6.80841715e+03 6.89995078e+03 2.18618045e+01
v 6.81262404e+03 6.90304508e+03 2.21189177e+01
v 6.80204940e+03 6.89638670e+03 2.37569732e+01
v 6.80527762e+03 6.89740020e+03 2.16859949e+01
v 6.80471833e+03 6.89918522e+03 2.47698033e+01
v 6.80539286e+03 6.89968999e+03 2.33292618e+01
v 6.80899896e+03 6.90116533e+03 2.56176135e+01
v 6.80626335e+03 6.90012285e+03 2.54721653e+01
v 6.80810006e+03 6.90083689e+03 2.30049991e+01
v 6.80343127e+03 6.89804187e+03 2.47183413e+01
v 6.81176356e+03 6.90309225e+03 2.38760250e+01
v 6.80853322e+03 6.90243737e+03 2.59354347e+01
v 6.81026649e+03 6.90341027e+03 2.48324512e+01
v 6.79779757e+03 6.87660241e+03 2.06720121e+01
v 6.80350812e+03 6.90189057e+03 2.63738140e+01
v 6.80606058e+03 6.90145661e+03 2.56529967e+01
v 6.80778736e+03 6.90549089e+03 2.71760802e+01
v 6.80615726e+03 6.90411262e+03 2.66640906e+01
v 6.80535917e+03 6.90162539e+03 2.68977557e+01
v 6.80611918e+03 6.90263756e+03 2.70978536e+01
v 6.80280226e+03 6.90008558e+03 2.60415312e+01
v 6.80090329e+03 6.90025295e+03 2.60263279e+01
v 6.79999739e+03 6.90321187e+03 2.65873301e+01
v 6.80343053e+03 6.90373103e+03 2.66560624e+01
v 6.80570117e+03 6.89938335e+03 2.53775638e+01
v 6.81001621e+03 6.90377073e+03 2.59565744e+01
v 6.80221575e+03 6.90001752e+03 2.95215281e+01
v 6.80612514e+03 6.90710852e+03 2.68332593e+01
v 6.80853039e+03 6.90659351e+03 2.87756174e+01
v 6.80300211e+03 6.90691463e+03 2.71172123e+01
v 6.80134024e+03 6.90650440e+03 2.81424470e+01
v 6.80454650e+03 6.90806635e+03 2.86524314e+01
v 6.80692256e+03 6.90760538e+03 2.86011253e+01
v 6.80685688e+03 6.90163119e+03 2.85073017e+01
v 6.80475493e+03 6.89951831e+03 2.87899939e+01
v 6.80679976e+03 6.89931345e+03 2.85814038e+01
v 6.80748730e+03 6.90382864e+03 2.88971402e+01
v 6.80862476e+03 6.90496094e+03 3.03533651e+01
v 6.81235470e+03 6.91201605e+03 2.89781552e+01
v 6.80808391e+03 6.90128206e+03 3.09246595e+01
v 6.80696620e+03 6.90290866e+03 3.03303855e+01
v 6.80138681e+03 6.90442887e+03 2.93583346e+01
v 6.80714618e+03 6.89980312e+03 3.05841522e+01
v 6.80882575e+03 6.90653270e+03 3.08193305e+01
v 6.80677334e+03 6.90680721e+03 3.13156229e+01
v 6.80701696e+03 6.90361470e+03 3.22158254e+01
v 6.80628487e+03 6.90291062e+03 3.27291934e+01
v 6.80817922e+03 6.90724800e+03 3.03460424e+01
v 6.80615504e+03 6.90622449e+03 3.24497550e+01
v 6.80530323e+03 6.90417269e+03 3.27517777e+01
v 6.80563507e+03 6.90539469e+03 3.37040199e+01
v 6.80461029e+03 6.90814107e+03 3.23877301e+01
v 6.80423825e+03 6.90567139e+03 3.36425039e+01
v 6.80713636e+03 6.90229350e+03 3.15199278e+01
v 6.80673884e+03 6.90088052e+03 3.17411163e+01
v 6.80954489e+03 6.91337088e+03 3.23540253e+01
v 6.80989299e+03 6.91372194e+03 3.38641961e+01
v 6.80285202e+03 6.90710954e+03 3.23197706e+01
v 6.80282615e+03 6.90527578e+03 3.22481361e+01
v 6.80265708e+03 6.90451685e+03 3.32593691e+01
v 6.80166817e+03 6.90649643e+03 3.03681924e+01
v 6.80466938e+03 6.90778082e+03 3.04273096e+01
v 6.80598118e+03 6.90660154e+03 2.98815532e+01
v 6.80552948e+03 6.90262053e+03 3.39584664e+01
v 6.80318884e+03 6.90223920e+03 3.33236783e+01
v 6.80240561e+03 6.90369561e+03 3.41344179e+01
v 6.80389595e+03 6.90041852e+03 3.03052214e+01
v 6.80453488e+03 6.90018827e+03 3.26502040e+01
v 6.80201639e+03 6.89965051e+03 3.21288362e+01
v 6.80049459e+03 6.90288448e+03 3.29930414e+01
v 6.80315944e+03 6.90038204e+03 3.22929202e+01
v 6.80395412e+03 6.90079977e+03 3.39195627e+01
v 6.80858802e+03 6.93605499e+03 3.29930236e+01
v 6.80554769e+03 6.90114543e+03 3.36698670e+01
v 6.80673004e+03 6.93450616e+03 3.33824720e+01
v 6.80108170e+03 6.93212651e+03 3.10409729e+01
v 6.80766346e+03 6.90034097e+03 2.86081911e+01
v 6.79923393e+03 6.92914312e+03 3.00800761e+01
v 6.76062952e+03 6.87848083e+03 2.43913644e+01
v 6.76068213e+03 6.88211483e+03 2.45855697e+01
v 6.76568474e+03 6.87837065e+03 2.55213295e+01
v 6.76556194e+03 6.87945182e+03 2.37447199e+01
v 6.75782184e+03 6.93550369e+03 4.18656773e+01
v 6.75705520e+03 6.93504118e+03 4.34409572e+01
v 6.76951058e+03 6.93744806e+03 3.91757300e+01
v 6.76888073e+03 6.93693819e+03 4.07821524e+01
v 6.76734788e+03 6.93732547e+03 3.94377848e+01
v 6.76630675e+03 6.93795456e+03 4.08838962e+01
v 6.76825391e+03 6.93621347e+03 3.99240292e+01
v 6.76598504e+03 6.93412617e+03 3.86097259e+01
v 6.76448286e+03 6.93343225e+03 4.03483708e+01
v 6.76571546e+03 6.93572328e+03 4.01421531e+01
v 6.76582081e+03 6.93404848e+03 4.09457718e+01
v 6.76626521e+03 6.93626314e+03 4.11219532e+01
v 6.76721066e+03 6.93605684e+03 3.88897326e+01
v 6.76741168e+03 6.93357441e+03 3.82145712e+01
v 6.76824906e+03 6.93396162e+03 3.91349573e+01
v 6.77020878e+03 6.93401500e+03 3.86951972e+01
v 6.76905377e+03 6.93289791e+03 3.74041624e+01
v 6.76608867e+03 6.93526910e+03 3.84661097e+01
v 6.76882149e+03 6.93564970e+03 3.89543769e+01
v 6.75541871e+03 6.93391733e+03 3.81195090e+01
v 6.75679276e+03 6.93550809e+03 3.97963695e+01
v 6.75908954e+03 6.93386300e+03 3.99234939e+01
v 6.75855445e+03 6.93367963e+03 4.07344102e+01
v 6.75656846e+03 6.93469988e+03 4.09587404e+01
v 6.75723189e+03 6.93345388e+03 4.05593824e+01
v 6.76089194e+03 6.93297112e+03 3.98044348e+01
v 6.76259970e+03 6.93549659e+03 4.13229743e+01
v 6.76133647e+03 6.93496988e+03 3.99631661e+01
v 6.75986906e+03 6.93761215e+03 3.95926624e+01
v 6.75829455e+03 6.93694092e+03 3.65282409e+01
v 6.75928853e+03 6.93464847e+03 4.09279600e+01
v 6.76101313e+03 6.93630896e+03 4.12441892e+01
v 6.76172644e+03 6.93736578e+03 4.11036113e+01
v 6.76087979e+03 6.93748424e+03 4.04018150e+01
v 6.75831563e+03 6.93758029e+03 4.13128556e+01
v 6.75777967e+03 6.93526376e+03 3.72096110e+01
v 6.75886884e+03 6.93342294e+03 4.15358466e+01
v 6.75769790e+03 6.93428040e+03 4.15589801e+01
v 6.75671773e+03 6.93172156e+03 4.08281652e+01
v 6.75595695e+03 6.93558374e+03 4.17095186e+01
v 6.76172005e+03 6.93585787e+03 4.01071149e+01
v 6.76075543e+03 6.93428199e+03 4.09566254e+01
v 6.76301719e+03 6.93410367e+03 4.03717611e+01
v 6.76455798e+03 6.93493230e+03 4.10582379e+01
v 6.75889773e+03 6.93708820e+03 4.18782937e+01
v 6.75778554e+03 6.93593967e+03 4.35128945e+01
v 6.75892822e+03 6.93537392e+03 4.40438840e+01
v 6.75978160e+03 6.93405534e+03 4.22912034e+01
v 6.75851447e+03 6.93561480e+03 4.13762446e+01
v 6.75931188e+03 6.93402922e+03 4.37642366e+01
v 6.75346818e+03 6.92896369e+03 4.28300253e+01
v 6.75313227e+03 6.92898345e+03 4.17884731e+01
v 6.76459447e+03 6.93729285e+03 4.28638809e+01
v 6.76491513e+03 6.93618170e+03 4.13859192e+01
v 6.76325224e+03 6.93612124e+03 4.22749124e+01
v 6.76214171e+03 6.93298818e+03 4.07169848e+01
v 6.75996522e+03 6.93191571e+03 4.00233091e+01
v 6.76254503e+03 6.92868370e+03 4.05747110e+01
v 6.76300571e+03 6.93042903e+03 4.05947254e+01
v 6.76406654e+03 6.93048039e+03 4.23923369e+01
v 6.76397927e+03 6.92772945e+03 4.07854703e+01
v 6.76386490e+03 6.92950675e+03 4.27672430e+01
v 6.76560529e+03 6.92965896e+03 4.27116852e+01
v 6.76654789e+03 6.93148819e+03 4.08476303e+01
v 6.76770061e+03 6.92941662e+03 3.94332227e+01
v 6.76733394e+03 6.93028186e+03 4.13979042e+01
v 6.76499851e+03 6.93165660e+03 4.06877275e+01
v 6.76556937e+03 6.93199878e+03 3.97277499e+01
v 6.75085133e+03 6.92965252e+03 4.23220239e+01
v 6.75183256e+03 6.93104348e+03 4.33397721e+01
v 6.75312081e+03 6.93176812e+03 4.18198242e+01
v 6.75150849e+03 6.93167848e+03 4.14503341e+01
v 6.75143939e+03 6.93258143e+03 4.01095044e+01
v 6.75060518e+03 6.93076499e+03 4.18383856e+01
v 6.75158037e+03 6.92875179e+03 4.19116100e+01
v 6.75107064e+03 6.92710313e+03 4.08996054e+01
v 6.76588649e+03 6.92808202e+03 4.16924462e+01
v 6.75247390e+03 6.92993646e+03 4.39510692e+01
v 6.75384878e+03 6.92946709e+03 4.02157137e+01
v 6.75456029e+03 6.93090792e+03 4.13992795e+01
v 6.75462007e+03 6.92988366e+03 4.32264250e+01
v 6.75328277e+03 6.93165498e+03 4.32722560e+01
v 6.75798389e+03 6.93308672e+03 4.28219242e+01
v 6.75831574e+03 6.93423094e+03 4.25265820e+01
v 6.75771233e+03 6.93195712e+03 4.06092592e+01
v 6.75804987e+03 6.93089209e+03 3.98728835e+01
v 6.75375630e+03 6.93263639e+03 4.05590224e+01
v 6.75279647e+03 6.92822447e+03 3.99032886e+01
v 6.75702586e+03 6.93177479e+03 3.86920818e+01
v 6.76157003e+03 6.93033904e+03 3.91337294e+01
v 6.75979361e+03 6.93078551e+03 3.90848626e+01
v 6.75900875e+03 6.93156378e+03 4.08872841e+01
v 6.76234259e+03 6.93158464e+03 3.95353550e+01
v 6.75594098e+03 6.93255117e+03 3.83982560e+01
v 6.75547595e+03 6.93019432e+03 3.84413201e+01
v 6.75865686e+03 6.93072006e+03 3.78869568e+01
v 6.75428045e+03 6.93014723e+03 3.90035941e+01
v 6.76395194e+03 6.92599917e+03 3.84913977e+01
v 6.76208163e+03 6.92901891e+03 3.71965883e+01
v 6.75192702e+03 6.92796695e+03 3.83860868e+01
v 6.75353878e+03 6.93136136e+03 3.83195128e+01
v 6.76727523e+03 6.93046322e+03 3.86699407e+01
v 6.76727246e+03 6.93238617e+03 3.88344868e+01
v 6.76533790e+03 6.93275179e+03 3.84180206e+01
v 6.76754620e+03 6.92824555e+03 3.96115935e+01
v 6.76174520e+03 6.92789133e+03 3.95195111e+01
v 6.76629896e+03 6.92696226e+03 3.93938049e+01
v 6.75655275e+03 6.92605585e+03 3.82814787e+01
v 6.75845160e+03 6.92647337e+03 3.74400168e+01
v 6.75902356e+03 6.92809040e+03 3.50692018e+01
v 6.75725794e+03 6.92821972e+03 3.75403556e+01
v 6.76851105e+03 6.93073466e+03 3.66661762e+01
v 6.76826202e+03 6.93085561e+03 3.83328075e+01
v 6.76756169e+03 6.92731601e+03 3.66312091e+01
v 6.76532274e+03 6.91989640e+03 3.56614111e+01
v 6.76466722e+03 6.91725940e+03 3.69935239e+01
v 6.76754944e+03 6.92866811e+03 3.77383757e+01
v 6.76817809e+03 6.92855534e+03 3.65408039e+01
v 6.76413322e+03 6.92623984e+03 3.70653714e+01
v 6.76617314e+03 6.92615410e+03 3.72786859e+01
v 6.76819516e+03 6.93072451e+03 3.48994240e+01
v 6.76367022e+03 6.92728655e+03 3.47820895e+01
v 6.77208464e+03 6.93370477e+03 3.66153667e+01
v 6.77053115e+03 6.93499217e+03 3.65338857e+01
v 6.77087454e+03 6.93363936e+03 3.71940103e+01
v 6.77197886e+03 6.93276624e+03 3.59580332e+01
v 6.75625249e+03 6.93449276e+03 3.62475184e+01
v 6.76900413e+03 6.93246201e+03 3.55065434e+01
v 6.77026476e+03 6.93253690e+03 3.55162333e+01
v 6.77161384e+03 6.93090050e+03 3.65389422e+01
v 6.76344950e+03 6.91637665e+03 3.60295662e+01
v 6.76286917e+03 6.91876339e+03 3.69284047e+01
v 6.76737755e+03 6.93011345e+03 3.62558010e+01
v 6.76048291e+03 6.92820666e+03 3.57242636e+01
v 6.75861135e+03 6.92550294e+03 3.56472233e+01
v 6.75908917e+03 6.92939523e+03 3.68290122e+01
v 6.76964269e+03 6.93594400e+03 3.54578496e+01
v 6.77117463e+03 6.93728785e+03 3.78539264e+01
v 6.77048555e+03 6.93368639e+03 3.59423260e+01
v 6.75509935e+03 6.93107570e+03 3.77792266e+01
v 6.75000000e+03 6.93446447e+03 3.62187291e+01
v 6.75376400e+03 6.93292832e+03 3.62114573e+01
v 6.75141375e+03 6.92858187e+03 3.60994712e+01
v 6.75351508e+03 6.93157477e+03 3.76611162e+01
v 6.75066926e+03 6.92751602e+03 3.65611582e+01
v 6.75211285e+03 6.92698515e+03 3.66360778e+01
v 6.75179729e+03 6.92427466e+03 3.83789294e+01
v 6.75098069e+03 6.92620448e+03 3.63227435e+01
v 6.75211919e+03 6.92324872e+03 3.81174430e+01
v 6.75354424e+03 6.92374303e+03 3.86770173e+01
v 6.75064750e+03 6.92303210e+03 3.69308214e+01
v 6.75236220e+03 6.92594445e+03 3.76628438e+01
v 6.75396891e+03 6.92574560e+03 3.69329935e+01
v 6.75506319e+03 6.92427669e+03 3.72694005e+01
v 6.75585780e+03 6.92256097e+03 3.67136301e+01
v 6.75403944e+03 6.92460665e+03 3.68417649e+01
v 6.75469702e+03 6.92323659e+03 3.56854375e+01
v 6.75698193e+03 6.92441201e+03 3.58993958e+01
v 6.75610223e+03 6.92826658e+03 3.76822320e+01
v 6.75462148e+03 6.92690077e+03 3.73943875e+01
v 6.75514994e+03 6.92823235e+03 3.86974996e+01
v 6.75397459e+03 6.92862151e+03 3.81515511e+01
v 6.75334605e+03 6.92688854e+03 3.51401529e+01
v 6.75398881e+03 6.92917735e+03 3.66808139e+01
v 6.75757481e+03 6.91585941e+03 3.20312426e+01
v 6.75745599e+03 6.91590054e+03 3.40288701e+01
v 6.75347862e+03 6.92280024e+03 3.68301649e+01
v 6.75221040e+03 6.92216940e+03 3.39428818e+01
v 6.75000000e+03 6.92321823e+03 3.52215683e+01
v 6.77053358e+03 6.92995173e+03 3.51330755e+01
v 6.76792422e+03 6.93171440e+03 3.49464442e+01
v 6.77037296e+03 6.93168047e+03 3.38597887e+01
v 6.78943856e+03 6.92697715e+03 3.47807572e+01
v 6.78988626e+03 6.92570168e+03 3.49206782e+01
v 6.79092339e+03 6.92400088e+03 3.68642094e+01
v 6.79209976e+03 6.92408987e+03 3.39355874e+01
v 6.79035175e+03 6.92253547e+03 3.49528471e+01
v 6.78971135e+03 6.92572909e+03 3.74914874e+01
v 6.79126029e+03 6.92541609e+03 3.34553265e+01
v 6.79101058e+03 6.92871292e+03 3.54500923e+01
v 6.79305656e+03 6.92775514e+03 3.41423573e+01
v 6.79226146e+03 6.93030251e+03 3.39298007e+01
v 6.79135305e+03 6.93164517e+03 3.53279777e+01
v 6.79359017e+03 6.93114008e+03 3.27649453e+01
v 6.79317622e+03 6.92896144e+03 3.31328502e+01
v 6.78820013e+03 6.92702191e+03 3.55410185e+01
v 6.78830069e+03 6.92603288e+03 3.69064525e+01
v 6.78744414e+03 6.92311184e+03 3.74723115e+01
v 6.79012048e+03 6.92327941e+03 3.58332651e+01
v 6.78126419e+03 6.92396768e+03 3.52132970e+01
v 6.77963648e+03 6.92616159e+03 3.61480538e+01
v 6.78133469e+03 6.92488694e+03 3.43137078e+01
v 6.79070998e+03 6.92764386e+03 3.52776750e+01
v 6.78879307e+03 6.92225635e+03 3.44770705e+01
v 6.78853636e+03 6.92063738e+03 3.38868695e+01
v 6.79023098e+03 6.92104485e+03 3.41010935e+01
v 6.79132477e+03 6.92769308e+03 3.39164653e+01
v 6.79196572e+03 6.92144589e+03 3.36904750e+01
v 6.79302149e+03 6.92417677e+03 3.38966033e+01
v 6.78960338e+03 6.92947313e+03 3.70899539e+01
v 6.79158670e+03 6.93046363e+03 3.60537594e+01
v 6.79043159e+03 6.92688305e+03 3.40485373e+01
v 6.78716717e+03 6.92190689e+03 3.36974566e+01
v 6.78600808e+03 6.92661143e+03 3.31145332e+01
v 6.78766457e+03 6.91987254e+03 3.36886309e+01
v 6.78532737e+03 6.91941698e+03 3.37443714e+01
v 6.78888555e+03 6.92879713e+03 3.63170496e+01
v 6.78949957e+03 6.91915518e+03 3.44697138e+01
v 6.79544651e+03 6.92988586e+03 3.37701317e+01
v 6.79212872e+03 6.92788921e+03 3.28894081e+01
v 6.79202789e+03 6.92528148e+03 3.20636117e+01
v 6.79205451e+03 6.91951726e+03 3.37357443e+01
v 6.79336133e+03 6.91952267e+03 3.28320517e+01
v 6.79190649e+03 6.91797731e+03 3.30715876e+01
v 6.79418192e+03 6.92929372e+03 3.35220236e+01
v 6.78841982e+03 6.91801051e+03 3.40031284e+01
v 6.79079871e+03 6.92009038e+03 3.32453174e+01
v 6.79583292e+03 6.92933893e+03 3.25084930e+01
v 6.78024335e+03 6.92650143e+03 3.35097818e+01
v 6.77918161e+03 6.92607230e+03 3.41620268e+01
v 6.78173516e+03 6.92150911e+03 3.53857230e+01
v 6.78350725e+03 6.92132003e+03 3.55354675e+01
v 6.78204313e+03 6.91906757e+03 3.46265910e+01
v 6.78461481e+03 6.91948407e+03 3.21964941e+01
v 6.78634923e+03 6.91857689e+03 3.34761955e+01
v 6.78287914e+03 6.91886062e+03 3.35721230e+01
v 6.77901762e+03 6.91916959e+03 3.31131559e+01
v 6.78032663e+03 6.91850214e+03 3.31667594e+01
v 6.77656347e+03 6.92417994e+03 3.51617292e+01
v 6.77490519e+03 6.92489211e+03 3.43244709e+01
v 6.78252394e+03 6.92959688e+03 3.42041654e+01
v 6.78410907e+03 6.92846917e+03 3.32011033e+01
v 6.78603741e+03 6.92094396e+03 3.26890861e+01
v 6.79049497e+03 6.92608251e+03 3.27792469e+01
v 6.78461610e+03 6.92120425e+03 3.24865955e+01
v 6.78667268e+03 6.92313236e+03 3.46560659e+01
v 6.78560138e+03 6.92449347e+03 3.25627696e+01
v 6.78567714e+03 6.92899450e+03 3.32128853e+01
v 6.78223685e+03 6.93087198e+03 3.08683625e+01
v 6.78174996e+03 6.93295820e+03 3.29547658e+01
v 6.78530617e+03 6.92891852e+03 3.19229943e+01
v 6.78094854e+03 6.92442882e+03 3.23538359e+01
v 6.78402958e+03 6.93314689e+03 3.56643228e+01
v 6.78336295e+03 6.93138548e+03 3.46908199e+01
v 6.77778558e+03 6.92776138e+03 3.30740501e+01
v 6.77807955e+03 6.92651609e+03 3.06930218e+01
v 6.78163389e+03 6.91693563e+03 3.28522487e+01
v 6.78308205e+03 6.91590289e+03 3.24029103e+01
v 6.77903817e+03 6.91870030e+03 3.12815625e+01
v 6.78667607e+03 6.92425055e+03 3.57189071e+01
v 6.78417758e+03 6.92936984e+03 3.05178334e+01
v 6.78727320e+03 6.91766851e+03 3.27539692e+01
v 6.78413257e+03 6.91927200e+03 3.41641670e+01
v 6.79022745e+03 6.91701277e+03 3.29938867e+01
v 6.78270953e+03 6.92267091e+03 3.38634681e+01
v 6.78648694e+03 6.92251283e+03 3.19789620e+01
v 6.78548675e+03 6.91737612e+03 3.16248619e+01
v 6.78699640e+03 6.91660957e+03 3.26068419e+01
v 6.79113825e+03 6.91569833e+03 3.08287125e+01
v 6.79299017e+03 6.91909559e+03 3.18108771e+01
v 6.79369407e+03 6.91994867e+03 3.10481037e+01
v 6.78137399e+03 6.91829399e+03 3.24762396e+01
v 6.78116167e+03 6.91626066e+03 3.17889521e+01
v 6.78263843e+03 6.91868661e+03 3.17001055e+01
v 6.78461184e+03 6.92168365e+03 3.17013988e+01
v 6.78287306e+03 6.91769994e+03 3.27894632e+01
v 6.78423751e+03 6.91658261e+03 3.22273367e+01
v 6.79831700e+03 6.93395619e+03 3.28402272e+01
v 6.79432094e+03 6.93001625e+03 3.12092944e+01
v 6.79474160e+03 6.92714624e+03 3.30953401e+01
v 6.79214214e+03 6.92629047e+03 3.13580441e+01
v 6.79535276e+03 6.93090640e+03 3.30180200e+01
v 6.79806974e+03 6.93578687e+03 3.23926319e+01
v 6.79747820e+03 6.93530585e+03 3.14823281e+01
v 6.79293376e+03 6.93638767e+03 3.12991860e+01
v 6.79236480e+03 6.93489159e+03 3.16458153e+01
v 6.79304295e+03 6.93732825e+03 3.21907609e+01
v 6.79701159e+03 6.93419555e+03 3.22496949e+01
v 6.79191342e+03 6.93306122e+03 3.38630744e+01
v 6.79354422e+03 6.93202656e+03 3.10280916e+01
v 6.79153250e+03 6.93387308e+03 3.17472109e+01
v 6.78145514e+03 6.93369879e+03 3.13950940e+01
v 6.78241113e+03 6.93423556e+03 3.23487172e+01
v 6.78187548e+03 6.93470731e+03 3.34124476e+01
v 6.78784985e+03 6.93576887e+03 3.25304111e+01
v 6.77854635e+03 6.93419041e+03 3.19900597e+01
v 6.78179441e+03 6.93552045e+03 3.24429275e+01
v 6.78505114e+03 6.93284423e+03 3.53616370e+01
v 6.78428026e+03 6.93427728e+03 3.49723981e+01
v 6.78019837e+03 6.93727294e+03 3.38643095e+01
v 6.78131959e+03 6.93757700e+03 3.48973983e+01
v 6.79055602e+03 6.93421784e+03 3.40226991e+01
v 6.79936347e+03 6.93368158e+03 3.37588040e+01
v 6.79997586e+03 6.93490874e+03 3.39441275e+01
v 6.80041434e+03 6.93252265e+03 3.24691938e+01
v 6.78267985e+03 6.93447753e+03 3.45382192e+01
v 6.79967239e+03 6.92652280e+03 2.85678636e+01
v 6.80007780e+03 6.92434723e+03 2.87349170e+01
v 6.79355407e+03 6.92828155e+03 2.91578112e+01
v 6.79209942e+03 6.92561055e+03 2.90586711e+01
v 6.79647577e+03 6.92440124e+03 2.89757785e+01
v 6.79835075e+03 6.92904732e+03 2.88056876e+01
v 6.79606929e+03 6.93082561e+03 2.91328813e+01
v 6.79734146e+03 6.93497095e+03 2.92719565e+01
v 6.79810615e+03 6.93662836e+03 2.97894055e+01
v 6.79796005e+03 6.93547280e+03 3.03312442e+01
v 6.79642798e+03 6.93256074e+03 2.95592729e+01
v 6.79388327e+03 6.92473922e+03 2.88333384e+01
v 6.79326126e+03 6.92947777e+03 2.88554707e+01
v 6.79419177e+03 6.93062784e+03 3.03211252e+01
v 6.79992931e+03 6.93709582e+03 2.97366120e+01
v 6.80066153e+03 6.93557010e+03 3.15157871e+01
v 6.80030271e+03 6.92616808e+03 2.95712179e+01
v 6.79269245e+03 6.92609540e+03 3.03448703e+01
v 6.78416318e+03 6.92247031e+03 2.91938269e+01
v 6.78529071e+03 6.92558169e+03 2.98301543e+01
v 6.79320667e+03 6.92401230e+03 2.94138029e+01
v 6.78553362e+03 6.92895252e+03 2.98682288e+01
v 6.79598283e+03 6.93134157e+03 3.05061450e+01
v 6.79578275e+03 6.93340733e+03 3.14000149e+01
v 6.79389957e+03 6.92392489e+03 3.07979006e+01
v 6.79540535e+03 6.93442100e+03 2.95081336e+01
v 6.79947128e+03 6.93659804e+03 3.12811240e+01
v 6.77727375e+03 6.92850602e+03 3.12046257e+01
v 6.78101460e+03 6.92977911e+03 3.07901395e+01
v 6.77979223e+03 6.92873211e+03 3.08047330e+01
v 6.78123875e+03 6.92595413e+03 3.01380563e+01
v 6.78320975e+03 6.93090533e+03 3.04088174e+01
v 6.77979774e+03 6.92779129e+03 3.17977926e+01
v 6.77521388e+03 6.93551786e+03 3.24318815e+01
v 6.77668157e+03 6.93704015e+03 3.39895320e+01
v 6.77716393e+03 6.93572215e+03 3.24598632e+01
v 6.77419623e+03 6.92239520e+03 3.09083898e+01
v 6.77346998e+03 6.92531172e+03 3.16276831e+01
v 6.77620700e+03 6.92617892e+03 3.04945239e+01
v 6.77671471e+03 6.92369030e+03 3.03946392e+01
v 6.77991276e+03 6.92691374e+03 3.08837760e+01
v 6.77570453e+03 6.93392427e+03 3.21683134e+01
v 6.77718675e+03 6.93330694e+03 3.20679006e+01
v 6.78355449e+03 6.93554286e+03 3.41232462e+01
v 6.78115397e+03 6.93549436e+03 3.14570601e+01
v 6.79369817e+03 6.93684314e+03 3.03608255e+01
v 6.79494021e+03 6.93586849e+03 3.15607930e+01
v 6.77576169e+03 6.93730448e+03 3.28412225e+01
v 6.79320532e+03 6.93413280e+03 3.15202012e+01
v 6.79231488e+03 6.93693169e+03 3.03848984e+01
v 6.77594370e+03 6.93008858e+03 3.44758032e+01
v 6.77665078e+03 6.93188036e+03 3.45266682e+01
v 6.77485233e+03 6.92841461e+03 3.22524462e+01
v 6.77609634e+03 6.92933116e+03 3.38823162e+01
v 6.77853472e+03 6.92811773e+03 3.22510555e+01
v 6.77672404e+03 6.92496958e+03 3.24480165e+01
v 6.77605539e+03 6.92211048e+03 3.21666605e+01
v 6.77649761e+03 6.92222432e+03 3.09759046e+01
v 6.77896967e+03 6.92805202e+03 3.39320539e+01
v 6.77842615e+03 6.93216493e+03 3.21121129e+01
v 6.77932007e+03 6.93758302e+03 3.22064563e+01
v 6.77712713e+03 6.92847638e+03 3.28028857e+01
v 6.77974797e+03 6.93139591e+03 3.16667295e+01
v 6.78032671e+03 6.93016767e+03 3.21399162e+01
v 6.78797241e+03 6.93793423e+03 3.55427507e+01
v 6.79331243e+03 6.92492588e+03 3.16781640e+01
v 6.79356295e+03 6.91737148e+03 2.81934956e+01
v 6.79318241e+03 6.91781036e+03 3.01371480e+01
v 6.78355534e+03 6.91485006e+03 2.88086371e+01
v 6.78740798e+03 6.91562822e+03 2.87252259e+01
v 6.78460694e+03 6.91759590e+03 2.90477665e+01
v 6.78568721e+03 6.91742205e+03 2.93832084e+01
v 6.79062760e+03 6.91359053e+03 3.03622728e+01
v 6.79263191e+03 6.91926599e+03 2.83928597e+01
v 6.79741095e+03 6.91489226e+03 2.88737282e+01
v 6.79663574e+03 6.91634505e+03 2.79606419e+01
v 6.79235047e+03 6.92287734e+03 2.90708634e+01
v 6.79854884e+03 6.92171976e+03 2.86375705e+01
v 6.79472532e+03 6.92194666e+03 2.83345593e+01
v 6.79424214e+03 6.91391335e+03 3.07840365e+01
v 6.79311618e+03 6.91312553e+03 2.89390621e+01
v 6.79224983e+03 6.91560302e+03 3.07894676e+01
v 6.79379734e+03 6.91656363e+03 3.05667382e+01
v 6.79113146e+03 6.91426189e+03 2.90457204e+01
v 6.79095698e+03 6.91264678e+03 2.96421980e+01
v 6.79192240e+03 6.91464359e+03 2.89415651e+01
v 6.79208965e+03 6.91394202e+03 2.97530094e+01
v 6.79504893e+03 6.91390771e+03 2.91545828e+01
v 6.79251294e+03 6.91320795e+03 2.80673593e+01
v 6.79128378e+03 6.91360489e+03 2.81666736e+01
v 6.78766765e+03 6.91513124e+03 2.96782623e+01
v 6.78990147e+03 6.91283339e+03 3.00130652e+01
v 6.79050891e+03 6.91194163e+03 2.88597863e+01
v 6.78600287e+03 6.91302261e+03 2.83091212e+01
v 6.78487567e+03 6.91303439e+03 3.08121589e+01
v 6.79223722e+03 6.91642865e+03 3.17128203e+01
v 6.78469592e+03 6.91627220e+03 3.11250742e+01
v 6.79027529e+03 6.91181794e+03 3.00905302e+01
v 6.79026672e+03 6.91609953e+03 3.08634630e+01
v 6.78262593e+03 6.91643498e+03 3.06104418e+01
v 6.78094670e+03 6.91746104e+03 3.15958203e+01
v 6.78012076e+03 6.91517506e+03 3.18135049e+01
v 6.78258972e+03 6.91494326e+03 3.04068432e+01
v 6.78329625e+03 6.91535628e+03 3.03949127e+01
v 6.78297272e+03 6.91249199e+03 3.06047905e+01
v 6.77838463e+03 6.91513273e+03 3.13129617e+01
v 6.77905228e+03 6.91904362e+03 2.96997569e+01
v 6.77839266e+03 6.91747560e+03 3.12670598e+01
v 6.77767856e+03 6.91570463e+03 3.02949828e+01
v 6.77747629e+03 6.91802754e+03 3.00440201e+01
v 6.77703372e+03 6.91997451e+03 3.27371652e+01
v 6.77636690e+03 6.92034400e+03 3.08944847e+01
v 6.77807692e+03 6.92058280e+03 2.99738256e+01
v 6.78191656e+03 6.91992032e+03 2.94038712e+01
v 6.79392327e+03 6.92124957e+03 2.89585487e+01
v 6.78263503e+03 6.92143049e+03 3.16754682e+01
v 6.77474028e+03 6.92382322e+03 3.21053738e+01
v 6.77364034e+03 6.91425876e+03 3.02390843e+01
v 6.77420741e+03 6.91891985e+03 3.07711987e+01
v 6.77778130e+03 6.91426799e+03 2.94353861e+01
v 6.77553053e+03 6.91313898e+03 2.99886379e+01
v 6.78338608e+03 6.91844195e+03 2.90606801e+01
v 6.78065633e+03 6.92021816e+03 3.48389421e+01
v 6.78414437e+03 6.91350322e+03 2.94018974e+01
v 6.78086173e+03 6.91319961e+03 3.06967310e+01
v 6.79890483e+03 6.92076895e+03 2.80591158e+01
v 6.79413862e+03 6.91921535e+03 2.85932392e+01
v 6.79045142e+03 6.91300117e+03 2.81967238e+01
v 6.79859115e+03 6.91786002e+03 2.83449174e+01
v 6.79178807e+03 6.88060600e+03 2.04996175e+01
v 6.79195640e+03 6.88887319e+03 2.12201642e+01
v 6.78634842e+03 6.88388103e+03 2.05823820e+01
v 6.79960230e+03 6.89420160e+03 2.25205224e+01
v 6.79642484e+03 6.89266730e+03 2.22179277e+01
v 6.78428048e+03 6.88432816e+03 2.39808132e+01
v 6.77961038e+03 6.88146999e+03 2.43825361e+01
v 6.78034683e+03 6.88095336e+03 2.21742555e+01
v 6.77615016e+03 6.88496976e+03 2.43011923e+01
v 6.77661135e+03 6.88440336e+03 2.53291603e+01
v 6.77577839e+03 6.87779357e+03 2.53601777e+01
v 6.77576315e+03 6.87623961e+03 2.32819823e+01
v 6.77628760e+03 6.87745294e+03 2.40049566e+01
v 6.77613466e+03 6.87745646e+03 2.14881567e+01
v 6.78857871e+03 6.89061542e+03 2.55839105e+01
v 6.79025677e+03 6.89220417e+03 2.55557907e+01
v 6.79759235e+03 6.89489116e+03 2.53508090e+01
v 6.77425881e+03 6.87953503e+03 2.46989943e+01
v 6.77929739e+03 6.87922401e+03 2.49167424e+01
v 6.77381246e+03 6.87542573e+03 2.37675352e+01
v 6.77483966e+03 6.87665239e+03 2.01964219e+01
v 6.77384106e+03 6.87578237e+03 2.14805463e+01
v 6.77525710e+03 6.89069840e+03 2.55606241e+01
v 6.77956721e+03 6.88548393e+03 2.49653170e+01
v 6.77995266e+03 6.88678028e+03 2.58966697e+01
v 6.77869023e+03 6.88954021e+03 2.61425039e+01
v 6.77743841e+03 6.88183260e+03 2.50289630e+01
v 6.77578506e+03 6.88105606e+03 2.53982909e+01
v 6.77444712e+03 6.87516926e+03 2.29066220e+01
v 6.77458225e+03 6.89000818e+03 2.67846569e+01
v 6.78108252e+03 6.89210886e+03 2.83484761e+01
v 6.77752461e+03 6.88969999e+03 2.71754917e+01
v 6.77875983e+03 6.88986459e+03 2.70908943e+01
v 6.77630364e+03 6.88470868e+03 2.82336708e+01
v 6.77609521e+03 6.88291045e+03 2.73462005e+01
v 6.77831573e+03 6.89072972e+03 2.77052967e+01
v 6.77969127e+03 6.89435746e+03 3.03962961e+01
v 6.78255064e+03 6.89305564e+03 2.64723624e+01
v 6.79146568e+03 6.89258166e+03 2.78494435e+01
v 6.78677263e+03 6.89253910e+03 2.72897060e+01
v 6.79312994e+03 6.89264867e+03 2.80432034e+01
v 6.79496276e+03 6.89552123e+03 2.77289547e+01
v 6.79427230e+03 6.89701730e+03 2.61676602e+01
v 6.79743403e+03 6.89601931e+03 2.62319933e+01
v 6.79837122e+03 6.89562064e+03 2.80897217e+01
v 6.79711676e+03 6.89456866e+03 2.97904767e+01
v 6.79734885e+03 6.89395201e+03 2.72435091e+01
v 6.77619459e+03 6.89532542e+03 2.65138392e+01
v 6.77482991e+03 6.89512423e+03 2.86696593e+01
v 6.77379893e+03 6.89626851e+03 2.74164635e+01
v 6.77487151e+03 6.89277214e+03 2.86052299e+01
v 6.77635164e+03 6.89415074e+03 2.82349855e+01
v 6.77629745e+03 6.89565188e+03 2.79680586e+01
v 6.78139511e+03 6.89592247e+03 2.95324367e+01
v 6.78690964e+03 6.89500372e+03 2.75701747e+01
v 6.78601994e+03 6.89384189e+03 2.71553467e+01
v 6.79106418e+03 6.89279981e+03 2.61420489e+01
v 6.79118390e+03 6.89192405e+03 2.70491154e+01
v 6.79264735e+03 6.89271705e+03 2.55415375e+01
v 6.79435440e+03 6.89258490e+03 2.72820681e+01
v 6.79398777e+03 6.89530304e+03 2.58561948e+01
v 6.79195239e+03 6.89179004e+03 2.56156018e+01
v 6.79642795e+03 6.89613030e+03 2.57027102e+01
v 6.77436648e+03 6.89147680e+03 2.55856306e+01
v 6.77541477e+03 6.89179641e+03 2.66326487e+01
v 6.79159234e+03 6.89573697e+03 2.68340690e+01
v 6.77428319e+03 6.89278538e+03 2.67320944e+01
v 6.78412095e+03 6.89879314e+03 2.72119487e+01
v 6.78517835e+03 6.89844941e+03 2.80462769e+01
v 6.78192074e+03 6.90021972e+03 2.75988338e+01
v 6.77432934e+03 6.89950355e+03 2.83587145e+01
v 6.78437386e+03 6.90150392e+03 2.75839932e+01
v 6.77790222e+03 6.89954963e+03 2.72009963e+01
v 6.77788936e+03 6.90345782e+03 2.78715595e+01
v 6.77809450e+03 6.90192056e+03 2.81074715e+01
v 6.77701169e+03 6.90585217e+03 2.85051094e+01
v 6.77427336e+03 6.90134380e+03 2.80683828e+01
v 6.79272176e+03 6.91023808e+03 2.77384739e+01
v 6.78365154e+03 6.90619828e+03 2.84045573e+01
v 6.78886965e+03 6.90804931e+03 2.82377319e+01
v 6.79263690e+03 6.90845228e+03 2.99590463e+01
v 6.79202403e+03 6.90986004e+03 2.82169629e+01
v 6.79078839e+03 6.91087375e+03 2.79112982e+01
v 6.79275192e+03 6.90303740e+03 2.80660963e+01
v 6.79910714e+03 6.89728289e+03 2.77184712e+01
v 6.79676328e+03 6.89868274e+03 2.59972627e+01
v 6.79978620e+03 6.89641779e+03 2.64434794e+01
v 6.79712873e+03 6.89524172e+03 3.01607524e+01
v 6.79908459e+03 6.89616208e+03 3.03634814e+01
v 6.79331120e+03 6.90149056e+03 3.29791531e+01
v 6.79175431e+03 6.90079511e+03 3.40321081e+01
v 6.79719596e+03 6.89585132e+03 3.09551557e+01
v 6.78595034e+03 6.90145696e+03 3.00116559e+01
v 6.79015003e+03 6.90020757e+03 3.15903269e+01
v 6.78826294e+03 6.90863782e+03 2.89144971e+01
v 6.78668396e+03 6.91185786e+03 2.87307390e+01
v 6.78613395e+03 6.91100320e+03 2.94288924e+01
v 6.78057383e+03 6.91202702e+03 3.12027907e+01
v 6.78120316e+03 6.90844936e+03 3.03086482e+01
v 6.77488557e+03 6.90302187e+03 2.87944386e+01
v 6.78317014e+03 6.90673990e+03 3.00744674e+01
v 6.78034321e+03 6.89310416e+03 2.98638190e+01
v 6.78086630e+03 6.89521494e+03 3.17245156e+01
v 6.78318026e+03 6.89318382e+03 2.93631025e+01
v 6.79660685e+03 6.89758845e+03 3.15193729e+01
v 6.77447748e+03 6.88818386e+03 2.83803848e+01
v 6.77545605e+03 6.88211185e+03 3.12964448e+01
v 6.78452219e+03 6.89159983e+03 3.17027409e+01
v 6.77441694e+03 6.88348761e+03 3.39349483e+01
v 6.77554875e+03 6.88269318e+03 3.31632035e+01
v 6.77529337e+03 6.88550541e+03 3.47242665e+01
v 6.77428824e+03 6.88196847e+03 3.32571399e+01
v 6.77607520e+03 6.88700326e+03 3.24653409e+01
v 6.77372076e+03 6.90576168e+03 3.00165449e+01
v 6.77823352e+03 6.93698598e+03 3.42836628e+01
v 6.77480841e+03 6.88725471e+03 3.46056780e+01
v 6.77461637e+03 6.92219423e+03 3.34734900e+01
v 6.77503364e+03 6.92351908e+03 3.24743651e+01
v 6.77595300e+03 6.92304973e+03 3.52235902e+01
v 6.77794058e+03 6.92533129e+03 3.66575589e+01
v 6.77700418e+03 6.92250926e+03 3.66125825e+01
v 6.77418924e+03 6.93487548e+03 3.35289173e+01
v 6.78814431e+03 6.92520926e+03 3.94483063e+01
v 6.77579426e+03 6.93302592e+03 3.45777249e+01
v 6.77591416e+03 6.93378777e+03 3.37357668e+01
v 6.77864215e+03 6.93021956e+03 3.13666621e+01
v 6.78552863e+03 6.93072567e+03 3.55136988e+01
v 6.77627527e+03 6.92525994e+03 3.54389682e+01
v 6.77981579e+03 6.92138353e+03 3.59643272e+01
v 6.78096375e+03 6.92262239e+03 3.02950649e+01
v 6.78882410e+03 6.93430533e+03 3.39294511e+01
v 6.78756005e+03 6.93450729e+03 3.47729731e+01
v 6.78539749e+03 6.93483599e+03 3.50680433e+01
v 6.78594192e+03 6.93668517e+03 3.76350595e+01
v 6.78597077e+03 6.93284211e+03 3.60442055e+01
v 6.78173939e+03 6.93655161e+03 3.76045547e+01
v 6.78277594e+03 6.93581205e+03 3.76916606e+01
v 6.78260371e+03 6.93672411e+03 3.57241540e+01
v 6.78758295e+03 6.93204697e+03 3.45810379e+01
v 6.79041710e+03 6.92413392e+03 3.81792429e+01
v 6.78470307e+03 6.92919447e+03 3.49155811e+01
v 6.79013526e+03 6.93184793e+03 3.60224030e+01
v 6.77923764e+03 6.93083282e+03 3.13760222e+01
v 6.78736943e+03 6.93549840e+03 3.36361454e+01
v 6.77620227e+03 6.92184570e+03 3.52312247e+01
v 6.77942633e+03 6.92251852e+03 3.56942334e+01
v 6.77563125e+03 6.93157913e+03 3.48705209e+01
v 6.77880165e+03 6.93156335e+03 3.32338005e+01
v 6.77804970e+03 6.93008420e+03 3.39308705e+01
v 6.80373270e+03 6.90203451e+03 2.73150844e+01
v 6.76085435e+03 6.90129073e+03 2.81694498e+01
v 6.75830760e+03 6.90283325e+03 2.86192771e+01
v 6.76386774e+03 6.92031072e+03 3.61648908e+01
v 6.75220297e+03 6.87990593e+03 2.87310552e+01
v 6.75179359e+03 6.88067225e+03 2.64424240e+01
v 6.78712990e+03 6.93694347e+03 3.68158324e+01
v 6.78592266e+03 6.93571583e+03 3.58490613e+01
v 6.77999184e+03 6.92482409e+03 3.68245459e+01
v 6.78437936e+03 6.93648273e+03 3.64654435e+01
v 6.78380622e+03 6.93760313e+03 3.83450313e+01
v 6.77688471e+03 6.92031603e+03 3.54363835e+01
v 6.77708320e+03 6.92642612e+03 3.55109492e+01
v 6.77802189e+03 6.92683257e+03 3.44876394e+01
v 6.77780803e+03 6.93218459e+03 3.46090792e+01
v 6.77701351e+03 6.92994630e+03 3.37685681e+01
v 6.77707284e+03 6.93346828e+03 3.40589454e+01
v 6.77831669e+03 6.93419380e+03 3.37159644e+01
v 6.77791514e+03 6.93258134e+03 3.36640734e+01
v 6.77455273e+03 6.93136162e+03 3.42825877e+01
v 6.77669222e+03 6.92828345e+03 3.40409112e+01
v 6.77437920e+03 6.93140055e+03 3.30872634e+01
v 6.77908225e+03 6.92016408e+03 3.47187785e+01
v 6.77709045e+03 6.91943780e+03 3.44804567e+01
v 6.77429001e+03 6.92401112e+03 3.23977654e+01
v 6.78691219e+03 6.92814629e+03 3.49595311e+01
v 6.77459972e+03 6.92372005e+03 3.48691488e+01
v 6.78297618e+03 6.92874243e+03 3.46028420e+01
v 6.78665774e+03 6.93119230e+03 3.54019021e+01
v 6.78895669e+03 6.93084098e+03 3.51466650e+01
v 6.78666555e+03 6.93675278e+03 3.53157570e+01
v 6.78628674e+03 6.93392186e+03 3.52228138e+01
v 6.76399637e+03 6.87980310e+03 2.39436123e+01
v 6.76543641e+03 6.87638268e+03 2.51700557e+01
v 6.76344904e+03 6.87812676e+03 2.55595452e+01
v 6.76783654e+03 6.88698962e+03 2.60693943e+01
v 6.76848005e+03 6.88650241e+03 2.74486200e+01
v 6.76696904e+03 6.88024867e+03 2.59295906e+01
v 6.76774994e+03 6.87846608e+03 2.84197699e+01
v 6.76681838e+03 6.87826230e+03 2.68195658e+01
v 6.76592446e+03 6.88497227e+03 2.49055877e+01
v 6.76779317e+03 6.88218720e+03 2.38689380e+01
v 6.76632029e+03 6.88841963e+03 2.65164840e+01
v 6.76769055e+03 6.88307774e+03 2.60713673e+01
v 6.76185227e+03 6.88334698e+03 2.71726789e+01
v 6.76079541e+03 6.88400053e+03 2.70214914e+01
v 6.76988097e+03 6.87827440e+03 2.77762112e+01
v 6.76999322e+03 6.87506022e+03 2.85124036e+01
v 6.77004559e+03 6.87562912e+03 2.74732024e+01
v 6.76271710e+03 6.87456785e+03 2.55145569e+01
v 6.76175880e+03 6.88138049e+03 2.67513069e+01
v 6.76212857e+03 6.88304386e+03 2.47946270e+01
v 6.76620479e+03 6.87688703e+03 2.78431605e+01
v 6.76621960e+03 6.88128226e+03 2.40266132e+01
v 6.76819857e+03 6.87771202e+03 2.74342031e+01
v 6.76902666e+03 6.87800799e+03 2.42476832e+01
v 6.76757766e+03 6.87608028e+03 2.48809751e+01
v 6.76817592e+03 6.87672904e+03 2.67466491e+01
v 6.76671562e+03 6.87968599e+03 2.63866188e+01
v 6.76661958e+03 6.88049759e+03 2.66482190e+01
v 6.76147114e+03 6.88366737e+03 2.53679947e+01
v 6.76101262e+03 6.88170874e+03 2.68122408e+01
v 6.76109834e+03 6.88080513e+03 2.81679713e+01
v 6.76155741e+03 6.89096068e+03 2.62381105e+01
v 6.76040625e+03 6.88169488e+03 2.80825634e+01
v 6.76045142e+03 6.88136564e+03 2.62467217e+01
v 6.77008860e+03 6.89105000e+03 2.66209669e+01
v 6.77262987e+03 6.89046948e+03 2.58800045e+01
v 6.76191341e+03 6.88637969e+03 2.52700922e+01
v 6.77038850e+03 6.88930327e+03 2.71010301e+01
v 6.75968185e+03 6.88308634e+03 2.49297432e+01
v 6.75128431e+03 6.88522313e+03 2.57257028e+01
v 6.76947698e+03 6.89404247e+03 2.83658753e+01
v 6.76589451e+03 6.90038711e+03 2.80287481e+01
v 6.76609133e+03 6.89393204e+03 2.80035222e+01
v 6.76051563e+03 6.89846493e+03 2.78862305e+01
v 6.75740598e+03 6.89837606e+03 2.79642827e+01
v 6.75896052e+03 6.89551271e+03 2.75469849e+01
v 6.76292770e+03 6.89440106e+03 2.77512059e+01
v 6.75557948e+03 6.89510453e+03 2.68532900e+01
v 6.75215007e+03 6.89924136e+03 2.76887510e+01
v 6.76687184e+03 6.88633231e+03 3.37861658e+01
v 6.77215592e+03 6.89181724e+03 2.71150226e+01
v 6.77151376e+03 6.89506218e+03 2.84136395e+01
v 6.77220345e+03 6.89333817e+03 2.79331931e+01
v 6.77148066e+03 6.89766781e+03 2.78552302e+01
v 6.77192243e+03 6.89476707e+03 2.93421850e+01
v 6.77360831e+03 6.89602533e+03 2.95044351e+01
v 6.75367426e+03 6.90277905e+03 2.84103156e+01
v 6.75825559e+03 6.90046392e+03 2.82690514e+01
v 6.75933593e+03 6.90235800e+03 2.86834154e+01
v 6.75894572e+03 6.89893767e+03 2.90898185e+01
v 6.75640238e+03 6.90486142e+03 2.91900055e+01
v 6.76168361e+03 6.90226713e+03 2.97384793e+01
v 6.76021984e+03 6.90292535e+03 2.86645459e+01
v 6.75910734e+03 6.90275968e+03 3.01012289e+01
v 6.76619989e+03 6.90386428e+03 2.86299284e+01
v 6.76264608e+03 6.90383046e+03 2.91704020e+01
v 6.76255349e+03 6.90164106e+03 2.82740465e+01
v 6.75128842e+03 6.89939290e+03 2.85802442e+01
v 6.75000000e+03 6.90170848e+03 2.96344563e+01
v 6.75102058e+03 6.90203775e+03 2.90789605e+01
v 6.75771598e+03 6.90411870e+03 2.92450114e+01
v 6.76948680e+03 6.91459977e+03 3.20814337e+01
v 6.77025126e+03 6.91175468e+03 3.03482097e+01
v 6.76053744e+03 6.91476486e+03 3.12546938e+01
v 6.76148502e+03 6.91094036e+03 3.06616914e+01
v 6.76391132e+03 6.91112877e+03 3.09322715e+01
v 6.76287313e+03 6.91335036e+03 3.17044800e+01
v 6.75680127e+03 6.91185003e+03 3.04041890e+01
v 6.75774605e+03 6.91256094e+03 3.13940497e+01
v 6.75966826e+03 6.91493217e+03 3.29004417e+01
v 6.75884509e+03 6.91428002e+03 3.26695669e+01
v 6.76144677e+03 6.91401841e+03 3.16202988e+01
v 6.76250700e+03 6.91559860e+03 3.34655068e+01
v 6.76583912e+03 6.91499661e+03 3.45061316e+01
v 6.76482281e+03 6.91289672e+03 3.37181283e+01
v 6.75958210e+03 6.90663521e+03 3.23414258e+01
v 6.75837386e+03 6.90779578e+03 3.22821090e+01
v 6.76871137e+03 6.90182898e+03 2.90866671e+01
v 6.77092609e+03 6.89976376e+03 2.88007572e+01
v 6.77141640e+03 6.90262076e+03 2.90808965e+01
v 6.77115045e+03 6.90857973e+03 2.97731537e+01
v 6.76570454e+03 6.90864605e+03 3.01423430e+01
v 6.76008576e+03 6.90614525e+03 2.97788365e+01
v 6.75858026e+03 6.90792813e+03 2.99543554e+01
v 6.76095428e+03 6.90490073e+03 3.18376770e+01
v 6.76057390e+03 6.90501454e+03 3.18494946e+01
v 6.76070587e+03 6.90493439e+03 3.14343760e+01
v 6.76598882e+03 6.91283619e+03 3.17290100e+01
v 6.76864489e+03 6.88729992e+03 3.40276661e+01
v 6.76076434e+03 6.90447831e+03 3.20954172e+01
v 6.75986055e+03 6.90562298e+03 3.18026642e+01
v 6.75868940e+03 6.90680480e+03 3.40433890e+01
v 6.75933527e+03 6.90362657e+03 3.24704859e+01
v 6.75999008e+03 6.90405252e+03 3.51425907e+01
v 6.75968907e+03 6.90378523e+03 3.38687232e+01
v 6.75964249e+03 6.90575871e+03 3.51624649e+01
v 6.76054185e+03 6.90389805e+03 3.08481828e+01
v 6.75987400e+03 6.90444179e+03 3.12707801e+01
v 6.75873750e+03 6.90513553e+03 3.30540940e+01
v 6.76130877e+03 6.90514483e+03 2.95181693e+01
v 6.75849043e+03 6.90508185e+03 3.51572521e+01
v 6.76929575e+03 6.90568114e+03 2.93981197e+01
v 6.75838717e+03 6.90613195e+03 3.11432897e+01
v 6.75955261e+03 6.90306318e+03 3.12837777e+01
v 6.75937082e+03 6.90253612e+03 2.99990896e+01
v 6.75959619e+03 6.90245310e+03 2.99579487e+01
v 6.75742922e+03 6.90771096e+03 3.06331505e+01
v 6.75625159e+03 6.90750408e+03 2.92702090e+01
v 6.75998641e+03 6.90420007e+03 2.93054899e+01
v 6.75348605e+03 6.90532229e+03 2.92584283e+01
v 6.75811770e+03 6.90486203e+03 3.08292258e+01
v 6.75173611e+03 6.90478094e+03 2.99120627e+01
v 6.75293860e+03 6.90743246e+03 3.05307578e+01
v 6.75368587e+03 6.90759531e+03 2.99486930e+01
v 6.75617359e+03 6.90583897e+03 3.11196932e+01
v 6.75738678e+03 6.89973989e+03 2.98525902e+01
v 6.75832462e+03 6.89992073e+03 2.96902292e+01
v 6.75803561e+03 6.90282898e+03 3.14159940e+01
v 6.75705495e+03 6.90568592e+03 3.21970108e+01
v 6.75771101e+03 6.90617954e+03 3.42994790e+01
v 6.75805578e+03 6.90629912e+03 3.66466512e+01
v 6.75721327e+03 6.90687078e+03 3.23740950e+01
v 6.75099590e+03 6.90879540e+03 3.05829483e+01
v 6.75259896e+03 6.90316502e+03 2.94884078e+01
v 6.75617530e+03 6.90476520e+03 3.08237354e+01
v 6.75435086e+03 6.90914761e+03 3.11405076e+01
v 6.75262277e+03 6.91039883e+03 3.26200469e+01
v 6.75091532e+03 6.91156171e+03 3.38758253e+01
v 6.75332057e+03 6.91156284e+03 3.47661362e+01
v 6.75394980e+03 6.90909995e+03 3.28157641e+01
v 6.75561309e+03 6.91267781e+03 3.31579098e+01
v 6.75698419e+03 6.91180140e+03 3.26665311e+01
v 6.75549290e+03 6.90973019e+03 3.28703272e+01
v 6.75564330e+03 6.91342111e+03 3.42268172e+01
v 6.75254634e+03 6.91143090e+03 3.32272055e+01
v 6.75138629e+03 6.90910003e+03 3.21666993e+01
v 6.75818970e+03 6.90750129e+03 3.58169536e+01
v 6.75197441e+03 6.91312834e+03 3.37658714e+01
v 6.75290523e+03 6.91343954e+03 3.46614160e+01
v 6.75423829e+03 6.91366970e+03 3.43192940e+01
v 6.76920535e+03 6.91463481e+03 3.42102293e+01
v 6.77045182e+03 6.91613092e+03 3.57137935e+01
v 6.76387127e+03 6.91392525e+03 3.43624833e+01
v 6.75222695e+03 6.91410006e+03 3.30469526e+01
v 6.75865149e+03 6.91360110e+03 3.42267152e+01
v 6.75701551e+03 6.91253524e+03 3.45514383e+01
v 6.75581607e+03 6.90974904e+03 3.07715372e+01
v 6.75576185e+03 6.91089055e+03 3.12948932e+01
v 6.77114975e+03 6.91454538e+03 3.10921063e+01
v 6.75453877e+03 6.87913105e+03 2.45955330e+01
v 6.75732108e+03 6.88009217e+03 2.46844595e+01
v 6.75330496e+03 6.87959283e+03 2.61361434e+01
v 6.75546305e+03 6.88227018e+03 2.90824691e+01
v 6.75730145e+03 6.88052061e+03 2.99429127e+01
v 6.75284073e+03 6.87676959e+03 2.69005124e+01
v 6.75414223e+03 6.87680966e+03 3.01571839e+01
v 6.75069747e+03 6.88318473e+03 2.65630797e+01
v 6.75663385e+03 6.88134066e+03 2.85230275e+01
v 6.75857710e+03 6.87990369e+03 2.99172746e+01
v 6.75250809e+03 6.87868372e+03 2.60774390e+01
v 6.75159935e+03 6.87948049e+03 2.59016351e+01
v 6.75542834e+03 6.87841667e+03 3.07863939e+01
v 6.75442932e+03 6.87808158e+03 3.09570928e+01
v 6.75361040e+03 6.87931631e+03 3.02337709e+01
v 6.75436757e+03 6.88141115e+03 2.91758583e+01
v 6.75000000e+03 6.90904914e+03 3.13297305e+01
v 6.75235038e+03 6.88297920e+03 2.53608424e+01
v 6.75469443e+03 6.91456167e+03 3.62447511e+01
v 6.75575360e+03 6.91591753e+03 3.63191960e+01
v 6.76613684e+03 6.92685341e+03 3.43974414e+01
v 6.77289702e+03 6.93131823e+03 3.50173557e+01
v 6.76220733e+03 6.92937454e+03 3.49655552e+01
v 6.77209811e+03 6.93131593e+03 3.38901530e+01
v 6.77158488e+03 6.92998881e+03 3.39346671e+01
v 6.77104392e+03 6.93769908e+03 3.85641665e+01
v 6.77110338e+03 6.93101638e+03 3.51081549e+01
v 6.77050755e+03 6.92537986e+03 3.54308637e+01
v 6.77190208e+03 6.92767495e+03 3.40213482e+01
v 6.76867927e+03 6.92933373e+03 3.42127054e+01
v 6.76883802e+03 6.92807413e+03 3.38307459e+01
v 6.77004995e+03 6.91829589e+03 3.55917661e+01
v 6.77145525e+03 6.91796880e+03 3.55925686e+01
v 6.76730636e+03 6.92749203e+03 3.47670789e+01
v 6.76782146e+03 6.92591670e+03 3.50466702e+01
v 6.75905468e+03 6.92564373e+03 3.39489641e+01
v 6.75121990e+03 6.92303014e+03 3.43220879e+01
v 6.77210785e+03 6.91946954e+03 3.25855460e+01
v 6.76479690e+03 6.91975278e+03 3.37631633e+01
v 6.76242590e+03 6.92220554e+03 3.35432602e+01
v 6.76241296e+03 6.92025287e+03 3.51683985e+01
v 6.76415893e+03 6.92163451e+03 3.33877320e+01
v 6.76286254e+03 6.92409415e+03 3.41719130e+01
v 6.77282502e+03 6.93006254e+03 3.33654617e+01
v 6.75802971e+03 6.92410974e+03 3.31087430e+01
v 6.75877752e+03 6.91960027e+03 3.22408276e+01
v 6.76994273e+03 6.92217598e+03 3.28099536e+01
v 6.77001627e+03 6.92030298e+03 3.27068560e+01
v 6.77022521e+03 6.92021805e+03 3.26037138e+01
v 6.77010998e+03 6.92038040e+03 3.26833707e+01
v 6.77067124e+03 6.92830715e+03 3.35924867e+01
v 6.77213596e+03 6.92613239e+03 3.30279686e+01
v 6.75517597e+03 6.92241512e+03 3.53227509e+01
v 6.75403437e+03 6.92170358e+03 3.56061099e+01
v 6.75163073e+03 6.91430385e+03 3.35540116e+01
v 6.75567934e+03 6.91636399e+03 3.45997622e+01
v 6.75658223e+03 6.91411477e+03 3.49588883e+01
v 6.75823052e+03 6.91425833e+03 3.47065058e+01
v 6.77264035e+03 6.92089234e+03 3.22615571e+01
v 6.77268515e+03 6.92110892e+03 3.14206718e+01
v 6.77188760e+03 6.91665735e+03 3.44235058e+01
v 6.77216534e+03 6.91862022e+03 3.48390938e+01
v 6.76416480e+03 6.91557335e+03 3.46638919e+01
v 6.76543026e+03 6.91643505e+03 3.41086595e+01
v 6.77058914e+03 6.92054382e+03 3.44119767e+01
v 6.77022646e+03 6.91986964e+03 3.28352460e+01
v 6.77014124e+03 6.92021046e+03 3.26191113e+01
v 6.77127537e+03 6.91751807e+03 3.28157960e+01
v 6.77154417e+03 6.91498135e+03 3.52226247e+01
v 6.76738857e+03 6.91479791e+03 3.36427137e+01
v 6.77100485e+03 6.92020167e+03 3.18547316e+01
v 6.77160025e+03 6.92069481e+03 3.27590225e+01
v 6.77236208e+03 6.91973298e+03 3.45698181e+01
v 6.76883020e+03 6.92448289e+03 3.44871754e+01
v 6.76698134e+03 6.92434567e+03 3.53953328e+01
v 6.76570480e+03 6.91807451e+03 3.40119725e+01
v 6.77173321e+03 6.92223655e+03 3.14338299e+01
v 6.77078239e+03 6.91406801e+03 3.33894330e+01
v 6.76124667e+03 6.91797155e+03 3.42053450e+01
v 6.76795387e+03 6.91883491e+03 3.42988325e+01
v 6.76906136e+03 6.91864775e+03 3.25171285e+01
v 6.75647936e+03 6.91567004e+03 3.51891414e+01
v 6.76082908e+03 6.92218639e+03 3.28072123e+01
v 6.76109635e+03 6.92003624e+03 3.28052237e+01
v 6.77267999e+03 6.88919920e+03 2.61331724e+01
v 6.76770465e+03 6.88443501e+03 2.53669352e+01
v 6.76674121e+03 6.88009777e+03 2.43904527e+01
v 6.77306986e+03 6.91705463e+03 3.09900824e+01
v 6.75351345e+03 6.87678934e+03 2.73035861e+01
v 6.75473465e+03 6.87631185e+03 2.50210508e+01
v 6.75277738e+03 6.87519364e+03 2.53422525e+01
v 6.75221285e+03 6.87674240e+03 2.48198199e+01
v 6.75152558e+03 6.87572548e+03 2.51740048e+01
v 6.75000000e+03 6.87682138e+03 2.43408265e+01
v 6.75000000e+03 6.88179513e+03 2.64514669e+01
v 6.77333584e+03 6.87773123e+03 2.76720597e+01
v 6.77329960e+03 6.87787277e+03 2.45832050e+01
v 6.77203113e+03 6.87520389e+03 2.38819711e+01
v 6.77203504e+03 6.87708047e+03 2.51727860e+01
v 6.75780577e+03 6.87744491e+03 2.44689326e+01
v 6.75530788e+03 6.87765470e+03 2.47364865e+01
v 6.77207278e+03 6.87471998e+03 2.19709420e+01
v 6.75354000e+03 6.87753920e+03 2.53650482e+01
v 6.75372466e+03 6.87771622e+03 2.57652819e+01
v 6.76186665e+03 6.87470214e+03 2.46188251e+01
v 6.77370894e+03 6.89488112e+03 3.01874973e+01
v 6.76817169e+03 6.87482228e+03 2.42158151e+01
v 6.77028037e+03 6.87453901e+03 2.32599914e+01
v 6.77365814e+03 6.89248046e+03 2.86065033e+01
v 6.76957890e+03 6.87633858e+03 2.37490486e+01
v 6.77228421e+03 6.87738251e+03 2.72658557e+01
v 6.77108948e+03 6.87457536e+03 2.81320488e+01
v 6.77351597e+03 6.89157194e+03 2.85726143e+01
v 6.77293899e+03 6.88928941e+03 2.82682769e+01
v 6.77344664e+03 6.88998665e+03 3.04252667e+01
v 6.76779764e+03 6.87904554e+03 3.11309512e+01
v 6.77056836e+03 6.87990457e+03 3.04813486e+01
v 6.76864606e+03 6.88207471e+03 3.09932140e+01
v 6.76970556e+03 6.88076787e+03 3.10816886e+01
v 6.76703996e+03 6.88302479e+03 3.31208912e+01
v 6.77271563e+03 6.88903398e+03 3.21603635e+01
v 6.77197015e+03 6.88956977e+03 3.06994174e+01
v 6.77154894e+03 6.88740077e+03 3.41187824e+01
v 6.77042189e+03 6.88743931e+03 3.43526872e+01
v 6.76910527e+03 6.88634006e+03 3.53848286e+01
v 6.77231793e+03 6.88505595e+03 3.48957910e+01
v 6.77139881e+03 6.88462502e+03 3.47108953e+01
v 6.77040598e+03 6.87967536e+03 2.86723109e+01
v 6.77394926e+03 6.88646717e+03 3.46164351e+01
v 6.77235126e+03 6.88617134e+03 3.53182362e+01
v 6.76770355e+03 6.88524867e+03 3.39600455e+01
v 6.76916207e+03 6.88450151e+03 3.59515528e+01
v 6.77170194e+03 6.88346206e+03 3.54499393e+01
v 6.77160470e+03 6.88614040e+03 3.48783622e+01
v 6.77201684e+03 6.88075373e+03 3.23883657e+01
v 6.77295357e+03 6.87885306e+03 2.63307290e+01
v 6.77368249e+03 6.88148208e+03 3.15231656e+01
v 6.77310453e+03 6.88046680e+03 2.90433761e+01
v 6.77295440e+03 6.87948087e+03 2.83191587e+01
v 6.77419220e+03 6.88818378e+03 3.49349077e+01
v 6.77302990e+03 6.88823129e+03 3.34559362e+01
v 6.77230008e+03 6.88257048e+03 3.46733849e+01
v 6.77180795e+03 6.88948913e+03 3.25647164e+01
v 6.77365610e+03 6.88491717e+03 3.48177284e+01
v 6.77327858e+03 6.88754615e+03 3.44551872e+01
v 6.77243202e+03 6.88772082e+03 3.51921843e+01
v 6.77351889e+03 6.88158883e+03 3.46519005e+01
v 6.76627890e+03 6.87795698e+03 3.12811895e+01
v 6.76832006e+03 6.87826536e+03 3.01898894e+01
v 6.75598540e+03 6.87792004e+03 3.02313722e+01
v 6.75768198e+03 6.87797692e+03 3.17847995e+01
v 6.75802998e+03 6.87939394e+03 3.10162356e+01
v 6.75484219e+03 6.87602328e+03 2.78970539e+01
v 6.75885333e+03 6.87747516e+03 2.87968289e+01
v 6.75787742e+03 6.87717502e+03 3.04502148e+01
v 6.77070265e+03 6.88619165e+03 3.58745623e+01
v 6.75602572e+03 6.87941404e+03 3.22844664e+01
v 6.75531323e+03 6.87983360e+03 3.10893950e+01
v 6.76962307e+03 6.88764210e+03 3.53925316e+01
v 6.77123567e+03 6.87826669e+03 2.94037307e+01
v 6.77321636e+03 6.87991419e+03 3.08179528e+01
v 6.76638192e+03 6.87890865e+03 2.76243561e+01
v 6.77103234e+03 6.87711907e+03 2.78448590e+01
v 6.77063770e+03 6.87646481e+03 2.73284633e+01
v 6.75601338e+03 6.88107144e+03 3.22752684e+01
v 6.76012046e+03 6.87933617e+03 2.98523307e+01
v 6.77165073e+03 6.87525909e+03 2.74396868e+01
v 6.76651375e+03 6.87793740e+03 2.93294618e+01
v 6.77156823e+03 6.87924213e+03 2.94510754e+01
v 6.75109657e+03 6.88465216e+03 2.74622709e+01
v 6.75338978e+03 6.87780425e+03 2.57246047e+01
v 6.76748553e+03 6.91388702e+03 3.20281734e+01
v 6.75907679e+03 6.87895611e+03 2.79590428e+01
v 6.75939721e+03 6.88053166e+03 2.78954380e+01
v 6.75791698e+03 6.87991748e+03 2.77302874e+01
v 6.75982435e+03 6.91599835e+03 3.16966978e+01
v 6.75672273e+03 6.87930229e+03 3.19801467e+01
v 6.75797048e+03 6.88168222e+03 3.14754379e+01
v 6.75588929e+03 6.88066990e+03 2.91249188e+01
v 6.75589903e+03 6.88049061e+03 3.01510571e+01
v 6.76747725e+03 6.91616401e+03 3.38445552e+01
v 6.77363369e+03 6.88905846e+03 3.07986418e+01
v 6.75529755e+03 6.87945128e+03 2.60507172e+01
v 6.76415529e+03 6.88115393e+03 3.04251713e+01
v 6.76656781e+03 6.88209874e+03 3.00797621e+01
v 6.76859633e+03 6.92374607e+03 3.34305743e+01
v 6.76589577e+03 6.92313946e+03 3.34069164e+01
v 6.75157754e+03 6.91894128e+03 3.24465881e+01
v 6.75571596e+03 6.91676411e+03 3.26400742e+01
v 6.77382184e+03 6.89364127e+03 2.90660328e+01
v 6.76881128e+03 6.88934561e+03 3.30744292e+01
v 6.76667953e+03 6.92648194e+03 3.42188923e+01
v 6.76601398e+03 6.92496817e+03 3.52315682e+01
v 6.75343288e+03 6.92911453e+03 3.52493589e+01
v 6.77390348e+03 6.93265531e+03 3.60374849e+01
v 6.75147946e+03 6.93165129e+03 3.60441914e+01
v 6.77144975e+03 6.93421252e+03 3.44336896e+01
v 6.77353433e+03 6.93441974e+03 3.51038955e+01
v 6.76077246e+03 6.92734824e+03 3.47638175e+01
v 6.77388385e+03 6.93255326e+03 3.42923620e+01
v 6.76970022e+03 6.92638122e+03 3.54874834e+01
v 6.76898686e+03 6.92624671e+03 3.47993386e+01
v 6.77089953e+03 6.93745080e+03 3.48486769e+01
v 6.75602044e+03 6.92387475e+03 3.34310479e+01
v 6.77259416e+03 6.93635128e+03 3.43929865e+01
v 6.76010734e+03 6.92421476e+03 3.32826986e+01
v 6.76518496e+03 6.92517686e+03 3.38556725e+01
v 6.77096492e+03 6.92477763e+03 3.35751685e+01
v 6.77235221e+03 6.92357663e+03 3.20990315e+01
v 6.76955951e+03 6.92756343e+03 3.42972834e+01
v 6.76185630e+03 6.92620178e+03 3.45092321e+01
v 6.75124135e+03 6.92167769e+03 3.28890884e+01
v 6.75300965e+03 6.92170931e+03 3.31027289e+01
v 6.76162663e+03 6.92477764e+03 3.53853426e+01
v 6.76061392e+03 6.92303185e+03 3.41650234e+01
v 6.76140323e+03 6.92382577e+03 3.42024834e+01
v 6.76815418e+03 6.91973446e+03 3.28320070e+01
v 6.76657267e+03 6.92125997e+03 3.32741141e+01
v 6.76508752e+03 6.91875231e+03 3.30916528e+01
v 6.75401441e+03 6.92099733e+03 3.29649027e+01
v 6.75598866e+03 6.92136399e+03 3.24855238e+01
v 6.75601386e+03 6.91826262e+03 3.22058336e+01
v 6.76200575e+03 6.91692041e+03 3.15417917e+01
v 6.75866814e+03 6.91334682e+03 3.15221268e+01
v 6.77143828e+03 6.91862720e+03 3.18443521e+01
v 6.75307538e+03 6.91602729e+03 3.17901585e+01
v 6.77233119e+03 6.91668617e+03 3.28491974e+01
v 6.75285873e+03 6.91519368e+03 3.32155869e+01
v 6.76805333e+03 6.91581982e+03 3.23333986e+01
v 6.76689451e+03 6.91714366e+03 3.40356586e+01
v 6.76768705e+03 6.91786159e+03 3.26704463e+01
v 6.76572108e+03 6.91870945e+03 3.52969202e+01
v 6.76238228e+03 6.91798164e+03 3.52543533e+01
v 6.76855244e+03 6.91622149e+03 3.49551990e+01
v 6.76923452e+03 6.91854607e+03 3.40247030e+01
v 6.75652422e+03 6.87811352e+03 2.54135330e+01
v 6.75785326e+03 6.87518935e+03 2.39933650e+01
v 6.76954150e+03 6.87846500e+03 2.56127272e+01
v 6.75384580e+03 6.87575960e+03 2.44571002e+01
v 6.77365605e+03 6.89533116e+03 2.81634740e+01
v 6.77417548e+03 6.89183452e+03 2.71688594e+01
v 6.77232297e+03 6.87978317e+03 2.97020154e+01
v 6.77372700e+03 6.88903868e+03 3.21273635e+01
v 6.77471632e+03 6.88313151e+03 3.56284872e+01
v 6.77364702e+03 6.88408020e+03 3.56108890e+01
v 6.77363614e+03 6.88735573e+03 3.26550193e+01
v 6.77065726e+03 6.88102422e+03 3.38092122e+01
v 6.77177825e+03 6.88141851e+03 3.51074734e+01
v 6.76884244e+03 6.88128183e+03 3.28921292e+01
v 6.76980262e+03 6.88305459e+03 3.46690093e+01
v 6.76899731e+03 6.88146095e+03 3.42881236e+01
v 6.77019188e+03 6.88340809e+03 3.60454317e+01
v 6.76980782e+03 6.88036840e+03 3.26223216e+01
v 6.76848138e+03 6.88073911e+03 3.08417859e+01
v 6.76721156e+03 6.88337395e+03 2.96110952e+01
v 6.77049106e+03 6.88557612e+03 3.52793809e+01
v 6.76970217e+03 6.88903525e+03 3.10463864e+01
v 6.77089293e+03 6.88506241e+03 3.58298776e+01
v 6.75438140e+03 6.88085447e+03 3.05645249e+01
v 6.75856270e+03 6.88035964e+03 3.20938842e+01
v 6.76678927e+03 6.88083161e+03 3.18549698e+01
v 6.76592651e+03 6.88007212e+03 3.09776353e+01
v 6.76546423e+03 6.88034572e+03 2.99989347e+01
v 6.75579177e+03 6.87615856e+03 3.05465761e+01
v 6.75609614e+03 6.87626885e+03 2.92674768e+01
v 6.75708168e+03 6.87698480e+03 2.86555826e+01
v 6.75541211e+03 6.87711995e+03 3.06692854e+01
v 6.75287926e+03 6.87866703e+03 2.88955477e+01
v 6.76455724e+03 6.87915967e+03 2.97849132e+01
v 6.76072890e+03 6.87983458e+03 2.80174389e+01
v 6.76405571e+03 6.87939864e+03 2.83115598e+01
v 6.76405646e+03 6.88186117e+03 2.98407091e+01
v 6.76626792e+03 6.88222756e+03 2.85165442e+01
v 6.75653731e+03 6.87611049e+03 2.74159461e+01
v 6.77059257e+03 6.87461492e+03 2.91685501e+01
v 6.76134473e+03 6.88006270e+03 2.72370039e+01
v 6.75137113e+03 6.88215348e+03 2.67823949e+01
v 6.75737847e+03 6.87813037e+03 2.71338321e+01
v 6.75310805e+03 6.93078262e+03 4.49314151e+01
v 6.81299999e+03 6.91373236e+03 3.32374070e+01
v 6.81299999e+03 6.91324661e+03 3.21847585e+01
v 6.81299999e+03 6.93123369e+03 2.99028984e+01
v 6.81299999e+03 6.92951737e+03 3.00416202e+01
v 6.81299999e+03 6.90498316e+03 2.48261002e+01
v 6.81299999e+03 6.90503187e+03 2.59462899e+01
v 6.81299999e+03 6.90707994e+03 2.62263962e+01
v 6.81299999e+03 6.90736919e+03 2.62728290e+01
v 6.81299999e+03 6.87919261e+03 2.11912993e+01
v 6.81299999e+03 6.87705014e+03 2.11737080e+01
v 6.81299999e+03 6.91847165e+03 2.75987080e+01
v 6.81299999e+03 6.91989298e+03 2.77068869e+01
v 6.81299999e+03 6.91219338e+03 2.89274784e+01
v 6.81299999e+03 6.91285601e+03 2.82257551e+01
v 6.81299999e+03 6.93490088e+03 3.03841717e+01
v 6.81299999e+03 6.93415444e+03 3.04140047e+01
v 6.81299999e+03 6.92781179e+03 2.85325820e+01
v 6.81299999e+03 6.92836083e+03 2.94137062e+01
v 6.81299999e+03 6.92944708e+03 2.99715685e+01
v 6.81299999e+03 6.91200054e+03 2.96644894e+01
v 6.81299999e+03 6.91182129e+03 3.12180491e+01
v 6.81299999e+03 6.91187228e+03 3.16772356e+01
v 6.81299999e+03 6.91294587e+03 3.18179766e+01
v 6.81299999e+03 6.91189595e+03 3.14964453e+01
v 6.81299999e+03 6.90510946e+03 2.61332156e+01
v 6.81299999e+03 6.90804350e+03 2.63773782e+01
v 6.81299999e+03 6.91171336e+03 2.71081799e+01
v 6.81299999e+03 6.91101882e+03 2.68618596e+01
v 6.81299999e+03 6.91313310e+03 2.75359030e+01
v 6.81299999e+03 6.88193579e+03 2.14741414e+01
v 6.81299999e+03 6.90369023e+03 2.22347829e+01
v 6.81299999e+03 6.90445220e+03 2.32460423e+01
v 6.81299999e+03 6.90268339e+03 2.20986356e+01
v 6.81299999e+03 6.90323351e+03 2.21439017e+01
v 6.81299999e+03 6.90345174e+03 2.21761446e+01
v 6.81299999e+03 6.90456313e+03 2.44867313e+01
v 6.81299999e+03 6.90331655e+03 2.21397527e+01
v 6.81299999e+03 6.89718003e+03 2.17394181e+01
v 6.81299999e+03 6.89895366e+03 2.18553421e+01
v 6.81299999e+03 6.89117143e+03 2.16851586e+01
v 6.81299999e+03 6.89974361e+03 2.18993723e+01
v 6.81299999e+03 6.88799894e+03 2.16404422e+01
v 6.81299999e+03 6.88755958e+03 2.16294358e+01
v 6.81299999e+03 6.88224661e+03 2.14964214e+01
v 6.81299999e+03 6.91365020e+03 2.74240313e+01
v 6.81299999e+03 6.91343438e+03 2.79064112e+01
v 6.81299999e+03 6.91386689e+03 2.73499000e+01
v 6.81299999e+03 6.91593490e+03 2.74493716e+01
v 6.81299999e+03 6.91402690e+03 2.76926661e+01
v 6.81299999e+03 6.91696709e+03 2.76618987e+01
v 6.81299999e+03 6.91782656e+03 2.75596819e+01
v 6.81299999e+03 6.92009021e+03 2.83439452e+01
v 6.81299999e+03 6.92037153e+03 2.90385802e+01
v 6.81299999e+03 6.91419358e+03 2.86003180e+01
v 6.81299999e+03 6.91377361e+03 2.80192806e+01
v 6.81299999e+03 6.91479837e+03 3.03960312e+01
v 6.81299999e+03 6.91448586e+03 3.12174921e+01
v 6.81299999e+03 6.91472416e+03 2.92979037e+01
v 6.81299999e+03 6.92158391e+03 2.90652254e+01
v 6.81299999e+03 6.92387683e+03 3.08881449e+01
v 6.81299999e+03 6.92248403e+03 3.02831762e+01
v 6.81299999e+03 6.92192415e+03 2.93545255e+01
v 6.81299999e+03 6.91452885e+03 3.16325343e+01
v 6.81299999e+03 6.91466246e+03 3.21610240e+01
v 6.81299999e+03 6.93569787e+03 3.09782248e+01
v 6.81299999e+03 6.92528683e+03 3.03621905e+01
v 6.81299999e+03 6.93382043e+03 2.99352840e+01
v 6.81299999e+03 6.93232963e+03 2.94163036e+01
v 6.81299999e+03 6.92648050e+03 3.01650245e+01
v 6.81299999e+03 6.93191530e+03 2.94257597e+01
v 6.81299999e+03 6.93754045e+03 3.08793250e+01
v 6.81299999e+03 6.92661827e+03 2.99253059e+01
v 6.81299999e+03 6.92947682e+03 2.95372012e+01
v 6.81299999e+03 6.91375480e+03 3.32488171e+01
v 6.81299999e+03 6.91379821e+03 3.32348752e+01
v 6.76008607e+03 6.87450001e+03 2.50571362e+01
v 6.76005984e+03 6.87450001e+03 2.50562004e+01
v 6.77354823e+03 6.87450001e+03 1.99316386e+01
v 6.77340684e+03 6.87450001e+03 2.03516525e+01
v 6.77063179e+03 6.87450001e+03 2.56366012e+01
v 6.77072665e+03 6.87450001e+03 2.57438531e+01
v 6.77131366e+03 6.87450001e+03 2.74826835e+01
v 6.77157525e+03 6.87450001e+03 2.68190119e+01
v 6.77111186e+03 6.87450001e+03 2.81614453e+01
v 6.77111335e+03 6.87450001e+03 2.80903548e+01
v 6.76869829e+03 6.87450001e+03 2.41697177e+01
v 6.77023614e+03 6.87450001e+03 2.33144542e+01
v 6.76285609e+03 6.87450001e+03 2.54877948e+01
v 6.76482809e+03 6.87450001e+03 2.51629462e+01
v 6.76087277e+03 6.87450001e+03 2.51977965e+01
v 6.76030659e+03 6.87450001e+03 2.50062526e+01
v 6.76182318e+03 6.87450001e+03 2.45897607e+01
v 6.76570353e+03 6.87450001e+03 2.37632340e+01
v 6.75999187e+03 6.87450001e+03 2.50187365e+01
v 6.75807596e+03 6.87450001e+03 2.38860058e+01
v 6.77059364e+03 6.87450001e+03 2.56925302e+01
v 6.76905350e+03 6.87450001e+03 2.70754841e+01
v 6.77064851e+03 6.87450001e+03 2.91660976e+01
v 6.77052324e+03 6.87450001e+03 2.91953687e+01
v 6.77020801e+03 6.87450001e+03 2.93181098e+01
v 6.76960855e+03 6.87450001e+03 2.92961305e+01
v 6.76680605e+03 6.87450001e+03 2.39006543e+01
v 6.77195687e+03 6.87450001e+03 2.20286157e+01
v 6.77053465e+03 6.87450001e+03 2.34159763e+01
v 6.77179178e+03 6.87450001e+03 2.40937699e+01
v 6.75179192e+03 6.87450001e+03 2.41271007e+01
v 6.75171875e+03 6.87450001e+03 2.40870038e+01
v 6.75144216e+03 6.87450001e+03 2.41778932e+01
v 6.75294671e+03 6.87450001e+03 2.48991789e+01
v 6.75362233e+03 6.87450001e+03 2.42011061e+01
v 6.75399356e+03 6.87450001e+03 2.44131340e+01
v 6.75649532e+03 6.87450001e+03 2.39578772e+01
v 6.76266781e+03 6.87450001e+03 2.54686914e+01
v 6.76010889e+03 6.87450001e+03 2.50659591e+01
v 6.76781192e+03 6.87450001e+03 2.39621751e+01
v 6.77188549e+03 6.87450001e+03 2.31590737e+01
v 6.77393942e+03 6.87450001e+03 1.99344215e+01
v 6.76919510e+03 6.87450001e+03 2.86262057e+01
v 6.76935420e+03 6.87450001e+03 2.79084522e+01
v 6.77800089e+03 6.87450001e+03 1.98942484e+01
v 6.79918649e+03 6.87450001e+03 2.06034590e+01
v 6.79557113e+03 6.87450001e+03 2.05309821e+01
v 6.79092950e+03 6.87450001e+03 2.03312848e+01
v 6.78317449e+03 6.87450001e+03 1.99989822e+01
v 6.78443443e+03 6.87450001e+03 1.99908050e+01
v 6.80792185e+03 6.87450001e+03 2.08220030e+01
v 6.80999904e+03 6.87450001e+03 2.10045601e+01
v 6.75000000e+03 6.87450001e+03 2.47165505e+01
v 6.81167592e+03 6.87450001e+03 2.11036801e+01
v 6.81299999e+03 6.87450001e+03 2.11819456e+01
v 6.77069239e+03 6.93799999e+03 3.49782816e+01
v 6.77128116e+03 6.93799999e+03 3.47548073e+01
v 6.77278191e+03 6.93799999e+03 3.43619477e+01
v 6.77463578e+03 6.93799999e+03 3.39756917e+01
v 6.77564220e+03 6.93799999e+03 3.36117673e+01
v 6.77084288e+03 6.93799999e+03 3.71222336e+01
v 6.76630424e+03 6.93799999e+03 4.08501018e+01
v 6.76635135e+03 6.93799999e+03 4.08773130e+01
v 6.76936269e+03 6.93799999e+03 3.76938094e+01
v 6.76950950e+03 6.93799999e+03 3.78225077e+01
v 6.76920019e+03 6.93799999e+03 3.92039788e+01
v 6.76901072e+03 6.93799999e+03 3.95971818e+01
v 6.75000000e+03 6.93799999e+03 3.64164023e+01
v 6.75160835e+03 6.93799999e+03 3.64618859e+01
v 6.75371284e+03 6.93799999e+03 3.65082767e+01
v 6.75741705e+03 6.93799999e+03 3.65746832e+01
v 6.75512374e+03 6.93799999e+03 3.64770094e+01
v 6.75928177e+03 6.93799999e+03 3.65437201e+01
v 6.76924423e+03 6.93799999e+03 3.78218351e+01
v 6.76624445e+03 6.93799999e+03 4.09423025e+01
v 6.76484792e+03 6.93799999e+03 4.24513000e+01
v 6.76321154e+03 6.93799999e+03 4.31550026e+01
v 6.76200410e+03 6.93799999e+03 4.15786874e+01
v 6.76085161e+03 6.93799999e+03 4.05041566e+01
v 6.76047609e+03 6.93799999e+03 4.03097107e+01
v 6.76131504e+03 6.93799999e+03 4.05093345e+01
v 6.75986378e+03 6.93799999e+03 3.97809878e+01
v 6.75884633e+03 6.93799999e+03 4.09174811e+01
v 6.75973686e+03 6.93799999e+03 3.90558604e+01
v 6.75932628e+03 6.93799999e+03 3.87627072e+01
v 6.75933628e+03 6.93799999e+03 3.81687470e+01
v 6.76820263e+03 6.93799999e+03 4.04651033e+01
v 6.76666854e+03 6.93799999e+03 4.08670372e+01
v 6.76624187e+03 6.93799999e+03 4.09028069e+01
v 6.76797713e+03 6.93799999e+03 4.08082905e+01
v 6.76776006e+03 6.93799999e+03 4.05640453e+01
v 6.76886985e+03 6.93799999e+03 3.85886190e+01
v 6.76342372e+03 6.93799999e+03 4.34033374e+01
v 6.76356905e+03 6.93799999e+03 4.33898397e+01
v 6.76198000e+03 6.93799999e+03 4.10196664e+01
v 6.79264521e+03 6.93799999e+03 3.14101516e+01
v 6.79252048e+03 6.93799999e+03 3.24789737e+01
v 6.78804430e+03 6.93799999e+03 3.54777822e+01
v 6.78806682e+03 6.93799999e+03 3.56632990e+01
v 6.79233887e+03 6.93799999e+03 3.06890145e+01
v 6.79290945e+03 6.93799999e+03 3.04378617e+01
v 6.79388501e+03 6.93799999e+03 3.04244577e+01
v 6.80138129e+03 6.93799999e+03 3.13381080e+01
v 6.80094036e+03 6.93799999e+03 3.12992357e+01
v 6.78084853e+03 6.93799999e+03 3.21411205e+01
v 6.78050402e+03 6.93799999e+03 3.17421525e+01
v 6.78004692e+03 6.93799999e+03 3.19451509e+01
v 6.77649730e+03 6.93799999e+03 3.38438357e+01
v 6.77593087e+03 6.93799999e+03 3.31216058e+01
v 6.79043810e+03 6.93799999e+03 3.35207427e+01
v 6.78999846e+03 6.93799999e+03 3.35724178e+01
v 6.79500424e+03 6.93799999e+03 3.03256547e+01
v 6.80045554e+03 6.93799999e+03 2.97904500e+01
v 6.79983420e+03 6.93799999e+03 2.98227478e+01
v 6.79654021e+03 6.93799999e+03 3.00053263e+01
v 6.79721751e+03 6.93799999e+03 2.98851567e+01
v 6.80038900e+03 6.93799999e+03 3.04127779e+01
v 6.79770011e+03 6.93799999e+03 2.99906171e+01
v 6.78077409e+03 6.93799999e+03 3.23347385e+01
v 6.78059829e+03 6.93799999e+03 3.39523096e+01
v 6.78131278e+03 6.93799999e+03 3.46984908e+01
v 6.79218530e+03 6.93799999e+03 3.26108103e+01
v 6.78086900e+03 6.93799999e+03 3.21722528e+01
v 6.78794633e+03 6.93799999e+03 3.56153741e+01
v 6.78916696e+03 6.93799999e+03 3.39395616e+01
v 6.78132540e+03 6.93799999e+03 3.72712464e+01
v 6.78123854e+03 6.93799999e+03 3.55773318e+01
v 6.77743020e+03 6.93799999e+03 3.40978913e+01
v 6.77888973e+03 6.93799999e+03 3.28826388e+01
v 6.77813594e+03 6.93799999e+03 3.42308077e+01
v 6.77956989e+03 6.93799999e+03 3.21121218e+01
v 6.78305901e+03 6.93799999e+03 3.81981375e+01
v 6.78213509e+03 6.93799999e+03 3.79402099e+01
v 6.78579350e+03 6.93799999e+03 3.73710708e+01
v 6.78489638e+03 6.93799999e+03 3.67013198e+01
v 6.78719717e+03 6.93799999e+03 3.72101586e+01
v 6.78738001e+03 6.93799999e+03 3.67004652e+01
v 6.78114199e+03 6.93799999e+03 3.79019488e+01
v 6.78467944e+03 6.93799999e+03 3.78613449e+01
v 6.78390462e+03 6.93799999e+03 3.81383926e+01
v 6.78364897e+03 6.93799999e+03 3.82515883e+01
v 6.78617460e+03 6.93799999e+03 3.71307993e+01
v 6.78104182e+03 6.93799999e+03 3.51307091e+01
v 6.77895004e+03 6.93799999e+03 3.23188646e+01
v 6.81037727e+03 6.93799999e+03 3.26548178e+01
v 6.81042724e+03 6.93799999e+03 3.25546505e+01
v 6.81095677e+03 6.93799999e+03 3.03303431e+01
v 6.81042380e+03 6.93799999e+03 3.06130314e+01
v 6.81002047e+03 6.93799999e+03 3.14083730e+01
v 6.81176201e+03 6.93799999e+03 3.09020559e+01
v 6.81273359e+03 6.93799999e+03 3.08648584e+01
v 6.80799477e+03 6.93799999e+03 3.14157496e+01
v 6.80710950e+03 6.93799999e+03 3.15642980e+01
v 6.80650395e+03 6.93799999e+03 3.14301741e+01
v 6.80174204e+03 6.93799999e+03 3.13175546e+01
v 6.80474999e+03 6.93799999e+03 3.09768333e+01
v 6.80324217e+03 6.93799999e+03 3.08563204e+01
v 6.80552326e+03 6.93799999e+03 3.19842389e+01
v 6.80208295e+03 6.93799999e+03 3.07225059e+01
v 6.81006661e+03 6.93799999e+03 3.28620895e+01
v 6.80926118e+03 6.93799999e+03 3.22697329e+01
v 6.80914141e+03 6.93799999e+03 3.17195747e+01
v 6.81225954e+03 6.93799999e+03 3.08830078e+01
v 6.81299999e+03 6.93799999e+03 3.09101507e+01
vt 0.055744991 0.65052271
vt 0.052914921 0.61649656
vt 0.076014936 0.71115708
vt 0.058750752 0.66926312
vt 0.041982081 0.64244008
vt 0.10352071 0.62017113
vt 0.052669048 0.67775923
vt 0.045978658 0.66213977
vt 0.045780204 0.65397918
vt 0.075099654 0.61121416
vt 0.13242577 0.63171774
vt 0.035357296 0.65637916
vt 0.061236512 0.60496008
vt 0.10569628 0.6093033
vt 0.11762199 0.61773121
vt 0.15030548 0.66330212
vt 0.035481703 0.63449132
vt 0.066565014 0.59289581
vt 0.089347698 0.58737504
vt 0.1191202 0.60960519
vt 0.15210581 0.6060248
vt 0.12998991 0.71394587
vt 0.041912962 0.66597319
vt 0.013457569 0.6203779
vt 0.051371779 0.60506946
vt 0.11689826 0.58021164
vt 0.16983764 0.62983358
vt 0.15359768 0.70483172
vt 0.095858708 0.73871601
vt 0.027383465 0.61243814
vt 0.041755427 0.60030687
vt 0.068298943 0.56803203
vt 0.13775831 0.58024311
vt 0.17332271 0.61384302
vt 0.19263728 0.66802812
vt 0.17429413 0.6828258
vt 0.15618056 0.72938156
vt 0.12608457 0.75491977
vt 0.018466851 0.61028385
vt 0.037833288 0.62663537
vt 0.056937043 0.57786465
vt 0.068129703 0.56813526
vt 0.10597137 0.577479
vt 0.15189856 0.5787555
vt 0.16122131 0.59706408
vt 0.20573798 0.6305058
vt 0.21980652 0.70716602
vt 0.17663538 0.717089
vt 0.10825792 0.75950176
vt 0.024198942 0.6025874
vt 0.0042646853 0.60958135
vt 0.028995374 0.59068704
vt 0.0684461 0.567967
vt 0.19997424 0.62042111
vt 0.21496503 0.65610695
vt 0.16858187 0.72995842
vt 0.15149988 0.77195334
vt 0.11632773 0.77201355
vt 0.014792672 0.59870917
vt 0.033591192 0.59888703
vt 0.014320815 0.59888136
vt 0.045139063 0.57916164
vt 0.026601627 0.59153384
vt 0.067691393 0.56829453
vt 0.073373675 0.56528425
vt 0.21958072 0.61449707
vt 0.22945535 0.63956749
vt 0.19126873 0.73334408
vt 0.16205353 0.74337524
vt 0.17827061 0.77566981
vt 0.13110875 0.78035808
vt 0.022238266 0.59642255
vt 0.039452981 0.61347693
vt 0.012535793 0.60028076
vt 0.055337466 0.57254606
vt 0.085569829 0.55920446
vt 0.21430601 0.60754621
vt 0.22245306 0.62821734
vt 0.24386775 0.66791523
vt 0.23259814 0.65406036
vt 0.17085874 0.73926246
vt 0.20377401 0.72887087
vt 0.16890204 0.74015236
vt 0.16148509 0.79040945
vt 0.14625597 0.78192019
vt 0.1211874 0.76205659
vt 0.003227887 0.60777771
vt 0.11111201 0.557899
vt 0.23522483 0.61253452
vt 0.2495181 0.68550265
vt 0.23013797 0.6257633
vt 0.24122521 0.63831633
vt 0.18163069 0.75417835
vt 0.21401165 0.74424267
vt 0.20091084 0.74062324
vt 0.18894008 0.79219246
vt 0.14780572 0.79629749
vt 0.086167768 0.55815744
vt 0.23754157 0.60424066
vt 0.2355586 0.62031704
vt 0.2526626 0.64888823
vt 0.27033147 0.66882914
vt 0.24432616 0.70758611
vt 0.23505773 0.63067836
vt 0.18617107 0.74739981
vt 0.23709251 0.72839904
vt 0.19437355 0.74712926
vt 0.17278428 0.80520678
vt 0.13216317 0.79665649
vt 0.12307001 0.7842499
vt 0.098892726 0.54917765
vt 0.084953189 0.55886006
vt 0.2433897 0.61342233
vt 0.26526687 0.70132005
vt 0.25495425 0.76341844
vt 0.1672419 0.80906171
vt 0.1839062 0.81539917
vt 0.14390431 0.81585044
vt 0.10454971 0.54131389
vt 0.2510359 0.60585725
vt 0.24044548 0.62416887
vt 0.26396951 0.63082004
vt 0.27807981 0.67906743
vt 0.26506612 0.72901869
vt 0.23783565 0.79569012
vt 0.16071245 0.82516009
vt 0.19601145 0.81189811
vt 0.11166204 0.53727865
vt 0.22151963 0.5837999
vt 0.24929747 0.62223864
vt 0.28664294 0.63781327
vt 0.29359314 0.65107483
vt 0.28941819 0.68878049
vt 0.28980026 0.73985678
vt 0.25431806 0.78782839
vt 0.21117218 0.75851721
vt 0.19744079 0.7928645
vt 0.15540035 0.83299881
vt 0.12189074 0.5346384
vt 0.2437457 0.5794571
vt 0.23013903 0.60665905
vt 0.28043267 0.58923739
vt 0.30527374 0.66715074
vt 0.29396629 0.71350706
vt 0.29798323 0.76409012
vt 0.27523908 0.79200661
vt 0.25114399 0.81705105
vt 0.20768753 0.77019954
vt 0.20582815 0.78739959
vt 0.11815128 0.53339994
vt 0.12359641 0.54655242
vt 0.23155263 0.55805683
vt 0.29560736 0.6115979
vt 0.31560677 0.69606411
vt 0.31072441 0.67636442
vt 0.31404445 0.73923969
vt 0.25740275 0.80758154
vt 0.24856812 0.82402498
vt 0.21162646 0.8192327
vt 0.12386871 0.53045559
vt 0.13765304 0.536493
vt 0.21807247 0.56278104
vt 0.25057214 0.56305969
vt 0.26393685 0.59036684
vt 0.29497764 0.5915274
vt 0.31589964 0.61089617
vt 0.28952333 0.79310542
vt 0.33088186 0.76488787
vt 0.26753628 0.8317498
vt 0.22084787 0.82268208
vt 0.13425344 0.52147788
vt 0.14144193 0.55016249
vt 0.24237971 0.55405807
vt 0.25458518 0.58528543
vt 0.32246959 0.64002085
vt 0.33707586 0.66123575
vt 0.32254165 0.716905
vt 0.30557498 0.78939986
vt 0.2679705 0.80322486
vt 0.31607056 0.77929562
vt 0.24939905 0.83558613
vt 0.13379592 0.52159381
vt 0.14847437 0.52025819
vt 0.22915167 0.53981292
vt 0.25480521 0.54313827
vt 0.33038217 0.62146991
vt 0.35975882 0.68244421
vt 0.33323315 0.72383773
vt 0.30170017 0.80320841
vt 0.28377417 0.81399506
vt 0.3395144 0.78608787
vt 0.25851074 0.8628521
vt 0.15675919 0.53535265
vt 0.13572121 0.52069986
vt 0.21255802 0.54122144
vt 0.24368683 0.52419007
vt 0.27973643 0.57821673
vt 0.3439545 0.63766468
vt 0.35997123 0.67094737
vt 0.3510915 0.6980896
vt 0.3416183 0.7218734
vt 0.29290086 0.80388331
vt 0.26635876 0.81516057
vt 0.33814508 0.74983102
vt 0.35507268 0.79186708
vt 0.27538866 0.85779989
vt 0.23427123 0.84489501
vt 0.14676856 0.5550046
vt 0.14382766 0.51770806
vt 0.21436511 0.53378201
vt 0.26356527 0.52853501
vt 0.28230256 0.53635705
vt 0.27604505 0.58601475
vt 0.36251843 0.64051211
vt 0.29949042 0.81224579
vt 0.27551177 0.82467353
vt 0.36330539 0.75729686
vt 0.33591077 0.80464756
vt 0.28313723 0.87163264
vt 0.23478711 0.86599374
vt 0.19379744 0.52865696
vt 0.22497766 0.52829015
vt 0.29570785 0.57336986
vt 0.37208748 0.66594636
vt 0.35373309 0.71313334
vt 0.35764414 0.74571061
vt 0.28747609 0.82294804
vt 0.34393722 0.80922127
vt 0.37223607 0.77110952
vt 0.29351938 0.86756027
vt 0.28741419 0.88804406
vt 0.22626038 0.85965705
vt 0.27354816 0.89528817
vt 0.19846745 0.54444659
vt 0.21305977 0.51789236
vt 0.23402508 0.53190607
vt 0.28305504 0.52964365
vt 0.2901181 0.58278984
vt 0.31280792 0.56220007
vt 0.36713183 0.63257623
vt 0.37320778 0.67277443
vt 0.35106611 0.73457456
vt 0.27442738 0.83654624
vt 0.30004558 0.82100016
vt 0.35364327 0.81450075
vt 0.37527886 0.79195476
vt 0.28546542 0.88170791
vt 0.20598295 0.8633455
vt 0.24828652 0.88534343
vt 0.18192352 0.53944433
vt 0.2974793 0.53767657
vt 0.38679343 0.66218054
vt 0.38188747 0.67039484
vt 0.35924113 0.68126231
vt 0.3657769 0.72658932
vt 0.286167 0.83983028
vt 0.34605941 0.81907332
vt 0.38736936 0.78361011
vt 0.37031111 0.81293684
vt 0.29405549 0.88333702
vt 0.28691411 0.90283012
vt 0.20915334 0.88870478
vt 0.25954744 0.903018
vt 0.23393069 0.89263618
vt 0.18405102 0.52501673
vt 0.30915889 0.53106409
vt 0.32312405 0.54993546
vt 0.39809462 0.6193924
vt 0.37473133 0.68856895
vt 0.3696537 0.71382916
vt 0.36215183 0.74118352
vt 0.340051 0.8157658
vt 0.38688272 0.76969463
vt 0.38440585 0.80282354
vt 0.35489172 0.81300652
vt 0.30465329 0.87893069
vt 0.30744469 0.89653599
vt 0.18961039 0.88186663
vt 0.16841224 0.5331133
vt 0.31993619 0.57391191
vt 0.37905535 0.61446166
vt 0.40263695 0.65017533
vt 0.38121188 0.68533599
vt 0.36015376 0.69057059
vt 0.35408056 0.70007503
vt 0.37280357 0.73081279
vt 0.39226881 0.80884016
vt 0.35371795 0.82358193
vt 0.30218568 0.85668498
vt 0.29968312 0.89172876
vt 0.29748574 0.92091882
vt 0.20401636 0.9028753
vt 0.34375143 0.53159946
vt 0.35382593 0.57181764
vt 0.3534191 0.61442709
vt 0.41536716 0.64216983
vt 0.39446744 0.68073487
vt 0.39333415 0.70230573
vt 0.3705903 0.70323026
vt 0.38330629 0.71779537
vt 0.37671936 0.74896878
vt 0.39995673 0.82595408
vt 0.36361149 0.83107609
vt 0.32440916 0.87497795
vt 0.30550143 0.90850216
vt 0.34095034 0.55247867
vt 0.34361321 0.59826696
vt 0.37298253 0.60220993
vt 0.43819582 0.61860734
vt 0.39428586 0.69283915
vt 0.38963336 0.66850817
vt 0.39163604 0.73326373
vt 0.37847036 0.83538419
vt 0.41352233 0.8209914
vt 0.34189072 0.83471513
vt 0.32002166 0.85863972
vt 0.32368502 0.91533262
vt 0.30740932 0.91772807
vt 0.3500652 0.54334974
vt 0.34878013 0.55455399
vt 0.33167681 0.58883345
vt 0.40702206 0.60072839
vt 0.41954055 0.65430331
vt 0.39971659 0.68147612
vt 0.40046775 0.66833019
vt 0.40362155 0.69163847
vt 0.39844054 0.74258852
vt 0.4010556 0.85011512
vt 0.41708732 0.83762652
vt 0.35994309 0.84836549
vt 0.32392532 0.89647168
vt 0.31610921 0.84435046
vt 0.3036468 0.93382293
vt 0.35863349 0.54580504
vt 0.37321913 0.58527458
vt 0.32082057 0.58426416
vt 0.34198415 0.61579931
vt 0.41892084 0.58437175
vt 0.43629277 0.65614849
vt 0.39001322 0.72636378
vt 0.39801416 0.73281729
vt 0.3882181 0.75111765
vt 0.37347052 0.84996939
vt 0.34011757 0.851385
vt 0.33451313 0.82167178
vt 0.33793351 0.88273895
vt 0.29800901 0.84410954
vt 0.32129323 0.92062306
vt 0.28664863 0.93645889
vt 0.37194961 0.53975773
vt 0.36519173 0.55381769
vt 0.36512372 0.5719654
vt 0.45228523 0.58151448
vt 0.46277121 0.65344238
vt 0.43012261 0.65820754
vt 0.39797208 0.71395373
vt 0.37875149 0.86312717
vt 0.37802616 0.82673585
vt 0.34486607 0.85806972
vt 0.31959459 0.82754523
vt 0.33411393 0.82299674
vt 0.2954804 0.83492965
vt 0.33232737 0.86753953
vt 0.30668786 0.94669205
vt 0.37347552 0.54619598
vt 0.37218389 0.52358043
vt 0.41146895 0.56592667
vt 0.4799791 0.62368929
vt 0.49490982 0.651048
vt 0.44243053 0.66090727
vt 0.35963395 0.85951632
vt 0.39522928 0.87152129
vt 0.33505973 0.82300401
vt 0.31430286 0.94618142
vt 0.28384551 0.95815426
vt 0.38755709 0.53873014
vt 0.37808397 0.53042531
vt 0.41300425 0.55309331
vt 0.46975899 0.59889615
vt 0.47682539 0.65795904
vt 0.41115308 0.87230688
vt 0.38689974 0.8778584
vt 0.35883659 0.86889255
vt 0.34467137 0.87237716
vt 0.3350884 0.82132959
vt 0.33356002 0.8199743
vt 0.30833039 0.81783396
vt 0.3237966 0.93650025
vt 0.30080682 0.96202797
vt 0.27939782 0.94184959
vt 0.42611581 0.55172122
vt 0.53785425 0.64379454
vt 0.47672188 0.57091725
vt 0.48798105 0.59294581
vt 0.52620441 0.65101194
vt 0.45155129 0.67537677
vt 0.3536458 0.8688556
vt 0.32066172 0.81646156
vt 0.32038349 0.95508498
vt 0.27309665 0.94863415
vt 0.27256083 0.9287734
vt 0.44509715 0.55857801
vt 0.57072598 0.6192168
vt 0.4691157 0.55882198
vt 0.50898612 0.58058572
vt 0.52235609 0.66123259
vt 0.46746576 0.67286098
vt 0.33101377 0.95691663
vt 0.31265667 0.9595359
vt 0.26723146 0.95400912
vt 0.26382872 0.9388541
vt 0.45661148 0.54995155
vt 0.56843209 0.65166569
vt 0.48704439 0.66827554
vt 0.47678661 0.6792742
vt 0.46227524 0.68119007
vt 0.33426625 0.9419992
vt 0.32331365 0.96986181
vt 0.30351722 0.9563002
vt 0.27592143 0.96444732
vt 0.59535795 0.62155282
vt 0.56741297 0.60250461
vt 0.44852051 0.68688273
vt 0.33914649 0.95478076
vt 0.3359012 0.96879768
vt 0.30602714 0.96625286
vt 0.31904843 0.97344357
vt 0.5856052 0.64547813
vt 0.55449319 0.55259156
vt 0.47948065 0.68873662
vt 0.4568654 0.69928157
vt 0.3517116 0.93524158
vt 0.32805181 0.97681504
vt 0.30952206 0.97691453
vt 0.58311355 0.59443438
vt 0.59542447 0.63705826
vt 0.55746335 0.55691159
vt 0.55321908 0.55073357
vt 0.47108319 0.69802833
vt 0.45011345 0.70446396
vt 0.3426868 0.96745688
vt 0.3562099 0.94680488
vt 0.34649229 0.98065865
vt 0.29857102 0.96955568
vt 0.31616387 0.98301601
vt 0.59222406 0.60700017
vt 0.60339934 0.62249845
vt 0.5705688 0.57604468
vt 0.51939064 0.54235357
vt 0.46041584 0.70707822
vt 0.43753529 0.69259465
vt 0.34971163 0.95678568
vt 0.33627334 0.99579275
vt 0.31072879 0.98821735
vt 0.59677029 0.61377501
vt 0.60966063 0.63125777
vt 0.60055745 0.618554
vt 0.57362717 0.58092237
vt 0.54453826 0.53876537
vt 0.43788525 0.71021593
vt 0.45001471 0.72262645
vt 0.353149 0.96966887
vt 0.3490729 0.97161365
vt 0.36329898 0.95758516
vt 0.35575137 0.98360372
vt 0.32731235 0.98705864
vt 0.57488108 0.59544498
vt 0.54419756 0.53772819
vt 0.44625789 0.71047479
vt 0.42951694 0.68996525
vt 0.46509656 0.72179222
vt 0.36755332 0.94689071
vt 0.36010513 0.97367197
vt 0.57987952 0.59065914
vt 0.42494154 0.70237303
vt 0.44274178 0.73896933
vt 0.37425733 0.95476276
vt 0.36811441 0.98769128
vt 0.58215845 0.59337878
vt 0.43406782 0.72047412
vt 0.42980754 0.71323436
vt 0.43384501 0.73772234
vt 0.45474833 0.74282801
vt 0.37392312 0.97700661
vt 0.3711057 0.9645586
vt 0.36948177 0.98760003
vt 0.44607463 0.75209057
vt 0.46725795 0.7393353
vt 0.45506766 0.75371027
vt 0.38017657 0.95876515
vt 0.42739472 0.7321105
vt 0.43188134 0.74907482
vt 0.4677949 0.74993253
vt 0.47283205 0.732373
vt 0.38789803 0.96788812
vt 0.37041947 0.98697048
vt 0.421038 0.73972827
vt 0.41107529 0.73483992
vt 0.44030312 0.7619366
vt 0.42898804 0.75901622
vt 0.48075652 0.74402475
vt 0.48129287 0.72432816
vt 0.46385297 0.76409131
vt 0.38769588 0.96858984
vt 0.37867638 0.978899
vt 0.424696 0.75751591
vt 0.45182824 0.76618892
vt 0.47513601 0.76091045
vt 0.38767949 0.96847832
vt 0.40843448 0.75925016
vt 0.40947849 0.74193823
vt 0.49326846 0.75991225
vt 0.49752656 0.7435236
vt 0.38808224 0.96806324
vt 0.49959832 0.75657868
vt 0.53118056 0.72938156
vt 0.55663067 0.75417835
vt 0.55327058 0.77566981
vt 0.60371792 0.82358193
vt 0.590051 0.8157658
vt 0.60489172 0.81300652
vt 0.62031108 0.81293684
vt 0.63065565 0.82104778
vt 0.61361146 0.83107609
vt 0.62802613 0.82673585
vt 0.68094593 0.81462461
vt 0.63162881 0.77256924
vt 0.63248956 0.77056843
vt 0.66422015 0.77055824
vt 0.63952672 0.78738093
vt 0.62943333 0.77056944
vt 0.77194536 0.81822473
vt 0.70463854 0.77054483
vt 0.72945565 0.84382457
vt 0.71448195 0.77054167
vt 0.74690413 0.85994589
vt 0.70292121 0.83120883
vt 0.76522315 0.77052414
vt 0.80464125 0.89595759
vt 0.801485 0.77051175
vt 0.77327746 0.88280982
vt 0.83071244 0.91220462
vt 0.81888372 0.7869308
vt 0.86681938 0.89422208
vt 0.8297298 0.77050233
vt 0.88846892 0.84253973
vt 0.87736917 0.94939226
vt 0.92124552 0.79453546
vt 0.93768477 0.90071011
vt 0.93769968 0.94765246
vt 0.89797395 0.7704795
vt 0.93766254 0.82855695
vt 0.93767697 0.87592506
vt 0.93770355 0.96150863
vt 0.9142012 0.77047366
vt 0.9376632 0.83098519
vt 0.93765712 0.80712664
vt 0.93767595 0.87249261
vt 0.90190238 0.96931028
vt 0.93765175 0.79038858
vt 0.93770534 0.96768004
vt 0.92730135 0.77046907
vt 0.93771172 0.9906466
vt 0.93764526 0.77046549
vt 0.93477535 0.99347317
vt 0.93771285 0.99494427
vt 0.93771309 0.99559307
vt 0.083245315 0.88126647
vt 0.056122042 0.86242658
vt 0.085406683 0.8621887
vt 0.098960467 0.85327691
vt 0.053340185 0.86985385
vt 0.018878935 0.85029936
vt 0.067952618 0.83421117
vt 0.13029015 0.8780973
vt 0.065291338 0.89037704
vt 0.023470914 0.87163723
vt 0.053662531 0.83970028
vt 0.10414411 0.84783828
vt 0.11982107 0.85042936
vt 0.10323317 0.88221002
vt 0.07553079 0.89731115
vt 0.037149139 0.89080733
vt 0.038383957 0.82787067
vt 0.017199725 0.86619121
vt 0.07787323 0.83015674
vt 0.13623437 0.86639249
vt 0.12820788 0.89472282
vt 0.062130492 0.90737534
vt 0.05181022 0.9271009
vt 0.014379014 0.83589679
vt 0.004915629 0.87891191
vt 0.00710889 0.85069942
vt 0.044431776 0.81651586
vt 0.11557975 0.84091163
vt 0.087102436 0.82345933
vt 0.13861254 0.85335881
vt 0.15170182 0.88654095
vt 0.11308394 0.89263248
vt 0.016896738 0.89345479
vt 0.029432755 0.82029742
vt 0.011605819 0.88777566
vt 0.0084171947 0.86274087
vt 0.15924953 0.90673673
vt 0.11469363 0.9082458
vt 0.097902209 0.88551772
vt 0.014332052 0.92112935
vt 0.1418971 0.92246664
vt 0.13087036 0.90859997
vt 0.10564464 0.91344631
vt 0.033988945 0.94099861
vt 0.0029612947 0.90026593
vt 0.15925623 0.93743956
vt 0.11847287 0.92798102
vt 0.092568532 0.90117979
vt 0.073775224 0.94802302
vt 0.012049083 0.93047649
vt 0.16625322 0.92169863
vt 0.12557338 0.94791728
vt 0.1134918 0.94883662
vt 0.076372989 0.92336398
vt 0.084839769 0.88851362
vt 0.052112252 0.95776367
vt 0.16625538 0.93041694
vt 0.14304923 0.95550978
vt 0.088515528 0.9431864
vt 0.07816276 0.90471357
vt 0.074521698 0.96428496
vt 0.036793292 0.95455211
vt 0.12968865 0.96008426
vt 0.058703508 0.92784309
vt 0.067048587 0.90459925
vt 0.10682812 0.95564622
vt 0.028808968 0.96908832
vt 0.11761601 0.97067052
vt 0.087877415 0.97698838
vt 0.043937571 0.97338063
vt 0.10630085 0.97622466
vt 0.037681483 0.99704498
vt 0.042973533 0.99704361
vt 0.025679888 0.99704784
vt 0.015473041 0.98801309
vt 0.016935317 0.99705034
vt 0.0093136197 0.99705279
vt 0.0046660928 0.98870826
vt 0.0048546144 0.99705344
vt 0.44403714 0.92996478
vt 0.43322238 0.93347669
vt 0.42939892 0.91686684
vt 0.41482866 0.92715371
vt 0.41796908 0.90772367
vt 0.39538771 0.91837645
vt 0.44132435 0.90381175
vt 0.41734478 0.89983046
vt 0.40421474 0.92986518
vt 0.43515953 0.89251071
vt 0.43605164 0.91867179
vt 0.39522246 0.9058485
vt 0.3910026 0.9301551
vt 0.46003717 0.88054621
vt 0.45778054 0.90860164
vt 0.3844375 0.92103541
vt 0.40545723 0.88999194
vt 0.45865363 0.93371606
vt 0.37897509 0.89611518
vt 0.47035491 0.90661156
vt 0.46964633 0.92338991
vt 0.4762989 0.89541781
vt 0.489059 0.87560833
vt 0.47528097 0.90775412
vt 0.49404019 0.88604498
vt 0.48243526 0.90780389
vt 0.52570832 0.86856109
vt 0.49955398 0.90134305
vt 0.52291101 0.88352591
vt 0.5066734 0.90736002
vt 0.53153521 0.86922097
vt 0.49093458 0.91210413
vt 0.53680533 0.87745941
vt 0.52988428 0.86839646
vt 0.51968884 0.89569438
vt 0.50966787 0.92339224
vt 0.53756672 0.88609666
vt 0.52894855 0.8679077
vt 0.54047304 0.88915461
vt 0.52127266 0.90483588
vt 0.52510798 0.92378646
vt 0.49931532 0.92384022
vt 0.54080433 0.89686126
vt 0.48955771 0.92325956
vt 0.17939894 0.97936684
vt 0.18605164 0.98117179
vt 0.18333332 0.99234384
vt 0.20865363 0.99621606
vt 0.62914813 0.90650237
vt 0.67196906 0.92610723
vt 0.64666474 0.92176563
vt 0.65371126 0.89756817
vt 0.65995508 0.93541777
vt 0.67956007 0.90034419
vt 0.67566776 0.93933356
vt 0.70468837 0.91773921
vt 0.68184984 0.94617516
vt 0.71355736 0.92591912
vt 0.70507026 0.9058919
vt 0.68878752 0.94330651
vt 0.68103522 0.95635223
vt 0.69963795 0.93824232
vt 0.69683355 0.9556855
vt 0.72970247 0.94648069
vt 0.7007454 0.94953018
vt 0.70288146 0.95350534
vt 0.69431019 0.97122568
vt 0.70834023 0.95307618
vt 0.71064365 0.96444619
vt 0.68008906 0.96790916
vt 0.72146893 0.96147633
vt 0.69064856 0.97618246
vt 0.6764884 0.96395701
vt 0.74219227 0.95213711
vt 0.67754883 0.97602016
vt 0.73500192 0.96382821
vt 0.68376535 0.98082078
vt 0.75903416 0.96232247
vt 0.72590721 0.96723008
vt 0.7578668 0.96595627
vt 0.73368788 0.98060268
vt 0.75293183 0.97059965
vt 0.71591383 0.97372502
vt 0.75664872 0.96953189
vt 0.74574083 0.98573142
vt 0.71668947 0.98405713
vt 0.75490946 0.97719908
vt 0.74218202 0.993433
vt 0.72720343 0.99138063
vt 0.75297964 0.98808092
vt 0.7511794 0.99153769
vt 0.74879998 0.99572909
vt 0.59660929 0.96319437
vt 0.58784533 0.94128013
vt 0.60338122 0.94536382
vt 0.62826729 0.9639346
vt 0.57171297 0.95525616
vt 0.59342235 0.9239493
vt 0.62478703 0.95488471
vt 0.57042706 0.94126254
vt 0.62496775 0.93440926
vt 0.64072651 0.95592463
vt 0.557643 0.94516242
vt 0.57228494 0.91805929
vt 0.63961893 0.94831294
vt 0.65745986 0.96161103
vt 0.55074447 0.93520516
vt 0.55375409 0.95240772
vt 0.54333699 0.91630757
vt 0.64631391 0.93849427
vt 0.6511876 0.95190907
vt 0.65871048 0.93564564
vt 0.54334563 0.93043327
vt 0.53522098 0.94119239
vt 0.46110913 0.8072964
vt 0.45915449 0.82350326
vt 0.44516191 0.81167585
vt 0.45595986 0.79399621
vt 0.44729707 0.82680506
vt 0.45213768 0.79712087
vt 0.47145984 0.79793125
vt 0.45661432 0.84005916
vt 0.44236144 0.82735485
vt 0.44337121 0.81185174
vt 0.45299411 0.79379231
vt 0.48325762 0.80695403
vt 0.46818161 0.83522987
vt 0.44293317 0.8203072
vt 0.50015461 0.80220211
vt 0.46172121 0.81560844
vt 0.48414814 0.82526422
vt 0.50027794 0.81079793
vt 0.52076185 0.79656756
vt 0.47497153 0.81836754
vt 0.4827531 0.83676893
vt 0.52602285 0.81212515
vt 0.51109672 0.83061934
vt 0.55071765 0.81326157
vt 0.49293143 0.83522588
vt 0.52412271 0.8306433
vt 0.53187662 0.82786435
vt 0.54827017 0.7993769
vt 0.54248285 0.82616466
vt 0.53307045 0.8403874
vt 0.021090386 0.78602242
vt 0.023029 0.77598369
vt 0.02975061 0.78725731
vt 0.024945775 0.80394918
vt 0.014767915 0.7801795
vt 0.027905377 0.76714218
vt 0.031765528 0.80486864
vt 0.012925304 0.78966779
vt 0.0090243686 0.77207839
vt 0.044145331 0.79034305
vt 0.010092061 0.80061722
vt 0.044687409 0.77585322
vt 0.052277096 0.79057264
vt 0.0046489052 0.78517979
vt 0.037122902 0.76400095
vt 0.05066349 0.80140215
vt 0.054268111 0.76420069
vt 0.064170115 0.78309661
vt 0.060704935 0.75786906
vt 0.052032378 0.74788672
vt 0.075390406 0.76644433
vt 0.076611072 0.74943984
vt 0.04784181 0.75019276
vt 0.061872143 0.73981345
vt 0.092633717 0.76005435
vt 0.058289398 0.73164868
vt 0.07201492 0.73511028
vt 0.091348596 0.77148664
vt 0.041172631 0.74390703
vt 0.078847997 0.77345616
vt 0.071962722 0.78532624
vt 0.06920293 0.77673137
vt 0.09856838 0.77704465
vt 0.10219398 0.78281921
vt 0.10133806 0.78540158
vt 0.096875325 0.79993755
vt 0.086785361 0.80510873
vt 0.095753223 0.80273974
vt 0.073800541 0.80570477
vt 0.093629673 0.80933958
vt 0.58146656 0.74936736
vt 0.57836199 0.7334497
vt 0.59927487 0.73763752
vt 0.59822315 0.74885941
vt 0.60638618 0.7263509
vt 0.58725566 0.75642949
vt 0.60676515 0.75201356
vt 0.58963448 0.72064656
vt 0.62392825 0.73577988
vt 0.57914329 0.76119852
vt 0.61743861 0.7439096
vt 0.57560349 0.71804237
vt 0.62022173 0.72248209
vt 0.57190537 0.75949812
vt 0.58518082 0.76823747
vt 0.61807632 0.76706016
vt 0.62030667 0.74985844
vt 0.56914449 0.7700454
vt 0.60959601 0.77249956
vt 0.59576285 0.7758044
vt 0.58208871 0.78344715
vt 0.62182277 0.77279484
vt 0.60182106 0.78857863
vt 0.56820953 0.77759826
vt 0.62343192 0.79085797
vt 0.61302578 0.78727758
vt 0.56683743 0.78800106
vt 0.63120252 0.78843075
vt 0.5952847 0.79936361
vt 0.61012393 0.79639548
vt 0.57521039 0.79668045
vt 0.6254133 0.80481118
vt 0.6126098 0.80699384
vt 0.6101563 0.80769181
vt 0.68172175 0.6687479
vt 0.67757696 0.68554795
vt 0.67026079 0.67955506
vt 0.69744664 0.6906262
vt 0.65482813 0.69528735
vt 0.69553554 0.66975439
vt 0.69025052 0.70441979
vt 0.65590101 0.68412471
vt 0.66496265 0.74418205
vt 0.67875749 0.71286052
vt 0.71796197 0.70308971
vt 0.62899864 0.6922121
vt 0.63437241 0.7228235
vt 0.68923283 0.71676064
vt 0.7048471 0.71409142
vt 0.71411341 0.68230242
vt 0.63782191 0.73819989
vt 0.70805407 0.7189467
vt 0.64967757 0.74633497
vt 0.84215111 0.70028025
vt 0.83813459 0.70822346
vt 0.8269664 0.70356214
vt 0.81367028 0.6886065
vt 0.81956971 0.72248346
vt 0.80942428 0.7123661
vt 0.78346211 0.6876958
vt 0.79629421 0.72769284
vt 0.77527058 0.6987133
vt 0.78972244 0.67922437
vt 0.80351686 0.73580962
vt 0.78914076 0.72069901
vt 0.81678414 0.73266995
vt 0.77797872 0.73117566
vt 0.76977843 0.70578074
vt 0.8212921 0.74057591
vt 0.76461011 0.72539848
vt 0.76085216 0.71802771
vt 0.80455458 0.74515176
vt 0.7535935 0.7274214
vt 0.93259114 0.6769563
vt 0.92969084 0.68660772
vt 0.9130348 0.68903321
vt 0.90419692 0.67026889
vt 0.94079912 0.68834668
vt 0.93553215 0.70029426
vt 0.89767849 0.69620335
vt 0.92579508 0.65893495
vt 0.92532462 0.70605588
vt 0.87902194 0.67445564
vt 0.93582642 0.7119956
vt 0.91683531 0.71429455
vt 0.87896913 0.6977663
vt 0.92688459 0.72807038
vt 0.90623933 0.73004711
vt 0.8876577 0.71350509
vt 0.91221923 0.7460025
vt 0.89853865 0.72127438
vt 0.92521596 0.74440277
vt 0.20762263 0.96380216
vt 0.20173004 0.95039427
vt 0.21053737 0.94170249
vt 0.22619174 0.95674264
vt 0.19226722 0.94028997
vt 0.23270884 0.94580805
vt 0.20311989 0.93356431
vt 0.19302462 0.95946574
vt 0.22119959 0.93756717
vt 0.18658558 0.92945457
vt 0.17771295 0.94835192
vt 0.24164194 0.94045973
vt 0.17337979 0.92755413
vt 0.18170145 0.96198487
vt 0.1657346 0.94317389
vt 0.17301448 0.95854145
vt 0.16846746 0.96543747
vt 0.15990083 0.96335834
vt 0.98803151 0.97036278
vt 0.9873541 0.96053278
vt 0.9981842 0.96618587
vt 0.99575913 0.97776687
vt 0.99750847 0.9522388
vt 0.97723687 0.9729349
vt 0.98131675 0.98782849
vt 0.96881586 0.9632287
vt 0.99038386 0.99571437
vt 0.98464251 0.94175893
vt 0.96671259 0.97393215
vt 0.97224331 0.93846637
vt 0.95927966 0.96794045
vt 0.96269089 0.94571418
vt 0.97540545 0.92999792
vt 0.96271431 0.95493138
vt 0.95227921 0.9363066
vt 0.98718303 0.93098998
vt 0.96337438 0.9174183
vt 0.9500851 0.95975643
vt 0.94665474 0.95522684
vt 0.94239461 0.95035982
vt 0.9490636 0.92658955
vt 0.94145507 0.93235332
vt 0.4768796 0.96727747
vt 0.48934481 0.96902156
vt 0.48137847 0.9759323
vt 0.46663859 0.97082704
vt 0.50108767 0.9722082
vt 0.47442231 0.98710835
vt 0.46068779 0.95887381
vt 0.49599642 0.97625411
vt 0.49968153 0.95822698
vt 0.46039626 0.98420721
vt 0.45345184 0.97978258
vt 0.50402093 0.94572473
vt 0.46657559 0.99563801
vt 0.48996267 0.98765993
vt 0.45061576 0.95410395
vt 0.50876236 0.96429294
vt 0.4484584 0.99578232
vt 0.45097136 0.98863983
vt 0.44175157 0.96058291
vt 0.51740211 0.94617319
vt 0.44142252 0.9787842
vt 0.79978621 0.95245087
vt 0.803985 0.93079519
vt 0.80718529 0.94512713
vt 0.78565294 0.94462168
vt 0.81917673 0.94050336
vt 0.79528803 0.96435422
vt 0.78366834 0.93322903
vt 0.82173049 0.91818255
vt 0.78059816 0.95852453
vt 0.76844883 0.94618589
vt 0.79302788 0.91702491
vt 0.81406718 0.91286677
vt 0.82871705 0.93876588
vt 0.76770324 0.92499733
vt 0.77064914 0.95845962
vt 0.75363064 0.93693572
vt 0.75258768 0.92494041
vt 0.75766319 0.9065873
vt 0.76645249 0.91762137
vt 0.73661649 0.9218502
vt 0.72875535 0.93301392
vt 0.73386675 0.90613544
vt 0.74731058 0.93247861
vt 0.73750979 0.89837319
vt 0.72095674 0.89448428
vt 0.74946845 0.89059746
vt 0.71859056 0.88808531
vt 0.72097772 0.90319014
vt 0.73234701 0.88029242
vt 0.7097578 0.88775569
vt 0.70539594 0.89607263
vt 0.74631685 0.87276286
vt 0.70818788 0.87492943
vt 0.72005045 0.86336714
vt 0.75299466 0.87723535
vt 0.69253248 0.89307791
vt 0.70638722 0.86568546
vt 0.69986582 0.87993252
vt 0.69063985 0.87804705
vt 0.56603181 0.87064654
vt 0.57863474 0.87042922
vt 0.56751186 0.88178903
vt 0.5852111 0.87908053
vt 0.59406143 0.87065184
vt 0.57337427 0.88848931
vt 0.60522366 0.88042581
vt 0.58487248 0.88655299
vt 0.59130085 0.89382911
vt 0.61560941 0.87370616
vt 0.57872224 0.90180147
vt 0.6080997 0.86718798
vt 0.62190819 0.87691337
vt 0.63044894 0.86142898
vt 0.63963246 0.87240636
vt 0.63986588 0.87172574
vt 0.63976872 0.86859173
vt 0.95638865 0.8559525
vt 0.95303708 0.86158031
vt 0.94484288 0.84703225
vt 0.95873851 0.84390116
vt 0.96662837 0.86071944
vt 0.94191027 0.86413813
vt 0.94787121 0.82954007
vt 0.95990109 0.87199104
vt 0.95229906 0.87077302
vt 0.97795784 0.83821237
vt 0.96048945 0.8296575
vt 0.9676882 0.87408984
vt 0.94112867 0.88227433
vt 0.98257869 0.86716062
vt 0.95585901 0.88345611
vt 0.94945776 0.88035524
vt 0.98994297 0.88100463
vt 0.96526706 0.89235711
vt 0.98691159 0.89486849
vt 0.95255572 0.89252198
vt 0.97383118 0.89492959
vt 0.95929635 0.89784122
vt 0.94701821 0.89275861
vt 0.98027283 0.90220547
vt 0.9712922 0.75489402
vt 0.9583987 0.75668591
vt 0.95961213 0.73917782
vt 0.96975195 0.74283004
vt 0.96103054 0.77403224
vt 0.94195902 0.74572647
vt 0.97853476 0.75797683
vt 0.94135183 0.7666955
vt 0.94323015 0.75747192
vt 0.94517875 0.78857946
vt 0.9731105 0.77879572
vt 0.96026534 0.79425174
vt 0.94804001 0.80859858
vt 0.96145618 0.807064
vt 0.16647267 0.85277969
vt 0.18804811 0.85374892
vt 0.18957071 0.86494589
vt 0.16374843 0.86707926
vt 0.17812143 0.84731489
vt 0.16108327 0.85995102
vt 0.19102949 0.83873498
vt 0.16296969 0.83425617
vt 0.15427718 0.87159169
vt 0.1509517 0.84724653
vt 0.17605269 0.83601946
vt 0.19653942 0.84930068
vt 0.17448397 0.83767968
vt 0.14190805 0.86117417
vt 0.19832635 0.83971483
vt 0.14698757 0.83192426
vt 0.14042959 0.85000396
vt 0.13572957 0.84426177
vt 0.12862365 0.83576989
vt 0.5921281 0.8392694
vt 0.60427487 0.84317958
vt 0.60084462 0.85954887
vt 0.58443493 0.86543059
vt 0.57652807 0.83853334
vt 0.57615978 0.86611855
vt 0.5667184 0.8604781
vt 0.56125057 0.87012947
vt 0.55624002 0.85229564
vt 0.55109423 0.86906707
vt 0.56651878 0.83167028
vt 0.54488403 0.85461146
vt 0.5823403 0.82684278
vt 0.53426522 0.85455966
vt 0.58824581 0.83355743
vt 0.5388639 0.86779851
vt 0.58962822 0.83020622
vt 0.52168095 0.69195485
vt 0.51821047 0.6845541
vt 0.53138286 0.671417
vt 0.53856975 0.68589354
vt 0.50420249 0.66993886
vt 0.5402844 0.66280556
vt 0.53068042 0.70150125
vt 0.50915045 0.68909717
vt 0.55461043 0.66776991
vt 0.54838473 0.70649087
vt 0.52216232 0.69011712
vt 0.55202204 0.68057936
vt 0.55815303 0.69504964
vt 0.51472503 0.70127177
vt 0.57143134 0.67986184
vt 0.56592262 0.7029109
vt 0.52926159 0.70266545
vt 0.52148014 0.71529341
vt 0.53689128 0.70555842
vt 0.72322673 0.68285459
vt 0.70977396 0.66940045
vt 0.72745705 0.66071689
vt 0.7386089 0.65520561
vt 0.70507324 0.64905852
vt 0.75126606 0.64247864
vt 0.74042732 0.67427659
vt 0.73014599 0.63144028
vt 0.71730894 0.62496305
vt 0.73032808 0.62605679
vt 0.69055194 0.63542473
vt 0.73887199 0.62379593
vt 0.76009458 0.63446724
vt 0.63955641 0.66916716
vt 0.6557368 0.67400885
vt 0.64272785 0.68142474
vt 0.63639718 0.67562175
vt 0.64429402 0.65870285
vt 0.6326949 0.67200899
vt 0.66428286 0.66873902
vt 0.62514836 0.65332663
vt 0.65678829 0.65569627
vt 0.61609906 0.66640401
vt 0.63285416 0.64531565
vt 0.65241325 0.64594817
vt 0.61776513 0.68002683
vt 0.59835571 0.66308755
vt 0.64588702 0.64144969
vt 0.62159383 0.64599276
vt 0.60735393 0.68278158
vt 0.62284195 0.68311298
vt 0.60483837 0.64823562
vt 0.59962016 0.67219877
vt 0.65916997 0.63946319
vt 0.68128526 0.82479471
vt 0.67217427 0.83650339
vt 0.66939205 0.82171786
vt 0.66478044 0.81000358
vt 0.65537715 0.83987349
vt 0.64883864 0.82814217
vt 0.66626978 0.85168904
vt 0.65458745 0.81132054
vt 0.64323068 0.8346895
vt 0.65255362 0.84744316
vt 0.64549124 0.80407983
vt 0.63984066 0.81204194
vt 0.65426773 0.85672832
vt 0.64372832 0.85016382
vt 0.63484681 0.82701427
vt 0.66479719 0.87113082
vt 0.62992924 0.83504087
vt 0.62939954 0.82041514
vt 0.65676087 0.86846626
vt 0.64169151 0.8552829
vt 0.6330784 0.85209763
vt 0.65057528 0.86894977
vt 0.040999122 0.71286339
vt 0.028674532 0.71608543
vt 0.037710343 0.7085309
vt 0.041438095 0.73018891
vt 0.030894589 0.70407403
vt 0.044506747 0.71942228
vt 0.022048285 0.73084843
vt 0.03624174 0.70507252
vt 0.014751454 0.6982758
vt 0.046662517 0.73784101
vt 0.029535692 0.74570572
vt 0.0046039596 0.71230811
vt 0.029676873 0.69463277
vt 0.049872614 0.73576969
vt 0.041470807 0.73933256
vt 0.018187514 0.7422744
vt 0.01036121 0.73383516
vt 0.027851414 0.69220591
vt 0.052931242 0.73379612
vt 0.038030472 0.74236143
vt 0.024845455 0.68963909
vt 0.05262528 0.73003912
vt 0.035423398 0.74644911
vt 0.017282978 0.67989361
vt 0.054649711 0.73285842
vt 0.78064257 0.64537627
vt 0.77948397 0.64039075
vt 0.79122639 0.63657212
vt 0.79304242 0.64393651
vt 0.79210836 0.66253924
vt 0.80366898 0.66535223
vt 0.77517718 0.6591022
vt 0.79670584 0.63710952
vt 0.77071905 0.64012897
vt 0.78227633 0.66664052
vt 0.81294507 0.65676868
vt 0.75335377 0.65593082
vt 0.76872385 0.66928178
vt 0.81509447 0.65245473
vt 0.81879056 0.6324873
vt 0.75824958 0.66215378
vt 0.77317125 0.6838659
vt 0.76293105 0.68382502
vt 0.77743542 0.67740178
vt 0.41111434 0.80065393
vt 0.42763159 0.79612672
vt 0.41842273 0.80997139
vt 0.43425566 0.80326021
vt 0.44073457 0.81483358
vt 0.44655368 0.79840553
vt 0.43744004 0.82323754
vt 0.43775982 0.7880249
vt 0.42847428 0.82468712
vt 0.45553818 0.7919904
vt 0.41900834 0.83261025
vt 0.43470991 0.83307993
vt 0.46371686 0.77563757
vt 0.42449924 0.83383024
vt 0.41736624 0.83907974
vt 0.34737 0.92892593
vt 0.35202822 0.91272861
vt 0.36002928 0.91069746
vt 0.36620507 0.9280805
vt 0.35614398 0.89460021
vt 0.37031469 0.91758019
vt 0.35383588 0.93272436
vt 0.36943352 0.89185876
vt 0.34842795 0.90207458
vt 0.35484067 0.87861544
vt 0.38136104 0.88826525
vt 0.36930236 0.87528908
vt 0.35717815 0.86932081
vt 0.60676008 0.99246651
vt 0.60006493 0.99646586
vt 0.59720922 0.9836576
vt 0.60439312 0.96981412
vt 0.62512946 0.98582423
vt 0.6270541 0.96828622
vt 0.62004197 0.99610662
vt 0.6358605 0.98790908
vt 0.63824117 0.98069108
vt 0.64092588 0.96714205
vt 0.6593017 0.96634352
vt 0.65681541 0.98229861
vt 0.82755721 0.67593706
vt 0.81725711 0.66758925
vt 0.83145058 0.654863
vt 0.84216279 0.66013408
vt 0.81780946 0.673967
vt 0.82471323 0.65426534
vt 0.85538131 0.65602577
vt 0.8406117 0.6832664
vt 0.83506572 0.63545752
vt 0.8439846 0.64128566
vt 0.85385072 0.6778245
vt 0.83183587 0.63049954
vt 0.85558969 0.64839125
vt 0.85846752 0.68181127
vt 0.845258 0.62721467
vt 0.87216961 0.64048564
vt 0.86245507 0.63069999
vt 0.87874246 0.62920141
vt 0.89685011 0.61623049
vt 0.92210931 0.60921741
vt 0.91365248 0.62455475
vt 0.90010959 0.62477028
vt 0.9256956 0.61668468
vt 0.91055477 0.65111303
vt 0.8888436 0.63015091
vt 0.92362398 0.62825102
vt 0.90198064 0.64914179
vt 0.92197382 0.64173663
vt 0.89228535 0.61471301
vt 0.94066757 0.62879694
vt 0.92867416 0.65138304
vt 0.87940878 0.61127245
vt 0.93319499 0.63456988
vt 0.93501502 0.64527029
vt 0.95835161 0.67011678
vt 0.95621485 0.65317988
vt 0.97577202 0.65231895
vt 0.96532154 0.68717599
vt 0.98471528 0.66995406
vt 0.94730622 0.68516815
vt 0.98585439 0.68066692
vt 0.94088751 0.68967599
vt 0.96222264 0.69654799
vt 0.95124489 0.6980145
vt 0.97360313 0.69923902
vt 0.95426369 0.71304756
vt 0.96056443 0.71527088
vt 0.69079518 0.73763537
vt 0.70911372 0.72947937
vt 0.6981799 0.74096692
vt 0.70099568 0.7228269
vt 0.70727742 0.7448169
vt 0.69511449 0.72168285
vt 0.71430039 0.72086179
vt 0.71665931 0.74456948
vt 0.73265457 0.72529203
vt 0.71489829 0.71218216
vt 0.72974539 0.74615145
vt 0.73164219 0.70533037
vt 0.73666435 0.73856735
vt 0.74813473 0.71555871
vt 0.74472356 0.72991055
vt 0.74573016 0.70351434
vt 0.75480986 0.71418595
vt 0.75365913 0.73139077
vt 0.98470539 0.63219702
vt 0.98393112 0.63831019
vt 0.97183281 0.64065313
vt 0.96538234 0.62924278
vt 0.96129572 0.6377784
vt 0.97520423 0.61766386
vt 0.96661025 0.6461513
vt 0.95308095 0.63203812
vt 0.95491153 0.64224946
vt 0.95990479 0.62048477
vt 0.96021187 0.65294611
vt 0.95315397 0.61387622
vt 0.96554136 0.60500526
vt 0.95852244 0.65179515
vt 0.94386894 0.62574029
vt 0.98017204 0.60747325
vt 0.9423719 0.61979139
vt 0.97717744 0.60152459
vt 0.96490264 0.59275591
vt 0.98825443 0.59551126
vt 0.97476709 0.5926764
vt 0.98964053 0.60435188
vt 0.80141252 0.96195108
vt 0.80851394 0.96488428
vt 0.80896503 0.97767287
vt 0.82790416 0.95968622
vt 0.8320331 0.9670189
vt 0.84412634 0.97245604
vt 0.83020389 0.98110461
vt 0.85703844 0.96955091
vt 0.83701199 0.98085213
vt 0.85929269 0.9556517
vt 0.63119954 0.58541703
vt 0.63842523 0.58848959
vt 0.62153906 0.59796792
vt 0.61454499 0.5864194
vt 0.63310593 0.59853876
vt 0.60560423 0.60602903
vt 0.6331557 0.57329053
vt 0.63992494 0.62062657
vt 0.626423 0.61047804
vt 0.61467892 0.61021972
vt 0.6081149 0.5758943
vt 0.62872612 0.61857641
vt 0.64291602 0.60470009
vt 0.60283953 0.58426613
vt 0.62902486 0.56226623
vt 0.59722304 0.60573041
vt 0.60383683 0.57097793
vt 0.6129725 0.56755722
vt 0.21092302 0.905891
vt 0.22239599 0.9061659
vt 0.20807557 0.9201231
vt 0.19639696 0.91448528
vt 0.21902974 0.92286295
vt 0.19202498 0.92335808
vt 0.2258956 0.90887117
vt 0.20269561 0.93318695
vt 0.23265652 0.92013478
vt 0.20921449 0.9329586
vt 0.23926017 0.91279292
vt 0.24675933 0.91949445
vt 0.23111866 0.9036094
vt 0.24947385 0.90600711
vt 0.23814136 0.89831698
vt 0.710096 0.60356832
vt 0.71971315 0.61302954
vt 0.71034336 0.62062716
vt 0.69719392 0.61325711
vt 0.68737525 0.59218597
vt 0.68772882 0.60257387
vt 0.71034569 0.58952963
vt 0.67228758 0.60580152
vt 0.67196161 0.58714628
vt 0.68361163 0.61751628
vt 0.67416853 0.6155535
vt 0.66551512 0.60416293
vt 0.66948146 0.60839391
vt 0.66505599 0.60207415
vt 0.66108268 0.58902419
vt 0.76078862 0.60852623
vt 0.76381254 0.61439538
vt 0.74748576 0.61440086
vt 0.74230164 0.60037649
vt 0.76619804 0.59848684
vt 0.75685108 0.62146568
vt 0.75910264 0.58961874
vt 0.75032473 0.59048331
vt 0.77369153 0.59841943
vt 0.73157829 0.59358114
vt 0.77568811 0.58396804
vt 0.72256273 0.60314226
vt 0.74198824 0.58569705
vt 0.78164458 0.59160268
vt 0.74340397 0.60994935
vt 0.72387409 0.58779967
vt 0.74865389 0.61844379
vt 0.25683996 0.92468059
vt 0.25564122 0.92992407
vt 0.24479623 0.92396706
vt 0.24514823 0.93617785
vt 0.26064682 0.9435609
vt 0.23815697 0.92999119
vt 0.24723025 0.95188767
vt 0.26018894 0.95562255
vt 0.25865322 0.96630073
vt 0.24180013 0.96730733
vt 0.2553919 0.98056042
vt 0.26438701 0.97037268
vt 0.82131439 0.59729242
vt 0.81192887 0.58345914
vt 0.84147477 0.59019291
vt 0.83608431 0.60089153
vt 0.78664839 0.59484845
vt 0.83492601 0.57478702
vt 0.83011478 0.61054164
vt 0.79932725 0.60477215
vt 0.81531477 0.60599953
vt 0.7855705 0.60445201
vt 0.8190918 0.61484945
vt 0.80078036 0.6170432
vt 0.7873227 0.61158484
vt 0.8257634 0.62034225
vt 0.81172955 0.61808562
vt 0.41519859 0.84022605
vt 0.43294951 0.84288263
vt 0.42668274 0.85564125
vt 0.41713861 0.86346787
vt 0.4354752 0.85869229
vt 0.41001508 0.85537744
vt 0.44523266 0.85366195
vt 0.4507201 0.84904087
vt 0.43696684 0.86411583
vt 0.44629207 0.87136459
vt 0.4588097 0.86754555
vt 0.45390156 0.84477055
vt 0.46605143 0.86306232
vt 0.46417785 0.8489331
vt 0.86885464 0.59593439
vt 0.8832854 0.59870964
vt 0.87689275 0.61483341
vt 0.865183 0.6086992
vt 0.87920946 0.58539438
vt 0.86354136 0.62052995
vt 0.86571497 0.57500648
vt 0.86199933 0.58304167
vt 0.88777977 0.56393659
vt 0.853037 0.59048593
vt 0.8470419 0.58247143
vt 0.85113639 0.59908056
vt 0.85593683 0.60177368
vt 0.53034008 0.75068748
vt 0.53742051 0.74548805
vt 0.53712088 0.75457102
vt 0.53235728 0.77143425
vt 0.52061075 0.73522234
vt 0.5210954 0.76983488
vt 0.51182526 0.74083233
vt 0.52634931 0.77640516
vt 0.51914203 0.75390565
vt 0.50719303 0.73114878
vt 0.50427967 0.74465704
vt 0.5041346 0.72106302
vt 0.69558758 0.56500965
vt 0.69747192 0.55113989
vt 0.71112049 0.56727445
vt 0.70231366 0.58433759
vt 0.68485475 0.55834073
vt 0.68475282 0.57386363
vt 0.68667263 0.54087031
vt 0.68976843 0.58196962
vt 0.66003311 0.54540461
vt 0.69219536 0.53545177
vt 0.6748355 0.57374686
vt 0.67458475 0.58508849
vt 0.69558614 0.58900797
vt 0.67498475 0.53331685
vt 0.66086304 0.5593909
vt 0.65929329 0.57451773
vt 0.036006853 0.5648579
vt 0.016541831 0.56368709
vt 0.039180208 0.55056775
vt 0.020965938 0.57450104
vt 0.031134333 0.53678203
vt 0.030996755 0.57754534
vt 0.01127765 0.57792217
vt 0.011035205 0.55093634
vt 0.037111275 0.53266454
vt 0.035520252 0.5818184
vt 0.022508847 0.58958244
vt 0.0030127906 0.56799591
vt 0.010029581 0.54571581
vt 0.044911057 0.57425892
vt 0.010963905 0.58934438
vt 0.17650138 0.58633637
vt 0.17694624 0.56499672
vt 0.18684532 0.57666647
vt 0.16859838 0.5698486
vt 0.19478609 0.56805825
vt 0.15922703 0.56734324
vt 0.17420061 0.54844987
vt 0.18326704 0.55175865
vt 0.20544276 0.58121371
vt 0.1945487 0.54764354
vt 0.19229518 0.58904791
vt 0.20796987 0.55600667
vt 0.18247251 0.58593661
vt 0.21768703 0.56868553
vt 0.21775015 0.58373958
vt 0.79267317 0.56556225
vt 0.80487972 0.56355286
vt 0.7941944 0.57976449
vt 0.78686392 0.57519591
vt 0.78270376 0.55717373
vt 0.81035876 0.57746315
vt 0.79872221 0.54770005
vt 0.80070615 0.58870029
vt 0.77256382 0.57076055
vt 0.80156815 0.54936171
vt 0.7862528 0.54562771
vt 0.79274529 0.58894038
vt 0.77583486 0.56084836
vt 0.79639363 0.54617864
vt 0.75878 0.55367768
vt 0.7941916 0.54296052
vt 0.76664734 0.53591526
vt 0.78670955 0.53868985
vt 0.76172382 0.54247183
vt 0.77697748 0.53296936
vt 0.75368357 0.55109167
vt 0.90332812 0.55942619
vt 0.91035986 0.56761503
vt 0.90425003 0.57896912
vt 0.89341271 0.57232213
vt 0.92202401 0.56036854
vt 0.92098224 0.57352722
vt 0.88813818 0.57488513
vt 0.89045262 0.55930865
vt 0.90938354 0.54506552
vt 0.92156971 0.58909237
vt 0.93370062 0.54672587
vt 0.89588934 0.54530442
vt 0.87793094 0.53345966
vt 0.96220881 0.56712198
vt 0.96738887 0.57864547
vt 0.9520812 0.57869971
vt 0.94879037 0.56824136
vt 0.97711778 0.576823
vt 0.96122944 0.58190501
vt 0.94534534 0.5749706
vt 0.94506568 0.55943251
vt 0.98243743 0.55361933
vt 0.95215631 0.58969438
vt 0.94097739 0.58471215
vt 0.96944559 0.55844164
vt 0.9636851 0.55049431
vt 0.9689011 0.53418326
vt 0.96007526 0.53444064
vt 0.47854131 0.50897062
vt 0.49283355 0.5189079
vt 0.47450757 0.52862811
vt 0.45997906 0.52307051
vt 0.48988375 0.5307343
vt 0.45991915 0.53599298
vt 0.49559677 0.52690691
vt 0.4787986 0.53602028
vt 0.44063589 0.5348382
vt 0.48957187 0.53879833
vt 0.45579416 0.54457188
vt 0.47649688 0.54975688
vt 0.48263234 0.55792451
vt 0.46772692 0.55682814
vt 0.49323261 0.54868317
vt 0.89072698 0.71886891
vt 0.89881074 0.72221088
vt 0.90226716 0.74219298
vt 0.88149667 0.74165624
vt 0.87501073 0.73253512
vt 0.87714297 0.7463997
vt 0.87359715 0.71370387
vt 0.85538518 0.74489486
vt 0.85998917 0.70820117
vt 0.85020119 0.73322886
vt 0.84915906 0.72606212
vt 0.84745216 0.73449767
vt 0.84785277 0.72876084
vt 0.84912419 0.72148335
vt 0.85069871 0.74220473
vt 0.84928966 0.70886958
vt 0.57551193 0.52184957
vt 0.58348024 0.53155607
vt 0.57079715 0.53602606
vt 0.55809993 0.51997542
vt 0.58092004 0.54020023
vt 0.55768853 0.54029232
vt 0.57552683 0.55541867
vt 0.58944869 0.54318249
vt 0.54847854 0.52452916
vt 0.56247038 0.54663789
vt 0.55302304 0.53972995
vt 0.53984678 0.50296938
vt 0.58935142 0.55868357
vt 0.54256237 0.53301799
vt 0.55264616 0.5083859
vt 0.53517264 0.52066296
vt 0.52613407 0.85412908
vt 0.51165611 0.85646737
vt 0.51889312 0.84339762
vt 0.52600354 0.84199041
vt 0.50729138 0.85002196
vt 0.49850854 0.85139775
vt 0.50083888 0.87051845
vt 0.4909144 0.85801232
vt 0.48869044 0.83790147
vt 0.47193232 0.84096211
vt 0.47246563 0.85283077
vt 0.47666648 0.86227727
vt 0.077391118 0.5426048
vt 0.059993878 0.53225994
vt 0.078173518 0.53157061
vt 0.085800357 0.54045022
vt 0.068594821 0.54715168
vt 0.071891196 0.51706672
vt 0.087767094 0.53007293
vt 0.046251148 0.54049611
vt 0.058048662 0.50548828
vt 0.084590845 0.51825047
vt 0.035869788 0.53878725
vt 0.056233458 0.55706936
vt 0.067316376 0.55836451
vt 0.72984827 0.56370509
vt 0.72385204 0.55343187
vt 0.73580158 0.55036068
vt 0.73856479 0.56084752
vt 0.72328609 0.5395717
vt 0.74396384 0.54739386
vt 0.73600727 0.5780381
vt 0.74364156 0.53722501
vt 0.74580002 0.57248199
vt 0.74576378 0.58580494
vt 0.7577883 0.580374
vt 0.7583499 0.56940234
vt 0.75630528 0.59039986
vt 0.7375893 0.55907333
vt 0.74675047 0.55479217
vt 0.76205212 0.55665296
vt 0.17220269 0.99173182
vt 0.15300417 0.99051398
vt 0.15659864 0.98156399
vt 0.16178946 0.97617853
vt 0.14371081 0.96894777
vt 0.14969473 0.96613014
vt 0.1823801 0.97479701
vt 0.14128347 0.99503326
vt 0.12887171 0.99591714
vt 0.12949516 0.98184043
vt 0.1367695 0.97106057
vt 0.77022123 0.97895318
vt 0.75727212 0.98452383
vt 0.76544869 0.97012466
vt 0.7736522 0.96589518
vt 0.76797086 0.98739064
vt 0.75487965 0.97536618
vt 0.78097481 0.98793995
vt 0.76739305 0.96071744
vt 0.77428544 0.99649918
vt 0.7969982 0.98397177
vt 0.79258037 0.96596432
vt 0.80694509 0.97728282
vt 0.89798534 0.98707014
vt 0.89418435 0.97855484
vt 0.89973551 0.98133975
vt 0.89213622 0.99304152
vt 0.89870042 0.99535739
vt 0.88775116 0.98569548
vt 0.88580394 0.97882581
vt 0.87351555 0.98825151
vt 0.86314577 0.97186655
vt 0.85559452 0.98636329
vt 0.84739476 0.97192252
vt 0.59725541 0.71345186
vt 0.60830146 0.70299816
vt 0.61731768 0.70947969
vt 0.59724599 0.70549142
vt 0.61761028 0.6966573
vt 0.58737379 0.71566606
vt 0.5961113 0.69646847
vt 0.60812223 0.69033176
vt 0.57591611 0.70599949
vt 0.61815608 0.69068974
vt 0.58084023 0.692734
vt 0.60212278 0.68762708
vt 0.56710249 0.70212865
vt 0.59149867 0.68567145
vt 0.57159525 0.68892658
vt 0.39715618 0.52103239
vt 0.39824608 0.51179218
vt 0.41545942 0.52189857
vt 0.40584734 0.52684212
vt 0.39267626 0.51074529
vt 0.41298762 0.53997684
vt 0.40476769 0.53968596
vt 0.3915233 0.52502549
vt 0.37955061 0.52047884
vt 0.40922219 0.5480023
vt 0.39028418 0.53486538
vt 0.38356933 0.50816923
vt 0.40352413 0.55319631
vt 0.38650185 0.54573005
vt 0.38438737 0.55346417
vt 0.39282316 0.55930042
vt 0.60936397 0.52234405
vt 0.61787927 0.52687937
vt 0.60881209 0.53654218
vt 0.60290104 0.52089912
vt 0.61578906 0.50739038
vt 0.62001109 0.5362556
vt 0.59844756 0.53197265
vt 0.60228556 0.51192212
vt 0.6277774 0.52699131
vt 0.61995369 0.55011976
vt 0.59841794 0.52344871
vt 0.59835124 0.53778011
vt 0.59824347 0.51728666
vt 0.59813184 0.50720626
vt 0.61178643 0.55382949
vt 0.62554973 0.54957807
vt 0.59810525 0.51218802
vt 0.59818512 0.51007843
vt 0.59836721 0.54102486
vt 0.60200983 0.5536384
vt 0.59841299 0.54527843
vt 0.60859287 0.55893683
vt 0.39355412 0.95330358
vt 0.39315832 0.94394982
vt 0.40189046 0.95732397
vt 0.38775852 0.958543
vt 0.40678328 0.9467153
vt 0.3787705 0.9423455
vt 0.41286486 0.94088703
vt 0.41715023 0.95387858
vt 0.42687231 0.96533889
vt 0.42831343 0.9411273
vt 0.83518928 0.53436649
vt 0.83004254 0.5237844
vt 0.83915997 0.52072614
vt 0.84914374 0.51696718
vt 0.82459408 0.53918064
vt 0.82943296 0.51468956
vt 0.85559583 0.53967822
vt 0.83859706 0.55133939
vt 0.86343908 0.52887785
vt 0.84456354 0.54584247
vt 0.82413769 0.54675293
vt 0.86588556 0.5103085
vt 0.85260481 0.55488265
vt 0.82069439 0.54683006
vt 0.81682402 0.558222
vt 0.032169838 0.49209076
vt 0.024256391 0.49338138
vt 0.01370254 0.48774987
vt 0.020986577 0.47891814
vt 0.032805573 0.5082801
vt 0.014136959 0.502626
vt 0.0084544532 0.48155594
vt 0.047099095 0.508407
vt 0.016296245 0.50859511
vt 0.0044921786 0.49268723
vt 0.043774504 0.51449394
vt 0.029395698 0.51865143
vt 0.014720026 0.52414668
vt 0.039330993 0.52109098
vt 0.0055450378 0.5174548
vt 0.021530168 0.52666402
vt 0.010638057 0.50766337
vt 0.22781034 0.96834314
vt 0.2316508 0.97720647
vt 0.20710565 0.97932673
vt 0.20622979 0.96727067
vt 0.24070658 0.97314966
vt 0.19096898 0.98118937
vt 0.27077425 0.50532252
vt 0.27289829 0.4927882
vt 0.28468683 0.48799312
vt 0.290126 0.49100816
vt 0.25833416 0.49849272
vt 0.2893886 0.48696655
vt 0.29269856 0.4986074
vt 0.2530154 0.50478351
vt 0.25987968 0.49187011
vt 0.28574607 0.51578736
vt 0.25441048 0.5154469
vt 0.29743764 0.51123428
vt 0.26908219 0.51764202
vt 0.30127391 0.52184296
vt 0.27288261 0.52692574
vt 0.29819506 0.52561527
vt 0.30277887 0.52633965
vt 0.50438744 0.9388954
vt 0.50617701 0.94215953
vt 0.49810708 0.95712626
vt 0.48672786 0.94047761
vt 0.46966866 0.95712221
vt 0.46648315 0.94892919
vt 0.47735819 0.96538931
vt 0.45789731 0.95391017
vt 0.18109232 0.48611629
vt 0.19605006 0.48198736
vt 0.19967355 0.49723595
vt 0.19886491 0.50938982
vt 0.20983478 0.50382793
vt 0.17651078 0.50057358
vt 0.20482598 0.51238024
vt 0.18082079 0.51541233
vt 0.16302994 0.4953689
vt 0.19970797 0.5237264
vt 0.17772777 0.52689451
vt 0.17088012 0.5149349
vt 0.16074303 0.51235938
vt 0.20669904 0.52190709
vt 0.1904467 0.5248276
vt 0.12727749 0.82714176
vt 0.11587626 0.82774496
vt 0.11469235 0.81701052
vt 0.11635055 0.80578709
vt 0.11448407 0.83994657
vt 0.10635504 0.83046865
vt 0.10433 0.80814719
vt 0.12599178 0.80452001
vt 0.10211887 0.81767154
vt 0.11779887 0.79116535
vt 0.097110026 0.83000368
vt 0.77668905 0.91403192
vt 0.78081506 0.90453976
vt 0.78971696 0.89809811
vt 0.79221159 0.91761547
vt 0.77605343 0.90021223
vt 0.79996866 0.9116354
vt 0.76165348 0.90849757
vt 0.76709127 0.89175773
vt 0.76489091 0.91744256
vt 0.75442213 0.89752936
vt 0.33300993 0.49589312
vt 0.33745548 0.50375974
vt 0.32726282 0.51321352
vt 0.32685331 0.50145602
vt 0.33662421 0.50906926
vt 0.32051232 0.49008816
vt 0.34728479 0.50563699
vt 0.34114516 0.51652801
vt 0.3171159 0.49723959
vt 0.34596562 0.51517177
vt 0.34142926 0.52829087
vt 0.34996808 0.5155791
vt 0.3307243 0.52496278
vt 0.35989848 0.50735635
vt 0.35673285 0.49976182
vt 0.35514811 0.52219069
vt 0.36343652 0.51660526
vt 0.96437484 0.72035611
vt 0.96766979 0.71386009
vt 0.98779076 0.73413706
vt 0.97424132 0.7443459
vt 0.94197726 0.72156441
vt 0.98180461 0.71404386
vt 0.98179412 0.74704158
vt 0.94817191 0.73249185
vt 0.6657759 0.51538193
vt 0.66043478 0.49161053
vt 0.66505146 0.50054836
vt 0.67518967 0.51217592
vt 0.65348917 0.50891471
vt 0.66541392 0.52184141
vt 0.65739924 0.51801175
vt 0.66838378 0.52044022
vt 0.64968973 0.52538425
vt 0.67634845 0.5203836
vt 0.6584298 0.51882178
vt 0.64058852 0.51196164
vt 0.65673351 0.52485263
vt 0.63296092 0.5163399
vt 0.64410961 0.52730787
vt 0.63691443 0.52640653
vt 0.64870465 0.52731442
vt 0.62917906 0.52665997
vt 0.44812521 0.50536358
vt 0.44570616 0.52046025
vt 0.43356282 0.49008399
vt 0.44212621 0.4858703
vt 0.45674893 0.52073467
vt 0.43254834 0.51760805
vt 0.45254368 0.498299
vt 0.44915876 0.52710456
vt 0.41538393 0.49686676
vt 0.42706472 0.52230799
vt 0.41063195 0.48633182
vt 0.42011738 0.51175594
vt 0.47977245 0.69055295
vt 0.48190665 0.6811558
vt 0.49349487 0.69040763
vt 0.48824814 0.69864011
vt 0.50277078 0.6881386
vt 0.47409818 0.71424705
vt 0.48964587 0.67598504
vt 0.48550251 0.71341956
vt 0.47336423 0.69950873
vt 0.50320375 0.66836041
vt 0.48653132 0.6701901
vt 0.50508791 0.67754042
vt 0.1071657 0.50920391
vt 0.11779448 0.50872576
vt 0.1070135 0.51935935
vt 0.11393147 0.4908669
vt 0.12029443 0.52748263
vt 0.097643599 0.49659038
vt 0.12378494 0.49730134
vt 0.12436241 0.51036108
vt 0.12488034 0.52354014
vt 0.13091819 0.49838668
vt 0.14177045 0.51588941
vt 0.13836588 0.50128996
vt 0.95547146 0.60963964
vt 0.94282919 0.61791092
vt 0.93860751 0.59573042
vt 0.94989848 0.59414059
vt 0.92042375 0.6067251
vt 0.92885053 0.62031889
vt 0.93108368 0.5935148
vt 0.91057271 0.59897864
vt 0.92059577 0.58952379
vt 0.019560253 0.63853139
vt 0.027933709 0.64909708
vt 0.0046176673 0.65971917
vt 0.02269949 0.65606105
vt 0.0089526176 0.67057788
vt 0.026847824 0.66651487
vt 0.033841252 0.66239607
vt 0.025114829 0.68069655
vt 0.038533509 0.67560792
vt 0.015606885 0.68300539
vt 0.71732229 0.52678108
vt 0.7003966 0.52378547
vt 0.7244128 0.51543307
vt 0.71627223 0.50779521
vt 0.70661372 0.50607425
vt 0.73252034 0.49318987
vt 0.6919266 0.50303024
vt 0.71718448 0.49692518
vt 0.70227861 0.49851829
vt 0.69152433 0.49628967
vt 0.70920706 0.4931497
vt 0.69362134 0.48302621
vt 0.77361006 0.50484657
vt 0.76670223 0.49640954
vt 0.77622867 0.48781246
vt 0.78505868 0.49132717
vt 0.76022261 0.50940979
vt 0.76598185 0.48694688
vt 0.79383129 0.49356276
vt 0.76680547 0.52366275
vt 0.79170161 0.48421663
vt 0.78514546 0.51000094
vt 0.75983018 0.52185041
vt 0.79866117 0.51987988
vt 0.78478068 0.52805531
vt 0.75374752 0.51292396
vt 0.90224904 0.50426126
vt 0.91378808 0.49596161
vt 0.9139033 0.50671637
vt 0.9061197 0.51249492
vt 0.89385986 0.49522352
vt 0.92406279 0.50246948
vt 0.89606166 0.51259863
vt 0.90726918 0.51990908
vt 0.90309751 0.48201513
vt 0.88481367 0.50502694
vt 0.92185074 0.50525129
vt 0.91525245 0.51870251
vt 0.89236021 0.52699459
vt 0.87874508 0.52400839
vt 0.5969581 0.90389442
vt 0.59729326 0.89117157
vt 0.60998869 0.88910747
vt 0.61367458 0.91002756
vt 0.62568885 0.9038741
vt 0.6007902 0.91866732
vt 0.61960113 0.9192127
vt 0.61282951 0.92543107
vt 0.63895553 0.91617393
vt 0.63295525 0.93207711
vt 0.62358034 0.93340057
vt 0.94129622 0.48261696
vt 0.95653158 0.50804806
vt 0.94338882 0.51099932
vt 0.9565959 0.4869839
vt 0.94177121 0.51567638
vt 0.97840929 0.51819444
vt 0.96012717 0.52715963
vt 0.97230202 0.49881399
vt 0.52861071 0.51923513
vt 0.51618743 0.50211048
vt 0.52420217 0.50492048
vt 0.53661346 0.50656056
vt 0.51791614 0.52546942
vt 0.51898658 0.48664474
vt 0.53678209 0.48978543
vt 0.50722486 0.49991399
vt 0.50835818 0.49795526
vt 0.50484771 0.52719051
vt 0.50763023 0.48249215
vt 0.50498956 0.50306618
vt 0.05618687 0.4875468
vt 0.034671582 0.46709853
vt 0.055594578 0.45911336
vt 0.060143609 0.47068328
vt 0.036397703 0.48017693
vt 0.068712212 0.46163183
vt 0.0662366 0.48730475
vt 0.049791552 0.4956283
vt 0.073960848 0.45049536
vt 0.071876422 0.47374964
vt 0.068499319 0.47324306
vt 0.03752584 0.49235833
vt 0.079607159 0.46458387
vt 0.073796235 0.48129123
vt 0.13350932 0.46728545
vt 0.13439859 0.46715313
vt 0.13651653 0.47016025
vt 0.13054651 0.47809964
vt 0.1493268 0.46615702
vt 0.14934972 0.47505265
vt 0.14787875 0.48797905
vt 0.13744347 0.49401259
vt 0.16775601 0.48315054
vt 0.12913859 0.49037224
vt 0.14462425 0.49614334
vt 0.16098019 0.49702579
vt 0.1523796 0.46904534
vt 0.16795798 0.46724451
vt 0.17232454 0.47213203
vt 0.24088597 0.45621687
vt 0.23680145 0.46231037
vt 0.22493261 0.45380932
vt 0.25845355 0.46901667
vt 0.22218654 0.47033584
vt 0.25171176 0.47576153
vt 0.2289241 0.47626448
vt 0.242149 0.4755407
vt 0.24343812 0.48597425
vt 0.22720671 0.48617023
vt 0.23224179 0.49613267
vt 0.085710108 0.97880125
vt 0.076118708 0.98736864
vt 0.054231621 0.97839838
vt 0.043386731 0.98587507
vt 0.21183577 0.45249176
vt 0.21485388 0.47948718
vt 0.19778353 0.46810842
vt 0.22073984 0.471596
vt 0.19752817 0.48176706
vt 0.22395241 0.4567318
vt 0.22506443 0.49200994
vt 0.20739375 0.48689049
vt 0.190714 0.47342139
vt 0.20587285 0.49526089
vt 0.28590229 0.47739863
vt 0.28894773 0.46771497
vt 0.30238953 0.47201496
vt 0.29021218 0.4850117
vt 0.30731854 0.48461014
vt 0.31292784 0.47968048
vt 0.30871138 0.49513829
vt 0.31610605 0.48551619
vt 0.31066096 0.465042
vt 0.32057413 0.46306604
vt 0.32705358 0.4805063
vt 0.32897356 0.46672142
vt 0.55393553 0.72678423
vt 0.55172735 0.71024239
vt 0.56760627 0.71448296
vt 0.56819314 0.72027481
vt 0.53999448 0.71537131
vt 0.56719571 0.70938218
vt 0.56951451 0.72652888
vt 0.54128575 0.72844326
vt 0.57074004 0.72466969
vt 0.56645155 0.74539
vt 0.54133463 0.74054623
vt 0.53559947 0.72701901
vt 0.57145309 0.72785658
vt 0.55201268 0.74515557
vt 0.57262373 0.73623788
vt 0.57554626 0.74526799
vt 0.53475219 0.90189904
vt 0.55200142 0.90619004
vt 0.54087263 0.9100486
vt 0.55238813 0.89688224
vt 0.5607484 0.9028126
vt 0.56741875 0.90450728
vt 0.56563437 0.91862279
vt 0.57301736 0.9179666
vt 0.5756312 0.8990584
vt 0.37879312 0.97998303
vt 0.38868755 0.96658236
vt 0.39314628 0.9807663
vt 0.40095618 0.97245497
vt 0.40612063 0.96431977
vt 0.41913331 0.96593988
vt 0.41349426 0.97899151
vt 0.35580802 0.47882473
vt 0.34736806 0.4763431
vt 0.36311612 0.46666056
vt 0.36926493 0.48382592
vt 0.34676573 0.48647344
vt 0.38762757 0.48450303
vt 0.3629626 0.48605144
vt 0.38895527 0.46096313
vt 0.3796117 0.49345207
vt 0.36913639 0.49549913
vt 0.37091655 0.45976108
vt 0.294442 0.92007911
vt 0.29362762 0.92988783
vt 0.27626285 0.92443484
vt 0.28508249 0.91277474
vt 0.28017569 0.93294871
vt 0.27047136 0.90512824
vt 0.26078781 0.92010993
vt 0.25377864 0.90780622
vt 0.25345284 0.91923171
vt 0.5736683 0.48290056
vt 0.56689936 0.48830014
vt 0.56719249 0.48298562
vt 0.56814295 0.4775809
vt 0.57834983 0.48774338
vt 0.56646425 0.48780084
vt 0.56628609 0.49548364
vt 0.56645846 0.48828948
vt 0.58430529 0.49108034
vt 0.58768171 0.46942306
vt 0.58813697 0.49659365
vt 0.59066355 0.48335141
vt 0.59774756 0.46252269
vt 0.59688234 0.48315763
vt 0.60327274 0.47733659
vt 0.60761172 0.49197972
vt 0.46403772 0.46638387
vt 0.4556208 0.47257203
vt 0.44179231 0.46748161
vt 0.45484635 0.45429879
vt 0.47175792 0.47546458
vt 0.44141793 0.47562611
vt 0.46326628 0.4810583
vt 0.47047344 0.49397159
vt 0.45711392 0.48754913
vt 0.45604613 0.49618429
vt 0.4731335 0.48931682
vt 0.47450149 0.47661263
vt 0.48419169 0.47311157
vt 0.49135637 0.48179257
vt 0.50456423 0.48549676
vt 0.49218518 0.4954921
vt 0.50419754 0.46534711
vt 0.51331592 0.47959512
vt 0.55875266 0.49639899
vt 0.55058324 0.48617387
vt 0.5645014 0.48269308
vt 0.56631392 0.49413693
vt 0.5483678 0.477916
vt 0.54195637 0.48153371
vt 0.56327194 0.4728201
vt 0.53936446 0.46884131
vt 0.55343747 0.46330655
vt 0.57347029 0.47386765
vt 0.54633987 0.46720052
vt 0.53515184 0.48016584
vt 0.57084543 0.46374333
vt 0.01411528 0.94441825
vt 0.018787155 0.95866263
vt 0.012479765 0.96054411
vt 0.0053168107 0.96057516
vt 0.023272296 0.95707554
vt 0.024042336 0.97424948
vt 0.0031698861 0.94397873
vt 0.016889863 0.9747833
vt 0.021886433 0.94991177
vt 0.023673316 0.96285498
vt 0.023884667 0.97592115
vt 0.0072970535 0.98068368
vt 0.023933487 0.97725683
vt 0.020675555 0.94569176
vt 0.020225268 0.94159836
vt 0.17867745 0.90031493
vt 0.18503469 0.9078992
vt 0.17054862 0.91656721
vt 0.16685633 0.89657491
vt 0.18373916 0.91805124
vt 0.16289046 0.8947342
vt 0.1766047 0.87869585
vt 0.16108595 0.88310891
vt 0.16354521 0.8830393
vt 0.16330706 0.88073826
vt 0.65312564 0.59034908
vt 0.6418736 0.58125043
vt 0.66263354 0.57635307
vt 0.64091867 0.58699071
vt 0.65437579 0.57323992
vt 0.64589077 0.56919301
vt 0.63453567 0.57207406
vt 0.65105623 0.56173813
vt 0.62911952 0.56288826
vt 0.633834 0.54984719
vt 0.65080422 0.55132222
vt 0.6309613 0.49193794
vt 0.64322233 0.48477167
vt 0.6415078 0.49698257
vt 0.64273131 0.47203612
vt 0.65394205 0.4939639
vt 0.62827182 0.46103114
vt 0.65079159 0.47310787
vt 0.65777987 0.48691809
vt 0.64436209 0.4565677
vt 0.65901011 0.46507215
vt 0.6643697 0.46947575
vt 0.66597033 0.48420864
vt 0.72459698 0.46348304
vt 0.70591038 0.46460676
vt 0.71015894 0.45620668
vt 0.72161365 0.48254228
vt 0.72237414 0.482077
vt 0.70786703 0.48064154
vt 0.72916305 0.46890235
vt 0.72250897 0.48340893
vt 0.71160716 0.49133146
vt 0.69823772 0.48371929
vt 0.72178167 0.48325151
vt 0.69071007 0.47706002
vt 0.71835512 0.4921779
vt 0.71724784 0.49623549
vt 0.81715596 0.47116911
vt 0.82464093 0.45636415
vt 0.83231181 0.47800952
vt 0.82080287 0.49031645
vt 0.83218008 0.46247995
vt 0.82564056 0.49287647
vt 0.84343827 0.45869815
vt 0.84651583 0.47514337
vt 0.83843493 0.49607921
vt 0.64189863 0.89988828
vt 0.63589615 0.89605898
vt 0.65146118 0.8955577
vt 0.62731761 0.90241116
vt 0.64121127 0.88591832
vt 0.63064045 0.88908976
vt 0.62451005 0.88286471
vt 0.64378846 0.87831348
vt 0.61370337 0.89224106
vt 0.62556249 0.87715697
vt 0.63490421 0.87652457
vt 0.44944894 0.67519343
vt 0.44224927 0.68389243
vt 0.43477872 0.67338395
vt 0.43418801 0.6594069
vt 0.42560542 0.6826905
vt 0.42440128 0.67137599
vt 0.42478332 0.65662724
vt 0.41052777 0.67979354
vt 0.41273853 0.65497094
vt 0.41673037 0.66675448
vt 0.5993517 0.67769825
vt 0.58121186 0.6692493
vt 0.59370893 0.66219598
vt 0.59643495 0.64536679
vt 0.59045213 0.6831615
vt 0.58343136 0.65291262
vt 0.57560062 0.67736185
vt 0.57184774 0.65662956
vt 0.56723213 0.66869414
vt 0.66028941 0.64022613
vt 0.6727019 0.64013463
vt 0.67102236 0.65311712
vt 0.68113542 0.62811756
vt 0.6831634 0.64742368
vt 0.67111021 0.61605954
vt 0.68716514 0.63718259
vt 0.68318474 0.6202414
vt 0.21488616 0.59708273
vt 0.21194497 0.58461004
vt 0.21822806 0.58994114
vt 0.22241297 0.60117519
vt 0.20060818 0.59954333
vt 0.20493904 0.60350978
vt 0.1980474 0.61137152
vt 0.20638536 0.6131891
vt 0.19193769 0.60693967
vt 0.2003779 0.62048149
vt 0.19182704 0.61474007
vt 0.54056948 0.96521837
vt 0.54041648 0.95601988
vt 0.55722791 0.95820075
vt 0.53132415 0.96029711
vt 0.5389905 0.94886553
vt 0.52059412 0.94357109
vt 0.51969248 0.95421356
vt 0.67955923 0.86735755
vt 0.68933702 0.87286299
vt 0.68987101 0.87915981
vt 0.66844869 0.883313
vt 0.6971944 0.87000167
vt 0.67763394 0.88642907
vt 0.6608879 0.8712672
vt 0.8728767 0.46512008
vt 0.86253506 0.47416496
vt 0.8534795 0.46796125
vt 0.85659605 0.46074617
vt 0.86965144 0.48052436
vt 0.84718102 0.475106
vt 0.8716706 0.45925051
vt 0.87622094 0.47353816
vt 0.88075078 0.48918194
vt 0.85840416 0.49158245
vt 0.86114317 0.49513841
vt 0.84794247 0.4840712
vt 0.93074501 0.45986772
vt 0.94493592 0.45896667
vt 0.93170995 0.46899104
vt 0.91115159 0.46561724
vt 0.9425922 0.46950978
vt 0.91118878 0.46590555
vt 0.91052616 0.46161509
vt 0.93803787 0.47515702
vt 0.91101694 0.4666546
vt 0.93473434 0.48702472
vt 0.91550064 0.47424495
vt 0.91070104 0.47699183
vt 0.9240365 0.49540406
vt 0.91522515 0.48573869
vt 0.91199803 0.48473984
vt 0.018953733 0.44648629
vt 0.0067905607 0.4535827
vt 0.0030697638 0.44332063
vt 0.017755594 0.42728758
vt 0.02585144 0.46450627
vt 0.028980318 0.44386029
vt 0.013983737 0.46336097
vt 0.034483381 0.43198377
vt 0.74136966 0.50499725
vt 0.74314499 0.48933053
vt 0.7442342 0.51501787
vt 0.73655736 0.52829891
vt 0.73242199 0.49485701
vt 0.75413889 0.52716696
vt 0.73216319 0.51400793
vt 0.72322464 0.5250867
vt 0.40218085 0.77568579
vt 0.41249871 0.76735801
vt 0.43000922 0.76952988
vt 0.41704959 0.78927022
vt 0.39938474 0.76691276
vt 0.42951024 0.77837759
vt 0.40413567 0.79369605
vt 0.39397222 0.78414601
vt 0.42977861 0.79199266
vt 0.29464591 0.96520382
vt 0.29897469 0.97976327
vt 0.285781 0.96095639
vt 0.28769469 0.97820866
vt 0.29776329 0.99612123
vt 0.28876626 0.99385297
vt 0.40370446 0.57280809
vt 0.41471916 0.58101094
vt 0.3939082 0.58983541
vt 0.37951878 0.5815261
vt 0.4049553 0.56352955
vt 0.41334668 0.58841181
vt 0.41158912 0.56405032
vt 0.38290849 0.56109226
vt 0.12799235 0.43413454
vt 0.11849633 0.44116795
vt 0.1023512 0.43114811
vt 0.12629771 0.45679069
vt 0.10978678 0.44837219
vt 0.13252418 0.43526608
vt 0.097442769 0.44706291
vt 0.13227764 0.45146126
vt 0.10283153 0.4657203
vt 0.098890536 0.45333773
vt 0.70119786 0.83867455
vt 0.71152759 0.84923667
vt 0.6860612 0.85608226
vt 0.68119842 0.8415519
vt 0.67494041 0.85184908
vt 0.83396018 0.74534714
vt 0.82636511 0.73585021
vt 0.83338964 0.72530371
vt 0.84562069 0.73287892
vt 0.83093506 0.71298105
vt 0.83885473 0.71105242
vt 0.81699461 0.7266522
vt 0.52279395 0.9754771
vt 0.52057379 0.98246539
vt 0.50542885 0.97699118
vt 0.50633329 0.97306347
vt 0.50001818 0.98367929
vt 0.5175935 0.97255105
vt 0.50374091 0.97511131
vt 0.50054014 0.97628397
vt 0.49595058 0.98086804
vt 0.49578759 0.98415267
vt 0.48745787 0.99622446
vt 0.57132173 0.5698368
vt 0.56698799 0.5620991
vt 0.57156223 0.55649865
vt 0.5929575 0.56526685
vt 0.58616948 0.57744634
vt 0.59275156 0.57368124
vt 0.57848936 0.57818222
vt 0.60204732 0.57579923
vt 0.59720999 0.58012748
vt 0.58483589 0.58077264
vt 0.59096068 0.58805627
vt 0.57697403 0.58522838
vt 0.58351868 0.58906615
vt 0.19373737 0.43335474
vt 0.18453507 0.44416481
vt 0.17090251 0.44642895
vt 0.18620531 0.42992228
vt 0.19494101 0.44831216
vt 0.18727688 0.45181167
vt 0.16769029 0.435045
vt 0.17481746 0.45934469
vt 0.16013412 0.44489604
vt 0.18323261 0.46571326
vt 0.16994777 0.45196933
vt 0.16153197 0.4546892
vt 0.048663352 0.69108093
vt 0.051911931 0.70726061
vt 0.035823278 0.7017982
vt 0.058671385 0.6966399
vt 0.045444135 0.71447372
vt 0.052400563 0.68285
vt 0.058604531 0.7145853
vt 0.070011124 0.70358849
vt 0.80111152 0.47392911
vt 0.80039674 0.46000701
vt 0.81075776 0.48303235
vt 0.80305535 0.48555642
vt 0.7848618 0.46284121
vt 0.8133949 0.46886218
vt 0.80739814 0.49527329
vt 0.79191834 0.48640996
vt 0.78693837 0.47882932
vt 0.080182016 0.48310131
vt 0.089467868 0.48755574
vt 0.088928804 0.49667227
vt 0.075460233 0.49107862
vt 0.10239948 0.48140121
vt 0.10177784 0.49412066
vt 0.066755548 0.48805195
vt 0.096261941 0.47269207
vt 0.078036748 0.47693253
vt 0.082965218 0.46785957
vt 0.26027489 0.46456599
vt 0.25315148 0.44509286
vt 0.26458496 0.43887258
vt 0.27140188 0.45295399
vt 0.28289413 0.43568242
vt 0.27640671 0.45994729
vt 0.28826001 0.44582456
vt 0.28935185 0.46085209
vt 0.22130707 0.83362108
vt 0.22204266 0.84144437
vt 0.21236204 0.85432827
vt 0.20903106 0.83994758
vt 0.23158373 0.83579826
vt 0.20739855 0.85527003
vt 0.20662092 0.83481061
vt 0.21831176 0.82214522
vt 0.23174357 0.82542706
vt 0.85118634 0.94339913
vt 0.84835821 0.9387632
vt 0.86283278 0.93911368
vt 0.86194605 0.93982452
vt 0.85388815 0.93248886
vt 0.85920888 0.95090419
vt 0.86354882 0.94025099
vt 0.86581248 0.94651759
vt 0.86381793 0.95052075
vt 0.86496359 0.95373011
vt 0.86984801 0.96144837
vt 0.86049271 0.96479475
vt 0.87121117 0.96434736
vt 0.42900774 0.88440311
vt 0.41682935 0.88764989
vt 0.4161621 0.8725037
vt 0.43267566 0.86514854
vt 0.40995833 0.87614024
vt 0.43849486 0.88099474
vt 0.44040287 0.87100607
vt 0.44326672 0.8835752
vt 0.4720355 0.77692962
vt 0.48228362 0.77847606
vt 0.48027307 0.79376709
vt 0.48652759 0.79379374
vt 0.49245071 0.78624904
vt 0.4973219 0.77186799
vt 0.50514114 0.78210264
vt 0.18447445 0.82493651
vt 0.18686792 0.8361032
vt 0.17576988 0.8239342
vt 0.19315226 0.82204843
vt 0.20286749 0.82644558
vt 0.1922525 0.83872336
vt 0.20484921 0.84073287
vt 0.20610799 0.838642
vt 0.20889473 0.8308419
vt 0.20529854 0.84053344
vt 0.20517845 0.84067571
vt 0.50098151 0.57699007
vt 0.48748195 0.58628124
vt 0.49258241 0.57157063
vt 0.50678313 0.56987941
vt 0.48231897 0.57926559
vt 0.48675084 0.5634762
vt 0.47414616 0.57957858
vt 0.48487285 0.56648767
vt 0.47440854 0.58242035
vt 0.47656491 0.57656097
vt 0.47226712 0.58977795
vt 0.55623221 0.79347175
vt 0.54587847 0.78969926
vt 0.54754204 0.77692479
vt 0.56273115 0.78357804
vt 0.53607732 0.77631062
vt 0.55776966 0.7717694
vt 0.53528827 0.78892839
vt 0.56821239 0.77283776
vt 0.33668882 0.45773906
vt 0.32541507 0.46502227
vt 0.32326099 0.44798321
vt 0.33155006 0.43596429
vt 0.31664997 0.45576108
vt 0.34502304 0.43413901
vt 0.31965879 0.43940878
vt 0.35014617 0.44618756
vt 0.34815693 0.45477855
vt 0.12544456 0.98039681
vt 0.13246121 0.96091127
vt 0.13307802 0.97236329
vt 0.1142015 0.97403717
vt 0.14053945 0.96985674
vt 0.14657025 0.9621821
vt 0.99110311 0.90001309
vt 0.99030077 0.92053014
vt 0.97248387 0.909024
vt 0.975034 0.92292798
vt 0.9939388 0.92501777
vt 0.9976868 0.93327957
vt 0.74357337 0.93630672
vt 0.75259209 0.93112266
vt 0.75652683 0.94746202
vt 0.7417084 0.95009166
vt 0.75364959 0.93473446
vt 0.73547882 0.9420405
vt 0.73386484 0.93606436
vt 0.72872889 0.94574314
vt 0.72203338 0.93515134
vt 0.0088403579 0.8179431
vt 0.0038577928 0.80672032
vt 0.010754793 0.80428034
vt 0.021874759 0.80788362
vt 0.03734374 0.80788326
vt 0.026445104 0.8249082
vt 0.19941603 0.77265692
vt 0.18714327 0.77761841
vt 0.19454969 0.76521021
vt 0.20883062 0.75872982
vt 0.18272185 0.76687121
vt 0.19291288 0.75501812
vt 0.1748337 0.77306455
vt 0.17981884 0.76352733
vt 0.2616953 0.97277766
vt 0.27823415 0.97073221
vt 0.28470165 0.98595071
vt 0.26658699 0.98708683
vt 0.28691989 0.97002566
vt 0.25376841 0.99493665
vt 0.26054484 0.99696648
vt 0.95214242 0.96819913
vt 0.94382441 0.9676339
vt 0.94992357 0.96582508
vt 0.95064199 0.98221779
vt 0.94199675 0.96298838
vt 0.9557243 0.97425431
vt 0.94057751 0.97828847
vt 0.96159405 0.98740542
vt 0.947716 0.99529928
vt 0.95588994 0.97435445
vt 0.96486181 0.97925448
vt 0.95621055 0.97437441
vt 0.96259737 0.97093022
vt 0.70065475 0.53976238
vt 0.71434098 0.54553986
vt 0.71586031 0.55898345
vt 0.69776529 0.54506361
vt 0.72266835 0.55148542
vt 0.69089156 0.52475715
vt 0.24601786 0.50896764
vt 0.24456574 0.52641594
vt 0.23143794 0.51847744
vt 0.23450862 0.50964785
vt 0.22782408 0.52542663
vt 0.22335987 0.50852811
vt 0.23607616 0.50219977
vt 0.24226873 0.49485523
vt 0.250386 0.50157058
vt 0.2526491 0.50742704
vt 0.24745418 0.49638021
vt 0.55162734 0.82038176
vt 0.54762602 0.82821488
vt 0.53510648 0.83421242
vt 0.55398417 0.83317167
vt 0.55077475 0.84044397
vt 0.56218797 0.81690186
vt 0.56695718 0.83348107
vt 0.56730717 0.81991488
vt 0.55941147 0.83774877
vt 0.90601331 0.46462655
vt 0.89968479 0.46886271
vt 0.88819319 0.47169524
vt 0.90407813 0.48206562
vt 0.87912345 0.48260897
vt 0.88518143 0.48946643
vt 0.88940179 0.49592668
vt 0.074638374 0.80661571
vt 0.077416323 0.81836295
vt 0.066903487 0.81244928
vt 0.097574838 0.80829418
vt 0.065881193 0.82433665
vt 0.088404804 0.82505578
vt 0.14722238 0.44157547
vt 0.13558124 0.44832164
vt 0.14013009 0.43524933
vt 0.14801779 0.45008659
vt 0.12921512 0.46227479
vt 0.16010888 0.45127177
vt 0.14392608 0.46110207
vt 0.15112309 0.46554559
vt 0.97749257 0.82430971
vt 0.98210686 0.80988109
vt 0.99198675 0.81450319
vt 0.99126101 0.82247877
vt 0.97425109 0.80728889
vt 0.9864763 0.79310358
vt 0.97330779 0.7978617
vt 0.69064581 0.75097954
vt 0.66393018 0.76123387
vt 0.66033441 0.74379945
vt 0.68635368 0.7408613
vt 0.9960928 0.76983798
vt 0.98325145 0.7810964
vt 0.99198896 0.76150286
vt 0.99548739 0.78969014
vt 0.97853422 0.76897603
vt 0.98303145 0.78990149
vt 0.97241622 0.77996081
vt 0.97804159 0.79221976
vt 0.42632288 0.98664331
vt 0.43823072 0.9850775
vt 0.43777171 0.99546927
vt 0.43424976 0.97625589
vt 0.44354546 0.989465
vt 0.4357633 0.97451752
vt 0.44743115 0.9840036
vt 0.43513456 0.96481293
vt 0.42839542 0.9670102
vt 0.73968762 0.76005423
vt 0.74591762 0.7584964
vt 0.75465411 0.76083863
vt 0.74518162 0.73660946
vt 0.73924083 0.74825644
vt 0.72999948 0.75945729
vt 0.72282952 0.75009966
vt 0.32061118 0.80315578
vt 0.3170169 0.8091321
vt 0.31485814 0.78763235
vt 0.33168608 0.78277552
vt 0.32505846 0.80475849
vt 0.30160347 0.80023527
vt 0.32830104 0.8025353
vt 0.3319298 0.80741429
vt 0.30295581 0.80915028
vt 0.33074167 0.79433239
vt 0.82153189 0.75983673
vt 0.81706518 0.75059503
vt 0.83079171 0.75122428
vt 0.83542609 0.76095682
vt 0.83664614 0.74295425
vt 0.84308159 0.752792
vt 0.84459782 0.73951602
vt 0.84855902 0.75032192
vt 0.77204311 0.7349059
vt 0.77443248 0.74164629
vt 0.76401156 0.75019526
vt 0.7555452 0.75025123
vt 0.77903473 0.75105703
vt 0.76530391 0.76135361
vt 0.75384182 0.73548305
vt 0.76216519 0.73071384
vt 0.67251825 0.8990525
vt 0.67449343 0.88699925
vt 0.68546754 0.90156436
vt 0.66017795 0.89638209
vt 0.69172621 0.89549267
vt 0.52013838 0.96902841
vt 0.55106699 0.97225869
vt 0.53366852 0.98002863
vt 0.071964383 0.99419343
vt 0.059910003 0.99518889
vt 0.042243224 0.986184
vt 0.5756346 0.96936315
vt 0.56557679 0.98627543
vt 0.56579262 0.97436804
vt 0.58123291 0.98595589
vt 0.58546513 0.98115355
vt 0.58326966 0.99513751
vt 0.59478086 0.99316818
vt 0.54808784 0.87101448
vt 0.55824852 0.86904413
vt 0.56466568 0.87910563
vt 0.55613208 0.88630354
vt 0.5460363 0.8790378
vt 0.53460342 0.87232935
vt 0.56661034 0.50009823
vt 0.57972193 0.50146818
vt 0.57581794 0.51168728
vt 0.5925917 0.50374818
vt 0.5952127 0.51771903
vt 0.57648045 0.52001643
vt 0.58291745 0.52709186
vt 0.8949464 0.97558248
vt 0.88727939 0.96172547
vt 0.90789449 0.9808858
vt 0.8822602 0.97567952
vt 0.8798815 0.97319424
vt 0.34802353 0.89388454
vt 0.34588167 0.88754982
vt 0.3551448 0.88037497
vt 0.33218917 0.89572734
vt 0.3420949 0.9027853
vt 0.3395656 0.87947059
vt 0.3532719 0.87223339
vt 0.8700285 0.65272188
vt 0.8802222 0.64292192
vt 0.88251752 0.65503132
vt 0.87066406 0.66482747
vt 0.86976761 0.64400923
vt 0.8930155 0.64751369
vt 0.86376989 0.66233271
vt 0.87728137 0.66346306
vt 0.86419833 0.65248346
vt 0.88923174 0.66118181
vt 0.88441813 0.66844076
vt 0.5263713 0.79114032
vt 0.51804596 0.78955495
vt 0.53362608 0.78202367
vt 0.52562499 0.77686787
vt 0.51766032 0.77764297
vt 0.50645214 0.79311711
vt 0.50342679 0.77562678
vt 0.50914204 0.77220172
vt 0.015996434 0.76104689
vt 0.020368399 0.74542385
vt 0.025921965 0.7614733
vt 0.0083873142 0.73971748
vt 0.032290805 0.74848509
vt 0.0063222786 0.75638288
vt 0.005801165 0.74402559
vt 0.0052126907 0.76133478
vt 0.0046135085 0.74105024
vt 0.0062515964 0.73742038
vt 0.33793908 0.90587884
vt 0.34017709 0.92748296
vt 0.33123747 0.93311006
vt 0.35116974 0.91719383
vt 0.34561998 0.93328261
vt 0.66784042 0.98081368
vt 0.66197044 0.96616012
vt 0.6754905 0.96658581
vt 0.67846364 0.98061806
vt 0.66075498 0.95459777
vt 0.67459738 0.95244569
vt 0.74801147 0.67776328
vt 0.74083632 0.68821359
vt 0.73731744 0.68132848
vt 0.73967385 0.67754066
vt 0.75121504 0.69093084
vt 0.7655496 0.68646228
vt 0.76247078 0.69895333
vt 0.75738335 0.67808414
vt 0.062364422 0.71179354
vt 0.066086747 0.7247287
vt 0.050984453 0.72044826
vt 0.067945249 0.70852172
vt 0.054447699 0.72966653
vt 0.074888274 0.72451425
vt 0.078572258 0.71562505
vt 0.077197626 0.97380865
vt 0.058320113 0.97954619
vt 0.051681556 0.96893674
vt 0.056073915 0.96066976
vt 0.85629171 0.69792497
vt 0.85450631 0.69031143
vt 0.87244135 0.68760282
vt 0.86351818 0.69899642
vt 0.84673482 0.69964075
vt 0.87470496 0.69726837
vt 0.85418582 0.70848942
vt 0.87435412 0.7096082
vt 0.86210865 0.70590758
vt 0.87034756 0.71402979
vt 0.82723439 0.50039208
vt 0.84174186 0.50161159
vt 0.84295869 0.50959462
vt 0.83040422 0.51613349
vt 0.82439458 0.50908244
vt 0.81986183 0.52646708
vt 0.81774426 0.50527728
vt 0.8162728 0.51744401
vt 0.70407772 0.99523836
vt 0.6960972 0.99263084
vt 0.71157175 0.98134321
vt 0.69789118 0.96905547
vt 0.69159567 0.9818272
vt 0.62899733 0.75483644
vt 0.64069152 0.7527597
vt 0.64093751 0.75912392
vt 0.64040309 0.74171114
vt 0.65640777 0.74941647
vt 0.65384591 0.76139307
vt 0.42606723 0.93968439
vt 0.44410741 0.94398379
vt 0.43898505 0.94552368
vt 0.43473664 0.96480548
vt 0.43241385 0.95242906
vt 0.99109185 0.68939191
vt 0.99834484 0.70161712
vt 0.9745658 0.69620198
vt 0.99715787 0.69624019
vt 0.97285903 0.7082696
vt 0.9920792 0.70837724
vt 0.98661351 0.71461332
vt 0.52956414 0.85507053
vt 0.52504736 0.87021494
vt 0.51602525 0.86855471
vt 0.50943738 0.86354357
vt 0.5036183 0.86518753
vt 0.51364303 0.85653484
vt 0.83258295 0.92615622
vt 0.84642488 0.92436904
vt 0.84536672 0.9441849
vt 0.83407414 0.94829321
vt 0.72251892 0.93379676
vt 0.70745975 0.91754001
vt 0.73161167 0.91873658
vt 0.097969376 0.99045974
vt 0.11356281 0.97474378
vt 0.1141934 0.988612
vt 0.11332558 0.9920755
vt 0.12374917 0.98677242
vt 0.10181709 0.99637979
vt 0.12046723 0.97681576
vt 0.46665427 0.94103658
vt 0.45653379 0.94668269
vt 0.44178966 0.93643457
vt 0.4462181 0.94872856
vt 0.60274291 0.82938802
vt 0.61069643 0.84614718
vt 0.59801018 0.83939135
vt 0.61108965 0.83349991
vt 0.62204021 0.83609927
vt 0.61915791 0.85376096
vt 0.61553818 0.85574871
vt 0.49790913 0.698596
vt 0.50173587 0.68852091
vt 0.50922257 0.69569522
vt 0.50553977 0.70328736
vt 0.49463278 0.69351864
vt 0.50336045 0.7128095
vt 0.48857376 0.70861351
vt 0.49480379 0.71394205
vt 0.29258278 0.85595775
vt 0.28639656 0.8561151
vt 0.28566974 0.8469584
vt 0.29391354 0.84841692
vt 0.27613714 0.85037923
vt 0.29474047 0.84059525
vt 0.26999658 0.84546721
vt 0.55361742 0.98298454
vt 0.53537184 0.98272103
vt 0.55397129 0.96985823
vt 0.54611421 0.99573255
vt 0.70226157 0.75982594
vt 0.70313507 0.74507976
vt 0.71295601 0.74500561
vt 0.71408153 0.76215184
vt 0.69206542 0.74485153
vt 0.69368744 0.76195157
vt 0.10043243 0.9855603
vt 0.090357929 0.99584359
vt 0.082702272 0.98710829
vt 0.096460223 0.97580785
vt 0.10602198 0.9776001
vt 0.22225842 0.95745718
vt 0.24520504 0.95334435
vt 0.24152516 0.96314085
vt 0.22398025 0.96556795
vt 0.94593638 0.72934926
vt 0.94708395 0.74063855
vt 0.93749547 0.73101932
vt 0.94346619 0.72360307
vt 0.93064809 0.74616241
vt 0.92834395 0.73279631
vt 0.92495567 0.74533057
vt 0.72972411 0.90457916
vt 0.72805208 0.91638571
vt 0.7179547 0.9029578
vt 0.71890628 0.9184463
vt 0.70762581 0.90382069
vt 0.70942867 0.9170267
vt 0.27771473 0.92641997
vt 0.26582301 0.93262035
vt 0.26304689 0.93074763
vt 0.25459886 0.92024952
vt 0.25994182 0.9337644
vt 0.56149322 0.96165794
vt 0.54989797 0.95338905
vt 0.56106812 0.95488733
vt 0.5744831 0.95949137
vt 0.56967926 0.96569967
vt 0.52741641 0.93446225
vt 0.52022749 0.92585158
vt 0.53921098 0.92228121
vt 0.54350466 0.9297784
vt 0.36335713 0.93088436
vt 0.37871915 0.91700834
vt 0.37444243 0.92645162
vt 0.37426463 0.93275523
vt 0.38673949 0.9230327
vt 0.38630614 0.93341112
vt 0.48771909 0.91859561
vt 0.48700932 0.91637301
vt 0.48835427 0.91069078
vt 0.48040837 0.91151184
vt 0.48411697 0.92018241
vt 0.47278267 0.91728389
vt 0.47820234 0.93305111
vt 0.475227 0.92578036
vt 0.9157452 0.9832316
vt 0.91783321 0.9952032
vt 0.9033795 0.98732591
vt 0.89457154 0.98780245
vt 0.38712347 0.94032234
vt 0.38222834 0.942195
vt 0.37093085 0.9349221
vt 0.37357059 0.94968957
vt 0.36597362 0.94553936
vt 0.3639811 0.93990141
vt 0.90785152 0.73945343
vt 0.91537791 0.75166643
vt 0.89642316 0.74460298
vt 0.90493155 0.76193726
vt 0.89459926 0.75456029
vt 0.73987842 0.87039942
vt 0.73064411 0.86580002
vt 0.7406162 0.86084372
vt 0.73007029 0.85000736
vt 0.72529697 0.85928595
vt 0.7220878 0.85302216
vt 0.15114649 0.95414734
vt 0.15149677 0.96563393
vt 0.14453427 0.96310145
vt 0.14555557 0.95606989
vt 0.16571437 0.95089811
vt 0.97190189 0.97525185
vt 0.967179 0.98438358
vt 0.96518481 0.97445863
vt 0.96663541 0.99547648
vt 0.97409087 0.99349928
vt 0.57223618 0.89115584
vt 0.56822616 0.90155762
vt 0.5591715 0.89711046
vt 0.55021042 0.88442254
vt 0.67580074 0.83305353
vt 0.6856125 0.83212763
vt 0.68827885 0.84015751
vt 0.67831272 0.83757132
vt 0.68934983 0.82150865
vt 0.69632804 0.82848144
vt 0.95583755 0.90655988
vt 0.96260494 0.91797996
vt 0.94797409 0.91894233
vt 0.94076854 0.90769398
vt 0.34863508 0.63556874
vt 0.334997 0.6279155
vt 0.34581956 0.62042403
vt 0.35384014 0.63027871
vt 0.33828998 0.63605559
vt 0.33183128 0.61619771
vt 0.33950031 0.61484373
vt 0.81712109 0.98160022
vt 0.83737212 0.98821664
vt 0.82518578 0.99665391
vt 0.6374101 0.80696815
vt 0.62821603 0.79856592
vt 0.64719367 0.80242336
vt 0.6317029 0.80932283
vt 0.64101732 0.78803241
vt 0.63316423 0.78753018
vt 0.64599943 0.79247791
vt 0.62301689 0.61503744
vt 0.61679614 0.62547445
vt 0.6123907 0.61874914
vt 0.63036007 0.62320173
vt 0.63313395 0.6327877
vt 0.62192291 0.63718587
vt 0.18425989 0.86624122
vt 0.17587568 0.87947184
vt 0.1835216 0.86674684
vt 0.18303891 0.88646114
vt 0.17691775 0.8718617
vt 0.18815562 0.88254809
vt 0.18455738 0.86654449
vt 0.19656174 0.87431371
vt 0.5813657 0.91248047
vt 0.59678954 0.90696561
vt 0.59447873 0.91872871
vt 0.58513397 0.90339917
vt 0.58189893 0.89795262
vt 0.15360372 0.88699162
vt 0.14472497 0.88299614
vt 0.15122919 0.87445295
vt 0.16322824 0.878681
vt 0.14824383 0.86687487
vt 0.69320422 0.65274644
vt 0.69263536 0.65274274
vt 0.68706375 0.64803654
vt 0.69114828 0.66723782
vt 0.67683578 0.65292883
vt 0.69398928 0.65358245
vt 0.67591846 0.66845614
vt 0.54258662 0.89258671
vt 0.53786373 0.88345498
vt 0.55276054 0.88283461
vt 0.5443728 0.89301461
vt 0.54650199 0.89412421
vt 0.53567475 0.9017024
vt 0.11067972 0.77260113
vt 0.11650823 0.782359
vt 0.10616185 0.79324406
vt 0.098446578 0.77268159
vt 0.11598665 0.79126048
vt 0.87848091 0.94854146
vt 0.88317466 0.95486867
vt 0.87220657 0.96190816
vt 0.86366141 0.95003998
vt 0.88370591 0.96431553
vt 0.22421569 0.98296684
vt 0.21396767 0.98901969
vt 0.22016458 0.97735232
vt 0.20948422 0.98191047
vt 0.20687348 0.99659157
vt 0.20659561 0.98472387
vt 0.59548312 0.97981507
vt 0.58138496 0.97491729
vt 0.60174972 0.96773648
vt 0.31091982 0.99585569
vt 0.30045587 0.98853278
vt 0.31977838 0.98911786
vt 0.38345888 0.91054392
vt 0.37184274 0.91764504
vt 0.3729319 0.89973223
vt 0.36318806 0.9119035
vt 0.42770037 0.71856451
vt 0.41909751 0.73101693
vt 0.4205555 0.71352005
vt 0.40968746 0.72484553
vt 0.41420287 0.71028554
vt 0.41486701 0.97937429
vt 0.40661916 0.98820865
vt 0.39473462 0.97900808
vt 0.70785671 0.97373557
vt 0.71808279 0.96860391
vt 0.71391177 0.97954482
vt 0.72105891 0.96363008
vt 0.049953919 0.99473196
vt 0.048792858 0.99627209
vt 0.034777742 0.9934327
vt 0.052529506 0.99654239
vt 0.6866653 0.99672496
vt 0.6751073 0.98414892
vt 0.69144309 0.97918957
vt 0.35607651 0.9953987
vt 0.35609558 0.98908043
vt 0.36578229 0.98842341
vt 0.34827247 0.99206269
vt 0.22202423 0.93224424
vt 0.2238483 0.92648554
vt 0.23259628 0.93400675
vt 0.24023405 0.92021424
vt 0.40734899 0.88278717
vt 0.39410728 0.88604283
vt 0.39844647 0.8694948
vt 0.11365163 0.99600697
vt 0.11273827 0.99173898
vt 0.13062328 0.99327147
vt 0.17656288 0.97777122
vt 0.18134838 0.99272943
vt 0.17942263 0.9958874
vt 0.18235457 0.99577624
vt 0.077741429 0.99050176
vt 0.083853349 0.99542427
vt 0.06983456 0.99477124
vt 0.065575294 0.99398947
vt 0.076989859 0.9896403
vt 0.20853654 0.85849327
vt 0.19770063 0.87048554
vt 0.19109473 0.85495442
vt 0.19167943 0.86746061
vt 0.22910583 0.98955393
vt 0.22399905 0.99642885
vt 0.2224104 0.9787991
vt 0.75297123 0.86990929
vt 0.7647965 0.87433493
vt 0.76534802 0.87698537
vt 0.7566911 0.8863427
vt 0.81436831 0.99531817
vt 0.80091465 0.98357457
vt 0.81699497 0.97783828
vt 0.17827766 0.98788077
vt 0.17231901 0.99555892
vt 0.16065243 0.99633455
vt 0.70024532 0.87045348
vt 0.6910764 0.8669219
vt 0.6926229 0.85587782
vt 0.70348704 0.85751724
vt 0.25351575 0.98507118
vt 0.24827422 0.99618083
vt 0.23774633 0.98454475
vt 0.54418802 0.85552716
vt 0.53786463 0.85452801
vt 0.53535634 0.84322202
vt 0.55133295 0.84132278
vt 0.63754356 0.99384671
vt 0.62958682 0.99343008
vt 0.63763732 0.98729908
vt 0.64392167 0.98695624
vt 0.6408596 0.99618101
vt 0.27805167 0.99194306
vt 0.28545046 0.98560578
vt 0.29203933 0.99682647
vt 0.83900011 0.99425441
vt 0.83291042 0.98362553
vt 0.84704125 0.9869383
vt 0.84575814 0.99554509
vt 0.22954136 0.98137611
vt 0.2359596 0.99112445
vt 0.22954647 0.99003285
vt 0.22954722 0.99536449
vt 0.32637778 0.98123205
vt 0.3286908 0.99535269
vt 0.31552166 0.983468
vt 0.76411414 0.96490937
vt 0.7538231 0.9501946
vt 0.76842028 0.95302427
vt 0.016797712 0.83611906
vt 0.0039224969 0.83897281
vt 0.0055763153 0.83153909
vt 0.012445692 0.82341141
vt 0.14026532 0.80804729
vt 0.13739295 0.82080054
vt 0.12921296 0.82328022
vt 0.13357052 0.80914885
vt 0.19057024 0.98103529
vt 0.17566638 0.96810657
vt 0.18785422 0.97344166
vt 0.38642091 0.98858327
vt 0.38780668 0.98172945
vt 0.39649698 0.98493505
vt 0.39287484 0.99657601
vt 0.4872064 0.98710126
vt 0.48313412 0.99682391
vt 0.47239825 0.99290031
vt 0.42801568 0.98006082
vt 0.42645255 0.98810017
vt 0.41886681 0.9750092
vt 0.4211261 0.9871043
vt 0.27225626 0.96174651
vt 0.26885021 0.97207451
vt 0.26389399 0.95969039
vt 0.26222202 0.96535408
vt 0.9222067 0.99313015
vt 0.91837943 0.98560184
vt 0.92764801 0.98761261
vt 0.92486078 0.99493569
vt 0.91805321 0.98604548
vt 0.92937225 0.9953599
vt 0.9224878 0.99378133
vt 0.92154485 0.99345785
vt 0.93248105 0.99111211
vt 0.65791732 0.88361681
vt 0.64363378 0.88737208
vt 0.65080714 0.87311602
vt 0.6481725 0.87376499
vt 0.66810709 0.9819501
vt 0.67397785 0.98949325
vt 0.66839314 0.99566829
vt 0.66726649 0.99133968
vt 0.79296327 0.99557638
vt 0.78583413 0.98700684
vt 0.79539549 0.98389727
vt 0.66418153 0.94862324
vt 0.66084486 0.94032854
vt 0.67252702 0.93729621
vt 0.67081386 0.94389665
vt 0.67172736 0.94943517
vt 0.1920179 0.96347588
vt 0.19748917 0.95522332
vt 0.20287241 0.96537519
vt 0.20259839 0.95328617
vt 0.56675553 0.98520559
vt 0.56107783 0.98776299
vt 0.56504709 0.97625953
vt 0.55854726 0.98131496
vt 0.7624343 0.98807514
vt 0.75444841 0.99573416
vt 0.75495589 0.98466879
vt 0.52647853 0.98469746
vt 0.53586507 0.98530394
vt 0.53406942 0.9961921
vt 0.0030888997 0.99513501
vt 0.0036023785 0.98574096
vt 0.0052171592 0.98555994
vt 0.0036934952 0.99469882
vt 0.88258547 0.98606014
vt 0.88864142 0.99546313
vt 0.88679725 0.99667615
vt 0.88051319 0.99208474
vt 0.88961387 0.99434656
vt 0.87958121 0.98786354
vt 0.88644469 0.98554075
vt 0.24357317 0.99642414
vt 0.23912781 0.99110222
vt 0.24335474 0.99238324
vt 0.24110839 0.98886782
vt 0.087327421 0.99287438
vt 0.08621636 0.99626374
vt 0.082325496 0.9888863
vt 0.088977911 0.99425763
vt 0.047198378 0.99533874
vt 0.042791877 0.99357277
vt 0.043616332 0.99021971
vt 0.0060122572 0.99371928
vt 0.0047754454 0.9950099
vt 0.0058846492 0.99294579
vt 0.0068062488 0.99652326
vt 0.050532281 0.99580395
vt 0.052199807 0.99428314
vt 0.052642465 0.99472702
usemtl Tile_+034_+028_L18_00020_0
f 619/1980 603/1981 1065/1982
f 1255/1099 1067/1100 1066/1101
f 631/1437 588/1438 627/1439
f 1401/2080 1368/2081 1400/2082
f 1270/1 1253/2 292/3
f 1607/32 1352/18 1608/42
f 1221/2568 1214/2569 1164/2570
f 625/1340 1278/1341 490/1342
f 1237/941 1234/942 1249/943
f 653/2482 652/2483 1308/2484
f 1440/262 282/292 281/278
f 1367/1042 1434/1043 1018/1044
f 1103/865 1105/866 1338/867
f 1405/2231 1517/2232 1259/2233
f 1396/1882 1378/1883 1385/1884
f 1417/2241 1429/2242 1430/2243
f 1146/67 1442/92 1145/80
f 1383/2698 1377/2699 1143/2700
f 1344/30 1346/24 1345/39
f 652/3164 1174/3165 1428/3166
f 1166/145 1424/167 1191/146
f 1239/957 295/962 1269/964
f 1239/957 1230/954 297/961
f 1234/942 1235/945 1249/943
f 1216/959 1229/955 1233/952
f 1217/108 1213/84 1211/96
f 1138/37 1137/48 1153/56
f 1383/2698 1384/2701 1377/2699
f 1190/3192 1194/3193 1201/3194
f 1201/3194 1200/3195 1190/3192
f 1209/3090 1156/3091 1064/3092
f 1204/3122 1224/3123 1223/3124
f 1171/159 1250/127 1187/149
f 1195/2039 1194/2040 1179/2041
f 1155/95 1160/82 1159/94
f 1156/3023 1209/3024 1152/3025
f 1142/3178 1161/3179 291/3180
f 1150/57 1227/85 1163/71
f 1427/965 1426/966 1425/967
f 1156/2915 1200/2916 1157/2917
f 1134/55 1136/35 1128/46
f 1391/831 1388/832 11/833
f 1140/36 1136/35 1135/47
f 1132/2759 1107/2760 1122/2761
f 486/1478 1095/1479 1114/1480
f 1347/12 1264/17 1067/5
f 1261/1105 1435/1103 1256/1104
f 1611/3065 1419/3066 1612/3067
f 1338/45 1097/34 1102/21
f 1100/2105 1116/2106 1108/2107
f 1101/3130 1120/3131 1414/3132
f 1522/972 1418/978 1406/970
f 1419/2169 1364/2170 1613/2171
f 1108/2107 1415/2113 1412/2110
f 1349/2181 1363/2180 1351/2178
f 1518/974 1526/975 1530/968
f 1517/982 1405/985 1526/975
f 1267/1583 1266/1584 1410/1585
f 1386/1888 1376/1895 1408/1893
f 1503/1657 1372/1658 1501/1659
f 1386/1888 1379/1886 1378/1883
f 1376/1895 1411/1898 1377/1897
f 1368/2081 1401/2080 1369/2083
f 1385/1872 1394/1873 1399/1874
f 1392/2802 1028/2803 1393/2804
f 1131/54 1337/77 1129/66
f 1184/134 1205/124 1026/144
f 1183/114 1026/144 1205/124
f 1243/2051 1441/2052 1478/2053
f 1360/171 1359/139 1617/160
f 1183/114 989/123 1012/133
f 1129/66 976/89 1144/78
f 1367/1042 1018/1044 1366/1045
f 1348/2182 1363/2180 1349/2181
f 1391/831 11/833 35/834
f 1351/2591 1416/2592 1490/2593
f 1346/24 1264/17 1347/12
f 1096/43 1111/76 1095/88
f 1355/1115 1356/1113 1253/1111
f 934/761 932/762 1354/763
f 1096/1482 1095/1479 486/1478
f 1272/2488 1334/2485 1308/2484
f 653/2482 1334/2485 1309/2489
f 1269/964 1226/963 1239/957
f 1178/179 1177/190 1246/203
f 1340/191 901/168 902/205
f 1191/146 1185/115 1166/145
f 1462/1735 1453/1736 1281/1737
f 1326/359 1287/384 1327/363
f 1310/2490 653/2482 1309/2489
f 1321/2252 1313/2253 1245/2254
f 618/986 1176/987 1315/988
f 602/1983 1065/1982 603/1981
f 1332/3181 1487/3182 1333/3183
f 1314/2259 1285/2256 1313/2253
f 1331/992 1485/989 1293/995
f 1321/2308 1244/2309 1330/2310
f 1312/275 820/259 1329/288
f 642/1116 1305/1117 1456/1118
f 1471/1990 1291/1987 1328/1988
f 1484/1984 1328/1988 1291/1987
f 1311/2974 902/2975 1312/2976
f 1294/1985 602/1983 1291/1987
f 1248/1420 1310/1421 1249/1422
f 280/2063 1307/2060 284/2056
f 1235/1423 1236/1431 1251/1429
f 1301/385 1319/345 1318/386
f 1280/371 1281/357 1453/383
f 1290/228 1477/218 902/205
f 638/1783 656/1784 1289/1785
f 1455/2416 624/2417 1449/2418
f 717/1322 1029/1323 1088/1324
f 642/1645 641/1646 644/1647
f 1304/343 1281/357 1280/371
f 1303/1738 1277/1740 657/1741
f 1299/315 1302/373 1301/385
f 1301/3134 1300/3135 1299/3136
f 622/1127 596/1128 645/1119
f 581/2539 576/2540 526/2541
f 505/2546 497/2547 495/2548
f 605/1949 620/1950 604/1951
f 601/1066 607/1067 1273/1068
f 1260/3032 1422/3033 289/3034
f 1254/10 1132/6 1253/2
f 294/7 1133/4 292/3
f 1162/110 1163/71 298/109
f 1163/71 1227/85 1215/97
f 299/118 1226/126 1269/138
f 1225/1670 1210/1671 1218/1672
f 1232/948 1242/951 1241/953
f 1238/956 1232/948 1241/953
f 1168/125 1167/158 1172/170
f 295/962 1239/957 297/961
f 1229/117 1216/116 1217/108
f 1210/137 1187/149 1250/127
f 1211/96 1210/137 1250/127
f 1211/1674 1218/1672 1210/1671
f 1251/1429 1250/1435 1171/1432
f 1171/1432 1172/1427 1251/1429
f 1235/1423 1251/1429 1172/1427
f 1236/1431 1250/1435 1251/1429
f 1229/955 1250/958 1236/950
f 1236/950 1233/952 1229/955
f 1239/957 1226/963 1216/959
f 1216/959 1233/952 1239/957
f 1232/948 1236/950 1237/941
f 296/2343 297/2344 1231/2345
f 1231/960 1238/956 1241/953
f 1249/1422 1235/1423 1248/1420
f 1242/2057 1247/2061 1241/2064
f 1170/993 1178/998 1246/990
f 1321/2308 1245/2312 1244/2309
f 1237/941 1243/946 1232/948
f 1243/946 1242/951 1232/948
f 1233/952 1236/950 1232/948
f 1234/1434 1236/1431 1235/1423
f 1230/954 1239/957 1233/952
f 1230/954 1233/952 1232/948
f 1232/948 1238/956 1230/954
f 1230/954 1238/956 1231/960
f 1231/960 297/961 1230/954
f 1210/2402 1225/2403 1187/2404
f 1187/2404 1225/2403 1180/2405
f 1199/2766 1195/2767 1240/2768
f 1180/2405 1225/2403 1223/2406
f 1202/1678 1198/1680 1204/1679
f 1223/2406 1195/2407 1180/2405
f 1240/3125 1195/3126 1223/3124
f 1224/3123 1240/3125 1223/3124
f 1223/1676 1202/1678 1204/1679
f 1204/2770 1199/2766 1224/2769
f 1222/1673 1202/1678 1223/1676
f 1214/3101 1206/3102 1222/3103
f 1200/3027 1207/3026 1209/3024
f 1209/3090 1157/3094 1200/3095
f 1196/1681 1214/1684 1221/1685
f 1221/2706 1207/2707 1196/2708
f 1219/3188 1220/3189 1151/3190
f 1064/93 1151/81 1063/68
f 1197/1682 1204/1679 1198/1680
f 1188/2989 1189/2990 1194/2991
f 1218/1672 1222/1673 1225/1670
f 1222/3103 1228/3104 1214/3101
f 298/109 1163/71 1215/97
f 1163/71 1162/110 291/58
f 1213/84 1215/97 1227/85
f 1150/57 1213/84 1227/85
f 1226/126 299/118 1215/97
f 1213/84 1216/116 1215/97
f 1218/1672 1211/1674 1154/1677
f 1211/96 1229/117 1217/108
f 1216/116 1213/84 1217/108
f 1216/116 1226/126 1215/97
f 1211/96 1250/127 1229/117
f 1154/1677 1228/1675 1218/1672
f 1154/70 1211/96 1213/84
f 1168/125 1187/149 1186/148
f 1138/37 1151/81 1064/93
f 1138/37 1153/56 1219/69
f 1157/2571 1064/2573 1156/2575
f 1153/56 1220/83 1219/69
f 1164/2570 1064/2573 1157/2571
f 1155/95 1063/68 1160/82
f 1208/2711 1152/2713 1207/2707
f 1155/3007 1159/3008 1156/3009
f 1186/2044 1194/2040 1190/2047
f 1203/3010 1212/3011 1156/3009
f 1185/115 1159/94 1158/106
f 1214/1684 1196/1681 1206/1683
f 1158/106 1205/124 1185/115
f 1191/146 1169/135 1185/115
f 1147/79 1182/90 1135/47
f 1205/124 1158/106 1183/114
f 1196/2994 1201/2992 1193/2993
f 1159/3008 1203/3010 1156/3009
f 1203/3155 1190/3156 1188/3157
f 1209/3090 1064/3092 1208/3093
f 1199/2043 1188/2046 1194/2040
f 1200/2916 1203/2919 1188/2920
f 1188/2920 1193/2921 1200/2916
f 1152/3025 1209/3024 1207/3026
f 1208/3093 1157/3094 1209/3090
f 1200/2916 1212/2918 1203/2919
f 1221/2706 1157/2709 1207/2707
f 1207/2707 1157/2709 1208/2711
f 1064/2714 1152/2713 1208/2711
f 1201/2710 1207/2707 1200/2712
f 1206/1683 1196/1681 1202/1678
f 1194/2991 1189/2990 1201/2992
f 1193/3196 1190/3192 1200/3195
f 1193/3298 1189/3299 1190/3300
f 1199/2043 1197/2048 1188/2046
f 1193/2993 1197/2995 1196/2994
f 1193/2993 1201/2992 1189/2990
f 1197/2048 1193/2050 1188/2046
f 1190/3156 1189/3158 1188/3157
f 1179/2041 1180/2042 1195/2039
f 1199/2043 1194/2040 1195/2039
f 1190/2047 1203/2049 1186/2044
f 1203/136 1159/94 1168/125
f 1186/148 1203/136 1168/125
f 1168/125 1171/159 1187/149
f 1168/125 1159/94 1185/115
f 1187/2045 1180/2042 1179/2041
f 1174/1424 1248/1420 1476/1426
f 1172/170 1171/159 1168/125
f 1184/134 184/156 1166/145
f 1205/124 1184/134 1185/115
f 1169/135 1168/125 1185/115
f 1185/115 1184/134 1166/145
f 1135/47 1182/90 1181/103
f 1135/47 1160/82 1063/68
f 1156/107 1152/105 1063/68
f 1156/107 1063/68 1155/95
f 1150/57 1138/37 1154/70
f 1151/3028 1220/3029 1153/3030
f 1064/2573 1164/2570 1154/2572
f 1163/71 1142/38 1150/57
f 291/58 1161/86 1163/71
f 1138/516 1064/517 1154/518
f 1151/3028 1153/3030 1137/3031
f 1142/38 291/58 290/49
f 1140/36 1135/47 1139/28
f 1138/3191 1219/3188 1151/3190
f 1151/81 1137/48 1063/68
f 1152/105 1064/93 1063/68
f 1142/38 1163/71 1161/86
f 293/29 1142/38 290/49
f 1150/57 1142/38 1138/37
f 1137/48 1139/28 1135/47
f 1135/47 1181/103 1158/106
f 1137/48 1135/47 1063/68
f 1135/47 1136/35 1134/55
f 1139/28 1141/22 1125/16
f 1128/46 1144/78 1146/67
f 1139/28 1138/37 1141/22
f 293/29 292/3 1141/22
f 1142/38 293/29 1141/22
f 1142/38 1141/22 1138/37
f 1141/22 292/3 1125/16
f 1125/16 1136/35 1140/36
f 1139/28 1137/48 1138/37
f 1125/16 1140/36 1139/28
f 1358/3078 1149/3079 1148/3080
f 1104/27 1097/34 1128/46
f 1146/67 1145/80 1134/55
f 1146/67 1134/55 1128/46
f 1358/2203 1442/2204 961/2205
f 1098/869 1105/866 1143/873
f 1129/66 1128/46 1131/54
f 1125/16 1130/11 1102/21
f 1377/2699 1411/2704 1192/2702
f 1123/2762 1127/2763 1126/2764
f 1106/2325 1113/2326 1122/2327
f 1123/2330 1124/2331 1112/2329
f 1125/16 1104/27 1136/35
f 1422/3033 1133/3036 294/3037
f 1132/6 1130/11 292/3
f 1130/11 1125/16 292/3
f 935/99 976/89 1129/66
f 1131/54 1128/46 1097/34
f 1338/867 1105/866 1098/869
f 1097/34 1104/27 1102/21
f 1115/33 1103/44 1102/21
f 1099/2640 1101/2641 1100/2642
f 1097/872 1098/869 1131/876
f 1099/2640 1121/2643 1115/2645
f 1103/865 1115/870 1121/868
f 486/2879 1121/2880 1120/2881
f 1113/2326 1106/2325 1112/2329
f 1108/2594 1110/2595 1109/2596
f 1095/88 1111/76 1619/98
f 1527/3240 1364/3241 1109/3242
f 1114/2501 1095/2502 1118/2503
f 1118/151 1095/88 1359/139
f 1357/3159 1111/3160 1621/3161
f 1352/18 1353/25 1342/31
f 1123/2330 1112/2329 1106/2325
f 1346/24 1344/30 1264/17
f 1133/4 1270/1 292/3
f 1066/1101 1268/1102 1255/1099
f 1344/2997 1258/2998 1263/2999
f 1253/2 1132/6 292/3
f 485/3208 1127/3209 1132/3210
f 485/976 1112/980 1528/969
f 1253/2 1270/1 1067/5
f 1255/2779 1253/2780 1067/2781
f 1253/1111 1435/1103 1488/1109
f 1352/18 1254/10 1488/13
f 1344/3171 1355/3172 1423/3173
f 1341/2234 1258/2236 1423/2238
f 1341/2234 1356/2239 1342/2237
f 1353/979 1488/971 1526/975
f 1341/2234 1423/2238 1356/2239
f 1530/968 1425/967 1406/970
f 485/976 1528/969 1127/973
f 1133/3036 1422/3033 1260/3032
f 1067/5 1270/1 1529/9
f 1270/1 1133/4 1260/8
f 1260/8 1347/12 1529/9
f 1347/12 1067/5 1529/9
f 1347/12 1260/8 288/23
f 1067/1597 1264/1596 1066/1595
f 1520/1594 1264/1596 1258/1591
f 1405/985 1342/983 1526/975
f 1530/968 1488/971 1427/965
f 1425/967 1530/968 1427/965
f 1342/2237 1405/2231 1341/2234
f 1406/970 1518/974 1530/968
f 1426/1110 1427/1107 1261/1105
f 289/3034 1422/3033 294/3037
f 288/3035 1260/3032 289/3034
f 1256/1104 1257/1106 1261/1105
f 1529/9 1270/1 1260/8
f 1132/2759 1127/2763 1123/2762
f 1107/2760 1132/2759 1123/2762
f 1106/2325 1122/2327 1107/2328
f 1426/2765 1126/2764 1127/2763
f 486/1970 1101/1971 1523/1972
f 1123/2330 1106/2325 1107/2328
f 1528/969 1522/972 1425/967
f 1426/966 1127/973 1528/969
f 1488/1109 1435/1103 1427/1107
f 1118/2503 1119/2504 1114/2501
f 1114/2501 1119/2504 1116/2506
f 1101/3130 1099/3133 1120/3131
f 1528/2333 1112/2329 1124/2331
f 1420/1975 1521/1974 1414/1973
f 1406/970 1425/967 1522/972
f 1101/2641 1116/2644 1100/2642
f 1117/2505 1490/2507 1116/2506
f 1110/3070 1416/3068 1611/3065
f 1415/2177 1416/2173 1351/2178
f 1101/1971 1414/1973 1523/1972
f 1403/2247 1407/2249 1404/2246
f 1416/2173 1109/2175 1364/2170
f 1615/3244 1527/3240 1629/3247
f 1416/2173 1415/2177 1109/2175
f 1412/2110 1415/2113 1363/2114
f 1419/2169 1416/2173 1364/2170
f 1631/3243 1109/3242 1632/3245
f 1380/2109 1108/2107 1412/2110
f 1412/2110 1421/2112 1380/2109
f 1369/848 1421/844 1494/840
f 1395/1053 1374/1046 1509/1055
f 1380/2109 1401/2108 1108/2107
f 1514/2784 1515/2785 1521/2786
f 1401/2108 1380/2109 1369/2111
f 1401/2108 1100/2105 1108/2107
f 1100/1976 1420/1975 1414/1973
f 1414/2883 1120/2881 1100/2882
f 1120/2881 1121/2880 1100/2882
f 1101/1481 1114/1480 1116/1483
f 1522/2335 1528/2333 1124/2331
f 1522/2335 1124/2331 1426/2334
f 1525/871 1121/868 1523/875
f 1525/871 1524/879 1437/878
f 1521/2786 1515/2785 1437/2787
f 1437/2787 1436/2789 1521/2786
f 1436/882 1437/878 1524/879
f 1430/2941 1257/2942 1432/2943
f 1124/2331 1126/2332 1426/2334
f 1123/2330 1126/2332 1124/2331
f 1066/1595 1520/1594 1268/1590
f 1257/2983 1256/2984 1431/2985
f 1436/882 1524/879 1523/875
f 1432/2986 1257/2983 1431/2985
f 1256/2984 1268/2987 1431/2985
f 1268/2987 1432/2986 1431/2985
f 1430/2941 1512/2946 1262/2945
f 1066/1595 1264/1596 1520/1594
f 1521/1974 1420/1975 1400/1977
f 1259/2233 1258/2236 1341/2234
f 1517/982 1526/975 1518/974
f 1426/1110 1262/1108 1522/1112
f 1262/1108 1418/1114 1522/1112
f 1418/2251 1262/2248 1406/2250
f 1407/977 1518/974 1406/970
f 1407/2249 1406/2250 1404/2246
f 1262/2248 1404/2246 1406/2250
f 1520/1594 1258/1591 1267/1583
f 1259/1587 1266/1584 1267/1583
f 1519/2850 1516/2851 1407/2852
f 1341/2234 1405/2231 1259/2233
f 1409/1592 1417/1593 1410/1585
f 1511/1586 1410/1585 1432/1589
f 1511/1586 1268/1590 1267/1583
f 1429/2242 1512/2245 1430/2243
f 1265/1588 1409/1592 1410/1585
f 1511/1586 1267/1583 1410/1585
f 1266/1584 1265/1588 1410/1585
f 1519/2850 1402/2853 1266/2856
f 1417/2241 1409/2244 1429/2242
f 1266/2856 1259/2854 1519/2850
f 1265/2858 1266/2856 1402/2853
f 1519/2850 1259/2854 1516/2851
f 1407/2852 1402/2853 1519/2850
f 1400/1977 1420/1975 1401/1978
f 1512/2245 1404/2246 1262/2248
f 1370/2088 1506/2087 1371/2085
f 1368/2081 1513/2086 1514/2084
f 1437/2787 1515/2785 1514/2784
f 1400/2082 1368/2081 1514/2084
f 1513/2788 1437/2787 1514/2784
f 1368/2081 1506/2087 1513/2086
f 1429/2242 1404/2246 1512/2245
f 1265/2858 1402/2853 1409/2859
f 1403/2855 1429/2857 1402/2853
f 1407/2852 1403/2855 1402/2853
f 1403/2247 1404/2246 1429/2242
f 1429/2857 1409/2859 1402/2853
f 1268/2987 1511/2988 1432/2986
f 1523/2790 1521/2786 1436/2789
f 649/1372 584/1373 575/1374
f 1143/2700 1377/2699 1192/2702
f 1143/873 1192/883 1443/881
f 1383/1664 1143/1667 1372/1658
f 1376/1062 1192/1060 1411/1065
f 1509/877 1098/869 1143/873
f 1507/2090 1437/2089 1506/2087
f 1507/1665 1370/1662 1372/1658
f 1387/851 1499/861 1505/857
f 1372/1658 1370/1662 1501/1659
f 1502/1661 1504/1669 1384/1668
f 1372/1658 1502/1661 1383/1664
f 1384/1892 1510/1889 1508/1891
f 1384/2701 1508/2703 1377/2699
f 1377/1897 1408/1893 1376/1895
f 1443/1058 1192/1060 1395/1053
f 1376/1062 1375/1059 1395/1053
f 1382/2791 1396/2792 1381/2793
f 1375/1059 1398/1063 1397/1061
f 1443/1058 1395/1053 1509/1055
f 1386/1888 1375/1896 1376/1895
f 1386/1888 1508/1891 1379/1886
f 1386/1888 1408/1893 1508/1891
f 1377/2699 1508/2703 1408/2705
f 1385/1884 1379/1886 1510/1889
f 1508/1891 1510/1889 1379/1886
f 1385/1872 1504/1880 1502/1878
f 1385/1884 1384/1892 1504/1894
f 1502/1661 1384/1668 1383/1664
f 1500/1876 1502/1878 1499/1879
f 1372/1658 1503/1657 1502/1661
f 1502/1878 1503/1881 1499/1879
f 1369/848 1387/851 1371/854
f 1371/2085 1506/2087 1368/2081
f 1370/2088 1507/2090 1506/2087
f 1369/2083 1371/2085 1368/2081
f 1387/851 1505/857 1371/854
f 1499/1660 1501/1659 1505/1663
f 1501/1659 1370/1662 1371/1666
f 1501/1659 1499/1660 1503/1657
f 1500/1876 1499/1879 1399/1874
f 1395/1053 1373/1049 1374/1046
f 1375/1059 1397/1061 1393/1056
f 1386/2799 1382/2791 1375/2797
f 1379/1886 1385/1884 1378/1883
f 1382/2791 1386/2799 1378/2795
f 1392/1064 1393/1056 1397/1061
f 1382/2791 1381/2793 1398/2794
f 1381/2793 1397/2798 1398/2794
f 1392/2801 1397/2798 1381/2793
f 1393/1056 1498/1057 1495/1050
f 1495/1050 1373/1049 1393/1056
f 1373/1049 1395/1053 1393/1056
f 222/855 1023/862 1396/863
f 1024/853 1399/859 1387/851
f 1495/1050 1498/1057 44/1054
f 1387/851 1389/850 1024/853
f 1385/1884 1497/1885 1396/1882
f 1399/859 1024/853 1021/860
f 1385/1872 1399/1874 1497/1875
f 1021/860 1496/864 1399/859
f 1497/1875 1399/1874 1496/1877
f 1497/1885 1496/1890 1021/1887
f 1396/1882 1497/1885 1021/1887
f 1381/2793 1396/2792 1023/2796
f 1028/2800 1392/2801 1381/2793
f 1396/863 1021/860 222/855
f 1393/2804 1028/2803 1498/2805
f 1495/1050 1434/1043 1373/1049
f 1019/849 1024/853 1389/850
f 1421/2112 1363/2114 1391/2115
f 1391/831 1494/840 1421/844
f 1391/831 1390/836 1494/840
f 1412/2110 1363/2114 1421/2112
f 1390/836 1413/845 1494/840
f 1494/840 1413/845 1369/848
f 1387/851 1369/848 1413/845
f 1413/845 1019/849 1389/850
f 32/846 1019/849 1390/836
f 1374/1046 1373/1049 1434/1043
f 1434/1043 1367/1042 1374/1046
f 43/1047 1018/1044 1434/1043
f 43/1047 1434/1043 1495/1050
f 942/1169 1018/1170 60/1171
f 1367/1042 1366/1045 1374/1046
f 963/2207 961/2205 1442/2204
f 963/2207 1442/2204 1361/2208
f 1442/3081 1358/3078 1148/3080
f 1145/3082 1148/3080 1149/3079
f 1149/2206 1358/2203 961/2205
f 1476/1426 1167/1430 1173/1428
f 184/156 1184/134 1026/144
f 1183/114 1182/90 983/102
f 184/156 901/168 1166/145
f 983/102 989/123 1183/114
f 1147/79 983/102 1182/90
f 962/101 983/102 1147/79
f 1493/100 977/113 979/121
f 963/2207 1361/2208 1493/2210
f 1149/2336 1492/2337 1145/2338
f 1145/2338 1492/2337 962/2340
f 1493/3185 1365/3186 1144/3187
f 1493/2210 1361/2208 1365/2214
f 1144/78 1365/91 1146/67
f 1146/67 1361/104 1442/92
f 1365/91 1361/104 1146/67
f 942/1048 1366/1045 1018/1044
f 1131/1051 1366/1045 1337/1052
f 940/835 11/833 1388/832
f 1363/2180 1415/2177 1351/2178
f 1388/2183 1348/2182 1349/2181
f 1363/2114 1348/2116 1391/2115
f 1391/831 35/834 1390/836
f 942/2979 935/2980 1129/2981
f 1337/1052 1366/1045 942/1048
f 1129/2981 1337/2982 942/2979
f 930/838 940/835 1388/832
f 1349/842 930/838 1388/832
f 932/762 1351/768 1350/765
f 484/19 1094/26 485/14
f 1350/183 1362/161 1360/171
f 933/767 934/761 31/764
f 941/3168 932/3169 934/3170
f 1610/766 1354/763 1634/770
f 1350/183 1360/171 1635/194
f 1362/161 1359/139 1360/171
f 1637/59 1345/39 1638/61
f 1254/10 485/14 1132/6
f 1355/73 1491/60 1342/31
f 1253/2780 1255/2779 1423/2782
f 1491/60 1355/73 1344/30
f 1343/50 1491/60 1344/30
f 1343/50 1344/30 1345/39
f 285/51 1345/39 1346/24
f 1638/61 285/51 1639/74
f 1491/60 1343/50 1640/72
f 1342/31 1491/60 1641/63
f 1111/3279 1357/3280 1623/3281
f 1096/43 484/19 1607/32
f 1359/139 1095/88 1633/128
f 1354/763 1350/765 1636/769
f 31/764 934/761 1354/763
f 932/762 1350/765 1354/763
f 487/1485 1339/1487 1115/1488
f 1118/151 1359/139 1362/161
f 1350/183 1351/193 1117/172
f 932/762 925/777 1349/773
f 1117/172 1118/151 1362/161
f 1120/1490 1099/1489 486/1478
f 484/19 485/14 1254/10
f 1112/980 485/976 1113/984
f 1115/1488 1094/1484 487/1485
f 486/1478 487/1485 1094/1484
f 1096/1482 1094/1484 484/1486
f 1608/42 1489/41 1625/64
f 1489/41 1342/31 1642/52
f 1489/41 1352/18 1342/31
f 1353/25 1352/18 1488/13
f 1352/18 484/19 1254/10
f 1488/13 1254/10 1253/2
f 1338/45 1102/21 1103/44
f 1115/33 1102/21 1113/20
f 1121/868 1105/866 1103/865
f 1102/21 1130/11 1113/20
f 1113/20 1130/11 1122/15
f 1094/26 1113/20 485/14
f 1132/6 1122/15 1130/11
f 1113/20 1094/26 1115/33
f 1175/147 1167/158 1168/125
f 1319/3083 1301/3084 1323/3085
f 1475/169 1298/192 1428/181
f 1479/2255 1313/2253 1321/2252
f 1252/180 1165/178 1166/145
f 1166/145 901/168 1252/180
f 1478/2053 284/2056 1480/2054
f 1478/248 1474/220 1440/262
f 1329/519 1323/520 1312/521
f 1340/191 902/205 1477/218
f 1323/272 1299/315 1319/345
f 1290/228 1311/245 1324/257
f 1461/303 1329/288 820/259
f 820/259 1312/275 902/205
f 1483/3038 1482/3039 1332/3040
f 1175/997 1170/993 1176/987
f 1252/180 901/168 1340/191
f 1166/145 1165/178 1424/167
f 1476/1426 1172/1427 1167/1430
f 1475/169 1167/158 1175/147
f 1168/125 1169/135 1175/147
f 1169/135 1170/157 1175/147
f 1191/146 1170/157 1169/135
f 1479/2255 1340/2260 1320/2258
f 1191/146 1424/167 1178/179
f 821/2969 1086/2970 900/2971
f 1034/1821 817/1822 831/1823
f 1301/3134 1318/3137 1300/3135
f 1302/2065 1300/2066 1318/2067
f 1281/1737 1303/1738 1462/1735
f 1320/2258 1314/2259 1313/2253
f 1314/2072 1325/2074 1317/2068
f 1252/2311 1330/2310 1165/2313
f 1177/190 1322/202 1433/215
f 1316/1986 1482/1989 1328/1988
f 1486/2073 1482/2078 1433/2079
f 1424/167 1322/202 1177/190
f 1475/996 1176/987 1331/992
f 1176/987 1170/993 1246/990
f 1486/2314 1433/2316 1481/2315
f 1246/990 1315/988 1176/987
f 1310/2490 1174/2486 653/2482
f 1486/2073 1487/2070 1332/2077
f 1469/3041 1483/3038 1332/3040
f 1316/227 1315/216 1177/190
f 1433/215 1316/227 1177/190
f 1315/216 1246/203 1177/190
f 1308/2484 1334/2485 653/2482
f 1310/1421 1309/1425 1249/1422
f 1309/944 1237/941 1249/943
f 1309/2489 1334/2485 1272/2488
f 1486/2314 1244/2309 1245/2312
f 1313/2253 1285/2256 1245/2254
f 1486/2073 1245/2076 1284/2071
f 1284/2071 1245/2076 1285/2075
f 1484/1984 603/1981 1316/1986
f 1317/2068 1487/2070 1284/2071
f 603/256 618/243 1316/227
f 618/986 1485/989 1176/987
f 1316/227 618/243 1315/216
f 619/994 1293/995 1485/989
f 1316/1986 1328/1988 1484/1984
f 1332/2077 1482/2078 1486/2073
f 1485/989 618/986 603/991
f 1314/2072 1284/2071 1285/2075
f 1311/245 1290/228 902/205
f 1065/1000 1293/995 619/994
f 1280/371 1326/359 1460/330
f 1325/2263 1314/2259 1290/2262
f 1336/999 1331/992 1293/995
f 1291/1987 602/1983 1484/1984
f 1292/1001 1336/999 1293/995
f 1471/1990 1328/1988 1482/1989
f 1294/2897 1292/2898 1293/2899
f 1469/360 1333/398 1318/386
f 1294/289 1439/316 1459/304
f 1292/230 1295/276 1468/260
f 1439/316 1438/344 1327/363
f 1294/289 1295/276 1292/230
f 1472/1794 1306/1791 655/1786
f 655/2715 1465/2716 1472/2717
f 1473/249 1474/220 1297/233
f 1466/2585 1458/2586 1468/2587
f 1289/1785 655/1786 638/1783
f 283/2721 1464/2719 1289/2720
f 1306/1123 1472/1120 1305/1117
f 644/1126 1306/1123 1305/1117
f 654/1129 1306/1123 644/1126
f 1309/944 1271/947 1243/946
f 1243/2051 1271/2058 1308/2055
f 1243/946 1237/941 1309/944
f 1480/2054 1242/2057 1243/2051
f 1480/2054 1247/2061 1242/2057
f 1307/2346 1231/2345 1241/2348
f 1307/2346 280/2349 296/2343
f 1308/2055 1441/2052 1243/2051
f 1478/2053 1480/2054 1243/2051
f 1307/2060 1480/2054 284/2056
f 1307/2346 296/2343 1231/2345
f 1307/3141 1247/3142 1480/3143
f 1247/3142 1307/3141 1241/3144
f 1310/1421 1248/1420 1174/1424
f 1485/989 1331/992 1176/987
f 1441/2487 1308/2484 652/2483
f 1333/2069 1487/2070 1317/2068
f 1320/2258 1313/2253 1479/2255
f 1424/167 1165/178 1481/189
f 1424/167 1481/189 1322/202
f 1433/215 1322/202 1481/189
f 1330/2310 1244/2309 1165/2313
f 1178/2901 1170/2902 1191/2903
f 1178/179 1424/167 1177/190
f 1482/1989 1483/1991 1471/1990
f 1174/3165 1173/3167 1428/3166
f 652/207 1474/220 1441/232
f 1441/232 1474/220 1478/248
f 1477/2261 1320/2258 1340/2260
f 1252/2311 1321/2308 1330/2310
f 1479/2255 1321/2252 1252/2257
f 1428/1433 1173/1428 1167/1430
f 1176/987 1475/996 1175/997
f 1174/1424 1476/1426 1173/1428
f 1479/2255 1252/2257 1340/2260
f 652/207 1298/192 1474/220
f 281/278 1478/248 1440/262
f 1474/220 1473/249 1472/264
f 655/2715 1289/2720 1464/2719
f 1336/206 1335/219 1298/192
f 1319/345 1300/361 1469/360
f 1299/315 1469/360 1302/373
f 1323/272 1290/228 1324/257
f 820/522 1030/523 1461/524
f 1311/2974 1312/2976 1323/2977
f 1323/2977 1324/2978 1311/2974
f 821/313 1460/330 1461/303
f 1319/345 1299/315 1300/361
f 1086/525 1461/524 1030/523
f 1461/303 1086/358 821/313
f 1317/3086 1290/3087 1323/3085
f 1319/345 1469/360 1318/386
f 1298/192 1475/169 1336/206
f 1474/220 1298/192 1297/233
f 1335/2590 1467/2589 1458/2586
f 1458/231 1298/192 1335/219
f 1458/231 1297/233 1298/192
f 1470/332 1439/316 1294/289
f 1471/362 1483/387 1469/360
f 1317/2068 1318/2067 1333/2069
f 1477/2261 1290/2262 1320/2258
f 1317/2068 1302/2065 1318/2067
f 1317/3086 1301/3084 1302/3088
f 1323/3085 1301/3084 1317/3086
f 1299/315 1438/344 1469/360
f 1470/332 1469/360 1438/344
f 1438/344 1439/316 1470/332
f 1469/360 1470/332 1471/362
f 1470/332 1294/289 1291/347
f 1471/362 1470/332 1291/347
f 1331/992 1336/999 1475/996
f 1292/230 1335/219 1336/206
f 1335/219 1292/230 1467/247
f 1456/263 1472/264 1473/249
f 1456/263 1473/249 1297/233
f 655/2715 1464/2719 282/2718
f 1472/2717 1465/2716 282/2718
f 1472/264 282/292 1440/262
f 1465/2716 655/2715 282/2718
f 1463/277 609/331 1275/317
f 1466/2585 1463/2588 1458/2586
f 607/1067 606/1074 609/1071
f 1288/261 1458/231 1463/277
f 1451/305 597/291 1463/277
f 597/291 1288/261 1463/277
f 1467/247 1292/230 1468/260
f 1458/2586 1467/2589 1468/2587
f 1289/1785 656/1784 283/1788
f 1468/260 1295/276 1466/290
f 1327/2612 1287/2613 1445/2614
f 645/1119 642/1116 1456/1118
f 622/1127 645/1119 1288/1124
f 1445/2614 1287/2613 1444/2616
f 1439/2615 1327/2612 1445/2614
f 1459/2617 1444/2616 1273/2619
f 1462/1735 1454/1739 1453/1736
f 1283/1742 1462/1735 657/1741
f 625/2419 624/2417 1455/2416
f 657/1741 1462/1735 1303/1738
f 1460/330 1304/343 1280/371
f 1326/359 1280/371 1453/383
f 1462/1735 1283/1742 1454/1739
f 1282/1745 1283/1742 657/1741
f 1459/304 1273/346 609/331
f 1459/304 1463/277 1295/276
f 1459/2617 1445/2614 1444/2616
f 1288/261 1297/233 1458/231
f 1459/2617 1439/2615 1445/2614
f 1295/276 1294/289 1459/304
f 1281/357 1304/343 836/328
f 1281/357 1296/372 1277/382
f 821/313 836/328 1304/343
f 836/328 1296/372 1281/357
f 1299/315 1329/288 1461/303
f 1460/330 1299/315 1461/303
f 609/331 1463/277 1459/304
f 1326/359 1438/344 1460/330
f 630/1389 1446/1386 287/1382
f 1303/1738 1281/1737 1277/1740
f 836/328 1083/381 1296/372
f 1034/1821 1450/1833 1452/1831
f 1296/2860 1083/2861 1081/2862
f 1449/1835 1450/1833 1457/1830
f 1665/1827 1034/1821 1666/1824
f 1663/1834 1457/1830 1664/1832
f 608/1748 1282/1745 657/1741
f 1081/2862 1274/2863 1296/2860
f 1274/2863 1276/2864 1296/2860
f 657/1741 1279/1744 659/1747
f 1276/2864 1279/2867 1277/2866
f 1449/1835 1457/1830 1455/1836
f 625/2419 1455/2416 1662/2421
f 611/2420 1449/2418 624/2417
f 621/318 597/291 1451/305
f 633/2006 630/2007 632/2008
f 1287/384 1326/359 1454/397
f 1452/2679 1274/2680 1081/2681
f 621/318 1451/305 1275/317
f 586/1309 1275/1310 609/1311
f 1282/1952 620/1950 605/1949
f 586/3175 621/3176 1275/3177
f 621/318 623/333 597/291
f 617/2865 1279/2867 1276/2864
f 1081/2287 1059/2288 1452/2289
f 659/3059 616/3060 615/3061
f 277/884 278/885 1448/886
f 658/1749 659/1747 615/1750
f 626/1357 615/1358 616/1360
f 626/1357 616/1360 613/1359
f 613/2685 1447/2682 610/2686
f 610/2686 1447/2682 1450/2684
f 617/2865 1276/2864 1274/2863
f 1452/2679 1450/2684 1447/2682
f 616/3060 659/3059 1279/3062
f 613/2685 617/2683 1447/2682
f 617/2683 1274/2680 1447/2682
f 605/1072 601/1066 1286/1069
f 1446/1386 651/1378 287/1382
f 278/885 631/888 1448/886
f 631/888 629/889 1448/886
f 628/887 1448/886 629/889
f 277/884 1448/886 628/887
f 587/1375 651/1378 649/1372
f 610/3138 1450/3139 1449/3140
f 501/1351 505/1354 495/1356
f 1278/2518 625/2519 1670/2520
f 1034/1821 1457/1830 1450/1833
f 1282/1952 608/1955 620/1950
f 272/1519 560/1520 276/1521
f 1288/1124 645/1119 1297/1121
f 631/888 581/894 507/891
f 622/1127 1288/1124 597/1130
f 654/1789 637/1795 636/1792
f 639/2012 640/2015 633/2006
f 582/375 646/390 598/349
f 1296/2860 1276/2864 1277/2866
f 594/1070 585/1073 607/1067
f 501/2185 590/2186 600/2187
f 1446/1654 650/1653 647/1652
f 513/408 529/425 509/418
f 589/2190 600/2187 590/2186
f 649/410 648/400 582/375
f 651/1655 647/1652 649/1656
f 584/1373 566/1376 575/1374
f 522/2904 527/2905 488/2906
f 591/2191 495/2189 496/2192
f 497/477 531/464 498/472
f 507/1613 581/1614 526/1615
f 594/1070 592/1076 564/1077
f 542/473 520/465 519/443
f 524/2956 570/2957 525/2958
f 577/388 580/417 513/408
f 529/425 515/441 519/443
f 566/1376 584/1373 568/1379
f 530/452 514/462 515/441
f 506/1343 494/1344 500/1347
f 564/1077 592/1076 550/1079
f 534/3052 535/3053 533/3054
f 569/1445 567/1443 558/1444
f 551/1491 555/1492 554/1493
f 1274/2680 1452/2679 1447/2682
f 1271/2058 1272/2062 1308/2055
f 659/1747 658/1749 657/1741
f 507/891 614/895 629/889
f 617/3063 613/3064 616/3060
f 635/2009 270/2013 639/2012
f 633/2006 635/2009 639/2012
f 644/1647 1305/1648 642/1645
f 654/1789 638/1783 655/1786
f 638/1783 636/1792 634/1790
f 287/1382 587/1375 563/1377
f 637/1795 634/1790 636/1792
f 588/1526 631/1531 278/1523
f 627/896 581/894 631/888
f 584/420 649/410 582/375
f 273/1385 287/1382 563/1377
f 646/390 648/400 647/411
f 582/375 598/349 583/364
f 649/410 647/411 648/400
f 1272/949 1271/947 1309/944
f 595/401 646/390 647/411
f 647/1652 640/1650 595/1651
f 650/2010 633/2006 640/2015
f 639/2012 270/2013 634/2018
f 1446/2014 630/2007 650/2010
f 634/1790 270/1793 267/1787
f 278/1523 276/1521 560/1520
f 267/1787 638/1783 634/1790
f 640/2015 639/2012 634/2018
f 270/2013 635/2009 632/2008
f 654/1789 636/1792 638/1783
f 595/1651 640/1650 641/1646
f 644/1126 643/1132 654/1129
f 645/1119 595/1125 641/1122
f 641/1646 643/1649 644/1647
f 642/1116 645/1119 641/1122
f 655/1786 1306/1791 654/1789
f 1451/305 1463/277 1275/317
f 632/2008 630/2007 286/2011
f 633/2006 632/2008 635/2009
f 279/2016 632/2008 286/2011
f 269/2017 270/2013 632/2008
f 507/891 629/889 631/888
f 1675/890 629/889 1676/892
f 614/895 517/900 1677/901
f 1676/892 614/895 1678/898
f 588/1438 584/1440 627/1439
f 503/1345 506/1343 500/1347
f 497/2547 505/2546 500/2549
f 501/2185 600/2187 504/2188
f 503/1345 504/1352 612/1355
f 610/2422 1449/2418 611/2420
f 504/1352 615/1358 626/1357
f 503/2424 612/2425 611/2420
f 501/1351 504/1352 502/1349
f 503/2424 611/2420 625/2419
f 490/1342 506/1343 625/1340
f 506/1343 503/1345 625/1340
f 490/2523 1278/2518 1671/2521
f 599/1956 615/1960 504/1959
f 613/1359 612/1355 626/1357
f 600/1957 599/1956 504/1959
f 610/1361 612/1355 613/1359
f 609/1311 606/1313 593/1312
f 1283/1742 1282/1745 1286/1743
f 620/1950 608/1955 599/1956
f 584/1440 582/1442 627/1439
f 596/1128 598/1131 595/1125
f 597/291 623/333 598/349
f 583/364 623/333 586/348
f 597/1130 598/1131 596/1128
f 623/333 621/318 586/348
f 1273/1068 1286/1069 601/1066
f 1199/2766 1240/2768 1224/2769
f 603/991 619/994 1485/989
f 603/1981 1484/1984 602/1983
f 590/2186 591/2191 589/2190
f 604/1500 589/1495 552/1497
f 599/1956 600/1957 589/1953
f 620/1950 599/1956 589/1953
f 598/349 646/390 595/401
f 595/1125 645/1119 596/1128
f 546/1318 580/1316 593/1312
f 598/349 623/333 583/364
f 593/1312 577/1314 586/1309
f 607/1067 601/1066 594/1070
f 585/1073 606/1074 607/1067
f 601/1066 605/1072 594/1070
f 592/1076 594/1070 605/1072
f 552/1497 592/1501 604/1500
f 606/1313 585/1315 593/1312
f 548/1075 594/1070 564/1077
f 555/1492 551/1491 589/1495
f 551/1491 550/1496 553/1499
f 501/2185 495/2189 590/2186
f 591/2191 496/2192 555/2193
f 589/2190 591/2191 555/2193
f 495/2189 591/2191 590/2186
f 543/424 530/452 515/441
f 571/2922 524/2923 535/2924
f 580/1316 577/1314 593/1312
f 593/1312 585/1315 545/1317
f 593/1312 545/1317 546/1318
f 586/348 578/374 583/364
f 586/348 577/388 578/374
f 548/1319 545/1317 585/1315
f 585/1073 594/1070 548/1075
f 573/419 578/374 579/409
f 582/899 581/894 627/896
f 583/364 576/389 582/375
f 588/1526 560/1520 574/1530
f 575/1374 587/1375 649/1372
f 524/2923 571/2922 570/2926
f 563/1377 587/1375 575/1374
f 574/1441 558/1444 567/1443
f 543/424 529/425 513/408
f 577/388 544/399 578/374
f 579/409 544/399 509/418
f 512/434 572/426 579/409
f 526/2541 576/2540 572/2542
f 513/408 544/399 577/388
f 576/2540 583/2544 573/2543
f 539/1380 562/1381 575/1374
f 578/374 544/399 579/409
f 579/409 572/426 573/419
f 508/1617 507/1613 511/1616
f 509/418 510/427 579/409
f 510/427 512/434 579/409
f 526/444 572/426 512/434
f 272/1519 559/1522 560/1520
f 563/1377 575/1374 562/1381
f 575/1374 566/1376 539/1380
f 556/3012 271/3013 562/3014
f 271/3013 563/3015 562/3014
f 272/1519 271/1532 556/1528
f 556/1528 561/1524 272/1519
f 272/1519 561/1524 559/1522
f 560/1520 559/1522 558/1525
f 574/1530 560/1520 558/1525
f 525/2958 510/2959 524/2956
f 571/2922 533/2929 489/2928
f 539/2740 538/2741 565/2742
f 584/1373 567/1384 568/1379
f 549/1321 547/1320 545/1317
f 548/1075 564/1077 549/1078
f 550/1079 549/1078 564/1077
f 552/1497 553/1499 592/1501
f 592/1501 553/1499 550/1496
f 552/1497 551/1491 553/1499
f 546/2937 554/2938 580/2939
f 547/1320 546/1318 545/1317
f 513/408 580/417 543/424
f 515/441 529/425 543/424
f 543/424 580/417 554/432
f 543/424 554/432 496/442
f 551/1491 554/1493 547/1494
f 554/2938 546/2937 547/2940
f 514/462 542/473 519/443
f 515/441 528/463 519/443
f 542/473 514/462 531/464
f 497/477 541/485 531/464
f 499/490 541/485 497/477
f 541/485 499/490 493/495
f 541/485 540/484 531/464
f 540/484 493/495 1681/504
f 540/484 542/473 531/464
f 522/2438 532/2439 521/2440
f 525/445 512/434 510/427
f 519/3265 528/3266 514/3267
f 519/443 520/465 532/453
f 532/453 536/466 518/433
f 527/1618 522/1620 508/1617
f 511/454 512/434 525/445
f 571/2922 537/2925 534/2927
f 488/2906 527/2905 525/2908
f 536/2907 522/2904 488/2906
f 532/2909 522/2904 536/2907
f 522/1620 516/1622 508/1617
f 523/897 614/895 507/891
f 524/3225 510/3226 518/3227
f 510/427 509/418 518/433
f 536/3056 535/3053 518/3057
f 529/425 519/443 518/433
f 519/443 532/453 518/433
f 520/2442 521/2440 532/2439
f 531/464 530/452 496/442
f 514/3267 528/3266 515/3268
f 526/444 512/434 511/454
f 529/425 518/433 509/418
f 507/1613 526/1615 511/1616
f 1688/1624 522/1620 1689/1627
f 508/1617 516/1622 1690/1625
f 517/1621 508/1617 1691/1623
f 492/2550 497/2547 500/2549
f 498/472 531/464 496/442
f 499/2551 497/2547 492/2550
f 497/3118 498/3119 495/3120
f 490/1342 494/1344 506/1343
f 502/1349 503/1345 500/1347
f 503/1345 502/1349 504/1352
f 492/1348 500/1347 494/1344
f 500/1347 501/1351 502/1349
f 492/1348 494/1344 491/1346
f 492/1348 491/1346 1696/1350
f 1694/2553 492/2550 1697/2554
f 491/2529 490/2523 1693/2528
f 1286/1954 1282/1952 605/1949
f 535/3053 536/3056 533/3054
f 535/2924 537/2925 571/2922
f 1699/486 540/484 1700/496
f 547/1494 549/1498 550/1496
f 1683/478 542/473 1699/486
f 536/3056 488/3058 533/3054
f 568/1379 538/1383 566/1376
f 556/2746 562/2747 539/2740
f 568/1446 569/1445 1531/1447
f 558/1525 559/1522 557/1529
f 559/1522 561/1524 557/1529
f 539/2740 557/2743 556/2746
f 570/2957 489/2960 525/2958
f 489/2960 488/2961 525/2958
f 556/1528 557/1529 561/1524
f 569/1445 557/1448 1531/1447
f 489/2960 533/2962 488/2961
f 571/2922 489/2928 570/2926
f 534/3052 537/3055 535/3053
f 568/2744 565/2742 538/2741
f 565/2742 568/2744 1531/2745
f 534/2927 533/2929 571/2922
f 557/2743 565/2742 1531/2745
f 1105/866 1121/868 1525/871
f 1525/871 1507/874 1105/866
f 1342/983 1353/979 1526/975
f 1380/2109 1421/2112 1369/2111
f 1197/2771 1199/2766 1204/2770
f 1317/2068 1284/2071 1314/2072
f 1116/2506 1119/2504 1117/2505
f 1401/1978 1420/1975 1100/1976
f 1222/1673 1223/1676 1225/1670
f 1187/2045 1179/2041 1186/2044
f 1183/114 1158/106 1181/103
f 1507/874 1525/871 1437/878
f 1108/2508 1116/2506 1490/2507
f 1517/2232 1516/2235 1259/2233
f 1399/1874 1394/1873 1500/1876
f 1026/144 1183/114 1012/133
f 1145/80 1147/79 1134/55
f 1366/1045 1131/1051 1374/1046
f 961/2339 1492/2337 1149/2336
f 1490/208 1117/172 1351/193
f 1255/3249 1435/3250 1423/3251
f 1435/1103 1253/1111 1356/1113
f 1121/868 486/880 1523/875
f 1621/65 1096/43 1645/53
f 1438/344 1326/359 1327/363
f 1165/2313 1244/2309 1481/2315
f 1333/3183 1469/3184 1332/3181
f 1284/2071 1487/2070 1486/2073
f 657/1741 1277/1740 1279/1744
f 1344/30 1263/40 1264/17
f 1235/1423 1172/1427 1476/1426
f 1476/1426 1248/1420 1235/1423
f 1236/1431 1234/1434 1237/1436
f 1218/1672 1228/1675 1222/1673
f 1222/3103 1206/3102 1202/3105
f 1164/2570 1157/2571 1221/2568
f 1228/2574 1154/2572 1214/2569
f 1154/2572 1164/2570 1214/2569
f 1150/57 1154/70 1213/84
f 1179/2041 1194/2040 1186/2044
f 1156/2915 1212/2918 1200/2916
f 1196/2708 1207/2707 1201/2710
f 1196/1681 1198/1680 1202/1678
f 1197/2995 1198/2996 1196/2994
f 1181/103 1182/90 1183/114
f 1159/94 1160/82 1135/47
f 1158/106 1159/94 1135/47
f 1147/79 1135/47 1134/55
f 1507/874 1143/873 1105/866
f 1128/46 1136/35 1104/27
f 1104/27 1125/16 1102/21
f 1098/869 1097/872 1338/867
f 1114/1480 1101/1481 486/1478
f 1416/2592 1110/2595 1108/2594
f 1415/2177 1108/2179 1109/2175
f 1423/2782 1355/2783 1253/2780
f 1488/971 1530/968 1526/975
f 1264/3000 1263/2999 1258/2998
f 1425/967 1426/966 1528/969
f 1258/3174 1344/3171 1423/3173
f 1435/3250 1356/3252 1423/3251
f 1435/1103 1261/1105 1427/1107
f 1121/2643 1099/2640 1100/2642
f 1490/2593 1416/2592 1108/2594
f 1109/3260 1110/3261 1628/3262
f 1509/877 1131/876 1098/869
f 1523/875 1524/879 1525/871
f 1417/1593 1432/1589 1410/1585
f 1435/1103 1255/1099 1268/1102
f 1261/1105 1257/1106 1262/1108
f 1262/1108 1426/1110 1261/1105
f 1268/1102 1256/1104 1435/1103
f 1521/1974 1523/1972 1414/1973
f 1259/1587 1267/1583 1258/1591
f 1520/1594 1267/1583 1268/1590
f 1516/981 1518/974 1407/977
f 1517/982 1518/974 1516/981
f 1257/2942 1430/2941 1262/2945
f 1513/2086 1506/2087 1437/2089
f 1400/1977 1514/1979 1521/1974
f 1417/2944 1430/2941 1432/2943
f 1143/1667 1507/1665 1372/1658
f 1395/1053 1192/1060 1376/1062
f 1374/1046 1131/1051 1509/1055
f 1500/1876 1385/1872 1502/1878
f 1385/1884 1510/1889 1384/1892
f 1505/1663 1501/1659 1371/1666
f 1387/851 1399/859 1499/861
f 1385/1872 1500/1876 1394/1873
f 1393/1056 1395/1053 1375/1059
f 1398/2794 1375/2797 1382/2791
f 1378/2795 1396/2792 1382/2791
f 1028/2803 44/2806 1498/2805
f 1390/836 1019/849 1413/845
f 1387/851 1413/845 1389/850
f 1148/3080 1145/3082 1442/3081
f 962/2340 1492/2337 961/2339
f 1144/78 1128/46 1129/66
f 1493/100 1144/78 976/89
f 962/101 1147/79 1145/80
f 1388/2183 1391/2184 1348/2182
f 932/762 1349/773 1351/768
f 1342/2237 1356/2239 1355/2240
f 1362/161 1350/183 1117/172
f 932/762 941/776 924/780
f 487/1485 486/1478 1339/1487
f 1117/2505 1119/2504 1118/2503
f 1115/1488 1339/1487 1099/1489
f 1099/1489 1339/1487 486/1478
f 1094/1484 1096/1482 486/1478
f 1323/272 1329/288 1299/315
f 1469/360 1300/361 1302/373
f 652/207 1428/181 1298/192
f 1167/158 1475/169 1428/181
f 1433/215 1482/244 1316/227
f 1244/2309 1486/2314 1481/2315
f 1293/2899 1065/2900 1294/2897
f 1065/1982 602/1983 1294/1985
f 1290/3087 1317/3086 1325/3089
f 1472/1120 1456/1118 1305/1117
f 284/2056 1478/2053 281/2059
f 653/2482 1174/2486 652/2483
f 1472/264 1440/262 1474/220
f 1320/2258 1290/2262 1314/2259
f 1438/344 1299/315 1460/330
f 1463/277 1466/290 1295/276
f 1287/2613 1286/2618 1444/2616
f 1273/2619 1444/2616 1286/2618
f 1273/1068 607/1067 609/1071
f 1283/1742 1286/1743 1454/1739
f 1453/383 1454/397 1326/359
f 821/313 1304/343 1460/330
f 1456/1118 1297/1121 645/1119
f 1034/1821 1452/1831 1036/1828
f 597/1130 596/1128 622/1127
f 630/2007 633/2006 650/2010
f 608/1955 658/1958 599/1956
f 651/1655 1446/1654 647/1652
f 1287/1746 1454/1739 1286/1743
f 1279/3062 617/3063 616/3060
f 615/1960 599/1956 658/1958
f 650/1653 640/1650 647/1652
f 637/2019 640/2015 634/2018
f 554/2194 555/2193 496/2192
f 643/1132 640/1134 637/1133
f 563/3015 271/3013 275/3016
f 593/1312 586/1309 609/1311
f 540/484 541/485 493/495
f 508/1617 523/1619 507/1613
f 637/1133 654/1129 643/1132
f 560/1520 588/1526 278/1523
f 539/1380 566/1376 538/1383
f 582/375 648/400 646/390
f 640/1650 643/1649 641/1646
f 287/1382 651/1378 587/1375
f 287/1382 286/1388 630/1389
f 527/2905 511/2910 525/2908
f 614/895 523/897 517/900
f 620/1950 589/1953 604/1951
f 589/1495 551/1491 552/1497
f 611/2420 624/2417 625/2419
f 658/1749 608/1748 657/1741
f 517/1621 523/1619 508/1617
f 626/1357 612/1355 504/1352
f 612/2425 610/2422 611/2420
f 605/1502 604/1500 592/1501
f 583/2544 578/2545 573/2543
f 576/2540 573/2543 572/2542
f 576/902 581/894 582/899
f 588/1438 574/1441 584/1440
f 574/1441 567/1443 584/1440
f 530/452 543/424 496/442
f 569/1445 568/1446 567/1443
f 545/1317 548/1319 549/1321
f 544/399 513/408 509/418
f 530/452 531/464 514/462
f 522/2438 521/2440 1686/2441
f 535/3228 524/3225 518/3227
f 527/1618 508/1617 511/1616
f 1687/2445 520/2442 1701/2446
f 493/2552 499/2551 492/2550
f 498/3119 496/3121 495/3120
f 500/1347 505/1354 501/1351
f 490/1342 491/1346 494/1344
f 550/1496 551/1491 547/1494
f 569/1533 558/1525 557/1529
f 565/2742 557/2743 539/2740
f 1443/881 1509/877 1143/873
f 197/2820 1020/2821 214/2822
f 216/2142 236/2143 1011/2144
f 202/1250 953/1251 199/1252
f 61/152 19/184 936/173
f 895/246 896/258 841/274
f 163/2149 137/2150 996/2151
f 248/460 260/480 259/481
f 247/1263 246/1264 245/1265
f 241/3276 898/3277 242/3278
f 748/1080 251/1081 250/1082
f 83/1629 219/1630 147/1631
f 170/2462 167/2463 187/2464
f 134/1275 98/1276 235/1277
f 234/2298 160/2299 159/2300
f 76/1464 984/1465 210/1466
f 128/923 127/924 240/925
f 714/1390 715/1391 1084/1392
f 223/210 919/222 19/184
f 222/855 1019/849 63/852
f 208/1181 1025/1187 229/1190
f 197/1798 233/1799 75/1800
f 1019/849 32/846 63/852
f 207/1803 67/1807 75/1800
f 202/1250 204/1253 203/1256
f 198/1216 200/1217 199/1218
f 83/2873 82/2874 219/2875
f 218/2431 85/2432 171/2433
f 210/2469 1005/2467 211/2471
f 201/930 124/936 101/933
f 108/2473 118/2470 187/2464
f 116/240 185/281 93/268
f 186/1773 94/1774 182/1775
f 175/298 193/310 176/326
f 173/269 111/283 175/298
f 175/298 878/356 195/340
f 217/201 216/225 227/242
f 178/284 173/269 183/299
f 195/340 888/300 175/298
f 162/2152 164/2155 163/2149
f 993/2303 159/2300 161/2302
f 231/1219 954/1223 232/1221
f 135/2195 131/2196 154/2197
f 181/2306 153/2307 96/2305
f 133/1633 219/1630 85/1636
f 168/1287 174/1281 110/1284
f 171/2433 84/2435 172/2436
f 132/1635 85/1636 218/1641
f 154/1720 152/1721 164/1722
f 46/1222 45/1228 168/1227
f 169/2408 115/2409 166/2410
f 134/1275 165/1279 98/1276
f 125/1220 126/1225 46/1222
f 148/1135 150/1136 149/1137
f 959/2278 929/2279 957/2280
f 141/1780 992/1777 92/1779
f 105/309 990/339 140/323
f 428/353 100/391 427/402
f 128/1731 137/1729 136/1727
f 92/282 94/252 93/268
f 138/354 158/380 139/370
f 191/1992 119/1993 192/1994
f 112/253 114/241 113/224
f 961/2205 964/2209 965/2212
f 78/1686 197/1687 79/1688
f 982/175 77/176 986/155
f 977/113 1493/100 976/89
f 43/1047 1495/1050 44/1054
f 14/212 13/251 54/239
f 81/1691 80/1689 79/1688
f 59/1173 74/1174 60/1171
f 144/739 18/740 4/741
f 28/526 31/527 1648/528
f 29/778 926/772 27/775
f 18/740 144/739 22/743
f 939/195 940/234 30/221
f 7/131 960/122 8/142
f 895/246 902/205 893/229
f 17/758 221/757 16/756
f 26/746 266/744 18/740
f 328/568 909/569 400/570
f 897/695 814/696 1042/697
f 877/1449 853/1450 852/1451
f 739/482 744/497 745/491
f 893/1235 892/1236 891/1237
f 877/1449 878/1455 1008/1457
f 1036/2291 1059/2288 835/2292
f 843/715 1055/712 846/714
f 890/273 896/258 893/229
f 886/312 195/340 887/341
f 228/271 908/286 885/301
f 854/1362 855/1363 880/1364
f 675/2317 121/2318 122/2319
f 862/577 795/600 804/602
f 739/482 260/480 741/461
f 799/1549 810/1550 781/1551
f 244/1293 772/1294 1043/1295
f 336/1270 481/1267 310/1268
f 801/2350 849/2351 808/2352
f 885/1239 750/1241 891/1237
f 891/1237 889/1238 885/1239
f 756/1925 705/1926 786/1927
f 256/1266 310/1268 481/1267
f 243/2264 1056/2265 772/2266
f 694/1002 1087/1003 673/1004
f 680/791 684/792 667/793
f 761/2491 765/2492 755/2493
f 810/2497 793/2499 761/2491
f 780/2825 782/2826 337/2827
f 258/1930 757/1934 257/1936
f 259/481 249/475 248/460
f 783/1018 771/1022 730/1012
f 699/494 685/501 704/488
f 682/489 690/507 720/499
f 694/794 660/798 680/791
f 721/799 660/798 661/804
f 1702/1709 833/1710 1706/1711
f 1048/2810 1050/2811 1049/2812
f 720/3073 711/3074 693/3075
f 1053/1011 1039/1009 731/1014
f 991/2147 1013/2148 178/2145
f 1031/1326 1029/1323 1057/1329
f 710/1398 713/1400 740/1401
f 826/729 773/725 819/727
f 716/1697 717/1698 1031/1699
f 717/1322 1030/1325 1029/1323
f 264/717 843/715 846/714
f 264/717 846/714 769/710
f 735/2732 754/2733 753/2734
f 1014/1148 67/1149 207/1150
f 61/152 38/140 62/129
f 44/2806 1023/2807 229/2808
f 229/2808 1025/2809 44/2806
f 1023/2796 1028/2800 1381/2793
f 1023/862 222/855 229/858
f 1021/860 1024/853 1022/856
f 222/855 1021/860 1022/856
f 63/1188 208/1181 229/1190
f 53/1632 91/1637 54/1640
f 1020/2821 88/2824 214/2822
f 91/1637 53/1632 215/1634
f 943/1152 67/1149 1014/1148
f 44/1184 1025/1187 208/1181
f 208/1181 43/1175 44/1184
f 1022/856 1019/849 222/855
f 1022/856 1024/853 1019/849
f 146/1801 75/1800 66/1804
f 88/2824 1020/2821 78/2823
f 42/1182 32/1189 33/1185
f 66/1804 75/1800 67/1807
f 75/1800 233/1799 207/1803
f 214/1805 1016/1802 197/1798
f 80/1689 78/1686 79/1688
f 91/1637 78/1644 54/1640
f 78/1644 91/1637 88/1642
f 1020/2821 197/2820 78/2823
f 66/1154 67/1149 943/1152
f 65/197 14/212 80/223
f 66/1694 65/1690 146/1693
f 197/1687 146/1693 65/1690
f 146/1801 197/1798 75/1800
f 14/212 65/197 34/185
f 32/846 36/837 33/847
f 1390/836 36/837 32/846
f 35/834 36/837 1390/836
f 946/1177 42/1182 33/1185
f 43/1175 208/1181 41/1178
f 42/1182 41/1178 208/1181
f 53/2606 952/2607 968/2608
f 42/1182 63/1188 32/1189
f 59/1173 43/1175 41/1178
f 213/1806 207/1803 233/1799
f 197/1798 1016/1802 233/1799
f 84/3273 50/3274 172/3275
f 966/1157 209/1167 50/1161
f 219/2437 84/2435 85/2432
f 209/1476 230/1474 172/1475
f 982/2133 172/2134 107/2135
f 168/1287 110/1284 52/1290
f 83/2873 70/2876 82/2874
f 83/2611 53/2606 70/2610
f 53/1632 83/1629 147/1631
f 204/1253 202/1250 199/1252
f 90/2597 55/2598 203/2599
f 972/1258 89/1254 953/1251
f 199/1252 953/1251 89/1254
f 51/2603 198/2604 52/2605
f 231/1219 198/1216 199/1218
f 231/1219 232/1221 125/1220
f 198/1216 46/1222 52/1224
f 232/1221 954/1223 1000/1226
f 125/1220 198/1216 231/1219
f 198/1216 125/1220 46/1222
f 199/1252 200/1255 204/1253
f 90/2597 204/2600 200/2602
f 203/2599 204/2600 90/2597
f 125/1937 232/1938 1017/1939
f 82/2874 70/2876 220/2877
f 110/1284 235/1277 109/1283
f 46/1222 168/1227 52/1224
f 239/1961 132/1962 206/1963
f 53/1632 147/1631 215/1634
f 46/1222 126/1225 45/1228
f 1004/1943 1001/1946 124/1941
f 124/1734 201/1730 1017/1732
f 201/1730 130/1728 1017/1732
f 130/1940 125/1937 1017/1939
f 45/1942 125/1937 130/1940
f 124/936 129/939 123/938
f 174/1231 45/1228 135/1232
f 45/1942 126/1945 125/1937
f 147/1631 133/1633 132/1635
f 85/1636 132/1635 133/1633
f 174/1281 194/1285 1006/1278
f 135/2195 1002/2198 1003/2200
f 218/1966 117/1965 132/1962
f 117/1965 206/1963 132/1962
f 132/1635 239/1638 147/1631
f 147/1631 239/1638 215/1634
f 1016/1802 215/1808 212/1809
f 239/1811 212/1809 215/1808
f 215/1634 214/1639 91/1637
f 213/1806 212/1809 1015/1810
f 212/1809 213/1806 1016/1802
f 1015/1810 949/1812 213/1806
f 949/1812 1014/1814 213/1806
f 1016/1802 213/1806 233/1799
f 966/1157 949/1153 205/1160
f 949/1153 1015/1165 205/1160
f 212/1809 239/1811 205/1813
f 206/1963 205/1964 239/1961
f 212/1809 205/1813 1015/1810
f 118/1968 230/1969 209/1967
f 118/2470 117/2468 187/2464
f 210/2469 157/2472 187/2464
f 157/2472 108/2473 187/2464
f 230/1474 118/1473 107/1470
f 118/1968 209/1967 117/1965
f 1005/2467 210/2469 187/2464
f 116/2412 169/2408 170/2411
f 1005/2467 166/2466 211/2471
f 187/2464 167/2463 1005/2467
f 115/1469 76/1464 211/1467
f 107/1470 172/1475 230/1474
f 178/2145 177/2146 991/2147
f 210/1466 211/1467 76/1464
f 111/283 173/269 112/253
f 183/299 173/269 175/298
f 178/284 1013/254 173/269
f 173/269 1013/254 114/241
f 179/188 180/177 988/154
f 982/175 985/132 49/166
f 983/102 985/132 989/123
f 986/155 988/154 1012/133
f 236/2143 178/2145 1011/2144
f 236/2143 177/2146 178/2145
f 988/154 180/177 184/156
f 94/1774 186/1773 112/1776
f 186/2000 182/1998 1007/1995
f 217/201 179/188 988/154
f 173/269 114/241 112/253
f 1013/254 991/199 114/241
f 1012/133 988/154 1026/144
f 184/156 1026/144 988/154
f 226/270 216/225 1011/285
f 111/283 112/253 156/297
f 216/225 217/201 236/200
f 184/156 180/177 901/168
f 850/591 859/584 910/573
f 904/204 179/188 217/201
f 903/226 904/204 217/201
f 111/283 156/297 193/310
f 183/299 226/270 1011/285
f 180/177 179/188 901/168
f 904/204 901/168 179/188
f 903/1242 217/1247 227/1244
f 1010/255 228/271 227/242
f 216/225 1010/255 227/242
f 226/270 1010/255 216/225
f 178/284 183/299 1011/285
f 1009/1459 1008/1457 878/1455
f 193/310 192/324 176/326
f 193/310 175/298 111/283
f 183/299 175/298 888/300
f 226/270 183/299 888/300
f 176/3197 1009/3198 175/3199
f 176/1997 192/1994 119/1993
f 248/460 882/469 741/461
f 153/2307 181/2306 993/2303
f 995/3096 876/3097 234/3098
f 191/1992 881/1996 119/1993
f 1007/1995 182/1998 191/1992
f 191/1992 160/1999 881/1996
f 191/1992 95/2001 160/1999
f 95/2001 191/1992 182/1998
f 141/1780 96/1781 182/1775
f 96/2003 95/2001 182/1998
f 141/1780 182/1775 992/1777
f 160/2299 161/2302 159/2300
f 161/2302 96/2305 993/2303
f 96/2305 153/2307 993/2303
f 96/2003 161/2004 95/2001
f 95/2001 161/2004 160/1999
f 160/1999 234/2002 881/1996
f 853/1450 877/1449 911/1453
f 868/3100 234/3098 876/3097
f 1008/1457 176/1463 119/1460
f 881/3269 875/3270 876/3271
f 234/3098 994/3099 995/3096
f 876/1458 120/1456 881/1461
f 864/396 863/416 870/423
f 94/1774 992/1777 182/1775
f 872/2952 990/2953 139/2954
f 993/2303 994/2301 159/2300
f 192/324 156/297 1007/325
f 1007/325 156/297 186/311
f 156/297 192/324 193/310
f 191/1992 192/1994 1007/1995
f 112/253 186/311 156/297
f 151/1724 152/1721 136/1727
f 155/1726 128/1731 136/1727
f 115/2409 211/2413 166/2410
f 151/2153 163/2149 164/2155
f 185/2156 97/2154 996/2151
f 98/1276 97/1280 235/1277
f 162/2152 163/2149 996/2151
f 151/2153 137/2150 163/2149
f 151/1724 136/1727 137/1729
f 240/925 137/926 128/923
f 235/1277 97/1280 109/1283
f 101/933 124/936 123/938
f 68/295 70/307 69/308
f 169/2408 166/2410 170/2411
f 166/2466 167/2463 170/2462
f 235/1277 110/1284 174/1281
f 174/1281 1006/1278 235/1277
f 128/1731 155/1726 127/1733
f 152/1721 155/1726 136/1727
f 201/1730 127/1733 155/1726
f 130/1728 201/1730 155/1726
f 135/1232 45/1228 131/1234
f 154/1720 190/1723 152/1721
f 190/1723 155/1726 152/1721
f 152/1721 151/1724 164/1722
f 164/2155 162/2152 165/2158
f 1006/1278 194/1285 1003/1282
f 98/2157 165/2158 162/2152
f 1003/1282 134/1275 1006/1278
f 134/2199 1003/2200 1002/2198
f 164/2201 134/2199 154/2197
f 165/2202 134/2199 164/2201
f 134/2199 1002/2198 154/2197
f 131/1725 190/1723 154/1720
f 154/2197 1002/2198 135/2195
f 1003/1282 194/1285 135/1288
f 475/2393 148/2394 474/2395
f 188/1503 447/1504 150/1505
f 148/2394 475/2393 150/2397
f 1000/1947 1004/1943 232/1938
f 124/1941 232/1938 1004/1943
f 124/1941 1017/1939 232/1938
f 1004/1943 1000/1947 1001/1946
f 1001/1946 129/1948 124/1941
f 123/938 129/939 997/937
f 997/937 101/933 123/938
f 1001/2286 957/2280 997/2285
f 958/1229 1000/1226 954/1223
f 957/2280 1001/2286 1000/2283
f 959/1230 958/1229 954/1223
f 149/1137 432/1138 148/1135
f 475/2393 189/2400 150/2397
f 149/1137 150/1136 447/1139
f 665/2377 1052/2378 662/2379
f 100/647 145/648 23/649
f 105/309 428/353 106/368
f 913/532 266/536 915/534
f 106/368 142/379 435/394
f 383/395 158/380 253/369
f 99/694 999/693 24/692
f 100/2426 999/2427 99/2428
f 99/2428 427/2429 100/2426
f 929/650 23/649 145/648
f 998/367 145/378 428/353
f 998/932 103/929 102/927
f 145/378 100/391 428/353
f 998/367 428/353 103/338
f 240/925 127/924 102/927
f 240/925 103/929 104/931
f 69/308 70/307 58/294
f 145/935 998/932 102/927
f 428/353 105/309 103/338
f 52/1290 57/1291 978/1292
f 116/240 68/295 185/281
f 172/2134 981/2137 220/2138
f 110/1284 69/1289 52/1290
f 185/1286 109/1283 97/1280
f 102/927 201/930 101/933
f 116/240 93/268 94/252
f 92/1779 992/1777 94/1774
f 116/240 113/224 76/214
f 995/2449 994/2450 990/2451
f 120/1456 876/1458 911/1453
f 877/1449 1008/1457 120/1456
f 139/370 990/339 138/354
f 138/354 105/309 253/369
f 105/309 181/296 93/268
f 93/268 181/296 92/282
f 990/2451 872/2452 995/2449
f 181/296 105/309 140/323
f 116/240 94/252 113/224
f 77/176 982/175 984/198
f 113/224 991/199 76/214
f 77/176 988/154 986/155
f 984/1465 157/1468 210/1466
f 236/200 217/201 988/154
f 991/199 177/187 77/176
f 177/187 236/200 988/154
f 94/1774 112/1776 113/1778
f 1008/1457 119/1460 120/1456
f 987/143 986/155 1012/133
f 1012/133 989/123 987/143
f 169/2408 116/2412 115/2409
f 991/199 77/176 76/214
f 77/176 177/187 988/154
f 985/132 987/143 989/123
f 985/132 982/175 986/155
f 986/2756 987/2757 985/2758
f 107/1470 157/1468 984/1465
f 49/2891 50/2892 84/2893
f 68/295 220/337 70/307
f 7/131 72/153 985/132
f 983/102 962/101 960/122
f 7/131 985/132 983/102
f 960/122 7/131 983/102
f 982/1471 107/1470 984/1465
f 24/657 23/649 408/653
f 49/2891 981/2894 980/2896
f 977/113 37/120 225/130
f 49/166 985/132 72/153
f 37/3001 40/3002 238/3003
f 238/1168 64/1159 8/1162
f 72/153 7/131 8/142
f 37/120 8/142 960/122
f 87/659 86/662 20/652
f 37/120 960/122 225/130
f 948/3200 40/3201 944/3202
f 11/833 947/841 36/837
f 37/120 977/113 935/99
f 225/130 979/121 977/113
f 922/2947 12/2948 939/2949
f 238/164 8/142 37/120
f 54/239 927/267 952/280
f 963/2207 1493/2210 979/2213
f 225/2211 963/2207 979/2213
f 927/267 928/306 58/294
f 927/267 58/294 952/280
f 8/142 950/165 72/153
f 90/2531 51/2532 978/2533
f 974/319 971/334 969/320
f 58/294 969/320 971/334
f 5/751 16/756 221/757
f 143/293 971/334 974/319
f 974/3236 970/3237 928/3238
f 56/2509 953/2510 202/2511
f 969/3232 55/3233 974/3234
f 143/293 974/319 928/306
f 927/267 144/266 143/293
f 2/350 89/365 971/334
f 971/334 143/293 2/350
f 1/376 89/365 2/350
f 87/377 1/376 2/350
f 21/651 929/650 20/652
f 1/655 87/659 20/652
f 929/650 1/655 20/652
f 975/1261 1/1259 929/1262
f 955/1260 973/1257 1/1259
f 975/1261 955/1260 1/1259
f 929/2279 145/2284 956/2282
f 1/1259 973/1257 89/1254
f 953/2510 56/2509 972/2513
f 196/351 58/294 971/334
f 90/2597 200/2602 51/2603
f 196/351 978/352 58/294
f 58/294 70/307 952/280
f 70/307 967/321 952/280
f 968/2608 967/2609 53/2606
f 196/2534 56/2537 55/2536
f 969/3253 970/3254 951/3255
f 55/3256 969/3253 951/3255
f 5/751 6/748 3/745
f 969/3239 928/3238 970/3237
f 89/2517 972/2513 971/2516
f 972/2513 56/2509 971/2516
f 955/2620 975/2621 959/2622
f 955/1260 199/1252 973/1257
f 959/2278 957/2280 958/2281
f 957/2280 1000/2283 958/2281
f 955/2620 954/2623 199/2625
f 199/2625 954/2623 231/2626
f 978/2533 51/2532 52/2535
f 196/2534 55/2536 90/2531
f 55/2598 951/2601 203/2599
f 54/1640 952/1643 53/1632
f 202/2511 203/2514 951/2512
f 54/1692 78/1686 80/1689
f 952/280 967/321 968/336
f 53/2606 967/2609 70/2610
f 200/2602 198/2604 51/2603
f 71/1155 966/1157 50/1161
f 960/2215 965/2212 964/2209
f 963/2207 964/2209 961/2205
f 964/2209 963/2207 225/2211
f 960/2341 962/2340 961/2339
f 960/2341 961/2339 965/2342
f 964/2209 225/2211 960/2215
f 943/1152 71/1155 950/1158
f 237/1156 66/1154 943/1152
f 40/3002 948/3004 238/3003
f 944/3202 945/3203 948/3200
f 947/841 33/847 36/837
f 62/1172 74/1174 73/1176
f 60/1171 1018/1170 59/1173
f 33/1185 947/1183 946/1177
f 947/841 11/833 12/839
f 947/1183 12/1186 922/1180
f 948/3004 945/3005 238/3003
f 938/3006 238/3003 945/3005
f 945/2930 944/2931 39/2932
f 8/1162 64/1159 943/1152
f 39/2932 944/2931 40/2934
f 237/1695 64/1696 65/1690
f 66/1694 237/1695 65/1690
f 65/1690 81/1691 79/1688
f 65/197 64/213 238/164
f 14/212 22/237 13/251
f 13/251 927/267 54/239
f 54/239 80/223 14/212
f 80/223 81/238 65/197
f 945/2930 39/2932 938/2933
f 937/163 65/197 238/164
f 74/1174 946/1177 922/1180
f 10/196 34/185 936/173
f 65/197 937/163 34/185
f 144/266 927/267 13/251
f 224/211 22/237 14/212
f 143/742 3/745 6/748
f 14/212 34/185 224/211
f 61/152 939/195 19/184
f 931/235 223/210 30/221
f 919/786 47/787 48/790
f 937/163 38/140 61/152
f 12/839 11/833 940/835
f 937/163 938/174 38/140
f 39/2932 40/2934 37/2936
f 238/164 938/174 937/163
f 38/2935 938/2933 39/2932
f 34/185 937/163 936/173
f 39/2932 37/2936 38/2935
f 922/1180 73/1176 74/1174
f 935/99 942/141 62/129
f 37/120 935/99 62/129
f 942/1169 60/1171 62/1172
f 12/839 940/835 939/843
f 923/265 30/221 930/250
f 924/780 941/776 926/772
f 1653/540 913/532 1654/538
f 933/767 926/772 934/761
f 913/532 28/526 1651/529
f 29/778 925/777 924/780
f 926/772 933/767 27/775
f 28/526 915/534 25/537
f 913/532 915/534 28/526
f 920/782 931/783 29/778
f 924/780 926/772 29/778
f 919/786 920/782 47/787
f 4/741 3/745 143/742
f 27/775 28/779 920/782
f 29/778 27/775 920/782
f 223/210 931/235 919/222
f 931/783 920/782 919/786
f 932/762 924/780 925/777
f 29/778 30/785 923/781
f 1349/773 925/777 923/781
f 940/234 930/250 30/221
f 30/221 223/210 939/195
f 29/778 931/783 30/785
f 930/250 1349/279 923/265
f 10/789 47/787 9/784
f 21/651 408/653 23/649
f 143/293 86/366 2/350
f 86/752 143/742 6/748
f 928/306 927/267 143/293
f 21/651 23/649 929/650
f 21/651 916/654 404/656
f 914/747 3/745 4/741
f 61/152 936/173 937/163
f 921/162 61/152 62/129
f 62/129 38/140 37/120
f 144/266 13/251 22/237
f 26/746 22/743 918/749
f 25/755 915/750 26/746
f 34/185 10/196 224/211
f 48/236 19/184 919/222
f 10/3049 19/3050 48/3051
f 939/195 223/210 19/184
f 9/759 15/753 224/754
f 62/1172 73/1176 921/1179
f 921/1179 73/1176 922/1180
f 898/585 241/603 857/593
f 10/760 9/759 224/754
f 22/743 26/746 18/740
f 15/753 918/749 224/754
f 26/746 918/749 15/753
f 26/746 15/753 25/755
f 25/755 15/753 9/759
f 221/757 6/748 5/751
f 86/752 221/757 17/758
f 917/658 86/662 17/665
f 144/739 4/741 143/742
f 3/745 914/747 5/751
f 916/654 21/651 20/652
f 917/658 916/654 20/652
f 403/663 916/654 917/658
f 402/544 403/542 913/532
f 266/744 4/741 18/740
f 4/741 266/744 914/747
f 266/744 26/746 915/750
f 914/747 16/756 5/751
f 916/654 403/663 404/656
f 917/658 17/665 403/663
f 403/542 17/539 913/532
f 914/541 266/536 17/539
f 16/756 914/747 17/758
f 266/536 913/532 17/539
f 28/779 25/788 9/784
f 913/532 419/543 405/546
f 255/601 859/584 850/591
f 877/1449 120/1456 911/1453
f 158/380 138/354 253/369
f 397/574 912/578 859/584
f 859/584 858/594 397/574
f 374/586 397/574 858/594
f 875/2461 881/2460 856/2459
f 873/2454 911/2453 872/2452
f 859/584 912/578 910/573
f 862/577 898/585 910/573
f 400/570 909/569 910/573
f 857/593 910/573 898/585
f 910/573 909/569 862/577
f 862/577 909/569 861/572
f 788/583 862/577 861/572
f 862/577 860/592 898/585
f 861/572 785/576 788/583
f 785/576 861/572 328/568
f 861/572 909/569 328/568
f 383/395 374/406 158/380
f 852/2673 887/2674 907/2675
f 887/2674 878/2677 907/2675
f 883/2839 735/2840 750/2841
f 228/1240 903/1242 227/1244
f 908/286 228/271 1010/255
f 886/312 908/286 888/300
f 734/1246 749/1248 884/1243
f 878/356 887/341 195/340
f 885/1239 889/1238 228/1240
f 889/1238 892/1236 228/1240
f 891/1237 892/1236 889/1238
f 883/327 886/312 887/341
f 901/168 904/204 892/217
f 892/217 904/204 903/226
f 854/2676 880/2678 887/2674
f 880/1364 855/1363 853/1365
f 744/497 754/511 880/498
f 703/476 739/482 741/461
f 814/696 897/695 802/698
f 789/590 795/600 862/577
f 736/1335 894/1330 896/1333
f 894/1330 840/1328 841/1331
f 896/258 895/246 893/229
f 902/205 892/217 893/229
f 901/168 892/217 902/205
f 891/1237 884/1243 715/1245
f 895/246 841/274 820/259
f 905/2031 899/2032 752/2033
f 754/2733 751/2736 753/2734
f 726/1899 815/1900 719/1901
f 884/1243 750/1241 734/1246
f 744/497 711/506 751/510
f 885/301 908/286 886/312
f 880/2845 754/2844 887/2842
f 754/2844 735/2840 887/2842
f 735/2840 883/2839 887/2842
f 883/327 750/342 885/301
f 886/312 883/327 885/301
f 195/3115 886/3116 888/3117
f 260/480 248/460 741/461
f 260/1368 874/1366 259/1370
f 874/1366 260/1368 880/1364
f 853/1365 911/1371 875/1369
f 746/440 865/431 879/450
f 248/460 875/470 856/451
f 874/1366 249/1367 259/1370
f 745/491 744/497 880/498
f 853/1365 855/1363 854/1362
f 260/480 745/491 880/498
f 747/1085 851/1089 748/1080
f 866/439 879/450 865/431
f 851/1089 866/1096 254/1097
f 746/440 741/461 882/469
f 866/1096 851/1089 879/1093
f 856/2459 881/2460 868/2458
f 863/416 865/431 870/423
f 248/460 856/451 746/440
f 746/440 882/469 248/460
f 158/380 255/415 871/407
f 878/1455 877/1449 907/1452
f 865/431 863/416 866/439
f 851/1089 857/1087 748/1080
f 863/416 871/407 255/415
f 158/380 858/414 255/415
f 374/406 858/414 158/380
f 873/3218 868/3219 875/3220
f 864/3106 870/3107 872/3108
f 864/396 139/370 158/380
f 248/460 249/475 875/470
f 875/1369 249/1367 853/1365
f 873/2454 867/2457 868/2458
f 869/2456 867/2457 873/2454
f 863/416 864/396 871/407
f 871/407 864/396 158/380
f 255/415 254/430 863/416
f 870/423 865/431 746/440
f 866/439 863/416 254/430
f 255/1098 850/1095 254/1097
f 255/601 858/594 859/584
f 856/451 870/423 746/440
f 853/1365 874/1366 880/1364
f 852/1451 853/1450 854/1454
f 851/1089 850/1095 857/1087
f 905/2694 752/2695 802/2696
f 808/2352 849/2351 251/2355
f 804/602 860/592 862/577
f 251/1081 748/1080 242/1084
f 748/1080 857/1087 242/1084
f 857/1087 241/1092 242/1084
f 804/1094 808/1091 860/1086
f 251/1081 860/1086 808/1091
f 761/2491 793/2499 256/2498
f 810/1550 760/1554 781/1551
f 799/1549 337/1552 339/1553
f 781/1551 337/1552 799/1549
f 830/1716 807/1718 809/1717
f 246/2496 765/2492 245/2495
f 765/2492 761/2491 245/2495
f 760/2494 810/2497 761/2491
f 768/1303 766/1299 832/1306
f 1707/644 829/642 1708/643
f 799/1549 339/1553 810/1550
f 810/1550 339/1553 1709/1555
f 832/811 830/815 762/818
f 752/904 743/905 724/906
f 728/2385 805/2386 725/2387
f 784/1815 800/1816 483/1817
f 720/3073 752/3077 722/3076
f 824/701 816/703 838/707
f 721/2666 666/2667 663/2668
f 251/2355 849/2351 698/2354
f 758/2474 697/2475 721/2476
f 691/910 725/916 805/913
f 841/2160 840/2161 839/2162
f 813/706 1038/709 838/707
f 824/1598 838/1599 706/1600
f 834/2290 1076/2293 835/2292
f 813/706 812/708 847/711
f 846/3145 1055/3146 847/3147
f 828/2362 769/2363 774/2364
f 769/710 828/720 264/717
f 730/1012 771/1022 727/1019
f 265/722 828/720 1712/724
f 831/3018 818/3019 1714/3020
f 832/811 767/809 807/812
f 763/820 832/811 762/818
f 830/815 832/811 807/812
f 764/1712 762/1714 833/1710
f 243/827 244/821 1716/826
f 265/722 264/717 828/720
f 832/811 763/820 768/822
f 817/735 825/732 819/727
f 829/1715 833/1710 762/1714
f 807/812 806/814 794/817
f 483/1817 311/1820 789/1818
f 821/2969 900/2971 820/2972
f 726/1899 769/1903 815/1900
f 812/708 815/704 769/710
f 769/710 846/714 812/708
f 814/696 815/704 813/706
f 814/696 813/706 816/703
f 814/696 803/700 738/702
f 814/696 824/701 729/699
f 820/259 823/287 822/302
f 822/302 821/313 820/259
f 804/602 795/600 787/612
f 671/807 756/813 797/810
f 784/1815 318/1819 800/1816
f 690/909 743/905 720/908
f 801/2350 808/2352 804/2353
f 797/810 806/814 807/812
f 807/812 767/809 797/810
f 767/809 671/807 797/810
f 786/1927 796/1928 756/1925
f 797/810 796/819 790/816
f 256/2498 245/2495 761/2491
f 809/634 794/629 256/623
f 793/2557 810/2558 792/2559
f 790/816 794/817 806/814
f 256/1266 481/1267 247/1263
f 311/616 483/631 332/626
f 792/2559 798/2561 1719/2563
f 1721/639 791/637 1722/640
f 1719/2563 810/2558 1723/2565
f 801/2350 804/2353 787/2356
f 787/1935 786/1927 801/1933
f 483/631 800/632 333/621
f 800/632 319/627 333/621
f 789/590 790/611 786/607
f 791/2500 256/2498 793/2499
f 791/2560 793/2557 792/2559
f 1718/641 809/634 1721/639
f 810/2558 798/2561 792/2559
f 794/629 790/611 256/623
f 790/611 789/590 311/616
f 789/1818 784/1815 483/1817
f 825/732 826/729 819/727
f 311/616 310/628 256/623
f 256/623 790/611 311/616
f 786/607 795/600 789/590
f 785/576 784/589 789/590
f 787/612 795/600 786/607
f 803/700 814/696 802/698
f 788/583 789/590 862/577
f 789/590 788/583 785/576
f 785/576 328/568 318/582
f 784/589 785/576 318/582
f 780/2868 755/2869 782/2870
f 760/1554 755/1556 781/1551
f 782/2826 481/2829 337/2827
f 1043/1295 779/1296 244/1293
f 718/1017 731/1014 727/1019
f 1726/2373 778/2375 1727/2376
f 774/2364 777/2372 1725/2370
f 774/2364 770/2366 771/2369
f 727/3214 771/3215 770/3216
f 770/3216 769/3217 727/3214
f 243/827 772/829 244/821
f 244/821 764/823 1703/824
f 765/2492 246/2496 755/2493
f 244/821 768/822 763/820
f 265/722 773/725 264/717
f 762/818 764/823 244/821
f 244/821 763/820 762/818
f 755/2493 760/2494 761/2491
f 756/1925 759/1929 705/1926
f 258/1930 257/1936 801/1933
f 755/2869 246/2872 247/2871
f 481/1267 782/1269 247/1263
f 705/1926 696/1932 258/1930
f 247/2871 782/2870 755/2869
f 697/2475 257/2477 668/2480
f 671/807 767/809 766/808
f 250/2361 251/2355 686/2359
f 695/483 683/493 682/489
f 250/1082 700/1083 748/1080
f 698/2354 758/2357 721/2358
f 747/1085 700/1083 701/1088
f 701/1088 879/1093 747/1085
f 879/450 741/461 746/440
f 744/497 739/482 711/506
f 752/904 720/908 743/905
f 261/1402 751/1404 713/1400
f 261/2738 262/2739 749/2737
f 884/1243 749/1248 715/1245
f 715/1339 714/1336 736/1335
f 749/1248 262/1249 715/1245
f 751/2736 261/2738 749/2737
f 735/2840 734/2843 750/2841
f 734/2735 735/2732 753/2734
f 718/1902 727/1906 726/1899
f 718/1902 726/1899 719/1901
f 681/914 723/912 690/909
f 684/792 689/795 721/799
f 720/499 692/487 682/489
f 739/482 745/491 260/480
f 741/461 701/471 703/476
f 741/461 879/450 701/471
f 740/2020 711/2021 722/2022
f 701/471 695/483 703/476
f 724/906 743/905 690/909
f 723/912 737/915 691/910
f 751/1404 711/1403 713/1400
f 739/2911 712/2912 711/2913
f 712/2912 693/2914 711/2913
f 683/493 681/503 682/489
f 692/487 703/476 682/489
f 695/483 701/471 704/488
f 692/487 712/492 739/482
f 683/493 704/488 685/501
f 685/501 700/502 250/513
f 757/2481 668/2480 257/2477
f 700/502 699/494 701/471
f 700/502 685/501 699/494
f 698/2354 721/2358 663/2360
f 671/2687 702/2688 696/2689
f 668/2480 684/2478 697/2475
f 668/2693 702/2688 672/2691
f 702/2688 671/2687 672/2691
f 696/2689 702/2688 757/2692
f 759/2690 671/2687 696/2689
f 671/3149 759/3150 756/3151
f 757/1934 258/1930 696/1932
f 664/508 683/493 685/501
f 781/2828 780/2825 337/2827
f 701/471 699/494 704/488
f 668/2693 757/2692 702/2688
f 661/2380 665/2377 662/2379
f 685/501 250/513 686/515
f 668/796 672/805 669/802
f 705/1926 759/1929 696/1932
f 669/802 672/805 671/807
f 661/2669 666/2667 721/2666
f 703/476 692/487 739/482
f 681/503 690/507 682/489
f 695/483 704/488 683/493
f 703/476 695/483 682/489
f 1054/806 687/797 670/803
f 721/799 689/795 660/798
f 684/792 680/791 689/795
f 669/802 671/807 670/803
f 671/807 766/808 670/803
f 668/796 667/793 684/792
f 664/2670 663/2668 661/2669
f 664/508 681/503 683/493
f 675/917 723/912 681/914
f 660/798 689/795 680/791
f 694/794 673/801 660/798
f 677/1608 679/1603 678/1609
f 681/2322 676/2320 675/2317
f 676/2320 681/2322 664/2324
f 661/2380 674/2382 665/2377
f 1091/1005 694/1002 1054/1006
f 688/800 687/797 667/793
f 687/797 688/800 670/803
f 687/797 694/794 667/793
f 1047/1308 1093/1307 1045/1304
f 688/800 669/802 670/803
f 668/796 688/800 667/793
f 668/796 669/802 688/800
f 670/803 766/808 1054/806
f 766/1299 779/1296 1054/1301
f 1051/1302 1091/1298 1043/1295
f 1044/1300 1043/1295 1056/1297
f 779/1296 1043/1295 1091/1298
f 1093/1307 1051/1302 1044/1300
f 848/2267 1092/2269 1056/2265
f 1704/2268 243/2264 1731/2270
f 772/1294 1056/1297 1043/1295
f 243/2264 848/2267 1056/2265
f 1056/1297 1045/1304 1044/1300
f 1043/1295 1044/1300 1051/1302
f 1045/1304 1093/1307 1044/1300
f 730/1012 731/1014 1039/1009
f 777/2372 774/2364 827/2371
f 783/1018 776/1015 827/1023
f 827/2371 774/2364 771/2369
f 1050/2374 778/2375 777/2372
f 827/2371 1050/2374 777/2372
f 1056/2265 1092/2269 1069/2273
f 778/2813 1048/2810 1732/2815
f 1050/2811 1048/2810 778/2813
f 776/1015 1045/1016 1071/1021
f 1046/1907 1045/1908 1069/1909
f 775/1010 730/1012 1039/1009
f 1045/1016 776/1015 775/1010
f 694/1002 1091/1005 1087/1003
f 1047/1013 775/1010 1090/1007
f 1039/1009 1090/1007 775/1010
f 1093/1307 1047/1308 1090/1305
f 775/1010 1047/1013 1045/1016
f 775/1010 776/1015 730/1012
f 827/1023 776/1015 1071/1021
f 725/2387 1053/2388 728/2385
f 1058/1707 677/1708 1070/1706
f 718/1017 1089/1020 1053/1011
f 1090/1007 1039/1009 1087/1003
f 1087/919 691/910 673/921
f 1087/1003 1039/1009 1053/1011
f 678/1609 1070/1611 677/1608
f 708/2026 677/2028 1058/2029
f 708/2026 742/2024 677/2028
f 1058/2029 1041/2030 708/2026
f 710/2025 709/2023 906/2027
f 710/2025 740/2020 709/2023
f 708/2026 709/2023 742/2024
f 679/1603 742/1606 729/1601
f 710/1398 262/1396 713/1400
f 906/1394 1084/1392 715/1391
f 731/1014 718/1017 1053/1011
f 679/1603 677/1608 742/1606
f 709/2023 740/2020 722/2022
f 1053/2388 1089/2392 719/2391
f 720/499 693/500 692/487
f 709/2023 722/2022 742/2024
f 261/1402 713/1400 262/1396
f 693/500 712/492 692/487
f 690/909 723/912 724/906
f 718/1902 719/1901 1089/1905
f 1087/2390 1053/2388 725/2387
f 725/916 691/910 1087/919
f 678/1609 1075/1607 1032/1610
f 1075/1607 707/1605 842/1602
f 1058/2846 1033/2847 1057/2848
f 906/1394 1041/1399 1058/1397
f 1058/1397 1073/1395 1084/1392
f 1084/1392 906/1394 1058/1397
f 1057/2848 1073/2849 1058/2846
f 1073/1332 1057/1329 894/1330
f 1088/1324 1029/1323 1031/1326
f 894/1330 1085/1334 1073/1332
f 714/1390 1084/1392 1085/1393
f 1073/1395 1085/1393 1084/1392
f 715/1339 736/1335 891/1338
f 1029/1323 840/1328 894/1330
f 1030/1325 840/1328 1029/1323
f 716/1697 1031/1699 1033/1700
f 837/2722 834/2723 836/2724
f 836/2724 811/2725 837/2722
f 837/2722 811/2725 1082/2728
f 816/703 813/706 838/707
f 1061/713 1077/718 845/716
f 845/716 1077/718 1082/721
f 837/723 1082/721 1077/718
f 838/1599 732/1604 842/1602
f 811/2725 845/2731 1082/2728
f 838/1599 842/1602 706/1600
f 839/2162 733/2165 823/2163
f 900/1838 1086/1839 717/1840
f 845/716 838/707 1061/713
f 1038/709 1061/713 838/707
f 819/727 773/725 265/722
f 1034/1821 1037/1825 817/1822
f 1059/2288 1081/2287 834/2290
f 836/2724 834/2723 1083/2727
f 825/2963 1037/2964 826/2965
f 819/727 1027/731 818/734
f 844/728 819/727 265/722
f 1061/713 1038/709 843/715
f 1038/709 1055/712 843/715
f 843/2657 1060/2658 1061/2659
f 1080/2660 1076/2661 1060/2658
f 843/2657 264/2662 1080/2660
f 264/2662 1079/2663 1080/2660
f 1076/2293 1080/2296 835/2292
f 1060/2658 843/2657 1080/2660
f 773/2664 1079/2663 264/2662
f 1078/2966 826/2965 1037/2964
f 1080/2660 1079/2663 1078/2665
f 826/2965 1078/2966 773/2967
f 834/2723 1081/2730 1083/2727
f 1036/1828 1037/1825 1034/1821
f 835/2292 1080/2296 1078/2297
f 834/2290 835/2292 1059/2288
f 1027/731 844/728 1735/733
f 1037/2294 1036/2291 835/2292
f 1078/2297 1037/2294 835/2292
f 1734/737 1027/731 1736/736
f 1061/2659 1060/2658 1076/2661
f 1077/2726 1061/2729 834/2723
f 834/2723 837/2722 1077/2726
f 1452/2289 1059/2288 1036/2291
f 716/1697 1040/1701 717/1698
f 717/1698 1088/1702 1031/1699
f 707/1605 1075/1607 678/1609
f 1040/1701 1032/1703 1074/1705
f 1711/2365 774/2364 1729/2367
f 844/728 265/722 1713/726
f 830/1716 829/1715 762/1714
f 769/1903 726/1899 727/1906
f 676/2320 662/2323 121/2318
f 665/2377 674/2382 1035/2381
f 1052/2378 665/2377 1035/2381
f 676/2320 121/2318 675/2317
f 1048/1920 1072/1915 1738/1921
f 263/1913 1046/1907 1740/1912
f 738/702 815/704 814/696
f 817/1822 1037/1825 825/1829
f 818/3019 831/3018 817/3022
f 1075/1607 1074/1612 1032/1610
f 1057/1704 1033/1700 1031/1699
f 1032/1610 1070/1611 678/1609
f 1029/1323 894/1330 1057/1329
f 1032/1703 716/1697 1033/1700
f 1033/1700 1070/1706 1032/1703
f 707/1605 706/1600 842/1602
f 1666/1824 831/1823 1715/1826
f 122/922 1035/920 675/917
f 122/2319 121/2318 1052/2321
f 737/915 675/917 1035/920
f 1071/1911 1072/1915 1049/1918
f 1072/1915 263/1913 1741/1917
f 1072/1915 1071/1911 263/1913
f 1048/1920 1049/1918 1072/1915
f 1071/1911 1045/1908 1046/1907
f 263/1913 1071/1911 1046/1907
f 906/2027 708/2026 1041/2030
f 686/515 663/512 685/501
f 1740/1912 1068/1910 1748/1914
f 1068/1910 1046/1907 1069/1909
f 675/917 737/915 723/912
f 694/1002 687/1008 1054/1006
f 694/794 680/791 667/793
f 679/1603 707/1605 678/1609
f 1070/1706 1033/1700 1058/1707
f 709/2023 708/2026 906/2027
f 1092/2269 1068/2272 1069/2273
f 1068/2272 848/2267 1730/2274
f 899/2032 897/2034 729/2036
f 1028/2803 1023/2807 44/2806
f 69/1289 109/1283 185/1286
f 253/369 105/309 106/368
f 159/2300 994/2301 234/2298
f 941/776 934/761 926/772
f 222/855 63/852 229/858
f 235/1277 1006/1278 134/1275
f 170/2140 171/2139 220/2138
f 59/1173 1018/1170 43/1175
f 224/754 918/749 22/743
f 63/1188 42/1182 208/1181
f 58/294 928/306 969/320
f 219/2875 82/2874 220/2877
f 171/2139 172/2134 220/2138
f 214/1805 215/1808 1016/1802
f 117/1965 209/1967 206/1963
f 172/1475 50/1477 209/1476
f 908/286 1010/255 226/270
f 92/1779 181/1782 141/1780
f 139/2954 864/2955 872/2952
f 45/1228 174/1231 168/1227
f 130/1940 131/1944 45/1942
f 950/1158 71/1155 72/1163
f 181/2306 140/2304 993/2303
f 145/2284 997/2285 956/2282
f 997/2285 957/2280 956/2282
f 93/2159 185/2156 996/2151
f 145/935 102/927 101/933
f 116/2412 76/2414 115/2409
f 1009/1459 176/1463 1008/1457
f 72/1163 71/1155 49/1166
f 49/1166 71/1155 50/1161
f 923/781 925/777 29/778
f 221/757 86/752 6/748
f 999/3112 100/3113 23/3114
f 240/925 104/931 996/928
f 936/173 19/184 10/196
f 891/3211 890/3212 893/3213
f 905/2031 897/2034 899/2032
f 890/1337 736/1335 896/1333
f 903/1242 228/1240 892/1236
f 732/1843 839/1841 1075/1842
f 722/3076 711/3074 720/3073
f 1049/2812 1050/2811 1071/2814
f 717/1698 1040/1701 1074/1705
f 811/2167 733/2165 732/2166
f 733/314 822/302 823/287
f 809/1717 807/1718 794/1719
f 717/1840 839/1841 900/1838
f 816/703 824/701 814/696
f 697/2475 684/2478 721/2476
f 698/2354 849/2351 801/2350
f 1091/1298 1051/1302 1090/1305
f 813/3148 847/3147 1055/3146
f 686/2359 251/2355 698/2354
f 1061/2295 1076/2293 834/2290
f 1086/1327 1030/1325 717/1322
f 213/1151 1014/1148 207/1150
f 946/1177 41/1178 42/1182
f 202/2511 951/2512 56/2509
f 59/1173 41/1178 946/1177
f 171/2433 85/2432 84/2435
f 84/2893 981/2894 49/2891
f 84/2878 219/2875 220/2877
f 55/2536 56/2537 970/2538
f 147/1631 219/1630 133/1633
f 88/1642 91/1637 214/1639
f 135/1232 194/1233 174/1231
f 171/2465 170/2462 187/2464
f 209/1167 966/1157 206/1164
f 206/1164 966/1157 205/1160
f 117/2434 218/2431 171/2433
f 108/1472 107/1470 118/1473
f 187/2464 117/2468 171/2465
f 166/2466 1005/2467 167/2463
f 980/2136 981/2137 172/2134
f 108/1472 157/1468 107/1470
f 113/224 114/241 991/199
f 878/1455 175/1462 1009/1459
f 226/270 888/300 908/286
f 234/2002 868/2005 881/1996
f 911/2453 995/2449 872/2452
f 119/1460 881/1461 120/1456
f 911/2453 876/2455 995/2449
f 140/323 990/339 994/355
f 220/2138 68/2141 170/2140
f 996/2151 97/2154 162/2152
f 96/1781 141/1780 181/1782
f 131/1725 130/1728 190/1723
f 155/1726 190/1723 130/1728
f 997/937 129/939 1001/940
f 145/935 101/933 997/937
f 189/1506 188/1503 150/1505
f 142/379 106/368 428/353
f 23/691 24/692 999/693
f 110/1284 109/1283 69/1289
f 58/294 57/335 69/308
f 69/1289 57/1291 52/1290
f 93/934 996/928 104/931
f 137/926 240/925 996/928
f 929/2279 956/2282 957/2280
f 103/929 240/925 102/927
f 69/308 185/281 68/295
f 127/924 201/930 102/927
f 77/176 984/198 76/214
f 105/309 93/268 104/322
f 104/322 103/338 105/309
f 140/2304 994/2301 993/2303
f 138/354 990/339 105/309
f 68/2415 116/2412 170/2411
f 249/1367 874/1366 853/1365
f 220/2895 981/2894 84/2893
f 982/175 49/166 980/186
f 949/1153 966/1157 71/1155
f 917/658 20/652 86/662
f 977/113 976/89 935/99
f 975/2621 929/2624 959/2622
f 56/3257 196/3258 971/3259
f 86/366 87/377 2/350
f 954/2623 955/2620 959/2622
f 89/1254 973/1257 199/1252
f 55/3233 970/3235 974/3234
f 978/352 57/335 58/294
f 970/2515 56/2509 951/2512
f 196/2534 90/2531 978/2533
f 1014/1148 949/1153 943/1152
f 71/1155 943/1152 949/1153
f 8/1162 943/1152 950/1158
f 943/1152 64/1159 237/1156
f 65/1690 79/1688 197/1687
f 35/834 11/833 36/837
f 947/1183 922/1180 946/1177
f 946/1177 74/1174 59/1173
f 62/1172 60/1171 74/1174
f 28/779 27/775 933/767
f 933/530 31/527 28/526
f 48/790 47/787 10/789
f 61/2950 922/2947 939/2949
f 921/2951 922/2947 61/2950
f 9/784 47/787 920/782
f 920/782 28/779 9/784
f 852/2673 854/2676 887/2674
f 869/2456 873/2454 872/2452
f 910/573 857/593 850/591
f 769/2363 770/2366 774/2364
f 910/573 912/578 400/570
f 907/1452 877/1449 852/1451
f 891/1237 750/1241 884/1243
f 905/2694 802/2696 897/2697
f 1042/2038 729/2036 897/2034
f 803/907 802/911 752/904
f 820/259 841/274 823/287
f 841/1331 896/1333 894/1330
f 820/259 902/205 895/246
f 900/2971 1030/2973 820/2972
f 736/1335 890/1337 891/1338
f 714/1336 894/1330 736/1335
f 823/2163 841/2160 839/2162
f 751/2736 749/2737 734/2735
f 751/510 754/511 744/497
f 870/3107 869/3109 872/3108
f 747/1085 879/1093 851/1089
f 869/3109 870/3107 856/3110
f 856/3110 867/3111 869/3109
f 875/3270 868/3272 876/3271
f 911/3221 873/3218 875/3220
f 856/2459 868/2458 867/2457
f 850/1095 851/1089 254/1097
f 242/1084 898/1090 860/1086
f 860/1086 251/1081 242/1084
f 803/907 752/904 724/906
f 846/714 847/711 812/708
f 729/699 1042/697 814/696
f 801/2350 758/2357 698/2354
f 257/2477 758/2474 801/2479
f 705/1926 258/1930 786/1927
f 1055/712 1038/709 813/706
f 722/2035 752/2033 899/2032
f 836/328 821/313 822/302
f 733/314 811/329 822/302
f 706/1600 729/1601 824/1598
f 812/708 813/706 815/704
f 845/716 732/719 838/707
f 830/1716 809/1717 829/1715
f 819/727 818/734 817/735
f 1722/2562 792/2559 1724/2564
f 806/814 797/810 790/816
f 809/634 256/623 791/637
f 811/329 836/328 822/302
f 786/1927 258/1930 801/1933
f 319/627 800/632 318/582
f 724/906 691/910 803/907
f 805/913 803/907 691/910
f 796/1928 797/1931 756/1925
f 728/2385 738/2389 805/2386
f 803/700 805/705 738/702
f 256/1266 247/1263 245/1265
f 796/617 786/607 790/611
f 780/1560 781/1551 755/1556
f 766/1299 768/1303 244/1293
f 779/1296 766/1299 244/1293
f 767/809 832/811 766/808
f 758/2474 257/2477 697/2475
f 663/2360 686/2359 698/2354
f 700/1083 747/1085 748/1080
f 751/2736 734/2735 753/2734
f 738/1904 719/1901 815/1900
f 742/2037 722/2035 899/2032
f 839/2162 732/2166 733/2165
f 1091/1298 1054/1301 779/1296
f 728/2385 719/2391 738/2389
f 715/1391 262/1396 906/1394
f 729/2036 742/2037 899/2032
f 661/2669 663/2668 666/2667
f 664/508 685/501 663/512
f 673/2384 674/2382 661/2380
f 661/2669 662/2672 676/2671
f 661/804 660/798 673/801
f 1071/1021 1050/1024 827/1023
f 731/1014 730/1012 727/1019
f 771/1022 783/1018 827/1023
f 1045/2275 1056/2265 1069/2273
f 1090/1305 1051/1302 1093/1307
f 730/1012 776/1015 783/1018
f 1091/1005 1090/1007 1087/1003
f 691/910 737/915 674/918
f 674/918 673/921 691/910
f 724/906 723/912 691/910
f 711/1403 740/1401 713/1400
f 719/2391 728/2385 1053/2388
f 679/1603 706/1600 707/1605
f 262/1396 710/1398 906/1394
f 714/1336 1085/1334 894/1330
f 1075/1842 842/1845 732/1843
f 1030/3152 900/3153 839/3154
f 839/2162 840/2161 1030/2164
f 732/2166 845/2168 811/2167
f 844/728 1027/731 819/727
f 1078/2966 1079/2968 773/2967
f 1074/1844 1075/1842 717/1840
f 1032/1703 1040/1701 716/1697
f 1035/2381 122/2383 1052/2378
f 662/2323 1052/2321 121/2318
f 737/915 1035/920 674/918
f 1068/2272 1092/2269 848/2267
f 839/1841 717/1840 1075/1842
f 162/2152 97/2154 98/2157
f 982/2133 980/2136 172/2134
f 729/1601 706/1600 679/1603
f 676/2671 664/2670 661/2669
f 470/2576 477/2577 469/2578
f 316/620 308/633 311/616
f 414/671 406/669 407/673
f 476/2398 477/2401 470/2396
f 440/1846 441/1847 448/1848
f 445/1534 439/1535 446/1536
f 464/1508 189/1506 465/1510
f 470/2396 475/2393 474/2395
f 438/1570 468/1571 450/1572
f 442/1538 425/1541 423/1543
f 433/405 431/449 1538/438
f 378/2216 444/2217 382/2218
f 446/1536 442/1538 443/1542
f 434/1577 453/1573 449/1576
f 432/1854 440/1846 472/1851
f 482/1537 445/1534 441/1539
f 405/546 419/543 401/548
f 393/436 395/421 1542/447
f 415/661 410/666 426/667
f 403/542 402/544 409/547
f 409/660 411/668 410/666
f 377/2219 382/2218 391/2223
f 396/571 397/574 373/579
f 252/392 106/368 398/403
f 1544/2220 378/2216 1545/2224
f 443/2095 454/2096 451/2097
f 390/2091 389/2092 252/2093
f 313/1025 309/1026 315/1027
f 1546/1191 353/1192 1547/1193
f 350/1028 367/1032 335/1030
f 350/1028 331/1029 354/1031
f 314/636 310/628 308/633
f 350/1028 335/1030 315/1027
f 354/1031 330/1034 351/1037
f 330/1034 354/1031 331/1029
f 329/610 333/621 325/615
f 1535/1039 330/1034 1550/1040
f 387/1861 461/1862 386/1863
f 392/3042 388/3043 365/3044
f 189/1506 464/1508 188/1503
f 371/1751 380/1752 370/1753
f 474/2395 476/2398 470/2396
f 477/1856 473/1853 460/1849
f 471/2399 189/2400 475/2393
f 470/2396 471/2399 475/2393
f 460/1849 479/1860 477/1856
f 469/2578 479/2580 452/2582
f 469/2578 477/2577 479/2580
f 473/1853 477/1856 476/1857
f 451/1859 452/1855 459/1852
f 479/1860 460/1849 452/1855
f 474/1141 148/1135 432/1138
f 472/1851 473/1853 476/1857
f 474/1858 432/1854 472/1851
f 460/1849 473/1853 472/1851
f 448/1848 460/1849 440/1846
f 476/1857 474/1858 472/1851
f 436/1509 447/1504 466/1507
f 460/1849 448/1848 445/1850
f 467/1517 437/1511 466/1507
f 464/1508 466/1507 188/1503
f 446/3229 459/3230 445/3231
f 142/379 428/353 429/393
f 447/1504 188/1503 466/1507
f 450/1572 468/1571 467/1575
f 457/1579 450/1572 467/1575
f 457/2101 454/2096 450/2098
f 463/1513 466/1507 464/1508
f 457/1518 467/1517 466/1507
f 458/1514 463/1513 464/1508
f 465/1510 458/1514 464/1508
f 470/2576 455/2579 458/2581
f 458/2581 465/2583 470/2576
f 471/1515 465/1510 189/1506
f 471/2584 470/2576 465/2583
f 470/2576 469/2578 455/2579
f 456/2102 455/2099 454/2096
f 455/2579 469/2578 452/2582
f 455/2099 456/2102 458/2104
f 458/2104 456/2102 457/2101
f 454/2096 455/2099 451/2097
f 454/2096 457/2101 456/2102
f 457/1518 463/1513 458/1514
f 450/1572 453/1573 438/1570
f 451/1544 446/1536 443/1542
f 450/2098 454/2096 443/2095
f 449/1576 453/1573 450/1572
f 387/2227 377/2219 391/2223
f 443/2095 449/2100 450/2098
f 452/1855 460/1849 459/1852
f 445/1850 459/1852 460/1849
f 451/1544 459/1546 446/1536
f 1533/2627 391/2628 1554/2629
f 1553/2228 382/2218 1555/2226
f 445/1850 448/1848 441/1847
f 379/1864 377/1868 387/1861
f 382/2218 444/2217 1552/2221
f 434/1547 449/1548 443/1542
f 453/1573 434/1577 438/1570
f 418/681 431/686 417/676
f 442/1538 446/1536 439/1535
f 431/686 418/681 1537/689
f 438/1570 434/1577 433/1578
f 375/422 433/405 1539/429
f 1558/458 375/422 1559/448
f 437/1574 468/1571 438/1570
f 433/405 106/368 435/394
f 106/368 433/405 398/403
f 375/422 398/403 433/405
f 142/1512 436/1509 435/1516
f 431/1582 433/1578 422/1581
f 443/1542 422/1545 434/1547
f 422/1581 433/1578 434/1577
f 425/1541 442/1538 439/1535
f 99/2428 426/2430 427/2429
f 439/1535 482/1537 424/1540
f 440/1140 432/1138 149/1137
f 441/1539 424/1540 482/1537
f 441/1147 440/1140 424/1146
f 426/667 99/664 415/661
f 420/404 428/353 426/412
f 410/2884 413/2885 426/2886
f 428/353 427/402 426/412
f 423/682 425/688 421/678
f 413/672 412/674 417/676
f 422/687 423/682 417/676
f 417/676 431/686 422/687
f 415/661 99/664 24/657
f 421/2889 424/2890 420/2888
f 413/2885 421/2889 420/2888
f 430/670 410/666 411/668
f 430/2887 413/2885 410/2884
f 421/678 413/672 417/676
f 426/2886 413/2885 420/2888
f 404/656 403/663 409/660
f 409/660 410/666 415/661
f 401/548 419/543 1652/545
f 416/675 407/673 1562/677
f 1536/685 416/675 1567/683
f 416/675 418/681 417/676
f 417/676 412/674 416/675
f 409/660 406/669 411/668
f 409/660 408/653 404/656
f 408/653 21/651 404/656
f 415/661 408/653 409/660
f 414/671 412/674 413/672
f 406/669 414/671 411/668
f 413/672 430/670 411/668
f 407/673 416/675 412/674
f 412/674 414/671 407/673
f 409/547 402/544 1569/550
f 405/546 402/544 913/532
f 406/559 409/547 1570/554
f 1571/549 405/546 1573/553
f 405/546 401/548 1561/552
f 395/421 375/422 1578/435
f 1578/1764 381/1758 1580/1768
f 395/421 398/403 375/422
f 305/588 399/575 303/598
f 398/403 395/421 390/413
f 399/575 390/580 394/587
f 373/579 390/580 396/571
f 398/403 390/413 252/392
f 253/369 106/368 252/392
f 379/1864 386/1863 376/1867
f 400/570 912/578 397/574
f 390/580 384/597 394/587
f 396/571 328/568 400/570
f 390/580 399/575 396/571
f 396/571 399/575 328/568
f 328/568 399/575 368/581
f 399/575 305/588 368/581
f 399/2772 394/2773 369/2774
f 369/1405 358/1406 359/1407
f 390/413 395/421 384/428
f 394/2773 384/2775 369/2774
f 361/2117 393/2118 1583/2119
f 395/421 393/436 384/428
f 383/2094 252/2093 389/2092
f 373/579 383/596 389/595
f 397/574 374/586 373/579
f 397/574 396/571 400/570
f 383/395 253/369 252/392
f 385/1760 388/1765 370/1753
f 361/2117 360/2124 384/2121
f 356/1756 355/1766 385/1760
f 356/1869 386/1863 365/1866
f 359/2778 358/2777 357/2776
f 387/2633 391/2628 392/2630
f 386/1863 379/1864 387/1861
f 378/2216 382/2218 377/2219
f 359/1407 363/1408 369/1405
f 386/1863 356/1869 376/1867
f 356/1756 380/1752 376/1759
f 372/1754 370/1753 1587/1757
f 370/1753 372/1754 371/1751
f 380/1752 375/1755 376/1759
f 377/1868 379/1864 375/1870
f 375/2222 378/2216 377/2219
f 360/2124 357/2128 384/2121
f 373/579 389/595 390/580
f 374/586 383/596 373/579
f 357/2776 358/2777 369/2774
f 384/2121 393/2118 361/2117
f 384/2775 357/2776 369/2774
f 364/2123 361/2117 1584/2120
f 368/581 323/599 320/606
f 321/2748 328/2749 320/2750
f 368/2752 320/2750 328/2749
f 363/1408 362/1414 304/1412
f 1592/2131 364/2123 1593/2129
f 361/2117 364/2123 362/2126
f 361/2117 362/2126 363/2130
f 1594/1769 301/1770 1595/1771
f 357/2128 360/2124 359/2127
f 363/1408 327/1410 303/1409
f 366/1197 346/1207 354/1202
f 351/1199 353/1192 354/1202
f 366/1197 354/1202 353/1192
f 354/1031 346/1033 350/1028
f 314/1272 313/1273 341/1271
f 346/1207 366/1197 348/1206
f 315/1563 335/1569 340/1567
f 343/2646 344/2647 345/2648
f 342/1201 348/1206 366/1197
f 353/1192 351/1199 352/1195
f 304/1412 362/1414 1591/1415
f 330/1034 324/1036 307/1038
f 304/1412 327/1410 363/1408
f 332/626 333/621 329/610
f 1547/1193 352/1195 1598/1198
f 339/1553 341/1561 315/1563
f 342/1201 349/1194 1753/1205
f 342/2653 343/2646 348/2652
f 349/1194 366/1197 353/1192
f 1756/1200 1596/1196 1769/1204
f 349/1194 342/1201 366/1197
f 343/2646 342/2653 1758/2654
f 480/2650 346/2651 345/2648
f 338/1559 339/1553 315/1563
f 334/2831 343/2832 1759/2833
f 334/1565 338/1559 315/1563
f 336/1557 341/1561 339/1553
f 315/1563 340/1567 334/1565
f 315/1274 341/1271 313/1273
f 1709/1555 338/1559 1761/1562
f 333/621 332/626 483/631
f 480/2837 344/2835 335/2836
f 336/1557 339/1553 337/1552
f 334/2831 340/2838 335/2836
f 338/1559 334/1565 1762/1568
f 324/1036 330/1034 331/1029
f 312/619 316/620 306/608
f 327/1410 304/1412 302/1413
f 305/2753 306/2754 317/2755
f 322/605 305/588 317/609
f 326/614 322/605 317/609
f 329/610 325/615 320/606
f 326/614 329/610 322/605
f 319/627 321/622 325/615
f 333/621 319/627 325/615
f 323/599 329/610 320/606
f 325/615 321/622 320/606
f 322/605 329/610 323/599
f 321/2748 318/2751 328/2749
f 329/610 326/614 316/620
f 316/620 332/626 329/610
f 311/616 332/626 316/620
f 308/3127 316/3128 312/3129
f 313/638 314/636 308/633
f 312/619 309/635 308/633
f 312/619 324/625 331/630
f 324/625 312/619 307/613
f 305/588 323/599 368/581
f 318/582 321/622 319/627
f 322/605 323/599 305/588
f 306/608 326/614 317/609
f 303/598 302/604 305/588
f 302/604 306/608 305/588
f 303/1409 327/1410 302/1413
f 302/1413 304/1412 1600/1416
f 307/613 302/604 1549/618
f 302/604 307/613 306/608
f 307/613 312/619 306/608
f 348/2652 478/2649 346/2651
f 342/3283 347/3284 1766/3285
f 346/1033 480/1035 367/1032
f 335/1030 367/1032 480/1035
f 343/2646 478/2649 348/2652
f 1752/3287 342/3283 1755/3289
f 346/2651 478/2649 345/2648
f 344/2647 480/2650 345/2648
f 345/2648 478/2649 343/2646
f 337/2827 481/2829 336/2830
f 343/2832 334/2831 344/2835
f 300/2634 392/2630 1532/2632
f 392/3042 300/3046 388/3043
f 386/1863 461/1862 365/1866
f 385/3047 355/3048 365/3044
f 365/1866 355/1871 356/1869
f 388/3043 385/3047 365/3044
f 461/1862 462/1865 365/1866
f 462/3045 392/3042 365/3044
f 392/2630 462/2635 387/2633
f 462/1865 461/1862 387/1861
f 301/2637 300/2634 1605/2636
f 346/1033 367/1032 350/1028
f 312/619 331/630 309/635
f 300/1772 301/1770 388/1765
f 429/1143 1062/1142 447/1139
f 472/1851 440/1846 460/1849
f 429/1143 447/1139 142/1145
f 447/1504 436/1509 142/1512
f 424/1146 440/1140 420/1144
f 375/1755 371/1751 381/1758
f 1588/1762 388/1765 1594/1769
f 1550/1040 307/1038 1604/1041
f 310/1268 314/1272 341/1271
f 309/1026 350/1028 315/1027
f 437/1574 467/1575 468/1571
f 436/1509 466/1507 437/1511
f 463/1513 457/1518 466/1507
f 451/2097 455/2099 452/2103
f 445/1534 482/1537 439/1535
f 443/1542 442/1538 422/1545
f 437/1574 433/1578 435/1580
f 435/1516 436/1509 437/1511
f 433/1578 437/1574 438/1570
f 420/1144 1062/1142 429/1143
f 423/1543 422/1545 442/1538
f 149/1137 1062/1142 440/1140
f 424/1540 425/1541 439/1535
f 440/1140 1062/1142 420/1144
f 428/353 420/404 429/393
f 423/682 421/678 417/676
f 425/688 424/690 421/678
f 414/671 413/672 411/668
f 408/653 415/661 24/657
f 1564/563 406/559 1572/561
f 1585/1763 372/1754 1589/1761
f 371/1751 372/1754 381/1758
f 375/1870 379/1864 376/1867
f 370/1753 356/1756 385/1760
f 363/2130 359/2127 361/2117
f 371/1751 375/1755 380/1752
f 303/1409 399/1411 369/1405
f 359/2127 360/2124 361/2117
f 363/1408 303/1409 369/1405
f 326/614 306/608 316/620
f 1599/1203 351/1199 1601/1208
f 341/1271 336/1270 310/1268
f 309/635 313/638 308/633
f 309/1026 331/1029 350/1028
f 311/616 308/633 310/628
f 344/2835 334/2831 335/2836
f 149/1137 447/1139 1062/1142
f 380/1752 356/1756 370/1753
f 298/109 1215/97 299/118
f 295/2347 297/2344 296/2343
f 282/2718 1464/2719 283/2721
f 280/2063 284/2056 281/2059
f 269/2017 632/2008 279/2016
f 656/1784 638/1783 267/1787
f 286/1388 287/1382 273/1385
f 268/1796 270/1793 269/1797
f 270/1793 268/1796 267/1787
f 276/1521 278/1523 277/1527
f 274/3017 563/3015 275/3016
f 273/1385 563/1377 274/1387
f 1532/2632 392/2630 1533/2627
f 1533/2627 392/2630 391/2628
f 1534/1211 351/1199 1535/1214
f 1535/1039 351/1037 330/1034
f 1536/685 418/681 416/675
f 1537/689 418/681 1536/685
f 1538/438 431/449 1556/459
f 1539/429 433/405 1538/438
f 1540/557 401/548 1541/560
f 1541/560 401/548 1658/555
f 1542/447 395/421 1582/457
f 1543/456 393/436 1542/447
f 1544/2220 444/2217 378/2216
f 1545/2224 378/2216 1577/2229
f 1546/1191 349/1194 353/1192
f 1547/1193 353/1192 352/1195
f 1548/1419 302/1413 1603/1418
f 1549/3222 302/3223 1548/3224
f 1550/1040 330/1034 307/1038
f 1551/2225 444/2217 1544/2220
f 1552/2221 444/2217 1551/2225
f 1553/2228 391/2223 382/2218
f 1554/2629 391/2628 1553/2631
f 1555/2226 382/2218 1552/2221
f 1556/459 431/449 1537/468
f 1557/437 375/422 1539/429
f 1558/458 378/467 375/422
f 1559/448 375/422 1557/437
f 1560/474 378/467 1558/458
f 1561/552 401/548 1540/557
f 1562/677 407/673 1566/680
f 1563/679 416/675 1562/677
f 1564/563 407/565 406/559
f 1565/566 407/565 1564/563
f 1566/680 407/673 1568/684
f 1567/683 416/675 1563/679
f 1568/567 407/565 1565/566
f 1569/550 402/544 1571/549
f 1570/554 409/547 1569/550
f 1571/549 402/544 405/546
f 1572/561 406/559 1570/554
f 1573/553 405/546 1574/558
f 1574/558 405/546 1575/556
f 1575/556 405/546 1561/552
f 1576/479 378/467 1560/474
f 1577/2229 378/2216 1576/2230
f 1578/1764 375/1755 381/1758
f 1579/446 395/421 1578/435
f 1580/1768 381/1758 1586/1767
f 1581/455 395/421 1579/446
f 1582/457 395/421 1581/455
f 1583/2119 393/2118 1543/2122
f 1584/2120 361/2117 1583/2119
f 1585/1763 381/1758 372/1754
f 1586/1767 381/1758 1585/1763
f 1587/1757 370/1753 1588/1762
f 1588/1762 370/1753 388/1765
f 1589/1761 372/1754 1587/1757
f 1590/2125 364/2123 1584/2120
f 1591/2132 362/2126 1592/2131
f 1592/2131 362/2126 364/2123
f 1593/2129 364/2123 1590/2125
f 1594/1769 388/1765 301/1770
f 1595/2639 301/2637 1606/2638
f 1596/1196 349/1194 1546/1191
f 1597/1417 304/1412 1591/1415
f 1598/1198 352/1195 1599/1203
f 1599/1203 352/1195 351/1199
f 1600/1416 304/1412 1597/1417
f 1601/1208 351/1199 1534/1211
f 1596/1196 1602/1212 1757/1209
f 1603/1418 302/1413 1600/1416
f 1604/624 307/613 1549/618
f 1605/2636 300/2634 1532/2632
f 1606/2638 301/2637 1605/2636
f 1607/32 484/19 1352/18
f 1608/42 1352/18 1489/41
f 1609/771 31/764 1610/766
f 1610/766 31/764 1354/763
f 1611/3065 1416/3068 1419/3066
f 1612/3067 1419/3066 1614/3069
f 1613/2171 1364/2170 1616/2174
f 1614/2172 1419/2169 1613/2171
f 1615/3244 1364/3241 1527/3240
f 1616/2174 1364/2170 1615/2176
f 1617/160 1359/139 1646/150
f 1618/182 1360/171 1617/160
f 1619/98 1111/76 1644/112
f 1620/111 1095/88 1619/98
f 1621/65 1111/76 1096/43
f 1622/3162 1357/3159 1621/3161
f 1623/3163 1357/3159 1622/3162
f 1624/119 1095/88 1620/111
f 1625/64 1489/41 1626/75
f 1626/75 1489/41 1643/62
f 1627/3071 1110/3070 1611/3065
f 1628/3072 1110/3070 1627/3071
f 1629/3247 1527/3240 1630/3246
f 1630/3246 1527/3240 1631/3243
f 1631/3243 1527/3240 1109/3242
f 1632/3245 1109/3242 1649/3248
f 1633/128 1095/88 1624/119
f 1634/770 1354/763 1647/774
f 1635/3305 1360/3306 1618/3307
f 1636/209 1350/183 1635/194
f 1637/59 1343/50 1345/39
f 1638/61 1345/39 285/51
f 1639/74 285/51 1659/87
f 1640/72 1343/50 1637/59
f 1641/63 1491/60 1640/72
f 1642/52 1342/31 1641/63
f 1643/62 1489/41 1642/52
f 1644/3282 1111/3279 1623/3281
f 1645/53 1096/43 1607/32
f 1646/150 1359/139 1633/128
f 1647/774 1354/763 1636/769
f 1648/528 31/527 1609/531
f 1649/3264 1109/3260 1650/3263
f 1650/3263 1109/3260 1628/3262
f 1651/529 28/526 1648/528
f 1652/545 419/543 1653/540
f 1653/540 419/543 913/532
f 1654/538 913/532 1656/535
f 1655/533 913/532 1651/529
f 1656/535 913/532 1655/533
f 1657/551 401/548 1652/545
f 1658/555 401/548 1657/551
f 1660/562 1541/560 1658/555
f 1661/564 1541/560 1660/562
f 1662/1837 1455/1836 1663/1834
f 1663/1834 1455/1836 1457/1830
f 1664/1832 1457/1830 1665/1827
f 1665/1827 1457/1830 1034/1821
f 1666/1824 1034/1821 831/1823
f 1667/2423 625/2419 1662/2421
f 1668/2556 493/2552 1669/2555
f 1669/2555 493/2552 1694/2553
f 1670/2520 625/2519 1667/2522
f 1671/2521 1278/2518 1670/2520
f 1672/2526 490/2523 1698/2525
f 1673/2527 490/2523 1672/2526
f 1674/893 628/887 1675/890
f 1675/890 628/887 629/889
f 1676/892 629/889 614/895
f 1677/901 517/900 1679/903
f 1678/898 614/895 1677/901
f 1679/1628 517/1621 1692/1626
f 1680/2524 490/2523 1671/2521
f 1681/504 493/495 1695/509
f 1682/505 540/484 1681/504
f 1683/478 520/465 542/473
f 1684/2447 520/2442 1683/2448
f 1685/2444 521/2440 1687/2445
f 1686/2441 521/2440 1685/2444
f 1687/2445 521/2440 520/2442
f 1688/1624 516/1622 522/1620
f 1689/2443 522/2438 1686/2441
f 1690/1625 516/1622 1688/1624
f 1691/1623 508/1617 1690/1625
f 1692/1626 517/1621 1691/1623
f 1693/2528 490/2523 1673/2527
f 1694/2553 493/2552 492/2550
f 1695/509 493/495 1668/514
f 1696/2530 491/2529 1693/2528
f 1697/1353 492/1348 1696/1350
f 1698/2525 490/2523 1680/2524
f 1699/486 542/473 540/484
f 1700/496 540/484 1682/505
f 1701/2446 520/2442 1684/2447
f 1702/1709 764/1712 833/1710
f 1703/1713 764/1712 1702/1709
f 1704/2268 848/2267 243/2264
f 1705/2271 848/2267 1704/2268
f 1706/646 833/645 1707/644
f 1707/644 833/645 829/642
f 1708/643 829/642 1718/641
f 1709/1555 339/1553 338/1559
f 1710/1558 810/1550 1709/1555
f 1711/2365 828/2362 774/2364
f 1712/2368 828/2362 1711/2365
f 1713/726 265/722 1712/724
f 1714/738 818/734 1734/737
f 1715/3021 831/3018 1714/3020
f 1716/826 244/821 1728/825
f 1717/828 243/827 1716/826
f 1718/641 829/642 809/634
f 1719/2563 798/2561 810/2558
f 1720/2566 792/2559 1719/2563
f 1721/639 809/634 791/637
f 1722/2562 791/2560 792/2559
f 1723/2565 810/2558 1710/2567
f 1724/2564 792/2559 1720/2566
f 1725/2370 777/2372 1726/2373
f 1726/2373 777/2372 778/2375
f 1727/2819 778/2813 1749/2818
f 1728/825 244/821 1703/824
f 1729/2367 774/2364 1725/2370
f 1730/2274 848/2267 1705/2271
f 1731/830 243/827 1717/828
f 1732/2815 1048/2810 1744/2817
f 1733/2816 778/2813 1732/2815
f 1734/737 818/734 1027/731
f 1735/3290 844/3291 1750/3292
f 1736/736 1027/731 1735/733
f 1737/730 844/728 1713/726
f 1738/1921 1072/1915 1747/1923
f 1739/1922 1048/1920 1738/1921
f 1740/1912 1046/1907 1068/1910
f 1741/1917 263/1913 1740/1912
f 1742/2277 1068/2272 1743/2276
f 1743/2276 1068/2272 1730/2274
f 1744/1924 1048/1920 1739/1922
f 1745/1919 1072/1915 1741/1917
f 1746/3294 1072/3295 1745/3296
f 1747/3297 1072/3295 1746/3294
f 1748/1914 1068/1910 1742/1916
f 1749/2818 778/2813 1733/2816
f 1750/3292 844/3291 1737/3293
f 1751/3301 347/3302 1752/3303
f 1752/3287 347/3284 342/3283
f 1753/1205 349/1194 1756/1200
f 1754/1210 342/1201 1753/1205
f 1755/1213 342/1201 1754/1210
f 1756/1200 349/1194 1596/1196
f 1757/1209 1602/1212 1770/1215
f 1758/2654 342/2653 1768/2656
f 1759/2655 343/2646 1758/2654
f 1760/2834 334/2831 1759/2833
f 1761/1562 338/1559 1765/1564
f 1762/3204 334/3205 1764/3206
f 1763/1566 338/1559 1762/1568
f 1764/3206 334/3205 1760/3207
f 1765/1564 338/1559 1763/1566
f 1766/3304 347/3302 1751/3301
f 1767/3286 342/3283 1766/3285
f 1768/3288 342/3283 1767/3286
f 1769/1204 1596/1196 1757/1209
usemtl Tile_+034_+028_L18_00020_untextured
