mtllib Tile_+034_+028_L18_00010.mtl
v 6.87676274e+03 6.75000000e+03 2.81016482e+01
v 6.87883400e+03 6.81096116e+03 2.95348758e+01
v 6.87939923e+03 6.81127680e+03 3.12732436e+01
v 6.88076412e+03 6.81245407e+03 3.16046625e+01
v 6.87958602e+03 6.81273956e+03 3.00137146e+01
v 6.87952664e+03 6.80887197e+03 3.12558480e+01
v 6.87807862e+03 6.80995325e+03 3.10998820e+01
v 6.88115262e+03 6.81238063e+03 3.28831609e+01
v 6.88064828e+03 6.79715839e+03 3.33981009e+01
v 6.88094116e+03 6.79967424e+03 3.35591498e+01
v 6.88284715e+03 6.80257862e+03 3.29281883e+01
v 6.88117767e+03 6.80089573e+03 3.36259198e+01
v 6.88001873e+03 6.79903783e+03 3.00829073e+01
v 6.88223761e+03 6.79679624e+03 3.35522449e+01
v 6.88220213e+03 6.79540704e+03 3.20019956e+01
v 6.88094715e+03 6.79798333e+03 2.92858818e+01
v 6.88113584e+03 6.81059674e+03 3.31980674e+01
v 6.88132479e+03 6.80943021e+03 3.13696619e+01
v 6.88256942e+03 6.81109331e+03 3.32154297e+01
v 6.87896512e+03 6.80958431e+03 2.90417668e+01
v 6.87987705e+03 6.80866105e+03 2.72113029e+01
v 6.88267050e+03 6.79937505e+03 3.51522271e+01
v 6.88196309e+03 6.79790451e+03 3.35843595e+01
v 6.87791061e+03 6.81078934e+03 2.85010523e+01
v 6.87946678e+03 6.80848911e+03 2.84476514e+01
v 6.87993790e+03 6.80914130e+03 3.00539113e+01
v 6.87743994e+03 6.75819952e+03 2.80026543e+01
v 6.87951398e+03 6.76858340e+03 2.74609574e+01
v 6.87883051e+03 6.81235342e+03 2.67174881e+01
v 6.88412685e+03 6.80238976e+03 2.90639742e+01
v 6.88168884e+03 6.80178984e+03 3.03916861e+01
v 6.87590842e+03 6.76732145e+03 2.75181644e+01
v 6.87871066e+03 6.79078506e+03 2.60715263e+01
v 6.87754824e+03 6.77499574e+03 2.70581280e+01
v 6.88101773e+03 6.77706526e+03 2.68755217e+01
v 6.87937496e+03 6.80934037e+03 2.58497318e+01
v 6.88055862e+03 6.80473202e+03 2.59895766e+01
v 6.88217546e+03 6.80961472e+03 2.80128118e+01
v 6.88146236e+03 6.80901891e+03 2.50378773e+01
v 6.88021708e+03 6.80772875e+03 2.66663640e+01
v 6.88091495e+03 6.80343267e+03 2.62906696e+01
v 6.87916546e+03 6.80080969e+03 2.57531767e+01
v 6.88240618e+03 6.78364489e+03 2.64875827e+01
v 6.87672573e+03 6.80960998e+03 2.54877999e+01
v 6.88216497e+03 6.79012313e+03 2.62579011e+01
v 6.88237377e+03 6.81016721e+03 2.56583194e+01
v 6.88272438e+03 6.79706423e+03 2.60875977e+01
v 6.88168155e+03 6.80118798e+03 2.65028973e+01
v 6.88386818e+03 6.79289341e+03 2.60518445e+01
v 6.88271444e+03 6.80659795e+03 2.54676584e+01
v 6.88495019e+03 6.75691774e+03 2.81231193e+01
v 6.88237600e+03 6.79936602e+03 2.60207625e+01
v 6.89025909e+03 6.81097089e+03 3.13321735e+01
v 6.88820918e+03 6.81001602e+03 3.19796787e+01
v 6.89177546e+03 6.81045558e+03 3.27032134e+01
v 6.89202923e+03 6.81145038e+03 3.43327333e+01
v 6.89198686e+03 6.80866674e+03 3.35973597e+01
v 6.89315988e+03 6.80951550e+03 3.51655118e+01
v 6.88932025e+03 6.80702716e+03 3.51502329e+01
v 6.89053490e+03 6.80821733e+03 3.42712569e+01
v 6.88740203e+03 6.80908815e+03 3.26712511e+01
v 6.89052073e+03 6.80882913e+03 3.29012127e+01
v 6.88752172e+03 6.80419225e+03 3.54810347e+01
v 6.88704616e+03 6.80262438e+03 3.59174503e+01
v 6.89106444e+03 6.80923929e+03 3.42049845e+01
v 6.89754927e+03 6.80670468e+03 3.25180523e+01
v 6.89796509e+03 6.80768387e+03 3.34308823e+01
v 6.90065705e+03 6.80809515e+03 3.33672107e+01
v 6.90373657e+03 6.80762133e+03 3.39512350e+01
v 6.89756292e+03 6.80900802e+03 3.31791654e+01
v 6.89921886e+03 6.80931941e+03 3.25028992e+01
v 6.89566262e+03 6.81223367e+03 3.30419865e+01
v 6.89318836e+03 6.81210708e+03 3.44342712e+01
v 6.89478994e+03 6.80975047e+03 3.49683930e+01
v 6.89517509e+03 6.80844578e+03 3.67855497e+01
v 6.89554992e+03 6.80854597e+03 3.59667027e+01
v 6.88845172e+03 6.81289663e+03 3.18329908e+01
v 6.88936475e+03 6.81191178e+03 3.23948623e+01
v 6.88350410e+03 6.81028514e+03 3.01608023e+01
v 6.88402241e+03 6.81217325e+03 2.99197927e+01
v 6.88298543e+03 6.81110075e+03 3.11758942e+01
v 6.88676939e+03 6.80948815e+03 2.92367246e+01
v 6.90217700e+03 6.80631979e+03 2.90227638e+01
v 6.90188454e+03 6.80807281e+03 2.90526543e+01
v 6.89420924e+03 6.81295988e+03 3.10466186e+01
v 6.89303220e+03 6.81272076e+03 3.00653219e+01
v 6.89241119e+03 6.81211018e+03 3.18094900e+01
v 6.89070460e+03 6.81268964e+03 3.10871122e+01
v 6.89831728e+03 6.80899462e+03 3.15541967e+01
v 6.90057087e+03 6.80763990e+03 3.02318777e+01
v 6.89805045e+03 6.80974747e+03 3.32798876e+01
v 6.89464051e+03 6.81157162e+03 3.12875010e+01
v 6.88820877e+03 6.81033728e+03 3.07566120e+01
v 6.88338773e+03 6.81209690e+03 3.18806913e+01
v 6.88566342e+03 6.80445523e+03 2.84294537e+01
v 6.90081399e+03 6.80871193e+03 3.18443995e+01
v 6.90243249e+03 6.80715571e+03 3.18059799e+01
v 6.89696757e+03 6.80053637e+03 3.38768364e+01
v 6.89529557e+03 6.80055223e+03 3.34930685e+01
v 6.90086436e+03 6.79941564e+03 3.42464484e+01
v 6.89057494e+03 6.79926167e+03 3.27512271e+01
v 6.89249742e+03 6.79653870e+03 3.27180512e+01
v 6.89078459e+03 6.79674870e+03 3.22745060e+01
v 6.88492149e+03 6.80167672e+03 3.39808320e+01
v 6.88500886e+03 6.80327979e+03 3.27211039e+01
v 6.88338780e+03 6.80132704e+03 3.42869868e+01
v 6.88600118e+03 6.80378904e+03 3.08628345e+01
v 6.88665728e+03 6.80583823e+03 3.43632779e+01
v 6.90169740e+03 6.79850821e+03 3.25290126e+01
v 6.90309178e+03 6.79724451e+03 3.18160656e+01
v 6.90220815e+03 6.79796610e+03 3.48905028e+01
v 6.90251751e+03 6.80590401e+03 3.13033062e+01
v 6.90599125e+03 6.80567086e+03 3.25574038e+01
v 6.90721081e+03 6.80647863e+03 3.09949239e+01
v 6.90419453e+03 6.80814954e+03 3.27810895e+01
v 6.90596455e+03 6.80695954e+03 3.16878895e+01
v 6.90342599e+03 6.79911956e+03 3.25871894e+01
v 6.90474321e+03 6.80763814e+03 3.12862887e+01
v 6.90296605e+03 6.80577287e+03 3.02374450e+01
v 6.89910154e+03 6.80390284e+03 2.84004001e+01
v 6.90000477e+03 6.80358685e+03 3.09910629e+01
v 6.90077827e+03 6.80232991e+03 2.88649726e+01
v 6.89951525e+03 6.80233009e+03 3.14044325e+01
v 6.90414523e+03 6.80466306e+03 2.78583345e+01
v 6.89753980e+03 6.80684115e+03 3.36585437e+01
v 6.89942925e+03 6.80522354e+03 3.34092624e+01
v 6.89914587e+03 6.80455844e+03 3.18013485e+01
v 6.90621450e+03 6.80629147e+03 3.40056681e+01
v 6.90749180e+03 6.80557984e+03 3.33303105e+01
v 6.90513011e+03 6.80057748e+03 3.24386611e+01
v 6.90017486e+03 6.80011366e+03 3.13730115e+01
v 6.89950622e+03 6.80849755e+03 3.39316361e+01
v 6.89814001e+03 6.80547582e+03 3.12020806e+01
v 6.90048859e+03 6.80564824e+03 3.11747830e+01
v 6.89834449e+03 6.80180970e+03 3.17141545e+01
v 6.88494299e+03 6.79726475e+03 3.32367571e+01
v 6.88485881e+03 6.79894963e+03 3.27270689e+01
v 6.89912400e+03 6.80648393e+03 3.08089626e+01
v 6.89900809e+03 6.80777299e+03 2.96970081e+01
v 6.89728735e+03 6.80738867e+03 3.17175305e+01
v 6.90577077e+03 6.79142133e+03 2.57512254e+01
v 6.90498056e+03 6.79158057e+03 2.80215033e+01
v 6.89869131e+03 6.80779355e+03 3.10061681e+01
v 6.88740052e+03 6.80681590e+03 3.36067218e+01
v 6.88242029e+03 6.78920222e+03 2.98529173e+01
v 6.88287921e+03 6.78566281e+03 3.09564201e+01
v 6.88335617e+03 6.78768360e+03 3.20297173e+01
v 6.88945320e+03 6.78932105e+03 3.28644326e+01
v 6.88975492e+03 6.78796164e+03 3.01148343e+01
v 6.89126300e+03 6.79111412e+03 3.17470839e+01
v 6.89119452e+03 6.79013404e+03 2.93991259e+01
v 6.89023076e+03 6.79091779e+03 3.14035661e+01
v 6.89567274e+03 6.78143361e+03 3.06660258e+01
v 6.89349073e+03 6.78301663e+03 3.30384509e+01
v 6.89278090e+03 6.78703585e+03 2.99407176e+01
v 6.89170820e+03 6.78940794e+03 3.12696457e+01
v 6.89128062e+03 6.79288544e+03 3.32697520e+01
v 6.89169686e+03 6.79540119e+03 2.99654763e+01
v 6.89089765e+03 6.79626095e+03 3.08144366e+01
v 6.88245182e+03 6.79278166e+03 3.25086715e+01
v 6.88311459e+03 6.79505686e+03 2.91940429e+01
v 6.88269890e+03 6.79119021e+03 2.97409653e+01
v 6.89019299e+03 6.79429122e+03 3.24558424e+01
v 6.89116234e+03 6.79035109e+03 3.29658130e+01
v 6.88934187e+03 6.78270725e+03 3.36583379e+01
v 6.89022537e+03 6.78302246e+03 3.31127907e+01
v 6.89027908e+03 6.78575990e+03 3.24528727e+01
v 6.88910465e+03 6.78803779e+03 3.41270737e+01
v 6.88244219e+03 6.78919847e+03 3.24582187e+01
v 6.88351861e+03 6.78647868e+03 3.22581639e+01
v 6.89223690e+03 6.79426508e+03 3.33850451e+01
v 6.90444769e+03 6.78855725e+03 2.97256212e+01
v 6.90457910e+03 6.78651171e+03 3.34457995e+01
v 6.89318994e+03 6.78651904e+03 2.51923688e+01
v 6.89167509e+03 6.78705283e+03 2.53392280e+01
v 6.90299330e+03 6.79721423e+03 3.36956909e+01
v 6.90403846e+03 6.79771130e+03 3.33718561e+01
v 6.90626774e+03 6.79702997e+03 3.48049185e+01
v 6.90677560e+03 6.79660864e+03 3.18084367e+01
v 6.88996302e+03 6.78551601e+03 2.75880889e+01
v 6.89009018e+03 6.78146297e+03 2.85848711e+01
v 6.90582969e+03 6.79227269e+03 2.91362443e+01
v 6.90586908e+03 6.79415468e+03 3.10434636e+01
v 6.90419828e+03 6.79421431e+03 3.13572144e+01
v 6.90696496e+03 6.78699679e+03 2.94341193e+01
v 6.90656101e+03 6.78586736e+03 3.06572110e+01
v 6.90507347e+03 6.78997990e+03 2.58808605e+01
v 6.90431635e+03 6.79324115e+03 3.07372017e+01
v 6.90681976e+03 6.79097776e+03 2.95330254e+01
v 6.90739656e+03 6.79267605e+03 3.22739634e+01
v 6.90282439e+03 6.79199688e+03 3.15637348e+01
v 6.90654632e+03 6.78750534e+03 3.38854137e+01
v 6.90316461e+03 6.79371507e+03 3.29086293e+01
v 6.90505935e+03 6.79456461e+03 3.29623308e+01
v 6.90683897e+03 6.79398694e+03 3.23672119e+01
v 6.90475154e+03 6.79742163e+03 3.34410622e+01
v 6.90019110e+03 6.77773639e+03 3.62490107e+01
v 6.90115666e+03 6.77921226e+03 3.68960210e+01
v 6.89109013e+03 6.78323301e+03 3.10696433e+01
v 6.90385294e+03 6.79385182e+03 3.43122402e+01
v 6.88360694e+03 6.79365078e+03 3.35218475e+01
v 6.88376431e+03 6.78697359e+03 3.41612034e+01
v 6.88190604e+03 6.79372475e+03 3.32205225e+01
v 6.88304354e+03 6.79456403e+03 3.41348346e+01
v 6.88319347e+03 6.79592742e+03 3.27520153e+01
v 6.88532169e+03 6.78443038e+03 3.43494994e+01
v 6.88513496e+03 6.78694204e+03 3.43545565e+01
v 6.88340322e+03 6.79238044e+03 3.43471002e+01
v 6.89010555e+03 6.79485534e+03 3.37754262e+01
v 6.88941911e+03 6.79360075e+03 3.55302985e+01
v 6.89120558e+03 6.79190463e+03 3.38406208e+01
v 6.89851966e+03 6.80494330e+03 2.75012199e+01
v 6.88387238e+03 6.79757838e+03 3.41187987e+01
v 6.88495484e+03 6.78837815e+03 3.61611838e+01
v 6.88458800e+03 6.78406131e+03 3.10814896e+01
v 6.88351588e+03 6.78942035e+03 3.53909253e+01
v 6.88623364e+03 6.78626162e+03 3.60490755e+01
v 6.88641611e+03 6.78479890e+03 3.48696506e+01
v 6.88790185e+03 6.78968418e+03 3.48066266e+01
v 6.88881732e+03 6.78451272e+03 3.39642218e+01
v 6.89345920e+03 6.79268707e+03 3.36496428e+01
v 6.89322939e+03 6.79399110e+03 3.51774781e+01
v 6.88870698e+03 6.79487191e+03 3.45342071e+01
v 6.88700517e+03 6.79287797e+03 3.64104602e+01
v 6.88637404e+03 6.79400223e+03 3.58607839e+01
v 6.88505941e+03 6.79580343e+03 3.46740571e+01
v 6.88379819e+03 6.79406210e+03 3.58412503e+01
v 6.88438107e+03 6.79179602e+03 3.67742358e+01
v 6.88489492e+03 6.79056210e+03 3.59805804e+01
v 6.88350613e+03 6.79576393e+03 3.51419359e+01
v 6.88607886e+03 6.78879020e+03 3.62044700e+01
v 6.88745299e+03 6.78941829e+03 3.55530237e+01
v 6.89503207e+03 6.79215129e+03 3.46175184e+01
v 6.89436513e+03 6.79251162e+03 3.65080875e+01
v 6.89013133e+03 6.79158138e+03 3.53266925e+01
v 6.88918282e+03 6.79085488e+03 3.63179999e+01
v 6.88875166e+03 6.79662084e+03 3.62548815e+01
v 6.88993612e+03 6.79730697e+03 3.61407871e+01
v 6.88809045e+03 6.78424973e+03 3.50617198e+01
v 6.88897445e+03 6.78550243e+03 3.52254331e+01
v 6.88810849e+03 6.78720571e+03 3.47429859e+01
v 6.89009319e+03 6.78654193e+03 3.51152875e+01
v 6.88661314e+03 6.78393963e+03 3.56093930e+01
v 6.88679994e+03 6.78489191e+03 3.72579481e+01
v 6.89281208e+03 6.79828440e+03 3.52355385e+01
v 6.89134667e+03 6.79796777e+03 3.47869495e+01
v 6.88589834e+03 6.79676619e+03 3.43609034e+01
v 6.88563774e+03 6.79594415e+03 3.64643572e+01
v 6.88546680e+03 6.79825325e+03 3.44337305e+01
v 6.88786157e+03 6.80082817e+03 3.65503280e+01
v 6.88864721e+03 6.80148483e+03 3.62071309e+01
v 6.89270368e+03 6.79952269e+03 3.59085939e+01
v 6.89431060e+03 6.79952643e+03 3.51943145e+01
v 6.89191302e+03 6.79906418e+03 3.65081851e+01
v 6.89249038e+03 6.79632199e+03 3.53906659e+01
v 6.89374652e+03 6.79644416e+03 3.60123693e+01
v 6.89561896e+03 6.79860725e+03 3.60004743e+01
v 6.88654011e+03 6.79815249e+03 3.60054765e+01
v 6.88561134e+03 6.80021924e+03 3.34719055e+01
v 6.88618722e+03 6.79950997e+03 3.62891558e+01
v 6.88355752e+03 6.79642402e+03 3.40637479e+01
v 6.88328604e+03 6.79998754e+03 3.59383548e+01
v 6.88390561e+03 6.79832074e+03 3.52254508e+01
v 6.88972838e+03 6.78993278e+03 3.40409093e+01
v 6.88976118e+03 6.79164669e+03 3.42657667e+01
v 6.88981738e+03 6.79667233e+03 3.39881153e+01
v 6.88250148e+03 6.79796899e+03 3.48677151e+01
v 6.88452940e+03 6.79984656e+03 3.43938244e+01
v 6.88755639e+03 6.80466143e+03 3.44986399e+01
v 6.88810578e+03 6.80613676e+03 3.48693820e+01
v 6.89093134e+03 6.80643073e+03 3.54446836e+01
v 6.89239750e+03 6.80716664e+03 3.47184753e+01
v 6.88547644e+03 6.80257822e+03 3.57880437e+01
v 6.89843508e+03 6.80312503e+03 3.41327033e+01
v 6.89056498e+03 6.80382392e+03 3.66491187e+01
v 6.89231243e+03 6.80396461e+03 3.55140447e+01
v 6.88652691e+03 6.80449579e+03 3.40243485e+01
v 6.88927864e+03 6.80574385e+03 3.64300535e+01
v 6.88870431e+03 6.80544073e+03 3.59150377e+01
v 6.88806490e+03 6.79905163e+03 3.73261112e+01
v 6.88822093e+03 6.80018734e+03 3.74569480e+01
v 6.88898530e+03 6.80348549e+03 3.60523389e+01
v 6.89505974e+03 6.80194564e+03 3.44052066e+01
v 6.89685241e+03 6.80151856e+03 3.54607201e+01
v 6.89845459e+03 6.80509820e+03 3.47584828e+01
v 6.89320619e+03 6.80611477e+03 3.50214307e+01
v 6.90545825e+03 6.79983981e+03 3.46722125e+01
v 6.90773211e+03 6.80077596e+03 3.42935720e+01
v 6.90752072e+03 6.80225929e+03 3.25620629e+01
v 6.89878358e+03 6.80971087e+03 3.46357417e+01
v 6.90548647e+03 6.80746767e+03 3.47786625e+01
v 6.90781061e+03 6.80683840e+03 3.46869577e+01
v 6.90575821e+03 6.81036176e+03 3.81088025e+01
v 6.90769487e+03 6.80881298e+03 3.70823554e+01
v 6.89865168e+03 6.80334069e+03 3.60541846e+01
v 6.89719700e+03 6.80256896e+03 3.50237417e+01
v 6.89775849e+03 6.80149447e+03 3.35578660e+01
v 6.89770107e+03 6.80093505e+03 3.29763658e+01
v 6.90764883e+03 6.80579847e+03 2.87487265e+01
v 6.90475185e+03 6.80564076e+03 2.99444260e+01
v 6.89624413e+03 6.80174409e+03 3.42632647e+01
v 6.89714724e+03 6.80814651e+03 3.52282789e+01
v 6.89663071e+03 6.80580358e+03 3.55853974e+01
v 6.89799056e+03 6.80179168e+03 3.44288376e+01
v 6.89415192e+03 6.80160473e+03 3.48889049e+01
v 6.89266401e+03 6.80219478e+03 3.64428944e+01
v 6.89183761e+03 6.80050783e+03 3.77335219e+01
v 6.89064085e+03 6.80049062e+03 3.74839246e+01
v 6.89553866e+03 6.80181520e+03 3.58782448e+01
v 6.89444798e+03 6.80576086e+03 3.65129148e+01
v 6.90644545e+03 6.79849412e+03 3.50434835e+01
v 6.89647540e+03 6.80683809e+03 3.45889503e+01
v 6.89317189e+03 6.80226317e+03 3.46768938e+01
v 6.89362703e+03 6.80319785e+03 3.47540639e+01
v 6.89300745e+03 6.80478985e+03 3.42165511e+01
v 6.90456141e+03 6.80806454e+03 3.43394017e+01
v 6.89390088e+03 6.79790525e+03 3.49867209e+01
v 6.89701091e+03 6.80622047e+03 3.35938775e+01
v 6.90500306e+03 6.79772951e+03 3.47090291e+01
v 6.90171459e+03 6.79155151e+03 3.50444287e+01
v 6.90245397e+03 6.79038577e+03 3.43890096e+01
v 6.90168032e+03 6.79068796e+03 3.57406840e+01
v 6.89832392e+03 6.78962410e+03 3.69421537e+01
v 6.89725627e+03 6.79022474e+03 3.65853758e+01
v 6.89428410e+03 6.79339527e+03 3.46691237e+01
v 6.89676394e+03 6.79225079e+03 3.55827346e+01
v 6.88895145e+03 6.79497296e+03 3.60758271e+01
v 6.89979674e+03 6.79914557e+03 3.56989656e+01
v 6.90189442e+03 6.79686700e+03 3.62790592e+01
v 6.90427746e+03 6.79578832e+03 3.43842259e+01
v 6.90282942e+03 6.79153139e+03 3.40651169e+01
v 6.90266749e+03 6.79152669e+03 3.43204450e+01
v 6.90310261e+03 6.79558824e+03 3.52582052e+01
v 6.89325808e+03 6.79000586e+03 3.43003169e+01
v 6.89403405e+03 6.78490609e+03 3.53312500e+01
v 6.89333619e+03 6.78820189e+03 3.34732944e+01
v 6.90255850e+03 6.79142105e+03 3.41849923e+01
v 6.89448307e+03 6.79090831e+03 3.47974394e+01
v 6.90270684e+03 6.78784710e+03 3.55419675e+01
v 6.90307820e+03 6.79215810e+03 3.45344465e+01
v 6.89844147e+03 6.79089128e+03 3.61984036e+01
v 6.90314255e+03 6.79395902e+03 3.58806004e+01
v 6.90370892e+03 6.78693857e+03 3.58311425e+01
v 6.90120224e+03 6.78886531e+03 3.64466141e+01
v 6.90764037e+03 6.79762296e+03 3.45397397e+01
v 6.90565651e+03 6.78736049e+03 2.62951377e+01
v 6.90504171e+03 6.79847363e+03 3.35377333e+01
v 6.89048346e+03 6.80121890e+03 3.72427310e+01
v 6.90105925e+03 6.80878267e+03 3.57865135e+01
v 6.90660632e+03 6.80773532e+03 3.67072732e+01
v 6.89963808e+03 6.81118462e+03 3.54219530e+01
v 6.90222131e+03 6.81220955e+03 3.43692170e+01
v 6.89157675e+03 6.80244058e+03 3.71845881e+01
v 6.89708779e+03 6.80309373e+03 3.66058502e+01
v 6.89805853e+03 6.80378053e+03 3.73687913e+01
v 6.89486186e+03 6.80684214e+03 3.58369440e+01
v 6.90618466e+03 6.81286117e+03 3.86087779e+01
v 6.89689239e+03 6.80431843e+03 3.68137890e+01
v 6.89459515e+03 6.80414362e+03 3.70931282e+01
v 6.89397969e+03 6.80845654e+03 3.58790936e+01
v 6.89469646e+03 6.80994918e+03 3.65048070e+01
v 6.88972381e+03 6.80241390e+03 3.73874784e+01
v 6.88670878e+03 6.79659570e+03 3.66710759e+01
v 6.89374166e+03 6.80756549e+03 3.63644853e+01
v 6.90055187e+03 6.81186459e+03 3.90065908e+01
v 6.89365086e+03 6.80059856e+03 3.70457776e+01
v 6.90476045e+03 6.81214713e+03 3.96860408e+01
v 6.89814915e+03 6.79200121e+03 3.63316409e+01
v 6.89658283e+03 6.79321156e+03 3.82325085e+01
v 6.89695732e+03 6.79600281e+03 3.93846834e+01
v 6.90073832e+03 6.79560015e+03 3.73792921e+01
v 6.90396559e+03 6.78513647e+03 3.91188946e+01
v 6.90661071e+03 6.78561491e+03 4.01940642e+01
v 6.90617202e+03 6.78364814e+03 4.05812519e+01
v 6.90554291e+03 6.78669446e+03 3.81867011e+01
v 6.89506258e+03 6.79456028e+03 3.79475985e+01
v 6.89523669e+03 6.79620102e+03 3.86326413e+01
v 6.90095698e+03 6.79317281e+03 3.77902486e+01
v 6.90100403e+03 6.79257778e+03 3.70511219e+01
v 6.89834697e+03 6.78525595e+03 3.85675747e+01
v 6.89755606e+03 6.78687268e+03 3.81461669e+01
v 6.90364173e+03 6.81049031e+03 3.95866160e+01
v 6.90410149e+03 6.81129663e+03 4.06234966e+01
v 6.90543680e+03 6.80992611e+03 3.92215232e+01
v 6.88744205e+03 6.79764289e+03 3.79370461e+01
v 6.88785818e+03 6.79835039e+03 3.81040036e+01
v 6.88888810e+03 6.79838299e+03 3.70582020e+01
v 6.90335466e+03 6.78327518e+03 4.11101454e+01
v 6.90425762e+03 6.78196321e+03 4.17894287e+01
v 6.90202019e+03 6.79452128e+03 3.70004212e+01
v 6.89975456e+03 6.79437664e+03 3.83504699e+01
v 6.89916520e+03 6.79574762e+03 3.88285421e+01
v 6.89774868e+03 6.79707209e+03 3.87577425e+01
v 6.89936383e+03 6.79276744e+03 3.79574124e+01
v 6.89790784e+03 6.79427513e+03 3.87563322e+01
v 6.89770392e+03 6.79829233e+03 3.77662596e+01
v 6.89664992e+03 6.79766762e+03 3.90979138e+01
v 6.88878433e+03 6.79689971e+03 3.76532403e+01
v 6.88850904e+03 6.79617958e+03 3.84078043e+01
v 6.89992259e+03 6.78677649e+03 3.71278652e+01
v 6.90079974e+03 6.78453456e+03 3.78577492e+01
v 6.89964110e+03 6.78594632e+03 3.83281733e+01
v 6.90289874e+03 6.79536913e+03 3.72386457e+01
v 6.89519282e+03 6.78829255e+03 3.60695432e+01
v 6.89614333e+03 6.79074702e+03 3.59551640e+01
v 6.89556834e+03 6.79286257e+03 3.64114450e+01
v 6.89060012e+03 6.79871144e+03 3.61959638e+01
v 6.88924272e+03 6.79257305e+03 3.68288704e+01
v 6.88770460e+03 6.79338977e+03 3.72282702e+01
v 6.88576868e+03 6.79111720e+03 3.69832493e+01
v 6.90258616e+03 6.78267434e+03 3.91464098e+01
v 6.90197915e+03 6.78622070e+03 3.62870557e+01
v 6.88785782e+03 6.79435527e+03 3.53239122e+01
v 6.88442471e+03 6.79350857e+03 3.64161881e+01
v 6.88931599e+03 6.79600421e+03 3.72783793e+01
v 6.88809178e+03 6.79513005e+03 3.70637537e+01
v 6.88898436e+03 6.80002798e+03 3.69782531e+01
v 6.89917798e+03 6.78357599e+03 3.98414736e+01
v 6.89981927e+03 6.78237289e+03 4.02945236e+01
v 6.89791133e+03 6.78103078e+03 4.04754792e+01
v 6.89733861e+03 6.78291286e+03 4.03358680e+01
v 6.90276836e+03 6.77929053e+03 3.97529092e+01
v 6.90274973e+03 6.78092770e+03 3.92784864e+01
v 6.90644518e+03 6.78448567e+03 4.06784789e+01
v 6.90627306e+03 6.77890813e+03 3.99265007e+01
v 6.90671255e+03 6.78028864e+03 4.14721698e+01
v 6.90224179e+03 6.78017742e+03 3.81991775e+01
v 6.89794575e+03 6.77959133e+03 3.98947678e+01
v 6.89880181e+03 6.77766114e+03 3.86805617e+01
v 6.90307396e+03 6.77872310e+03 3.85238027e+01
v 6.90432827e+03 6.77786215e+03 3.95186451e+01
v 6.90582889e+03 6.77843717e+03 3.83602465e+01
v 6.90052778e+03 6.77843447e+03 3.82162479e+01
v 6.89966556e+03 6.77988952e+03 3.99019884e+01
v 6.89638993e+03 6.77950838e+03 3.96046557e+01
v 6.89586362e+03 6.78105412e+03 3.82152498e+01
v 6.88721863e+03 6.78310315e+03 3.62653104e+01
v 6.88850039e+03 6.78616027e+03 3.59595527e+01
v 6.88799149e+03 6.78580620e+03 3.78375077e+01
v 6.88699665e+03 6.79066361e+03 3.74100205e+01
v 6.89400398e+03 6.78976076e+03 3.69871262e+01
v 6.89389764e+03 6.78724462e+03 3.54633856e+01
v 6.88710662e+03 6.78785970e+03 3.59662434e+01
v 6.89891550e+03 6.75355251e+03 5.20867651e+01
v 6.90350595e+03 6.75241924e+03 5.19791089e+01
v 6.89933382e+03 6.75241345e+03 4.17308353e+01
v 6.90171726e+03 6.75242591e+03 4.29278259e+01
v 6.89265221e+03 6.75100556e+03 4.33685216e+01
v 6.89249296e+03 6.75000000e+03 4.45317161e+01
v 6.90045283e+03 6.75267345e+03 4.81416068e+01
v 6.89896088e+03 6.75241810e+03 5.00489993e+01
v 6.89868799e+03 6.75162637e+03 4.66748097e+01
v 6.89769810e+03 6.75139750e+03 5.20897756e+01
v 6.90244142e+03 6.75214127e+03 4.80810147e+01
v 6.90160610e+03 6.75273783e+03 5.10864578e+01
v 6.90439396e+03 6.75375692e+03 5.21176185e+01
v 6.90895991e+03 6.75281735e+03 5.20521962e+01
v 6.89323612e+03 6.75111222e+03 3.60875920e+01
v 6.89246233e+03 6.75000000e+03 3.87931231e+01
v 6.90439090e+03 6.75305311e+03 3.86343083e+01
v 6.90717315e+03 6.75246947e+03 3.89450497e+01
v 6.90699506e+03 6.75303637e+03 4.11493723e+01
v 6.90573072e+03 6.78258061e+03 4.19171311e+01
v 6.90782271e+03 6.78227889e+03 4.08656114e+01
v 6.90689327e+03 6.77915515e+03 3.88565385e+01
v 6.90475873e+03 6.75307424e+03 5.02375850e+01
v 6.89892722e+03 6.75292662e+03 4.30080257e+01
v 6.89844422e+03 6.75154930e+03 4.30686985e+01
v 6.89637510e+03 6.77135970e+03 3.42681723e+01
v 6.89522444e+03 6.77274921e+03 3.65982560e+01
v 6.89633966e+03 6.77660995e+03 3.24504782e+01
v 6.89581727e+03 6.77773768e+03 3.40177367e+01
v 6.89746258e+03 6.77443944e+03 3.51994694e+01
v 6.89805293e+03 6.77355157e+03 3.52590016e+01
v 6.88805305e+03 6.78091253e+03 3.41962926e+01
v 6.89000199e+03 6.78096887e+03 3.44402923e+01
v 6.89550509e+03 6.78257417e+03 3.67330240e+01
v 6.89925371e+03 6.77210268e+03 3.64825071e+01
v 6.89788448e+03 6.77210169e+03 3.78069200e+01
v 6.88947820e+03 6.77902984e+03 3.31448121e+01
v 6.89008956e+03 6.78108255e+03 3.28516946e+01
v 6.88717396e+03 6.78624081e+03 3.66443435e+01
v 6.90232973e+03 6.75216944e+03 3.64834093e+01
v 6.90205335e+03 6.75256630e+03 3.57119171e+01
v 6.90419689e+03 6.75190459e+03 3.27327274e+01
v 6.90463788e+03 6.75300729e+03 3.56000520e+01
v 6.89579860e+03 6.77920840e+03 3.63583408e+01
v 6.89389616e+03 6.77234962e+03 3.59018325e+01
v 6.89465551e+03 6.77126427e+03 3.54292426e+01
v 6.89537903e+03 6.77469687e+03 3.52938607e+01
v 6.89820921e+03 6.77762237e+03 3.57033945e+01
v 6.89822779e+03 6.77644159e+03 3.39770118e+01
v 6.89667643e+03 6.77673473e+03 3.40854922e+01
v 6.89798698e+03 6.77529215e+03 3.36038717e+01
v 6.89938030e+03 6.77262009e+03 3.44909400e+01
v 6.89984324e+03 6.77346788e+03 3.38087202e+01
v 6.89712239e+03 6.77762568e+03 3.81207694e+01
v 6.89348297e+03 6.77092650e+03 3.33290366e+01
v 6.90129455e+03 6.77022310e+03 3.44704712e+01
v 6.90166939e+03 6.76901978e+03 3.29622624e+01
v 6.89934933e+03 6.77657822e+03 3.28896770e+01
v 6.89650350e+03 6.77865058e+03 3.82667636e+01
v 6.90376468e+03 6.77846120e+03 3.76949512e+01
v 6.89403553e+03 6.78569426e+03 3.65842733e+01
v 6.89604909e+03 6.78557585e+03 3.86848346e+01
v 6.89528633e+03 6.78415974e+03 3.77469659e+01
v 6.89709096e+03 6.78369482e+03 3.89406182e+01
v 6.90589132e+03 6.77726804e+03 3.62308583e+01
v 6.90539353e+03 6.77677194e+03 3.50259405e+01
v 6.89488388e+03 6.77814931e+03 3.56898675e+01
v 6.89955523e+03 6.76877848e+03 3.39219373e+01
v 6.90391779e+03 6.77718531e+03 3.58072859e+01
v 6.89882114e+03 6.77370021e+03 3.25230326e+01
v 6.89778896e+03 6.77640205e+03 3.15492497e+01
v 6.90177529e+03 6.77164692e+03 3.24809229e+01
v 6.90056578e+03 6.77234609e+03 3.28963848e+01
v 6.89343249e+03 6.76981496e+03 3.25631040e+01
v 6.90331053e+03 6.77697215e+03 2.77974423e+01
v 6.90171444e+03 6.77689467e+03 2.86320913e+01
v 6.90515356e+03 6.77751352e+03 3.02933140e+01
v 6.90528297e+03 6.77769356e+03 3.17076259e+01
v 6.90636873e+03 6.77544604e+03 3.02802911e+01
v 6.90489057e+03 6.80442488e+03 2.85866104e+01
v 6.90410583e+03 6.75182854e+03 4.87623516e+01
v 6.89516912e+03 6.77878799e+03 3.29524147e+01
v 6.90185037e+03 6.78033245e+03 2.76667796e+01
v 6.90383809e+03 6.78119831e+03 2.79526791e+01
v 6.89733877e+03 6.77572908e+03 3.32671712e+01
v 6.89013321e+03 6.78213846e+03 3.16742965e+01
v 6.88679771e+03 6.77866597e+03 3.28052702e+01
v 6.88850612e+03 6.77774773e+03 3.05821477e+01
v 6.89655719e+03 6.81278139e+03 3.48565406e+01
v 6.90580248e+03 6.80896360e+03 3.54840689e+01
v 6.89973302e+03 6.80990448e+03 3.62444498e+01
v 6.89742414e+03 6.81059384e+03 3.36861171e+01
v 6.89712107e+03 6.76940451e+03 3.50963396e+01
v 6.89632053e+03 6.77029760e+03 3.27419494e+01
v 6.89517877e+03 6.77038942e+03 3.44935921e+01
v 6.89405395e+03 6.76613764e+03 2.78268077e+01
v 6.89451369e+03 6.76489416e+03 2.83519346e+01
v 6.89482227e+03 6.77063810e+03 2.92555443e+01
v 6.89270789e+03 6.77072178e+03 3.17259644e+01
v 6.90399096e+03 6.75198230e+03 3.68978720e+01
v 6.89485369e+03 6.77060245e+03 3.26090875e+01
v 6.89238808e+03 6.75000000e+03 3.11508925e+01
v 6.89115458e+03 6.75000000e+03 2.94576128e+01
v 6.89165667e+03 6.75256608e+03 2.95577655e+01
v 6.89933635e+03 6.75284834e+03 3.72218965e+01
v 6.89889976e+03 6.75272749e+03 3.47870521e+01
v 6.89794114e+03 6.81052012e+03 3.49795405e+01
v 6.89693324e+03 6.80855355e+03 3.61054742e+01
v 6.89669408e+03 6.81144474e+03 3.59854931e+01
v 6.89915735e+03 6.81202850e+03 3.46280773e+01
v 6.89511780e+03 6.81211584e+03 3.53652781e+01
v 6.89912261e+03 6.80643578e+03 2.60453757e+01
v 6.89790593e+03 6.80646918e+03 2.86579743e+01
v 6.89862363e+03 6.80476565e+03 2.46979697e+01
v 6.88798474e+03 6.81157137e+03 2.96053400e+01
v 6.88382193e+03 6.78686277e+03 2.71010497e+01
v 6.88452382e+03 6.78915490e+03 3.55559525e+01
v 6.88772774e+03 6.79601320e+03 3.66730660e+01
v 6.90713100e+03 6.80803345e+03 3.45992764e+01
v 6.89496648e+03 6.78008044e+03 3.36637933e+01
v 6.89440261e+03 6.79530136e+03 3.68440087e+01
v 6.88522936e+03 6.78230813e+03 3.53902312e+01
v 6.89736538e+03 6.78598086e+03 3.90243865e+01
v 6.89380064e+03 6.79407696e+03 3.71441432e+01
v 6.88876721e+03 6.78494898e+03 3.68372094e+01
v 6.90217356e+03 6.80957146e+03 3.74632523e+01
v 6.90351459e+03 6.81010929e+03 3.78110405e+01
v 6.88686436e+03 6.79556039e+03 3.51236102e+01
v 6.90079092e+03 6.81168147e+03 3.73876223e+01
v 6.90116726e+03 6.81041127e+03 3.63857462e+01
v 6.89490752e+03 6.75910216e+03 2.84489026e+01
v 6.89839760e+03 6.75903911e+03 2.80076697e+01
v 6.90148404e+03 6.75802559e+03 2.86779033e+01
v 6.90505079e+03 6.75787758e+03 2.85850470e+01
v 6.90106930e+03 6.76615144e+03 3.04832694e+01
v 6.89954681e+03 6.76483759e+03 3.01021257e+01
v 6.90117121e+03 6.75716517e+03 2.99479593e+01
v 6.89826107e+03 6.76603950e+03 3.09392631e+01
v 6.89853707e+03 6.75518184e+03 2.99702862e+01
v 6.89763060e+03 6.75738219e+03 2.86804013e+01
v 6.89833651e+03 6.75691537e+03 2.99890003e+01
v 6.90079683e+03 6.81037672e+03 3.88614653e+01
v 6.89791652e+03 6.77109108e+03 3.52485626e+01
v 6.89875525e+03 6.77013378e+03 3.64711509e+01
v 6.89794440e+03 6.76942808e+03 3.54380249e+01
v 6.90681239e+03 6.77856829e+03 3.66678485e+01
v 6.89590023e+03 6.77743770e+03 3.57228691e+01
v 6.90140181e+03 6.76806666e+03 3.08319756e+01
v 6.90337443e+03 6.80130937e+03 2.92984851e+01
v 6.89862280e+03 6.80688537e+03 2.77857599e+01
v 6.90731331e+03 6.75562599e+03 2.93389806e+01
v 6.90710668e+03 6.75709970e+03 2.93908032e+01
v 6.89810384e+03 6.75299961e+03 3.06838007e+01
v 6.89635747e+03 6.75547597e+03 2.91041529e+01
v 6.90277035e+03 6.75574091e+03 2.91956158e+01
v 6.90447761e+03 6.75352912e+03 3.12887361e+01
v 6.90114708e+03 6.75520194e+03 3.00911979e+01
v 6.89956757e+03 6.76517024e+03 3.17223320e+01
v 6.89930574e+03 6.75263663e+03 3.29773061e+01
v 6.89827912e+03 6.75156420e+03 3.19251323e+01
v 6.89957799e+03 6.76702975e+03 3.16829667e+01
v 6.90200314e+03 6.77485738e+03 2.77670161e+01
v 6.90170214e+03 6.77331524e+03 2.79874527e+01
v 6.90247207e+03 6.77780613e+03 2.78728557e+01
v 6.89896328e+03 6.77553976e+03 2.76601299e+01
v 6.89809295e+03 6.77668659e+03 2.86369399e+01
v 6.90361552e+03 6.76958689e+03 2.82401951e+01
v 6.90067860e+03 6.76987766e+03 2.81223779e+01
v 6.90226402e+03 6.77294669e+03 3.19692524e+01
v 6.90836626e+03 6.77030444e+03 2.86538324e+01
v 6.90523980e+03 6.77183908e+03 2.80816667e+01
v 6.90411309e+03 6.78043600e+03 2.76271103e+01
v 6.90349122e+03 6.77881078e+03 2.82305910e+01
v 6.90131011e+03 6.80711647e+03 2.82303989e+01
v 6.90318932e+03 6.77973449e+03 3.05949118e+01
v 6.89978933e+03 6.76255511e+03 2.86110647e+01
v 6.89844433e+03 6.76544907e+03 2.95812153e+01
v 6.90273233e+03 6.76602237e+03 2.85697636e+01
v 6.90587715e+03 6.76520870e+03 2.80671835e+01
v 6.90299127e+03 6.77383955e+03 3.02877636e+01
v 6.90127326e+03 6.77126586e+03 3.05159222e+01
v 6.89968054e+03 6.77573098e+03 2.91095299e+01
v 6.90505913e+03 6.77536702e+03 2.87411235e+01
v 6.90650002e+03 6.77407825e+03 2.85003397e+01
v 6.90094653e+03 6.77655910e+03 3.00035868e+01
v 6.90003400e+03 6.77157914e+03 2.81924652e+01
v 6.90556584e+03 6.77019697e+03 2.82568628e+01
v 6.90205578e+03 6.76744845e+03 2.81441659e+01
v 6.90222477e+03 6.76865207e+03 2.85300926e+01
v 6.89379985e+03 6.75659816e+03 2.98230688e+01
v 6.89894989e+03 6.76740626e+03 2.81711706e+01
v 6.89405164e+03 6.77612613e+03 3.08353431e+01
v 6.89475902e+03 6.77420604e+03 3.23548352e+01
v 6.89380085e+03 6.78104646e+03 3.35912564e+01
v 6.89675525e+03 6.77777907e+03 3.02959146e+01
v 6.89619657e+03 6.77848323e+03 2.92875932e+01
v 6.90251678e+03 6.76845908e+03 3.01873394e+01
v 6.90701749e+03 6.77747450e+03 3.16293845e+01
v 6.89539662e+03 6.77512037e+03 3.33397554e+01
v 6.89282221e+03 6.75847158e+03 2.80432954e+01
v 6.89281413e+03 6.75510428e+03 2.83644024e+01
v 6.88974792e+03 6.75474793e+03 2.82134657e+01
v 6.89136467e+03 6.75674416e+03 2.89733031e+01
v 6.88976492e+03 6.75818357e+03 2.79614529e+01
v 6.89137413e+03 6.75844806e+03 2.84277812e+01
v 6.88838537e+03 6.81193178e+03 2.69136163e+01
v 6.89505276e+03 6.77547385e+03 2.80656990e+01
v 6.89386181e+03 6.77215172e+03 2.89708095e+01
v 6.89358231e+03 6.77304511e+03 2.78459886e+01
v 6.89708498e+03 6.76574823e+03 2.85915828e+01
v 6.89260631e+03 6.76325514e+03 2.78994516e+01
v 6.89396303e+03 6.76990892e+03 2.78976868e+01
v 6.89558782e+03 6.76859508e+03 2.80261957e+01
v 6.89684268e+03 6.76985329e+03 2.81106704e+01
v 6.89412639e+03 6.77399841e+03 3.03099973e+01
v 6.89116700e+03 6.78096904e+03 3.05139675e+01
v 6.89811881e+03 6.76769104e+03 3.14966506e+01
v 6.89590193e+03 6.76771916e+03 3.11769251e+01
v 6.89567589e+03 6.77398721e+03 2.78908289e+01
v 6.91025595e+03 6.76952325e+03 2.80705527e+01
v 6.89704515e+03 6.76838217e+03 2.91515757e+01
v 6.88463881e+03 6.77944186e+03 3.05395505e+01
v 6.88470920e+03 6.78288559e+03 2.99832019e+01
v 6.88402641e+03 6.78188648e+03 3.11049759e+01
v 6.88640988e+03 6.78091765e+03 2.82486911e+01
v 6.89633491e+03 6.75210292e+03 3.12979558e+01
v 6.89463365e+03 6.75151630e+03 3.14892365e+01
v 6.89498302e+03 6.76802306e+03 3.28653978e+01
v 6.88317099e+03 6.81116700e+03 2.79892774e+01
v 6.88433521e+03 6.79007870e+03 2.64781378e+01
v 6.88765057e+03 6.77971898e+03 2.80687204e+01
v 6.88226650e+03 6.79892086e+03 2.73120605e+01
v 6.88537228e+03 6.78422023e+03 2.79036935e+01
v 6.88373679e+03 6.81111746e+03 2.68572167e+01
v 6.88658823e+03 6.81105001e+03 2.65860314e+01
v 6.88699901e+03 6.80698262e+03 2.50756374e+01
v 6.88519259e+03 6.81295332e+03 2.63312042e+01
v 6.88806706e+03 6.75000000e+03 2.83052489e+01
v 6.89273849e+03 6.77323501e+03 3.14106164e+01
v 6.88960706e+03 6.76732257e+03 2.75706412e+01
v 6.88478835e+03 6.80250003e+03 2.53415425e+01
v 6.88473028e+03 6.80129608e+03 2.57259078e+01
v 6.88501861e+03 6.78392860e+03 2.69122617e+01
v 6.88762421e+03 6.78320628e+03 2.63493790e+01
v 6.88631089e+03 6.77894725e+03 2.70518754e+01
v 6.88494287e+03 6.78219195e+03 2.72123919e+01
v 6.88712563e+03 6.78162080e+03 2.65483300e+01
v 6.88680670e+03 6.80912910e+03 2.58237379e+01
v 6.89024955e+03 6.78410498e+03 2.56793093e+01
v 6.89195597e+03 6.77177932e+03 2.76372421e+01
v 6.89220803e+03 6.77817485e+03 2.66207997e+01
v 6.89344994e+03 6.77650960e+03 2.79194763e+01
v 6.88898262e+03 6.78113435e+03 2.62329827e+01
v 6.89580985e+03 6.77764374e+03 2.69822619e+01
v 6.89727850e+03 6.77862100e+03 2.74852390e+01
v 6.89014223e+03 6.78265970e+03 2.63534438e+01
v 6.89514276e+03 6.77991319e+03 2.68996218e+01
v 6.89211240e+03 6.78151302e+03 2.61108225e+01
v 6.89691501e+03 6.77661665e+03 2.82153086e+01
v 6.89782215e+03 6.78035981e+03 2.74125839e+01
v 6.89493414e+03 6.78177101e+03 2.62967921e+01
v 6.89266172e+03 6.78952732e+03 2.53040810e+01
v 6.89391684e+03 6.78411057e+03 2.62670570e+01
v 6.89471702e+03 6.77139681e+03 2.81034474e+01
v 6.91020041e+03 6.80143825e+03 2.73058224e+01
v 6.89974096e+03 6.77660240e+03 2.80155138e+01
v 6.89804052e+03 6.77735393e+03 2.71509449e+01
v 6.90701506e+03 6.79017640e+03 2.61284640e+01
v 6.90686478e+03 6.78607839e+03 2.75475470e+01
v 6.89850686e+03 6.80329906e+03 2.60822142e+01
v 6.90132384e+03 6.80554720e+03 2.68391960e+01
v 6.89689476e+03 6.77988321e+03 3.00553418e+01
v 6.90168261e+03 6.77892619e+03 2.98697444e+01
v 6.90272352e+03 6.77758200e+03 2.95500476e+01
v 6.89917085e+03 6.76792961e+03 3.31918317e+01
v 6.89115172e+03 6.76420566e+03 2.85016861e+01
v 6.89819240e+03 6.80495461e+03 2.62268076e+01
v 6.88991740e+03 6.76298726e+03 2.77957549e+01
v 6.90847227e+03 6.75836697e+03 2.87144172e+01
v 6.90121586e+03 6.77421121e+03 3.07555183e+01
v 6.89243403e+03 6.81260350e+03 2.51180816e+01
v 6.89066167e+03 6.81161641e+03 2.57340034e+01
v 6.89417681e+03 6.81229282e+03 2.37890972e+01
v 6.88563672e+03 6.79550307e+03 2.53076919e+01
v 6.88639509e+03 6.80466493e+03 2.48618753e+01
v 6.89319252e+03 6.80923591e+03 2.45176722e+01
v 6.89231394e+03 6.81032062e+03 2.39823007e+01
v 6.89134698e+03 6.78980471e+03 2.47191933e+01
v 6.89549624e+03 6.81042472e+03 2.34185414e+01
v 6.89495364e+03 6.80882236e+03 2.36167720e+01
v 6.89909026e+03 6.80322351e+03 2.40407181e+01
v 6.88642262e+03 6.79198686e+03 2.54257043e+01
v 6.89605515e+03 6.75150176e+03 3.45645493e+01
v 6.90189535e+03 6.76925680e+03 3.12106387e+01
v 6.90595213e+03 6.77637182e+03 2.97182407e+01
v 6.90732293e+03 6.80328527e+03 2.15068455e+01
v 6.90500549e+03 6.80268542e+03 2.43569351e+01
v 6.89122342e+03 6.78918190e+03 2.65833304e+01
v 6.90295906e+03 6.81201228e+03 3.91283139e+01
v 6.89408136e+03 6.77243340e+03 3.35864975e+01
v 6.92335839e+03 6.79205060e+03 3.08280986e+01
v 6.92175347e+03 6.79283581e+03 3.20355537e+01
v 6.92612028e+03 6.80934907e+03 3.47001589e+01
v 6.92713254e+03 6.80748161e+03 3.49248781e+01
v 6.92275544e+03 6.80555756e+03 4.02253941e+01
v 6.92323310e+03 6.80716158e+03 3.96520434e+01
v 6.92436179e+03 6.80516154e+03 3.91028700e+01
v 6.92376674e+03 6.78435192e+03 3.67051233e+01
v 6.92206861e+03 6.78425062e+03 3.93544312e+01
v 6.91918941e+03 6.77932432e+03 3.60206796e+01
v 6.92078144e+03 6.77934687e+03 3.67557673e+01
v 6.92952657e+03 6.79125697e+03 3.61531619e+01
v 6.93005497e+03 6.78982878e+03 3.48058852e+01
v 6.91014805e+03 6.79665587e+03 3.31517357e+01
v 6.91301712e+03 6.79593769e+03 3.34864047e+01
v 6.91353256e+03 6.80297971e+03 3.23818803e+01
v 6.91420488e+03 6.80397774e+03 3.31307743e+01
v 6.92424569e+03 6.79287890e+03 3.32447810e+01
v 6.92300227e+03 6.79533153e+03 3.30766945e+01
v 6.90385743e+03 6.80383832e+03 2.48040832e+01
v 6.90664175e+03 6.80439415e+03 2.41929124e+01
v 6.89384951e+03 6.81173333e+03 2.73764402e+01
v 6.89725714e+03 6.80306379e+03 2.32369431e+01
v 6.90566765e+03 6.80123130e+03 3.08230008e+01
v 6.91283910e+03 6.78355820e+03 3.24174527e+01
v 6.91240578e+03 6.78486015e+03 3.29953079e+01
v 6.91868123e+03 6.81053579e+03 3.57010338e+01
v 6.91771898e+03 6.80949020e+03 3.55673024e+01
v 6.91940778e+03 6.79086594e+03 3.01235902e+01
v 6.91925194e+03 6.78834024e+03 3.17720579e+01
v 6.90153192e+03 6.77643617e+03 3.23662427e+01
v 6.90164258e+03 6.77851311e+03 3.43674246e+01
v 6.90344653e+03 6.77903408e+03 3.28360270e+01
v 6.90445535e+03 6.77762635e+03 3.37225656e+01
v 6.89868367e+03 6.76886171e+03 3.33827164e+01
v 6.90685046e+03 6.77954415e+03 3.67338395e+01
v 6.89981591e+03 6.75326384e+03 3.14269156e+01
v 6.90189176e+03 6.75296178e+03 3.18610804e+01
v 6.89517789e+03 6.77685134e+03 3.19925273e+01
v 6.90452151e+03 6.75312868e+03 4.68176398e+01
v 6.90403107e+03 6.75179003e+03 4.51766396e+01
v 6.90682661e+03 6.75272793e+03 4.64742520e+01
v 6.90058862e+03 6.75273300e+03 4.63867669e+01
v 6.90329891e+03 6.75171217e+03 5.04789830e+01
v 6.89905074e+03 6.75294150e+03 4.59746886e+01
v 6.90853284e+03 6.75252543e+03 5.05653555e+01
v 6.90455900e+03 6.75316255e+03 4.29683571e+01
v 6.90403213e+03 6.75186001e+03 4.11428355e+01
v 6.90427991e+03 6.75258536e+03 4.13616534e+01
v 6.89684572e+03 6.76839982e+03 3.32364618e+01
v 6.90123690e+03 6.75232108e+03 3.45658349e+01
v 6.90683995e+03 6.75339909e+03 3.48322928e+01
v 6.90760643e+03 6.75328829e+03 3.10814236e+01
v 6.89272179e+03 6.75152584e+03 3.18554113e+01
v 6.90743665e+03 6.75273165e+03 3.67364752e+01
v 6.90513841e+03 6.75339061e+03 3.83129485e+01
v 6.90183135e+03 6.75279174e+03 4.72587418e+01
v 6.90030786e+03 6.75263548e+03 4.37785439e+01
v 6.89988969e+03 6.78330401e+03 3.89783512e+01
v 6.90330019e+03 6.80908443e+03 3.66370512e+01
v 6.90386588e+03 6.80951227e+03 3.49459734e+01
v 6.90192388e+03 6.75231704e+03 3.92535981e+01
v 6.89237278e+03 6.75000000e+03 3.47691414e+01
v 6.89901207e+03 6.75304651e+03 4.09590464e+01
v 6.90156520e+03 6.75205110e+03 4.17790291e+01
v 6.89842329e+03 6.75158409e+03 3.59453958e+01
v 6.90408092e+03 6.77959013e+03 4.06963534e+01
v 6.89905090e+03 6.78793260e+03 3.67869295e+01
v 6.90755481e+03 6.80848310e+03 3.58237626e+01
v 6.88553215e+03 6.79462015e+03 3.68931369e+01
v 6.88492082e+03 6.78232143e+03 3.26705607e+01
v 6.90785527e+03 6.78985321e+03 3.68158763e+01
v 6.90611969e+03 6.78729632e+03 3.62896655e+01
v 6.90146696e+03 6.77980309e+03 3.16470691e+01
v 6.89255576e+03 6.75000000e+03 3.33640583e+01
v 6.89494063e+03 6.75211479e+03 3.41871240e+01
v 6.90083640e+03 6.76792267e+03 3.31467662e+01
v 6.90577616e+03 6.75290426e+03 3.27123664e+01
v 6.91010273e+03 6.80199551e+03 2.52383271e+01
v 6.90096420e+03 6.77724611e+03 3.33974203e+01
v 6.90183734e+03 6.77136813e+03 3.39110341e+01
v 6.90036936e+03 6.77003491e+03 3.35211342e+01
v 6.88891895e+03 6.77779227e+03 3.22057335e+01
v 6.89457928e+03 6.77403576e+03 3.41133071e+01
v 6.88628763e+03 6.77791903e+03 3.20191376e+01
v 6.88586644e+03 6.77926203e+03 3.16580030e+01
v 6.88831738e+03 6.77887451e+03 3.42042909e+01
v 6.89052642e+03 6.77893787e+03 3.17653095e+01
v 6.88643807e+03 6.78041927e+03 3.45168964e+01
v 6.88645891e+03 6.77877629e+03 3.39639215e+01
v 6.90718717e+03 6.77833353e+03 3.31386071e+01
v 6.90630822e+03 6.77766994e+03 3.36086633e+01
v 6.90055282e+03 6.77233874e+03 3.65600718e+01
v 6.89790870e+03 6.77231590e+03 3.62432068e+01
v 6.89949121e+03 6.77011985e+03 3.54341771e+01
v 6.90059323e+03 6.77144169e+03 3.50819411e+01
v 6.89930280e+03 6.77125809e+03 3.55088983e+01
v 6.89880733e+03 6.77102832e+03 3.74380498e+01
v 6.89907536e+03 6.76879151e+03 3.51961034e+01
v 6.90032429e+03 6.77319468e+03 3.65086844e+01
v 6.90380887e+03 6.77769903e+03 3.72502827e+01
v 6.88669624e+03 6.78205119e+03 3.61337583e+01
v 6.89354109e+03 6.78261695e+03 3.52363214e+01
v 6.88860886e+03 6.78174315e+03 3.50383305e+01
v 6.89645804e+03 6.77331334e+03 3.47747697e+01
v 6.89510934e+03 6.77351690e+03 3.47486470e+01
v 6.89470199e+03 6.77410647e+03 3.43769348e+01
v 6.89469077e+03 6.77392674e+03 3.43033004e+01
v 6.89462037e+03 6.77411518e+03 3.42656781e+01
v 6.90172509e+03 6.75300065e+03 3.76834011e+01
v 6.89261914e+03 6.75102264e+03 5.20650667e+01
v 6.89249327e+03 6.75000000e+03 5.22211843e+01
v 6.89914872e+03 6.75000000e+03 5.24823049e+01
v 6.90472762e+03 6.75000000e+03 5.24589603e+01
v 6.89242893e+03 6.75000000e+03 4.69112788e+01
v 6.90699974e+03 6.75254059e+03 4.20470948e+01
v 6.90745194e+03 6.75292254e+03 4.31105926e+01
v 6.90126442e+03 6.75184557e+03 4.43198245e+01
v 6.90754907e+03 6.78320518e+03 4.03565861e+01
v 6.90694829e+03 6.77823081e+03 3.83923948e+01
v 6.89911808e+03 6.75262980e+03 3.88277575e+01
v 6.90734080e+03 6.77976710e+03 3.99066000e+01
v 6.90025162e+03 6.78071476e+03 3.93694178e+01
v 6.88758915e+03 6.79221292e+03 3.69052513e+01
v 6.88672858e+03 6.79632266e+03 3.81828279e+01
v 6.88508636e+03 6.79278051e+03 3.73630558e+01
v 6.88459296e+03 6.79509371e+03 3.68547481e+01
v 6.89056185e+03 6.79817340e+03 3.67863619e+01
v 6.90248364e+03 6.79233586e+03 3.63515187e+01
v 6.90144021e+03 6.79815683e+03 3.70670720e+01
v 6.89893423e+03 6.78883870e+03 3.80773500e+01
v 6.90051417e+03 6.79125290e+03 3.59279837e+01
v 6.89527308e+03 6.79727248e+03 3.78084754e+01
v 6.90037258e+03 6.79877664e+03 3.77280051e+01
v 6.89711701e+03 6.78802398e+03 3.71350079e+01
v 6.89967620e+03 6.78942956e+03 3.76550252e+01
v 6.90699973e+03 6.78630994e+03 3.77008223e+01
v 6.89748207e+03 6.78755162e+03 3.83490924e+01
v 6.90230422e+03 6.79345603e+03 3.76321639e+01
v 6.89984137e+03 6.79325519e+03 3.88650885e+01
v 6.90085222e+03 6.79713896e+03 3.86124390e+01
v 6.90420525e+03 6.80900912e+03 3.93675058e+01
v 6.90653899e+03 6.81156789e+03 3.94977265e+01
v 6.90501820e+03 6.80919529e+03 3.72065450e+01
v 6.90689043e+03 6.80995419e+03 3.79284402e+01
v 6.90271176e+03 6.81255202e+03 4.09700942e+01
v 6.90754020e+03 6.81182995e+03 3.83728048e+01
v 6.89633110e+03 6.80600769e+03 3.71345420e+01
v 6.89557116e+03 6.80326687e+03 3.63137335e+01
v 6.89798337e+03 6.80557566e+03 3.64498198e+01
v 6.89264134e+03 6.80516647e+03 3.64252285e+01
v 6.89533662e+03 6.81059777e+03 3.65507582e+01
v 6.89616824e+03 6.80978949e+03 3.56832264e+01
v 6.89268171e+03 6.80828888e+03 3.62283732e+01
v 6.93591858e+03 6.78721906e+03 3.55364201e+01
v 6.93683051e+03 6.78786752e+03 3.41373378e+01
v 6.91039365e+03 6.80800059e+03 2.99776362e+01
v 6.91046621e+03 6.80651215e+03 2.89596848e+01
v 6.92558975e+03 6.76893255e+03 2.87330464e+01
v 6.92706241e+03 6.76780292e+03 3.18270633e+01
v 6.91716145e+03 6.78029674e+03 3.08540217e+01
v 6.91727323e+03 6.78251221e+03 2.96149627e+01
v 6.92535943e+03 6.78705544e+03 2.91559999e+01
v 6.92846914e+03 6.78980868e+03 3.48334030e+01
v 6.91738455e+03 6.77581414e+03 2.99538482e+01
v 6.91546218e+03 6.77490322e+03 2.79998828e+01
v 6.92044385e+03 6.77005022e+03 2.82641982e+01
v 6.91814826e+03 6.76923321e+03 3.20731908e+01
v 6.92553743e+03 6.76652042e+03 2.92136216e+01
v 6.92214508e+03 6.76521605e+03 2.86186490e+01
v 6.90920092e+03 6.80139325e+03 2.94412196e+01
v 6.92496722e+03 6.81223849e+03 1.90196845e+01
v 6.92767035e+03 6.81087517e+03 2.47339412e+01
v 6.92809524e+03 6.80537660e+03 1.90565529e+01
v 6.92831113e+03 6.80685553e+03 1.79408170e+01
v 6.93183306e+03 6.75980825e+03 2.78706851e+01
v 6.93231389e+03 6.75376738e+03 2.84822276e+01
v 6.91310293e+03 6.75692797e+03 2.89337581e+01
v 6.91451003e+03 6.76418448e+03 2.87337962e+01
v 6.91751595e+03 6.79131439e+03 3.19117667e+01
v 6.91927753e+03 6.77338198e+03 2.79315068e+01
v 6.92115832e+03 6.77373329e+03 2.96812048e+01
v 6.91974340e+03 6.79341460e+03 2.99126365e+01
v 6.92471868e+03 6.78531674e+03 2.96862109e+01
v 6.92402055e+03 6.78287973e+03 2.63849336e+01
v 6.91246013e+03 6.77827201e+03 3.35203481e+01
v 6.91293586e+03 6.77986732e+03 3.22275812e+01
v 6.91446912e+03 6.78064953e+03 3.33322647e+01
v 6.91422156e+03 6.77055660e+03 3.28493908e+01
v 6.91458122e+03 6.77273374e+03 3.34003328e+01
v 6.90948860e+03 6.77708983e+03 3.30326708e+01
v 6.90779310e+03 6.77581906e+03 3.06484071e+01
v 6.90951567e+03 6.77632150e+03 3.08761968e+01
v 6.91689628e+03 6.77840458e+03 3.09044675e+01
v 6.91495965e+03 6.77836825e+03 3.19185578e+01
v 6.91444457e+03 6.77016104e+03 3.05880653e+01
v 6.91689239e+03 6.77019091e+03 2.89563382e+01
v 6.92634309e+03 6.76810557e+03 3.06976611e+01
v 6.92314275e+03 6.77016655e+03 3.04295608e+01
v 6.92143611e+03 6.77073913e+03 3.20825131e+01
v 6.92022886e+03 6.75313340e+03 3.07212642e+01
v 6.92169940e+03 6.75454765e+03 2.99136652e+01
v 6.92312265e+03 6.80701092e+03 1.80355090e+01
v 6.92021465e+03 6.81095714e+03 1.92672205e+01
v 6.92152068e+03 6.80967423e+03 1.82737615e+01
v 6.91258451e+03 6.78154248e+03 3.14133430e+01
v 6.91187203e+03 6.78133860e+03 3.05345828e+01
v 6.91013332e+03 6.78215420e+03 3.33124969e+01
v 6.91074505e+03 6.78400836e+03 3.18230367e+01
v 6.90979790e+03 6.78077586e+03 3.20839856e+01
v 6.91078317e+03 6.78283686e+03 3.02625954e+01
v 6.91479285e+03 6.77730816e+03 3.20996960e+01
v 6.91598219e+03 6.78333539e+03 3.07565678e+01
v 6.91578237e+03 6.78039075e+03 2.99622748e+01
v 6.91562910e+03 6.78115000e+03 3.23909650e+01
v 6.91030827e+03 6.77975974e+03 3.23484095e+01
v 6.91582692e+03 6.75387682e+03 3.83598184e+01
v 6.91520503e+03 6.75234144e+03 3.55397693e+01
v 6.92094107e+03 6.75277224e+03 3.30748692e+01
v 6.92149425e+03 6.75416058e+03 3.21824332e+01
v 6.91654050e+03 6.75356575e+03 3.61959719e+01
v 6.91831688e+03 6.75343326e+03 3.42304877e+01
v 6.91861934e+03 6.75277018e+03 3.28780838e+01
v 6.91990389e+03 6.75281808e+03 3.62713850e+01
v 6.92770459e+03 6.77203567e+03 3.82344570e+01
v 6.92840864e+03 6.77148449e+03 3.70616393e+01
v 6.92946359e+03 6.75336800e+03 3.54972753e+01
v 6.93186663e+03 6.75332381e+03 3.86404605e+01
v 6.93205011e+03 6.77309163e+03 3.44370798e+01
v 6.93228536e+03 6.77482427e+03 3.51460108e+01
v 6.92316332e+03 6.77754363e+03 3.38407324e+01
v 6.92365341e+03 6.77827694e+03 3.64514513e+01
v 6.92594922e+03 6.77418464e+03 3.54134550e+01
v 6.92351123e+03 6.77195823e+03 3.24358994e+01
v 6.91503837e+03 6.77424726e+03 3.05514328e+01
v 6.91343131e+03 6.77546765e+03 3.35058637e+01
v 6.90836714e+03 6.77807023e+03 3.33925233e+01
v 6.91787658e+03 6.75341376e+03 3.14072701e+01
v 6.92037817e+03 6.76979183e+03 3.14131545e+01
v 6.91973481e+03 6.77017781e+03 3.32601377e+01
v 6.92138712e+03 6.77310089e+03 3.25438321e+01
v 6.92278653e+03 6.77233798e+03 3.35333618e+01
v 6.91785465e+03 6.77717141e+03 3.06360196e+01
v 6.91684977e+03 6.77689077e+03 3.23182906e+01
v 6.92244026e+03 6.77442024e+03 3.16666089e+01
v 6.93332241e+03 6.77175864e+03 3.37437956e+01
v 6.93059921e+03 6.77219289e+03 3.30489225e+01
v 6.91938437e+03 6.75311997e+03 3.14406308e+01
v 6.92511113e+03 6.77115716e+03 3.46563989e+01
v 6.92640089e+03 6.77005322e+03 3.23299304e+01
v 6.92970498e+03 6.77090915e+03 3.35590336e+01
v 6.92987438e+03 6.76797381e+03 3.31851799e+01
v 6.93040596e+03 6.76857722e+03 3.40570125e+01
v 6.93050525e+03 6.77023989e+03 3.24371553e+01
v 6.91567555e+03 6.77398328e+03 3.17619053e+01
v 6.91664941e+03 6.76854714e+03 3.36645715e+01
v 6.92125579e+03 6.77081016e+03 3.29282426e+01
v 6.91634440e+03 6.76970647e+03 3.58108540e+01
v 6.91438454e+03 6.77129061e+03 3.52952046e+01
v 6.92548655e+03 6.76916932e+03 3.60048339e+01
v 6.92623086e+03 6.77013694e+03 3.43015774e+01
v 6.92422566e+03 6.77009836e+03 3.26277012e+01
v 6.91528390e+03 6.75225163e+03 4.23911112e+01
v 6.91013010e+03 6.75369024e+03 4.03813435e+01
v 6.90973652e+03 6.75249935e+03 4.95999985e+01
v 6.91323638e+03 6.75295953e+03 4.61939770e+01
v 6.91270380e+03 6.75315117e+03 5.03637794e+01
v 6.92139170e+03 6.75427183e+03 4.87304838e+01
v 6.92325431e+03 6.75372423e+03 4.75121359e+01
v 6.91245204e+03 6.78414792e+03 3.43411208e+01
v 6.91334044e+03 6.78414836e+03 3.49529827e+01
v 6.91247673e+03 6.78295579e+03 3.58787644e+01
v 6.91391964e+03 6.78303080e+03 3.35080795e+01
v 6.90997704e+03 6.75301117e+03 3.85385701e+01
v 6.90962082e+03 6.75212579e+03 3.53870093e+01
v 6.91314341e+03 6.75306339e+03 3.47205247e+01
v 6.91018368e+03 6.75328840e+03 3.27814662e+01
v 6.90962535e+03 6.75000000e+03 5.27347239e+01
v 6.91033908e+03 6.75365989e+03 4.40094429e+01
v 6.90969627e+03 6.75209689e+03 4.28101296e+01
v 6.91528641e+03 6.75230083e+03 4.82229281e+01
v 6.90856396e+03 6.75217346e+03 4.78663551e+01
v 6.91012558e+03 6.75352947e+03 4.78708100e+01
v 6.91321003e+03 6.75312841e+03 4.04133049e+01
v 6.91527530e+03 6.75231645e+03 3.96057084e+01
v 6.91785646e+03 6.75336642e+03 4.22644526e+01
v 6.91958075e+03 6.75261865e+03 4.18106086e+01
v 6.92099604e+03 6.75280946e+03 4.26026608e+01
v 6.91585865e+03 6.75397455e+03 4.85211110e+01
v 6.91911387e+03 6.75300657e+03 5.03801653e+01
v 6.92589013e+03 6.76794477e+03 3.81046650e+01
v 6.92577501e+03 6.76814342e+03 3.82147823e+01
v 6.90957869e+03 6.75203974e+03 3.82525454e+01
v 6.92692712e+03 6.77815316e+03 3.59111517e+01
v 6.92662306e+03 6.77688233e+03 3.52655804e+01
v 6.92141479e+03 6.75427793e+03 3.76775491e+01
v 6.92597875e+03 6.75316273e+03 3.43719884e+01
v 6.92438499e+03 6.75429933e+03 5.19334111e+01
v 6.92451264e+03 6.75330354e+03 5.02151773e+01
v 6.92055037e+03 6.75326665e+03 5.21275814e+01
v 6.92711156e+03 6.75000000e+03 5.24041422e+01
v 6.91577443e+03 6.75399624e+03 4.43440691e+01
v 6.93013926e+03 6.75356159e+03 4.65360322e+01
v 6.93187521e+03 6.75327348e+03 4.47940920e+01
v 6.92743490e+03 6.75203805e+03 4.81205264e+01
v 6.92100505e+03 6.75281646e+03 4.65103557e+01
v 6.91841608e+03 6.75317914e+03 4.45029877e+01
v 6.92153751e+03 6.75393906e+03 5.03760638e+01
v 6.92374992e+03 6.75380282e+03 3.92722005e+01
v 6.92628340e+03 6.75315496e+03 3.90856488e+01
v 6.93061012e+03 6.77984723e+03 3.97527270e+01
v 6.93236594e+03 6.77979305e+03 3.98580777e+01
v 6.92757359e+03 6.75326977e+03 4.23272477e+01
v 6.92894872e+03 6.75301182e+03 3.98179635e+01
v 6.91203629e+03 6.78305961e+03 3.80666615e+01
v 6.91004660e+03 6.78448201e+03 3.86418037e+01
v 6.92151428e+03 6.78622641e+03 3.53376883e+01
v 6.92268295e+03 6.78448942e+03 3.63682206e+01
v 6.92048286e+03 6.78679773e+03 3.70523665e+01
v 6.90825322e+03 6.78452706e+03 3.94173222e+01
v 6.90939079e+03 6.78586033e+03 3.71167689e+01
v 6.90806539e+03 6.78559243e+03 3.70927081e+01
v 6.91833074e+03 6.78835429e+03 3.67291019e+01
v 6.91619194e+03 6.79012916e+03 3.76006301e+01
v 6.91190928e+03 6.78817370e+03 4.05018921e+01
v 6.91048992e+03 6.78904141e+03 4.19396564e+01
v 6.91714872e+03 6.80587922e+03 3.73602955e+01
v 6.91677353e+03 6.80601108e+03 3.86949678e+01
v 6.92548014e+03 6.80461735e+03 4.01330344e+01
v 6.92136592e+03 6.75417672e+03 4.17967956e+01
v 6.92090373e+03 6.75272937e+03 3.99118102e+01
v 6.91335351e+03 6.79363883e+03 3.54770846e+01
v 6.91591334e+03 6.79290855e+03 3.62636466e+01
v 6.90894887e+03 6.79260319e+03 3.65910665e+01
v 6.91003702e+03 6.79371424e+03 3.47821898e+01
v 6.91156949e+03 6.79382339e+03 3.75249905e+01
v 6.90797306e+03 6.79123759e+03 3.42780542e+01
v 6.92501094e+03 6.79694790e+03 3.60807224e+01
v 6.92372763e+03 6.79805618e+03 3.71737359e+01
v 6.92651848e+03 6.79281186e+03 3.56274971e+01
v 6.92725034e+03 6.79148001e+03 3.70349963e+01
v 6.92584819e+03 6.79361681e+03 3.62954050e+01
v 6.92704768e+03 6.79344112e+03 3.68862748e+01
v 6.92341711e+03 6.79723707e+03 3.55893861e+01
v 6.92296803e+03 6.79692603e+03 3.62632091e+01
v 6.91959986e+03 6.78802320e+03 4.07962929e+01
v 6.91796869e+03 6.78910693e+03 3.95289338e+01
v 6.92667214e+03 6.78501982e+03 3.79143310e+01
v 6.92769550e+03 6.78382074e+03 3.95840988e+01
v 6.90895910e+03 6.80872831e+03 3.44855707e+01
v 6.90839422e+03 6.80844264e+03 3.27113276e+01
v 6.90874369e+03 6.79590862e+03 3.28859337e+01
v 6.91103485e+03 6.79701777e+03 3.15490230e+01
v 6.91267204e+03 6.79783445e+03 3.25709538e+01
v 6.91011026e+03 6.79500523e+03 3.28973929e+01
v 6.91515532e+03 6.79190199e+03 3.35568888e+01
v 6.91877786e+03 6.79045831e+03 3.46950666e+01
v 6.92820863e+03 6.78816472e+03 3.45679460e+01
v 6.92659818e+03 6.79129564e+03 3.26920616e+01
v 6.91972955e+03 6.78818914e+03 3.61255651e+01
v 6.91147950e+03 6.78255110e+03 3.49660150e+01
v 6.93028426e+03 6.78729722e+03 3.36006556e+01
v 6.92814718e+03 6.80245795e+03 3.79103654e+01
v 6.92711070e+03 6.80316999e+03 3.77401080e+01
v 6.92049843e+03 6.81105481e+03 3.52769601e+01
v 6.91942293e+03 6.80977019e+03 3.73439780e+01
v 6.91552541e+03 6.80386509e+03 3.68614459e+01
v 6.91527848e+03 6.80217851e+03 3.50988926e+01
v 6.90945584e+03 6.81035309e+03 3.59030163e+01
v 6.91150895e+03 6.80874371e+03 3.24377656e+01
v 6.91036204e+03 6.81061234e+03 3.02727815e+01
v 6.90958870e+03 6.80193904e+03 3.11552063e+01
v 6.90876199e+03 6.80810907e+03 3.11844455e+01
v 6.91366229e+03 6.79803505e+03 3.06037230e+01
v 6.91656079e+03 6.79461627e+03 3.15517794e+01
v 6.91202635e+03 6.80039141e+03 3.20263161e+01
v 6.91565716e+03 6.79157084e+03 3.24837575e+01
v 6.91873636e+03 6.79604914e+03 3.12937384e+01
v 6.92044702e+03 6.79826113e+03 3.16337352e+01
v 6.91333545e+03 6.79315094e+03 3.34431877e+01
v 6.91219858e+03 6.80521652e+03 3.28172920e+01
v 6.91207529e+03 6.80795486e+03 3.41540074e+01
v 6.91075386e+03 6.80039223e+03 3.08139745e+01
v 6.91081748e+03 6.79920115e+03 2.85448617e+01
v 6.93193514e+03 6.80549560e+03 3.34360429e+01
v 6.92869280e+03 6.80727083e+03 3.32164098e+01
v 6.92024187e+03 6.79783754e+03 3.64964533e+01
v 6.91998235e+03 6.79771570e+03 3.48884734e+01
v 6.91803744e+03 6.79804833e+03 3.59434258e+01
v 6.91924876e+03 6.79757451e+03 3.21851015e+01
v 6.93085449e+03 6.80565103e+03 3.46695394e+01
v 6.92924701e+03 6.78702007e+03 3.55876882e+01
v 6.91934008e+03 6.78766584e+03 3.36227927e+01
v 6.92181279e+03 6.78560466e+03 3.05792084e+01
v 6.92635341e+03 6.78636507e+03 3.45174580e+01
v 6.92435140e+03 6.78555372e+03 3.48471080e+01
v 6.92697826e+03 6.78994467e+03 3.16814258e+01
v 6.91294432e+03 6.79424488e+03 3.19322077e+01
v 6.91395885e+03 6.79505659e+03 3.02838183e+01
v 6.92764898e+03 6.80220108e+03 3.56769910e+01
v 6.91659406e+03 6.81116907e+03 3.62429187e+01
v 6.91878755e+03 6.81240710e+03 3.66775666e+01
v 6.91827427e+03 6.80793955e+03 3.83347443e+01
v 6.91748998e+03 6.80701195e+03 4.02129303e+01
v 6.91284946e+03 6.79210103e+03 3.96935180e+01
v 6.91603456e+03 6.79211814e+03 3.76703119e+01
v 6.91511838e+03 6.78071406e+03 3.39568483e+01
v 6.92164407e+03 6.75373522e+03 3.88847262e+01
v 6.91530603e+03 6.75270790e+03 3.78667429e+01
v 6.92774928e+03 6.80959847e+03 3.44738974e+01
v 6.92903421e+03 6.80790226e+03 3.21033612e+01
v 6.91015014e+03 6.81086879e+03 3.16903114e+01
v 6.91031674e+03 6.81137028e+03 3.37016065e+01
v 6.91112862e+03 6.81253416e+03 3.44765807e+01
v 6.91220570e+03 6.81170289e+03 3.55729160e+01
v 6.92490594e+03 6.81125067e+03 3.41623633e+01
v 6.92414881e+03 6.81186437e+03 3.21654517e+01
v 6.92673984e+03 6.81012851e+03 3.33000934e+01
v 6.92639673e+03 6.80627546e+03 3.49133988e+01
v 6.92451030e+03 6.80819202e+03 3.52177609e+01
v 6.91264949e+03 6.75300095e+03 3.72638626e+01
v 6.91770743e+03 6.75362742e+03 4.67972530e+01
v 6.92075540e+03 6.75000000e+03 5.29607656e+01
v 6.91475268e+03 6.75000000e+03 5.28054484e+01
v 6.93067532e+03 6.77726739e+03 3.71329487e+01
v 6.93198194e+03 6.77778078e+03 3.71763211e+01
v 6.91579744e+03 6.75395216e+03 4.13742285e+01
v 6.92623571e+03 6.77088675e+03 3.80596761e+01
v 6.92609284e+03 6.76913249e+03 3.68969579e+01
v 6.92787084e+03 6.77304226e+03 3.63691374e+01
v 6.92991350e+03 6.77129851e+03 3.55190697e+01
v 6.91973888e+03 6.75274998e+03 4.74636768e+01
v 6.91577783e+03 6.75364275e+03 4.70569949e+01
v 6.91579339e+03 6.75443001e+03 5.19824694e+01
v 6.91106716e+03 6.80706756e+03 3.15093978e+01
v 6.91139328e+03 6.80402619e+03 3.18412004e+01
v 6.90773209e+03 6.79650897e+03 3.27816668e+01
v 6.93103073e+03 6.78829141e+03 3.41895931e+01
v 6.93162088e+03 6.78742967e+03 3.59307400e+01
v 6.92153274e+03 6.79788940e+03 3.58478125e+01
v 6.91679876e+03 6.79778233e+03 3.39977435e+01
v 6.91584250e+03 6.80089238e+03 3.06419075e+01
v 6.92777516e+03 6.77573211e+03 3.56134476e+01
v 6.92769607e+03 6.77569602e+03 3.75849371e+01
v 6.92838425e+03 6.77485512e+03 3.69519419e+01
v 6.92915188e+03 6.76956049e+03 3.62827754e+01
v 6.92775379e+03 6.77008645e+03 3.67300931e+01
v 6.93084262e+03 6.75293703e+03 2.99990577e+01
v 6.92725882e+03 6.75259295e+03 2.83381945e+01
v 6.92088592e+03 6.75284950e+03 3.73748034e+01
v 6.92505163e+03 6.75331454e+03 3.35795408e+01
v 6.92637604e+03 6.75324618e+03 2.98504333e+01
v 6.91284480e+03 6.77383434e+03 3.09000418e+01
v 6.91092260e+03 6.77513333e+03 3.20793701e+01
v 6.92383508e+03 6.77491394e+03 3.25340764e+01
v 6.91434502e+03 6.77370141e+03 2.85032206e+01
v 6.91770748e+03 6.77840422e+03 3.12140627e+01
v 6.91794378e+03 6.78096325e+03 3.40463367e+01
v 6.91414274e+03 6.78174656e+03 3.15923848e+01
v 6.91611146e+03 6.77320141e+03 3.04966199e+01
v 6.91697047e+03 6.77545264e+03 3.09676536e+01
v 6.92901142e+03 6.75349038e+03 2.83410544e+01
v 6.92136144e+03 6.76050474e+03 2.80794825e+01
v 6.91634899e+03 6.75881639e+03 2.84248645e+01
v 6.91347565e+03 6.75289133e+03 3.12742381e+01
v 6.91498479e+03 6.75366167e+03 3.01248374e+01
v 6.91147961e+03 6.76505801e+03 2.89160990e+01
v 6.91010748e+03 6.75405014e+03 3.04820534e+01
v 6.91730751e+03 6.75341783e+03 2.88914769e+01
v 6.92024128e+03 6.75616134e+03 2.86136732e+01
v 6.92517758e+03 6.75972146e+03 2.83120868e+01
v 6.92437053e+03 6.75464427e+03 2.99407463e+01
v 6.92787996e+03 6.75340447e+03 3.48360367e+01
v 6.92331470e+03 6.77045356e+03 2.81591833e+01
v 6.92700500e+03 6.76691920e+03 2.95982774e+01
v 6.92613375e+03 6.76747831e+03 3.12229835e+01
v 6.92495925e+03 6.76976456e+03 2.96602080e+01
v 6.92227726e+03 6.77525452e+03 2.84562831e+01
v 6.91836802e+03 6.77562230e+03 2.84450750e+01
v 6.91735744e+03 6.78344741e+03 3.17644250e+01
v 6.92577957e+03 6.80400768e+03 3.76060133e+01
v 6.92314763e+03 6.79222618e+03 3.21807712e+01
v 6.91960004e+03 6.78360185e+03 3.75591822e+01
v 6.91020350e+03 6.75356627e+03 4.20734841e+01
v 6.91810562e+03 6.77793849e+03 3.27777223e+01
v 6.92824771e+03 6.76859153e+03 2.75917431e+01
v 6.93094777e+03 6.80401531e+03 3.01289878e+01
v 6.92979796e+03 6.80625551e+03 2.88097282e+01
v 6.92298106e+03 6.79173785e+03 2.98131798e+01
v 6.92416305e+03 6.79071199e+03 3.05297946e+01
v 6.91763140e+03 6.79819843e+03 2.89897768e+01
v 6.91576650e+03 6.79988640e+03 2.87561167e+01
v 6.92302256e+03 6.78221861e+03 2.65587441e+01
v 6.91441580e+03 6.77054586e+03 2.84635871e+01
v 6.91526169e+03 6.76974119e+03 2.79369168e+01
v 6.92384589e+03 6.77541549e+03 3.04362006e+01
v 6.91186906e+03 6.77314459e+03 2.84499139e+01
v 6.92897395e+03 6.76719432e+03 2.94165746e+01
v 6.91983220e+03 6.77289695e+03 3.18212043e+01
v 6.92446125e+03 6.76733339e+03 2.85243566e+01
v 6.92530745e+03 6.76844145e+03 3.20030640e+01
v 6.91753077e+03 6.77293467e+03 2.99692549e+01
v 6.91559793e+03 6.77212210e+03 2.94395483e+01
v 6.91740447e+03 6.77476288e+03 3.25417825e+01
v 6.91701385e+03 6.77437513e+03 3.07651581e+01
v 6.91844670e+03 6.79734257e+03 2.80799869e+01
v 6.91706276e+03 6.79672445e+03 2.83496877e+01
v 6.91023892e+03 6.77414776e+03 2.86677097e+01
v 6.90899716e+03 6.77547749e+03 2.98250994e+01
v 6.90841065e+03 6.77626317e+03 2.85271036e+01
v 6.90868042e+03 6.77577985e+03 2.79046125e+01
v 6.91822259e+03 6.77186114e+03 2.81941358e+01
v 6.92482217e+03 6.81112126e+03 2.98108376e+01
v 6.92466411e+03 6.81187508e+03 2.51578403e+01
v 6.91730904e+03 6.79937301e+03 3.01590923e+01
v 6.92522113e+03 6.78927190e+03 2.92250400e+01
v 6.91200052e+03 6.80100447e+03 2.87198125e+01
v 6.90984006e+03 6.80588522e+03 2.83668909e+01
v 6.92699288e+03 6.75570422e+03 2.82585051e+01
v 6.93551182e+03 6.75368752e+03 3.52275375e+01
v 6.92360568e+03 6.78506503e+03 3.05315973e+01
v 6.90980316e+03 6.81015589e+03 2.99550102e+01
v 6.92437012e+03 6.81105492e+03 2.78190838e+01
v 6.92474980e+03 6.80953824e+03 2.82077126e+01
v 6.91405227e+03 6.79674493e+03 2.99015650e+01
v 6.91158065e+03 6.80216258e+03 2.82177253e+01
v 6.92089125e+03 6.77507954e+03 2.78637627e+01
v 6.92186364e+03 6.78431679e+03 2.67199557e+01
v 6.92320971e+03 6.81154363e+03 2.20079889e+01
v 6.92492821e+03 6.81079915e+03 1.77297349e+01
v 6.92053701e+03 6.81073248e+03 2.37064281e+01
v 6.92102657e+03 6.81208666e+03 2.28513105e+01
v 6.92412155e+03 6.78639746e+03 2.54180374e+01
v 6.91040715e+03 6.80227295e+03 2.08096442e+01
v 6.90879482e+03 6.80473499e+03 2.11052740e+01
v 6.92204236e+03 6.81141747e+03 1.77051630e+01
v 6.92382209e+03 6.76841698e+03 2.78505930e+01
v 6.92628284e+03 6.76737897e+03 2.93092671e+01
v 6.91680316e+03 6.75561792e+03 2.86285146e+01
v 6.91784913e+03 6.76658478e+03 2.89239566e+01
v 6.91899302e+03 6.76660313e+03 2.85279323e+01
v 6.91727156e+03 6.76861883e+03 2.81455223e+01
v 6.90896112e+03 6.80242635e+03 2.19648934e+01
v 6.92014492e+03 6.79454165e+03 2.92987413e+01
v 6.91972222e+03 6.79568716e+03 2.99877933e+01
v 6.91340212e+03 6.80135391e+03 3.38089650e+01
v 6.91288641e+03 6.80269722e+03 2.09528513e+01
v 6.91759376e+03 6.78006617e+03 3.37435287e+01
v 6.91570015e+03 6.77949076e+03 3.17004178e+01
v 6.93003567e+03 6.76841143e+03 2.98700392e+01
v 6.92300632e+03 6.77436136e+03 2.79699046e+01
v 6.92988910e+03 6.76765287e+03 2.83891811e+01
v 6.91348888e+03 6.80063443e+03 2.95907680e+01
v 6.92964522e+03 6.80609232e+03 2.59603705e+01
v 6.91068704e+03 6.80320235e+03 2.47162815e+01
v 6.92105236e+03 6.78926816e+03 2.63529348e+01
v 6.90905941e+03 6.80486566e+03 2.51929816e+01
v 6.92098714e+03 6.79190327e+03 2.90876025e+01
v 6.93373299e+03 6.77000976e+03 3.00405778e+01
v 6.92529846e+03 6.77478446e+03 2.80740511e+01
v 6.93094481e+03 6.80426621e+03 2.11116618e+01
v 6.93204743e+03 6.80266646e+03 1.85819673e+01
v 6.92077786e+03 6.78649325e+03 2.49036755e+01
v 6.92046852e+03 6.78758131e+03 2.79325690e+01
v 6.92174436e+03 6.78819599e+03 2.42811914e+01
v 6.91588590e+03 6.75386780e+03 3.43597602e+01
v 6.91467594e+03 6.75218933e+03 3.06885267e+01
v 6.90915558e+03 6.75208274e+03 3.11709233e+01
v 6.91942284e+03 6.75313163e+03 3.12880514e+01
v 6.91956412e+03 6.75307269e+03 3.15086787e+01
v 6.92366017e+03 6.80807988e+03 3.82943805e+01
v 6.92354548e+03 6.80801418e+03 3.83421348e+01
v 6.92033989e+03 6.80703866e+03 4.12694614e+01
v 6.92231296e+03 6.80731244e+03 4.05749935e+01
v 6.90825825e+03 6.75218710e+03 3.31908229e+01
v 6.91381461e+03 6.77763154e+03 3.29486392e+01
v 6.91604580e+03 6.77758139e+03 3.25621429e+01
v 6.91414998e+03 6.77830425e+03 3.35889016e+01
v 6.91009971e+03 6.77874403e+03 3.20667577e+01
v 6.90910568e+03 6.77878113e+03 3.34261473e+01
v 6.90984219e+03 6.77959959e+03 3.47817019e+01
v 6.91106869e+03 6.77731737e+03 3.24192709e+01
v 6.91190070e+03 6.77746233e+03 3.35674961e+01
v 6.91244948e+03 6.77566686e+03 3.27644517e+01
v 6.91474783e+03 6.77670139e+03 3.38470454e+01
v 6.91940873e+03 6.77831774e+03 3.43491467e+01
v 6.91914526e+03 6.77993479e+03 3.41956103e+01
v 6.91515917e+03 6.77916617e+03 3.35001102e+01
v 6.91528255e+03 6.77625671e+03 3.29613880e+01
v 6.91612137e+03 6.77383212e+03 3.37638576e+01
v 6.91881869e+03 6.77345669e+03 3.47580562e+01
v 6.91650887e+03 6.77588149e+03 3.31354998e+01
v 6.91084020e+03 6.77435068e+03 3.15389756e+01
v 6.91433529e+03 6.76971907e+03 3.39555828e+01
v 6.91822828e+03 6.76931988e+03 3.42679529e+01
v 6.91962907e+03 6.75305392e+03 3.15212263e+01
v 6.91974623e+03 6.75302268e+03 3.14623807e+01
v 6.92008368e+03 6.77688067e+03 3.23186804e+01
v 6.91364831e+03 6.77052320e+03 3.14861117e+01
v 6.92005778e+03 6.75327552e+03 2.90028521e+01
v 6.93179110e+03 6.76937152e+03 3.14688340e+01
v 6.93078330e+03 6.76892429e+03 3.14840514e+01
v 6.93149794e+03 6.77046884e+03 3.10201028e+01
v 6.92707034e+03 6.76848517e+03 3.31293862e+01
v 6.92258750e+03 6.76988989e+03 3.38574923e+01
v 6.92055963e+03 6.77111911e+03 3.30975954e+01
v 6.92002780e+03 6.77189685e+03 3.43619167e+01
v 6.92121702e+03 6.77614833e+03 3.33483670e+01
v 6.92204784e+03 6.77614069e+03 3.12830405e+01
v 6.91926004e+03 6.77642769e+03 3.05598964e+01
v 6.92008290e+03 6.77564758e+03 3.06477431e+01
v 6.92165022e+03 6.77482744e+03 3.24162908e+01
v 6.93177457e+03 6.77175468e+03 3.17822399e+01
v 6.92509513e+03 6.77279709e+03 3.47097918e+01
v 6.92382364e+03 6.77155906e+03 3.37630924e+01
v 6.92073897e+03 6.77803442e+03 3.38428604e+01
v 6.92346711e+03 6.77599338e+03 3.36920460e+01
v 6.93108242e+03 6.77228984e+03 3.48414695e+01
v 6.93279634e+03 6.77200067e+03 3.52487909e+01
v 6.92886845e+03 6.76909296e+03 3.45291361e+01
v 6.93251727e+03 6.77241796e+03 3.20311014e+01
v 6.92245478e+03 6.77143250e+03 3.43433148e+01
v 6.92327175e+03 6.77643945e+03 3.06140258e+01
v 6.91595150e+03 6.76934435e+03 3.47640390e+01
v 6.92094664e+03 6.77078857e+03 3.19085621e+01
v 6.92688935e+03 6.76877248e+03 3.52618088e+01
v 6.92162032e+03 6.75420046e+03 3.56500607e+01
v 6.93238520e+03 6.75365562e+03 3.17436941e+01
v 6.91828009e+03 6.77197923e+03 3.46668094e+01
v 6.91931288e+03 6.76988492e+03 3.53711964e+01
v 6.91722505e+03 6.77095547e+03 3.54473514e+01
v 6.92621003e+03 6.76970236e+03 3.79559298e+01
v 6.92608508e+03 6.76271898e+03 3.77817700e+01
v 6.92660359e+03 6.77027805e+03 3.67032155e+01
v 6.91731768e+03 6.77193202e+03 3.69070413e+01
v 6.91550774e+03 6.77315828e+03 3.67648041e+01
v 6.91513069e+03 6.77069093e+03 3.66348313e+01
v 6.92671789e+03 6.77059169e+03 3.54316939e+01
v 6.92942615e+03 6.77360188e+03 3.58586576e+01
v 6.93059432e+03 6.77489119e+03 3.42840077e+01
v 6.93041415e+03 6.77516502e+03 3.56358807e+01
v 6.93200994e+03 6.77630966e+03 3.64350459e+01
v 6.92799300e+03 6.77078323e+03 3.84025113e+01
v 6.92759391e+03 6.77416642e+03 3.56254194e+01
v 6.92959807e+03 6.77467766e+03 3.72850405e+01
v 6.92989991e+03 6.77613453e+03 3.72301468e+01
v 6.91989818e+03 6.78129609e+03 3.66420613e+01
v 6.92032810e+03 6.78089604e+03 3.87428688e+01
v 6.91536231e+03 6.78324723e+03 3.78879765e+01
v 6.91514032e+03 6.78306320e+03 3.65134820e+01
v 6.91923271e+03 6.78201678e+03 3.78121623e+01
v 6.92015164e+03 6.77961290e+03 3.78042273e+01
v 6.91507514e+03 6.78055886e+03 3.56477759e+01
v 6.91888097e+03 6.78404528e+03 3.61819261e+01
v 6.91769300e+03 6.78338002e+03 3.67583493e+01
v 6.91381564e+03 6.78317062e+03 3.64314652e+01
v 6.91599046e+03 6.78248266e+03 3.65554352e+01
v 6.91669962e+03 6.78351970e+03 3.56468503e+01
v 6.91875868e+03 6.78292428e+03 3.54279987e+01
v 6.92809085e+03 6.77632801e+03 3.71094655e+01
v 6.92298229e+03 6.78078737e+03 3.66340096e+01
v 6.92191255e+03 6.77874130e+03 3.59338542e+01
v 6.92166065e+03 6.78359698e+03 3.79759866e+01
v 6.92493783e+03 6.78128987e+03 3.80962340e+01
v 6.92439164e+03 6.77952669e+03 3.64505636e+01
v 6.92513598e+03 6.77970390e+03 3.77975858e+01
v 6.92646697e+03 6.77949371e+03 3.79102926e+01
v 6.92839703e+03 6.77866636e+03 3.72322536e+01
v 6.92754594e+03 6.77820640e+03 3.67676589e+01
v 6.92553390e+03 6.77823869e+03 3.58784700e+01
v 6.92214448e+03 6.78106688e+03 3.82834578e+01
v 6.92132120e+03 6.78032475e+03 3.66778130e+01
v 6.91733625e+03 6.78215165e+03 3.46468003e+01
v 6.91727947e+03 6.78058454e+03 3.50812391e+01
v 6.91833869e+03 6.78050337e+03 3.59386230e+01
v 6.92498886e+03 6.77614930e+03 3.48099524e+01
v 6.92580950e+03 6.77664589e+03 3.38309925e+01
v 6.92464051e+03 6.77733560e+03 3.43761516e+01
v 6.92125741e+03 6.77824779e+03 3.50643730e+01
v 6.92236373e+03 6.77789172e+03 3.58359502e+01
v 6.92637361e+03 6.77564929e+03 3.55940662e+01
v 6.92455921e+03 6.77686970e+03 3.55686919e+01
v 6.91976514e+03 6.77309717e+03 3.33276809e+01
v 6.91812663e+03 6.77313076e+03 3.54586203e+01
v 6.91701541e+03 6.77298255e+03 3.72502844e+01
v 6.91502329e+03 6.77394967e+03 3.57760349e+01
v 6.90813780e+03 6.77957622e+03 3.63468965e+01
v 6.90810734e+03 6.77865530e+03 3.48721873e+01
v 6.91144791e+03 6.78380763e+03 3.58091186e+01
v 6.91147118e+03 6.78439791e+03 3.70836967e+01
v 6.90999486e+03 6.78238890e+03 3.57988021e+01
v 6.90987099e+03 6.78398724e+03 3.69845808e+01
v 6.90920802e+03 6.78217506e+03 3.88467932e+01
v 6.90925616e+03 6.78082166e+03 3.66702147e+01
v 6.90841599e+03 6.78104245e+03 3.75653971e+01
v 6.90743583e+03 6.77925942e+03 3.80063691e+01
v 6.90923445e+03 6.78078751e+03 3.46686223e+01
v 6.91088727e+03 6.75334116e+03 3.60055662e+01
v 6.91341028e+03 6.75256871e+03 4.45924201e+01
v 6.91893552e+03 6.75333386e+03 4.08812464e+01
v 6.90968667e+03 6.75220921e+03 4.68715712e+01
v 6.91494871e+03 6.75301271e+03 5.20397325e+01
v 6.91058593e+03 6.75356678e+03 4.99829047e+01
v 6.91581888e+03 6.75350646e+03 5.02483454e+01
v 6.91255150e+03 6.75352006e+03 5.21114242e+01
v 6.91414940e+03 6.75230544e+03 5.04515421e+01
v 6.91009820e+03 6.75386511e+03 5.21783215e+01
v 6.92184527e+03 6.75494824e+03 5.18429746e+01
v 6.92689465e+03 6.75305603e+03 4.94604789e+01
v 6.92091970e+03 6.75286035e+03 4.95918583e+01
v 6.92720672e+03 6.75000000e+03 4.85124044e+01
v 6.92688228e+03 6.75314216e+03 5.21109087e+01
v 6.93375853e+03 6.75000000e+03 4.87023269e+01
v 6.92930049e+03 6.75305840e+03 4.38937261e+01
v 6.93159172e+03 6.75304083e+03 4.68311333e+01
v 6.92426654e+03 6.75340637e+03 4.47180142e+01
v 6.92538709e+03 6.75315926e+03 4.18953833e+01
v 6.92360984e+03 6.75394418e+03 4.37617725e+01
v 6.93322620e+03 6.75355312e+03 4.33224792e+01
v 6.93053250e+03 6.75229713e+03 4.82858120e+01
v 6.92204015e+03 6.75424830e+03 4.60862682e+01
v 6.93074135e+03 6.78330654e+03 4.08506031e+01
v 6.93181636e+03 6.78202019e+03 4.04651554e+01
v 6.92879935e+03 6.78351292e+03 3.97302981e+01
v 6.92947860e+03 6.78315611e+03 4.11137900e+01
v 6.92794677e+03 6.78081743e+03 3.94192486e+01
v 6.93000467e+03 6.78151504e+03 3.95468802e+01
v 6.92586199e+03 6.78349268e+03 3.89128645e+01
v 6.92460240e+03 6.78398345e+03 3.87398393e+01
v 6.92164309e+03 6.75351317e+03 4.71799914e+01
v 6.92656004e+03 6.75311872e+03 4.71189418e+01
v 6.92148459e+03 6.75410061e+03 4.46871108e+01
v 6.92960552e+03 6.78041312e+03 4.02681524e+01
v 6.92912385e+03 6.77858847e+03 3.94224215e+01
v 6.92872703e+03 6.77909580e+03 3.84141725e+01
v 6.92642778e+03 6.78164306e+03 3.88908481e+01
v 6.92875686e+03 6.77752085e+03 3.94837663e+01
v 6.93039430e+03 6.77708571e+03 3.89726954e+01
v 6.93045721e+03 6.77882236e+03 3.86264638e+01
v 6.92506132e+03 6.78271804e+03 3.79703823e+01
v 6.92642686e+03 6.78039404e+03 3.88628555e+01
v 6.93229006e+03 6.78087362e+03 4.07233028e+01
v 6.93111213e+03 6.78146258e+03 3.91243441e+01
v 6.92567888e+03 6.77232079e+03 3.69119449e+01
v 6.93203477e+03 6.78377934e+03 4.00465145e+01
v 6.92764021e+03 6.77722222e+03 3.83736132e+01
v 6.92756411e+03 6.77949817e+03 3.74480351e+01
v 6.91735253e+03 6.78537101e+03 3.69280387e+01
v 6.91677879e+03 6.78393633e+03 3.75321860e+01
v 6.91430626e+03 6.78231119e+03 3.90577504e+01
v 6.91504710e+03 6.78293283e+03 3.89877696e+01
v 6.91678070e+03 6.78389239e+03 3.90317122e+01
v 6.91772717e+03 6.78383177e+03 3.91792106e+01
v 6.91332947e+03 6.78274881e+03 3.92504650e+01
v 6.91135053e+03 6.78408813e+03 3.94224826e+01
v 6.90982538e+03 6.78557805e+03 3.93518044e+01
v 6.92380529e+03 6.78138054e+03 3.90395544e+01
v 6.92047928e+03 6.78197733e+03 3.95263222e+01
v 6.92084665e+03 6.78266673e+03 3.80988505e+01
v 6.92652896e+03 6.78301643e+03 3.99853284e+01
v 6.91785665e+03 6.78458222e+03 3.88077041e+01
v 6.91167276e+03 6.78351831e+03 4.02159841e+01
v 6.91336517e+03 6.78435256e+03 4.09824754e+01
v 6.91624885e+03 6.78407048e+03 4.05782784e+01
v 6.91165354e+03 6.78470954e+03 4.10769674e+01
v 6.90809175e+03 6.78148532e+03 3.88969524e+01
v 6.90898936e+03 6.78440936e+03 3.92969035e+01
v 6.90967220e+03 6.78502887e+03 3.71061439e+01
v 6.92297817e+03 6.78307831e+03 3.94277283e+01
v 6.92305992e+03 6.78390565e+03 3.89476639e+01
v 6.91680485e+03 6.78513957e+03 3.96804879e+01
v 6.90704287e+03 6.78037065e+03 3.86505215e+01
v 6.91853025e+03 6.75300423e+03 3.91057924e+01
v 6.90759848e+03 6.78869536e+03 3.79406241e+01
v 6.91655479e+03 6.78925220e+03 3.63001772e+01
v 6.91745186e+03 6.80034247e+03 3.55482801e+01
v 6.91659111e+03 6.79926117e+03 3.56525149e+01
v 6.90766805e+03 6.79980414e+03 3.54509205e+01
v 6.91670755e+03 6.80123569e+03 3.54843626e+01
v 6.92496511e+03 6.79538026e+03 3.63968951e+01
v 6.92479599e+03 6.79417285e+03 3.49056427e+01
v 6.92364573e+03 6.79578584e+03 3.61137959e+01
v 6.92354230e+03 6.79802612e+03 3.55415591e+01
v 6.92817716e+03 6.79137125e+03 3.58785330e+01
v 6.92698729e+03 6.79496944e+03 3.77566987e+01
v 6.92576874e+03 6.79376025e+03 3.72882644e+01
v 6.92575873e+03 6.79602901e+03 3.72595404e+01
v 6.93089695e+03 6.78920158e+03 3.57982006e+01
v 6.93369003e+03 6.79081053e+03 3.63948415e+01
v 6.93150593e+03 6.78976149e+03 3.51773562e+01
v 6.92699988e+03 6.79119961e+03 3.62000065e+01
v 6.92617880e+03 6.79125338e+03 3.56494436e+01
v 6.91690494e+03 6.79105322e+03 3.50626094e+01
v 6.91844781e+03 6.78860747e+03 3.54249926e+01
v 6.92726996e+03 6.79396885e+03 3.79182641e+01
v 6.93144027e+03 6.79112302e+03 3.68636684e+01
v 6.93239343e+03 6.79102446e+03 3.85945401e+01
v 6.92817414e+03 6.79242543e+03 3.79615685e+01
v 6.93023431e+03 6.79194113e+03 3.63017258e+01
v 6.92781949e+03 6.79229296e+03 3.72156361e+01
v 6.92535721e+03 6.79235865e+03 3.50522982e+01
v 6.92168722e+03 6.79821540e+03 3.73048577e+01
v 6.91821733e+03 6.80051845e+03 3.77197665e+01
v 6.91749442e+03 6.79904647e+03 3.74114301e+01
v 6.91965238e+03 6.79910747e+03 3.68972635e+01
v 6.92527812e+03 6.79912829e+03 3.78741589e+01
v 6.91931819e+03 6.78575879e+03 3.78424043e+01
v 6.92112991e+03 6.78573086e+03 3.69850058e+01
v 6.91937777e+03 6.78523875e+03 3.68170654e+01
v 6.92310704e+03 6.78539027e+03 3.91754735e+01
v 6.92891091e+03 6.78618827e+03 3.84626686e+01
v 6.93214581e+03 6.78703089e+03 3.77243035e+01
v 6.93060103e+03 6.78737787e+03 3.82986407e+01
v 6.91882073e+03 6.78728636e+03 3.67086347e+01
v 6.92933151e+03 6.79355825e+03 3.83801777e+01
v 6.92373969e+03 6.79656539e+03 3.50286270e+01
v 6.92057005e+03 6.79902390e+03 3.85382070e+01
v 6.92593811e+03 6.79753875e+03 3.82519178e+01
v 6.93125920e+03 6.79238056e+03 3.92401797e+01
v 6.92784835e+03 6.79718082e+03 3.93584970e+01
v 6.92623269e+03 6.79611689e+03 3.88484724e+01
v 6.92823381e+03 6.79553939e+03 3.87569957e+01
v 6.93064853e+03 6.79337247e+03 3.79104474e+01
v 6.91980306e+03 6.79997986e+03 3.93015850e+01
v 6.91301845e+03 6.79305552e+03 3.76136972e+01
v 6.91940430e+03 6.80103002e+03 3.77261997e+01
v 6.92240241e+03 6.80023213e+03 3.88871615e+01
v 6.93038806e+03 6.79913849e+03 3.83702543e+01
v 6.93089003e+03 6.79743907e+03 3.84356954e+01
v 6.93125275e+03 6.80055895e+03 3.84840809e+01
v 6.93209094e+03 6.78574382e+03 4.07262636e+01
v 6.93171763e+03 6.79630810e+03 3.90006213e+01
v 6.93132799e+03 6.79841923e+03 3.91185599e+01
v 6.93234352e+03 6.79743173e+03 4.00554967e+01
v 6.93261294e+03 6.79337660e+03 3.85064098e+01
v 6.92846440e+03 6.78549820e+03 4.02170694e+01
v 6.93171071e+03 6.78618516e+03 3.92927218e+01
v 6.93063725e+03 6.79512514e+03 3.93466525e+01
v 6.93164757e+03 6.79549726e+03 3.80374138e+01
v 6.92928311e+03 6.79919572e+03 4.02852541e+01
v 6.92900651e+03 6.79911734e+03 3.93913828e+01
v 6.91882468e+03 6.78850596e+03 4.21440433e+01
v 6.93005740e+03 6.79805989e+03 3.96027708e+01
v 6.92627677e+03 6.79888568e+03 3.90591561e+01
v 6.91842122e+03 6.78679691e+03 3.86999280e+01
v 6.91706029e+03 6.79104995e+03 4.04865197e+01
v 6.91839672e+03 6.79030824e+03 4.19455067e+01
v 6.91744349e+03 6.78824488e+03 4.16680697e+01
v 6.92142136e+03 6.80092303e+03 3.88844133e+01
v 6.91782348e+03 6.78622453e+03 4.22046647e+01
v 6.91808179e+03 6.78567611e+03 4.07259589e+01
v 6.91682439e+03 6.78726152e+03 4.22847515e+01
v 6.91626567e+03 6.79069491e+03 4.14530171e+01
v 6.91503272e+03 6.78935480e+03 4.17163733e+01
v 6.91785374e+03 6.78699399e+03 4.11513267e+01
v 6.91671905e+03 6.78937403e+03 4.19410057e+01
v 6.91570289e+03 6.78636474e+03 4.23393490e+01
v 6.91419965e+03 6.78641353e+03 4.21237433e+01
v 6.91520650e+03 6.78547406e+03 4.18931587e+01
v 6.91487770e+03 6.78462447e+03 3.97737698e+01
v 6.91704438e+03 6.78464885e+03 4.13196360e+01
v 6.91497048e+03 6.78728657e+03 4.11792811e+01
v 6.93382434e+03 6.78625457e+03 4.04907406e+01
v 6.91802108e+03 6.78509739e+03 4.05677679e+01
v 6.91945665e+03 6.78611957e+03 4.14387526e+01
v 6.91353482e+03 6.79092564e+03 4.13554560e+01
v 6.91373269e+03 6.78896532e+03 4.20448740e+01
v 6.91271854e+03 6.78585592e+03 4.16599947e+01
v 6.91295499e+03 6.78728819e+03 4.11708727e+01
v 6.91259197e+03 6.78454730e+03 4.18785075e+01
v 6.91105325e+03 6.78428595e+03 4.12299615e+01
v 6.91022743e+03 6.78523003e+03 4.04134349e+01
v 6.91477924e+03 6.78698513e+03 4.28808426e+01
v 6.91292054e+03 6.78761464e+03 4.29729622e+01
v 6.91040490e+03 6.78723881e+03 4.10454136e+01
v 6.91005071e+03 6.79006593e+03 4.16215023e+01
v 6.90952832e+03 6.78710126e+03 3.95601422e+01
v 6.91115533e+03 6.78649628e+03 4.08671445e+01
v 6.91220227e+03 6.78830722e+03 4.21601021e+01
v 6.91268020e+03 6.78992721e+03 4.23544432e+01
v 6.90905906e+03 6.78864857e+03 3.99166600e+01
v 6.91050862e+03 6.79130575e+03 4.00851108e+01
v 6.91094316e+03 6.79214666e+03 4.07758907e+01
v 6.91243845e+03 6.79231253e+03 4.14160863e+01
v 6.90931223e+03 6.79058105e+03 3.95906699e+01
v 6.91063725e+03 6.79217750e+03 3.84268625e+01
v 6.91495912e+03 6.79207274e+03 4.02852764e+01
v 6.91782935e+03 6.80507966e+03 4.14957897e+01
v 6.91915108e+03 6.80423113e+03 4.20960548e+01
v 6.91865044e+03 6.80213236e+03 3.87490777e+01
v 6.91817557e+03 6.80294887e+03 4.18943101e+01
v 6.91994571e+03 6.80263114e+03 4.15891339e+01
v 6.91784797e+03 6.80390099e+03 3.97269925e+01
v 6.90811788e+03 6.81083541e+03 3.74349646e+01
v 6.90889185e+03 6.81164451e+03 3.80285549e+01
v 6.90953875e+03 6.80872361e+03 3.67555348e+01
v 6.91587317e+03 6.80590872e+03 3.76941582e+01
v 6.91693387e+03 6.80373051e+03 3.71433731e+01
v 6.91952459e+03 6.80166895e+03 3.95174029e+01
v 6.91921312e+03 6.80171274e+03 4.12254974e+01
v 6.91888668e+03 6.80656573e+03 4.16315869e+01
v 6.91936375e+03 6.80872596e+03 3.91864929e+01
v 6.91946773e+03 6.80680355e+03 4.01678070e+01
v 6.91770754e+03 6.80818380e+03 3.69077594e+01
v 6.91850347e+03 6.81009910e+03 3.71997956e+01
v 6.91715546e+03 6.80160576e+03 3.75262223e+01
v 6.91776551e+03 6.80482569e+03 3.69886281e+01
v 6.91871212e+03 6.80312269e+03 3.82808090e+01
v 6.91574446e+03 6.81153262e+03 3.70928288e+01
v 6.92060135e+03 6.80622095e+03 4.21794167e+01
v 6.90832260e+03 6.80801849e+03 3.74223496e+01
v 6.91561718e+03 6.80279377e+03 3.75741334e+01
v 6.91659523e+03 6.81276095e+03 3.73861858e+01
v 6.91953669e+03 6.80507268e+03 4.30198354e+01
v 6.92142159e+03 6.80455311e+03 4.21085079e+01
v 6.92088178e+03 6.80349088e+03 4.21200068e+01
v 6.92062997e+03 6.80740245e+03 3.97531510e+01
v 6.92332750e+03 6.80522433e+03 4.17985219e+01
v 6.92051845e+03 6.80383859e+03 4.33700598e+01
v 6.92085973e+03 6.80126480e+03 3.96046468e+01
v 6.92425113e+03 6.80109550e+03 3.91120298e+01
v 6.92394727e+03 6.80234523e+03 4.07403786e+01
v 6.92138033e+03 6.80224810e+03 4.07397169e+01
v 6.92159257e+03 6.80303426e+03 4.15484236e+01
v 6.92107696e+03 6.80217594e+03 4.19684713e+01
v 6.92343818e+03 6.80041655e+03 4.01132967e+01
v 6.92200361e+03 6.80101015e+03 4.05807665e+01
v 6.92387823e+03 6.79978236e+03 3.84704095e+01
v 6.93052785e+03 6.80135151e+03 3.96705735e+01
v 6.93176699e+03 6.80099652e+03 3.98533384e+01
v 6.93104913e+03 6.80337874e+03 3.95244359e+01
v 6.93202611e+03 6.80224332e+03 3.97557517e+01
v 6.92738383e+03 6.80215239e+03 3.98594872e+01
v 6.92542204e+03 6.80212805e+03 3.96808834e+01
v 6.92953617e+03 6.80198940e+03 3.89761499e+01
v 6.92491823e+03 6.80286041e+03 4.18665323e+01
v 6.92482929e+03 6.80361927e+03 4.01255688e+01
v 6.92408987e+03 6.80756750e+03 3.94153277e+01
v 6.93002129e+03 6.80462352e+03 3.85928091e+01
v 6.92890582e+03 6.80343007e+03 3.98720507e+01
v 6.92586227e+03 6.80358606e+03 3.87571576e+01
v 6.92814132e+03 6.80110643e+03 3.98483448e+01
v 6.92903361e+03 6.80120498e+03 4.02315585e+01
v 6.93211290e+03 6.80084259e+03 3.89845381e+01
v 6.92579919e+03 6.80050295e+03 3.90612379e+01
v 6.92758529e+03 6.80015352e+03 3.85692563e+01
v 6.93190816e+03 6.80431575e+03 3.70007156e+01
v 6.93189983e+03 6.80382213e+03 3.82482213e+01
v 6.93002391e+03 6.80481933e+03 3.71539723e+01
v 6.93129826e+03 6.80453894e+03 3.89375580e+01
v 6.92455838e+03 6.80678197e+03 3.78332487e+01
v 6.92516142e+03 6.80372269e+03 3.68123927e+01
v 6.92612388e+03 6.80561739e+03 3.73420214e+01
v 6.92302884e+03 6.80933967e+03 3.63622771e+01
v 6.92313300e+03 6.80838052e+03 3.79604791e+01
v 6.92731707e+03 6.80529339e+03 3.73231031e+01
v 6.92878486e+03 6.80240863e+03 3.61954719e+01
v 6.92352819e+03 6.80819231e+03 3.81297514e+01
v 6.92430497e+03 6.80846960e+03 3.69562536e+01
v 6.92151556e+03 6.80889773e+03 3.73196584e+01
v 6.91525502e+03 6.80927949e+03 3.66382639e+01
v 6.91413437e+03 6.80963847e+03 3.68529342e+01
v 6.91428947e+03 6.80758421e+03 3.69945447e+01
v 6.91405145e+03 6.80560046e+03 3.59818939e+01
v 6.91597041e+03 6.80139063e+03 3.75760355e+01
v 6.92171231e+03 6.81060194e+03 3.72767327e+01
v 6.91759312e+03 6.80108448e+03 3.65297853e+01
v 6.92795981e+03 6.80404169e+03 3.64114887e+01
v 6.92765390e+03 6.80453809e+03 3.51566999e+01
v 6.92309380e+03 6.81039747e+03 3.59161373e+01
v 6.92981182e+03 6.80605076e+03 3.66778432e+01
v 6.93084499e+03 6.80604981e+03 3.59361024e+01
v 6.92375726e+03 6.80982448e+03 3.47698904e+01
v 6.92884021e+03 6.80450646e+03 3.59243711e+01
v 6.90933818e+03 6.81001232e+03 3.76813139e+01
v 6.91743164e+03 6.81134095e+03 3.69823192e+01
v 6.91511812e+03 6.80426612e+03 3.52295387e+01
v 6.90776034e+03 6.81172915e+03 3.59646547e+01
v 6.91342677e+03 6.81198487e+03 3.68876746e+01
v 6.90980202e+03 6.81229922e+03 3.48959265e+01
v 6.91323691e+03 6.80835979e+03 3.54270158e+01
v 6.91399880e+03 6.80139501e+03 3.54839244e+01
v 6.91334143e+03 6.80507566e+03 3.54624859e+01
v 6.91222335e+03 6.80559728e+03 3.52254713e+01
v 6.91230190e+03 6.81057557e+03 3.60511485e+01
v 6.91188659e+03 6.81032603e+03 3.41143093e+01
v 6.90965079e+03 6.81087946e+03 3.44952203e+01
v 6.90871624e+03 6.79944612e+03 3.36881216e+01
v 6.90878435e+03 6.79820720e+03 3.31100055e+01
v 6.90967473e+03 6.80039361e+03 3.26913299e+01
v 6.91056464e+03 6.80061562e+03 3.17832233e+01
v 6.91032299e+03 6.80060369e+03 3.19140327e+01
v 6.90867598e+03 6.79784953e+03 3.15083811e+01
v 6.90990671e+03 6.79785910e+03 3.09052781e+01
v 6.91067668e+03 6.79933333e+03 3.16237619e+01
v 6.91184998e+03 6.80250307e+03 3.03609346e+01
v 6.91199565e+03 6.79905727e+03 3.19365991e+01
v 6.91117275e+03 6.80361496e+03 2.94492430e+01
v 6.90972992e+03 6.79880325e+03 3.53932701e+01
v 6.91324854e+03 6.80420822e+03 3.44341693e+01
v 6.91126332e+03 6.79443688e+03 3.24320736e+01
v 6.91781588e+03 6.79050794e+03 3.30320892e+01
v 6.91248432e+03 6.79422769e+03 3.28217787e+01
v 6.92101148e+03 6.79804756e+03 3.33598747e+01
v 6.92281472e+03 6.79822275e+03 3.31819891e+01
v 6.92300212e+03 6.79867762e+03 3.48726512e+01
v 6.93227996e+03 6.78875523e+03 3.35582718e+01
v 6.93079815e+03 6.78641482e+03 3.42517310e+01
v 6.90950748e+03 6.79057613e+03 3.79186429e+01
v 6.92303519e+03 6.79668402e+03 3.39544415e+01
v 6.92161085e+03 6.79758850e+03 3.24516857e+01
v 6.91750233e+03 6.79826628e+03 3.49017708e+01
v 6.92146480e+03 6.79912535e+03 3.41632174e+01
v 6.91366347e+03 6.80293197e+03 3.49429617e+01
v 6.91493905e+03 6.80027050e+03 3.39265645e+01
v 6.92919896e+03 6.80636203e+03 3.52301183e+01
v 6.93167726e+03 6.80437169e+03 3.46439420e+01
v 6.93028652e+03 6.80582694e+03 3.24998032e+01
v 6.92629356e+03 6.80766395e+03 3.38311492e+01
v 6.91445737e+03 6.79384036e+03 3.22944793e+01
v 6.92427114e+03 6.79311566e+03 3.17017629e+01
v 6.92175614e+03 6.79456045e+03 3.10324063e+01
v 6.92290881e+03 6.79582109e+03 3.13216342e+01
v 6.92131339e+03 6.79418730e+03 3.27201159e+01
v 6.92555754e+03 6.79149730e+03 3.08386921e+01
v 6.91710530e+03 6.79596108e+03 2.96577862e+01
v 6.93222839e+03 6.80493939e+03 3.02117903e+01
v 6.92061726e+03 6.79610370e+03 3.08800626e+01
v 6.91634672e+03 6.79814842e+03 2.89179492e+01
v 6.92126361e+03 6.79419472e+03 2.98435569e+01
v 6.91177641e+03 6.79608203e+03 3.01078707e+01
v 6.91780494e+03 6.79794550e+03 3.14403242e+01
v 6.91305156e+03 6.80202735e+03 3.03066197e+01
v 6.91469514e+03 6.80127315e+03 3.16536529e+01
v 6.93228420e+03 6.80623310e+03 3.22389278e+01
v 6.92615867e+03 6.81252451e+03 3.22276486e+01
v 6.92399870e+03 6.81248600e+03 3.13025356e+01
v 6.92363987e+03 6.81267215e+03 3.33518903e+01
v 6.92523431e+03 6.81288177e+03 3.03112646e+01
v 6.92179239e+03 6.81253529e+03 3.19800914e+01
v 6.92058039e+03 6.81215969e+03 3.28917603e+01
v 6.92255192e+03 6.81217650e+03 3.30288020e+01
v 6.92227973e+03 6.81037215e+03 3.38059972e+01
v 6.92294117e+03 6.80316936e+03 4.16183757e+01
v 6.93267455e+03 6.80479845e+03 3.69121159e+01
v 6.92320038e+03 6.75671203e+03 2.88905229e+01
v 6.91847572e+03 6.75809407e+03 2.93892143e+01
v 6.91024434e+03 6.75598032e+03 2.87546533e+01
v 6.91576374e+03 6.76652228e+03 2.94758853e+01
v 6.91328995e+03 6.76758478e+03 2.80799730e+01
v 6.91556827e+03 6.77290712e+03 2.84987991e+01
v 6.92171987e+03 6.76675964e+03 2.92983629e+01
v 6.93333979e+03 6.76875824e+03 2.87246834e+01
v 6.91876609e+03 6.76780898e+03 2.80266202e+01
v 6.93481922e+03 6.76544026e+03 2.82624979e+01
v 6.93441066e+03 6.76688759e+03 2.90185734e+01
v 6.92760585e+03 6.81220905e+03 2.88329800e+01
v 6.93161725e+03 6.80604903e+03 2.91011650e+01
v 6.93389446e+03 6.80714336e+03 2.72264641e+01
v 6.92720406e+03 6.81254101e+03 2.63956225e+01
v 6.91054266e+03 6.76637909e+03 2.95226990e+01
v 6.90775247e+03 6.77604841e+03 2.91787797e+01
v 6.90782313e+03 6.77610061e+03 2.89947215e+01
v 6.90930369e+03 6.76752431e+03 2.80890858e+01
v 6.92256338e+03 6.78488393e+03 2.52845991e+01
v 6.93301668e+03 6.75793704e+03 2.84878708e+01
v 6.92875150e+03 6.81283815e+03 2.27058186e+01
v 6.93311038e+03 6.76965320e+03 3.11045979e+01
v 6.91967026e+03 6.81112497e+03 1.78122740e+01
v 6.93686515e+03 6.80464140e+03 2.73107922e+01
v 6.93396139e+03 6.80266582e+03 3.34397768e+01
v 6.93368600e+03 6.80314524e+03 3.14560906e+01
v 6.93284242e+03 6.78889938e+03 3.21050305e+01
v 6.93781642e+03 6.78877509e+03 3.11864981e+01
v 6.93586451e+03 6.78045937e+03 2.79509241e+01
v 6.93786168e+03 6.78162445e+03 3.08932287e+01
v 6.93560798e+03 6.77053632e+03 2.78004219e+01
v 6.93636526e+03 6.75425898e+03 2.84404708e+01
v 6.93422532e+03 6.80190908e+03 3.13022149e+01
v 6.93660126e+03 6.78151020e+03 2.51694835e+01
v 6.93739988e+03 6.78209071e+03 2.47165263e+01
v 6.93466006e+03 6.75354782e+03 2.88347825e+01
v 6.93764215e+03 6.78211334e+03 2.66552314e+01
v 6.93724896e+03 6.78061029e+03 2.67603377e+01
v 6.93419312e+03 6.80519790e+03 3.33799463e+01
v 6.93306860e+03 6.80558105e+03 3.37533833e+01
v 6.93502002e+03 6.80695645e+03 1.80950542e+01
v 6.93549052e+03 6.80065737e+03 3.16853754e+01
v 6.93529716e+03 6.80003207e+03 3.31992024e+01
v 6.93767675e+03 6.80434480e+03 1.93815219e+01
v 6.93549723e+03 6.80440018e+03 1.93866880e+01
v 6.93727049e+03 6.80413791e+03 2.16045847e+01
v 6.93774160e+03 6.77931870e+03 3.15920984e+01
v 6.93658861e+03 6.75000000e+03 4.86870707e+01
v 6.93705324e+03 6.75388395e+03 4.28505716e+01
v 6.93399414e+03 6.77100048e+03 3.23010180e+01
v 6.93310630e+03 6.80215434e+03 3.63698407e+01
v 6.93310099e+03 6.80006973e+03 3.87932866e+01
v 6.93383746e+03 6.80010414e+03 3.74470627e+01
v 6.93206046e+03 6.80061424e+03 3.42502674e+01
v 6.93286627e+03 6.80161550e+03 3.40669297e+01
v 6.93572562e+03 6.79800093e+03 3.33289417e+01
v 6.93325348e+03 6.79992888e+03 3.42233288e+01
v 6.93285299e+03 6.80084700e+03 3.20109669e+01
v 6.93384678e+03 6.80059810e+03 3.39296297e+01
v 6.93562168e+03 6.79846706e+03 3.59665994e+01
v 6.93481972e+03 6.79173294e+03 3.53960239e+01
v 6.93471864e+03 6.79085910e+03 3.38296088e+01
v 6.93644443e+03 6.78944910e+03 3.29445663e+01
v 6.93633938e+03 6.78809804e+03 3.23589470e+01
v 6.93443545e+03 6.78805900e+03 3.43449268e+01
v 6.93460911e+03 6.78437246e+03 3.49852302e+01
v 6.93469712e+03 6.78486020e+03 3.69815825e+01
v 6.93365365e+03 6.78693404e+03 3.63238463e+01
v 6.93450068e+03 6.79013291e+03 3.33861947e+01
v 6.93448633e+03 6.78996666e+03 3.23300766e+01
v 6.93284004e+03 6.78983575e+03 3.29073542e+01
v 6.93641560e+03 6.80185043e+03 3.21522548e+01
v 6.93768930e+03 6.80172640e+03 3.16809143e+01
v 6.93769372e+03 6.78063747e+03 3.76746516e+01
v 6.93693494e+03 6.78124761e+03 3.52564421e+01
v 6.93335709e+03 6.77289424e+03 3.63195846e+01
v 6.93347419e+03 6.77292062e+03 3.50306447e+01
v 6.93476870e+03 6.77069500e+03 3.47545401e+01
v 6.93732317e+03 6.75375046e+03 3.87313058e+01
v 6.93697187e+03 6.77991953e+03 3.36670766e+01
v 6.93735618e+03 6.79743157e+03 3.44618972e+01
v 6.93794095e+03 6.79585168e+03 3.56900273e+01
v 6.93323595e+03 6.78392051e+03 4.11265456e+01
v 6.93451570e+03 6.78472250e+03 3.88831634e+01
v 6.93499043e+03 6.75352460e+03 4.26043221e+01
v 6.93671818e+03 6.77237199e+03 3.46892531e+01
v 6.93655523e+03 6.79955695e+03 3.26584276e+01
v 6.93700538e+03 6.79143986e+03 3.63369551e+01
v 6.93674819e+03 6.79120496e+03 3.48924517e+01
v 6.93571806e+03 6.79117485e+03 3.60206958e+01
v 6.93742538e+03 6.80311703e+03 2.84583728e+01
v 6.93599584e+03 6.77938338e+03 2.86661082e+01
v 6.93451857e+03 6.80543269e+03 2.93667573e+01
v 6.93362528e+03 6.80571138e+03 2.87696417e+01
v 6.93541421e+03 6.76831198e+03 2.82983072e+01
v 6.93553368e+03 6.80258165e+03 3.02625091e+01
v 6.93558015e+03 6.80350382e+03 2.86312086e+01
v 6.93579600e+03 6.75849202e+03 2.85260335e+01
v 6.93619200e+03 6.80589273e+03 2.43742432e+01
v 6.93320654e+03 6.80502874e+03 1.75261718e+01
v 6.93354024e+03 6.80485636e+03 3.11434455e+01
v 6.93274048e+03 6.77065969e+03 3.20370521e+01
v 6.93468193e+03 6.77123312e+03 3.08652078e+01
v 6.93668074e+03 6.78086595e+03 3.33327209e+01
v 6.93619834e+03 6.77099462e+03 3.32199871e+01
v 6.93789088e+03 6.77189657e+03 3.32668681e+01
v 6.93716706e+03 6.78295556e+03 3.24137788e+01
v 6.93569101e+03 6.78292646e+03 3.43084653e+01
v 6.93731617e+03 6.78375872e+03 3.40229730e+01
v 6.93669498e+03 6.77125099e+03 3.09995321e+01
v 6.93719259e+03 6.77051933e+03 2.97724585e+01
v 6.93523032e+03 6.77142928e+03 3.50936901e+01
v 6.93503101e+03 6.77259212e+03 3.62371305e+01
v 6.93637020e+03 6.77126510e+03 3.73125253e+01
v 6.93382489e+03 6.77459092e+03 3.88270887e+01
v 6.93628650e+03 6.78301982e+03 3.65248625e+01
v 6.93775416e+03 6.77909869e+03 3.63435244e+01
v 6.93654409e+03 6.77960006e+03 3.79360302e+01
v 6.93604730e+03 6.78170307e+03 3.68494533e+01
v 6.93695915e+03 6.78197546e+03 3.85850306e+01
v 6.93483225e+03 6.75218974e+03 4.83622938e+01
v 6.93652444e+03 6.75246615e+03 4.72595341e+01
v 6.93331592e+03 6.75382271e+03 4.68104235e+01
v 6.93486868e+03 6.75365214e+03 3.94890765e+01
v 6.93338910e+03 6.78222566e+03 4.13848440e+01
v 6.93574290e+03 6.77361341e+03 3.88724277e+01
v 6.93639921e+03 6.77418516e+03 3.98901106e+01
v 6.93710983e+03 6.77439394e+03 3.90688777e+01
v 6.93497416e+03 6.77417176e+03 4.00098403e+01
v 6.93798058e+03 6.77684757e+03 3.93084118e+01
v 6.93798370e+03 6.77393791e+03 3.91815381e+01
v 6.93676948e+03 6.77557364e+03 4.03424727e+01
v 6.93333687e+03 6.77891006e+03 3.93028072e+01
v 6.93546137e+03 6.77584122e+03 4.01482352e+01
v 6.93560492e+03 6.77788115e+03 3.86394299e+01
v 6.93318304e+03 6.77931829e+03 4.08059336e+01
v 6.93475710e+03 6.77892095e+03 3.92582420e+01
v 6.93359546e+03 6.77699659e+03 3.90982410e+01
v 6.93392579e+03 6.78142796e+03 4.05606440e+01
v 6.93496812e+03 6.78038379e+03 4.00535092e+01
v 6.93535133e+03 6.78168030e+03 3.82482695e+01
v 6.93488192e+03 6.78265489e+03 4.06669342e+01
v 6.93534074e+03 6.78236358e+03 3.97338134e+01
v 6.93611523e+03 6.78414914e+03 3.90074945e+01
v 6.93680924e+03 6.78343584e+03 3.76656646e+01
v 6.93642774e+03 6.77209950e+03 3.87805014e+01
v 6.93383398e+03 6.77298864e+03 3.79224916e+01
v 6.93497579e+03 6.78674988e+03 3.53929353e+01
v 6.93651240e+03 6.79626835e+03 3.61179337e+01
v 6.93553546e+03 6.79908865e+03 3.74927246e+01
v 6.93527480e+03 6.79555327e+03 3.74942640e+01
v 6.93469838e+03 6.79623287e+03 3.64223126e+01
v 6.93714683e+03 6.79354764e+03 3.51655997e+01
v 6.93620639e+03 6.79362282e+03 3.69132479e+01
v 6.93755137e+03 6.79486263e+03 3.52683174e+01
v 6.93566134e+03 6.79292576e+03 3.30641113e+01
v 6.93628810e+03 6.79405349e+03 3.58057877e+01
v 6.93794543e+03 6.79264381e+03 3.57309309e+01
v 6.93476861e+03 6.79199304e+03 3.62631634e+01
v 6.93780550e+03 6.79111279e+03 3.69484033e+01
v 6.93322652e+03 6.79186467e+03 3.73447023e+01
v 6.93511327e+03 6.79445756e+03 3.58064386e+01
v 6.93486141e+03 6.79427144e+03 3.78671609e+01
v 6.93341792e+03 6.79817336e+03 3.79652733e+01
v 6.93444387e+03 6.79652873e+03 3.79487409e+01
v 6.93375135e+03 6.79675855e+03 3.93505899e+01
v 6.93469653e+03 6.78606766e+03 3.76626625e+01
v 6.93500559e+03 6.79210970e+03 3.77242095e+01
v 6.93350869e+03 6.79507388e+03 3.79438284e+01
v 6.93384495e+03 6.79243643e+03 3.85699733e+01
v 6.93301967e+03 6.80242911e+03 3.87173000e+01
v 6.93235997e+03 6.80236295e+03 3.71436750e+01
v 6.93369596e+03 6.80360177e+03 3.40393894e+01
v 6.93401129e+03 6.80398139e+03 3.65652154e+01
v 6.93264026e+03 6.79142018e+03 3.37953661e+01
v 6.93448625e+03 6.80285005e+03 3.55375104e+01
v 6.93245195e+03 6.80383303e+03 3.30870813e+01
v 6.93668410e+03 6.79069068e+03 3.39061957e+01
v 6.93205197e+03 6.80003102e+03 3.37224700e+01
v 6.93794698e+03 6.78733676e+03 3.45750612e+01
v 6.93668633e+03 6.78491863e+03 3.40789020e+01
v 6.93511182e+03 6.78537800e+03 3.47647439e+01
v 6.93744925e+03 6.78625548e+03 3.38723370e+01
v 6.93569126e+03 6.78459723e+03 3.35562570e+01
v 6.93359246e+03 6.80378828e+03 2.88416190e+01
v 6.93769395e+03 6.79918913e+03 3.15371449e+01
v 6.93290605e+03 6.80688164e+03 2.94170521e+01
v 6.93599137e+03 6.80495996e+03 2.83533073e+01
v 6.93584880e+03 6.80636869e+03 2.73008947e+01
v 6.89245050e+03 6.75000000e+03 4.26957280e+01
v 6.87450001e+03 6.78776527e+03 2.61485625e+01
v 6.87450001e+03 6.78273754e+03 2.64252880e+01
v 6.87450001e+03 6.79539032e+03 2.59087634e+01
v 6.87450001e+03 6.79284764e+03 2.59899414e+01
v 6.87450001e+03 6.80259368e+03 2.56635263e+01
v 6.87450001e+03 6.80666056e+03 2.55505796e+01
v 6.87450001e+03 6.78014438e+03 2.66404640e+01
v 6.87450001e+03 6.77605592e+03 2.68740115e+01
v 6.87450001e+03 6.77378544e+03 2.72834399e+01
v 6.87450001e+03 6.77306739e+03 2.73180820e+01
v 6.87450001e+03 6.75926857e+03 2.78359833e+01
v 6.87450001e+03 6.75743747e+03 2.79310253e+01
v 6.87450001e+03 6.76503163e+03 2.75684108e+01
v 6.87450001e+03 6.75000000e+03 2.81140749e+01
v 6.87450001e+03 6.75179959e+03 2.80121741e+01
v 6.87450001e+03 6.77036890e+03 2.72596593e+01
v 6.87450001e+03 6.80999475e+03 2.55040189e+01
v 6.87450001e+03 6.76719275e+03 2.74418437e+01
v 6.93799999e+03 6.78302745e+03 3.09501474e+01
v 6.93799999e+03 6.78421954e+03 3.12072006e+01
v 6.93799999e+03 6.78500154e+03 3.28575342e+01
v 6.93799999e+03 6.78502175e+03 3.28486125e+01
v 6.93799999e+03 6.81142347e+03 1.75361866e+01
v 6.93799999e+03 6.80402340e+03 1.92418505e+01
v 6.93799999e+03 6.80483980e+03 1.90682510e+01
v 6.93799999e+03 6.75412642e+03 2.80289941e+01
v 6.93799999e+03 6.75385741e+03 3.10193008e+01
v 6.93799999e+03 6.77123189e+03 3.16314558e+01
v 6.93799999e+03 6.77110739e+03 3.13791309e+01
v 6.93799999e+03 6.78198928e+03 2.64739008e+01
v 6.93799999e+03 6.78217757e+03 2.68867325e+01
v 6.93799999e+03 6.80243134e+03 2.78684968e+01
v 6.93799999e+03 6.80280623e+03 2.71138855e+01
v 6.93799999e+03 6.80291234e+03 2.98012100e+01
v 6.93799999e+03 6.80252826e+03 2.88209202e+01
v 6.93799999e+03 6.78169909e+03 3.06363189e+01
v 6.93799999e+03 6.78213681e+03 2.72882437e+01
v 6.93799999e+03 6.77654094e+03 3.79247103e+01
v 6.93799999e+03 6.77781598e+03 3.75525330e+01
v 6.93799999e+03 6.78740975e+03 3.45904316e+01
v 6.93799999e+03 6.78732839e+03 3.45805894e+01
v 6.93799999e+03 6.79759902e+03 3.33661660e+01
v 6.93799999e+03 6.79874654e+03 3.20035039e+01
v 6.93799999e+03 6.79472631e+03 3.55384889e+01
v 6.93799999e+03 6.79507540e+03 3.58507751e+01
v 6.93799999e+03 6.77890438e+03 3.64261349e+01
v 6.93799999e+03 6.77894084e+03 3.60891687e+01
v 6.93799999e+03 6.75339205e+03 4.68435495e+01
v 6.93799999e+03 6.75368467e+03 4.67260088e+01
v 6.93799999e+03 6.80264474e+03 3.11787591e+01
v 6.93799999e+03 6.80241356e+03 3.16578511e+01
v 6.93799999e+03 6.79942627e+03 3.12915972e+01
v 6.93799999e+03 6.80024487e+03 3.15073582e+01
v 6.93799999e+03 6.80201396e+03 3.16066569e+01
v 6.93799999e+03 6.79903738e+03 3.15169813e+01
v 6.93799999e+03 6.78504813e+03 3.28591081e+01
v 6.93799999e+03 6.78664648e+03 3.36142987e+01
v 6.93799999e+03 6.78733943e+03 3.45052612e+01
v 6.93799999e+03 6.78754275e+03 3.46959772e+01
v 6.93799999e+03 6.78921574e+03 3.50739796e+01
v 6.93799999e+03 6.78881696e+03 3.52478330e+01
v 6.93799999e+03 6.79584684e+03 3.56937459e+01
v 6.93799999e+03 6.79693718e+03 3.48458452e+01
v 6.93799999e+03 6.79045148e+03 3.58734102e+01
v 6.93799999e+03 6.79082705e+03 3.67204112e+01
v 6.93799999e+03 6.79116278e+03 3.68779865e+01
v 6.93799999e+03 6.79262995e+03 3.57769160e+01
v 6.93799999e+03 6.79257228e+03 3.57779456e+01
v 6.93799999e+03 6.79743456e+03 3.45535261e+01
v 6.93799999e+03 6.79581404e+03 3.57735526e+01
v 6.93799999e+03 6.79271950e+03 3.57538855e+01
v 6.93799999e+03 6.79002929e+03 3.55010617e+01
v 6.93799999e+03 6.77241530e+03 3.72685866e+01
v 6.93799999e+03 6.77389386e+03 3.91070232e+01
v 6.93799999e+03 6.77214961e+03 3.54748713e+01
v 6.93799999e+03 6.77221949e+03 3.69060947e+01
v 6.93799999e+03 6.77401237e+03 3.91366220e+01
v 6.93799999e+03 6.77682550e+03 3.92504125e+01
v 6.93799999e+03 6.75357488e+03 4.26012105e+01
v 6.93799999e+03 6.75355233e+03 4.05888795e+01
v 6.93799999e+03 6.75254586e+03 4.72658391e+01
v 6.93799999e+03 6.75252803e+03 4.74943489e+01
v 6.93799999e+03 6.75239811e+03 4.83619402e+01
v 6.93799999e+03 6.75373950e+03 4.54806475e+01
v 6.93799999e+03 6.78499422e+03 3.28318962e+01
v 6.93799999e+03 6.77919278e+03 3.57047315e+01
v 6.93799999e+03 6.78006467e+03 3.45661139e+01
v 6.93799999e+03 6.75336477e+03 3.73569577e+01
v 6.93799999e+03 6.75353689e+03 3.84856961e+01
v 6.93799999e+03 6.77069341e+03 3.01880758e+01
v 6.93799999e+03 6.77228538e+03 3.51449203e+01
v 6.93799999e+03 6.77163710e+03 3.43801743e+01
v 6.93799999e+03 6.77180347e+03 3.34172815e+01
v 6.93799999e+03 6.77053131e+03 2.94633095e+01
v 6.93799999e+03 6.77183472e+03 3.32393077e+01
v 6.93799999e+03 6.78097612e+03 3.20002374e+01
v 6.93799999e+03 6.78127663e+03 3.19375040e+01
v 6.93799999e+03 6.78039293e+03 3.17616908e+01
v 6.93799999e+03 6.78131174e+03 3.13661559e+01
v 6.93799999e+03 6.75370758e+03 3.25793826e+01
v 6.93799999e+03 6.80616632e+03 1.82444472e+01
v 6.93799999e+03 6.76072607e+03 2.77005983e+01
v 6.93799999e+03 6.76551417e+03 2.76073865e+01
v 6.93799999e+03 6.78190549e+03 2.48537128e+01
v 6.93799999e+03 6.75714515e+03 2.80203181e+01
v 6.93799999e+03 6.75841695e+03 2.80055689e+01
v 6.93799999e+03 6.77055248e+03 2.81155273e+01
v 6.93799999e+03 6.80370712e+03 1.95258261e+01
v 6.93799999e+03 6.80717972e+03 1.77157098e+01
v 6.93799999e+03 6.78136886e+03 2.51833405e+01
v 6.93799999e+03 6.75853839e+03 2.78419716e+01
v 6.93799999e+03 6.77017395e+03 2.76659339e+01
v 6.93799999e+03 6.76876318e+03 2.79707799e+01
v 6.93799999e+03 6.76716784e+03 2.79067024e+01
v 6.93799999e+03 6.78014449e+03 2.67755007e+01
v 6.93799999e+03 6.78010015e+03 2.72561181e+01
v 6.93799999e+03 6.78132221e+03 2.77297456e+01
v 6.93799999e+03 6.77856044e+03 3.01523514e+01
v 6.93799999e+03 6.77912904e+03 3.15747007e+01
v 6.93799999e+03 6.79743478e+03 3.40122652e+01
v 6.93799999e+03 6.77163348e+03 3.26539328e+01
v 6.93799999e+03 6.75365260e+03 4.61876594e+01
v 6.93799999e+03 6.75366144e+03 4.64282103e+01
v 6.93799999e+03 6.75383921e+03 3.60412391e+01
v 6.93799999e+03 6.75380683e+03 3.92042566e+01
v 6.93799999e+03 6.75056717e+03 4.86200473e+01
v 6.93799999e+03 6.77959852e+03 3.39991483e+01
v 6.93799999e+03 6.77934863e+03 3.23884545e+01
v 6.93799999e+03 6.77903006e+03 2.86634309e+01
v 6.93799999e+03 6.80183829e+03 2.11238514e+01
v 6.93799999e+03 6.80315040e+03 2.08533659e+01
v 6.93799999e+03 6.80288954e+03 2.40251698e+01
v 6.93799999e+03 6.75000000e+03 4.86916759e+01
v 6.87775322e+03 6.81299999e+03 2.55567618e+01
v 6.87599236e+03 6.81299999e+03 2.54244699e+01
v 6.87863038e+03 6.81299999e+03 2.63654542e+01
v 6.87852122e+03 6.81299999e+03 2.56600863e+01
v 6.87928527e+03 6.81299999e+03 2.77518826e+01
v 6.87838535e+03 6.81299999e+03 2.71815879e+01
v 6.87930480e+03 6.81299999e+03 2.82162984e+01
v 6.87953100e+03 6.81299999e+03 2.91119517e+01
v 6.88034382e+03 6.81299999e+03 2.95526503e+01
v 6.88053454e+03 6.81299999e+03 3.17290145e+01
v 6.88179576e+03 6.81299999e+03 3.17092223e+01
v 6.87968842e+03 6.81299999e+03 3.04047169e+01
v 6.88206808e+03 6.81299999e+03 3.23767779e+01
v 6.88013915e+03 6.81299999e+03 2.99118883e+01
v 6.90634747e+03 6.81299999e+03 3.76804243e+01
v 6.90675949e+03 6.81299999e+03 3.65347899e+01
v 6.90076464e+03 6.81299999e+03 3.87858596e+01
v 6.90069611e+03 6.81299999e+03 3.81320558e+01
v 6.89425496e+03 6.81299999e+03 3.10920690e+01
v 6.89585019e+03 6.81299999e+03 3.30629273e+01
v 6.88858061e+03 6.81299999e+03 2.60816287e+01
v 6.89189587e+03 6.81299999e+03 2.50071693e+01
v 6.89390321e+03 6.81299999e+03 2.52717780e+01
v 6.89280556e+03 6.81299999e+03 2.54682882e+01
v 6.89483667e+03 6.81299999e+03 2.48819571e+01
v 6.89236596e+03 6.81299999e+03 2.48308456e+01
v 6.88777547e+03 6.81299999e+03 2.65342118e+01
v 6.88512420e+03 6.81299999e+03 2.63783679e+01
v 6.88374613e+03 6.81299999e+03 2.89858998e+01
v 6.88521123e+03 6.81299999e+03 2.63184364e+01
v 6.88517713e+03 6.81299999e+03 2.63174600e+01
v 6.89430744e+03 6.81299999e+03 3.07570361e+01
v 6.89425115e+03 6.81299999e+03 3.10323157e+01
v 6.90609452e+03 6.81299999e+03 4.00943416e+01
v 6.90510326e+03 6.81299999e+03 4.01157543e+01
v 6.89513182e+03 6.81299999e+03 2.68501833e+01
v 6.89471774e+03 6.81299999e+03 2.90569172e+01
v 6.89433011e+03 6.81299999e+03 3.07032825e+01
v 6.89415953e+03 6.81299999e+03 2.95720555e+01
v 6.88347993e+03 6.81299999e+03 3.09842102e+01
v 6.88319041e+03 6.81299999e+03 3.18548514e+01
v 6.88328877e+03 6.81299999e+03 2.97357606e+01
v 6.88292314e+03 6.81299999e+03 3.21912626e+01
v 6.90124702e+03 6.81299999e+03 3.42707281e+01
v 6.89900664e+03 6.81299999e+03 3.47336131e+01
v 6.90245215e+03 6.81299999e+03 3.41840941e+01
v 6.89652761e+03 6.81299999e+03 3.46659166e+01
v 6.89682474e+03 6.81299999e+03 3.48624826e+01
v 6.90616687e+03 6.81299999e+03 3.86141410e+01
v 6.90634700e+03 6.81299999e+03 3.89283664e+01
v 6.90416453e+03 6.81299999e+03 4.01571502e+01
v 6.90297693e+03 6.81299999e+03 4.08703340e+01
v 6.90104382e+03 6.81299999e+03 3.72466524e+01
v 6.90197140e+03 6.81299999e+03 3.84553344e+01
v 6.90280413e+03 6.81299999e+03 3.90706940e+01
v 6.90629655e+03 6.81299999e+03 3.85650563e+01
v 6.90072281e+03 6.81299999e+03 3.90390203e+01
v 6.90158346e+03 6.81299999e+03 3.84215715e+01
v 6.90692323e+03 6.81299999e+03 4.01218128e+01
v 6.89519079e+03 6.81299999e+03 2.51729199e+01
v 6.89562136e+03 6.81299999e+03 2.62497054e+01
v 6.89567359e+03 6.81299999e+03 2.60294372e+01
v 6.90203151e+03 6.81299999e+03 3.51382335e+01
v 6.90270065e+03 6.81299999e+03 4.02625294e+01
v 6.92871522e+03 6.81299999e+03 2.30023857e+01
v 6.92867162e+03 6.81299999e+03 2.28076437e+01
v 6.92821323e+03 6.81299999e+03 2.48587645e+01
v 6.92759322e+03 6.81299999e+03 2.59458608e+01
v 6.92541173e+03 6.81299999e+03 1.88219992e+01
v 6.92583207e+03 6.81299999e+03 1.79491714e+01
v 6.92729889e+03 6.81299999e+03 2.62959685e+01
v 6.92877328e+03 6.81299999e+03 2.25874848e+01
v 6.92725187e+03 6.81299999e+03 2.73996384e+01
v 6.92749695e+03 6.81299999e+03 2.66706976e+01
v 6.92692351e+03 6.81299999e+03 3.01507766e+01
v 6.92653429e+03 6.81299999e+03 3.01962441e+01
v 6.92699788e+03 6.81299999e+03 3.00950323e+01
v 6.92748194e+03 6.81299999e+03 2.90675441e+01
v 6.92690568e+03 6.81299999e+03 3.03163023e+01
v 6.92731685e+03 6.81299999e+03 3.22141083e+01
v 6.91225226e+03 6.81299999e+03 3.59627784e+01
v 6.91348402e+03 6.81299999e+03 3.69656180e+01
v 6.90965863e+03 6.81299999e+03 3.50581099e+01
v 6.91192717e+03 6.81299999e+03 3.57927756e+01
v 6.92067956e+03 6.81299999e+03 3.46806259e+01
v 6.92168405e+03 6.81299999e+03 3.34919484e+01
v 6.92043820e+03 6.81299999e+03 3.46682188e+01
v 6.92042323e+03 6.81299999e+03 3.49310702e+01
v 6.92342995e+03 6.81299999e+03 3.45564021e+01
v 6.92314232e+03 6.81299999e+03 3.48629719e+01
v 6.92116711e+03 6.81299999e+03 3.34587935e+01
v 6.92388060e+03 6.81299999e+03 3.34760519e+01
v 6.92398454e+03 6.81299999e+03 3.31516086e+01
v 6.92469092e+03 6.81299999e+03 3.17195013e+01
v 6.92435257e+03 6.81299999e+03 3.17160215e+01
v 6.92462530e+03 6.81299999e+03 3.23590583e+01
v 6.92503124e+03 6.81299999e+03 3.10838544e+01
v 6.92580510e+03 6.81299999e+03 3.23247801e+01
v 6.92509006e+03 6.81299999e+03 3.18887406e+01
v 6.91201486e+03 6.81299999e+03 3.56899659e+01
v 6.91216492e+03 6.81299999e+03 3.58740659e+01
v 6.90876000e+03 6.81299999e+03 3.58132487e+01
v 6.90851846e+03 6.81299999e+03 3.59649744e+01
v 6.91536708e+03 6.81299999e+03 3.70209541e+01
v 6.91453478e+03 6.81299999e+03 3.69517648e+01
v 6.91824369e+03 6.81299999e+03 3.71631348e+01
v 6.91880379e+03 6.81299999e+03 3.64496047e+01
v 6.92015440e+03 6.81299999e+03 3.51970626e+01
v 6.91663379e+03 6.81299999e+03 3.72376932e+01
v 6.91693588e+03 6.81299999e+03 3.74564008e+01
v 6.91620801e+03 6.81299999e+03 3.72757705e+01
v 6.90678239e+03 6.81299999e+03 3.61503210e+01
v 6.90693358e+03 6.81299999e+03 3.64446850e+01
v 6.92785930e+03 6.81299999e+03 1.78146428e+01
v 6.92982892e+03 6.81299999e+03 1.78604820e+01
v 6.92647082e+03 6.81299999e+03 2.00232816e+01
v 6.92621204e+03 6.81299999e+03 1.77453521e+01
v 6.92153593e+03 6.81299999e+03 3.30063264e+01
v 6.93611451e+03 6.81299999e+03 1.77035366e+01
v 6.87471861e+03 6.81299999e+03 2.54383858e+01
v 6.87450001e+03 6.81299999e+03 2.54407741e+01
v 6.93738571e+03 6.81299999e+03 1.75457446e+01
v 6.93799999e+03 6.81299999e+03 1.75265332e+01
vt 0.068085939 0.87233341
vt 0.065370351 0.89031744
vt 0.040292889 0.90160519
vt 0.036712699 0.82328731
vt 0.059947021 0.90455174
vt 0.077011578 0.83974594
vt 0.0038292941 0.85927731
vt 0.053964693 0.92209113
vt 0.063697062 0.81810665
vt 0.090838872 0.86013204
vt 0.0038224321 0.83941233
vt 0.0038488149 0.91555476
vt 0.051185731 0.93224424
vt 0.06556391 0.76749361
vt 0.080650903 0.81775326
vt 0.096969254 0.83265901
vt 0.0038087349 0.79970545
vt 0.021256046 0.97036493
vt 0.041950755 0.96825075
vt 0.076629452 0.79262787
vt 0.054697916 0.71609223
vt 0.0038597016 0.94732785
vt 0.085972153 0.76970208
vt 0.096054763 0.73078132
vt 0.0037945542 0.76042521
vt 0.0038683841 0.97337657
vt 0.02929163 0.99684674
vt 0.085374445 0.75613368
vt 0.12177419 0.63995278
vt 0.027586104 0.6999321
vt 0.015535486 0.99685162
vt 0.035291094 0.99684447
vt 0.10632965 0.76405424
vt 0.14013603 0.67476529
vt 0.042925213 0.64982903
vt 0.10242942 0.75166816
vt 0.0037868582 0.74016523
vt 0.0055841878 0.99685484
vt 0.15581024 0.66014671
vt 0.1421268 0.72473341
vt 0.085362881 0.55867451
vt 0.10651775 0.73680377
vt 0.0037752816 0.70822316
vt 0.014753081 0.639979
vt 0.0038763224 0.99685538
vt 0.15651138 0.63068342
vt 0.16170348 0.67176837
vt 0.11693765 0.74786413
vt 0.15284404 0.68464947
vt 0.12418657 0.60608143
vt 0.026692517 0.56870794
vt 0.0037673789 0.69048357
vt 0.16850002 0.64987779
vt 0.1600972 0.62096572
vt 0.15501946 0.67766535
vt 0.14139086 0.75081497
vt 0.15181828 0.71171606
vt 0.13382909 0.61559486
vt 0.12298231 0.56855214
vt 0.021380603 0.50465012
vt 0.0037653791 0.68487358
vt 0.0037277318 0.57706791
vt 0.19476259 0.64058101
vt 0.18018647 0.62763083
vt 0.14519392 0.60816711
vt 0.1650575 0.73830593
vt 0.12600045 0.75977767
vt 0.16920243 0.6920042
vt 0.17026299 0.72057372
vt 0.14686784 0.57079434
vt 0.12283945 0.54171026
vt 0.10969514 0.50462079
vt 0.0037225974 0.56276202
vt 0.0037588584 0.66379172
vt 0.0037437254 0.62209296
vt 0.20130613 0.60267752
vt 0.16315891 0.57571405
vt 0.16343552 0.75282276
vt 0.12684602 0.77107096
vt 0.16433699 0.70361966
vt 0.13547148 0.55729932
vt 0.0037079027 0.5187155
vt 0.0037498609 0.63897729
vt 0.19080052 0.62528694
vt 0.18598877 0.74178672
vt 0.1554939 0.77110338
vt 0.14982666 0.7899251
vt 0.17888802 0.71254265
vt 0.15449157 0.55614966
vt 0.13773911 0.52465516
vt 0.1467945 0.54448605
vt 0.0037028119 0.50465572
vt 0.1904275 0.57521415
vt 0.19940943 0.62050515
vt 0.18173672 0.7282033
vt 0.13799243 0.79409868
vt 0.1876886 0.71830344
vt 0.1844275 0.56226903
vt 0.13381054 0.50460911
vt 0.21453439 0.5672859
vt 0.21130532 0.6307646
vt 0.13543922 0.81560075
vt 0.19489042 0.70412606
vt 0.17447409 0.54737842
vt 0.13555256 0.57061291
vt 0.24887717 0.6233952
vt 0.22430748 0.62975836
vt 0.20096695 0.71242487
vt 0.14570695 0.8134284
vt 0.18810315 0.52802205
vt 0.19149704 0.54507208
vt 0.21208151 0.56056035
vt 0.24239993 0.56612086
vt 0.21902779 0.64090282
vt 0.22885649 0.71530521
vt 0.22457527 0.54943168
vt 0.26913098 0.56993508
vt 0.21863723 0.69878685
vt 0.20147558 0.53007948
vt 0.21188727 0.54522204
vt 0.26006636 0.54852188
vt 0.25845549 0.56003571
vt 0.29264182 0.62220097
vt 0.23121825 0.65760523
vt 0.24250849 0.70275754
vt 0.23789673 0.53214067
vt 0.28296912 0.55128467
vt 0.28532204 0.63252234
vt 0.30530348 0.55868042
vt 0.28309765 0.65709186
vt 0.22034901 0.65030444
vt 0.25376353 0.69268608
vt 0.21769026 0.52771294
vt 0.26234132 0.53025192
vt 0.30679598 0.64193964
vt 0.27565295 0.64147735
vt 0.31631589 0.61536944
vt 0.24645667 0.66236657
vt 0.20827475 0.65988475
vt 0.24391454 0.67519701
vt 0.31999108 0.53315353
vt 0.33067095 0.57342726
vt 0.26833329 0.66319776
vt 0.21628059 0.68673885
vt 0.28188601 0.53619963
vt 0.33421001 0.54843724
vt 0.32611266 0.63362795
vt 0.34240785 0.63411272
vt 0.29570735 0.68537837
vt 0.3222065 0.65878224
vt 0.20324272 0.67317903
vt 0.2829732 0.69321907
vt 0.27444062 0.52082926
vt 0.33814332 0.53124672
vt 0.30819291 0.52713513
vt 0.34727925 0.56777549
vt 0.36983702 0.58660603
vt 0.31559727 0.66506916
vt 0.33790478 0.6500079
vt 0.27080542 0.70597637
vt 0.35962898 0.53012753
vt 0.31757155 0.52164966
vt 0.36107194 0.55267406
vt 0.37596834 0.62340963
vt 0.315052 0.68972206
vt 0.33494228 0.66228819
vt 0.39964762 0.58047616
vt 0.35134673 0.63425452
vt 0.32460675 0.68351358
vt 0.36269149 0.66118234
vt 0.37245277 0.54005897
vt 0.38418999 0.55696797
vt 0.40247148 0.63358951
vt 0.37264672 0.63546783
vt 0.32378557 0.69911015
vt 0.34957948 0.64367759
vt 0.39332119 0.54080689
vt 0.41381985 0.54908681
vt 0.3940694 0.63994586
vt 0.41393599 0.63670003
vt 0.34534276 0.67533606
vt 0.38908222 0.64841533
vt 0.45164645 0.58113885
vt 0.4082967 0.64029479
vt 0.42932016 0.63884509
vt 0.35358968 0.68721592
vt 0.3248316 0.67737734
vt 0.4089863 0.52987951
vt 0.42958382 0.53178573
vt 0.42365938 0.64976871
vt 0.36827523 0.68994999
vt 0.3464871 0.70471919
vt 0.45538446 0.53394103
vt 0.47498816 0.62513041
vt 0.43647629 0.64242852
vt 0.36620167 0.70047438
vt 0.46088558 0.56651485
vt 0.49984172 0.6257019
vt 0.38272336 0.69485784
vt 0.48703748 0.53777146
vt 0.48260036 0.57084358
vt 0.49984437 0.63862026
vt 0.49982914 0.58829433
vt 0.47179601 0.63643622
vt 0.49982169 0.57025313
vt 0.49984807 0.65108383
vt 0.49982285 0.57120252
vt 0.47964364 0.64756417
vt 0.46343607 0.65105444
vt 0.49981841 0.5603171
vt 0.49981073 0.53673315
vt 0.49985322 0.66210651
vt 0.48116571 0.6649431
vt 0.51055259 0.57061291
vt 0.49798229 0.56855214
vt 0.51047146 0.55729932
vt 0.1590098 0.98697591
vt 0.15206949 0.97652787
vt 0.16160528 0.95762265
vt 0.19467968 0.97962409
vt 0.11620858 0.98539293
vt 0.19986777 0.9576093
vt 0.11801954 0.95763671
vt 0.23992512 0.95759606
vt 0.10669202 0.96855974
vt 0.20357464 0.98780644
vt 0.066024639 0.95765442
vt 0.22274068 0.98510474
vt 0.067011401 0.96564412
vt 0.24146822 0.98113525
vt 0.28523177 0.98310465
vt 0.28682107 0.95758039
vt 0.24807119 0.99220604
vt 0.33648193 0.95756614
vt 0.33470017 0.9821161
vt 0.31519374 0.99116349
vt 0.2953541 0.9962399
vt 0.48130256 0.84114695
vt 0.485479 0.82802564
vt 0.50472873 0.83520478
vt 0.49094856 0.86283696
vt 0.45986021 0.82846403
vt 0.48167208 0.86853188
vt 0.46762374 0.82167876
vt 0.46612501 0.87470901
vt 0.48526549 0.91405451
vt 0.44069818 0.87351274
vt 0.46841756 0.89824533
vt 0.47514907 0.92159039
vt 0.45225081 0.88020486
vt 0.4318077 0.86008155
vt 0.45236757 0.89123869
vt 0.44005111 0.8815546
vt 0.41736928 0.87211478
vt 0.45778885 0.90544671
vt 0.42848033 0.88182294
vt 0.43804124 0.88790727
vt 0.41681248 0.88179159
vt 0.41761425 0.88705188
vt 0.41644788 0.9008947
vt 0.43790084 0.90089244
vt 0.41587991 0.92105311
vt 0.40741837 0.909536
vt 0.4312841 0.91601354
vt 0.41276827 0.89288759
vt 0.44575563 0.91429007
vt 0.42376781 0.92806077
vt 0.39574292 0.89722681
vt 0.43914992 0.92686647
vt 0.41333142 0.93129933
vt 0.39613983 0.90899354
vt 0.44721234 0.92451227
vt 0.40516225 0.92147893
vt 0.42246792 0.93844599
vt 0.43786931 0.93195766
vt 0.39379045 0.91993582
vt 0.45644149 0.91829199
vt 0.445014 0.93551099
vt 0.43443027 0.9441554
vt 0.41294432 0.94888675
vt 0.46000543 0.92515206
vt 0.45908302 0.93152922
vt 0.42372021 0.94925404
vt 0.39960906 0.9482609
vt 0.44230711 0.94347972
vt 0.41096726 0.91828465
vt 0.45579627 0.93776274
vt 0.42281228 0.96326959
vt 0.40514383 0.95871681
vt 0.40082625 0.93358165
vt 0.45628154 0.94378215
vt 0.43542883 0.95733106
vt 0.39233169 0.96104842
vt 0.38092849 0.94196731
vt 0.40030721 0.92420095
vt 0.45312124 0.95518684
vt 0.43291655 0.97488844
vt 0.40165797 0.96664941
vt 0.38972509 0.94606841
vt 0.39179689 0.92427331
vt 0.44760004 0.97143108
vt 0.42546842 0.97842044
vt 0.44379991 0.97868073
vt 0.41421282 0.9750753
vt 0.38228676 0.9551276
vt 0.38733834 0.97810411
vt 0.38196906 0.92724019
vt 0.45951137 0.95898199
vt 0.43863085 0.99058932
vt 0.39737266 0.97884321
vt 0.37985814 0.96707416
vt 0.3725073 0.93003237
vt 0.38872281 0.91162652
vt 0.41476026 0.98129183
vt 0.4279865 0.98351038
vt 0.44867513 0.99221081
vt 0.37242711 0.93896604
vt 0.36384204 0.92303264
vt 0.37782669 0.91439962
vt 0.41320455 0.98618799
vt 0.4237197 0.99579054
vt 0.45913652 0.97881228
vt 0.40018263 0.98566145
vt 0.36792442 0.94077915
vt 0.35998484 0.93468773
vt 0.37870488 0.89813316
vt 0.44901711 0.97100866
vt 0.36268046 0.91541421
vt 0.35344034 0.92764997
vt 0.36983043 0.90579832
vt 0.41463599 0.99398643
vt 0.36485609 0.8928147
vt 0.3511799 0.91219211
vt 0.3469747 0.92849082
vt 0.35641491 0.90780336
vt 0.33592904 0.91536254
vt 0.34801859 0.90574479
vt 0.33175409 0.92205757
vt 0.33714104 0.90806162
vt 0.32221687 0.92390412
vt 0.32952899 0.90710604
vt 0.31704643 0.91916621
vt 0.33998662 0.89186138
vt 0.31203419 0.90017712
vt 0.32522595 0.89786065
vt 0.29952946 0.91241872
vt 0.32859111 0.88501531
vt 0.29017568 0.90130216
vt 0.2918129 0.92053789
vt 0.34030518 0.88496792
vt 0.28839052 0.88765353
vt 0.31282079 0.89233977
vt 0.27159932 0.89347261
vt 0.30493158 0.88694042
vt 0.28501511 0.91695493
vt 0.31833223 0.8840512
vt 0.28084162 0.87830561
vt 0.27152854 0.90623516
vt 0.30741274 0.87338161
vt 0.27846372 0.93200803
vt 0.25841078 0.88640219
vt 0.26352015 0.90662038
vt 0.26636952 0.92042458
vt 0.25369385 0.89795107
vt 0.2611568 0.87379009
vt 0.29046944 0.86635798
vt 0.26705712 0.93403286
vt 0.26371869 0.86687338
vt 0.28152665 0.85782921
vt 0.25399345 0.91006434
vt 0.2638137 0.92941743
vt 0.25491866 0.91267443
vt 0.25457829 0.9117738
vt 0.25971895 0.92410785
vt 0.26463145 0.86104208
vt 0.15082626 0.93358165
vt 0.14179687 0.92427331
vt 0.15551847 0.92170703
vt 0.14340191 0.91507357
vt 0.67906994 0.81400281
vt 0.6826064 0.82669103
vt 0.67179102 0.83308649
vt 0.66609043 0.82075137
vt 0.69456083 0.8186751
vt 0.68154567 0.85645998
vt 0.70854056 0.81958109
vt 0.69855613 0.84386295
vt 0.70946872 0.78618526
vt 0.72432154 0.90622306
vt 0.72203022 0.82015926
vt 0.68155712 0.90911126
vt 0.71979338 0.85290647
vt 0.72609216 0.79962009
vt 0.67959964 0.93580151
vt 0.67255527 0.89069039
vt 0.70439839 0.83842826
vt 0.72897637 0.8746013
vt 0.72945416 0.81814432
vt 0.72958469 0.84481871
vt 0.72455239 0.97029984
vt 0.67266154 0.92797661
vt 0.67238778 0.89820969
vt 0.67317671 0.87605393
vt 0.72908401 0.90337712
vt 0.73816597 0.80429786
vt 0.72926259 0.93445081
vt 0.68739301 0.9751913
vt 0.66477525 0.9138692
vt 0.66248202 0.9331913
vt 0.65781319 0.90185994
vt 0.67437106 0.8457793
vt 0.72884041 0.9736917
vt 0.67506075 0.95915067
vt 0.67356616 0.90599096
vt 0.66365093 0.94612575
vt 0.65550005 0.90962976
vt 0.64099997 0.90032208
vt 0.67089748 0.86393934
vt 0.67162585 0.97149462
vt 0.65350473 0.94085264
vt 0.654378 0.88300586
vt 0.65350318 0.86961436
vt 0.64126474 0.93024033
vt 0.66063851 0.92075044
vt 0.64085877 0.86867803
vt 0.65135664 0.94910169
vt 0.63295883 0.91133803
vt 0.63448429 0.87943637
vt 0.64063025 0.95668405
vt 0.63336009 0.93977112
vt 0.63683975 0.90052146
vt 0.63287139 0.85743117
vt 0.64673334 0.96873134
vt 0.61838943 0.94070303
vt 0.61776024 0.9086706
vt 0.61614096 0.90089005
vt 0.62807548 0.87710214
vt 0.63188452 0.96538675
vt 0.61330044 0.9161244
vt 0.61675119 0.88614333
vt 0.61400342 0.8695308
vt 0.64292979 0.97838044
vt 0.60702217 0.97322822
vt 0.60017115 0.91829443
vt 0.6011644 0.88467765
vt 0.63220781 0.97726673
vt 0.60795474 0.954171
vt 0.59989089 0.94798321
vt 0.60056305 0.86338526
vt 0.60304171 0.98398674
vt 0.59859145 0.96749026
vt 0.59240782 0.95276594
vt 0.59179568 0.89714849
vt 0.5951224 0.8849659
vt 0.59044111 0.92421257
vt 0.59169883 0.91000015
vt 0.5875743 0.86651307
vt 0.58904159 0.96876562
vt 0.57229364 0.94514012
vt 0.56014335 0.92098337
vt 0.57188344 0.90207535
vt 0.57625115 0.87852299
vt 0.59270489 0.84207904
vt 0.59151298 0.98373097
vt 0.57235235 0.93442577
vt 0.55997175 0.90027577
vt 0.57253546 0.86015874
vt 0.60396987 0.83187282
vt 0.57544869 0.97486907
vt 0.55999804 0.96389198
vt 0.55844343 0.88657099
vt 0.56036067 0.87014669
vt 0.5906992 0.82326126
vt 0.57073653 0.83550131
vt 0.57531101 0.98673582
vt 0.55085695 0.9100911
vt 0.55088025 0.88806194
vt 0.56803644 0.97907197
vt 0.55089146 0.93187129
vt 0.5645774 0.83413231
vt 0.56004471 0.99002111
vt 0.55205834 0.95270997
vt 0.53071785 0.91134077
vt 0.53492713 0.93784678
vt 0.54685444 0.87360728
vt 0.5504685 0.85864007
vt 0.55224037 0.97661412
vt 0.55039364 0.96282762
vt 0.53846312 0.95294988
vt 0.53824842 0.92028302
vt 0.53466767 0.89856493
vt 0.51851362 0.88874406
vt 0.55749917 0.82688898
vt 0.54936343 0.98723042
vt 0.52701712 0.96213895
vt 0.5285368 0.920569
vt 0.51880234 0.90775806
vt 0.51783711 0.95634317
vt 0.51790005 0.9275232
vt 0.52555537 0.87959832
vt 0.54187721 0.8209101
vt 0.53060222 0.98236984
vt 0.51831371 0.97887903
vt 0.51835388 0.85726446
vt 0.53472131 0.8613683
vt 0.53788221 0.84010351
vt 0.51959133 0.99623376
vt 0.51073784 0.91880482
vt 0.51021963 0.89865553
vt 0.50882232 0.87368572
vt 0.52217591 0.83827972
vt 0.5102821 0.96976054
vt 0.51003081 0.88823617
vt 0.51016927 0.94043362
vt 0.50982493 0.84805989
vt 0.53477687 0.85326648
vt 0.52290303 0.82508481
vt 0.52788472 0.84157926
vt 0.51036662 0.98283392
vt 0.51101512 0.96036363
vt 0.52708292 0.84349912
vt 0.50707453 0.83064872
vt 0.52668601 0.84370673
vt 0.52819645 0.84268969
vt 0.50484705 0.99164599
vt 0.52596098 0.84347403
vt 0.8092553 0.82716453
vt 0.79749143 0.81437111
vt 0.82335931 0.81348681
vt 0.83733308 0.81472445
vt 0.79698873 0.83952785
vt 0.81990802 0.86851633
vt 0.77925158 0.81757236
vt 0.83225393 0.86328572
vt 0.77259135 0.86637884
vt 0.7657066 0.81357616
vt 0.84401822 0.8252399
vt 0.82406652 0.90212113
vt 0.80118179 0.89282513
vt 0.84717083 0.85997152
vt 0.84482056 0.89610672
vt 0.75309139 0.83405924
vt 0.77764577 0.89902794
vt 0.85435379 0.85360402
vt 0.83472943 0.92084718
vt 0.75314873 0.84623855
vt 0.7529875 0.81074226
vt 0.75845057 0.89324331
vt 0.79051936 0.92842638
vt 0.85921597 0.82364023
vt 0.88085896 0.86786008
vt 0.86438531 0.89636225
vt 0.85183048 0.91755772
vt 0.75312412 0.87255043
vt 0.76053584 0.92456871
vt 0.75328624 0.88335788
vt 0.77675372 0.92309248
vt 0.88183755 0.84135401
vt 0.88244885 0.88325512
vt 0.80116409 0.94003409
vt 0.86545646 0.93052071
vt 0.75324547 0.92320037
vt 0.753236 0.89173794
vt 0.75323915 0.95054948
vt 0.88009745 0.82339585
vt 0.8828854 0.91495699
vt 0.88084298 0.89335227
vt 0.82132721 0.9332903
vt 0.7897495 0.95473194
vt 0.86051142 0.93871808
vt 0.75324214 0.90782255
vt 0.75320697 0.94500071
vt 0.75315154 0.89682591
vt 0.75323755 0.95237827
vt 0.84271586 0.95770901
vt 0.8146295 0.95281154
vt 0.75323153 0.95462334
vt 0.80346388 0.95597428
vt 0.88199943 0.93721944
vt 0.87762207 0.94774687
vt 0.83624572 0.96710443
vt 0.88096762 0.95722771
vt 0.86832368 0.95955873
vt 0.840137 0.97576272
vt 0.88269007 0.96791774
vt 0.88166958 0.98104364
vt 0.85865349 0.98099643
vt 0.8593334 0.99261481
vt 0.84021956 0.995929
vt 0.87894511 0.99074674
vt 0.21110643 0.80392349
vt 0.19571759 0.7788865
vt 0.20527257 0.77171576
vt 0.22699466 0.79144174
vt 0.19234546 0.80392349
vt 0.20022602 0.75431502
vt 0.23113528 0.76867032
vt 0.21515435 0.74483156
vt 0.24746831 0.79577368
vt 0.19699651 0.74411917
vt 0.23177782 0.73496401
vt 0.23938112 0.80175096
vt 0.26002654 0.7747035
vt 0.25992438 0.7357921
vt 0.27484521 0.79653049
vt 0.27115211 0.74759769
vt 0.27477571 0.7766068
vt 0.28789717 0.79234916
vt 0.29491174 0.75415492
vt 0.30257511 0.78548294
vt 0.29737055 0.79423392
vt 0.3176119 0.75880057
vt 0.31757054 0.78437221
vt 0.31926966 0.75183105
vt 0.32675147 0.7761476
vt 0.32898682 0.74382353
vt 0.3332921 0.78608286
vt 0.34453115 0.76092088
vt 0.33141091 0.79659069
vt 0.35296571 0.78159976
vt 0.34030488 0.74659759
vt 0.34840012 0.80904722
vt 0.35632005 0.78837466
vt 0.35569251 0.75805169
vt 0.36726609 0.79092956
vt 0.37214553 0.776636
vt 0.36237916 0.79594761
vt 0.36099267 0.80529779
vt 0.54182708 0.77354991
vt 0.53312361 0.79895979
vt 0.50721371 0.79698867
vt 0.51810265 0.77859151
vt 0.5256412 0.8015008
vt 0.50039816 0.76602364
vt 0.49068281 0.79333895
vt 0.52881593 0.74921781
vt 0.4821547 0.77902997
vt 0.50215471 0.73823822
vt 0.48087737 0.76295638
vt 0.4754962 0.80290401
vt 0.49583402 0.73770678
vt 0.52594024 0.74040073
vt 0.45871803 0.80302322
vt 0.46805698 0.80786639
vt 0.44744036 0.80064666
vt 0.47539756 0.73586571
vt 0.44925696 0.77713752
vt 0.46026388 0.74107671
vt 0.43796268 0.79607964
vt 0.44259301 0.7609902
vt 0.45079038 0.75118446
vt 0.43636528 0.78769791
vt 0.4273718 0.76223785
vt 0.4315941 0.78202844
vt 0.42221883 0.80034137
vt 0.39541903 0.77949482
vt 0.39536133 0.75636184
vt 0.38385016 0.76986843
vt 0.41518164 0.74920231
vt 0.38722423 0.7745772
vt 0.38133609 0.75291568
vt 0.41169018 0.73136741
vt 0.38620108 0.78264439
vt 0.40309942 0.72103089
vt 0.3871319 0.78529394
vt 0.37837616 0.74768913
vt 0.38633829 0.78307784
vt 0.39187917 0.72187752
vt 0.38667989 0.78520012
vt 0.37805936 0.74597925
vt 0.89278531 0.7458747
vt 0.88808918 0.76375979
vt 0.88359094 0.74383712
vt 0.86568904 0.74387372
vt 0.87206995 0.75727123
vt 0.88154852 0.76913273
vt 0.85252386 0.7518267
vt 0.86372966 0.76253384
vt 0.8554728 0.77196884
vt 0.83838493 0.76269335
vt 0.87091428 0.76774907
vt 0.83657676 0.77613103
vt 0.87349248 0.78719163
vt 0.8490507 0.7805357
vt 0.83325821 0.76990539
vt 0.85804725 0.7932291
vt 0.88131267 0.79153877
vt 0.85053915 0.79356813
vt 0.82112819 0.77027887
vt 0.82878596 0.76114839
vt 0.86099428 0.80159026
vt 0.88479942 0.77770656
vt 0.86929399 0.8034603
vt 0.83567023 0.78862733
vt 0.82351887 0.78073841
vt 0.89319229 0.78391588
vt 0.88126427 0.80753517
vt 0.85909951 0.80352116
vt 0.8400616 0.80238831
vt 0.81923282 0.78542322
vt 0.8192662 0.75821251
vt 0.89120513 0.80038291
vt 0.88243955 0.76381713
vt 0.89298576 0.80901825
vt 0.87485296 0.80844092
vt 0.84519851 0.80905199
vt 0.82723206 0.79877627
vt 0.81037098 0.77531892
vt 0.89978653 0.79575467
vt 0.89352763 0.77180761
vt 0.80814141 0.78683054
vt 0.80386347 0.74675691
vt 0.90298104 0.78405005
vt 0.81005436 0.80432081
vt 0.79757613 0.77354705
vt 0.90462017 0.77141136
vt 0.80142444 0.79724753
vt 0.79744548 0.78846371
vt 0.79347962 0.76466954
vt 0.90929741 0.77860236
vt 0.78887641 0.77621722
vt 0.78859192 0.77291662
vt 0.79443264 0.74462718
vt 0.7895205 0.80259454
vt 0.77856964 0.78775066
vt 0.77757728 0.76530319
vt 0.77998167 0.74900937
vt 0.78874558 0.79434252
vt 0.78255558 0.79871225
vt 0.76985973 0.77201253
vt 0.76388979 0.75912535
vt 0.77063191 0.79440171
vt 0.76089996 0.77653897
vt 0.76965809 0.80119616
vt 0.7627731 0.80280375
vt 0.77798027 0.8095029
vt 0.7533353 0.79115784
vt 0.50743955 0.95131713
vt 0.50979942 0.96520656
vt 0.49591428 0.95524907
vt 0.20784909 0.85132307
vt 0.20064873 0.86729372
vt 0.19188334 0.85117716
vt 0.20777746 0.8414396
vt 0.20951082 0.86083001
vt 0.21642326 0.8492983
vt 0.21749784 0.86287034
vt 0.2126009 0.87088513
vt 0.22603098 0.84754169
vt 0.22408737 0.85757452
vt 0.22569124 0.83709812
vt 0.23467892 0.84982431
vt 0.23592895 0.83685267
vt 0.22835694 0.86087728
vt 0.24305815 0.84688437
vt 0.24101885 0.86093187
vt 0.2444416 0.83322912
vt 0.25086629 0.84631562
vt 0.25863472 0.86200702
vt 0.26866671 0.82236159
vt 0.26899216 0.85694468
vt 0.27134913 0.84350431
vt 0.28888464 0.8312794
vt 0.27707446 0.84872663
vt 0.28248596 0.82038665
vt 0.28401387 0.85173821
vt 0.29127783 0.81883502
vt 0.28560397 0.85892934
vt 0.29443964 0.83919311
vt 0.2959097 0.86023188
vt 0.31181356 0.81117159
vt 0.30332887 0.85147542
vt 0.31217441 0.83272111
vt 0.30713424 0.85927176
vt 0.3248921 0.81587088
vt 0.3139441 0.84206998
vt 0.3148106 0.85651767
vt 0.32618523 0.83131349
vt 0.32053044 0.84432775
vt 0.31326327 0.86827612
vt 0.34368527 0.82747161
vt 0.33364156 0.84186804
vt 0.32855421 0.84831572
vt 0.54655343 0.69297236
vt 0.57311893 0.67652047
vt 0.55903691 0.70174623
vt 0.5578528 0.63792783
vt 0.57258934 0.69808233
vt 0.52614415 0.67154109
vt 0.62227601 0.61306155
vt 0.61918426 0.6957615
vt 0.5126853 0.64820492
vt 0.58168536 0.6222353
vt 0.58346516 0.72537607
vt 0.5260908 0.63051426
vt 0.54473847 0.61674953
vt 0.65292925 0.66072857
vt 0.59818858 0.74540555
vt 0.56772423 0.72483242
vt 0.51049066 0.63273859
vt 0.65593994 0.62816036
vt 0.62689972 0.69601709
vt 0.60708296 0.7368778
vt 0.55702949 0.70384717
vt 0.50608939 0.63266981
vt 0.64244294 0.61927402
vt 0.6239289 0.71135676
vt 0.60888445 0.74470484
vt 0.50424701 0.64116144
vt 0.50713766 0.63131344
vt 0.63116473 0.72971642
vt 0.62378013 0.74384248
vt 0.63744813 0.73979223
vt 0.72599244 0.6549381
vt 0.71798027 0.68079263
vt 0.7061336 0.66598529
vt 0.69975144 0.65220273
vt 0.75786823 0.67886257
vt 0.69804794 0.67950207
vt 0.69237429 0.66977525
vt 0.70674384 0.61881816
vt 0.75017703 0.6260103
vt 0.77347916 0.65790361
vt 0.73059183 0.61811465
vt 0.76970088 0.6254431
vt 0.77343035 0.68325043
vt 0.78514284 0.63008511
vt 0.78269285 0.68235499
vt 0.78729838 0.65187418
vt 0.79289812 0.67700809
vt 0.79756016 0.63200802
vt 0.79687476 0.64748591
vt 0.80315983 0.65458971
vt 0.81366247 0.64021242
vt 0.80771536 0.67025256
vt 0.8169589 0.63299739
vt 0.82352573 0.64174253
vt 0.882505 0.69079804
vt 0.9041813 0.68675089
vt 0.90408778 0.71240807
vt 0.87754077 0.72114688
vt 0.91873837 0.65182287
vt 0.9136979 0.70557499
vt 0.8892687 0.72452641
vt 0.86508852 0.69943416
vt 0.92329597 0.66627872
vt 0.87309307 0.65019059
vt 0.92141974 0.7106536
vt 0.89744741 0.73409069
vt 0.83883041 0.68589139
vt 0.86777043 0.71342206
vt 0.93219662 0.64856654
vt 0.83328813 0.65379083
vt 0.92443424 0.72305816
vt 0.83139354 0.6699661
vt 0.85330403 0.70614612
vt 0.8427695 0.63069582
vt 0.92912281 0.73139054
vt 0.82206553 0.68572158
vt 0.83706301 0.69551134
vt 0.86376399 0.73115265
vt 0.83156013 0.62182558
vt 0.85689718 0.62611735
vt 0.90492254 0.74612665
vt 0.82505035 0.6973877
vt 0.83318269 0.71143949
vt 0.84861118 0.72309327
vt 0.84885645 0.61688966
vt 0.81547666 0.70457315
vt 0.83841461 0.72255921
vt 0.84706116 0.73455024
vt 0.82944512 0.73563737
vt 0.075050324 0.9473877
vt 0.087063029 0.94551128
vt 0.078740902 0.95469725
vt 0.82016277 0.61191183
vt 0.81677192 0.62149155
vt 0.80346954 0.60116255
vt 0.8118825 0.59829521
vt 0.80829263 0.61843884
vt 0.79850298 0.58512264
vt 0.79707795 0.6173718
vt 0.78260875 0.58148807
vt 0.78057885 0.60959768
vt 0.79568601 0.54598552
vt 0.78740734 0.61953998
vt 0.75981367 0.5888778
vt 0.7675392 0.57923347
vt 0.80446059 0.55277044
vt 0.76272446 0.61215442
vt 0.8099218 0.52668321
vt 0.74914205 0.60918438
vt 0.75161588 0.57330453
vt 0.80191469 0.52440369
vt 0.74115175 0.59103978
vt 0.74087548 0.61871117
vt 0.74789667 0.57968515
vt 0.7371943 0.60542703
vt 0.72544873 0.59495473
vt 0.7189678 0.57812083
vt 0.71518373 0.58820021
vt 0.73556107 0.57087427
vt 0.70767188 0.58864248
vt 0.73111576 0.55956107
vt 0.74546725 0.57633674
vt 0.70408291 0.56298232
vt 0.70033419 0.57699203
vt 0.69232595 0.55306292
vt 0.55711436 0.51123977
vt 0.58629048 0.4785009
vt 0.59535748 0.49695688
vt 0.60952729 0.51201069
vt 0.55541819 0.49968243
vt 0.61324239 0.49203426
vt 0.55360067 0.55924523
vt 0.51657909 0.51246655
vt 0.63280571 0.50582969
vt 0.56898814 0.55924004
vt 0.53069627 0.54205871
vt 0.63281101 0.51374865
vt 0.63279808 0.49546349
vt 0.6180954 0.55922467
vt 0.54073173 0.55924958
vt 0.50406915 0.53327715
vt 0.63282269 0.54690373
vt 0.63026983 0.4915961
vt 0.53776211 0.55924988
vt 0.50815219 0.54689682
vt 0.6327951 0.48908478
vt 0.62802756 0.55922198
vt 0.63282675 0.55922043
vt 0.16245076 0.86696374
vt 0.14416739 0.88018596
vt 0.13898665 0.86752152
vt 0.1356708 0.863837
vt 0.16316326 0.88560158
vt 0.12986356 0.84013182
vt 0.18061092 0.88772261
vt 0.14943634 0.83219808
vt 0.16039078 0.9005813
vt 0.17611551 0.86075276
vt 0.13108467 0.83266759
vt 0.16636714 0.83657908
vt 0.18003413 0.9002493
vt 0.15178515 0.89750379
vt 0.18993391 0.87594795
vt 0.14806993 0.80906552
vt 0.16414666 0.80659521
vt 0.19705136 0.88103598
vt 0.16854602 0.91257733
vt 0.15620056 0.9090603
vt 0.20266971 0.89469236
vt 0.18485042 0.91298717
vt 0.20268689 0.88337964
vt 0.20614916 0.9102571
vt 0.19968994 0.91621774
vt 0.17514654 0.92465627
vt 0.19589499 0.92587155
vt 0.18831363 0.9287793
vt 0.17747037 0.93427324
vt 0.16570684 0.9312281
vt 0.85679132 0.52008379
vt 0.8624686 0.53151596
vt 0.8534624 0.5346514
vt 0.84052992 0.52755648
vt 0.86515313 0.51986861
vt 0.85220248 0.51565814
vt 0.87479717 0.53619498
vt 0.85149229 0.50602925
vt 0.88472724 0.53126884
vt 0.84270328 0.50909936
vt 0.88217109 0.54145926
vt 0.87949067 0.51040757
vt 0.83513784 0.50904179
vt 0.84729081 0.49911046
vt 0.87032944 0.5460335
vt 0.87233543 0.50454652
vt 0.89349282 0.52180696
vt 0.83157444 0.51863182
vt 0.84321207 0.49240005
vt 0.87299007 0.55885661
vt 0.86004794 0.53665894
vt 0.88505143 0.4993453
vt 0.82702559 0.52461755
vt 0.81802183 0.51472032
vt 0.82517558 0.50609374
vt 0.86287594 0.5487231
vt 0.87820274 0.48547208
vt 0.90385205 0.50959504
vt 0.82784063 0.5418874
vt 0.82068324 0.49566823
vt 0.84257942 0.55200034
vt 0.89237535 0.48566765
vt 0.91059494 0.52707052
vt 0.8365894 0.54401404
vt 0.82271278 0.5375787
vt 0.81637102 0.53197265
vt 0.83327425 0.48917913
vt 0.85220373 0.53661227
vt 0.85075617 0.55429393
vt 0.88045031 0.47684503
vt 0.90681517 0.48607695
vt 0.91331756 0.51729083
vt 0.89707094 0.47292447
vt 0.90976095 0.49693316
vt 0.92311496 0.5201726
vt 0.9206686 0.51002359
vt 0.90753198 0.47905684
vt 0.91948259 0.4883157
vt 0.92726576 0.51816094
vt 0.92510384 0.47679365
vt 0.93357146 0.49162853
vt 0.93092155 0.50412333
vt 0.91072488 0.46584725
vt 0.93496621 0.51883698
vt 0.92459333 0.47027868
vt 0.94063741 0.50075042
vt 0.91813523 0.45564908
vt 0.94135261 0.49774766
vt 0.93523967 0.51824212
vt 0.90276271 0.45706296
vt 0.91071713 0.44945109
vt 0.91694623 0.44029438
vt 0.900051 0.45070726
vt 0.02256499 0.37526631
vt 0.041323014 0.3721624
vt 0.023986699 0.38812208
vt 0.0065924199 0.38921642
vt 0.048586786 0.39285237
vt 0.003836541 0.38499701
vt 0.030679913 0.41412139
vt 0.017174486 0.41192597
vt 0.059703633 0.42165297
vt 0.015097561 0.44158393
vt 0.071268119 0.4042179
vt 0.055834562 0.4365052
vt 0.035572141 0.44848198
vt 0.084923163 0.41959816
vt 0.07911893 0.42897892
vt 0.019910026 0.457636
vt 0.073064066 0.43978304
vt 0.05607805 0.45329857
vt 0.044636901 0.46167624
vt 0.097425245 0.42633253
vt 0.10209958 0.43440896
vt 0.065892853 0.44938314
vt 0.035443336 0.46224654
vt 0.087327488 0.44435942
vt 0.065348797 0.45969898
vt 0.057098966 0.46087283
vt 0.046529785 0.47146428
vt 0.034143459 0.47320175
vt 0.11591446 0.42237818
vt 0.10251014 0.45114779
vt 0.080525465 0.45763886
vt 0.021669906 0.47293502
vt 0.11928082 0.43404865
vt 0.0870637 0.46608198
vt 0.071269341 0.47945094
vt 0.057092611 0.47718787
vt 0.12705915 0.42136258
vt 0.097865686 0.46290016
vt 0.1215921 0.448057
vt 0.12975506 0.42870867
vt 0.11702941 0.48304325
vt 0.10414378 0.48403418
vt 0.12073167 0.46552598
vt 0.086383164 0.48413348
vt 0.10707023 0.49652648
vt 0.089427784 0.49326271
vt 0.12056356 0.49600154
vt 0.69560778 0.74394828
vt 0.67758936 0.73852062
vt 0.70107061 0.72927886
vt 0.68883139 0.74745476
vt 0.68542588 0.72818828
vt 0.67073023 0.73004013
vt 0.68098927 0.70698154
vt 0.67286259 0.74413329
vt 0.6862815 0.74835384
vt 0.65979767 0.74062502
vt 0.66577637 0.68827808
vt 0.66857922 0.75807768
vt 0.65292865 0.73670042
vt 0.6547839 0.73038763
vt 0.69189143 0.76330054
vt 0.65341043 0.74353528
vt 0.65531462 0.75000519
vt 0.65519053 0.70743209
vt 0.70022708 0.75839525
vt 0.67315525 0.76921368
vt 0.64997834 0.68811357
vt 0.65931225 0.77246994
vt 0.65647644 0.68351066
vt 0.65738648 0.7851966
vt 0.67618805 0.77878577
vt 0.6474309 0.78010416
vt 0.66895455 0.79182065
vt 0.64473814 0.78949267
vt 0.67991799 0.7924071
vt 0.63872689 0.77070934
vt 0.66922534 0.79628241
vt 0.62900585 0.78686631
vt 0.64767992 0.8081975
vt 0.63468659 0.77453196
vt 0.63206851 0.79633111
vt 0.6361261 0.77036422
vt 0.62819362 0.79195988
vt 0.63805175 0.76792854
vt 0.62819356 0.79595405
vt 0.64210653 0.76789403
vt 0.19397585 0.44816309
vt 0.20527825 0.45831794
vt 0.19341409 0.46272141
vt 0.21486491 0.44737911
vt 0.20815085 0.46861768
vt 0.21980144 0.45546311
vt 0.22785006 0.4649244
vt 0.19672975 0.47561795
vt 0.21945408 0.44881856
vt 0.22137944 0.47739643
vt 0.20737225 0.48317564
vt 0.18449932 0.46988565
vt 0.21965501 0.44228595
vt 0.24275291 0.462533
vt 0.18106359 0.46865511
vt 0.2334543 0.44963008
vt 0.24475227 0.47652876
vt 0.17449521 0.47417647
vt 0.23195222 0.48200595
vt 0.1843048 0.45082486
vt 0.24011095 0.48903126
vt 0.22703764 0.49633336
vt 0.15600774 0.48568165
vt 0.15461661 0.43892193
vt 0.13998111 0.46742839
vt 0.17361102 0.42013037
vt 0.14608787 0.48585767
vt 0.12870139 0.42029417
vt 0.16219695 0.40810102
vt 0.14195447 0.41360098
vt 0.12834018 0.44286036
vt 0.16964616 0.40227944
vt 0.65714359 0.4681347
vt 0.66225386 0.45679098
vt 0.67066014 0.46082717
vt 0.67619711 0.46894336
vt 0.68195337 0.45143211
vt 0.65839881 0.48199385
vt 0.67131072 0.45067459
vt 0.64185899 0.46814269
vt 0.68147814 0.48333174
vt 0.66857201 0.44581956
vt 0.62964356 0.48740399
vt 0.68724322 0.47019035
vt 0.66194588 0.49238569
vt 0.65147918 0.4932363
vt 0.67316812 0.49893594
vt 0.63764012 0.50043601
vt 0.66252661 0.51528859
vt 0.6464678 0.50420582
vt 0.67623627 0.51903713
vt 0.66856784 0.52876973
vt 0.68334961 0.54162306
vt 0.65696388 0.53642237
vt 0.67551184 0.54576755
vt 0.66722226 0.55103976
vt 0.67706054 0.55767584
vt 0.33862954 0.48475188
vt 0.3339164 0.48382127
vt 0.3289918 0.47780323
vt 0.34927866 0.46807814
vt 0.33294401 0.45931101
vt 0.35979375 0.48642504
vt 0.32391688 0.45822191
vt 0.35970607 0.4424836
vt 0.36721179 0.47249198
vt 0.34530437 0.49660444
vt 0.32685459 0.44455087
vt 0.34508714 0.4393515
vt 0.35777113 0.4954797
vt 0.3060917 0.44439268
vt 0.32312873 0.42679781
vt 0.31176054 0.4551006
vt 0.34033725 0.42370427
vt 0.30064455 0.42258114
vt 0.29338852 0.4647699
vt 0.32844615 0.40680987
vt 0.28922227 0.43753982
vt 0.29201394 0.45266163
vt 0.27782598 0.42280757
vt 0.27870876 0.45392752
vt 0.26664379 0.44447076
vt 0.27300811 0.40598154
vt 0.28252429 0.46804637
vt 0.25462922 0.43175334
vt 0.26673967 0.40513796
vt 0.29993045 0.40381813
vt 0.25894925 0.44850332
vt 0.28989014 0.48176056
vt 0.27666247 0.47166371
vt 0.25636515 0.41786462
vt 0.25880307 0.40984094
vt 0.26332757 0.4658801
vt 0.26554191 0.47764361
vt 0.41270438 0.41738468
vt 0.39184096 0.42646962
vt 0.37821326 0.41879392
vt 0.40368444 0.44851726
vt 0.39797777 0.44028723
vt 0.42670751 0.43467528
vt 0.42581508 0.42215258
vt 0.4255726 0.45937413
vt 0.45239332 0.42666692
vt 0.43237016 0.44787902
vt 0.41735327 0.47132701
vt 0.45505303 0.43870538
vt 0.44009307 0.44852287
vt 0.40352014 0.45954537
vt 0.42952341 0.46701962
vt 0.46953085 0.42249334
vt 0.48189566 0.43767691
vt 0.45030242 0.4462595
vt 0.47776961 0.44817054
vt 0.48819593 0.43538332
vt 0.45676118 0.45756471
vt 0.46206239 0.44697642
vt 0.48795941 0.45306945
vt 0.4881959 0.42509514
vt 0.48814008 0.44118398
vt 0.47396421 0.46474379
vt 0.48800078 0.45094472
vt 0.48688543 0.46661305
vt 0.48832005 0.42106706
vt 0.48782498 0.46152014
vt 0.46289328 0.47593385
vt 0.47757119 0.47815996
vt 0.48775724 0.4663139
vt 0.46625853 0.47969776
vt 0.48781508 0.4747448
vt 0.48776639 0.46762842
vt 0.47519803 0.49651325
vt 0.48760253 0.48160321
vt 0.48764458 0.48391998
vt 0.48761484 0.49498796
vt 0.92429638 0.96959573
vt 0.92879397 0.96125698
vt 0.94148225 0.97666097
vt 0.93409544 0.98574471
vt 0.92153168 0.95700735
vt 0.94400328 0.9673081
vt 0.94909328 0.9881978
vt 0.91964877 0.97935313
vt 0.9419536 0.95727509
vt 0.95504236 0.9725967
vt 0.94070965 0.99681252
vt 0.93593705 0.93562132
vt 0.95065111 0.96344334
vt 0.91097224 0.94933617
vt 0.95260549 0.94715381
vt 0.96618187 0.96333504
vt 0.95275968 0.93155026
vt 0.96061778 0.94791007
vt 0.93542302 0.92528462
vt 0.94513965 0.91292709
vt 0.92453271 0.91890323
vt 0.95898676 0.91896725
vt 0.93084854 0.90861535
vt 0.9451499 0.89417845
vt 0.93592888 0.88675761
vt 0.92980307 0.89389676
vt 0.91091818 0.90409189
vt 0.91901642 0.91610974
vt 0.92162615 0.89214599
vt 0.97794318 0.8484689
vt 0.98882335 0.85074282
vt 0.96940112 0.85294974
vt 0.9673816 0.84705764
vt 0.97677612 0.83731532
vt 0.97518998 0.85854822
vt 0.9591502 0.84195119
vt 0.97452945 0.82603478
vt 0.95752329 0.83110899
vt 0.9443413 0.83992565
vt 0.93304223 0.84751904
vt 0.94568539 0.82351202
vt 0.92957705 0.8371945
vt 0.9416101 0.85774177
vt 0.92122757 0.8455236
vt 0.92674434 0.82894433
vt 0.91184539 0.83891267
vt 0.94087827 0.81689489
vt 0.92025208 0.83213711
vt 0.91098678 0.85684991
vt 0.92236906 0.81687248
vt 0.91257846 0.82713062
vt 0.90089625 0.85189342
vt 0.92911106 0.85592943
vt 0.92880166 0.80164355
vt 0.90361983 0.82780373
vt 0.8941834 0.86327624
vt 0.89551812 0.84172976
vt 0.91597933 0.86538643
vt 0.90659195 0.82111883
vt 0.91564149 0.80735087
vt 0.90709347 0.87025219
vt 0.928945 0.86886162
vt 0.90066302 0.81406009
vt 0.9154548 0.80703574
vt 0.90933645 0.80956483
vt 0.93491662 0.85854208
vt 0.92350537 0.8007524
vt 0.8919481 0.81396848
vt 0.92717761 0.79834211
vt 0.88546246 0.82477033
vt 0.88100147 0.82373345
vt 0.88087338 0.822164
vt 0.89128047 0.81402236
vt 0.87839508 0.82207811
vt 0.89170617 0.81390154
vt 0.96478432 0.7220726
vt 0.97460967 0.71881545
vt 0.96416801 0.73134476
vt 0.95162189 0.72101301
vt 0.96264845 0.70977247
vt 0.97681898 0.74064851
vt 0.95527494 0.73768359
vt 0.97884798 0.73275709
vt 0.97496539 0.7552852
vt 0.95139903 0.75626636
vt 0.94054878 0.73921257
vt 0.95184219 0.70117551
vt 0.98500896 0.74653661
vt 0.96637821 0.75629562
vt 0.98567355 0.75703478
vt 0.96020812 0.7634601
vt 0.94257897 0.76056564
vt 0.98483795 0.76472521
vt 0.95038986 0.78283918
vt 0.99545664 0.76141727
vt 0.97918552 0.77067792
vt 0.96483284 0.77513975
vt 0.99677056 0.77499563
vt 0.98599958 0.77673519
vt 0.96884257 0.76009572
vt 0.96544152 0.7869814
vt 0.9802416 0.77938485
vt 0.95168555 0.79716277
vt 0.96984696 0.80049551
vt 0.95600063 0.80798674
vt 0.76852459 0.46941149
vt 0.78904074 0.46603882
vt 0.7840724 0.48030323
vt 0.74369568 0.47321814
vt 0.75401586 0.48872197
vt 0.7723695 0.50917256
vt 0.73247015 0.47807986
vt 0.79129374 0.50221908
vt 0.75636703 0.52558506
vt 0.72322696 0.49486572
vt 0.78902835 0.46844965
vt 0.79573011 0.51927441
vt 0.7383551 0.51295882
vt 0.77189034 0.54090726
vt 0.72117114 0.50786114
vt 0.71894634 0.47841465
vt 0.78226703 0.5311228
vt 0.73534805 0.52984279
vt 0.76203626 0.54650795
vt 0.70460731 0.51775908
vt 0.70597804 0.4940275
vt 0.74447781 0.5389626
vt 0.72844744 0.51868033
vt 0.69226909 0.51135802
vt 0.72029895 0.52742559
vt 0.69793093 0.48800939
vt 0.73151708 0.53525084
vt 0.75229174 0.54870319
vt 0.69326544 0.52318609
vt 0.70362151 0.52993333
vt 0.74129522 0.54837906
vt 0.71928233 0.53968859
vt 0.72296292 0.54661548
vt 0.72224241 0.55798507
vt 0.73112369 0.55854309
vt 0.55573976 0.45485866
vt 0.55976009 0.47030205
vt 0.55304736 0.46363211
vt 0.54351974 0.46254951
vt 0.55920631 0.45176077
vt 0.53820461 0.45248681
vt 0.55075312 0.43833059
vt 0.54475635 0.47803313
vt 0.54003882 0.44271559
vt 0.52451092 0.45471805
vt 0.56363875 0.44668067
vt 0.53076452 0.47308993
vt 0.52497143 0.46915632
vt 0.54097146 0.42305511
vt 0.56289107 0.43172175
vt 0.53971946 0.48598319
vt 0.52431595 0.43509853
vt 0.50479549 0.46251172
vt 0.55330807 0.42961514
vt 0.52677584 0.42021233
vt 0.57242525 0.43137228
vt 0.52133077 0.47903138
vt 0.55592054 0.41007847
vt 0.53957933 0.40261942
vt 0.5772382 0.44956905
vt 0.56770802 0.4214347
vt 0.52773905 0.49525708
vt 0.51630956 0.42244273
vt 0.51123953 0.48425168
vt 0.54590636 0.40813535
vt 0.5819062 0.43082464
vt 0.54948443 0.40072441
vt 0.59137642 0.44850838
vt 0.55549759 0.43742228
vt 0.54346091 0.39542907
vt 0.71464187 0.37520391
vt 0.72278303 0.39585578
vt 0.69667441 0.40031767
vt 0.69278473 0.38282704
vt 0.72917116 0.38693774
vt 0.7088787 0.41037476
vt 0.68423069 0.40781081
vt 0.70518696 0.37121081
vt 0.72482949 0.36996967
vt 0.72158229 0.4204061
vt 0.69103867 0.42226654
vt 0.6762833 0.38736838
vt 0.68965179 0.36805606
vt 0.71277392 0.43338645
vt 0.67485446 0.4183107
vt 0.67029905 0.39659733
vt 0.7237739 0.4282788
vt 0.69743276 0.43197817
vt 0.64996868 0.37507671
vt 0.65826529 0.38984996
vt 0.65265179 0.39975917
vt 0.65818411 0.41396713
vt 0.63612002 0.38202149
vt 0.63934052 0.40285927
vt 0.66243815 0.42316413
vt 0.62969339 0.36541092
vt 0.84072447 0.42081332
vt 0.83369923 0.41142076
vt 0.83977079 0.39851505
vt 0.82951182 0.43538839
vt 0.81713587 0.43296307
vt 0.82917541 0.44434327
vt 0.82081437 0.44980514
vt 0.84215552 0.44163185
vt 0.85315526 0.43852669
vt 0.8360849 0.45422542
vt 0.84960186 0.44697523
vt 0.82625073 0.45747739
vt 0.86559385 0.46008271
vt 0.8506918 0.45958465
vt 0.87569374 0.45420337
vt 0.83540708 0.47363716
vt 0.85807675 0.46354234
vt 0.87698179 0.46520716
vt 0.84697354 0.47761995
vt 0.83754492 0.481821
vt 0.8580243 0.47913486
vt 0.86729515 0.47474593
vt 0.83002776 0.47531158
vt 0.84923917 0.48738164
vt 0.87500727 0.48950517
vt 0.85954994 0.49662662
vt 0.23823266 0.38518059
vt 0.2545037 0.37237006
vt 0.25508505 0.37493926
vt 0.25204229 0.38945061
vt 0.22870135 0.35014397
vt 0.24366368 0.4015162
vt 0.25543818 0.37178409
vt 0.21462566 0.37366492
vt 0.24829151 0.39847928
vt 0.22503212 0.39519346
vt 0.24154967 0.35661668
vt 0.20697723 0.3435728
vt 0.24651197 0.40154105
vt 0.22222184 0.42775875
vt 0.23516138 0.34947914
vt 0.20412861 0.38452172
vt 0.22133934 0.3378244
vt 0.21917528 0.41366965
vt 0.24442977 0.41818076
vt 0.19364871 0.35715407
vt 0.24422166 0.43058836
vt 0.23770504 0.34235615
vt 0.19445477 0.38892895
vt 0.19120203 0.34764177
vt 0.24467105 0.4300561
vt 0.23343389 0.43428659
vt 0.24760048 0.4216885
vt 0.24187091 0.43155736
vt 0.94858015 0.37273705
vt 0.95401788 0.39792973
vt 0.93718565 0.38119513
vt 0.92911381 0.37592924
vt 0.96657598 0.38008881
vt 0.9262948 0.38498479
vt 0.9749524 0.39497304
vt 0.94582039 0.40182936
vt 0.95953149 0.40920538
vt 0.95759302 0.41559416
vt 0.9389931 0.41339725
vt 0.92026347 0.40941441
vt 0.94197273 0.42740738
vt 0.9304269 0.4248113
vt 0.92266345 0.39338398
vt 0.91269374 0.43400133
vt 0.91252714 0.39133072
vt 0.89956576 0.42624062
vt 0.8944276 0.39860612
vt 0.89679521 0.38840383
vt 0.88537645 0.41572273
vt 0.88804877 0.38762468
vt 0.87974554 0.39998686
vt 0.75513399 0.42208463
vt 0.76494598 0.41984802
vt 0.76627439 0.43356621
vt 0.75909489 0.4131366
vt 0.7840755 0.42921364
vt 0.768053 0.41339529
vt 0.77956557 0.41349083
vt 0.76178527 0.40569311
vt 0.78950083 0.42833561
vt 0.77768022 0.40253961
vt 0.78838176 0.41058129
vt 0.76164454 0.39953774
vt 0.80305701 0.41837454
vt 0.77919751 0.39319694
vt 0.80333799 0.39889199
vt 0.76652837 0.39258152
vt 0.79272664 0.38755226
vt 0.80982947 0.40225434
vt 0.77889317 0.37959498
vt 0.81197292 0.39485276
vt 0.8078087 0.38520873
vt 0.77286786 0.37617564
vt 0.79161626 0.3697502
vt 0.79922801 0.37712401
vt 0.76005006 0.38101059
vt 0.81380719 0.37241304
vt 0.76454264 0.36800122
vt 0.78086585 0.36007559
vt 0.75694764 0.36901748
vt 0.80667561 0.36084563
vt 0.76789111 0.35530514
vt 0.79871118 0.34801102
vt 0.818578 0.36468726
vt 0.75422114 0.36100322
vt 0.79227787 0.34348136
vt 0.12293319 0.92344743
vt 0.11567384 0.9333514
vt 0.10600733 0.9147951
vt 0.11253513 0.90733778
vt 0.12283012 0.93085247
vt 0.12890176 0.90622568
vt 0.10876104 0.90284228
vt 0.12050136 0.89551252
vt 0.11807801 0.87915277
vt 0.10830625 0.87484097
vt 0.098407388 0.84647465
vt 0.11483351 0.84463406
vt 0.029633014 0.31087297
vt 0.021536114 0.30045408
vt 0.025279067 0.29213214
vt 0.034214985 0.28935105
vt 0.0037032696 0.30922359
vt 0.049628511 0.29669565
vt 0.015472455 0.31976777
vt 0.044013232 0.30624765
vt 0.031073626 0.32385975
vt 0.059461642 0.30920827
vt 0.019039162 0.33049762
vt 0.055977557 0.29633886
vt 0.049736485 0.31968451
vt 0.03514158 0.33382982
vt 0.076833241 0.3036024
vt 0.057881065 0.32073057
vt 0.045436688 0.33807224
vt 0.066328309 0.28706717
vt 0.069219127 0.32063049
vt 0.03548215 0.3532688
vt 0.075496316 0.31507576
vt 0.042595651 0.35413754
vt 0.075294591 0.33472562
vt 0.053026922 0.34490871
vt 0.046486501 0.37020677
vt 0.066493087 0.33464277
vt 0.08305867 0.32901961
vt 0.0513817 0.33291554
vt 0.050643127 0.36620802
vt 0.038172252 0.36807466
vt 0.082382806 0.34491122
vt 0.091037616 0.34245574
vt 0.068083853 0.35017461
vt 0.83887184 0.9951604
vt 0.78783631 0.99319392
vt 0.81433725 0.97899097
vt 0.83831084 0.98105878
vt 0.78077978 0.97808588
vt 0.81814772 0.96276909
vt 0.76579082 0.99184644
vt 0.80652368 0.96669281
vt 0.75622869 0.97543699
vt 0.76775801 0.97005504
vt 0.75513536 0.98753273
vt 0.75630206 0.97023118
vt 0.79356009 0.96121234
vt 0.75479662 0.99123698
vt 0.7563116 0.96895647
vt 0.75681537 0.96181518
vt 0.75698972 0.95949155
vt 0.62768692 0.40372396
vt 0.61706424 0.39193845
vt 0.62839246 0.38620996
vt 0.61180848 0.40893096
vt 0.62100512 0.3780849
vt 0.60983878 0.39131498
vt 0.62298828 0.41905022
vt 0.59752083 0.40299076
vt 0.63561749 0.42106837
vt 0.61256874 0.42883444
vt 0.61140609 0.37431037
vt 0.59160143 0.41194558
vt 0.59974808 0.38408226
vt 0.62459999 0.43264079
vt 0.60683602 0.41589904
vt 0.57479018 0.40152198
vt 0.57683206 0.38092488
vt 0.60214293 0.42506927
vt 0.57930535 0.37538719
vt 0.56598634 0.38941759
vt 0.60113728 0.34680575
vt 0.58408362 0.34955806
vt 0.7656433 0.709167
vt 0.76291311 0.69562638
vt 0.78328609 0.7007035
vt 0.78862178 0.72236001
vt 0.75298899 0.70758212
vt 0.80358422 0.70957339
vt 0.76724768 0.74093413
vt 0.73856807 0.69462681
vt 0.74453485 0.723131
vt 0.80673307 0.72326624
vt 0.79938847 0.69676894
vt 0.78217477 0.7308172
vt 0.76185584 0.72946131
vt 0.80329877 0.74175912
vt 0.78015131 0.73735619
vt 0.73385155 0.7125231
vt 0.74010569 0.73878407
vt 0.78460568 0.74522543
vt 0.72324759 0.72953284
vt 0.7268706 0.69727564
vt 0.31609958 0.39315504
vt 0.33561376 0.38431823
vt 0.3258402 0.40323669
vt 0.31876385 0.36974424
vt 0.33296028 0.41220349
vt 0.35180661 0.3522982
vt 0.36758932 0.4040814
vt 0.36436734 0.36920905
vt 0.34360507 0.41961992
vt 0.36909026 0.3873139
vt 0.36588338 0.41908669
vt 0.35498601 0.43396074
vt 0.37992415 0.4259699
vt 0.37516394 0.43431818
vt 0.35513178 0.4343254
vt 0.35486543 0.43432546
vt 0.43354633 0.70418179
vt 0.4235225 0.70723939
vt 0.43768874 0.68647248
vt 0.44401577 0.70365047
vt 0.4300468 0.71369064
vt 0.42153013 0.69365329
vt 0.44656593 0.69083339
vt 0.42618975 0.68062592
vt 0.44637087 0.68068385
vt 0.45666423 0.71505433
vt 0.4411934 0.71191174
vt 0.41224995 0.69025612
vt 0.43859023 0.66434884
vt 0.44557428 0.66931856
vt 0.44770736 0.71778369
vt 0.45768017 0.70516109
vt 0.43629962 0.72762263
vt 0.41048571 0.67767525
vt 0.44950867 0.7258637
vt 0.42720568 0.72389704
vt 0.42352983 0.72879088
vt 0.44080326 0.73074818
vt 0.43191797 0.736498
vt 0.45370188 0.73862052
vt 0.44468722 0.73969281
vt 0.43666044 0.74532795
vt 0.42631385 0.8475672
vt 0.41006571 0.85219687
vt 0.40710473 0.83549732
vt 0.42018843 0.85814732
vt 0.38108969 0.84947556
vt 0.41093391 0.86321467
vt 0.39283812 0.86268324
vt 0.37510574 0.87175918
vt 0.3700119 0.8643868
vt 0.36585426 0.83801275
vt 0.34771815 0.83799356
vt 0.35733664 0.85795903
vt 0.35848409 0.87076902
vt 0.53607225 0.78725302
vt 0.55065697 0.77784252
vt 0.55026656 0.78765833
vt 0.54707772 0.79559982
vt 0.55842173 0.78349948
vt 0.55809104 0.79373801
vt 0.56135166 0.76827443
vt 0.56138283 0.80375499
vt 0.56806844 0.78057802
vt 0.57016492 0.7976622
vt 0.57680762 0.77307093
vt 0.57886791 0.78681201
vt 0.57007664 0.80548495
vt 0.57323891 0.76476574
vt 0.58554566 0.79539043
vt 0.59544963 0.78243732
vt 0.58484501 0.80954963
vt 0.59657371 0.79489946
vt 0.59252763 0.80583262
vt 0.6086309 0.77883434
vt 0.60681134 0.80771858
vt 0.61415493 0.80243629
vt 0.94256914 0.68085849
vt 0.94897276 0.66279995
vt 0.96204519 0.68400347
vt 0.96929318 0.67236137
vt 0.957295 0.64753115
vt 0.96608794 0.68216503
vt 0.95227635 0.63002181
vt 0.97036076 0.65522861
vt 0.95438921 0.60522747
vt 0.94152796 0.64045048
vt 0.97503239 0.63888162
vt 0.98025846 0.66501713
vt 0.97514486 0.62901437
vt 0.94895142 0.60656238
vt 0.98134023 0.65128767
vt 0.19025272 0.30338895
vt 0.20506191 0.30765927
vt 0.18213142 0.30825955
vt 0.17291015 0.30196077
vt 0.19268635 0.32495797
vt 0.1532601 0.30474532
vt 0.17755969 0.33092213
vt 0.16529883 0.32293034
vt 0.15689099 0.32319951
vt 0.16120845 0.33813083
vt 0.14566235 0.31524062
vt 0.17165083 0.34525973
vt 0.1444829 0.32395381
vt 0.18807934 0.34990185
vt 0.16201121 0.35278207
vt 0.14370634 0.34181345
vt 0.19426671 0.33924752
vt 0.13830042 0.33460289
vt 0.18522795 0.3280282
vt 0.15166043 0.35571712
vt 0.1467645 0.37015206
vt 0.14443316 0.35806823
vt 0.13302462 0.35333818
vt 0.12907749 0.36406809
vt 0.13252355 0.35804832
vt 0.29576629 0.36114967
vt 0.2872043 0.34875232
vt 0.30513713 0.35276687
vt 0.27938437 0.35292524
vt 0.30484158 0.34751832
vt 0.27483532 0.35686648
vt 0.27086246 0.34410095
vt 0.29770765 0.33655959
vt 0.26925999 0.3697601
vt 0.27434903 0.33301085
vt 0.30994561 0.34044141
vt 0.29138598 0.37049961
vt 0.26236641 0.35448009
vt 0.3112022 0.33957016
vt 0.25542498 0.34897709
vt 0.3139371 0.33942789
vt 0.26345885 0.33367473
vt 0.31030676 0.32844943
vt 0.2547743 0.33257473
vt 0.27408081 0.33579957
vt 0.32095373 0.32720059
vt 0.25480312 0.31953239
vt 0.27740741 0.32635373
vt 0.287541 0.31134146
vt 0.30764231 0.31641722
vt 0.32337895 0.33965009
vt 0.26641527 0.32019389
vt 0.28397408 0.32996511
vt 0.32167011 0.31302488
vt 0.32803971 0.32206029
vt 0.3099066 0.34127355
vt 0.27096024 0.31181365
vt 0.29752538 0.30185646
vt 0.32737824 0.30244321
vt 0.30981585 0.30535722
vt 0.33081582 0.31051874
vt 0.40667674 0.35522586
vt 0.41213033 0.34157324
vt 0.41717672 0.35115016
vt 0.41129881 0.32521123
vt 0.41839808 0.34054202
vt 0.39106125 0.33915395
vt 0.3946929 0.32737976
vt 0.39458704 0.35398102
vt 0.43273675 0.32394063
vt 0.38980672 0.31087965
vt 0.39212477 0.36094069
vt 0.43001449 0.30359423
vt 0.38993239 0.37098533
vt 0.39251536 0.29822612
vt 0.43826443 0.29399908
vt 0.3781448 0.29400414
vt 0.69780344 0.61066806
vt 0.68985933 0.60509586
vt 0.70228386 0.5998323
vt 0.6818555 0.61538178
vt 0.70384067 0.58587158
vt 0.67809099 0.59515387
vt 0.66564131 0.61182785
vt 0.68365836 0.5831815
vt 0.67253649 0.62040603
vt 0.66142458 0.60477531
vt 0.67767322 0.58055437
vt 0.6942479 0.57327807
vt 0.66558713 0.59460866
vt 0.65895426 0.57825577
vt 0.67578548 0.56693661
vt 0.65785843 0.58499634
vt 0.66208559 0.56305635
vt 0.64625657 0.57136321
vt 0.67035758 0.55418605
vt 0.64589846 0.55834091
vt 0.65387857 0.58365619
vt 0.65330768 0.54661757
vt 0.6394527 0.56221485
vt 0.63865471 0.58918405
vt 0.63396132 0.56688762
vt 0.63066578 0.58232141
vt 0.63165152 0.56363046
vt 0.62964523 0.57702124
vt 0.62839812 0.58035839
vt 0.62821823 0.58291715
vt 0.32449439 0.70007229
vt 0.32909989 0.72082144
vt 0.31320581 0.72453839
vt 0.30963543 0.7022301
vt 0.34016037 0.70448136
vt 0.31119058 0.73044002
vt 0.29643714 0.71250522
vt 0.34324712 0.72162092
vt 0.29730147 0.72279489
vt 0.28968659 0.70412207
vt 0.29455405 0.74046129
vt 0.32782173 0.74449301
vt 0.2857413 0.70770478
vt 0.29320011 0.69869971
vt 0.34862584 0.73063123
vt 0.35430703 0.71995425
vt 0.34821883 0.74610412
vt 0.35826638 0.74009866
vt 0.55436724 0.57953215
vt 0.54260087 0.58219337
vt 0.55930066 0.56740165
vt 0.56707186 0.56934977
vt 0.54577804 0.59708834
vt 0.56865543 0.57935977
vt 0.55775476 0.59216189
vt 0.53255922 0.60049939
vt 0.53760278 0.61128783
vt 0.52854103 0.58709311
vt 0.56666899 0.59180039
vt 0.52672064 0.60712296
vt 0.51499653 0.59508127
vt 0.57532364 0.59092045
vt 0.53160864 0.62045878
vt 0.51467854 0.57848382
vt 0.52151191 0.62099671
vt 0.51548684 0.6179136
vt 0.50848776 0.60363662
vt 0.51196098 0.60915726
vt 0.50484222 0.6160301
vt 0.48619673 0.30500525
vt 0.47526294 0.31502795
vt 0.45689845 0.30668312
vt 0.49652678 0.31684965
vt 0.47511464 0.32635671
vt 0.48913351 0.32452077
vt 0.45737737 0.3234725
vt 0.49635735 0.33271879
vt 0.45766851 0.33237499
vt 0.48283866 0.3413794
vt 0.50474161 0.3261773
vt 0.46123004 0.33435291
vt 0.47227684 0.34346372
vt 0.49803311 0.34480923
vt 0.44227993 0.33895451
vt 0.47473052 0.35374433
vt 0.50837457 0.34375817
vt 0.48508897 0.36019212
vt 0.45972255 0.33911604
vt 0.45227709 0.34790093
vt 0.46573263 0.35312849
vt 0.51081181 0.33304977
vt 0.49654707 0.35614848
vt 0.50558126 0.32576668
vt 0.4982501 0.36598343
vt 0.4986003 0.37157106
vt 0.45378551 0.96481806
vt 0.45972255 0.96411604
vt 0.46573263 0.97812849
vt 0.11329735 0.77530694
vt 0.10585618 0.78892291
vt 0.10428058 0.77121794
vt 0.11526006 0.7880255
vt 0.097791009 0.78280538
vt 0.1074324 0.80088913
vt 0.12328376 0.78037125
vt 0.097882882 0.80119061
vt 0.12720615 0.78824401
vt 0.12424141 0.76976585
vt 0.12315204 0.8037101
vt 0.10083755 0.80959511
vt 0.12931705 0.78254634
vt 0.13679054 0.8101747
vt 0.12720516 0.82640696
vt 0.1076676 0.82314152
vt 0.11544552 0.82035291
vt 0.10401426 0.83488488
vt 0.11474298 0.83892512
vt 0.48568842 0.97983855
vt 0.50216991 0.98438418
vt 0.49314946 0.99515337
vt 0.49936393 0.9710657
vt 0.48837119 0.97190464
vt 0.49773723 0.96651232
vt 0.48367169 0.95900184
vt 0.47786647 0.9587478
vt 0.4971205 0.95731318
vt 0.47205308 0.95177656
vt 0.48576021 0.94091672
vt 0.47559607 0.93886894
vt 0.49449331 0.94028544
vt 0.49125645 0.92720717
vt 0.98171341 0.48982877
vt 0.96656668 0.49726957
vt 0.96254802 0.48963261
vt 0.98623806 0.51312602
vt 0.95622128 0.51470673
vt 0.9691416 0.52755564
vt 0.95788842 0.50529009
vt 0.98279279 0.52394497
vt 0.95449138 0.53052795
vt 0.97796571 0.54279536
vt 0.94219333 0.52111077
vt 0.96015179 0.54577905
vt 0.9866119 0.53292114
vt 0.94108504 0.53937829
vt 0.9467802 0.54471481
vt 0.96160603 0.5539546
vt 0.95393032 0.55834138
vt 0.97690535 0.55372763
vt 0.89066803 0.57050765
vt 0.90202558 0.5706197
vt 0.89801955 0.58218479
vt 0.88200814 0.57597017
vt 0.90932709 0.58117002
vt 0.88198793 0.59333974
vt 0.93040782 0.57074594
vt 0.91136205 0.58973843
vt 0.89411199 0.59645033
vt 0.9136259 0.56573498
vt 0.9228524 0.58658642
vt 0.93147016 0.5607233
vt 0.94088221 0.58547091
vt 0.89635199 0.59930974
vt 0.91761065 0.59689003
vt 0.94763935 0.5769341
vt 0.91023111 0.60250497
vt 0.89395988 0.60950875
vt 0.88395065 0.60350972
vt 0.90114617 0.61414933
vt 0.8802954 0.61391616
vt 0.90927988 0.61351466
vt 0.89690638 0.62119007
vt 0.87840658 0.59700048
vt 0.62817907 0.33200532
vt 0.63451576 0.32462305
vt 0.63263619 0.34253585
vt 0.63417816 0.30894732
vt 0.65362197 0.31234163
vt 0.64104283 0.30372822
vt 0.65223056 0.34583807
vt 0.68139315 0.30706722
vt 0.63378793 0.34971976
vt 0.66371775 0.33481508
vt 0.6465205 0.35544217
vt 0.68094766 0.33077705
vt 0.66430324 0.3517614
vt 0.63365966 0.36241114
vt 0.67579204 0.34547335
vt 0.65593958 0.3632527
vt 0.64946562 0.36404508
vt 0.68746275 0.34401357
vt 0.67258209 0.36115754
vt 0.63967031 0.37179369
vt 0.68889749 0.33743978
vt 0.83276588 0.34654039
vt 0.84337252 0.33812445
vt 0.84936923 0.35034943
vt 0.83060831 0.33698052
vt 0.86188251 0.34654355
vt 0.82821906 0.32332516
vt 0.82269865 0.35347807
vt 0.86063135 0.36139929
vt 0.84645998 0.32167208
vt 0.83925068 0.31985039
vt 0.82157004 0.33606285
vt 0.86952907 0.35176659
vt 0.86166918 0.33902955
vt 0.82511395 0.31274831
vt 0.81945652 0.32315379
vt 0.87210661 0.36093783
vt 0.88033032 0.3480767
vt 0.87071371 0.37069231
vt 0.81694239 0.31411225
vt 0.88284701 0.36134398
vt 0.86394197 0.62049162
vt 0.85174471 0.61231822
vt 0.86274242 0.60275805
vt 0.87539697 0.6008389
vt 0.84247088 0.61626601
vt 0.8501519 0.6082443
vt 0.86128998 0.58415431
vt 0.84883446 0.6087414
vt 0.84903169 0.60779154
vt 0.87931794 0.58772939
vt 0.84793204 0.59313095
vt 0.84972835 0.60660779
vt 0.86542737 0.56699306
vt 0.88348329 0.59538519
vt 0.85141766 0.5767597
vt 0.83647984 0.57974887
vt 0.8393836 0.60098839
vt 0.84654963 0.55970848
vt 0.83793002 0.55970925
vt 0.82772499 0.58954132
vt 0.8238467 0.56229895
vt 0.82574892 0.59441882
vt 0.81607378 0.57766509
vt 0.75240564 0.7433877
vt 0.75885314 0.75411624
vt 0.72918153 0.7509433
vt 0.72393173 0.74831808
vt 0.76658618 0.74982363
vt 0.73740327 0.76301283
vt 0.72358292 0.74275291
vt 0.72315079 0.75436521
vt 0.78904682 0.74353707
vt 0.72602189 0.75972134
vt 0.74936134 0.76773345
vt 0.72608459 0.76333022
vt 0.73912424 0.77205646
vt 0.75877172 0.76315439
vt 0.72884047 0.77739131
vt 0.72680688 0.7704891
vt 0.93541485 0.30509621
vt 0.93041116 0.31387728
vt 0.92319787 0.30554765
vt 0.95427078 0.31242049
vt 0.91663569 0.3280257
vt 0.96183556 0.32659793
vt 0.92468882 0.33558035
vt 0.95468259 0.33898395
vt 0.91075015 0.35486788
vt 0.96400261 0.34678817
vt 0.95159423 0.36722642
vt 0.92064929 0.37192804
vt 0.35252753 0.98479593
vt 0.34994048 0.97498536
vt 0.35419452 0.96691722
vt 0.36279514 0.98077375
vt 0.36547065 0.95614511
vt 0.36210719 0.98668182
vt 0.34847012 0.99593467
vt 0.37018541 0.99693698
vt 0.37151894 0.99585652
vt 0.41115984 0.99141425
vt 0.098659843 0.99141425
vt 0.059018955 0.99585652
vt 0.03597011 0.99593467
vt 0.1072332 0.89718604
vt 0.093083009 0.89813781
vt 0.10532667 0.88314676
vt 0.096779756 0.90988624
vt 0.088696681 0.89239484
vt 0.085573524 0.91311383
vt 0.10143886 0.8764236
vt 0.095135577 0.91966575
vt 0.093049727 0.86941391
vt 0.075536959 0.89283377
vt 0.088396899 0.9316867
vt 0.068487242 0.89799559
vt 0.078435779 0.92247057
vt 0.068845138 0.91205424
vt 0.080004506 0.93316281
vt 0.06590534 0.92380524
vt 0.38198736 0.48075271
vt 0.37942299 0.47432202
vt 0.4005892 0.4848237
vt 0.38471785 0.50257981
vt 0.39334792 0.462852
vt 0.39451692 0.51060379
vt 0.37865001 0.49019837
vt 0.40453967 0.46823287
vt 0.41192243 0.49984181
vt 0.38089192 0.51157928
vt 0.41747344 0.47675115
vt 0.41429526 0.48612189
vt 0.41282678 0.50979912
vt 0.42441264 0.50098163
vt 0.41026518 0.52550679
vt 0.42018941 0.51632786
vt 0.39914677 0.52672315
vt 0.42522812 0.51136374
vt 0.42347434 0.51825762
vt 0.42185831 0.52117431
vt 0.24322875 0.91347587
vt 0.22587441 0.91083992
vt 0.2351848 0.90228325
vt 0.24296556 0.90508628
vt 0.22661625 0.92004633
vt 0.22283994 0.90183789
vt 0.25182867 0.90864968
vt 0.24325821 0.89478177
vt 0.23868616 0.93023169
vt 0.22592734 0.8905251
vt 0.24746349 0.92156798
vt 0.22406814 0.93374997
vt 0.24559586 0.88219106
vt 0.25386345 0.93235362
vt 0.23610973 0.87845731
vt 0.24123187 0.8692295
vt 0.48075384 0.6979841
vt 0.48966983 0.68982559
vt 0.48773196 0.70897925
vt 0.47840953 0.71058869
vt 0.49989289 0.69826376
vt 0.47358137 0.70937514
vt 0.50892878 0.69203913
vt 0.50469625 0.70165622
vt 0.47334182 0.71133375
vt 0.47319064 0.70425433
vt 0.50988793 0.67922074
vt 0.50339174 0.71568704
vt 0.47518003 0.69747615
vt 0.52388078 0.68389565
vt 0.5181604 0.69713163
vt 0.51450008 0.71361673
vt 0.53501433 0.69324994
vt 0.53645742 0.68698436
vt 0.55977452 0.33840996
vt 0.55196595 0.35691059
vt 0.53828937 0.34940588
vt 0.54728341 0.34018159
vt 0.56387562 0.36551344
vt 0.55078119 0.3180418
vt 0.55438381 0.32787603
vt 0.56916553 0.35712522
vt 0.52890772 0.32256883
vt 0.52003992 0.33002901
vt 0.53012824 0.31100661
vt 0.52161682 0.34346652
vt 0.51196933 0.34027553
vt 0.52792919 0.35353452
vt 0.51536477 0.34766036
vt 0.5414108 0.3569895
vt 0.50303012 0.35152918
vt 0.52984148 0.358989
vt 0.53761315 0.36958319
vt 0.52997631 0.37206203
vt 0.52588862 0.37087429
vt 0.97465062 0.91498142
vt 0.9659884 0.92037952
vt 0.96832693 0.90775025
vt 0.97365475 0.92570561
vt 0.95310199 0.90833652
vt 0.98178077 0.9194628
vt 0.95657068 0.9003368
vt 0.97824502 0.90572053
vt 0.98501492 0.92168385
vt 0.96854234 0.89677918
vt 0.95658237 0.88796115
vt 0.9791221 0.89424664
vt 0.99263257 0.90841854
vt 0.97131038 0.88847423
vt 0.99290884 0.8985644
vt 0.99551117 0.9255873
vt 0.96601069 0.88217026
vt 0.9817853 0.88361347
vt 0.98616433 0.93410504
vt 0.9754951 0.87601769
vt 0.94152474 0.878923
vt 0.99069721 0.88986766
vt 0.96308035 0.87103128
vt 0.95496714 0.87120652
vt 0.66494381 0.65144837
vt 0.66895926 0.64180958
vt 0.67578173 0.64614081
vt 0.67045325 0.659136
vt 0.67820323 0.62796277
vt 0.68544936 0.65989566
vt 0.66529089 0.66482884
vt 0.68537194 0.64259255
vt 0.68052435 0.66868246
vt 0.66040063 0.66915679
vt 0.68894374 0.63286841
vt 0.69000745 0.65469682
vt 0.69212013 0.67143863
vt 0.67394322 0.6735087
vt 0.70245779 0.64408493
vt 0.68623155 0.6206913
vt 0.68436283 0.68085688
vt 0.66660708 0.67721093
vt 0.67477369 0.68385369
vt 0.19519341 0.51188469
vt 0.17517865 0.51798016
vt 0.18148856 0.5033983
vt 0.18049859 0.52409941
vt 0.16560133 0.51222795
vt 0.19379984 0.52754271
vt 0.16587557 0.52073669
vt 0.16000047 0.50861472
vt 0.20858674 0.52618623
vt 0.16050854 0.50815374
vt 0.20503628 0.51770401
vt 0.1812761 0.50304997
vt 0.15963368 0.50824904
vt 0.20548305 0.49958318
vt 0.22228004 0.49299717
vt 0.19869043 0.48587942
vt 0.21020295 0.48956275
vt 0.18859072 0.49286497
vt 0.19662736 0.48524141
vt 0.43909675 0.36404043
vt 0.45190233 0.3652941
vt 0.46142989 0.37748015
vt 0.44838279 0.37804455
vt 0.44903767 0.35978156
vt 0.46130446 0.36750185
vt 0.45588961 0.39051366
vt 0.43663928 0.3777703
vt 0.44526801 0.34846091
vt 0.43887407 0.38975745
vt 0.43225536 0.37236065
vt 0.4367834 0.35804039
vt 0.43557063 0.4031198
vt 0.42703113 0.36859804
vt 0.42427492 0.38589191
vt 0.43282875 0.34005564
vt 0.42575017 0.40191853
vt 0.42779282 0.34869999
vt 0.41104367 0.38332933
vt 0.41282529 0.35577548
vt 0.41582853 0.36394882
vt 0.27760941 0.51857495
vt 0.27727535 0.50465739
vt 0.28598469 0.5041883
vt 0.26431683 0.50494534
vt 0.27505401 0.49599624
vt 0.26622218 0.52221048
vt 0.26798621 0.48080915
vt 0.24789621 0.51490265
vt 0.25495437 0.48211718
vt 0.25573972 0.52586842
vt 0.23209374 0.49836028
vt 0.24682304 0.52713883
vt 0.22739761 0.51065993
vt 0.22268675 0.52460951
vt 0.19384289 0.78049898
vt 0.18966687 0.78724259
vt 0.18155929 0.78021681
vt 0.18541221 0.76843143
vt 0.17874399 0.79651898
vt 0.19361027 0.76737928
vt 0.16872682 0.77340865
vt 0.18572821 0.80204177
vt 0.17130376 0.78805161
vt 0.19231021 0.75931913
vt 0.17197645 0.76136196
vt 0.18318094 0.80880749
vt 0.1640003 0.80541086
vt 0.18103258 0.75768
vt 0.15983212 0.79240882
vt 0.17958517 0.74903154
vt 0.18052857 0.75219947
vt 0.17077695 0.74793911
vt 0.05105114 0.97935754
vt 0.1117456 0.99623996
vt 0.09031231 0.99414974
vt 0.69084942 0.34638512
vt 0.70631391 0.33421963
vt 0.70325977 0.34955716
vt 0.6985088 0.35677058
vt 0.70215362 0.32695067
vt 0.71170968 0.34127605
vt 0.70805407 0.35467279
vt 0.72074163 0.32295305
vt 0.71471244 0.33556837
vt 0.70065165 0.36904716
vt 0.70474291 0.31309885
vt 0.72498697 0.34040117
vt 0.72127187 0.35642165
vt 0.7149055 0.36688209
vt 0.72217417 0.31292617
vt 0.73149067 0.34742218
vt 0.73211956 0.323798
vt 0.73961467 0.33639503
vt 0.73679906 0.36597419
vt 0.72802699 0.37184471
vt 0.73119897 0.32719004
vt 0.73411542 0.31887311
vt 0.7408123 0.31641972
vt 0.94696647 0.44650054
vt 0.94081706 0.44421613
vt 0.94904977 0.43938434
vt 0.959351 0.44484299
vt 0.94595903 0.42844439
vt 0.96504194 0.43291742
vt 0.95021152 0.45411974
vt 0.9602049 0.42742038
vt 0.97523052 0.44159079
vt 0.96204573 0.45006055
vt 0.97890407 0.42068905
vt 0.95695758 0.45896959
vt 0.96852463 0.41603279
vt 0.98299712 0.43950546
vt 0.97498405 0.45733577
vt 0.9615078 0.45849395
vt 0.97488743 0.41084623
vt 0.96021986 0.41674584
vt 0.98927861 0.42124182
vt 0.96795589 0.4060992
vt 0.99094522 0.43206704
vt 0.96888125 0.46444541
vt 0.99610138 0.42072386
vt 0.98858035 0.43998128
vt 0.29759654 0.50175381
vt 0.29064927 0.49431783
vt 0.30884245 0.50471139
vt 0.30061364 0.51242667
vt 0.28694203 0.50403941
vt 0.30789608 0.49152672
vt 0.31762329 0.51609445
vt 0.31939057 0.50000983
vt 0.29380503 0.52061051
vt 0.31535843 0.4826383
vt 0.28459892 0.52652431
vt 0.33040431 0.50753254
vt 0.33077672 0.48981029
vt 0.32322478 0.52020192
vt 0.33717021 0.50328696
vt 0.333361 0.5186252
vt 0.33672789 0.51240003
vt 0.3432695 0.49139571
vt 0.85055327 0.41952348
vt 0.84858829 0.41373181
vt 0.85442501 0.40260714
vt 0.86416417 0.40698105
vt 0.84762132 0.40749925
vt 0.86214411 0.39001673
vt 0.86655855 0.41276968
vt 0.84691596 0.40076113
vt 0.87302756 0.39385736
vt 0.87787259 0.4151662
vt 0.8544172 0.43006778
vt 0.86634034 0.38018173
vt 0.88112926 0.39872867
vt 0.86419559 0.42973703
vt 0.88384783 0.37567282
vt 0.88537776 0.38554096
vt 0.87202817 0.43428409
vt 0.88481224 0.42703372
vt 0.51204777 0.40983468
vt 0.49033773 0.42305344
vt 0.48186499 0.41594428
vt 0.491689 0.40823054
vt 0.51293063 0.41779929
vt 0.48390675 0.39867705
vt 0.50995439 0.40312737
vt 0.49622732 0.42993909
vt 0.47840574 0.40826631
vt 0.50125378 0.39579552
vt 0.52268779 0.40314692
vt 0.50347126 0.4327957
vt 0.47340241 0.4032492
vt 0.49656329 0.38630003
vt 0.50927567 0.38732415
vt 0.47269812 0.38624281
vt 0.52459133 0.39589304
vt 0.48077878 0.37500888
vt 0.49516714 0.37755901
vt 0.59581763 0.29517931
vt 0.60391617 0.28573269
vt 0.61281902 0.28990269
vt 0.60625112 0.30480069
vt 0.58426702 0.28388935
vt 0.62167323 0.30326873
vt 0.5793426 0.29899859
vt 0.61648023 0.31097889
vt 0.601363 0.3243162
vt 0.56726074 0.28986961
vt 0.57075369 0.30662185
vt 0.60280764 0.33179736
vt 0.57748288 0.3240453
vt 0.60702592 0.34002471
vt 0.59229964 0.33770341
vt 0.78047264 0.31982982
vt 0.79840302 0.31057471
vt 0.7910583 0.32037312
vt 0.78005344 0.33171558
vt 0.77834994 0.3111605
vt 0.8062706 0.3189286
vt 0.79530549 0.33322078
vt 0.77520829 0.32576346
vt 0.78245944 0.30277574
vt 0.80002534 0.29475027
vt 0.77258104 0.33436829
vt 0.77593672 0.31715685
vt 0.77370822 0.29980069
vt 0.79327834 0.29624057
vt 0.80976528 0.30321026
vt 0.76217383 0.33078295
vt 0.76740158 0.31840909
vt 0.78510594 0.28935242
vt 0.76355261 0.30233836
vt 0.79633266 0.28390491
vt 0.76567972 0.34028852
vt 0.76470459 0.29116207
vt 0.75380337 0.32264155
vt 0.76114357 0.31147259
vt 0.77788079 0.29385066
vt 0.14934856 0.28478771
vt 0.12990037 0.29882503
vt 0.13812591 0.28472805
vt 0.13702433 0.30347472
vt 0.13044973 0.28222811
vt 0.15008907 0.29364991
vt 0.12754205 0.30917883
vt 0.11308506 0.29681301
vt 0.11553238 0.31043243
vt 0.1337951 0.31256062
vt 0.12337111 0.31645572
vt 0.10894901 0.30386198
vt 0.10827303 0.31810319
vt 0.10361418 0.30614448
vt 0.12052989 0.32386893
vt 0.096710458 0.31294942
vt 0.11518645 0.33919382
vt 0.10670166 0.32609075
vt 0.09787406 0.30653411
vt 0.90607762 0.98794711
vt 0.90417266 0.9808535
vt 0.91417623 0.97587991
vt 0.89674264 0.9953565
vt 0.90622008 0.96640205
vt 0.89548063 0.97583377
vt 0.88321358 0.98396039
vt 0.89079398 0.96638435
vt 0.87918049 0.98966742
vt 0.91061753 0.95876795
vt 0.903413 0.95752311
vt 0.90536052 0.93960643
vt 0.88538915 0.29993695
vt 0.86940169 0.30410397
vt 0.87358624 0.29512513
vt 0.87931615 0.29082662
vt 0.87737477 0.31417263
vt 0.86253387 0.29798305
vt 0.85856038 0.28329825
vt 0.89501011 0.31195372
vt 0.86330378 0.30895418
vt 0.89300728 0.32838273
vt 0.86993784 0.33197165
vt 0.84682024 0.30233353
vt 0.85580426 0.31593138
vt 0.87786376 0.33921373
vt 0.85891664 0.33194685
vt 0.39543024 0.68630195
vt 0.39459997 0.6983819
vt 0.38172132 0.69784731
vt 0.38089621 0.6853348
vt 0.40981337 0.69907999
vt 0.39942542 0.70732814
vt 0.39947456 0.66943592
vt 0.40457159 0.68127322
vt 0.38470721 0.71560931
vt 0.38347504 0.67860645
vt 0.39624098 0.66105711
vt 0.37905598 0.67041826
vt 0.57493103 0.75537598
vt 0.58216536 0.74404156
vt 0.5829829 0.75563151
vt 0.57655185 0.76085645
vt 0.57167906 0.74985021
vt 0.58373952 0.76848304
vt 0.5800088 0.73841369
vt 0.59667951 0.77209169
vt 0.57777309 0.76972842
vt 0.56610036 0.73953682
vt 0.59545296 0.77778256
vt 0.59636354 0.758196
vt 0.60602796 0.77222228
vt 0.59606004 0.75399071
vt 0.60661989 0.76094747
vt 0.62019789 0.77292877
vt 0.77000612 0.45839548
vt 0.75722885 0.43217045
vt 0.76153195 0.4339627
vt 0.76261806 0.46569109
vt 0.76033038 0.43038255
vt 0.77206385 0.46525413
vt 0.75447202 0.44741631
vt 0.74068433 0.43197334
vt 0.75048161 0.41626269
vt 0.73042965 0.43163633
vt 0.72287542 0.41789496
vt 0.73331791 0.41056818
vt 0.19721159 0.27895969
vt 0.19144915 0.28190583
vt 0.19055316 0.26746595
vt 0.20093147 0.26349598
vt 0.19956796 0.29544002
vt 0.20923996 0.27404684
vt 0.2158432 0.28893554
vt 0.20741987 0.26219648
vt 0.21456441 0.2996273
vt 0.2054753 0.25338107
vt 0.2237004 0.27033138
vt 0.22628762 0.28412616
vt 0.22644433 0.2910893
vt 0.20652302 0.30617607
vt 0.22008626 0.25706214
vt 0.22053726 0.2649461
vt 0.22846402 0.30139315
vt 0.22041188 0.30950952
vt 0.23514031 0.2712934
vt 0.23187126 0.28565162
vt 0.24068348 0.29986876
vt 0.23969269 0.27694237
vt 0.24211296 0.28752267
vt 0.89172053 0.54916942
vt 0.9043709 0.54329705
vt 0.9033367 0.55399406
vt 0.89422089 0.55885947
vt 0.88479221 0.54134065
vt 0.91750598 0.54070795
vt 0.88245821 0.55570108
vt 0.90282649 0.52927488
vt 0.87889117 0.55375326
vt 0.92752469 0.55794489
vt 0.93093544 0.54983222
vt 0.93121094 0.77450538
vt 0.91741037 0.78422689
vt 0.91101313 0.76062965
vt 0.92630374 0.75614464
vt 0.93630022 0.80860239
vt 0.94920433 0.79803133
vt 0.46002653 0.47937548
vt 0.47196805 0.49732763
vt 0.45472094 0.49993509
vt 0.44743291 0.4891386
vt 0.46464428 0.50561315
vt 0.44394943 0.4962914
vt 0.44745773 0.47377479
vt 0.46324378 0.51308441
vt 0.44219649 0.50729644
vt 0.45008004 0.5178135
vt 0.46038991 0.5252952
vt 0.45476997 0.52700329
vt 0.2862044 0.30813307
vt 0.26607141 0.29944241
vt 0.27900448 0.28844154
vt 0.29575834 0.29580086
vt 0.27198577 0.30926597
vt 0.26108742 0.28142089
vt 0.30665073 0.27346462
vt 0.2529515 0.30335444
vt 0.29196399 0.27215123
vt 0.31615797 0.28659821
vt 0.31606787 0.27522254
vt 0.32868257 0.28141922
vt 0.32303023 0.27500707
vt 0.33435836 0.2670173
vt 0.33713132 0.28052837
vt 0.34470624 0.26310432
vt 0.33520979 0.29596359
vt 0.35714719 0.26920325
vt 0.34976843 0.28336775
vt 0.3484076 0.2989977
vt 0.35661802 0.2879678
vt 0.33858693 0.30571163
vt 0.36693257 0.27840775
vt 0.3526147 0.30907786
vt 0.35797542 0.29975486
vt 0.36795777 0.28638661
vt 0.5101558 0.28166181
vt 0.49619001 0.28766018
vt 0.50113541 0.27190262
vt 0.51447296 0.26970619
vt 0.50078321 0.29705817
vt 0.49539888 0.27605069
vt 0.51818621 0.28173488
vt 0.51358306 0.29756784
vt 0.49455923 0.3061409
vt 0.48803216 0.27270746
vt 0.48822877 0.26441747
vt 0.52374482 0.26977462
vt 0.50532311 0.30884838
vt 0.48188224 0.28804833
vt 0.47228324 0.27743661
vt 0.47734037 0.261446
vt 0.81670749 0.36977112
vt 0.8269484 0.36149657
vt 0.83172917 0.37109131
vt 0.81695861 0.38166231
vt 0.83572614 0.35390925
vt 0.81822473 0.38743407
vt 0.85206133 0.35181576
vt 0.83370304 0.38997149
vt 0.85132682 0.36435443
vt 0.84138912 0.3777476
vt 0.8211962 0.3974511
vt 0.85348201 0.37774521
vt 0.84169257 0.38839823
vt 0.83802545 0.40203524
vt 0.84372538 0.38155729
vt 0.84752446 0.38882452
vt 0.84321767 0.39487857
vt 0.22020487 0.82879794
vt 0.22689623 0.81425166
vt 0.24150634 0.82665193
vt 0.23109354 0.8315168
vt 0.21382543 0.81476128
vt 0.21462242 0.84041286
vt 0.22585568 0.79592055
vt 0.21021426 0.82243556
vt 0.20643406 0.8062132
vt 0.23191534 0.80155367
vt 0.20545897 0.82896948
vt 0.19855012 0.81020236
vt 0.1906902 0.8164475
vt 0.93846059 0.68745977
vt 0.92523372 0.68940485
vt 0.93014538 0.67178661
vt 0.9399237 0.67137635
vt 0.93849623 0.69398642
vt 0.91823208 0.67273092
vt 0.9399268 0.66439736
vt 0.93107373 0.69949114
vt 0.91273046 0.69395518
vt 0.94835454 0.66643512
vt 0.93944001 0.70673674
vt 0.91590112 0.69944257
vt 0.90933287 0.68468416
vt 0.94943446 0.71001542
vt 0.92402625 0.70442438
vt 0.92862153 0.71482867
vt 0.92328715 0.71414751
vt 0.7305479 0.28637862
vt 0.72908503 0.29152197
vt 0.71568704 0.28535002
vt 0.71746266 0.27403891
vt 0.74214381 0.29715931
vt 0.70922065 0.3093915
vt 0.69864112 0.27537936
vt 0.7319116 0.30405676
vt 0.71667051 0.30681783
vt 0.69139045 0.28947794
vt 0.18403062 0.66432059
vt 0.19747773 0.66421473
vt 0.18488792 0.67736852
vt 0.17398904 0.67262274
vt 0.18855333 0.65053648
vt 0.19657797 0.67142868
vt 0.17787403 0.66440642
vt 0.17801954 0.68262553
vt 0.20256674 0.64495289
vt 0.18813846 0.6776244
vt 0.20019606 0.66695958
vt 0.16090737 0.65984273
vt 0.18344349 0.68001086
vt 0.21065368 0.65571952
vt 0.17773928 0.64781785
vt 0.20891759 0.65762842
vt 0.1861908 0.67817092
vt 0.067250632 0.39184529
vt 0.077805005 0.39044237
vt 0.076804064 0.40105963
vt 0.068821624 0.40266305
vt 0.073955506 0.37349147
vt 0.085874319 0.39591217
vt 0.089606769 0.37947559
vt 0.08877597 0.39256644
vt 0.091372378 0.36829239
vt 0.080185376 0.35942817
vt 0.098450854 0.39343512
vt 0.1000228 0.38103008
vt 0.10550192 0.38863844
vt 0.11522873 0.38076091
vt 0.11654749 0.39762866
vt 0.73953795 0.97852147
vt 0.75214136 0.9852922
vt 0.74146992 0.99141556
vt 0.73224783 0.98021334
vt 0.74977624 0.97104073
vt 0.75073159 0.99683166
vt 0.7257821 0.98602289
vt 0.74048102 0.97129261
vt 0.72354561 0.97619605
vt 0.73761177 0.96465331
vt 0.72969973 0.97281939
vt 0.7427243 0.95072669
vt 0.7344957 0.95934272
vt 0.75237566 0.94757277
vt 0.64499128 0.43451518
vt 0.64394498 0.42491907
vt 0.65383959 0.4259212
vt 0.65392864 0.42601341
vt 0.63715857 0.4350211
vt 0.65580457 0.43871582
vt 0.63685256 0.44572508
vt 0.63945436 0.41579193
vt 0.65404487 0.42620224
vt 0.65016401 0.45575804
vt 0.62917763 0.44247878
vt 0.66108209 0.43800896
vt 0.65891314 0.4515928
vt 0.64201516 0.45634741
vt 0.66377527 0.44528216
vt 0.63429058 0.46566188
vt 0.66412956 0.44486797
vt 0.66502416 0.44666213
vt 0.66408044 0.4450351
vt 0.66443884 0.44554782
vt 0.80617213 0.4700641
vt 0.79405051 0.46739399
vt 0.79283863 0.45245063
vt 0.81293625 0.45920205
vt 0.79190302 0.48660707
vt 0.78602326 0.45796579
vt 0.79808778 0.44762737
vt 0.8192988 0.47053766
vt 0.80227983 0.48106617
vt 0.81217146 0.45684338
vt 0.81120747 0.48231894
vt 0.80079818 0.49181294
vt 0.81408888 0.45743614
vt 0.81248462 0.48860842
vt 0.8027786 0.49645442
vt 0.96598798 0.60362518
vt 0.95352143 0.60306025
vt 0.9543556 0.58457053
vt 0.97343892 0.59023869
vt 0.96574056 0.61596704
vt 0.94201863 0.59020936
vt 0.97231233 0.59975171
vt 0.96228945 0.58220136
vt 0.97099322 0.61158323
vt 0.94641495 0.58009541
vt 0.98633832 0.60120869
vt 0.97521466 0.58078647
vt 0.9878996 0.6105417
vt 0.99050039 0.58813405
vt 0.9782654 0.62104869
vt 0.98260224 0.96628731
vt 0.99271035 0.97639871
vt 0.98946971 0.9849627
vt 0.97588265 0.97077161
vt 0.97364557 0.98424107
vt 0.97597361 0.96728504
vt 0.97266734 0.9961943
vt 0.97853333 0.95199883
vt 0.98456097 0.94683611
vt 0.97965676 0.94785231
vt 0.98935658 0.95275843
vt 0.10564908 0.27407223
vt 0.11075729 0.28215361
vt 0.098589331 0.29440534
vt 0.090755589 0.27929848
vt 0.10986311 0.29263747
vt 0.081768401 0.29230791
vt 0.098234229 0.27200693
vt 0.090614587 0.30057812
vt 0.072770201 0.27014911
vt 0.074449956 0.26236337
vt 0.072393142 0.29852134
vt 0.066466637 0.28404695
vt 0.084920585 0.30905533
vt 0.63176823 0.82404184
vt 0.63765198 0.81493282
vt 0.63461232 0.82519644
vt 0.62514001 0.80605787
vt 0.64369911 0.82032967
vt 0.62596655 0.8277266
vt 0.63443977 0.80078304
vt 0.62295598 0.83080328
vt 0.61358845 0.82225943
vt 0.61762029 0.83921677
vt 0.61705083 0.81432825
vt 0.6202783 0.83752525
vt 0.61273491 0.83380276
vt 0.5978477 0.80780011
vt 0.60367209 0.82436472
vt 0.50584143 0.90064073
vt 0.49648666 0.88993973
vt 0.50406498 0.88612568
vt 0.5079608 0.89998484
vt 0.49806759 0.90447998
vt 0.50769234 0.88822788
vt 0.50858372 0.9025923
vt 0.50844586 0.90564895
vt 0.50573725 0.91080052
vt 0.50697142 0.93136519
vt 0.50574386 0.93328202
vt 0.48776931 0.91209251
vt 0.97068638 0.26664823
vt 0.97919381 0.27692217
vt 0.97556627 0.29504305
vt 0.95458984 0.27682269
vt 0.98909938 0.29385209
vt 0.9685058 0.30839235
vt 0.95026308 0.30512363
vt 0.9413954 0.29832363
vt 0.94129062 0.27327663
vt 0.95019841 0.26698565
vt 0.57563597 0.59160197
vt 0.56642973 0.60593218
vt 0.5654847 0.59481454
vt 0.58004016 0.60511327
vt 0.57443064 0.62052357
vt 0.58663249 0.5950951
vt 0.58108044 0.61801004
vt 0.59037465 0.61962831
vt 0.59944612 0.61543381
vt 0.5999158 0.59773421
vt 0.59614539 0.58834493
vt 0.59358537 0.57408404
vt 0.57711017 0.57586604
vt 0.66284138 0.27688235
vt 0.65497983 0.27953732
vt 0.65766412 0.26769435
vt 0.67241448 0.27374524
vt 0.65966427 0.29089749
vt 0.63371933 0.28350532
vt 0.6676482 0.26702219
vt 0.67483377 0.28650749
vt 0.64460677 0.29080713
vt 0.6600154 0.29932606
vt 0.63076442 0.30009931
vt 0.6480605 0.29966778
vt 0.62850296 0.28862286
vt 0.6516363 0.30852425
vt 0.32350147 0.92680335
vt 0.32024249 0.93133742
vt 0.30928832 0.92416614
vt 0.33229929 0.94326037
vt 0.30836287 0.93621224
vt 0.29262546 0.94983107
vt 0.29472506 0.92787749
vt 0.3102296 0.94484812
vt 0.28431198 0.94791502
vt 0.28468695 0.92853326
vt 0.41573748 0.87543535
vt 0.41552359 0.88251424
vt 0.40599152 0.88927996
vt 0.39783484 0.87871337
vt 0.39998385 0.86965179
vt 0.3945426 0.8965475
vt 0.38604775 0.87567592
vt 0.40760288 0.85758996
vt 0.38917834 0.88751888
vt 0.38857117 0.90265775
vt 0.38290763 0.88208294
vt 0.37982744 0.89473957
vt 0.040884357 0.26815242
vt 0.036499534 0.25639141
vt 0.048884973 0.25866914
vt 0.029026616 0.26108909
vt 0.047088776 0.24377465
vt 0.034152027 0.27611804
vt 0.02103379 0.24914938
vt 0.035789847 0.24247402
vt 0.019725058 0.26634836
vt 0.031112317 0.23290688
vt 0.020722168 0.23559552
vt 0.013919946 0.25693315
vt 0.0077747735 0.26624101
vt 0.011270565 0.27752161
vt 0.0040215473 0.27270985
vt 0.34050557 0.96236181
vt 0.35664284 0.94953465
vt 0.35062853 0.96042073
vt 0.35842028 0.96497244
vt 0.34127238 0.93800902
vt 0.316405 0.94295865
vt 0.11264247 0.35518223
vt 0.1089108 0.33991033
vt 0.12351193 0.35126251
vt 0.12870927 0.35924208
vt 0.12542057 0.33622622
vt 0.11791722 0.3660934
vt 0.13258003 0.34751606
vt 0.097448058 0.36214161
vt 0.13941851 0.33608234
vt 0.10428666 0.37058896
vt 0.1400172 0.34527957
vt 0.36256707 0.8303858
vt 0.35700598 0.8237474
vt 0.3754296 0.82581788
vt 0.36720082 0.8393237
vt 0.36965522 0.81406063
vt 0.37329042 0.84077322
vt 0.35742638 0.81264454
vt 0.38094684 0.81583619
vt 0.38344902 0.83490711
vt 0.34767887 0.82299006
vt 0.38994619 0.82522678
vt 0.87973541 0.90172935
vt 0.88702095 0.89532912
vt 0.89128393 0.90824586
vt 0.90215212 0.90784043
vt 0.89848769 0.92758858
vt 0.91129494 0.92285341
vt 0.91611129 0.91377938
vt 0.90615946 0.93372732
vt 0.92275834 0.92090142
vt 0.9202714 0.93229061
vt 0.26853159 0.71205688
vt 0.2555179 0.71916986
vt 0.25433812 0.71072519
vt 0.26475957 0.73182571
vt 0.27504393 0.72776532
vt 0.28150362 0.71450067
vt 0.28773925 0.73483497
vt 0.27568725 0.7342304
vt 0.29035631 0.7137925
vt 0.26794127 0.73692667
vt 0.2760579 0.74582827
vt 0.29132539 0.72495025
vt 0.29757771 0.73099709
vt 0.35616931 0.34001398
vt 0.36673623 0.33099109
vt 0.36487383 0.36457556
vt 0.35603905 0.35146224
vt 0.34939179 0.33161467
vt 0.37491485 0.34494323
vt 0.34768316 0.34223008
vt 0.38998735 0.35917044
vt 0.37163985 0.36749595
vt 0.37806368 0.37168515
vt 0.56247509 0.3642078
vt 0.55764407 0.37183112
vt 0.55317795 0.3589043
vt 0.57166451 0.37086326
vt 0.54404271 0.36198294
vt 0.56083161 0.3796801
vt 0.5497098 0.38295317
vt 0.57297236 0.3845259
vt 0.5344156 0.39141268
vt 0.56175131 0.39067423
vt 0.55168825 0.39547276
vt 0.56284481 0.40234643
vt 0.98533672 0.8687942
vt 0.97483301 0.87078977
vt 0.95630163 0.87187421
vt 0.94107646 0.86917686
vt 0.95804662 0.84559572
vt 0.94930649 0.85020733
vt 0.54541415 0.74382824
vt 0.5329932 0.74656463
vt 0.54392147 0.73463202
vt 0.52681136 0.73995388
vt 0.54329062 0.73342669
vt 0.54383868 0.73193836
vt 0.53149885 0.72961116
vt 0.51389736 0.73897982
vt 0.53754699 0.72477055
vt 0.51583034 0.72587383
vt 0.5366717 0.72291642
vt 0.51876754 0.71469498
vt 0.50425166 0.73429394
vt 0.52804559 0.71437812
vt 0.53341532 0.71472132
vt 0.56497264 0.72801614
vt 0.55474591 0.7319023
vt 0.54951817 0.71783185
vt 0.53462875 0.70508063
vt 0.54482925 0.73057854
vt 0.535954 0.71660447
vt 0.55385935 0.74652559
vt 0.55341482 0.28527379
vt 0.54806185 0.26826143
vt 0.5566467 0.2706486
vt 0.56949687 0.26902205
vt 0.53773493 0.27541643
vt 0.57314694 0.28527826
vt 0.54362327 0.29139
vt 0.56014222 0.29056621
vt 0.55565715 0.30060947
vt 0.54811865 0.30883992
vt 0.56354016 0.30955899
vt 0.53467327 0.29368693
vt 0.051214896 0.93942857
vt 0.057675004 0.95481336
vt 0.05390992 0.95906276
vt 0.064892836 0.9445715
vt 0.062512279 0.95733875
vt 0.063736975 0.95621085
vt 0.063496046 0.96078449
vt 0.06497217 0.95072883
vt 0.061172523 0.96835631
vt 0.057654034 0.97030669
vt 0.060794573 0.97091699
vt 0.059157606 0.97979939
vt 0.84336263 0.26813233
vt 0.84751058 0.2854386
vt 0.83315831 0.28768343
vt 0.82673621 0.27896982
vt 0.8575018 0.28387934
vt 0.84529972 0.29274541
vt 0.81586349 0.29756564
vt 0.85686612 0.27357817
vt 0.8450802 0.30434901
vt 0.81738079 0.30814195
vt 0.83914453 0.3090291
vt 0.50312519 0.51211286
vt 0.49139583 0.50177503
vt 0.50060487 0.49919295
vt 0.50885528 0.49881881
vt 0.48848674 0.50902867
vt 0.49141133 0.49942362
vt 0.51421613 0.50849283
vt 0.48873001 0.50507891
vt 0.48640686 0.50999069
vt 0.51426679 0.50865424
vt 0.49042481 0.52374113
vt 0.50814277 0.52112341
vt 0.47587237 0.51104486
vt 0.48237067 0.50940633
vt 0.48281926 0.52671099
vt 0.47687128 0.52604383
vt 0.4751426 0.51553047
vt 0.47362325 0.5103851
vt 0.88795114 0.27921188
vt 0.87803668 0.28522468
vt 0.88149631 0.27045208
vt 0.89199358 0.27285248
vt 0.88753492 0.29253113
vt 0.9028855 0.27744395
vt 0.9026233 0.28984451
vt 0.89465708 0.29648459
vt 0.91232312 0.28578174
vt 0.90037906 0.30874997
vt 0.91443771 0.28110206
vt 0.90979356 0.29164124
vt 0.90739793 0.29729205
vt 0.90436405 0.30762923
vt 0.1370613 0.24435198
vt 0.14202873 0.23901904
vt 0.14378913 0.26823181
vt 0.13024189 0.26211029
vt 0.16432936 0.25961173
vt 0.12886101 0.27470517
vt 0.16505916 0.27696699
vt 0.37211117 0.97133958
vt 0.3799696 0.94234121
vt 0.38021648 0.94282043
vt 0.37799266 0.96486777
vt 0.36359331 0.94797409
vt 0.38030174 0.94227415
vt 0.37725511 0.97129995
vt 0.37755671 0.98057431
vt 0.23520321 0.24022734
vt 0.25299719 0.24131149
vt 0.24006066 0.25401396
vt 0.22757161 0.24874622
vt 0.26104224 0.26461792
vt 0.22474009 0.23850465
vt 0.22242297 0.25337625
vt 0.2523379 0.26597428
vt 0.23704694 0.26478142
vt 0.24586241 0.27800149
vt 0.25445601 0.27213573
vt 0.35460982 0.2673611
vt 0.34742296 0.26201785
vt 0.3494224 0.24983174
vt 0.36154056 0.24236768
vt 0.37100658 0.26210821
vt 0.37563917 0.24195391
vt 0.37298796 0.27768689
vt 0.38580751 0.24836195
vt 0.38197988 0.27720296
vt 0.38744947 0.26929581
vt 0.21912223 0.93598509
vt 0.22799534 0.94856888
vt 0.21894653 0.94842559
vt 0.20549685 0.93853426
vt 0.212596 0.94985503
vt 0.20642796 0.92383361
vt 0.19728975 0.93086112
vt 0.19118322 0.93417263
vt 0.43046612 0.26027644
vt 0.41663769 0.27827471
vt 0.41105601 0.26805186
vt 0.40941551 0.25638831
vt 0.41702735 0.23966831
vt 0.42894849 0.2459538
vt 0.43677112 0.24798244
vt 0.4413 0.26444781
vt 0.43802929 0.24075752
vt 0.44741124 0.2589711
vt 0.44620875 0.24716663
vt 0.56714332 0.26305354
vt 0.58272904 0.24957657
vt 0.57705128 0.26976097
vt 0.57096034 0.24643338
vt 0.58256155 0.26220816
vt 0.58327657 0.24337775
vt 0.59436631 0.26094294
vt 0.587394 0.27804154
vt 0.59423363 0.24057907
vt 0.59501511 0.27207118
vt 0.59861159 0.25188839
vt 0.60292083 0.26444143
vt 0.70413071 0.75162756
vt 0.71028525 0.74555826
vt 0.72203988 0.75552452
vt 0.69783312 0.76051486
vt 0.71863854 0.74071503
vt 0.71619517 0.77298892
vt 0.70169622 0.77755827
vt 0.69225603 0.77033788
vt 0.37800232 0.50648606
vt 0.36715931 0.5009715
vt 0.3715665 0.48997062
vt 0.35949656 0.50828075
vt 0.36086679 0.49406457
vt 0.37702122 0.51449353
vt 0.36781746 0.52725935
vt 0.34871703 0.5017283
vt 0.35429117 0.52677906
vt 0.35302606 0.51669919
vt 0.34846139 0.51717359
vt 0.34692442 0.50500286
vt 0.66505677 0.82667094
vt 0.65514684 0.83061892
vt 0.64483219 0.80626345
vt 0.64401156 0.81897682
vt 0.64294207 0.82493877
vt 0.64767402 0.84042084
vt 0.63887429 0.83046168
vt 0.62855375 0.8374666
vt 0.13731155 0.91752452
vt 0.13124585 0.90126932
vt 0.14060654 0.90619707
vt 0.12834406 0.8890506
vt 0.14939411 0.89742249
vt 0.13039586 0.8825807
vt 0.14290069 0.88739675
vt 0.15112427 0.88141757
vt 0.1520445 0.89055997
vt 0.15240301 0.98237199
vt 0.1510704 0.99638593
vt 0.14369512 0.99121881
vt 0.14207113 0.97835678
vt 0.16410521 0.98872453
vt 0.12914827 0.98942685
vt 0.1663062 0.99627757
vt 0.93400162 0.60468239
vt 0.94537103 0.60089242
vt 0.94375259 0.61240518
vt 0.93789864 0.6202507
vt 0.94232202 0.59486055
vt 0.92703438 0.62057424
vt 0.92617571 0.59256983
vt 0.92567784 0.61333644
vt 0.92808384 0.5847367
vt 0.91327041 0.60134184
vt 0.91787261 0.6126858
vt 0.90956002 0.61197531
vt 0.95776063 0.47922516
vt 0.94627345 0.47482806
vt 0.95015234 0.46488214
vt 0.95752752 0.46338999
vt 0.94045442 0.48881596
vt 0.94394106 0.46513468
vt 0.96524084 0.46540964
vt 0.95474064 0.49039739
vt 0.97571516 0.47216028
vt 0.95979947 0.48664665
vt 0.95268583 0.49706417
vt 0.97212452 0.46575505
vt 0.97706926 0.47906709
vt 0.47320727 0.92991716
vt 0.47362304 0.95017332
vt 0.45979384 0.94410574
vt 0.45896798 0.93204272
vt 0.46294746 0.95087081
vt 0.45878765 0.96537989
vt 0.45737675 0.95443285
vt 0.59851044 0.45664847
vt 0.5978846 0.44096541
vt 0.61196214 0.4470163
vt 0.62061471 0.45214504
vt 0.61731964 0.42929137
vt 0.62954241 0.44259244
vt 0.61627895 0.46382684
vt 0.62977511 0.4570787
vt 0.63057333 0.46559048
vt 0.60374242 0.46353686
vt 0.29278776 0.37844419
vt 0.29539338 0.36798346
vt 0.30389506 0.36822075
vt 0.30000567 0.38505542
vt 0.28531972 0.38770056
vt 0.30794549 0.37623161
vt 0.31768236 0.38461292
vt 0.29997617 0.40169132
vt 0.30863157 0.4013871
vt 0.29022568 0.4010098
vt 0.32930425 0.86973786
vt 0.33579481 0.87478352
vt 0.32684797 0.88576269
vt 0.31775236 0.88167638
vt 0.33660191 0.85615659
vt 0.31930611 0.86748356
vt 0.31743243 0.85936952
vt 0.31599936 0.87517399
vt 0.31729659 0.86318243
vt 0.31758565 0.85074294
vt 0.31705746 0.86527187
vt 0.42179421 0.81683958
vt 0.41645616 0.83356917
vt 0.40968686 0.82258308
vt 0.43838567 0.82861316
vt 0.44448709 0.82322621
vt 0.43056592 0.83907819
vt 0.42004931 0.84076715
vt 0.13355769 0.91434449
vt 0.13684486 0.93355304
vt 0.13068143 0.93371797
vt 0.13394505 0.91389984
vt 0.13107216 0.94875365
vt 0.13356431 0.91392398
vt 0.14371742 0.91838449
vt 0.12946336 0.94715297
vt 0.14804733 0.39893657
vt 0.14174354 0.40186012
vt 0.14588124 0.38441068
vt 0.15167417 0.38118446
vt 0.13626203 0.38163322
vt 0.16426837 0.40070301
vt 0.12979795 0.39848691
vt 0.1650155 0.38566697
vt 0.12808795 0.39037102
vt 0.14968939 0.36650503
vt 0.16103655 0.37342793
vt 0.89406198 0.87640166
vt 0.89718813 0.89028567
vt 0.88818783 0.88142842
vt 0.90141875 0.8781445
vt 0.87884182 0.89300346
vt 0.8995102 0.86754954
vt 0.91161567 0.88279963
vt 0.90008247 0.9016906
vt 0.9638536 0.92667663
vt 0.95696062 0.9254266
vt 0.95960456 0.91477448
vt 0.97568983 0.93195063
vt 0.95696503 0.93739909
vt 0.97449744 0.94324499
vt 0.98092699 0.93669271
vt 0.96420789 0.95015305
vt 0.98248589 0.93169808
vt 0.13367197 0.98506123
vt 0.11283264 0.99604529
vt 0.097266443 0.98999494
vt 0.98942721 0.8320694
vt 0.98810208 0.83986253
vt 0.97929293 0.82952577
vt 0.98091555 0.82287312
vt 0.99412012 0.83398736
vt 0.97302955 0.81619632
vt 0.99203384 0.82327795
vt 0.97942394 0.81075031
vt 0.99580741 0.80686438
vt 0.97250128 0.68474734
vt 0.98771513 0.68076015
vt 0.99636447 0.69151658
vt 0.99703699 0.71180922
vt 0.972646 0.71469963
vt 0.37363684 0.77941191
vt 0.38205302 0.77502215
vt 0.38727903 0.80354536
vt 0.3699736 0.80578148
vt 0.37766796 0.808864
vt 0.36374572 0.79628313
vt 0.38465092 0.80699807
vt 0.36806381 0.80646104
vt 0.45273596 0.66863269
vt 0.46238455 0.67304289
vt 0.45395553 0.68385279
vt 0.44236138 0.6655165
vt 0.46173432 0.65778184
vt 0.4702332 0.68183661
vt 0.4482936 0.65703678
vt 0.45238426 0.6502037
vt 0.19070776 0.85413516
vt 0.17586344 0.8431648
vt 0.20078941 0.82309455
vt 0.19666961 0.84634995
vt 0.17503174 0.85595191
vt 0.18093255 0.83116078
vt 0.63734871 0.69696248
vt 0.65017009 0.69650781
vt 0.63452315 0.70726073
vt 0.63522559 0.72280753
vt 0.65116906 0.71526814
vt 0.62940598 0.71973139
vt 0.64598 0.72933257
vt 0.63223112 0.73090857
vt 0.700302 0.71147144
vt 0.7072227 0.7005102
vt 0.70800292 0.71533364
vt 0.69926953 0.69857365
vt 0.72134656 0.69952369
vt 0.69140095 0.69745016
vt 0.69237012 0.68152475
vt 0.71988279 0.43391895
vt 0.72294027 0.43825787
vt 0.71247017 0.4382118
vt 0.69114977 0.45208764
vt 0.71006936 0.46361554
vt 0.72516364 0.45573735
vt 0.69495451 0.46418953
vt 0.2217211 0.90177172
vt 0.2061307 0.90040642
vt 0.22954056 0.88397312
vt 0.20663573 0.87151176
vt 0.22826846 0.87333536
vt 0.37783653 0.97934788
vt 0.38521674 0.98481935
vt 0.3739683 0.99289572
vt 0.36239681 0.9864471
vt 0.38294467 0.99519527
vt 0.3954289 0.99687618
vt 0.62831527 0.58103144
vt 0.61285096 0.5797984
vt 0.61285979 0.56227136
vt 0.6225583 0.56012106
vt 0.61534429 0.58780158
vt 0.60259759 0.56936723
vt 0.60652566 0.59044141
vt 0.59762257 0.58706641
vt 0.25916949 0.40024108
vt 0.25349033 0.39562654
vt 0.26096597 0.38624847
vt 0.26738024 0.39831734
vt 0.27073839 0.38382226
vt 0.26435766 0.37557614
vt 0.27914768 0.40237337
vt 0.27775902 0.37067407
vt 0.28330755 0.38975036
vt 0.35533375 0.89252818
vt 0.35738066 0.90215164
vt 0.34679049 0.89782268
vt 0.34945613 0.88881975
vt 0.36668584 0.88360089
vt 0.35926667 0.87087405
vt 0.36566791 0.87266994
vt 0.37867263 0.88179922
vt 0.46942362 0.97269684
vt 0.4753812 0.98515189
vt 0.45724449 0.98432201
vt 0.48738179 0.97428054
vt 0.4702976 0.9966591
vt 0.48424965 0.99077523
vt 0.45637062 0.99182284
vt 0.20971023 0.72471642
vt 0.20637707 0.73506397
vt 0.1911684 0.730021
vt 0.20438115 0.71944261
vt 0.22186764 0.73490882
vt 0.1957227 0.74054718
vt 0.20170191 0.71722996
vt 0.20906627 0.74538684
vt 0.050653089 0.97830093
vt 0.050766256 0.99662316
vt 0.042703971 0.96947426
vt 0.050713249 0.96430248
vt 0.6935634 0.99051708
vt 0.69190025 0.97794425
vt 0.70182502 0.97958362
vt 0.70398605 0.99001521
vt 0.71991611 0.98191589
vt 0.71354324 0.99682188
vt 0.7133382 0.97183597
vt 0.68829548 0.77664095
vt 0.67486691 0.77819431
vt 0.68672562 0.76444519
vt 0.69567269 0.77340877
vt 0.68087536 0.78524321
vt 0.69776928 0.79194838
vt 0.70057368 0.78092849
vt 0.68292665 0.79294693
vt 0.66583323 0.98281968
vt 0.6716876 0.97455752
vt 0.66947079 0.98560679
vt 0.66279268 0.9733426
vt 0.68947852 0.97391385
vt 0.66155583 0.97820365
vt 0.67085081 0.98890734
vt 0.65984261 0.97269428
vt 0.67273247 0.99575776
vt 0.98295683 0.80910939
vt 0.97240621 0.79007089
vt 0.98251653 0.79376411
vt 0.99189562 0.79486042
vt 0.98080361 0.78001982
vt 0.9930864 0.781618
vt 0.6424759 0.98095638
vt 0.63092721 0.98553973
vt 0.6160053 0.97950262
vt 0.62437403 0.99559373
vt 0.61267662 0.98953336
vt 0.33615252 0.84544432
vt 0.34718189 0.84157181
vt 0.34453315 0.85882783
vt 0.33399609 0.85324144
vt 0.35749927 0.86018056
vt 0.3324843 0.85108238
vt 0.33724129 0.8606509
vt 0.35383132 0.87021136
vt 0.33991513 0.86856681
vt 0.33683833 0.86621332
vt 0.33791512 0.87073493
vt 0.3322593 0.99613953
vt 0.34084877 0.97810131
vt 0.3470377 0.99219126
vt 0.34701252 0.99422705
vt 0.3482132 0.98183012
vt 0.34567046 0.96941358
vt 0.34880733 0.97780901
vt 0.076801859 0.94079107
vt 0.072556593 0.94960541
vt 0.053041641 0.93702638
vt 0.061103057 0.93230766
vt 0.051715083 0.93132365
vt 0.078557171 0.93568206
vt 0.11015942 0.9472506
vt 0.098077334 0.93880433
vt 0.093483329 0.9317885
vt 0.082503758 0.94207793
vt 0.097573653 0.94374859
vt 0.09425801 0.94922972
vt 0.49552891 0.88427389
vt 0.50362796 0.87351406
vt 0.5085966 0.88755298
vt 0.49448818 0.87374014
vt 0.50913125 0.87473452
vt 0.49902824 0.86008328
vt 0.51005226 0.8598392
vt 0.48907444 0.86952031
vt 0.3699559 0.71714616
vt 0.37955028 0.71694863
vt 0.37511143 0.72732759
vt 0.36533529 0.72987688
vt 0.36381483 0.70343471
vt 0.37954691 0.72948444
vt 0.36327913 0.71960127
vt 0.37888384 0.70970833
vt 0.38736793 0.71983033
vt 0.1518431 0.93822718
vt 0.15399849 0.94719446
vt 0.14491549 0.94851649
vt 0.15498111 0.92421353
vt 0.16913047 0.93409407
vt 0.16011232 0.92181313
vt 0.16402906 0.94992197
vt 0.053019471 0.98565596
vt 0.051583577 0.99640483
vt 0.051722478 0.96869355
vt 0.46141768 0.73001695
vt 0.45779005 0.71247637
vt 0.47110301 0.70963812
vt 0.47337756 0.72112447
vt 0.46422192 0.70867884
vt 0.48252657 0.72345471
vt 0.4088847 0.80813265
vt 0.40003502 0.78367531
vt 0.41648707 0.79779911
vt 0.39372584 0.783041
vt 0.39525351 0.79096282
vt 0.39883983 0.80866605
vt 0.65288806 0.85257733
vt 0.64408714 0.85008854
vt 0.64817637 0.8398546
vt 0.66283351 0.85530734
vt 0.66985554 0.84615672
vt 0.66572052 0.83547044
vt 0.92233342 0.65034199
vt 0.91030878 0.6443699
vt 0.91297138 0.63471532
vt 0.92257559 0.63834643
vt 0.91488576 0.65225536
vt 0.91492242 0.627958
vt 0.9301855 0.63063991
vt 0.93493658 0.63806164
vt 0.96786857 0.97147524
vt 0.96769148 0.99310488
vt 0.95777583 0.99568111
vt 0.62949389 0.78947753
vt 0.61365688 0.79277629
vt 0.61325157 0.77846271
vt 0.62450552 0.78022021
vt 0.62322968 0.7674939
vt 0.63140315 0.77289325
vt 0.65868509 0.97207677
vt 0.64377344 0.97997224
vt 0.65288204 0.96287596
vt 0.66282904 0.95596665
vt 0.17735283 0.99441415
vt 0.19362296 0.99460822
vt 0.19303188 0.99507093
vt 0.17628579 0.99036127
vt 0.19373158 0.99514163
vt 0.17462657 0.99537826
vt 0.18655787 0.98713589
vt 0.1685611 0.9944616
vt 0.16885564 0.99514288
vt 0.16859908 0.99489695
vt 0.55498308 0.81026638
vt 0.55505145 0.81954265
vt 0.54437965 0.81214291
vt 0.54369295 0.79884624
vt 0.54721928 0.8235569
vt 0.53669316 0.80537075
vt 0.55459344 0.79789197
vt 0.53440154 0.81056821
vt 0.91975355 0.99550575
vt 0.91007072 0.9869349
vt 0.92128819 0.98753822
vt 0.91421825 0.97904551
vt 0.91903824 0.9712429
vt 0.23849966 0.71229059
vt 0.24841277 0.70610595
vt 0.2450418 0.72122335
vt 0.24331409 0.73031312
vt 0.22175595 0.73129976
vt 0.22190918 0.72087139
vt 0.17633295 0.93487501
vt 0.18899609 0.93201065
vt 0.19307692 0.94475758
vt 0.17953666 0.94876271
vt 0.20131284 0.94056237
vt 0.090537198 0.97974068
vt 0.087239265 0.97559947
vt 0.08946158 0.96871436
vt 0.074663304 0.97726303
vt 0.065562584 0.96754396
vt 0.089597844 0.81462133
vt 0.091882691 0.80147505
vt 0.10185102 0.81515139
vt 0.095401093 0.82468629
vt 0.081232145 0.80275363
vt 0.086680815 0.82444733
vt 0.27028459 0.93787694
vt 0.27743247 0.937352
vt 0.27516037 0.94476974
vt 0.27299443 0.94717228
vt 0.25446007 0.94827724
vt 0.26202491 0.93906808
vt 0.26382056 0.93009138
vt 0.26091218 0.93584305
vt 0.83966905 0.76200122
vt 0.83259195 0.75089014
vt 0.85624063 0.74579746
vt 0.83473647 0.7389257
vt 0.76261741 0.57106555
vt 0.7537635 0.56564629
vt 0.75748658 0.55348331
vt 0.74078888 0.57392406
vt 0.737966 0.55424595
vt 0.099294752 0.98809648
vt 0.089782462 0.97887337
vt 0.089817412 0.96437144
vt 0.057891957 0.98670977
vt 0.072359711 0.99287146
vt 0.068178713 0.99634397
vt 0.081938617 0.98993635
vt 0.13163202 0.99542284
vt 0.12033403 0.99261421
vt 0.14410584 0.99133265
vt 0.89910322 0.95037454
vt 0.90154958 0.95897603
vt 0.8850531 0.96444464
vt 0.87921661 0.95633131
vt 0.46393752 0.91796535
vt 0.45695773 0.90799451
vt 0.46459797 0.91716814
vt 0.44647926 0.91136456
vt 0.44687158 0.91506064
vt 0.44840786 0.89936376
vt 0.44236094 0.90380234
vt 0.21737929 0.99685991
vt 0.21096131 0.99109077
vt 0.22991841 0.98759758
vt 0.20720644 0.98540348
vt 0.24655874 0.99014503
vt 0.23806162 0.99452525
vt 0.22212817 0.98927444
vt 0.23825285 0.99587744
vt 0.23912722 0.99562114
vt 0.051658861 0.99096829
vt 0.057450928 0.98602438
vt 0.056233384 0.98750359
vt 0.057327069 0.97244549
vt 0.057126194 0.98814988
vt 0.057639085 0.98725688
vt 0.056400035 0.99576265
vt 0.8704161 0.82145327
vt 0.86062717 0.82373869
vt 0.86607063 0.81039965
vt 0.85312676 0.81495559
vt 0.85918897 0.80435789
vt 0.84849197 0.81292295
vt 0.87069398 0.8025322
vt 0.82430649 0.67792976
vt 0.81484014 0.70011282
vt 0.8073765 0.67565048
vt 0.80150533 0.69498777
vt 0.87931067 0.9501279
vt 0.89203715 0.93655163
vt 0.90299892 0.94257891
vt 0.89161557 0.92487109
vt 0.68373245 0.98467815
vt 0.69140345 0.97319335
vt 0.68899417 0.99536473
vt 0.26161098 0.99589485
vt 0.27069116 0.98695326
vt 0.28533295 0.98880893
vt 0.097461611 0.93515164
vt 0.11167343 0.92764318
vt 0.10648112 0.93818343
vt 0.11154456 0.94872248
vt 0.31840736 0.80955684
vt 0.31119415 0.79126132
vt 0.32285103 0.78834701
vt 0.29999706 0.80200112
vt 0.10369013 0.9778409
vt 0.10381646 0.98746794
vt 0.098321982 0.96738797
vt 0.098545887 0.98197114
vt 0.96479976 0.96420991
vt 0.97350001 0.95934099
vt 0.97271866 0.9722774
vt 0.97179931 0.98139805
vt 0.74776512 0.80291891
vt 0.75241059 0.81286168
vt 0.74564719 0.80621409
vt 0.75547439 0.80605894
vt 0.74060631 0.82150251
vt 0.7575897 0.80358589
vt 0.73898566 0.80488092
vt 0.75147641 0.82497877
vt 0.24095789 0.94880921
vt 0.2382962 0.94074202
vt 0.25887069 0.93549359
vt 0.98899192 0.96382779
vt 0.99866581 0.95956838
vt 0.99758375 0.98003674
vt 0.35504466 0.93279582
vt 0.35691977 0.95001024
vt 0.34690839 0.94032997
vt 0.36924657 0.94196999
vt 0.33870736 0.87150449
vt 0.33711863 0.88499409
vt 0.33157071 0.88080215
vt 0.35030586 0.88717437
vt 0.35393539 0.87660897
vt 0.94725561 0.80208904
vt 0.96058953 0.81203943
vt 0.96375036 0.82354784
vt 0.94228739 0.82233042
vt 0.20327421 0.9965567
vt 0.20380379 0.99449843
vt 0.21355639 0.99565518
vt 0.19153775 0.99447387
vt 0.20593528 0.98917085
vt 0.20919625 0.98763621
vt 0.94506478 0.7089231
vt 0.93914568 0.72297448
vt 0.93564743 0.71138501
vt 0.94649255 0.72440088
vt 0.92620885 0.71536666
vt 0.92995811 0.73069769
vt 0.74380505 0.94263124
vt 0.73867077 0.93849349
vt 0.75207764 0.92783195
vt 0.73777121 0.95015943
vt 0.74431694 0.92771715
vt 0.32914445 0.98717207
vt 0.32721645 0.99640244
vt 0.30860162 0.99472314
vt 0.046185464 0.99646962
vt 0.045023203 0.99475312
vt 0.043497156 0.97521269
vt 0.047306217 0.99559635
vt 0.50507981 0.98771918
vt 0.50456727 0.96845204
vt 0.50727975 0.97612453
vt 0.50858432 0.98920852
vt 0.50868458 0.97052938
vt 0.50755513 0.9675377
vt 0.062885612 0.9941349
vt 0.082630463 0.99422222
vt 0.084137119 0.9961521
vt 0.57348621 0.99575478
vt 0.56717145 0.99228781
vt 0.57653296 0.97467798
vt 0.57712299 0.99043745
vt 0.20635925 0.90921718
vt 0.20799781 0.91884917
vt 0.20777112 0.91843349
vt 0.2274695 0.9157238
vt 0.21267353 0.9039377
vt 0.43987498 0.74538743
vt 0.43483216 0.76148903
vt 0.42534208 0.76188171
vt 0.42668518 0.74223256
vt 0.44574162 0.75379419
vt 0.12064743 0.94386441
vt 0.1140632 0.93672717
vt 0.12781085 0.93004423
vt 0.11445662 0.94931227
vt 0.74472207 0.91847271
vt 0.73923212 0.90366071
vt 0.75391579 0.90487707
vt 0.74813569 0.89774317
vt 0.93023729 0.86683428
vt 0.9441244 0.87460726
vt 0.92633641 0.87347949
vt 0.93202585 0.88644135
vt 0.93909758 0.88592899
vt 0.63163829 0.84379733
vt 0.6168353 0.85590005
vt 0.61326647 0.84191287
vt 0.62424839 0.83732641
vt 0.63275808 0.85472792
vt 0.066007495 0.88368767
vt 0.081671037 0.87200928
vt 0.085263297 0.8814472
vt 0.076222762 0.88739753
vt 0.070553385 0.87017274
vt 0.22688624 0.91735208
vt 0.2194605 0.92924142
vt 0.20624389 0.92161816
vt 0.2149287 0.93266284
vt 0.18332987 0.82123774
vt 0.17713611 0.81008643
vt 0.18716723 0.80844605
vt 0.18996117 0.80892009
vt 0.17585185 0.81604803
vt 0.19304392 0.82167822
vt 0.17628971 0.82157034
vt 0.18166772 0.8239032
vt 0.40361044 0.97830486
vt 0.40381131 0.99400926
vt 0.40329841 0.99311626
vt 0.40927863 0.99682766
vt 0.91027629 0.93532366
vt 0.92193013 0.93255681
vt 0.91192675 0.94841588
vt 0.92043513 0.94373757
vt 0.3741048 0.98091137
vt 0.36275694 0.97335345
vt 0.36689132 0.9632017
vt 0.097649097 0.91657174
vt 0.1095278 0.91920763
vt 0.10413683 0.93325108
vt 0.54029167 0.98968828
vt 0.55351764 0.99099344
vt 0.53515869 0.99591994
vt 0.73787361 0.87232709
vt 0.75529456 0.87131494
vt 0.74284416 0.88740641
vt 0.92687058 0.87588727
vt 0.9099052 0.88233757
vt 0.90963042 0.87184805
vt 0.92242765 0.88603467
vt 0.47275683 0.92295241
vt 0.48388427 0.91677403
vt 0.4909485 0.92516017
vt 0.48256779 0.93317521
vt 0.462441 0.932845
vt 0.45767152 0.92135167
vt 0.46987048 0.91663772
vt 0.45763251 0.92051953
vt 0.73819834 0.86766344
vt 0.73859149 0.85745674
vt 0.74865764 0.86098063
vt 0.74945676 0.86314034
vt 0.74945867 0.85358095
vt 0.74852616 0.87141389
vt 0.74974757 0.86100477
vt 0.74953878 0.86043352
vt 0.058708362 0.98443907
vt 0.057232745 0.98476195
vt 0.057760905 0.98485154
vt 0.050750662 0.99621594
vt 0.062111668 0.97845161
vt 0.055781133 0.98429906
vt 0.29511088 0.99232817
vt 0.28811574 0.99517351
vt 0.27640119 0.9907552
vt 0.91208762 0.9015488
vt 0.9105733 0.89004362
vt 0.92861378 0.88439697
vt 0.90997499 0.8886717
vt 0.59979802 0.8236782
vt 0.58115846 0.82459635
vt 0.59749126 0.81009609
vt 0.58446079 0.81035656
vt 0.58456308 0.98473066
vt 0.59915602 0.99268311
vt 0.582618 0.99572754
vt 0.59772575 0.98328918
vt 0.47279507 0.97235507
vt 0.47248608 0.9545241
vt 0.48252618 0.96631807
vt 0.24887475 0.81197262
vt 0.25510886 0.81167072
vt 0.2381438 0.81517971
vt 0.24577267 0.81771028
vt 0.2556293 0.82390255
vt 0.95912182 0.99291408
vt 0.95149297 0.99544472
vt 0.95300603 0.98471081
vt 0.95322555 0.9775824
vt 0.94839084 0.98970699
vt 0.72245514 0.98581028
vt 0.73741287 0.99688095
vt 0.72314185 0.99555391
vt 0.73387796 0.98882133
vt 0.94216615 0.88772851
vt 0.95615 0.89288914
vt 0.94946367 0.9014582
vt 0.14430891 0.91425288
vt 0.15441211 0.90253443
vt 0.15814155 0.91736853
vt 0.035959017 0.99543571
vt 0.046168499 0.9831953
vt 0.047884285 0.98143071
vt 0.045235991 0.98281705
vt 0.61238289 0.9850148
vt 0.60554981 0.9952907
vt 0.59800082 0.98624718
vt 0.38689458 0.98309624
vt 0.39347097 0.98076117
vt 0.3948552 0.99566358
vt 0.23002264 0.87080145
vt 0.22239897 0.85757214
vt 0.23517381 0.86307609
vt 0.2391745 0.86921722
vt 0.097501479 0.85459799
vt 0.081286289 0.86914158
vt 0.09285982 0.8583889
vt 0.092290215 0.85987401
vt 0.092524514 0.87148583
vt 0.19218725 0.99636412
vt 0.19336538 0.98113656
vt 0.20353404 0.98613459
vt 0.43581736 0.85619599
vt 0.42516387 0.85394204
vt 0.43823931 0.84043694
vt 0.73901546 0.84808195
vt 0.73967916 0.83896679
vt 0.75266826 0.8415947
vt 0.75448126 0.85345989
vt 0.74201047 0.85500133
vt 0.47210234 0.99588108
vt 0.4785547 0.98917556
vt 0.4879024 0.99149561
vt 0.92546999 0.99372429
vt 0.92969453 0.98224103
vt 0.93602818 0.99657887
vt 0.96276075 0.96585202
vt 0.96790016 0.97515208
vt 0.95643359 0.98099095
vt 0.16063024 0.98438388
vt 0.1732531 0.99083197
vt 0.16647439 0.99517548
vt 0.91045934 0.95981473
vt 0.91984332 0.95901209
vt 0.91682327 0.97219038
vt 0.91052437 0.96436942
vt 0.39456534 0.98301554
vt 0.4035922 0.98514944
vt 0.4045147 0.99608421
vt 0.6592859 0.9505645
vt 0.67423528 0.95808446
vt 0.66518259 0.96579838
vt 0.55932099 0.9962424
vt 0.56256258 0.98371542
vt 0.56788892 0.99347764
vt 0.56778371 0.99506325
vt 0.56688505 0.98800766
vt 0.45628041 0.99664199
vt 0.44887209 0.99489307
vt 0.45123127 0.98533922
vt 0.81224787 0.96424729
vt 0.8009634 0.96464866
vt 0.80303764 0.95366144
vt 0.99441326 0.9834035
vt 0.99855721 0.98618102
vt 0.99422133 0.99643463
vt 0.98857486 0.98713583
vt 0.073772043 0.98270047
vt 0.082649313 0.97890174
vt 0.080256946 0.98780054
vt 0.086756654 0.98327214
vt 0.034271885 0.98453313
vt 0.03858003 0.98751569
vt 0.044069108 0.99590534
vt 0.65282482 0.97709984
vt 0.66031027 0.97682524
vt 0.65919918 0.98792148
vt 0.66834807 0.9957785
vt 0.65986854 0.99411356
vt 0.67146659 0.98864937
vt 0.68173462 0.99631041
vt 0.67565298 0.99280906
vt 0.68577868 0.98814714
vt 0.71390527 0.99362308
vt 0.72058171 0.99167997
vt 0.72111601 0.99686849
vt 0.72168422 0.99062854
vt 0.72326708 0.98623127
vt 0.72021437 0.99013817
vt 0.11200862 0.97825396
vt 0.11166915 0.9855653
vt 0.10566634 0.98168582
vt 0.1072659 0.98442298
vt 0.11078681 0.98816621
vt 0.0054015135 0.9942854
vt 0.0071716816 0.99554998
vt 0.0042268243 0.99695128
vt 0.0044808351 0.99653244
vt 0.0031857842 0.99425727
vt 0.0045514847 0.99510652
vt 0.004388215 0.99326706
usemtl Tile_+034_+028_L18_00010_0
f 6/3162 7/3163 20/3164
f 9/591 13/592 16/593
f 47/1 52/2 42/3
f 5/3169 2/3166 3/3165
f 10/671 22/672 12/673
f 51/41 28/35 27/51
f 3/3165 7/3163 6/3162
f 13/629 10/630 11/631
f 7/3163 2/3166 20/3164
f 42/3 41/8 37/13
f 35/21 33/4 1980/17
f 44/18 42/3 36/19
f 40/1663 50/1664 39/1665
f 37/1666 50/1664 40/1663
f 37/2992 41/2993 48/2994
f 42/3 52/2 48/5
f 47/1 42/3 33/4
f 21/2126 40/2127 38/2128
f 37/13 36/19 42/3
f 33/4 42/3 1982/7
f 1984/12 44/18 1985/22
f 36/2069 21/2070 29/2071
f 36/2069 29/2071 2115/2072
f 2113/27 36/19 2116/32
f 33/4 45/9 49/6
f 43/14 33/4 35/21
f 20/3683 25/3684 26/3685
f 37/2077 40/2073 36/2069
f 40/2127 39/2130 38/2128
f 36/2069 40/2073 21/2070
f 26/3685 6/3686 20/3683
f 29/2071 21/2070 24/2074
f 34/30 35/21 1981/25
f 32/44 34/30 1988/52
f 32/44 28/35 34/30
f 34/30 28/35 35/21
f 1990/62 32/44 1992/75
f 28/35 32/44 27/51
f 51/41 27/51 1/60
f 13/629 31/632 30/634
f 2117/2078 24/2074 2119/2080
f 20/2079 2/2081 24/2074
f 2119/2080 5/2083 2120/2084
f 2/2081 5/2083 24/2074
f 25/2132 21/2126 26/2129
f 11/631 31/632 13/629
f 24/2074 21/2070 20/2079
f 18/3167 3/3165 6/3162
f 23/741 22/742 10/743
f 9/744 23/741 10/743
f 16/593 15/594 9/591
f 38/2128 26/2129 21/2126
f 9/591 10/595 13/592
f 10/630 12/633 11/631
f 8/3170 4/3171 3/3165
f 18/3167 17/3168 3/3165
f 7/3163 3/3165 2/3166
f 5/3169 4/3171 2122/3172
f 17/3168 8/3170 3/3165
f 2123/3687 8/3688 2125/3689
f 17/2142 18/2131 19/2140
f 21/2070 25/2082 20/2079
f 1/60 27/51 1991/73
f 3/3165 4/3171 5/3169
f 42/3 48/5 41/8
f 46/2133 38/2128 39/2130
f 16/593 13/592 675/596
f 18/2131 26/2129 38/2128
f 18/2131 6/2135 26/2129
f 30/634 675/636 13/629
f 488/2046 849/2047 743/2048
f 735/16 49/6 673/15
f 276/2625 306/2626 314/2627
f 71/2570 96/2571 68/2572
f 23/741 267/745 22/742
f 2127/2998 890/2999 2128/3000
f 471/1930 472/1931 782/1932
f 266/2110 209/2111 103/2112
f 667/617 814/619 215/613
f 608/103 710/97 702/88
f 161/597 16/593 47/598
f 248/3779 230/3780 227/3781
f 688/24 43/14 35/21
f 697/69 710/97 698/95
f 52/2995 685/2997 684/2996
f 46/1667 39/1665 50/1664
f 52/642 675/636 685/638
f 616/3502 607/3503 518/3504
f 155/814 336/815 156/816
f 628/1144 519/1145 717/1146
f 175/1351 731/1352 741/1353
f 174/87 175/96 692/79
f 180/1355 692/1354 741/1353
f 683/29 655/39 693/34
f 102/1571 103/1572 159/1573
f 2131/3268 72/3269 2132/3270
f 608/103 605/118 518/115
f 610/124 622/106 663/130
f 118/2658 300/2659 114/2660
f 194/1112 330/1113 200/1114
f 520/2919 626/2920 738/2921
f 576/100 575/93 583/98
f 722/117 622/106 577/113
f 46/2133 677/2136 38/2128
f 727/10 49/6 735/16
f 693/34 652/49 694/40
f 174/87 705/109 731/102
f 2133/2535 724/2536 2134/2537
f 728/1670 679/1672 50/1664
f 46/1667 50/1664 691/1669
f 724/2536 725/2541 730/2542
f 720/1321 555/1322 212/1323
f 691/1669 678/1673 677/1671
f 684/641 95/639 728/646
f 689/28 690/36 687/33
f 49/6 727/10 47/1
f 706/86 174/87 701/56
f 692/1354 175/1351 741/1353
f 2135/3435 726/3436 2137/3437
f 187/2085 711/2086 141/2087
f 711/2086 187/2085 346/2088
f 141/2087 711/2086 182/2089
f 716/1147 717/1146 616/1148
f 485/1643 599/1644 781/1645
f 721/50 51/41 647/59
f 546/99 547/90 681/72
f 619/76 621/107 578/101
f 723/2587 513/2588 516/2589
f 610/124 614/140 606/144
f 643/70 721/50 647/59
f 539/46 683/29 540/54
f 654/65 540/54 683/29
f 643/70 574/77 721/50
f 657/2845 664/2846 661/2847
f 721/50 719/58 683/29
f 683/29 51/41 721/50
f 820/1679 718/1680 591/1681
f 556/1326 212/1323 555/1322
f 346/2088 712/2090 711/2086
f 97/2668 84/2669 83/2666
f 518/3450 519/3451 709/3452
f 591/1681 737/1685 500/1682
f 605/118 606/144 614/140
f 703/827 715/829 153/823
f 698/831 609/834 639/832
f 713/1324 720/1321 212/1323
f 526/3506 615/3505 527/3507
f 692/79 699/67 701/56
f 695/57 694/40 652/49
f 662/68 650/80 695/57
f 652/49 662/68 695/57
f 652/49 693/34 651/55
f 697/69 702/88 710/97
f 688/24 694/40 696/48
f 703/85 700/66 697/69
f 694/40 701/56 696/48
f 700/66 704/78 701/56
f 704/78 706/86 701/56
f 741/3899 731/3900 705/3901
f 690/36 689/28 688/24
f 43/14 559/20 45/9
f 45/9 33/4 43/14
f 673/15 45/9 559/20
f 37/2992 48/2994 52/2995
f 674/624 668/618 690/621
f 33/4 49/6 47/1
f 43/14 689/28 686/23
f 676/3695 686/3696 687/3697
f 676/612 559/609 686/614
f 672/2137 677/2136 80/2139
f 95/639 82/647 678/650
f 80/3094 680/3095 2140/3096
f 680/3095 80/3094 677/3098
f 677/1671 46/1667 691/1669
f 678/1673 649/1675 680/1674
f 677/1671 678/1673 680/1674
f 35/21 28/35 683/29
f 688/24 35/21 683/29
f 665/620 674/624 531/626
f 682/2052 542/2055 498/2049
f 544/2366 517/2367 537/2368
f 683/29 28/35 51/41
f 645/71 51/41 681/72
f 547/90 645/71 681/72
f 145/607 673/606 559/609
f 667/617 666/615 665/620
f 666/615 668/618 665/620
f 47/598 16/593 675/596
f 665/620 668/618 674/624
f 146/610 145/607 559/609
f 542/2055 517/2059 498/2049
f 678/650 82/647 649/653
f 684/641 30/634 95/639
f 653/64 634/63 539/46
f 611/139 632/131 610/124
f 657/2947 656/2948 664/2949
f 630/138 610/124 663/130
f 619/76 653/64 540/54
f 659/1365 181/1360 180/1355
f 662/2063 658/2060 650/2064
f 655/3705 541/3706 707/3707
f 693/34 655/39 707/47
f 655/39 683/29 539/46
f 540/54 654/65 574/77
f 654/65 721/50 574/77
f 645/71 646/81 647/59
f 648/214 647/215 646/216
f 644/91 646/81 645/71
f 574/77 575/93 619/76
f 644/91 597/104 633/89
f 644/91 633/89 643/70
f 633/89 574/77 643/70
f 574/77 633/89 583/98
f 662/68 652/49 651/55
f 658/2060 635/2061 650/2064
f 616/1148 717/1146 519/1145
f 649/653 82/647 558/654
f 181/1360 659/1365 831/1370
f 633/89 597/104 583/98
f 621/107 622/106 631/114
f 698/95 710/97 709/108
f 626/125 605/118 627/132
f 613/143 627/132 614/140
f 526/3506 716/3508 616/3502
f 634/63 653/64 620/84
f 579/94 620/84 619/76
f 610/124 632/131 631/114
f 622/106 610/124 631/114
f 522/2922 738/2921 626/2920
f 520/2919 615/2924 518/2923
f 702/2882 609/2883 608/2884
f 606/2891 605/2888 623/2890
f 556/1326 593/1328 139/1333
f 182/1447 142/1448 141/1449
f 119/2662 83/2666 124/2664
f 711/2086 189/2091 182/2089
f 299/932 300/933 523/934
f 527/3657 618/3658 526/3659
f 90/1816 617/1817 84/1818
f 716/3660 526/3659 618/3658
f 212/1323 556/1326 138/1329
f 138/1329 134/1334 212/1323
f 122/1331 120/1327 121/1330
f 592/838 122/839 131/840
f 185/2092 712/2090 186/2094
f 134/1334 121/1330 212/1323
f 596/380 603/381 602/382
f 578/1686 604/1684 601/1690
f 580/3661 584/3662 582/3663
f 598/116 600/120 599/126
f 594/121 595/122 577/113
f 582/3663 584/3662 583/3664
f 620/2953 579/2955 581/2952
f 576/100 583/98 580/112
f 582/111 600/120 580/112
f 583/98 597/104 582/111
f 576/100 580/112 598/116
f 598/116 577/113 576/100
f 583/98 575/93 574/77
f 576/100 619/76 575/93
f 660/2951 581/2952 604/2954
f 792/431 462/436 460/428
f 493/1933 492/1938 590/1935
f 586/3198 588/3199 587/3200
f 228/2225 229/2226 410/2227
f 201/755 208/758 227/756
f 573/2026 349/2027 804/2028
f 868/3485 561/3486 399/3487
f 196/1115 177/1120 176/1117
f 564/1587 376/1594 377/1592
f 381/1386 505/1387 566/1388
f 287/2925 130/2926 347/2927
f 117/2929 177/2931 347/2927
f 66/1341 125/1347 126/1342
f 296/2730 295/2731 354/2732
f 128/2042 562/2041 291/2037
f 297/2739 298/2742 135/2741
f 290/2031 132/2035 349/2027
f 111/1118 100/1125 329/1121
f 233/3720 234/3721 325/3722
f 11/674 12/673 22/672
f 133/1345 138/1329 66/1341
f 247/696 248/709 363/702
f 563/1421 487/1422 477/1423
f 183/1454 182/1447 190/1455
f 413/2237 571/2241 225/2233
f 205/749 261/750 14/746
f 214/766 560/764 202/763
f 216/762 202/763 560/764
f 200/3744 331/3745 337/3746
f 156/816 336/815 164/819
f 221/1580 171/1578 157/1576
f 561/3486 413/3491 416/3489
f 274/2734 304/2737 297/2739
f 143/1335 140/1338 138/1329
f 127/1336 126/1342 274/1339
f 77/655 558/654 93/652
f 89/1340 140/1338 143/1335
f 77/3013 78/3014 88/3015
f 69/2579 68/2572 97/2575
f 593/1328 556/1326 555/1322
f 57/721 58/725 55/726
f 348/2633 306/2626 353/2629
f 75/2608 360/2609 356/2610
f 56/730 73/733 87/731
f 68/2572 132/2573 71/2570
f 63/682 282/694 279/695
f 552/2764 550/2765 553/2766
f 545/398 547/393 546/405
f 542/2852 541/2848 517/2851
f 536/2372 538/2369 537/2368
f 517/2367 544/2366 498/2370
f 825/1689 511/1683 500/1682
f 220/1372 166/1368 167/1359
f 529/1373 481/1375 659/1365
f 528/1936 494/1942 492/1938
f 119/2662 124/2664 300/2659
f 563/1421 525/1429 510/1425
f 793/2373 718/2380 778/2377
f 614/140 627/132 605/118
f 522/2855 521/2856 520/2857
f 512/2641 509/2642 508/2643
f 461/440 799/437 460/428
f 516/2589 496/2591 495/2594
f 473/3276 474/3277 494/3278
f 495/3282 496/3284 513/3280
f 590/1935 472/1931 493/1933
f 433/1163 434/1166 428/1167
f 506/1427 477/1423 507/1431
f 401/1395 402/1391 380/1389
f 476/1382 165/1377 847/1383
f 847/1383 165/1377 239/1381
f 244/777 439/780 482/774
f 487/1422 436/1426 477/1423
f 529/1373 199/1363 166/1368
f 837/3561 479/3562 478/3563
f 470/3329 848/3330 490/3331
f 793/2373 537/2368 671/2371
f 489/3335 470/3329 488/3332
f 502/1945 435/1947 487/1941
f 432/2648 431/2651 503/2646
f 454/3087 800/3088 455/3089
f 446/402 801/408 447/416
f 589/2650 863/2653 432/2648
f 462/436 461/440 460/428
f 420/1168 428/1167 434/1166
f 459/397 448/389 458/392
f 866/1164 434/1166 433/1163
f 431/2651 432/2648 425/2654
f 431/2492 422/2493 430/2494
f 429/1165 433/1163 428/1167
f 374/1169 424/1170 373/1171
f 198/2498 427/2497 866/2503
f 430/2494 422/2493 427/2497
f 219/2892 232/2893 443/2894
f 441/3675 338/3676 334/3677
f 255/1579 171/1578 222/1583
f 237/2715 238/2716 387/2717
f 338/3676 441/3675 405/3678
f 415/3307 399/3308 416/3309
f 813/2238 414/2231 225/2233
f 413/3312 223/3314 327/3310
f 413/2237 225/2233 224/2230
f 377/1592 876/1590 564/1587
f 256/2284 317/2285 245/2286
f 320/3963 332/3964 340/3965
f 333/1116 403/1122 342/1119
f 378/2263 390/2264 329/2265
f 402/1391 401/1395 400/1394
f 312/3408 303/3409 285/3410
f 371/2266 378/2263 329/2265
f 811/3919 879/3920 874/3921
f 334/1443 164/1446 336/1439
f 404/1410 878/1396 324/1406
f 381/1386 380/1389 402/1391
f 381/1386 566/1388 380/1389
f 880/1175 816/1179 375/1173
f 372/1172 374/1169 373/1171
f 211/2121 157/2119 210/2115
f 386/2519 398/2520 387/2521
f 364/724 897/728 272/718
f 360/729 75/736 361/734
f 298/2742 297/2739 301/2740
f 144/701 108/690 270/689
f 250/686 251/688 64/684
f 295/2731 355/2735 354/2732
f 184/1452 188/1450 182/1447
f 69/2038 316/2030 68/2034
f 196/1115 330/1113 194/1112
f 330/1113 333/1116 200/1114
f 179/1460 196/1462 194/1456
f 347/2927 177/2931 319/2928
f 178/1465 345/1467 311/1470
f 332/3734 331/3735 191/3736
f 320/3963 337/3968 331/3966
f 340/1123 321/1129 331/1126
f 233/1589 338/1591 326/1593
f 242/1369 240/1378 220/1372
f 332/3964 321/3967 340/3965
f 321/3967 332/3964 337/3968
f 320/1417 321/1409 337/1420
f 333/1116 330/1113 111/1118
f 329/1121 333/1116 111/1118
f 342/1119 340/1123 200/1114
f 177/1469 196/1462 319/1466
f 196/1462 178/1465 319/1466
f 176/1117 330/1113 196/1115
f 192/1183 173/1185 343/1180
f 333/1116 342/1119 200/1114
f 332/3964 320/3963 331/3966
f 337/3737 332/3734 191/3736
f 221/1580 233/1589 325/1586
f 326/1593 405/1597 341/1602
f 320/1417 322/1415 321/1409
f 327/3310 223/3314 266/3315
f 311/2930 287/2925 319/2928
f 330/1113 176/1117 111/1118
f 253/2728 252/2727 245/2726
f 245/2286 317/2285 253/2288
f 319/1466 178/1465 311/1470
f 98/2292 257/2287 328/2294
f 100/1125 111/1118 109/1127
f 99/2640 305/2634 253/2639
f 283/2635 305/2634 99/2640
f 275/707 278/700 279/695
f 328/864 100/849 98/858
f 284/2733 354/2732 309/2736
f 306/2626 313/2630 314/2627
f 315/2614 314/2616 310/2613
f 302/3210 312/3211 125/3212
f 274/2734 295/2731 296/2730
f 887/3142 294/3143 293/3144
f 61/645 95/639 144/643
f 316/2030 69/2038 291/2037
f 287/861 289/856 130/851
f 134/3820 138/3821 133/3822
f 287/2925 311/2930 288/2932
f 109/844 131/840 100/849
f 283/3569 99/3570 301/3571
f 125/3212 67/3213 302/3210
f 284/2733 301/2740 297/2739
f 297/2739 304/2737 284/2733
f 299/932 114/936 300/933
f 312/3211 318/3215 125/3212
f 125/1347 285/1346 126/1342
f 318/3411 285/3410 125/3414
f 251/688 282/694 63/682
f 285/1346 274/1339 126/1342
f 60/715 62/719 61/712
f 59/708 271/711 60/715
f 277/680 269/685 108/690
f 269/685 270/689 108/690
f 123/1337 121/1330 274/1339
f 235/2480 265/2481 211/2482
f 246/1577 101/1575 102/1571
f 286/717 272/718 271/711
f 263/2936 213/2937 268/2938
f 213/747 267/745 23/741
f 226/713 247/696 136/710
f 213/2937 261/2945 136/2942
f 137/2940 268/2938 213/2937
f 137/738 249/739 259/740
f 106/2944 268/2938 104/2946
f 64/684 251/688 63/682
f 22/742 267/745 263/748
f 250/686 273/679 260/683
f 22/672 106/675 11/674
f 268/2938 259/2943 104/2946
f 273/679 104/678 259/681
f 59/708 144/701 270/689
f 58/725 57/721 272/718
f 272/718 60/715 271/711
f 894/2631 275/2632 276/2625
f 275/707 282/694 362/699
f 59/708 270/689 278/700
f 270/689 269/685 63/682
f 273/679 63/682 277/680
f 353/2629 276/2625 275/2632
f 262/2941 22/2939 268/2938
f 22/2939 263/2936 268/2938
f 258/687 260/683 259/681
f 226/713 248/709 247/696
f 258/687 249/692 247/696
f 102/1571 255/1579 246/1577
f 268/2938 106/2944 262/2941
f 22/672 262/676 106/675
f 213/747 263/748 267/745
f 227/756 204/752 201/755
f 230/754 261/750 204/752
f 238/2716 237/2715 266/2719
f 264/2485 265/2481 236/2483
f 210/2115 408/2122 235/2123
f 210/2115 235/2123 211/2121
f 261/716 230/720 226/713
f 216/762 208/758 169/760
f 208/758 228/759 227/756
f 207/769 214/766 202/763
f 207/769 206/773 217/772
f 207/769 217/772 443/770
f 243/779 244/777 217/772
f 242/2898 241/2895 438/2900
f 440/2232 236/2239 867/2236
f 438/2900 240/2902 242/2898
f 239/1381 220/1372 240/1378
f 206/773 218/776 217/772
f 207/769 202/763 170/767
f 227/756 230/754 204/752
f 261/716 226/713 136/710
f 210/2115 209/2111 223/2113
f 221/1580 325/1586 222/1583
f 241/2895 168/2896 219/2892
f 264/2485 236/2483 219/2486
f 148/2487 264/2485 219/2486
f 266/2110 223/2113 209/2111
f 204/752 203/753 201/755
f 208/758 201/755 160/757
f 160/599 203/602 15/594
f 160/757 201/755 203/753
f 169/760 147/765 202/763
f 169/760 208/758 160/757
f 213/747 23/741 14/746
f 15/751 203/753 204/752
f 15/751 205/749 9/744
f 261/750 213/747 14/746
f 23/741 9/744 14/746
f 205/749 15/751 204/752
f 205/749 14/746 9/744
f 148/2487 164/2484 264/2485
f 170/767 202/763 147/765
f 168/1364 242/1369 167/1359
f 170/767 215/771 207/769
f 167/1359 242/1369 220/1372
f 191/3710 193/3711 200/3712
f 184/1452 183/1454 194/1456
f 179/1460 194/1456 195/1457
f 110/2933 177/2931 117/2929
f 178/1465 196/1462 179/1460
f 110/2933 176/2935 177/2931
f 731/102 175/96 174/87
f 193/1453 191/1451 188/1450
f 179/1460 1180/1463 178/1465
f 173/1185 192/1183 186/1188
f 188/1450 184/1452 193/1453
f 185/2092 186/2094 192/2095
f 142/1448 188/1450 191/1451
f 142/1137 172/1135 187/1140
f 102/1571 159/1573 158/1574
f 150/2489 152/2490 151/2491
f 169/605 145/607 147/608
f 146/610 170/611 147/608
f 162/603 169/605 160/599
f 215/613 170/611 146/610
f 148/2487 152/2490 150/2489
f 157/2119 158/2118 163/2114
f 16/593 161/597 15/594
f 15/594 161/597 160/599
f 161/597 162/603 160/599
f 131/840 122/839 123/843
f 98/3572 298/3573 301/3571
f 123/843 135/848 131/840
f 30/634 105/635 107/637
f 89/1828 143/1826 90/1816
f 133/3822 127/3823 134/3820
f 127/1336 121/1330 134/1334
f 82/647 54/649 93/652
f 66/1341 138/1329 140/1338
f 95/639 107/637 144/643
f 126/1342 127/1336 66/1341
f 723/2887 623/2890 605/2888
f 122/1331 121/1330 123/1337
f 109/3877 110/3878 117/3879
f 116/3574 114/3575 113/3576
f 109/1127 111/1118 110/1124
f 118/2658 115/2663 112/2665
f 97/2668 112/2665 115/2663
f 116/3574 113/3576 128/3577
f 117/841 131/840 109/844
f 114/936 129/940 113/945
f 113/945 129/940 128/951
f 130/2926 117/2929 347/2927
f 289/856 767/845 130/851
f 69/3578 116/3574 128/3577
f 121/1330 127/1336 274/1339
f 103/1572 102/1571 101/1575
f 297/2739 135/2741 274/2734
f 259/2943 268/2938 137/2940
f 277/680 105/677 273/679
f 11/631 105/635 30/634
f 11/674 106/675 105/677
f 277/640 108/644 107/637
f 144/643 107/637 108/644
f 105/677 104/678 273/679
f 104/678 105/677 106/675
f 81/2138 19/2140 18/2131
f 649/653 558/654 77/655
f 53/3017 88/3015 78/3014
f 81/2138 94/2141 19/2140
f 53/727 55/726 87/731
f 93/3623 54/3624 78/3625
f 97/2575 68/2572 96/2571
f 96/2571 90/2577 97/2575
f 92/3154 85/3155 87/3156
f 90/2670 84/2669 97/2668
f 87/3018 88/3015 53/3017
f 138/1329 139/1333 143/1335
f 618/1155 817/1152 716/1147
f 90/2577 96/2571 89/2574
f 87/3156 85/3155 86/3158
f 86/3016 88/3015 87/3018
f 86/656 85/665 2150/663
f 88/3015 86/3016 77/3013
f 118/2658 116/2661 115/2663
f 119/2662 112/2665 83/2666
f 94/2141 81/2138 80/2139
f 95/639 30/634 107/637
f 38/2128 79/2134 18/2131
f 79/2134 81/2138 18/2131
f 149/1356 151/1358 152/1362
f 81/2138 79/2134 80/2139
f 94/2141 80/2139 2152/2143
f 19/2140 94/2141 2153/2144
f 2125/3689 19/3691 2155/3693
f 17/3694 19/3691 8/3688
f 53/727 54/723 62/719
f 78/3014 54/3019 53/3017
f 55/726 56/730 87/731
f 55/726 53/727 62/719
f 87/3156 73/3159 72/3157
f 71/2570 70/2578 89/2574
f 96/2571 71/2570 89/2574
f 69/3578 115/3579 116/3574
f 553/3473 351/3474 352/3475
f 553/2766 532/2767 552/2764
f 562/2041 533/2033 291/2037
f 533/2033 804/2028 316/2030
f 291/2037 533/2033 316/2030
f 804/2028 349/2027 316/2030
f 349/2027 534/2029 290/2031
f 302/3210 76/3217 356/3214
f 125/1347 66/1341 67/1344
f 349/2027 68/2034 316/2030
f 2156/3476 352/3475 2158/3477
f 535/3218 550/3222 551/3219
f 70/3216 91/3221 535/3218
f 74/732 73/733 58/725
f 132/2035 290/2031 91/2039
f 91/2039 290/2031 550/2040
f 550/2040 535/2044 91/2039
f 551/2768 896/2772 76/2775
f 59/708 60/715 61/712
f 58/725 897/728 360/729
f 61/712 144/701 59/708
f 272/718 57/721 60/715
f 65/3761 57/3762 55/3763
f 60/715 65/722 62/719
f 57/3762 65/3761 60/3764
f 55/726 58/725 56/730
f 58/725 73/733 56/730
f 532/2767 553/2766 2157/2770
f 895/2774 552/2764 554/2771
f 74/732 895/735 73/733
f 58/725 360/729 74/732
f 273/679 64/684 63/682
f 270/689 63/682 279/695
f 276/2625 315/2628 894/2631
f 893/1349 295/1348 285/1346
f 553/2766 550/2765 351/2769
f 74/732 361/734 895/735
f 552/2764 532/2767 554/2771
f 551/2768 550/2765 552/2764
f 552/2764 896/2772 551/2768
f 303/3409 891/3415 893/3413
f 361/2777 75/2778 76/2775
f 360/729 361/734 74/732
f 310/2613 356/2610 286/2612
f 279/695 278/700 270/689
f 275/707 271/711 278/700
f 897/728 58/725 272/718
f 360/729 897/728 364/724
f 76/3217 75/3220 356/3214
f 360/2609 364/2611 356/2610
f 896/2772 552/2764 895/2774
f 572/2162 573/2163 585/2164
f 895/2774 361/2777 896/2772
f 359/2617 891/2615 310/2613
f 891/2615 359/2617 358/2618
f 355/2622 893/2620 358/2618
f 891/2615 358/2618 893/2620
f 303/3409 356/3412 891/3415
f 285/3410 303/3409 893/3413
f 286/2612 356/2610 364/2611
f 894/714 286/717 271/711
f 894/714 271/711 275/707
f 271/711 59/708 278/700
f 63/682 269/685 277/680
f 314/2627 315/2628 276/2625
f 279/695 282/694 275/707
f 295/1348 274/1339 285/1346
f 892/2619 283/2621 309/2624
f 284/2733 296/2730 354/2732
f 306/2626 366/2638 305/2634
f 353/2629 275/2632 362/2637
f 355/1350 295/1348 893/1349
f 358/2618 354/2623 355/2622
f 358/2618 359/2617 892/2619
f 348/2529 307/2531 366/2534
f 348/706 251/688 417/698
f 366/2638 306/2626 348/2633
f 366/2534 307/2531 254/2533
f 305/2634 366/2638 253/2639
f 281/2527 280/2522 417/2524
f 64/684 273/679 250/686
f 273/679 259/681 260/683
f 358/2618 892/2619 354/2623
f 314/2616 283/2621 892/2619
f 306/2626 305/2634 313/2630
f 359/2617 310/2613 314/2616
f 283/2635 314/2627 313/2630
f 305/2634 283/2635 313/2630
f 284/2733 309/2736 283/2738
f 892/2619 309/2624 354/2623
f 887/2176 533/2175 350/2178
f 804/2172 533/2175 803/2168
f 550/2040 290/2031 351/2036
f 573/2026 572/2032 534/2029
f 351/2036 290/2031 534/2029
f 812/2179 350/2178 533/2175
f 350/3145 294/3143 887/3142
f 572/2032 351/2036 534/2029
f 804/2172 803/2168 573/2163
f 349/2027 573/2026 534/2029
f 384/3073 885/3074 887/3075
f 382/3077 384/3073 367/3079
f 886/3828 890/3829 357/3830
f 889/3082 367/3079 2163/3085
f 294/3143 888/3146 293/3144
f 891/2615 356/2610 310/2613
f 570/2169 569/2166 803/2168
f 281/3960 417/3961 250/3962
f 348/2633 353/2629 362/2637
f 282/694 251/688 362/699
f 348/706 362/699 251/688
f 280/693 281/691 260/683
f 871/2532 407/2530 387/2521
f 348/2529 308/2526 307/2531
f 2129/2167 365/2165 2169/2170
f 569/2166 570/2169 585/2164
f 886/3078 384/3073 293/3076
f 365/3455 585/3456 742/3457
f 585/2164 365/2165 572/2162
f 570/2169 382/2173 585/2164
f 885/2177 570/2169 887/2176
f 384/3073 382/3077 885/3074
f 382/2173 570/2169 885/2177
f 585/3456 382/3459 742/3457
f 742/3457 383/3462 889/3463
f 383/3080 367/3079 889/3082
f 382/3459 383/3462 742/3457
f 367/3079 383/3080 382/3077
f 2146/3081 886/3078 2171/3083
f 886/3078 367/3079 384/3073
f 378/2263 391/2270 883/2273
f 876/1590 377/1592 393/1595
f 370/1599 393/1595 377/1592
f 393/1595 397/1600 876/1590
f 376/1594 370/1599 377/1592
f 395/2277 391/2270 392/2272
f 369/1603 376/1594 406/1596
f 370/2279 392/2272 393/2275
f 342/3123 403/3124 390/3125
f 393/2295 396/2291 397/2293
f 369/2281 394/2276 395/2277
f 369/1603 370/1599 376/1594
f 387/2521 280/2522 386/2519
f 385/2523 399/2525 398/2520
f 398/3311 399/3308 415/3307
f 386/2519 385/2523 398/2520
f 386/705 280/693 385/697
f 258/687 385/697 280/693
f 248/2243 870/2242 813/2238
f 561/3486 416/3489 399/3487
f 397/2293 396/2291 876/2289
f 417/2524 387/2521 308/2526
f 392/2272 391/2270 371/2266
f 371/2266 329/2265 884/2269
f 371/2266 884/2269 392/2272
f 329/2265 390/2264 403/2268
f 877/1132 884/1133 873/1130
f 378/2263 371/2266 391/2270
f 884/2269 393/2275 392/2272
f 393/2295 884/2297 396/2291
f 884/2297 877/2296 396/2291
f 395/2277 394/2276 883/2273
f 395/2277 883/2273 391/2270
f 378/2263 883/2273 394/2276
f 394/2276 379/2274 378/2263
f 394/2276 875/2280 379/2274
f 882/3127 872/3126 390/3125
f 879/1404 323/1400 874/1419
f 811/1392 400/1394 344/1399
f 412/1176 372/1172 375/1173
f 373/1171 375/1173 372/1172
f 341/1411 323/1400 879/1404
f 811/1392 878/1396 881/1390
f 881/1445 878/1442 505/1435
f 438/2900 439/2901 568/2903
f 439/3650 244/3651 568/3652
f 505/1435 504/1436 506/1427
f 505/1435 506/1427 507/1431
f 381/1386 881/1390 505/1387
f 380/1389 566/1388 505/1387
f 505/1387 507/1393 380/1389
f 400/1394 381/1386 402/1391
f 340/3128 342/3123 872/3126
f 341/1602 368/1601 326/1593
f 879/1404 811/1392 344/1399
f 405/1597 326/1593 338/1591
f 875/2280 394/2276 341/2282
f 405/1416 404/1410 324/1406
f 324/1406 341/1411 405/1416
f 339/1405 321/1409 344/1399
f 192/1183 816/1179 815/1182
f 339/1134 343/1138 173/1136
f 344/1399 400/1394 339/1405
f 401/1395 411/1403 412/1402
f 400/1394 412/1402 339/1405
f 811/1392 381/1386 400/1394
f 505/1435 878/1442 404/1441
f 400/1394 401/1395 412/1402
f 375/1173 343/1180 412/1176
f 816/1179 880/1175 815/1182
f 811/3884 874/3885 323/3886
f 878/1396 323/1400 324/1406
f 811/1392 323/1400 878/1396
f 875/1408 341/1411 879/1404
f 322/1415 875/1408 344/1399
f 875/1408 879/1404 344/1399
f 369/1603 406/1596 368/1601
f 368/2283 394/2276 369/2281
f 234/3721 567/3725 222/3724
f 379/2274 875/2280 322/2278
f 329/1121 873/1130 884/1133
f 394/2276 368/2283 341/2282
f 378/2263 379/2274 872/2271
f 378/2263 882/2267 390/2264
f 877/2296 328/2294 396/2291
f 564/1587 876/1590 256/1584
f 100/1125 328/1128 329/1121
f 876/2289 396/2291 257/2287
f 256/2284 876/2289 257/2287
f 877/1132 873/1130 328/1128
f 873/1130 329/1121 328/1128
f 333/1116 329/1121 403/1122
f 245/2726 252/2727 254/2725
f 407/2722 246/2721 254/2725
f 366/2729 252/2727 253/2728
f 246/2721 245/2726 254/2725
f 246/2721 407/2722 238/2716
f 255/1579 256/1584 245/1581
f 266/2719 246/2721 238/2716
f 317/2285 256/2284 257/2287
f 234/3721 222/3724 325/3722
f 564/1587 255/1579 222/1583
f 237/3313 327/3310 266/3315
f 564/1587 256/1584 255/1579
f 561/3486 363/3488 571/3490
f 225/2233 869/2228 224/2230
f 248/3779 226/3783 230/3780
f 260/683 258/687 280/693
f 281/691 250/686 260/683
f 227/2234 414/2231 813/2238
f 385/697 258/687 868/704
f 327/3310 237/3313 415/3307
f 407/2722 871/2720 238/2716
f 254/2533 307/2531 308/2526
f 238/2716 871/2720 387/2717
f 254/2725 252/2727 366/2729
f 308/2526 348/2529 417/2524
f 308/2526 407/2530 254/2533
f 407/2530 308/2526 387/2521
f 387/2521 417/2524 280/2522
f 415/3307 237/3313 398/3311
f 414/2231 869/2228 225/2233
f 363/702 868/704 258/687
f 571/2241 248/2243 813/2238
f 561/3486 571/3490 413/3491
f 561/3486 868/3485 363/3488
f 409/3890 413/3891 224/3892
f 567/3902 564/3903 222/3904
f 567/3725 234/3721 406/3723
f 327/3310 415/3307 416/3309
f 409/2120 408/2122 210/2115
f 210/2115 413/2117 409/2120
f 227/3781 870/3782 248/3779
f 228/2225 414/2231 227/2234
f 869/2228 228/2225 410/2227
f 231/768 229/761 214/766
f 224/2230 869/2228 410/2227
f 236/2125 408/2122 867/2124
f 408/2122 409/2120 867/2124
f 224/2230 440/2232 867/2236
f 409/3890 224/3892 867/3893
f 224/2230 410/2227 440/2232
f 869/2228 414/2231 228/2225
f 231/2229 440/2232 410/2227
f 410/2227 229/2226 231/2229
f 439/2901 438/2900 482/2897
f 236/2483 232/2488 219/2486
f 504/1436 505/1435 404/1441
f 506/1427 504/1436 335/1432
f 243/3653 239/3654 568/3652
f 568/2903 240/2902 438/2900
f 568/3652 244/3651 243/3653
f 236/2125 235/2123 408/2122
f 442/1440 404/1441 441/1444
f 443/770 217/772 482/774
f 440/2232 231/2229 232/2235
f 214/766 443/770 231/768
f 482/774 217/772 244/777
f 560/764 214/766 229/761
f 232/2235 236/2239 440/2232
f 442/1440 504/1436 404/1441
f 335/1432 504/1436 442/1440
f 443/2894 482/2897 241/2895
f 441/1444 334/1443 442/1440
f 228/759 208/758 229/761
f 802/1398 401/1395 380/1389
f 436/1426 487/1422 435/1430
f 477/1423 436/1426 507/1431
f 427/2497 198/2498 430/2494
f 810/2496 423/2500 422/2493
f 802/1398 419/1407 411/1403
f 423/2500 411/2504 866/2503
f 431/2492 810/2496 422/2493
f 866/2503 427/2497 423/2500
f 435/1430 420/1434 436/1426
f 420/1434 507/1431 436/1426
f 380/1389 507/1393 418/1397
f 411/1177 388/1174 372/1172
f 802/1398 418/1397 419/1407
f 810/2496 389/2502 423/2500
f 389/2502 388/2506 411/2504
f 419/1407 418/1397 421/1401
f 421/1401 420/1412 419/1407
f 866/1414 419/1407 420/1412
f 411/1403 419/1407 866/1414
f 435/1430 428/1437 420/1434
f 434/1166 866/1164 420/1168
f 446/402 807/395 468/391
f 429/1944 428/1948 435/1947
f 435/1947 502/1945 429/1944
f 808/410 446/402 447/416
f 864/403 807/395 808/410
f 788/401 452/394 786/409
f 805/421 791/417 543/425
f 808/410 791/417 864/403
f 864/403 809/385 807/395
f 736/387 458/392 448/389
f 794/1646 543/1649 485/1643
f 433/1163 198/1162 866/1164
f 502/1945 497/1946 429/1944
f 548/418 864/403 853/422
f 502/1945 487/1941 491/1940
f 809/385 603/381 736/387
f 587/1701 588/1699 838/1695
f 548/418 549/411 864/403
f 478/3563 836/3568 843/3566
f 465/2657 425/2654 432/2648
f 425/1524 865/1525 426/1526
f 810/2496 425/2499 426/2501
f 425/2499 810/2496 431/2492
f 432/2648 863/2653 465/2657
f 463/2505 389/2502 426/2501
f 464/1949 463/1950 426/1951
f 464/1949 862/1953 374/1952
f 388/1174 463/1178 374/1169
f 388/1174 374/1169 372/1172
f 862/1953 424/1954 374/1952
f 789/443 1025/447 785/434
f 456/217 445/218 857/219
f 450/415 451/413 800/420
f 466/438 524/429 787/433
f 444/3093 445/3092 455/3089
f 445/442 456/446 466/438
f 456/446 457/450 789/443
f 524/429 466/438 783/430
f 788/401 786/409 801/408
f 785/434 783/430 466/438
f 466/438 789/443 785/434
f 783/430 784/423 524/429
f 784/423 800/420 454/426
f 452/394 451/413 450/415
f 800/420 786/409 450/415
f 389/1181 463/1178 388/1174
f 788/401 801/408 468/391
f 468/3940 467/3941 446/3942
f 861/3698 801/3699 786/3700
f 810/2496 426/2501 389/2502
f 790/427 785/434 860/439
f 859/435 790/427 860/439
f 464/1949 374/1952 463/1950
f 791/417 808/410 447/416
f 447/416 861/424 784/423
f 801/408 861/424 447/416
f 792/431 790/427 859/435
f 455/3089 445/3092 787/3090
f 787/433 524/429 454/426
f 784/423 861/424 786/409
f 784/423 791/417 447/416
f 452/394 468/391 448/389
f 858/406 855/412 854/400
f 453/407 452/394 854/400
f 858/406 854/400 448/389
f 444/221 453/225 856/223
f 856/223 857/219 444/221
f 857/219 445/218 444/221
f 794/1646 548/1656 483/1657
f 806/399 458/392 797/390
f 781/1645 794/1646 485/1643
f 458/392 736/387 819/396
f 549/1652 548/1656 794/1646
f 484/1654 483/1657 543/1649
f 483/1657 484/1654 794/1646
f 548/1656 853/1660 483/1657
f 806/399 459/397 458/392
f 491/1940 497/1946 502/1945
f 489/2374 488/2376 498/2370
f 586/3198 587/3200 841/3201
f 586/3198 841/3201 479/3203
f 839/2596 495/2594 843/2597
f 474/3208 848/3207 837/3205
f 848/3207 586/3198 837/3205
f 474/3208 473/3209 848/3207
f 849/3643 827/3644 851/3645
f 488/3332 470/3329 490/3331
f 636/3646 827/3644 849/3643
f 490/2050 849/2047 488/2046
f 642/3283 490/3281 528/3279
f 498/2370 544/2366 538/2369
f 489/3335 469/3333 470/3329
f 588/3199 586/3198 536/3202
f 536/3202 586/3198 469/3204
f 538/3206 536/3202 469/3204
f 489/3335 538/3336 469/3333
f 517/2367 671/2371 537/2368
f 743/2048 498/2049 488/2046
f 490/2050 636/2056 852/2054
f 635/2061 636/2056 642/2062
f 490/3649 851/3645 850/3647
f 528/3279 514/3285 642/3283
f 636/3796 850/3797 852/3798
f 851/2051 490/2050 852/2054
f 827/2057 743/2048 852/2054
f 851/2051 852/2054 743/2048
f 636/3796 849/3799 850/3797
f 850/3647 827/3644 852/3648
f 850/3647 851/3645 827/3644
f 743/2048 849/2047 851/2051
f 490/3281 473/3276 528/3279
f 472/1931 471/1930 493/1933
f 501/1157 494/1159 513/1154
f 474/3277 495/3282 513/3280
f 528/3279 473/3276 494/3278
f 848/3207 469/3204 586/3198
f 492/1938 491/1940 590/1935
f 525/1934 472/1931 510/1937
f 849/2047 490/2050 850/2053
f 642/2062 636/2056 490/2050
f 828/625 829/623 665/620
f 830/2507 475/2508 832/2509
f 847/2512 475/2508 476/2511
f 476/2511 475/2508 830/2507
f 829/623 530/627 832/622
f 481/1375 480/1380 831/1370
f 832/2509 833/2510 830/2507
f 830/2507 833/2510 826/2513
f 565/778 814/775 832/781
f 832/781 845/782 565/778
f 239/3654 243/3653 437/3655
f 565/778 845/782 437/783
f 437/1385 845/1384 239/1381
f 243/779 565/778 437/783
f 206/773 565/778 243/779
f 832/2509 847/2512 845/2515
f 845/1384 847/1383 239/1381
f 775/1158 198/1162 197/1160
f 487/1941 590/1935 491/1940
f 510/1937 590/1935 487/1941
f 506/1427 846/1424 477/1423
f 846/1424 506/1427 335/1432
f 477/1423 846/1424 563/1421
f 198/1740 775/1741 503/1742
f 433/1163 429/1165 197/1160
f 503/2495 430/2494 198/2498
f 198/1162 433/1163 197/1160
f 508/2643 589/2650 432/2648
f 503/2646 844/2644 508/2643
f 512/1743 844/1745 503/1742
f 491/1940 197/1943 429/1944
f 512/2641 508/2643 844/2644
f 641/2858 834/2861 835/2859
f 508/2643 509/2642 835/2645
f 775/1741 512/1743 503/1742
f 512/1743 777/1747 509/1751
f 197/1160 823/1156 775/1158
f 521/2856 641/2858 835/2859
f 197/1943 491/1940 492/1938
f 823/1156 197/1160 492/1161
f 843/2597 836/2598 839/2596
f 501/1157 823/1156 492/1161
f 513/3280 494/3278 474/3277
f 823/1156 774/1149 817/1152
f 536/2372 793/2373 778/2377
f 842/2381 778/2377 511/2382
f 511/1683 825/1689 838/1695
f 838/1695 825/1689 499/1693
f 840/1700 478/1703 841/1704
f 588/2379 778/2377 842/2381
f 836/1702 478/1703 840/1700
f 839/2596 824/2595 516/2589
f 838/1695 499/1693 839/1697
f 839/1697 499/1693 824/1688
f 838/1695 840/1700 587/1701
f 839/2596 516/2589 495/2594
f 495/3564 474/3567 837/3561
f 838/1695 842/1698 511/1683
f 839/1697 836/1702 840/1700
f 840/1700 838/1695 839/1697
f 588/1699 842/1698 838/1695
f 586/3198 479/3203 837/3205
f 587/1701 840/1700 841/1704
f 429/1944 497/1946 491/1940
f 495/3564 478/3563 843/3566
f 478/3563 479/3562 841/3565
f 522/2922 520/2919 738/2921
f 737/3113 640/3114 632/3115
f 777/1747 521/1750 835/1754
f 826/2513 530/2516 531/2517
f 521/2856 522/2855 641/2858
f 659/1365 199/1363 529/1373
f 831/1370 659/1365 481/1375
f 153/823 154/818 706/822
f 846/1424 154/1433 637/1428
f 199/1363 659/1365 180/1355
f 531/1374 181/1360 831/1370
f 499/1693 500/1682 824/1688
f 638/2068 702/2066 782/2065
f 833/2510 530/2516 826/2513
f 531/1374 831/1370 826/1379
f 530/627 829/623 828/625
f 826/2513 480/2514 830/2507
f 531/626 828/625 665/620
f 215/613 666/615 667/617
f 665/620 829/623 667/617
f 832/622 814/619 667/617
f 667/617 829/623 832/622
f 165/1377 481/1375 529/1373
f 166/1368 165/1377 529/1373
f 830/2507 480/2514 476/2511
f 530/627 833/628 832/622
f 831/1370 480/1380 826/1379
f 513/1154 774/1149 501/1157
f 828/2518 531/2517 530/2516
f 498/2049 743/2048 682/2052
f 636/2056 743/2048 827/2057
f 636/2056 682/2052 743/2048
f 514/3285 471/3286 642/3283
f 501/1157 492/1161 494/1159
f 513/2588 496/2591 516/2589
f 492/1938 493/1933 528/1936
f 493/1933 471/1930 528/1936
f 544/2366 537/2368 538/2369
f 499/1693 825/1689 500/1682
f 516/2589 824/2595 515/2592
f 500/1682 737/1685 824/1688
f 516/2589 515/2592 612/2590
f 642/2062 471/2067 782/2065
f 513/1154 723/1151 774/1149
f 612/2590 723/2587 516/2589
f 723/2587 612/2590 623/2593
f 635/2061 658/2060 636/2056
f 651/2058 542/2055 682/2052
f 541/2848 542/2852 651/2853
f 658/2060 651/2058 682/2052
f 660/2378 718/2380 793/2373
f 458/392 819/396 670/386
f 797/390 670/386 644/388
f 737/1685 591/1681 640/1687
f 541/2848 661/2847 671/2850
f 591/1681 578/1686 631/1691
f 718/1680 604/1684 591/1681
f 634/2950 581/2952 660/2951
f 602/382 780/383 596/380
f 511/2382 778/2377 718/2380
f 578/1686 601/1690 579/1696
f 601/2956 604/2954 581/2952
f 596/380 669/384 603/381
f 579/2955 601/2956 581/2952
f 604/1684 578/1686 591/1681
f 660/2378 604/2383 718/2380
f 781/1645 780/1653 602/1648
f 599/1644 485/1643 821/1647
f 821/1647 485/1643 795/1651
f 794/1646 781/1645 602/1648
f 511/1683 820/1679 500/1682
f 809/3613 549/3614 602/3615
f 670/386 797/390 458/392
f 793/2373 671/2371 661/2375
f 736/387 603/381 669/384
f 261/750 205/749 204/752
f 137/703 136/710 247/696
f 73/733 895/735 554/737
f 870/2242 227/2234 813/2238
f 646/81 644/91 643/70
f 740/847 592/838 822/853
f 592/838 740/847 734/842
f 124/1824 714/1819 763/1827
f 763/937 740/942 764/939
f 158/1574 157/1576 102/1571
f 186/1142 712/1139 173/1136
f 729/662 765/657 733/664
f 618/1746 527/1753 615/1748
f 155/814 151/817 705/821
f 713/1324 766/1332 557/1325
f 696/1366 181/1360 674/1371
f 666/615 687/616 668/618
f 776/1744 618/1746 615/1748
f 172/1135 173/1136 712/1139
f 781/133 599/126 600/120
f 670/386 669/384 596/380
f 781/133 600/120 780/119
f 142/1137 191/1131 172/1135
f 99/2290 253/2288 257/2287
f 442/1440 334/1443 336/1439
f 634/2950 664/2949 656/2948
f 486/1655 795/1651 485/1643
f 697/69 700/66 694/40
f 726/2543 724/2536 730/2542
f 2137/3437 732/3439 2172/3441
f 121/1330 120/1327 212/1323
f 704/78 700/66 703/85
f 610/124 630/138 614/140
f 643/70 648/105 646/81
f 611/3116 629/3118 624/3117
f 539/46 540/54 653/64
f 635/2061 782/2065 702/2066
f 139/1823 593/1821 90/1816
f 149/1356 148/1367 168/1364
f 634/2950 660/2951 664/2949
f 86/656 765/657 649/653
f 698/95 703/85 697/69
f 666/615 215/613 676/612
f 559/609 676/612 146/610
f 648/3620 643/3621 647/3622
f 213/2937 136/2942 137/2940
f 709/108 608/103 518/115
f 661/2847 541/2848 657/2845
f 632/3115 611/3116 737/3113
f 611/139 610/124 606/144
f 70/3216 535/3218 302/3210
f 594/121 577/113 598/116
f 692/79 701/56 174/87
f 583/3664 584/3662 580/3661
f 732/668 733/664 2173/666
f 52/2995 684/2996 37/2992
f 145/607 162/603 673/606
f 684/1668 50/1664 37/1666
f 124/2664 523/2667 300/2659
f 732/2546 726/2543 733/2545
f 122/839 592/838 734/842
f 714/1819 593/1821 555/1822
f 557/1825 766/1831 734/1829
f 740/1830 763/1827 734/1829
f 733/2545 726/2543 730/2542
f 729/2544 733/2545 730/2542
f 50/1664 684/1668 728/1670
f 679/1672 691/1669 50/1664
f 729/2544 730/2542 725/2541
f 95/639 679/648 728/646
f 763/1827 714/1819 557/1825
f 80/2139 79/2134 672/2137
f 675/596 52/600 47/598
f 45/9 673/15 49/6
f 649/653 77/655 86/656
f 181/1360 699/1357 180/1355
f 696/48 701/56 699/67
f 142/1448 182/1447 188/1450
f 555/1322 720/1321 557/1325
f 649/2538 725/2541 724/2536
f 142/1137 187/1140 141/1143
f 51/41 645/71 647/59
f 645/71 547/90 644/91
f 632/1692 591/1681 631/1691
f 622/106 619/76 576/100
f 656/53 539/46 634/63
f 630/138 613/143 614/140
f 606/144 629/151 611/139
f 632/1692 640/1687 591/1681
f 657/3708 655/3705 656/3709
f 151/1358 149/1356 741/1353
f 719/58 654/65 683/29
f 619/76 620/84 653/64
f 654/65 719/58 721/50
f 181/1360 531/1374 674/1371
f 655/3705 657/3708 541/3706
f 83/1820 617/1817 714/1819
f 713/1324 557/1325 720/1321
f 709/836 609/834 698/831
f 607/1150 616/1148 519/1145
f 656/53 655/39 539/46
f 526/3506 616/3502 615/3505
f 716/1147 628/1144 717/1146
f 625/837 609/834 709/836
f 702/2882 638/2885 609/2883
f 709/108 710/97 608/103
f 703/827 698/831 715/829
f 617/1817 83/1820 84/1818
f 212/1323 120/1327 713/1324
f 154/818 155/814 706/822
f 703/827 153/823 704/825
f 705/821 174/824 706/822
f 698/831 639/832 715/829
f 683/29 693/34 688/24
f 650/80 697/69 695/57
f 668/618 687/616 690/621
f 696/1366 699/1357 181/1360
f 650/80 702/88 697/69
f 694/40 695/57 697/69
f 688/24 693/34 694/40
f 701/56 694/40 700/66
f 180/1355 699/1357 692/1354
f 725/659 649/653 765/657
f 735/604 161/597 727/601
f 685/638 675/636 30/634
f 688/24 674/42 690/36
f 689/28 43/14 688/24
f 687/33 686/23 689/28
f 559/20 43/14 686/23
f 685/638 30/634 684/641
f 678/650 691/651 95/639
f 680/1674 649/1675 2139/1676
f 95/639 691/651 679/648
f 735/604 162/603 161/597
f 736/387 669/384 670/386
f 676/612 687/616 666/615
f 79/2134 38/2128 672/2137
f 677/2136 672/2137 38/2128
f 651/55 693/34 707/47
f 797/390 545/398 806/399
f 574/77 619/76 540/54
f 609/834 638/833 639/832
f 707/2854 541/2848 651/2853
f 638/833 525/830 715/829
f 658/2060 662/2063 651/2058
f 93/652 558/654 82/647
f 623/3122 612/3121 624/3117
f 608/2884 625/2886 723/2887
f 609/2883 625/2886 608/2884
f 639/832 638/833 715/829
f 518/2923 626/2920 520/2919
f 627/3701 522/3702 626/3703
f 605/2888 608/2884 723/2887
f 626/125 518/115 605/118
f 624/3117 629/3118 606/3120
f 619/76 578/101 579/94
f 578/101 621/107 631/114
f 622/106 621/107 619/76
f 709/3452 519/3451 628/3453
f 615/3505 616/3502 518/3504
f 623/3122 624/3117 606/3120
f 518/1153 607/1150 519/1145
f 83/1820 714/1819 124/1824
f 172/1135 346/1141 187/1140
f 714/1819 90/1816 593/1821
f 714/1819 617/1817 90/1816
f 90/1816 143/1826 139/1823
f 556/1326 139/1333 138/1329
f 97/2668 83/2666 112/2665
f 580/112 600/120 598/116
f 577/113 595/122 722/117
f 577/113 622/106 576/100
f 223/2113 413/2117 210/2115
f 167/1359 199/1363 180/1355
f 101/2723 246/2721 266/2719
f 214/766 207/769 443/770
f 191/3710 200/3712 337/3713
f 338/1591 233/1589 334/1585
f 676/612 215/613 146/610
f 154/1433 846/1424 335/1432
f 163/2114 209/2111 210/2115
f 216/762 169/760 202/763
f 233/1589 221/1580 334/1585
f 438/2900 241/2895 482/2897
f 145/607 146/610 147/608
f 115/2580 69/2579 97/2575
f 114/2660 116/2661 118/2658
f 61/645 82/647 95/639
f 321/1129 339/1134 191/1131
f 91/2576 70/2578 71/2570
f 72/3157 92/3154 87/3156
f 554/3160 532/3161 72/3157
f 597/104 596/110 582/111
f 525/830 563/828 153/823
f 469/3333 848/3330 470/3329
f 485/1643 543/1649 486/1655
f 809/385 736/387 448/389
f 444/3093 455/3089 451/3091
f 791/417 792/431 460/428
f 411/2504 423/2500 389/2502
f 323/1400 341/1411 324/1406
f 335/1432 336/1439 154/1433
f 102/1571 171/1578 255/1579
f 200/1114 340/1123 331/1126
f 451/3091 455/3089 800/3088
f 385/2523 868/2528 399/2525
f 132/2035 68/2034 349/2027
f 343/1180 375/1173 192/1183
f 375/1173 816/1179 192/1183
f 287/2925 347/2927 319/2928
f 211/2482 265/2481 164/2484
f 265/2481 264/2485 164/2484
f 222/1583 171/1578 221/1580
f 321/1129 191/1131 331/1126
f 154/818 336/815 155/814
f 210/2115 157/2119 163/2114
f 336/1439 335/1432 442/1440
f 234/3721 233/3720 406/3723
f 285/3410 318/3411 312/3408
f 283/2738 301/2740 284/2733
f 284/2733 304/2737 296/2730
f 274/2734 296/2730 304/2737
f 128/2042 291/2037 69/2038
f 99/3570 98/3572 301/3571
f 98/2292 99/2290 257/2287
f 247/696 249/692 137/703
f 259/681 249/692 258/687
f 135/2741 123/2743 274/2734
f 237/2715 387/2717 398/2718
f 236/2483 265/2481 235/2480
f 207/769 215/771 206/773
f 242/2898 168/2896 241/2895
f 219/2892 168/2896 148/2899
f 221/1580 157/1576 211/1582
f 334/1585 221/1580 211/1582
f 103/2112 209/2111 163/2114
f 103/2724 101/2723 266/2719
f 628/1144 716/1147 774/1149
f 158/2118 159/2116 163/2114
f 206/773 215/771 814/775
f 565/778 206/773 814/775
f 195/1457 194/1456 183/1454
f 194/1456 193/1453 184/1452
f 157/1576 171/1578 102/1571
f 200/1458 193/1453 194/1456
f 164/819 150/820 156/816
f 156/816 150/820 151/817
f 195/1457 183/1454 190/1455
f 182/1447 183/1454 184/1452
f 151/817 155/814 156/816
f 166/1368 199/1363 167/1359
f 180/1355 149/1356 167/1359
f 149/1356 168/1364 167/1359
f 164/2484 148/2487 150/2489
f 159/2116 103/2112 163/2114
f 169/605 162/603 145/607
f 148/1367 149/1356 152/1362
f 30/634 31/632 11/631
f 107/637 105/635 277/640
f 127/1336 133/1345 66/1341
f 300/2659 118/2658 119/2662
f 112/2665 119/2662 118/2658
f 111/1118 176/1117 110/1124
f 100/849 131/840 298/854
f 66/1341 140/1338 67/1344
f 89/1340 70/1343 140/1338
f 135/848 298/854 131/840
f 298/854 98/858 100/849
f 78/3625 77/3626 93/3623
f 92/3274 72/3269 85/3271
f 2132/3270 532/3272 2159/3275
f 61/645 54/649 82/647
f 54/723 61/712 62/719
f 62/719 65/722 55/726
f 70/1343 67/1344 140/1338
f 302/3210 67/3213 70/3216
f 302/3210 356/3214 312/3211
f 551/3219 302/3210 535/3218
f 72/3157 73/3159 554/3160
f 286/2612 315/2614 310/2613
f 361/2777 76/2775 896/2772
f 303/3409 312/3408 356/3412
f 286/2636 894/2631 315/2628
f 286/717 364/724 272/718
f 76/3217 302/3210 551/3219
f 353/2629 306/2626 276/2625
f 892/2619 359/2617 314/2616
f 251/688 250/686 417/698
f 533/2033 562/2041 812/2043
f 803/2168 569/2166 573/2163
f 572/3518 352/3519 351/3520
f 2158/3521 572/3518 2175/3522
f 886/3828 357/3830 2162/3831
f 2167/3461 889/3463 2176/3464
f 887/3075 293/3076 384/3073
f 887/2176 570/2169 803/2168
f 573/2163 569/2166 585/2164
f 293/3144 888/3146 886/3149
f 365/3455 742/3457 2166/3458
f 395/2277 370/2279 369/2281
f 370/2279 395/2277 392/2272
f 376/1594 567/1598 406/1596
f 564/1587 567/1598 376/1594
f 326/1593 368/1601 406/1596
f 375/1173 373/1171 880/1175
f 412/1176 411/1177 372/1172
f 872/3126 322/3130 320/3129
f 381/1386 811/1392 881/1390
f 322/2278 872/2271 379/2274
f 380/1389 418/1397 802/1398
f 412/1402 343/1413 339/1405
f 872/3126 320/3129 340/3128
f 321/1409 322/1415 344/1399
f 326/1593 406/1596 233/1589
f 441/1418 404/1410 405/1416
f 872/3126 342/3123 390/3125
f 416/3309 413/3312 327/3310
f 872/2271 882/2267 378/2263
f 396/2291 328/2294 257/2287
f 257/2287 253/2288 317/2285
f 255/1579 245/1581 246/1577
f 258/687 247/696 363/702
f 363/3488 248/3492 571/3490
f 571/2241 813/2238 225/2233
f 231/2229 443/2240 232/2235
f 217/772 218/776 243/779
f 420/1434 421/1438 507/1431
f 240/3656 568/3652 239/3654
f 216/762 560/764 229/761
f 208/758 216/762 229/761
f 219/2892 443/2894 241/2895
f 507/1393 421/1401 418/1397
f 411/1403 401/1395 802/1398
f 431/2492 430/2494 503/2495
f 423/2500 427/2497 422/2493
f 790/427 791/417 784/423
f 807/395 809/385 468/391
f 791/417 805/421 864/403
f 446/402 808/410 807/395
f 805/421 543/425 853/422
f 460/428 543/425 791/417
f 460/428 799/437 486/432
f 446/402 467/414 801/408
f 864/403 805/421 853/422
f 543/425 460/428 486/432
f 462/436 792/431 859/435
f 865/1525 425/1524 465/1527
f 466/438 456/446 789/443
f 455/3089 787/3090 454/3087
f 466/438 787/433 445/442
f 790/427 792/431 791/417
f 452/394 450/415 786/409
f 785/434 790/427 783/430
f 454/426 524/429 784/423
f 801/408 467/414 468/391
f 468/391 452/394 788/401
f 786/409 800/420 784/423
f 444/419 451/413 453/407
f 451/413 452/394 453/407
f 448/389 468/391 809/385
f 448/389 854/400 452/394
f 602/1648 549/1652 794/1646
f 821/1647 795/1651 796/1650
f 600/120 582/111 780/119
f 543/1649 483/1657 853/1660
f 795/1651 486/1655 798/1659
f 794/1646 484/1654 543/1649
f 809/385 864/403 549/411
f 590/1935 510/1937 472/1931
f 538/2369 489/2374 498/2370
f 537/2368 793/2373 536/2372
f 848/3330 473/3334 490/3331
f 165/1377 166/1368 220/1372
f 782/835 525/830 638/833
f 563/1421 846/1424 637/1428
f 206/773 243/779 218/776
f 220/1372 239/1381 165/1377
f 475/2508 847/2512 832/2509
f 510/1425 487/1422 563/1421
f 432/2648 503/2646 508/2643
f 776/1744 777/1747 512/1743
f 775/1741 776/1744 512/1743
f 588/2379 536/2372 778/2377
f 478/3563 495/3564 837/3561
f 835/1754 509/1751 777/1747
f 520/1752 521/1750 776/1744
f 775/1158 823/1156 817/1152
f 618/1746 775/1741 817/1749
f 154/818 153/823 637/826
f 636/2056 658/2060 682/2052
f 776/1744 775/1741 618/1746
f 777/1747 776/1744 521/1750
f 153/823 715/829 525/830
f 476/1382 481/1375 165/1377
f 637/826 153/823 563/828
f 480/1380 481/1375 476/1382
f 472/1931 525/1934 782/1932
f 635/2061 642/2062 782/2065
f 716/1147 817/1152 774/1149
f 774/1149 723/1151 628/1144
f 774/1149 823/1156 501/1157
f 471/1930 514/1939 528/1936
f 737/3113 624/3117 515/3119
f 737/1685 515/1694 824/1688
f 611/3116 624/3117 737/3113
f 517/2851 541/2848 671/2850
f 612/3121 515/3119 624/3117
f 723/2887 625/2886 628/2889
f 650/2064 635/2061 702/2066
f 596/110 597/104 644/91
f 660/2849 661/2847 664/2846
f 644/388 547/393 797/390
f 634/2950 620/2953 581/2952
f 582/111 596/110 780/119
f 599/1644 821/1647 796/1650
f 500/1682 820/1679 591/1681
f 820/1679 511/1683 718/1680
f 602/382 603/381 809/385
f 670/3538 819/3539 736/3540
f 660/2378 793/2373 661/2375
f 71/2570 132/2573 91/2576
f 740/942 739/947 764/939
f 339/1134 172/1135 191/1131
f 117/841 130/851 767/845
f 734/842 766/852 713/846
f 733/664 765/657 2148/661
f 615/1748 520/1752 776/1744
f 729/662 725/659 765/657
f 706/822 704/825 153/823
f 712/1139 346/1141 172/1135
f 763/937 764/939 299/932
f 182/2089 189/2091 190/2093
f 124/935 763/937 299/932
f 173/1136 172/1135 339/1134
f 673/606 162/603 735/604
f 727/601 161/597 47/598
f 149/1356 180/1355 741/1353
f 599/126 594/121 598/116
f 688/1376 696/1366 674/1371
f 625/3454 709/3452 628/3453
f 120/1327 122/1331 713/1324
f 122/839 734/842 713/846
f 2149/658 86/656 2151/660
f 741/1353 705/1361 151/1358
f 155/814 705/821 706/822
f 523/934 124/935 299/932
f 596/380 644/388 670/386
f 131/840 117/841 592/838
f 557/1825 714/1819 555/1822
f 592/838 117/841 767/845
f 763/1827 557/1825 734/1829
f 211/1582 164/1588 334/1585
f 887/2176 803/2168 533/2175
f 790/427 784/423 783/430
f 486/432 799/437 798/441
f 1406/876 752/877 751/878
f 748/1780 750/1781 749/1782
f 753/2319 1422/2320 754/2321
f 1321/3384 1319/3385 938/3386
f 815/1182 1517/1184 1628/1187
f 1351/2329 1360/2333 974/2326
f 1795/174 1280/182 1797/176
f 962/504 944/511 1340/526
f 1311/153 1211/145 796/134
f 1746/1203 1744/1197 1078/1191
f 952/1553 953/1551 954/1555
f 916/1473 1810/1474 2177/1475
f 945/171 1213/163 1343/161
f 1240/1862 1196/1863 1336/1864
f 1252/3932 1254/3933 1806/3934
f 1805/3935 1252/3932 1806/3934
f 1777/1621 1776/1622 1296/1623
f 1256/3032 1780/3033 1160/3034
f 1126/1559 1119/1560 1296/1561
f 1124/1632 1179/1628 759/1624
f 1199/165 1794/169 909/175
f 909/3261 978/3262 1199/3263
f 1276/238 1808/239 928/240
f 1802/784 1297/785 1801/786
f 1218/180 1241/185 1229/190
f 1803/1478 916/1473 2179/1476
f 918/909 1305/910 1889/911
f 946/916 918/909 1273/919
f 1812/3816 948/3817 1279/3818
f 2181/1487 1273/1489 2182/1494
f 921/129 1791/127 1209/141
f 1808/1025 1306/1026 1271/1027
f 1236/1028 928/1030 1808/1025
f 1235/1501 1117/1502 1772/1503
f 1288/3240 1287/3241 1773/3242
f 1290/1569 1277/1570 822/1567
f 1308/242 1306/244 1808/239
f 739/947 1278/948 764/939
f 1254/3933 1253/3936 1806/3934
f 924/186 925/191 1270/196
f 1195/3604 1192/3605 1262/3606
f 1213/163 1282/146 1343/161
f 1310/162 1209/141 1208/155
f 1210/123 1804/128 622/106
f 1284/168 1283/148 913/164
f 1793/3304 1792/3305 1283/3306
f 1253/3894 522/3895 1806/3896
f 1285/159 940/166 1238/150
f 1280/1901 1217/1902 910/1903
f 1229/1206 902/1207 1280/1208
f 1285/159 1238/150 1793/135
f 1246/1705 1245/1706 1255/1707
f 1231/788 1297/785 1267/791
f 1253/3894 1805/3897 522/3895
f 1253/1871 1252/1868 1805/1874
f 1294/1755 1303/1756 1221/1757
f 1221/1757 1270/1758 1294/1755
f 1301/251 1232/247 1773/254
f 1114/368 1265/375 900/369
f 522/3702 627/3701 1806/3704
f 627/2867 1254/2866 935/2860
f 935/3845 1805/3846 627/3847
f 299/932 1261/941 1116/938
f 1252/2865 935/2860 1254/2866
f 1807/136 663/130 622/106
f 622/106 1804/128 1807/136
f 663/130 1807/136 1793/135
f 1793/135 1807/136 1804/128
f 663/130 613/143 630/138
f 663/130 1237/158 1240/149
f 1240/149 1251/152 613/143
f 1252/1868 1251/1865 1336/1864
f 900/1640 1261/1639 901/1637
f 901/1637 1261/1639 1741/1633
f 1114/954 1155/952 1265/949
f 1258/2421 1234/2422 1769/2423
f 1776/1622 1739/1626 1260/1625
f 1768/252 1259/245 1140/248
f 1777/2431 1296/2430 1185/2427
f 1782/1498 1256/1486 2187/1493
f 1773/1522 926/1519 1301/1523
f 1296/1623 1776/1622 1260/1625
f 1142/1511 1118/1512 1250/1506
f 1770/3351 1801/3352 1230/3353
f 1236/891 1264/889 927/885
f 1232/247 1301/251 1308/242
f 2187/1493 1800/1491 2189/1497
f 1231/3355 1230/3353 1801/3352
f 1976/3354 1802/3357 1801/3352
f 946/790 1274/797 1267/791
f 773/1033 772/1035 923/1038
f 902/1904 1220/1906 1217/1902
f 1280/1901 902/1904 1217/1902
f 1285/159 1797/176 910/170
f 1255/181 1794/169 1246/187
f 1793/135 1238/150 663/130
f 1255/181 924/186 909/175
f 1270/1758 1221/1757 1222/1760
f 1229/1206 1295/1212 1293/1211
f 1295/195 1799/204 1796/209
f 1295/195 1241/185 1798/194
f 1804/128 1210/123 1793/135
f 1285/159 1793/135 1283/148
f 1280/182 1795/174 1243/179
f 1798/194 1799/204 1295/195
f 1220/1906 942/1905 1217/1902
f 1295/1212 1796/1214 1293/1211
f 1797/176 1284/168 1795/174
f 1199/165 1240/149 1237/158
f 1237/1963 1246/1964 1794/1965
f 933/1968 998/1967 1342/1966
f 1792/147 1793/135 922/137
f 1795/174 1284/168 913/164
f 1342/2005 939/2006 932/2007
f 937/3389 1292/3388 938/3386
f 1245/1706 1203/1708 1248/1710
f 908/1765 1222/1760 1353/1763
f 986/1767 908/1765 1353/1763
f 1368/1909 943/1912 1242/1915
f 990/1880 994/1881 1356/1882
f 1243/179 912/173 1281/184
f 1195/188 1262/178 1215/177
f 1282/146 1213/163 1790/156
f 722/117 595/122 1791/127
f 595/122 594/121 1791/127
f 1791/127 921/129 722/117
f 1282/146 1790/156 1207/142
f 622/106 722/117 1210/123
f 594/121 796/134 1791/127
f 1209/141 1791/127 1211/145
f 1207/142 921/129 1282/146
f 1213/163 1206/157 1790/156
f 1206/157 1789/172 1214/167
f 1215/177 1789/172 1213/163
f 1262/178 1214/167 1789/172
f 1206/157 1207/142 1790/156
f 1213/163 1789/172 1206/157
f 1191/527 920/528 1205/529
f 1344/1218 1345/1215 1293/1211
f 1414/2957 1501/2958 1391/2959
f 1383/2671 1382/2672 1361/2673
f 1766/3580 1765/3581 1767/3582
f 1514/2201 1507/2202 1495/2203
f 1377/2097 1381/2098 1004/2099
f 1477/962 1054/963 1476/964
f 627/3847 1805/3846 1806/3848
f 1749/276 1753/263 1087/273
f 1625/1195 1628/1187 1619/1200
f 1558/296 1538/285 1541/291
f 1556/892 1554/890 1580/896
f 1764/2970 1768/2971 1544/2972
f 1506/3512 1497/3513 1494/3514
f 1504/2208 1588/2213 1594/2209
f 1695/1789 750/1781 1684/1786
f 190/2093 189/2091 185/2092
f 1803/1478 1800/1491 1256/1486
f 1684/1786 1072/1783 1680/1785
f 1125/351 1707/344 1724/348
f 1700/2146 1692/2147 1717/2148
f 1259/245 1232/247 1308/242
f 1741/1633 1179/1628 901/1637
f 900/946 1116/938 1261/941
f 1136/1036 1137/1031 773/1033
f 1754/2980 1747/2981 1122/2982
f 1231/788 1154/794 1761/799
f 1534/2979 1535/2978 907/2977
f 1775/2424 1769/2423 1121/2426
f 1184/2429 1755/2432 1520/2435
f 1757/1630 759/1624 1289/1627
f 1748/271 1754/268 1753/263
f 1714/2151 1759/2155 1717/2148
f 1966/1981 1128/1982 1760/1983
f 1128/1982 1134/1985 1760/1983
f 1707/344 1125/351 1727/354
f 1066/1049 1103/1042 1537/1046
f 1182/895 1751/897 1135/887
f 1511/1541 1435/1538 1433/1543
f 1744/3524 1746/3525 758/3526
f 1774/1510 1268/1508 1117/1502
f 1249/3870 1769/3871 1234/3872
f 1739/1626 1776/1622 759/1624
f 759/1624 760/1635 1124/1632
f 748/1246 1317/1247 1653/1248
f 1125/351 1724/348 1729/353
f 1278/868 739/863 1286/857
f 939/2006 940/2009 932/2007
f 1324/1545 1440/1542 1430/1539
f 929/2779 930/2780 959/2781
f 1440/1542 951/1546 1434/1540
f 934/1557 1322/1554 980/1552
f 943/1912 942/1905 1348/1913
f 1237/158 663/130 1238/150
f 933/1968 1342/1966 932/1970
f 985/3393 1365/3394 1358/3395
f 903/1209 995/1213 1363/1216
f 1354/1762 1341/1764 1353/1763
f 909/175 924/186 1222/192
f 999/2011 911/2014 1338/2017
f 1151/567 1052/552 1039/559
f 1189/1887 1174/1884 969/1888
f 972/2674 1383/2671 1361/2673
f 1359/2323 1422/2320 753/2319
f 1479/984 1503/996 1471/997
f 1415/2325 754/2321 1405/2324
f 1417/3337 1150/3338 1223/3339
f 753/1775 1329/1774 1359/1769
f 1320/3493 955/3494 1332/3495
f 1334/2298 1427/2299 1372/2300
f 508/2643 835/2645 980/2647
f 1387/3343 976/3344 1173/3345
f 992/2180 1487/2181 976/2182
f 1480/3530 1478/3531 1411/3532
f 1403/3536 1389/3537 1480/3530
f 1171/3349 1386/3350 968/3346
f 1378/2302 1427/2299 1428/2305
f 589/2650 508/2643 1430/2652
f 1333/1971 933/1968 1429/1974
f 1049/498 1011/512 1473/520
f 1437/1537 1438/1533 779/1535
f 1437/1537 1430/1539 1440/1542
f 1150/2402 1399/2403 1014/2404
f 1150/3390 1331/3387 1292/3388
f 464/1528 865/1525 1509/1530
f 1391/2904 1390/2905 1395/2906
f 1042/587 1452/584 1051/586
f 1167/224 1445/230 1448/228
f 1045/479 1050/484 1170/476
f 1448/228 1450/226 1167/224
f 1454/1604 1456/1605 1463/1606
f 1474/575 1012/583 1452/584
f 1208/474 1019/467 961/472
f 1481/3590 1168/3591 1482/3592
f 1436/1534 1510/1536 862/1532
f 1384/2675 1168/2684 1389/2681
f 1376/2107 1034/2108 1171/2109
f 1490/971 1411/969 1469/965
f 865/1525 1515/1529 1509/1530
f 1406/3671 1226/3672 1502/3673
f 1390/2905 1394/2907 1402/2910
f 1493/3516 1494/3514 1497/3513
f 1007/453 1006/460 1027/461
f 1028/466 1017/454 1027/461
f 1655/339 1649/333 1641/336
f 1547/330 1546/328 1520/332
f 1604/2204 1607/2206 1594/2209
f 1130/2990 1131/2986 1183/2989
f 1536/1048 1537/1046 1100/1041
f 1553/880 751/878 752/877
f 1594/2209 1607/2206 1504/2208
f 1608/1718 1585/1719 1598/1720
f 1541/2384 1543/2385 1527/2386
f 1549/284 1688/293 1671/299
f 1506/3512 1603/3515 1507/3517
f 1571/3295 1586/3296 1572/3297
f 1689/298 1563/288 1584/304
f 1563/288 1561/280 1564/283
f 1667/2436 1665/2437 1787/2438
f 1612/3191 1617/3192 1622/3193
f 1594/2461 1602/2462 1604/2463
f 1507/2465 1602/2462 1506/2468
f 1517/1184 815/1182 880/1175
f 1628/1187 1752/1190 815/1182
f 1629/1192 1752/1190 1628/1187
f 1625/1195 1626/1201 1629/1192
f 1589/1068 1149/1062 1630/1066
f 1623/1735 1622/1736 1610/1732
f 1605/1727 1597/1729 1610/1732
f 1112/958 1639/959 1093/953
f 748/1780 1661/1791 1679/1788
f 1719/2698 1145/2699 1656/2700
f 1658/2439 1787/2438 1661/2442
f 1662/2446 1632/2451 1659/2443
f 1635/2452 1668/2447 1659/2443
f 1635/3947 1666/3948 1668/3949
f 1635/2452 1643/2459 1642/2454
f 1642/325 1633/329 1569/318
f 1560/307 1567/312 1569/318
f 1689/298 1676/306 1688/293
f 1657/2456 1632/2451 1662/2446
f 1685/310 1689/298 1584/304
f 1583/314 1686/323 1685/310
f 1674/2003 1693/2000 1682/2002
f 1162/1803 1163/1804 1702/1797
f 1677/1792 1676/1794 1684/1786
f 1683/2154 1682/2150 1700/2146
f 1703/1257 749/1250 1694/1259
f 1716/1808 1786/1815 1713/1809
f 1685/310 1676/306 1689/298
f 1707/344 1110/341 1640/342
f 1694/3638 1701/3639 1703/3640
f 1758/3929 1111/3930 1725/3931
f 1726/352 1743/356 1757/347
f 1719/2698 1656/2700 1652/2701
f 1711/2149 1717/2148 1712/2153
f 1158/362 1728/358 1705/355
f 1758/3223 1520/3224 1522/3225
f 1724/348 1705/355 1728/358
f 746/3853 747/3854 1153/3855
f 1163/1804 746/1814 1159/1813
f 746/808 1161/803 1159/812
f 1713/1266 1108/1265 1709/1264
f 1108/3466 1784/3467 2199/3468
f 1716/1808 1163/1804 1159/1813
f 1159/1272 1785/1271 1786/1268
f 747/1993 1129/1987 1153/1996
f 1785/3596 1781/3597 2201/3598
f 1716/1273 1159/1272 1786/1268
f 771/2712 770/2702 1144/2704
f 1786/1268 1784/1269 1108/1265
f 1783/1270 1784/1269 1786/1268
f 1159/1272 1781/1274 1785/1271
f 1153/798 1161/803 746/808
f 2205/3040 1160/3034 2208/3038
f 1782/3035 1780/3033 1256/3032
f 2206/3037 1782/3035 2209/3039
f 1267/791 1256/807 1161/803
f 1779/3788 1782/3789 2188/3790
f 1160/3034 1780/3033 2207/3036
f 2209/3792 1779/3788 2211/3794
f 1700/2146 1143/2152 1106/2156
f 762/260 1225/257 761/261
f 1131/2986 1747/2981 1756/2985
f 1756/2985 1747/2981 1748/2983
f 1154/794 1267/791 1153/798
f 1758/1629 1289/1627 1777/1621
f 1776/1622 1777/1621 759/1624
f 1124/359 1113/357 1178/366
f 1185/2427 1184/2429 1777/2431
f 1161/803 1153/798 1267/791
f 1133/2428 1775/2424 1121/2426
f 1771/3243 1754/3248 1122/3247
f 1178/366 1113/357 900/369
f 759/1624 1179/1628 1739/1626
f 901/1637 1179/1628 900/1640
f 1773/1522 1287/1520 926/1519
f 1258/2421 1775/2424 1185/2427
f 926/1519 1287/1520 1121/1517
f 1765/3245 1766/3246 1771/3243
f 1761/3376 1778/3377 1770/3378
f 1768/2971 1764/2970 744/2974
f 1233/250 1259/245 1768/252
f 1232/247 1233/250 744/253
f 1773/254 1232/247 745/256
f 822/1567 708/1566 1269/1565
f 1121/3244 1288/3240 1771/3243
f 1774/3401 1096/3402 1141/3403
f 1232/247 744/253 745/256
f 1118/1512 1142/1511 1763/1514
f 1773/3242 1765/3245 1771/3243
f 1250/3800 1249/3801 1772/3802
f 1123/1057 1075/1063 1076/1054
f 1141/1513 1142/1511 1774/1510
f 1767/3582 762/3583 1766/3580
f 1768/252 744/253 1233/250
f 1766/3246 1754/3248 1771/3243
f 1525/262 1081/270 1087/273
f 927/885 1264/889 1139/881
f 1120/1044 1099/1045 1745/1039
f 1138/883 1101/888 927/885
f 1764/2970 761/2973 1225/2976
f 762/260 1767/259 1225/257
f 745/3584 1767/3582 1765/3581
f 1767/259 745/256 1225/257
f 758/3405 1746/3407 1141/3403
f 1123/1057 1099/1045 1763/1053
f 1118/1512 1763/1514 1120/1516
f 1123/1057 1141/1061 1746/1064
f 1763/1053 1099/1045 1120/1044
f 1141/1061 1123/1057 1763/1053
f 1766/265 762/260 1753/263
f 747/2160 1762/2161 1162/2158
f 746/1814 1163/1804 1762/1812
f 1162/1803 1762/1812 1163/1804
f 1761/3376 1128/3380 1778/3377
f 747/2160 1162/2158 1759/2155
f 1748/2983 1749/2987 1756/2985
f 1755/2432 1184/2429 1133/2428
f 1727/354 1726/352 1707/344
f 760/1635 1743/1638 1124/1632
f 1707/344 1720/345 1110/341
f 1725/1634 1289/1627 1758/1629
f 747/3854 746/3853 1762/3856
f 1129/1987 1759/1991 1134/1985
f 1129/1987 747/1993 1759/1991
f 1788/1989 1760/1983 1715/1988
f 1163/1804 1716/1808 1697/1800
f 1707/344 1706/346 1724/348
f 1132/326 1547/330 1520/332
f 1520/2435 1755/2432 1132/2434
f 1758/2433 1184/2429 1520/2435
f 1111/3226 1758/3223 1522/3225
f 1757/1630 1743/1638 760/1635
f 1720/345 1707/344 1757/347
f 1289/1627 1725/1634 1757/1630
f 1756/2985 1749/2987 1183/2989
f 1749/276 1748/271 1753/263
f 1524/264 1525/262 761/261
f 1544/266 1524/264 761/261
f 1544/2972 1102/2975 907/2977
f 1081/3479 1526/3480 1749/3481
f 1082/290 1081/270 1549/284
f 762/260 761/261 1525/262
f 1749/276 1087/273 1081/270
f 1753/263 1559/286 1087/273
f 1101/888 1135/887 1105/893
f 1182/3765 1181/3766 1751/3767
f 1181/3766 1105/3768 1751/3767
f 1533/2547 1531/2548 1181/2549
f 1098/1194 1078/1191 1744/1197
f 1100/1041 1537/1046 1136/1036
f 1747/2981 1754/2980 1748/2983
f 762/260 1525/262 1753/263
f 1135/887 1751/897 1105/893
f 756/2392 1105/2398 1181/2399
f 1102/2975 1544/2972 1768/2971
f 1533/2547 1181/2549 1750/2550
f 761/2973 1764/2970 1544/2972
f 1407/985 1409/986 1410/974
f 1754/268 1766/265 1753/263
f 1131/2986 1133/2984 1747/2981
f 1137/1031 1136/1036 1060/1037
f 1745/1039 1100/1041 1136/1036
f 345/1467 178/1465 1180/1463
f 1180/1463 1732/1468 345/1467
f 311/2930 1521/2934 288/2932
f 1226/2912 1397/2915 1402/2910
f 1430/2652 779/2655 589/2650
f 815/1182 1752/1190 1629/1192
f 1742/1471 1521/1472 345/1467
f 345/1467 1732/1468 1742/1471
f 292/950 129/940 1094/944
f 292/950 128/951 129/940
f 292/2045 562/2041 128/2042
f 1093/953 292/950 1094/944
f 1731/870 1521/871 1742/872
f 1742/3182 1732/3183 1731/3184
f 179/1460 1095/1459 1180/1463
f 1098/3527 1744/3524 758/3526
f 195/1457 190/1455 1095/1459
f 757/3528 758/3526 1096/3529
f 1080/2096 185/2092 192/2095
f 1080/2096 190/2093 185/2092
f 1269/1631 1260/1625 1739/1626
f 1736/3774 757/3775 1096/3776
f 1096/3776 1737/3777 1736/3774
f 1179/1628 1124/1632 1178/1636
f 1179/1628 1741/1633 1739/1626
f 1119/3420 1735/3421 1738/3422
f 1735/3714 1734/3715 1738/3716
f 1119/1560 1126/1559 1734/1563
f 1126/3718 1738/3716 1734/3715
f 1115/860 1733/866 1119/869
f 1735/3810 1119/3811 1733/3812
f 1097/3425 1740/3423 1096/3424
f 1738/3422 1096/3424 1740/3423
f 1738/3188 1733/3186 1737/3187
f 1736/3185 1737/3187 1733/3186
f 1736/3774 1732/3778 757/3775
f 1733/3186 1738/3188 1126/3189
f 1738/3422 1740/3423 1119/3420
f 1733/3186 1126/3189 1735/3190
f 1126/873 1115/874 1735/875
f 1119/3719 1734/3715 1115/3717
f 1734/3715 1735/3714 1115/3717
f 289/856 288/867 1733/866
f 288/867 289/856 287/861
f 1265/949 1155/952 1094/944
f 900/3813 1265/3814 1116/3815
f 1094/944 1116/938 1265/949
f 1093/953 1094/944 1730/956
f 1156/361 1113/357 1729/353
f 1156/361 1155/365 1113/357
f 2196/3627 1157/3628 2212/3629
f 2212/370 1158/362 2213/373
f 1723/3630 1730/3633 1156/3632
f 1721/3004 1723/3011 2214/3008
f 1730/3009 1721/3004 1112/3007
f 1158/362 1157/364 1729/353
f 1156/361 1729/353 1157/364
f 1729/353 1113/357 1125/351
f 1111/343 1720/345 1757/347
f 1728/358 1158/362 1729/353
f 1728/358 1729/353 1724/348
f 812/957 1093/953 1639/959
f 1707/344 1726/352 1757/347
f 350/961 812/957 1654/960
f 1639/959 1654/960 812/957
f 1704/349 1724/348 1706/346
f 1522/3756 1708/3757 1655/3758
f 1652/360 1722/363 1705/355
f 1637/3148 1639/3150 1718/3152
f 1721/3004 1718/3005 1112/3007
f 1722/363 1652/360 2216/367
f 1145/2699 1719/2698 770/2702
f 1112/3007 1718/3005 1639/3010
f 1522/3756 1710/3760 1708/3757
f 1757/347 1725/350 1111/343
f 1522/3225 1519/3227 1710/3229
f 771/3102 1704/3103 1647/3104
f 1697/1800 1703/1805 1698/1795
f 1719/2698 1144/2704 770/2702
f 1109/1262 1703/1257 1709/1264
f 770/2702 1108/2706 1145/2699
f 1713/1266 1709/1264 1703/1257
f 1713/1809 1697/1800 1716/1808
f 1711/2149 1143/2152 1700/2146
f 1162/2158 1712/2153 1759/2155
f 1700/2146 1717/2148 1711/2149
f 1711/1806 1107/1796 1143/1801
f 1715/1988 1134/1985 1759/1991
f 1712/2153 1717/2148 1759/2155
f 1691/1998 1693/2000 1674/2003
f 1702/1797 1163/1804 1697/1800
f 1715/1988 1759/1991 1714/1995
f 1690/1994 1788/1989 1715/1988
f 1699/1802 1711/1806 1712/1811
f 1715/1988 1714/1995 1692/1997
f 1715/1988 1692/1997 1690/1994
f 1711/1806 1699/1802 1107/1796
f 1695/1789 1694/1787 750/1781
f 1697/1800 1713/1809 1703/1805
f 1652/2701 1144/2704 1719/2698
f 2216/2705 1656/2700 2223/2710
f 1656/2700 1145/2699 2218/2703
f 770/3107 771/3102 1648/3105
f 1633/329 1649/333 1546/328
f 1707/344 1640/342 1706/346
f 1144/2704 1652/2701 1704/2709
f 1706/346 1640/342 1704/349
f 1694/1787 1702/1797 1701/1793
f 1315/3641 1703/3640 1701/3639
f 1698/3951 1315/3952 1681/3953
f 749/3824 1315/3825 1694/3826
f 1546/328 1569/318 1633/329
f 1703/1805 1315/1810 1698/1795
f 1670/2444 1666/2440 1663/2448
f 1567/312 1560/307 1570/294
f 1689/298 1587/289 1563/288
f 1676/306 1677/311 1688/293
f 749/3937 1681/3938 1315/3939
f 1703/1257 1660/1254 749/1250
f 1681/1784 1694/1787 1314/1790
f 1314/1790 1701/1793 1681/1784
f 1698/1795 1681/1784 1701/1793
f 1694/1787 1162/1803 1702/1797
f 1702/1797 1697/1800 1698/1795
f 1702/1797 1698/1795 1701/1793
f 1700/2146 1106/2156 1683/2154
f 1684/3585 1224/3586 1695/3587
f 1690/1994 1692/1997 1691/1998
f 1672/3300 1686/3302 1583/3299
f 1694/1787 1696/1807 1162/1803
f 1692/1997 1682/2002 1693/2000
f 1224/1799 1107/1796 1699/1802
f 1696/3588 1695/3587 1224/3586
f 1693/2000 1691/1998 1692/1997
f 1700/2146 1682/2150 1692/2147
f 1699/1802 1696/1807 1224/1799
f 1675/1275 1674/1276 1673/1277
f 1694/1787 1681/1784 750/1781
f 1681/1784 749/1782 750/1781
f 1672/3541 1674/3542 1683/3543
f 1683/2154 1674/2157 1682/2150
f 1683/3543 1678/3544 1672/3541
f 1664/2445 1677/2450 1679/2441
f 1658/2439 1667/2436 1787/2438
f 1661/2442 1787/2438 1679/2441
f 1680/1785 1072/1783 748/1780
f 1679/1788 1680/1785 748/1780
f 1685/3842 1686/3843 1672/3844
f 1571/3295 1573/3298 1672/3300
f 1672/3300 1583/3299 1571/3295
f 1573/3298 1687/3303 1673/3301
f 1573/3298 1673/3301 1672/3300
f 1664/2445 1669/2449 1671/2455
f 1676/3545 1685/3546 1678/3544
f 1677/311 1664/305 1688/293
f 1106/1798 1107/1796 1676/1794
f 1676/2159 1683/2154 1106/2156
f 1684/1786 1680/1785 1677/1792
f 1664/2445 1679/2441 1665/2437
f 1680/1785 1679/1788 1677/1792
f 1787/2438 1665/2437 1679/2441
f 1659/2443 1668/2447 1667/2436
f 1666/2440 1670/2444 1665/2437
f 1669/2449 1570/2453 1671/2455
f 1570/2453 1670/2444 1663/2448
f 1669/2449 1670/2444 1570/2453
f 1669/2449 1664/2445 1665/2437
f 1667/3950 1668/3949 1666/3948
f 1665/2437 1670/2444 1669/2449
f 1667/2436 1666/2440 1665/2437
f 1659/2443 1667/2436 1658/2439
f 1662/2446 1659/2443 1658/2439
f 1666/2440 1635/2452 1642/2454
f 1633/2805 1642/2806 1634/2807
f 1567/2457 1663/2448 1642/2454
f 1567/2457 1592/2460 1663/2448
f 1642/2454 1663/2448 1666/2440
f 1659/2443 1632/2451 1635/2452
f 1658/1249 1653/1248 1657/1252
f 1657/1252 1653/1248 1644/1255
f 1646/1258 1660/1254 1645/1260
f 1657/1252 1662/1256 1658/1249
f 1658/1249 1661/1253 748/1246
f 1316/1251 1317/1247 1660/1254
f 1645/1260 1660/1254 1703/1257
f 749/1250 1317/1247 748/1246
f 1660/1254 1317/1247 749/1250
f 1316/1251 1653/1248 1317/1247
f 1316/1251 1660/1254 1646/1258
f 1638/3001 1721/3004 2224/3003
f 1721/3004 1638/3001 1718/3005
f 1655/339 1708/337 1649/333
f 1647/3104 1070/3109 1146/3110
f 770/3107 1648/3105 1109/3108
f 1070/3109 1647/3104 1640/3106
f 1109/3108 1648/3105 1647/3104
f 1647/3104 1146/3110 1109/3108
f 1718/3152 1638/3153 1637/3148
f 1070/340 1640/342 1641/336
f 1708/337 1710/335 1649/333
f 1070/340 1650/338 1651/334
f 1651/334 1641/336 1649/333
f 1641/336 1650/338 1070/340
f 1633/329 1651/334 1649/333
f 1548/319 1569/318 1546/328
f 1651/334 1650/338 1641/336
f 1649/333 1710/335 1546/328
f 1640/342 1110/341 1641/336
f 1641/336 1110/341 1655/339
f 294/3143 1654/3147 1639/3150
f 294/3143 1639/3150 1637/3148
f 1637/3148 1638/3153 890/3151
f 888/3146 1637/3148 890/3151
f 1637/3148 888/3146 294/3143
f 890/3151 886/3149 888/3146
f 294/3143 350/3145 1654/3147
f 1610/1732 1609/1733 1623/1735
f 1632/2812 1631/2810 1634/2807
f 1634/2807 1631/2810 1636/2808
f 1071/2813 1070/2814 1636/2808
f 1651/2811 1636/2808 1070/2814
f 1636/2808 1631/2810 1071/2813
f 1146/3110 1070/3109 1147/3111
f 1644/2815 1147/2816 1631/2810
f 1632/2812 1657/2817 1644/2815
f 1634/2458 1635/2452 1632/2451
f 1644/2815 1631/2810 1632/2812
f 1146/1263 1147/1261 1646/1258
f 1645/1260 1146/1263 1646/1258
f 1147/1261 1644/1255 1646/1258
f 1645/1260 1109/1262 1146/1263
f 1651/2811 1633/2805 1636/2808
f 1646/1258 1644/1255 1316/1251
f 1642/2806 1643/2809 1634/2807
f 1643/2459 1635/2452 1634/2458
f 1623/1735 1609/1733 1627/1737
f 1627/1205 1626/1201 1619/1200
f 1630/1066 1609/1069 1596/1070
f 1148/1065 1609/1069 1630/1066
f 1595/1723 1591/1722 1605/1727
f 1599/1726 1596/1728 1597/1729
f 1597/1729 1609/1733 1610/1732
f 1615/2476 1614/2479 1508/2474
f 1610/1732 1617/1734 1616/1730
f 1619/1739 1623/1735 1627/1737
f 1627/1205 1148/1204 1626/1201
f 1619/1739 1069/1738 1623/1735
f 1609/1069 1148/1065 1627/1071
f 1619/1200 1626/1201 1625/1195
f 1619/3230 1628/3231 1624/3232
f 1149/1062 1076/1054 1075/1063
f 1079/1193 1629/1192 1568/1199
f 1067/1058 1518/1055 1536/1048
f 1149/1062 1075/1063 1148/1065
f 1075/1063 1568/1067 1148/1065
f 1517/3234 1064/3235 1624/3232
f 1615/3238 1620/3233 1499/3237
f 1499/2342 1510/2343 1059/2344
f 1615/2476 1621/2473 1618/2478
f 1499/3237 1620/3233 1064/3235
f 1510/1536 1436/1534 1435/1538
f 1492/2210 1392/2207 1400/2211
f 1511/2346 1059/2344 1510/2343
f 1063/1955 1065/1959 373/1957
f 1615/2348 1499/2342 1498/2345
f 1498/2345 1505/2351 1615/2348
f 1624/3232 1620/3233 1619/3230
f 1069/3239 1619/3230 1618/3236
f 1091/3044 1092/3045 1579/3046
f 373/1957 424/1954 1063/1955
f 1618/2478 1621/2473 1069/2477
f 1505/2351 1614/2353 1615/2348
f 1620/3233 1618/3236 1619/3230
f 1068/3194 1612/3191 1622/3193
f 1068/3194 1622/3193 1069/3196
f 1069/1738 1622/1736 1623/1735
f 1621/2473 1615/2476 1508/2474
f 1602/2462 1601/2467 1611/2469
f 1621/2473 1508/2474 1611/2469
f 1508/2474 1613/2472 1611/2469
f 1601/2467 1612/2471 1611/2469
f 1611/2469 1613/2472 1506/2468
f 1611/2469 1612/2471 1621/2473
f 1506/2468 1602/2462 1611/2469
f 1612/3191 1601/3195 1617/3192
f 1622/1736 1617/1734 1610/1732
f 1612/2471 1068/2475 1621/2473
f 1605/1727 1610/1732 1616/1730
f 1616/3197 1617/3192 1601/3195
f 1616/1730 1600/1725 1605/1727
f 1600/2464 1594/2461 1593/2466
f 1601/2467 1600/2464 1616/2470
f 1593/1721 1595/1723 1600/1725
f 1496/3943 1504/3944 1514/3945
f 1513/2964 1553/2967 752/2966
f 1600/2464 1602/2462 1594/2461
f 1602/2462 1600/2464 1601/2467
f 1607/2206 1604/2204 1514/2201
f 1514/2201 1504/2208 1607/2206
f 464/1528 426/1526 865/1525
f 1574/3444 1465/3445 1488/3446
f 1092/3045 1467/3049 1579/3046
f 1579/3046 1554/3047 1091/3044
f 1513/2964 1472/2963 1553/2967
f 752/2966 1512/2961 1513/2964
f 1608/1718 1598/1720 1593/1721
f 1590/2599 1089/2600 1090/2601
f 1588/2604 1089/2600 1608/2606
f 1608/2606 1089/2600 1585/2603
f 1591/1722 1599/1726 1597/1729
f 1595/1723 1598/1720 1591/1722
f 1594/2209 1608/2216 1593/2219
f 1598/1720 1595/1723 1593/1721
f 1585/1719 1590/1724 1591/1722
f 1597/1729 1605/1727 1591/1722
f 1089/2600 1590/2599 1585/2603
f 1557/1050 1062/1043 1103/1042
f 1589/2602 1590/2599 1090/2601
f 1090/2601 1149/2605 1589/2602
f 1589/1731 1596/1728 1590/1724
f 1599/1726 1590/1724 1596/1728
f 1570/294 1592/317 1567/312
f 1549/284 1587/289 1688/293
f 1561/280 1587/289 1549/284
f 1563/288 1587/289 1561/280
f 1538/285 1529/275 1086/278
f 1073/566 1461/561 1460/553
f 1089/2600 1588/2604 1090/2601
f 1581/301 1575/303 1565/292
f 1565/292 1558/296 1581/301
f 1575/1311 1581/1307 1582/1298
f 1528/279 1538/285 1565/292
f 1572/297 1586/302 1563/288
f 1563/288 1565/292 1572/297
f 1586/302 1584/304 1563/288
f 1583/314 1584/304 1586/302
f 1584/304 1583/314 1685/310
f 1583/3299 1586/3296 1571/3295
f 1841/321 1687/331 1573/320
f 1572/297 1575/303 1577/309
f 1572/297 1577/309 1576/315
f 1468/3052 1465/3054 1579/3046
f 1465/3054 1574/3053 1579/3046
f 1579/3046 1574/3053 1580/3050
f 1574/1832 1606/1833 1580/1834
f 1578/1294 1566/1303 1562/1306
f 1566/1303 1578/1294 1582/1298
f 1580/3050 1554/3047 1579/3046
f 1562/1306 1540/1301 1578/1294
f 1542/2390 1566/2397 1558/2394
f 1556/892 1555/898 1182/895
f 1561/280 1549/284 1081/270
f 1081/270 1530/274 1561/280
f 1565/292 1538/285 1558/296
f 1562/2400 1566/2397 1539/2393
f 1566/1303 1582/1298 1581/1307
f 1560/307 1548/319 1130/313
f 1528/279 1564/283 1530/274
f 1528/279 1565/292 1563/288
f 1564/283 1528/279 1563/288
f 1558/296 1566/308 1581/301
f 1573/3298 1571/3295 1572/3297
f 1576/315 1573/320 1572/297
f 1688/293 1587/289 1689/298
f 1531/2548 1533/2547 1539/2551
f 1082/290 1549/284 1570/294
f 1545/300 1082/290 1570/294
f 1548/319 1560/307 1569/318
f 1560/307 1545/300 1570/294
f 1560/307 1130/313 1545/300
f 1688/293 1664/305 1671/299
f 1549/284 1671/299 1570/294
f 1564/283 1561/280 1530/274
f 1130/313 1548/319 1132/326
f 1082/376 1545/377 1088/378
f 1525/3865 1088/3866 1559/3867
f 1090/1059 1588/1060 1557/1050
f 1629/1192 1077/1189 815/1182
f 1538/285 1086/278 1541/291
f 1542/2390 1539/2393 1566/2397
f 1539/2393 1542/2390 755/2387
f 1539/2393 1540/2401 1562/2400
f 1086/278 1543/287 1541/291
f 1084/2388 1527/2386 1543/2385
f 1062/1043 1557/1050 1550/1051
f 1550/2215 1588/2213 1504/2208
f 1550/2215 1504/2208 1491/2212
f 1557/1050 1066/1049 1090/1059
f 1496/3747 1495/3748 1491/3749
f 751/878 1553/880 1472/882
f 1226/2912 1551/2917 1552/2916
f 1504/3750 1496/3747 1491/3749
f 1491/2212 1552/2222 1550/2215
f 1136/1036 1537/1046 1103/1042
f 1550/2918 1552/2916 1551/2917
f 1551/1047 1062/1043 1550/1051
f 1139/1034 1060/1037 1061/1040
f 751/878 1091/884 1138/883
f 1537/1046 1518/1055 1066/1049
f 1418/2911 753/2908 1390/2905
f 755/2387 1542/2390 1541/2384
f 1527/2386 755/2387 1541/2384
f 1541/2384 1542/2390 1558/2394
f 1539/2393 755/2387 1531/2396
f 1535/277 1534/281 1083/272
f 1523/267 1530/274 1081/270
f 1087/3860 1526/3861 1525/3862
f 1088/378 1545/377 1183/379
f 1546/3228 1710/3229 1519/3227
f 1546/328 1547/330 1548/319
f 1547/330 1132/326 1548/319
f 1529/275 1523/267 1085/269
f 1086/278 1084/282 1543/287
f 1528/279 1530/274 1523/267
f 1529/275 1085/269 1086/278
f 1528/279 1523/267 1529/275
f 1529/275 1538/285 1528/279
f 1749/3481 1526/3480 1183/3482
f 1545/2991 1130/2990 1183/2989
f 1087/3483 1088/3484 1183/3482
f 1526/3480 1087/3483 1183/3482
f 1526/3861 1082/3864 1088/3863
f 1525/262 1524/264 1523/267
f 1524/264 1544/266 1085/269
f 1544/266 1083/272 1085/269
f 1523/267 1524/264 1085/269
f 1544/266 1535/277 1083/272
f 1536/1048 1518/1055 1537/1046
f 1531/2396 756/2392 1181/2399
f 755/2387 1527/2386 907/2389
f 1539/2551 1533/2547 1532/2553
f 1527/2386 1084/2388 1534/2391
f 756/2392 1531/2396 755/2387
f 907/2389 756/2392 755/2387
f 1103/1042 1066/1049 1557/1050
f 1491/2212 1397/2218 1552/2222
f 1556/892 1182/895 1135/887
f 1138/883 1135/887 1101/888
f 1061/879 751/878 1139/881
f 1066/1049 1518/1055 1067/1058
f 1517/1962 1065/1959 1064/1960
f 1067/1058 1536/1048 1076/1054
f 1079/1193 1078/1191 1077/1189
f 1568/1199 1075/1196 1079/1193
f 1519/3227 1522/3225 1520/3224
f 345/1467 1521/1472 311/1470
f 1536/1048 1099/1045 1076/1054
f 1075/1196 1078/1191 1079/1193
f 1074/497 1031/499 1073/508
f 1151/509 1074/497 1073/508
f 465/2657 863/2653 1439/2656
f 1438/1533 1509/1530 1515/1529
f 753/2908 1395/2906 1390/2905
f 1415/2325 1414/2332 1391/2328
f 1404/2331 1500/2338 1414/2332
f 1391/2328 1395/2322 1415/2325
f 752/3913 1406/3914 1512/3915
f 1151/509 1039/513 1193/492
f 1193/492 1516/491 1074/497
f 1170/476 1443/483 960/477
f 1443/483 1074/497 1516/491
f 1443/483 1031/499 1074/497
f 1073/566 1460/553 1052/552
f 1515/1529 865/1525 465/1527
f 465/1527 1439/1531 1515/1529
f 1604/2204 1507/2202 1514/2201
f 1479/984 1092/990 1503/996
f 1512/2961 1472/2963 1513/2964
f 1495/3946 1496/3943 1514/3945
f 1509/1530 1436/1534 862/1532
f 1507/2202 1494/2205 1495/2203
f 1058/2347 1498/2345 1059/2344
f 1509/1530 862/1532 464/1528
f 1497/2350 1506/2356 1505/2351
f 1506/2356 1613/2363 1508/2357
f 1508/2357 1614/2353 1505/2351
f 862/1953 1063/1955 424/1954
f 1506/2356 1508/2357 1505/2351
f 1510/1956 1063/1955 862/1953
f 1603/3515 1506/3512 1494/3514
f 1494/3514 1507/3517 1603/3515
f 1091/3044 1471/3051 1503/3048
f 1406/3671 1502/3673 1501/3674
f 1414/2957 1500/2962 1512/2961
f 1512/2961 1406/2960 1414/2957
f 1501/2958 1414/2957 1406/2960
f 1512/2961 1500/2962 1472/2963
f 1391/2904 1501/2909 1394/2907
f 1498/2345 1499/2342 1059/2344
f 1494/2205 1392/2207 1495/2203
f 1399/2352 1493/2355 1497/2350
f 1505/2351 1498/2345 1497/2350
f 1058/2347 1497/2350 1498/2345
f 1392/2362 1494/2365 1493/2355
f 1436/1534 1509/1530 1438/1533
f 1058/2347 1399/2352 1497/2350
f 1399/2352 1393/2360 1493/2355
f 1491/2212 1495/2203 1492/2210
f 1392/2207 1492/2210 1495/2203
f 1393/2360 1392/2362 1493/2355
f 1407/2337 1500/2338 1404/2331
f 1394/2907 1501/2909 1226/2912
f 1501/3674 1502/3673 1226/3672
f 1472/2963 1500/2962 1407/2965
f 1471/2969 1483/2968 1407/2965
f 1469/965 1484/979 1410/974
f 1410/974 1490/971 1469/965
f 1477/962 1469/965 1478/967
f 1420/3916 1419/3917 1424/3918
f 1407/2965 1483/2968 1472/2963
f 1410/974 1484/979 1407/985
f 1479/984 1407/985 1484/979
f 1469/965 1479/984 1484/979
f 1411/3532 1412/3535 1489/3533
f 1408/991 1037/980 1409/986
f 1389/3594 1168/3591 1481/3590
f 1489/3533 1480/3530 1411/3532
f 1489/3533 1403/3536 1480/3530
f 1477/3534 1478/3531 1480/3530
f 1480/3595 1389/3594 1481/3590
f 1389/2681 1403/2686 1188/2685
f 1410/974 1037/980 1490/971
f 1038/3427 1413/3428 1420/3429
f 1403/3432 1412/3434 1037/3431
f 1171/1896 1190/1891 1386/1894
f 1376/2316 1171/2317 1035/2318
f 1034/2105 1035/2104 1172/2102
f 1034/1900 1375/1897 1171/1896
f 1369/1892 1003/1898 1347/1895
f 1171/2184 1487/2181 992/2180
f 968/3346 1487/3347 1171/3349
f 1482/966 1168/977 1169/973
f 1486/3370 1470/3371 1054/3372
f 1465/3445 1466/3448 1488/3446
f 1054/963 1482/966 1055/968
f 1486/982 1055/968 1485/976
f 1470/3371 1476/3374 1054/3372
f 1482/966 1054/963 1477/962
f 1482/3592 1477/3593 1481/3590
f 1480/3595 1481/3590 1477/3593
f 1462/549 971/539 1056/545
f 971/539 1057/538 1056/545
f 1460/553 1053/541 1052/552
f 1467/995 1092/990 1469/965
f 1411/969 1478/967 1469/965
f 1477/962 1476/964 1469/965
f 1468/992 1470/999 1486/982
f 1486/982 1466/987 1468/992
f 1466/987 1486/982 1485/976
f 1407/985 1479/984 1471/997
f 1092/990 1479/984 1469/965
f 1467/995 1469/965 1470/999
f 1503/3048 1092/3045 1091/3044
f 1468/992 1466/987 1465/1000
f 1579/3046 1467/3049 1468/3052
f 1049/498 1175/495 1453/503
f 1048/1607 1463/1606 1046/1609
f 1474/575 1457/568 1056/545
f 1459/570 1461/561 1475/579
f 1473/582 1012/583 1464/580
f 1473/582 1464/580 1475/579
f 1475/514 1073/508 1049/498
f 1056/545 1457/568 1047/560
f 1475/514 1049/498 1473/520
f 1459/570 1464/580 1474/575
f 1464/580 1012/583 1474/575
f 1047/560 1046/576 1458/578
f 1461/561 1459/570 1056/545
f 1056/545 1460/553 1461/561
f 1056/545 1053/541 1460/553
f 1474/575 1056/545 1459/570
f 1031/499 1443/483 1030/496
f 1047/560 1462/549 1056/545
f 1458/1611 1046/1609 1463/1606
f 1457/568 1046/576 1047/560
f 1463/1606 1048/1607 1454/1604
f 1456/1605 1910/1608 1463/1606
f 1454/3316 1048/3317 1452/3318
f 1455/3319 1044/3320 1454/3316
f 1043/231 1166/232 1044/234
f 1011/585 1051/586 1452/584
f 1048/581 1474/575 1452/584
f 1455/589 1452/584 1042/587
f 1051/519 1011/512 1453/503
f 1033/502 1043/507 1453/503
f 1043/507 1051/519 1453/503
f 1473/582 1011/585 1012/583
f 1451/590 1041/588 1051/586
f 1455/235 1041/236 1043/231
f 1451/237 1043/231 1041/236
f 1032/488 1447/487 1033/502
f 1033/502 1447/487 1177/494
f 1024/470 1449/478 1445/481
f 1448/3849 1445/3850 1010/3851
f 1445/481 1447/487 1024/470
f 1177/494 1447/487 1445/481
f 1043/231 1177/233 1445/230
f 1010/469 1446/458 1450/464
f 457/450 1450/464 1446/458
f 462/436 859/435 1023/444
f 859/3731 860/3732 1023/3733
f 1170/476 1006/460 1045/479
f 1029/490 1443/483 1170/476
f 1029/490 1170/476 1050/484
f 1050/484 1045/479 1165/489
f 1176/482 1032/488 1175/495
f 1024/470 1009/459 1010/469
f 1442/465 1009/459 1024/470
f 1022/455 1023/444 1026/452
f 1026/452 1446/458 1009/459
f 785/434 1025/447 1444/448
f 1024/470 1447/487 1032/488
f 1024/470 1032/488 1176/482
f 1026/452 1444/448 1008/451
f 1453/503 1175/495 1032/488
f 1165/489 1175/495 1049/498
f 1006/460 1442/465 1024/470
f 1443/483 1029/490 1030/496
f 1006/460 1022/455 1442/465
f 1009/459 1442/465 1022/455
f 1023/444 860/439 785/434
f 457/220 456/217 857/219
f 457/220 1021/222 1167/224
f 1450/226 457/220 1167/224
f 1167/224 1043/231 1445/230
f 1216/534 1040/540 1053/541
f 1019/467 1020/463 1441/457
f 1018/449 1441/457 1020/463
f 1018/1661 795/1651 798/1659
f 798/441 1036/445 1018/449
f 1441/457 1164/462 1019/467
f 961/472 1152/471 960/477
f 1017/454 1018/449 1036/445
f 1439/1531 779/1535 1438/1533
f 1436/1534 1437/1537 1434/1540
f 1434/1540 1437/1537 1440/1542
f 1013/2361 1015/2354 1432/2359
f 1430/1539 1437/1537 779/1535
f 589/3954 779/3955 1439/3956
f 1439/2656 863/2653 589/2650
f 1437/1537 1436/1534 1438/1533
f 1432/1544 1435/1538 1434/1540
f 1434/1540 1435/1538 1436/1534
f 1058/2347 1432/2359 1015/2354
f 1432/1544 1433/1543 1435/1538
f 1058/3804 1433/3805 1432/3806
f 1399/2403 1150/2402 1396/2406
f 1432/1544 1104/1547 1013/1549
f 1434/1540 1104/1547 1432/1544
f 951/1546 1440/1542 1324/1545
f 934/2790 1325/2782 1322/2786
f 1322/1554 1323/1550 980/1552
f 951/1546 1104/1547 1434/1540
f 959/2781 953/2788 1322/2786
f 1324/1545 1431/1548 1323/1550
f 1291/1777 1228/1770 1330/1776
f 835/3910 834/3911 980/3912
f 1431/2649 508/2643 980/2647
f 508/2643 1431/2649 1430/2652
f 1430/1539 1431/1548 1324/1545
f 1378/2302 1379/2309 1380/2310
f 1429/1974 933/1968 1002/1972
f 934/1872 936/1870 1197/1867
f 1367/2015 1002/2018 1337/2013
f 1380/2024 1002/2018 1001/2021
f 1002/1972 932/1970 1337/1975
f 1002/1972 1379/1978 1429/1974
f 1429/1974 1379/1978 1428/1979
f 1427/1977 1429/1974 1428/1979
f 1408/2334 1404/2331 1405/2324
f 968/3346 969/3348 1173/3345
f 1038/3427 1424/3430 1403/3432
f 1403/2686 1187/2687 1188/2685
f 976/3344 968/3346 1173/3345
f 976/3344 1487/3347 968/3346
f 1356/1882 1364/1883 990/1880
f 976/2182 1387/2195 1424/2193
f 1344/3287 997/3288 1345/3289
f 1387/2195 1186/2197 1424/2193
f 977/3396 988/3398 984/3397
f 1413/2336 975/2330 1425/2339
f 1424/3430 1186/3433 1403/3432
f 1037/3431 1038/3427 1403/3432
f 1421/2192 1419/2191 1425/2194
f 1038/3427 1037/3431 1413/3428
f 1422/2320 1423/2327 1405/2324
f 1422/2320 1359/2323 974/2326
f 1333/1971 1429/1974 1427/1977
f 1360/2189 976/2182 1419/2191
f 1425/2339 1419/2340 1413/2336
f 976/2182 1424/2193 1419/2191
f 1419/2340 1420/2341 1413/2336
f 977/3396 985/3393 1358/3395
f 1247/3131 1334/3132 1426/3133
f 1426/2303 1334/2298 1350/2301
f 1427/1977 1334/1976 1333/1971
f 1247/3131 1426/3133 1242/3134
f 975/2196 1421/2192 1425/2194
f 937/2688 1200/2689 904/2690
f 1424/3430 1038/3427 1420/3429
f 1405/2324 1423/2327 975/2330
f 1422/2320 974/2326 1423/2327
f 1416/2223 1401/2217 1417/2224
f 1201/1779 1291/1777 1330/1776
f 1330/1776 1329/1774 753/1775
f 1396/3341 1150/3338 1417/3337
f 1201/3340 1417/3337 1223/3339
f 1418/2911 1390/2905 1402/2910
f 1201/1779 1330/1776 1417/1778
f 1418/2911 1402/2910 1416/2914
f 1402/2220 1401/2217 1416/2223
f 1402/2220 1398/2214 1401/2217
f 1417/2224 1401/2217 1396/2221
f 1396/2221 1401/2217 1400/2211
f 1398/2214 1400/2211 1401/2217
f 1393/2409 1396/2406 1400/2413
f 1396/2406 1393/2409 1399/2403
f 1398/2214 1397/2218 1491/2212
f 1398/2214 1492/2210 1400/2211
f 1491/2212 1492/2210 1398/2214
f 1402/2910 1394/2907 1226/2912
f 1400/2364 1392/2362 1393/2360
f 975/2330 1408/2334 1405/2324
f 1394/2907 1390/2905 1391/2904
f 1415/2325 1395/2322 754/2321
f 1422/2320 1405/2324 754/2321
f 975/2330 1413/2336 1408/2334
f 1410/974 1409/986 1037/980
f 1411/969 1490/971 1412/975
f 1408/991 1413/998 1037/980
f 1037/980 1412/975 1490/971
f 751/878 1061/879 1406/876
f 1408/991 1409/986 1407/985
f 1404/2331 1414/2332 1415/2325
f 1407/2337 1404/2331 1408/2334
f 1404/2331 1415/2325 1405/2324
f 1169/973 1168/977 1385/983
f 1489/3533 1412/3535 1403/3536
f 1186/2197 1387/2195 1188/2198
f 1384/988 1385/983 1168/977
f 973/993 1384/988 1383/1001
f 1382/2672 1174/2676 1361/2673
f 972/1004 973/993 1383/1001
f 1382/2672 1383/2671 1384/2675
f 1384/2675 1388/2678 1382/2672
f 1382/2672 1388/2678 1387/2682
f 1388/2678 1188/2685 1387/2682
f 1388/2678 1389/2681 1188/2685
f 1389/2681 1388/2678 1384/2675
f 968/3346 1386/3350 969/3348
f 1040/540 1194/544 1370/551
f 1053/541 1040/540 1052/552
f 963/558 1370/551 1194/544
f 967/500 962/504 965/505
f 1193/492 1370/510 962/504
f 1040/540 1039/559 1052/552
f 1152/471 961/472 1164/462
f 1039/513 1370/510 1193/492
f 1001/2312 1374/2306 1380/2310
f 1374/2306 1378/2302 1380/2310
f 1378/2302 1428/2305 1379/2309
f 1171/1896 1375/1897 1190/1891
f 1190/1891 969/1888 1386/1894
f 1003/2100 1172/2102 1377/2097
f 1375/1897 1172/1899 1369/1892
f 1369/1892 1190/1891 1375/1897
f 1189/1887 1190/1891 1369/1892
f 1369/1892 1172/1899 1003/1898
f 1004/2099 1003/2100 1377/2097
f 1381/1925 1377/1926 992/1918
f 1378/2302 1374/2306 1372/2300
f 1374/2020 1338/2017 1373/2023
f 1001/2021 1367/2015 1374/2020
f 1334/2298 1372/2300 1350/2301
f 1372/2300 1374/2306 1373/2304
f 1373/2304 1350/2301 1372/2300
f 992/2180 1357/2183 1358/2186
f 992/1918 1358/1916 1005/1910
f 1348/1913 1005/1910 1358/1916
f 992/1918 1004/1923 1381/1925
f 1347/1917 1004/1923 993/1914
f 1004/2099 1347/2101 1003/2100
f 983/2308 1350/2301 1373/2304
f 1365/1921 1348/1913 1358/1916
f 983/2308 1000/2314 1349/2311
f 1000/1919 1348/1913 1365/1921
f 1368/2313 1242/2307 1349/2311
f 1367/2015 1338/2017 1374/2020
f 983/2019 1373/2023 1338/2017
f 1338/2017 1367/2015 999/2011
f 1338/2017 911/2014 983/2019
f 978/1869 1197/1867 1196/1863
f 903/1922 1347/1917 1244/1908
f 1369/1892 1347/1895 1363/1889
f 1363/3634 996/3635 994/3636
f 1363/1889 994/1881 1189/1887
f 990/1880 1361/1886 1174/1884
f 1361/1886 990/1880 989/1885
f 943/1912 984/1920 1242/1915
f 1198/1771 1366/1773 1239/1759
f 1219/3726 941/3727 912/3728
f 1356/3293 997/3288 1346/3290
f 1242/2307 1426/2303 1350/2301
f 1351/1766 1341/1764 1352/1761
f 1365/1921 984/1920 943/1912
f 1005/1910 1220/1906 1244/1908
f 1245/1706 1242/1711 925/1709
f 1355/1712 988/1713 925/1709
f 1354/1762 1352/1761 1341/1764
f 1352/1761 1354/1762 1221/1757
f 1353/1763 1222/1760 1354/1762
f 904/2690 905/2694 957/2691
f 1239/3926 1366/3927 1352/3928
f 986/1767 1353/1763 1341/1764
f 1198/1771 1360/1768 1352/1761
f 988/3398 1355/3399 984/3397
f 1341/1764 1359/1769 1228/1770
f 1352/1761 1360/1768 1351/1766
f 1359/1769 1341/1764 1351/1766
f 977/2185 1198/2188 988/2190
f 1349/1927 1000/1928 1365/1929
f 977/2185 1358/2186 1357/2183
f 1198/2188 977/2185 976/2182
f 994/3294 997/3288 1356/3293
f 1005/1910 993/1914 992/1918
f 1365/3394 985/3393 984/3397
f 984/3397 1355/3399 1242/3400
f 1349/2311 1242/2307 1350/2301
f 1349/3547 1365/3548 943/3549
f 982/2315 1368/2313 1349/2311
f 911/2014 982/2016 983/2019
f 943/3549 982/3550 1349/3547
f 993/1914 1005/1910 1244/1908
f 1363/1216 1347/1219 903/1209
f 982/2016 1000/2022 983/2019
f 1005/1910 1348/1913 942/1905
f 1340/3836 1313/3837 1339/3838
f 1309/486 965/505 981/506
f 1191/527 1192/530 970/532
f 1244/1908 1219/1924 903/1922
f 1347/1917 993/1914 1244/1908
f 962/3880 1339/3881 1312/3882
f 1313/521 962/504 1312/518
f 1340/3836 966/3839 1313/3837
f 966/516 962/504 1313/521
f 962/3880 1340/3883 1339/3881
f 944/3840 1339/3838 1313/3837
f 944/511 1312/518 1339/523
f 998/1967 1203/1969 1246/1964
f 941/3679 903/3680 1281/3681
f 1281/3730 912/3728 941/3727
f 1220/1906 902/1904 1244/1908
f 1218/3887 1281/3888 1219/3889
f 903/3680 1219/3682 1281/3681
f 1346/3290 997/3288 1344/3287
f 1293/1211 1345/1215 995/1213
f 970/532 1371/531 1191/527
f 1344/3287 1811/3292 1346/3290
f 982/1907 942/1905 1368/1909
f 963/515 945/522 944/511
f 1192/530 1195/537 1216/534
f 1340/526 944/511 991/524
f 908/3139 1204/3137 1248/3136
f 1246/1964 1237/1963 1342/1966
f 1228/1770 986/1767 1341/1764
f 1197/1867 936/1870 1336/1864
f 522/2855 935/2860 641/2858
f 978/1869 979/1873 1197/1867
f 1335/3496 1320/3493 1332/3495
f 1321/2783 929/2779 1319/2787
f 998/1967 1333/1971 1247/1973
f 940/2009 910/2012 999/2011
f 911/2014 999/2011 910/2012
f 998/1876 1247/1879 1335/1878
f 1247/3131 1248/3136 1204/3137
f 1334/1976 1247/1973 1333/1971
f 979/3616 1332/3617 1328/3618
f 1328/2793 1319/2787 1326/2785
f 1197/2792 1327/2789 1325/2782
f 1335/3619 1332/3617 979/3616
f 1328/3498 1332/3495 955/3494
f 1328/2793 1326/2785 979/2791
f 1247/3131 1204/3137 1335/3138
f 1335/3496 987/3499 1320/3493
f 938/3500 955/3494 937/3497
f 1326/2785 1319/2787 929/2779
f 934/2790 1197/2792 1325/2782
f 1326/2785 1325/2782 1327/2789
f 929/2779 959/2781 1325/2782
f 1326/2785 929/2779 1325/2782
f 931/2408 930/2416 1331/2412
f 769/2414 952/2417 768/2407
f 1326/2785 1327/2789 979/2791
f 1359/1769 1329/1774 1228/1770
f 1150/2402 931/2408 1331/2412
f 1331/3387 1321/3384 938/3386
f 953/1551 951/1546 1324/1545
f 1321/2418 1331/2412 930/2416
f 1202/2411 949/2415 930/2416
f 930/2780 929/2779 1321/2783
f 938/3386 1292/3388 1331/3387
f 1200/2689 1228/2695 1291/2696
f 958/3342 1223/3339 1150/3338
f 1223/3608 956/3609 905/3610
f 768/2407 949/2415 1202/2411
f 957/3391 1292/3388 937/3389
f 954/1555 953/1551 950/1558
f 957/2691 937/2688 904/2690
f 955/3494 1320/3493 937/3497
f 986/1767 1228/1770 987/1772
f 937/2688 987/2692 1200/2689
f 1228/2695 1200/2689 987/2692
f 1319/3501 1328/3498 955/3494
f 955/3494 938/3500 1319/3501
f 1323/1550 1322/1554 953/1551
f 954/2419 950/2420 949/2415
f 768/2407 952/2417 949/2415
f 954/2419 949/2415 952/2417
f 991/524 966/516 1340/526
f 1212/501 1209/493 1309/486
f 991/3841 944/3840 1313/3837
f 1312/518 991/524 1313/521
f 1309/486 981/506 1212/501
f 981/506 991/524 1312/518
f 1020/463 1019/467 1208/474
f 1310/480 961/472 1309/486
f 1018/449 1020/463 1311/468
f 795/1651 1318/1658 796/1650
f 1298/3365 1300/3366 1290/3367
f 1694/3826 1315/3825 1314/3827
f 1701/3639 1314/3642 1315/3641
f 592/838 708/855 822/853
f 1300/3366 1278/3368 1290/3367
f 1278/948 1300/943 764/939
f 299/932 764/939 1300/943
f 822/1567 1298/1568 1290/1569
f 1137/1031 1271/1027 1307/1029
f 822/853 1286/857 740/847
f 927/241 1276/238 928/240
f 189/2091 711/2086 185/2092
f 1299/2581 1307/2582 1306/2583
f 1305/796 917/793 1304/787
f 1297/785 946/790 1267/791
f 1241/185 1218/180 1214/167
f 1214/167 919/183 1241/185
f 1304/787 946/790 1297/785
f 592/838 767/845 914/850
f 2226/915 1830/912 2227/918
f 915/1477 1272/1480 1279/1484
f 1276/238 927/241 906/243
f 1301/2586 1299/2581 1308/2584
f 1250/1506 1268/1508 1142/1511
f 1307/1029 772/1035 773/1033
f 1300/1642 1298/1641 1261/1639
f 925/1709 988/1713 1294/1714
f 1005/1910 942/1905 1220/1906
f 995/1213 903/1209 1293/1211
f 1206/157 913/164 1283/148
f 1264/1032 1137/1031 1139/1034
f 945/565 963/558 1215/550
f 909/3261 908/3264 978/3262
f 1272/1480 1275/1488 1279/1484
f 946/790 1304/787 917/793
f 1307/2582 1299/2581 772/2585
f 299/932 1300/943 1261/941
f 1250/1506 1772/1503 1117/1502
f 722/117 921/129 1210/123
f 1118/1512 923/1518 926/1519
f 745/256 744/253 1225/257
f 969/1888 1190/1891 1189/1887
f 1395/2322 753/2319 754/2321
f 1198/1717 1239/1716 988/1713
f 1290/3367 1278/3368 1277/3369
f 944/511 981/506 1312/518
f 1212/501 981/506 944/511
f 1078/1191 1123/1202 1746/1203
f 1301/2586 772/2585 1299/2581
f 708/1566 1127/1564 1269/1565
f 1277/862 1286/857 822/853
f 2184/1479 915/1477 2228/1483
f 1273/919 918/909 2226/915
f 940/166 1285/159 910/170
f 927/885 928/894 1236/891
f 1221/1757 1354/1762 1222/1760
f 1234/3803 1772/3802 1249/3801
f 712/2090 185/2092 711/2086
f 1298/1568 822/1567 1269/1565
f 1223/2697 905/2694 1201/2693
f 1218/180 1229/190 1281/184
f 1797/176 1285/159 1284/168
f 1309/486 1209/493 1310/480
f 1207/142 1206/157 1283/148
f 1812/1496 1279/1484 947/1492
f 1273/1489 915/1477 1279/1484
f 918/909 917/913 1305/910
f 1275/1488 1272/1480 1257/1482
f 1279/928 948/924 1273/919
f 946/916 1273/919 948/924
f 1272/1480 916/1473 1257/1482
f 1286/857 1277/862 1278/868
f 1286/857 739/863 740/847
f 916/1473 1803/1478 1257/1482
f 1275/1488 1257/1482 1266/1490
f 1274/1495 1275/1488 1266/1490
f 906/243 1259/245 1276/238
f 1308/242 1276/238 1259/245
f 1808/239 1276/238 1308/242
f 1235/2425 1234/2422 1258/2421
f 1235/2425 1258/2421 1185/2427
f 1308/2584 1299/2581 1306/2583
f 1275/1488 1274/1495 947/1492
f 1235/1501 1772/1503 1234/1504
f 1192/3605 1205/3607 1262/3606
f 1282/146 1212/154 1343/161
f 1192/530 1191/527 1205/529
f 1282/146 921/129 1209/141
f 919/183 1214/167 1262/178
f 1206/157 1214/167 913/164
f 1280/182 910/170 1797/176
f 913/164 1214/167 912/173
f 1241/185 1295/195 1229/190
f 627/132 613/143 1251/152
f 1808/1025 1271/1027 1236/1028
f 924/186 1270/196 1222/192
f 1298/1641 1269/1631 1261/1639
f 1267/791 1266/802 1256/807
f 1127/1564 1126/1559 1260/1562
f 1231/788 1801/786 1297/785
f 925/191 924/186 1255/181
f 1237/158 1794/169 1199/165
f 909/175 1794/169 1255/181
f 1253/1871 1254/1875 1251/1865
f 925/191 1294/199 1270/196
f 978/3262 908/3264 1248/3266
f 1741/1633 1269/1631 1739/1626
f 905/3610 956/3609 957/3612
f 1259/245 906/243 1140/248
f 1269/1631 1741/1633 1261/1639
f 1127/1564 1260/1562 1269/1565
f 934/2863 980/2862 935/2860
f 613/143 663/130 1240/149
f 1254/160 627/132 1251/152
f 1127/859 708/855 914/850
f 1296/1505 1117/1502 1235/1501
f 1800/3738 1803/3739 2185/3740
f 1256/1486 1266/1490 1257/1482
f 1307/1029 773/1033 1137/1031
f 905/2694 904/2690 1201/2693
f 1769/1515 1250/1506 1118/1512
f 1259/245 1233/250 1232/247
f 1296/1561 1260/1562 1126/1559
f 1185/2427 1296/2430 1235/2425
f 1280/182 1243/179 1281/184
f 1229/1206 1293/1211 903/1209
f 982/1907 910/1903 942/1905
f 942/1905 943/1912 1368/1909
f 1245/3135 1248/3136 1247/3131
f 1245/1706 1246/1705 1203/1708
f 1219/3726 1244/3729 941/3727
f 1210/123 922/137 1793/135
f 1283/148 1792/147 922/137
f 940/2009 939/2006 1238/2010
f 1283/148 1284/168 1285/159
f 1229/190 1280/182 1281/184
f 1795/174 913/164 1243/179
f 1303/1715 1294/1714 988/1713
f 1199/1866 1196/1863 1240/1862
f 962/504 963/515 944/511
f 1237/2008 1238/2010 939/2006
f 1352/1761 1221/1757 1239/1759
f 958/3611 956/3609 1223/3608
f 909/3261 1222/3265 908/3264
f 1303/1756 1239/1759 1221/1757
f 912/3807 1218/3808 1219/3809
f 1262/178 1205/189 919/183
f 1262/178 1789/172 1215/177
f 945/171 1215/177 1213/163
f 1311/468 1020/463 1211/473
f 1211/145 1791/127 796/134
f 920/193 919/183 1205/189
f 1302/1217 1344/1218 1293/1211
f 993/1914 1004/1923 992/1918
f 1227/456 1022/455 1006/460
f 1135/887 1554/890 1556/892
f 1525/262 1523/267 1081/270
f 1289/1627 759/1624 1777/1621
f 1696/1807 1699/1802 1162/1803
f 1786/1268 1785/1271 1783/1270
f 1761/799 1230/804 1231/788
f 1184/2429 1775/2424 1133/2428
f 1225/2976 744/2974 1764/2970
f 760/1635 759/1624 1757/1630
f 1733/3186 1731/3184 1736/3185
f 1732/1468 1180/1463 757/1464
f 758/3526 757/3528 1098/3527
f 1180/1463 1095/1459 757/1464
f 1096/3402 758/3405 1141/3403
f 1179/1628 1178/1636 900/1640
f 1156/955 1730/956 1094/944
f 986/3141 987/3140 1204/3137
f 908/3139 986/3141 1204/3137
f 1324/1545 1323/1550 953/1551
f 978/3262 1248/3266 1203/3267
f 930/2416 931/2408 1202/2411
f 1202/2411 1016/2405 768/2407
f 978/1869 1196/1863 1199/1866
f 1348/1913 1000/1919 943/1912
f 978/1869 998/1876 979/1873
f 995/3291 1345/3289 997/3288
f 962/504 966/516 965/505
f 1242/1711 1355/1712 925/1709
f 1194/544 1040/540 1195/537
f 1040/540 1216/534 1195/537
f 1263/535 1371/531 970/532
f 1000/2022 982/2016 943/2025
f 1174/1884 1189/1887 994/1881
f 1188/2198 1187/2199 1186/2197
f 1174/1884 994/1881 990/1880
f 1608/2216 1594/2209 1588/2213
f 974/2326 1421/2335 975/2330
f 1228/1770 1329/1774 1330/1776
f 1418/2911 1417/2913 753/2908
f 1187/2199 1403/2200 1186/2197
f 975/2330 1423/2327 974/2326
f 974/2326 1359/2323 1351/2329
f 940/2009 999/2011 932/2007
f 795/1651 1018/1661 1318/1658
f 1042/587 1041/588 1455/589
f 1026/452 1008/451 1446/458
f 1049/498 1050/484 1165/489
f 1032/488 1033/502 1453/503
f 1046/576 1457/568 1474/575
f 1453/503 1011/512 1049/498
f 969/2683 1174/2676 1173/2679
f 1056/545 1057/538 1053/541
f 1171/2103 1377/2097 1172/2102
f 1073/566 1475/579 1461/561
f 1028/466 1006/460 1170/476
f 1028/466 1164/462 1017/454
f 1023/444 1007/453 1036/445
f 1193/492 1074/497 1151/509
f 1519/3227 1520/3224 1546/3228
f 1080/1186 815/1182 1077/1189
f 1077/1189 1078/1191 1080/1186
f 1014/2404 1016/2405 1150/2402
f 952/1553 769/1556 1013/1549
f 1397/2218 1398/2214 1402/2220
f 1557/1050 1588/1060 1550/1051
f 1590/1724 1599/1726 1591/1722
f 1597/1729 1596/1728 1609/1733
f 1149/1062 1148/1065 1630/1066
f 1148/1204 1568/1199 1626/1201
f 1145/2699 1108/2706 2200/2711
f 1652/360 1705/355 1704/349
f 1567/312 1642/325 1569/318
f 1672/1280 1673/1277 1674/1276
f 1760/1983 1134/1985 1715/1988
f 1730/3009 1723/3011 1721/3004
f 812/2043 562/2041 292/2045
f 1159/812 1161/803 1160/811
f 1783/3602 1785/3596 2198/3601
f 2203/3470 1783/3471 2230/3472
f 1786/1268 1108/1265 1713/1266
f 1723/3630 1156/3632 1157/3628
f 1256/807 1160/811 1161/803
f 1160/811 1781/813 1159/812
f 1129/1987 1154/1992 1153/1996
f 1758/2433 1777/2431 1184/2429
f 1761/1990 1129/1987 1128/1982
f 1133/2984 1122/2982 1747/2981
f 914/850 1115/860 1126/865
f 1727/354 1125/351 1124/359
f 1125/351 1113/357 1124/359
f 1740/3423 1097/3425 1119/3420
f 1123/1202 1078/1191 1075/1196
f 1129/1987 1761/1990 1154/1992
f 1771/3243 1122/3247 1121/3244
f 1122/3247 1133/3249 1121/3244
f 1731/3184 1732/3183 1736/3185
f 1097/1509 1117/1502 1119/1507
f 1769/2423 1775/2424 1258/2421
f 1775/2424 1184/2429 1185/2427
f 1117/3404 1097/3406 1096/3402
f 1118/1512 1121/1517 1769/1515
f 1230/3379 1761/3376 1770/3378
f 1768/252 1140/248 1102/255
f 1771/3243 1288/3240 1773/3242
f 1121/3244 1287/3241 1288/3240
f 1142/1511 1268/1508 1774/1510
f 1096/3402 1774/3401 1117/3404
f 902/1904 941/1911 1244/1908
f 923/1038 1745/1039 773/1033
f 1121/1517 1118/1512 926/1519
f 1142/1511 1141/1513 1763/1514
f 1120/1516 923/1518 1118/1512
f 1769/3871 1249/3870 1250/3873
f 1765/258 1773/254 745/256
f 907/249 1102/255 1140/248
f 927/885 1139/881 1138/883
f 923/1038 1120/1044 1745/1039
f 1101/246 906/243 927/241
f 1099/1045 1123/1057 1076/1054
f 1136/1036 773/1033 1745/1039
f 1014/2404 1013/2410 768/2407
f 1750/902 1181/905 1182/895
f 1525/3865 1559/3867 1753/3868
f 1135/887 1138/883 1091/884
f 1129/1987 1134/1985 1128/1982
f 1132/2434 1755/2432 1133/2428
f 1133/2984 1131/2986 1132/2988
f 1726/352 1727/354 1743/356
f 1131/2986 1756/2985 1183/2989
f 1132/2988 1131/2986 1130/2990
f 815/1182 1080/1186 192/1183
f 1137/1031 1060/1037 1139/1034
f 757/1464 1095/1459 1098/1461
f 1136/1036 1103/1042 1060/1037
f 1101/2395 1105/2398 756/2392
f 756/2392 907/2389 1101/2395
f 907/2977 1535/2978 1544/2972
f 1536/1048 1100/1041 1099/1045
f 1745/1039 1099/1045 1100/1041
f 812/957 292/950 1093/953
f 288/867 1521/871 1731/870
f 1124/359 1743/356 1727/354
f 1731/870 1733/866 288/867
f 190/1198 1080/1186 1098/1194
f 1078/1191 1098/1194 1080/1186
f 1098/1461 1095/1459 190/1455
f 1095/1459 179/1460 195/1457
f 289/856 1115/860 914/850
f 1096/3424 1738/3422 1737/3426
f 289/856 914/850 767/845
f 1094/944 129/940 1116/938
f 1116/938 129/940 114/936
f 1733/866 1115/860 289/856
f 1113/357 1155/365 1114/368
f 1113/357 1114/368 900/369
f 1127/859 914/850 1126/865
f 1730/956 1112/958 1093/953
f 1705/355 1724/348 1704/349
f 1655/3758 1111/3759 1522/3756
f 1722/363 1158/362 1705/355
f 1158/362 1722/363 2193/372
f 1144/2704 1704/2709 771/2712
f 1110/341 1720/345 1111/343
f 1111/343 1655/339 1110/341
f 770/1267 1109/1262 1108/1265
f 1709/1264 1108/1265 1109/1262
f 1692/2147 1714/2151 1717/2148
f 1107/1796 1106/1798 1143/1801
f 1694/3589 1695/3587 1696/3588
f 1162/1803 1699/1802 1712/1811
f 771/3102 1647/3104 1648/3105
f 1640/3106 1647/3104 1704/3103
f 1645/1260 1703/1257 1109/1262
f 748/1780 1072/1783 750/1781
f 1224/1799 1684/1786 1107/1796
f 1107/1796 1684/1786 1676/1794
f 750/1781 1072/1783 1684/1786
f 1672/3541 1678/3544 1685/3546
f 1683/3543 1676/3545 1678/3544
f 1658/1249 748/1246 1653/1248
f 1663/324 1592/317 1570/294
f 1316/1251 1644/1255 1653/1248
f 2128/3000 1638/3001 2225/3002
f 1070/3109 1071/3112 1147/3111
f 1147/2816 1071/2813 1631/2810
f 1636/2808 1633/2805 1634/2807
f 1589/1068 1630/1066 1596/1070
f 1067/2607 1149/2605 1090/2601
f 1568/1199 1629/1192 1626/1201
f 1628/1187 1625/1195 1629/1192
f 1624/3232 1628/3231 1517/3234
f 1064/3235 1620/3233 1624/3232
f 1079/1193 1077/1189 1629/1192
f 1517/1962 880/1961 1065/1959
f 1620/3233 1615/3238 1618/3236
f 1499/1958 1064/1960 1063/1955
f 1063/1955 1510/1956 1499/1958
f 1511/1541 1510/1536 1435/1538
f 1060/1037 1062/1043 1061/1040
f 1064/1960 1065/1959 1063/1955
f 1065/1959 880/1961 373/1957
f 1149/1062 1067/1058 1076/1054
f 1621/2473 1068/2475 1069/2477
f 1605/1727 1600/1725 1595/1723
f 1602/2462 1507/2465 1604/2463
f 1585/1719 1591/1722 1598/1720
f 1090/1059 1066/1049 1067/1058
f 1575/303 1572/297 1565/292
f 1087/3869 1559/3867 1088/3866
f 1472/882 1091/884 751/878
f 1061/1040 1551/1047 1226/1052
f 1551/1047 1061/1040 1062/1043
f 1103/1042 1062/1043 1060/1037
f 1091/884 1554/890 1135/887
f 1138/883 1139/881 751/878
f 1226/2912 1552/2916 1397/2915
f 1083/272 1086/278 1085/269
f 1534/281 1084/282 1083/272
f 907/2389 1527/2386 1534/2391
f 1088/3863 1525/3862 1526/3861
f 1526/295 1081/270 1082/290
f 1086/278 1083/272 1084/282
f 1202/2411 931/2408 1016/2405
f 1058/2347 1059/2344 1433/2349
f 1433/2349 1059/2344 1511/2346
f 1441/457 1018/449 1017/454
f 1017/454 1036/445 1007/453
f 1028/466 1152/471 1164/462
f 1036/445 798/441 799/437
f 1193/492 967/500 964/485
f 1438/1533 1515/1529 1439/1531
f 960/477 1516/491 1193/492
f 1052/552 1151/567 1073/566
f 1376/2106 1035/2104 1034/2105
f 1516/491 960/477 1443/483
f 970/532 1216/534 1057/538
f 1028/466 1170/476 960/477
f 1031/3668 1030/3669 1029/3670
f 1475/579 1464/580 1459/570
f 960/477 1152/471 1028/466
f 1017/454 1007/453 1027/461
f 461/440 462/436 1023/444
f 1036/445 461/440 1023/444
f 1211/473 1020/463 1208/474
f 1469/3375 1476/3374 1470/3371
f 1399/2352 1058/2347 1015/2354
f 1226/1052 1406/1056 1061/1040
f 1472/2963 1483/2968 1471/2969
f 1035/2104 1171/2103 1172/2102
f 1053/541 1057/538 1216/534
f 971/539 970/532 1057/538
f 1055/3373 1486/3370 1054/3372
f 1467/995 1470/999 1468/992
f 1043/507 1451/525 1051/519
f 1049/498 1031/499 1050/484
f 1073/508 1031/499 1049/498
f 1474/575 1048/581 1046/576
f 1024/470 1176/482 1045/479
f 1452/584 1012/583 1011/585
f 1041/588 1042/587 1051/586
f 1165/489 1176/482 1175/495
f 1043/507 1033/502 1177/494
f 1449/3852 1010/3851 1445/3850
f 789/443 457/450 1008/451
f 1446/458 1010/469 1009/459
f 1025/447 789/443 1008/451
f 1448/475 1010/469 1450/464
f 1008/451 457/450 1446/458
f 1045/479 1176/482 1165/489
f 1050/484 1031/499 1029/490
f 1022/455 1026/452 1009/459
f 1024/470 1010/469 1449/478
f 1444/448 1026/452 1023/444
f 785/434 1444/448 1023/444
f 1025/447 1008/451 1444/448
f 1045/479 1006/460 1024/470
f 1006/460 1028/466 1027/461
f 1007/453 1227/456 1006/460
f 1022/455 1227/456 1023/444
f 857/219 1021/222 457/220
f 796/1650 1318/1658 1311/1662
f 461/440 1036/445 799/437
f 1164/462 961/472 1019/467
f 962/504 967/500 1193/492
f 1017/454 1164/462 1441/457
f 1013/2361 1014/2358 1015/2354
f 1399/2352 1015/2354 1014/2358
f 1016/2405 931/2408 1150/2402
f 980/1552 1323/1550 1431/1548
f 769/2414 768/2407 1013/2410
f 1013/1549 1104/1547 951/1546
f 999/2011 1367/2015 1337/2013
f 1002/1972 1380/1980 1379/1978
f 1387/2682 1173/2679 1382/2672
f 1352/1761 1366/1773 1198/1771
f 1419/2191 1421/2192 1360/2189
f 1330/1776 753/1775 1417/1778
f 1418/2911 1416/2914 1417/2913
f 973/993 1385/983 1384/988
f 1382/2672 1173/2679 1174/2676
f 1040/540 1370/551 1039/559
f 965/505 1309/486 967/500
f 1309/486 961/472 964/485
f 1370/510 963/515 962/504
f 967/500 1309/486 964/485
f 960/477 964/485 961/472
f 960/477 1193/492 964/485
f 976/2182 1357/2183 992/2180
f 1034/1900 1172/1899 1375/1897
f 1369/1892 1363/1889 1189/1887
f 1377/2187 1171/2184 992/2180
f 1427/2299 1378/2302 1372/2300
f 1002/2018 1367/2015 1001/2021
f 1349/2311 1350/2301 983/2308
f 976/2182 1360/2189 1198/2188
f 1357/2183 976/2182 977/2185
f 1337/2013 932/2007 999/2011
f 998/1967 933/1968 1333/1971
f 1310/480 1208/474 961/472
f 996/3635 995/3637 994/3636
f 966/516 991/524 981/506
f 1204/3137 987/3140 1335/3138
f 998/1876 978/1869 1203/1877
f 1360/2333 1421/2335 974/2326
f 985/3393 977/3396 984/3397
f 997/3288 994/3294 995/3291
f 995/1213 996/1220 1363/1216
f 1215/550 963/558 1194/544
f 1216/534 970/532 1192/530
f 966/3665 981/3666 965/3667
f 1342/1966 998/1967 1246/1964
f 944/511 1343/517 1212/501
f 939/2006 1342/2005 1237/2008
f 1252/2865 936/2864 935/2860
f 935/3898 522/3895 1805/3897
f 1336/1864 936/1870 1252/1868
f 1251/1865 1240/1862 1336/1864
f 979/2791 1327/2789 1197/2792
f 1336/1864 1196/1863 1197/1867
f 936/2864 934/2863 935/2860
f 932/1970 1002/1972 933/1968
f 959/2781 1322/2786 1325/2782
f 998/1876 1335/1878 979/1873
f 1320/3493 987/3499 937/3497
f 951/1546 952/1553 1013/1549
f 980/2862 834/2861 641/2858
f 930/2416 949/2415 950/2420
f 768/2407 1016/2405 1014/2404
f 1292/3388 958/3392 1150/3390
f 957/3612 956/3609 958/3611
f 959/2781 930/2780 950/2784
f 641/2858 935/2860 980/2862
f 953/2788 959/2781 950/2784
f 951/1546 953/1551 952/1553
f 1311/1662 1318/1658 1018/1661
f 946/790 948/806 947/801
f 947/801 1274/797 946/790
f 922/137 1207/142 1283/148
f 1304/787 1297/785 1802/784
f 1272/1480 915/1477 916/1473
f 919/183 1798/194 1241/185
f 1117/1502 1268/1508 1250/1506
f 114/936 299/932 1116/938
f 1257/1482 1803/1478 1256/1486
f 1236/1028 1271/1027 1137/1031
f 926/1519 772/1521 1301/1523
f 1210/123 921/129 922/137
f 1212/154 1282/146 1209/141
f 1209/141 1211/145 1208/155
f 923/1518 772/1521 926/1519
f 1264/1032 1236/1028 1137/1031
f 921/129 1207/142 922/137
f 1306/1026 1307/1029 1271/1027
f 946/916 917/913 918/909
f 1275/1488 947/1492 1279/1484
f 1267/791 1274/797 1266/802
f 1810/1474 916/1473 915/1477
f 599/126 796/134 594/121
f 914/850 708/855 592/838
f 912/173 1243/179 913/164
f 910/2012 982/2016 911/2014
f 912/173 1214/167 1218/180
f 1195/537 1215/550 1194/544
f 1267/791 1154/794 1231/788
f 957/3391 958/3392 1292/3388
f 1296/1505 1119/1507 1117/1502
f 1101/246 907/249 906/243
f 1140/248 906/243 907/249
f 1155/952 1156/955 1094/944
f 1255/1707 1245/1706 925/1709
f 1239/1716 1303/1715 988/1713
f 904/2690 1200/2689 1201/2693
f 1291/2696 1201/2693 1200/2689
f 1812/3816 947/3819 948/3817
f 902/1207 1229/1206 903/1209
f 1252/1868 1253/1871 1251/1865
f 903/1209 941/1210 902/1207
f 910/1903 1217/1902 942/1905
f 1023/444 1227/456 1007/453
f 1091/884 1472/882 1471/886
f 1247/3131 1242/3134 1245/3135
f 1343/517 944/511 945/522
f 1896/3055 1819/3056 1998/3057
f 1970/2744 1898/2745 2000/2746
f 1826/2833 1823/2834 1824/2835
f 1814/3020 1822/3021 1815/3022
f 1128/3380 1829/3382 1778/3377
f 1853/906 1817/908 1816/904
f 1889/911 1305/910 1834/914
f 1830/912 918/909 1889/911
f 1888/789 1835/792 1304/787
f 1827/2794 1818/2795 1881/2796
f 1802/3357 1976/3354 1883/3356
f 1302/1217 1293/1211 1796/1214
f 920/528 1191/527 1371/531
f 1809/197 1821/200 1887/201
f 919/183 1809/197 1887/201
f 1799/204 1798/194 1884/208
f 2007/1228 1900/1222 2008/1232
f 1820/213 1796/209 1884/208
f 1799/204 1884/208 1796/209
f 1883/1072 1977/1073 1802/1074
f 1977/1073 1978/1076 1802/1074
f 1977/1073 1813/1077 1978/1076
f 1813/1077 1880/1081 2011/1084
f 1883/1072 1882/1075 1977/1073
f 1813/1077 1886/1079 1880/1081
f 1886/1079 1813/1077 1977/1073
f 1886/1079 1974/1080 1885/1083
f 1817/3174 1852/3175 1816/3176
f 1818/2844 1827/2837 1819/2843
f 1881/3321 1818/3322 1819/3323
f 972/2674 1361/2673 1362/2677
f 1540/2560 1950/2555 1959/2564
f 1829/3382 1828/3383 1890/3381
f 1861/3250 1831/3251 1876/3252
f 1822/1091 1885/1083 1890/1086
f 1832/1095 1876/1097 1831/1093
f 1802/1074 1978/1076 1888/1078
f 1852/3857 1817/3858 1853/3859
f 1852/3175 1858/3178 1859/3177
f 1967/3179 1945/3181 1851/3180
f 1965/3028 1814/3020 1962/3027
f 1975/1101 1845/1099 2021/1103
f 1540/1301 1959/1297 1578/1294
f 1855/2754 1973/2748 1971/2750
f 1873/1837 1932/1841 1933/1844
f 1866/1893 1362/1890 989/1885
f 1302/1217 1900/1222 1899/1224
f 1864/1849 1908/1852 1863/1855
f 1912/1616 1911/1613 2027/1619
f 1925/972 1485/976 1055/968
f 1485/976 1925/972 1914/981
f 1923/994 1904/989 1918/1003
f 1916/1006 1923/994 1918/1003
f 1924/2244 1921/2245 1919/2246
f 1906/2259 1924/2244 2018/2261
f 1904/989 1927/978 1385/983
f 1906/2259 1863/2260 1907/2257
f 1919/2246 1921/2245 1917/2248
f 1169/973 1385/983 1927/978
f 1897/1848 1973/1850 1855/1846
f 1948/2559 1957/2563 1950/2555
f 1841/321 1573/320 1576/315
f 1950/2555 1532/2553 1948/2559
f 898/2753 1937/2757 1971/2750
f 1577/309 1575/303 1955/316
f 1843/3031 1844/3026 1840/3029
f 1556/892 1580/896 1555/898
f 1873/1837 1933/1844 1856/1842
f 1606/1833 1555/1836 1580/1834
f 1840/1282 1960/1279 1841/1281
f 1976/3354 1801/3352 1770/3351
f 1861/3250 1876/3252 1975/3253
f 1975/3253 1862/3255 1861/3250
f 1845/1099 1876/1097 1832/1095
f 1941/1290 1938/1295 1849/1292
f 1890/3023 1815/3022 1822/3021
f 1962/3027 1814/3020 1828/3025
f 1861/3250 1885/3254 1831/3251
f 1844/1100 1846/1102 1848/1098
f 1977/3784 1882/3785 1974/3786
f 1890/3023 1828/3025 1814/3020
f 1814/3020 1815/3022 1890/3023
f 1976/3354 1770/3351 1883/3356
f 2029/3256 1861/3250 2030/3258
f 1832/1095 1831/1093 1822/1091
f 1831/1093 1885/1083 1822/1091
f 1974/3786 1882/3785 1883/3787
f 1778/3377 1890/3381 1770/3378
f 1862/3255 1975/3253 2032/3257
f 1896/2751 1898/2745 1973/2748
f 1973/2748 1970/2744 1971/2750
f 1967/3179 1851/3180 1858/3178
f 1972/2749 1970/2744 2001/2747
f 1816/904 1854/900 1853/906
f 1855/2754 1971/2750 1937/2757
f 1863/1855 1906/1857 1864/1849
f 1969/2758 1972/2749 2036/2755
f 1970/2744 1973/2748 1898/2745
f 898/2753 1970/2744 1972/2749
f 1853/906 898/903 899/907
f 899/2756 898/2753 1972/2749
f 1969/2758 899/2756 1972/2749
f 898/2753 1971/2750 1970/2744
f 898/903 1853/906 1854/900
f 2039/2818 899/2819 2040/2820
f 1878/2826 1967/2828 1852/2821
f 899/2756 1969/2758 2038/2761
f 1946/1304 1942/1308 1938/1295
f 1870/1299 1871/1305 2041/1309
f 1845/1099 1832/1095 1848/1098
f 1949/2827 1878/2826 2043/2825
f 1964/2552 1860/2554 1851/2557
f 1852/3175 1967/3179 1858/3178
f 1829/3905 1128/3906 1966/3907
f 1844/3026 1847/3024 1814/3020
f 1962/1984 1966/1981 1760/1983
f 1890/3381 1778/3377 1829/3382
f 1968/3922 1846/3923 1844/3924
f 1847/1096 1844/1100 1848/1098
f 1843/3925 1968/3922 1844/3924
f 1962/3908 1829/3905 1966/3907
f 1828/3909 1829/3905 1962/3908
f 1965/3028 1840/3029 1844/3026
f 1540/2560 1539/2551 1950/2555
f 1857/899 1854/900 1182/895
f 1532/2553 1964/2552 1850/2558
f 1964/2552 1533/2547 1750/2550
f 1750/2550 1860/2554 1964/2552
f 1750/2550 1816/2556 1860/2554
f 1840/3769 1963/3770 1961/3771
f 1965/3028 1963/3030 1840/3029
f 1841/1281 1842/1283 1840/1282
f 1788/1989 1963/1986 1760/1983
f 1963/1986 1962/1984 1760/1983
f 1963/3770 1690/3772 1961/3771
f 1963/3770 1788/3773 1690/3772
f 1939/1286 1842/1283 1953/1284
f 1674/1276 1675/1275 1960/1279
f 1960/2001 1691/1998 1674/2003
f 1961/1999 1691/1998 1960/2001
f 1690/1994 1691/1998 1961/1999
f 1840/2004 1961/1999 1960/2001
f 1673/1277 1687/1278 1675/1275
f 1960/1279 1675/1275 1687/1278
f 1953/1284 1841/1281 1955/1285
f 1576/315 1577/309 1841/321
f 1577/1288 1955/1285 1841/1281
f 1955/316 1575/303 1958/322
f 1606/1833 1574/1832 1872/1835
f 1872/3447 1574/3444 1488/3446
f 1952/1291 1957/1302 1943/1300
f 1959/2564 1950/2555 1957/2563
f 1873/1837 1956/1839 1555/1836
f 1606/1833 1873/1837 1555/1836
f 1857/1843 1555/1836 1956/1839
f 1532/2553 1950/2555 1539/2551
f 1578/1294 1959/1297 1952/1291
f 1952/1291 1958/1289 1578/1294
f 1957/1302 1952/1291 1959/1297
f 1856/1842 1956/1839 1873/1837
f 1841/1281 1953/1284 1842/1283
f 1958/1289 1954/1287 1955/1285
f 1955/1285 1954/1287 1953/1284
f 1575/303 1582/327 1958/322
f 1578/1294 1958/1289 1582/1298
f 1952/1291 1940/1293 1954/1287
f 1954/1287 1958/1289 1952/1291
f 1857/1843 1956/1839 1856/1842
f 1948/2559 1943/2567 1957/2563
f 1939/1286 1954/1287 1941/1290
f 1849/1292 1939/1286 1941/1290
f 1850/2558 1948/2559 1532/2553
f 1951/1296 1940/1293 1952/1291
f 1952/1291 1943/1300 1951/1296
f 1942/1308 1943/1300 1947/1313
f 1938/1295 1870/1299 1849/1292
f 1877/2830 1878/2826 1949/2827
f 1877/1315 1947/1313 1943/1300
f 1944/1310 1938/1295 1942/1308
f 1943/2567 1948/2559 1877/2569
f 2023/3551 1947/3552 2050/3553
f 1944/3554 1942/3557 1947/3552
f 1947/1313 1949/1316 2045/1317
f 1951/1296 1946/1304 1938/1295
f 1878/2568 1879/2566 1850/2558
f 1943/1300 1946/1304 1951/1296
f 1942/1308 1946/1304 1943/1300
f 1951/3874 1941/3875 1940/3876
f 1968/3358 1843/3359 1846/3360
f 1842/3362 1849/3361 1843/3359
f 1944/1310 1871/1305 1938/1295
f 1938/1295 1941/1290 1951/1296
f 1948/2559 1879/2566 1877/2569
f 2043/2825 1852/2821 2051/2823
f 1850/2832 1945/2831 1878/2826
f 1949/1316 1947/1313 1877/1315
f 1937/2757 1857/2759 1855/2754
f 1856/1842 1855/1846 1857/1843
f 1937/901 1854/900 1857/899
f 1854/900 1937/901 898/903
f 1936/1005 1904/989 1865/1002
f 1865/1002 1866/1008 1902/1009
f 1915/1007 1904/989 1936/1005
f 1920/1015 1935/1013 2052/1017
f 1903/1012 1935/1013 1915/1007
f 1263/535 971/539 1913/543
f 1936/1005 1865/1002 1902/1009
f 1902/1009 1903/1012 1915/1007
f 1903/1242 1901/1239 1875/1237
f 2052/1017 1903/1012 2055/1019
f 1924/2244 1906/2259 1907/2257
f 1924/2244 1926/2254 1922/2252
f 1909/2868 1930/2869 1908/2870
f 1907/2257 1908/2258 1926/2254
f 1055/968 1482/966 1922/970
f 1482/966 1169/973 1922/970
f 1920/1015 1917/1010 1935/1013
f 1927/2249 1924/2244 1922/2252
f 1908/2870 1930/2869 1926/2873
f 1926/2254 1924/2244 1907/2257
f 1919/2246 1920/2251 2056/2253
f 1932/2872 1909/2868 1933/2875
f 1926/2873 1930/2869 1929/2876
f 971/539 1462/549 1913/543
f 1923/2247 1924/2244 1927/2249
f 1925/2878 1922/2880 1926/2873
f 1927/978 1904/989 1923/994
f 1925/2878 1929/2876 1928/2879
f 1928/2879 1914/2881 1925/2878
f 1873/1837 1606/1833 1872/1835
f 1914/1840 1931/1838 1872/1835
f 1914/2881 1928/2879 1931/2877
f 1929/2876 1931/2877 1928/2879
f 1931/1838 1932/1841 1873/1837
f 1932/2872 1931/2877 1929/2876
f 1926/2873 1929/2876 1925/2878
f 1920/2251 1919/2246 1917/2248
f 1915/1007 1916/1006 1918/1003
f 1917/2248 1921/2245 1916/2250
f 1916/1006 1915/1007 1917/1010
f 1921/2245 1923/2247 1916/2250
f 1462/549 1874/557 1913/543
f 1055/968 1922/970 1925/972
f 1935/1013 1917/1010 1915/1007
f 1868/548 1263/535 1913/543
f 1904/989 1915/1007 1918/1003
f 1923/2247 1921/2245 1924/2244
f 1914/981 1466/987 1485/976
f 1872/3447 1488/3446 1914/3449
f 1488/3446 1466/3448 1914/3449
f 1462/549 1047/560 1912/569
f 1458/578 1912/569 1047/560
f 1868/548 1838/555 2058/562
f 1910/1608 1458/1611 1463/1606
f 1910/1608 1911/1613 1458/1611
f 1458/1611 1911/1613 1912/1616
f 2061/1615 1910/1608 2062/1612
f 1910/1608 1456/1605 1837/1610
f 1811/1023 1839/1018 1891/1022
f 1897/1848 1864/1849 1893/1851
f 1908/2870 1934/2871 1909/2868
f 1905/2874 1934/2871 1908/2870
f 1933/1844 1934/1847 1905/1845
f 1905/1845 1908/1852 1864/1849
f 2000/3064 1896/3055 2064/3061
f 1897/1848 1905/1845 1864/1849
f 1864/1849 1906/1857 2065/1859
f 1897/1848 1855/1846 1905/1845
f 1839/1226 1894/1231 1867/1236
f 1915/1007 1936/1005 1902/1009
f 1903/1012 1902/1009 1901/1011
f 1865/1002 1904/989 973/993
f 2067/556 1868/548 2068/563
f 1302/1217 1892/1227 1839/1226
f 1901/1239 1867/1236 1894/1231
f 989/1885 1362/1890 1361/1886
f 1901/1011 989/1014 1867/1016
f 1866/1008 989/1014 1901/1011
f 1894/1231 1895/1233 1875/1237
f 1839/1226 1892/1227 1894/1231
f 2071/1240 1895/1233 2072/1241
f 1896/3055 1893/3065 2075/3063
f 2075/3063 1836/3067 2077/3068
f 1819/3056 1896/3055 2076/3059
f 1893/3065 1869/3069 1836/3067
f 1364/1021 1356/1024 1891/1022
f 2077/3325 1819/3323 2078/3327
f 1899/1224 1892/1227 1302/1217
f 1811/1023 1891/1022 1356/1024
f 1356/3293 1346/3290 1811/3292
f 1364/1883 989/1885 990/1880
f 1896/1853 1973/1850 1897/1848
f 1893/1851 1864/1849 1869/1854
f 1892/1227 1899/1224 1894/1231
f 1894/1231 1899/1224 1895/1233
f 1839/1018 1364/1021 1891/1022
f 1811/1223 1302/1217 1839/1226
f 1825/533 1371/531 1263/535
f 2006/542 1263/535 2079/546
f 1834/914 1833/926 2004/921
f 1834/795 1305/796 1304/787
f 1834/914 1830/912 1889/911
f 1823/2834 1826/2833 1827/2837
f 2009/2836 1824/2835 2083/2838
f 1887/201 1821/200 2084/210
f 2073/1225 1820/1221 2086/1229
f 2030/3258 1862/3255 2033/3260
f 1888/1078 1978/1076 1813/1077
f 2002/925 1830/912 2088/920
f 1830/912 1834/914 2080/917
f 1835/1082 1888/1078 1813/1077
f 1824/2802 1823/2804 1827/2794
f 1809/197 919/183 920/193
f 1796/1214 1820/1221 1302/1217
f 920/528 1825/533 1821/536
f 919/183 1887/201 2085/205
f 2091/212 1884/208 2092/206
f 2092/206 1798/194 2093/202
f 1886/1079 1885/1083 1880/1081
f 1827/2837 1826/2833 2016/2840
f 1974/1080 1886/1079 1977/1073
f 1974/1080 1883/1072 1770/1090
f 1890/1086 1974/1080 1770/1090
f 2015/2842 1827/2837 2096/2841
f 2097/3326 1836/3324 2098/3328
f 1182/895 1555/898 1857/899
f 2054/1244 1875/1237 2070/1243
f 1975/1101 1876/1097 1845/1099
f 1877/2569 1879/2566 1878/2568
f 2021/1103 1870/1106 2099/1108
f 1895/1233 1899/1224 2007/1228
f 989/1014 1839/1018 1867/1016
f 972/1004 1866/1008 1865/1002
f 2101/564 1462/549 2102/574
f 1931/1838 1873/1837 1872/1835
f 1868/548 1913/543 1838/555
f 2017/3751 1919/3752 2057/3753
f 1945/2565 1850/2558 1851/2557
f 1844/3026 1814/3020 1965/3028
f 1845/1099 1849/1104 1870/1106
f 1814/3020 1847/3024 1822/3021
f 1847/1096 1832/1095 1822/1091
f 1974/1080 1890/1086 1885/1083
f 2013/3259 1885/3254 2029/3256
f 1816/3176 1852/3175 1859/3177
f 1816/2556 1859/2561 1860/2554
f 1819/3323 1836/3324 1881/3321
f 1964/2552 1851/2557 1850/2558
f 1945/2831 1967/2828 1878/2826
f 1860/2554 1859/2561 1858/2562
f 1860/2554 1858/2562 1851/2557
f 1893/1851 1896/1853 1897/1848
f 1750/902 1854/900 1816/904
f 1852/2821 1853/2824 899/2819
f 1849/1104 1845/1099 1846/1102
f 1848/1098 1846/1102 1845/1099
f 1965/3028 1962/3027 1963/3030
f 1533/2547 1964/2552 1532/2553
f 1750/902 1182/895 1854/900
f 1840/3363 1842/3362 1843/3359
f 1841/1281 1960/1279 1687/1278
f 1939/3364 1849/3361 1842/3362
f 1939/1286 1953/1284 1954/1287
f 1871/3558 1944/3554 2024/3556
f 1954/1287 1940/1293 1941/1290
f 1879/2566 1948/2559 1850/2558
f 1870/1299 1938/1295 1871/1305
f 1846/3360 1843/3359 1849/3361
f 1927/978 1922/970 1169/973
f 1913/543 1874/557 1838/555
f 1908/2258 1907/2257 1863/2260
f 1856/1842 1933/1844 1905/1845
f 1909/2868 1934/2871 1933/2875
f 1930/2869 1909/2868 1932/2872
f 1929/2876 1930/2869 1932/2872
f 2062/1612 1837/1610 2105/1614
f 1462/549 1912/569 2028/577
f 2063/572 1874/557 2101/564
f 973/993 1904/989 1385/983
f 1856/1842 1905/1845 1855/1846
f 1869/1854 1864/1849 2066/1856
f 973/993 972/1004 1865/1002
f 1362/2677 1866/2680 972/2674
f 1901/1011 1902/1009 1866/1008
f 1263/535 970/532 971/539
f 1875/1237 1901/1239 1894/1231
f 1821/536 1825/533 1263/535
f 1302/1217 1820/1221 1900/1222
f 989/1014 1364/1021 1839/1018
f 1836/3067 1869/3069 2106/3070
f 1825/533 920/528 1371/531
f 1302/1217 1811/1223 1344/1218
f 1835/792 1834/795 1304/787
f 1835/792 1833/800 1834/795
f 2095/2797 1881/2796 2108/2798
f 1798/194 919/183 2082/198
f 1821/200 1809/197 920/193
f 2087/805 1835/792 2110/809
f 1802/784 1888/789 1304/787
f 1835/1082 1813/1077 2012/1085
f 2089/2801 1827/2794 2094/2799
f 1832/1095 1847/1096 1848/1098
f 681/72 51/41 1/60
f 797/390 547/393 545/398
f 449/3416 858/3417 448/3418
f 855/227 453/225 854/229
f 1979/404 448/389 459/397
f 449/3416 448/3418 1979/3419
f 856/223 453/225 855/227
f 818/3509 806/3510 545/3511
f 1454/3316 1452/3318 1455/3319
f 1455/235 1043/231 1044/234
f 1166/232 1043/231 1167/224
f 1980/17 33/4 1983/11
f 1981/25 35/21 1980/17
f 1982/7 42/3 1984/12
f 1983/11 33/4 1982/7
f 1984/12 42/3 44/18
f 1985/22 44/18 1996/26
f 1986/37 34/30 1981/25
f 1987/43 34/30 1986/37
f 1988/52 34/30 1987/43
f 1989/61 32/44 1988/52
f 1990/62 27/51 32/44
f 1991/73 27/51 1990/62
f 1992/75 32/44 1997/83
f 1993/92 1/60 1994/82
f 1994/82 1/60 1991/73
f 1995/74 32/44 1989/61
f 1996/26 44/18 2114/31
f 1997/83 32/44 1995/74
f 1998/3057 1819/3056 2015/3060
f 1999/3058 1896/3055 1998/3057
f 2000/3064 1898/3066 1896/3055
f 2001/2747 1970/2744 2000/2746
f 2231/922 2002/925 2234/930
f 2003/810 1833/800 2087/805
f 2004/921 1833/926 2003/929
f 2005/547 1821/536 2006/542
f 2006/542 1821/536 1263/535
f 2007/1228 1899/1224 1900/1222
f 2008/1232 1900/1222 2069/1230
f 2009/2836 1826/2833 1824/2835
f 2010/2839 1826/2833 2009/2836
f 2011/1084 1880/1081 2014/1087
f 2012/1085 1813/1077 2011/1084
f 2013/1088 1880/1081 1885/1083
f 2014/1087 1880/1081 2013/1088
f 2015/2842 1819/2843 1827/2837
f 2016/2840 1826/2833 2010/2839
f 2017/3751 1924/3754 1919/3752
f 2018/3755 1924/3754 2017/3751
f 2019/2763 1969/2758 2020/2762
f 2020/2762 1969/2758 2037/2760
f 2021/1103 1845/1099 1870/1106
f 2022/1105 1975/1101 2021/1103
f 2023/3551 1944/3554 1947/3552
f 2024/3556 1944/3554 2023/3551
f 2025/2262 1906/2259 2018/2261
f 2026/1860 1906/1857 2025/1861
f 2027/1619 1911/1613 2060/1618
f 2028/1620 1912/1616 2027/1619
f 2029/3256 1885/3254 1861/3250
f 2030/3258 1861/3250 1862/3255
f 2031/1109 1975/1101 2034/1107
f 2032/1111 1975/1101 2031/1109
f 2033/3260 1862/3255 2032/3257
f 2034/1107 1975/1101 2022/1105
f 2035/2752 1972/2749 2001/2747
f 2036/2755 1972/2749 2035/2752
f 2037/2760 1969/2758 2036/2755
f 2038/2761 1969/2758 2019/2763
f 2039/2818 1852/2821 899/2819
f 2040/2820 899/2819 2038/2822
f 2041/3560 1871/3558 2049/3559
f 2042/1312 1870/1299 2041/1309
f 2043/2825 1878/2826 1852/2821
f 2044/2829 1949/2827 2043/2825
f 2045/1317 1949/1316 2044/1319
f 2046/1320 1947/1313 2047/1318
f 2047/1318 1947/1313 2045/1317
f 2048/1314 1870/1299 2042/1312
f 2049/3559 1871/3558 2024/3556
f 2050/3553 1947/3552 2046/3555
f 2051/2823 1852/2821 2039/2818
f 2052/1017 1935/1013 1903/1012
f 2053/1020 1920/1015 2052/1017
f 2054/1244 1903/1242 1875/1237
f 2055/1245 1903/1242 2054/1244
f 2056/2253 1920/2251 2053/2256
f 2057/2255 1919/2246 2056/2253
f 2058/562 1838/555 2063/572
f 2059/571 1868/548 2058/562
f 2060/1618 1911/1613 2061/1615
f 2061/1615 1911/1613 1910/1608
f 2062/1612 1910/1608 1837/1610
f 2063/572 1838/555 1874/557
f 2064/3061 1896/3055 1999/3058
f 2065/1859 1906/1857 2026/1860
f 2066/1856 1864/1849 2065/1859
f 2067/556 1263/535 1868/548
f 2068/563 1868/548 2104/573
f 2069/1230 1900/1222 2073/1225
f 2070/1243 1875/1237 2071/1240
f 2071/1240 1875/1237 1895/1233
f 2072/1241 1895/1233 2074/1238
f 2073/1225 1900/1222 1820/1221
f 2074/1238 1895/1233 2100/1235
f 2075/3063 1893/3065 1836/3067
f 2076/3059 1896/3055 2075/3063
f 2077/3325 1836/3324 1819/3323
f 2078/3062 1819/3056 2076/3059
f 2079/546 1263/535 2103/554
f 2080/917 1834/914 2004/921
f 2081/203 919/183 2090/207
f 2082/198 919/183 2081/203
f 2083/2803 1824/2802 2089/2801
f 2084/210 1821/200 2005/211
f 2085/205 1887/201 2084/210
f 2086/1229 1820/1221 2091/1234
f 2087/805 1833/800 1835/792
f 2088/920 1830/912 2080/917
f 2089/2801 1824/2802 1827/2794
f 2090/207 919/183 2085/205
f 2091/212 1820/213 1884/208
f 2092/206 1884/208 1798/194
f 2093/202 1798/194 2082/198
f 2094/2799 1827/2794 2095/2797
f 2095/2797 1827/2794 1881/2796
f 2096/2841 1827/2837 2016/2840
f 2097/3326 1881/3321 1836/3324
f 2098/3072 1836/3067 2107/3071
f 2099/1108 1870/1106 2048/1110
f 2100/1235 1895/1233 2007/1228
f 2101/564 1874/557 1462/549
f 2102/574 1462/549 2028/577
f 2103/554 1263/535 2067/556
f 2104/573 1868/548 2059/571
f 2105/1614 1837/1610 2112/1617
f 2106/1858 1869/1854 2066/1856
f 2107/3071 1836/3067 2106/3070
f 2108/2798 1881/2796 2097/2800
f 2109/1092 1835/1082 2111/1089
f 2110/1094 1835/1082 2109/1092
f 2111/1089 1835/1082 2012/1085
f 2113/27 44/18 36/19
f 2114/31 44/18 2113/27
f 2115/2072 29/2071 2118/2076
f 2116/2075 36/2069 2115/2072
f 2117/2078 29/2071 24/2074
f 2118/2076 29/2071 2117/2078
f 2119/2080 24/2074 5/2083
f 2120/3969 5/3970 2121/3971
f 2121/3971 5/3970 2126/3972
f 2122/3692 4/3690 2123/3687
f 2123/3687 4/3690 8/3688
f 2124/3173 5/3169 2122/3172
f 2125/3689 8/3688 19/3691
f 2126/3972 5/3970 2124/3973
f 2127/3832 357/3830 890/3829
f 2128/3000 890/2999 1638/3001
f 2129/2167 572/2162 365/2165
f 2130/2171 572/2162 2129/2167
f 2131/3268 85/3271 72/3269
f 2132/3270 72/3269 532/3272
f 2133/2535 649/2538 724/2536
f 2134/2537 724/2536 2138/2539
f 2135/3435 724/3438 726/3436
f 2136/3440 724/3438 2135/3435
f 2137/3437 726/3436 732/3439
f 2138/3442 724/3438 2136/3440
f 2139/2540 649/2538 2133/2535
f 2140/3096 680/3095 2143/3099
f 2141/3097 80/3094 2140/3096
f 2142/1677 680/1674 2139/1676
f 2143/1678 680/1674 2142/1677
f 2144/667 85/665 2145/669
f 2145/3273 85/3271 2131/3268
f 2146/3081 367/3079 886/3078
f 2147/3084 367/3079 2146/3081
f 2148/661 765/657 2149/658
f 2149/658 765/657 86/656
f 2150/663 85/665 2144/667
f 2151/660 86/656 2150/663
f 2152/3101 80/3094 2154/3100
f 2153/2144 94/2141 2152/2143
f 2154/3100 80/3094 2141/3097
f 2155/2145 19/2140 2153/2144
f 2156/3476 553/3473 352/3475
f 2157/3478 553/3473 2156/3476
f 2158/3521 352/3519 572/3518
f 2159/2776 532/2767 2160/2773
f 2160/2773 532/2767 2157/2770
f 2161/3834 357/3830 2168/3835
f 2162/3831 357/3830 2161/3834
f 2163/3085 367/3079 2147/3084
f 2164/3086 889/3082 2163/3085
f 2165/2174 572/2162 2130/2171
f 2166/3458 742/3457 2167/3461
f 2167/3461 742/3457 889/3463
f 2168/3835 357/3830 2127/3832
f 2169/3957 365/3958 2170/3959
f 2170/3460 365/3455 2166/3458
f 2171/3833 886/3828 2162/3831
f 2172/3441 732/3439 2174/3443
f 2173/666 733/664 2148/661
f 2174/670 732/668 2173/666
f 2175/3522 572/3518 2165/3523
f 2176/3464 889/3463 2164/3465
f 2177/3977 1810/3978 2178/3979
f 2178/3979 1810/3978 2184/3980
f 2179/1476 916/1473 2177/1475
f 2180/1481 1803/1478 2179/1476
f 2181/1487 915/1477 1273/1489
f 2182/927 1273/919 2229/923
f 2183/1485 1803/1478 2180/1481
f 2184/1479 1810/1474 915/1477
f 2185/3740 1803/3739 2186/3742
f 2186/3742 1803/3739 2183/3743
f 2187/1493 1256/1486 1800/1491
f 2188/1500 1782/1498 2187/1493
f 2189/1497 1800/1491 2190/1499
f 2190/3741 1800/3738 2185/3740
f 2191/3791 1779/3788 2188/3790
f 2192/3793 1779/3788 2191/3791
f 2193/372 1722/363 2194/374
f 2194/374 1722/363 2217/371
f 2195/3631 1723/3630 2196/3627
f 2196/3627 1723/3630 1157/3628
f 2197/3600 1785/3596 2202/3599
f 2198/3601 1785/3596 2197/3600
f 2199/3468 1784/3467 2203/3470
f 2200/3469 1108/3466 2199/3468
f 2201/3043 1781/3041 2204/3042
f 2202/3599 1785/3596 2201/3598
f 2203/3470 1784/3467 1783/3471
f 2204/3042 1781/3041 2205/3040
f 2205/3040 1781/3041 1160/3034
f 2206/3037 1780/3033 1782/3035
f 2207/3036 1780/3033 2206/3037
f 2208/3038 1160/3034 2207/3036
f 2209/3792 1782/3789 1779/3788
f 2210/3795 1779/3788 2192/3793
f 2211/3794 1779/3788 2210/3795
f 2212/370 1157/364 1158/362
f 2213/373 1158/362 2193/372
f 2214/3008 1723/3011 2195/3012
f 2215/3006 1721/3004 2214/3008
f 2216/2705 1652/2701 1656/2700
f 2217/371 1722/363 2216/367
f 2218/2703 1145/2699 2219/2708
f 2219/2708 1145/2699 2220/2713
f 2220/2713 1145/2699 2200/2711
f 2221/3974 1656/3975 2222/3976
f 2222/2707 1656/2700 2218/2703
f 2223/2710 1656/2700 2221/2714
f 2224/3003 1721/3004 2215/3006
f 2225/3002 1638/3001 2224/3003
f 2226/915 918/909 1830/912
f 2227/918 1830/912 2231/922
f 2228/1483 915/1477 2181/1487
f 2229/923 1273/919 2226/915
f 2230/3603 1783/3602 2198/3601
f 2231/922 1830/912 2002/925
f 2232/38 1996/26 2114/31
f 2233/45 1996/26 2232/38
f 2234/930 2002/925 2235/931
usemtl Tile_+034_+028_L18_00010_untextured
