mtllib Tile_+033_+028_L18_00010.mtl
v 6.67156201e+03 6.75760073e+03 3.37817196e+01
v 6.67537406e+03 6.75931350e+03 3.47046535e+01
v 6.68762631e+03 6.76337344e+03 3.43622146e+01
v 6.67831597e+03 6.76699300e+03 3.08307169e+01
v 6.67595666e+03 6.76678674e+03 3.05375401e+01
v 6.67918177e+03 6.76765033e+03 2.97797714e+01
v 6.68402373e+03 6.76907625e+03 3.05273905e+01
v 6.68312921e+03 6.76450792e+03 3.26044749e+01
v 6.67901673e+03 6.76484326e+03 3.19268775e+01
v 6.67746216e+03 6.76096762e+03 3.35412508e+01
v 6.67941364e+03 6.76723598e+03 3.27383687e+01
v 6.66457271e+03 6.75730230e+03 3.34705785e+01
v 6.65775104e+03 6.76120748e+03 3.05959568e+01
v 6.68691901e+03 6.76262186e+03 3.51362947e+01
v 6.68705760e+03 6.76165987e+03 3.36717715e+01
v 6.68447352e+03 6.76156391e+03 3.37844684e+01
v 6.68298239e+03 6.76228529e+03 3.37399001e+01
v 6.68070956e+03 6.76684438e+03 3.25290612e+01
v 6.68318139e+03 6.76822624e+03 3.20931402e+01
v 6.67948215e+03 6.76002758e+03 3.37664930e+01
v 6.68211543e+03 6.76135349e+03 3.48168998e+01
v 6.68767271e+03 6.76514690e+03 3.45687300e+01
v 6.67893361e+03 6.75614642e+03 3.24122651e+01
v 6.67652503e+03 6.75733283e+03 3.32126433e+01
v 6.67000963e+03 6.75528362e+03 3.43774294e+01
v 6.67181005e+03 6.75549233e+03 3.43683526e+01
v 6.66817351e+03 6.75108281e+03 3.37590422e+01
v 6.66867523e+03 6.75228992e+03 3.22466200e+01
v 6.66640500e+03 6.75614476e+03 3.37757193e+01
v 6.66524724e+03 6.75493804e+03 3.34755073e+01
v 6.68568641e+03 6.75875322e+03 3.26992859e+01
v 6.67792500e+03 6.75905208e+03 3.38033531e+01
v 6.67973332e+03 6.75886202e+03 3.36350220e+01
v 6.67899487e+03 6.75934481e+03 3.47566047e+01
v 6.66669901e+03 6.75056813e+03 3.36560694e+01
v 6.66630023e+03 6.75165730e+03 3.23428081e+01
v 6.66936251e+03 6.75487417e+03 3.31635386e+01
v 6.67167976e+03 6.75797807e+03 3.47054642e+01
v 6.66339974e+03 6.75000000e+03 3.17794093e+01
v 6.66871443e+03 6.75084625e+03 3.15545444e+01
v 6.66728941e+03 6.75127186e+03 3.21482956e+01
v 6.66286778e+03 6.75352663e+03 3.21209345e+01
v 6.66198144e+03 6.75587968e+03 3.20266797e+01
v 6.66021969e+03 6.75623552e+03 3.12129789e+01
v 6.67753552e+03 6.75340996e+03 3.16559511e+01
v 6.67236712e+03 6.75548887e+03 3.28251497e+01
v 6.68115604e+03 6.75663773e+03 3.23696798e+01
v 6.68126087e+03 6.75143793e+03 3.05705394e+01
v 6.68697391e+03 6.75309579e+03 3.04820738e+01
v 6.65899816e+03 6.75763966e+03 2.70201719e+01
v 6.65856085e+03 6.75679399e+03 2.91284144e+01
v 6.65723502e+03 6.75969993e+03 1.91912296e+01
v 6.65863955e+03 6.76118966e+03 1.81515716e+01
v 6.66062456e+03 6.76138695e+03 2.86573279e+01
v 6.65829757e+03 6.76048820e+03 2.76392815e+01
v 6.67612875e+03 6.75096523e+03 2.76015302e+01
v 6.68025261e+03 6.75171639e+03 2.88024037e+01
v 6.67847038e+03 6.75100530e+03 2.71057542e+01
v 6.67034718e+03 6.76510089e+03 3.05879042e+01
v 6.67316318e+03 6.76499733e+03 2.87474601e+01
v 6.68771513e+03 6.75383370e+03 2.75718387e+01
v 6.68627453e+03 6.75335639e+03 2.73049084e+01
v 6.67159751e+03 6.75000000e+03 3.10073794e+01
v 6.66179308e+03 6.75166540e+03 3.31395574e+01
v 6.65748436e+03 6.75655164e+03 3.06050162e+01
v 6.65890783e+03 6.75727409e+03 3.03825376e+01
v 6.65968161e+03 6.75330111e+03 3.21565435e+01
v 6.65707349e+03 6.75076057e+03 3.05276460e+01
v 6.65762967e+03 6.75600644e+03 2.65015776e+01
v 6.65664774e+03 6.75404980e+03 2.76062037e+01
v 6.65855656e+03 6.76106647e+03 2.56186134e+01
v 6.67416345e+03 6.75000000e+03 2.85924812e+01
v 6.67612484e+03 6.75000000e+03 3.06020160e+01
v 6.67486770e+03 6.75000000e+03 2.66024805e+01
v 6.67729433e+03 6.75104742e+03 2.44630683e+01
v 6.67441340e+03 6.75000000e+03 2.36476702e+01
v 6.68244900e+03 6.75258322e+03 2.46643870e+01
v 6.67801470e+03 6.75092684e+03 2.06614865e+01
v 6.67494702e+03 6.75000000e+03 2.05019973e+01
v 6.67047163e+03 6.76448743e+03 2.53274097e+01
v 6.68401981e+03 6.75270346e+03 2.30040916e+01
v 6.67755961e+03 6.76631731e+03 2.86451884e+01
v 6.65739679e+03 6.75166694e+03 2.47543611e+01
v 6.65733700e+03 6.75156476e+03 2.08549062e+01
v 6.67901725e+03 6.75638003e+03 3.37676559e+01
v 6.67855418e+03 6.75752318e+03 3.32911022e+01
v 6.65856907e+03 6.75716152e+03 2.46265698e+01
v 6.65676665e+03 6.75978072e+03 2.40355773e+01
v 6.65813860e+03 6.76023098e+03 2.44471320e+01
v 6.66120188e+03 6.75204631e+03 3.14733990e+01
v 6.66253012e+03 6.75302628e+03 3.33068050e+01
v 6.68069486e+03 6.75689711e+03 3.36275919e+01
v 6.67897064e+03 6.76036972e+03 3.46445678e+01
v 6.67913028e+03 6.75162646e+03 1.69900577e+01
v 6.67837939e+03 6.75000000e+03 1.97085888e+01
v 6.67658363e+03 6.75101603e+03 2.11541226e+01
v 6.68738411e+03 6.75236625e+03 2.29417009e+01
v 6.68605929e+03 6.75344445e+03 2.36094138e+01
v 6.67794721e+03 6.75090566e+03 2.36658175e+01
v 6.67977479e+03 6.75200213e+03 2.13805990e+01
v 6.67786415e+03 6.75000000e+03 2.32078505e+01
v 6.67809474e+03 6.75059539e+03 2.22252010e+01
v 6.67660978e+03 6.75000000e+03 2.03269911e+01
v 6.67494423e+03 6.75000000e+03 2.16374441e+01
v 6.67422041e+03 6.75000000e+03 1.91678910e+01
v 6.67494423e+03 6.75000000e+03 2.16374441e+01
v 6.67481414e+03 6.75000000e+03 1.83718623e+01
v 6.67715448e+03 6.75000000e+03 1.94263828e+01
v 6.67657284e+03 6.75087631e+03 1.76557053e+01
v 6.65966579e+03 6.75000000e+03 1.95600025e+01
v 6.66057262e+03 6.75000000e+03 1.84152518e+01
v 6.65889683e+03 6.75087608e+03 1.82846386e+01
v 6.68388932e+03 6.75285698e+03 1.86018869e+01
v 6.68602448e+03 6.75332080e+03 2.00654815e+01
v 6.68771560e+03 6.75258852e+03 1.96715023e+01
v 6.68618814e+03 6.75385430e+03 2.12948810e+01
v 6.67718190e+03 6.76634118e+03 2.22602723e+01
v 6.67481205e+03 6.76574446e+03 1.70292213e+01
v 6.68094068e+03 6.75192669e+03 2.07281700e+01
v 6.66677839e+03 6.76327906e+03 2.17708819e+01
v 6.66389263e+03 6.76254544e+03 1.92287414e+01
v 6.66850544e+03 6.76386973e+03 1.81446145e+01
v 6.66670303e+03 6.76339058e+03 2.67531578e+01
v 6.67432660e+03 6.76554706e+03 2.29784172e+01
v 6.68041126e+03 6.75167623e+03 2.37774460e+01
v 6.66040272e+03 6.76141734e+03 2.05572751e+01
v 6.68099302e+03 6.75191515e+03 1.69760004e+01
v 6.63591760e+03 6.75369669e+03 2.11358637e+01
v 6.63459768e+03 6.75463582e+03 2.12500025e+01
v 6.63168920e+03 6.75413442e+03 2.00482199e+01
v 6.63197509e+03 6.75575267e+03 1.91361886e+01
v 6.62908615e+03 6.75242058e+03 1.98964873e+01
v 6.62927289e+03 6.75425309e+03 1.96281539e+01
v 6.63371092e+03 6.75248418e+03 2.01619717e+01
v 6.63164379e+03 6.75220699e+03 1.98691830e+01
v 6.63677955e+03 6.75327102e+03 1.93286171e+01
v 6.63522080e+03 6.75229994e+03 2.00223750e+01
v 6.63703045e+03 6.75179061e+03 2.01848543e+01
v 6.63826917e+03 6.75496444e+03 1.94481104e+01
v 6.63899079e+03 6.75444764e+03 2.07504657e+01
v 6.64081346e+03 6.75306154e+03 2.13520151e+01
v 6.64254883e+03 6.75391823e+03 2.01226455e+01
v 6.64131767e+03 6.75177298e+03 2.10555095e+01
v 6.67221638e+03 6.76490686e+03 2.05273500e+01
v 6.67852723e+03 6.76701838e+03 1.88805542e+01
v 6.67738945e+03 6.76628094e+03 1.81727732e+01
v 6.67312058e+03 6.75000000e+03 2.44883170e+01
v 6.66338941e+03 6.76221031e+03 2.34498046e+01
v 6.65673758e+03 6.75390906e+03 2.48075725e+01
v 6.65670759e+03 6.75383469e+03 2.12432167e+01
v 6.65683703e+03 6.75930008e+03 2.29574297e+01
v 6.65801021e+03 6.75971363e+03 1.80043278e+01
v 6.65762601e+03 6.75617134e+03 2.39320011e+01
v 6.63509764e+03 6.75661658e+03 1.81748487e+01
v 6.65837875e+03 6.75737510e+03 2.10679072e+01
v 6.65769056e+03 6.75974749e+03 2.16152907e+01
v 6.65822753e+03 6.75642631e+03 2.22802270e+01
v 6.64290773e+03 6.75199565e+03 1.98416291e+01
v 6.64208991e+03 6.75743060e+03 2.08758560e+01
v 6.64464739e+03 6.75511757e+03 1.99200621e+01
v 6.64229546e+03 6.75556719e+03 2.09686515e+01
v 6.64079468e+03 6.75525871e+03 2.08583087e+01
v 6.64376589e+03 6.75469704e+03 2.07925486e+01
v 6.65746550e+03 6.75612714e+03 2.06021735e+01
v 6.64853083e+03 6.75595980e+03 1.99951818e+01
v 6.64996727e+03 6.75629229e+03 1.94307558e+01
v 6.64955982e+03 6.75830626e+03 1.98671612e+01
v 6.64784292e+03 6.75947100e+03 1.98898067e+01
v 6.64627398e+03 6.75834994e+03 1.96362405e+01
v 6.64521750e+03 6.75729169e+03 2.05712239e+01
v 6.64392574e+03 6.75789988e+03 1.94990087e+01
v 6.64398994e+03 6.75659349e+03 1.97638285e+01
v 6.64789059e+03 6.75508906e+03 1.94225475e+01
v 6.64686379e+03 6.75738052e+03 1.91986091e+01
v 6.63950311e+03 6.75704666e+03 1.80284820e+01
v 6.64029836e+03 6.75613840e+03 2.01172380e+01
v 6.64196406e+03 6.75880794e+03 1.85281477e+01
v 6.64816545e+03 6.75756841e+03 2.08622250e+01
v 6.65847948e+03 6.75702517e+03 1.85305092e+01
v 6.65669996e+03 6.75376557e+03 1.79758138e+01
v 6.64664128e+03 6.75358302e+03 1.94854111e+01
v 6.64600196e+03 6.75578295e+03 2.00329973e+01
v 6.64641401e+03 6.75481022e+03 2.06010807e+01
v 6.64530775e+03 6.75303686e+03 1.90110094e+01
v 6.64846769e+03 6.75453939e+03 1.71850977e+01
v 6.64400745e+03 6.75339073e+03 1.96333306e+01
v 6.64519124e+03 6.75900511e+03 1.75018626e+01
v 6.64104205e+03 6.75147955e+03 1.98589301e+01
v 6.64348347e+03 6.75240683e+03 1.87435401e+01
v 6.63437498e+03 6.75000000e+03 1.81908216e+01
v 6.63698368e+03 6.75000000e+03 1.88410262e+01
v 6.63835695e+03 6.75123722e+03 1.92173892e+01
v 6.63578432e+03 6.75123553e+03 2.02858254e+01
v 6.63826864e+03 6.75306464e+03 1.94507932e+01
v 6.64110326e+03 6.75032875e+03 1.89052579e+01
v 6.63177587e+03 6.75188823e+03 1.92828294e+01
v 6.63311341e+03 6.75091360e+03 1.81824763e+01
v 6.63192055e+03 6.75053896e+03 1.90830525e+01
v 6.63093355e+03 6.75000000e+03 1.73943853e+01
v 6.64293383e+03 6.75081926e+03 1.85476803e+01
v 6.63073128e+03 6.75558885e+03 1.94917783e+01
v 6.63663482e+03 6.75496971e+03 1.98645473e+01
v 6.63284254e+03 6.75467993e+03 1.53643894e+01
v 6.63007339e+03 6.75143259e+03 1.85134670e+01
v 6.63003623e+03 6.75229623e+03 1.73770891e+01
v 6.64376622e+03 6.75202998e+03 1.59448372e+01
v 6.64705331e+03 6.75376074e+03 1.82747807e+01
v 6.64570229e+03 6.75415452e+03 1.77990800e+01
v 6.63768645e+03 6.75409924e+03 1.86253272e+01
v 6.63714096e+03 6.75640500e+03 1.73312501e+01
v 6.64895507e+03 6.75983614e+03 1.92411673e+01
v 6.65730247e+03 6.75153282e+03 1.60386317e+01
v 6.65941506e+03 6.75000000e+03 1.62523005e+01
v 6.67468332e+03 6.75000000e+03 1.52962360e+01
v 6.67422041e+03 6.75000000e+03 1.91678910e+01
v 6.67070664e+03 6.76453563e+03 1.47589265e+01
v 6.64020101e+03 6.75038986e+03 1.55166550e+01
v 6.62961020e+03 6.75130840e+03 1.64448341e+01
v 6.63803264e+03 6.75000000e+03 1.75042078e+01
v 6.66445962e+03 6.76259414e+03 1.63944082e+01
v 6.66097459e+03 6.76166937e+03 1.67050283e+01
v 6.67889860e+03 6.76731012e+03 1.49848718e+01
v 6.65684789e+03 6.75952366e+03 1.76031862e+01
v 6.64838769e+03 6.76081365e+03 1.74721007e+01
v 6.65684362e+03 6.75960429e+03 1.64492992e+01
v 6.65776428e+03 6.75614965e+03 1.77944825e+01
v 6.65774199e+03 6.75610103e+03 1.63139426e+01
v 6.66111436e+03 6.75000000e+03 1.41855731e+01
v 6.65952525e+03 6.75000000e+03 1.77331491e+01
v 6.67678375e+03 6.75059408e+03 1.41924189e+01
v 6.62936734e+03 6.75229134e+03 1.56636105e+01
v 6.63192584e+03 6.75000000e+03 1.37819977e+01
v 6.62886185e+03 6.75289622e+03 1.60206546e+01
v 6.62970570e+03 6.75000000e+03 1.65633258e+01
v 6.63180178e+03 6.75508661e+03 1.65550940e+01
v 6.64596636e+03 6.75302094e+03 1.56429916e+01
v 6.66023487e+03 6.76127395e+03 1.39851240e+01
v 6.68511395e+03 6.75118548e+03 1.61917268e+01
v 6.68346319e+03 6.75287159e+03 1.57969018e+01
v 6.68725193e+03 6.75227537e+03 1.58755370e+01
v 6.68656931e+03 6.75354051e+03 1.65426448e+01
v 6.67801462e+03 6.75000000e+03 2.03766989e+01
v 6.64996617e+03 6.75981746e+03 1.69880607e+01
v 6.65108345e+03 6.75793353e+03 1.85026832e+01
v 6.68313436e+03 6.75272013e+03 2.79647999e+01
v 6.65672915e+03 6.75394161e+03 1.34450200e+01
v 6.65061016e+03 6.75573594e+03 1.68035455e+01
v 6.65026835e+03 6.75821545e+03 1.40175988e+01
v 6.64709988e+03 6.75394409e+03 1.61339819e+01
v 6.64367707e+03 6.75405147e+03 1.36452074e+01
v 6.64167899e+03 6.75715870e+03 1.37485467e+01
v 6.63502437e+03 6.75598665e+03 1.36893204e+01
v 6.64846958e+03 6.75989647e+03 1.44084210e+01
v 6.68577159e+03 6.75370659e+03 1.82923369e+01
v 6.66203324e+03 6.76202606e+03 1.42477208e+01
v 6.66666686e+03 6.76335660e+03 1.44772068e+01
v 6.65817816e+03 6.76055406e+03 1.42875179e+01
v 6.65874467e+03 6.76382593e+03 1.34437088e+01
v 6.65931718e+03 6.75686855e+03 1.40349092e+01
v 6.65749622e+03 6.75569875e+03 1.35126385e+01
v 6.64227053e+03 6.75064330e+03 1.59228145e+01
v 6.65398501e+03 6.75962303e+03 1.38315163e+01
v 6.65311324e+03 6.76023461e+03 1.39282073e+01
v 6.65519202e+03 6.75908218e+03 1.31301283e+01
v 6.65644782e+03 6.75666832e+03 1.37287591e+01
v 6.65389779e+03 6.75972344e+03 1.33979170e+01
v 6.65425999e+03 6.75962341e+03 1.39439642e+01
v 6.65494322e+03 6.75968270e+03 1.46365184e+01
v 6.65839630e+03 6.75938484e+03 1.37630545e+01
v 6.65319384e+03 6.75914700e+03 1.29286906e+01
v 6.65440036e+03 6.76045519e+03 1.40364109e+01
v 6.65981556e+03 6.75000000e+03 1.40085766e+01
v 6.66317448e+03 6.76589500e+03 1.37811306e+01
v 6.64670807e+03 6.75552783e+03 1.39741110e+01
v 6.64838199e+03 6.75653690e+03 1.32653270e+01
v 6.65215968e+03 6.75789177e+03 1.31904230e+01
v 6.64813477e+03 6.75399525e+03 1.31093812e+01
v 6.65040327e+03 6.75645983e+03 1.29988375e+01
v 6.65745986e+03 6.76649026e+03 1.34934511e+01
v 6.65751173e+03 6.75000000e+03 1.31991532e+01
v 6.65668011e+03 6.75179989e+03 1.30964988e+01
v 6.65017006e+03 6.75549333e+03 1.46098226e+01
v 6.64483812e+03 6.75000000e+03 1.37626521e+01
v 6.64281296e+03 6.75287769e+03 1.29301018e+01
v 6.64712382e+03 6.75318758e+03 1.44520512e+01
v 6.64479981e+03 6.75210860e+03 1.47063572e+01
v 6.64577345e+03 6.75303060e+03 1.34596837e+01
v 6.64821415e+03 6.75162338e+03 1.39596723e+01
v 6.64666277e+03 6.75080327e+03 1.35150392e+01
v 6.63807712e+03 6.75590370e+03 1.40601924e+01
v 6.63020331e+03 6.75287482e+03 1.49783938e+01
v 6.63149675e+03 6.75400713e+03 1.33106193e+01
v 6.64238061e+03 6.75130883e+03 1.44063321e+01
v 6.64151944e+03 6.75000000e+03 1.37365076e+01
v 6.63098795e+03 6.75264474e+03 1.34209407e+01
v 6.62842068e+03 6.75225530e+03 1.34753242e+01
v 6.63189521e+03 6.75000000e+03 1.77276069e+01
v 6.65046556e+03 6.75447855e+03 1.31610974e+01
v 6.65245774e+03 6.75000000e+03 1.31134009e+01
v 6.63921373e+03 6.75000000e+03 1.54770147e+01
v 6.64344794e+03 6.75000000e+03 1.38229599e+01
v 6.65038691e+03 6.75283430e+03 1.45615395e+01
v 6.64902398e+03 6.75363524e+03 1.44526986e+01
v 6.64933995e+03 6.75222403e+03 1.47213969e+01
v 6.64873564e+03 6.75133022e+03 1.32901373e+01
v 6.65072220e+03 6.75139595e+03 1.30702769e+01
v 6.64615647e+03 6.75000000e+03 1.30767771e+01
v 6.64162266e+03 6.76710376e+03 1.24707426e+01
v 6.64095904e+03 6.76233480e+03 1.22460484e+01
v 6.63338025e+03 6.75625374e+03 1.17039672e+01
v 6.63767574e+03 6.75698570e+03 1.21161984e+01
v 6.62811567e+03 6.75288098e+03 1.23125735e+01
v 6.62941953e+03 6.75000000e+03 1.36878291e+01
v 6.62606934e+03 6.75168152e+03 1.31624968e+01
v 6.62951206e+03 6.75253782e+03 1.35969666e+01
v 6.63314137e+03 6.76454211e+03 1.18636703e+01
v 6.64381103e+03 6.75900675e+03 1.24553894e+01
v 6.64825676e+03 6.75990435e+03 1.27182897e+01
v 6.65093876e+03 6.76085828e+03 1.30237317e+01
v 6.65551927e+03 6.76341286e+03 1.33907665e+01
v 6.62837305e+03 6.75440732e+03 1.14836169e+01
v 6.65034371e+03 6.76662718e+03 1.27511242e+01
v 6.65816872e+03 6.76511849e+03 1.43885951e+01
v 6.64524014e+03 6.75040705e+03 1.42348315e+01
v 6.64485335e+03 6.75464669e+03 1.33703312e+01
v 6.64413230e+03 6.75338318e+03 1.32061802e+01
v 6.67360892e+03 6.76847292e+03 1.44273538e+01
v 6.67492202e+03 6.76584994e+03 1.48050330e+01
v 6.68577704e+03 6.75175264e+03 1.34274522e+01
v 6.68467790e+03 6.75292909e+03 1.38740614e+01
v 6.68732445e+03 6.75351718e+03 1.39261764e+01
v 6.68048920e+03 6.75165641e+03 1.34568858e+01
v 6.67992827e+03 6.75000000e+03 1.31753313e+01
v 6.68531609e+03 6.75000000e+03 1.33652711e+01
v 6.68710782e+03 6.75000000e+03 1.38777522e+01
v 6.67956286e+03 6.75183549e+03 1.44843341e+01
v 6.65936272e+03 6.75000000e+03 2.35437393e+01
v 6.67446414e+03 6.75000000e+03 1.42411228e+01
v 6.62454874e+03 6.75193232e+03 1.15595973e+01
v 6.66156563e+03 6.75000000e+03 2.76225077e+01
v 6.66098777e+03 6.75000000e+03 2.70691991e+01
v 6.67533656e+03 6.75000000e+03 2.51438635e+01
v 6.66090284e+03 6.75000000e+03 2.91930962e+01
v 6.65935767e+03 6.75000000e+03 2.73438164e+01
v 6.66072242e+03 6.75000000e+03 3.04571879e+01
v 6.65991655e+03 6.75000000e+03 2.52321802e+01
v 6.67730051e+03 6.75000000e+03 2.54992014e+01
v 6.67814858e+03 6.75000000e+03 2.61685279e+01
v 6.67332673e+03 6.75000000e+03 2.22114436e+01
v 6.67639598e+03 6.75000000e+03 1.41312426e+01
v 6.66185805e+03 6.76195154e+03 2.57143570e+01
v 6.65707579e+03 6.75953541e+03 2.59562202e+01
v 6.65922884e+03 6.75663116e+03 2.76400446e+01
v 6.68100439e+03 6.76765614e+03 2.13989426e+01
v 6.67956390e+03 6.75191349e+03 2.46916166e+01
v 6.67462133e+03 6.76564865e+03 2.64144760e+01
v 6.65781943e+03 6.75584512e+03 2.78361794e+01
v 6.65680052e+03 6.75961063e+03 2.72242818e+01
v 6.68689154e+03 6.75229493e+03 2.73121417e+01
v 6.68596946e+03 6.75375462e+03 2.49263857e+01
v 6.67798217e+03 6.75000000e+03 2.70097733e+01
v 6.67666652e+03 6.75059809e+03 2.64874954e+01
v 6.68654747e+03 6.75382408e+03 2.89748114e+01
v 6.67708877e+03 6.75000000e+03 2.65928126e+01
v 6.66629317e+03 6.76296866e+03 2.87813069e+01
v 6.67939620e+03 6.76721535e+03 2.72713570e+01
v 6.66395818e+03 6.76328639e+03 3.06181938e+01
v 6.66383033e+03 6.76236777e+03 2.91068674e+01
v 6.66903285e+03 6.76378359e+03 2.87271563e+01
v 6.66114333e+03 6.75061605e+03 2.74020305e+01
v 6.65941641e+03 6.75000000e+03 3.00097709e+01
v 6.65716937e+03 6.75150233e+03 2.69328749e+01
v 6.65756044e+03 6.75167173e+03 2.85597455e+01
v 6.65610330e+03 6.75383643e+03 3.04306950e+01
v 6.66161625e+03 6.75482543e+03 3.20611267e+01
v 6.66170923e+03 6.75518007e+03 3.31555879e+01
v 6.66036301e+03 6.75614655e+03 3.32815195e+01
v 6.66204226e+03 6.75136476e+03 3.13510025e+01
v 6.66639472e+03 6.75449466e+03 3.30864021e+01
v 6.66570114e+03 6.75000000e+03 3.16279122e+01
v 6.68412848e+03 6.75568132e+03 3.17227828e+01
v 6.67250410e+03 6.75187217e+03 3.17247591e+01
v 6.67145525e+03 6.75626010e+03 3.35712687e+01
v 6.66582663e+03 6.75496371e+03 3.47305979e+01
v 6.68461779e+03 6.75930164e+03 3.45688845e+01
v 6.68379259e+03 6.75985760e+03 3.34367686e+01
v 6.67570087e+03 6.75903448e+03 3.41571835e+01
v 6.68582526e+03 6.75833803e+03 3.41697165e+01
v 6.67970822e+03 6.75801263e+03 3.41474516e+01
v 6.66834153e+03 6.75738362e+03 3.47173434e+01
v 6.68526240e+03 6.76222891e+03 3.46035510e+01
v 6.68600940e+03 6.76020252e+03 3.41713442e+01
v 6.62952860e+03 6.77582185e+03 1.21103568e+01
v 6.62468949e+03 6.79117696e+03 1.72787619e+01
v 6.62518052e+03 6.78965307e+03 1.43172647e+01
v 6.62876810e+03 6.79187323e+03 1.68365329e+01
v 6.62852839e+03 6.78914703e+03 1.52159097e+01
v 6.63336022e+03 6.79212122e+03 1.60996624e+01
v 6.62787189e+03 6.79564198e+03 1.86299256e+01
v 6.62742587e+03 6.79209652e+03 1.79607264e+01
v 6.62944069e+03 6.79726721e+03 1.95729861e+01
v 6.62651556e+03 6.79883592e+03 2.06632747e+01
v 6.63031428e+03 6.79997489e+03 2.05920101e+01
v 6.62679853e+03 6.78828209e+03 1.36757377e+01
v 6.62999046e+03 6.79082418e+03 1.61667916e+01
v 6.62537802e+03 6.79587926e+03 2.00465124e+01
v 6.62578081e+03 6.79844758e+03 2.24604393e+01
v 6.62892618e+03 6.79985484e+03 2.25580819e+01
v 6.62465009e+03 6.81297134e+03 2.43900057e+01
v 6.65014342e+03 6.80909489e+03 2.67033946e+01
v 6.65052466e+03 6.81136627e+03 2.68232611e+01
v 6.65003174e+03 6.80913910e+03 2.85207851e+01
v 6.63437895e+03 6.81093927e+03 2.42536086e+01
v 6.63352844e+03 6.81041423e+03 2.40514743e+01
v 6.62932274e+03 6.81185199e+03 2.33454908e+01
v 6.64111057e+03 6.81083798e+03 2.54143957e+01
v 6.64031628e+03 6.81231361e+03 2.30375493e+01
v 6.62851019e+03 6.81228885e+03 2.56070120e+01
v 6.63104654e+03 6.80996146e+03 2.69368897e+01
v 6.62900569e+03 6.80801380e+03 2.63982453e+01
v 6.63515126e+03 6.81159774e+03 2.58828658e+01
v 6.63395409e+03 6.81101278e+03 2.67769916e+01
v 6.68345903e+03 6.80922372e+03 2.42480389e+01
v 6.68412412e+03 6.80875000e+03 2.70557041e+01
v 6.68564722e+03 6.80777164e+03 2.67927826e+01
v 6.68678929e+03 6.80833901e+03 2.45530996e+01
v 6.68523232e+03 6.80777414e+03 2.41437701e+01
v 6.68612979e+03 6.80967126e+03 2.85450201e+01
v 6.68700984e+03 6.80801961e+03 2.84566248e+01
v 6.68736248e+03 6.80946930e+03 2.86547520e+01
v 6.68524319e+03 6.81125025e+03 3.06335486e+01
v 6.68547132e+03 6.80981183e+03 3.00822914e+01
v 6.68311461e+03 6.81156054e+03 2.58386870e+01
v 6.64764655e+03 6.81029351e+03 2.56554657e+01
v 6.64764455e+03 6.81260550e+03 2.54164528e+01
v 6.66202719e+03 6.81202164e+03 2.43551779e+01
v 6.66434640e+03 6.80665102e+03 2.31630487e+01
v 6.66180692e+03 6.80807782e+03 2.31812106e+01
v 6.68300190e+03 6.81031536e+03 2.90734332e+01
v 6.64892770e+03 6.80713399e+03 2.50195201e+01
v 6.64902613e+03 6.80960616e+03 2.51257940e+01
v 6.64872704e+03 6.80650963e+03 2.78412273e+01
v 6.64831695e+03 6.80776971e+03 2.92045470e+01
v 6.65116841e+03 6.81028129e+03 3.44933261e+01
v 6.65255644e+03 6.81103357e+03 3.48487371e+01
v 6.65357304e+03 6.80706963e+03 3.44150081e+01
v 6.65273513e+03 6.80562132e+03 3.45552489e+01
v 6.66286704e+03 6.81249719e+03 2.57719491e+01
v 6.66279885e+03 6.81041564e+03 2.45440253e+01
v 6.65161575e+03 6.81045252e+03 3.22895283e+01
v 6.64968883e+03 6.80831484e+03 3.09956604e+01
v 6.68793434e+03 6.80867933e+03 3.42418479e+01
v 6.68675270e+03 6.80832093e+03 3.38720136e+01
v 6.68453124e+03 6.81293132e+03 3.39476710e+01
v 6.68773727e+03 6.80832696e+03 3.13854187e+01
v 6.65202892e+03 6.81243899e+03 3.19999254e+01
v 6.68778543e+03 6.80859932e+03 2.75451144e+01
v 6.68794508e+03 6.81130764e+03 2.71523635e+01
v 6.68785054e+03 6.80832298e+03 2.40914315e+01
v 6.68452723e+03 6.80785509e+03 2.82273304e+01
v 6.68568403e+03 6.81039117e+03 3.52277040e+01
v 6.68565039e+03 6.81193785e+03 3.65053541e+01
v 6.65195660e+03 6.81203820e+03 2.72701363e+01
v 6.66195427e+03 6.80989389e+03 2.94860428e+01
v 6.66296208e+03 6.80766200e+03 2.82979108e+01
v 6.67072660e+03 6.81168444e+03 1.71114283e+01
v 6.67168049e+03 6.80813972e+03 1.50590352e+01
v 6.63913221e+03 6.81201048e+03 2.60251482e+01
v 6.63781279e+03 6.81282232e+03 2.36257295e+01
v 6.64135790e+03 6.80923279e+03 2.35520813e+01
v 6.68262022e+03 6.81171836e+03 2.24938984e+01
v 6.66176134e+03 6.81234431e+03 1.94960523e+01
v 6.66162824e+03 6.81192377e+03 1.72518278e+01
v 6.66142935e+03 6.80786374e+03 1.80248077e+01
v 6.66298885e+03 6.80521628e+03 2.20879919e+01
v 6.64746828e+03 6.81048021e+03 2.05294314e+01
v 6.64830128e+03 6.80954928e+03 2.30819772e+01
v 6.64801938e+03 6.80851702e+03 1.98958602e+01
v 6.66092672e+03 6.81011166e+03 1.81145106e+01
v 6.66308177e+03 6.81063411e+03 2.07687098e+01
v 6.68211771e+03 6.81270174e+03 2.39707822e+01
v 6.68247445e+03 6.81054297e+03 2.50811188e+01
v 6.64923436e+03 6.80658441e+03 2.18704344e+01
v 6.63638168e+03 6.80768907e+03 2.24561129e+01
v 6.63858164e+03 6.80620040e+03 2.17823078e+01
v 6.64529260e+03 6.80645502e+03 2.43382391e+01
v 6.64616914e+03 6.80810787e+03 2.19458242e+01
v 6.64886518e+03 6.81212051e+03 2.54602796e+01
v 6.68562119e+03 6.81045599e+03 1.61555194e+01
v 6.68646386e+03 6.81213620e+03 1.76968395e+01
v 6.68777545e+03 6.80745868e+03 2.08849095e+01
v 6.68698682e+03 6.80989512e+03 1.73443085e+01
v 6.68446754e+03 6.80953961e+03 2.09049015e+01
v 6.68698971e+03 6.80911528e+03 1.54839133e+01
v 6.66289589e+03 6.80814967e+03 2.03847057e+01
v 6.68605573e+03 6.80747362e+03 2.26677987e+01
v 6.68773352e+03 6.80669655e+03 2.29141853e+01
v 6.64754357e+03 6.80898445e+03 2.45140429e+01
v 6.64708224e+03 6.80941929e+03 1.97658876e+01
v 6.62820452e+03 6.81181358e+03 2.87965934e+01
v 6.62801000e+03 6.81011546e+03 2.79325532e+01
v 6.62719245e+03 6.81094205e+03 2.62874733e+01
v 6.62853285e+03 6.80979108e+03 2.67996266e+01
v 6.62796824e+03 6.80910075e+03 2.84458281e+01
v 6.62853622e+03 6.81083585e+03 2.89368529e+01
v 6.62454486e+03 6.80734756e+03 2.50552630e+01
v 6.62531187e+03 6.80943461e+03 2.68653456e+01
v 6.62632459e+03 6.80984692e+03 2.52976900e+01
v 6.62796548e+03 6.80745217e+03 2.60278749e+01
v 6.62558124e+03 6.80860169e+03 2.52502413e+01
v 6.62672899e+03 6.81158265e+03 2.45167240e+01
v 6.62538685e+03 6.81077945e+03 2.40298188e+01
v 6.62619061e+03 6.80665431e+03 2.52590880e+01
v 6.62502434e+03 6.81202907e+03 2.47465550e+01
v 6.62966173e+03 6.81002525e+03 2.69677165e+01
v 6.62486825e+03 6.80627201e+03 2.33922635e+01
v 6.63314551e+03 6.81254737e+03 2.47168557e+01
v 6.63376292e+03 6.80840458e+03 2.54153512e+01
v 6.63326313e+03 6.80640784e+03 2.52829883e+01
v 6.64546101e+03 6.80618733e+03 2.24211008e+01
v 6.64280448e+03 6.80775376e+03 2.54387846e+01
v 6.64257362e+03 6.80834060e+03 2.30080344e+01
v 6.64392407e+03 6.80777120e+03 2.28487918e+01
v 6.64670294e+03 6.80744132e+03 2.47844100e+01
v 6.64428005e+03 6.80785022e+03 2.45888586e+01
v 6.64520908e+03 6.80807847e+03 2.54846705e+01
v 6.63360568e+03 6.80588490e+03 2.27893473e+01
v 6.63457678e+03 6.81021648e+03 2.29835810e+01
v 6.64452625e+03 6.80809578e+03 2.76600675e+01
v 6.63061519e+03 6.80710913e+03 2.67349687e+01
v 6.62979116e+03 6.80635012e+03 2.61414130e+01
v 6.62890463e+03 6.80561449e+03 2.60135028e+01
v 6.63157892e+03 6.80695940e+03 2.64891496e+01
v 6.63226090e+03 6.81163852e+03 2.35974177e+01
v 6.63703367e+03 6.81126860e+03 2.47239813e+01
v 6.63759805e+03 6.81118106e+03 2.54317266e+01
v 6.63842693e+03 6.81160040e+03 2.26453518e+01
v 6.63613971e+03 6.81181194e+03 2.53663051e+01
v 6.63590804e+03 6.81003428e+03 2.47595807e+01
v 6.63081003e+03 6.81149057e+03 2.39903809e+01
v 6.64013436e+03 6.81040439e+03 2.23335492e+01
v 6.63674775e+03 6.81081583e+03 2.33709943e+01
v 6.63278764e+03 6.81027240e+03 2.60774472e+01
v 6.63304042e+03 6.81176942e+03 2.69527621e+01
v 6.64130534e+03 6.81193066e+03 2.74656136e+01
v 6.64216429e+03 6.80917710e+03 2.69412527e+01
v 6.63503784e+03 6.81100327e+03 2.65110466e+01
v 6.63649932e+03 6.81107463e+03 2.68839166e+01
v 6.63895213e+03 6.81205740e+03 2.38579444e+01
v 6.66153551e+03 6.81243930e+03 2.66742592e+01
v 6.64686386e+03 6.80901359e+03 2.77002322e+01
v 6.64352040e+03 6.80891008e+03 2.33411431e+01
v 6.64636069e+03 6.81152464e+03 2.78123666e+01
v 6.64739929e+03 6.80761325e+03 2.58262823e+01
v 6.64600248e+03 6.81278526e+03 2.82683219e+01
v 6.66221656e+03 6.80696424e+03 2.57678183e+01
v 6.66240203e+03 6.80564378e+03 2.52109167e+01
v 6.66303840e+03 6.80702065e+03 2.50780481e+01
v 6.66360750e+03 6.80768178e+03 2.59217190e+01
v 6.66206203e+03 6.80984766e+03 2.54995802e+01
v 6.66346928e+03 6.80872108e+03 2.56452373e+01
v 6.66302105e+03 6.80606297e+03 2.85612233e+01
v 6.66221842e+03 6.80973362e+03 2.64164768e+01
v 6.66088769e+03 6.80952392e+03 2.73173159e+01
v 6.64662061e+03 6.80665952e+03 2.69491489e+01
v 6.66170915e+03 6.81097443e+03 2.22794093e+01
v 6.66144209e+03 6.81033498e+03 2.76216416e+01
v 6.66067224e+03 6.81128299e+03 2.76376456e+01
v 6.66203529e+03 6.81132664e+03 2.64097801e+01
v 6.66169975e+03 6.80849024e+03 2.69412327e+01
v 6.66352588e+03 6.81104332e+03 2.58685637e+01
v 6.66414429e+03 6.80796481e+03 2.31618046e+01
v 6.68375480e+03 6.80831285e+03 2.32169934e+01
v 6.66256079e+03 6.80927803e+03 2.23304086e+01
v 6.66344532e+03 6.81283638e+03 2.18585661e+01
v 6.68733124e+03 6.80749985e+03 2.74423071e+01
v 6.68599038e+03 6.80700630e+03 2.55698225e+01
v 6.68704495e+03 6.80693699e+03 2.47918310e+01
v 6.68694836e+03 6.80727666e+03 2.35999235e+01
v 6.68672365e+03 6.80960799e+03 2.99786360e+01
v 6.68229461e+03 6.81215943e+03 3.02442221e+01
v 6.68564426e+03 6.80702947e+03 2.86312190e+01
v 6.68575520e+03 6.80820340e+03 2.83059168e+01
v 6.68429549e+03 6.80903182e+03 3.23283931e+01
v 6.65888608e+03 6.81039700e+03 3.05318998e+01
v 6.66070676e+03 6.81105266e+03 3.03280317e+01
v 6.66022281e+03 6.81226851e+03 3.04995559e+01
v 6.64258502e+03 6.80956101e+03 2.91887917e+01
v 6.64362771e+03 6.80912410e+03 3.01323918e+01
v 6.64497895e+03 6.80928344e+03 2.89055586e+01
v 6.66226631e+03 6.80805110e+03 2.95979822e+01
v 6.68570022e+03 6.80847278e+03 3.17639006e+01
v 6.66140658e+03 6.80713635e+03 2.98794866e+01
v 6.66009691e+03 6.80867175e+03 3.09370751e+01
v 6.66121672e+03 6.80785959e+03 2.96271851e+01
v 6.64356248e+03 6.81027371e+03 3.00722006e+01
v 6.64569745e+03 6.81098516e+03 2.98889629e+01
v 6.64623012e+03 6.81051315e+03 2.78979676e+01
v 6.64525018e+03 6.81140617e+03 2.79587922e+01
v 6.64290828e+03 6.80830739e+03 2.78076085e+01
v 6.64271528e+03 6.81078709e+03 2.86585562e+01
v 6.64449595e+03 6.81136117e+03 2.88421518e+01
v 6.64447063e+03 6.81070878e+03 2.94269505e+01
v 6.66099357e+03 6.81244681e+03 2.92978968e+01
v 6.65973132e+03 6.81116174e+03 3.08005447e+01
v 6.64593713e+03 6.80965708e+03 2.93589675e+01
v 6.64417299e+03 6.81274588e+03 2.83943000e+01
v 6.63394687e+03 6.81217434e+03 2.81662271e+01
v 6.62903264e+03 6.81168159e+03 2.81146857e+01
v 6.63832353e+03 6.81129901e+03 2.77321122e+01
v 6.63525915e+03 6.81231354e+03 2.82801839e+01
v 6.63720482e+03 6.81142391e+03 2.88460087e+01
v 6.63880783e+03 6.81260920e+03 2.92654707e+01
v 6.63785381e+03 6.81215186e+03 3.05502668e+01
v 6.63702284e+03 6.81256933e+03 2.98887135e+01
v 6.64898837e+03 6.80673842e+03 3.04971077e+01
v 6.65609384e+03 6.80684455e+03 3.46637488e+01
v 6.65675117e+03 6.80734484e+03 3.33920471e+01
v 6.65616386e+03 6.81056905e+03 3.57162493e+01
v 6.65757110e+03 6.81046293e+03 3.42294712e+01
v 6.65401995e+03 6.81089795e+03 3.66255498e+01
v 6.66143288e+03 6.80578602e+03 2.84323040e+01
v 6.65290639e+03 6.81007795e+03 3.63472027e+01
v 6.65398756e+03 6.80762517e+03 3.53128372e+01
v 6.65261314e+03 6.80928192e+03 3.54264271e+01
v 6.65158643e+03 6.80760287e+03 3.52346144e+01
v 6.65456726e+03 6.81124430e+03 3.58563131e+01
v 6.65532850e+03 6.80633408e+03 3.42413881e+01
v 6.65640465e+03 6.81199120e+03 3.48907775e+01
v 6.65443100e+03 6.80932060e+03 3.70463143e+01
v 6.65518754e+03 6.80832897e+03 3.53506181e+01
v 6.65631810e+03 6.80832933e+03 3.53497967e+01
v 6.65043012e+03 6.80889024e+03 3.36210919e+01
v 6.65699018e+03 6.81165660e+03 3.38534226e+01
v 6.65479337e+03 6.80580288e+03 3.48436013e+01
v 6.65054864e+03 6.80604030e+03 3.33883311e+01
v 6.64961293e+03 6.80749302e+03 3.24129937e+01
v 6.68731326e+03 6.81191530e+03 3.73856869e+01
v 6.68455705e+03 6.81073815e+03 3.46094273e+01
v 6.68721893e+03 6.80934914e+03 3.59288835e+01
v 6.68710450e+03 6.81059618e+03 3.76112535e+01
v 6.68570623e+03 6.81165209e+03 3.43069141e+01
v 6.68600823e+03 6.81006520e+03 3.80208066e+01
v 6.68781458e+03 6.81105926e+03 3.89044618e+01
v 6.68577899e+03 6.80926650e+03 3.35194799e+01
v 6.65941678e+03 6.81294130e+03 3.13207428e+01
v 6.65954675e+03 6.81164239e+03 3.18612235e+01
v 6.65719418e+03 6.81286705e+03 3.06956191e+01
v 6.65828835e+03 6.81126816e+03 3.16912027e+01
v 6.66041516e+03 6.80693718e+03 3.13091569e+01
v 6.65883725e+03 6.80878879e+03 3.20068420e+01
v 6.65685508e+03 6.81221867e+03 3.24071149e+01
v 6.66124320e+03 6.80802891e+03 3.27361201e+01
v 6.65942477e+03 6.80776241e+03 3.33470913e+01
v 6.66008177e+03 6.80741268e+03 3.24281351e+01
v 6.65940184e+03 6.80593658e+03 3.32172303e+01
v 6.65745561e+03 6.80914135e+03 3.26783828e+01
v 6.65889860e+03 6.80573802e+03 3.19856917e+01
v 6.65831726e+03 6.80780185e+03 3.23741408e+01
v 6.65822587e+03 6.80713279e+03 3.15163858e+01
v 6.65649433e+03 6.80530278e+03 3.24257327e+01
v 6.64985961e+03 6.80493921e+03 2.94548437e+01
v 6.68627966e+03 6.80763012e+03 2.10178851e+01
v 6.64209042e+03 6.80811319e+03 2.14360945e+01
v 6.66339903e+03 6.80602608e+03 2.39004686e+01
v 6.68109559e+03 6.80795954e+03 1.59739914e+01
v 6.67737105e+03 6.80585653e+03 1.55246041e+01
v 6.67242624e+03 6.80902438e+03 1.56770294e+01
v 6.67520441e+03 6.80827893e+03 1.64466719e+01
v 6.66694788e+03 6.80408545e+03 1.49571664e+01
v 6.66693397e+03 6.80929601e+03 1.55789568e+01
v 6.67971667e+03 6.80525840e+03 1.55554266e+01
v 6.68193420e+03 6.80620340e+03 1.54525806e+01
v 6.68647153e+03 6.80394874e+03 1.52164781e+01
v 6.67168840e+03 6.80907546e+03 1.69288302e+01
v 6.66145773e+03 6.80630105e+03 1.65406257e+01
v 6.66714349e+03 6.80758448e+03 1.71461973e+01
v 6.66575777e+03 6.80705022e+03 1.65324278e+01
v 6.66713572e+03 6.80735074e+03 1.55014071e+01
v 6.66015286e+03 6.80641104e+03 1.74868060e+01
v 6.66136619e+03 6.80680580e+03 1.89611356e+01
v 6.68037048e+03 6.80993959e+03 1.67284714e+01
v 6.68386075e+03 6.81044853e+03 1.64538725e+01
v 6.68701118e+03 6.81192930e+03 1.64314567e+01
v 6.68550043e+03 6.80945971e+03 1.88505804e+01
v 6.64425239e+03 6.80675661e+03 2.02984148e+01
v 6.64485496e+03 6.80728810e+03 2.00347584e+01
v 6.64399569e+03 6.80796887e+03 2.15570092e+01
v 6.64543707e+03 6.80673165e+03 2.11321555e+01
v 6.64719207e+03 6.80731197e+03 2.17517888e+01
v 6.64786290e+03 6.80602934e+03 2.12855541e+01
v 6.64861466e+03 6.80682900e+03 2.05922877e+01
v 6.63992318e+03 6.81156081e+03 2.18947799e+01
v 6.65068155e+03 6.80582711e+03 2.19253419e+01
v 6.63723962e+03 6.80666051e+03 2.36399966e+01
v 6.63459982e+03 6.80705532e+03 2.25471090e+01
v 6.66230175e+03 6.81224999e+03 2.28667890e+01
v 6.63670916e+03 6.80556083e+03 2.18017264e+01
v 6.64228480e+03 6.80544688e+03 2.11614037e+01
v 6.66440963e+03 6.80767859e+03 2.19109832e+01
v 6.66327870e+03 6.80256995e+03 1.64340356e+01
v 6.66177155e+03 6.80250948e+03 1.60226949e+01
v 6.63116104e+03 6.80484229e+03 2.65295696e+01
v 6.63017181e+03 6.80555913e+03 2.72637712e+01
v 6.65537975e+03 6.79852664e+03 2.68758686e+01
v 6.65498907e+03 6.79951211e+03 2.48896586e+01
v 6.65870552e+03 6.80096273e+03 2.34646294e+01
v 6.65814211e+03 6.79994840e+03 2.33288105e+01
v 6.64998241e+03 6.79976974e+03 2.70663390e+01
v 6.65230729e+03 6.80327551e+03 2.35776202e+01
v 6.65116923e+03 6.80281289e+03 2.67038286e+01
v 6.65591900e+03 6.80263792e+03 2.70047124e+01
v 6.65749225e+03 6.80415170e+03 2.61409580e+01
v 6.65332016e+03 6.80389266e+03 2.85258515e+01
v 6.65241145e+03 6.80360269e+03 2.94360557e+01
v 6.65422075e+03 6.79978834e+03 2.97457783e+01
v 6.65425275e+03 6.80150392e+03 2.98665279e+01
v 6.65655483e+03 6.80206900e+03 2.51182639e+01
v 6.65647112e+03 6.80333417e+03 2.79180019e+01
v 6.65982131e+03 6.80388666e+03 2.54172488e+01
v 6.65763908e+03 6.80333501e+03 2.40795299e+01
v 6.65166192e+03 6.79862809e+03 2.66150546e+01
v 6.65304821e+03 6.79753860e+03 2.76575989e+01
v 6.65439138e+03 6.80324341e+03 2.80277885e+01
v 6.65587576e+03 6.80210359e+03 2.89676815e+01
v 6.65448893e+03 6.79987266e+03 3.10760406e+01
v 6.65082309e+03 6.80083089e+03 3.06343761e+01
v 6.64732230e+03 6.79571731e+03 1.61188703e+01
v 6.64674868e+03 6.79685145e+03 1.63900905e+01
v 6.64368900e+03 6.79701179e+03 1.60549473e+01
v 6.64438117e+03 6.79764206e+03 1.78483893e+01
v 6.66018197e+03 6.80340718e+03 1.72728143e+01
v 6.66458584e+03 6.80191381e+03 1.84606551e+01
v 6.66355179e+03 6.80172006e+03 1.61646035e+01
v 6.66402506e+03 6.80270806e+03 2.07770878e+01
v 6.65675738e+03 6.79569967e+03 1.67410860e+01
v 6.65663895e+03 6.79699071e+03 1.54356681e+01
v 6.66163298e+03 6.79356366e+03 1.40791413e+01
v 6.66507943e+03 6.79883622e+03 1.46166666e+01
v 6.65238566e+03 6.79488778e+03 1.59439487e+01
v 6.65084816e+03 6.79504474e+03 1.46448331e+01
v 6.65275279e+03 6.79646384e+03 1.44252125e+01
v 6.64795096e+03 6.79393372e+03 1.54660870e+01
v 6.65004539e+03 6.79402089e+03 1.36949901e+01
v 6.64467100e+03 6.79453197e+03 1.54192902e+01
v 6.64564722e+03 6.79355331e+03 1.63531739e+01
v 6.65127450e+03 6.79448647e+03 1.84661392e+01
v 6.65074373e+03 6.79529845e+03 1.88108637e+01
v 6.64986568e+03 6.79505876e+03 2.00891566e+01
v 6.65008170e+03 6.79631351e+03 2.21891481e+01
v 6.65270508e+03 6.80014023e+03 2.23981898e+01
v 6.65340572e+03 6.79811948e+03 2.32005028e+01
v 6.65338455e+03 6.79897611e+03 2.47246815e+01
v 6.65472448e+03 6.79813785e+03 2.51247870e+01
v 6.65345990e+03 6.79867781e+03 2.21087432e+01
v 6.65194758e+03 6.79930355e+03 2.41615075e+01
v 6.65490650e+03 6.79805763e+03 2.23457141e+01
v 6.65418012e+03 6.79946738e+03 2.19645743e+01
v 6.64929099e+03 6.79531278e+03 1.75770839e+01
v 6.64602757e+03 6.79524051e+03 1.65961872e+01
v 6.64556893e+03 6.79494577e+03 1.71847798e+01
v 6.65406524e+03 6.80482728e+03 1.87721690e+01
v 6.65207013e+03 6.80468169e+03 1.81503889e+01
v 6.64919642e+03 6.80546202e+03 2.59819672e+01
v 6.65377876e+03 6.80475866e+03 2.09935067e+01
v 6.64932400e+03 6.80305942e+03 2.04379459e+01
v 6.64922001e+03 6.80387087e+03 1.86402097e+01
v 6.63259689e+03 6.80440295e+03 2.46080878e+01
v 6.63364955e+03 6.80463158e+03 2.18932252e+01
v 6.66413108e+03 6.80436384e+03 2.33891966e+01
v 6.66221920e+03 6.80537485e+03 2.23066336e+01
v 6.66301035e+03 6.80457922e+03 2.04834605e+01
v 6.66417663e+03 6.79882213e+03 1.82845542e+01
v 6.66388603e+03 6.79934979e+03 1.66814195e+01
v 6.65126228e+03 6.80215284e+03 2.06563857e+01
v 6.65216424e+03 6.80225765e+03 2.15042633e+01
v 6.65478527e+03 6.80400546e+03 1.87561498e+01
v 6.65615598e+03 6.80479784e+03 1.76297032e+01
v 6.66428860e+03 6.80370245e+03 1.60742803e+01
v 6.64827194e+03 6.80447822e+03 2.01391034e+01
v 6.64832798e+03 6.80224464e+03 1.88701826e+01
v 6.64794773e+03 6.80006810e+03 1.85988451e+01
v 6.64813176e+03 6.80499766e+03 1.83575149e+01
v 6.64660439e+03 6.80290731e+03 1.94111694e+01
v 6.64299492e+03 6.79608864e+03 1.71732509e+01
v 6.64459400e+03 6.79569868e+03 1.77802089e+01
v 6.64594568e+03 6.79438257e+03 1.46999733e+01
v 6.66053831e+03 6.79687641e+03 1.53187287e+01
v 6.66154511e+03 6.79751219e+03 1.43674651e+01
v 6.66086961e+03 6.79385391e+03 1.79885132e+01
v 6.66276524e+03 6.79900398e+03 1.55623910e+01
v 6.65169834e+03 6.80042316e+03 2.13761619e+01
v 6.65108568e+03 6.80068144e+03 2.47725516e+01
v 6.65008737e+03 6.79993286e+03 2.15872794e+01
v 6.65048714e+03 6.79874492e+03 2.21046490e+01
v 6.63868446e+03 6.79451920e+03 1.46173072e+01
v 6.63592815e+03 6.79381360e+03 1.51477859e+01
v 6.64444083e+03 6.79718463e+03 1.96299860e+01
v 6.65720159e+03 6.79530501e+03 1.79804830e+01
v 6.65481302e+03 6.79376374e+03 1.72309510e+01
v 6.65659170e+03 6.79451393e+03 1.80718467e+01
v 6.66344513e+03 6.80211860e+03 1.91949707e+01
v 6.65798458e+03 6.79663023e+03 1.49600564e+01
v 6.65441568e+03 6.79623051e+03 1.47405857e+01
v 6.65621403e+03 6.79700622e+03 1.43247627e+01
v 6.65810369e+03 6.79489929e+03 1.63420599e+01
v 6.65683571e+03 6.80509938e+03 1.80952863e+01
v 6.65718642e+03 6.79929235e+03 2.54438438e+01
v 6.65724547e+03 6.79928991e+03 2.53948164e+01
v 6.62693028e+03 6.78723575e+03 1.21867118e+01
v 6.68629619e+03 6.78861796e+03 1.53010440e+01
v 6.68527586e+03 6.78405036e+03 1.52402886e+01
v 6.66472680e+03 6.80073916e+03 1.65415166e+01
v 6.68303508e+03 6.79323890e+03 1.51562432e+01
v 6.67972992e+03 6.80080721e+03 1.49650836e+01
v 6.67881598e+03 6.78843249e+03 1.50806481e+01
v 6.67985806e+03 6.80281142e+03 1.51896168e+01
v 6.67271194e+03 6.79697119e+03 1.46843839e+01
v 6.67044922e+03 6.80378834e+03 1.50049028e+01
v 6.67155033e+03 6.78932919e+03 1.46728166e+01
v 6.66469784e+03 6.78572979e+03 1.42806032e+01
v 6.67108271e+03 6.80287431e+03 1.50032273e+01
v 6.66488278e+03 6.80094408e+03 1.47617211e+01
v 6.66405787e+03 6.79987413e+03 1.53081954e+01
v 6.66316789e+03 6.79672260e+03 1.76402858e+01
v 6.66458716e+03 6.80387823e+03 1.55801214e+01
v 6.65365043e+03 6.80344191e+03 1.78328553e+01
v 6.65152992e+03 6.80416535e+03 1.81459486e+01
v 6.64973330e+03 6.80545269e+03 1.95707564e+01
v 6.67087639e+03 6.80409496e+03 1.51133901e+01
v 6.67052023e+03 6.80417743e+03 2.28241877e+01
v 6.67081575e+03 6.80382727e+03 1.93479749e+01
v 6.65223569e+03 6.80536815e+03 2.03279075e+01
v 6.67124975e+03 6.80334077e+03 2.27202450e+01
v 6.64661026e+03 6.80455378e+03 1.89162508e+01
v 6.64631009e+03 6.80554636e+03 2.11924082e+01
v 6.64583822e+03 6.80507718e+03 2.02346280e+01
v 6.65430468e+03 6.79943186e+03 2.33095250e+01
v 6.64389772e+03 6.80573588e+03 2.14204188e+01
v 6.63847578e+03 6.80478381e+03 2.34738050e+01
v 6.65623898e+03 6.79909672e+03 2.47492207e+01
v 6.65664015e+03 6.80018765e+03 2.50212959e+01
v 6.64311671e+03 6.80261702e+03 2.01003817e+01
v 6.64488997e+03 6.80403605e+03 2.14046883e+01
v 6.63859231e+03 6.80391361e+03 2.12454420e+01
v 6.63685621e+03 6.80238424e+03 2.15133014e+01
v 6.63975460e+03 6.80242630e+03 2.10330406e+01
v 6.63972396e+03 6.80501257e+03 2.13457832e+01
v 6.63553948e+03 6.80394756e+03 2.16568472e+01
v 6.63181344e+03 6.80428655e+03 2.20450607e+01
v 6.65357914e+03 6.79814700e+03 2.59938333e+01
v 6.63201077e+03 6.80432789e+03 2.22249828e+01
v 6.63053575e+03 6.80297638e+03 2.22733320e+01
v 6.63066231e+03 6.80485307e+03 2.23141159e+01
v 6.63003353e+03 6.80404404e+03 2.42195963e+01
v 6.63295116e+03 6.80316213e+03 2.22939784e+01
v 6.63223220e+03 6.80350214e+03 2.39778433e+01
v 6.62749349e+03 6.80338066e+03 2.35255399e+01
v 6.63514623e+03 6.80158220e+03 2.16950641e+01
v 6.63064292e+03 6.80131241e+03 2.19583522e+01
v 6.63112942e+03 6.80418679e+03 2.52410540e+01
v 6.63560280e+03 6.80270727e+03 2.32242537e+01
v 6.65904341e+03 6.80350948e+03 2.34700732e+01
v 6.66297937e+03 6.80249047e+03 2.36184849e+01
v 6.66391810e+03 6.80254221e+03 2.17404915e+01
v 6.66118986e+03 6.80282018e+03 2.43302499e+01
v 6.66175199e+03 6.80486018e+03 2.29929393e+01
v 6.66111011e+03 6.80281842e+03 2.35084451e+01
v 6.63446488e+03 6.80293934e+03 2.21877347e+01
v 6.66234453e+03 6.79889621e+03 2.11139575e+01
v 6.66213017e+03 6.79989715e+03 2.26516780e+01
v 6.65932346e+03 6.80222271e+03 2.42322002e+01
v 6.66124793e+03 6.80435503e+03 2.47135469e+01
v 6.66159316e+03 6.80527218e+03 2.66586774e+01
v 6.66080612e+03 6.80058220e+03 2.33949650e+01
v 6.66043694e+03 6.79963539e+03 2.26271860e+01
v 6.66006057e+03 6.79682507e+03 2.16830338e+01
v 6.65799023e+03 6.79683825e+03 2.20865730e+01
v 6.65143990e+03 6.80123684e+03 1.96481341e+01
v 6.64971266e+03 6.80155044e+03 1.84728455e+01
v 6.65217410e+03 6.79706112e+03 2.09903354e+01
v 6.65135839e+03 6.79665195e+03 2.31692178e+01
v 6.64898060e+03 6.79842804e+03 2.02782044e+01
v 6.65965159e+03 6.79834017e+03 2.34424939e+01
v 6.66175880e+03 6.79772621e+03 2.15247919e+01
v 6.66347459e+03 6.79817656e+03 2.00616778e+01
v 6.66333005e+03 6.79869319e+03 2.09916371e+01
v 6.66409050e+03 6.80121697e+03 1.93902591e+01
v 6.66019433e+03 6.79501282e+03 2.11160442e+01
v 6.66232702e+03 6.79545365e+03 2.04989244e+01
v 6.66116837e+03 6.79515605e+03 2.01321914e+01
v 6.65210448e+03 6.79618754e+03 2.16505090e+01
v 6.65228620e+03 6.79484053e+03 1.96735751e+01
v 6.65346897e+03 6.79330626e+03 1.86346660e+01
v 6.65492457e+03 6.79488401e+03 2.13265210e+01
v 6.65458927e+03 6.79682865e+03 2.32165337e+01
v 6.66436178e+03 6.79825642e+03 1.96140773e+01
v 6.64160746e+03 6.79644827e+03 1.67708327e+01
v 6.64216529e+03 6.79596985e+03 1.61107042e+01
v 6.64781355e+03 6.79749174e+03 2.06799291e+01
v 6.65610556e+03 6.79635209e+03 2.16269258e+01
v 6.65851702e+03 6.79673648e+03 2.13846022e+01
v 6.65236671e+03 6.79953160e+03 2.16950559e+01
v 6.63874530e+03 6.79817725e+03 1.89495410e+01
v 6.63547424e+03 6.79846541e+03 1.94273937e+01
v 6.64535641e+03 6.80402400e+03 2.01441880e+01
v 6.64380500e+03 6.79290971e+03 1.61557239e+01
v 6.64484972e+03 6.79396348e+03 1.69640228e+01
v 6.63964281e+03 6.79619943e+03 1.61465922e+01
v 6.64947560e+03 6.79418478e+03 1.59095744e+01
v 6.64765100e+03 6.79582072e+03 1.78089435e+01
v 6.65017730e+03 6.80032551e+03 1.97329941e+01
v 6.64067819e+03 6.80019253e+03 1.92797727e+01
v 6.64190064e+03 6.79768533e+03 1.84816116e+01
v 6.64696638e+03 6.79404254e+03 1.41062250e+01
v 6.64226091e+03 6.79422250e+03 1.59461722e+01
v 6.64068775e+03 6.79445745e+03 1.68422049e+01
v 6.63292669e+03 6.78930788e+03 1.24654058e+01
v 6.63273455e+03 6.79544386e+03 1.78891190e+01
v 6.63618422e+03 6.79659721e+03 1.79249379e+01
v 6.64874881e+03 6.79706989e+03 2.04204037e+01
v 6.64749474e+03 6.79689946e+03 1.63596000e+01
v 6.64658261e+03 6.79760946e+03 1.77095192e+01
v 6.65741793e+03 6.79012353e+03 1.36826289e+01
v 6.65890254e+03 6.79654856e+03 1.41314640e+01
v 6.65547084e+03 6.79490477e+03 1.84698805e+01
v 6.66524280e+03 6.80053252e+03 1.79978178e+01
v 6.63021203e+03 6.78878267e+03 1.41965907e+01
v 6.64558074e+03 6.79198797e+03 1.54886042e+01
v 6.64524825e+03 6.79273524e+03 1.32463902e+01
v 6.65467564e+03 6.79508044e+03 1.38463103e+01
v 6.65126237e+03 6.78826127e+03 1.32865735e+01
v 6.64209185e+03 6.79495846e+03 1.44357763e+01
v 6.64043118e+03 6.79533254e+03 1.59593604e+01
v 6.65178890e+03 6.79415110e+03 1.73870256e+01
v 6.66306624e+03 6.79928748e+03 1.89686170e+01
v 6.66450369e+03 6.80133354e+03 2.12880341e+01
v 6.66231371e+03 6.80097833e+03 2.25182680e+01
v 6.66268379e+03 6.79506295e+03 1.83618233e+01
v 6.64964685e+03 6.79437445e+03 1.82256373e+01
v 6.65561579e+03 6.79946029e+03 2.68077897e+01
v 6.65216525e+03 6.79876688e+03 3.03120405e+01
v 6.66053518e+03 6.80350341e+03 2.75945256e+01
v 6.66224365e+03 6.79991055e+03 2.06087974e+01
v 6.65370233e+03 6.80497290e+03 3.28658179e+01
v 6.65127914e+03 6.79838917e+03 2.24996885e+01
v 6.65726158e+03 6.79945444e+03 2.55711292e+01
v 6.65767260e+03 6.79954504e+03 2.54827999e+01
v 6.68245808e+03 6.76815734e+03 2.48518069e+01
v 6.68485825e+03 6.76845168e+03 2.01784000e+01
v 6.68269231e+03 6.76837363e+03 1.53818802e+01
v 6.65180439e+03 6.77017052e+03 1.32722702e+01
v 6.65646405e+03 6.77183453e+03 1.34964063e+01
v 6.65403528e+03 6.78135023e+03 1.36725989e+01
v 6.65532153e+03 6.77805208e+03 1.37719699e+01
v 6.68355474e+03 6.77263929e+03 1.47606922e+01
v 6.65565244e+03 6.77293279e+03 2.04327066e+01
v 6.65529507e+03 6.77406389e+03 2.22956534e+01
v 6.66041948e+03 6.78129135e+03 1.39925473e+01
v 6.66020310e+03 6.78168975e+03 1.40750518e+01
v 6.68695416e+03 6.76941492e+03 2.33315390e+01
v 6.68496301e+03 6.76859928e+03 2.64063955e+01
v 6.68214467e+03 6.76770118e+03 3.30583638e+01
v 6.68214427e+03 6.76805623e+03 2.85651044e+01
v 6.68488038e+03 6.76833834e+03 2.88112062e+01
v 6.68740634e+03 6.76964558e+03 1.96737542e+01
v 6.68745887e+03 6.76964795e+03 1.58711396e+01
v 6.68473715e+03 6.76845165e+03 1.60119940e+01
v 6.65622865e+03 6.77145550e+03 2.26013809e+01
v 6.65629765e+03 6.77045436e+03 2.23803484e+01
v 6.66048789e+03 6.77441592e+03 1.36612912e+01
v 6.66368766e+03 6.77345354e+03 1.41837868e+01
v 6.66042175e+03 6.77936525e+03 1.40399229e+01
v 6.64894796e+03 6.77424560e+03 1.31785550e+01
v 6.66166564e+03 6.78223964e+03 1.40217990e+01
v 6.66293267e+03 6.77964688e+03 1.41199866e+01
v 6.66015900e+03 6.78229642e+03 1.40634415e+01
v 6.66056986e+03 6.78136440e+03 1.40141558e+01
v 6.66323700e+03 6.77094549e+03 1.36500840e+01
v 6.66908615e+03 6.77750339e+03 1.43273247e+01
v 6.64420723e+03 6.77222481e+03 1.27741996e+01
v 6.63526419e+03 6.77130223e+03 1.23379261e+01
v 6.63799089e+03 6.77687677e+03 1.26938813e+01
v 6.64678067e+03 6.77956150e+03 1.32357226e+01
v 6.64403395e+03 6.78553470e+03 1.28863911e+01
v 6.63602168e+03 6.78430448e+03 1.23697964e+01
v 6.67014967e+03 6.77231528e+03 1.40069990e+01
v 6.67563312e+03 6.77404393e+03 1.43968969e+01
v 6.67813233e+03 6.77867101e+03 1.47728712e+01
v 6.66953168e+03 6.77537094e+03 1.46382003e+01
v 6.67420133e+03 6.77858658e+03 1.45728028e+01
v 6.67181925e+03 6.77448283e+03 1.44706358e+01
v 6.68663102e+03 6.77445589e+03 1.49818727e+01
v 6.67964056e+03 6.78336157e+03 1.50314768e+01
v 6.63017591e+03 6.80450890e+03 2.70450019e+01
v 6.62832296e+03 6.80464733e+03 2.47051766e+01
v 6.62549109e+03 6.80123358e+03 2.36749167e+01
v 6.63173029e+03 6.80523184e+03 2.77251672e+01
v 6.63280378e+03 6.80530863e+03 2.66206469e+01
v 6.63166786e+03 6.80605820e+03 2.62330212e+01
v 6.63316814e+03 6.80318766e+03 2.43778632e+01
v 6.65725284e+03 6.80106623e+03 2.64866901e+01
v 6.65601434e+03 6.80092187e+03 2.83649437e+01
v 6.65878380e+03 6.80239889e+03 2.70667659e+01
v 6.66180318e+03 6.80416769e+03 2.61355416e+01
v 6.65643996e+03 6.80087585e+03 2.54834721e+01
v 6.65801913e+03 6.80129903e+03 2.51505637e+01
v 6.65719614e+03 6.79923006e+03 2.53528375e+01
v 6.65872291e+03 6.80082547e+03 2.44549562e+01
v 6.65590876e+03 6.79981434e+03 2.84546984e+01
v 6.65457449e+03 6.79936506e+03 2.80985165e+01
v 6.65830972e+03 6.80288998e+03 2.77141573e+01
v 6.66064663e+03 6.80176712e+03 2.34879576e+01
v 6.65971780e+03 6.80068675e+03 2.44835688e+01
v 6.65529902e+03 6.79940197e+03 2.35420137e+01
v 6.65052273e+03 6.79727956e+03 2.33803777e+01
v 6.66177973e+03 6.80301501e+03 2.29172188e+01
v 6.65952859e+03 6.80014659e+03 2.33148516e+01
v 6.65710885e+03 6.79858526e+03 2.27835252e+01
v 6.63392496e+03 6.80514633e+03 2.51871169e+01
v 6.65132577e+03 6.80327970e+03 2.86420357e+01
v 6.65189208e+03 6.80065348e+03 3.13455112e+01
v 6.65308257e+03 6.79975463e+03 3.03927321e+01
v 6.65443554e+03 6.79840559e+03 3.01381125e+01
v 6.65320392e+03 6.80221167e+03 3.01693210e+01
v 6.65386285e+03 6.80432060e+03 2.98937771e+01
v 6.65182070e+03 6.80518842e+03 3.09181896e+01
v 6.65151751e+03 6.80378097e+03 3.02232131e+01
v 6.65663649e+03 6.80450389e+03 3.05653722e+01
v 6.65914526e+03 6.80403635e+03 3.00254906e+01
v 6.66015770e+03 6.80412157e+03 2.87468477e+01
v 6.65921120e+03 6.80399372e+03 2.79959067e+01
v 6.65473679e+03 6.80025608e+03 2.86352851e+01
v 6.65499379e+03 6.80415415e+03 3.07948963e+01
v 6.65741877e+03 6.80455561e+03 3.14712079e+01
v 6.65444798e+03 6.79832843e+03 2.88477167e+01
v 6.65967564e+03 6.80542297e+03 2.93488014e+01
v 6.65924066e+03 6.80422236e+03 3.12956964e+01
v 6.65964151e+03 6.80533300e+03 3.09840328e+01
v 6.66020932e+03 6.80568503e+03 3.02776945e+01
v 6.66081990e+03 6.80554137e+03 2.92349048e+01
v 6.65802049e+03 6.80340844e+03 2.87424646e+01
v 6.65695796e+03 6.80435024e+03 2.81704211e+01
v 6.65139212e+03 6.80536802e+03 3.22197262e+01
v 6.65061201e+03 6.79857049e+03 2.90235252e+01
v 6.64987745e+03 6.79969881e+03 3.02144403e+01
v 6.66029188e+03 6.80586576e+03 3.16428291e+01
v 6.65406625e+03 6.80420980e+03 3.22874220e+01
v 6.65783602e+03 6.80499556e+03 3.26421194e+01
v 6.65358018e+03 6.80153489e+03 3.18109183e+01
v 6.65651129e+03 6.79802869e+03 2.33124767e+01
v 6.66386223e+03 6.79697517e+03 1.93254416e+01
v 6.66183097e+03 6.79520245e+03 1.87749104e+01
v 6.65970878e+03 6.79374387e+03 1.92744496e+01
v 6.65731621e+03 6.79466267e+03 2.00605235e+01
v 6.65632127e+03 6.79585849e+03 1.93969845e+01
v 6.65115188e+03 6.79615784e+03 2.03091297e+01
v 6.65515112e+03 6.79569942e+03 2.23156286e+01
v 6.65675311e+03 6.79551220e+03 2.03773780e+01
v 6.65375541e+03 6.79446081e+03 2.12855517e+01
v 6.65364740e+03 6.79614371e+03 2.24611654e+01
v 6.65601943e+03 6.79801427e+03 2.17361435e+01
v 6.65389597e+03 6.79785950e+03 2.16678558e+01
v 6.64980855e+03 6.79749210e+03 2.11190054e+01
v 6.63793649e+03 6.79965105e+03 1.99977551e+01
v 6.63411117e+03 6.80079899e+03 2.05058522e+01
v 6.64560667e+03 6.79675855e+03 1.94784897e+01
v 6.63319313e+03 6.79766442e+03 1.92878686e+01
v 6.64729485e+03 6.79750828e+03 1.95500861e+01
v 6.64582665e+03 6.79783781e+03 1.91593205e+01
v 6.64554256e+03 6.79619257e+03 1.54774292e+01
v 6.64803227e+03 6.79424021e+03 1.61050575e+01
v 6.64143488e+03 6.79514813e+03 1.78866642e+01
v 6.65086179e+03 6.79348300e+03 1.66916507e+01
v 6.64252498e+03 6.79471780e+03 1.70397379e+01
v 6.64617882e+03 6.79554327e+03 1.79951856e+01
v 6.64001659e+03 6.79640033e+03 1.74309790e+01
v 6.65184202e+03 6.79610985e+03 1.91743609e+01
v 6.64612106e+03 6.79563984e+03 1.49289207e+01
v 6.64831972e+03 6.79476177e+03 1.43937355e+01
v 6.63335675e+03 6.78968847e+03 1.50233760e+01
v 6.63762119e+03 6.79167538e+03 1.36927427e+01
v 6.64288338e+03 6.79332542e+03 1.37564311e+01
v 6.63907021e+03 6.79025859e+03 1.27292292e+01
v 6.62450001e+03 6.76899272e+03 1.16964563e+01
v 6.62450001e+03 6.76815127e+03 1.16500441e+01
v 6.62450001e+03 6.75002556e+03 1.14343799e+01
v 6.62450001e+03 6.75064162e+03 1.14581391e+01
v 6.62450001e+03 6.75696335e+03 1.12706745e+01
v 6.62450001e+03 6.76266906e+03 1.13683583e+01
v 6.62450001e+03 6.75422314e+03 1.11634705e+01
v 6.62450001e+03 6.75662322e+03 1.12676556e+01
v 6.62450001e+03 6.75345002e+03 1.15976066e+01
v 6.62450001e+03 6.75195925e+03 1.15505684e+01
v 6.62450001e+03 6.75674453e+03 1.12661402e+01
v 6.62450001e+03 6.75000537e+03 1.31830721e+01
v 6.62450001e+03 6.75000000e+03 1.31836532e+01
v 6.62450001e+03 6.75191324e+03 1.15547517e+01
v 6.62450001e+03 6.77019614e+03 1.17203631e+01
v 6.62450001e+03 6.78150385e+03 1.16797442e+01
v 6.62450001e+03 6.78465461e+03 1.19012373e+01
v 6.62450001e+03 6.78664514e+03 1.20290563e+01
v 6.62450001e+03 6.77851124e+03 1.17358493e+01
v 6.62450001e+03 6.77418703e+03 1.18179535e+01
v 6.62450001e+03 6.79858866e+03 2.32429083e+01
v 6.62450001e+03 6.79850553e+03 2.31471948e+01
v 6.62450001e+03 6.79906571e+03 2.33611616e+01
v 6.62450001e+03 6.80107435e+03 2.36485861e+01
v 6.62450001e+03 6.80567088e+03 2.34105468e+01
v 6.62450001e+03 6.80620156e+03 2.33794844e+01
v 6.62450001e+03 6.79803680e+03 2.12806795e+01
v 6.62450001e+03 6.79809789e+03 2.02909230e+01
v 6.62450001e+03 6.78834217e+03 1.35041302e+01
v 6.62450001e+03 6.78719223e+03 1.27888406e+01
v 6.62450001e+03 6.79656142e+03 2.00449720e+01
v 6.62450001e+03 6.79564779e+03 1.98106784e+01
v 6.62450001e+03 6.79522655e+03 1.93612822e+01
v 6.62450001e+03 6.79486386e+03 1.85515264e+01
v 6.62450001e+03 6.79460947e+03 1.83689525e+01
v 6.62450001e+03 6.79119046e+03 1.72483749e+01
v 6.62450001e+03 6.79153205e+03 1.73948611e+01
v 6.62450001e+03 6.79102007e+03 1.70503078e+01
v 6.62450001e+03 6.78943391e+03 1.41305066e+01
v 6.62450001e+03 6.80622307e+03 2.37450007e+01
v 6.62450001e+03 6.81081146e+03 2.46749937e+01
v 6.62450001e+03 6.81195267e+03 2.49093941e+01
v 6.62450001e+03 6.80731371e+03 2.50644862e+01
v 6.62450001e+03 6.81026155e+03 2.44735263e+01
v 6.62450001e+03 6.81281746e+03 2.44992276e+01
v 6.62450001e+03 6.80885719e+03 2.49429086e+01
v 6.62450001e+03 6.80877413e+03 2.47602394e+01
v 6.62450001e+03 6.80728634e+03 2.51608403e+01
v 6.62450001e+03 6.80733755e+03 2.50963052e+01
v 6.62450001e+03 6.80780864e+03 2.49470877e+01
v 6.62450001e+03 6.80989671e+03 2.52581272e+01
v 6.62450001e+03 6.80739113e+03 2.50916678e+01
v 6.62450001e+03 6.81292333e+03 2.43414377e+01
v 6.68799999e+03 6.75289203e+03 1.37754859e+01
v 6.68799999e+03 6.75343072e+03 1.41681998e+01
v 6.68799999e+03 6.75339567e+03 1.45124997e+01
v 6.68799999e+03 6.75351063e+03 1.72474451e+01
v 6.68799999e+03 6.75332238e+03 1.66439002e+01
v 6.68799999e+03 6.75157828e+03 1.34286511e+01
v 6.68799999e+03 6.75020448e+03 1.36077856e+01
v 6.68799999e+03 6.75356875e+03 1.80809768e+01
v 6.68799999e+03 6.75272334e+03 1.99512677e+01
v 6.68799999e+03 6.75250607e+03 1.96587532e+01
v 6.68799999e+03 6.75315985e+03 2.35868666e+01
v 6.68799999e+03 6.75227471e+03 2.29219501e+01
v 6.68799999e+03 6.75374405e+03 2.74948598e+01
v 6.68799999e+03 6.75376828e+03 2.76534090e+01
v 6.68799999e+03 6.75297839e+03 2.68678287e+01
v 6.68799999e+03 6.75264756e+03 2.69262336e+01
v 6.68799999e+03 6.76307132e+03 3.47655847e+01
v 6.68799999e+03 6.76333010e+03 3.44649416e+01
v 6.68799999e+03 6.76470981e+03 3.34129922e+01
v 6.68799999e+03 6.76497823e+03 3.31982036e+01
v 6.68799999e+03 6.76113727e+03 3.32828266e+01
v 6.68799999e+03 6.75713194e+03 3.19766404e+01
v 6.68799999e+03 6.76505139e+03 3.34819209e+01
v 6.68799999e+03 6.76501640e+03 3.31782667e+01
v 6.68799999e+03 6.76184360e+03 3.45678661e+01
v 6.68799999e+03 6.76185802e+03 3.35852007e+01
v 6.68799999e+03 6.76439362e+03 3.45807858e+01
v 6.68799999e+03 6.76211336e+03 3.50032635e+01
v 6.68799999e+03 6.75442325e+03 3.09427277e+01
v 6.68799999e+03 6.75294814e+03 3.05113778e+01
v 6.68799999e+03 6.75352053e+03 2.72998465e+01
v 6.68799999e+03 6.75212439e+03 2.68521904e+01
v 6.68799999e+03 6.75358332e+03 2.88102791e+01
v 6.68799999e+03 6.75309781e+03 2.99587675e+01
v 6.68799999e+03 6.75377048e+03 2.40375051e+01
v 6.68799999e+03 6.75383930e+03 2.43203535e+01
v 6.68799999e+03 6.75276706e+03 2.55021076e+01
v 6.68799999e+03 6.75000000e+03 1.36925537e+01
v 6.68799999e+03 6.75273754e+03 1.93834570e+01
v 6.68799999e+03 6.75353419e+03 2.12250690e+01
v 6.68799999e+03 6.75267976e+03 2.23579998e+01
v 6.68799999e+03 6.76511363e+03 3.31308490e+01
v 6.68799999e+03 6.77427959e+03 1.51710926e+01
v 6.68799999e+03 6.77358459e+03 1.52351729e+01
v 6.68799999e+03 6.76977724e+03 1.63426972e+01
v 6.68799999e+03 6.76978536e+03 1.94103114e+01
v 6.68799999e+03 6.78377474e+03 1.52993817e+01
v 6.68799999e+03 6.78053997e+03 1.52726342e+01
v 6.68799999e+03 6.77619328e+03 1.51261942e+01
v 6.68799999e+03 6.77580545e+03 1.51070344e+01
v 6.68799999e+03 6.77027322e+03 1.56517143e+01
v 6.68799999e+03 6.77171095e+03 1.51355400e+01
v 6.68799999e+03 6.76984652e+03 1.58857280e+01
v 6.68799999e+03 6.76973590e+03 2.33462085e+01
v 6.68799999e+03 6.76980587e+03 2.05561953e+01
v 6.68799999e+03 6.76955331e+03 2.85065352e+01
v 6.68799999e+03 6.76952549e+03 2.87980085e+01
v 6.68799999e+03 6.77029604e+03 3.05009890e+01
v 6.68799999e+03 6.76962689e+03 2.89612431e+01
v 6.68799999e+03 6.76964893e+03 2.58717549e+01
v 6.68799999e+03 6.76967727e+03 2.52660243e+01
v 6.68799999e+03 6.80472240e+03 1.52469387e+01
v 6.68799999e+03 6.80325959e+03 1.52392233e+01
v 6.68799999e+03 6.79198246e+03 1.53030193e+01
v 6.68799999e+03 6.78907623e+03 1.53472611e+01
v 6.68799999e+03 6.79733121e+03 1.52348244e+01
v 6.68799999e+03 6.80848810e+03 2.18537020e+01
v 6.68799999e+03 6.80800565e+03 2.20545387e+01
v 6.68799999e+03 6.80820785e+03 2.13658761e+01
v 6.68799999e+03 6.80770207e+03 2.07267884e+01
v 6.68799999e+03 6.80946139e+03 1.85373131e+01
v 6.68799999e+03 6.80994488e+03 1.78728302e+01
v 6.68799999e+03 6.81151458e+03 1.60783968e+01
v 6.68799999e+03 6.81150673e+03 1.60598294e+01
v 6.68799999e+03 6.80975256e+03 1.54984785e+01
v 6.68799999e+03 6.80969577e+03 1.55117348e+01
v 6.68799999e+03 6.80594336e+03 1.53166184e+01
v 6.68799999e+03 6.80960084e+03 3.57676784e+01
v 6.68799999e+03 6.81030257e+03 3.66742818e+01
v 6.68799999e+03 6.80868834e+03 3.43140016e+01
v 6.68799999e+03 6.80916074e+03 3.58352799e+01
v 6.68799999e+03 6.80867375e+03 3.20129772e+01
v 6.68799999e+03 6.80856659e+03 3.12516772e+01
v 6.68799999e+03 6.81211783e+03 3.78443322e+01
v 6.68799999e+03 6.81096962e+03 3.86932108e+01
v 6.68799999e+03 6.81113466e+03 3.86554499e+01
v 6.68799999e+03 6.81132572e+03 3.87785222e+01
v 6.68799999e+03 6.81046515e+03 3.73780566e+01
v 6.68799999e+03 6.80947873e+03 2.94562574e+01
v 6.68799999e+03 6.80951254e+03 2.90155732e+01
v 6.68799999e+03 6.80848667e+03 2.67660435e+01
v 6.68799999e+03 6.80967459e+03 2.65012896e+01
v 6.68799999e+03 6.81123459e+03 2.70510952e+01
v 6.68799999e+03 6.81088497e+03 2.67448084e+01
v 6.68799999e+03 6.80832729e+03 2.46485379e+01
v 6.68799999e+03 6.80841807e+03 2.40701585e+01
v 6.68799999e+03 6.80863479e+03 2.35668176e+01
v 6.68799999e+03 6.80850553e+03 2.39245568e+01
v 6.68799999e+03 6.80849136e+03 2.27726716e+01
v 6.68799999e+03 6.81122451e+03 2.71661915e+01
v 6.68799999e+03 6.81110719e+03 2.73914073e+01
v 6.68799999e+03 6.80896705e+03 3.31100199e+01
v 6.68799999e+03 6.80875195e+03 3.40355840e+01
v 6.68799999e+03 6.81006316e+03 2.63780797e+01
v 6.66561384e+03 6.81299999e+03 1.67725500e+01
v 6.66830954e+03 6.81299999e+03 1.65244112e+01
v 6.63952314e+03 6.81299999e+03 2.37601505e+01
v 6.64037181e+03 6.81299999e+03 2.33096939e+01
v 6.68335819e+03 6.81299999e+03 2.10421737e+01
v 6.68409962e+03 6.81299999e+03 1.95304616e+01
v 6.68206207e+03 6.81299999e+03 2.40693096e+01
v 6.68221416e+03 6.81299999e+03 2.41742830e+01
v 6.66302854e+03 6.81299999e+03 2.28966349e+01
v 6.66330542e+03 6.81299999e+03 2.18382161e+01
v 6.65316001e+03 6.81299999e+03 2.42881888e+01
v 6.65097989e+03 6.81299999e+03 2.55666016e+01
v 6.66185596e+03 6.81299999e+03 2.01690806e+01
v 6.66093811e+03 6.81299999e+03 1.95092364e+01
v 6.66132403e+03 6.81299999e+03 2.79320703e+01
v 6.66136121e+03 6.81299999e+03 2.67071407e+01
v 6.68200526e+03 6.81299999e+03 2.21446450e+01
v 6.68553547e+03 6.81299999e+03 1.76005035e+01
v 6.68563703e+03 6.81299999e+03 1.69682529e+01
v 6.67802481e+03 6.81299999e+03 1.72511527e+01
v 6.67561944e+03 6.81299999e+03 1.71148834e+01
v 6.67012428e+03 6.81299999e+03 1.64456034e+01
v 6.68386649e+03 6.81299999e+03 1.72363477e+01
v 6.68253221e+03 6.81299999e+03 1.70291540e+01
v 6.68039752e+03 6.81299999e+03 1.72504809e+01
v 6.66551384e+03 6.81299999e+03 1.73016216e+01
v 6.67139915e+03 6.81299999e+03 1.69271572e+01
v 6.67024490e+03 6.81299999e+03 1.71390764e+01
v 6.66102179e+03 6.81299999e+03 1.76716690e+01
v 6.66066948e+03 6.81299999e+03 1.86007569e+01
v 6.67454908e+03 6.81299999e+03 1.71792337e+01
v 6.68295482e+03 6.81299999e+03 2.90914848e+01
v 6.68276509e+03 6.81299999e+03 2.94171087e+01
v 6.64001615e+03 6.81299999e+03 2.81652684e+01
v 6.63973052e+03 6.81299999e+03 2.63151235e+01
v 6.63339235e+03 6.81299999e+03 2.39269245e+01
v 6.63337711e+03 6.81299999e+03 2.38209405e+01
v 6.64426206e+03 6.81299999e+03 2.72353058e+01
v 6.64601213e+03 6.81299999e+03 2.79569260e+01
v 6.68184496e+03 6.81299999e+03 2.92918237e+01
v 6.68193042e+03 6.81299999e+03 2.88527445e+01
v 6.65939292e+03 6.81299999e+03 3.12365190e+01
v 6.65927634e+03 6.81299999e+03 3.12407460e+01
v 6.64000474e+03 6.81299999e+03 2.83790791e+01
v 6.63981436e+03 6.81299999e+03 2.86221635e+01
v 6.63794076e+03 6.81299999e+03 3.02247471e+01
v 6.63847222e+03 6.81299999e+03 2.95748675e+01
v 6.68508527e+03 6.81299999e+03 3.70994057e+01
v 6.68624304e+03 6.81299999e+03 3.71673919e+01
v 6.65676966e+03 6.81299999e+03 3.05153902e+01
v 6.65714305e+03 6.81299999e+03 3.05952068e+01
v 6.65361268e+03 6.81299999e+03 3.39976390e+01
v 6.65389832e+03 6.81299999e+03 3.29212498e+01
v 6.65697612e+03 6.81299999e+03 3.10246568e+01
v 6.65647489e+03 6.81299999e+03 3.22096871e+01
v 6.65412081e+03 6.81299999e+03 3.29520205e+01
v 6.65407745e+03 6.81299999e+03 3.29955302e+01
v 6.68186297e+03 6.81299999e+03 2.95021735e+01
v 6.68226201e+03 6.81299999e+03 3.03096884e+01
v 6.68465814e+03 6.81299999e+03 3.36503608e+01
v 6.68457122e+03 6.81299999e+03 3.38602949e+01
v 6.68711996e+03 6.81299999e+03 3.76355093e+01
v 6.68452472e+03 6.81299999e+03 3.41443347e+01
v 6.68455215e+03 6.81299999e+03 3.39719407e+01
v 6.65407364e+03 6.81299999e+03 3.48029807e+01
v 6.65464003e+03 6.81299999e+03 3.48146978e+01
v 6.65408183e+03 6.81299999e+03 3.30346539e+01
v 6.65428333e+03 6.81299999e+03 3.49178548e+01
v 6.63664678e+03 6.81299999e+03 2.91737624e+01
v 6.63636875e+03 6.81299999e+03 2.99528998e+01
v 6.63744960e+03 6.81299999e+03 2.99429441e+01
v 6.63871929e+03 6.81299999e+03 2.93673400e+01
v 6.63638052e+03 6.81299999e+03 2.89013202e+01
v 6.63408117e+03 6.81299999e+03 2.84067487e+01
v 6.63477346e+03 6.81299999e+03 2.86598808e+01
v 6.63381122e+03 6.81299999e+03 2.82026565e+01
v 6.63513199e+03 6.81299999e+03 2.86692754e+01
v 6.63347428e+03 6.81299999e+03 2.72477015e+01
v 6.63337911e+03 6.81299999e+03 2.68596797e+01
v 6.63323003e+03 6.81299999e+03 2.68906418e+01
v 6.66111662e+03 6.81299999e+03 2.89349386e+01
v 6.65973110e+03 6.81299999e+03 3.01020721e+01
v 6.66035185e+03 6.81299999e+03 2.93320546e+01
v 6.65352599e+03 6.81299999e+03 2.86438394e+01
v 6.65316903e+03 6.81299999e+03 2.78139271e+01
v 6.64333214e+03 6.81299999e+03 2.72078401e+01
v 6.65320893e+03 6.81299999e+03 3.09100402e+01
v 6.68227914e+03 6.81299999e+03 3.00856028e+01
v 6.68581754e+03 6.81299999e+03 3.04341125e+01
v 6.68463636e+03 6.81299999e+03 2.96689667e+01
v 6.68461724e+03 6.81299999e+03 2.95740123e+01
v 6.68198062e+03 6.81299999e+03 2.35467889e+01
v 6.66244688e+03 6.81299999e+03 2.53427151e+01
v 6.66192616e+03 6.81299999e+03 2.56645580e+01
v 6.66212793e+03 6.81299999e+03 2.48728281e+01
v 6.68301581e+03 6.81299999e+03 2.64054804e+01
v 6.68282402e+03 6.81299999e+03 2.53558901e+01
v 6.65370243e+03 6.81299999e+03 2.58916038e+01
v 6.64832222e+03 6.81299999e+03 2.49627350e+01
v 6.64940059e+03 6.81299999e+03 2.46928610e+01
v 6.64767914e+03 6.81299999e+03 2.54397153e+01
v 6.64732535e+03 6.81299999e+03 2.54799058e+01
v 6.63892071e+03 6.81299999e+03 2.41557182e+01
v 6.63808384e+03 6.81299999e+03 2.37996914e+01
v 6.64068837e+03 6.81299999e+03 2.34040724e+01
v 6.63072212e+03 6.81299999e+03 2.35312218e+01
v 6.63219885e+03 6.81299999e+03 2.35239331e+01
v 6.63898350e+03 6.81299999e+03 2.49231643e+01
v 6.63273950e+03 6.81299999e+03 2.56098029e+01
v 6.63262876e+03 6.81299999e+03 2.61298996e+01
v 6.64147840e+03 6.81299999e+03 2.49724205e+01
v 6.64256052e+03 6.81299999e+03 2.62294535e+01
v 6.63070803e+03 6.81299999e+03 2.35345811e+01
v 6.63069133e+03 6.81299999e+03 2.35284638e+01
v 6.62796977e+03 6.81299999e+03 2.52413765e+01
v 6.62773543e+03 6.81299999e+03 2.50944344e+01
v 6.62604951e+03 6.81299999e+03 2.49459961e+01
v 6.62561881e+03 6.81299999e+03 2.49733367e+01
v 6.62465557e+03 6.81299999e+03 2.43932885e+01
v 6.62463022e+03 6.81299999e+03 2.43543214e+01
v 6.62473204e+03 6.81299999e+03 2.44357423e+01
v 6.62467602e+03 6.81299999e+03 2.44211358e+01
v 6.68543158e+03 6.81299999e+03 1.80124102e+01
v 6.66515428e+03 6.81299999e+03 1.71624870e+01
v 6.66287819e+03 6.81299999e+03 1.72897838e+01
v 6.64247794e+03 6.81299999e+03 2.64810681e+01
v 6.65019105e+03 6.81299999e+03 2.49558378e+01
v 6.68318478e+03 6.81299999e+03 2.91860860e+01
v 6.62875157e+03 6.81299999e+03 2.33575649e+01
v 6.62857372e+03 6.81299999e+03 2.40319652e+01
v 6.62464668e+03 6.81299999e+03 2.43796163e+01
v 6.62450001e+03 6.81299999e+03 2.42773775e+01
v 6.68797085e+03 6.81299999e+03 3.81205054e+01
v 6.68799999e+03 6.81299999e+03 3.81371179e+01
vt 0.03405169 0.53781408
vt 0.032032382 0.52588737
vt 0.0584445 0.53467357
vt 0.073174052 0.55222589
vt 0.0037947199 0.53638601
vt 0.054465413 0.52403075
vt 0.0038002126 0.55513644
vt 0.0037903434 0.53034461
vt 0.0038005281 0.55608416
vt 0.0041674459 0.51848751
vt 0.0038010566 0.55779362
vt 0.0037868333 0.51869804
vt 0.071327895 0.61697912
vt 0.0037866936 0.51833856
vt 0.13239598 0.59971333
vt 0.0038149506 0.60236937
vt 0.13759138 0.63696861
vt 0.10673224 0.55793202
vt 0.0038272534 0.64519846
vt 0.087926954 0.66978586
vt 0.20572206 0.63322228
vt 0.15466765 0.57370496
vt 0.0038291242 0.65177214
vt 0.15779462 0.67696941
vt 0.21035478 0.58815014
vt 0.18940084 0.58070529
vt 0.10924151 0.71332902
vt 0.043130174 0.70511079
vt 0.24614467 0.60809505
vt 0.19483462 0.69274354
vt 0.17791577 0.73427951
vt 0.0038320362 0.66117382
vt 0.22733645 0.58326912
vt 0.26131278 0.63213211
vt 0.21713974 0.66089934
vt 0.15647395 0.78095353
vt 0.093877561 0.77136433
vt 0.0038415913 0.69235241
vt 0.21988489 0.56497055
vt 0.23739205 0.58498883
vt 0.26684234 0.62141025
vt 0.25354648 0.6738869
vt 0.23459473 0.74823427
vt 0.21295089 0.80223525
vt 0.0038608771 0.74951577
vt 0.0038529916 0.72613573
vt 0.20510498 0.56750131
vt 0.22796892 0.57477534
vt 0.23629379 0.57849121
vt 0.2669051 0.58575082
vt 0.27134392 0.61131382
vt 0.30645725 0.66692358
vt 0.2446347 0.72246373
vt 0.16597691 0.83720368
vt 0.022859121 0.79428858
vt 0.20616029 0.55378854
vt 0.24357846 0.5742631
vt 0.23414612 0.5784893
vt 0.24162789 0.57895029
vt 0.30595538 0.62746614
vt 0.28498849 0.6940434
vt 0.31790406 0.78242069
vt 0.28448224 0.73270905
vt 0.20345551 0.84723425
vt 0.11770736 0.81787211
vt 0.0038676157 0.77413046
vt 0.069709994 0.81046104
vt 0.206641 0.53830904
vt 0.23346743 0.57927537
vt 0.28297672 0.59137082
vt 0.36046425 0.67760646
vt 0.3099815 0.68651491
vt 0.26104397 0.81676733
vt 0.28243673 0.75560951
vt 0.2844696 0.74775696
vt 0.17939845 0.84740978
vt 0.23963137 0.85549986
vt 0.10638508 0.82894135
vt 0.0038719403 0.78968108
vt 0.18843074 0.53453928
vt 0.25557262 0.53409731
vt 0.29702702 0.59724128
vt 0.38747776 0.64757764
vt 0.35216683 0.71814036
vt 0.30409917 0.73490274
vt 0.29398066 0.84363151
vt 0.28277969 0.75086975
vt 0.29420748 0.75516224
vt 0.28564453 0.74832726
vt 0.17142175 0.85006696
vt 0.18997164 0.85302448
vt 0.22460936 0.8663106
vt 0.14749993 0.84181881
vt 0.19036764 0.55439484
vt 0.22219396 0.50331527
vt 0.25338006 0.55539966
vt 0.33322945 0.60762364
vt 0.3556405 0.70147836
vt 0.36479178 0.61682373
vt 0.40330619 0.69109643
vt 0.37144634 0.8105225
vt 0.17279381 0.85988826
vt 0.2375984 0.8644824
vt 0.1772836 0.54651332
vt 0.20863876 0.51422572
vt 0.25518599 0.51736641
vt 0.26156944 0.54782289
vt 0.37351087 0.69453472
vt 0.39772764 0.62708098
vt 0.46518853 0.68010134
vt 0.39213079 0.72658908
vt 0.38054076 0.87022293
vt 0.27265629 0.8669579
vt 0.25165227 0.87053955
vt 0.1805231 0.52822745
vt 0.19311728 0.51371652
vt 0.26167795 0.50330222
vt 0.42879757 0.63847798
vt 0.42284098 0.727238
vt 0.42820501 0.8034972
vt 0.32091656 0.88481307
vt 0.29330266 0.87447882
vt 0.18904015 0.51600599
vt 0.1699784 0.52700776
vt 0.17296526 0.50333136
vt 0.27967224 0.50329363
vt 0.47866112 0.76924479
vt 0.45843655 0.64677584
vt 0.43463454 0.76387852
vt 0.3355253 0.92581707
vt 0.43537718 0.90017325
vt 0.17692029 0.50960422
vt 0.16279471 0.53963614
vt 0.49993443 0.74181271
vt 0.49567601 0.65671778
vt 0.31938478 0.90128082
vt 0.36287868 0.92348683
vt 0.3028321 0.88612652
vt 0.46117863 0.8410365
vt 0.43638209 0.91583014
vt 0.165801 0.5065099
vt 0.15715919 0.52976727
vt 0.49992421 0.70785451
vt 0.49994245 0.76708442
vt 0.49990636 0.66160208
vt 0.4866437 0.80492657
vt 0.31293443 0.8929221
vt 0.36782557 0.91634429
vt 0.3725087 0.95747882
vt 0.48805282 0.92469871
vt 0.16236259 0.51980281
vt 0.15360196 0.53498799
vt 0.48922545 0.69428504
vt 0.49991283 0.67283607
vt 0.49990398 0.65826774
vt 0.36621612 0.92588091
vt 0.33542639 0.96652275
vt 0.49996319 0.83120745
vt 0.4999921 0.91931075
vt 0.45260912 0.94232404
vt 0.41695809 0.93962538
vt 0.16266181 0.50333238
vt 0.14685203 0.5258224
vt 0.49992335 0.70482469
vt 0.49991915 0.69290358
vt 0.49995562 0.80850232
vt 0.49991703 0.68747365
vt 0.34617725 0.99545366
vt 0.49997711 0.87299502
vt 0.49999577 0.93073899
vt 0.49211267 0.96506029
vt 0.4352816 0.93494648
vt 0.40003216 0.95855296
vt 0.36035544 0.9954493
vt 0.32511562 0.99545968
vt 0.49999845 0.94027752
vt 0.50000691 0.96959275
vt 0.46766564 0.97548109
vt 0.44605902 0.95604432
vt 0.44039497 0.97151297
vt 0.15180063 0.50333571
vt 0.48142079 0.97553593
vt 0.42207417 0.99542665
vt 0.14346211 0.51356179
vt 0.49228236 0.98704177
vt 0.44061106 0.99542069
vt 0.40328285 0.99543321
vt 0.13673462 0.5033409
vt 0.48154649 0.99540836
vt 0.45728967 0.99541599
vt 0.39492029 0.99543571
vt 0.46771261 0.99541193
vt 0.74159914 0.73490274
vt 0.73170751 0.75516224
vt 0.67209476 0.74823427
vt 0.79956585 0.87378764
vt 0.79842365 0.85725582
vt 0.83259678 0.85533947
vt 0.82072502 0.89868778
vt 0.77956587 0.88380837
vt 0.8036924 0.91759908
vt 0.85039556 0.87944436
vt 0.78085959 0.91359276
vt 0.76545531 0.85955691
vt 0.83448648 0.93315464
vt 0.86507744 0.85156339
vt 0.76907533 0.88856488
vt 0.80129284 0.94303381
vt 0.88323021 0.86505353
vt 0.86459315 0.90567017
vt 0.77830887 0.96116352
vt 0.73509914 0.86418164
vt 0.81378222 0.96015596
vt 0.90226084 0.84787226
vt 0.86478758 0.94208109
vt 0.76233011 0.95095897
vt 0.74945652 0.90838182
vt 0.84702015 0.95828944
vt 0.88741952 0.88545185
vt 0.91094732 0.86566532
vt 0.89211816 0.91681606
vt 0.7624175 0.96821558
vt 0.73753446 0.93428487
vt 0.8333624 0.97039652
vt 0.91585308 0.89404011
vt 0.91747409 0.84570783
vt 0.86910033 0.95757312
vt 0.90382081 0.93243986
vt 0.78809637 0.97226936
vt 0.74011308 0.96156728
vt 0.71955478 0.90176356
vt 0.88456774 0.96781802
vt 0.92906165 0.87488538
vt 0.88851362 0.95866537
vt 0.77072996 0.97654545
vt 0.71836358 0.94747794
vt 0.70155472 0.9250868
vt 0.72038454 0.87089586
vt 0.93441069 0.84735233
vt 0.93010563 0.93016338
vt 0.91443747 0.95410693
vt 0.76217324 0.9912591
vt 0.71983004 0.96573383
vt 0.6975677 0.89806461
vt 0.69716412 0.87006581
vt 0.94701624 0.86404151
vt 0.94058496 0.90274769
vt 0.73223722 0.98833734
vt 0.72344732 0.9757359
vt 0.69373286 0.96408921
vt 0.69339836 0.94443059
vt 0.6930933 0.92559791
vt 0.93582886 0.92300546
vt 0.93536514 0.96566683
vt 0.93387085 0.94612974
vt 0.7413184 0.99553931
vt 0.69382709 0.96630406
vt 0.69330037 0.93989635
vt 0.69284308 0.90485388
vt 0.69291127 0.87383842
vt 0.94702327 0.91950881
vt 0.69349128 0.96727234
vt 0.69290388 0.89644861
vt 0.69267821 0.87030631
vt 0.94566447 0.93458736
vt 0.69127834 0.97707438
vt 0.94736922 0.94346404
vt 0.63699234 0.6597715
vt 0.61406529 0.66073602
vt 0.61158663 0.63922733
vt 0.63279527 0.62876606
vt 0.6250881 0.67337072
vt 0.60594529 0.64876258
vt 0.6568284 0.63601816
vt 0.63523841 0.68253446
vt 0.57521319 0.64113086
vt 0.66277939 0.66199207
vt 0.64679712 0.66857415
vt 0.61685246 0.67588985
vt 0.60574955 0.69894779
vt 0.66277456 0.65123755
vt 0.55898744 0.68576503
vt 0.65212345 0.674227
vt 0.62422222 0.70379645
vt 0.54482764 0.73154175
vt 0.6627906 0.68528736
vt 0.61479861 0.71303737
vt 0.57714689 0.79170609
vt 0.64985204 0.70785141
vt 0.62402731 0.71182495
vt 0.60512799 0.72984612
vt 0.53006637 0.78950119
vt 0.62768775 0.71083248
vt 0.6627959 0.70134091
vt 0.54686683 0.79790294
vt 0.60049224 0.75377524
vt 0.6449154 0.72460622
vt 0.65836662 0.71475863
vt 0.54949933 0.82951206
vt 0.5281772 0.80326259
vt 0.59006846 0.78029716
vt 0.65286523 0.71435124
vt 0.56686717 0.83195031
vt 0.53123927 0.81191874
vt 0.58182555 0.80593383
vt 0.6543498 0.72566271
vt 0.5741483 0.82904363
vt 0.54583937 0.86630905
vt 0.56731629 0.85097963
vt 0.54554105 0.86624777
vt 0.5479371 0.86697024
vt 0.56425232 0.86451542
vt 0.51380438 0.82954681
vt 0.55837977 0.86720914
vt 0.54478127 0.86610192
vt 0.56074238 0.87113404
vt 0.50428468 0.85801351
vt 0.55871969 0.87020814
vt 0.56822735 0.87186325
vt 0.87719023 0.60139632
vt 0.86872125 0.58411419
vt 0.89552808 0.58423197
vt 0.84682322 0.58391827
vt 0.90071297 0.57078338
vt 0.85873014 0.56312013
vt 0.8504799 0.61439717
vt 0.8243078 0.56015289
vt 0.87137538 0.62778366
vt 0.82291442 0.60898185
vt 0.82074338 0.54502416
vt 0.82579517 0.57998133
vt 0.84606719 0.63340324
vt 0.88021535 0.60897899
vt 0.82781702 0.62900424
vt 0.79927164 0.55201232
vt 0.86595774 0.64218891
vt 0.8926397 0.60516584
vt 0.79834723 0.62981975
vt 0.78987235 0.58436561
vt 0.77278829 0.53410774
vt 0.78637105 0.56013203
vt 0.83685052 0.65327668
vt 0.88280946 0.5949775
vt 0.78515315 0.6161356
vt 0.798765 0.57421029
vt 0.8453781 0.66350269
vt 0.75842005 0.61267698
vt 0.80677831 0.650581
vt 0.77954543 0.59203672
vt 0.77238423 0.54794407
vt 0.85918218 0.66652298
vt 0.81013656 0.66529649
vt 0.75826776 0.61024523
vt 0.75863403 0.61895394
vt 0.77650207 0.64595586
vt 0.75768071 0.58437109
vt 0.7535032 0.53092229
vt 0.84960383 0.677742
vt 0.82922918 0.67686176
vt 0.76586258 0.62590504
vt 0.79588223 0.66055655
vt 0.75382864 0.53802967
vt 0.84088624 0.67432213
vt 0.81030309 0.67675442
vt 0.75641817 0.58714151
vt 0.75888532 0.62373281
vt 0.78684264 0.68691456
vt 0.76035964 0.64061677
vt 0.7705344 0.65319228
vt 0.76060402 0.56002975
vt 0.75451773 0.54845941
vt 0.8226074 0.68379891
vt 0.75621307 0.58438087
vt 0.75943482 0.63031119
vt 0.76995015 0.67594022
vt 0.76031703 0.64531887
vt 0.76063836 0.65860379
vt 0.7561115 0.58236456
vt 0.80702353 0.69322211
vt 0.81242007 0.68795705
vt 0.76813781 0.70444608
vt 0.76058877 0.65762478
vt 0.75517225 0.55809176
vt 0.79406035 0.7000314
vt 0.76092523 0.66201782
vt 0.77865762 0.7156468
vt 0.76213449 0.67531598
vt 0.80839646 0.71034479
vt 0.76625758 0.7194308
vt 0.764907 0.70116627
vt 0.81563985 0.69879121
vt 0.79916662 0.71215475
vt 0.77508521 0.72734463
vt 0.76523793 0.70612836
vt 0.76522708 0.70413232
vt 0.81627381 0.70922667
vt 0.80899638 0.71765
vt 0.79295909 0.7234745
vt 0.78162575 0.73458397
vt 0.76676995 0.72634292
vt 0.7658878 0.7192989
vt 0.80139804 0.72820556
vt 0.77347976 0.74063116
vt 0.76618683 0.72161305
vt 0.766819 0.72776628
vt 0.79396045 0.74554706
vt 0.80651474 0.71674007
vt 0.10821564 0.93921173
vt 0.095113032 0.94336492
vt 0.093552887 0.9381327
vt 0.11005646 0.93192405
vt 0.072481483 0.9252311
vt 0.087835446 0.89512062
vt 0.0832351 0.9573797
vt 0.048363529 0.9074688
vt 0.12502453 0.91223371
vt 0.048287649 0.9620707
vt 0.097164869 0.95054257
vt 0.01915155 0.92703319
vt 0.13199945 0.88156617
vt 0.11418257 0.96310276
vt 0.033244293 0.93667936
vt 0.052391332 0.98080009
vt 0.099838167 0.9637326
vt 0.14860356 0.92715722
vt 0.11066882 0.95477158
vt 0.14124589 0.94364154
vt 0.085408725 0.97371733
vt 0.045797449 0.97263503
vt 0.15639208 0.90595675
vt 0.10802427 0.96408409
vt 0.1531544 0.95207572
vt 0.010378337 0.95625472
vt 0.084525965 0.9783839
vt 0.026192144 0.97162533
vt 0.14446495 0.88670719
vt 0.17403005 0.93373322
vt 0.11238416 0.96991158
vt 0.1570632 0.93898791
vt 0.13700686 0.96355498
vt 0.054807555 0.98541325
vt 0.012704792 0.99301046
vt 0.13796879 0.87663096
vt 0.17024989 0.94184411
vt 0.16116866 0.95535624
vt 0.030650878 0.99542904
vt 0.17720358 0.93893951
vt 0.1735846 0.95262992
vt 0.0053730081 0.98114187
vt 0.17713372 0.94188869
vt 0.0037637667 0.99129772
vt 0.17831941 0.94483232
vt 0.90567905 0.67647457
vt 0.93848187 0.67041469
vt 0.92775607 0.6874885
vt 0.90644759 0.69377267
vt 0.95927364 0.68542159
vt 0.87680727 0.69251382
vt 0.91142321 0.71570766
vt 0.94753569 0.70048618
vt 0.85558408 0.68101954
vt 0.92517447 0.71919262
vt 0.95355177 0.7071799
vt 0.81969982 0.69847769
vt 0.89259309 0.72195494
vt 0.91978627 0.73717713
vt 0.97219181 0.69893628
vt 0.95013046 0.72486138
vt 0.82116771 0.6857577
vt 0.84586233 0.71976709
vt 0.89000028 0.74034977
vt 0.86934388 0.72424924
vt 0.93530935 0.74593484
vt 0.98161316 0.70510054
vt 0.95947206 0.72649837
vt 0.81725198 0.71885455
vt 0.90824437 0.73591387
vt 0.87304437 0.74490964
vt 0.95753342 0.73503888
vt 0.8255797 0.73921347
vt 0.85849518 0.73567927
vt 0.91523361 0.73121619
vt 0.97422266 0.7290082
vt 0.84039623 0.73822588
vt 0.47132778 0.5958001
vt 0.45975572 0.59363139
vt 0.45452273 0.58325708
vt 0.47835732 0.57610714
vt 0.44115546 0.58910763
vt 0.46370405 0.57082784
vt 0.48561665 0.59206843
vt 0.4435403 0.57860911
vt 0.48325336 0.55700779
vt 0.48510355 0.61597979
vt 0.45232567 0.5708375
vt 0.46531275 0.55579156
vt 0.49325603 0.57226443
vt 0.48420087 0.54283404
vt 0.52179188 0.59260654
vt 0.4953956 0.55925465
vt 0.46025053 0.53053987
vt 0.51383215 0.55090141
vt 0.51604319 0.6075654
vt 0.48032966 0.52044249
vt 0.52432334 0.56834126
vt 0.52552712 0.59896064
vt 0.50673878 0.52748495
vt 0.45898244 0.51529479
vt 0.5323025 0.54804134
vt 0.53137255 0.60536218
vt 0.52551001 0.54689038
vt 0.47717574 0.49817079
vt 0.492993 0.48592532
vt 0.53597909 0.56015259
vt 0.52143723 0.61189485
vt 0.52442288 0.5327521
vt 0.45936573 0.49492973
vt 0.50705349 0.47639865
vt 0.53853345 0.54794037
vt 0.52927476 0.61487067
vt 0.51745796 0.6203205
vt 0.52738726 0.52690125
vt 0.53513527 0.53147465
vt 0.48576206 0.47945035
vt 0.46984509 0.48674035
vt 0.5305239 0.51297009
vt 0.52538544 0.61852902
vt 0.53475308 0.61004674
vt 0.52668726 0.48819762
vt 0.51998842 0.62081456
vt 0.47134057 0.47960943
vt 0.538728 0.50039947
vt 0.53781879 0.52117777
vt 0.54460579 0.48945653
vt 0.5495944 0.51592922
vt 0.55164945 0.50572097
vt 0.59981471 0.83224261
vt 0.61093765 0.82869446
vt 0.61591274 0.85174882
vt 0.60057706 0.86748338
vt 0.63844579 0.83623648
vt 0.61593157 0.88931668
vt 0.63615191 0.85358399
vt 0.60024691 0.89298218
vt 0.62852108 0.86957473
vt 0.64587134 0.83807856
vt 0.6157226 0.91977352
vt 0.63757968 0.87945718
vt 0.63677937 0.8651666
vt 0.60001612 0.92080569
vt 0.63583982 0.91040295
vt 0.64276654 0.87085652
vt 0.61529481 0.93661177
vt 0.6390034 0.92376173
vt 0.6358043 0.94002324
vt 0.59874821 0.94264287
vt 0.61662602 0.94949698
vt 0.6361354 0.96082556
vt 0.59676635 0.96438515
vt 0.61868948 0.96431738
vt 0.73204494 0.63127291
vt 0.7291224 0.61779743
vt 0.75137317 0.61131239
vt 0.75077212 0.63859171
vt 0.70938569 0.62599957
vt 0.73262584 0.60599613
vt 0.72296309 0.6354903
vt 0.70582867 0.63451755
vt 0.70458865 0.61457789
vt 0.75189948 0.58627546
vt 0.72162002 0.60858834
vt 0.73331112 0.65089583
vt 0.72412258 0.5888896
vt 0.74985266 0.66020781
vt 0.70721632 0.64868426
vt 0.73196167 0.58404839
vt 0.70567298 0.59668183
vt 0.73424572 0.66078055
vt 0.700185 0.63574827
vt 0.70708877 0.65883541
vt 0.70431834 0.58642805
vt 0.73236269 0.57272637
vt 0.75237066 0.68259299
vt 0.75048667 0.55158502
vt 0.70702052 0.57623911
vt 0.69202316 0.58708143
vt 0.72580624 0.66986609
vt 0.73582065 0.55151129
vt 0.72395521 0.55314463
vt 0.72597206 0.65740806
vt 0.72939414 0.68271917
vt 0.69760662 0.55797625
vt 0.72158384 0.67910326
vt 0.71862894 0.65333092
vt 0.15612897 0.96583092
vt 0.16347207 0.96990806
vt 0.16330622 0.98236609
vt 0.15612897 0.96583092
vt 0.15908386 0.99160331
vt 0.13086826 0.99624097
vt 0.13547722 0.97254121
vt 0.66786301 0.4955532
vt 0.66768628 0.50855607
vt 0.64739394 0.4940629
vt 0.65134662 0.50914538
vt 0.6379202 0.50861502
vt 0.61510932 0.48861265
vt 0.61893988 0.51599568
vt 0.64123619 0.53010154
vt 0.60781527 0.49669367
vt 0.66194689 0.5155735
vt 0.6185075 0.54474294
vt 0.60449237 0.51552892
vt 0.65565717 0.52917397
vt 0.64228064 0.56358397
vt 0.67312056 0.52102286
vt 0.6577459 0.54217321
vt 0.63004887 0.57600409
vt 0.59598982 0.5424853
vt 0.67309737 0.52749562
vt 0.67318439 0.51611006
vt 0.67118454 0.53814048
vt 0.65884507 0.5524236
vt 0.61443925 0.56766981
vt 0.63533694 0.60153651
vt 0.60937893 0.54977548
vt 0.67317224 0.49990171
vt 0.65795887 0.56950521
vt 0.61316091 0.6062007
vt 0.65964752 0.59768289
vt 0.59671289 0.55395287
vt 0.67335802 0.53618467
vt 0.67335957 0.54051083
vt 0.66865093 0.56281626
vt 0.65715075 0.58006352
vt 0.6077435 0.57497877
vt 0.59545368 0.56545424
vt 0.66161859 0.61121231
vt 0.62111145 0.6193794
vt 0.58478767 0.54629719
vt 0.67343104 0.53793496
vt 0.67316276 0.49731934
vt 0.67309171 0.5515188
vt 0.67319953 0.56902599
vt 0.67300057 0.57342088
vt 0.59948701 0.5919863
vt 0.66480553 0.59613973
vt 0.67073768 0.60056394
vt 0.66517377 0.62165797
vt 0.58148283 0.61704409
vt 0.57231522 0.54831481
vt 0.57234305 0.53962004
vt 0.67336071 0.55887353
vt 0.67348808 0.56256592
vt 0.67297691 0.57569325
vt 0.59068739 0.57804912
vt 0.58121866 0.59555972
vt 0.67351544 0.59243011
vt 0.67298192 0.60110706
vt 0.67303526 0.60968006
vt 0.59509939 0.56054139
vt 0.58532339 0.53839433
vt 0.67331576 0.58308518
vt 0.58554065 0.5864982
vt 0.67299056 0.59985548
vt 0.67318541 0.6177243
vt 0.56618315 0.60152078
vt 0.57169116 0.58633035
vt 0.67323065 0.62172461
vt 0.21462944 0.94621718
vt 0.23145603 0.93767327
vt 0.23020752 0.96208572
vt 0.21051523 0.95670992
vt 0.20617248 0.97129565
vt 0.19863351 0.95481706
vt 0.22127689 0.96971625
vt 0.20116273 0.96209526
vt 0.2408496 0.97098553
vt 0.20672092 0.97553021
vt 0.19318604 0.97310507
vt 0.19243124 0.95767778
vt 0.23647051 0.9822439
vt 0.24454698 0.95939463
vt 0.21550447 0.98732483
vt 0.25109372 0.97170454
vt 0.23963799 0.95224845
vt 0.20044047 0.99650466
vt 0.19116038 0.98722595
vt 0.24576445 0.94061482
vt 0.22915202 0.95431036
vt 0.25405157 0.95846391
vt 0.25324422 0.95252538
vt 0.2641516 0.93317157
vt 0.23823233 0.92930198
vt 0.25948256 0.92315722
vt 0.27345639 0.91755611
vt 0.26721489 0.93749148
vt 0.27846247 0.92863107
vt 0.28399566 0.92534852
vt 0.28461543 0.94234723
vt 0.26963693 0.94808495
vt 0.29170525 0.93180931
vt 0.27919903 0.95966053
vt 0.2958945 0.9441098
vt 0.29853952 0.92253023
vt 0.29024011 0.95575947
vt 0.30344015 0.94034266
vt 0.27987736 0.96459413
vt 0.29712418 0.96735018
vt 0.30954632 0.92183882
vt 0.30570194 0.95126837
vt 0.3151103 0.93915653
vt 0.31104502 0.95845425
vt 0.3780185 0.60758054
vt 0.38065597 0.5922519
vt 0.39134595 0.60671943
vt 0.39915428 0.58511841
vt 0.37907484 0.58587259
vt 0.39721429 0.60246426
vt 0.40103939 0.57508385
vt 0.41082099 0.59589684
vt 0.38440973 0.57324183
vt 0.4057323 0.58391881
vt 0.41868728 0.5792377
vt 0.40436363 0.60535121
vt 0.39606476 0.56957179
vt 0.41583332 0.57882613
vt 0.42398426 0.59306467
vt 0.41307312 0.61300504
vt 0.40890071 0.56057447
vt 0.41831851 0.56942093
vt 0.43122247 0.60695165
vt 0.41039076 0.57015991
vt 0.39900428 0.55168951
vt 0.4248825 0.5742836
vt 0.42324099 0.62042129
vt 0.40910056 0.54541022
vt 0.42349681 0.56398749
vt 0.41898093 0.55748177
vt 0.41544524 0.54966402
vt 0.39818758 0.54260021
vt 0.43093973 0.57375598
vt 0.41466802 0.53931761
vt 0.43792304 0.56199265
vt 0.43127629 0.58350044
vt 0.42647851 0.55501503
vt 0.43139794 0.54858404
vt 0.3986204 0.53607452
vt 0.41984874 0.58748752
vt 0.42983016 0.53421569
vt 0.41227058 0.52518153
vt 0.42903641 0.59204555
vt 0.42562714 0.52781439
vt 0.44236055 0.54750192
vt 0.42321175 0.51860148
vt 0.43656588 0.52295953
vt 0.44198745 0.53000015
vt 0.41525573 0.51281077
vt 0.4067609 0.50538361
vt 0.42877048 0.50609469
vt 0.44723436 0.52368653
vt 0.41477063 0.50687468
vt 0.40102407 0.51393497
vt 0.44448987 0.51243138
vt 0.43414727 0.50129676
vt 0.4533132 0.50669456
vt 0.43801045 0.4981153
vt 0.54484874 0.96248752
vt 0.54083335 0.95382613
vt 0.54988247 0.9492836
vt 0.78581572 0.79196155
vt 0.79703903 0.7715162
vt 0.79741341 0.79309201
vt 0.78110474 0.77132887
vt 0.81119245 0.79559195
vt 0.78528923 0.75929821
vt 0.77274013 0.79427981
vt 0.81489229 0.76957738
vt 0.76793176 0.76751995
vt 0.80731434 0.75280374
vt 0.81940919 0.78586805
vt 0.77339953 0.75425804
vt 0.79612762 0.74735916
vt 0.75345188 0.78238666
vt 0.81720859 0.75085801
vt 0.82628453 0.77346432
vt 0.82171911 0.7995615
vt 0.76021355 0.76700461
vt 0.83249718 0.75589681
vt 0.825028 0.79020458
vt 0.83726525 0.78192347
vt 0.85209137 0.76209873
vt 0.84744263 0.75059152
vt 0.83688205 0.79895473
vt 0.85588485 0.77926606
vt 0.85858345 0.74926293
vt 0.85515875 0.79930973
vt 0.82695168 0.80771989
vt 0.86715961 0.75650167
vt 0.8702867 0.79186046
vt 0.69139934 0.87031263
vt 0.68213505 0.87056863
vt 0.6795367 0.85202265
vt 0.69568634 0.84843969
vt 0.69018549 0.84066117
vt 0.70263112 0.85413176
vt 0.6716131 0.82890427
vt 0.70430988 0.84607106
vt 0.70588315 0.86220378
vt 0.70932972 0.8441962
vt 0.68790478 0.81776255
vt 0.66670591 0.84104919
vt 0.71000254 0.86112404
vt 0.70599842 0.83406508
vt 0.67500287 0.81487185
vt 0.65925467 0.83668697
vt 0.72838223 0.8566848
vt 0.70550352 0.82207125
vt 0.65967053 0.81860536
vt 0.71624786 0.832335
vt 0.70219809 0.81350929
vt 0.7158919 0.81907737
vt 0.65307498 0.81285048
vt 0.64866841 0.82951999
vt 0.7374866 0.84674746
vt 0.73590398 0.8216238
vt 0.72303522 0.81292099
vt 0.63668793 0.82640326
vt 0.63984323 0.81694126
vt 0.74397612 0.81342965
vt 0.62904596 0.81575179
vt 0.3475242 0.54796505
vt 0.3449918 0.53876388
vt 0.36277142 0.54618096
vt 0.33520585 0.54262543
vt 0.35726219 0.53189278
vt 0.34233379 0.5221284
vt 0.34091625 0.55501842
vt 0.36982626 0.52234614
vt 0.32684526 0.51940155
vt 0.33152115 0.55796313
vt 0.36371434 0.51109207
vt 0.31780908 0.53624856
vt 0.32730305 0.55243605
vt 0.37718865 0.50723457
vt 0.31634507 0.54295796
vt 0.31689361 0.52823317
vt 0.35672903 0.49194747
vt 0.3719635 0.49605775
vt 0.31907892 0.5119651
vt 0.32990992 0.48296613
vt 0.31567776 0.54406703
vt 0.37963915 0.48654389
vt 0.31805709 0.4947896
vt 0.33926201 0.4783141
vt 0.31918976 0.48800015
vt 0.3261508 0.46832383
vt 0.35667914 0.4780435
vt 0.32866022 0.46277153
vt 0.3565824 0.4644357
vt 0.37453118 0.46466237
vt 0.33117661 0.45990485
vt 0.33916003 0.46567881
vt 0.13216838 0.50457168
vt 0.13268976 0.48551559
vt 0.1483591 0.46414143
vt 0.10273642 0.52303714
vt 0.13396637 0.46832812
vt 0.12811889 0.52835989
vt 0.10929123 0.49208272
vt 0.14607905 0.46015561
vt 0.12062345 0.48000944
vt 0.12652507 0.54370153
vt 0.092300013 0.51607436
vt 0.1093054 0.5501461
vt 0.094471753 0.53776121
vt 0.096985124 0.49142718
vt 0.10586735 0.47324854
vt 0.075862721 0.50166565
vt 0.094742969 0.55864406
vt 0.079700485 0.5178771
vt 0.079752609 0.4763369
vt 0.092142008 0.48133618
vt 0.068152189 0.52177596
vt 0.066148266 0.48182541
vt 0.069591008 0.47533292
vt 0.86717832 0.52288157
vt 0.87596893 0.52341676
vt 0.87109417 0.53416121
vt 0.85897398 0.54292446
vt 0.86154318 0.556862
vt 0.85702491 0.53303003
vt 0.87673986 0.54660153
vt 0.85532737 0.52463531
vt 0.86808872 0.55946195
vt 0.85684168 0.51871753
vt 0.86719424 0.51069176
vt 0.85885215 0.50693536
vt 0.86562854 0.4947474
vt 0.85237604 0.51309156
vt 0.85717601 0.49428385
vt 0.87848753 0.49922979
vt 0.85092258 0.50347161
vt 0.85757464 0.48379505
vt 0.88127422 0.48482168
vt 0.8761397 0.51021224
vt 0.83935058 0.50936258
vt 0.84020352 0.48663986
vt 0.85033959 0.48360795
vt 0.87384582 0.47680897
vt 0.89526063 0.49520111
vt 0.84737456 0.52081144
vt 0.82921523 0.4954533
vt 0.85135591 0.47688711
vt 0.84003615 0.46230459
vt 0.84791446 0.47052246
vt 0.81617755 0.48829854
vt 0.85077029 0.46337169
vt 0.82462382 0.5027982
vt 0.82487792 0.47382307
vt 0.82402754 0.50944865
vt 0.55666786 0.92755342
vt 0.55453765 0.92000061
vt 0.56826466 0.9252038
vt 0.56447095 0.95092082
vt 0.56163609 0.91196465
vt 0.56745535 0.96704721
vt 0.57704645 0.94645768
vt 0.55388916 0.90120882
vt 0.54986662 0.94420552
vt 0.54452175 0.90314537
vt 0.54953802 0.96693927
vt 0.58095425 0.96479344
vt 0.54188931 0.91669548
vt 0.56762874 0.99122614
vt 0.57801777 0.98226637
vt 0.53576922 0.90307975
vt 0.54670966 0.98230064
vt 0.56257182 0.9960047
vt 0.027183305 0.8688823
vt 0.013729818 0.85524631
vt 0.014797979 0.84924662
vt 0.03085788 0.84512615
vt 0.0034838102 0.85328144
vt 0.027086478 0.81165957
vt 0.035734951 0.85652292
vt 0.011373284 0.83579242
vt 0.049965743 0.81569517
vt 0.05076246 0.83061451
vt 0.003350897 0.8387295
vt 0.058689218 0.82543373
vt 0.058198128 0.84722352
vt 0.076682866 0.82617408
vt 0.051870342 0.86284572
vt 0.046765454 0.81405187
vt 0.076740004 0.85275477
vt 0.06737671 0.86020494
vt 0.044173971 0.87019968
vt 0.092133008 0.8406902
vt 0.054524146 0.87061077
vt 0.092814095 0.86349672
vt 0.089182898 0.82455999
vt 0.094311148 0.86298096
vt 0.098608479 0.8382839
vt 0.096942782 0.84620667
vt 0.099097334 0.83110243
vt 0.098460227 0.82610643
vt 0.65058041 0.7623505
vt 0.67904717 0.76275849
vt 0.66254258 0.78626138
vt 0.63534874 0.77431965
vt 0.65264261 0.75858587
vt 0.70449263 0.80000365
vt 0.63791496 0.79138583
vt 0.68478751 0.7503866
vt 0.63173509 0.74702334
vt 0.72143757 0.78126097
vt 0.68931758 0.8045975
vt 0.66002035 0.79862469
vt 0.66019982 0.74228865
vt 0.62981516 0.75610459
vt 0.71562892 0.79509175
vt 0.72235441 0.77984446
vt 0.67400181 0.79672807
vt 0.63406169 0.76308042
vt 0.71088994 0.80771387
vt 0.68652523 0.75874722
vt 0.63963914 0.76767433
vt 0.7226122 0.77671105
vt 0.69863629 0.75584197
vt 0.077976555 0.40464973
vt 0.089410946 0.40530032
vt 0.080684759 0.41673064
vt 0.068684943 0.40606475
vt 0.061483078 0.41616112
vt 0.063260853 0.42483705
vt 0.053154051 0.42619962
vt 0.04719469 0.41876578
vt 0.038853016 0.43063706
vt 0.055124383 0.43446177
vt 0.038997464 0.43962395
vt 0.053038221 0.44903994
vt 0.024898112 0.42799073
vt 0.041246966 0.45303166
vt 0.027555915 0.44064438
vt 0.03236245 0.44546878
vt 0.047057908 0.46119034
vt 0.015995111 0.44540364
vt 0.031126715 0.45745504
vt 0.042162698 0.47652435
vt 0.059740562 0.45617932
vt 0.0034585681 0.43780744
vt 0.061743796 0.47022963
vt 0.021871427 0.47115332
vt 0.055652659 0.48152757
vt 0.030015767 0.47633016
vt 0.041420542 0.48897719
vt 0.032386851 0.49616998
vt 0.02356571 0.48908591
vt 0.92351025 0.78226668
vt 0.91821104 0.78826213
vt 0.90081072 0.78068876
vt 0.90443116 0.77340317
vt 0.90915811 0.79864281
vt 0.89252728 0.78848255
vt 0.93012679 0.77568662
vt 0.8807677 0.7873261
vt 0.92170894 0.76848161
vt 0.89399278 0.80896699
vt 0.89179552 0.75897443
vt 0.9074716 0.76208901
vt 0.9429912 0.766307
vt 0.87921095 0.77122432
vt 0.91430068 0.75892138
vt 0.94020176 0.78003955
vt 0.94333392 0.75891638
vt 0.9079802 0.75016391
vt 0.91952473 0.75726342
vt 0.95376509 0.76783216
vt 0.92929536 0.75400388
vt 0.74463189 0.48469502
vt 0.75409704 0.48412579
vt 0.74418181 0.49741715
vt 0.724105 0.48389477
vt 0.75791132 0.49963975
vt 0.73787141 0.50874358
vt 0.75033242 0.50492609
vt 0.74376518 0.51270318
vt 0.72655714 0.50119793
vt 0.72633439 0.53141874
vt 0.72001463 0.50947589
vt 0.70194018 0.49645138
vt 0.74025214 0.5295397
vt 0.70560116 0.52264047
vt 0.73340172 0.54035521
vt 0.70735997 0.51612061
vt 0.7115804 0.54734248
vt 0.74418324 0.54358745
vt 0.69382882 0.50815868
vt 0.69067186 0.54965305
vt 0.69160122 0.49399698
vt 0.69279194 0.50989258
vt 0.69116127 0.54626083
vt 0.6977163 0.55691779
vt 0.69145781 0.5049181
vt 0.69627672 0.51932049
vt 0.69192261 0.50902021
vt 0.69737142 0.52757049
vt 0.69077444 0.55129915
vt 0.6930545 0.55773592
vt 0.50835818 0.91119039
vt 0.50455856 0.89329773
vt 0.517308 0.9066785
vt 0.51321536 0.91252911
vt 0.51621675 0.89558351
vt 0.51634854 0.92698401
vt 0.5301196 0.911654
vt 0.53548855 0.92528945
vt 0.5043506 0.92344505
vt 0.52600008 0.93552744
vt 0.5139932 0.93969524
vt 0.53380251 0.93345261
vt 0.53090185 0.94634283
vt 0.54323065 0.93137085
vt 0.53044689 0.96509421
vt 0.53687555 0.94060808
vt 0.52311331 0.96113628
vt 0.54613775 0.94136566
vt 0.51306754 0.95166683
vt 0.67991257 0.96302956
vt 0.67496061 0.96165866
vt 0.67753649 0.94979042
vt 0.68709308 0.95399505
vt 0.66995376 0.95719904
vt 0.67138946 0.93538457
vt 0.68853229 0.96470314
vt 0.66001159 0.95171607
vt 0.69076174 0.93748045
vt 0.65959555 0.94027513
vt 0.68003726 0.92167985
vt 0.66113716 0.93213481
vt 0.69178164 0.91137004
vt 0.66098666 0.93073356
vt 0.6850844 0.89746362
vt 0.66293806 0.91813469
vt 0.67024785 0.90123701
vt 0.66435975 0.90451342
vt 0.67667508 0.89266366
vt 0.66493183 0.90268612
vt 0.88275838 0.64104545
vt 0.87869561 0.62794352
vt 0.88970053 0.62971348
vt 0.89119649 0.64426267
vt 0.88496739 0.61673969
vt 0.89807659 0.64420426
vt 0.90316343 0.62343836
vt 0.89106667 0.60744715
vt 0.91944492 0.62854254
vt 0.91446197 0.60333526
vt 0.92159957 0.64342344
vt 0.91860062 0.6141783
vt 0.93349648 0.62750185
vt 0.92561072 0.6514833
vt 0.93087995 0.61688501
vt 0.93996775 0.63229716
vt 0.94486499 0.6227628
vt 0.94490099 0.62286079
vt 0.94526732 0.64705205
vt 0.94108963 0.61415458
vt 0.94494373 0.62292826
vt 0.94990301 0.63336432
vt 0.95035684 0.63765192
vt 0.95189935 0.64699554
vt 0.74587399 0.99628115
vt 0.69482422 0.99637413
vt 0.67636961 0.98294961
vt 0.19995958 0.93445855
vt 0.20629461 0.92708254
vt 0.21449846 0.93024313
vt 0.19043604 0.92040294
vt 0.21033649 0.91672069
vt 0.23138444 0.92107463
vt 0.19766343 0.91075099
vt 0.22608189 0.90778494
vt 0.21446891 0.91385639
vt 0.24418856 0.89958584
vt 0.24302775 0.91238338
vt 0.23594896 0.89059228
vt 0.21189044 0.88869321
vt 0.25823429 0.90988982
vt 0.24106334 0.92302459
vt 0.2479727 0.88874656
vt 0.25639597 0.89827645
vt 0.22103669 0.88139915
vt 0.25839016 0.88438123
vt 0.90767205 0.54760075
vt 0.91557622 0.55701941
vt 0.90758264 0.55912358
vt 0.92239964 0.54555476
vt 0.91576493 0.53454745
vt 0.91031396 0.52894938
vt 0.92816049 0.52803218
vt 0.8957414 0.53485811
vt 0.93980646 0.54064703
vt 0.92080981 0.5268243
vt 0.88400596 0.52786654
vt 0.94161981 0.51808941
vt 0.91573417 0.52104509
vt 0.92218328 0.51719117
vt 0.88772565 0.53672969
vt 0.89212948 0.51147997
vt 0.92693818 0.50901514
vt 0.8786391 0.51374698
vt 0.90541542 0.51038516
vt 0.91104287 0.51336968
vt 0.9225992 0.50131071
vt 0.88745099 0.5031364
vt 0.91046911 0.4956587
vt 0.29032451 0.99095851
vt 0.29891104 0.9817661
vt 0.31100196 0.9955461
vt 0.25759923 0.9810276
vt 0.31627893 0.99066085
vt 0.25321427 0.96808922
vt 0.3162775 0.9803983
vt 0.31627813 0.9948681
vt 0.29530576 0.96807498
vt 0.31627306 0.96966487
vt 0.30930096 0.96806872
vt 0.31627208 0.96806705
vt 0.19129792 0.99489117
vt 0.18267219 0.99575961
vt 0.1862324 0.96863425
vt 0.1851615 0.93574846
vt 0.18435183 0.93463421
vt 0.19284023 0.93449938
vt 0.18083841 0.99632174
vt 0.17487389 0.99428254
vt 0.17799021 0.93717158
vt 0.18122534 0.93583739
vt 0.77024561 0.99539661
vt 0.78167343 0.99110413
vt 0.82985836 0.98846865
vt 0.77880859 0.98856163
vt 0.77998352 0.98799133
vt 0.77997088 0.97294348
vt 0.94303465 0.96954763
vt 0.94167149 0.955037
vt 0.95763022 0.95121771
vt 0.95456052 0.97402495
vt 0.94548512 0.94479877
vt 0.96824789 0.97210473
vt 0.95799953 0.98273051
vt 0.97469819 0.96157658
vt 0.96627396 0.99599218
vt 0.94870973 0.99102861
vt 0.97869939 0.94054031
vt 0.97790837 0.98042303
vt 0.96990544 0.93472725
vt 0.94219011 0.83181477
vt 0.96767575 0.81083816
vt 0.95714128 0.82886589
vt 0.95543098 0.83589768
vt 0.97186786 0.82521451
vt 0.95327866 0.84769124
vt 0.96388263 0.83677447
vt 0.94388437 0.85096425
vt 0.98206514 0.82921582
vt 0.94169968 0.83298904
vt 0.94839615 0.85724032
vt 0.96735346 0.85175079
vt 0.97691989 0.84514719
vt 0.95991153 0.86063957
vt 0.98424315 0.83821321
vt 0.95181346 0.86412346
vt 0.96803015 0.8568359
vt 0.98443794 0.83894479
vt 0.95512938 0.87095964
vt 0.96766174 0.86844701
vt 0.98123932 0.84811306
vt 0.96121633 0.86709738
vt 0.96899122 0.86805242
vt 0.95524293 0.87119383
vt 0.96657997 0.86953801
vt 0.97240698 0.85984325
vt 0.16477032 0.8902216
vt 0.17718354 0.88394707
vt 0.16774014 0.89434958
vt 0.17484182 0.87328112
vt 0.18111198 0.89788258
vt 0.17969994 0.88514316
vt 0.16056825 0.90663844
vt 0.18512563 0.89196664
vt 0.17269114 0.91037345
vt 0.18962787 0.90101916
vt 0.19134097 0.91420257
vt 0.1665474 0.92066014
vt 0.19127075 0.91579837
vt 0.18210013 0.92350674
vt 0.17406391 0.93362617
vt 0.19011948 0.91790146
vt 0.17879499 0.93277293
vt 0.18350185 0.92518085
vt 0.1820085 0.92711389
vt 0.54769731 0.66232902
vt 0.54062742 0.66872454
vt 0.54493588 0.64002228
vt 0.56252921 0.65912509
vt 0.52861863 0.63888597
vt 0.56306541 0.64409983
vt 0.51958138 0.64516926
vt 0.50321478 0.63856697
vt 0.53918976 0.68304765
vt 0.50861651 0.63541776
vt 0.52493304 0.64397663
vt 0.60584772 0.77863246
vt 0.61387378 0.79006863
vt 0.60995829 0.80859011
vt 0.59748489 0.80758125
vt 0.61955893 0.78194851
vt 0.62015235 0.7984792
vt 0.61177361 0.77612126
vt 0.60357332 0.74918759
vt 0.63311201 0.79006302
vt 0.60900933 0.75819731
vt 0.62919474 0.78234565
vt 0.59488946 0.93049586
vt 0.5872817 0.92366207
vt 0.59359294 0.90855074
vt 0.57952642 0.9327262
vt 0.57962292 0.90713024
vt 0.59104055 0.8904072
vt 0.56727213 0.92309123
vt 0.57397765 0.89179593
vt 0.574467 0.87509525
vt 0.59265131 0.87886441
vt 0.027768664 0.9095127
vt 0.039037745 0.89266992
vt 0.036160905 0.91632634
vt 0.010511463 0.90100306
vt 0.037772659 0.9151994
vt 0.0199662 0.90865093
vt 0.02196979 0.88916481
vt 0.04113584 0.89562243
vt 0.012890096 0.91568094
vt 0.038571071 0.88481879
vt 0.042038832 0.89337415
vt 0.0076882998 0.91830617
vt 0.022082476 0.92229921
vt 0.04368218 0.88733852
vt 0.02041728 0.87721682
vt 0.046435244 0.87977469
vt 0.016913408 0.92663825
vt 0.011380224 0.93415052
vt 0.0030576168 0.93175161
vt 0.51939046 0.87270677
vt 0.52260393 0.86510432
vt 0.53414708 0.86728299
vt 0.52613217 0.88518846
vt 0.53629273 0.88664752
vt 0.52152431 0.89276212
vt 0.53914803 0.87408209
vt 0.53378308 0.9015156
vt 0.51326263 0.88449407
vt 0.55037421 0.87667793
vt 0.54719365 0.89241177
vt 0.50317818 0.88925236
vt 0.50367498 0.87904513
vt 0.55910367 0.8895005
vt 0.84767127 0.81853008
vt 0.85271907 0.82550192
vt 0.85406339 0.83725059
vt 0.8617568 0.82338333
vt 0.86153024 0.84056318
vt 0.86224234 0.81192648
vt 0.87605524 0.82006139
vt 0.86852354 0.83392203
vt 0.86213458 0.80363452
vt 0.88223946 0.79732811
vt 0.873528 0.7860828
vt 0.95463443 0.78198498
vt 0.96602452 0.79481775
vt 0.94847322 0.78736734
vt 0.96767193 0.77002686
vt 0.94200301 0.79371321
vt 0.9851346 0.76701999
vt 0.95157689 0.77263713
vt 0.95626915 0.80813813
vt 0.98517096 0.7670387
vt 0.98498785 0.7580179
vt 0.97188294 0.75330305
vt 0.98081493 0.75632852
vt 0.97220182 0.75308472
vt 0.67624587 0.71245152
vt 0.68166548 0.70202917
vt 0.68356466 0.71285129
vt 0.67912918 0.72500491
vt 0.67119181 0.70207655
vt 0.6963557 0.70356435
vt 0.67149007 0.72868174
vt 0.68706733 0.72368866
vt 0.66710472 0.71190226
vt 0.69231808 0.69851106
vt 0.70061064 0.70796168
vt 0.67197222 0.73763931
vt 0.68588257 0.72969389
vt 0.6833145 0.69607878
vt 0.70500344 0.69668067
vt 0.66096151 0.72394061
vt 0.69511795 0.72469532
vt 0.68077028 0.73816919
vt 0.70666122 0.71882963
vt 0.69276315 0.74194324
vt 0.67641348 0.74638331
vt 0.70279455 0.73137569
vt 0.6823175 0.74645567
vt 0.71347517 0.72440553
vt 0.9508636 0.6671294
vt 0.99422312 0.65845156
vt 0.95071334 0.6738556
vt 0.94273776 0.67223454
vt 0.96702409 0.65628439
vt 0.97247577 0.6830672
vt 0.94190675 0.66793919
vt 0.97231239 0.65064633
vt 0.97038829 0.64112282
vt 0.51820058 0.73500305
vt 0.52066118 0.7245518
vt 0.5296849 0.7249952
vt 0.5371123 0.74613398
vt 0.51010168 0.73539084
vt 0.53484225 0.7633993
vt 0.5099352 0.7387023
vt 0.51026392 0.73039514
vt 0.51521432 0.77766538
vt 0.50779313 0.75233543
vt 0.50660217 0.76503086
vt 0.50442547 0.7755124
vt 0.74105603 0.76905298
vt 0.7321738 0.7611286
vt 0.73945779 0.75542963
vt 0.74811864 0.76320857
vt 0.73741722 0.77729714
vt 0.72628397 0.75562322
vt 0.72271711 0.76378822
vt 0.72370988 0.78715491
vt 0.73523378 0.80331498
vt 0.73671681 0.80267698
vt 0.72726363 0.80456275
vt 0.7459563 0.7980808
vt 0.7340076 0.80508804
vt 0.7308681 0.80911815
vt 0.94599497 0.60668397
vt 0.95558816 0.60095251
vt 0.96208179 0.60913813
vt 0.94943434 0.61435926
vt 0.95256793 0.59077626
vt 0.97320396 0.60430408
vt 0.96141088 0.61626112
vt 0.97008222 0.59301186
vt 0.94147956 0.59413123
vt 0.97187644 0.62015182
vt 0.96298391 0.57431179
vt 0.9460721 0.57835114
vt 0.98018503 0.59654397
vt 0.98013026 0.61464041
vt 0.98287022 0.5833565
vt 0.98096949 0.59184015
vt 0.98494697 0.56999803
vt 0.96098173 0.54952741
vt 0.94493723 0.53195107
vt 0.96199739 0.52433813
vt 0.98180592 0.54505301
vt 0.94142985 0.55923378
vt 0.94329441 0.52484882
vt 0.98551577 0.5279935
vt 0.9578318 0.52222478
vt 0.99211639 0.51935673
vt 0.98441732 0.51219344
vt 0.87752873 0.98332894
vt 0.86190414 0.98019367
vt 0.87346792 0.97055459
vt 0.88264191 0.978082
vt 0.86359501 0.99529749
vt 0.8573851 0.97737467
vt 0.84415859 0.99305445
vt 0.83921224 0.97921264
vt 0.83218497 0.99088341
vt 0.53535736 0.60509956
vt 0.53425133 0.59021032
vt 0.53955823 0.59145117
vt 0.54804534 0.59243417
vt 0.54618627 0.58096325
vt 0.5462234 0.61306214
vt 0.55549663 0.58339101
vt 0.55642146 0.60430062
vt 0.55379653 0.57445669
vt 0.5562973 0.61472154
vt 0.55831796 0.57164311
vt 0.560121 0.59316713
vt 0.56268203 0.61218679
vt 0.55915594 0.57489228
vt 0.560453 0.601161
vt 0.56006366 0.58372867
vt 0.56168389 0.60535419
vt 0.56322438 0.62138546
vt 0.56273705 0.62201309
vt 0.89560664 0.97115433
vt 0.90604413 0.9916895
vt 0.890571 0.97934997
vt 0.88830984 0.97213668
vt 0.91684532 0.97353059
vt 0.89727706 0.99669915
vt 0.87970257 0.96798539
vt 0.92749596 0.97493684
vt 0.92667115 0.99037856
vt 0.88622105 0.96778572
vt 0.51032126 0.67194343
vt 0.52176946 0.68081838
vt 0.51148874 0.69420302
vt 0.52343398 0.67061889
vt 0.52117848 0.7148267
vt 0.50353849 0.70916498
vt 0.53279597 0.71306038
vt 0.53397644 0.71090394
vt 0.53029859 0.68962067
vt 0.52928811 0.68333638
vt 0.52600598 0.66544998
vt 0.32508031 0.57763839
vt 0.32672781 0.56560504
vt 0.33249825 0.57818747
vt 0.31719023 0.58675194
vt 0.33873668 0.57065856
vt 0.31555939 0.57319164
vt 0.33038896 0.58821005
vt 0.34440577 0.56834888
vt 0.33892247 0.584589
vt 0.31714681 0.56751084
vt 0.33501506 0.56015635
vt 0.32422602 0.56855923
vt 0.34737203 0.55660129
vt 0.35504121 0.5758664
vt 0.36302024 0.56961411
vt 0.3468979 0.58876455
vt 0.36292565 0.5517624
vt 0.34736374 0.59054255
vt 0.35112655 0.55087423
vt 0.56584918 0.85477018
vt 0.57663453 0.85140532
vt 0.57749897 0.863635
vt 0.57529509 0.83644861
vt 0.58478838 0.86785859
vt 0.58500433 0.83605587
vt 0.5924896 0.84887314
vt 0.58039767 0.82493693
vt 0.59465021 0.85316414
vt 0.58995301 0.82617426
vt 0.59473991 0.86111486
vt 0.59461945 0.84749824
vt 0.594127 0.87022191
vt 0.59492779 0.83234298
vt 0.59466439 0.86853492
vt 0.59494138 0.82891577
vt 0.59464204 0.87076527
vt 0.95775461 0.91569984
vt 0.9471606 0.90080434
vt 0.95994306 0.90385139
vt 0.98216164 0.90755057
vt 0.95874226 0.88940871
vt 0.98248816 0.90789402
vt 0.96444118 0.90013874
vt 0.94217312 0.89134842
vt 0.96066362 0.89143914
vt 0.96286732 0.92229623
vt 0.9433527 0.8907252
vt 0.96221513 0.88810623
vt 0.98245537 0.9081611
vt 0.95088226 0.92188787
vt 0.9594053 0.8883006
vt 0.94247532 0.89058375
vt 0.97826219 0.91996789
vt 0.96170235 0.93318337
vt 0.97513461 0.93334883
vt 0.9809472 0.92102629
vt 0.098732986 0.83822989
vt 0.10030376 0.82528257
vt 0.11332855 0.83456445
vt 0.10657194 0.85112357
vt 0.11645781 0.85210323
vt 0.12310194 0.83658528
vt 0.11105474 0.85967231
vt 0.12769356 0.84479183
vt 0.097870737 0.86358023
vt 0.11806997 0.87027925
vt 0.13327737 0.84863764
vt 0.12574893 0.87134767
vt 0.79374683 0.82380575
vt 0.80448109 0.8108592
vt 0.79603487 0.83002102
vt 0.78572249 0.81069124
vt 0.80794019 0.82409799
vt 0.80124617 0.80652297
vt 0.81385756 0.81635451
vt 0.80473512 0.83642358
vt 0.7946955 0.79520965
vt 0.81077451 0.79662192
vt 0.81495988 0.80077255
vt 0.8214888 0.83385158
vt 0.82093817 0.8047573
vt 0.82269013 0.81635439
vt 0.80901617 0.83913058
vt 0.28441143 0.56065524
vt 0.2890695 0.54735756
vt 0.29976499 0.54595596
vt 0.3017498 0.55811763
vt 0.30748054 0.54474688
vt 0.29291433 0.56877339
vt 0.30915481 0.56075907
vt 0.30430314 0.56436145
vt 0.30561563 0.58118749
vt 0.29725474 0.58945298
vt 0.3144275 0.57003617
vt 0.29294315 0.579656
vt 0.28971657 0.87843096
vt 0.29492867 0.88803095
vt 0.28170696 0.89246863
vt 0.28542894 0.87426877
vt 0.29531306 0.90270215
vt 0.27753562 0.88475621
vt 0.28684798 0.91047579
vt 0.27516612 0.89394552
vt 0.27010322 0.8800745
vt 0.29291308 0.9168821
vt 0.28246635 0.90616488
vt 0.27656329 0.89582944
vt 0.2724683 0.88910663
vt 0.26973236 0.87760383
vt 0.27141631 0.88668108
vt 0.28750896 0.91816306
vt 0.28142872 0.90340889
vt 0.27674502 0.87271857
vt 0.28559491 0.91420752
vt 0.26915139 0.87699872
vt 0.64449322 0.89237374
vt 0.6556043 0.8962726
vt 0.654728 0.90307784
vt 0.64854091 0.88091654
vt 0.66321802 0.90166837
vt 0.6604808 0.87793285
vt 0.66656756 0.8802588
vt 0.67486203 0.87649286
vt 0.68873209 0.88601285
vt 0.21508439 0.88119078
vt 0.19973613 0.86540401
vt 0.20529586 0.85985911
vt 0.1933399 0.87623698
vt 0.19107953 0.86240482
vt 0.20643072 0.88726544
vt 0.19811681 0.88992441
vt 0.19616532 0.89746094
vt 0.19142208 0.89320004
vt 0.20272778 0.90270436
vt 0.56818467 0.49969435
vt 0.5742144 0.49210072
vt 0.57871634 0.51230824
vt 0.56989819 0.51079917
vt 0.58595347 0.48838383
vt 0.56619 0.52288741
vt 0.57532233 0.48414201
vt 0.58690822 0.51451772
vt 0.57934541 0.52134931
vt 0.58765048 0.50819695
vt 0.58687389 0.49225891
vt 0.59354031 0.50861049
vt 0.58865935 0.52512491
vt 0.58732748 0.48817313
vt 0.58776194 0.48727328
vt 0.59546715 0.50847566
vt 0.59953821 0.5128181
vt 0.60129911 0.51675606
vt 0.60126925 0.51577407
vt 0.59272116 0.5268352
vt 0.60063559 0.5180307
vt 0.066328384 0.8694185
vt 0.066938765 0.87735045
vt 0.051038917 0.88631141
vt 0.090925992 0.885077
vt 0.063394666 0.88426268
vt 0.98584294 0.86168915
vt 0.99429363 0.86724079
vt 0.98827887 0.87728786
vt 0.97874147 0.86587369
vt 0.97355002 0.88220084
vt 0.99026501 0.88921142
vt 0.98493862 0.89427572
vt 0.97206116 0.89537889
vt 0.98052281 0.90238553
vt 0.66343093 0.64548242
vt 0.66102743 0.63545525
vt 0.68023252 0.63730884
vt 0.68296784 0.64463758
vt 0.67022145 0.62513882
vt 0.69723642 0.64021373
vt 0.6922518 0.65259129
vt 0.67727345 0.61410719
vt 0.69082129 0.61845398
vt 0.6907109 0.64386809
vt 0.6714614 0.65138841
vt 0.77302921 0.5166558
vt 0.77556181 0.50113034
vt 0.78407019 0.51688612
vt 0.78904843 0.52662551
vt 0.76395869 0.49969471
vt 0.78626341 0.50514579
vt 0.79222 0.52413172
vt 0.77898991 0.5259074
vt 0.75356805 0.5069617
vt 0.77517021 0.48738337
vt 0.79258728 0.49588948
vt 0.79170996 0.52101296
vt 0.76749933 0.52490216
vt 0.79316455 0.50452042
vt 0.79361367 0.49599671
vt 0.91281521 0.55922753
vt 0.9258343 0.56788653
vt 0.92185193 0.57720387
vt 0.90935665 0.57241273
vt 0.93981868 0.56458879
vt 0.92225635 0.58673954
vt 0.93303519 0.58077121
vt 0.94152576 0.58604681
vt 0.93323863 0.58913505
vt 0.94887561 0.56758881
vt 0.54964584 0.52453357
vt 0.53793496 0.53715765
vt 0.53521937 0.53042912
vt 0.53613073 0.52847719
vt 0.55219102 0.53784621
vt 0.54269236 0.51908183
vt 0.56298184 0.53155804
vt 0.54236203 0.5533002
vt 0.56165594 0.55827045
vt 0.55461711 0.55287677
vt 0.54769462 0.55859065
vt 0.74532592 0.84406507
vt 0.74757677 0.82961464
vt 0.75794947 0.83138126
vt 0.7517187 0.8458333
vt 0.73865151 0.83494544
vt 0.76512539 0.8464883
vt 0.73915875 0.84879363
vt 0.7597791 0.85558057
vt 0.76477641 0.83291352
vt 0.7501756 0.85517782
vt 0.77496636 0.85215396
vt 0.77826953 0.84363329
vt 0.623074 0.9695527
vt 0.60593426 0.96735644
vt 0.63644183 0.96290457
vt 0.62544614 0.97923827
vt 0.6046192 0.97595721
vt 0.616256 0.9813323
vt 0.59780979 0.97515786
vt 0.14567134 0.86816168
vt 0.13847324 0.85664076
vt 0.16061997 0.86470234
vt 0.16099989 0.87101787
vt 0.12837711 0.86298925
vt 0.16576619 0.85842299
vt 0.1654119 0.85351014
vt 0.25486407 0.53088289
vt 0.28245604 0.53558612
vt 0.2659426 0.54926527
vt 0.2908898 0.5248487
vt 0.27592874 0.54520792
vt 0.26552632 0.55858731
vt 0.2885941 0.51426303
vt 0.28857958 0.50499892
vt 0.29930955 0.52820039
vt 0.30879325 0.52365923
vt 0.3074072 0.51603633
vt 0.30403483 0.50389099
vt 0.29615921 0.48972565
vt 0.31441513 0.5125668
vt 0.31465241 0.48985869
vt 0.28473264 0.49930489
vt 0.31966728 0.50012189
vt 0.51123303 0.98251158
vt 0.51291656 0.99511975
vt 0.5046947 0.98916286
vt 0.52446705 0.98199147
vt 0.48734385 0.97962928
vt 0.87985784 0.8251673
vt 0.89574999 0.82895482
vt 0.8886869 0.83963645
vt 0.90224963 0.82140756
vt 0.9001416 0.83902144
vt 0.91546893 0.81099272
vt 0.90916431 0.82945275
vt 0.32831088 0.97972268
vt 0.31661513 0.97287184
vt 0.33378044 0.95746857
vt 0.32456252 0.94344896
vt 0.33557668 0.94958699
vt 0.18098758 0.49535412
vt 0.17158584 0.49254268
vt 0.18903257 0.46887767
vt 0.16390237 0.48630315
vt 0.16289352 0.47775793
vt 0.16732892 0.4649018
vt 0.15974364 0.4599939
vt 0.21495187 0.49297053
vt 0.20411627 0.47803712
vt 0.2149149 0.46884143
vt 0.22730687 0.49000281
vt 0.19778472 0.49132174
vt 0.20007263 0.468844
vt 0.2250191 0.49567121
vt 0.20682782 0.46212131
vt 0.19090839 0.48547763
vt 0.50895482 0.80373716
vt 0.50634021 0.79725677
vt 0.52007657 0.79531288
vt 0.52524346 0.80416691
vt 0.50299054 0.80216753
vt 0.51316714 0.78839397
vt 0.52233499 0.79093015
vt 0.52499348 0.81601071
vt 0.50605935 0.81221485
vt 0.51646125 0.81665891
vt 0.51663172 0.8250159
vt 0.09904632 0.87212908
vt 0.11680023 0.86903983
vt 0.11022421 0.8865456
vt 0.092897125 0.88741255
vt 0.082824208 0.87784636
vt 0.64623451 0.86167932
vt 0.64455652 0.85420793
vt 0.64920789 0.84772885
vt 0.65548116 0.85654175
vt 0.66710627 0.84875327
vt 0.65041679 0.86596888
vt 0.65910935 0.83671832
vt 0.66218179 0.86798167
vt 0.65443492 0.8718726
vt 0.81673199 0.83777541
vt 0.82115996 0.84244394
vt 0.80886221 0.8412053
vt 0.81310731 0.85393989
vt 0.80225921 0.85300732
vt 0.80186969 0.84648085
vt 0.79408163 0.85586089
vt 0.78478891 0.83703142
vt 0.78561854 0.85533482
vt 0.068689898 0.51463276
vt 0.049836662 0.50150442
vt 0.059368458 0.49815601
vt 0.040129371 0.52557671
vt 0.039282229 0.49259531
vt 0.039233707 0.52338147
vt 0.039342646 0.49184144
vt 0.035523966 0.49975473
vt 0.039511651 0.52491176
vt 0.039572999 0.52575433
vt 0.039661251 0.52705741
vt 0.94266081 0.83060879
vt 0.93492967 0.83952338
vt 0.91446054 0.82477236
vt 0.91094762 0.83589137
vt 0.22943068 0.88506919
vt 0.22917366 0.86681801
vt 0.24009319 0.87150729
vt 0.24576817 0.88761204
vt 0.22259521 0.86809945
vt 0.25501546 0.87951159
vt 0.74360496 0.70488608
vt 0.75621861 0.68685001
vt 0.74599063 0.71435559
vt 0.74139792 0.71040833
vt 0.7370522 0.69442844
vt 0.73291469 0.7123282
vt 0.73620981 0.70479798
vt 0.72208363 0.70082814
vt 0.61277437 0.8111341
vt 0.61605018 0.81945479
vt 0.60789001 0.82348895
vt 0.60184014 0.82303411
vt 0.59891105 0.80866909
vt 0.5845229 0.81579769
vt 0.5949502 0.80296147
vt 0.58172929 0.80292839
vt 0.3713195 0.96310306
vt 0.38098314 0.96387297
vt 0.37902561 0.99648386
vt 0.76443273 0.75342482
vt 0.75353271 0.747154
vt 0.76782835 0.73752069
vt 0.77023268 0.74781805
vt 0.74830872 0.75045669
vt 0.73784256 0.7452141
vt 0.7628867 0.76083469
vt 0.74059826 0.75306082
vt 0.74862283 0.76140624
vt 0.4926596 0.63954234
vt 0.48946598 0.6321606
vt 0.50395054 0.63815236
vt 0.49437308 0.65158308
vt 0.48360372 0.64553404
vt 0.49879456 0.63325417
vt 0.48802257 0.65128446
vt 0.47174609 0.63950497
vt 0.47799888 0.62259567
vt 0.66484094 0.67681694
vt 0.67656708 0.66721398
vt 0.68659395 0.66925573
vt 0.68198675 0.68278807
vt 0.66701591 0.65431488
vt 0.66103405 0.6581952
vt 0.67959028 0.66002798
vt 0.68109798 0.65329039
vt 0.013389183 0.80684376
vt 0.021231251 0.80311823
vt 0.019256113 0.81223345
vt 0.016835069 0.81487
vt 0.008262815 0.79816508
vt 0.024279814 0.80619371
vt 0.0079615917 0.82388961
vt 0.0032352803 0.81250399
vt 0.018888284 0.79383707
vt 0.027793352 0.79794216
vt 0.015231408 0.81945962
vt 0.021668388 0.79566211
vt 0.028085107 0.79979867
vt 0.02855066 0.79868305
vt 0.027390661 0.79758263
vt 0.028047625 0.79774225
vt 0.027752224 0.79776382
vt 0.028887916 0.79803044
vt 0.027941504 0.79775399
vt 0.027884144 0.79776037
vt 0.13588488 0.53232145
vt 0.1465598 0.52791762
vt 0.14416139 0.53814328
vt 0.14423606 0.5486052
vt 0.1554295 0.53669167
vt 0.12985089 0.54654717
vt 0.13322766 0.55928826
vt 0.83339602 0.84870243
vt 0.83281893 0.8337456
vt 0.8393085 0.82679415
vt 0.84159845 0.84704953
vt 0.85469437 0.83714902
vt 0.84964764 0.8553009
vt 0.58180106 0.9572171
vt 0.58976263 0.97694552
vt 0.58157855 0.97961575
vt 0.59357083 0.95864463
vt 0.58680195 0.95211178
vt 0.64864469 0.93504632
vt 0.65362847 0.94605303
vt 0.64365202 0.94873035
vt 0.65265554 0.96480864
vt 0.67073101 0.96026337
vt 0.16930312 0.99544185
vt 0.16754128 0.96716172
vt 0.17467666 0.97690755
vt 0.27385178 0.90126848
vt 0.28305697 0.91582018
vt 0.26147655 0.9179337
vt 0.25411677 0.91582501
vt 0.09950605 0.98681682
vt 0.089368202 0.97789508
vt 0.10294292 0.97755682
vt 0.11062447 0.98173642
vt 0.089139752 0.98339623
vt 0.090486616 0.99530929
vt 0.082866192 0.99367857
vt 0.3298676 0.91582501
vt 0.32250783 0.9179337
vt 0.3009274 0.91582018
vt 0.31013259 0.90126848
vt 0.98555583 0.82391852
vt 0.97284353 0.81424451
vt 0.98828387 0.80976087
vt 0.97358859 0.7946136
vt 0.98508722 0.79827225
vt 0.99692696 0.80266464
vt 0.99603885 0.79601443
vt 0.65674615 0.90867209
vt 0.64824378 0.91878939
vt 0.64435369 0.91394222
vt 0.64438081 0.91316462
vt 0.64554191 0.92293745
vt 0.6465103 0.90673208
vt 0.65435648 0.93428624
vt 0.6457445 0.92605835
vt 0.64466053 0.93348229
vt 0.007873415 0.8591271
vt 0.017598322 0.88336241
vt 0.0036485519 0.87144554
vt 0.024898082 0.86876625
vt 0.0078230277 0.88613141
vt 0.91040331 0.79692584
vt 0.92173439 0.79862529
vt 0.92185515 0.80851799
vt 0.9227494 0.78614241
vt 0.93006521 0.80576617
vt 0.93846387 0.79797846
vt 0.76981074 0.83153665
vt 0.77217054 0.82388979
vt 0.79044545 0.82437193
vt 0.78023064 0.83975112
vt 0.78528619 0.81261581
vt 0.97278237 0.97669303
vt 0.99527311 0.96837294
vt 0.9842695 0.97777402
vt 0.97898966 0.98892123
vt 0.98947352 0.99684328
vt 0.74396312 0.80827403
vt 0.74162328 0.80140746
vt 0.75573313 0.79682338
vt 0.76030684 0.80849516
vt 0.7585485 0.81308091
vt 0.7645483 0.81930918
vt 0.74577999 0.8138693
vt 0.74636084 0.82449597
vt 0.73844737 0.81946677
vt 0.10613102 0.99586451
vt 0.10930573 0.98100805
vt 0.11398342 0.99206036
vt 0.11397976 0.98436171
vt 0.11397417 0.96844757
vt 0.15151611 0.86864358
vt 0.16025257 0.88249546
vt 0.15223688 0.88605684
vt 0.14386921 0.87678266
vt 0.17192887 0.8756361
vt 0.62667239 0.77642238
vt 0.62321395 0.77072227
vt 0.63151479 0.76013088
vt 0.61316383 0.77115297
vt 0.63076258 0.7530691
vt 0.61397505 0.75468475
vt 0.62509626 0.75022256
vt 0.18939148 0.86959285
vt 0.17526118 0.87754244
vt 0.18570185 0.87097645
vt 0.17843297 0.88416302
vt 0.18116444 0.86218065
vt 0.18787926 0.88690454
vt 0.18725085 0.86576658
vt 0.18941236 0.87663263
vt 0.1833865 0.86070943
vt 0.19050555 0.88276124
vt 0.18951569 0.88545984
vt 0.94481009 0.97082245
vt 0.94588047 0.98353529
vt 0.93196112 0.98179978
vt 0.92608976 0.98184431
vt 0.93367267 0.98992646
vt 0.94809753 0.99116695
vt 0.93972445 0.99691498
vt 0.26469967 0.94021517
vt 0.26656866 0.96376622
vt 0.25442922 0.95677429
vt 0.27768192 0.95851463
vt 0.25841969 0.96523249
vt 0.25374675 0.97108477
vt 0.25644809 0.97947043
vt 0.25214678 0.98822802
vt 0.245818 0.976219
vt 0.24560656 0.99635309
vt 0.63179755 0.80610335
vt 0.62260342 0.81127477
vt 0.61756933 0.80440658
vt 0.63124949 0.79863507
vt 0.62845635 0.81639969
vt 0.61402297 0.80933022
vt 0.63849312 0.79891133
vt 0.61762089 0.80154455
vt 0.61887789 0.82343256
vt 0.61443579 0.81577921
vt 0.62826669 0.8232438
vt 0.83290619 0.9957298
vt 0.8305648 0.98930144
vt 0.83605373 0.97068888
vt 0.82489717 0.99661279
vt 0.81689161 0.9800908
vt 0.8940208 0.98909122
vt 0.88197589 0.99610662
vt 0.87092137 0.98880255
vt 0.065448001 0.9897536
vt 0.054820277 0.99556202
vt 0.043707676 0.99070531
vt 0.51658183 0.96075916
vt 0.50395286 0.96504253
vt 0.5109458 0.94179422
vt 0.37813354 0.95726389
vt 0.38581747 0.95826936
vt 0.3861894 0.96524614
vt 0.38360038 0.97546691
vt 0.39638063 0.96052831
vt 0.39784566 0.9672178
vt 0.3948487 0.98043352
vt 0.13630883 0.96846718
vt 0.13195097 0.98025167
vt 0.11305112 0.96990144
vt 0.11796416 0.97987461
vt 0.49248675 0.97928017
vt 0.49500066 0.97196871
vt 0.50660861 0.9795453
vt 0.48813081 0.96750498
vt 0.51178688 0.97083312
vt 0.088224202 0.98413748
vt 0.075326897 0.99584746
vt 0.065917633 0.99407655
vt 0.66525584 0.97241783
vt 0.64496422 0.97059375
vt 0.66519803 0.97231251
vt 0.65070611 0.98115414
vt 0.65224791 0.9660784
vt 0.65182847 0.96602821
vt 0.76056242 0.7870959
vt 0.77299684 0.79804462
vt 0.76068592 0.80542421
vt 0.75476831 0.7933802
vt 0.76805812 0.80858618
vt 0.81071675 0.99515617
vt 0.80088139 0.98469734
vt 0.81881726 0.97364223
vt 0.26584929 0.997033
vt 0.25381306 0.99663085
vt 0.26083121 0.9848395
vt 0.27361977 0.99357015
vt 0.24414946 0.9771052
vt 0.24555875 0.99035275
vt 0.23791543 0.980995
vt 0.24424611 0.99602717
vt 0.6161353 0.73227906
vt 0.62067676 0.72808862
vt 0.61405557 0.74245209
vt 0.62953335 0.73784912
vt 0.62359792 0.74447143
vt 0.63201731 0.74539661
vt 0.36564377 0.99444062
vt 0.36292082 0.98419285
vt 0.38221362 0.9953264
vt 0.19089188 0.94307905
vt 0.20841287 0.93375057
vt 0.21138299 0.94864821
vt 0.95081973 0.82436568
vt 0.94160616 0.81390995
vt 0.95061868 0.8177281
vt 0.95832688 0.80901229
vt 0.94521838 0.80497634
vt 0.067851484 0.88704717
vt 0.058818586 0.90144897
vt 0.051142447 0.89254147
vt 0.070853353 0.89840102
vt 0.54723287 0.93292415
vt 0.53882891 0.92774922
vt 0.54008347 0.91406757
vt 0.55083227 0.92611641
vt 0.53519088 0.91809309
vt 0.59597594 0.94964892
vt 0.59064418 0.94670814
vt 0.60115898 0.93701148
vt 0.58196706 0.94413781
vt 0.59127116 0.93165928
vt 0.5355075 0.71450645
vt 0.54568833 0.69860762
vt 0.54602444 0.71011519
vt 0.53510153 0.69478112
vt 0.55071819 0.69925988
vt 0.54663277 0.69454509
vt 0.32647631 0.93265712
vt 0.31635824 0.92070717
vt 0.3295455 0.91754818
vt 0.33552223 0.92575914
vt 0.98199958 0.96394283
vt 0.98214871 0.94794369
vt 0.98838532 0.94824827
vt 0.98880315 0.95701712
vt 0.97313792 0.96340626
vt 0.9881196 0.94600242
vt 0.98889714 0.96157372
vt 0.32563874 0.97891688
vt 0.31672183 0.99629331
vt 0.31705439 0.97674352
vt 0.1687638 0.85528803
vt 0.17693223 0.86253685
vt 0.16425987 0.8708179
vt 0.16035523 0.87099332
vt 0.17765969 0.87050879
vt 0.50241756 0.98995191
vt 0.49456364 0.99544483
vt 0.48776406 0.97834563
vt 0.4964191 0.97978544
vt 0.7787593 0.98660755
vt 0.76928324 0.99556839
vt 0.76103121 0.9912045
vt 0.2530289 0.87154132
vt 0.26568964 0.87215453
vt 0.25650874 0.88310879
vt 0.27235317 0.88597745
vt 0.16543339 0.99695617
vt 0.1592495 0.98660624
vt 0.17762707 0.9928295
vt 0.22193216 0.98349094
vt 0.23690076 0.98989064
vt 0.24049123 0.9967292
vt 0.97824746 0.74110997
vt 0.98958701 0.73126996
vt 0.98928106 0.74562347
vt 0.97241312 0.73041022
vt 0.12087706 0.97870368
vt 0.12652911 0.98401898
vt 0.12642145 0.98917651
vt 0.12810451 0.9963913
vt 0.53477532 0.97137219
vt 0.53186327 0.98799753
vt 0.52687639 0.97444576
vt 0.076393895 0.85434401
vt 0.081726477 0.8598811
vt 0.073353179 0.87037551
vt 0.066424452 0.86167109
vt 0.73629165 0.99512541
vt 0.72306472 0.98919559
vt 0.72536504 0.98002803
vt 0.15635887 0.8398239
vt 0.15541472 0.85523468
vt 0.14499663 0.8438431
vt 0.14732096 0.85191554
vt 0.6459263 0.80931461
vt 0.64463687 0.79317284
vt 0.66012764 0.79974556
vt 0.65876919 0.80844492
vt 0.93218172 0.81036365
vt 0.92832571 0.82021648
vt 0.92620862 0.81371802
vt 0.93989366 0.82393205
vt 0.94102967 0.81018746
vt 0.0042349435 0.98038554
vt 0.013480183 0.9960947
vt 0.012879736 0.99641722
vt 0.013204431 0.99677747
vt 0.52666402 0.97431815
vt 0.52937752 0.98802155
vt 0.52345222 0.97361112
vt 0.51860213 0.9793427
vt 0.5228653 0.97234535
vt 0.52294159 0.97185898
vt 0.97613841 0.99598688
vt 0.97292876 0.98932242
vt 0.9839443 0.97969437
vt 0.56634241 0.88713914
vt 0.56718546 0.90081489
vt 0.55047935 0.8932122
vt 0.55513054 0.9022516
vt 0.12250052 0.87532401
vt 0.11233499 0.8771283
vt 0.1210426 0.87354332
vt 0.11303072 0.88589382
vt 0.11873811 0.87021339
vt 0.12442638 0.88372046
vt 0.12488624 0.87987185
vt 0.12586978 0.8817991
vt 0.58199668 0.99579078
vt 0.57472456 0.98689687
vt 0.57807142 0.97950393
vt 0.13655028 0.85638762
vt 0.1292021 0.84038198
vt 0.14375387 0.84110546
vt 0.82600904 0.85634363
vt 0.8158105 0.84825075
vt 0.83260494 0.84705746
vt 0.82641405 0.83931816
vt 0.53590357 0.97947776
vt 0.5374428 0.97175193
vt 0.5429576 0.98795408
vt 0.53620368 0.98457295
vt 0.38945463 0.99572343
vt 0.38647956 0.98225981
vt 0.39473304 0.98322356
vt 0.63523835 0.96825302
vt 0.64195329 0.9803533
vt 0.62873977 0.97863442
vt 0.68911904 0.97207195
vt 0.67739946 0.97953355
vt 0.67674786 0.96902734
vt 0.5643518 0.87721992
vt 0.55904025 0.88575923
vt 0.55672705 0.87276137
vt 0.55118716 0.87861276
vt 0.58453697 0.97972667
vt 0.58181202 0.98597002
vt 0.58194113 0.97989225
vt 0.59537387 0.98596573
vt 0.59502804 0.98810226
vt 0.58694535 0.98794621
vt 0.15972869 0.95477265
vt 0.16609836 0.9586935
vt 0.1659347 0.96506453
vt 0.17057806 0.95402753
vt 0.17312936 0.96382201
vt 0.3036254 0.89004648
vt 0.31498539 0.90108663
vt 0.30109802 0.90174812
vt 0.60185373 0.98822623
vt 0.59682918 0.97939444
vt 0.6043129 0.98440427
vt 0.6053502 0.97567195
vt 0.037763994 0.99457759
vt 0.03610469 0.99495935
vt 0.038787264 0.99132061
vt 0.046060391 0.99549365
vt 0.67208886 0.96944618
vt 0.67069066 0.9801172
vt 0.66106063 0.97648728
vt 0.21458678 0.9951216
vt 0.22009893 0.98704183
vt 0.22751968 0.98898202
vt 0.92514306 0.99171042
vt 0.93006986 0.98402768
vt 0.93219894 0.9953835
vt 0.66777962 0.9786889
vt 0.67736828 0.97604442
vt 0.67178822 0.98864079
vt 0.10119911 0.99579877
vt 0.097321808 0.99149984
vt 0.10724636 0.98547471
vt 0.0042705536 0.99209684
vt 0.010770041 0.99571311
vt 0.0042724609 0.99441743
vt 0.072102629 0.98790121
vt 0.066344701 0.99682605
vt 0.065977789 0.99436039
vt 0.19732298 0.99494338
vt 0.19345574 0.99441826
vt 0.19215995 0.98890954
vt 0.1941151 0.99535394
vt 0.193046 0.99470937
vt 0.117388 0.98757023
vt 0.11864291 0.99635744
vt 0.11235715 0.9961943
vt 0.081275538 0.98778683
vt 0.073864467 0.98114067
vt 0.08128579 0.98023838
vt 0.018581629 0.99587005
vt 0.012103376 0.99558431
vt 0.018554503 0.99412781
vt 0.12267286 0.98894638
vt 0.12683924 0.99198723
vt 0.12074924 0.99275368
vt 0.12821704 0.99535847
vt 0.0047292626 0.99607104
vt 0.0048645041 0.99569809
vt 0.0045270598 0.99659109
vt 0.0049051866 0.99617672
vt 0.0053007989 0.9960466
vt 0.0083832173 0.99450982
vt 0.0045932448 0.99312466
vt 0.0033987153 0.9953149
vt 0.0034503795 0.99308699
vt 0.0059153889 0.99430275
vt 0.0039532557 0.99371511
vt 0.0032097318 0.99353719
vt 0.0039035887 0.99284583
vt 0.004533832 0.99561
usemtl Tile_+033_+028_L18_00010_0
f 153/561 157/562 150/563
f 321/1 312/2 292/3
f 311/453 310/454 252/455
f 182/1316 183/1317 173/1318
f 225/1644 223/1645 53/1646
f 331/602 240/603 330/604
f 331/1919 241/1920 240/1921
f 113/609 127/608 239/606
f 319/25 322/21 309/15
f 253/464 318/469 317/461
f 168/1287 211/1288 224/1289
f 275/94 274/104 277/80
f 271/40 268/59 257/50
f 118/196 328/197 216/198
f 239/606 332/607 330/604
f 209/482 139/477 210/459
f 285/115 289/132 288/123
f 306/1993 302/1994 304/1995
f 200/771 206/772 189/773
f 233/474 133/483 201/475
f 296/1341 313/1342 315/1343
f 109/1430 214/1431 230/1432
f 109/1430 230/1432 94/1433
f 184/775 208/781 181/787
f 190/670 191/671 137/672
f 159/709 176/708 161/706
f 297/675 197/673 198/677
f 210/459 154/462 202/466
f 204/680 199/681 198/677
f 173/794 183/798 181/787
f 247/795 244/800 166/797
f 150/563 157/562 164/566
f 182/1316 170/1324 172/1328
f 129/682 128/678 202/685
f 174/1319 169/1321 182/1316
f 67/268 44/269 65/270
f 150/563 149/564 153/561
f 224/476 187/470 168/480
f 179/573 152/581 226/576
f 116/623 81/615 114/617
f 115/622 114/617 254/614
f 146/200 222/204 328/197
f 332/1438 336/1436 230/1432
f 273/60 256/97 216/99
f 230/1432 336/1436 94/1433
f 239/606 127/608 332/607
f 239/606 330/604 238/605
f 330/1179 329/1180 331/1181
f 1138/1183 329/1180 1143/1185
f 332/1182 333/1184 329/1180
f 329/1180 330/1179 332/1182
f 216/99 328/109 327/83
f 214/1431 338/1435 230/1432
f 222/118 327/83 328/109
f 216/99 327/83 273/60
f 122/202 216/198 256/206
f 298/1963 303/1964 302/1965
f 305/116 307/125 299/95
f 298/1997 302/1994 306/1993
f 264/57 266/69 270/48
f 263/33 267/49 271/40
f 320/29 279/34 322/21
f 299/95 281/106 246/81
f 278/56 276/39 248/47
f 246/81 264/57 298/68
f 320/29 323/41 279/34
f 319/25 276/39 263/33
f 253/1292 224/1289 243/1291
f 276/39 319/25 248/47
f 285/115 288/123 277/80
f 317/22 318/26 309/15
f 236/778 325/785 274/789
f 287/124 286/151 324/141
f 325/133 250/152 326/142
f 322/21 308/17 309/15
f 319/25 263/33 320/29
f 326/142 287/124 325/133
f 318/26 319/25 309/15
f 320/29 322/21 319/25
f 295/1345 313/1342 232/1348
f 310/4 311/18 309/15
f 154/462 210/459 252/455
f 316/13 309/15 308/17
f 317/461 311/453 251/458
f 311/18 317/22 309/15
f 316/13 310/4 309/15
f 312/2 295/6 292/3
f 295/1974 312/1975 315/1976
f 315/1343 313/1342 295/1345
f 234/1765 218/1766 232/1767
f 301/181 293/184 294/188
f 277/1966 303/1964 298/1963
f 278/56 298/68 276/39
f 306/105 299/95 298/68
f 277/80 298/68 278/56
f 289/132 287/124 324/141
f 325/133 287/124 274/104
f 277/80 274/104 285/115
f 304/1967 302/1965 303/1964
f 277/1966 305/1968 303/1964
f 305/1968 304/1967 303/1964
f 277/80 288/123 305/116
f 284/163 283/162 286/151
f 285/115 274/104 287/124
f 283/162 324/141 286/151
f 287/124 289/132 285/115
f 249/786 274/789 282/792
f 305/116 288/123 289/132
f 190/670 197/673 297/675
f 195/777 217/779 261/774
f 294/782 293/776 217/779
f 292/457 203/460 252/455
f 291/2155 231/2156 296/2157
f 293/776 261/774 217/779
f 293/776 206/772 261/774
f 235/463 292/457 291/467
f 317/461 251/458 253/464
f 278/56 275/94 277/80
f 270/48 263/33 276/39
f 243/1291 211/1288 167/1290
f 282/792 275/793 278/796
f 243/1291 244/1293 248/1294
f 264/1468 269/1469 268/1470
f 126/225 221/220 53/233
f 273/60 279/34 258/51
f 259/1476 269/1469 260/1475
f 246/81 260/107 265/96
f 246/537 281/538 212/539
f 298/68 299/95 246/81
f 263/33 271/40 320/29
f 276/39 298/68 264/57
f 266/1477 264/1468 263/1474
f 257/50 320/29 271/40
f 264/1468 267/1471 263/1474
f 276/39 264/57 270/48
f 263/33 270/48 262/58
f 270/2176 266/2177 267/2178
f 262/2292 271/2293 267/2294
f 264/1468 268/1470 267/1471
f 268/59 271/40 262/58
f 262/58 270/48 268/59
f 267/2178 268/2179 270/2176
f 257/239 53/233 237/226
f 282/792 247/795 185/791
f 260/588 227/582 259/589
f 229/549 111/552 112/545
f 237/70 258/51 257/50
f 260/588 246/584 227/582
f 225/246 53/233 257/239
f 221/220 220/209 255/214
f 241/611 331/602 1140/627
f 254/614 241/611 1141/616
f 224/476 253/464 187/470
f 251/458 177/472 187/470
f 131/468 154/462 203/460
f 210/459 290/456 252/455
f 210/459 175/465 251/458
f 233/1276 205/1277 132/1278
f 282/792 185/791 249/786
f 227/582 246/584 180/570
f 208/781 236/778 249/786
f 212/539 180/540 246/537
f 131/468 203/460 235/463
f 291/467 233/474 235/463
f 199/1284 218/1280 234/1286
f 218/1280 205/1277 233/1276
f 218/1280 204/1281 205/1277
f 226/576 180/570 179/573
f 113/609 239/606 241/611
f 238/1922 241/1920 239/1923
f 122/202 256/206 220/209
f 241/611 254/614 113/609
f 145/207 222/204 146/200
f 336/610 127/608 94/613
f 241/1920 238/1922 240/1921
f 220/209 121/219 120/210
f 220/209 221/220 126/225
f 180/570 226/576 227/582
f 223/1645 225/1644 226/1647
f 167/1326 165/1322 166/1325
f 166/1325 244/1329 167/1326
f 243/1291 224/1289 211/1288
f 223/1645 152/1648 53/1646
f 118/196 216/198 144/199
f 96/640 78/619 102/631
f 214/1431 109/1430 215/1434
f 113/609 81/615 119/612
f 95/1836 94/1837 78/1838
f 213/543 229/549 112/545
f 212/539 213/543 112/545
f 112/545 84/542 212/539
f 84/542 150/544 180/540
f 197/673 190/670 137/672
f 191/671 219/694 192/689
f 180/540 212/539 84/542
f 198/677 196/674 204/680
f 132/688 204/680 135/679
f 191/2074 193/2075 137/2076
f 137/672 196/674 197/673
f 131/468 201/475 130/479
f 129/682 130/684 134/676
f 160/707 163/704 186/702
f 200/771 195/777 261/774
f 236/778 208/781 184/775
f 249/786 185/791 207/790
f 208/781 249/786 207/790
f 236/778 184/775 206/772
f 206/772 184/775 189/773
f 199/1284 204/1281 218/1280
f 205/1277 204/1281 132/1278
f 198/677 199/681 297/675
f 168/480 187/470 169/484
f 185/791 247/795 166/797
f 139/477 176/471 210/459
f 136/683 194/692 209/691
f 142/700 189/699 186/702
f 202/2088 209/2089 210/2090
f 129/682 134/676 128/678
f 136/683 202/685 128/678
f 194/692 136/683 192/689
f 130/684 133/687 135/679
f 133/687 132/688 135/679
f 135/679 134/676 130/684
f 134/676 137/672 128/678
f 202/685 136/683 209/691
f 141/1772 140/1773 194/1774
f 136/683 138/686 192/689
f 201/475 133/483 130/479
f 204/680 196/674 135/679
f 137/672 134/676 196/674
f 196/674 198/677 197/673
f 194/692 192/689 188/693
f 191/671 192/689 138/686
f 142/700 158/698 189/699
f 182/712 172/711 160/707
f 163/704 142/700 186/702
f 194/1774 188/1775 141/1772
f 143/697 188/693 200/696
f 200/696 188/693 195/695
f 158/698 143/697 200/696
f 200/696 189/699 158/698
f 195/695 188/693 192/689
f 192/689 219/694 195/695
f 184/705 186/702 189/699
f 110/548 84/542 112/545
f 188/1775 143/1778 141/1772
f 185/791 173/794 181/787
f 208/781 207/790 181/787
f 173/1318 165/1322 178/1320
f 166/1325 165/1322 173/1318
f 160/707 186/702 184/705
f 160/707 181/710 182/712
f 166/797 173/794 185/791
f 181/2159 183/2160 182/2161
f 244/1293 243/1291 167/1290
f 52/577 152/581 179/573
f 171/481 169/484 187/470
f 171/1327 172/1328 170/1324
f 173/1318 174/1319 182/1316
f 172/711 171/713 159/709
f 169/1321 171/1327 170/1324
f 167/1290 211/1288 168/1287
f 156/569 52/577 164/566
f 164/566 52/577 179/573
f 167/1326 178/1320 165/1322
f 180/570 164/566 179/573
f 178/1320 174/1319 173/1318
f 169/1321 170/1324 182/1316
f 158/698 142/700 143/697
f 174/1319 178/1320 168/1323
f 168/1323 178/1320 167/1326
f 169/1321 174/1319 168/1323
f 177/472 159/478 171/481
f 159/478 175/465 176/471
f 162/703 161/706 176/708
f 177/472 175/465 159/478
f 159/709 161/706 163/704
f 163/704 160/707 159/709
f 172/711 159/709 160/707
f 53/586 52/577 156/569
f 156/569 151/565 88/568
f 157/562 155/571 164/566
f 126/225 53/233 71/240
f 84/542 110/548 337/551
f 164/566 180/570 150/563
f 163/704 161/706 142/700
f 181/710 160/707 184/705
f 141/701 143/697 142/700
f 142/700 162/703 141/701
f 137/672 136/683 128/678
f 137/672 193/690 138/686
f 162/1776 176/1780 139/1777
f 136/683 137/672 138/686
f 194/1774 140/1773 139/1777
f 129/473 202/466 154/462
f 140/1773 141/1772 162/1776
f 162/1776 139/1777 140/1773
f 216/198 122/202 144/199
f 123/215 120/210 148/221
f 80/205 124/201 144/199
f 120/210 80/205 122/202
f 145/207 146/200 117/203
f 119/612 125/624 100/626
f 121/219 220/209 126/225
f 121/219 126/225 148/221
f 80/205 144/199 122/202
f 120/210 122/202 220/209
f 146/200 118/196 117/203
f 113/609 119/612 127/608
f 116/623 114/617 115/622
f 113/609 114/617 81/615
f 254/614 114/617 113/609
f 116/623 98/628 81/615
f 102/631 100/626 99/637
f 112/545 111/552 110/548
f 107/1843 109/1840 108/1842
f 106/651 96/640 102/631
f 79/652 96/640 106/651
f 104/2055 349/2056 105/2057
f 79/652 103/662 78/619
f 380/1753 41/1754 35/1755
f 92/408 85/409 23/410
f 33/426 20/421 34/431
f 139/1777 209/1779 194/1774
f 52/577 53/586 152/581
f 82/211 356/208 60/213
f 124/201 117/203 118/196
f 78/619 96/640 79/652
f 125/624 77/618 57/629
f 28/1759 40/1756 63/1758
f 1152/2220 359/2221 1153/2222
f 58/646 57/629 56/657
f 28/1759 27/1757 40/1756
f 90/2216 64/2217 42/2218
f 67/268 42/275 375/272
f 67/268 68/274 345/277
f 30/284 39/286 36/289
f 46/2065 26/2066 37/2067
f 33/2111 86/2112 389/2113
f 381/416 49/420 31/425
f 45/412 23/410 24/414
f 29/442 384/451 379/449
f 1/423 38/441 390/446
f 26/2069 383/2070 25/2071
f 32/424 33/426 34/431
f 391/309 14/312 17/303
f 14/448 16/432 15/444
f 14/312 3/314 17/303
f 11/300 4/292 9/295
f 13/276 44/269 12/280
f 13/276 12/280 367/282
f 59/224 60/213 369/218
f 59/285 367/282 12/280
f 10/288 4/292 59/285
f 6/222 82/211 5/229
f 59/224 4/235 5/229
f 3/314 14/312 1154/316
f 16/432 391/445 21/440
f 17/303 3/314 1156/311
f 31/425 386/427 381/416
f 59/285 12/280 10/288
f 10/288 2/301 93/305
f 8/1731 19/1732 18/1733
f 10/288 8/299 9/295
f 9/295 8/299 18/304
f 9/295 18/304 11/300
f 19/1732 8/1731 7/1734
f 14/448 391/445 16/432
f 1156/2255 22/2256 1160/2257
f 8/299 17/303 1157/308
f 17/303 8/299 10/288
f 21/307 17/303 10/288
f 21/307 10/288 93/305
f 2/434 387/428 32/424
f 21/440 20/421 16/432
f 20/421 33/426 47/411
f 34/431 93/438 32/424
f 386/427 16/432 20/421
f 92/2105 47/2106 33/2107
f 381/416 386/427 20/421
f 31/2116 385/2117 386/2118
f 385/2091 388/2092 392/2093
f 31/425 15/444 392/439
f 392/2093 386/2094 385/2091
f 16/432 386/427 392/439
f 22/2256 3/2258 1155/2259
f 14/448 15/444 1162/450
f 86/418 32/424 24/414
f 21/440 93/438 20/421
f 20/421 93/438 34/431
f 21/307 391/309 17/303
f 387/428 2/434 1/423
f 32/424 93/438 2/434
f 50/595 353/596 51/597
f 142/700 161/706 162/703
f 29/287 12/280 30/284
f 390/291 12/280 29/287
f 37/435 1/423 29/442
f 26/2066 25/2068 37/2067
f 2/301 10/288 38/296
f 10/288 390/291 38/296
f 33/2111 389/2113 92/2114
f 38/441 1/423 2/434
f 26/2069 46/2072 383/2070
f 1/423 383/429 46/417
f 24/414 23/410 86/418
f 92/2114 389/2113 86/2112
f 86/2112 85/2115 92/2114
f 31/2116 388/2119 385/2117
f 31/2266 392/2267 388/2268
f 33/426 32/424 86/418
f 10/288 12/280 390/291
f 24/414 387/428 1/423
f 24/414 32/424 387/428
f 37/2073 25/2071 383/2070
f 383/429 1/423 37/435
f 390/446 29/442 1/423
f 42/275 30/284 12/280
f 42/275 39/286 30/284
f 30/2286 379/2287 384/2288
f 35/2242 41/2243 36/2244
f 380/294 35/298 36/289
f 28/433 63/419 46/417
f 28/433 46/417 37/435
f 27/1757 41/1754 40/1756
f 45/412 24/414 46/417
f 1159/430 49/420 1166/436
f 363/638 245/625 62/630
f 381/416 47/411 48/413
f 57/629 245/625 48/639
f 61/2225 62/2223 1152/2220
f 49/420 381/416 48/413
f 73/415 48/413 45/412
f 45/412 48/413 47/411
f 47/411 23/410 45/412
f 80/205 356/208 124/201
f 382/422 46/417 63/419
f 382/422 63/419 45/412
f 45/412 46/417 382/422
f 29/442 379/449 28/433
f 39/286 380/294 36/289
f 91/2120 64/2121 378/2122
f 42/2123 91/2120 378/2122
f 28/297 41/302 27/306
f 36/289 41/302 28/297
f 379/293 30/284 36/289
f 28/433 37/435 29/442
f 12/280 43/279 42/275
f 41/1754 380/1753 40/1756
f 43/2198 376/2199 375/2200
f 39/286 42/275 378/283
f 13/276 66/273 44/269
f 42/275 67/268 90/278
f 345/277 378/283 90/278
f 67/268 65/270 374/271
f 374/271 68/274 67/268
f 44/269 66/273 65/270
f 373/557 371/558 68/560
f 67/268 375/272 44/269
f 44/269 43/279 12/280
f 42/275 43/279 375/272
f 44/2202 377/2201 43/2198
f 377/2194 44/2195 375/2196
f 377/2201 376/2199 43/2198
f 91/2219 42/2218 64/2217
f 90/2124 378/2122 64/2121
f 374/559 373/557 68/560
f 50/598 66/599 13/600
f 70/556 373/557 374/559
f 357/578 51/587 353/590
f 13/600 55/601 50/598
f 50/594 51/587 66/593
f 55/1760 358/1761 50/1762
f 66/593 51/587 65/591
f 374/583 65/591 51/587
f 357/578 374/583 51/587
f 371/2130 370/2131 343/2132
f 344/2133 370/2131 371/2130
f 56/657 362/664 58/646
f 341/2135 370/2131 344/2133
f 357/1763 353/1764 50/1762
f 55/255 54/241 71/240
f 50/1762 358/1761 357/1763
f 70/574 374/583 357/578
f 70/556 372/553 373/557
f 149/550 372/553 70/556
f 344/555 372/553 83/547
f 365/227 368/234 367/232
f 245/625 363/638 49/649
f 57/629 48/639 73/650
f 80/205 369/218 60/213
f 367/232 368/234 54/241
f 73/650 56/657 57/629
f 73/650 72/667 56/657
f 74/668 56/657 72/667
f 123/215 351/228 368/234
f 365/227 123/215 368/234
f 342/1724 76/1725 75/1726
f 123/215 365/227 369/218
f 80/205 123/215 369/218
f 117/203 356/208 82/211
f 59/224 5/229 82/211
f 60/213 59/224 82/211
f 4/235 6/222 5/229
f 62/630 61/648 363/638
f 49/649 363/638 1170/660
f 58/1988 362/1989 361/1990
f 74/668 362/664 56/657
f 364/1991 362/1989 74/1992
f 116/623 97/634 98/628
f 98/628 97/634 1148/644
f 360/635 98/628 1172/645
f 1169/658 360/635 1174/663
f 57/629 58/646 355/636
f 348/2238 347/2239 58/2240
f 62/630 245/625 81/615
f 355/636 58/646 347/656
f 81/615 98/628 360/635
f 351/228 71/240 54/241
f 80/205 120/210 123/215
f 117/203 124/201 356/208
f 119/612 81/615 77/618
f 76/1725 99/1729 75/1726
f 347/656 99/637 355/636
f 99/637 100/626 125/624
f 69/572 70/574 357/578
f 346/554 344/555 83/547
f 89/253 352/265 55/255
f 352/265 358/267 55/255
f 153/561 149/564 87/567
f 337/551 346/554 83/547
f 55/255 71/240 89/253
f 71/240 351/228 126/225
f 153/1826 87/1827 88/1828
f 156/247 88/261 89/253
f 88/568 151/565 153/561
f 84/542 337/551 83/547
f 83/547 149/550 150/544
f 150/544 84/542 83/547
f 316/13 982/20 1085/23
f 1087/1350 339/1351 1088/1352
f 339/10 312/2 1093/8
f 1092/7 310/4 1095/9
f 315/1976 312/1975 291/1977
f 132/1278 133/1279 233/1276
f 233/1978 291/1977 312/1975
f 233/1276 312/1283 231/1282
f 312/1347 339/1351 314/1344
f 313/1342 314/1344 1096/1346
f 314/1344 296/1341 312/1347
f 262/2273 267/2274 266/2275
f 263/2276 262/2273 266/2275
f 83/547 372/553 149/550
f 245/625 77/618 81/615
f 257/1473 269/1469 259/1476
f 292/3 310/4 321/1
f 311/453 290/456 251/458
f 278/796 248/799 282/792
f 264/1468 265/1472 269/1469
f 250/780 325/785 236/778
f 236/778 206/772 250/780
f 185/791 181/787 207/790
f 237/70 255/82 258/51
f 118/196 146/200 328/197
f 332/607 127/608 336/610
f 256/97 273/60 255/82
f 333/1439 332/1438 230/1432
f 329/1180 334/1187 335/1189
f 1144/1188 335/1189 1175/1190
f 238/605 330/604 240/603
f 230/1432 338/1435 350/1437
f 286/151 326/142 284/163
f 319/1295 318/1296 253/1292
f 284/163 326/142 250/152
f 280/117 272/126 281/106
f 248/1294 319/1295 253/1292
f 310/4 316/13 1089/11
f 235/463 233/474 201/475
f 232/1767 231/1768 291/1769
f 252/455 310/454 292/457
f 306/1993 304/1995 305/1996
f 287/124 326/142 286/151
f 301/181 283/162 284/163
f 284/163 293/184 301/181
f 250/780 206/772 293/776
f 249/786 236/778 274/789
f 312/1283 296/1285 231/1282
f 292/1771 295/1770 291/1769
f 232/1767 291/1769 295/1770
f 235/463 203/460 292/457
f 300/788 217/779 219/784
f 251/458 290/456 210/459
f 282/792 274/789 275/793
f 253/464 251/458 187/470
f 247/795 282/792 248/799
f 225/585 257/592 259/589
f 279/2049 323/2050 258/2051
f 255/82 273/60 258/51
f 320/29 258/51 323/41
f 246/81 265/96 264/57
f 269/1469 257/1473 268/1470
f 269/1469 265/1472 260/1475
f 213/543 212/539 272/541
f 212/539 281/538 272/541
f 258/51 320/29 257/50
f 259/589 227/582 225/585
f 228/546 213/543 272/541
f 221/220 255/214 237/226
f 220/209 256/206 255/214
f 116/623 115/622 1146/633
f 175/465 177/472 251/458
f 154/462 252/455 203/460
f 293/776 284/783 250/780
f 244/800 247/795 248/799
f 218/1766 231/1768 232/1767
f 233/1276 231/1282 218/1280
f 219/784 217/779 195/777
f 206/772 200/771 261/774
f 94/613 127/608 119/612
f 237/226 53/233 221/220
f 94/1837 95/1836 109/1840
f 225/585 227/582 226/576
f 223/1645 226/1647 152/1648
f 118/196 144/199 124/201
f 109/2169 107/2170 215/2171
f 201/475 131/468 235/463
f 176/471 175/465 210/459
f 154/462 131/468 129/473
f 131/468 130/479 129/473
f 135/679 196/674 134/676
f 157/562 151/565 156/569
f 187/470 177/472 171/481
f 156/1924 164/1925 155/1926
f 156/569 155/571 157/562
f 351/228 148/221 126/225
f 193/690 191/671 138/686
f 71/240 53/233 156/247
f 89/579 87/567 352/575
f 120/210 121/219 148/221
f 115/622 254/614 1145/620
f 102/631 78/619 100/626
f 97/634 116/623 1177/643
f 78/619 119/612 100/626
f 119/612 78/619 94/613
f 7/313 8/299 1161/310
f 87/1827 89/1829 88/1828
f 117/203 82/211 145/207
f 365/227 367/232 369/218
f 149/564 70/574 69/572
f 13/254 367/232 54/241
f 54/241 55/255 13/254
f 6/222 366/216 82/211
f 10/288 9/295 4/292
f 392/439 15/444 16/432
f 47/411 381/416 20/421
f 15/444 31/425 1158/437
f 47/411 92/408 23/410
f 23/2277 85/2278 86/2279
f 384/290 29/287 30/284
f 24/414 1/423 46/417
f 363/638 61/648 1151/659
f 36/289 28/297 379/293
f 90/278 67/268 345/277
f 376/2197 377/2194 375/2196
f 344/555 371/558 373/557
f 358/580 352/575 69/572
f 69/572 87/567 149/564
f 69/572 357/578 358/580
f 59/224 369/218 367/232
f 48/639 245/625 49/649
f 368/234 351/228 54/241
f 347/2228 75/2229 99/2230
f 362/1989 364/1991 361/1990
f 359/647 62/630 360/635
f 360/635 62/630 81/615
f 60/213 356/208 80/205
f 125/624 355/636 99/637
f 148/221 351/228 123/215
f 77/618 245/625 57/629
f 125/624 57/629 355/636
f 77/618 125/624 119/612
f 373/557 372/553 344/555
f 87/567 69/572 352/575
f 153/561 151/565 157/562
f 89/253 71/240 156/247
f 312/2 321/1 1091/5
f 296/2157 315/2158 291/2155
f 248/1294 253/1292 243/1291
f 311/453 252/455 290/456
f 977/74 960/87 973/63
f 956/110 951/128 967/135
f 991/111 980/84 992/108
f 968/238 967/245 951/212
f 1180/165 956/110 1181/167
f 924/73 932/44 821/62
f 954/1134 978/1135 976/1136
f 273/60 979/52 279/34
f 1182/260 966/244 1183/263
f 1184/144 812/127 1185/134
f 989/119 956/110 812/127
f 991/111 989/119 994/129
f 816/120 994/129 812/127
f 1186/143 993/153 1187/164
f 956/110 967/135 1188/145
f 988/100 327/83 956/110
f 1185/134 956/110 1186/143
f 956/110 989/119 988/100
f 987/71 327/83 988/100
f 987/71 988/100 992/108
f 991/111 994/129 816/120
f 820/101 821/62 991/111
f 991/111 816/120 820/101
f 988/100 991/111 992/108
f 980/84 990/98 992/108
f 980/84 991/111 821/62
f 990/98 987/71 992/108
f 990/98 980/84 972/72
f 821/62 976/85 980/84
f 972/72 979/52 987/71
f 979/52 273/60 987/71
f 273/60 327/83 987/71
f 279/34 979/52 953/42
f 322/21 952/35 974/30
f 952/35 322/21 953/42
f 980/84 976/85 971/61
f 984/31 974/30 954/43
f 932/44 985/36 984/31
f 974/30 984/31 981/24
f 974/30 981/24 322/21
f 981/24 308/17 322/21
f 984/31 983/27 981/24
f 986/37 983/27 985/36
f 393/28 983/27 986/37
f 1085/23 393/28 1099/32
f 983/27 982/20 981/24
f 981/24 982/20 308/17
f 982/20 316/13 308/17
f 982/20 983/27 393/28
f 954/43 932/44 984/31
f 975/1201 960/1202 954/1203
f 975/1201 978/1204 960/1202
f 954/43 977/74 821/62
f 932/44 954/43 821/62
f 973/63 978/89 977/74
f 973/63 976/85 978/89
f 975/88 977/74 978/89
f 954/43 973/63 959/75
f 959/75 978/89 954/43
f 976/85 821/62 975/88
f 975/88 821/62 977/74
f 976/193 975/194 954/195
f 953/42 979/52 971/61
f 974/30 952/35 953/42
f 955/53 954/43 974/30
f 955/53 974/30 953/42
f 322/21 279/34 953/42
f 976/85 973/63 971/61
f 971/61 973/63 955/53
f 980/84 971/61 972/72
f 954/43 955/53 973/63
f 979/52 972/72 971/61
f 145/207 951/212 222/204
f 967/245 968/238 950/231
f 951/212 950/231 968/238
f 957/1927 958/1928 969/1929
f 970/1938 969/1939 958/1940
f 969/1929 970/1930 957/1927
f 951/212 145/207 354/217
f 966/244 961/237 1191/252
f 950/231 951/212 949/223
f 950/231 949/223 961/237
f 961/237 966/244 950/231
f 951/212 354/217 949/223
f 1193/250 965/243 1194/257
f 19/248 7/249 964/230
f 964/230 11/242 19/248
f 7/249 965/243 964/230
f 964/230 6/222 4/235
f 11/1736 18/1733 963/1735
f 19/248 11/242 963/256
f 19/1732 963/1735 18/1733
f 366/216 6/222 964/230
f 965/243 962/236 964/230
f 962/236 949/223 964/230
f 4/235 11/242 964/230
f 1194/257 7/249 1196/262
f 961/237 962/236 1197/251
f 82/211 366/216 145/207
f 962/236 961/237 949/223
f 1100/45 810/55 1101/66
f 393/28 986/37 1100/45
f 960/1202 959/1205 973/1206
f 978/1204 959/1205 960/1202
f 812/127 994/129 989/119
f 957/1941 970/1938 958/1940
f 956/110 327/83 222/118
f 222/118 951/128 956/110
f 988/100 989/119 991/111
f 990/98 972/72 987/71
f 984/31 985/36 983/27
f 954/43 960/87 977/74
f 955/53 953/42 971/61
f 950/231 966/244 967/245
f 949/223 354/217 145/207
f 366/216 949/223 145/207
f 964/230 949/223 366/216
f 710/864 765/865 807/866
f 755/1705 946/1706 881/1707
f 447/714 945/715 635/716
f 895/801 1060/802 894/803
f 705/1354 706/1355 941/1356
f 760/1979 1079/1980 915/1981
f 792/1413 794/1414 795/1415
f 872/887 863/888 721/889
f 943/743 720/751 873/755
f 840/1830 848/1831 485/1832
f 696/485 527/486 769/487
f 847/498 699/502 848/500
f 906/522 844/516 843/507
f 849/490 856/492 869/495
f 829/1684 692/1685 691/1686
f 835/533 837/523 784/526
f 783/991 767/992 780/993
f 909/320 796/321 933/322
f 933/2016 916/2017 934/2018
f 1076/1781 760/1782 729/1783
f 1075/1737 916/1738 786/1739
f 778/871 807/866 762/868
f 739/121 818/112 670/130
f 800/805 801/808 926/804
f 927/1604 733/1605 888/1606
f 750/1156 882/1157 1016/1158
f 739/121 791/138 789/122
f 728/1985 910/1984 911/1986
f 1070/1788 798/1791 1067/1790
f 920/326 797/323 909/320
f 919/329 920/326 1068/334
f 730/1901 899/1902 785/1903
f 914/512 731/513 913/504
f 900/1428 921/1425 883/1420
f 862/2136 846/2137 849/2138
f 856/492 849/490 769/487
f 883/1420 912/1417 782/1423
f 886/1797 897/1798 773/1799
f 895/1330 1058/1331 896/1332
f 889/1137 891/1138 890/1139
f 885/908 884/907 877/913
f 875/898 876/903 871/901
f 867/760 557/756 873/755
f 770/940 865/941 735/942
f 868/1998 1017/1999 867/2000
f 762/1440 763/1441 827/1442
f 834/1191 831/1192 832/1193
f 770/2003 475/2004 771/2002
f 771/765 475/767 665/764
f 557/756 867/760 665/764
f 849/490 698/488 769/487
f 698/1792 845/1793 840/1794
f 840/1830 845/1834 848/1831
f 723/1942 722/1943 851/1944
f 855/1572 854/1573 852/1574
f 769/487 527/486 850/489
f 857/1575 861/1577 855/1572
f 860/352 859/346 856/359
f 857/1575 852/1574 856/1576
f 855/2231 853/2232 854/2233
f 854/380 853/364 852/372
f 853/364 856/359 852/372
f 849/2138 869/2139 862/2136
f 485/497 848/500 699/502
f 698/488 696/485 769/487
f 845/493 846/496 847/498
f 686/509 839/511 837/523
f 689/997 687/998 837/995
f 690/1690 836/1689 691/1686
f 698/488 484/491 696/485
f 839/2166 686/2167 699/2168
f 837/995 836/996 689/997
f 780/993 835/994 783/991
f 767/1447 828/1445 829/1446
f 848/500 845/493 847/498
f 698/488 849/490 845/493
f 699/502 843/507 839/511
f 839/511 844/516 837/523
f 843/507 844/516 839/511
f 475/946 772/943 681/949
f 844/516 906/522 837/523
f 906/522 784/526 837/523
f 784/526 781/532 835/533
f 781/532 767/536 783/535
f 775/1265 776/1266 828/1267
f 691/1686 836/1689 780/1687
f 687/519 686/509 837/523
f 835/994 780/993 837/995
f 780/993 836/996 837/995
f 694/870 483/877 829/878
f 763/1441 833/1444 829/1446
f 807/866 765/865 762/868
f 828/1267 766/1268 775/1265
f 765/865 833/872 762/868
f 819/1195 832/1193 831/1192
f 735/942 865/941 937/944
f 834/1191 832/1193 830/1194
f 831/1197 834/1198 830/1199
f 830/1199 819/1200 831/1197
f 822/1852 830/1853 832/1854
f 828/1445 763/1441 829/1446
f 807/1272 778/1274 777/1271
f 763/1441 828/1445 827/1442
f 779/968 678/969 676/970
f 676/970 702/971 779/968
f 732/974 702/971 676/970
f 817/140 673/160 672/172
f 819/137 830/156 467/149
f 678/969 779/968 826/972
f 679/975 678/969 826/972
f 670/980 679/975 826/972
f 674/150 494/171 673/160
f 672/172 667/161 817/140
f 667/161 467/149 817/140
f 467/149 830/156 822/148
f 815/131 817/140 818/112
f 674/150 673/160 817/140
f 818/112 819/137 670/130
f 670/130 823/136 739/121
f 822/148 818/112 467/149
f 822/148 819/137 818/112
f 926/2280 801/2281 799/2282
f 816/120 811/146 814/139
f 818/112 820/101 816/120
f 815/131 818/112 816/120
f 818/112 817/140 467/149
f 814/139 674/150 815/131
f 814/139 811/146 1201/158
f 1200/159 814/139 1203/169
f 779/968 734/985 813/981
f 817/140 815/131 674/150
f 816/120 814/139 815/131
f 812/127 811/146 816/120
f 923/1173 922/1177 911/1171
f 986/37 985/36 930/54
f 1084/65 1082/78 918/67
f 810/340 918/330 928/335
f 986/37 918/67 810/55
f 1082/325 1081/327 918/330
f 986/37 1084/65 918/67
f 930/54 1083/93 1082/78
f 930/54 1084/65 986/37
f 928/335 918/330 1081/327
f 1082/78 1084/65 930/54
f 907/1742 1083/1743 930/1745
f 933/322 796/321 1083/324
f 796/321 1082/325 1083/324
f 916/1738 933/1746 1083/1743
f 1081/327 797/323 398/331
f 1082/325 797/323 1081/327
f 928/335 1081/327 398/331
f 930/1745 929/1747 907/1742
f 907/1742 916/1738 1083/1743
f 915/76 787/90 930/54
f 745/1864 787/1865 1071/1866
f 787/1865 1079/1869 1071/1866
f 742/92 931/77 804/103
f 915/76 1079/102 787/90
f 915/831 1080/829 743/828
f 744/64 1080/91 915/76
f 929/1871 930/1872 787/1865
f 743/828 744/823 910/824
f 910/1984 1072/1983 743/1982
f 930/54 932/44 744/64
f 930/54 985/36 932/44
f 738/86 925/113 931/77
f 742/815 741/819 744/823
f 925/113 805/114 931/77
f 932/44 924/73 931/77
f 744/64 932/44 931/77
f 800/805 894/803 740/807
f 800/805 804/811 736/814
f 931/77 924/73 738/86
f 925/827 789/830 788/826
f 824/147 739/121 823/136
f 739/121 824/147 791/138
f 739/121 738/86 818/112
f 813/981 823/976 779/968
f 779/968 823/976 826/972
f 789/122 738/86 739/121
f 738/86 820/101 818/112
f 748/1168 747/1169 1078/1165
f 894/1167 893/1162 935/1172
f 926/804 895/801 894/803
f 1055/813 1059/809 1056/806
f 927/1803 888/1801 773/1799
f 825/1144 1052/1142 1053/1141
f 1052/1142 825/1144 774/1146
f 776/922 775/923 792/924
f 701/1610 802/1608 733/1605
f 774/1146 791/1148 824/1152
f 790/825 1054/817 806/820
f 740/807 935/812 1074/816
f 940/1175 1074/1176 747/1169
f 1074/1176 935/1172 747/1169
f 800/805 740/807 804/811
f 736/814 737/818 803/822
f 824/1152 823/1155 774/1146
f 741/819 740/807 1074/816
f 702/2052 701/2053 779/2054
f 813/1607 734/1609 733/1605
f 823/1155 813/1153 774/1146
f 733/1605 927/1604 813/1607
f 927/1150 774/1146 813/1153
f 791/1148 774/1146 825/1144
f 939/1145 790/1143 825/1144
f 914/512 898/525 730/524
f 898/525 899/531 730/524
f 729/1783 922/1787 923/1784
f 1079/2095 760/2096 1071/2097
f 729/1783 728/1786 922/1787
f 909/320 934/343 898/337
f 1073/2234 898/2235 917/2236
f 786/1904 785/1903 1075/1905
f 898/337 1077/333 909/320
f 847/498 846/496 1065/501
f 1075/2021 1073/2022 917/2020
f 916/2017 1075/2021 917/2020
f 401/338 399/344 919/329
f 786/1789 1076/1781 1067/1790
f 923/1784 1070/1788 1076/1781
f 730/524 731/513 914/512
f 923/1784 1076/1781 729/1783
f 914/512 1077/517 898/525
f 904/328 909/320 1077/333
f 905/332 920/326 904/328
f 920/326 909/320 904/328
f 899/2183 898/2184 1073/2185
f 761/1785 760/1782 1076/1781
f 920/326 919/329 797/323
f 785/1903 899/1902 1075/1905
f 910/1178 940/1175 759/1174
f 1075/2186 899/2183 1073/2185
f 786/1739 916/1738 761/1740
f 761/1785 1076/1781 786/1789
f 910/1178 759/1174 911/1171
f 749/1161 750/1156 921/1163
f 399/344 396/339 919/329
f 940/1175 747/1169 748/1168
f 396/339 405/345 398/331
f 760/2096 761/2098 1071/2097
f 908/1741 761/1740 916/1738
f 916/1738 907/1742 908/1741
f 907/1742 746/1744 908/1741
f 929/1747 746/1744 907/1742
f 929/1871 787/1865 746/1868
f 910/1178 1074/1176 940/1175
f 728/1985 1072/1983 910/1984
f 745/1864 1071/1866 761/1867
f 917/2020 934/2018 916/2017
f 743/1982 1072/1983 760/1979
f 915/1981 743/1982 760/1979
f 933/2016 934/2018 909/2019
f 796/321 909/320 797/323
f 905/332 1065/336 1066/342
f 1066/342 859/346 860/352
f 782/1423 1069/1427 883/1420
f 1070/2172 731/2173 798/2174
f 1064/1418 883/1420 921/1425
f 795/1415 1064/1418 1016/1422
f 1069/1166 911/1171 749/1161
f 843/507 731/513 923/518
f 1069/1166 749/1161 921/1163
f 1069/1427 900/1428 883/1420
f 843/507 913/504 731/513
f 1065/501 913/504 847/498
f 403/348 401/338 1066/342
f 919/329 1068/334 401/338
f 1068/334 1066/342 401/338
f 1068/334 920/326 905/332
f 911/1171 759/1174 749/1161
f 923/1173 911/1171 1069/1166
f 1070/1788 1067/1790 1076/1781
f 914/512 904/508 1077/517
f 904/328 1065/336 905/332
f 923/2175 731/2173 1070/2172
f 913/504 904/508 914/512
f 1069/1427 782/1423 923/1429
f 859/346 846/351 862/358
f 859/346 1066/342 1065/336
f 923/518 784/526 843/507
f 923/518 782/529 784/526
f 843/507 847/498 913/504
f 906/522 843/507 784/526
f 782/529 880/534 781/532
f 843/507 699/502 847/498
f 856/1576 1001/1578 857/1575
f 860/352 853/364 858/367
f 860/352 856/359 853/364
f 846/351 859/346 1065/336
f 862/358 869/363 859/346
f 792/2058 903/2059 751/2060
f 946/1419 903/1416 795/1415
f 755/2062 751/2060 903/2059
f 756/2061 792/2058 751/2060
f 776/922 792/924 793/925
f 838/1489 757/1490 1015/1491
f 755/1705 1063/1708 758/1711
f 881/2083 946/2084 882/2085
f 946/1419 795/1415 1016/1422
f 753/1492 1015/1491 706/1495
f 892/2086 881/2083 882/2085
f 750/1426 1016/1422 1064/1418
f 892/1159 882/1157 750/1156
f 896/1712 757/1714 1063/1708
f 881/1707 892/1713 1061/1710
f 1051/1493 841/1497 1015/1491
f 757/1334 896/1332 1058/1331
f 1061/1710 895/1715 896/1712
f 757/1490 1051/1493 1015/1491
f 1062/1337 901/1333 878/1336
f 1063/1708 757/1714 758/1711
f 757/1334 901/1333 1062/1337
f 757/1334 1058/1331 901/1333
f 1019/1496 1062/1499 878/1501
f 877/1505 884/1503 878/1501
f 757/1490 1062/1499 1019/1496
f 1019/1496 1051/1493 757/1490
f 870/909 871/901 885/908
f 881/1707 1063/1708 755/1705
f 775/923 879/926 792/924
f 1064/1418 795/1415 794/1414
f 794/1414 883/1420 1064/1418
f 781/931 880/929 775/923
f 775/923 766/934 781/931
f 827/1269 828/1267 776/1266
f 807/1272 777/1271 776/1266
f 776/1266 710/1273 807/1272
f 892/1159 893/1162 1060/1164
f 1059/1335 1055/1338 878/1336
f 1057/1160 1078/1165 893/1162
f 1057/1160 748/1168 1078/1165
f 747/1169 893/1162 1078/1165
f 1057/1160 892/1159 750/1156
f 1061/1710 892/1713 895/1715
f 1056/806 1059/809 895/801
f 799/810 1056/806 926/804
f 892/1713 1060/1716 895/1715
f 895/801 926/804 1056/806
f 893/1162 894/1167 1060/1164
f 940/1175 748/1168 749/1161
f 901/1333 1058/1331 895/1330
f 1059/1335 901/1333 895/1330
f 749/1161 1057/1160 750/1156
f 878/1336 1055/1338 889/1339
f 1053/1141 891/1138 1054/1140
f 790/1143 1053/1141 1054/1140
f 877/913 889/917 1052/915
f 1052/1142 890/1139 1053/1141
f 773/1147 897/1151 1052/1142
f 790/1143 939/1145 1053/1141
f 1053/2213 939/2214 825/2215
f 890/1139 891/1138 1053/1141
f 1055/813 799/810 1054/817
f 1052/915 897/918 886/916
f 888/1801 944/1804 936/1800
f 888/1801 936/1800 773/1799
f 886/1797 936/1800 887/1802
f 937/944 888/950 802/947
f 944/1804 870/1805 936/1800
f 1052/915 886/916 885/908
f 886/916 887/914 885/908
f 871/901 876/903 885/908
f 871/901 938/899 875/898
f 876/903 884/907 885/908
f 889/917 902/919 878/921
f 1019/1496 878/1501 884/1503
f 877/913 902/919 889/917
f 878/1501 902/1507 877/1505
f 885/908 877/913 1052/915
f 1014/896 1018/900 875/898
f 1054/1340 889/1339 1055/1338
f 890/920 1052/915 889/917
f 870/1805 887/1802 936/1800
f 870/909 944/904 871/901
f 870/909 885/908 887/914
f 1036/1360 851/1362 705/1354
f 944/904 938/899 871/901
f 864/902 865/905 770/911
f 865/905 938/899 937/910
f 938/899 944/904 937/910
f 735/942 937/944 802/947
f 948/2298 809/2299 842/2300
f 948/2298 947/2301 809/2299
f 725/1545 719/1546 724/1547
f 1003/1370 725/1375 717/1373
f 755/1498 838/1489 752/1494
f 948/2269 842/2270 1008/2271
f 710/930 776/922 709/927
f 838/1489 1015/1491 753/1492
f 858/367 516/381 997/375
f 874/750 562/754 622/747
f 776/922 793/925 709/927
f 709/927 1046/935 711/932
f 727/1658 1046/1659 942/1660
f 1030/730 1042/734 1032/737
f 1033/1366 716/1371 1024/1365
f 1010/1361 941/1356 1002/1364
f 921/1163 900/1170 1069/1166
f 851/1362 1036/1360 723/1369
f 656/749 1047/735 655/745
f 658/727 1049/723 1035/720
f 658/1855 660/1856 661/1857
f 1030/730 1038/733 1035/720
f 1048/1020 945/1021 1044/1022
f 1027/1023 1044/1022 636/1025
f 1027/1023 637/1027 662/1030
f 662/875 442/876 764/867
f 636/1025 637/1027 1027/1023
f 1020/1582 999/1580 768/1579
f 1021/938 711/932 1046/935
f 1027/1023 1028/1031 1026/1028
f 1022/1554 1050/1551 1025/1549
f 1043/1032 1042/1039 1029/1035
f 1050/1551 1022/1554 726/1553
f 717/1548 1050/1551 726/1553
f 724/1547 714/1550 1025/1549
f 717/1548 1025/1549 1050/1551
f 1029/726 1035/720 1034/722
f 1035/720 1039/731 658/727
f 1035/2187 1038/2188 1039/2189
f 945/715 1048/718 661/717
f 1048/718 1034/722 1035/720
f 1035/720 661/717 1048/718
f 661/717 635/716 945/715
f 1049/723 661/717 1035/720
f 1048/1020 1027/1023 1034/1026
f 1011/1357 1036/1360 705/1354
f 705/1354 941/1356 1011/1357
f 1039/731 1047/735 658/727
f 661/717 628/719 635/716
f 656/768 658/769 1047/770
f 661/1857 1049/1858 658/1855
f 1037/739 1040/738 1039/731
f 1047/735 1039/731 1040/738
f 447/1024 636/1025 1044/1022
f 661/717 618/721 628/719
f 945/1021 447/1024 1044/1022
f 1033/1366 1011/1357 1010/1361
f 1046/935 709/927 1045/936
f 722/933 1045/936 709/927
f 942/1660 1046/1659 1045/1662
f 722/1665 723/1666 942/1660
f 942/1660 1023/1661 727/1658
f 1026/1028 714/1038 724/1040
f 1021/873 764/867 711/869
f 764/867 1021/873 662/875
f 715/1552 1025/1549 714/1550
f 1006/1359 941/1356 706/1355
f 943/743 1031/740 1032/737
f 1012/741 1004/748 943/743
f 718/890 721/889 712/891
f 721/889 718/890 872/887
f 1042/1039 1043/1032 719/1036
f 943/743 874/750 622/747
f 1010/1361 1003/1370 1033/1366
f 1029/1035 1034/1026 1043/1032
f 717/1548 725/1545 724/1547
f 943/743 622/747 1031/740
f 1042/734 1012/741 1032/737
f 719/1377 725/1375 712/1372
f 724/1040 719/1036 1026/1028
f 719/1036 1043/1032 1026/1028
f 1034/1026 1026/1028 1043/1032
f 715/1034 1026/1028 1028/1031
f 1011/1357 1033/1366 1024/1365
f 1024/1365 1036/1360 1011/1357
f 717/1373 1033/1366 1003/1370
f 1032/737 1031/740 1030/730
f 622/747 1041/746 1031/740
f 1037/739 1031/740 1041/746
f 1031/740 1037/739 1030/730
f 1041/746 1040/738 1037/739
f 1040/738 1041/746 593/744
f 1041/746 622/747 593/744
f 1039/731 1038/733 1030/730
f 1039/731 1030/730 1037/739
f 1035/720 1029/726 1030/730
f 1042/734 1030/730 1029/726
f 1026/1028 1034/1026 1027/1023
f 662/1030 1021/1037 1028/1031
f 1027/1023 662/1030 1028/1031
f 1021/1037 715/1034 1028/1031
f 942/1660 1024/1663 1023/1661
f 715/1552 1021/1555 1025/1549
f 723/1369 1036/1360 1024/1365
f 942/1660 723/1666 1024/1663
f 1024/1365 716/1371 1023/1374
f 716/1667 726/1664 1023/1661
f 1025/1549 1021/1555 1022/1554
f 727/1556 1022/1554 1021/1555
f 722/1665 942/1660 1045/1662
f 867/760 771/765 665/764
f 1005/753 873/755 557/756
f 437/766 665/764 475/767
f 873/755 866/758 867/760
f 771/2002 1017/1999 864/2001
f 557/756 556/757 874/750
f 874/750 1005/753 557/756
f 864/902 1013/897 938/899
f 876/903 875/898 1018/900
f 1013/897 864/902 868/906
f 999/1110 1020/1111 519/1112
f 855/379 996/384 858/367
f 768/1579 861/1577 857/1575
f 853/364 855/379 858/367
f 852/1574 857/1575 855/1572
f 1001/1908 856/1909 850/1910
f 709/927 793/925 756/928
f 946/2084 1016/2087 882/2085
f 722/1943 756/1945 851/1944
f 1063/1708 1061/1710 896/1712
f 706/1355 842/1363 1006/1359
f 695/1833 840/1830 485/1832
f 708/2261 707/2262 1009/2263
f 841/1497 1051/1493 1019/1496
f 706/1355 841/1367 842/1363
f 753/1492 752/1494 838/1489
f 1007/892 872/887 718/890
f 708/2150 1009/2151 948/2152
f 708/1502 841/1497 1019/1496
f 1009/2263 707/2262 1014/2265
f 708/1502 1019/1496 884/1503
f 884/907 1018/900 708/912
f 938/899 1013/897 875/898
f 876/903 1018/900 884/907
f 1013/759 868/762 866/758
f 1013/897 1014/896 875/898
f 863/1649 872/1650 720/1651
f 866/758 720/751 1013/759
f 866/758 873/755 720/751
f 720/751 872/763 1013/759
f 872/887 1009/894 1014/896
f 708/2150 948/2152 1008/2153
f 708/2203 1008/2204 809/2205
f 841/1497 708/1502 809/1504
f 842/2270 841/2272 1008/2271
f 706/1355 705/1354 754/1358
f 1006/1359 842/1363 1007/1368
f 948/2207 1007/2208 947/2209
f 713/1653 1012/1655 719/1656
f 753/1946 851/1944 756/1945
f 753/1946 754/1947 851/1944
f 705/1354 851/1362 754/1358
f 1006/1359 1007/1368 1002/1364
f 947/2209 842/2210 808/2211
f 808/2211 1008/2212 947/2209
f 841/1497 809/1504 947/1506
f 841/2295 947/2296 1008/2297
f 842/2210 947/2209 1007/2208
f 1007/2154 948/2152 1009/2151
f 1007/2162 718/2163 1002/2164
f 873/755 1005/753 943/743
f 1004/748 720/751 943/743
f 1005/753 874/750 943/743
f 712/1372 1003/1370 1002/1364
f 941/1356 1006/1359 1002/1364
f 1002/1364 1003/1370 1010/1361
f 1010/1361 1011/1357 941/1356
f 764/867 442/876 440/874
f 703/396 704/397 995/388
f 999/1580 998/1581 861/1577
f 1001/1578 768/1579 857/1575
f 855/379 861/391 995/388
f 1000/2099 533/2100 703/2101
f 861/1577 768/1579 999/1580
f 531/2102 532/2104 704/2103
f 532/392 996/384 995/388
f 532/392 995/388 704/397
f 531/2102 703/2101 533/2100
f 703/2251 998/2252 1000/2253
f 998/1581 703/1583 861/1577
f 519/1112 1000/1113 999/1110
f 758/1500 838/1489 755/1498
f 394/356 400/349 399/344
f 513/386 516/381 858/367
f 407/369 408/361 1105/377
f 1105/377 997/375 1107/385
f 858/367 996/384 513/386
f 408/361 858/367 997/375
f 860/352 408/361 403/348
f 1108/387 516/381 1109/390
f 860/352 858/367 408/361
f 861/391 703/396 995/388
f 532/392 513/386 996/384
f 995/388 996/384 855/379
f 408/361 407/369 402/355
f 408/361 402/355 403/348
f 402/355 407/369 1111/376
f 406/360 402/355 1112/368
f 406/360 401/338 402/355
f 401/338 403/348 402/355
f 401/338 406/360 1117/354
f 399/344 401/338 1118/347
f 396/339 399/344 400/349
f 798/1791 786/1789 1067/1790
f 928/335 398/331 397/341
f 395/370 394/356 1122/378
f 394/356 395/370 404/350
f 405/345 397/341 398/331
f 404/350 397/341 396/339
f 405/345 396/339 397/341
f 1102/357 404/350 1114/362
f 1113/371 395/370 1123/383
f 810/340 397/341 404/350
f 809/2299 808/2302 842/2300
f 1008/2204 808/2206 809/2205
f 732/945 680/948 772/943
f 806/820 803/822 788/826
f 805/821 737/818 804/811
f 789/1154 791/1148 788/1149
f 799/810 736/814 806/820
f 930/54 744/64 915/76
f 786/1904 730/1901 785/1903
f 866/758 868/762 867/760
f 670/980 826/972 823/976
f 880/1424 912/1417 879/1421
f 738/86 924/73 821/62
f 925/827 788/826 803/822
f 799/810 801/808 800/805
f 744/823 741/819 910/824
f 786/1904 798/1907 731/1906
f 398/331 797/323 919/329
f 1065/501 904/508 913/504
f 1068/334 905/332 1066/342
f 793/925 792/924 756/928
f 794/1414 912/1417 883/1420
f 825/1144 788/1149 791/1148
f 742/815 804/811 740/807
f 880/929 879/926 775/923
f 772/943 770/940 735/942
f 475/946 700/954 437/958
f 475/946 770/940 772/943
f 850/1910 527/1912 768/1911
f 527/1912 1020/1913 768/1911
f 856/359 859/346 869/363
f 850/489 856/492 769/487
f 849/490 846/496 845/493
f 828/1267 767/1270 766/1268
f 764/867 694/870 765/865
f 833/872 765/865 694/870
f 833/1444 763/1441 762/1440
f 833/872 694/870 829/878
f 766/934 767/937 781/931
f 783/535 835/533 781/532
f 691/1686 780/1687 829/1684
f 782/529 781/532 784/526
f 829/1446 780/1448 767/1447
f 777/1271 827/1269 776/1266
f 772/943 680/948 681/949
f 777/1271 778/1274 762/1275
f 819/1195 822/1196 832/1193
f 827/1442 777/1443 762/1440
f 779/968 701/988 734/985
f 676/970 680/979 732/974
f 803/822 737/818 805/821
f 467/149 670/130 819/137
f 894/803 935/812 740/807
f 821/62 820/101 738/86
f 927/1150 773/1147 774/1146
f 928/335 397/341 810/340
f 1082/325 796/321 797/323
f 760/1979 1072/1983 728/1985
f 745/1864 908/1870 746/1868
f 743/828 1080/829 744/823
f 744/64 931/77 742/92
f 931/77 805/114 804/103
f 925/827 803/822 805/821
f 737/818 736/814 804/811
f 789/122 925/113 738/86
f 1054/817 799/810 806/820
f 894/803 800/805 926/804
f 735/942 802/947 732/945
f 802/1608 702/1611 732/1612
f 774/1146 773/1147 1052/1142
f 734/1609 701/1610 733/1605
f 790/825 806/820 788/826
f 803/822 806/820 736/814
f 1074/816 910/824 741/819
f 741/819 742/815 740/807
f 825/1144 790/1143 788/1149
f 736/814 799/810 800/805
f 786/1904 731/1906 730/1901
f 911/1986 922/1987 728/1985
f 760/1782 728/1786 729/1783
f 919/329 396/339 398/331
f 934/2237 917/2236 898/2235
f 749/1161 759/1174 940/1175
f 787/1865 745/1864 746/1868
f 761/1867 908/1870 745/1864
f 403/348 1066/342 860/352
f 755/1705 903/1709 946/1706
f 757/2248 838/2249 758/2250
f 1063/1708 881/1707 1061/1710
f 754/1947 753/1946 706/1948
f 755/2062 752/2063 751/2060
f 903/1416 792/1413 795/1415
f 794/1414 792/1413 912/1417
f 782/1423 912/1417 880/1424
f 748/2245 1057/2246 749/2247
f 912/1417 792/1413 879/1421
f 750/1426 1064/1418 921/1425
f 878/1336 901/1333 1059/1335
f 747/1169 935/1172 893/1162
f 799/810 1055/813 1056/806
f 892/1159 1057/1160 893/1162
f 1054/1140 891/1138 889/1137
f 732/945 772/943 735/942
f 888/1606 733/1605 802/1608
f 936/1800 886/1797 773/1799
f 944/2108 888/2109 937/2110
f 1018/2264 1014/2265 707/2262
f 938/899 865/905 864/902
f 1003/1370 712/1372 725/1375
f 713/1653 721/1652 720/1651
f 721/1652 863/1649 720/1651
f 756/2061 751/2060 752/2063
f 1027/1023 1048/1020 1044/1022
f 1046/935 727/939 1021/938
f 1022/1668 727/1658 726/1664
f 1023/1661 726/1664 727/1658
f 650/742 1047/735 1040/738
f 1012/1655 1042/1657 719/1656
f 722/933 709/927 756/928
f 943/743 1032/737 1012/741
f 712/891 713/893 719/895
f 1033/1366 717/1373 716/1371
f 1026/1028 715/1034 714/1038
f 1025/1549 717/1548 724/1547
f 726/1376 716/1371 717/1373
f 616/880 442/876 662/875
f 556/757 562/754 874/750
f 771/2002 867/2000 1017/1999
f 864/2001 1017/1999 868/1998
f 711/932 710/930 709/927
f 1020/1111 527/1114 519/1112
f 850/1910 768/1911 1001/1908
f 698/1792 840/1794 695/1795
f 841/1497 706/1495 1015/1491
f 756/2061 752/2063 753/2064
f 1018/2264 707/2262 708/2261
f 1012/1655 713/1653 1004/1654
f 1013/897 872/887 1014/896
f 713/1653 720/1651 1004/1654
f 1007/892 1009/894 872/887
f 764/867 710/864 711/869
f 721/889 713/893 712/891
f 712/2165 1002/2164 718/2163
f 764/867 765/865 710/864
f 531/2102 704/2103 703/2101
f 1000/2253 998/2252 999/2254
f 394/356 399/344 1119/353
f 394/356 404/350 396/339
f 396/339 400/349 394/356
f 702/1611 802/1608 701/1610
f 864/2001 770/2003 771/2002
f 577/1623 578/1624 576/1625
f 486/1207 520/1208 487/1209
f 553/1297 435/1298 555/1299
f 663/1041 491/1042 496/1043
f 428/1399 583/1400 429/1401
f 526/1007 524/1011 565/1013
f 433/1054 482/1056 423/1051
f 449/1669 566/1670 436/1671
f 551/1300 553/1297 598/1302
f 434/1218 498/1212 477/1214
f 541/499 693/506 537/503
f 542/1717 528/1718 537/1719
f 522/1005 523/1001 552/1006
f 523/1001 486/1002 525/1004
f 575/1679 697/1674 480/1678
f 494/171 683/178 673/160
f 573/1049 493/1044 427/1046
f 496/1043 497/1045 579/1047
f 1204/2005 497/2006 1205/2007
f 1205/2007 491/2009 1206/2011
f 427/1046 493/1044 496/1043
f 593/1071 562/1072 591/1073
f 676/955 479/953 474/951
f 700/954 572/960 437/958
f 572/960 700/954 574/957
f 480/1678 697/1674 566/1670
f 523/1001 688/999 520/1000
f 690/1690 487/1691 689/1692
f 664/505 541/499 699/502
f 470/1008 664/1003 522/1005
f 695/1833 485/1832 484/1835
f 528/1119 518/1116 696/1117
f 695/1795 484/1796 698/1792
f 527/1114 696/1117 518/1116
f 699/502 686/509 664/505
f 664/1003 688/999 523/1001
f 483/877 694/870 440/874
f 664/1003 523/1001 522/1005
f 485/497 699/502 541/499
f 680/979 676/970 474/984
f 541/499 528/494 485/497
f 535/1246 469/1247 536/1248
f 535/1806 536/1807 538/1808
f 417/510 549/515 537/503
f 537/503 549/515 469/521
f 518/1116 528/1119 543/1118
f 537/503 528/494 541/499
f 480/956 479/953 472/959
f 686/509 687/519 688/514
f 1251/963 472/959 1254/965
f 690/1690 691/1686 478/1688
f 829/878 483/877 692/883
f 688/514 664/505 686/509
f 687/998 689/997 688/999
f 692/1685 478/1688 691/1686
f 476/885 499/886 478/882
f 477/879 478/882 483/877
f 474/951 681/949 680/948
f 480/956 574/957 495/952
f 489/182 684/185 683/178
f 490/1387 684/1388 489/1389
f 685/1390 493/1392 490/1387
f 489/1478 492/1479 685/1480
f 1243/168 467/149 1263/174
f 494/171 489/182 683/178
f 489/1389 685/1390 490/1387
f 683/178 684/185 1260/189
f 682/180 666/179 683/178
f 669/173 667/161 682/180
f 682/180 683/178 1265/190
f 1261/183 682/180 1266/186
f 677/987 671/990 1242/989
f 466/1378 669/1379 1268/1380
f 472/959 479/953 473/962
f 479/978 676/970 473/973
f 678/969 473/973 676/970
f 669/1379 675/1382 668/1385
f 679/1748 677/1749 678/1750
f 675/1382 466/1378 467/1386
f 669/1379 466/1378 675/1382
f 1210/2077 494/2078 1211/2079
f 1263/1384 466/1378 1269/1381
f 683/178 666/179 673/160
f 679/1748 670/1752 671/1751
f 467/149 671/157 670/130
f 669/1379 668/1385 467/1386
f 682/180 667/161 666/179
f 672/172 673/160 666/179
f 467/1386 668/1385 675/1382
f 667/161 669/173 467/149
f 667/161 672/172 666/179
f 1213/177 674/150 1214/176
f 581/1409 439/1406 1273/1407
f 558/761 665/764 437/766
f 558/761 557/756 665/764
f 582/1058 460/1055 425/1053
f 547/1584 548/1585 611/1586
f 650/742 1040/738 593/744
f 654/1863 651/1862 659/1859
f 520/1000 486/1002 523/1001
f 419/1613 530/1614 533/1615
f 625/832 444/833 626/834
f 528/1718 542/1717 413/1721
f 414/1121 543/1118 528/1119
f 611/1586 548/1585 612/1588
f 534/1949 517/1950 1277/1951
f 433/1054 439/1057 1281/1060
f 539/1844 535/1845 538/1846
f 690/1690 689/1692 836/1689
f 685/1480 492/1479 663/1482
f 460/1405 583/1400 432/1403
f 583/1400 582/1404 429/1401
f 464/1449 564/1450 567/1451
f 548/1252 536/1248 468/1250
f 567/1451 568/1452 464/1449
f 543/1118 414/1121 540/1122
f 556/1914 465/1915 562/1916
f 500/2044 609/2045 418/2046
f 596/1314 589/1315 590/1308
f 568/1452 550/1455 604/1456
f 611/1586 608/1589 422/1587
f 613/1259 610/1254 1285/1258
f 614/1593 615/1590 612/1588
f 1287/1262 613/1259 1288/1264
f 647/1086 649/1083 605/1082
f 641/2140 640/2141 1215/2142
f 625/1557 624/1558 623/1559
f 626/1029 636/1025 447/1024
f 634/1525 649/1526 652/1527
f 463/851 412/848 456/840
f 649/1083 647/1086 646/1088
f 454/1220 584/1221 639/1222
f 584/1508 592/1509 645/1510
f 649/1083 634/1085 651/1081
f 640/1232 452/1234 1217/1237
f 660/1856 659/1859 657/1860
f 1047/735 650/742 655/745
f 427/1046 423/1051 573/1049
f 637/839 451/842 616/845
f 637/839 633/836 451/842
f 637/1027 616/1033 662/1030
f 596/1090 603/1091 601/1092
f 590/1017 529/1010 551/1015
f 652/1527 648/1529 1295/1533
f 447/1565 635/1566 446/1562
f 651/1862 657/1860 659/1859
f 594/2190 653/2191 650/2192
f 654/2125 655/2126 651/2127
f 620/1087 657/1089 651/1081
f 657/728 618/721 660/724
f 658/1855 656/1861 659/1859
f 656/1861 654/1863 659/1859
f 653/2191 655/2193 650/2192
f 655/2126 653/2128 651/2127
f 634/1525 652/1527 1297/1528
f 649/1083 651/1081 585/1080
f 660/1856 658/1855 659/1859
f 648/1529 646/1532 1284/1535
f 660/724 618/721 661/717
f 651/1081 594/1076 585/1080
f 649/1526 646/1532 648/1529
f 585/1080 605/1082 649/1083
f 647/1086 605/1082 587/1084
f 587/1084 646/1088 647/1086
f 587/1458 586/1454 604/1456
f 592/1509 580/1513 455/1514
f 453/1512 592/1509 455/1514
f 461/1226 642/1223 639/1222
f 453/1512 645/1510 592/1509
f 454/1220 639/1222 642/1223
f 584/1221 645/1224 639/1222
f 462/1225 643/1231 638/1233
f 1374/1238 1221/1241 1375/1243
f 645/1224 453/1228 461/1226
f 1222/1242 641/1236 1225/1245
f 638/1233 643/1231 641/1236
f 453/1228 452/1234 640/1232
f 640/1232 461/1226 453/1228
f 640/1232 643/1231 461/1226
f 461/1226 643/1231 462/1225
f 461/1226 639/1222 645/1224
f 1290/1230 638/1233 1303/1235
f 1221/1241 644/1239 1224/1244
f 454/1220 462/1225 1289/1227
f 629/1534 619/1542 620/1538
f 450/837 444/833 445/835
f 618/721 617/725 628/719
f 620/1087 651/1081 634/1085
f 634/1525 629/1534 620/1538
f 620/732 618/721 657/728
f 632/729 618/721 620/732
f 445/835 456/840 450/837
f 633/836 626/834 444/833
f 626/834 633/836 637/839
f 637/1027 636/1025 626/1029
f 444/833 625/832 445/835
f 447/1565 446/1562 626/1560
f 1293/843 445/835 1306/846
f 621/841 627/844 445/835
f 624/1558 625/1557 626/1560
f 624/1558 630/1561 623/1559
f 445/835 625/832 623/838
f 623/838 621/841 445/835
f 630/1561 621/1564 623/1559
f 630/1561 631/1563 619/1568
f 624/1558 631/1563 630/1561
f 632/729 617/725 618/721
f 624/1558 446/1562 635/1566
f 628/1567 631/1563 624/1558
f 635/1566 628/1567 624/1558
f 628/1567 617/1569 631/1563
f 1306/846 627/844 1309/852
f 627/1543 629/1534 1307/1541
f 627/1571 621/1564 619/1568
f 630/1561 619/1568 621/1564
f 619/1542 629/1534 627/1543
f 619/1568 631/1563 632/1570
f 617/1569 632/1570 631/1563
f 620/732 619/736 632/729
f 598/1302 597/1309 606/1305
f 529/1010 565/1013 551/1015
f 562/1072 465/1075 591/1073
f 410/858 441/860 440/861
f 595/1074 594/1076 593/1071
f 593/1071 591/1073 595/1074
f 650/1079 593/1071 594/1076
f 442/853 616/845 443/849
f 616/845 451/842 443/849
f 603/1313 596/1314 590/1308
f 610/1254 468/1250 1275/1256
f 615/1590 614/1593 1287/1599
f 614/1260 612/1257 613/1259
f 600/1016 529/1010 589/1018
f 596/1090 588/1093 589/1096
f 613/1259 612/1257 610/1254
f 611/1586 615/1590 1310/1594
f 612/1588 615/1590 611/1586
f 505/2047 515/2048 609/2045
f 422/1587 608/1589 1319/1592
f 612/1257 548/1252 610/1254
f 1316/1591 611/1586 1318/1595
f 544/1601 422/1587 1320/1597
f 607/2033 599/2034 555/2035
f 569/1453 568/1452 567/1451
f 604/1456 550/1455 1256/1460
f 1323/1461 604/1456 1324/1465
f 602/2037 603/2043 597/2041
f 602/2037 599/2034 607/2033
f 599/2034 553/2038 555/2035
f 545/1095 601/1092 607/1097
f 607/2033 555/2035 1279/2036
f 463/851 411/855 412/848
f 465/1873 570/1874 564/1875
f 601/1092 545/1095 588/1093
f 588/1019 546/1014 600/1016
f 551/1300 606/1305 590/1308
f 553/2038 599/2034 598/2042
f 597/2041 598/2042 599/2034
f 602/1094 601/1092 603/1091
f 589/1018 529/1010 590/1017
f 588/1093 596/1090 601/1092
f 599/2034 602/2037 597/2041
f 586/1454 464/1449 568/1452
f 586/1078 605/1082 585/1080
f 605/1082 586/1078 587/1084
f 586/1454 568/1452 604/1456
f 1325/854 456/840 1328/850
f 589/1018 588/1019 600/1016
f 606/1305 597/1309 590/1308
f 597/1309 603/1313 590/1308
f 1283/1466 587/1458 1323/1461
f 594/1076 586/1078 585/1080
f 595/1074 464/1077 586/1078
f 594/1076 595/1074 586/1078
f 622/747 562/754 593/744
f 576/1625 582/1628 425/1626
f 464/1077 591/1073 465/1075
f 1281/1060 581/1064 1299/1069
f 595/1074 591/1073 464/1077
f 432/1403 439/1406 460/1405
f 592/1509 584/1508 432/1511
f 584/1815 431/1816 432/1817
f 430/1517 580/1513 428/1515
f 432/1817 431/1816 1331/1819
f 432/1511 428/1515 580/1513
f 576/1625 457/1630 429/1631
f 582/1628 576/1625 429/1631
f 459/1627 578/1624 579/1629
f 579/1047 426/1048 496/1043
f 579/2028 578/2029 577/2030
f 576/1625 425/1626 577/1623
f 457/1630 576/1625 459/1627
f 577/2030 425/2032 426/2031
f 426/2031 579/2028 577/2030
f 424/1050 423/1051 427/1046
f 471/1052 493/1044 573/1049
f 482/1056 471/1052 423/1051
f 427/1046 426/1048 424/1050
f 423/1051 424/1050 433/1054
f 573/1049 423/1051 471/1052
f 438/2023 561/2024 558/2025
f 437/1969 572/1970 438/1971
f 436/1671 697/1674 575/1679
f 574/1673 566/1670 449/1669
f 449/1669 560/1681 438/1677
f 438/1677 574/1673 449/1669
f 550/1455 448/1457 1334/1459
f 569/1931 560/1932 571/1933
f 1334/1675 436/1671 1336/1680
f 569/1931 571/1933 448/1934
f 560/1681 449/1669 571/1676
f 567/1936 563/1935 569/1931
f 564/1875 570/1874 561/1877
f 550/1455 568/1452 569/1453
f 556/1914 559/1917 465/1915
f 564/1937 563/1935 567/1936
f 563/1935 560/1932 569/1931
f 560/1880 563/1879 561/1877
f 563/1879 564/1875 561/1877
f 561/1877 570/1874 465/1873
f 559/1878 561/1877 465/1873
f 559/2027 558/2025 561/2024
f 558/761 556/757 557/756
f 556/1914 558/1918 559/1917
f 524/1210 487/1209 498/1212
f 552/1006 523/1001 525/1004
f 525/1004 521/1009 552/1006
f 477/879 441/881 434/884
f 498/1212 554/1213 524/1210
f 1340/1310 488/1306 1341/1312
f 546/1014 470/1008 521/1009
f 546/1014 521/1009 529/1010
f 545/1095 546/1098 588/1093
f 565/1216 554/1213 551/1215
f 529/1010 600/1016 546/1014
f 551/1215 554/1213 498/1212
f 498/1212 434/1218 551/1215
f 551/1300 434/1303 435/1298
f 551/1300 435/1298 553/1297
f 469/521 549/515 1344/527
f 549/515 417/510 1244/520
f 540/1122 515/1123 419/1120
f 538/1808 536/1807 548/1809
f 468/1250 610/1254 548/1252
f 422/1812 544/1814 517/1813
f 422/1587 547/1584 611/1586
f 515/2048 418/2046 609/2045
f 515/1618 503/1619 420/1616
f 419/1613 515/1618 420/1616
f 546/1098 545/1095 416/1100
f 533/1115 543/1118 419/1120
f 414/1850 413/1848 517/1849
f 540/1122 415/1125 515/1123
f 418/1128 515/1123 415/1125
f 421/1847 517/1849 413/1848
f 539/1844 538/1846 421/1847
f 547/1810 421/1811 538/1808
f 541/1104 470/1102 416/1100
f 421/1847 413/1848 539/1844
f 469/1247 535/1246 537/1249
f 470/1008 522/1005 521/1009
f 539/1722 542/1717 535/1720
f 541/1104 416/1100 417/1106
f 417/1106 693/1108 541/1104
f 535/1720 542/1717 537/1719
f 540/1122 534/1124 1347/1126
f 415/1125 540/1122 1354/1127
f 528/1718 413/1721 414/1723
f 540/1122 414/1121 534/1124
f 542/1717 539/1722 413/1721
f 518/1116 519/1112 527/1114
f 552/2147 521/2148 522/2149
f 764/867 440/874 694/870
f 440/861 442/853 410/858
f 529/1010 526/1007 565/1013
f 521/1009 525/1004 529/1010
f 533/1615 530/1614 531/1617
f 531/1617 530/1614 420/1616
f 532/392 531/407 420/402
f 533/1115 1000/1113 519/1112
f 519/1112 518/1116 533/1115
f 525/1004 526/1007 529/1010
f 524/1011 526/1007 486/1002
f 525/1004 486/1002 526/1007
f 513/386 509/398 508/399
f 517/1849 534/1851 414/1850
f 510/393 506/389 513/386
f 1124/394 506/389 1127/401
f 512/1881 514/1882 1125/1883
f 513/386 506/389 516/381
f 511/1694 418/1695 1356/1696
f 510/393 513/386 508/399
f 514/1882 511/1885 1358/1889
f 409/1890 514/1882 1359/1892
f 515/1618 505/1622 501/1620
f 501/1620 503/1619 515/1618
f 1126/1886 409/1890 1129/1893
f 508/399 507/403 510/393
f 507/1887 508/1888 512/1881
f 510/393 507/403 1130/405
f 508/1888 511/1885 512/1881
f 502/1698 418/1695 511/1694
f 506/389 510/393 1131/400
f 508/1700 502/1698 511/1694
f 507/1887 512/1881 1128/1884
f 513/386 532/392 509/398
f 504/406 508/399 509/398
f 509/398 532/392 420/402
f 419/1120 543/1118 540/1122
f 502/1698 500/1701 418/1695
f 502/1698 508/1700 504/1702
f 504/406 509/398 420/402
f 420/1616 503/1619 504/1621
f 503/1619 501/1620 504/1621
f 500/1701 502/1698 501/1703
f 500/2044 505/2047 609/2045
f 501/1703 505/1704 500/1701
f 487/1209 499/1219 476/1217
f 491/1042 497/1045 496/1043
f 493/1392 471/1395 490/1387
f 574/1673 480/1678 566/1670
f 528/494 696/485 484/491
f 490/1387 471/1395 1247/1396
f 1207/1485 492/1479 1208/1486
f 474/951 479/953 495/952
f 479/953 480/956 495/952
f 492/1479 489/1478 494/1481
f 678/969 677/987 1267/983
f 677/1749 679/1748 671/1751
f 491/1484 663/1482 492/1479
f 459/2010 579/2008 1204/2005
f 493/1044 663/1041 496/1043
f 471/1052 482/1056 481/1059
f 493/1483 685/1480 663/1482
f 1258/1061 481/1059 1333/1065
f 700/954 495/952 574/957
f 487/1691 690/1690 478/1688
f 499/1693 487/1691 478/1688
f 566/1670 697/1674 436/1671
f 574/1973 438/1971 572/1970
f 487/1209 520/1208 689/1211
f 476/1217 477/1214 487/1209
f 470/1008 541/1012 664/1003
f 688/999 689/997 520/1000
f 528/494 484/491 485/497
f 693/506 417/510 537/503
f 411/855 488/863 441/860
f 1346/1107 416/1100 1352/1105
f 476/885 478/882 477/879
f 478/882 692/883 483/877
f 480/956 472/959 575/961
f 474/951 495/952 475/946
f 681/949 474/951 475/946
f 1255/964 473/962 1271/966
f 495/952 700/954 475/946
f 436/1671 575/1679 1250/1682
f 1259/1391 490/1387 1364/1393
f 473/973 678/969 1365/977
f 550/1455 569/1453 448/1457
f 560/2026 561/2024 438/2023
f 524/1210 554/1213 565/1216
f 470/1102 546/1098 416/1100
f 468/1250 469/1247 1345/1251
f 1353/1103 545/1095 1367/1101
f 441/860 410/858 411/855
f 460/1055 439/1057 424/1050
f 583/1400 428/1399 432/1403
f 412/848 451/842 456/840
f 538/1808 548/1809 547/1810
f 442/853 412/848 410/858
f 412/848 443/849 451/842
f 653/2128 594/2129 651/2127
f 1220/1519 430/1517 1226/1521
f 452/1520 453/1512 1239/1518
f 450/837 451/842 633/836
f 633/836 444/833 450/837
f 649/1526 648/1529 652/1527
f 450/837 456/840 451/842
f 655/745 654/752 656/749
f 580/1513 430/1517 455/1514
f 453/1512 455/1514 1219/1516
f 584/1815 454/1818 431/1816
f 638/1233 641/1236 644/1239
f 454/1220 642/1223 462/1225
f 641/2140 643/2144 640/2141
f 462/1225 642/1223 461/1226
f 629/1534 634/1525 1298/1530
f 446/1562 624/1558 626/1560
f 442/853 443/849 412/848
f 1280/1301 435/1298 1343/1304
f 551/1300 598/1302 606/1305
f 545/1095 607/1097 1327/1099
f 607/1097 601/1092 602/1094
f 543/1118 533/1115 518/1116
f 411/855 463/851 1253/857
f 432/1511 580/1513 592/1509
f 582/1404 583/1400 460/1405
f 448/1672 571/1676 449/1669
f 1273/1407 432/1403 1369/1408
f 564/1875 464/1876 465/1873
f 430/1635 457/1630 1229/1634
f 1231/1639 430/1635 1241/1638
f 1227/1642 458/1640 1238/1643
f 429/1631 457/1630 430/1635
f 430/1402 428/1399 429/1401
f 1228/1632 459/1627 1232/1633
f 578/1624 459/1627 576/1625
f 425/1053 424/1050 426/1048
f 433/1054 481/1059 482/1056
f 1249/1062 433/1054 1338/1066
f 438/1971 558/1972 437/1969
f 436/1671 448/1672 449/1669
f 424/1050 439/1057 433/1054
f 424/1050 425/1053 460/1055
f 477/1214 498/1212 487/1209
f 410/858 412/848 411/855
f 1350/1953 544/1955 1351/1956
f 421/1811 547/1810 422/1812
f 468/1250 536/1248 469/1247
f 530/1614 419/1613 420/1616
f 517/1813 421/1811 422/1812
f 418/1128 415/1125 1370/1131
f 524/1210 486/1207 487/1209
f 512/1881 511/1885 514/1882
f 504/1702 501/1703 502/1698
f 477/879 440/874 441/881
f 1341/862 411/855 1368/859
f 440/874 477/879 483/877
f 431/1816 454/1818 1301/1820
f 434/1303 441/1311 488/1306
f 427/1046 496/1043 426/1048
f 435/1298 434/1303 488/1306
f 68/274 371/281 345/277
f 334/1187 329/1180 333/1184
f 307/125 289/132 324/141
f 324/2289 283/2290 307/2291
f 102/631 101/661 106/651
f 333/1439 230/1432 350/1437
f 280/117 281/106 299/95
f 307/125 305/116 289/132
f 299/95 306/105 305/116
f 300/788 294/782 217/779
f 95/1836 78/1838 242/1839
f 342/1724 147/1728 76/1725
f 101/2283 102/2284 99/2285
f 109/1840 95/1836 108/1842
f 242/1839 78/1838 103/1841
f 347/1727 342/1724 75/1726
f 73/415 45/412 63/419
f 63/1758 40/1756 380/1753
f 39/286 378/283 345/277
f 343/2132 370/2131 340/2134
f 58/2240 361/2241 348/2238
f 101/1730 99/1729 76/1725
f 313/1342 296/1341 314/1344
f 340/2134 370/2131 341/2135
f 1085/23 982/20 393/28
f 1086/19 316/13 1085/23
f 1087/1350 314/1344 339/1351
f 1088/1352 339/1351 1098/1353
f 1089/11 316/13 1090/16
f 1090/16 316/13 1086/19
f 1091/5 321/1 1092/7
f 1092/7 321/1 310/4
f 1093/8 312/2 1091/5
f 1094/12 339/10 1093/8
f 1095/9 310/4 1089/11
f 1096/1346 314/1344 1087/1350
f 1097/1349 313/1342 1096/1346
f 1098/14 339/10 1094/12
f 1099/32 393/28 1104/38
f 1100/45 986/37 810/55
f 1101/66 810/55 1102/79
f 1102/357 810/340 404/350
f 1103/46 393/28 1100/45
f 1104/38 393/28 1103/46
f 1105/377 408/361 997/375
f 1106/382 407/369 1105/377
f 1107/385 997/375 1108/387
f 1108/387 997/375 516/381
f 1109/390 516/381 1110/395
f 1110/395 516/381 1124/394
f 1111/376 407/369 1106/382
f 1112/368 402/355 1111/376
f 1113/371 404/350 395/370
f 1114/362 404/350 1113/371
f 1115/374 406/360 1112/368
f 1116/366 406/360 1115/374
f 1117/354 406/360 1116/366
f 1118/347 401/338 1117/354
f 1119/353 399/344 1118/347
f 1120/373 394/356 1121/365
f 1121/365 394/356 1119/353
f 1122/378 394/356 1120/373
f 1123/383 395/370 1122/378
f 1124/394 516/381 506/389
f 1125/1883 514/1882 1126/1886
f 1126/1886 514/1882 409/1890
f 1127/2316 506/2317 1132/2318
f 1128/1884 512/1881 1125/1883
f 1129/1893 409/1890 1137/1894
f 1130/2180 507/2181 1135/2182
f 1131/400 510/393 1130/405
f 1132/2318 506/2317 1133/2319
f 1133/2319 506/2317 1136/2320
f 1134/404 506/389 1131/400
f 1135/1891 507/1887 1128/1884
f 1136/2320 506/2317 1134/2321
f 1137/1894 409/1890 1361/1896
f 1138/1183 331/1181 329/1180
f 1139/1186 331/1181 1138/1183
f 1140/627 331/602 1139/642
f 1141/616 241/611 1142/621
f 1142/621 241/611 1140/627
f 1143/1185 329/1180 1144/1188
f 1144/1188 329/1180 335/1189
f 1145/620 254/614 1141/616
f 1146/633 115/622 1147/641
f 1147/641 115/622 1176/632
f 1148/644 97/634 1149/654
f 1149/654 97/634 1178/653
f 1150/2227 61/2225 1168/2226
f 1151/659 61/648 1150/665
f 1152/2220 62/2223 359/2221
f 1153/2222 359/2221 1169/2224
f 1154/316 14/312 1165/319
f 1155/318 3/314 1154/316
f 1156/2255 3/2258 22/2256
f 1157/308 17/303 1156/311
f 1158/437 31/425 1159/430
f 1159/430 31/425 49/420
f 1160/2303 22/2304 1164/2305
f 1161/310 8/299 1157/308
f 1162/2306 15/2307 1163/2308
f 1163/447 15/444 1158/437
f 1164/2260 22/2256 1155/2259
f 1165/452 14/448 1162/450
f 1166/436 49/420 1167/443
f 1167/669 49/649 1171/666
f 1168/2226 61/2225 1152/2220
f 1169/658 359/647 360/635
f 1170/660 363/638 1151/659
f 1171/666 49/649 1170/660
f 1172/645 98/628 1148/644
f 1173/655 360/635 1172/645
f 1174/663 360/635 1173/655
f 1176/632 115/622 1145/620
f 1177/643 116/623 1146/633
f 1178/653 97/634 1177/643
f 1179/315 7/313 1161/310
f 1180/165 993/153 956/110
f 1181/167 956/110 1189/154
f 1182/260 967/245 966/244
f 1183/263 966/244 1192/259
f 1184/144 811/146 812/127
f 1185/134 812/127 956/110
f 1186/143 956/110 993/153
f 1187/164 993/153 1180/165
f 1188/145 967/135 1190/155
f 1189/154 956/110 1188/145
f 1190/264 967/245 1182/260
f 1191/252 961/237 1198/258
f 1192/259 966/244 1191/252
f 1193/250 962/236 965/243
f 1194/257 965/243 7/249
f 1195/317 7/313 1179/315
f 1196/262 7/249 1195/266
f 1197/251 962/236 1193/250
f 1198/258 961/237 1197/251
f 1199/170 674/150 1200/159
f 1200/159 674/150 814/139
f 1201/158 811/146 1202/166
f 1202/166 811/146 1184/144
f 1203/169 814/139 1201/158
f 1204/2005 579/2008 497/2006
f 1205/2007 497/2006 491/2009
f 1206/2011 491/2009 1207/2013
f 1207/1485 491/1484 492/1479
f 1208/1486 492/1479 1209/1487
f 1209/1487 492/1479 1210/1488
f 1210/2077 492/2080 494/2078
f 1211/2079 494/2078 1212/2081
f 1212/2081 494/2078 1213/2082
f 1213/177 494/171 674/150
f 1214/176 674/150 1199/170
f 1215/2142 640/2141 1218/2145
f 1216/2143 641/2140 1215/2142
f 1217/1524 452/1520 1240/1522
f 1218/1240 640/1232 1217/1237
f 1219/1516 455/1514 1220/1519
f 1220/1519 455/1514 430/1517
f 1221/1241 638/1233 644/1239
f 1222/1242 644/1239 641/1236
f 1223/2322 644/2323 1222/2324
f 1224/2325 644/2323 1223/2322
f 1225/2146 641/2140 1216/2143
f 1226/1521 430/1517 1227/1523
f 1227/1642 430/1635 458/1640
f 1228/1632 457/1630 459/1627
f 1229/1634 457/1630 1228/1632
f 1230/1641 458/1640 1231/1639
f 1231/1639 458/1640 430/1635
f 1232/1633 459/1627 1233/1636
f 1233/1636 459/1627 1235/1637
f 1234/2014 459/2010 1236/2012
f 1235/2015 459/2010 1234/2014
f 1236/2012 459/2010 1204/2005
f 1237/2326 458/2327 1230/2328
f 1238/2329 458/2327 1237/2326
f 1239/1518 453/1512 1219/1516
f 1240/1522 452/1520 1239/1518
f 1241/1638 430/1635 1229/1634
f 1242/175 671/157 1243/168
f 1243/168 671/157 467/149
f 1244/520 417/510 1245/528
f 1245/1109 417/1106 1346/1107
f 1246/1397 471/1395 1258/1398
f 1247/1396 471/1395 1246/1397
f 1248/1067 481/1059 1249/1062
f 1249/1062 481/1059 433/1054
f 1250/1682 575/1679 1251/1683
f 1251/963 575/961 472/959
f 1252/1958 463/1959 1339/1960
f 1253/1961 463/1959 1252/1958
f 1254/965 472/959 1255/964
f 1255/964 472/959 473/962
f 1256/1460 550/1455 1257/1464
f 1257/1464 550/1455 1335/1462
f 1258/1061 471/1052 481/1059
f 1259/1391 684/1388 490/1387
f 1260/1394 684/1388 1259/1391
f 1261/183 669/173 682/180
f 1262/187 669/173 1261/183
f 1263/1384 467/1386 466/1378
f 1264/192 683/178 1260/189
f 1265/190 683/178 1264/192
f 1266/186 682/180 1265/190
f 1267/983 677/987 1242/989
f 1268/1380 669/1379 1272/1383
f 1269/1381 466/1378 1268/1380
f 1270/986 473/973 1366/982
f 1271/966 473/962 1270/967
f 1272/191 669/173 1262/187
f 1273/1407 439/1406 432/1403
f 1274/1411 581/1409 1273/1407
f 1275/1256 468/1250 1276/1255
f 1276/1255 468/1250 1349/1253
f 1277/1951 517/1950 1350/1953
f 1278/1952 534/1949 1277/1951
f 1279/2036 555/2035 1280/2040
f 1280/1301 555/1299 435/1298
f 1281/1060 439/1057 581/1064
f 1282/1063 433/1054 1281/1060
f 1283/1466 646/1467 587/1458
f 1284/1535 646/1532 1283/1540
f 1285/1258 610/1254 1275/1256
f 1286/1261 613/1259 1285/1258
f 1287/1262 614/1260 613/1259
f 1288/1264 613/1259 1313/1263
f 1289/1227 462/1225 1290/1230
f 1290/1230 462/1225 638/1233
f 1291/1536 648/1529 1292/1539
f 1292/1539 648/1529 1284/1535
f 1293/843 456/840 445/835
f 1294/847 456/840 1293/843
f 1295/1533 648/1529 1291/1536
f 1296/1531 652/1527 1295/1533
f 1297/1528 652/1527 1296/1531
f 1298/1530 634/1525 1297/1528
f 1299/1069 581/1064 1300/1070
f 1300/2309 581/2310 1329/2311
f 1301/1820 454/1818 1302/1823
f 1302/1823 454/1818 1305/1824
f 1303/1235 638/1233 1374/1238
f 1304/1229 454/1220 1289/1227
f 1305/1824 454/1818 1304/1825
f 1306/846 445/835 627/844
f 1307/1541 629/1534 1308/1537
f 1308/1537 629/1534 1298/1530
f 1309/1544 627/1543 1307/1541
f 1310/2312 615/2313 1311/2314
f 1311/2314 615/2313 1312/2315
f 1312/1602 615/1590 1287/1599
f 1313/1263 613/1259 1286/1261
f 1314/1600 611/1586 1310/1594
f 1315/1596 608/1589 1316/1591
f 1316/1591 608/1589 611/1586
f 1317/1598 608/1589 1315/1596
f 1318/1595 611/1586 1314/1600
f 1319/1592 608/1589 1317/1598
f 1320/1597 422/1587 1319/1592
f 1321/1603 544/1601 1320/1597
f 1322/1463 604/1456 1256/1460
f 1323/1461 587/1458 604/1456
f 1324/1465 604/1456 1322/1463
f 1325/854 463/851 456/840
f 1326/856 463/851 1325/854
f 1327/2039 607/2033 1279/2036
f 1328/850 456/840 1294/847
f 1329/1412 581/1409 1274/1411
f 1330/1822 431/1816 1301/1820
f 1331/1819 431/1816 1330/1822
f 1332/1821 432/1817 1331/1819
f 1333/1065 481/1059 1248/1067
f 1334/1675 448/1672 436/1671
f 1335/1462 550/1455 1334/1459
f 1336/1680 436/1671 1250/1682
f 1337/1068 433/1054 1282/1063
f 1338/1066 433/1054 1337/1068
f 1339/1960 463/1959 1326/1962
f 1340/1310 435/1298 488/1306
f 1341/862 488/863 411/855
f 1342/1307 435/1298 1340/1310
f 1343/1304 435/1298 1342/1307
f 1344/527 549/515 1244/520
f 1345/530 469/521 1344/527
f 1346/1107 417/1106 416/1100
f 1347/1126 534/1124 1348/1129
f 1348/1954 534/1949 1278/1952
f 1349/1253 468/1250 1345/1251
f 1350/1953 517/1950 544/1955
f 1351/1956 544/1955 1321/1957
f 1352/1105 416/1100 1353/1103
f 1353/1103 416/1100 545/1095
f 1354/1127 540/1122 1347/1126
f 1355/1130 415/1125 1354/1127
f 1356/1133 418/1128 1371/1132
f 1357/1697 511/1694 1356/1696
f 1358/1699 511/1694 1357/1697
f 1359/1892 514/1882 1358/1889
f 1360/1900 409/1890 1363/1897
f 1361/1896 409/1890 1372/1899
f 1362/1895 409/1890 1359/1892
f 1363/1897 409/1890 1362/1895
f 1364/1393 490/1387 1247/1396
f 1365/977 678/969 1267/983
f 1366/982 473/973 1365/977
f 1367/1101 545/1095 1327/1099
f 1368/859 411/855 1253/857
f 1369/1408 432/1403 1332/1410
f 1370/1131 415/1125 1355/1130
f 1371/1132 418/1128 1370/1131
f 1372/1899 409/1890 1360/1900
f 1373/1898 1137/1894 1361/1896
f 1374/1238 638/1233 1221/1241
usemtl Tile_+033_+028_L18_00010_untextured
