mtllib Tile_+033_+028_L18_00013.mtl
v 6.68843095e+03 6.86709670e+03 2.51574061e+01
v 6.69123682e+03 6.86843684e+03 2.51921464e+01
v 6.69462629e+03 6.87230113e+03 2.56847161e+01
v 6.69091668e+03 6.87265462e+03 2.57733501e+01
v 6.69840157e+03 6.86842503e+03 2.44129131e+01
v 6.69452088e+03 6.86855074e+03 2.49775409e+01
v 6.69821699e+03 6.87224975e+03 2.51461443e+01
v 6.69356104e+03 6.86758840e+03 2.52335226e+01
v 6.68785145e+03 6.87284435e+03 2.62314058e+01
v 6.71332078e+03 6.87321293e+03 2.80730066e+01
v 6.71324980e+03 6.87294357e+03 2.87672836e+01
v 6.71586189e+03 6.87446857e+03 2.94131579e+01
v 6.71555544e+03 6.87326594e+03 2.76988341e+01
v 6.71361362e+03 6.87137250e+03 2.80538343e+01
v 6.71211124e+03 6.87033208e+03 2.88526899e+01
v 6.70635011e+03 6.87071247e+03 2.81997814e+01
v 6.70476496e+03 6.87311510e+03 3.00310503e+01
v 6.70815663e+03 6.86965263e+03 2.78730174e+01
v 6.70900978e+03 6.86904657e+03 2.70672382e+01
v 6.71307783e+03 6.87170972e+03 2.60985737e+01
v 6.71624538e+03 6.86781226e+03 2.89520487e+01
v 6.71801290e+03 6.86740815e+03 2.82818040e+01
v 6.71619308e+03 6.87510988e+03 2.76987349e+01
v 6.73743702e+03 6.87014321e+03 2.93220119e+01
v 6.73770394e+03 6.86860020e+03 2.93917109e+01
v 6.72118945e+03 6.87451797e+03 2.38703582e+01
v 6.72181983e+03 6.87454363e+03 2.67367558e+01
v 6.71868142e+03 6.86954512e+03 2.53094538e+01
v 6.71879096e+03 6.86958377e+03 2.31469338e+01
v 6.71792232e+03 6.87121188e+03 2.35436906e+01
v 6.71886062e+03 6.87031330e+03 2.65747989e+01
v 6.72074001e+03 6.87519909e+03 2.40458100e+01
v 6.72065182e+03 6.87455802e+03 2.65183391e+01
v 6.71707855e+03 6.87005681e+03 2.35586949e+01
v 6.71357970e+03 6.86921824e+03 2.33718347e+01
v 6.71331397e+03 6.86921669e+03 2.55366817e+01
v 6.71173484e+03 6.86883640e+03 2.36819615e+01
v 6.70981038e+03 6.86967286e+03 2.97467988e+01
v 6.70709142e+03 6.86923120e+03 2.93059084e+01
v 6.70872588e+03 6.86919051e+03 2.98709280e+01
v 6.71069546e+03 6.86930942e+03 2.76931595e+01
v 6.71156520e+03 6.86907292e+03 2.73629420e+01
v 6.71168683e+03 6.86881114e+03 2.58698565e+01
v 6.73698140e+03 6.86923155e+03 2.79104211e+01
v 6.71320074e+03 6.87348313e+03 2.48516995e+01
v 6.71372879e+03 6.87520559e+03 2.55698297e+01
v 6.71027849e+03 6.87092401e+03 2.50703139e+01
v 6.70922707e+03 6.86875444e+03 2.53091211e+01
v 6.70981713e+03 6.87023094e+03 2.34726158e+01
v 6.71411363e+03 6.87099844e+03 2.51120960e+01
v 6.70777928e+03 6.86849615e+03 2.65666247e+01
v 6.70638077e+03 6.87255185e+03 2.43906212e+01
v 6.70766623e+03 6.87258685e+03 2.56670249e+01
v 6.70760094e+03 6.87109013e+03 2.42172835e+01
v 6.70816844e+03 6.87016955e+03 2.36799773e+01
v 6.70633419e+03 6.87126166e+03 2.46558615e+01
v 6.70753717e+03 6.87013367e+03 2.34432344e+01
v 6.70530697e+03 6.87154488e+03 2.40612682e+01
v 6.70157952e+03 6.87297146e+03 2.42410195e+01
v 6.71413590e+03 6.87471426e+03 2.41847425e+01
v 6.70611754e+03 6.87544635e+03 2.56455300e+01
v 6.71406715e+03 6.87124199e+03 2.38325754e+01
v 6.71227032e+03 6.87245485e+03 2.35517540e+01
v 6.72767783e+03 6.87414840e+03 2.32330491e+01
v 6.71594033e+03 6.87257685e+03 2.38449250e+01
v 6.72023309e+03 6.87392106e+03 2.38725860e+01
v 6.70883824e+03 6.86843219e+03 2.29797369e+01
v 6.71106443e+03 6.87033127e+03 2.33269548e+01
v 6.70688377e+03 6.86949585e+03 2.63064405e+01
v 6.71566911e+03 6.86702223e+03 2.40407936e+01
v 6.71366223e+03 6.86643182e+03 2.35588110e+01
v 6.71593978e+03 6.86870778e+03 2.33111661e+01
v 6.70810338e+03 6.87002780e+03 2.34612515e+01
v 6.70388829e+03 6.86224092e+03 2.26258291e+01
v 6.75000000e+03 6.86805403e+03 2.68707212e+01
v 6.74882941e+03 6.86847138e+03 2.25947300e+01
v 6.75000000e+03 6.87007549e+03 2.32459996e+01
v 6.74935362e+03 6.87102267e+03 2.50809656e+01
v 6.74595591e+03 6.86785760e+03 2.42155302e+01
v 6.74717702e+03 6.86747280e+03 2.67670164e+01
v 6.71028295e+03 6.86379232e+03 2.20661710e+01
v 6.71810128e+03 6.87079116e+03 2.57534217e+01
v 6.74528508e+03 6.86625159e+03 2.38530581e+01
v 6.74911068e+03 6.87088641e+03 2.35366037e+01
v 6.75000000e+03 6.86973596e+03 2.43821569e+01
v 6.75000000e+03 6.87345398e+03 2.38849633e+01
v 6.74290292e+03 6.87307080e+03 2.27738216e+01
v 6.74827803e+03 6.87273308e+03 2.36904548e+01
v 6.74688251e+03 6.87375498e+03 2.38216423e+01
v 6.75000000e+03 6.87487762e+03 2.49807441e+01
v 6.73832683e+03 6.86849921e+03 2.53252246e+01
v 6.74003472e+03 6.86738592e+03 2.39229346e+01
v 6.74906283e+03 6.86827335e+03 2.49998544e+01
v 6.74808033e+03 6.86794663e+03 2.38512027e+01
v 6.74149699e+03 6.86896960e+03 2.32949911e+01
v 6.74118002e+03 6.86759875e+03 2.50696001e+01
v 6.74831635e+03 6.86815909e+03 2.56684335e+01
v 6.74843597e+03 6.87455194e+03 2.49432470e+01
v 6.74612425e+03 6.87422148e+03 2.47272033e+01
v 6.74792396e+03 6.87177897e+03 2.45846168e+01
v 6.74365615e+03 6.87385481e+03 2.44948530e+01
v 6.74232819e+03 6.87432166e+03 2.56398190e+01
v 6.74084975e+03 6.87528211e+03 2.60908954e+01
v 6.74700669e+03 6.87349338e+03 2.59310925e+01
v 6.74058032e+03 6.87082944e+03 2.37076293e+01
v 6.74085944e+03 6.87342609e+03 2.63872338e+01
v 6.74941090e+03 6.86749922e+03 2.76059257e+01
v 6.74830207e+03 6.86920888e+03 2.62178669e+01
v 6.74870865e+03 6.86901180e+03 2.85555711e+01
v 6.75000000e+03 6.87004889e+03 2.78761122e+01
v 6.75000000e+03 6.86987473e+03 2.74306403e+01
v 6.75000000e+03 6.86933798e+03 2.62134142e+01
v 6.74923425e+03 6.86914563e+03 2.69097715e+01
v 6.74893842e+03 6.87092257e+03 2.71306808e+01
v 6.74966541e+03 6.87157361e+03 2.73956710e+01
v 6.74897229e+03 6.87296537e+03 2.75486217e+01
v 6.74064438e+03 6.86635658e+03 2.79221359e+01
v 6.74221804e+03 6.86756748e+03 2.54088451e+01
v 6.73959047e+03 6.86713434e+03 2.70123706e+01
v 6.75000000e+03 6.87014428e+03 2.56404452e+01
v 6.74012517e+03 6.87477666e+03 2.78564220e+01
v 6.74380983e+03 6.87438580e+03 2.64180662e+01
v 6.74625008e+03 6.87335386e+03 2.62580093e+01
v 6.74640518e+03 6.86688832e+03 2.57448496e+01
v 6.74699761e+03 6.87304171e+03 2.75710945e+01
v 6.74714014e+03 6.87297644e+03 2.96683451e+01
v 6.74595964e+03 6.86641635e+03 2.74093082e+01
v 6.74950732e+03 6.87013031e+03 2.93216432e+01
v 6.74370787e+03 6.86689594e+03 2.93483302e+01
v 6.74512382e+03 6.86618009e+03 2.79407761e+01
v 6.74528504e+03 6.86852461e+03 2.91002906e+01
v 6.74532371e+03 6.86731894e+03 2.85359041e+01
v 6.74781951e+03 6.86763469e+03 2.79021197e+01
v 6.74406329e+03 6.86810800e+03 2.92588651e+01
v 6.74765567e+03 6.86902604e+03 2.92473571e+01
v 6.73954656e+03 6.86648453e+03 2.62636813e+01
v 6.74538692e+03 6.86757942e+03 2.73329854e+01
v 6.74653404e+03 6.86820084e+03 2.86644144e+01
v 6.74360684e+03 6.86683129e+03 2.21680558e+01
v 6.74108866e+03 6.87403697e+03 2.92883210e+01
v 6.74806294e+03 6.87137253e+03 2.79496261e+01
v 6.73828728e+03 6.86680242e+03 2.90146429e+01
v 6.75000000e+03 6.86859912e+03 2.88280584e+01
v 6.75000000e+03 6.86935773e+03 2.82370874e+01
v 6.74987530e+03 6.86968972e+03 2.80681917e+01
v 6.74942156e+03 6.86790044e+03 2.92938464e+01
v 6.74732938e+03 6.86948716e+03 3.16940968e+01
v 6.74914620e+03 6.86918079e+03 2.93963255e+01
v 6.74721493e+03 6.86971499e+03 2.85404959e+01
v 6.74832454e+03 6.87027218e+03 3.04609858e+01
v 6.74534916e+03 6.87458642e+03 2.88261269e+01
v 6.74220952e+03 6.86611905e+03 2.90500103e+01
v 6.73971623e+03 6.86679710e+03 2.86869846e+01
v 6.74535190e+03 6.86876375e+03 3.09238935e+01
v 6.74372009e+03 6.86973085e+03 2.93141624e+01
v 6.74352515e+03 6.86921081e+03 3.05370015e+01
v 6.74975965e+03 6.86927044e+03 3.20096368e+01
v 6.74622515e+03 6.86956676e+03 2.98221355e+01
v 6.74839662e+03 6.86770094e+03 3.09140202e+01
v 6.74704075e+03 6.87170119e+03 3.01222555e+01
v 6.74565346e+03 6.87057244e+03 3.10367306e+01
v 6.74434322e+03 6.87110993e+03 2.93337859e+01
v 6.74737729e+03 6.87292944e+03 3.19210533e+01
v 6.74594617e+03 6.87302152e+03 3.30413998e+01
v 6.74717036e+03 6.87147929e+03 3.27262154e+01
v 6.75000000e+03 6.86897640e+03 3.09540942e+01
v 6.75000000e+03 6.86871308e+03 3.11296659e+01
v 6.74881126e+03 6.86839665e+03 3.26338533e+01
v 6.75000000e+03 6.86889674e+03 3.12846878e+01
v 6.74633702e+03 6.86915855e+03 3.25860044e+01
v 6.74464528e+03 6.87149978e+03 3.36793901e+01
v 6.74274351e+03 6.87181500e+03 3.32004539e+01
v 6.74392932e+03 6.87154401e+03 3.14860861e+01
v 6.74516154e+03 6.87042494e+03 3.25713350e+01
v 6.74605794e+03 6.87066355e+03 3.26700624e+01
v 6.74747540e+03 6.86818581e+03 3.19751615e+01
v 6.73810212e+03 6.86798795e+03 3.00469242e+01
v 6.73720557e+03 6.86773158e+03 3.22405389e+01
v 6.74043572e+03 6.86653748e+03 2.97482336e+01
v 6.74120679e+03 6.86691704e+03 3.17719662e+01
v 6.74114435e+03 6.86777045e+03 3.00675064e+01
v 6.74377997e+03 6.86896181e+03 3.26895224e+01
v 6.74351651e+03 6.86724883e+03 3.12042370e+01
v 6.74042528e+03 6.86663937e+03 3.22803453e+01
v 6.74107211e+03 6.86774924e+03 3.21203197e+01
v 6.74392386e+03 6.86859450e+03 3.14057393e+01
v 6.74714653e+03 6.86938484e+03 3.40647886e+01
v 6.74818493e+03 6.87123331e+03 3.18830356e+01
v 6.73832410e+03 6.86958840e+03 3.18053318e+01
v 6.74196997e+03 6.86759913e+03 3.03061568e+01
v 6.73948963e+03 6.86609995e+03 3.15454127e+01
v 6.74261902e+03 6.86819530e+03 3.27365386e+01
v 6.74238026e+03 6.87019276e+03 3.23996437e+01
v 6.74073716e+03 6.86740958e+03 3.29902600e+01
v 6.73897902e+03 6.86755174e+03 3.29597445e+01
v 6.73845084e+03 6.86699383e+03 3.18660617e+01
v 6.73774981e+03 6.86858764e+03 3.40079611e+01
v 6.73919564e+03 6.87378070e+03 3.28462815e+01
v 6.73799377e+03 6.87191448e+03 3.21469870e+01
v 6.74255632e+03 6.86881941e+03 3.36915168e+01
v 6.73790693e+03 6.87058294e+03 2.68568433e+01
v 6.73712510e+03 6.87118869e+03 3.02722012e+01
v 6.71578126e+03 6.86768050e+03 3.11225583e+01
v 6.71397114e+03 6.86633862e+03 2.94114803e+01
v 6.70700748e+03 6.87044596e+03 2.99615960e+01
v 6.70598202e+03 6.87215875e+03 3.06890431e+01
v 6.74623125e+03 6.87376312e+03 3.09851519e+01
v 6.73807741e+03 6.87138725e+03 3.35871349e+01
v 6.71732711e+03 6.86744722e+03 3.05615410e+01
v 6.70890440e+03 6.86949778e+03 3.13286468e+01
v 6.70669096e+03 6.87038003e+03 3.13852314e+01
v 6.71168359e+03 6.86971738e+03 3.06013188e+01
v 6.71101457e+03 6.87067544e+03 3.13040721e+01
v 6.70685196e+03 6.87113130e+03 3.22572997e+01
v 6.70462969e+03 6.87476652e+03 3.24321724e+01
v 6.70488446e+03 6.87293100e+03 3.26069898e+01
v 6.70836301e+03 6.87078395e+03 3.29478840e+01
v 6.70965898e+03 6.86876911e+03 2.86234383e+01
v 6.71109448e+03 6.87238459e+03 3.28659920e+01
v 6.71379250e+03 6.87237972e+03 3.29639245e+01
v 6.70631754e+03 6.87142444e+03 3.32687297e+01
v 6.71259912e+03 6.87358246e+03 3.22904902e+01
v 6.71055271e+03 6.87057852e+03 3.28738989e+01
v 6.71295018e+03 6.87115240e+03 3.17616848e+01
v 6.71442996e+03 6.87151772e+03 3.12114480e+01
v 6.70921930e+03 6.86931936e+03 3.28491027e+01
v 6.71608263e+03 6.87423820e+03 3.09057263e+01
v 6.71430575e+03 6.87424793e+03 3.29095258e+01
v 6.71425454e+03 6.87352657e+03 3.23005565e+01
v 6.71577471e+03 6.87485369e+03 3.28714136e+01
v 6.70803688e+03 6.87108549e+03 3.41037091e+01
v 6.70685340e+03 6.87242534e+03 3.42295288e+01
v 6.70916884e+03 6.87176508e+03 3.49325036e+01
v 6.70990358e+03 6.87160529e+03 3.38302487e+01
v 6.71638969e+03 6.86663834e+03 3.17807612e+01
v 6.71495231e+03 6.86539825e+03 3.14087455e+01
v 6.71247794e+03 6.87427467e+03 3.38510204e+01
v 6.71417028e+03 6.87513010e+03 3.45310506e+01
v 6.71128465e+03 6.87249370e+03 3.48328652e+01
v 6.70813880e+03 6.87283673e+03 3.45458734e+01
v 6.71043433e+03 6.87369034e+03 3.59574776e+01
v 6.71312474e+03 6.87478504e+03 3.48142557e+01
v 6.70605749e+03 6.87375646e+03 3.50925657e+01
v 6.70620025e+03 6.87541532e+03 3.46331899e+01
v 6.71208259e+03 6.87458186e+03 3.57612708e+01
v 6.70860269e+03 6.87549654e+03 3.63035694e+01
v 6.70739581e+03 6.87446833e+03 3.51364173e+01
v 6.70809345e+03 6.87452477e+03 3.63444473e+01
v 6.73905730e+03 6.87494997e+03 3.81204655e+01
v 6.74029969e+03 6.87472660e+03 3.75581527e+01
v 6.74116171e+03 6.87505036e+03 3.89128760e+01
v 6.73761234e+03 6.87504254e+03 3.53006718e+01
v 6.73856552e+03 6.87317049e+03 3.45127891e+01
v 6.73971092e+03 6.87306858e+03 3.71185874e+01
v 6.73993016e+03 6.87466556e+03 3.87888326e+01
v 6.73880888e+03 6.87457501e+03 3.58947342e+01
v 6.73860750e+03 6.86911529e+03 3.67658370e+01
v 6.73968888e+03 6.86849436e+03 3.55531047e+01
v 6.74157999e+03 6.87257263e+03 3.64427092e+01
v 6.74105785e+03 6.87443210e+03 3.61665830e+01
v 6.74287503e+03 6.87539743e+03 4.16385461e+01
v 6.74220165e+03 6.87432009e+03 4.15164841e+01
v 6.74254908e+03 6.87490827e+03 3.86757604e+01
v 6.73904602e+03 6.87092645e+03 3.51918752e+01
v 6.74184859e+03 6.86972362e+03 3.56919469e+01
v 6.74183402e+03 6.86902647e+03 3.71474631e+01
v 6.74149786e+03 6.87486742e+03 3.66899067e+01
v 6.74321279e+03 6.87527792e+03 3.66320197e+01
v 6.74528390e+03 6.87511488e+03 3.49487715e+01
v 6.74449942e+03 6.87520182e+03 3.86508409e+01
v 6.74371756e+03 6.87373007e+03 3.89207729e+01
v 6.74701475e+03 6.86973593e+03 3.55800278e+01
v 6.74676119e+03 6.87036466e+03 3.69699993e+01
v 6.74327849e+03 6.87367557e+03 3.64368293e+01
v 6.74422931e+03 6.87321892e+03 3.66396162e+01
v 6.74310481e+03 6.87372442e+03 3.60097534e+01
v 6.74346562e+03 6.87492613e+03 3.48984994e+01
v 6.74468214e+03 6.87435024e+03 3.58165396e+01
v 6.74273896e+03 6.87434451e+03 3.55463236e+01
v 6.74248854e+03 6.87428068e+03 3.67018184e+01
v 6.73898372e+03 6.87079988e+03 3.72312277e+01
v 6.74256915e+03 6.87500025e+03 3.61249043e+01
v 6.74354378e+03 6.87247967e+03 3.45510811e+01
v 6.74250784e+03 6.87541253e+03 3.55222326e+01
v 6.74383573e+03 6.87225083e+03 3.61068589e+01
v 6.74304397e+03 6.87406068e+03 3.38377876e+01
v 6.74495136e+03 6.87227256e+03 3.53596437e+01
v 6.74587860e+03 6.87086542e+03 3.41117186e+01
v 6.74608470e+03 6.86953379e+03 3.55834662e+01
v 6.74826067e+03 6.86897793e+03 3.50769815e+01
v 6.74077521e+03 6.86912571e+03 3.76734687e+01
v 6.74279502e+03 6.87483061e+03 3.65079208e+01
v 6.74548012e+03 6.87185628e+03 3.36728007e+01
v 6.74565630e+03 6.87228546e+03 3.66894590e+01
v 6.74566888e+03 6.87257302e+03 3.43348851e+01
v 6.74769544e+03 6.87129532e+03 3.45467672e+01
v 6.74854143e+03 6.86956140e+03 3.34965789e+01
v 6.74155861e+03 6.87278195e+03 3.46119943e+01
v 6.74022850e+03 6.87208944e+03 3.50982409e+01
v 6.74372984e+03 6.86855624e+03 3.40351481e+01
v 6.74192217e+03 6.87454346e+03 3.49673982e+01
v 6.74098395e+03 6.87136332e+03 3.32881147e+01
v 6.73978301e+03 6.87045822e+03 3.60362908e+01
v 6.74091918e+03 6.87059366e+03 3.41435152e+01
v 6.74046743e+03 6.86941213e+03 3.61212642e+01
v 6.74206365e+03 6.86901091e+03 3.51827508e+01
v 6.74106554e+03 6.86752747e+03 3.42439439e+01
v 6.73868277e+03 6.86767858e+03 3.49105823e+01
v 6.74091819e+03 6.86825510e+03 3.56093439e+01
v 6.74118952e+03 6.86803906e+03 3.73004879e+01
v 6.74197092e+03 6.86738690e+03 3.38250329e+01
v 6.74532738e+03 6.87408713e+03 3.20619664e+01
v 6.73867788e+03 6.87257342e+03 2.91559141e+01
v 6.74826016e+03 6.86723026e+03 2.22673716e+01
v 6.74472117e+03 6.86675297e+03 2.17705514e+01
v 6.73520080e+03 6.86797809e+03 2.16836628e+01
v 6.73840366e+03 6.87008059e+03 2.28613946e+01
v 6.73846785e+03 6.86892168e+03 2.16012606e+01
v 6.73958886e+03 6.86878959e+03 2.36807293e+01
v 6.71741600e+03 6.86593266e+03 2.28922625e+01
v 6.74126795e+03 6.87247225e+03 2.29345833e+01
v 6.72204375e+03 6.86725615e+03 2.24424681e+01
v 6.74041978e+03 6.86889454e+03 2.21307962e+01
v 6.73426111e+03 6.87130766e+03 2.25770542e+01
v 6.73999819e+03 6.86690428e+03 2.14311205e+01
v 6.73777663e+03 6.86411004e+03 2.07301160e+01
v 6.74510521e+03 6.86765394e+03 2.20811919e+01
v 6.72643996e+03 6.86305666e+03 2.09522630e+01
v 6.74105870e+03 6.86555417e+03 2.14204103e+01
v 6.71964078e+03 6.86595245e+03 2.23454490e+01
v 6.75000000e+03 6.86719195e+03 2.23877451e+01
v 6.74702834e+03 6.86653531e+03 2.07943868e+01
v 6.71687218e+03 6.86637612e+03 2.52116745e+01
v 6.71421782e+03 6.86632678e+03 2.54537888e+01
v 6.74646712e+03 6.86616455e+03 2.94313983e+01
v 6.75000000e+03 6.86954552e+03 2.88629696e+01
v 6.74387709e+03 6.86615483e+03 2.58251441e+01
v 6.75000000e+03 6.86977413e+03 2.77399926e+01
v 6.75000000e+03 6.86044354e+03 2.50893248e+01
v 6.75000000e+03 6.85873846e+03 2.67624790e+01
v 6.75000000e+03 6.85897853e+03 2.89241795e+01
v 6.75000000e+03 6.85855710e+03 3.07312558e+01
v 6.75000000e+03 6.85759205e+03 3.13074409e+01
v 6.75000000e+03 6.85743515e+03 3.53121007e+01
v 6.75000000e+03 6.85599052e+03 3.40437597e+01
v 6.75000000e+03 6.85545986e+03 3.51147284e+01
v 6.75000000e+03 6.85858532e+03 3.41618960e+01
v 6.75000000e+03 6.85442486e+03 3.71250284e+01
v 6.75000000e+03 6.85415440e+03 3.57312645e+01
v 6.75000000e+03 6.85857908e+03 3.53688140e+01
v 6.75000000e+03 6.85295937e+03 2.40879435e+01
v 6.75000000e+03 6.85380793e+03 2.15653713e+01
v 6.75000000e+03 6.85388588e+03 2.80413314e+01
v 6.75000000e+03 6.85408656e+03 2.66379476e+01
v 6.75000000e+03 6.85566199e+03 3.72282318e+01
v 6.75000000e+03 6.86078177e+03 2.36954908e+01
v 6.75000000e+03 6.86019993e+03 2.44293550e+01
v 6.75000000e+03 6.86069737e+03 2.36184176e+01
v 6.75000000e+03 6.85729748e+03 2.81898164e+01
v 6.75000000e+03 6.85735217e+03 2.80327716e+01
v 6.75000000e+03 6.85704913e+03 2.82585654e+01
v 6.75000000e+03 6.85566247e+03 2.82540312e+01
v 6.75000000e+03 6.85336046e+03 2.87767159e+01
v 6.75000000e+03 6.85440986e+03 2.93802152e+01
v 6.75000000e+03 6.85535349e+03 3.23894814e+01
v 6.75000000e+03 6.85650471e+03 2.92354462e+01
v 6.75000000e+03 6.85365278e+03 3.18371524e+01
v 6.75000000e+03 6.85315602e+03 3.11670049e+01
v 6.75000000e+03 6.85422190e+03 3.42918124e+01
v 6.74882371e+03 6.85413789e+03 3.29014633e+01
v 6.75000000e+03 6.81289805e+03 1.60863843e+01
v 6.75000000e+03 6.81241293e+03 1.67018551e+01
v 6.75000000e+03 6.81700374e+03 1.63518251e+01
v 6.75000000e+03 6.85621175e+03 1.84476956e+01
v 6.75000000e+03 6.85108639e+03 1.80679441e+01
v 6.74819248e+03 6.85460605e+03 1.82629341e+01
v 6.75000000e+03 6.85887194e+03 1.94585013e+01
v 6.75000000e+03 6.86328560e+03 2.00940295e+01
v 6.75000000e+03 6.86401050e+03 2.12533546e+01
v 6.75000000e+03 6.85901635e+03 2.36598283e+01
v 6.75000000e+03 6.85779687e+03 2.25176563e+01
v 6.75000000e+03 6.85603400e+03 2.14265075e+01
v 6.75000000e+03 6.84412045e+03 1.78053697e+01
v 6.75000000e+03 6.83725498e+03 1.76325363e+01
v 6.69239172e+03 6.86355890e+03 2.42799335e+01
v 6.68841736e+03 6.85876871e+03 2.42048184e+01
v 6.69590481e+03 6.86417051e+03 2.44288570e+01
v 6.69139773e+03 6.86569855e+03 2.49287176e+01
v 6.68896403e+03 6.86465473e+03 2.50827553e+01
v 6.69361998e+03 6.86109161e+03 2.39619473e+01
v 6.69681215e+03 6.86169682e+03 2.33901179e+01
v 6.69213300e+03 6.85910345e+03 2.40050522e+01
v 6.69241238e+03 6.86045293e+03 2.48696044e+01
v 6.69554492e+03 6.85939975e+03 2.31009341e+01
v 6.69454179e+03 6.85984984e+03 2.41959155e+01
v 6.68826228e+03 6.85157009e+03 2.31763624e+01
v 6.68934654e+03 6.85496516e+03 2.34964022e+01
v 6.69319544e+03 6.85678404e+03 2.24894080e+01
v 6.69401457e+03 6.85877818e+03 2.37087918e+01
v 6.69445566e+03 6.85666588e+03 2.33592016e+01
v 6.69587832e+03 6.85819509e+03 2.38592011e+01
v 6.69400969e+03 6.85981069e+03 2.55178791e+01
v 6.73315670e+03 6.85808652e+03 2.51402013e+01
v 6.73391405e+03 6.85974137e+03 2.46037206e+01
v 6.74735109e+03 6.85873378e+03 2.52929298e+01
v 6.74561770e+03 6.85893886e+03 2.53159713e+01
v 6.74707895e+03 6.85933375e+03 2.41492691e+01
v 6.74428090e+03 6.85813577e+03 2.47161889e+01
v 6.74666080e+03 6.85811150e+03 1.95283554e+01
v 6.74807171e+03 6.85878819e+03 2.23569010e+01
v 6.74658454e+03 6.85151028e+03 2.38239567e+01
v 6.74599793e+03 6.84969525e+03 2.43801070e+01
v 6.74683156e+03 6.85179396e+03 2.16236611e+01
v 6.74441140e+03 6.84921659e+03 2.52005096e+01
v 6.74469981e+03 6.85195995e+03 2.18506203e+01
v 6.74300689e+03 6.85181129e+03 2.47454349e+01
v 6.74205934e+03 6.85516375e+03 2.43293799e+01
v 6.74229085e+03 6.85665101e+03 2.77405487e+01
v 6.74858873e+03 6.85936393e+03 2.63815510e+01
v 6.74659677e+03 6.85668558e+03 2.73330566e+01
v 6.71851989e+03 6.85347115e+03 2.11971630e+01
v 6.71882686e+03 6.85498129e+03 2.40783970e+01
v 6.73548641e+03 6.86145444e+03 2.43915353e+01
v 6.73391235e+03 6.86132886e+03 2.43175588e+01
v 6.72116172e+03 6.86469074e+03 2.51423258e+01
v 6.71653099e+03 6.85338287e+03 2.77153070e+01
v 6.72166694e+03 6.85902626e+03 2.52177145e+01
v 6.72055322e+03 6.85934608e+03 2.41110429e+01
v 6.71184951e+03 6.84892641e+03 2.77570481e+01
v 6.71252041e+03 6.84759493e+03 2.58163727e+01
v 6.71477513e+03 6.84709152e+03 2.74452290e+01
v 6.71334061e+03 6.84891665e+03 2.82063886e+01
v 6.72639414e+03 6.84949244e+03 2.46451159e+01
v 6.72837666e+03 6.84918857e+03 2.59615183e+01
v 6.73069346e+03 6.85195294e+03 2.87148904e+01
v 6.73229300e+03 6.85073973e+03 2.49103119e+01
v 6.72566689e+03 6.85136191e+03 2.73817548e+01
v 6.72277391e+03 6.85258628e+03 2.34767702e+01
v 6.72103440e+03 6.86002396e+03 2.64641853e+01
v 6.71927848e+03 6.85710587e+03 2.47915729e+01
v 6.71634395e+03 6.85895051e+03 2.57737572e+01
v 6.72348217e+03 6.85830343e+03 2.42022326e+01
v 6.72431510e+03 6.85779080e+03 2.74293883e+01
v 6.73084522e+03 6.84986432e+03 2.54787056e+01
v 6.72480127e+03 6.85933541e+03 2.70385536e+01
v 6.71759396e+03 6.85743979e+03 2.73972289e+01
v 6.72004668e+03 6.85848960e+03 2.68992876e+01
v 6.72005135e+03 6.85659755e+03 2.55945267e+01
v 6.71978499e+03 6.86040648e+03 2.32077306e+01
v 6.72054342e+03 6.86287492e+03 2.49735209e+01
v 6.71924890e+03 6.85834069e+03 2.41265448e+01
v 6.73700702e+03 6.85750529e+03 2.34747044e+01
v 6.73668809e+03 6.85696507e+03 2.19371260e+01
v 6.71398217e+03 6.86062603e+03 2.85664067e+01
v 6.71385735e+03 6.86310143e+03 2.95593973e+01
v 6.72187334e+03 6.85727694e+03 2.95392156e+01
v 6.72033351e+03 6.85812310e+03 3.00412882e+01
v 6.72008446e+03 6.85869596e+03 2.76414396e+01
v 6.71899691e+03 6.85844579e+03 2.75045619e+01
v 6.71860001e+03 6.85896916e+03 2.88684002e+01
v 6.72321923e+03 6.85883969e+03 2.56774878e+01
v 6.72336280e+03 6.86047466e+03 2.77712561e+01
v 6.72353171e+03 6.85577769e+03 2.64488499e+01
v 6.72556493e+03 6.85432672e+03 2.83602623e+01
v 6.72072455e+03 6.85532219e+03 2.62551303e+01
v 6.71838651e+03 6.85464889e+03 2.74799464e+01
v 6.72610505e+03 6.85710853e+03 3.02188069e+01
v 6.72701739e+03 6.85858121e+03 3.03785405e+01
v 6.71928714e+03 6.86600765e+03 2.82578139e+01
v 6.74760790e+03 6.85756595e+03 3.32295425e+01
v 6.74679458e+03 6.85691808e+03 3.61807260e+01
v 6.72472733e+03 6.85066925e+03 2.24260544e+01
v 6.71048005e+03 6.85728304e+03 2.17675280e+01
v 6.71557654e+03 6.85303076e+03 1.98803258e+01
v 6.72298421e+03 6.85458340e+03 2.49375355e+01
v 6.72768613e+03 6.84921056e+03 2.74391488e+01
v 6.71898324e+03 6.85921126e+03 2.03065322e+01
v 6.72039835e+03 6.85429981e+03 2.05924868e+01
v 6.72232293e+03 6.85410478e+03 2.26086595e+01
v 6.71856909e+03 6.85935638e+03 2.37870406e+01
v 6.72212194e+03 6.85515731e+03 2.68652789e+01
v 6.71575963e+03 6.85996185e+03 2.10916631e+01
v 6.72227165e+03 6.85366630e+03 1.90220474e+01
v 6.74386296e+03 6.85531846e+03 1.95153974e+01
v 6.74425220e+03 6.85656448e+03 2.03587445e+01
v 6.71233813e+03 6.85031917e+03 2.56542279e+01
v 6.71569910e+03 6.85173653e+03 2.42330813e+01
v 6.72498343e+03 6.85270153e+03 1.85478434e+01
v 6.72393431e+03 6.85257529e+03 2.00069031e+01
v 6.72105294e+03 6.85524279e+03 2.25945984e+01
v 6.73243536e+03 6.85228124e+03 1.98410648e+01
v 6.73328344e+03 6.85271786e+03 2.12504695e+01
v 6.72959244e+03 6.84741475e+03 2.33865128e+01
v 6.72809002e+03 6.84700410e+03 2.24005083e+01
v 6.72591508e+03 6.84972915e+03 2.97971191e+01
v 6.74812310e+03 6.85748033e+03 1.92623754e+01
v 6.73326149e+03 6.85201036e+03 2.23465042e+01
v 6.71988993e+03 6.85972079e+03 2.13238354e+01
v 6.73416682e+03 6.85670069e+03 1.90182614e+01
v 6.73432894e+03 6.85800677e+03 2.25792546e+01
v 6.74506903e+03 6.85763850e+03 2.23412061e+01
v 6.72019654e+03 6.86051877e+03 2.08793874e+01
v 6.71433335e+03 6.86114630e+03 2.46044113e+01
v 6.71373680e+03 6.86142960e+03 2.19137884e+01
v 6.72272942e+03 6.85578758e+03 2.65909430e+01
v 6.73520886e+03 6.85347914e+03 2.61754928e+01
v 6.72079599e+03 6.85722755e+03 2.31528296e+01
v 6.72274190e+03 6.85541307e+03 2.56882728e+01
v 6.71605280e+03 6.85984142e+03 2.35092580e+01
v 6.71458991e+03 6.84947566e+03 2.23496238e+01
v 6.71346483e+03 6.84973917e+03 2.01228689e+01
v 6.71449234e+03 6.84755551e+03 1.90546607e+01
v 6.71459818e+03 6.84651433e+03 2.18956268e+01
v 6.73249731e+03 6.85907992e+03 1.96801246e+01
v 6.74777330e+03 6.85308669e+03 2.04897709e+01
v 6.72762464e+03 6.84566686e+03 2.09894460e+01
v 6.73688340e+03 6.85117674e+03 2.08441755e+01
v 6.73714791e+03 6.85286164e+03 1.84922045e+01
v 6.73586546e+03 6.85006375e+03 2.03315085e+01
v 6.74182853e+03 6.85974013e+03 1.97960925e+01
v 6.74361155e+03 6.86080806e+03 2.28055266e+01
v 6.73691744e+03 6.84962347e+03 2.18470773e+01
v 6.73637755e+03 6.84895485e+03 2.30930516e+01
v 6.71905748e+03 6.86340089e+03 3.00692056e+01
v 6.71619176e+03 6.86405149e+03 3.18209380e+01
v 6.73462815e+03 6.85319597e+03 1.86621904e+01
v 6.72188531e+03 6.86182999e+03 3.48394864e+01
v 6.72179780e+03 6.86105073e+03 3.50123836e+01
v 6.74608174e+03 6.85104395e+03 2.19629113e+01
v 6.73041429e+03 6.84845774e+03 1.77506688e+01
v 6.73092504e+03 6.85218564e+03 1.85479884e+01
v 6.73742019e+03 6.84801916e+03 1.78747884e+01
v 6.73541220e+03 6.84982617e+03 1.85135136e+01
v 6.73902223e+03 6.85982221e+03 1.97703724e+01
v 6.73612846e+03 6.86042541e+03 2.00709484e+01
v 6.74575314e+03 6.85288177e+03 1.80476978e+01
v 6.74302639e+03 6.85536252e+03 1.85413874e+01
v 6.71407188e+03 6.84784348e+03 2.17096081e+01
v 6.71735557e+03 6.85139261e+03 1.97573442e+01
v 6.73271696e+03 6.84890006e+03 1.79626623e+01
v 6.73365489e+03 6.84786152e+03 1.79096248e+01
v 6.73313586e+03 6.84955787e+03 2.18873404e+01
v 6.73413123e+03 6.85148684e+03 2.35349741e+01
v 6.73137324e+03 6.85042812e+03 2.28912822e+01
v 6.74344369e+03 6.85628872e+03 3.00626288e+01
v 6.74509028e+03 6.85709066e+03 3.18081523e+01
v 6.74199536e+03 6.86282183e+03 2.38727449e+01
v 6.74173760e+03 6.86182510e+03 2.14636425e+01
v 6.74228867e+03 6.86371807e+03 2.20955323e+01
v 6.74292491e+03 6.85462061e+03 2.11164411e+01
v 6.74353670e+03 6.85647670e+03 2.42493244e+01
v 6.74359801e+03 6.85636883e+03 2.71622014e+01
v 6.74477949e+03 6.86170552e+03 2.26926304e+01
v 6.74513753e+03 6.86156468e+03 2.02390631e+01
v 6.74260024e+03 6.85693598e+03 2.91671060e+01
v 6.74028046e+03 6.85965820e+03 2.05958952e+01
v 6.73241997e+03 6.84857343e+03 1.90085026e+01
v 6.73109467e+03 6.84659932e+03 1.99547772e+01
v 6.73199481e+03 6.84846661e+03 1.87407028e+01
v 6.73211501e+03 6.85387629e+03 2.27363496e+01
v 6.73129580e+03 6.84916857e+03 2.00474760e+01
v 6.73303201e+03 6.85017766e+03 1.84303310e+01
v 6.74749339e+03 6.85595925e+03 2.87175215e+01
v 6.74847220e+03 6.85807834e+03 2.87522890e+01
v 6.74934019e+03 6.86098985e+03 2.28584441e+01
v 6.73210557e+03 6.85128548e+03 2.19288483e+01
v 6.74579508e+03 6.85147979e+03 2.04753891e+01
v 6.73604087e+03 6.85187434e+03 2.13723646e+01
v 6.73717915e+03 6.85136599e+03 2.25818535e+01
v 6.73562594e+03 6.85299712e+03 2.40924152e+01
v 6.73475482e+03 6.84895285e+03 2.08762518e+01
v 6.73407736e+03 6.84717929e+03 2.05680213e+01
v 6.73292612e+03 6.86047977e+03 2.35359887e+01
v 6.72227120e+03 6.85597302e+03 2.35350980e+01
v 6.71309030e+03 6.86457176e+03 2.49158252e+01
v 6.71391001e+03 6.84742927e+03 2.38803226e+01
v 6.72092919e+03 6.85876410e+03 2.30295926e+01
v 6.71743481e+03 6.85402408e+03 2.00393696e+01
v 6.73204537e+03 6.84852417e+03 1.89699756e+01
v 6.73041990e+03 6.84888734e+03 2.06613049e+01
v 6.73681459e+03 6.85317057e+03 2.05988797e+01
v 6.73543243e+03 6.85291602e+03 2.04325109e+01
v 6.73420589e+03 6.84624962e+03 1.75962139e+01
v 6.70993252e+03 6.84767646e+03 2.23177034e+01
v 6.71046815e+03 6.84996829e+03 2.21083200e+01
v 6.71924956e+03 6.85524852e+03 1.98232767e+01
v 6.73280606e+03 6.85364872e+03 1.90930457e+01
v 6.72980552e+03 6.85637088e+03 1.91102135e+01
v 6.74369369e+03 6.85756087e+03 1.92763020e+01
v 6.74039886e+03 6.86112521e+03 2.03329611e+01
v 6.72137798e+03 6.85886095e+03 2.22209459e+01
v 6.72092464e+03 6.85928575e+03 2.14760363e+01
v 6.73726295e+03 6.85744045e+03 2.12933712e+01
v 6.73828419e+03 6.85737204e+03 1.92764639e+01
v 6.73702484e+03 6.85793983e+03 1.95515781e+01
v 6.73680531e+03 6.85577790e+03 1.89976255e+01
v 6.72153189e+03 6.85903777e+03 2.25602767e+01
v 6.72118762e+03 6.86191350e+03 2.15264427e+01
v 6.73639748e+03 6.85982568e+03 2.32264595e+01
v 6.74426274e+03 6.86599347e+03 2.44978732e+01
v 6.71291872e+03 6.86415716e+03 2.33733567e+01
v 6.74310238e+03 6.86549768e+03 2.12340287e+01
v 6.74645599e+03 6.85398306e+03 3.35629712e+01
v 6.74679951e+03 6.85264695e+03 3.39935187e+01
v 6.73018705e+03 6.85069256e+03 3.13787043e+01
v 6.73171845e+03 6.85166644e+03 3.21303600e+01
v 6.72788315e+03 6.84706903e+03 2.77702663e+01
v 6.74704275e+03 6.84993283e+03 3.10771655e+01
v 6.74510054e+03 6.85022281e+03 3.11787346e+01
v 6.74972524e+03 6.85289385e+03 2.83271554e+01
v 6.74865578e+03 6.85337800e+03 2.61123571e+01
v 6.74442594e+03 6.86556814e+03 2.83346085e+01
v 6.71430738e+03 6.86012471e+03 2.72047542e+01
v 6.73616435e+03 6.86071435e+03 2.22124609e+01
v 6.72063128e+03 6.86206433e+03 2.79949541e+01
v 6.74531131e+03 6.86500943e+03 2.72531697e+01
v 6.71956757e+03 6.85300245e+03 3.09336405e+01
v 6.71901739e+03 6.85294320e+03 3.22204123e+01
v 6.71239441e+03 6.86490020e+03 2.68569016e+01
v 6.71873555e+03 6.85833298e+03 2.96141345e+01
v 6.71526005e+03 6.86105023e+03 2.91991619e+01
v 6.71586621e+03 6.86164760e+03 3.14142414e+01
v 6.72213320e+03 6.86382632e+03 3.48073452e+01
v 6.72209775e+03 6.86133218e+03 3.31757428e+01
v 6.72447969e+03 6.85874208e+03 3.09011844e+01
v 6.72643491e+03 6.85734814e+03 3.44304007e+01
v 6.72465266e+03 6.86000864e+03 3.42845402e+01
v 6.74815337e+03 6.85800325e+03 3.59665859e+01
v 6.74926879e+03 6.85661530e+03 3.44314164e+01
v 6.74764938e+03 6.85776846e+03 3.10922012e+01
v 6.74631369e+03 6.85640607e+03 2.93761658e+01
v 6.74600366e+03 6.84999369e+03 2.71500721e+01
v 6.74450685e+03 6.85677834e+03 2.59622019e+01
v 6.73610350e+03 6.85282821e+03 2.87166402e+01
v 6.73721669e+03 6.84992066e+03 2.89807131e+01
v 6.73727583e+03 6.84815764e+03 2.70141584e+01
v 6.72371184e+03 6.86124156e+03 3.09755334e+01
v 6.72257306e+03 6.86146003e+03 3.06627025e+01
v 6.72183772e+03 6.86262311e+03 3.22708829e+01
v 6.72000694e+03 6.86181494e+03 3.03902147e+01
v 6.71612849e+03 6.84781907e+03 2.97751607e+01
v 6.71420936e+03 6.84728864e+03 3.03240327e+01
v 6.74756495e+03 6.85853495e+03 2.77458155e+01
v 6.71802805e+03 6.84873432e+03 3.05392561e+01
v 6.71815928e+03 6.84732837e+03 3.08948420e+01
v 6.71640615e+03 6.84815720e+03 2.97193123e+01
v 6.74666196e+03 6.84967507e+03 2.96622709e+01
v 6.74334585e+03 6.85356492e+03 3.31243681e+01
v 6.74306717e+03 6.85388602e+03 3.06154564e+01
v 6.71888547e+03 6.85314505e+03 2.90540143e+01
v 6.72977961e+03 6.84985898e+03 2.20298910e+01
v 6.72138453e+03 6.85718073e+03 2.60889486e+01
v 6.74388957e+03 6.85665003e+03 3.42025328e+01
v 6.72614094e+03 6.85949582e+03 3.13126483e+01
v 6.72574980e+03 6.85948518e+03 2.90605416e+01
v 6.74933854e+03 6.85458338e+03 3.14978316e+01
v 6.74778420e+03 6.85331492e+03 3.49466547e+01
v 6.74895700e+03 6.85361608e+03 3.64812738e+01
v 6.74585851e+03 6.85673721e+03 3.44636040e+01
v 6.74911148e+03 6.85814474e+03 3.52724282e+01
v 6.74978001e+03 6.85306367e+03 3.40457584e+01
v 6.74570892e+03 6.85194972e+03 3.43901567e+01
v 6.74909013e+03 6.85587413e+03 3.66934300e+01
v 6.71651035e+03 6.84868457e+03 2.99147258e+01
v 6.72127442e+03 6.86062553e+03 3.33865258e+01
v 6.72109155e+03 6.85800837e+03 3.33935063e+01
v 6.71906559e+03 6.85839104e+03 3.35839885e+01
v 6.71953722e+03 6.86206864e+03 3.38307302e+01
v 6.71883074e+03 6.86140493e+03 3.44880415e+01
v 6.71967109e+03 6.86050857e+03 3.25901857e+01
v 6.72526756e+03 6.85515337e+03 3.58626506e+01
v 6.72291439e+03 6.85927471e+03 3.35442489e+01
v 6.72431802e+03 6.85946323e+03 3.58963106e+01
v 6.72563059e+03 6.85784711e+03 3.62664285e+01
v 6.74401720e+03 6.85175679e+03 3.41998137e+01
v 6.74531325e+03 6.85119873e+03 3.56370982e+01
v 6.74389081e+03 6.85532348e+03 3.49834243e+01
v 6.74423676e+03 6.85411130e+03 3.47688996e+01
v 6.74871016e+03 6.85105701e+03 3.34842826e+01
v 6.74805966e+03 6.85284530e+03 3.04071593e+01
v 6.74744791e+03 6.85149878e+03 3.37971960e+01
v 6.72600806e+03 6.85889698e+03 2.88319298e+01
v 6.72450601e+03 6.85641578e+03 2.72872244e+01
v 6.72376317e+03 6.85520282e+03 3.04340195e+01
v 6.72619303e+03 6.85619138e+03 3.13160369e+01
v 6.71976406e+03 6.85684914e+03 3.28859781e+01
v 6.74937876e+03 6.85799581e+03 3.09595992e+01
v 6.74894830e+03 6.85600972e+03 3.07627368e+01
v 6.74962865e+03 6.85882709e+03 2.77923648e+01
v 6.74525562e+03 6.85174443e+03 2.82082466e+01
v 6.74527342e+03 6.85063427e+03 2.96622138e+01
v 6.74929080e+03 6.85509124e+03 2.88005009e+01
v 6.74792269e+03 6.85161637e+03 2.93620713e+01
v 6.74652290e+03 6.85019252e+03 2.83442764e+01
v 6.74698025e+03 6.85146294e+03 3.06300184e+01
v 6.74380860e+03 6.85177760e+03 2.87195300e+01
v 6.73417942e+03 6.85218774e+03 2.99917133e+01
v 6.73146333e+03 6.85183859e+03 3.08372463e+01
v 6.74429512e+03 6.85139193e+03 3.33216279e+01
v 6.74386301e+03 6.85111406e+03 3.12125783e+01
v 6.74120558e+03 6.85304573e+03 2.92426689e+01
v 6.74248564e+03 6.85439099e+03 2.90352752e+01
v 6.74134078e+03 6.85238947e+03 2.71909350e+01
v 6.74136215e+03 6.85130483e+03 2.87860097e+01
v 6.73596875e+03 6.85381007e+03 2.53287590e+01
v 6.74746222e+03 6.85227828e+03 2.78555546e+01
v 6.74875872e+03 6.85241409e+03 2.89964593e+01
v 6.71896837e+03 6.86520649e+03 2.67725277e+01
v 6.70183009e+03 6.86210369e+03 2.31412278e+01
v 6.69917339e+03 6.86081983e+03 2.31471491e+01
v 6.73744617e+03 6.85668462e+03 2.47403208e+01
v 6.73426930e+03 6.85837827e+03 2.47643904e+01
v 6.73512538e+03 6.85995179e+03 2.50608553e+01
v 6.73418733e+03 6.86119209e+03 2.58687581e+01
v 6.70944120e+03 6.84838979e+03 2.33880871e+01
v 6.70912208e+03 6.85058795e+03 2.25402506e+01
v 6.70709053e+03 6.84793080e+03 2.43412684e+01
v 6.70428234e+03 6.84697572e+03 2.39952273e+01
v 6.70442815e+03 6.84806649e+03 2.30929491e+01
v 6.70612763e+03 6.84587169e+03 2.34185584e+01
v 6.71297716e+03 6.84795902e+03 2.74584642e+01
v 6.71218393e+03 6.85003548e+03 2.88802097e+01
v 6.69895853e+03 6.84735058e+03 2.22891876e+01
v 6.69834168e+03 6.84670204e+03 2.37401335e+01
v 6.71250248e+03 6.85201841e+03 2.98213003e+01
v 6.72659120e+03 6.84710367e+03 2.71379117e+01
v 6.73719524e+03 6.85065672e+03 2.64921556e+01
v 6.73645760e+03 6.85077240e+03 2.47154058e+01
v 6.73725093e+03 6.84922358e+03 2.50659903e+01
v 6.73606270e+03 6.84659062e+03 2.31930703e+01
v 6.73714113e+03 6.85214023e+03 2.93533588e+01
v 6.73595049e+03 6.84700242e+03 2.46968848e+01
v 6.70790776e+03 6.84630906e+03 2.40800944e+01
v 6.73639934e+03 6.84612836e+03 2.67636084e+01
v 6.73645600e+03 6.85215683e+03 2.39013725e+01
v 6.71332640e+03 6.84599485e+03 2.74187198e+01
v 6.72601211e+03 6.84717149e+03 2.89219838e+01
v 6.74861240e+03 6.85025854e+03 2.43503528e+01
v 6.74886185e+03 6.85306517e+03 2.43692762e+01
v 6.74770530e+03 6.85146674e+03 2.49663282e+01
v 6.74929772e+03 6.86077735e+03 2.44564665e+01
v 6.74904633e+03 6.85248824e+03 2.31656130e+01
v 6.74530578e+03 6.86470507e+03 2.59034503e+01
v 6.74722973e+03 6.85054912e+03 2.59632295e+01
v 6.74946673e+03 6.85126345e+03 2.35521929e+01
v 6.74849320e+03 6.85232660e+03 2.66355887e+01
v 6.74354186e+03 6.85080746e+03 2.78427270e+01
v 6.73281823e+03 6.86178452e+03 2.42852896e+01
v 6.74356726e+03 6.86394257e+03 2.07003515e+01
v 6.74442063e+03 6.86366097e+03 2.35118102e+01
v 6.75000000e+03 6.86076929e+03 2.36457838e+01
v 6.75000000e+03 6.85844427e+03 2.64586771e+01
v 6.75000000e+03 6.85828823e+03 2.58684802e+01
v 6.75000000e+03 6.85746111e+03 2.61587108e+01
v 6.74645186e+03 6.86572909e+03 2.70472168e+01
v 6.74437729e+03 6.85054801e+03 2.61753558e+01
v 6.74480342e+03 6.85177039e+03 2.59388811e+01
v 6.74078866e+03 6.85516626e+03 2.83541828e+01
v 6.74288974e+03 6.85166496e+03 2.93343024e+01
v 6.74214382e+03 6.86153171e+03 2.34499615e+01
v 6.74929517e+03 6.85190578e+03 3.06354418e+01
v 6.74476428e+03 6.84984306e+03 3.29776038e+01
v 6.74671074e+03 6.85198779e+03 3.21055161e+01
v 6.74632767e+03 6.85066442e+03 3.14597287e+01
v 6.74981694e+03 6.85274127e+03 3.26130083e+01
v 6.74933563e+03 6.85777578e+03 2.83891914e+01
v 6.74843948e+03 6.85844951e+03 3.39997015e+01
v 6.73643497e+03 6.84998255e+03 3.15118126e+01
v 6.73361609e+03 6.85321344e+03 2.87369472e+01
v 6.74182557e+03 6.85341540e+03 3.03238725e+01
v 6.74362061e+03 6.85264031e+03 2.99514203e+01
v 6.73133970e+03 6.85308289e+03 3.04366610e+01
v 6.72464735e+03 6.85197324e+03 3.08830105e+01
v 6.72518971e+03 6.84897515e+03 2.99751422e+01
v 6.72583110e+03 6.85366184e+03 3.01929405e+01
v 6.72555554e+03 6.85174090e+03 2.96172700e+01
v 6.73332443e+03 6.85153550e+03 2.98382135e+01
v 6.72856514e+03 6.85020860e+03 3.10528465e+01
v 6.72786265e+03 6.84801426e+03 3.08537500e+01
v 6.72840649e+03 6.84872050e+03 3.20813264e+01
v 6.73600723e+03 6.84932054e+03 2.95989249e+01
v 6.73552702e+03 6.85396229e+03 2.84909870e+01
v 6.73595763e+03 6.85104985e+03 3.22746152e+01
v 6.72601290e+03 6.85495936e+03 3.20359155e+01
v 6.72506282e+03 6.85407027e+03 3.07202701e+01
v 6.72512283e+03 6.85940894e+03 3.08414887e+01
v 6.73513218e+03 6.84921548e+03 3.09614260e+01
v 6.73441191e+03 6.85048685e+03 3.15144668e+01
v 6.73324643e+03 6.84923280e+03 3.28109875e+01
v 6.73169234e+03 6.85015929e+03 3.31023279e+01
v 6.72965966e+03 6.84899001e+03 3.15450100e+01
v 6.73264741e+03 6.85043852e+03 3.14503101e+01
v 6.73465855e+03 6.85199721e+03 3.15329612e+01
v 6.72701793e+03 6.85973401e+03 2.88273674e+01
v 6.72198265e+03 6.86401842e+03 2.37300736e+01
v 6.72450448e+03 6.85765008e+03 3.08077626e+01
v 6.72661301e+03 6.85541193e+03 3.01493993e+01
v 6.71743925e+03 6.86261732e+03 3.25691008e+01
v 6.71872776e+03 6.86494243e+03 2.99778323e+01
v 6.71624266e+03 6.86001905e+03 3.17242010e+01
v 6.71642700e+03 6.86077430e+03 2.88837516e+01
v 6.71781930e+03 6.85810552e+03 3.00237205e+01
v 6.71772468e+03 6.85931270e+03 2.73286177e+01
v 6.71742759e+03 6.85879652e+03 3.13628110e+01
v 6.72098526e+03 6.85973936e+03 2.85816140e+01
v 6.71863122e+03 6.86610935e+03 3.08712692e+01
v 6.72323172e+03 6.85033538e+03 2.98064671e+01
v 6.72315976e+03 6.84893686e+03 3.10802680e+01
v 6.72350774e+03 6.85124953e+03 3.11609242e+01
v 6.72251223e+03 6.85015558e+03 3.15483442e+01
v 6.72428796e+03 6.84846255e+03 3.09320968e+01
v 6.71659511e+03 6.85321944e+03 3.00641409e+01
v 6.72169859e+03 6.85389152e+03 3.03277599e+01
v 6.72354693e+03 6.85267211e+03 3.05662916e+01
v 6.72305494e+03 6.85443074e+03 3.09977688e+01
v 6.72494986e+03 6.85913257e+03 2.86502752e+01
v 6.72422408e+03 6.85679847e+03 2.98559084e+01
v 6.72281740e+03 6.85612385e+03 3.00931279e+01
v 6.72363614e+03 6.85677337e+03 3.20424911e+01
v 6.71360376e+03 6.84999469e+03 3.08844665e+01
v 6.71390338e+03 6.85152283e+03 3.21389666e+01
v 6.71495070e+03 6.86308118e+03 3.16921978e+01
v 6.71494093e+03 6.85203097e+03 3.01986594e+01
v 6.71463239e+03 6.85357457e+03 3.03910677e+01
v 6.71259102e+03 6.86639228e+03 2.80166193e+01
v 6.72098919e+03 6.85431736e+03 2.91342287e+01
v 6.72146633e+03 6.85525926e+03 3.12655309e+01
v 6.72071148e+03 6.85513584e+03 3.04408982e+01
v 6.71646394e+03 6.86020586e+03 3.32656012e+01
v 6.72112035e+03 6.85502189e+03 3.27410736e+01
v 6.71646295e+03 6.85176140e+03 3.28746506e+01
v 6.72171121e+03 6.85125654e+03 3.27446373e+01
v 6.72226837e+03 6.85315221e+03 3.14758664e+01
v 6.71718757e+03 6.84987354e+03 3.13267094e+01
v 6.71636905e+03 6.84984204e+03 3.19054089e+01
v 6.71350354e+03 6.85159126e+03 3.06595858e+01
v 6.71418500e+03 6.85022248e+03 3.23083965e+01
v 6.72305608e+03 6.85486026e+03 3.29611736e+01
v 6.72369138e+03 6.85549265e+03 3.33098220e+01
v 6.72469308e+03 6.86026287e+03 3.29532900e+01
v 6.71771251e+03 6.84904645e+03 3.39674095e+01
v 6.72029034e+03 6.85206290e+03 3.35505416e+01
v 6.72308250e+03 6.85139776e+03 3.22151162e+01
v 6.71978073e+03 6.86266787e+03 3.36351543e+01
v 6.71820085e+03 6.85904214e+03 3.43444169e+01
v 6.71815138e+03 6.86057394e+03 3.36573048e+01
v 6.72036412e+03 6.85896608e+03 2.73631213e+01
v 6.72191568e+03 6.86335744e+03 3.56132596e+01
v 6.71741896e+03 6.86202335e+03 3.37763788e+01
v 6.72628982e+03 6.85832782e+03 3.50636651e+01
v 6.71992427e+03 6.85704266e+03 3.42180732e+01
v 6.72205228e+03 6.85916534e+03 3.55484128e+01
v 6.71872509e+03 6.85109225e+03 3.42731709e+01
v 6.72077799e+03 6.84962334e+03 3.44909872e+01
v 6.71910186e+03 6.84957233e+03 3.44762966e+01
v 6.72046127e+03 6.85548249e+03 3.47092795e+01
v 6.72388828e+03 6.85471244e+03 3.52245420e+01
v 6.72301272e+03 6.85596352e+03 3.42364028e+01
v 6.72185679e+03 6.85451252e+03 3.51615027e+01
v 6.72099110e+03 6.85082970e+03 3.38474488e+01
v 6.72081177e+03 6.85670155e+03 3.54463421e+01
v 6.72123611e+03 6.85658939e+03 3.79148025e+01
v 6.72191931e+03 6.85651887e+03 3.68646331e+01
v 6.72230095e+03 6.85795088e+03 4.03947547e+01
v 6.72165126e+03 6.86002748e+03 3.73489170e+01
v 6.72448604e+03 6.85784847e+03 3.93167379e+01
v 6.72351754e+03 6.85734060e+03 4.04547463e+01
v 6.72382295e+03 6.86002441e+03 3.95790251e+01
v 6.72091635e+03 6.85876025e+03 3.74330684e+01
v 6.72175688e+03 6.85755565e+03 3.87079024e+01
v 6.72410869e+03 6.85703413e+03 3.79156195e+01
v 6.72393443e+03 6.85601556e+03 3.57191371e+01
v 6.72212259e+03 6.85574285e+03 3.57382901e+01
v 6.72305584e+03 6.85624620e+03 3.83939277e+01
v 6.72169392e+03 6.86034488e+03 3.98718294e+01
v 6.72227880e+03 6.86266814e+03 3.79923353e+01
v 6.72429730e+03 6.85687892e+03 3.67816493e+01
v 6.72554421e+03 6.85583355e+03 3.66579761e+01
v 6.72509168e+03 6.85754966e+03 3.72156935e+01
v 6.72552173e+03 6.85936355e+03 3.79066715e+01
v 6.72304945e+03 6.86137081e+03 3.65658171e+01
v 6.72378393e+03 6.86035282e+03 3.79384960e+01
v 6.72338842e+03 6.86209939e+03 3.83124882e+01
v 6.72454941e+03 6.86040142e+03 3.92559659e+01
v 6.72513327e+03 6.85899231e+03 3.96609534e+01
v 6.72243975e+03 6.85960563e+03 4.11276440e+01
v 6.72308997e+03 6.86014231e+03 4.05091238e+01
v 6.74544379e+03 6.85742076e+03 3.64168612e+01
v 6.74552320e+03 6.85353510e+03 3.54588517e+01
v 6.74568389e+03 6.85479949e+03 3.47769267e+01
v 6.74692897e+03 6.85398927e+03 3.61214315e+01
v 6.74469970e+03 6.85337028e+03 3.56318064e+01
v 6.72240776e+03 6.86144709e+03 3.88744605e+01
v 6.72549817e+03 6.85723948e+03 3.88298665e+01
v 6.74854721e+03 6.85231420e+03 3.41703595e+01
v 6.74776693e+03 6.85428310e+03 3.63946704e+01
v 6.74874703e+03 6.85650394e+03 3.55045769e+01
v 6.74887693e+03 6.85353554e+03 3.75359809e+01
v 6.74743204e+03 6.85410302e+03 3.83099235e+01
v 6.74710530e+03 6.85523283e+03 3.68904421e+01
v 6.74471573e+03 6.85507600e+03 3.64023118e+01
v 6.74816871e+03 6.85532161e+03 3.71528680e+01
v 6.74588590e+03 6.85591269e+03 3.64924261e+01
v 6.74908907e+03 6.85572353e+03 3.79117983e+01
v 6.74465160e+03 6.85608310e+03 3.72510001e+01
v 6.71871714e+03 6.84747045e+03 3.20690971e+01
v 6.72039347e+03 6.84804300e+03 3.27623017e+01
v 6.72999926e+03 6.84749668e+03 3.16172993e+01
v 6.72145418e+03 6.84805814e+03 3.15068855e+01
v 6.73079995e+03 6.84948950e+03 3.31638342e+01
v 6.72236445e+03 6.84686833e+03 3.21128079e+01
v 6.72353153e+03 6.84704143e+03 3.12433886e+01
v 6.73200900e+03 6.84743189e+03 3.20291547e+01
v 6.73355708e+03 6.84808201e+03 3.17414566e+01
v 6.71932298e+03 6.84863847e+03 3.29292444e+01
v 6.73515799e+03 6.84677760e+03 2.99112032e+01
v 6.73482742e+03 6.84771377e+03 3.16269694e+01
v 6.73465564e+03 6.84780948e+03 2.98073397e+01
v 6.73206419e+03 6.84705054e+03 3.09954914e+01
v 6.72464135e+03 6.84771947e+03 2.92445868e+01
v 6.71673237e+03 6.84707180e+03 3.01602793e+01
v 6.71641133e+03 6.84745783e+03 2.96002375e+01
v 6.71449499e+03 6.84833132e+03 3.08682513e+01
v 6.71607194e+03 6.84742195e+03 2.94743485e+01
v 6.72271285e+03 6.84687310e+03 2.92842501e+01
v 6.72352563e+03 6.84721989e+03 2.82297797e+01
v 6.73675195e+03 6.84798083e+03 3.00627149e+01
v 6.73658633e+03 6.84640042e+03 2.98369974e+01
v 6.70753847e+03 6.85016987e+03 2.37553822e+01
v 6.73376123e+03 6.84644537e+03 3.11922033e+01
v 6.73777134e+03 6.84787859e+03 2.84635020e+01
v 6.71539709e+03 6.86011007e+03 2.71855831e+01
v 6.71437843e+03 6.85871517e+03 2.64729654e+01
v 6.72008195e+03 6.86338996e+03 2.63851526e+01
v 6.73565041e+03 6.86051812e+03 2.65805630e+01
v 6.74539750e+03 6.86569757e+03 3.09241938e+01
v 6.72149185e+03 6.86258737e+03 2.33336383e+01
v 6.70046646e+03 6.84684263e+03 2.35450722e+01
v 6.70050707e+03 6.84845721e+03 2.26665420e+01
v 6.69500109e+03 6.85020747e+03 2.11453414e+01
v 6.69240359e+03 6.84659605e+03 2.05864998e+01
v 6.68964385e+03 6.84778544e+03 2.13257223e+01
v 6.69042588e+03 6.84506570e+03 2.11555029e+01
v 6.70434142e+03 6.85081558e+03 2.12106715e+01
v 6.70067835e+03 6.84816831e+03 2.09856886e+01
v 6.69707848e+03 6.84697485e+03 2.09039232e+01
v 6.70357737e+03 6.84712035e+03 2.15675849e+01
v 6.70465145e+03 6.84822502e+03 2.03615734e+01
v 6.74423612e+03 6.84605266e+03 1.76173936e+01
v 6.70420763e+03 6.84639313e+03 2.24918237e+01
v 6.69024130e+03 6.84904218e+03 2.25216409e+01
v 6.68781633e+03 6.84657098e+03 2.16385289e+01
v 6.70132505e+03 6.84735352e+03 2.22686547e+01
v 6.69686669e+03 6.84751258e+03 2.34206203e+01
v 6.69166839e+03 6.85055876e+03 2.19841403e+01
v 6.69737776e+03 6.84597839e+03 2.12840431e+01
v 6.69073340e+03 6.85444589e+03 2.24731846e+01
v 6.70113262e+03 6.85697995e+03 2.21223904e+01
v 6.69693024e+03 6.85731618e+03 2.22810845e+01
v 6.69569736e+03 6.85451511e+03 2.16080305e+01
v 6.70552153e+03 6.85014294e+03 2.33122985e+01
v 6.70731390e+03 6.85234482e+03 2.29172271e+01
v 6.72137400e+03 6.86400666e+03 2.17811547e+01
v 6.74384910e+03 6.86203669e+03 2.42845578e+01
v 6.74231045e+03 6.86488709e+03 2.29557366e+01
v 6.73537581e+03 6.85787146e+03 2.37857263e+01
v 6.73392282e+03 6.86130385e+03 2.26278318e+01
v 6.73414489e+03 6.86253335e+03 2.05548076e+01
v 6.73516448e+03 6.86238613e+03 2.11333171e+01
v 6.74083411e+03 6.86307659e+03 2.07914865e+01
v 6.72215231e+03 6.85567146e+03 1.89143059e+01
v 6.71955482e+03 6.85789457e+03 1.99624964e+01
v 6.71971490e+03 6.85624151e+03 2.04227429e+01
v 6.73344155e+03 6.85934952e+03 2.13658732e+01
v 6.72186927e+03 6.85956141e+03 2.04955252e+01
v 6.71269391e+03 6.85144330e+03 1.96836019e+01
v 6.73550144e+03 6.85239131e+03 1.84658847e+01
v 6.71078527e+03 6.84787334e+03 1.94450389e+01
v 6.71279096e+03 6.84810335e+03 1.90695692e+01
v 6.73691921e+03 6.84583264e+03 1.90068137e+01
v 6.72879604e+03 6.84631585e+03 2.17662588e+01
v 6.70595683e+03 6.85191000e+03 2.13261030e+01
v 6.70895061e+03 6.85233964e+03 2.06236352e+01
v 6.72852224e+03 6.84657409e+03 1.76842354e+01
v 6.70305532e+03 6.84747227e+03 2.04495332e+01
v 6.71129966e+03 6.84677761e+03 1.94070191e+01
v 6.71051086e+03 6.85104614e+03 2.00875533e+01
v 6.70886263e+03 6.84971864e+03 2.02009457e+01
v 6.73461776e+03 6.85183206e+03 2.11912769e+01
v 6.73904947e+03 6.84655830e+03 1.77449379e+01
v 6.73164605e+03 6.84659153e+03 1.85185176e+01
v 6.72597292e+03 6.84789806e+03 1.78968111e+01
v 6.70158898e+03 6.84675097e+03 2.10442822e+01
v 6.72114436e+03 6.86017710e+03 2.76114835e+01
v 6.70841138e+03 6.84599397e+03 2.27635158e+01
v 6.71740267e+03 6.84521761e+03 1.81549218e+01
v 6.71686670e+03 6.84485761e+03 2.12858415e+01
v 6.69003579e+03 6.83706873e+03 3.28105333e+01
v 6.68959398e+03 6.83602743e+03 2.71673697e+01
v 6.69381206e+03 6.83815264e+03 3.53310135e+01
v 6.69526632e+03 6.83960236e+03 3.39525039e+01
v 6.69286793e+03 6.83288451e+03 3.08967978e+01
v 6.69288512e+03 6.83149216e+03 3.27193860e+01
v 6.69490382e+03 6.83155505e+03 3.00935235e+01
v 6.69297652e+03 6.83848173e+03 2.95726377e+01
v 6.69089675e+03 6.83773757e+03 3.50774106e+01
v 6.69190036e+03 6.83754044e+03 2.73137063e+01
v 6.69612119e+03 6.83729389e+03 4.03108392e+01
v 6.69561410e+03 6.83803786e+03 3.94833807e+01
v 6.69811324e+03 6.83951022e+03 3.50215276e+01
v 6.69734840e+03 6.84027424e+03 3.36678240e+01
v 6.69394698e+03 6.83905862e+03 3.30469243e+01
v 6.69399465e+03 6.84125485e+03 3.13111830e+01
v 6.69405763e+03 6.84287346e+03 3.26316431e+01
v 6.69232186e+03 6.83938113e+03 2.74028576e+01
v 6.69486842e+03 6.84225528e+03 2.90681424e+01
v 6.68875120e+03 6.83562245e+03 2.48461154e+01
v 6.69035593e+03 6.83111337e+03 2.66845322e+01
v 6.69079824e+03 6.83260368e+03 2.40362509e+01
v 6.69592535e+03 6.84202625e+03 2.40796686e+01
v 6.70035418e+03 6.83877394e+03 2.62904232e+01
v 6.69099637e+03 6.83864094e+03 2.70488250e+01
v 6.71770980e+03 6.84448720e+03 2.58476187e+01
v 6.71667879e+03 6.84562787e+03 2.44487139e+01
v 6.73090993e+03 6.84446236e+03 2.44168180e+01
v 6.72963735e+03 6.84386390e+03 2.43870771e+01
v 6.69865414e+03 6.83751447e+03 2.42917100e+01
v 6.69960608e+03 6.83470842e+03 2.55618524e+01
v 6.69722286e+03 6.84367349e+03 2.91799608e+01
v 6.69535823e+03 6.84264812e+03 2.71586704e+01
v 6.69354587e+03 6.83100569e+03 2.76792066e+01
v 6.69523504e+03 6.83032817e+03 2.61973904e+01
v 6.69854553e+03 6.83704816e+03 3.23605225e+01
v 6.69977371e+03 6.83586623e+03 3.29770724e+01
v 6.69756621e+03 6.83972312e+03 3.10890367e+01
v 6.69808327e+03 6.83930126e+03 2.97136677e+01
v 6.69819148e+03 6.83572950e+03 3.04257245e+01
v 6.69708294e+03 6.83934662e+03 2.68289267e+01
v 6.69897374e+03 6.83792302e+03 3.02832286e+01
v 6.69976103e+03 6.83637117e+03 3.04545647e+01
v 6.71931365e+03 6.84463387e+03 3.02714993e+01
v 6.71808222e+03 6.84629871e+03 3.04351800e+01
v 6.72575594e+03 6.84681232e+03 2.98599382e+01
v 6.73130223e+03 6.84573682e+03 2.89068121e+01
v 6.73297392e+03 6.84393438e+03 2.94734869e+01
v 6.73546815e+03 6.84569152e+03 2.56179985e+01
v 6.68845189e+03 6.83418026e+03 2.48603407e+01
v 6.68939839e+03 6.83383643e+03 2.84121068e+01
v 6.69345498e+03 6.84019830e+03 2.38648727e+01
v 6.69383121e+03 6.84091718e+03 2.79068556e+01
v 6.69524879e+03 6.84024843e+03 2.84350216e+01
v 6.69481124e+03 6.83999564e+03 3.11077928e+01
v 6.72215063e+03 6.84025712e+03 2.33106454e+01
v 6.72097069e+03 6.84056310e+03 2.63911365e+01
v 6.69727955e+03 6.83271784e+03 2.68960084e+01
v 6.69606288e+03 6.83204373e+03 2.80358675e+01
v 6.69865836e+03 6.83623286e+03 2.55666799e+01
v 6.69757576e+03 6.83414097e+03 2.73570097e+01
v 6.69840223e+03 6.83574494e+03 3.58468751e+01
v 6.69765249e+03 6.83594517e+03 3.38440648e+01
v 6.69826738e+03 6.83600341e+03 3.75653986e+01
v 6.69663877e+03 6.83680483e+03 3.74977395e+01
v 6.69827876e+03 6.84202995e+03 2.73604828e+01
v 6.69604592e+03 6.84396850e+03 3.05337046e+01
v 6.69689479e+03 6.84334552e+03 3.16792811e+01
v 6.71636315e+03 6.84482650e+03 2.29825991e+01
v 6.71638186e+03 6.84388632e+03 2.53602732e+01
v 6.69599223e+03 6.83867401e+03 3.55775973e+01
v 6.69704140e+03 6.83807682e+03 3.70387899e+01
v 6.69211880e+03 6.83115332e+03 2.65793327e+01
v 6.69244871e+03 6.83063061e+03 2.81938073e+01
v 6.68995312e+03 6.83370702e+03 2.98873890e+01
v 6.68839423e+03 6.83466115e+03 3.00245879e+01
v 6.68952937e+03 6.83547814e+03 3.09013588e+01
v 6.73777310e+03 6.84568819e+03 1.78389348e+01
v 6.73529965e+03 6.84551741e+03 1.74236327e+01
v 6.73661314e+03 6.84380711e+03 1.74275975e+01
v 6.72683068e+03 6.83919599e+03 1.71965953e+01
v 6.72927092e+03 6.83941451e+03 1.68553213e+01
v 6.70326954e+03 6.84569321e+03 2.00644468e+01
v 6.69675889e+03 6.84241936e+03 2.05025518e+01
v 6.69600485e+03 6.84361631e+03 2.13725280e+01
v 6.69704832e+03 6.84112193e+03 1.99741708e+01
v 6.69966377e+03 6.84061660e+03 2.05733037e+01
v 6.69993194e+03 6.83966415e+03 1.93748283e+01
v 6.69779328e+03 6.83868455e+03 2.27749874e+01
v 6.69663185e+03 6.83727921e+03 1.93841395e+01
v 6.69028276e+03 6.83446551e+03 2.12567138e+01
v 6.69007357e+03 6.83512683e+03 1.95682963e+01
v 6.69751532e+03 6.83793136e+03 3.54836611e+01
v 6.69819153e+03 6.83764849e+03 3.33629153e+01
v 6.69225664e+03 6.83725444e+03 3.55836268e+01
v 6.69313867e+03 6.83707620e+03 3.72787787e+01
v 6.69308111e+03 6.83143463e+03 2.31834380e+01
v 6.69106478e+03 6.83284075e+03 2.24206854e+01
v 6.69578375e+03 6.83980928e+03 2.26388504e+01
v 6.69216479e+03 6.83345293e+03 2.10793993e+01
v 6.69419776e+03 6.83202122e+03 2.07800532e+01
v 6.69711739e+03 6.83690167e+03 2.08275198e+01
v 6.69739147e+03 6.83454570e+03 2.18009394e+01
v 6.69546555e+03 6.83869289e+03 2.07851171e+01
v 6.69908955e+03 6.83470001e+03 2.36881169e+01
v 6.69976433e+03 6.83739913e+03 2.35126201e+01
v 6.69928756e+03 6.84383060e+03 2.07806421e+01
v 6.69987487e+03 6.84261141e+03 2.05420608e+01
v 6.70007491e+03 6.84119786e+03 2.24375393e+01
v 6.69505526e+03 6.83249863e+03 2.02590399e+01
v 6.69181252e+03 6.83239764e+03 2.41670442e+01
v 6.73536677e+03 6.84545236e+03 1.88395128e+01
v 6.72796933e+03 6.84429488e+03 1.85370785e+01
v 6.72661880e+03 6.83729581e+03 1.95175439e+01
v 6.72872320e+03 6.83940950e+03 1.75320733e+01
v 6.72821130e+03 6.83705568e+03 1.98847325e+01
v 6.72051889e+03 6.83814749e+03 1.98614542e+01
v 6.71928895e+03 6.83992771e+03 2.13795175e+01
v 6.70051893e+03 6.84278758e+03 2.20560516e+01
v 6.71008740e+03 6.84573356e+03 1.91039081e+01
v 6.71723480e+03 6.84155898e+03 2.17120307e+01
v 6.71906938e+03 6.84163206e+03 1.93631388e+01
v 6.71627874e+03 6.84672503e+03 2.43434604e+01
v 6.69744292e+03 6.84454035e+03 2.05340027e+01
v 6.69074394e+03 6.84305674e+03 2.04114572e+01
v 6.69946325e+03 6.84651910e+03 2.05621373e+01
v 6.72720139e+03 6.84577315e+03 1.87014607e+01
v 6.73315846e+03 6.84546784e+03 1.71797948e+01
v 6.73374876e+03 6.84544012e+03 1.82577381e+01
v 6.73259217e+03 6.84376164e+03 2.06572187e+01
v 6.72610387e+03 6.83768777e+03 1.68181495e+01
v 6.72599866e+03 6.83660907e+03 1.85038889e+01
v 6.70098788e+03 6.84526732e+03 2.08828042e+01
v 6.70192750e+03 6.84545909e+03 2.26872194e+01
v 6.69818798e+03 6.83193841e+03 1.93436790e+01
v 6.69694516e+03 6.83284909e+03 1.94290438e+01
v 6.69640070e+03 6.83236889e+03 2.19345649e+01
v 6.73660835e+03 6.84483212e+03 2.12569648e+01
v 6.73093833e+03 6.84375228e+03 2.21065975e+01
v 6.73030658e+03 6.84473834e+03 2.29613728e+01
v 6.72059253e+03 6.83973518e+03 2.10172780e+01
v 6.72288800e+03 6.83850992e+03 2.12693560e+01
v 6.72142727e+03 6.83939413e+03 2.48494990e+01
v 6.72688581e+03 6.83649092e+03 2.18544488e+01
v 6.73133807e+03 6.84031856e+03 1.97830122e+01
v 6.72853280e+03 6.84167272e+03 1.75930940e+01
v 6.72914620e+03 6.84494957e+03 1.74050218e+01
v 6.71046612e+03 6.84467624e+03 2.27158003e+01
v 6.69763552e+03 6.84257380e+03 2.19005960e+01
v 6.69785439e+03 6.84262503e+03 2.05460930e+01
v 6.69860436e+03 6.83598128e+03 2.97238550e+01
v 6.69332479e+03 6.83459451e+03 3.70301711e+01
v 6.69496095e+03 6.83525170e+03 3.79131895e+01
v 6.69285341e+03 6.83723057e+03 2.06305307e+01
v 6.71888677e+03 6.83644122e+03 2.00773097e+01
v 6.71895265e+03 6.83814680e+03 1.91670288e+01
v 6.71563181e+03 6.84631365e+03 2.36534386e+01
v 6.72717650e+03 6.84276916e+03 2.03337972e+01
v 6.73568444e+03 6.84419334e+03 1.97280153e+01
v 6.72716530e+03 6.84223619e+03 2.32748322e+01
v 6.72716034e+03 6.84379787e+03 2.13602338e+01
v 6.69924901e+03 6.83525667e+03 2.79655747e+01
v 6.71523087e+03 6.84592109e+03 1.87314468e+01
v 6.72019701e+03 6.84441083e+03 1.76991461e+01
v 6.69147534e+03 6.81281905e+03 2.72955357e+01
v 6.69064720e+03 6.81397731e+03 2.85658607e+01
v 6.69002416e+03 6.81244640e+03 2.57788655e+01
v 6.68915363e+03 6.81528087e+03 2.89274606e+01
v 6.68970579e+03 6.81547159e+03 3.04324962e+01
v 6.69028412e+03 6.81415114e+03 2.96957491e+01
v 6.69652570e+03 6.81470170e+03 2.28576704e+01
v 6.69643597e+03 6.81517802e+03 2.53504094e+01
v 6.69353491e+03 6.81410865e+03 2.30533890e+01
v 6.68830663e+03 6.81661516e+03 2.23996782e+01
v 6.68710793e+03 6.81717977e+03 2.54447000e+01
v 6.68855350e+03 6.81695309e+03 3.54825452e+01
v 6.68726815e+03 6.81635640e+03 3.29139067e+01
v 6.68817335e+03 6.81638612e+03 2.99717626e+01
v 6.69074822e+03 6.81456753e+03 3.34691358e+01
v 6.69870106e+03 6.81910823e+03 2.55672858e+01
v 6.70081824e+03 6.81616764e+03 2.28843821e+01
v 6.69709292e+03 6.81561572e+03 2.72200050e+01
v 6.69761113e+03 6.81240660e+03 2.77665276e+01
v 6.69627093e+03 6.81216162e+03 2.59624934e+01
v 6.69842486e+03 6.81216512e+03 2.70309167e+01
v 6.69727584e+03 6.81629195e+03 2.31430673e+01
v 6.69754590e+03 6.81749201e+03 2.34414005e+01
v 6.69990083e+03 6.81724311e+03 2.51419440e+01
v 6.69303969e+03 6.81302530e+03 2.69412536e+01
v 6.69554591e+03 6.81434507e+03 2.72238597e+01
v 6.69629925e+03 6.81399504e+03 2.63000377e+01
v 6.68923415e+03 6.81468856e+03 1.93666524e+01
v 6.69486795e+03 6.81263741e+03 2.79103938e+01
v 6.74655056e+03 6.81280551e+03 1.62109644e+01
v 6.68948622e+03 6.81718182e+03 2.45726833e+01
v 6.68995975e+03 6.81499101e+03 2.29577841e+01
v 6.70144230e+03 6.81480875e+03 2.36957975e+01
v 6.69193279e+03 6.81377899e+03 2.43213107e+01
v 6.69374317e+03 6.81244809e+03 2.26317047e+01
v 6.69384212e+03 6.81547965e+03 2.28524134e+01
v 6.69285174e+03 6.81509155e+03 2.19438420e+01
v 6.70018398e+03 6.81673602e+03 2.09275867e+01
v 6.69874535e+03 6.81283898e+03 2.04264751e+01
v 6.69609058e+03 6.81592640e+03 2.02218185e+01
v 6.69765166e+03 6.81819678e+03 2.12182576e+01
v 6.68994050e+03 6.81223059e+03 2.04456901e+01
v 6.69018745e+03 6.81311206e+03 1.86310817e+01
v 6.68968410e+03 6.81310436e+03 2.13722088e+01
v 6.69044819e+03 6.81277869e+03 2.39004038e+01
v 6.68913532e+03 6.81616581e+03 1.96473086e+01
v 6.68860980e+03 6.81577745e+03 1.73007359e+01
v 6.69436863e+03 6.81459494e+03 1.99202417e+01
v 6.69313749e+03 6.81264770e+03 1.56532123e+01
v 6.69881146e+03 6.81614330e+03 1.56680393e+01
v 6.68735339e+03 6.81852410e+03 2.14277727e+01
v 6.69584782e+03 6.81574960e+03 2.14452487e+01
v 6.69455690e+03 6.81649606e+03 2.06368334e+01
v 6.69218436e+03 6.81494420e+03 2.48306663e+01
v 6.69085467e+03 6.81608766e+03 2.58556521e+01
v 6.69413384e+03 6.81264418e+03 2.49599160e+01
v 6.69437437e+03 6.81505316e+03 2.40992712e+01
v 6.69788315e+03 6.81831595e+03 2.58311973e+01
v 6.69534659e+03 6.81336884e+03 2.54807718e+01
v 6.69426242e+03 6.81501078e+03 2.55133838e+01
v 6.69853324e+03 6.81710391e+03 2.62298973e+01
v 6.69440129e+03 6.81465525e+03 2.68366731e+01
v 6.69268005e+03 6.81384670e+03 2.61522975e+01
v 6.69246366e+03 6.81351652e+03 2.72170752e+01
v 6.69410561e+03 6.81207964e+03 2.66506899e+01
v 6.69157573e+03 6.81649363e+03 2.74964971e+01
v 6.69088117e+03 6.81735998e+03 2.78173068e+01
v 6.68884215e+03 6.81676480e+03 2.68062968e+01
v 6.69053616e+03 6.81527857e+03 2.72255765e+01
v 6.69199008e+03 6.81479902e+03 2.65376020e+01
v 6.69387150e+03 6.81343798e+03 2.71155435e+01
v 6.69669125e+03 6.81542657e+03 2.94655292e+01
v 6.68960440e+03 6.81700030e+03 2.81182480e+01
v 6.69092050e+03 6.81526578e+03 2.83664399e+01
v 6.68779568e+03 6.81774200e+03 2.86288931e+01
v 6.69083481e+03 6.81258046e+03 2.95713433e+01
v 6.69609706e+03 6.81412158e+03 3.01969241e+01
v 6.69591879e+03 6.81269646e+03 3.00557817e+01
v 6.69730389e+03 6.81326164e+03 2.97244313e+01
v 6.69009155e+03 6.81591387e+03 2.86780831e+01
v 6.68709987e+03 6.81887204e+03 2.99816833e+01
v 6.69081943e+03 6.81708582e+03 3.03061172e+01
v 6.69793481e+03 6.81551908e+03 2.80850656e+01
v 6.68847271e+03 6.81433935e+03 3.84473013e+01
v 6.68831926e+03 6.81612332e+03 3.71292828e+01
v 6.68869347e+03 6.81232235e+03 3.83074849e+01
v 6.69033809e+03 6.81301927e+03 3.75572701e+01
v 6.68871979e+03 6.81585357e+03 3.62020710e+01
v 6.68970047e+03 6.81483001e+03 3.43195600e+01
v 6.68886071e+03 6.81684446e+03 3.41370160e+01
v 6.69020302e+03 6.81605538e+03 3.40593251e+01
v 6.69027598e+03 6.81455333e+03 3.66883348e+01
v 6.69080307e+03 6.81304598e+03 3.48327182e+01
v 6.68972227e+03 6.81305977e+03 3.49417606e+01
v 6.68914743e+03 6.81668854e+03 3.30587626e+01
v 6.68812734e+03 6.81809944e+03 3.30605329e+01
v 6.68876467e+03 6.81222343e+03 3.29222124e+01
v 6.68796770e+03 6.81732297e+03 3.15055024e+01
v 6.69133353e+03 6.81435957e+03 3.19324380e+01
v 6.69052902e+03 6.81334139e+03 3.12849100e+01
v 6.70004640e+03 6.81543506e+03 2.62510770e+01
v 6.69901272e+03 6.81278070e+03 2.37520332e+01
v 6.69900926e+03 6.81398764e+03 2.76930693e+01
v 6.69982787e+03 6.81386060e+03 2.52182573e+01
v 6.70112472e+03 6.81372379e+03 2.45630323e+01
v 6.70044061e+03 6.81368451e+03 2.30230930e+01
v 6.70129650e+03 6.81613990e+03 2.42402523e+01
v 6.69862322e+03 6.81721038e+03 2.88905079e+01
v 6.70002848e+03 6.81566877e+03 2.95026330e+01
v 6.69899845e+03 6.81447568e+03 2.93347180e+01
v 6.70035391e+03 6.81466268e+03 2.75962592e+01
v 6.69897094e+03 6.81556997e+03 2.95093437e+01
v 6.69896071e+03 6.81839544e+03 2.64265998e+01
v 6.68980743e+03 6.81298538e+03 3.23903069e+01
v 6.69002351e+03 6.81241607e+03 1.59303240e+01
v 6.73474741e+03 6.81229916e+03 1.62241994e+01
v 6.73656474e+03 6.81508080e+03 1.63221519e+01
v 6.74163995e+03 6.81493708e+03 1.64293843e+01
v 6.74857857e+03 6.81215468e+03 1.63919262e+01
v 6.74006172e+03 6.81878277e+03 1.62560627e+01
v 6.73328046e+03 6.81620834e+03 1.59920560e+01
v 6.74242653e+03 6.82538585e+03 1.66208987e+01
v 6.73320775e+03 6.82506372e+03 1.66450203e+01
v 6.74358025e+03 6.81685598e+03 1.64307492e+01
v 6.74291576e+03 6.81689688e+03 1.79579015e+01
v 6.75000000e+03 6.82429780e+03 1.68549986e+01
v 6.74199701e+03 6.81646749e+03 1.64821996e+01
v 6.72718529e+03 6.82047124e+03 1.63392957e+01
v 6.71619418e+03 6.82281898e+03 1.60222701e+01
v 6.70877051e+03 6.81567206e+03 1.57175625e+01
v 6.71649195e+03 6.81446020e+03 1.60066797e+01
v 6.72200770e+03 6.81761138e+03 1.61676849e+01
v 6.72904064e+03 6.81389436e+03 1.58245312e+01
v 6.72230099e+03 6.81451997e+03 1.59276823e+01
v 6.70256030e+03 6.81832151e+03 1.59378766e+01
v 6.71231637e+03 6.82507174e+03 1.62388460e+01
v 6.70444417e+03 6.82317794e+03 1.58465556e+01
v 6.70134439e+03 6.82144022e+03 1.61692523e+01
v 6.70023004e+03 6.82885115e+03 1.75152099e+01
v 6.69261084e+03 6.82157136e+03 1.79292852e+01
v 6.69697557e+03 6.82144725e+03 1.69747778e+01
v 6.69434945e+03 6.81697239e+03 1.64887301e+01
v 6.69887392e+03 6.82540766e+03 1.70691729e+01
v 6.69468379e+03 6.82819983e+03 1.77315376e+01
v 6.68845719e+03 6.81781697e+03 1.77907848e+01
v 6.68999810e+03 6.81432290e+03 1.67300123e+01
v 6.72283757e+03 6.82795817e+03 1.63091274e+01
v 6.68721521e+03 6.82854504e+03 1.89292240e+01
v 6.71701556e+03 6.85907231e+03 2.75743831e+01
v 6.71879021e+03 6.86390461e+03 2.72760523e+01
v 6.73390975e+03 6.85707612e+03 2.59472656e+01
v 6.72119440e+03 6.86162616e+03 2.67337815e+01
v 6.73532131e+03 6.86260517e+03 2.62798470e+01
v 6.73459552e+03 6.86145813e+03 2.72767878e+01
v 6.68857650e+03 6.83502541e+03 2.82904793e+01
v 6.69155682e+03 6.83195790e+03 2.97248763e+01
v 6.68940150e+03 6.83340358e+03 3.18851898e+01
v 6.69732468e+03 6.83181372e+03 2.79812503e+01
v 6.69748098e+03 6.83274106e+03 2.88818923e+01
v 6.69097854e+03 6.83247006e+03 2.80015785e+01
v 6.69313940e+03 6.83181624e+03 2.99563202e+01
v 6.68782106e+03 6.83534395e+03 2.71861085e+01
v 6.69694574e+03 6.83219294e+03 3.24143296e+01
v 6.69726926e+03 6.83375407e+03 3.15155709e+01
v 6.69678197e+03 6.83296758e+03 2.99657486e+01
v 6.69370513e+03 6.83088286e+03 3.38199552e+01
v 6.69184265e+03 6.83120954e+03 3.08826763e+01
v 6.69253293e+03 6.82974667e+03 2.97737919e+01
v 6.69390207e+03 6.83031450e+03 2.94470812e+01
v 6.69525827e+03 6.83043943e+03 2.88357606e+01
v 6.69144202e+03 6.83357442e+03 3.30438215e+01
v 6.69210728e+03 6.83333973e+03 2.99609911e+01
v 6.69635797e+03 6.83225616e+03 3.29838953e+01
v 6.69478268e+03 6.84099023e+03 3.25833368e+01
v 6.69135460e+03 6.83540219e+03 3.26084825e+01
v 6.69060634e+03 6.83690775e+03 3.37226181e+01
v 6.69127088e+03 6.83548818e+03 3.48695894e+01
v 6.69016195e+03 6.83535911e+03 3.25788967e+01
v 6.69560168e+03 6.83262344e+03 3.42286060e+01
v 6.69321315e+03 6.83211423e+03 3.51008936e+01
v 6.69270997e+03 6.83480322e+03 3.44872492e+01
v 6.69701718e+03 6.83401881e+03 3.45378859e+01
v 6.69834621e+03 6.83300919e+03 3.39123429e+01
v 6.69037653e+03 6.83305941e+03 3.33652840e+01
v 6.69239208e+03 6.83541244e+03 3.68474605e+01
v 6.69403447e+03 6.83358540e+03 3.50770448e+01
v 6.69724555e+03 6.83465705e+03 3.56079101e+01
v 6.69618455e+03 6.83559250e+03 3.64120982e+01
v 6.69603156e+03 6.83253915e+03 3.67188654e+01
v 6.69447271e+03 6.83239115e+03 3.60082658e+01
v 6.69706664e+03 6.83963053e+03 3.56893373e+01
v 6.69501083e+03 6.83966559e+03 3.67663564e+01
v 6.69463993e+03 6.83230524e+03 3.72533653e+01
v 6.69602169e+03 6.83532608e+03 3.75039939e+01
v 6.69578651e+03 6.83395444e+03 3.85994830e+01
v 6.69606761e+03 6.83406708e+03 3.72512898e+01
v 6.69699271e+03 6.83356591e+03 3.70583501e+01
v 6.69457850e+03 6.83394347e+03 3.83547618e+01
v 6.69743767e+03 6.83568286e+03 3.84631861e+01
v 6.69516694e+03 6.83524375e+03 3.95318176e+01
v 6.69484711e+03 6.83717224e+03 4.00028438e+01
v 6.69317267e+03 6.83580253e+03 3.76415398e+01
v 6.69403894e+03 6.83977646e+03 3.76486949e+01
v 6.69358189e+03 6.83887273e+03 3.91987865e+01
v 6.69632068e+03 6.83970918e+03 3.84594895e+01
v 6.69331049e+03 6.83658718e+03 4.01783307e+01
v 6.69596199e+03 6.83850485e+03 3.87499107e+01
v 6.69620130e+03 6.84047441e+03 3.58470187e+01
v 6.69641504e+03 6.84364106e+03 3.49431916e+01
v 6.69528578e+03 6.84274502e+03 3.48791656e+01
v 6.69437486e+03 6.84242501e+03 3.47963815e+01
v 6.69636198e+03 6.84154232e+03 3.52077711e+01
v 6.69287732e+03 6.84290018e+03 3.58818178e+01
v 6.69367432e+03 6.84140163e+03 3.45014355e+01
v 6.69215571e+03 6.84204896e+03 3.52615376e+01
v 6.69412562e+03 6.84339008e+03 3.51541288e+01
v 6.69215541e+03 6.84376488e+03 3.47396586e+01
v 6.69755773e+03 6.84274432e+03 3.64758651e+01
v 6.69686980e+03 6.84317042e+03 3.57666435e+01
v 6.69815780e+03 6.84119194e+03 3.41853163e+01
v 6.69587773e+03 6.84092661e+03 3.46458090e+01
v 6.69617811e+03 6.84073041e+03 3.29294625e+01
v 6.69631698e+03 6.84243100e+03 3.09252343e+01
v 6.69785115e+03 6.84153006e+03 3.23467478e+01
v 6.69328042e+03 6.84165934e+03 3.30667943e+01
v 6.69796898e+03 6.84384846e+03 3.50520216e+01
v 6.69782718e+03 6.84148951e+03 3.06003228e+01
v 6.69698074e+03 6.84070935e+03 2.89334740e+01
v 6.69763420e+03 6.84084896e+03 2.76049158e+01
v 6.69699385e+03 6.84133746e+03 2.55131953e+01
v 6.69488406e+03 6.83081227e+03 2.74529502e+01
v 6.69894612e+03 6.84098345e+03 2.89589247e+01
v 6.69358726e+03 6.82985628e+03 2.70115603e+01
v 6.69100049e+03 6.83779829e+03 2.60113111e+01
v 6.69582128e+03 6.83205351e+03 2.57768929e+01
v 6.69421130e+03 6.83078350e+03 2.25408828e+01
v 6.69700616e+03 6.83283449e+03 2.49831164e+01
v 6.69611614e+03 6.83166567e+03 2.40681622e+01
v 6.69391254e+03 6.84465767e+03 2.29271470e+01
v 6.69409029e+03 6.84281853e+03 2.20268103e+01
v 6.70134428e+03 6.84482861e+03 2.44209882e+01
v 6.70069112e+03 6.84403798e+03 2.34436398e+01
v 6.70012539e+03 6.84491508e+03 2.52975380e+01
v 6.70006038e+03 6.84261853e+03 2.46378291e+01
v 6.69800650e+03 6.84516114e+03 2.45037428e+01
v 6.71716562e+03 6.84327270e+03 2.54657103e+01
v 6.71910531e+03 6.84198958e+03 2.59442811e+01
v 6.73120763e+03 6.84271874e+03 2.60446009e+01
v 6.72831556e+03 6.84333575e+03 2.67339728e+01
v 6.73320802e+03 6.84393219e+03 2.68344433e+01
v 6.73402748e+03 6.84546967e+03 2.51095660e+01
v 6.71522205e+03 6.84329682e+03 2.50398167e+01
v 6.71600473e+03 6.84273270e+03 2.48992685e+01
v 6.71734262e+03 6.84325181e+03 2.40443499e+01
v 6.71854746e+03 6.84289419e+03 2.54614446e+01
v 6.71830636e+03 6.84233050e+03 2.33108604e+01
v 6.71413127e+03 6.84625750e+03 2.52361019e+01
v 6.71538931e+03 6.84605641e+03 2.68574128e+01
v 6.73341371e+03 6.84316892e+03 2.56982343e+01
v 6.73572534e+03 6.84460570e+03 2.29086545e+01
v 6.72848442e+03 6.84461794e+03 2.46167054e+01
v 6.73501955e+03 6.84492781e+03 2.36544756e+01
v 6.73344113e+03 6.84439509e+03 2.37178562e+01
v 6.72662722e+03 6.84110112e+03 2.43230653e+01
v 6.72555935e+03 6.84037123e+03 2.28966944e+01
v 6.71614069e+03 6.84303195e+03 2.37790538e+01
v 6.71980168e+03 6.84352797e+03 2.81020905e+01
v 6.71907924e+03 6.84170999e+03 2.36107352e+01
v 6.72098843e+03 6.84133350e+03 2.32709435e+01
v 6.70150671e+03 6.84609938e+03 2.42406931e+01
v 6.70003030e+03 6.84655894e+03 2.47806424e+01
v 6.70114485e+03 6.84297797e+03 2.34014622e+01
v 6.70072130e+03 6.84327728e+03 2.47064294e+01
v 6.69763285e+03 6.84448962e+03 2.33693478e+01
v 6.69877532e+03 6.84268172e+03 2.32442060e+01
v 6.69651794e+03 6.84476151e+03 2.33592864e+01
v 6.70007456e+03 6.84214659e+03 2.31212848e+01
v 6.72305764e+03 6.83994501e+03 2.58919078e+01
v 6.72690057e+03 6.84221536e+03 2.63053402e+01
v 6.72583451e+03 6.83986909e+03 2.46021618e+01
v 6.72396606e+03 6.83991760e+03 2.28666300e+01
v 6.72216001e+03 6.83920643e+03 2.66987060e+01
v 6.72476413e+03 6.84006062e+03 2.66935023e+01
v 6.69852635e+03 6.83312271e+03 2.45480086e+01
v 6.71950391e+03 6.84083518e+03 2.29495920e+01
v 6.69860940e+03 6.83972909e+03 2.65608115e+01
v 6.69950338e+03 6.83856772e+03 2.77699284e+01
v 6.69788557e+03 6.83478401e+03 2.50889586e+01
v 6.72147136e+03 6.84145716e+03 2.77691599e+01
v 6.71998627e+03 6.84103821e+03 2.77567492e+01
v 6.72154683e+03 6.84314243e+03 2.87817295e+01
v 6.69989164e+03 6.83646049e+03 2.72467798e+01
v 6.70056297e+03 6.83773472e+03 2.96466589e+01
v 6.72275054e+03 6.84134998e+03 2.79946838e+01
v 6.72294424e+03 6.84242104e+03 2.81350683e+01
v 6.69804460e+03 6.84148141e+03 2.96264568e+01
v 6.71757027e+03 6.84585568e+03 2.78541764e+01
v 6.72237265e+03 6.84479410e+03 2.89846079e+01
v 6.70053099e+03 6.83486255e+03 3.06558642e+01
v 6.71766424e+03 6.84433156e+03 2.70028640e+01
v 6.72339226e+03 6.84111234e+03 2.70030197e+01
v 6.72349446e+03 6.84210267e+03 2.67122053e+01
v 6.69823614e+03 6.84305592e+03 2.99458595e+01
v 6.73175307e+03 6.84307170e+03 2.76852595e+01
v 6.73009366e+03 6.84465454e+03 2.75009496e+01
v 6.73156096e+03 6.84476965e+03 2.75936082e+01
v 6.72804664e+03 6.84538235e+03 2.72150757e+01
v 6.73000556e+03 6.84487641e+03 2.90863530e+01
v 6.71869486e+03 6.84557774e+03 2.76926759e+01
v 6.72646479e+03 6.84575502e+03 2.95820203e+01
v 6.72719110e+03 6.84427361e+03 2.82642818e+01
v 6.72581499e+03 6.84338225e+03 2.68851034e+01
v 6.72554552e+03 6.84305861e+03 2.89660438e+01
v 6.72980038e+03 6.84596382e+03 2.98073903e+01
v 6.72121823e+03 6.84446914e+03 2.86059554e+01
v 6.73504408e+03 6.84393368e+03 2.97769639e+01
v 6.73589642e+03 6.84541894e+03 2.92785063e+01
v 6.69789174e+03 6.83640112e+03 3.47623779e+01
v 6.72434738e+03 6.84293141e+03 2.84515582e+01
v 6.72526330e+03 6.84186580e+03 2.63723571e+01
v 6.73263201e+03 6.84471490e+03 2.82614073e+01
v 6.69854884e+03 6.83735035e+03 3.74145430e+01
v 6.69757325e+03 6.83563853e+03 3.63974898e+01
v 6.69746483e+03 6.83990254e+03 3.25662699e+01
v 6.69903163e+03 6.83907007e+03 3.24042611e+01
v 6.69887574e+03 6.83419377e+03 3.36874987e+01
v 6.69917700e+03 6.83537640e+03 3.44311322e+01
v 6.73348364e+03 6.84506207e+03 3.17333995e+01
v 6.73215336e+03 6.84408236e+03 3.07469353e+01
v 6.73439930e+03 6.84518548e+03 3.00943715e+01
v 6.72138326e+03 6.84464067e+03 3.12003032e+01
v 6.71982068e+03 6.84529538e+03 3.29155775e+01
v 6.72082874e+03 6.84639635e+03 3.23770915e+01
v 6.73137832e+03 6.84567902e+03 3.09220678e+01
v 6.69773808e+03 6.83668935e+03 2.95707700e+01
v 6.69851242e+03 6.84360405e+03 3.17768318e+01
v 6.72488999e+03 6.84607153e+03 2.91172266e+01
v 6.72390609e+03 6.84450755e+03 2.92650420e+01
v 6.72568787e+03 6.84388566e+03 3.01858090e+01
v 6.72276916e+03 6.84276141e+03 2.99394427e+01
v 6.69843162e+03 6.83411538e+03 2.97791709e+01
v 6.73071861e+03 6.84619718e+03 3.00060356e+01
v 6.70106969e+03 6.84436040e+03 2.25983969e+01
v 6.73649048e+03 6.84547500e+03 2.29907418e+01
v 6.70879247e+03 6.84444650e+03 2.26832822e+01
v 6.73290116e+03 6.84395553e+03 2.24851346e+01
v 6.69272878e+03 6.84534577e+03 2.28798588e+01
v 6.74611833e+03 6.84128350e+03 1.76505517e+01
v 6.74119881e+03 6.83687582e+03 1.72793009e+01
v 6.73545388e+03 6.83959324e+03 1.70892975e+01
v 6.73574664e+03 6.83218771e+03 1.69022225e+01
v 6.73849368e+03 6.84511887e+03 1.79107533e+01
v 6.71154553e+03 6.83034358e+03 1.65794468e+01
v 6.73036120e+03 6.82965344e+03 1.66979512e+01
v 6.70246788e+03 6.83292842e+03 1.79614614e+01
v 6.69260574e+03 6.82996462e+03 1.83974135e+01
v 6.71894272e+03 6.83776219e+03 1.72437316e+01
v 6.72811130e+03 6.83595604e+03 1.70338611e+01
v 6.72994282e+03 6.83503511e+03 1.66128112e+01
v 6.72183047e+03 6.83515580e+03 1.68143961e+01
v 6.72231811e+03 6.83466272e+03 1.86324785e+01
v 6.72343877e+03 6.83603207e+03 1.69206546e+01
v 6.72667757e+03 6.84309990e+03 1.83035231e+01
v 6.71813017e+03 6.83982474e+03 1.73549547e+01
v 6.73089049e+03 6.84638580e+03 1.75578667e+01
v 6.72972735e+03 6.84074258e+03 1.71261940e+01
v 6.70124358e+03 6.84408667e+03 2.01898916e+01
v 6.70459015e+03 6.84459707e+03 1.97087827e+01
v 6.72493996e+03 6.83746983e+03 1.70538414e+01
v 6.72423381e+03 6.83574362e+03 1.92517918e+01
v 6.69482672e+03 6.83907023e+03 1.97852594e+01
v 6.69334609e+03 6.84130567e+03 2.00636759e+01
v 6.69373029e+03 6.84574643e+03 2.04287209e+01
v 6.69556616e+03 6.84381515e+03 2.02545175e+01
v 6.69411294e+03 6.84410291e+03 2.08700102e+01
v 6.70112273e+03 6.84264190e+03 1.97654615e+01
v 6.70368767e+03 6.84557898e+03 2.17992679e+01
v 6.69078561e+03 6.83330336e+03 2.00088737e+01
v 6.69644571e+03 6.83396073e+03 2.02213288e+01
v 6.69761836e+03 6.83566769e+03 2.03714196e+01
v 6.69938199e+03 6.83324235e+03 1.97072472e+01
v 6.70035646e+03 6.83474572e+03 1.94257025e+01
v 6.69777423e+03 6.82934374e+03 1.92625849e+01
v 6.68977754e+03 6.83183615e+03 1.89128804e+01
v 6.69347487e+03 6.83012729e+03 1.93915348e+01
v 6.69569355e+03 6.83067060e+03 1.95306542e+01
v 6.69933038e+03 6.83678369e+03 1.89351726e+01
v 6.69116495e+03 6.83159199e+03 2.00312014e+01
v 6.69667389e+03 6.83167161e+03 1.89771327e+01
v 6.69629084e+03 6.82917321e+03 1.94380731e+01
v 6.69980206e+03 6.83023520e+03 1.91337924e+01
v 6.70136732e+03 6.83187493e+03 1.95108431e+01
v 6.69355984e+03 6.83184163e+03 1.99862863e+01
v 6.69836420e+03 6.83026835e+03 1.97685550e+01
v 6.69282354e+03 6.84303196e+03 2.29713273e+01
v 6.70163428e+03 6.84389848e+03 2.17601838e+01
v 6.69634684e+03 6.84429969e+03 2.26564547e+01
v 6.70255885e+03 6.84628683e+03 2.25443014e+01
v 6.70175681e+03 6.84164719e+03 2.21107036e+01
v 6.73899086e+03 6.84662936e+03 1.98517860e+01
v 6.71066406e+03 6.84265460e+03 1.83286317e+01
v 6.70613039e+03 6.84563586e+03 1.96247203e+01
v 6.70979393e+03 6.84462758e+03 2.03992781e+01
v 6.73664666e+03 6.84512069e+03 1.99153733e+01
v 6.72817480e+03 6.84393426e+03 2.00691697e+01
v 6.70787857e+03 6.84588426e+03 1.96579277e+01
v 6.73690336e+03 6.84333211e+03 1.96882316e+01
v 6.74020989e+03 6.84582414e+03 2.00144887e+01
v 6.72078154e+03 6.83510580e+03 2.03268060e+01
v 6.70767342e+03 6.84503409e+03 2.17591472e+01
v 6.71882436e+03 6.83726815e+03 2.06237516e+01
v 6.72095807e+03 6.83705182e+03 2.09302414e+01
v 6.72123956e+03 6.83835588e+03 2.11172259e+01
v 6.72286381e+03 6.83552544e+03 2.07780118e+01
v 6.72152795e+03 6.83792030e+03 2.21931751e+01
v 6.71906325e+03 6.83997127e+03 2.29957583e+01
v 6.71819124e+03 6.84131948e+03 2.24666570e+01
v 6.70575146e+03 6.84379809e+03 2.19900764e+01
v 6.71110019e+03 6.84648903e+03 2.21330803e+01
v 6.72951946e+03 6.84183987e+03 2.17598429e+01
v 6.73512067e+03 6.84313448e+03 2.33435217e+01
v 6.73047004e+03 6.84034043e+03 2.14743357e+01
v 6.72824338e+03 6.84101545e+03 2.26426185e+01
v 6.72580765e+03 6.84282956e+03 2.08191369e+01
v 6.72810873e+03 6.83728570e+03 2.23895938e+01
v 6.72774605e+03 6.83857874e+03 2.18144738e+01
v 6.72860503e+03 6.83994386e+03 2.20392976e+01
v 6.72242346e+03 6.83944744e+03 2.18151803e+01
v 6.72574417e+03 6.84119630e+03 2.26244571e+01
v 6.72605917e+03 6.83867212e+03 2.16538291e+01
v 6.72447328e+03 6.83749269e+03 2.21725631e+01
v 6.73040382e+03 6.83928554e+03 2.08129364e+01
v 6.72704526e+03 6.83938012e+03 2.28479709e+01
v 6.72552784e+03 6.83742824e+03 2.19736509e+01
v 6.72557577e+03 6.83663625e+03 2.09966323e+01
v 6.72621940e+03 6.83741368e+03 2.27946893e+01
v 6.72922636e+03 6.83849024e+03 1.99973587e+01
v 6.72467084e+03 6.83591921e+03 2.12339745e+01
v 6.72416590e+03 6.83665227e+03 2.29102033e+01
v 6.72328459e+03 6.83609750e+03 2.24323078e+01
v 6.72264728e+03 6.83676976e+03 2.18964144e+01
v 6.72411258e+03 6.83625240e+03 2.05783482e+01
v 6.72281364e+03 6.83597110e+03 1.95477520e+01
v 6.68700001e+03 6.82832338e+03 1.89192114e+01
v 6.68700001e+03 6.82860485e+03 1.89501381e+01
v 6.68700001e+03 6.81796159e+03 2.11459171e+01
v 6.68700001e+03 6.81817636e+03 2.10305094e+01
v 6.68700001e+03 6.81626468e+03 2.12507273e+01
v 6.68700001e+03 6.81750842e+03 1.92136743e+01
v 6.68700001e+03 6.82285515e+03 1.83733307e+01
v 6.68700001e+03 6.81933219e+03 1.80234715e+01
v 6.68700001e+03 6.81680504e+03 1.77193279e+01
v 6.68700001e+03 6.81644639e+03 3.23647039e+01
v 6.68700001e+03 6.81686794e+03 3.13677346e+01
v 6.68700001e+03 6.81623153e+03 3.31745801e+01
v 6.68700001e+03 6.81419991e+03 3.79415637e+01
v 6.68700001e+03 6.81409455e+03 3.79304151e+01
v 6.68700001e+03 6.81367307e+03 3.77905305e+01
v 6.68700001e+03 6.81582407e+03 3.61280359e+01
v 6.68700001e+03 6.81623056e+03 3.51730666e+01
v 6.68700001e+03 6.81583149e+03 3.68791472e+01
v 6.68700001e+03 6.81431755e+03 3.78587992e+01
v 6.68700001e+03 6.81719502e+03 2.55676918e+01
v 6.68700001e+03 6.81878185e+03 2.98162437e+01
v 6.68700001e+03 6.81851135e+03 3.01919262e+01
v 6.68700001e+03 6.81876257e+03 2.99828126e+01
v 6.68700001e+03 6.81570504e+03 2.24251350e+01
v 6.68700001e+03 6.81661631e+03 2.43925863e+01
v 6.68700001e+03 6.81709195e+03 2.54082769e+01
v 6.68700001e+03 6.82892878e+03 1.89746343e+01
v 6.68700001e+03 6.84151109e+03 2.03800524e+01
v 6.68700001e+03 6.84136906e+03 2.03304984e+01
v 6.68700001e+03 6.84651286e+03 2.17427738e+01
v 6.68700001e+03 6.84571583e+03 2.16721792e+01
v 6.68700001e+03 6.83344861e+03 1.92761492e+01
v 6.68700001e+03 6.83535340e+03 1.96580035e+01
v 6.68700001e+03 6.84081221e+03 2.02700037e+01
v 6.68700001e+03 6.84305561e+03 2.14235248e+01
v 6.68700001e+03 6.85240809e+03 2.33738744e+01
v 6.68700001e+03 6.85162425e+03 2.31513619e+01
v 6.68700001e+03 6.85002757e+03 2.28711797e+01
v 6.68700001e+03 6.85466579e+03 2.36872751e+01
v 6.68700001e+03 6.86577894e+03 2.51901910e+01
v 6.68700001e+03 6.86688725e+03 2.51958754e+01
v 6.68700001e+03 6.86130788e+03 2.46778360e+01
v 6.68700001e+03 6.86444063e+03 2.51617001e+01
v 6.68700001e+03 6.85936979e+03 2.43645614e+01
v 6.68700001e+03 6.85767508e+03 2.40644916e+01
v 6.68700001e+03 6.86793994e+03 2.53831694e+01
v 6.68700001e+03 6.87370702e+03 2.63052028e+01
v 6.68700001e+03 6.87323926e+03 2.63861616e+01
v 6.68700001e+03 6.87279178e+03 2.63650315e+01
v 6.68700001e+03 6.87164254e+03 2.60561180e+01
v 6.69688475e+03 6.81200001e+03 2.12782790e+01
v 6.69881581e+03 6.81200001e+03 2.05332721e+01
v 6.74684759e+03 6.81200001e+03 1.61801739e+01
v 6.74558630e+03 6.81200001e+03 1.61506633e+01
v 6.69892353e+03 6.81200001e+03 2.18950297e+01
v 6.69820067e+03 6.81200001e+03 2.40294477e+01
v 6.68953172e+03 6.81200001e+03 1.92477810e+01
v 6.68984231e+03 6.81200001e+03 1.85880580e+01
v 6.68973191e+03 6.81200001e+03 2.02206548e+01
v 6.68927896e+03 6.81200001e+03 2.12243678e+01
v 6.68905180e+03 6.81200001e+03 2.15430955e+01
v 6.73122261e+03 6.81200001e+03 1.58747233e+01
v 6.72835640e+03 6.81200001e+03 1.58298854e+01
v 6.68988539e+03 6.81200001e+03 1.63756289e+01
v 6.68997247e+03 6.81200001e+03 1.58181501e+01
v 6.69190619e+03 6.81200001e+03 1.56053481e+01
v 6.70733784e+03 6.81200001e+03 1.57100248e+01
v 6.70209167e+03 6.81200001e+03 1.55465907e+01
v 6.69962105e+03 6.81200001e+03 1.55683096e+01
v 6.69878446e+03 6.81200001e+03 1.55247393e+01
v 6.69201025e+03 6.81200001e+03 1.56221702e+01
v 6.69461361e+03 6.81200001e+03 1.56030254e+01
v 6.71355274e+03 6.81200001e+03 1.59311913e+01
v 6.71738295e+03 6.81200001e+03 1.58561955e+01
v 6.72428608e+03 6.81200001e+03 1.58911943e+01
v 6.72015945e+03 6.81200001e+03 1.58168369e+01
v 6.72199360e+03 6.81200001e+03 1.58906296e+01
v 6.71931281e+03 6.81200001e+03 1.58469926e+01
v 6.73382645e+03 6.81200001e+03 1.59610144e+01
v 6.73990877e+03 6.81200001e+03 1.61242429e+01
v 6.74216448e+03 6.81200001e+03 1.61776482e+01
v 6.74856146e+03 6.81200001e+03 1.64274213e+01
v 6.74721450e+03 6.81200001e+03 1.64071465e+01
v 6.74882637e+03 6.81200001e+03 1.65046301e+01
v 6.75000000e+03 6.81200001e+03 1.68231749e+01
v 6.73468536e+03 6.81200001e+03 1.61945671e+01
v 6.73524680e+03 6.81200001e+03 1.61141905e+01
v 6.68907434e+03 6.81200001e+03 3.45896743e+01
v 6.68918016e+03 6.81200001e+03 3.50026750e+01
v 6.69648949e+03 6.81200001e+03 2.56530486e+01
v 6.69824328e+03 6.81200001e+03 2.65156273e+01
v 6.69191385e+03 6.81200001e+03 3.14184082e+01
v 6.69170076e+03 6.81200001e+03 3.06237178e+01
v 6.69692013e+03 6.81200001e+03 2.85952413e+01
v 6.69586022e+03 6.81200001e+03 2.75669350e+01
v 6.68914819e+03 6.81200001e+03 3.28476391e+01
v 6.69018980e+03 6.81200001e+03 3.24992554e+01
v 6.69707690e+03 6.81200001e+03 2.86828634e+01
v 6.69711261e+03 6.81200001e+03 2.86232096e+01
v 6.69050695e+03 6.81200001e+03 3.21060083e+01
v 6.69712387e+03 6.81200001e+03 2.85553234e+01
v 6.69699720e+03 6.81200001e+03 2.87324192e+01
v 6.69122154e+03 6.81200001e+03 2.92908111e+01
v 6.69132215e+03 6.81200001e+03 2.90632392e+01
v 6.69152281e+03 6.81200001e+03 3.26349926e+01
v 6.68863887e+03 6.81200001e+03 3.30083564e+01
v 6.68729817e+03 6.81200001e+03 3.74051967e+01
v 6.68760049e+03 6.81200001e+03 3.75775156e+01
v 6.68927830e+03 6.81200001e+03 3.71612211e+01
v 6.68846918e+03 6.81200001e+03 3.84598348e+01
v 6.68975310e+03 6.81200001e+03 3.66342779e+01
v 6.68965215e+03 6.81200001e+03 3.62153258e+01
v 6.69015953e+03 6.81200001e+03 2.54826400e+01
v 6.69039172e+03 6.81200001e+03 2.45539869e+01
v 6.69135079e+03 6.81200001e+03 2.77893697e+01
v 6.69618712e+03 6.81200001e+03 2.58656652e+01
v 6.69506325e+03 6.81200001e+03 2.52575829e+01
v 6.69620525e+03 6.81200001e+03 2.69645132e+01
v 6.69632164e+03 6.81200001e+03 2.63884541e+01
v 6.69434607e+03 6.81200001e+03 2.45213660e+01
v 6.69021442e+03 6.81200001e+03 2.39343705e+01
v 6.69519464e+03 6.81200001e+03 2.15391391e+01
v 6.68907719e+03 6.81200001e+03 1.59939301e+01
v 6.68915894e+03 6.81200001e+03 2.18223741e+01
v 6.69441201e+03 6.81200001e+03 2.23596062e+01
v 6.69160591e+03 6.81200001e+03 2.72892524e+01
v 6.69048169e+03 6.81200001e+03 2.61626293e+01
v 6.69781323e+03 6.81200001e+03 2.71343515e+01
v 6.69699795e+03 6.81200001e+03 2.75576304e+01
v 6.69431817e+03 6.81200001e+03 2.38257464e+01
v 6.69407418e+03 6.81200001e+03 2.32106761e+01
v 6.69266601e+03 6.81200001e+03 1.56204721e+01
v 6.69264116e+03 6.81200001e+03 1.56206947e+01
v 6.68730109e+03 6.81200001e+03 3.74068609e+01
v 6.68700001e+03 6.81200001e+03 3.72460322e+01
v 6.74017045e+03 6.87549999e+03 2.73578915e+01
v 6.74073723e+03 6.87549999e+03 2.61987425e+01
v 6.74516799e+03 6.87549999e+03 3.49126772e+01
v 6.74525182e+03 6.87549999e+03 3.51061011e+01
v 6.74412334e+03 6.87549999e+03 2.67415770e+01
v 6.74222206e+03 6.87549999e+03 2.57125537e+01
v 6.72882674e+03 6.87549999e+03 2.34160182e+01
v 6.73790609e+03 6.87549999e+03 2.33305094e+01
v 6.72716302e+03 6.87549999e+03 2.36096949e+01
v 6.72791472e+03 6.87549999e+03 2.34859606e+01
v 6.70055109e+03 6.87549999e+03 2.46349796e+01
v 6.70290525e+03 6.87549999e+03 2.45871780e+01
v 6.68854264e+03 6.87549999e+03 2.62452212e+01
v 6.69039825e+03 6.87549999e+03 2.63950516e+01
v 6.73908171e+03 6.87549999e+03 3.53358422e+01
v 6.73909193e+03 6.87549999e+03 3.63855841e+01
v 6.74531843e+03 6.87549999e+03 3.48234070e+01
v 6.74503038e+03 6.87549999e+03 3.42870728e+01
v 6.71403422e+03 6.87549999e+03 3.47742442e+01
v 6.71371040e+03 6.87549999e+03 3.53065140e+01
v 6.74015039e+03 6.87549999e+03 2.33153390e+01
v 6.73968048e+03 6.87549999e+03 2.33020015e+01
v 6.72073393e+03 6.87549999e+03 2.40712436e+01
v 6.71816948e+03 6.87549999e+03 2.40822117e+01
v 6.74108477e+03 6.87549999e+03 4.05833165e+01
v 6.74104382e+03 6.87549999e+03 4.03453747e+01
v 6.74110046e+03 6.87549999e+03 3.69878771e+01
v 6.74082801e+03 6.87549999e+03 3.68663446e+01
v 6.73952554e+03 6.87549999e+03 3.90903628e+01
v 6.74015056e+03 6.87549999e+03 3.97461758e+01
v 6.71104944e+03 6.87549999e+03 3.61094010e+01
v 6.71281619e+03 6.87549999e+03 3.60748797e+01
v 6.74049987e+03 6.87549999e+03 2.88179743e+01
v 6.74099945e+03 6.87549999e+03 2.97139649e+01
v 6.69193975e+03 6.87549999e+03 2.61831544e+01
v 6.74034391e+03 6.87549999e+03 2.32907280e+01
v 6.74136955e+03 6.87549999e+03 3.53888513e+01
v 6.74155251e+03 6.87549999e+03 3.58801428e+01
v 6.74432816e+03 6.87549999e+03 3.58541702e+01
v 6.74469337e+03 6.87549999e+03 3.61834240e+01
v 6.74308415e+03 6.87549999e+03 3.57169505e+01
v 6.74492420e+03 6.87549999e+03 3.57516075e+01
v 6.74443794e+03 6.87549999e+03 3.83332739e+01
v 6.74339211e+03 6.87549999e+03 3.67387144e+01
v 6.74440391e+03 6.87549999e+03 3.90998724e+01
v 6.74335627e+03 6.87549999e+03 3.87314345e+01
v 6.74280248e+03 6.87549999e+03 3.90341595e+01
v 6.74287163e+03 6.87549999e+03 4.03579291e+01
v 6.74281097e+03 6.87549999e+03 3.87499193e+01
v 6.74170857e+03 6.87549999e+03 4.09422017e+01
v 6.74288368e+03 6.87549999e+03 4.16221966e+01
v 6.74307611e+03 6.87549999e+03 4.13895959e+01
v 6.74095467e+03 6.87549999e+03 4.04191004e+01
v 6.74050819e+03 6.87549999e+03 3.74180924e+01
v 6.74096891e+03 6.87549999e+03 3.82585887e+01
v 6.73919801e+03 6.87549999e+03 3.79937555e+01
v 6.73803051e+03 6.87549999e+03 3.50904041e+01
v 6.70777422e+03 6.87549999e+03 3.56738602e+01
v 6.70752006e+03 6.87549999e+03 3.53810125e+01
v 6.70820101e+03 6.87549999e+03 3.64169544e+01
v 6.70860224e+03 6.87549999e+03 3.63040611e+01
v 6.70860826e+03 6.87549999e+03 3.63077935e+01
v 6.70974756e+03 6.87549999e+03 3.67550004e+01
v 6.71034358e+03 6.87549999e+03 3.62516244e+01
v 6.71404890e+03 6.87549999e+03 3.46188610e+01
v 6.71315035e+03 6.87549999e+03 3.56888293e+01
v 6.70627088e+03 6.87549999e+03 3.46868482e+01
v 6.70622502e+03 6.87549999e+03 3.46761599e+01
v 6.70454709e+03 6.87549999e+03 3.27682508e+01
v 6.70501783e+03 6.87549999e+03 3.31010206e+01
v 6.70611316e+03 6.87549999e+03 3.45374357e+01
v 6.71426768e+03 6.87549999e+03 3.41239657e+01
v 6.71445982e+03 6.87549999e+03 3.27695280e+01
v 6.71540724e+03 6.87549999e+03 3.27896527e+01
v 6.71663110e+03 6.87549999e+03 3.06993101e+01
v 6.71596028e+03 6.87549999e+03 3.25824681e+01
v 6.71671872e+03 6.87549999e+03 3.03846731e+01
v 6.71668713e+03 6.87549999e+03 3.02536236e+01
v 6.71573906e+03 6.87549999e+03 3.28735473e+01
v 6.70452396e+03 6.87549999e+03 3.20182865e+01
v 6.70463718e+03 6.87549999e+03 2.82299576e+01
v 6.74538691e+03 6.87549999e+03 3.15292755e+01
v 6.74541767e+03 6.87549999e+03 3.16835421e+01
v 6.74433032e+03 6.87549999e+03 2.73987867e+01
v 6.74528245e+03 6.87549999e+03 2.88685139e+01
v 6.74195353e+03 6.87549999e+03 2.55727679e+01
v 6.74082511e+03 6.87549999e+03 2.52205500e+01
v 6.74133557e+03 6.87549999e+03 2.58391823e+01
v 6.74742204e+03 6.87549999e+03 2.40570894e+01
v 6.74793448e+03 6.87549999e+03 2.44546703e+01
v 6.74879492e+03 6.87549999e+03 2.45564248e+01
v 6.74392786e+03 6.87549999e+03 2.36504773e+01
v 6.74531458e+03 6.87549999e+03 2.41323679e+01
v 6.74539478e+03 6.87549999e+03 2.39378343e+01
v 6.74365797e+03 6.87549999e+03 2.34987419e+01
v 6.74369609e+03 6.87549999e+03 2.36099925e+01
v 6.72106914e+03 6.87549999e+03 2.39805487e+01
v 6.70305196e+03 6.87549999e+03 2.45932271e+01
v 6.70300345e+03 6.87549999e+03 2.45875191e+01
v 6.71521246e+03 6.87549999e+03 2.41331278e+01
v 6.71446030e+03 6.87549999e+03 2.42094447e+01
v 6.72251599e+03 6.87549999e+03 2.40008680e+01
v 6.69905991e+03 6.87549999e+03 2.53942892e+01
v 6.69627045e+03 6.87549999e+03 2.65397845e+01
v 6.71397584e+03 6.87549999e+03 2.52972732e+01
v 6.71333003e+03 6.87549999e+03 2.54118048e+01
v 6.69980121e+03 6.87549999e+03 2.48372006e+01
v 6.70492467e+03 6.87549999e+03 2.52513189e+01
v 6.71400526e+03 6.87549999e+03 2.61068306e+01
v 6.71611958e+03 6.87549999e+03 2.80136455e+01
v 6.70607215e+03 6.87549999e+03 2.56805497e+01
v 6.69568385e+03 6.87549999e+03 2.66838350e+01
v 6.69364953e+03 6.87549999e+03 2.61663441e+01
v 6.69593325e+03 6.87549999e+03 2.66477132e+01
v 6.70573840e+03 6.87549999e+03 2.64042885e+01
v 6.74488415e+03 6.87549999e+03 3.32124527e+01
v 6.74538686e+03 6.87549999e+03 3.17223080e+01
v 6.74105758e+03 6.87549999e+03 2.36541007e+01
v 6.74177054e+03 6.87549999e+03 3.48498601e+01
v 6.74242926e+03 6.87549999e+03 3.54523041e+01
v 6.74391853e+03 6.87549999e+03 3.64556759e+01
v 6.74199198e+03 6.87549999e+03 3.55681911e+01
v 6.74036165e+03 6.87549999e+03 3.09278204e+01
v 6.74277472e+03 6.87549999e+03 4.14673499e+01
v 6.71664805e+03 6.87549999e+03 2.97730678e+01
v 6.73807542e+03 6.87549999e+03 3.47992613e+01
v 6.73957457e+03 6.87549999e+03 3.27881954e+01
v 6.75000000e+03 6.87549999e+03 2.47304494e+01
v 6.68776293e+03 6.87549999e+03 2.62954465e+01
v 6.68700001e+03 6.87549999e+03 2.63445906e+01
vt 0.061344087 0.53814107
vt 0.016495332 0.52881747
vt 0.02753903 0.50255752
vt 0.051869176 0.50436008
vt 0.015305546 0.54475003
vt 0.027139813 0.49930739
vt 0.096206114 0.53165519
vt 0.047764845 0.57407045
vt 0.042248279 0.49930322
vt 0.095985427 0.49928606
vt 0.081869401 0.57309282
vt 0.0039307717 0.58411288
vt 0.043061137 0.49930286
vt 0.063400075 0.49929637
vt 0.10252112 0.49928379
vt 0.12549812 0.54866219
vt 0.063977651 0.62585104
vt 0.0039237803 0.55659074
vt 0.0039416086 0.62683183
vt 0.047990181 0.49930131
vt 0.048184324 0.49930125
vt 0.11600533 0.57302952
vt 0.0056233755 0.62856305
vt 0.09670981 0.60402864
vt 0.0039190575 0.53684831
vt 0.12182306 0.49927759
vt 0.14022864 0.58659875
vt 0.047743689 0.63964164
vt 0.10731085 0.63092613
vt 0.0039421506 0.6290307
vt 0.17401004 0.52794826
vt 0.2017332 0.6013729
vt 0.025650097 0.6542685
vt 0.0039428356 0.6315614
vt 0.16280805 0.49926376
vt 0.23432948 0.51846004
vt 0.23202418 0.58376396
vt 0.19572245 0.64256024
vt 0.0039526159 0.66687173
vt 0.21136101 0.49924731
vt 0.28393739 0.62389636
vt 0.12480195 0.66277289
vt 0.027967563 0.6799742
vt 0.24128504 0.4992379
vt 0.27742857 0.54306424
vt 0.27608481 0.68012905
vt 0.18885754 0.73873711
vt 0.0039553363 0.68175179
vt 0.03352337 0.66572505
vt 0.31788501 0.56539333
vt 0.32515493 0.68636429
vt 0.25352839 0.70049745
vt 0.14140218 0.75392365
vt 0.24718498 0.71661294
vt 0.0039657857 0.72439706
vt 0.2563622 0.49923301
vt 0.27971339 0.51891255
vt 0.36494565 0.60125601
vt 0.33946368 0.6791662
vt 0.30947727 0.69989932
vt 0.10499909 0.71539783
vt 0.15343846 0.76203561
vt 0.24151064 0.75874424
vt 0.0039668623 0.72874725
vt 0.26297677 0.49923098
vt 0.3323662 0.51400816
vt 0.36549485 0.53207493
vt 0.34271824 0.63712037
vt 0.38252798 0.71476138
vt 0.33422416 0.71338141
vt 0.11525303 0.74994302
vt 0.10029451 0.69289708
vt 0.16709664 0.76397175
vt 0.2633419 0.75243562
vt 0.22454195 0.76424384
vt 0.033220366 0.7419225
vt 0.3270157 0.49921018
vt 0.27730572 0.49922609
vt 0.41847876 0.55216968
vt 0.38479748 0.65690523
vt 0.31515732 0.71167922
vt 0.13108566 0.76248944
vt 0.079210885 0.69677377
vt 0.18435585 0.76279056
vt 0.21877457 0.77701366
vt 0.053547226 0.72823679
vt 0.0039669489 0.72985673
vt 0.29521579 0.49922025
vt 0.34940779 0.49920273
vt 0.39114878 0.5232566
vt 0.43696868 0.60374939
vt 0.49616125 0.69645494
vt 0.33779195 0.723755
vt 0.42740262 0.69351619
vt 0.11795359 0.77075434
vt 0.086908579 0.68417799
vt 0.065110587 0.71076947
vt 0.20548376 0.78129792
vt 0.030736454 0.75761604
vt 0.36974993 0.49919587
vt 0.37694427 0.50152987
vt 0.43079814 0.52212054
vt 0.44596165 0.53710711
vt 0.36460933 0.76066238
vt 0.45115307 0.76520181
vt 0.11084314 0.78182995
vt 0.08247108 0.72679222
vt 0.0039651208 0.74191993
vt 0.37645894 0.49919295
vt 0.41726744 0.49917996
vt 0.43359122 0.53407586
vt 0.4691582 0.50545585
vt 0.4961327 0.59522903
vt 0.46584567 0.7279377
vt 0.33326086 0.75662279
vt 0.39159361 0.74767828
vt 0.40628603 0.75792015
vt 0.12941447 0.77638775
vt 0.10289986 0.72283578
vt 0.070896901 0.74783599
vt 0.0039704856 0.76270223
vt 0.38084567 0.49919176
vt 0.43488994 0.49917406
vt 0.49611697 0.53824544
vt 0.4961777 0.7500912
vt 0.34689093 0.76783854
vt 0.32845926 0.73102325
vt 0.38133627 0.76104343
vt 0.41063276 0.76916492
vt 0.14188668 0.78226495
vt 0.080210239 0.73692745
vt 0.05954089 0.75008577
vt 0.0039721145 0.76892883
vt 0.46162322 0.49916548
vt 0.496108 0.50617051
vt 0.34317479 0.78402621
vt 0.31396499 0.74217552
vt 0.37279209 0.76676607
vt 0.46301979 0.81854939
vt 0.49619392 0.80451208
vt 0.13946646 0.80250186
vt 0.056558006 0.76292825
vt 0.01035036 0.76938111
vt 0.47147688 0.4991622
vt 0.48499948 0.5003655
vt 0.32838866 0.76931512
vt 0.39398134 0.76349699
vt 0.39790693 0.78058171
vt 0.11440823 0.8506664
vt 0.085559502 0.75349593
vt 0.02463281 0.77886558
vt 0.013838617 0.80843079
vt 0.47434217 0.49916053
vt 0.48486525 0.49915707
vt 0.49610344 0.50237846
vt 0.30847421 0.77966446
vt 0.31806195 0.76305783
vt 0.44172055 0.83793563
vt 0.40065831 0.76237005
vt 0.4820804 0.83201349
vt 0.13594757 0.8917594
vt 0.066493578 0.79777479
vt 0.046194442 0.7695688
vt 0.0039748047 0.79638398
vt 0.029296966 0.78867853
vt 0.48693445 0.49915612
vt 0.30075243 0.8171922
vt 0.32405865 0.75150728
vt 0.36848977 0.77935946
vt 0.39578864 0.81841242
vt 0.49620482 0.84455287
vt 0.099105701 0.88066733
vt 0.18743812 0.85301185
vt 0.071941555 0.83142519
vt 0.082716443 0.7725153
vt 0.0039773053 0.80885726
vt 0.033155516 0.83089423
vt 0.49610174 0.49915206
vt 0.34717017 0.81314677
vt 0.38222051 0.79470205
vt 0.39311665 0.84119505
vt 0.48154023 0.85446584
vt 0.11986459 0.89069086
vt 0.070754759 0.8695823
vt 0.15208907 0.81104755
vt 0.18591313 0.9038654
vt 0.081576876 0.85330343
vt 0.10134827 0.76894981
vt 0.040452987 0.80052501
vt 0.0039780652 0.81498033
vt 0.022316257 0.83495122
vt 0.3589628 0.81388557
vt 0.33843142 0.8458451
vt 0.36362651 0.79745436
vt 0.38292441 0.81474221
vt 0.40467295 0.85364473
vt 0.49620607 0.86533248
vt 0.093088165 0.94008124
vt 0.080659308 0.88752407
vt 0.17548309 0.81439877
vt 0.21289136 0.88539827
vt 0.11792848 0.97559297
vt 0.062236547 0.84822571
vt 0.0523961 0.84915477
vt 0.085049979 0.76472843
vt 0.0039820555 0.8326177
vt 0.3618665 0.8245706
vt 0.27863964 0.84040087
vt 0.37610283 0.82103026
vt 0.41044244 0.8727833
vt 0.49621379 0.89981234
vt 0.073571242 0.90684885
vt 0.062912926 0.8730976
vt 0.22725423 0.81978381
vt 0.22869553 0.8739289
vt 0.20649895 0.90670484
vt 0.17463304 0.94011533
vt 0.073352247 0.8601675
vt 0.044093274 0.86727309
vt 0.0039875968 0.85612667
vt 0.37250558 0.84841108
vt 0.31214467 0.89808071
vt 0.27956638 0.82473481
vt 0.38783467 0.8775022
vt 0.43236652 0.87213492
vt 0.45822042 0.88637942
vt 0.091651745 0.96996015
vt 0.062767282 0.94107133
vt 0.058793969 0.86472809
vt 0.055715669 0.88280213
vt 0.046124354 0.90208
vt 0.20473066 0.80738974
vt 0.21231246 0.92447329
vt 0.14704674 0.9644388
vt 0.015062695 0.8646667
vt 0.0039902357 0.86936581
vt 0.35946485 0.867001
vt 0.37234065 0.89397407
vt 0.27642962 0.87078691
vt 0.25595579 0.8371011
vt 0.40071681 0.90628225
vt 0.44693539 0.85510629
vt 0.47011614 0.8593998
vt 0.06359645 0.97036892
vt 0.076444931 0.99535334
vt 0.046274647 0.8778125
vt 0.25834662 0.85777223
vt 0.18767226 0.80429107
vt 0.21074674 0.79407269
vt 0.19726004 0.94326365
vt 0.16447006 0.95341003
vt 0.12829034 0.99534279
vt 0.38059762 0.93650508
vt 0.26336166 0.87826931
vt 0.25388256 0.86805928
vt 0.25959054 0.84485579
vt 0.38030273 0.8928194
vt 0.42119771 0.88295776
vt 0.4512904 0.84731698
vt 0.071861282 0.99535435
vt 0.073809907 0.99535382
vt 0.098244004 0.99534994
vt 0.037108976 0.94018918
vt 0.038360562 0.91879654
vt 0.24114954 0.80698168
vt 0.21167575 0.94624311
vt 0.19202809 0.95494521
vt 0.1290575 0.99534249
vt 0.10989803 0.99534857
vt 0.019343659 0.91064727
vt 0.0039934176 0.88450617
vt 0.37325981 0.96251696
vt 0.27110457 0.88916117
vt 0.42026752 0.87149614
vt 0.4246006 0.89820039
vt 0.055970911 0.99536115
vt 0.10403845 0.99534982
vt 0.034615286 0.97313976
vt 0.055264648 0.93355465
vt 0.24177368 0.82753897
vt 0.22799015 0.92907923
vt 0.18228251 0.95416409
vt 0.12943643 0.99534237
vt 0.40561906 0.95291901
vt 0.32183126 0.98472494
vt 0.40612444 0.94386888
vt 0.27256453 0.90551275
vt 0.43165228 0.88841867
vt 0.41807616 0.92810452
vt 0.042613048 0.99536544
vt 0.015184768 0.92972642
vt 0.26492417 0.82968384
vt 0.25024325 0.82321268
vt 0.230113 0.94224936
vt 0.16889331 0.95258141
vt 0.15543658 0.97230208
vt 0.0039986852 0.90897942
vt 0.42800206 0.97159648
vt 0.40174294 0.99525815
vt 0.27780166 0.93089569
vt 0.42635801 0.91755408
vt 0.03056887 0.99536866
vt 0.01066602 0.97462833
vt 0.0040019155 0.91943491
vt 0.23901173 0.95278507
vt 0.24164134 0.9205662
vt 0.16496649 0.9608798
vt 0.15338054 0.99491215
vt 0.42262161 0.95876122
vt 0.41927674 0.99525249
vt 0.41560557 0.99525374
vt 0.33080959 0.99528086
vt 0.2523911 0.94908637
vt 0.42137107 0.94365019
vt 0.25902548 0.92071688
vt 0.44626471 0.92752278
vt 0.0040063229 0.93631721
vt 0.0040046889 0.92809361
vt 0.24560677 0.96180695
vt 0.14406353 0.99533552
vt 0.41487077 0.9428274
vt 0.44077778 0.97626907
vt 0.32368404 0.99528295
vt 0.27113792 0.98762661
vt 0.44232526 0.91710818
vt 0.016072638 0.99537385
vt 0.0040119928 0.96524185
vt 0.23012413 0.97247493
vt 0.15302587 0.99533123
vt 0.42078871 0.99525207
vt 0.31781068 0.99528444
vt 0.26366481 0.98296571
vt 0.0040158476 0.98136985
vt 0.0040132026 0.97421932
vt 0.26762742 0.99294847
vt 0.21548659 0.96205103
vt 0.42636231 0.99524909
vt 0.28150335 0.99529499
vt 0.009980836 0.99537563
vt 0.0040142192 0.97771519
vt 0.26758057 0.99529928
vt 0.2014533 0.97153205
vt 0.44667882 0.99524301
vt 0.27019989 0.99529868
vt 0.0040201684 0.99537742
vt 0.24754561 0.99530572
vt 0.21603057 0.98917705
vt 0.22444345 0.99531305
vt 0.21856676 0.99531472
vt 0.93236649 0.87213492
vt 0.92119771 0.88295776
vt 0.92026752 0.87149614
vt 0.69312322 0.94593322
vt 0.69927925 0.93677217
vt 0.70124805 0.9552381
vt 0.69221854 0.95808816
vt 0.69020623 0.92379981
vt 0.70933092 0.95018578
vt 0.67664033 0.95018673
vt 0.70159507 0.96839541
vt 0.7053346 0.91896099
vt 0.68259376 0.9317441
vt 0.70581311 0.93235892
vt 0.71228021 0.97232372
vt 0.67262143 0.94076669
vt 0.6840412 0.91447914
vt 0.7172659 0.93667048
vt 0.71338421 0.95361406
vt 0.70901561 0.98368549
vt 0.67101568 0.91928291
vt 0.68697762 0.89730895
vt 0.71618807 0.94768536
vt 0.71492279 0.97736245
vt 0.69371265 0.99071175
vt 0.71127617 0.91721267
vt 0.65939492 0.92529184
vt 0.67869514 0.89996636
vt 0.69947535 0.99553287
vt 0.70332241 0.90985888
vt 0.6793884 0.88810575
vt 0.71051341 0.99472094
vt 0.71581268 0.89723146
vt 0.6992532 0.88832283
vt 0.68663323 0.86864275
vt 0.68895626 0.91977191
vt 0.70975697 0.87054598
vt 0.69919682 0.91347915
vt 0.5080117 0.8401835
vt 0.50699544 0.82794774
vt 0.52849436 0.83883673
vt 0.52857018 0.84896779
vt 0.50306737 0.8349939
vt 0.52327538 0.82797486
vt 0.54014623 0.84675574
vt 0.51773226 0.85689282
vt 0.50302625 0.83533156
vt 0.5522629 0.8427301
vt 0.55518216 0.85532731
vt 0.54072076 0.86795241
vt 0.50415856 0.84640026
vt 0.50496364 0.84209841
vt 0.54832685 0.8272332
vt 0.52773392 0.8677597
vt 0.50983304 0.86270869
vt 0.53548229 0.80713272
vt 0.56303352 0.84232718
vt 0.56297654 0.86413306
vt 0.52284163 0.87724334
vt 0.51217097 0.86969161
vt 0.55765808 0.81420952
vt 0.57784206 0.84434795
vt 0.56816059 0.87650698
vt 0.53680199 0.88084006
vt 0.51773894 0.87621754
vt 0.50904912 0.87809658
vt 0.54366374 0.88336295
vt 0.57128602 0.86630642
vt 0.52970397 0.89432079
vt 0.51671916 0.89471442
vt 0.55005592 0.89836621
vt 0.58684421 0.8726356
vt 0.51046038 0.89240718
vt 0.56435215 0.88554555
vt 0.5306834 0.91051286
vt 0.51366967 0.89890224
vt 0.56002504 0.91573429
vt 0.521873 0.91505295
vt 0.54581439 0.91962123
vt 0.52539086 0.93028569
vt 0.51038814 0.91764855
vt 0.54648852 0.93198431
vt 0.53860515 0.93289614
vt 0.51814157 0.92588896
vt 0.51041645 0.92656624
vt 0.685426 0.83437741
vt 0.68235666 0.84476423
vt 0.6800487 0.81778634
vt 0.69332653 0.82990885
vt 0.69397515 0.84322095
vt 0.66895372 0.84364605
vt 0.68877435 0.81469786
vt 0.69391322 0.85402763
vt 0.65704632 0.8609122
vt 0.66288501 0.82957655
vt 0.68681651 0.86311185
vt 0.64857405 0.8550753
vt 0.66933423 0.86928952
vt 0.65450674 0.82047141
vt 0.66084266 0.84102523
vt 0.6496554 0.8673864
vt 0.65197718 0.83183664
vt 0.68077844 0.8728779
vt 0.63849765 0.86980557
vt 0.64844441 0.84833455
vt 0.65534961 0.87516129
vt 0.66698116 0.88118029
vt 0.63666517 0.87953037
vt 0.64809585 0.88818222
vt 0.65522194 0.89470834
vt 0.63969767 0.8919481
vt 0.66123563 0.89129823
vt 0.62973773 0.89587063
vt 0.64363521 0.90122193
vt 0.63370103 0.91076577
vt 0.65740472 0.9013567
vt 0.65992343 0.9111619
vt 0.64127153 0.91633666
vt 0.64021158 0.93275946
vt 0.64885914 0.92258716
vt 0.8417449 0.88907969
vt 0.86112636 0.88283354
vt 0.86343938 0.90173757
vt 0.84665918 0.91015816
vt 0.85985708 0.92381626
vt 0.82254308 0.9012022
vt 0.85194504 0.93003082
vt 0.86984324 0.91915482
vt 0.81558299 0.92845255
vt 0.84741402 0.94071978
vt 0.85246074 0.9462682
vt 0.83351934 0.9493562
vt 0.85825342 0.9302637
vt 0.85274202 0.96397769
vt 0.86060244 0.94412005
vt 0.86356437 0.96590918
vt 0.86383218 0.97807431
vt 0.87684882 0.96304941
vt 0.87580645 0.9319042
vt 0.87995678 0.98666
vt 0.88276976 0.95248795
vt 0.88836884 0.98079276
vt 0.9005729 0.97501457
vt 0.89705116 0.9535265
vt 0.90045613 0.98552895
vt 0.91805625 0.97367358
vt 0.88679814 0.94970775
vt 0.91183209 0.98895639
vt 0.91877323 0.96238488
vt 0.89258152 0.93494833
vt 0.9073444 0.99528974
vt 0.92497444 0.99260974
vt 0.92998391 0.97601688
vt 0.91036111 0.94983941
vt 0.90808475 0.9227336
vt 0.88769561 0.9333992
vt 0.93226773 0.96054828
vt 0.92319053 0.92659616
vt 0.88263738 0.9440881
vt 0.92738491 0.95463789
vt 0.91511595 0.95564115
vt 0.92106378 0.94524342
vt 0.78639811 0.90443188
vt 0.79599309 0.91977733
vt 0.78390086 0.93423218
vt 0.7764647 0.92197418
vt 0.80007291 0.90618223
vt 0.77149647 0.91548353
vt 0.8052662 0.90157133
vt 0.75981128 0.89879119
vt 0.7807861 0.88633645
vt 0.76037908 0.90843916
vt 0.77035594 0.89366293
vt 0.78938323 0.8591224
vt 0.75376737 0.90311468
vt 0.75912958 0.88559175
vt 0.76571673 0.88229948
vt 0.81373513 0.88384295
vt 0.77084327 0.87117827
vt 0.80053347 0.84148091
vt 0.8217724 0.84008312
vt 0.80429351 0.8309114
vt 0.82509136 0.8693732
vt 0.82873124 0.82183886
vt 0.83293182 0.84884971
vt 0.83554447 0.83985269
vt 0.8359248 0.86243886
vt 0.83812535 0.82238126
vt 0.8326773 0.77914095
vt 0.83056754 0.79721528
vt 0.81968528 0.77798218
vt 0.85175067 0.77263242
vt 0.81645697 0.78986597
vt 0.87548387 0.80762309
vt 0.86177278 0.82597113
vt 0.88916332 0.77889049
vt 0.89538586 0.8145861
vt 0.89160848 0.78899646
vt 0.87742305 0.8472321
vt 0.90765446 0.80812109
vt 0.90469348 0.78014809
vt 0.91835618 0.84011483
vt 0.85563922 0.84878939
vt 0.90895683 0.8270393
vt 0.89889175 0.85608745
vt 0.86498529 0.86538363
vt 0.92114246 0.81610835
vt 0.91518587 0.790604
vt 0.88047951 0.86456627
vt 0.91982144 0.80721015
vt 0.9256168 0.78389686
vt 0.89329964 0.87021375
vt 0.59365249 0.70875859
vt 0.5875259 0.71560222
vt 0.58281851 0.70499861
vt 0.5937584 0.70391256
vt 0.60209084 0.7165904
vt 0.57992399 0.71486211
vt 0.58667856 0.73042387
vt 0.56990302 0.72101188
vt 0.60476756 0.73094541
vt 0.5795269 0.7304827
vt 0.59622878 0.73860896
vt 0.58587241 0.75175083
vt 0.56859916 0.72886825
vt 0.60496157 0.74429107
vt 0.56792861 0.73807144
vt 0.56254971 0.72022605
vt 0.5993337 0.75817043
vt 0.56817758 0.74389446
vt 0.5609467 0.72919017
vt 0.59901524 0.76907289
vt 0.61162156 0.75452125
vt 0.57075131 0.75621867
vt 0.54616994 0.7454927
vt 0.55508429 0.72173822
vt 0.59222555 0.76253182
vt 0.60916466 0.76607978
vt 0.57846022 0.76821154
vt 0.56196725 0.75567555
vt 0.56388015 0.77388251
vt 0.5381496 0.75219399
vt 0.5927316 0.77869564
vt 0.54589766 0.76862723
vt 0.53213966 0.74336123
vt 0.57954216 0.78778839
vt 0.54811126 0.77035618
vt 0.53351212 0.76831728
vt 0.52256346 0.75188565
vt 0.54432058 0.77813137
vt 0.54483908 0.77235192
vt 0.52157974 0.76155674
vt 0.52074093 0.73959601
vt 0.55462301 0.78570211
vt 0.5316813 0.77701867
vt 0.51124334 0.75533903
vt 0.50950557 0.76780796
vt 0.5446589 0.7934823
vt 0.5194574 0.7826705
vt 0.54552454 0.77428991
vt 0.52263784 0.79337358
vt 0.50447178 0.78326136
vt 0.5391165 0.79465604
vt 0.51595038 0.79776442
vt 0.51294321 0.78856909
vt 0.53276235 0.80942214
vt 0.4922758 0.97454286
vt 0.48615742 0.97848988
vt 0.47443196 0.9638238
vt 0.48321047 0.96077657
vt 0.49418613 0.99638003
vt 0.4636991 0.98638356
vt 0.47434539 0.93802071
vt 0.50253785 0.95677853
vt 0.50697887 0.9824509
vt 0.46425179 0.97720331
vt 0.45867071 0.94311422
vt 0.48872617 0.93967211
vt 0.45837182 0.9601087
vt 0.46038884 0.93153816
vt 0.48904943 0.93371338
vt 0.52336943 0.97190112
vt 0.45418361 0.94784045
vt 0.46992984 0.91860777
vt 0.44603834 0.94809312
vt 0.48931512 0.92477429
vt 0.52154696 0.9793967
vt 0.45146027 0.96490347
vt 0.46628577 0.90676558
vt 0.48152691 0.91394854
vt 0.44222358 0.9568429
vt 0.48251086 0.89422899
vt 0.49046159 0.90531075
vt 0.45040482 0.94506574
vt 0.69143492 0.81432343
vt 0.69971764 0.80583334
vt 0.71446598 0.8198815
vt 0.70121229 0.82863981
vt 0.72378689 0.79611826
vt 0.70833206 0.7902509
vt 0.74943811 0.81964958
vt 0.73627591 0.84726322
vt 0.74111164 0.78325135
vt 0.77676868 0.83278018
vt 0.71879411 0.84502888
vt 0.76733088 0.80305701
vt 0.74680781 0.87047416
vt 0.70133001 0.83352929
vt 0.77280498 0.78898674
vt 0.78158957 0.81137884
vt 0.76737976 0.86663777
vt 0.78917211 0.82825261
vt 0.77854532 0.79592741
vt 0.78663605 0.84631324
vt 0.77912629 0.8562637
vt 0.66783297 0.74913859
vt 0.66093713 0.74783623
vt 0.66120178 0.73542762
vt 0.68021506 0.74155694
vt 0.66633797 0.76775622
vt 0.63912648 0.75402385
vt 0.66423416 0.72559631
vt 0.69150537 0.77097815
vt 0.67620468 0.76757896
vt 0.64808226 0.72669327
vt 0.68348074 0.72344261
vt 0.69014478 0.73670304
vt 0.66267222 0.7787599
vt 0.64636219 0.78191662
vt 0.68079108 0.71695977
vt 0.65714693 0.71670365
vt 0.685148 0.77660447
vt 0.68087101 0.78008282
vt 0.62931985 0.77237105
vt 0.6433683 0.71370864
vt 0.66870224 0.7922045
vt 0.65022022 0.79356492
vt 0.635333 0.78112769
vt 0.67431867 0.80104709
vt 0.63622713 0.794442
vt 0.68605584 0.7920931
vt 0.6486783 0.80882639
vt 0.63836598 0.80199099
vt 0.79285401 0.78409469
vt 0.79462963 0.77457178
vt 0.80146843 0.78181827
vt 0.80085641 0.79736567
vt 0.80700541 0.7766192
vt 0.79054314 0.79188377
vt 0.80746144 0.7900309
vt 0.80348301 0.76346385
vt 0.78376627 0.79648072
vt 0.79009372 0.7657786
vt 0.78496057 0.80807
vt 0.78768516 0.78350931
vt 0.77679372 0.78052396
vt 0.77463126 0.76302123
vt 0.77738571 0.75187647
vt 0.76665097 0.77752435
vt 0.75455344 0.75962609
vt 0.78062546 0.74659228
vt 0.76722711 0.78626597
vt 0.76514739 0.73152471
vt 0.79311901 0.75698954
vt 0.78349149 0.73033917
vt 0.79032272 0.74254566
vt 0.80218983 0.7568289
vt 0.77458197 0.71543264
vt 0.78659672 0.72075462
vt 0.81590682 0.75345832
vt 0.78106201 0.71251774
vt 0.79914391 0.72856432
vt 0.80569035 0.73694026
vt 0.80986631 0.76418018
vt 0.77142006 0.67363292
vt 0.78170586 0.66851628
vt 0.7722761 0.68083191
vt 0.76117396 0.68647814
vt 0.77019739 0.70510757
vt 0.74791992 0.6810351
vt 0.7597397 0.71098626
vt 0.7488609 0.66796136
vt 0.74148005 0.70475268
vt 0.76380998 0.72305429
vt 0.74217373 0.66256785
vt 0.73548067 0.6859293
vt 0.74083453 0.65211546
vt 0.73206413 0.73303342
vt 0.72839451 0.69994712
vt 0.75612271 0.65709311
vt 0.72680259 0.67934555
vt 0.69721568 0.70999134
vt 0.70816714 0.73095012
vt 0.7291438 0.67392075
vt 0.69291407 0.72751713
vt 0.72257161 0.74693382
vt 0.71358198 0.68829775
vt 0.7001158 0.67000806
vt 0.69707322 0.69298565
vt 0.69098127 0.7031675
vt 0.6041438 0.92392075
vt 0.61048067 0.93592936
vt 0.60339451 0.94994712
vt 0.98291355 0.89088601
vt 0.98671013 0.90198553
vt 0.97748166 0.90291756
vt 0.97212327 0.87191224
vt 0.99799627 0.92987502
vt 0.95045418 0.88523257
vt 0.97589749 0.92768657
vt 0.95428157 0.8991282
vt 0.94876802 0.87901777
vt 0.98776489 0.93697381
vt 0.94155735 0.89071357
vt 0.98443943 0.95092136
vt 0.94874185 0.92487019
vt 0.968799 0.9487446
vt 0.97712851 0.96127176
vt 0.94668436 0.95761102
vt 0.96356851 0.96445686
vt 0.63008589 0.7887668
vt 0.61651611 0.78878403
vt 0.60198122 0.78173578
vt 0.62067509 0.80417305
vt 0.60696769 0.8013314
vt 0.63207966 0.80703354
vt 0.59914297 0.79875058
vt 0.6078167 0.81807232
vt 0.63699186 0.82304174
vt 0.59906906 0.78387284
vt 0.62165082 0.83157212
vt 0.63915479 0.84273791
vt 0.60395145 0.83782774
vt 0.6283561 0.85560405
vt 0.6005708 0.81587702
vt 0.6088599 0.84714454
vt 0.63797283 0.87017703
vt 0.61725742 0.85259253
vt 0.60037601 0.81817663
vt 0.63013041 0.86982173
vt 0.59845793 0.83648586
vt 0.62278259 0.86299878
vt 0.8656128 0.70416796
vt 0.85285866 0.70292461
vt 0.86122358 0.69657403
vt 0.87691611 0.69100296
vt 0.84840286 0.72191608
vt 0.84461558 0.69338512
vt 0.87992382 0.70617199
vt 0.84970558 0.6789391
vt 0.86026704 0.71967065
vt 0.83344942 0.70482981
vt 0.86869299 0.72399938
vt 0.87187666 0.67416215
vt 0.86329097 0.74242526
vt 0.83398527 0.72369456
vt 0.83937889 0.68312824
vt 0.88267887 0.72394609
vt 0.86395091 0.66283751
vt 0.88574827 0.68597901
vt 0.84884357 0.74582565
vt 0.81852829 0.70383644
vt 0.84207767 0.6677351
vt 0.88912624 0.71602583
vt 0.88047749 0.73687124
vt 0.81607491 0.71175778
vt 0.88989562 0.73260689
vt 0.8442027 0.6565671
vt 0.54996616 0.66826856
vt 0.56086451 0.65572083
vt 0.56314254 0.66771638
vt 0.54266846 0.66150194
vt 0.53887397 0.66889113
vt 0.54751223 0.6542387
vt 0.532565 0.64895272
vt 0.54677612 0.67699718
vt 0.54805064 0.64360452
vt 0.52355784 0.66297811
vt 0.53344578 0.6773538
vt 0.56248552 0.64412415
vt 0.52186197 0.64303648
vt 0.54405183 0.62942421
vt 0.55698127 0.63805234
vt 0.5214144 0.68381143
vt 0.5096547 0.6622268
vt 0.50416052 0.66508329
vt 0.53488082 0.61213136
vt 0.55737263 0.62830526
vt 0.51003897 0.68119758
vt 0.50408626 0.65926433
vt 0.50566232 0.66815126
vt 0.50444478 0.63011396
vt 0.55442941 0.61478341
vt 0.50795627 0.61717069
vt 0.54534566 0.60015321
vt 0.50915724 0.68040586
vt 0.50902033 0.6119312
vt 0.53102911 0.60089588
vt 0.55372083 0.59616542
vt 0.50951409 0.6815958
vt 0.50954771 0.61168313
vt 0.91422552 0.6821835
vt 0.91874564 0.67178512
vt 0.93279999 0.67916441
vt 0.92676407 0.69398892
vt 0.90004176 0.6779117
vt 0.93866998 0.69001693
vt 0.91119975 0.69102681
vt 0.90595084 0.66156131
vt 0.93567342 0.7057724
vt 0.90751117 0.70201683
vt 0.89701068 0.6671325
vt 0.89284688 0.68914187
vt 0.89483231 0.69875777
vt 0.89086699 0.67814261
vt 0.89271808 0.65793508
vt 0.89146525 0.70535421
vt 0.88756663 0.66644764
vt 0.90477782 0.71283734
vt 0.87865698 0.67594326
vt 0.91538221 0.7077117
vt 0.88963759 0.71472752
vt 0.91703039 0.72154081
vt 0.89957803 0.72174096
vt 0.92975724 0.71976942
vt 0.91313905 0.73431158
vt 0.89727503 0.74214852
vt 0.92741597 0.73445839
vt 0.92922443 0.70643181
vt 0.93569058 0.72759497
vt 0.94346076 0.71138829
vt 0.92156845 0.74105597
vt 0.90314883 0.74474883
vt 0.93486315 0.73911333
vt 0.91625619 0.74272239
vt 0.90013278 0.74593401
vt 0.90319794 0.74478477
vt 0.94428474 0.72582215
vt 0.93738002 0.73611522
vt 0.9117682 0.74678618
vt 0.90315264 0.74476469
vt 0.94159657 0.73292524
vt 0.60041225 0.6473214
vt 0.5918023 0.66430068
vt 0.58370495 0.65264547
vt 0.59766924 0.63574338
vt 0.60434324 0.66298878
vt 0.57525086 0.67264676
vt 0.58302337 0.63120359
vt 0.61115086 0.64758039
vt 0.61808574 0.65485847
vt 0.57738721 0.65212667
vt 0.58034337 0.68425679
vt 0.60799223 0.63021207
vt 0.61975592 0.66591501
vt 0.5673824 0.67625237
vt 0.62167746 0.61196232
vt 0.61586893 0.63486916
vt 0.62209249 0.64416957
vt 0.6250037 0.62689626
vt 0.63484108 0.6717537
vt 0.64232415 0.63144934
vt 0.63553846 0.64819205
vt 0.65407598 0.62845761
vt 0.64845073 0.65229249
vt 0.65081257 0.66700858
vt 0.74915308 0.98164606
vt 0.74233675 0.99024874
vt 0.73717725 0.9845823
vt 0.72704178 0.96945643
vt 0.73264402 0.99556118
vt 0.741009 0.95634162
vt 0.7224617 0.98350251
vt 0.73440093 0.94755894
vt 0.75111377 0.95537293
vt 0.75351781 0.9298591
vt 0.76199526 0.98484248
vt 0.7243405 0.9362936
vt 0.76373428 0.95316637
vt 0.76257664 0.97026747
vt 0.73361874 0.92285573
vt 0.75557923 0.91074002
vt 0.77076471 0.97327626
vt 0.74048746 0.91361821
vt 0.72586966 0.91254675
vt 0.7539584 0.90801352
vt 0.78391892 0.6401754
vt 0.7849437 0.61156493
vt 0.79726273 0.62893069
vt 0.76463115 0.6364243
vt 0.78869587 0.60027319
vt 0.76654136 0.61709857
vt 0.77465886 0.60923576
vt 0.80155104 0.6066944
vt 0.75366467 0.63874781
vt 0.80557883 0.59784329
vt 0.80945414 0.6214866
vt 0.76375479 0.65110302
vt 0.82604182 0.6337961
vt 0.78680718 0.64141685
vt 0.79329145 0.66249776
vt 0.77705789 0.64895165
vt 0.81886727 0.64692545
vt 0.83179015 0.65315872
vt 0.821796 0.66491461
vt 0.83619696 0.67479986
vt 0.81398994 0.66310465
vt 0.82966501 0.68324792
vt 0.80357444 0.65442008
vt 0.81263024 0.6773423
vt 0.95356995 0.81010908
vt 0.94123739 0.81269503
vt 0.94571912 0.79859501
vt 0.95128691 0.79392946
vt 0.96318173 0.80351049
vt 0.94824153 0.78104484
vt 0.96078354 0.78815079
vt 0.96180004 0.81551701
vt 0.97669148 0.80783409
vt 0.96320879 0.77197003
vt 0.97278553 0.81873405
vt 0.96171314 0.75514638
vt 0.9813115 0.81428862
vt 0.95846474 0.82736063
vt 0.94990969 0.75467265
vt 0.98276579 0.80925757
vt 0.9773894 0.82157308
vt 0.97207284 0.83130556
vt 0.98197109 0.81700778
vt 0.97934335 0.82618183
vt 0.96911931 0.83975744
vt 0.97818279 0.8310234
vt 0.9774273 0.83816457
vt 0.97984594 0.83517259
vt 0.58862787 0.54557866
vt 0.60966825 0.55136108
vt 0.58664674 0.55116302
vt 0.63687605 0.54385877
vt 0.59134579 0.58015347
vt 0.63890135 0.55465609
vt 0.64243817 0.58593225
vt 0.57920331 0.56654382
vt 0.61393225 0.60454035
vt 0.56736845 0.58135861
vt 0.65139431 0.5836513
vt 0.60226125 0.60646915
vt 0.56773013 0.60623395
vt 0.585536 0.61079037
vt 0.57264721 0.62033451
vt 0.73063469 0.58212024
vt 0.73779595 0.59851801
vt 0.71973914 0.58301502
vt 0.72057718 0.57188225
vt 0.73951685 0.575773
vt 0.72617567 0.600981
vt 0.7257846 0.57121676
vt 0.70870727 0.57335007
vt 0.75189155 0.60160881
vt 0.73702061 0.60688639
vt 0.71421158 0.60056639
vt 0.75927991 0.58826947
vt 0.74974018 0.61659634
vt 0.72591347 0.61993265
vt 0.70333838 0.59720039
vt 0.75930977 0.56500065
vt 0.76040888 0.60967267
vt 0.69942433 0.58025682
vt 0.76959556 0.57011729
vt 0.74723965 0.56476831
vt 0.73377609 0.62203109
vt 0.6907689 0.59106696
vt 0.73427474 0.56104946
vt 0.7540499 0.55386484
vt 0.69425184 0.60314178
vt 0.74224466 0.55512083
vt 0.75460613 0.54361558
vt 0.74088383 0.54161471
vt 0.76496524 0.53465325
vt 0.84775007 0.55915374
vt 0.84443963 0.5644449
vt 0.83844268 0.55686289
vt 0.84873557 0.54704678
vt 0.82936358 0.54331005
vt 0.86638409 0.56908005
vt 0.83973885 0.53550816
vt 0.85896474 0.57263565
vt 0.86708552 0.54637671
vt 0.87971449 0.586191
vt 0.84829688 0.56977129
vt 0.8640132 0.58592522
vt 0.88032252 0.57434332
vt 0.84044856 0.58449703
vt 0.87146121 0.59269488
vt 0.85287398 0.58145893
vt 0.89520717 0.57938153
vt 0.88206846 0.59245729
vt 0.86084121 0.59814614
vt 0.85349667 0.58967817
vt 0.89626002 0.58720791
vt 0.83618802 0.59512091
vt 0.88234657 0.6052351
vt 0.8714655 0.60054839
vt 0.81723946 0.5919385
vt 0.8937968 0.60093057
vt 0.90130788 0.59564978
vt 0.86692095 0.61078221
vt 0.84265381 0.5998745
vt 0.82878286 0.60436499
vt 0.83982927 0.61206055
vt 0.81807828 0.61060393
vt 0.86192626 0.61942673
vt 0.85247141 0.62134469
vt 0.92999929 0.64357972
vt 0.93081319 0.65214986
vt 0.92333454 0.6531812
vt 0.9217183 0.63813221
vt 0.9357003 0.64615905
vt 0.94410086 0.62729681
vt 0.9508431 0.63342869
vt 0.92443472 0.6250968
vt 0.95420521 0.60966766
vt 0.9096179 0.64366615
vt 0.9630059 0.63735127
vt 0.94586086 0.59815371
vt 0.96453106 0.62481624
vt 0.8938334 0.64524573
vt 0.92558813 0.60101843
vt 0.90264285 0.62967211
vt 0.90942436 0.60500675
vt 0.8925575 0.62853968
vt 0.89649945 0.60788429
vt 0.88385504 0.60760307
vt 0.87899673 0.61667502
vt 0.8868283 0.63433319
vt 0.54084057 0.49316198
vt 0.54180747 0.5059669
vt 0.52890933 0.50128192
vt 0.5475294 0.49825644
vt 0.52466494 0.51184916
vt 0.55677545 0.51936197
vt 0.55619419 0.49075848
vt 0.53842735 0.52358258
vt 0.54901516 0.51691359
vt 0.5532999 0.47421765
vt 0.52530855 0.52556133
vt 0.56243563 0.52805954
vt 0.53635132 0.53611755
vt 0.51711565 0.54078197
vt 0.50709778 0.51383424
vt 0.55470562 0.55411583
vt 0.53068477 0.55537856
vt 0.5030145 0.54082191
vt 0.54777372 0.55764723
vt 0.51418144 0.55122519
vt 0.95565122 0.68684715
vt 0.94576132 0.68019605
vt 0.95410562 0.679133
vt 0.95413131 0.69109583
vt 0.94608933 0.66205388
vt 0.95644093 0.69251978
vt 0.94183356 0.68594706
vt 0.94809735 0.66469949
vt 0.94309139 0.70630765
vt 0.94135761 0.69980794
vt 0.94717878 0.66232371
vt 0.9564572 0.70405442
vt 0.94710732 0.66127294
vt 0.95794761 0.71145618
vt 0.9477495 0.71909308
vt 0.95792532 0.71575511
vt 0.96345949 0.72845423
vt 0.9638896 0.72947931
vt 0.95321202 0.73537976
vt 0.95905125 0.74450612
vt 0.96427423 0.72990543
vt 0.96777254 0.7390998
vt 0.96983933 0.73737693
vt 0.96177834 0.74633247
vt 0.96985948 0.73736012
vt 0.96581227 0.73106027
vt 0.97191781 0.73570657
vt 0.63678449 0.53769124
vt 0.64833879 0.53770864
vt 0.64214444 0.54617131
vt 0.65877402 0.52629006
vt 0.64308667 0.55666029
vt 0.65995508 0.54782164
vt 0.65451705 0.51910758
vt 0.67796916 0.53773904
vt 0.63357109 0.51979113
vt 0.67779666 0.51471233
vt 0.65611255 0.55763674
vt 0.66661811 0.55874926
vt 0.6384455 0.50981873
vt 0.65990585 0.50895232
vt 0.6899724 0.52313644
vt 0.6282059 0.50946724
vt 0.67838162 0.50175554
vt 0.69776082 0.53652442
vt 0.69329959 0.51517612
vt 0.64421988 0.50152105
vt 0.66468346 0.49226868
vt 0.70090866 0.52872801
vt 0.70895755 0.52237195
vt 0.64686704 0.48098826
vt 0.63588655 0.48445547
vt 0.63120407 0.4766472
vt 0.6826539 0.62560701
vt 0.68395734 0.61200547
vt 0.69670671 0.63158405
vt 0.68172199 0.64278883
vt 0.67206883 0.62483799
vt 0.69904572 0.62080932
vt 0.69764811 0.64199114
vt 0.66617471 0.62454426
vt 0.69060099 0.60288697
vt 0.68662447 0.65239525
vt 0.71255922 0.63482577
vt 0.66049993 0.64710224
vt 0.66307157 0.60662162
vt 0.68164575 0.60283613
vt 0.69785553 0.65273225
vt 0.67563456 0.65628439
vt 0.71270823 0.64767265
vt 0.70564711 0.65703845
vt 0.69079459 0.65756798
vt 0.67000788 0.66381586
vt 0.71534199 0.65605736
vt 0.70126545 0.6658591
vt 0.67911738 0.67284757
vt 0.66252118 0.6753428
vt 0.68765861 0.68062514
vt 0.69365227 0.68270278
vt 0.28575835 0.79205042
vt 0.27260837 0.79859793
vt 0.27246514 0.78754592
vt 0.284444 0.774351
vt 0.27651897 0.80786026
vt 0.26418951 0.80292696
vt 0.29630905 0.78334659
vt 0.27189925 0.77806389
vt 0.26584771 0.78876084
vt 0.28407314 0.76128048
vt 0.25757694 0.79252148
vt 0.29538029 0.76829386
vt 0.25996456 0.78399986
vt 0.26849827 0.74902529
vt 0.25333884 0.80519795
vt 0.28945905 0.74448711
vt 0.30560502 0.76533598
vt 0.27502623 0.73483217
vt 0.3067188 0.74298614
vt 0.28247285 0.73089802
vt 0.27042928 0.72848421
vt 0.29820791 0.73055375
vt 0.31400195 0.73150456
vt 0.88371652 0.52297139
vt 0.88887024 0.51648676
vt 0.88904208 0.54233062
vt 0.88562781 0.51068985
vt 0.89305359 0.52961874
vt 0.88623738 0.50813252
vt 0.90992516 0.52517819
vt 0.90766937 0.53839022
vt 0.88917822 0.4974218
vt 0.9064123 0.51726961
vt 0.89684248 0.54782087
vt 0.89884275 0.50646996
vt 0.87894702 0.49662566
vt 0.92067957 0.51824248
vt 0.92368609 0.52894968
vt 0.9185186 0.55756074
vt 0.89585555 0.49600685
vt 0.88335752 0.49196684
vt 0.91183549 0.5053581
vt 0.92070138 0.53941607
vt 0.90205449 0.55865121
vt 0.92890048 0.5125367
vt 0.93587404 0.5516907
vt 0.8905924 0.49193603
vt 0.93283099 0.52204353
vt 0.92142534 0.5013299
vt 0.94075209 0.54389691
vt 0.92795306 0.55903339
vt 0.94348735 0.51856381
vt 0.9366194 0.49706817
vt 0.94464481 0.55412167
vt 0.94353688 0.51890713
vt 0.94353718 0.51742852
vt 0.94410586 0.53908896
vt 0.93756974 0.48100436
vt 0.94427389 0.55046654
vt 0.94434351 0.53107798
vt 0.94364083 0.54276335
vt 0.94371074 0.49720544
vt 0.94524717 0.48738152
vt 0.94374752 0.54502892
vt 0.94388294 0.54367363
vt 0.94558185 0.48265922
vt 0.98110723 0.51587641
vt 0.99800467 0.52900267
vt 0.9828037 0.53213727
vt 0.97423917 0.52569366
vt 0.98756611 0.51463681
vt 0.99473298 0.54534268
vt 0.97261703 0.53473914
vt 0.98501474 0.54724073
vt 0.97602421 0.54012477
vt 0.99027014 0.55346537
vt 0.98593974 0.56126714
vt 0.97141826 0.54704189
vt 0.97937232 0.56120259
vt 0.9604286 0.55971009
vt 0.97016037 0.57099199
vt 0.97987789 0.56815922
vt 0.95688868 0.57124174
vt 0.98606229 0.56548846
vt 0.97999609 0.57565475
vt 0.96463543 0.58175457
vt 0.97089463 0.58359611
vt 0.95186168 0.589728
vt 0.98720384 0.57753652
vt 0.98099935 0.58796787
vt 0.95044237 0.57173222
vt 0.94232392 0.58394253
vt 0.059971161 0.42238289
vt 0.06966456 0.42513764
vt 0.071761973 0.44320327
vt 0.060465883 0.43333197
vt 0.062528878 0.44209725
vt 0.047835406 0.42878217
vt 0.038245205 0.44966298
vt 0.051672034 0.42250127
vt 0.057761859 0.47137916
vt 0.043242827 0.42044234
vt 0.040710293 0.46338606
vt 0.031797409 0.42886043
vt 0.045062043 0.47218853
vt 0.025324676 0.4606629
vt 0.027487999 0.43981028
vt 0.025837747 0.42176676
vt 0.020711133 0.46564764
vt 0.0094427774 0.45396054
vt 0.025322314 0.47726184
vt 0.027066888 0.49243391
vt 0.015193454 0.47786653
vt 0.00643927 0.47838414
vt 0.0046901461 0.4965623
vt 0.81618071 0.57591736
vt 0.80327702 0.58753991
vt 0.81286246 0.56872666
vt 0.82107526 0.56243885
vt 0.79822332 0.56905639
vt 0.81921053 0.55243254
vt 0.78738052 0.57748926
vt 0.78851712 0.58942986
vt 0.78989357 0.56171715
vt 0.80222481 0.55440521
vt 0.80888456 0.54874253
vt 0.78588116 0.55732274
vt 0.79661125 0.54552209
vt 0.81709266 0.54439867
vt 0.8305546 0.54536843
vt 0.7930513 0.53344595
vt 0.81853086 0.52724832
vt 0.82575965 0.53671449
vt 0.80664736 0.52679813
vt 0.79541272 0.52216971
vt 0.83962655 0.52654052
vt 0.807329 0.51877666
vt 0.79289412 0.51355666
vt 0.80831099 0.51276159
vt 0.56784022 0.47758502
vt 0.585302 0.47897482
vt 0.57982981 0.48619694
vt 0.56937385 0.48813903
vt 0.57539362 0.46557403
vt 0.58026171 0.49103832
vt 0.58740282 0.47035539
vt 0.57403994 0.49584866
vt 0.57448643 0.45212829
vt 0.59285372 0.48642319
vt 0.56678987 0.49867082
vt 0.5812695 0.45558959
vt 0.60314244 0.47783178
vt 0.56902874 0.5099628
vt 0.60067534 0.46438724
vt 0.60822082 0.47191232
vt 0.60825628 0.48399937
vt 0.58088827 0.50218219
vt 0.60780776 0.45494443
vt 0.60646945 0.48902828
vt 0.59752899 0.49407345
vt 0.57718343 0.51113886
vt 0.61278147 0.48375112
vt 0.60342765 0.50703549
vt 0.59256768 0.50291693
vt 0.58662736 0.50881034
vt 0.58256859 0.49372441
vt 0.5882051 0.52263045
vt 0.62113374 0.46874386
vt 0.62282377 0.46103895
vt 0.59746563 0.51468116
vt 0.59899056 0.52657503
vt 0.15996563 0.98343116
vt 0.15506771 0.97166699
vt 0.16668543 0.9726609
vt 0.77299178 0.49552751
vt 0.77422523 0.50249493
vt 0.75359893 0.50136662
vt 0.7631973 0.49204314
vt 0.76289302 0.51263833
vt 0.7497896 0.48583519
vt 0.76995844 0.48362362
vt 0.75552493 0.51619518
vt 0.74442577 0.49806714
vt 0.78021342 0.47596627
vt 0.74482632 0.50727284
vt 0.73954362 0.48243916
vt 0.75316888 0.46834296
vt 0.77289206 0.46793741
vt 0.75638169 0.52550018
vt 0.73606944 0.50899822
vt 0.72285444 0.48821491
vt 0.74045193 0.4710567
vt 0.74005049 0.52325791
vt 0.73142523 0.49634212
vt 0.72734153 0.47735721
vt 0.75250405 0.46301222
vt 0.72563195 0.52637661
vt 0.72402799 0.47024792
vt 0.73609596 0.46467143
vt 0.74637389 0.45146829
vt 0.73282468 0.45320821
vt 0.052620802 0.6571672
vt 0.056810874 0.66977072
vt 0.041845318 0.66838002
vt 0.039896682 0.65526056
vt 0.06676133 0.66256434
vt 0.046533111 0.68380368
vt 0.034262955 0.66587496
vt 0.079626344 0.65013367
vt 0.060834393 0.67122078
vt 0.086817354 0.65429729
vt 0.072785363 0.67132777
vt 0.096117467 0.65381938
vt 0.079880573 0.67062771
vt 0.084256537 0.63500631
vt 0.093900032 0.66314983
vt 0.079386614 0.67596161
vt 0.10827106 0.66286272
vt 0.10972603 0.65594333
vt 0.14781377 0.4257803
vt 0.14127988 0.43940896
vt 0.12813526 0.44377822
vt 0.15028504 0.44007009
vt 0.13573174 0.45156962
vt 0.16423045 0.42953289
vt 0.14942497 0.44948018
vt 0.1623764 0.4433738
vt 0.15576307 0.45397002
vt 0.14340137 0.46310383
vt 0.1778914 0.43935335
vt 0.13247596 0.46454674
vt 0.15548587 0.46155971
vt 0.1703708 0.44815308
vt 0.15496282 0.47022873
vt 0.17634138 0.45622927
vt 0.16735552 0.45959705
vt 0.14621052 0.4792996
vt 0.19408622 0.446051
vt 0.16266245 0.47950584
vt 0.17490272 0.46900308
vt 0.18300067 0.46482664
vt 0.14156257 0.48911268
vt 0.16553664 0.49179786
vt 0.15831338 0.49593037
vt 0.19741936 0.48589993
vt 0.19301116 0.47692829
vt 0.19403623 0.47459453
vt 0.20477581 0.46908492
vt 0.19154526 0.48287624
vt 0.19267508 0.47413611
vt 0.21229583 0.47565734
vt 0.19317266 0.4716537
vt 0.19061384 0.47863132
vt 0.20527086 0.49594831
vt 0.19051166 0.46373886
vt 0.22581893 0.48665273
vt 0.20275854 0.45308691
vt 0.22699881 0.47128028
vt 0.22010437 0.49269754
vt 0.19450383 0.45790911
vt 0.25291395 0.46528655
vt 0.21468961 0.46805453
vt 0.19415796 0.44037837
vt 0.23305854 0.46218723
vt 0.20360832 0.46856415
vt 0.20354821 0.44235766
vt 0.19247881 0.44943613
vt 0.25120845 0.45240116
vt 0.22917742 0.45826727
vt 0.21514131 0.45024699
vt 0.26154673 0.46208149
vt 0.23811266 0.44937283
vt 0.21772553 0.44117773
vt 0.23121883 0.44238484
vt 0.35486591 0.48330575
vt 0.34388787 0.48606628
vt 0.35310835 0.46835929
vt 0.37498072 0.47247738
vt 0.33867639 0.4748981
vt 0.36943132 0.49397057
vt 0.3663263 0.45876634
vt 0.33289173 0.4653874
vt 0.35594946 0.4970488
vt 0.38246351 0.45918304
vt 0.36370295 0.43806899
vt 0.34924617 0.45778763
vt 0.37888405 0.44740087
vt 0.37494794 0.44091183
vt 0.32750493 0.44806242
vt 0.37144971 0.42757499
vt 0.35632521 0.44243264
vt 0.31654862 0.44932371
vt 0.34298775 0.43943113
vt 0.31770736 0.4551869
vt 0.3174482 0.44136125
vt 0.32361925 0.43406278
vt 0.31913891 0.46488619
vt 0.31803757 0.43020135
vt 0.83252662 0.50598812
vt 0.82328779 0.50317657
vt 0.82510185 0.48456389
vt 0.82231665 0.51887083
vt 0.8136692 0.50783932
vt 0.826873 0.52752924
vt 0.80567306 0.49919951
vt 0.84241152 0.5220924
vt 0.79365009 0.50601208
vt 0.8002916 0.481112
vt 0.78682673 0.49833375
vt 0.80237359 0.46641237
vt 0.81406432 0.4591158
vt 0.78497648 0.48519951
vt 0.73228896 0.77719432
vt 0.7273888 0.7594803
vt 0.74518442 0.74881464
vt 0.71969134 0.77564931
vt 0.73314601 0.7476747
vt 0.71373606 0.76623559
vt 0.71802413 0.74898338
vt 0.76013559 0.7448808
vt 0.69603837 0.76870161
vt 0.70483756 0.74739486
vt 0.69049507 0.74873829
vt 0.26360375 0.46484339
vt 0.26530665 0.4540273
vt 0.27199686 0.46369362
vt 0.27985975 0.45171899
vt 0.26807487 0.43806458
vt 0.29067701 0.4661659
vt 0.26261529 0.44505072
vt 0.26947001 0.42769146
vt 0.27592534 0.47511744
vt 0.28075573 0.47780818
vt 0.25482428 0.43883651
vt 0.28755894 0.48384118
vt 0.30364513 0.47628647
vt 0.28428409 0.4953627
vt 0.29687506 0.48224872
vt 0.27739409 0.48995668
vt 0.30339918 0.4916867
vt 0.3911694 0.46140695
vt 0.39730105 0.47498041
vt 0.3921265 0.47272599
vt 0.39006874 0.46291232
vt 0.40398601 0.46007764
vt 0.3924652 0.45159304
vt 0.41780075 0.48481375
vt 0.38566282 0.4545148
vt 0.39088458 0.43845218
vt 0.42295972 0.43816674
vt 0.38790104 0.45843011
vt 0.43435994 0.46824688
vt 0.39902982 0.42790985
vt 0.44067109 0.43771791
vt 0.4330143 0.49522048
vt 0.37948227 0.43460608
vt 0.44725844 0.45268101
vt 0.44707197 0.47615182
vt 0.37934491 0.43523312
vt 0.59626567 0.90347785
vt 0.58799016 0.90314132
vt 0.58715659 0.89429402
vt 0.59750313 0.89551067
vt 0.58057475 0.89965653
vt 0.59193093 0.87952065
vt 0.57134372 0.89513856
vt 0.57405478 0.90392131
vt 0.57385027 0.8845306
vt 0.59786218 0.86849266
vt 0.57458311 0.88996512
vt 0.57446635 0.91605461
vt 0.58103496 0.87600315
vt 0.59264076 0.86524636
vt 0.56738317 0.88784367
vt 0.56571907 0.91768086
vt 0.58467615 0.91461802
vt 0.57604384 0.92676502
vt 0.58455205 0.92082989
vt 0.58296895 0.92851198
vt 0.57520688 0.93352348
vt 0.89774305 0.88299572
vt 0.89032012 0.8692131
vt 0.90224707 0.86999959
vt 0.90738845 0.88684678
vt 0.88418978 0.87631261
vt 0.89155245 0.8977592
vt 0.90889829 0.90670305
vt 0.90594363 0.91086465
vt 0.87979054 0.91756713
vt 0.89970922 0.92841744
vt 0.88727987 0.92857617
vt 0.89271659 0.93397963
vt 0.53359717 0.47630537
vt 0.53620112 0.48295844
vt 0.52248919 0.48124284
vt 0.51924193 0.46406972
vt 0.54067248 0.46684742
vt 0.51018614 0.47563344
vt 0.50434536 0.48337841
vt 0.50708771 0.4691034
vt 0.53764564 0.45835173
vt 0.516379 0.49465954
vt 0.50306958 0.45929366
vt 0.52875847 0.45501405
vt 0.54638338 0.46930337
vt 0.52436131 0.49382222
vt 0.50653499 0.49666321
vt 0.51408452 0.45604795
vt 0.5361138 0.4469406
vt 0.54946589 0.45557582
vt 0.50457782 0.44217664
vt 0.52008724 0.43921632
vt 0.53205878 0.4357602
vt 0.56488627 0.45133126
vt 0.51264769 0.43600827
vt 0.54919803 0.44224775
vt 0.54460061 0.43100059
vt 0.5588271 0.44671363
vt 0.64524865 0.70986915
vt 0.64808333 0.69928229
vt 0.65499985 0.70948464
vt 0.63680989 0.68239379
vt 0.66116953 0.70673728
vt 0.62138397 0.69796026
vt 0.6339494 0.71400285
vt 0.59821767 0.68840593
vt 0.651016 0.68651128
vt 0.66903394 0.44474632
vt 0.66575897 0.45000178
vt 0.65079921 0.44179624
vt 0.67035794 0.42854285
vt 0.67235273 0.46412587
vt 0.64826578 0.45680076
vt 0.68165421 0.44277787
vt 0.64784902 0.4239856
vt 0.65473807 0.46373659
vt 0.63842726 0.45804888
vt 0.67937481 0.43214929
vt 0.62834287 0.45392394
vt 0.65831774 0.42042893
vt 0.66440302 0.41262352
vt 0.63027215 0.42378932
vt 0.64917326 0.41693228
vt 0.64295411 0.41151857
vt 0.63398415 0.40122777
vt 0.65085608 0.40692985
vt 0.1190075 0.43939054
vt 0.11943796 0.44958824
vt 0.10782126 0.47452098
vt 0.097815685 0.46345252
vt 0.12134953 0.47412419
vt 0.079970226 0.47076988
vt 0.069293909 0.44926894
vt 0.11300164 0.48324627
vt 0.071335442 0.47376788
vt 0.066607356 0.461366
vt 0.080094226 0.43219715
vt 0.12308306 0.49549371
vt 0.083503045 0.47749037
vt 0.49241054 0.47975641
vt 0.48636401 0.48990947
vt 0.47489673 0.47177786
vt 0.48644385 0.46639615
vt 0.46421677 0.47288483
vt 0.46679842 0.44899261
vt 0.49733579 0.46870798
vt 0.47628349 0.49580038
vt 0.45713803 0.45631635
vt 0.48246104 0.45303971
vt 0.50481796 0.44772977
vt 0.4543258 0.45573509
vt 0.44120297 0.46643198
vt 0.88577759 0.45044488
vt 0.90248549 0.45128304
vt 0.89689964 0.4687801
vt 0.88580626 0.46556836
vt 0.91528028 0.45511526
vt 0.87949461 0.47442263
vt 0.91018522 0.47472948
vt 0.88660318 0.48111463
vt 0.89943057 0.48841125
vt 0.92082363 0.46929324
vt 0.91144305 0.49705404
vt 0.9320395 0.4879517
vt 0.93880546 0.46131426
vt 0.91975379 0.49398267
vt 0.93461674 0.47194368
vt 0.59654003 0.9792853
vt 0.58293402 0.97333395
vt 0.59267974 0.9561857
vt 0.60499495 0.95625824
vt 0.60015213 0.97125542
vt 0.60200596 0.94689441
vt 0.59762436 0.97899568
vt 0.59296447 0.94544429
vt 0.59707624 0.98019993
vt 0.58794999 0.94755745
vt 0.59181952 0.9444645
vt 0.58538759 0.91986257
vt 0.59536684 0.93055069
vt 0.59910488 0.919164
vt 0.85139281 0.43624264
vt 0.85926127 0.46360689
vt 0.82328361 0.46931869
vt 0.82853681 0.45540047
vt 0.85094225 0.47873372
vt 0.81612903 0.45950514
vt 0.82861722 0.43871599
vt 0.84003252 0.48637044
vt 0.86340857 0.46862572
vt 0.82868862 0.49295932
vt 0.8349787 0.49207097
vt 0.8327958 0.49606872
vt 0.54264081 0.73538685
vt 0.53337586 0.72653079
vt 0.55541527 0.73661059
vt 0.55163354 0.74167752
vt 0.54440618 0.71910429
vt 0.55348355 0.74638188
vt 0.5588358 0.72923553
vt 0.53438014 0.69709039
vt 0.55596173 0.73686099
vt 0.54182774 0.69398725
vt 0.51998162 0.71753514
vt 0.50306505 0.71648574
vt 0.51241404 0.68798268
vt 0.94392687 0.45297205
vt 0.94822443 0.44494408
vt 0.96886492 0.44765979
vt 0.97090358 0.45720696
vt 0.94081354 0.43744612
vt 0.96374577 0.46253341
vt 0.97809768 0.47017288
vt 0.94505703 0.46485591
vt 0.96792662 0.47851896
vt 0.95193017 0.47509116
vt 0.95849931 0.48522007
vt 0.96947068 0.48376775
vt 0.94980401 0.49563336
vt 0.95918941 0.49407941
vt 0.70730716 0.46450257
vt 0.71882367 0.46785843
vt 0.71169859 0.47379178
vt 0.69858426 0.47721958
vt 0.71870399 0.45439708
vt 0.70714217 0.48377526
vt 0.69696349 0.45934665
vt 0.70557159 0.45463401
vt 0.69480616 0.49579871
vt 0.67783874 0.46165913
vt 0.68082613 0.48096371
vt 0.67697579 0.49150676
vt 0.66659987 0.46752352
vt 0.66084784 0.48303771
vt 0.81156641 0.42630255
vt 0.80891573 0.43207788
vt 0.7981199 0.42534477
vt 0.79389322 0.4124788
vt 0.77630359 0.42311674
vt 0.79113054 0.4396947
vt 0.77348018 0.43495858
vt 0.78152668 0.45059425
vt 0.75909364 0.43006963
vt 0.76892829 0.45171487
vt 0.75776738 0.43843925
vt 0.77943063 0.46160454
vt 0.75736439 0.44506401
vt 0.76751852 0.46468335
vt 0.76142585 0.46079946
vt 0.75385451 0.45781803
vt 0.066800497 0.39638901
vt 0.084839873 0.39173937
vt 0.081740327 0.39880633
vt 0.073960967 0.40391934
vt 0.077545092 0.38274187
vt 0.089864202 0.39629829
vt 0.087707959 0.4048053
vt 0.089059256 0.37900013
vt 0.068494663 0.38448626
vt 0.10023494 0.38668984
vt 0.099007212 0.40313244
vt 0.088066489 0.41310346
vt 0.10309905 0.41677266
vt 0.11184901 0.40872264
vt 0.094469838 0.42380786
vt 0.11633834 0.4216072
vt 0.10729457 0.40062892
vt 0.12510122 0.41479647
vt 0.12326884 0.39900768
vt 0.11260073 0.43119246
vt 0.12518425 0.42478937
vt 0.1219937 0.43277484
vt 0.16038959 0.41253948
vt 0.1721521 0.402403
vt 0.18390314 0.40768683
vt 0.17537068 0.42205042
vt 0.17377602 0.3875075
vt 0.16297242 0.42256051
vt 0.190424 0.41427195
vt 0.18318014 0.38847536
vt 0.19945326 0.39896107
vt 0.17898265 0.43069553
vt 0.17975098 0.37455702
vt 0.20746858 0.40761513
vt 0.19304398 0.43344158
vt 0.20730376 0.38679373
vt 0.20842926 0.42351371
vt 0.35938781 0.41449904
vt 0.35098609 0.41494977
vt 0.35485241 0.40023661
vt 0.3634401 0.43449122
vt 0.34616184 0.38732076
vt 0.34940463 0.43416309
vt 0.33371121 0.40229368
vt 0.3420282 0.42889851
vt 0.32863945 0.40725249
vt 0.34163907 0.37497711
vt 0.33164871 0.43136531
vt 0.31914383 0.39293826
vt 0.32546639 0.39075094
vt 0.31592458 0.40726691
vt 0.87629277 0.41993958
vt 0.86962098 0.42571831
vt 0.86579764 0.41390067
vt 0.87083292 0.43499583
vt 0.85838437 0.41104221
vt 0.8595894 0.42737222
vt 0.8898614 0.43856323
vt 0.86085296 0.4080447
vt 0.85717678 0.41317505
vt 0.84860033 0.43045098
vt 0.88633472 0.44421738
vt 0.85624659 0.4441995
vt 0.87348861 0.4488104
vt 0.86528492 0.44593716
vt 0.8581 0.4554649
vt 0.8642863 0.46427315
vt 0.24635711 0.43439412
vt 0.24208188 0.42240715
vt 0.25918162 0.43036014
vt 0.24456027 0.40537757
vt 0.22335821 0.40975904
vt 0.26316205 0.41720527
vt 0.23650792 0.38913405
vt 0.25552112 0.40432143
vt 0.25037968 0.39540428
vt 0.27134842 0.39225012
vt 0.27144429 0.41072035
vt 0.24798051 0.38491154
vt 0.240679 0.37649792
vt 0.26090106 0.37818271
vt 0.27035546 0.38027304
vt 0.6308496 0.97140402
vt 0.62187594 0.96795201
vt 0.63475162 0.95252186
vt 0.6396265 0.96623856
vt 0.62421119 0.97989237
vt 0.61285245 0.9612512
vt 0.62420624 0.94707125
vt 0.61670846 0.94854826
vt 0.63210136 0.94063145
vt 0.62173152 0.9407298
vt 0.63658166 0.92907304
vt 0.62166244 0.92437291
vt 0.61857617 0.93194145
vt 0.4202323 0.4240371
vt 0.42181516 0.43289298
vt 0.41130391 0.42999637
vt 0.41068149 0.41547322
vt 0.43300495 0.4282245
vt 0.4103927 0.41608161
vt 0.43144259 0.40571111
vt 0.43477347 0.41778564
vt 0.41081107 0.41494596
vt 0.44224924 0.42101991
vt 0.41543522 0.40814763
vt 0.44098392 0.40168101
vt 0.44676119 0.41755146
vt 0.41085219 0.41444582
vt 0.41671279 0.39994353
vt 0.4335396 0.38586432
vt 0.41040185 0.40808791
vt 0.41335517 0.40243399
vt 0.42312035 0.37673783
vt 0.41477448 0.37999535
vt 0.41491517 0.39676178
vt 0.50477892 0.41552526
vt 0.50425047 0.40678972
vt 0.5154109 0.40426928
vt 0.51429379 0.4152059
vt 0.50080842 0.39772415
vt 0.51875526 0.4197498
vt 0.50912446 0.38680935
vt 0.52891248 0.40000123
vt 0.50787061 0.42910665
vt 0.52037901 0.39015502
vt 0.49685287 0.38453048
vt 0.5293954 0.38876706
vt 0.52558953 0.41910297
vt 0.51456887 0.43368441
vt 0.48866245 0.41127819
vt 0.47346997 0.39164883
vt 0.47344345 0.41130173
vt 0.57734758 0.42704409
vt 0.55430102 0.42071754
vt 0.57453436 0.41281486
vt 0.58095676 0.41636586
vt 0.56001478 0.43382841
vt 0.55872428 0.4110058
vt 0.58816564 0.41086984
vt 0.54734939 0.4314307
vt 0.54319787 0.41816193
vt 0.57328504 0.39931631
vt 0.55463636 0.40700543
vt 0.55783421 0.40117359
vt 0.58324963 0.3827222
vt 0.53436303 0.41119188
vt 0.57286638 0.3863917
vt 0.59183371 0.39613736
vt 0.54694444 0.39720869
vt 0.72030228 0.41950375
vt 0.70150381 0.42681563
vt 0.71088272 0.3932969
vt 0.71912187 0.38737744
vt 0.72263193 0.42853016
vt 0.69566095 0.41770256
vt 0.70447409 0.37755424
vt 0.72737622 0.38695073
vt 0.72748297 0.42239612
vt 0.70717025 0.43265516
vt 0.70124316 0.40325594
vt 0.69918287 0.38423151
vt 0.73730046 0.40947574
vt 0.7393117 0.40035135
vt 0.69528937 0.39906728
vt 0.73360801 0.38836211
vt 0.69203144 0.38609636
vt 0.82682937 0.39757025
vt 0.84061098 0.38306355
vt 0.84624398 0.39666331
vt 0.84691268 0.41074413
vt 0.82835859 0.37915295
vt 0.85691291 0.38540471
vt 0.8258968 0.42050856
vt 0.85797179 0.39941937
vt 0.82176328 0.38276309
vt 0.83840263 0.42284608
vt 0.81995136 0.40299237
vt 0.84084326 0.43349421
vt 0.81672847 0.42806411
vt 0.87934822 0.53684032
vt 0.88542771 0.54337376
vt 0.87881356 0.55130315
vt 0.86774582 0.54522276
vt 0.88473964 0.53285336
vt 0.89780962 0.55648315
vt 0.87601638 0.55742806
vt 0.87735003 0.53043532
vt 0.88952458 0.55921507
vt 0.85591489 0.53190446
vt 0.88551271 0.52459562
vt 0.86239493 0.51346225
vt 0.85325217 0.5430454
vt 0.84712631 0.51707232
vt 0.87445295 0.50649071
vt 0.8571257 0.50371647
vt 0.96379727 0.86471725
vt 0.95018101 0.86921275
vt 0.94738048 0.85655588
vt 0.9639886 0.85517335
vt 0.9627409 0.87242234
vt 0.94358152 0.87610638
vt 0.95014077 0.87272102
vt 0.92199403 0.88175821
vt 0.94983572 0.87101215
vt 0.92896682 0.89382333
vt 0.92021656 0.89490581
vt 0.92555529 0.90164042
vt 0.90929741 0.90166765
vt 0.84408587 0.76416242
vt 0.85626584 0.76892459
vt 0.84210587 0.77297366
vt 0.83127266 0.77040035
vt 0.85150301 0.75734997
vt 0.83876312 0.76027322
vt 0.85716391 0.75618345
vt 0.82617188 0.75619745
vt 0.87137628 0.76016837
vt 0.81698501 0.76442438
vt 0.84162891 0.75332439
vt 0.86291772 0.75209773
vt 0.86544424 0.77560788
vt 0.82008582 0.77728075
vt 0.83062178 0.74278426
vt 0.84614193 0.74350041
vt 0.83134598 0.73470819
vt 0.78793281 0.68601269
vt 0.79761344 0.68809378
vt 0.78831363 0.6884619
vt 0.78836793 0.6761229
vt 0.79001546 0.69510418
vt 0.78636521 0.67673832
vt 0.80143064 0.68364912
vt 0.79037857 0.69761038
vt 0.78820968 0.67391169
vt 0.79742056 0.67031574
vt 0.79954779 0.70371681
vt 0.81246114 0.66445976
vt 0.78865707 0.70281065
vt 0.79198182 0.667997
vt 0.80250329 0.66097617
vt 0.78876573 0.71317339
vt 0.7857213 0.71439779
vt 0.79313195 0.66424274
vt 0.91861349 0.40354711
vt 0.90628153 0.41783446
vt 0.8995778 0.40810865
vt 0.90561092 0.37979639
vt 0.91755807 0.41585147
vt 0.90212995 0.43385994
vt 0.92560953 0.38022399
vt 0.88339698 0.38526535
vt 0.92443597 0.42556161
vt 0.89244634 0.42768461
vt 0.88735735 0.39884442
vt 0.87838894 0.41600668
vt 0.54665983 0.56889647
vt 0.55153203 0.55931449
vt 0.55339372 0.58385146
vt 0.53803462 0.57854295
vt 0.55771875 0.56471974
vt 0.54946786 0.59032595
vt 0.56115663 0.58559996
vt 0.53600472 0.59027433
vt 0.56900704 0.57747191
vt 0.5738079 0.565283
vt 0.56381619 0.55969656
vt 0.56044644 0.54140401
vt 0.57588613 0.55196923
vt 0.5661183 0.53672731
vt 0.95642018 0.40854627
vt 0.94631559 0.40506691
vt 0.95676869 0.38935697
vt 0.96946192 0.39827526
vt 0.94995964 0.41802788
vt 0.94066894 0.39644057
vt 0.95869446 0.38170975
vt 0.97345442 0.41057801
vt 0.95810151 0.43031353
vt 0.94702744 0.38752741
vt 0.98671854 0.40192914
vt 0.9808439 0.40816176
vt 0.97386426 0.42818415
vt 0.96125036 0.43413305
vt 0.27159998 0.72637087
vt 0.26100489 0.74146426
vt 0.25429893 0.73425639
vt 0.26378202 0.72285163
vt 0.27222386 0.74577498
vt 0.2565859 0.71498513
vt 0.28708023 0.70733488
vt 0.27513084 0.70412529
vt 0.30685109 0.72547412
vt 0.26294464 0.70147908
vt 0.29024079 0.70225251
vt 0.29992288 0.70403111
vt 0.039573625 0.38950628
vt 0.040563621 0.40179467
vt 0.020067211 0.38891566
vt 0.025062481 0.38266128
vt 0.052713856 0.38915431
vt 0.0030530831 0.38823503
vt 0.033970788 0.37660122
vt 0.053734969 0.39846259
vt 0.049313679 0.37862748
vt 0.031114887 0.36054057
vt 0.047163747 0.37105554
vt 0.116042 0.37937009
vt 0.13833739 0.37003589
vt 0.12652311 0.40296173
vt 0.12892653 0.36564213
vt 0.1459786 0.37913507
vt 0.11985955 0.35498524
vt 0.13171735 0.35485458
vt 0.14808349 0.36253804
vt 0.11315785 0.37087095
vt 0.14653994 0.35100877
vt 0.10313856 0.38580549
vt 0.098151565 0.37295324
vt 0.53556931 0.9673081
vt 0.55136496 0.94577378
vt 0.55380899 0.97527778
vt 0.5516569 0.98049676
vt 0.54556948 0.94295979
vt 0.55961543 0.964589
vt 0.55436021 0.92952609
vt 0.28934541 0.36887735
vt 0.28604564 0.3583777
vt 0.29916859 0.35447043
vt 0.31009841 0.36675936
vt 0.30513048 0.38558739
vt 0.31887072 0.37592292
vt 0.2899664 0.3779459
vt 0.32046542 0.3880055
vt 0.28835294 0.38951349
vt 0.32874215 0.38126832
vt 0.31583238 0.39582461
vt 0.30427083 0.40287691
vt 0.92570812 0.8498596
vt 0.92967302 0.82911098
vt 0.93724215 0.84436727
vt 0.92332065 0.83269823
vt 0.93933553 0.83092928
vt 0.91752797 0.85175592
vt 0.91931766 0.82260799
vt 0.93289882 0.82367742
vt 0.91085291 0.85826153
vt 0.91529948 0.82840633
vt 0.92312878 0.86152643
vt 0.91337413 0.8691898
vt 0.92187369 0.87037832
vt 0.64535868 0.94794691
vt 0.64402169 0.93113101
vt 0.65997422 0.93981409
vt 0.66131395 0.95061094
vt 0.65317905 0.96497297
vt 0.66150999 0.96378833
vt 0.67019147 0.96332049
vt 0.66025293 0.98007095
vt 0.61543548 0.35547757
vt 0.6284073 0.36211455
vt 0.61380953 0.3718769
vt 0.60240018 0.36000752
vt 0.62747282 0.3709926
vt 0.60197127 0.37617517
vt 0.6247372 0.38137257
vt 0.602525 0.38790894
vt 0.59844303 0.3922317
vt 0.62628901 0.39425248
vt 0.61205435 0.4005183
vt 0.63364291 0.39853686
vt 0.6318748 0.4032374
vt 0.64740264 0.39224494
vt 0.38196278 0.38794142
vt 0.37796608 0.37623572
vt 0.3886694 0.38505697
vt 0.39075679 0.39444035
vt 0.36837628 0.3847878
vt 0.39556339 0.37806934
vt 0.37414968 0.40059292
vt 0.35785285 0.37005424
vt 0.36613864 0.40288079
vt 0.38812825 0.35618633
vt 0.35564238 0.38518775
vt 0.35582256 0.39361358
vt 0.34769282 0.3788482
vt 0.30311611 0.42821598
vt 0.29387668 0.43981469
vt 0.28672522 0.43418282
vt 0.30077305 0.4162938
vt 0.30749834 0.44951022
vt 0.28493962 0.431014
vt 0.31613085 0.43398345
vt 0.29199657 0.45745111
vt 0.28972024 0.41705835
vt 0.31699687 0.44602656
vt 0.28818324 0.44434357
vt 0.28852272 0.45688087
vt 0.28814989 0.43622208
vt 0.28956828 0.46569937
vt 0.58184242 0.95951068
vt 0.57914662 0.9524731
vt 0.58866721 0.9507854
vt 0.58069861 0.97022086
vt 0.56810582 0.95254076
vt 0.57758248 0.94158423
vt 0.5712617 0.97305512
vt 0.56624705 0.96523452
vt 0.58355623 0.93279386
vt 0.57253367 0.97974277
vt 0.94077712 0.65469587
vt 0.96442878 0.64040929
vt 0.95930421 0.66921687
vt 0.95260352 0.63686961
vt 0.97805989 0.6606589
vt 0.9827081 0.64583278
vt 0.96293306 0.67944396
vt 0.97549427 0.68343657
vt 0.98663074 0.66634625
vt 0.70338917 0.55853093
vt 0.69020265 0.54746205
vt 0.70656896 0.54660034
vt 0.70562762 0.57329208
vt 0.68759936 0.56247133
vt 0.67559266 0.55171382
vt 0.69656187 0.58184582
vt 0.67216784 0.56151098
vt 0.66812104 0.58990967
vt 0.66017026 0.58546519
vt 0.64050865 0.38003874
vt 0.6354124 0.3661927
vt 0.64664602 0.37514675
vt 0.64775896 0.38558042
vt 0.6532433 0.35845739
vt 0.65337783 0.37695771
vt 0.62856585 0.35630405
vt 0.65583277 0.38638115
vt 0.65133804 0.39736879
vt 0.6632086 0.38772726
vt 0.65743554 0.3971101
vt 0.65938091 0.36937749
vt 0.6510033 0.36627495
vt 0.66628528 0.38078654
vt 0.66899848 0.4030599
vt 0.67029816 0.39448297
vt 0.77960479 0.93317622
vt 0.79328912 0.93736285
vt 0.78524452 0.94421715
vt 0.7933808 0.94900912
vt 0.78098696 0.95428354
vt 0.78697658 0.96166313
vt 0.76910931 0.96896172
vt 0.77576625 0.98132491
vt 0.25853842 0.87023658
vt 0.25810751 0.88326484
vt 0.25163865 0.8846091
vt 0.24842981 0.87785053
vt 0.26917902 0.89205205
vt 0.23799659 0.88774449
vt 0.24755642 0.90061307
vt 0.23254934 0.88023663
vt 0.23316699 0.90234482
vt 0.2221638 0.89337593
vt 0.59266579 0.82033169
vt 0.5997963 0.83183426
vt 0.59294629 0.83897889
vt 0.58499455 0.83830428
vt 0.57996798 0.83309579
vt 0.58015937 0.8245647
vt 0.59334481 0.81316262
vt 0.57797176 0.8179152
vt 0.56697905 0.81264752
vt 0.57436371 0.80544841
vt 0.59193051 0.80353558
vt 0.58451289 0.79659605
vt 0.59051692 0.79340494
vt 0.79495817 0.38976598
vt 0.79057574 0.39311284
vt 0.78398621 0.38730246
vt 0.79306924 0.37995034
vt 0.78260416 0.39410114
vt 0.79050875 0.3720026
vt 0.77392554 0.39238352
vt 0.78064531 0.3769486
vt 0.76459521 0.40228754
vt 0.77950299 0.36676633
vt 0.76636779 0.37625992
vt 0.75996077 0.39277697
vt 0.76524585 0.38668191
vt 0.77344286 0.3694759
vt 0.75673717 0.38100499
vt 0.76355904 0.36618531
vt 0.75327629 0.37021536
vt 0.77312279 0.35643774
vt 0.77845055 0.3616575
vt 0.93689972 0.74427092
vt 0.94256115 0.76227188
vt 0.92249775 0.75198781
vt 0.95165151 0.74371934
vt 0.92501915 0.76148158
vt 0.94492096 0.7375561
vt 0.92774355 0.77823722
vt 0.91045707 0.76258028
vt 0.95131338 0.7312659
vt 0.45003274 0.38071835
vt 0.44117615 0.37615627
vt 0.45527011 0.3731705
vt 0.46520233 0.38342726
vt 0.451287 0.35561609
vt 0.46918586 0.3639577
vt 0.44107723 0.3944248
vt 0.47281361 0.38955891
vt 0.45952392 0.39707762
vt 0.47003067 0.36486149
vt 0.44607574 0.40196967
vt 0.47337541 0.38882047
vt 0.89376366 0.37874079
vt 0.87695706 0.37040555
vt 0.87871683 0.36780107
vt 0.89240211 0.3745271
vt 0.87740266 0.37342107
vt 0.87635541 0.36940849
vt 0.88904196 0.37923557
vt 0.87649107 0.37782437
vt 0.86935574 0.36851931
vt 0.87379456 0.38241386
vt 0.86584193 0.38596106
vt 0.88206261 0.39036125
vt 0.86007744 0.37539995
vt 0.8740142 0.40255344
vt 0.85145098 0.37901354
vt 0.86012518 0.36332709
vt 0.88266349 0.39141697
vt 0.8467949 0.38184547
vt 0.014125822 0.34191877
vt 0.030473271 0.3533383
vt 0.0035574897 0.35896909
vt 0.0047522951 0.34843439
vt 0.025085788 0.33304894
vt 0.015567833 0.37064797
vt 0.0066297124 0.33987266
vt 0.036398962 0.33305478
vt 0.014850428 0.33145154
vt 0.04738871 0.34175676
vt 0.049427886 0.34068453
vt 0.87474251 0.62691158
vt 0.88558584 0.63530874
vt 0.86544883 0.6371733
vt 0.86186159 0.62521708
vt 0.87789124 0.6455847
vt 0.89200908 0.64317942
vt 0.87409437 0.65070391
vt 0.86158264 0.64374197
vt 0.84777343 0.6431849
vt 0.85120094 0.65179557
vt 0.80873752 0.98097193
vt 0.80670327 0.96933913
vt 0.81501985 0.97353274
vt 0.80127126 0.97257286
vt 0.81670022 0.96634674
vt 0.8008005 0.95708996
vt 0.81106299 0.94550264
vt 0.8210085 0.94588333
vt 0.8030811 0.94499815
vt 0.81039494 0.93559051
vt 0.53339452 0.95524657
vt 0.53346997 0.97236037
vt 0.52789503 0.98112977
vt 0.5288341 0.96089065
vt 0.53451979 0.93823862
vt 0.51995802 0.937819
vt 0.18064743 0.96428311
vt 0.18520696 0.98016697
vt 0.17086281 0.97358257
vt 0.16049998 0.96014285
vt 0.1938289 0.96096134
vt 0.19237392 0.98137027
vt 0.20246036 0.96389967
vt 0.042376339 0.36655205
vt 0.034913383 0.35235685
vt 0.048095424 0.35522693
vt 0.05340049 0.36171472
vt 0.048474241 0.34325731
vt 0.060830213 0.37158185
vt 0.059973888 0.35471582
vt 0.05523257 0.33817083
vt 0.05892523 0.36690032
vt 0.071060605 0.33517671
vt 0.072495967 0.35562295
vt 0.061934192 0.32763231
vt 0.61426651 0.88106024
vt 0.62121898 0.90111613
vt 0.60776526 0.8954891
vt 0.62121391 0.87472355
vt 0.62121665 0.9122349
vt 0.60899693 0.90969461
vt 0.60508412 0.91710413
vt 0.59686452 0.90347588
vt 0.61180574 0.91710162
vt 0.60108274 0.91710669
vt 0.62121958 0.91709805
vt 0.50037181 0.93162227
vt 0.49314186 0.92610908
vt 0.49512511 0.91693997
vt 0.50421572 0.90567803
vt 0.48801279 0.93693376
vt 0.49660087 0.94828737
vt 0.17661418 0.7840333
vt 0.18602449 0.78168839
vt 0.19231339 0.78511941
vt 0.18674359 0.77352446
vt 0.20140459 0.78122246
vt 0.16642845 0.77342111
vt 0.16036664 0.77764922
vt 0.1599568 0.7734344
vt 0.16041012 0.78744972
vt 0.16057171 0.78934431
vt 0.16563137 0.79189247
vt 0.17852551 0.79317969
vt 0.15979712 0.7988323
vt 0.17193744 0.80523843
vt 0.15945227 0.80459851
vt 0.17842412 0.80866617
vt 0.81565011 0.96641946
vt 0.8212865 0.97306585
vt 0.81565499 0.97982687
vt 0.82751685 0.96136075
vt 0.8310442 0.97689235
vt 0.83299083 0.96935326
vt 0.84010786 0.97185075
vt 0.84851092 0.9624508
vt 0.85784888 0.97183442
vt 0.84472919 0.95764357
vt 0.85247934 0.97516733
vt 0.84893215 0.97884804
vt 0.17642045 0.35415292
vt 0.16579935 0.3538931
vt 0.17255783 0.34434897
vt 0.18831962 0.35277522
vt 0.1870067 0.36285001
vt 0.16268973 0.34329045
vt 0.17918994 0.33187568
vt 0.19954798 0.36018592
vt 0.17936879 0.37207007
vt 0.1595244 0.32943249
vt 0.17093007 0.33246464
vt 0.19378105 0.34533161
vt 0.22565314 0.35249853
vt 0.22320491 0.33559829
vt 0.24560654 0.35368633
vt 0.22970177 0.37101072
vt 0.25255913 0.34485829
vt 0.25285029 0.35890865
vt 0.24904296 0.32965589
vt 0.26055953 0.35406035
vt 0.25565815 0.36777365
vt 0.25479433 0.33407134
vt 0.73215193 0.88435817
vt 0.73670542 0.87876606
vt 0.74312836 0.88592064
vt 0.73456353 0.89297009
vt 0.72322345 0.86663777
vt 0.75548846 0.88184488
vt 0.74822682 0.89793897
vt 0.73805815 0.86082321
vt 0.7389161 0.90183496
vt 0.9322437 0.96444547
vt 0.92604113 0.92448825
vt 0.94785547 0.9572553
vt 0.92510831 0.9431147
vt 0.93777311 0.92902881
vt 0.31705463 0.35086858
vt 0.33335614 0.36964685
vt 0.31545207 0.36646706
vt 0.3307609 0.34127867
vt 0.32126871 0.32986867
vt 0.34480408 0.34661019
vt 0.34181213 0.33915484
vt 0.34852389 0.37039834
vt 0.34753928 0.35103518
vt 0.34837049 0.33984065
vt 0.35135466 0.37191772
vt 0.34632117 0.34378105
vt 0.3474896 0.34542137
vt 0.51861918 0.57423639
vt 0.52929372 0.5754444
vt 0.52297878 0.58852601
vt 0.5090912 0.58263147
vt 0.50297707 0.55138671
vt 0.51068181 0.5901854
vt 0.50666291 0.5702737
vt 0.53170699 0.557603
vt 0.43683237 0.35947078
vt 0.42533427 0.35898256
vt 0.43730462 0.34985387
vt 0.44916114 0.34991193
vt 0.4247728 0.36843699
vt 0.43285257 0.33963144
vt 0.44513822 0.36207926
vt 0.40982991 0.36273193
vt 0.43539268 0.37199908
vt 0.41069356 0.34809816
vt 0.22314391 0.78364009
vt 0.22950867 0.76983893
vt 0.25068545 0.78724599
vt 0.24788359 0.80796236
vt 0.25226727 0.77261096
vt 0.021546165 0.41277117
vt 0.016542817 0.40527785
vt 0.023218621 0.39356047
vt 0.036190275 0.41727966
vt 0.0037446157 0.41096216
vt 0.027475901 0.4218331
vt 0.015246646 0.42160726
vt 0.0044673933 0.42577296
vt 0.021402702 0.4326278
vt 0.79761744 0.44372952
vt 0.80182528 0.43582588
vt 0.81475735 0.43676555
vt 0.81170106 0.44528788
vt 0.79609329 0.42850232
vt 0.82399422 0.45273626
vt 0.80165195 0.46448821
vt 0.78757757 0.44730532
vt 0.81005555 0.45782727
vt 0.78979009 0.46058154
vt 0.78583664 0.45592964
vt 0.48802593 0.35559815
vt 0.47243249 0.3541128
vt 0.4943794 0.34423488
vt 0.49457142 0.35067773
vt 0.48515937 0.36919743
vt 0.51136261 0.35306078
vt 0.49571338 0.36051518
vt 0.51238608 0.34106201
vt 0.50305706 0.3707357
vt 0.49736428 0.33474809
vt 0.19857045 0.99310714
vt 0.18074667 0.99658328
vt 0.16051742 0.9826743
vt 0.26631615 0.34882158
vt 0.27162749 0.34651548
vt 0.2792443 0.35715628
vt 0.27188557 0.36115241
vt 0.26636708 0.33647561
vt 0.28176969 0.34592575
vt 0.2777755 0.36736637
vt 0.2624321 0.36317831
vt 0.27674073 0.33633995
vt 0.25693092 0.33115518
vt 0.29152372 0.34985721
vt 0.25929868 0.34977895
vt 0.25485981 0.34265405
vt 0.28904274 0.33681571
vt 0.2650544 0.37170035
vt 0.54198503 0.33752364
vt 0.54932606 0.36561364
vt 0.53555983 0.3583197
vt 0.56118065 0.34456187
vt 0.53966963 0.37078583
vt 0.5602327 0.356435
vt 0.55163407 0.33155251
vt 0.55463207 0.37003696
vt 0.57126278 0.35249269
vt 0.56681931 0.33136588
vt 0.57116282 0.35144675
vt 0.57098204 0.35483128
vt 0.56363249 0.37101138
vt 0.57104081 0.34769237
vt 0.56883568 0.36867356
vt 0.56936663 0.33353972
vt 0.56812954 0.37068903
vt 0.6873033 0.36892432
vt 0.67164338 0.37148041
vt 0.68119651 0.36167729
vt 0.69763488 0.36004776
vt 0.66863722 0.36063528
vt 0.69069588 0.35219473
vt 0.68315625 0.3460387
vt 0.69369555 0.33769679
vt 0.67339247 0.34307903
vt 0.66099459 0.36100554
vt 0.65978688 0.34320748
vt 0.77391845 0.93346971
vt 0.77829224 0.94761884
vt 0.76368046 0.93584281
vt 0.76495939 0.9282887
vt 0.76724285 0.94901717
vt 0.75471252 0.92337018
vt 0.76793945 0.92090499
vt 0.75922525 0.94257325
vt 0.759359 0.9127841
vt 0.77718556 0.5381763
vt 0.76047909 0.55778086
vt 0.76302242 0.53773105
vt 0.77430069 0.5304777
vt 0.77324533 0.55448067
vt 0.75341642 0.54837847
vt 0.76136672 0.52440321
vt 0.79128772 0.5259819
vt 0.78698683 0.55041564
vt 0.78558534 0.53890473
vt 0.75904423 0.33756769
vt 0.759628 0.35325974
vt 0.74423969 0.355133
vt 0.73006427 0.33460283
vt 0.75594896 0.36031443
vt 0.73126078 0.36064404
vt 0.74834841 0.36736655
vt 0.72599638 0.33577353
vt 0.74166298 0.37196136
vt 0.72660339 0.34642738
vt 0.72245961 0.36280859
vt 0.87592679 0.90184349
vt 0.88143539 0.88995129
vt 0.8886537 0.89626688
vt 0.86840338 0.87339783
vt 0.88403922 0.87899077
vt 0.86375278 0.88283253
vt 0.88417691 0.86558795
vt 0.86824262 0.86539543
vt 0.88859874 0.74155456
vt 0.89850104 0.74120915
vt 0.8963573 0.74995029
vt 0.89158458 0.76378644
vt 0.90037221 0.76329207
vt 0.87920761 0.766177
vt 0.90654665 0.7681151
vt 0.89125597 0.77183658
vt 0.88185406 0.77668893
vt 0.44307172 0.90733677
vt 0.44194838 0.90031761
vt 0.46073857 0.89810473
vt 0.45141032 0.91839999
vt 0.4542568 0.8896082
vt 0.4474223 0.88240361
vt 0.44621003 0.88136846
vt 0.38506845 0.87534541
vt 0.37999153 0.88161683
vt 0.3767069 0.87320906
vt 0.38069889 0.85106957
vt 0.37372625 0.88657767
vt 0.36240697 0.8717854
vt 0.79652357 0.34280252
vt 0.79252023 0.3364197
vt 0.80204672 0.33661079
vt 0.81198353 0.34470218
vt 0.78613716 0.34638917
vt 0.79348058 0.35244071
vt 0.7864489 0.33778399
vt 0.80033022 0.35845721
vt 0.79340506 0.35956436
vt 0.81846249 0.35262161
vt 0.78626895 0.35601884
vt 0.80855936 0.35811311
vt 0.7937476 0.37061131
vt 0.78552884 0.36277068
vt 0.80534607 0.3718816
vt 0.64082021 0.61936355
vt 0.6434899 0.60378623
vt 0.65172333 0.62149262
vt 0.63578695 0.61206192
vt 0.65504271 0.61082804
vt 0.62918961 0.60300303
vt 0.66341472 0.60301781
vt 0.63600123 0.59696794
vt 0.65180594 0.59488314
vt 0.65905058 0.59198368
vt 0.16322692 0.99219352
vt 0.18825153 0.99123853
vt 0.15225235 0.99644339
vt 0.83629131 0.86981273
vt 0.85426974 0.85230166
vt 0.84675187 0.87019008
vt 0.83226407 0.86542726
vt 0.85237199 0.8729167
vt 0.84926182 0.8507874
vt 0.84534031 0.88633156
vt 0.93450594 0.57919216
vt 0.92541337 0.58921659
vt 0.91052949 0.57229728
vt 0.92005605 0.55942655
vt 0.93610144 0.5891974
vt 0.94442171 0.55566835
vt 0.94403964 0.57587159
vt 0.93175381 0.97984135
vt 0.94477236 0.98152262
vt 0.95033509 0.99702376
vt 0.92526919 0.99681854
vt 0.95127082 0.97346264
vt 0.96030146 0.98158449
vt 0.56774282 0.70163071
vt 0.57754695 0.69785357
vt 0.58156931 0.7053352
vt 0.57255465 0.71505809
vt 0.56614608 0.69084072
vt 0.58986795 0.70346415
vt 0.58302891 0.68775749
vt 0.59186816 0.68739879
vt 0.60178876 0.705055
vt 0.7254473 0.62520206
vt 0.75532651 0.61831295
vt 0.75040436 0.63220978
vt 0.73493624 0.64155817
vt 0.74399441 0.64790678
vt 0.72325295 0.63081729
vt 0.73503417 0.65297449
vt 0.48264223 0.99007356
vt 0.47188419 0.99580002
vt 0.44831249 0.98895788
vt 0.98356444 0.88721341
vt 0.9725889 0.86723292
vt 0.99203277 0.8561359
vt 0.99188876 0.87316412
vt 0.98024148 0.85369778
vt 0.97364402 0.85435116
vt 0.21547557 0.89569587
vt 0.21221751 0.90901339
vt 0.20648929 0.90428543
vt 0.22674946 0.90083337
vt 0.21760982 0.91252053
vt 0.2111235 0.91790724
vt 0.22963427 0.91297781
vt 0.21886219 0.9158929
vt 0.2077543 0.91371214
vt 0.23589851 0.9075585
vt 0.22672936 0.91763854
vt 0.23985797 0.91818035
vt 0.66074651 0.97988838
vt 0.67894763 0.96969998
vt 0.68263644 0.97967368
vt 0.69347715 0.97499943
vt 0.14304626 0.41327602
vt 0.13936877 0.40136367
vt 0.15582833 0.4075796
vt 0.15932794 0.42154634
vt 0.12934716 0.40215367
vt 0.14808144 0.42534411
vt 0.13059913 0.41457069
vt 0.131449 0.42378199
vt 0.13495325 0.43365151
vt 0.59697264 0.84956038
vt 0.6068123 0.86372912
vt 0.59479576 0.86109781
vt 0.5945136 0.8596251
vt 0.60707712 0.85094792
vt 0.60753542 0.871113
vt 0.58986741 0.84401834
vt 0.59910452 0.86470336
vt 0.5938974 0.85983056
vt 0.59220201 0.83811742
vt 0.58834392 0.85397029
vt 0.5828017 0.83934069
vt 0.58402771 0.84864974
vt 0.78522617 0.81948179
vt 0.79263335 0.81029373
vt 0.80385143 0.82481211
vt 0.79556286 0.84001225
vt 0.80849522 0.82122439
vt 0.80833691 0.81579196
vt 0.80266589 0.80644989
vt 0.806943 0.81091058
vt 0.60423523 0.43298525
vt 0.60551399 0.42164719
vt 0.61329013 0.4313615
vt 0.59683299 0.42995375
vt 0.6166389 0.41855782
vt 0.60397315 0.41019547
vt 0.61604041 0.41072553
vt 0.60863566 0.40042895
vt 0.59852642 0.40628666
vt 0.62724352 0.41005415
vt 0.4318935 0.96441936
vt 0.4255991 0.95516992
vt 0.45135316 0.93966872
vt 0.4373799 0.93853277
vt 0.44462183 0.93104458
vt 0.43181548 0.93769091
vt 0.20974998 0.99427223
vt 0.19913667 0.9962849
vt 0.17670852 0.99384344
vt 0.8016848 0.93323648
vt 0.80452389 0.92407143
vt 0.8117525 0.92064816
vt 0.81090665 0.91394776
vt 0.80419505 0.90156466
vt 0.81384128 0.9043355
vt 0.70759666 0.85906237
vt 0.6999433 0.84391201
vt 0.71759665 0.84682822
vt 0.72256082 0.85857248
vt 0.6995979 0.86013663
vt 0.71481907 0.86928308
vt 0.69236982 0.85359371
vt 0.72297782 0.87167382
vt 0.83740991 0.34072804
vt 0.83086526 0.36064404
vt 0.81901038 0.35790157
vt 0.81614417 0.33949542
vt 0.84402633 0.35354799
vt 0.82627541 0.37050277
vt 0.84136343 0.36891907
vt 0.90588981 0.3714245
vt 0.89791989 0.36342686
vt 0.90981126 0.34064376
vt 0.89785725 0.34198201
vt 0.89092404 0.34724021
vt 0.88407564 0.3406679
vt 0.878887 0.3640303
vt 0.50417292 0.95166075
vt 0.51104522 0.93325746
vt 0.51382244 0.95223027
vt 0.52069855 0.95855683
vt 0.52321082 0.94514799
vt 0.51265061 0.96497679
vt 0.25328314 0.89928943
vt 0.26505446 0.89455336
vt 0.26620868 0.90442038
vt 0.24356689 0.90717936
vt 0.27044353 0.89761847
vt 0.23774919 0.90739042
vt 0.25892824 0.91702759
vt 0.83416712 0.57615316
vt 0.82182807 0.5586921
vt 0.84346223 0.56793272
vt 0.81687444 0.57789189
vt 0.82792199 0.58929104
vt 0.43076891 0.91751337
vt 0.42661586 0.90383124
vt 0.43923983 0.89678967
vt 0.44014543 0.88729358
vt 0.4309248 0.88923627
vt 0.84791934 0.81580645
vt 0.84267408 0.82346594
vt 0.84566379 0.81046587
vt 0.83584374 0.80581206
vt 0.82536215 0.82203507
vt 0.82270229 0.8115899
vt 0.82758147 0.80444819
vt 0.81581461 0.80085957
vt 0.82674211 0.79915637
vt 0.72281379 0.79283714
vt 0.70926267 0.77608955
vt 0.72010863 0.77445775
vt 0.6906451 0.79004604
vt 0.69153142 0.77214283
vt 0.4696236 0.84217703
vt 0.47623354 0.85551977
vt 0.46259403 0.85521728
vt 0.45644528 0.84075707
vt 0.47919178 0.84352845
vt 0.46175346 0.82452333
vt 0.48146701 0.83420992
vt 0.5774917 0.7845844
vt 0.58075595 0.79649377
vt 0.56998074 0.78907973
vt 0.57265675 0.80109394
vt 0.55145061 0.79579139
vt 0.56525415 0.8089568
vt 0.55556136 0.80935717
vt 0.95744962 0.85483199
vt 0.94174337 0.84817481
vt 0.96198148 0.83200681
vt 0.94834805 0.85629892
vt 0.95493782 0.82610202
vt 0.92635548 0.90480942
vt 0.91309708 0.91278458
vt 0.92572975 0.9037776
vt 0.9192872 0.91501498
vt 0.90993875 0.9034791
vt 0.93715507 0.90296435
vt 0.93829244 0.91709
vt 0.93896025 0.902861
vt 0.97227192 0.79888821
vt 0.98388153 0.79243422
vt 0.98253161 0.80908912
vt 0.98962933 0.79715943
vt 0.99833703 0.79598927
vt 0.99118799 0.80249137
vt 0.99579328 0.78588676
vt 0.98470479 0.77861178
vt 0.51755393 0.82228148
vt 0.51165956 0.80165863
vt 0.51581419 0.80367017
vt 0.5197103 0.8196277
vt 0.50375545 0.80401117
vt 0.5178259 0.80487013
vt 0.51964545 0.8247118
vt 0.50495291 0.82249397
vt 0.50786781 0.7953428
vt 0.51254207 0.79805827
vt 0.67663348 0.70882839
vt 0.66487217 0.69947195
vt 0.6859501 0.69942671
vt 0.68996489 0.71402109
vt 0.66063499 0.68536317
vt 0.098382086 0.7350049
vt 0.089588203 0.73105329
vt 0.098959416 0.72534651
vt 0.11079901 0.73571527
vt 0.087702572 0.73811233
vt 0.10563846 0.7458024
vt 0.085080124 0.7456302
vt 0.082603887 0.734424
vt 0.60797906 0.96820068
vt 0.62527174 0.98136455
vt 0.59792531 0.97909623
vt 0.56057262 0.96439463
vt 0.55644417 0.9412244
vt 0.56420457 0.95331615
vt 0.55152267 0.94636726
vt 0.55996603 0.93746877
vt 0.81989974 0.90140998
vt 0.81596988 0.89244312
vt 0.82775307 0.89584428
vt 0.82642102 0.88932312
vt 0.82198018 0.87445688
vt 0.83428651 0.8871634
vt 0.83234638 0.87686837
vt 0.45999271 0.92796087
vt 0.44837269 0.93289864
vt 0.44164085 0.90665549
vt 0.9398827 0.8115859
vt 0.93622679 0.82366133
vt 0.92562884 0.81774831
vt 0.94187039 0.80396771
vt 0.92666107 0.79714507
vt 0.44999456 0.99584109
vt 0.44232771 0.97981256
vt 0.44562143 0.96811718
vt 0.81482893 0.80007911
vt 0.81556642 0.82453358
vt 0.80112249 0.79714483
vt 0.97963417 0.74918544
vt 0.97590327 0.76340687
vt 0.9731515 0.76146895
vt 0.97389597 0.75453871
vt 0.99149656 0.75353944
vt 0.97417408 0.76706326
vt 0.97333443 0.74956387
vt 0.98963201 0.77530307
vt 0.97774905 0.77695554
vt 0.98317599 0.77648461
vt 0.15968798 0.79248011
vt 0.14408305 0.79743451
vt 0.14734593 0.79150695
vt 0.14564642 0.78169435
vt 0.15531157 0.80861264
vt 0.3577987 0.79131687
vt 0.34823522 0.79378289
vt 0.36498183 0.77947593
vt 0.35339695 0.78078103
vt 0.34904769 0.76484632
vt 0.45801085 0.96793807
vt 0.45876828 0.98628438
vt 0.44943464 0.9878177
vt 0.45542657 0.96173382
vt 0.097718231 0.74992067
vt 0.1095979 0.75216997
vt 0.104593 0.76514882
vt 0.11803181 0.76455235
vt 0.11063157 0.77646452
vt 0.85125709 0.84171361
vt 0.84985316 0.84318054
vt 0.83530015 0.84130615
vt 0.8422296 0.82896674
vt 0.84136546 0.85460103
vt 0.83261305 0.84906918
vt 0.85083067 0.84432048
vt 0.51669782 0.73414665
vt 0.50656027 0.72940707
vt 0.52265525 0.72241396
vt 0.53048104 0.7321012
vt 0.50433552 0.73525816
vt 0.51195556 0.71798015
vt 0.5086382 0.74605167
vt 0.6239785 0.73848403
vt 0.63609344 0.73422515
vt 0.63831693 0.74363667
vt 0.62437356 0.74765921
vt 0.62671006 0.75757277
vt 0.61330223 0.74175572
vt 0.61886251 0.7553845
vt 0.61787206 0.75258613
vt 0.62052572 0.76136827
vt 0.61300409 0.74264127
vt 0.61282533 0.74235177
vt 0.82843065 0.73451227
vt 0.81793857 0.72125816
vt 0.82560408 0.71885538
vt 0.8160615 0.7357136
vt 0.82846618 0.74174178
vt 0.81948036 0.74078077
vt 0.81571275 0.73954433
vt 0.8267175 0.74548531
vt 0.60261542 0.50903195
vt 0.61264813 0.50715244
vt 0.61398727 0.51446247
vt 0.5973345 0.51922166
vt 0.62135744 0.50087899
vt 0.61243165 0.52237332
vt 0.62555349 0.51280022
vt 0.6092692 0.52818501
vt 0.62316537 0.51847875
vt 0.61990744 0.52646303
vt 0.53863186 0.96784085
vt 0.54847074 0.98169345
vt 0.53737551 0.9850235
vt 0.53612727 0.99541229
vt 0.97550434 0.73819983
vt 0.97193158 0.72113681
vt 0.97747761 0.71981549
vt 0.98624104 0.73479253
vt 0.98631328 0.71821809
vt 0.98133504 0.7451216
vt 0.62886107 0.97232151
vt 0.64591885 0.96945882
vt 0.65574837 0.97981209
vt 0.66024333 0.90666753
vt 0.66017109 0.89009309
vt 0.66514933 0.9169966
vt 0.6745528 0.89301175
vt 0.67098004 0.91007483
vt 0.97060597 0.7143684
vt 0.96383095 0.71012366
vt 0.97138411 0.70726013
vt 0.98092771 0.71352541
vt 0.95690984 0.70801723
vt 0.98036796 0.70292521
vt 0.96193564 0.69670773
vt 0.98051852 0.69318199
vt 0.96557945 0.68711591
vt 0.97643131 0.6876663
vt 0.9421519 0.81731939
vt 0.95864314 0.81276983
vt 0.9441992 0.84015858
vt 0.27272174 0.80623782
vt 0.27943978 0.81534576
vt 0.26352969 0.82319033
vt 0.2630381 0.80695081
vt 0.25375566 0.82327527
vt 0.45784914 0.97375339
vt 0.46355012 0.97097421
vt 0.46314248 0.99638158
vt 0.067506984 0.67498553
vt 0.076424122 0.67925388
vt 0.071784891 0.68427324
vt 0.057410933 0.67478406
vt 0.051183846 0.68487799
vt 0.065155491 0.69893551
vt 0.052586034 0.69287956
vt 0.80005419 0.97854799
vt 0.78946596 0.98034036
vt 0.79201621 0.97232699
vt 0.79887766 0.95554835
vt 0.78451419 0.97289354
vt 0.034884356 0.75214183
vt 0.046360873 0.74213201
vt 0.05010619 0.75132269
vt 0.044988453 0.76221061
vt 0.038277801 0.73725802
vt 0.97189158 0.98051953
vt 0.98309851 0.9727971
vt 0.99430573 0.97160208
vt 0.99875116 0.96867704
vt 0.9845506 0.96509391
vt 0.051076714 0.65207267
vt 0.055610891 0.64224803
vt 0.068676643 0.6512453
vt 0.067788288 0.64529848
vt 0.068712942 0.62983245
vt 0.076712556 0.63853341
vt 0.057970498 0.63260114
vt 0.075331755 0.64827895
vt 0.98542869 0.95209813
vt 0.99855101 0.94714266
vt 0.97252202 0.9656657
vt 0.9862234 0.94476545
vt 0.6182037 0.72794914
vt 0.62799567 0.71596688
vt 0.63167292 0.73093921
vt 0.62414736 0.70524907
vt 0.6127637 0.70422471
vt 0.75596821 0.76968002
vt 0.75184417 0.77694225
vt 0.73765367 0.76533186
vt 0.75304741 0.76293409
vt 0.75123751 0.75231034
vt 0.74149477 0.75666672
vt 0.81980634 0.95600176
vt 0.82282257 0.94040489
vt 0.82742184 0.95807016
vt 0.81674469 0.96436441
vt 0.80246663 0.71245581
vt 0.80818462 0.72475553
vt 0.80137545 0.729936
vt 0.81079072 0.71707773
vt 0.80443406 0.70459741
vt 0.81583023 0.72403383
vt 0.7188139 0.68326354
vt 0.70993024 0.6766386
vt 0.72641575 0.67417312
vt 0.71735674 0.65982342
vt 0.70644939 0.66596723
vt 0.81425339 0.69384873
vt 0.80676848 0.69764924
vt 0.80857134 0.68930453
vt 0.8127799 0.68407416
vt 0.8209883 0.69832683
vt 0.80219376 0.69086277
vt 0.82375103 0.68934357
vt 0.81127012 0.6983304
vt 0.80101222 0.69833648
vt 0.82020599 0.68050361
vt 0.82383972 0.69832486
vt 0.8061552 0.69833291
vt 0.71439272 0.97725374
vt 0.72348619 0.97812998
vt 0.71402657 0.98003703
vt 0.71722126 0.97036731
vt 0.71512431 0.96888387
vt 0.72436517 0.95637929
vt 0.71480709 0.96173376
vt 0.71530867 0.956213
vt 0.81571406 0.6206581
vt 0.82386148 0.61297327
vt 0.83798468 0.62820375
vt 0.8183614 0.62750477
vt 0.83171088 0.63631916
vt 0.73403656 0.90225929
vt 0.72491562 0.90052867
vt 0.72913933 0.88022614
vt 0.72186619 0.87925476
vt 0.68275708 0.96862173
vt 0.69097316 0.96918583
vt 0.69578743 0.9771471
vt 0.67584908 0.9599815
vt 0.69826341 0.9621684
vt 0.69464475 0.97426468
vt 0.69116843 0.98027653
vt 0.73134547 0.99317193
vt 0.72018522 0.99693781
vt 0.72281069 0.98503983
vt 0.71594393 0.99655682
vt 0.70767844 0.98551685
vt 0.86754107 0.9213351
vt 0.87816882 0.91944921
vt 0.87736076 0.92979205
vt 0.86345297 0.93277347
vt 0.88636351 0.92718679
vt 0.92545772 0.86032367
vt 0.92970657 0.8485235
vt 0.93896312 0.86127627
vt 0.93530399 0.87022495
vt 0.93876952 0.85256934
vt 0.97435594 0.99644428
vt 0.96409309 0.97538072
vt 0.9690311 0.97357869
vt 0.9646461 0.97391915
vt 0.65054429 0.81336749
vt 0.65227723 0.82348937
vt 0.62905496 0.79990321
vt 0.29833698 0.79062909
vt 0.30352131 0.79871082
vt 0.28602958 0.79516751
vt 0.29122052 0.788827
vt 0.3051388 0.79369915
vt 0.29537988 0.80399364
vt 0.30104011 0.78420401
vt 0.28910717 0.80820841
vt 0.59688568 0.91861248
vt 0.60294509 0.91688973
vt 0.62128025 0.93321991
vt 0.92926013 0.78941113
vt 0.93805462 0.77416307
vt 0.93439746 0.79329991
vt 0.92611009 0.77879632
vt 0.94902903 0.77650791
vt 0.946612 0.78993392
vt 0.50654519 0.89460909
vt 0.51546848 0.90114218
vt 0.50425285 0.91733706
vt 0.56766325 0.97929347
vt 0.55832416 0.9757269
vt 0.56717372 0.97164071
vt 0.56518102 0.98256707
vt 0.55904067 0.96579772
vt 0.56822193 0.98295218
vt 0.56475151 0.9662376
vt 0.5682593 0.98378742
vt 0.56390309 0.9647162
vt 0.56908649 0.98823637
vt 0.61472386 0.95735061
vt 0.60489422 0.95619839
vt 0.61523789 0.93710279
vt 0.61545134 0.94740421
vt 0.61021131 0.93434167
vt 0.61609733 0.95559156
vt 0.61526638 0.93491548
vt 0.61548322 0.95718563
vt 0.74328458 0.66055655
vt 0.73538667 0.66398275
vt 0.72872692 0.64515328
vt 0.72201234 0.65644145
vt 0.72687292 0.66887057
vt 0.19165652 0.95123744
vt 0.21288496 0.95191205
vt 0.20906538 0.96434069
vt 0.60137773 0.88621843
vt 0.59778923 0.87456548
vt 0.60890609 0.87454766
vt 0.61909968 0.87457979
vt 0.099896066 0.68313384
vt 0.098027758 0.66295075
vt 0.11709966 0.66853404
vt 0.5196051 0.9602443
vt 0.53033596 0.95896608
vt 0.52447194 0.97955447
vt 0.16791175 0.98109555
vt 0.18978997 0.98161453
vt 0.17767489 0.98775846
vt 0.5574131 0.71405864
vt 0.55046803 0.69747794
vt 0.56893051 0.70473093
vt 0.56562549 0.69346607
vt 0.14954771 0.76474231
vt 0.13470131 0.76090765
vt 0.14481847 0.75902116
vt 0.12946582 0.77173913
vt 0.14070348 0.77755046
vt 0.69498217 0.79060638
vt 0.68821013 0.80867118
vt 0.67633283 0.80206537
vt 0.69819379 0.79948604
vt 0.67495203 0.97148389
vt 0.66819769 0.97359675
vt 0.67785645 0.95248508
vt 0.67166007 0.95101869
vt 0.87026536 0.74095845
vt 0.87934649 0.74894595
vt 0.8722434 0.76226288
vt 0.86407554 0.75439966
vt 0.99483669 0.85474992
vt 0.98292339 0.83850044
vt 0.98743665 0.83429271
vt 0.9732396 0.84681845
vt 0.97403657 0.61429214
vt 0.97732842 0.61900282
vt 0.97402108 0.62223512
vt 0.97189498 0.62128574
vt 0.97463375 0.63628542
vt 0.97298747 0.63195688
vt 0.98551041 0.63434535
vt 0.99058312 0.61931193
vt 0.98565102 0.61495513
vt 0.73753208 0.99235886
vt 0.74458414 0.9881196
vt 0.75890368 0.99585521
vt 0.59923697 0.66569459
vt 0.61596733 0.66332674
vt 0.60738778 0.68318385
vt 0.59767693 0.67559266
vt 0.44410059 0.97100627
vt 0.43905982 0.95347697
vt 0.44409576 0.96106398
vt 0.44283852 0.97190702
vt 0.44409153 0.95364606
vt 0.43340313 0.96379101
vt 0.88248801 0.91201711
vt 0.87294191 0.91818738
vt 0.86304706 0.90543699
vt 0.51549244 0.99622536
vt 0.50365907 0.99389571
vt 0.4997693 0.98956251
vt 0.49601588 0.99075454
vt 0.72213715 0.60525513
vt 0.71045071 0.6069752
vt 0.70858651 0.60066223
vt 0.71787024 0.62117398
vt 0.72691596 0.62172914
vt 0.70711797 0.61554599
vt 0.70688969 0.6017611
vt 0.2259506 0.7855261
vt 0.22177474 0.79229701
vt 0.22120067 0.77696258
vt 0.20673902 0.78124386
vt 0.20972382 0.79348576
vt 0.39640209 0.85170007
vt 0.39054114 0.87026632
vt 0.37986806 0.85082537
vt 0.84949327 0.83975679
vt 0.84692317 0.82730299
vt 0.85863906 0.83527017
vt 0.85244542 0.82063758
vt 0.80188024 0.93208432
vt 0.79267442 0.9326176
vt 0.80188131 0.92972571
vt 0.79316926 0.94565302
vt 0.80187213 0.94890487
vt 0.66548616 0.93063504
vt 0.66266227 0.949682
vt 0.65992463 0.93823457
vt 0.6716705 0.94772518
vt 0.59144884 0.79346645
vt 0.5903067 0.78724658
vt 0.60007286 0.78342068
vt 0.5824796 0.78633791
vt 0.59900391 0.77385861
vt 0.63064981 0.77753484
vt 0.61558646 0.77808738
vt 0.61997944 0.76473284
vt 0.62618107 0.75938654
vt 0.61247504 0.76596415
vt 0.84619582 0.88143343
vt 0.83509874 0.88638675
vt 0.8311469 0.86976516
vt 0.83778232 0.87146395
vt 0.95871598 0.97962761
vt 0.95768136 0.97790021
vt 0.97366798 0.96828806
vt 0.96006656 0.97375596
vt 0.18042512 0.96390796
vt 0.17649665 0.95409334
vt 0.19378993 0.95872188
vt 0.47990194 0.97944814
vt 0.49081069 0.98639345
vt 0.49041969 0.9958052
vt 0.5499264 0.92558748
vt 0.56700295 0.92085159
vt 0.56928867 0.93440843
vt 0.65926152 0.93314654
vt 0.65265495 0.92080516
vt 0.66131181 0.92174363
vt 0.64749819 0.93264383
vt 0.64420736 0.92829537
vt 0.54124618 0.94956297
vt 0.53602636 0.93177557
vt 0.54594904 0.94200176
vt 0.73675621 0.7771461
vt 0.73739314 0.78329009
vt 0.72215867 0.77619499
vt 0.72360933 0.79265314
vt 0.76096553 0.97001207
vt 0.77070057 0.97582608
vt 0.76573789 0.98773646
vt 0.61341631 0.8713994
vt 0.61286336 0.87047106
vt 0.6179105 0.86339492
vt 0.62814605 0.86638975
vt 0.61263549 0.85560536
vt 0.75436956 0.87711102
vt 0.76223344 0.87047958
vt 0.75734419 0.88247567
vt 0.76906842 0.87584871
vt 0.76332396 0.8859812
vt 0.44236684 0.96436173
vt 0.45327416 0.97134745
vt 0.4502483 0.98111397
vt 0.70498413 0.73441458
vt 0.69731253 0.74597526
vt 0.69971663 0.73134828
vt 0.69061202 0.73108208
vt 0.91476595 0.87048864
vt 0.92138553 0.88458401
vt 0.91468102 0.87880725
vt 0.90947139 0.8866753
vt 0.91536844 0.8863768
vt 0.20013463 0.97903973
vt 0.19770017 0.98823166
vt 0.18445653 0.98147738
vt 0.97350031 0.79321909
vt 0.97193205 0.77648741
vt 0.98332435 0.78925741
vt 0.98399061 0.78032172
vt 0.75373858 0.73392236
vt 0.73894978 0.74677408
vt 0.73935944 0.73188603
vt 0.45612872 0.90631562
vt 0.46064669 0.90665156
vt 0.46477267 0.90957433
vt 0.46207544 0.91819078
vt 0.46947256 0.90433145
vt 0.46158484 0.90309513
vt 0.79501063 0.94846213
vt 0.79721379 0.95898497
vt 0.78544068 0.96466559
vt 0.98783338 0.97211391
vt 0.99499935 0.97355729
vt 0.99836659 0.98750168
vt 0.58381724 0.98892385
vt 0.5746364 0.97906291
vt 0.58376527 0.97206157
vt 0.63671803 0.95861036
vt 0.64567959 0.95776576
vt 0.64444774 0.9719609
vt 0.16644073 0.96605027
vt 0.17094274 0.98022288
vt 0.16097717 0.96571785
vt 0.21418194 0.99580514
vt 0.20779058 0.99334347
vt 0.21335661 0.98289657
vt 0.20126605 0.98737645
vt 0.19992469 0.98071462
vt 0.20955454 0.974639
vt 0.51187956 0.98129022
vt 0.52479631 0.9802472
vt 0.52269369 0.98917854
vt 0.50468689 0.93386096
vt 0.50711161 0.92039067
vt 0.515028 0.93144011
vt 0.63715708 0.97567278
vt 0.63607144 0.98122013
vt 0.63288355 0.98769933
vt 0.63693422 0.9746685
vt 0.63391328 0.97425878
vt 0.63087595 0.97497481
vt 0.62818366 0.98245645
vt 0.3635917 0.79957986
vt 0.37682506 0.79533482
vt 0.36654007 0.80839229
vt 0.37418327 0.8057012
vt 0.53557706 0.97740906
vt 0.53646344 0.98826474
vt 0.52649671 0.98775655
vt 0.55313337 0.98760438
vt 0.55017829 0.97970659
vt 0.56308591 0.98130333
vt 0.57769209 0.94060719
vt 0.57113874 0.94916147
vt 0.56587338 0.94230413
vt 0.57313222 0.9382959
vt 0.57282025 0.93672693
vt 0.59003443 0.98372066
vt 0.60211843 0.97802776
vt 0.59098244 0.9887569
vt 0.59385902 0.9863829
vt 0.52407551 0.99279326
vt 0.51995635 0.99144089
vt 0.51421374 0.98828393
vt 0.51147431 0.99513817
vt 0.48539993 0.99665952
vt 0.48060334 0.99268579
vt 0.48525625 0.98395747
vt 0.64093488 0.9866755
vt 0.63578093 0.9825967
vt 0.63763082 0.97772294
vt 0.64138865 0.97941345
vt 0.64615178 0.98546928
vt 0.6431421 0.98748821
vt 0.20979354 0.99113929
vt 0.20051409 0.99551386
vt 0.19959037 0.99027652
vt 0.61596644 0.98268294
vt 0.60567921 0.98902351
vt 0.60449994 0.98102748
vt 0.45743963 0.99648595
vt 0.4490687 0.99135071
vt 0.45183858 0.99210912
vt 0.45493624 0.99177134
vt 0.45730609 0.9933446
vt 0.44952872 0.99452519
vt 0.45440689 0.9960255
vt 0.012609255 0.98893976
vt 0.0049317153 0.99631113
vt 0.0052489308 0.99459863
vt 0.0044973041 0.99576068
vt 0.51882613 0.99286902
vt 0.52515131 0.99091119
vt 0.52634192 0.99548173
vt 0.52800661 0.99623233
vt 0.52719617 0.9907968
vt 0.53407919 0.99157304
vt 0.16574474 0.99405915
vt 0.16246337 0.99642181
vt 0.16071352 0.99318331
vt 0.15757261 0.99247456
vt 0.1568096 0.99516308
vt 0.1573631 0.98998052
vt 0.53551513 0.98936474
vt 0.53615344 0.9961319
vt 0.53484941 0.99623245
vt 0.53935421 0.99316359
vt 0.0039485004 0.9951486
vt 0.0062664845 0.99351633
vt 0.0058476487 0.99470162
usemtl Tile_+033_+028_L18_00013_0
f 1199/2555 1178/2556 1267/2557
f 1246/1298 1245/1299 1249/1300
f 1197/2410 1198/2411 1170/2412
f 1240/1848 1238/1849 1239/1850
f 1199/1684 1200/1685 1209/1686
f 1231/2849 1224/2850 1215/2851
f 1168/1157 1213/1158 1218/1159
f 1197/1162 1218/1159 1213/1158
f 1303/1 1208/2 1276/3
f 1214/1165 1197/1162 1213/1158
f 1211/7 1296/16 1302/11
f 1208/770 1307/771 1276/772
f 1211/7 1302/11 1303/1
f 1307/771 1208/770 1189/773
f 1210/4 1211/7 1303/1
f 1191/112 1280/145 371/135
f 1262/2023 1265/2024 1268/2025
f 1178/2455 1199/2456 1184/2457
f 1198/2411 1197/2410 1214/2414
f 1213/1158 1168/1157 1183/1161
f 1199/2456 1202/2459 1184/2457
f 1169/1160 1218/1159 1221/1163
f 1171/2419 1208/2420 1212/2421
f 1170/2412 1198/2411 1196/2415
f 1177/2033 1274/2034 1185/2026
f 1178/2556 1194/2559 1267/2557
f 1656/2562 1263/2560 1659/2564
f 1169/1160 1168/1157 1218/1159
f 1200/2558 1267/2557 1263/2560
f 1171/2419 1207/2422 1208/2420
f 1172/1670 1192/1671 1171/1672
f 1171/1672 1212/1679 1607/1677
f 1608/1680 1306/1681 1610/1682
f 1301/8 1309/23 1605/19
f 1306/5 1301/8 1611/12
f 1189/773 1205/777 1204/774
f 1204/774 1307/771 1189/773
f 1309/23 1301/8 1305/17
f 1213/1158 1201/1170 1214/1165
f 1171/778 1193/780 1205/777
f 1664/3069 1205/3070 1665/3071
f 1198/2411 1209/2417 1196/2415
f 1201/1687 1199/1684 1209/1686
f 1289/50 1284/58 1308/41
f 1308/41 1290/37 1293/45
f 1276/3 1210/4 1303/1
f 1276/772 1204/774 1662/776
f 1276/772 1307/771 1204/774
f 1210/4 1276/3 1669/6
f 1303/1 1301/8 1306/5
f 1301/8 1302/11 1305/17
f 1297/32 1514/38 1300/29
f 1304/24 1299/22 1298/27
f 1304/24 1305/17 1302/11
f 1302/11 1299/22 1304/24
f 1296/16 1299/22 1302/11
f 1302/11 1301/8 1303/1
f 1298/27 1299/22 1296/16
f 1300/29 1298/27 1297/32
f 1297/32 1298/27 1296/16
f 1296/16 1291/31 1297/32
f 1673/15 1211/7 1674/10
f 1292/36 1291/31 1671/35
f 1667/77 1295/57 1679/88
f 1289/50 1293/45 1295/57
f 1290/37 1297/32 1291/31
f 1292/36 1293/45 1290/37
f 1293/45 1292/36 1678/44
f 1680/65 1293/45 1682/56
f 1282/67 1294/66 1666/89
f 1294/66 1289/50 1295/57
f 1289/50 1294/66 1282/67
f 1282/67 1284/58 1289/50
f 1293/45 1289/50 1308/41
f 1283/91 1284/58 1281/79
f 1279/3158 1285/3159 1286/3160
f 1286/3161 1285/3162 1288/3163
f 1286/3161 1288/3163 1279/3164
f 1278/90 1281/79 1282/67
f 1279/102 1288/111 1281/79
f 1279/102 1278/90 1684/110
f 1281/79 1284/58 1282/67
f 1278/90 1282/67 1277/101
f 1283/91 1281/79 1285/103
f 1287/113 1283/91 373/124
f 1285/103 1191/112 1283/91
f 1191/112 373/124 1283/91
f 373/124 1191/112 371/135
f 1686/154 1191/112 1687/153
f 372/155 1280/145 1688/166
f 1281/79 1288/111 1285/103
f 372/155 371/135 1280/145
f 1191/112 1285/103 1279/102
f 1658/134 1279/102 1685/123
f 1279/102 1281/79 1278/90
f 1277/101 1282/67 1683/100
f 1278/90 1277/101 1690/109
f 1163/2360 1235/2361 1241/2362
f 1692/1979 1255/1980 1693/1981
f 1222/3004 1274/3005 1219/3006
f 1274/3005 1177/3008 1219/3006
f 1182/2269 1181/2270 1694/2271
f 1234/2257 1228/2258 1229/2259
f 1237/2370 1261/2373 1696/2374
f 1275/1988 1260/1990 1254/1985
f 1275/1988 1258/1982 1700/1987
f 1201/1170 1213/1158 1202/1169
f 1270/1860 1273/1857 1271/1855
f 1238/1181 1233/1179 1190/1178
f 1264/1854 1240/1848 1702/1851
f 1261/1993 1275/1988 1701/1992
f 1244/2875 1273/2876 1269/2877
f 1233/1852 1240/1848 1271/1855
f 1180/1858 1264/1854 1703/1856
f 1271/1855 1240/1848 1264/1854
f 1271/1855 1273/1857 1233/1852
f 1244/1176 1233/1179 1273/1180
f 1233/1852 1238/1849 1240/1848
f 1272/2027 1262/2023 1270/2031
f 1270/2031 1262/2023 1269/2035
f 1272/1859 1270/1860 1271/1855
f 1269/2035 1273/2036 1270/2031
f 1271/1855 1264/1854 1272/1859
f 1239/2282 1190/2279 1698/2280
f 1180/1858 1182/1862 1264/1854
f 1269/2877 1222/2879 1179/2878
f 1179/2878 1244/2875 1269/2877
f 1265/1863 1272/1859 1264/1854
f 1224/2850 1231/2849 1225/2853
f 1262/2023 1222/2030 1269/2035
f 1184/1164 1183/1161 1222/1168
f 1177/3008 1184/3007 1219/3006
f 1179/1172 1222/1168 1169/1160
f 1182/1862 1263/1866 1264/1854
f 1263/1866 1265/1863 1264/1854
f 1185/2026 1222/2030 1262/2023
f 1274/2034 1222/2030 1185/2026
f 1268/2025 1185/2026 1262/2023
f 1262/2023 1272/2027 1265/2024
f 1266/2028 1194/2032 1268/2025
f 1660/1867 1182/1862 1695/1868
f 1194/2559 1266/2561 1267/2557
f 1265/2024 1266/2028 1268/2025
f 1268/2025 1178/2029 1185/2026
f 1614/1104 1259/1105 1615/1106
f 1163/2360 1237/2370 1707/2369
f 1167/2371 1261/2373 1237/2370
f 1251/1113 1257/1110 1174/1107
f 1261/2373 1167/2371 1260/2375
f 1175/1314 1259/1315 1256/1311
f 1252/1308 1176/1310 1256/1311
f 1259/1105 1174/1107 1257/1110
f 1254/1985 1255/1980 1258/1982
f 1251/1303 1256/1311 1257/1312
f 1258/1982 1275/1988 1254/1985
f 1250/1307 1176/1310 1252/1308
f 1256/1311 1259/1315 1257/1312
f 1250/1307 1253/1302 1255/1306
f 1255/1306 1254/1309 1250/1307
f 1250/1307 1252/1308 1251/1303
f 1251/1303 1253/1302 1250/1307
f 1245/1299 1248/1304 1253/1302
f 1247/1123 1245/1122 1617/1121
f 1712/1125 1618/1124 1738/1126
f 1253/1302 1249/1300 1245/1299
f 1245/1299 1247/1305 1248/1304
f 1248/1989 1247/1994 1713/1991
f 1255/1980 1248/1989 1715/1986
f 1620/1117 1173/1112 1621/1115
f 1242/2264 1172/2262 1624/2266
f 1243/2263 1234/2257 1236/2260
f 1175/2265 1236/2260 1242/2264
f 1259/1315 1175/1314 1242/1318
f 1243/3261 1166/3262 1241/3263
f 1615/1106 1242/1108 1626/1111
f 1166/2267 1243/2263 1175/2265
f 1260/1313 1167/1317 1166/1316
f 1165/1319 1166/1316 1167/1317
f 1163/2360 1167/2371 1237/2370
f 1702/1851 1239/1850 1706/1853
f 1190/1178 1239/1182 1238/1181
f 1233/1179 1187/1175 1190/1178
f 1233/1179 1244/1176 1187/1175
f 1234/3264 1243/3261 1241/3263
f 1165/1319 1163/1320 1241/1321
f 1187/1175 1223/1171 1232/1174
f 1163/2360 1230/2363 1235/2361
f 1236/2260 1234/2257 1229/2259
f 1234/2364 1241/2362 1235/2361
f 1163/2360 1162/2365 1230/2363
f 1231/2849 1216/2852 1230/2854
f 1242/2264 1236/2260 1172/2262
f 1234/3323 1230/3324 1228/3325
f 1234/2364 1235/2361 1230/2363
f 1230/3324 1227/3326 1228/3325
f 1221/1163 1215/1167 1224/1173
f 1221/1163 1232/1174 1223/1171
f 1187/1175 1232/1174 1190/1178
f 1190/1178 1232/1174 1225/1177
f 1230/2854 1162/2855 1231/2849
f 1206/2886 1164/2887 1717/2888
f 1225/2853 1162/2855 1186/2856
f 1186/2283 1190/2279 1225/2286
f 1190/2279 1226/2281 1220/2277
f 1720/3215 1217/3216 1721/3217
f 1186/2283 1226/2281 1190/2279
f 1226/2281 1186/2283 1217/2284
f 1188/1166 1169/1160 1221/1163
f 1164/2887 1195/2890 1186/2893
f 1722/2276 1181/2270 1723/2273
f 1162/2855 1225/2853 1231/2849
f 1225/1177 1232/1174 1224/1173
f 1221/1163 1224/1173 1232/1174
f 1228/786 1227/789 1216/783
f 1192/2261 1172/2262 1229/2259
f 1216/783 1192/781 1228/786
f 1230/791 1216/783 1227/789
f 1192/781 1216/783 1193/780
f 1187/1175 1188/1166 1223/1171
f 1221/1163 1223/1171 1188/1166
f 1226/2281 1217/2284 1220/2277
f 1218/1159 1215/1167 1221/1163
f 1220/3220 1217/3216 1181/3218
f 1195/2416 1215/2418 1218/2413
f 1170/2412 1195/2416 1218/2413
f 1215/787 1195/785 1193/780
f 1215/787 1193/780 1216/783
f 1209/2417 1198/2411 1214/2414
f 1674/10 1210/4 1676/14
f 1209/1686 1200/1685 1655/1688
f 1267/2557 1200/2558 1199/2555
f 1195/2707 1170/2708 1217/2709
f 1661/3075 1203/3072 1663/3073
f 1202/1690 1199/1684 1201/1687
f 1672/26 1296/16 1673/15
f 1205/3070 1203/3072 1204/3074
f 1306/2423 1212/2421 1208/2420
f 1189/773 1207/775 1171/778
f 1665/784 1206/782 1728/788
f 1192/2261 1229/2259 1228/2258
f 1222/1168 1183/1161 1169/1160
f 1197/2410 1170/2412 1218/2413
f 1184/1164 1202/1169 1213/1158
f 1171/778 1192/781 1193/780
f 1214/1689 1201/1687 1209/1686
f 1208/770 1207/775 1189/773
f 1205/777 1189/773 1171/778
f 1196/1693 1209/1686 1726/1691
f 1306/5 1208/2 1303/1
f 1290/37 1291/31 1292/36
f 1699/2278 1220/2277 1722/2276
f 1164/2887 1162/2895 1730/2894
f 1723/2273 1182/2269 1732/2275
f 1162/2365 1163/2360 1719/2366
f 1222/3004 1219/3006 1184/3007
f 1244/1176 1179/1172 1187/1175
f 1166/3262 1165/3265 1241/3263
f 1251/1303 1173/1301 1249/1300
f 1179/1172 1169/1160 1188/1166
f 1178/2029 1177/2033 1185/2026
f 1268/2025 1194/2032 1178/2029
f 1184/2457 1177/2458 1178/2455
f 1266/2561 1265/2563 1267/2557
f 1263/2560 1267/2557 1265/2563
f 1176/1310 1260/1313 1166/1316
f 1236/2260 1175/2265 1243/2263
f 1256/1311 1176/1310 1175/1314
f 1166/1316 1175/1314 1176/1310
f 1251/1303 1252/1308 1256/1311
f 1261/1993 1260/1990 1275/1988
f 1260/1313 1176/1310 1254/1309
f 1173/1112 1251/1113 1174/1107
f 1173/1112 1174/1107 1616/1109
f 1253/1302 1248/1304 1255/1306
f 1254/1309 1176/1310 1250/1307
f 1249/1300 1253/1302 1251/1303
f 1246/1298 1249/1300 1173/1301
f 1617/1121 1246/1118 1623/1120
f 1163/1320 1165/1319 1167/1317
f 1164/2887 1186/2893 1162/2895
f 1732/1865 1180/1858 1733/1864
f 1188/1166 1187/1175 1179/1172
f 1172/2262 1236/2260 1229/2259
f 1172/1670 1171/1672 1628/1673
f 1186/2710 1195/2707 1217/2709
f 1183/1161 1168/1157 1169/1160
f 1724/2711 1170/2708 1734/2712
f 1205/777 1193/780 1206/782
f 1734/2712 1196/2713 1735/2714
f 1164/2887 1206/2886 1195/2890
f 1216/2852 1231/2849 1215/2851
f 1193/780 1195/785 1206/782
f 1183/1161 1184/1164 1213/1158
f 1508/3165 941/3166 943/3167
f 1000/512 1093/513 1365/514
f 1575/1869 1604/1870 1531/1871
f 1056/1183 1331/1184 1392/1185
f 1572/1249 1570/1250 1573/1251
f 1054/1753 1462/1754 1455/1755
f 1599/1874 1600/1882 1601/1877
f 1597/1267 1591/1263 1595/1264
f 1145/1775 1580/1776 584/1777
f 1066/2206 1024/2207 1120/2208
f 1590/1273 1426/1265 1584/1270
f 1584/2525 1594/2526 1588/2527
f 1156/2574 1565/2575 1135/2576
f 1131/2493 1559/2494 938/2495
f 1522/3308 1604/3309 1575/3310
f 1425/999 1440/1000 1441/1001
f 1598/2533 1113/2535 1142/2532
f 1593/2531 1598/2533 1142/2532
f 1583/2530 1142/2532 1581/2528
f 1405/1886 1406/1887 1436/1888
f 1145/1775 995/1778 1506/1780
f 1398/1655 1449/1656 1058/1657
f 1106/2182 1084/2183 1560/2184
f 1121/2768 1147/2769 1146/2770
f 1435/1891 1406/1887 724/1894
f 1547/892 1554/893 1546/894
f 1132/908 1550/899 1555/907
f 1438/2185 1116/2187 1433/2189
f 1300/906 1516/913 1553/911
f 1551/895 1547/892 1546/894
f 1550/899 1547/892 1551/895
f 1085/61 1548/72 1516/42
f 1548/2490 1543/2491 1516/2492
f 1398/2910 1445/2911 1449/2912
f 1559/2494 1131/2493 1130/2497
f 1121/2768 1146/2770 956/2771
f 1121/3283 1081/3284 1147/3285
f 1122/76 943/99 1632/87
f 1532/97 1533/86 1089/43
f 1538/2079 1080/2080 1529/2081
f 1142/2163 1143/2164 1581/2165
f 1527/93 1144/115 1143/127
f 1514/38 1525/54 1562/47
f 1522/1873 1570/1883 1521/1879
f 1522/1873 1531/1871 1604/1870
f 1596/1881 1599/1874 1129/1876
f 1552/909 1300/906 1553/911
f 1103/936 1099/937 1086/938
f 1531/1871 1522/1873 1523/1875
f 1075/2989 980/2990 1561/2991
f 1076/1275 1077/1276 1568/1277
f 1511/69 1510/94 949/105
f 1599/1874 1596/1881 1600/1882
f 1113/2037 1141/2038 1596/2039
f 1587/1269 1591/1263 1597/1267
f 1583/2530 1593/2531 1142/2532
f 1598/2533 1593/2531 1587/2529
f 1602/1256 1573/1251 1575/1254
f 1114/1601 1153/1602 1572/1603
f 1570/1883 1522/1873 1575/1869
f 1603/1872 1575/1869 1531/1871
f 1575/1254 1601/1258 1602/1256
f 1599/1874 1575/1869 1603/1872
f 1111/2040 1596/2039 1129/2042
f 1141/1271 1597/1267 1596/1266
f 1138/2469 1574/2470 1139/2471
f 1111/2040 1113/2037 1596/2039
f 1113/2535 1598/2533 1586/2534
f 1573/1251 1602/1256 1576/1257
f 1596/1266 1595/1264 1592/1261
f 1586/1272 1597/1267 1141/1271
f 1592/1261 1591/1263 1442/1262
f 1576/1257 1602/1256 1139/1260
f 1138/2469 1589/2472 1430/2475
f 1427/1062 1414/1063 1413/1064
f 1592/1261 1139/1260 1602/1256
f 1602/1256 1601/1258 1600/1259
f 1426/1265 1594/1268 1584/1270
f 1597/1267 1595/1264 1596/1266
f 1426/1265 1591/1263 1594/1268
f 1139/1260 1592/1261 1442/1262
f 1587/2529 1588/2527 1594/2526
f 1591/1263 1587/1269 1594/1268
f 1593/2531 1583/2530 1588/2527
f 1588/2527 1587/2529 1593/2531
f 1582/2579 1423/2581 1424/2582
f 1589/2472 1053/2477 1430/2475
f 1426/1265 1442/1262 1591/1263
f 1597/1267 1586/1272 1587/1269
f 1421/2577 1135/2576 1505/2578
f 1424/1287 1507/1285 1582/1283
f 1588/2527 1583/2530 1581/2528
f 1137/1291 1136/1288 1507/1285
f 1584/2169 1581/2165 1155/2167
f 1584/2525 1588/2527 1581/2528
f 1584/1270 1157/1274 1590/1273
f 1569/2725 1561/2726 1568/2727
f 1109/2287 572/2288 1135/2289
f 1507/1285 1127/1281 1582/1283
f 1421/2577 1582/2579 1156/2574
f 1135/2576 1421/2577 1156/2574
f 1127/1281 1156/1279 1582/1283
f 516/1014 1158/1018 1566/1022
f 1127/1281 558/1289 991/1286
f 530/136 984/146 1144/115
f 724/1894 1406/1887 1432/1893
f 1145/1775 584/1777 995/1778
f 1579/2082 1538/2079 1529/2081
f 1427/1062 1578/1068 1415/1066
f 1145/1495 1564/1496 986/1497
f 1154/1071 576/1075 997/1069
f 1427/1062 1413/1064 1066/1065
f 1579/2082 720/2083 1538/2079
f 576/1075 513/1077 997/1069
f 1145/1495 1506/1498 1564/1496
f 1571/2084 995/2086 720/2083
f 1131/2493 1431/2496 1402/2500
f 947/1723 1538/1724 950/1725
f 1431/2496 1131/2493 938/2495
f 1571/2084 1506/2088 995/2086
f 950/2085 1538/2079 720/2083
f 1446/562 1429/563 1578/564
f 1579/2082 1571/2084 720/2083
f 1118/1067 1115/1074 1577/1072
f 1118/1067 1578/1068 1427/1062
f 1427/1062 1415/1066 1414/1063
f 1577/565 1446/562 1578/564
f 1139/3357 1574/3358 1576/3359
f 1578/1068 1118/1067 1577/1072
f 1138/2469 1446/2478 1577/2479
f 1571/1500 1567/1501 1564/1496
f 1579/1503 1563/1504 1567/1501
f 1506/1498 1571/1500 1564/1496
f 1118/1067 1066/1065 997/1069
f 986/1779 1580/1776 1145/1775
f 1573/1251 1576/1257 1574/1255
f 1572/1603 1153/1602 1152/1605
f 1114/1252 1573/1251 1574/1255
f 1570/1250 1575/1254 1573/1251
f 1572/1249 1152/1253 1570/1250
f 1574/2470 1138/2469 1114/2473
f 1114/2473 1138/2469 1115/2476
f 1114/1252 1572/1249 1573/1251
f 1571/1500 1579/1503 1567/1501
f 1529/1505 1563/1504 1579/1503
f 1529/53 1085/61 1516/42
f 997/1069 1119/1070 1118/1067
f 1119/1606 1525/1604 1114/1601
f 1525/1604 1153/1602 1114/1601
f 1531/1871 1129/1876 1599/1874
f 1570/1883 1152/1885 1518/1884
f 1125/1284 1126/1280 1127/1281
f 1568/1277 1156/1279 1109/1278
f 1527/2166 1143/2164 1142/2163
f 1510/94 1511/69 1512/80
f 1112/2043 1527/2048 1142/2045
f 1111/2040 1129/2042 1078/2044
f 1516/42 1562/47 1529/53
f 1110/1025 1566/1022 1155/1024
f 1527/93 1511/69 1125/104
f 1109/2287 583/2291 572/2288
f 583/2291 541/2294 572/2288
f 1144/1027 1110/1025 1524/1026
f 1567/73 1563/62 1562/47
f 512/85 979/98 1562/47
f 1117/84 1562/47 979/98
f 996/63 1160/75 1562/47
f 512/1080 1160/1078 997/1069
f 1160/75 512/85 1562/47
f 1565/2728 1156/2729 1568/2727
f 980/2730 1565/2728 1561/2726
f 1155/1024 1524/1026 1110/1025
f 1569/2794 1513/2795 990/2796
f 990/2992 1561/2991 1569/2993
f 1568/2727 1561/2726 1565/2728
f 1117/1499 986/1497 1564/1496
f 1567/1501 1117/1499 1564/1496
f 1563/62 1529/53 1562/47
f 1117/84 1567/73 1562/47
f 946/175 940/162 1121/150
f 940/162 1534/142 1121/150
f 954/1899 956/1902 1437/1896
f 1559/2494 993/2501 953/2498
f 938/2495 1559/2494 953/2498
f 1108/665 1019/666 1095/667
f 1557/3036 1504/3037 1104/3038
f 1104/2193 1504/2195 1403/2191
f 1405/3339 1434/3340 1404/3341
f 1438/1889 1436/1888 1106/1892
f 1560/2184 1116/2187 1438/2185
f 1437/1896 1435/1891 724/1894
f 1556/2631 1508/2632 943/2633
f 1533/2636 1401/2637 1556/2631
f 1536/2324 1400/2325 1401/2326
f 1116/2187 1104/2193 1403/2191
f 1403/2191 1433/2189 1116/2187
f 1146/2770 1558/2774 956/2771
f 1508/2329 1534/2328 941/2330
f 943/99 952/143 1634/133
f 723/2685 1123/2686 956/2687
f 1557/2505 1528/2502 1131/2493
f 1106/1892 1436/1888 1146/1895
f 943/2633 1122/2634 1556/2631
f 1122/2634 1533/2636 1556/2631
f 1131/2493 1504/2504 1557/2505
f 1560/2184 1537/2186 1116/2187
f 1537/3295 1105/3296 1116/3297
f 1532/984 1151/985 1101/986
f 1541/942 1099/937 1100/941
f 1397/1196 1134/1198 1399/1192
f 1445/1199 1398/1194 1134/1198
f 1460/2826 1040/2827 1502/2828
f 1102/939 1028/947 1445/944
f 1134/1198 1100/1201 1445/1199
f 1094/668 1108/665 1095/667
f 1549/897 1539/902 1545/905
f 1542/912 1552/909 1553/911
f 1544/903 1551/895 1305/898
f 1552/909 1542/912 1132/908
f 1542/912 1553/911 1516/913
f 1305/17 1517/28 1309/23
f 1546/894 1554/893 1549/897
f 1517/901 1546/894 1549/897
f 1551/895 1544/903 1550/899
f 1544/903 1552/909 1555/907
f 1555/907 1552/909 1132/908
f 1544/903 1555/907 1550/899
f 1554/893 1547/892 1107/896
f 1547/892 1550/899 1133/900
f 1107/896 1547/892 1133/900
f 1098/675 1097/671 1554/679
f 1539/680 1554/679 1097/671
f 1107/1202 1098/1200 1554/1203
f 1549/897 1554/893 1539/902
f 1089/43 1545/33 1539/49
f 1545/905 1517/901 1549/897
f 1305/898 1551/895 1546/894
f 1631/34 1545/33 1636/39
f 1517/28 1545/33 1309/23
f 1546/894 1517/901 1305/898
f 1300/906 1552/909 1544/903
f 1532/945 1101/943 1087/940
f 1548/72 1085/61 1087/83
f 1089/987 1151/985 1532/984
f 1146/1895 1081/1900 1083/1898
f 1305/17 1304/24 1300/29
f 1100/1201 1540/1204 1541/1205
f 1087/83 1541/96 1548/72
f 1541/910 1543/914 1548/915
f 1516/913 1543/914 1542/912
f 1542/912 1543/914 1541/910
f 1541/910 1540/904 1132/908
f 1133/900 1540/904 1107/896
f 1099/937 1541/942 1087/940
f 1532/97 1087/83 1085/61
f 1533/86 1122/76 1089/43
f 1089/43 1122/76 1633/64
f 1083/107 1081/131 1535/120
f 1534/2328 1508/2329 1400/2325
f 1537/2186 1560/2184 1084/2183
f 1528/71 1080/82 993/95
f 1146/1895 1083/1898 1106/1892
f 943/99 942/151 952/143
f 941/163 1534/142 940/162
f 1535/120 1121/150 1534/142
f 1085/61 1083/107 1532/97
f 1146/2770 1147/2769 1081/2772
f 1083/107 1535/120 1533/86
f 1532/97 1083/107 1533/86
f 1534/142 1536/132 1535/120
f 1533/86 1535/120 1536/132
f 1121/2768 956/2771 946/2773
f 1528/3039 1557/3036 1104/3038
f 1537/3040 1528/3039 1104/3038
f 993/2501 1130/2497 1528/2502
f 1081/3284 1082/3286 1535/3287
f 1104/3038 1105/3041 1537/3040
f 1537/2621 1085/2622 1528/2623
f 1085/61 1529/53 1528/71
f 945/106 993/95 1080/82
f 1080/1727 1538/1724 947/1723
f 1529/53 1080/82 1528/71
f 1125/104 1144/115 1527/93
f 1144/115 1526/126 530/136
f 1125/104 1526/126 1144/115
f 1079/70 1078/81 1128/60
f 1531/1871 1523/1875 1530/1878
f 1527/2048 1112/2043 1079/2047
f 1521/1879 1570/1883 1518/1884
f 1530/1878 1128/1880 1531/1871
f 1525/1604 1518/1609 1152/1605
f 1161/74 996/63 1525/54
f 1524/137 1143/127 1144/115
f 1525/54 996/63 1562/47
f 1128/1880 1530/1878 1523/1875
f 1525/1604 1119/1606 1161/1608
f 1079/70 1511/69 1527/93
f 583/138 1076/128 980/147
f 1519/51 1520/59 1511/69
f 1079/70 1128/60 1519/51
f 1523/1875 1521/1879 1128/1880
f 1520/59 1519/51 1308/41
f 1521/1879 1523/1875 1522/1873
f 1308/41 1515/68 1520/59
f 1515/68 1512/80 1520/59
f 1521/46 1518/52 1514/38
f 1521/46 1514/38 1308/41
f 1518/52 1525/54 1514/38
f 1308/41 1519/51 1521/46
f 1515/68 1308/41 1284/58
f 1514/38 1297/32 1308/41
f 1290/37 1308/41 1297/32
f 1516/42 1514/38 1562/47
f 1300/906 1544/903 1305/898
f 1300/29 1304/24 1298/27
f 1300/29 1514/38 1516/42
f 1075/159 532/148 980/147
f 1512/80 1284/58 384/92
f 1513/117 1511/69 949/105
f 1512/80 1511/69 1520/59
f 1512/80 1515/68 1284/58
f 1287/113 384/92 1283/91
f 384/92 1510/94 1512/80
f 1283/91 384/92 1284/58
f 949/105 1509/114 383/125
f 1510/94 1509/114 949/105
f 1568/1277 1109/1278 1076/1275
f 990/129 1513/117 949/105
f 1568/2797 1077/2798 1513/2795
f 583/1282 1126/1280 1125/1284
f 1511/69 1077/116 1125/104
f 384/92 1509/114 1510/94
f 1382/519 1383/525 1001/522
f 1403/2191 1404/2196 1434/2192
f 734/1402 1478/1403 1477/1404
f 916/1408 1478/1403 928/1405
f 1472/1011 1474/1019 1480/1012
f 1440/1000 1481/1004 1441/1001
f 1010/1575 1352/1576 1090/1577
f 1501/1764 1499/1765 1459/1767
f 1459/581 1452/578 1501/587
f 1389/1599 1035/1591 1036/1595
f 1036/1595 1035/1591 1486/1586
f 1486/1586 1033/1590 1039/1594
f 1386/1790 1014/1791 1013/1792
f 1503/1933 1495/1934 919/1935
f 737/1028 1043/1029 1471/1030
f 1349/693 1348/694 1484/695
f 1091/1578 1010/1575 1090/1577
f 1031/1191 1392/1185 1330/1188
f 1322/2922 1328/2923 1330/2924
f 1328/2923 1322/2922 1317/2926
f 1388/1598 1385/1592 1035/1591
f 1350/705 1343/702 1358/704
f 1350/2948 1358/2949 1357/2950
f 1351/1357 1354/1358 1149/1359
f 1068/2298 1353/2299 1069/2300
f 1068/2644 1352/2645 1369/2646
f 1364/2303 1366/2302 1353/2299
f 1376/2376 1374/2377 1378/2378
f 1386/3183 1376/3184 1378/3185
f 1464/2536 1497/2537 1388/2538
f 1022/992 1015/995 1049/988
f 1396/1186 1399/1192 1055/1189
f 1058/1657 1055/1658 1398/1655
f 1049/988 1015/995 1050/997
f 718/2087 950/2085 720/2083
f 1442/1006 1426/1002 1441/1001
f 1422/1010 516/1014 981/1017
f 1417/567 1429/563 1408/568
f 1507/1285 1424/1287 1137/1291
f 1582/2579 1421/2577 1423/2581
f 1448/1669 1454/1666 1453/1664
f 1462/1754 1444/1760 1481/1762
f 1477/1404 1478/1403 1491/1406
f 1499/1765 1501/1764 1480/1763
f 1045/2460 1482/2461 1411/2462
f 1472/1011 1410/1007 1468/1015
f 1041/588 1428/573 1476/586
f 1042/590 1458/589 1470/583
f 1460/1665 1502/1663 1159/1661
f 1442/2474 1053/2477 1589/2472
f 1439/1013 1442/1006 1444/1009
f 1037/2831 1148/2829 1496/2830
f 1411/2060 1046/2061 1477/2062
f 917/1414 930/1411 916/1408
f 1490/2466 1495/2467 1044/2464
f 1469/1943 1475/1940 607/1944
f 1490/2466 1045/2460 1491/2465
f 1044/1937 1503/1933 1475/1940
f 1044/1937 1495/1934 1503/1933
f 1045/2460 1490/2466 1044/2464
f 1472/1011 1440/1000 1410/1007
f 1472/1032 1468/1034 726/1031
f 1501/587 1452/578 1456/582
f 1500/1766 1471/1770 1498/1768
f 1472/1771 1471/1770 1500/1766
f 1471/1770 1043/1773 1498/1768
f 1498/1768 926/1772 1459/1767
f 1459/2638 925/2639 912/2640
f 920/1774 926/1772 1498/1768
f 1470/583 1458/589 1461/579
f 1459/581 1476/586 1428/573
f 1041/588 1476/586 1459/581
f 1393/2542 1464/2536 1457/2539
f 1464/1801 1029/1802 1064/1796
f 1330/1188 1392/1185 1331/1184
f 1058/1657 1159/1661 1502/1663
f 1324/710 1325/715 1344/713
f 1492/1052 1494/1057 1493/1059
f 1480/1763 1474/1769 1500/1766
f 1499/1765 1480/1763 1500/1766
f 1039/2832 1040/2827 1454/2833
f 1496/2830 1148/2829 1040/2827
f 1502/721 1325/715 1320/718
f 1325/715 1326/714 1320/718
f 1457/2539 1388/2538 1389/2541
f 1035/1591 1389/1599 1388/1598
f 1335/2901 1386/2902 1052/2903
f 1496/1597 1039/1594 1033/1590
f 1492/2641 1459/2638 912/2640
f 1494/1057 1492/1052 911/1049
f 1042/590 1041/588 1492/592
f 1317/2926 1322/2922 1333/2928
f 1039/1594 1036/1595 1486/1586
f 1496/1597 1033/1590 1037/1593
f 1497/1803 1464/1801 1065/1798
f 911/1049 1492/1052 912/1041
f 1042/1804 645/1805 921/1806
f 1475/1940 908/1936 779/1942
f 1475/1940 1503/1933 908/1936
f 1495/1934 1489/1938 919/1935
f 908/1936 1503/1933 919/1935
f 1491/1406 916/1408 930/1411
f 916/1408 1491/1406 1478/1403
f 1489/1938 930/1941 919/1935
f 1495/2467 1490/2466 1489/2468
f 1491/2465 1045/2460 1477/2463
f 1489/1413 1491/1406 930/1411
f 1489/2468 1490/2466 1491/2465
f 1493/1810 906/1807 1042/1804
f 1494/1057 911/1049 907/1058
f 1493/1810 1494/1814 906/1807
f 1485/1583 1385/1592 1381/1587
f 1485/1583 1035/1591 1385/1592
f 1486/1586 1485/1583 1091/1578
f 1485/1583 1486/1586 1035/1591
f 1034/1585 1037/1593 1033/1590
f 1091/1578 1033/1590 1486/1586
f 1054/570 1450/575 1451/572
f 1493/595 1042/590 1492/592
f 1091/1578 1060/1582 1034/1585
f 1091/1578 1479/1580 1060/1582
f 1487/716 1343/702 1344/713
f 1485/1583 1011/1579 1091/1578
f 1060/2896 1487/2897 1488/2898
f 1487/716 1344/713 1325/715
f 1488/723 1487/716 1034/719
f 1343/2900 1487/2897 1060/2896
f 1011/1579 1485/1583 1381/1587
f 1370/2590 1380/2591 1387/2592
f 1385/1592 1065/1596 1381/1587
f 1378/1793 1377/1795 1014/1791
f 1065/2593 1387/2592 1381/2595
f 1068/2644 1369/2646 1353/2647
f 1008/2480 1360/2481 1368/2482
f 1090/1577 1483/1584 1059/1581
f 1061/3336 1483/3337 1069/3338
f 1061/699 1360/696 1484/695
f 1149/1359 1346/1365 1342/1362
f 1059/1581 1479/1580 1090/1577
f 1483/1584 1061/1589 1059/1581
f 1011/1579 1010/1575 1091/1578
f 1387/2592 1379/2594 1381/2595
f 1379/2652 1373/2649 1381/2651
f 1059/697 1484/695 1348/694
f 1061/699 1484/695 1059/697
f 928/1405 1478/1403 734/1402
f 1430/566 1429/563 1446/562
f 1410/1007 1440/1000 1157/1003
f 1467/2445 1466/2446 1465/2447
f 1440/1000 1472/1011 1473/1008
f 1463/1758 1462/1754 1481/1762
f 1481/1762 1480/1763 1463/1758
f 1473/1008 1480/1012 1481/1004
f 1481/1004 1440/1000 1473/1008
f 1475/1940 1469/1943 1044/1937
f 1466/2446 1467/2445 1469/2449
f 1501/1764 1456/1759 1480/1763
f 1499/1765 1500/1766 1498/1768
f 1477/2463 1045/2460 1411/2462
f 1044/2453 1469/2449 1467/2445
f 1499/1765 1498/1768 1459/1767
f 1015/2248 1005/2249 1050/2250
f 607/1944 1468/1947 1469/1943
f 607/1944 1475/1940 779/1942
f 726/1031 737/1028 1471/1030
f 1046/2061 734/2064 1477/2062
f 734/2064 1046/2061 732/2067
f 1411/2060 1420/2068 1424/2065
f 1467/2445 1482/2451 1044/2453
f 1411/2060 1465/2070 1420/2068
f 1411/2448 1482/2451 1467/2445
f 1465/2447 1411/2448 1467/2445
f 1409/2450 1465/2447 1466/2446
f 1480/1012 1473/1008 1472/1011
f 1428/573 1408/568 1451/572
f 1410/1007 1157/1003 1422/1010
f 1410/1297 1026/1295 1409/1294
f 1410/2454 1409/2450 1466/2446
f 1423/2066 730/2069 1046/2061
f 1466/2446 1468/2452 1410/2454
f 1466/2446 1469/2449 1468/2452
f 1468/1947 607/1944 726/1948
f 1471/1030 1472/1032 726/1031
f 1461/579 1023/576 1428/573
f 1063/954 1464/957 1393/959
f 1428/573 1470/583 1461/579
f 1408/568 1054/570 1451/572
f 1462/1754 1054/1753 1439/1757
f 1455/1755 1462/1754 1463/1758
f 1455/1755 1450/1756 1054/1753
f 431/591 1419/584 1458/589
f 431/591 736/594 1419/584
f 1391/952 1063/954 1390/956
f 1393/959 1390/956 1063/954
f 430/2215 576/2213 1418/2211
f 922/596 924/593 1042/590
f 1428/573 1451/572 1452/578
f 1459/2638 926/2642 925/2639
f 1458/589 1042/590 924/593
f 431/591 1458/589 924/593
f 1452/578 1450/575 1456/582
f 1456/1759 1455/1755 1463/1758
f 1480/1763 1456/1759 1463/1758
f 1450/1756 1455/1755 1456/1759
f 1451/572 1450/575 1452/578
f 1470/583 1428/573 1041/588
f 1159/1661 1453/1664 1454/1666
f 1021/1667 1448/1669 1453/1664
f 1040/1668 1460/1665 1159/1661
f 1038/2545 1039/2546 1448/2547
f 1389/2541 1393/2542 1457/2539
f 1320/1662 1319/1660 1058/1657
f 1055/1658 1058/1657 1319/1660
f 1447/2548 1021/2551 1391/2552
f 1453/1664 1057/1659 1021/1667
f 1447/2548 1391/2552 1038/2545
f 1057/1659 1058/1657 1449/1656
f 1021/2551 1447/2548 1448/2547
f 1057/2914 1449/2912 1028/2913
f 1057/951 1027/949 1021/950
f 1028/2913 1449/2912 1445/2911
f 1023/576 1067/580 1407/574
f 1054/1753 1443/1761 1439/1757
f 1054/3031 1140/3032 1443/3033
f 1439/1757 1444/1760 1462/1754
f 1481/1004 1444/1009 1441/1001
f 1425/999 1441/1001 1426/1002
f 1443/1023 1140/1020 1439/1013
f 1053/1016 1442/1006 1439/1013
f 1057/951 1028/947 1027/949
f 1102/2681 1103/2682 1027/2683
f 733/2089 720/2083 995/2086
f 938/2495 1432/2499 1431/2496
f 1405/2190 1438/2185 1433/2189
f 1436/1888 1435/1891 1146/1895
f 1434/2192 1405/2190 1433/2189
f 1406/1887 1435/1891 1436/1888
f 1406/1887 1404/1890 1432/1893
f 1403/2191 1504/2195 1402/2197
f 1434/2192 1433/2189 1403/2191
f 718/2087 720/2083 717/2090
f 717/2090 720/2083 733/2089
f 1404/2507 1402/2500 1432/2499
f 995/1778 715/1781 733/1784
f 1578/564 1417/567 1415/569
f 1066/1065 1118/1067 1427/1062
f 1429/563 1417/567 1578/564
f 1426/1002 1590/1005 1425/999
f 1424/2065 1423/2066 1412/2063
f 1026/1295 1422/1296 1137/1291
f 730/2580 1423/2581 1421/2577
f 1421/2577 1505/2578 730/2580
f 1424/1287 1025/1293 1137/1291
f 1046/2061 1412/2063 1423/2066
f 1120/2208 1154/2209 1066/2206
f 1429/563 1430/566 1408/568
f 1408/568 1428/573 1416/571
f 1440/1000 1425/999 1157/1003
f 1424/2065 1420/2068 1409/2071
f 1411/2060 1412/2063 1046/2061
f 1424/2065 1412/2063 1411/2060
f 1409/2071 1420/2068 1465/2070
f 1026/1295 1025/1293 1409/1294
f 1023/576 1461/579 1419/584
f 1120/2208 1419/2212 1418/2211
f 1414/577 1415/569 1407/574
f 1415/569 1417/567 1416/571
f 1408/568 1416/571 1417/567
f 1415/569 1416/571 1407/574
f 1407/574 1067/580 1414/577
f 1428/573 1023/576 1416/571
f 1407/574 1416/571 1023/576
f 1067/580 1413/585 1414/577
f 1432/2693 938/2692 724/2690
f 1404/1890 1406/1887 1405/1886
f 1404/2196 1403/2191 1402/2197
f 1431/2496 1432/2499 1402/2500
f 736/2214 430/2215 1418/2211
f 1556/2631 1401/2637 1400/2635
f 1508/2632 1556/2631 1400/2635
f 1558/1897 1146/1895 1435/1891
f 1088/674 1095/667 1047/670
f 954/1899 1437/1896 724/1894
f 1020/948 1086/938 1096/946
f 1094/668 1397/676 1394/672
f 1022/992 1049/988 1017/990
f 1395/3112 1022/3113 1017/3114
f 1399/1192 1398/1194 1055/1189
f 1020/948 1021/950 1086/938
f 1030/996 1020/993 1049/988
f 1330/1188 1331/1184 1004/1187
f 1007/529 1395/531 999/530
f 1391/952 1390/956 1038/958
f 1016/2255 1050/2250 1051/2252
f 1056/1183 1396/1186 1055/1189
f 1070/673 1108/665 1394/672
f 1399/1192 1396/1186 1032/1190
f 1330/1188 1329/1197 1071/1193
f 1056/1183 1392/1185 1396/1186
f 1032/1190 1396/1186 1392/1185
f 1048/678 1047/670 1018/669
f 1321/677 1018/669 1070/673
f 1394/672 1031/681 1070/673
f 1018/669 1321/677 1048/678
f 1070/673 1071/682 1321/677
f 1071/682 1070/673 1031/681
f 1323/535 1316/534 999/530
f 1022/2253 1395/2256 1007/2251
f 1052/2254 1016/2255 1051/2252
f 1389/2553 1036/2549 1038/2545
f 1389/2541 1390/2544 1393/2542
f 1063/954 1391/952 1030/953
f 1391/952 1020/948 1030/953
f 1038/2545 1390/2554 1389/2553
f 1339/1381 1336/1374 998/1380
f 1030/1799 1016/1794 1064/1796
f 1388/2538 1497/2537 1065/2540
f 1065/2540 1384/2543 1388/2538
f 1386/3183 1375/3186 1376/3184
f 1064/1796 1016/1794 1014/1791
f 1065/1798 1014/1791 1370/1800
f 1379/2594 1387/2592 1380/2591
f 1372/2381 1371/2382 1374/2377
f 1014/1791 1377/1795 1371/1797
f 1371/1797 1370/1800 1014/1791
f 1001/522 1383/525 1335/526
f 1065/2593 1370/2590 1387/2592
f 1064/1796 1014/1791 1065/1798
f 1065/1596 1385/1592 1384/1600
f 1375/3126 1335/3127 1372/3128
f 1335/3127 1383/3130 1372/3128
f 1011/2650 1381/2651 1373/2649
f 1386/3129 1335/3127 1375/3126
f 1374/2377 1376/2376 1375/2379
f 1378/2378 1374/2377 1377/2380
f 1382/519 1369/521 1373/524
f 1353/517 1369/521 1382/519
f 1375/2379 1372/2381 1374/2377
f 1370/2387 1371/2382 1380/2386
f 1364/515 1353/517 1000/512
f 1373/2649 1369/2646 1352/2645
f 1011/2650 1373/2649 1352/2645
f 1377/2380 1374/2377 1371/2382
f 1373/2383 1379/2384 1371/2382
f 1371/2382 1372/2381 1373/2383
f 1379/2384 1380/2386 1371/2382
f 1372/2381 1382/2385 1373/2383
f 1150/701 1355/698 1360/696
f 1361/1371 1367/1375 1363/1367
f 1360/696 1355/698 1349/693
f 1149/1359 1150/1364 1363/1367
f 1367/1375 1365/1379 1093/1372
f 1363/1367 1367/1375 1093/1372
f 1365/514 1364/515 1000/512
f 1366/2302 1069/2300 1353/2299
f 1368/2482 1366/2489 1364/2487
f 1362/2486 1009/2483 1367/2488
f 1009/2483 1365/2485 1367/2488
f 1365/2485 1009/2483 1368/2482
f 1368/2482 1364/2487 1365/2485
f 1090/1577 1069/1588 1483/1584
f 1368/2304 1069/2300 1366/2302
f 1368/2482 1009/2483 1008/2480
f 1069/2300 1368/2304 1062/2305
f 1008/2480 1009/2483 1362/2486
f 1008/2480 1362/2486 1361/2484
f 1361/2484 1360/2481 1008/2480
f 1361/2484 1362/2486 1367/2488
f 1346/1365 1149/1359 1363/1367
f 1150/1364 1149/1359 1359/1361
f 1356/2953 1357/2950 1355/2956
f 1354/1358 1359/1361 1149/1359
f 1357/2950 1358/2949 1348/2952
f 1348/2952 1349/2954 1357/2950
f 1356/2953 1359/2955 1354/2951
f 1349/2954 1355/2956 1357/2950
f 1356/2953 1355/2956 1150/2957
f 1354/2951 1357/2950 1356/2953
f 1350/705 1354/711 1351/708
f 1341/1363 1327/1366 1351/1357
f 1341/1363 1342/1362 1332/1369
f 1350/705 1351/708 1340/706
f 1341/1363 1351/1357 1347/1360
f 1343/702 1350/705 1340/706
f 1343/702 1060/700 1348/694
f 1149/1359 1342/1362 1347/1360
f 1343/702 1348/694 1358/704
f 1346/1365 1006/1373 1338/1368
f 1346/1365 1363/1367 1093/1372
f 1068/2644 1090/2648 1352/2645
f 1000/512 1382/519 1001/522
f 1092/1376 1346/1365 1093/1372
f 1006/518 1092/516 1000/512
f 1006/1373 1346/1365 1092/1376
f 1342/1362 1341/1363 1347/1360
f 1332/1369 1342/1362 1336/1374
f 1317/685 1071/682 1328/688
f 1339/1381 1318/1382 1345/1378
f 1074/532 1316/534 1073/536
f 998/1380 1074/1383 1339/1381
f 1006/1373 1337/1377 1338/1368
f 1342/1362 1338/1368 1336/1374
f 1012/520 1335/526 1052/528
f 1335/526 1012/520 1001/522
f 1052/528 1005/523 1012/520
f 1336/1374 1339/1381 1345/1378
f 1345/1378 1332/1369 1336/1374
f 1324/710 1344/713 1343/702
f 1334/707 1324/710 1343/702
f 1334/707 1343/702 1340/706
f 1003/1370 1327/1366 1341/1363
f 1334/707 1340/706 1327/709
f 1003/1370 1341/1363 1332/1369
f 1004/712 1334/707 1327/709
f 1327/2755 1003/2756 1004/2757
f 1002/2759 1003/2756 1332/2761
f 1324/710 1326/714 1325/715
f 1332/2813 1318/2814 1333/2815
f 1333/2760 1002/2759 1332/2761
f 1056/1183 1004/1187 1331/1184
f 1328/2923 1329/2927 1330/2924
f 1031/1191 1330/1188 1071/1193
f 1329/690 1328/688 1071/682
f 1322/2922 1330/2924 1004/2925
f 1015/2248 1007/2251 1005/2249
f 1056/717 1319/720 1320/718
f 1004/712 1326/714 1324/710
f 1320/718 1326/714 1056/717
f 1004/712 1056/717 1326/714
f 1048/678 1321/677 1072/686
f 1002/2759 1333/2760 1322/2758
f 999/530 1316/534 1074/532
f 1048/678 1316/687 1323/683
f 1317/2817 1333/2815 1318/2814
f 1339/1381 1074/1383 1318/1382
f 1072/686 1318/691 1074/692
f 1072/686 1317/685 1318/691
f 1321/677 1317/685 1072/686
f 1072/686 1073/689 1048/678
f 1101/943 1096/946 1086/938
f 1049/988 1151/985 1017/990
f 1600/1259 1592/1261 1602/1256
f 1040/2827 1148/2829 1502/2828
f 1442/1006 1441/1001 1444/1009
f 1097/671 1088/674 1539/680
f 956/1902 1558/1897 1437/1896
f 1422/1010 1157/1003 516/1014
f 1127/1281 1507/1285 1136/1288
f 1585/1021 1158/1018 1157/1003
f 1126/1280 1109/1278 1156/1279
f 1114/1601 1115/1607 1119/1606
f 997/1069 513/1077 512/1080
f 1437/1896 1558/1897 1435/1891
f 1317/685 1321/677 1071/682
f 1039/2832 1496/2830 1040/2827
f 1029/955 1464/957 1063/954
f 1134/1198 1098/1200 1107/1202
f 1132/908 1133/900 1550/899
f 1124/157 984/146 992/156
f 1531/1871 1599/1874 1603/1872
f 1144/115 984/146 1124/157
f 1058/1657 1057/1659 1159/1661
f 1113/2037 1112/2043 1142/2045
f 1575/1869 1599/1874 1601/1877
f 1155/1024 1566/1022 1158/1018
f 1586/2041 1141/2038 1113/2037
f 1600/3288 1596/3289 1592/3290
f 1595/1264 1591/1263 1592/1261
f 1587/2529 1586/2534 1598/2533
f 1139/2471 1589/2472 1138/2469
f 1442/2474 1589/2472 1139/2471
f 1137/1291 981/1292 1136/1288
f 1585/1021 1155/1024 1158/1018
f 1157/2170 1155/2167 1585/2171
f 1584/2169 1155/2167 1157/2170
f 572/2288 730/2292 1135/2289
f 730/2580 1505/2578 1135/2576
f 1410/1297 1422/1296 1026/1295
f 1577/2479 1115/2476 1138/2469
f 1135/2289 1565/2290 1109/2287
f 981/1292 558/1289 1127/1281
f 1127/1281 1126/1280 1156/1279
f 1136/1288 981/1292 1127/1281
f 981/724 516/725 494/726
f 997/1069 1066/1065 1154/1071
f 1419/2212 1120/2208 1023/2210
f 1430/2475 1446/2478 1138/2469
f 1119/1070 1115/1074 1118/1067
f 1525/1604 1152/1605 1153/1602
f 1078/2044 1112/2043 1111/2040
f 1124/538 516/539 1110/540
f 583/1282 1109/1278 1126/1280
f 1143/2164 1524/2168 1155/2167
f 1124/157 1110/168 1144/115
f 1127/1281 991/1286 1125/1284
f 990/2992 1075/2989 1561/2991
f 1569/2794 1568/2797 1513/2795
f 516/539 1566/542 1110/540
f 1109/2287 1565/2290 980/2293
f 1076/2295 1109/2287 980/2293
f 1400/2325 1536/2324 1534/2328
f 1131/2493 1402/2500 1504/2504
f 1102/939 1100/941 1099/937
f 1106/2182 1560/2184 1438/2185
f 1535/3320 1082/3321 1121/3322
f 1088/989 1017/990 1151/985
f 946/175 956/205 1123/188
f 1049/988 1020/993 1096/991
f 1528/2502 1130/2497 1131/2493
f 993/2501 1559/2494 1130/2497
f 1116/2187 1105/2194 1104/2193
f 1095/667 1088/674 1097/671
f 1397/1196 1098/1200 1134/1198
f 1102/939 1099/937 1103/936
f 1397/676 1094/668 1098/675
f 1094/668 1095/667 1097/671
f 1102/939 1445/944 1100/941
f 1399/1192 1134/1198 1398/1194
f 1540/904 1133/900 1132/908
f 1094/668 1097/671 1098/675
f 1636/39 1089/43 1637/48
f 1088/674 1089/684 1539/680
f 1099/937 1087/940 1086/938
f 1089/987 1088/989 1151/985
f 1134/1198 1107/1202 1100/1201
f 1107/1202 1540/1204 1100/1201
f 1132/908 1542/912 1541/910
f 1085/61 1084/119 1083/107
f 1401/2326 1533/2327 1536/2324
f 1082/3286 1081/3284 1121/3283
f 1106/1892 1083/1898 1084/1901
f 1537/2186 1084/2183 1085/2188
f 1080/82 985/118 945/106
f 1080/1727 947/1723 985/1730
f 1129/1876 1531/1871 1128/1880
f 1128/2046 1078/2044 1129/2042
f 1112/2043 1113/2037 1111/2040
f 1079/2047 1112/2043 1078/2044
f 1079/70 1519/51 1511/69
f 1519/51 1128/60 1521/46
f 1076/128 1125/104 1077/116
f 1513/117 1077/116 1511/69
f 1076/128 583/138 1125/104
f 1050/997 1016/998 1030/996
f 1027/949 1086/938 1021/950
f 1049/988 1101/986 1151/985
f 1090/1577 1479/1580 1091/1578
f 1413/3153 1067/3154 1066/3155
f 1074/692 1073/689 1072/686
f 1345/2816 1318/2814 1332/2813
f 1347/1360 1351/1357 1149/1359
f 1150/1364 1361/1371 1363/1367
f 1360/2307 1062/2305 1368/2304
f 1014/1791 1386/1790 1378/1793
f 1323/535 1017/533 1047/537
f 1005/2249 1052/2254 1051/2252
f 1054/570 1408/568 1430/566
f 981/1292 1137/1291 1422/1296
f 1039/2546 1454/2550 1448/2547
f 1044/2464 1482/2461 1045/2460
f 1428/573 1452/578 1459/581
f 1436/1888 1438/1889 1405/1886
f 1159/1661 1057/1659 1453/1664
f 1458/589 1419/584 1461/579
f 1498/1768 1043/1773 920/1774
f 1492/592 1041/588 1459/581
f 1470/583 1041/588 1042/590
f 1036/2549 1039/2546 1038/2545
f 1033/1590 1091/1578 1034/1585
f 1324/710 1334/707 1004/712
f 1457/2539 1464/2536 1388/2538
f 1013/2904 1052/2903 1386/2902
f 1325/715 1502/721 1037/722
f 1325/715 1037/722 1034/719
f 1064/1796 1065/1798 1464/1801
f 1388/1598 1384/1600 1385/1592
f 1034/719 1487/716 1325/715
f 1034/2899 1060/2896 1488/2898
f 1069/2300 1062/2305 1061/2306
f 1360/2307 1061/2306 1062/2305
f 1059/697 1348/694 1060/700
f 1060/1582 1479/1580 1059/1581
f 734/1402 931/1407 928/1405
f 1500/1766 1474/1769 1472/1771
f 1418/2211 1419/2212 736/2214
f 1454/1666 1040/1668 1159/1661
f 1447/2548 1038/2545 1448/2547
f 1439/1013 1140/1020 1053/1016
f 1140/3032 1054/3031 1053/3034
f 1102/939 1027/949 1028/947
f 1027/2683 1103/2682 1086/2684
f 1430/3035 1053/3034 1054/3031
f 1137/1291 1025/1293 1026/1295
f 730/2069 732/2067 1046/2061
f 1409/1294 1025/1293 1424/1287
f 1157/1003 1425/999 1590/1005
f 1067/3154 1024/3156 1066/3155
f 1120/2208 1418/2211 1154/2209
f 1120/2208 1024/2207 1023/2210
f 1418/2211 576/2213 1154/2209
f 1023/3157 1024/3156 1067/3154
f 1030/953 1029/955 1063/954
f 1391/952 1021/950 1020/948
f 1018/669 1019/666 1108/665
f 1095/667 1019/666 1047/670
f 1047/670 1019/666 1018/669
f 1397/1196 1399/1192 1032/1190
f 1032/1190 1394/1195 1397/1196
f 1018/669 1108/665 1070/673
f 999/530 1395/531 1017/533
f 1108/665 1094/668 1394/672
f 1017/533 1323/535 999/530
f 1051/2252 1050/2250 1005/2249
f 1058/1657 1502/1663 1320/1662
f 1055/3374 1319/3375 1056/3376
f 1394/1195 1032/1190 1031/1191
f 1004/2757 1003/2756 1322/2758
f 1032/1190 1392/1185 1031/1191
f 998/527 1005/523 1007/529
f 1007/2251 1015/2248 1022/2253
f 1323/683 1047/670 1048/678
f 1007/529 999/530 998/527
f 1030/996 1049/988 1050/997
f 1052/2903 1013/2904 1016/2905
f 1016/1794 1013/1792 1014/1791
f 1064/1796 1029/1802 1030/1799
f 1382/3131 1372/3128 1383/3130
f 998/1380 1337/1377 1006/1373
f 1352/1576 1010/1575 1011/1579
f 1382/519 1000/512 1353/517
f 1360/696 1361/703 1150/701
f 1150/2957 1359/2955 1356/2953
f 1349/693 1484/695 1360/696
f 1073/689 1316/687 1048/678
f 1354/2951 1350/2948 1357/2950
f 1327/709 1340/706 1351/708
f 1000/512 1012/520 1006/518
f 1000/512 1092/516 1093/513
f 1069/2300 1090/2301 1068/2298
f 1336/1374 1338/1368 1337/1377
f 1346/1365 1338/1368 1342/1362
f 1336/1374 1337/1377 998/1380
f 998/527 1006/518 1005/523
f 1001/522 1012/520 1000/512
f 1006/518 1012/520 1005/523
f 1322/2758 1003/2756 1002/2759
f 996/1076 1161/1073 997/1069
f 997/1069 1160/1078 996/1076
f 1157/1003 1158/1018 516/1014
f 1119/1070 997/1069 1161/1073
f 1124/538 992/541 516/539
f 1087/940 1101/943 1086/938
f 999/530 1074/532 998/527
f 1502/2828 1148/2829 1037/2831
f 1096/991 1101/986 1049/988
f 1155/2167 1581/2165 1143/2164
f 1047/994 1017/990 1088/989
f 1125/1284 991/1286 1526/1290
f 639/616 624/617 637/618
f 706/353 746/354 707/355
f 651/2857 493/2858 544/2859
f 615/3014 994/3015 847/3016
f 469/792 1311/793 708/794
f 848/2624 668/2625 527/2626
f 924/593 922/596 664/599
f 473/173 81/186 74/161
f 945/2689 723/2685 939/2691
f 567/753 529/754 415/755
f 378/1629 379/1630 314/1631
f 378/1629 749/1635 554/1639
f 515/383 742/379 745/387
f 522/1642 523/1643 571/1644
f 543/746 542/743 506/741
f 517/1084 569/1085 522/1086
f 716/3174 988/3175 983/3176
f 834/607 835/612 923/604
f 507/644 490/645 422/646
f 507/3228 577/3229 591/3230
f 602/1638 749/1635 332/1632
f 743/1322 124/1323 755/1324
f 612/1332 130/1329 129/1335
f 467/916 685/917 797/918
f 945/2689 1123/2686 723/2685
f 958/149 960/174 940/162
f 396/152 951/165 957/177
f 390/230 393/246 395/213
f 945/2506 953/2498 993/2501
f 991/1949 559/1950 530/1951
f 484/758 536/756 415/755
f 532/148 583/138 980/147
f 981/724 580/731 561/734
f 520/225 589/242 554/226
f 549/2740 329/2741 970/2742
f 352/382 742/379 515/383
f 332/1632 378/1629 314/1631
f 380/1696 381/1697 358/1698
f 377/197 378/211 496/182
f 409/243 496/182 554/226
f 378/211 554/226 496/182
f 376/1708 496/1703 352/1707
f 376/160 374/171 496/182
f 739/3178 745/3179 742/3180
f 728/1091 523/1088 569/1085
f 475/553 479/549 574/556
f 442/925 683/921 463/923
f 523/1643 730/1649 572/1646
f 989/2388 568/2389 582/2390
f 522/1642 519/1645 517/1648
f 977/2398 526/2394 582/2390
f 519/1645 522/1642 571/1644
f 492/2391 989/2388 582/2390
f 497/2392 989/2388 560/2395
f 568/2389 581/2393 582/2390
f 536/756 567/753 415/755
f 561/734 580/731 544/735
f 494/726 516/725 433/728
f 497/3098 566/3099 542/3100
f 526/209 587/207 491/192
f 473/173 983/200 474/214
f 421/293 478/292 578/280
f 483/550 489/547 488/545
f 983/200 987/248 976/232
f 511/1082 538/1079 510/1083
f 513/1077 538/1079 979/1081
f 986/1779 978/1782 584/1777
f 929/1734 961/1733 717/1731
f 988/3175 987/3177 983/3176
f 983/200 473/173 982/185
f 473/173 944/141 982/185
f 716/1786 585/1783 987/1788
f 715/1781 585/1783 716/1786
f 422/646 440/647 507/644
f 962/2775 983/2776 982/2777
f 983/2776 962/2775 716/2778
f 962/2775 929/2779 716/2778
f 982/1735 944/1732 961/1733
f 982/1735 961/1733 962/1736
f 944/1732 719/1726 961/1733
f 584/1777 1580/1776 986/1779
f 585/1783 715/1781 584/1777
f 953/2498 945/2506 939/2503
f 979/1785 978/1782 986/1779
f 559/1950 558/1953 557/1955
f 579/3298 559/3299 540/3300
f 531/179 588/193 488/167
f 518/170 532/148 537/158
f 536/139 537/158 532/148
f 515/383 567/380 536/384
f 977/195 518/170 596/181
f 526/209 977/195 596/181
f 519/1645 533/1651 518/1652
f 491/192 587/207 531/179
f 558/739 981/724 579/736
f 518/170 537/158 596/181
f 533/1651 519/1645 562/1647
f 518/1093 581/1090 517/1084
f 579/1653 562/1647 557/1650
f 561/1954 566/1958 491/1956
f 976/232 987/248 979/98
f 479/549 489/547 483/550
f 488/167 992/156 530/136
f 474/214 976/232 511/249
f 979/1081 538/1079 511/1082
f 986/1497 1117/1499 979/1502
f 978/1782 979/1785 987/1788
f 502/3291 498/3292 975/3293
f 498/3086 592/3087 597/3088
f 586/240 972/247 474/214
f 597/3088 591/3091 975/3090
f 593/1709 595/1710 535/1711
f 534/210 590/258 326/241
f 741/388 565/389 407/390
f 485/410 501/402 409/405
f 534/210 556/274 590/258
f 328/222 975/239 971/208
f 972/247 477/255 482/215
f 592/3087 477/3089 975/3090
f 474/214 972/247 482/215
f 499/221 514/237 588/193
f 535/224 534/210 326/241
f 968/2653 514/2654 974/2655
f 594/196 537/158 534/210
f 548/288 970/275 590/258
f 594/196 534/210 535/224
f 534/3171 520/3172 556/3173
f 550/760 485/763 484/758
f 485/259 589/242 537/158
f 537/158 520/225 534/210
f 594/196 596/181 537/158
f 577/3393 597/3394 592/3395
f 971/208 972/247 973/256
f 483/223 971/208 586/240
f 586/240 973/256 972/247
f 588/193 328/222 971/208
f 975/239 477/255 971/208
f 477/255 972/247 971/208
f 588/193 514/237 968/238
f 328/222 588/193 968/238
f 328/222 968/238 316/253
f 549/2740 970/2742 548/2743
f 590/258 520/225 548/288
f 329/301 325/289 970/275
f 749/2748 750/2749 553/2750
f 968/238 969/257 326/241
f 968/238 326/241 316/253
f 614/2104 535/2105 969/2106
f 417/411 551/406 501/402
f 554/2751 749/2748 553/2750
f 965/2744 329/2741 549/2740
f 326/241 970/275 325/289
f 614/2104 967/2107 423/2108
f 328/222 963/287 598/273
f 992/156 984/146 530/136
f 449/1920 598/1921 937/1922
f 944/141 945/106 948/130
f 473/173 74/161 944/141
f 473/173 504/201 81/186
f 473/173 482/215 504/201
f 967/2107 614/2104 969/2106
f 417/765 485/763 550/760
f 521/2437 553/2438 964/2439
f 749/3191 602/3192 965/3193
f 600/435 337/436 139/437
f 599/1714 614/1712 423/1715
f 614/1712 599/1714 593/1709
f 453/1997 966/1998 500/1999
f 408/397 501/402 551/406
f 425/799 450/806 795/812
f 81/186 601/216 71/233
f 504/470 482/471 509/472
f 322/300 330/315 963/287
f 504/201 601/216 81/186
f 795/1927 937/1922 963/1925
f 575/2172 71/2173 601/2174
f 74/161 81/186 59/202
f 961/1733 929/1734 962/1736
f 320/803 70/809 333/795
f 74/161 709/183 710/172
f 710/172 958/149 74/161
f 394/3221 401/3222 959/3223
f 959/187 401/218 400/203
f 397/191 957/177 398/204
f 957/177 397/191 396/152
f 398/204 957/177 960/174
f 394/184 710/172 391/199
f 960/174 959/187 400/203
f 394/184 959/187 958/149
f 710/172 394/184 958/149
f 400/203 398/204 960/174
f 955/189 940/162 957/177
f 958/149 959/187 960/174
f 958/149 944/141 74/161
f 957/177 951/165 955/189
f 944/141 958/149 945/106
f 940/162 960/174 957/177
f 941/163 940/162 955/189
f 952/2968 942/2969 951/2970
f 947/1723 719/1726 948/1729
f 945/106 985/118 948/130
f 946/175 945/106 940/162
f 951/165 942/151 941/163
f 1634/133 396/152 1642/164
f 952/143 951/165 396/152
f 939/2503 938/2495 953/2498
f 724/2690 938/2692 939/2691
f 719/1726 947/1723 950/1725
f 1123/188 945/106 946/175
f 955/189 951/165 941/163
f 943/99 941/163 942/151
f 948/1729 985/1730 947/1723
f 1526/1952 991/1949 530/1951
f 530/136 531/179 488/167
f 536/139 532/148 990/129
f 375/140 949/105 383/125
f 518/170 533/180 532/148
f 533/180 562/194 541/169
f 949/105 375/140 536/139
f 746/354 611/363 610/358
f 644/1809 645/1805 906/1807
f 152/447 612/445 129/452
f 832/1131 842/1132 860/1133
f 898/2976 896/2977 658/2978
f 622/1481 822/1482 455/1483
f 893/2153 883/2154 876/2155
f 936/2780 335/2781 132/2782
f 656/2091 692/2092 688/2093
f 939/2691 723/2685 724/2690
f 837/610 820/608 923/604
f 911/1049 808/1047 909/1056
f 1042/3224 921/3225 922/3226
f 811/1043 808/1047 911/1049
f 471/2865 888/2866 903/2867
f 841/1815 915/1817 855/1818
f 885/2997 884/2998 868/2999
f 897/2596 629/2597 628/2598
f 792/2799 790/2800 789/2801
f 794/3402 655/3403 682/3404
f 467/2216 468/2217 654/2218
f 184/459 196/460 191/458
f 887/2159 868/2160 893/2153
f 875/2156 886/2162 887/2159
f 674/2229 879/2230 877/2231
f 879/2806 894/2807 871/2808
f 866/3000 885/2997 868/2999
f 864/2812 870/2810 867/2811
f 875/2156 887/2159 893/2153
f 857/2238 671/2234 872/2236
f 626/1903 671/1904 819/1905
f 455/1483 236/1487 204/1490
f 882/2157 893/2153 868/2160
f 644/1809 906/1807 834/1813
f 799/800 524/796 469/792
f 457/493 804/487 620/496
f 835/612 837/610 923/604
f 812/1140 426/1147 824/1149
f 843/1051 809/1042 833/1050
f 462/622 638/619 637/618
f 783/2566 793/2567 788/2568
f 676/3019 662/3020 892/3021
f 506/2906 782/2907 634/2908
f 649/3360 702/3361 770/3362
f 687/419 564/408 630/418
f 450/1923 937/1922 795/1927
f 130/1329 612/1332 616/1325
f 586/240 578/280 478/292
f 127/1327 130/1329 616/1325
f 965/3193 549/3194 749/3191
f 410/1700 565/1702 358/1698
f 918/1410 916/1408 928/1405
f 923/604 642/597 641/600
f 441/1384 1310/1385 932/1386
f 933/474 613/476 503/473
f 425/799 934/797 450/806
f 812/1140 650/1144 426/1147
f 322/300 963/287 328/222
f 976/232 474/214 983/200
f 969/2658 968/2653 967/2656
f 1315/2715 714/2716 935/2717
f 574/930 490/934 507/933
f 584/1777 715/1781 995/1778
f 503/473 509/472 933/474
f 981/724 651/729 580/731
f 416/759 414/757 756/762
f 730/1098 523/1088 729/1094
f 636/1097 727/1096 635/1100
f 924/593 642/597 431/591
f 927/1409 918/1410 928/1405
f 635/1412 781/1415 927/1409
f 931/1407 927/1409 928/1405
f 927/1409 931/1407 635/1412
f 731/1102 635/1100 727/1096
f 917/1414 787/1418 914/1416
f 737/1028 726/1031 495/1033
f 495/1033 774/1035 737/1028
f 920/3405 1043/3406 737/3407
f 664/3389 646/3390 924/3391
f 920/1038 737/1028 774/1035
f 642/597 923/604 432/601
f 646/3348 644/3349 922/3350
f 922/3226 921/3225 646/3227
f 913/1419 930/1411 914/1416
f 919/1935 930/1941 913/1939
f 664/599 644/603 834/607
f 641/1808 924/1811 921/1806
f 924/3391 646/3390 921/3392
f 921/1806 645/1805 641/1808
f 923/604 664/599 834/607
f 641/600 646/609 664/599
f 906/1807 841/1815 834/1813
f 807/1039 774/1035 773/1037
f 832/1055 860/1060 909/1056
f 779/1942 908/1936 780/1945
f 788/1422 787/1418 768/1417
f 791/2126 778/2127 780/2128
f 908/2129 791/2126 780/2128
f 920/1038 774/1035 912/1041
f 774/1035 811/1043 912/1041
f 912/2640 925/2639 920/2643
f 918/1410 781/1415 787/1418
f 781/1415 918/1410 927/1409
f 930/1411 917/1414 914/1416
f 918/1410 787/1418 917/1414
f 916/3345 918/3346 917/3347
f 787/1418 788/1422 914/1416
f 788/2802 792/2799 789/2801
f 789/1421 914/1416 788/1422
f 789/1421 913/1419 914/1416
f 908/1424 913/1419 789/1421
f 912/1041 811/1043 911/1049
f 919/1935 913/1939 908/1936
f 854/1061 909/1056 860/1060
f 909/1056 907/1058 911/1049
f 790/1425 910/1426 908/1424
f 789/1421 790/1425 908/1424
f 908/2129 910/2132 791/2126
f 841/3195 835/3196 834/3197
f 791/2126 910/2132 790/2134
f 854/1061 907/1058 909/1056
f 907/1816 854/1819 855/1818
f 907/1816 915/1817 906/1807
f 906/1807 1494/1814 907/1816
f 645/1805 1042/1804 906/1807
f 653/2869 677/2871 905/2868
f 901/2870 903/2867 905/2868
f 903/2611 890/2612 900/2613
f 677/2871 901/2870 905/2868
f 899/3342 900/3343 891/3344
f 699/1610 675/1611 648/1612
f 888/2866 905/2868 903/2867
f 471/2599 897/2596 628/2598
f 904/2604 902/2603 898/2608
f 900/2607 902/2603 903/2605
f 657/2617 603/2619 604/2620
f 891/2615 900/2613 890/2612
f 890/2612 903/2611 901/2614
f 898/3266 899/3267 891/3268
f 899/2610 898/2608 902/2603
f 891/3268 896/3269 898/3266
f 902/2603 900/2607 899/2610
f 902/2603 904/2604 663/2601
f 346/2600 663/2601 904/2604
f 348/2609 355/2606 904/2604
f 904/2604 355/2606 346/2600
f 898/2608 348/2609 904/2604
f 898/2976 658/2978 348/2979
f 349/2981 348/2979 658/2978
f 346/2600 629/2597 897/2596
f 897/2596 663/2601 346/2600
f 471/2599 903/2605 902/2603
f 660/433 767/427 628/429
f 629/3046 660/3047 628/3048
f 658/2978 896/2977 891/2980
f 657/2308 681/2309 895/2310
f 369/2983 657/2982 895/2984
f 681/2309 657/2308 604/2311
f 889/3022 892/3021 662/3020
f 767/427 470/424 628/429
f 895/2984 661/2985 369/2983
f 656/2091 370/2101 765/2099
f 895/378 765/369 661/381
f 564/408 563/413 630/418
f 470/424 767/427 687/419
f 681/2309 604/2311 763/2313
f 765/369 895/378 679/374
f 895/2310 681/2309 679/2312
f 662/1835 699/1836 763/1837
f 677/2616 678/2618 890/2612
f 678/1615 677/1619 648/1612
f 676/1614 675/1611 699/1610
f 648/1612 675/1611 678/1615
f 892/1618 678/1615 675/1611
f 890/2612 901/2614 677/2616
f 892/3021 889/3022 890/3024
f 676/1614 892/1618 675/1611
f 662/1835 676/1839 699/1836
f 662/3020 604/3025 603/3023
f 890/3024 678/3026 892/3021
f 657/2617 891/2615 890/2612
f 603/2619 657/2617 890/2612
f 890/3024 889/3022 603/3023
f 888/431 471/432 659/428
f 623/1737 848/1738 527/1739
f 623/620 639/616 844/624
f 882/2157 883/2154 893/2153
f 881/2158 528/2161 876/2155
f 886/1820 875/1821 864/1822
f 881/1742 673/1743 627/1741
f 673/1743 882/1744 880/1746
f 626/1903 850/1911 674/1907
f 880/1746 882/1744 884/1748
f 666/1833 851/1834 861/1829
f 881/1742 882/1744 673/1743
f 875/1821 865/1823 864/1822
f 868/2160 887/2159 886/2162
f 867/3001 886/3002 864/3003
f 866/1751 894/1752 879/1749
f 880/1746 885/1750 866/1751
f 879/1749 880/1746 866/1751
f 879/1749 674/1747 880/1746
f 674/1747 850/1745 673/1743
f 674/1907 878/1912 671/1904
f 674/1907 671/1904 626/1903
f 627/1741 673/1743 850/1745
f 866/2809 871/2808 894/2807
f 671/2234 878/2232 877/2231
f 866/2809 867/2811 870/2810
f 878/2232 674/2229 877/2231
f 877/2231 879/2230 871/2233
f 863/2241 862/2240 861/2243
f 877/2231 871/2233 874/2235
f 870/2237 862/2240 874/2235
f 872/2236 877/2231 874/2235
f 863/2241 873/2239 874/2235
f 859/2244 838/2246 858/2242
f 873/2239 872/2236 874/2235
f 871/2808 866/2809 870/2810
f 874/2235 871/2233 870/2237
f 866/3000 868/2999 867/3001
f 528/1826 865/1823 876/1824
f 672/1831 852/1828 528/1826
f 865/1823 875/1821 876/1824
f 859/2244 873/2239 856/2245
f 861/1829 869/1827 865/1823
f 865/1823 852/1828 861/1829
f 870/1825 869/1827 862/1830
f 874/2235 862/2240 863/2241
f 865/1823 869/1827 870/1825
f 861/1829 862/1830 869/1827
f 525/1485 235/1489 236/1487
f 856/497 686/492 830/495
f 831/1138 841/1142 853/1136
f 849/2331 829/2332 846/2333
f 669/2334 668/2339 844/2336
f 829/486 804/487 845/489
f 849/1486 798/1484 622/1481
f 844/624 798/631 849/636
f 856/497 851/494 686/492
f 856/497 861/500 851/494
f 854/1135 860/1133 842/1132
f 841/1142 855/1141 853/1136
f 853/1136 854/1135 842/1132
f 853/1136 855/1141 854/1135
f 697/3077 769/3078 772/3079
f 838/502 830/495 827/498
f 838/502 859/501 830/495
f 856/497 830/495 859/501
f 873/2239 859/2244 858/2242
f 671/1904 857/1908 819/1905
f 838/2246 839/2247 858/2242
f 819/1905 857/1908 839/1913
f 838/1917 815/1919 684/1914
f 458/3270 847/3271 652/3272
f 846/2333 845/2335 667/2338
f 846/2333 670/2337 669/2334
f 845/489 804/487 667/491
f 670/2337 846/2333 667/2338
f 667/491 686/492 851/494
f 672/1831 666/1833 852/1828
f 666/1833 861/1829 852/1828
f 850/1911 626/1903 627/1915
f 849/2331 669/2334 844/2336
f 623/2627 668/2625 848/2624
f 844/2629 668/2625 623/2627
f 849/2331 846/2333 669/2334
f 829/1488 849/1486 622/1481
f 640/623 844/624 639/616
f 640/623 798/631 844/624
f 525/804 806/802 235/814
f 806/802 209/807 235/814
f 625/1910 786/1918 840/1916
f 637/618 840/625 786/628
f 815/1146 813/1143 833/1139
f 804/2734 802/2735 620/2736
f 804/487 829/486 800/485
f 665/2341 670/2337 666/2340
f 627/621 840/625 637/618
f 838/1917 684/1914 839/1913
f 819/1905 839/1913 684/1914
f 818/1909 796/1906 819/1905
f 819/1905 684/1914 818/1909
f 456/2072 481/2073 828/2074
f 809/1042 814/1045 833/1050
f 815/506 838/502 827/498
f 785/1048 684/1054 814/1045
f 808/1047 810/1046 832/1055
f 832/1055 843/1051 833/1050
f 810/1046 843/1051 832/1055
f 831/3198 835/3196 841/3195
f 832/1131 833/1139 617/1137
f 812/1140 831/1138 618/1134
f 617/1137 650/1144 812/1140
f 827/498 813/509 815/506
f 833/1139 813/1143 617/1137
f 832/1131 617/1137 618/1134
f 831/1138 853/1136 618/1134
f 686/492 457/493 830/495
f 830/495 457/493 827/498
f 236/1487 455/1483 525/1485
f 455/1483 822/1482 525/1485
f 798/1484 525/1485 822/1482
f 621/480 800/485 622/483
f 622/483 800/485 829/486
f 821/613 837/610 831/615
f 831/615 837/610 835/612
f 823/1145 821/1148 831/1138
f 725/1153 836/1152 823/1145
f 823/1145 836/1152 821/1148
f 455/481 454/479 621/480
f 334/2176 825/2178 21/2180
f 821/613 836/614 820/608
f 820/608 837/610 821/613
f 725/611 722/606 820/608
f 820/608 836/614 725/611
f 725/1153 823/1145 824/1149
f 622/1481 798/1484 822/1482
f 455/481 621/480 622/483
f 813/509 827/498 828/510
f 826/2077 828/2074 481/2073
f 828/2074 827/2075 456/2072
f 813/509 828/510 826/511
f 684/1054 815/1053 814/1045
f 814/1045 815/1053 833/1050
f 831/1138 812/1140 823/1145
f 813/1143 826/1150 650/1144
f 812/1140 824/1149 823/1145
f 807/1039 809/1042 810/1046
f 807/1039 808/1047 811/1043
f 808/1047 807/1039 810/1046
f 811/1043 774/1035 807/1039
f 809/1042 843/1051 810/1046
f 773/1037 809/1042 807/1039
f 774/1035 495/1033 773/1037
f 775/1044 785/1048 773/1037
f 684/2225 785/2227 784/2226
f 814/1045 773/1037 785/1048
f 796/2221 467/2216 625/2220
f 817/2223 796/2221 818/2224
f 817/2223 684/2225 685/2222
f 816/626 655/632 794/634
f 786/628 816/626 637/618
f 655/632 816/626 786/628
f 469/792 708/794 333/795
f 932/1386 1310/1385 801/1389
f 802/490 804/487 803/488
f 806/802 525/804 799/800
f 640/805 524/796 798/810
f 804/487 800/485 801/484
f 621/480 801/484 800/485
f 637/618 638/619 639/616
f 806/802 799/800 469/792
f 443/924 445/928 682/929
f 702/1626 545/1624 758/1627
f 685/917 784/920 797/918
f 184/459 179/455 180/461
f 685/2222 467/2216 796/2221
f 654/2218 786/2219 467/2216
f 468/640 682/643 655/632
f 655/632 786/628 654/637
f 936/2860 130/2861 335/2862
f 184/459 191/458 179/455
f 784/2226 785/2227 775/2228
f 775/922 797/918 784/920
f 649/1617 770/1625 771/1622
f 783/2566 731/2571 634/2569
f 697/2570 793/2567 634/2569
f 698/3081 777/3080 772/3079
f 793/2567 783/2566 634/2569
f 783/1423 768/1417 731/1420
f 790/2800 792/2799 606/2803
f 698/2805 606/2803 792/2799
f 778/2127 791/2126 605/2130
f 793/2567 697/2570 788/2568
f 768/1417 783/1423 788/1422
f 787/1418 781/1415 768/1417
f 779/2131 780/2128 778/2127
f 778/2127 605/2130 435/2133
f 776/1040 773/1037 495/1033
f 775/561 776/558 464/554
f 698/2136 772/2138 435/2133
f 775/1044 773/1037 776/1040
f 777/3080 697/3077 772/3079
f 759/1623 700/1613 771/1622
f 634/2569 782/2573 769/2572
f 649/1617 771/1622 700/1613
f 545/1624 702/1626 649/1617
f 701/1628 770/1625 702/1626
f 697/2570 634/2569 769/2572
f 701/1628 759/1623 770/1625
f 759/1623 771/1622 770/1625
f 768/1417 781/1415 635/1412
f 608/1844 695/1843 764/1841
f 680/2314 763/2313 695/2316
f 691/2049 609/2050 759/2051
f 700/1613 759/1623 609/1620
f 761/2315 680/2314 693/2317
f 759/2051 696/2052 691/2049
f 746/354 706/353 740/357
f 546/420 630/418 631/416
f 766/414 689/409 643/403
f 687/419 766/414 564/408
f 766/414 687/419 689/409
f 366/2095 688/2093 692/2092
f 765/369 761/360 368/364
f 693/356 707/355 761/360
f 762/1840 609/1842 764/1841
f 699/1610 648/1612 700/1613
f 653/1621 545/1624 649/1617
f 609/1620 762/1616 700/1613
f 699/1610 700/1613 762/1616
f 761/360 765/369 679/374
f 470/424 630/418 546/420
f 653/426 546/420 545/423
f 367/2096 656/2091 765/2099
f 707/355 610/358 368/364
f 563/413 420/399 631/416
f 353/2097 692/2092 364/2094
f 611/363 354/367 610/358
f 750/2749 964/2753 553/2750
f 130/2861 127/2864 335/2862
f 420/399 633/398 552/407
f 706/353 707/355 693/356
f 414/2198 632/2199 756/2200
f 647/2053 691/2049 694/2057
f 701/2205 704/2204 696/2203
f 747/2202 696/2203 704/2204
f 759/2051 701/2054 696/2052
f 747/764 703/766 416/759
f 758/1627 701/1628 702/1626
f 545/423 555/412 758/421
f 555/412 418/417 758/421
f 701/769 758/768 703/766
f 179/455 153/450 152/447
f 936/2860 132/2863 130/2861
f 124/1323 743/1322 83/1326
f 755/3303 124/3304 127/3305
f 616/1325 755/1324 127/1327
f 616/442 337/436 743/439
f 616/1325 743/1322 755/1324
f 405/391 419/395 741/388
f 750/2749 749/2748 549/2752
f 747/2202 756/2200 757/2201
f 696/2052 757/2058 690/2055
f 757/2201 696/2203 747/2202
f 417/411 758/421 418/417
f 757/2058 632/2059 690/2055
f 411/366 740/357 744/362
f 744/362 632/365 412/370
f 413/371 515/383 738/385
f 739/361 611/363 746/354
f 564/408 643/403 420/399
f 419/395 689/409 340/404
f 754/3419 753/3420 752/3421
f 358/1698 565/1702 751/1704
f 751/392 741/388 356/396
f 743/439 600/435 83/438
f 409/405 501/402 410/393
f 593/2318 452/2319 711/2320
f 711/2320 453/2321 593/2318
f 703/766 417/765 416/759
f 549/2752 547/2754 750/2749
f 339/3422 357/3423 741/3424
f 739/361 742/379 351/375
f 738/2872 740/2873 413/2874
f 413/371 740/357 411/366
f 738/3181 745/3179 739/3178
f 741/388 419/395 339/400
f 964/2753 750/2749 547/2754
f 760/2440 964/2439 547/2442
f 740/357 739/361 746/354
f 633/398 406/394 408/397
f 337/436 600/435 743/439
f 405/391 741/388 407/390
f 611/363 739/361 354/367
f 739/3178 740/3182 738/3181
f 739/361 351/375 354/367
f 380/1696 357/1699 339/1701
f 926/2642 920/2643 925/2639
f 476/1946 607/1944 779/1942
f 726/1948 607/1944 476/1946
f 728/1091 727/1096 636/1097
f 728/1091 729/1094 523/1088
f 636/1097 729/1094 728/1091
f 931/1103 734/1101 636/1097
f 475/3315 463/3316 508/3317
f 444/732 493/727 434/730
f 736/594 721/598 430/602
f 722/664 725/660 429/663
f 736/594 431/591 721/598
f 431/591 432/601 721/598
f 432/601 722/606 721/598
f 429/605 721/598 722/606
f 642/597 432/601 431/591
f 650/1144 617/1137 813/1143
f 722/606 432/601 820/608
f 644/603 664/599 922/596
f 954/2688 724/2690 723/2685
f 719/1726 950/1725 718/1728
f 718/1728 717/1731 719/1726
f 961/1733 719/1726 717/1731
f 929/1789 715/1781 716/1786
f 486/653 487/650 510/655
f 574/556 479/549 490/559
f 717/1787 715/1781 929/1789
f 636/1097 734/1101 730/1098
f 729/1094 636/1097 730/1098
f 734/2880 732/2881 730/2882
f 735/1092 705/1095 727/1096
f 434/730 433/728 476/733
f 486/653 576/659 430/661
f 710/172 709/183 5/198
f 391/199 710/172 387/212
f 387/212 385/231 391/199
f 449/1920 937/1922 450/1923
f 713/1717 599/1714 423/1715
f 442/638 597/641 461/633
f 403/1722 712/1719 404/1720
f 442/925 445/928 443/924
f 735/1092 570/1089 705/1095
f 497/2392 543/2396 568/2389
f 711/2005 452/2001 453/1997
f 713/1717 712/1719 599/1714
f 424/2720 748/2723 573/2722
f 573/2722 404/2721 424/2720
f 425/799 795/812 330/808
f 577/3229 428/3233 597/3234
f 446/1388 1310/1385 441/1384
f 422/1397 465/1395 440/1391
f 479/549 438/546 472/543
f 748/2110 424/2109 967/2107
f 573/2008 974/2007 403/2006
f 974/2007 500/1999 403/2006
f 543/746 506/741 568/747
f 728/1091 569/1085 735/1092
f 599/1714 966/1718 452/1716
f 573/2657 748/2659 967/2656
f 5/198 387/212 710/172
f 709/183 74/161 5/198
f 486/653 429/663 725/660
f 619/2175 825/2178 334/2176
f 933/1387 441/1384 932/1386
f 933/474 509/472 441/477
f 575/2172 619/2175 334/2176
f 447/3017 994/3015 439/3018
f 448/1393 447/1396 446/1388
f 505/1400 652/1398 465/1395
f 459/2739 460/2737 803/2738
f 505/507 456/503 457/493
f 438/546 475/553 505/551
f 465/1395 448/1393 440/1391
f 465/1395 508/1401 505/1400
f 475/553 438/546 479/549
f 966/1718 712/1719 1312/1721
f 728/1091 735/1092 727/1096
f 506/741 705/749 570/748
f 712/1719 403/1722 1312/1721
f 403/2006 500/1999 1312/2002
f 713/2719 935/2717 714/2716
f 1314/2718 714/2716 1315/2715
f 404/2721 713/2719 714/2716
f 424/2720 714/2716 1314/2718
f 450/1923 1313/1929 439/1926
f 615/1931 1313/1929 450/1923
f 333/795 708/794 425/799
f 1315/3052 935/3053 1314/3054
f 450/806 934/797 615/801
f 425/799 708/794 934/797
f 934/797 1311/793 615/801
f 615/1931 439/1926 1313/1929
f 638/619 462/622 805/627
f 439/1926 615/1931 847/1932
f 524/796 1311/793 469/792
f 22/798 806/802 469/792
f 615/801 640/805 994/811
f 445/629 816/626 794/634
f 794/932 682/929 445/928
f 506/741 769/742 782/744
f 506/741 435/737 769/742
f 634/1099 731/1102 727/1096
f 437/548 464/554 776/558
f 650/1144 466/1151 426/1147
f 465/1395 652/1398 448/1393
f 426/651 466/654 422/646
f 481/1155 465/1154 826/1150
f 465/1154 650/1144 826/1150
f 447/1396 459/1394 446/1388
f 802/2735 460/2737 620/2736
f 803/1392 1310/1385 446/1388
f 847/3271 447/3273 652/3272
f 459/1394 803/1392 446/1388
f 461/633 462/622 445/629
f 447/3385 439/3386 458/3387
f 457/493 620/496 458/499
f 803/2738 460/2737 802/2735
f 801/484 621/480 932/482
f 932/482 621/480 613/476
f 613/1390 933/1387 932/1386
f 454/479 613/476 621/480
f 426/651 486/653 824/656
f 486/653 725/660 824/656
f 613/476 454/479 619/478
f 204/1490 21/1494 825/1492
f 455/1483 204/1490 825/1492
f 619/1493 455/1483 825/1492
f 388/264 1/291 389/270
f 2/263 1/291 388/264
f 389/270 385/231 388/264
f 385/231 6/228 388/264
f 6/228 387/212 5/198
f 385/231 387/212 6/228
f 389/270 386/235 385/231
f 393/246 390/230 385/231
f 386/235 392/219 385/231
f 385/231 390/230 391/199
f 1646/271 389/270 1647/297
f 395/3235 402/3236 399/3237
f 399/229 394/184 395/213
f 393/3239 392/3238 402/3236
f 1643/206 397/191 1649/220
f 392/219 386/235 397/191
f 392/219 397/191 398/204
f 391/199 390/230 395/213
f 394/184 391/199 395/213
f 398/204 400/203 399/229
f 401/218 394/184 399/229
f 400/203 401/218 399/229
f 399/229 392/219 398/204
f 397/191 386/235 1648/236
f 402/3274 395/3275 393/3276
f 392/3238 399/3237 402/3236
f 488/545 489/547 472/543
f 421/293 578/280 539/265
f 992/541 488/545 472/543
f 439/635 427/639 428/642
f 498/1928 502/1924 449/1920
f 410/1700 381/1697 496/1703
f 437/548 495/555 476/552
f 421/648 490/645 478/649
f 509/2400 482/2401 480/2402
f 422/646 421/648 487/650
f 428/2407 451/2405 480/2402
f 501/402 408/397 410/393
f 434/730 476/733 444/732
f 481/2073 505/2076 475/2078
f 506/741 436/738 435/737
f 505/3123 463/3124 464/3125
f 500/1999 974/2007 514/2004
f 413/371 411/366 529/377
f 491/2399 492/2391 526/2394
f 546/420 631/416 555/412
f 584/1777 978/1782 585/1783
f 987/1788 585/1783 978/1782
f 332/1632 749/1635 378/1629
f 517/1648 519/1645 518/1652
f 409/243 589/242 485/259
f 473/173 474/214 482/215
f 562/3301 540/3300 541/3302
f 493/727 651/729 981/724
f 487/650 421/648 539/652
f 536/756 484/758 537/761
f 516/539 992/541 472/543
f 991/1949 558/1953 559/1950
f 415/755 550/760 484/758
f 989/2388 492/2391 560/2395
f 521/2437 760/2440 548/2443
f 559/2297 557/2296 541/2294
f 975/239 328/222 502/254
f 967/2107 424/2109 423/2108
f 637/618 816/626 462/622
f 417/411 552/407 551/406
f 547/2745 549/2740 548/2743
f 963/817 330/808 795/812
f 651/729 544/735 580/731
f 482/2401 477/2406 449/2404
f 760/2747 547/2745 548/2743
f 742/379 352/382 351/375
f 496/1703 382/1706 352/1707
f 358/1698 381/1697 410/1700
f 381/1697 382/1706 496/1703
f 410/393 407/390 565/389
f 352/382 515/383 376/386
f 523/1088 522/1086 569/1085
f 536/384 376/386 515/383
f 415/755 529/754 414/757
f 542/750 544/751 436/752
f 574/930 442/925 475/927
f 475/927 442/925 463/923
f 542/3100 543/3101 497/3098
f 989/2388 497/2392 568/2389
f 572/1646 571/1644 523/1643
f 971/208 488/167 588/193
f 557/1650 571/1644 572/1646
f 566/3099 544/3102 542/3100
f 417/765 550/760 416/759
f 568/1087 570/1089 569/1085
f 408/397 551/406 633/398
f 415/755 416/759 550/760
f 581/1090 568/1087 517/1084
f 544/735 566/740 561/734
f 560/1961 492/1959 497/1960
f 492/1959 491/1956 566/1958
f 567/380 413/371 529/377
f 579/1957 561/1954 559/1950
f 526/2394 492/2391 582/2390
f 491/192 531/179 530/136
f 577/3229 451/3231 428/3233
f 433/544 516/539 472/543
f 557/1650 562/1647 571/1644
f 979/1081 512/1080 513/1077
f 539/265 474/214 511/249
f 988/3240 716/3241 987/3242
f 486/653 510/655 576/659
f 510/655 538/662 576/659
f 719/1726 944/1732 948/1729
f 576/1075 538/1079 513/1077
f 561/734 579/736 981/724
f 530/1951 559/1950 561/1954
f 511/249 976/232 979/98
f 562/1647 519/1645 571/1644
f 561/1954 491/1956 530/1951
f 533/180 541/169 532/148
f 971/208 483/223 488/167
f 990/129 532/148 1075/159
f 541/169 583/138 532/148
f 499/2000 596/2003 453/1997
f 562/3301 579/3298 540/3300
f 588/193 531/179 587/207
f 518/2397 977/2398 582/2390
f 581/2393 518/2397 582/2390
f 578/280 474/214 539/265
f 511/658 510/655 539/652
f 502/1924 598/1921 449/1920
f 969/257 535/224 326/241
f 594/2322 593/2318 453/2321
f 975/3090 591/3091 592/3087
f 577/3092 592/3087 591/3091
f 453/1997 500/1999 499/2000
f 520/350 590/351 556/352
f 537/158 589/242 520/225
f 596/181 499/221 526/209
f 589/242 409/243 554/226
f 596/2323 594/2322 453/2321
f 588/193 587/207 499/221
f 526/209 499/221 587/207
f 586/240 971/208 973/256
f 474/214 578/280 586/240
f 478/557 483/550 586/560
f 554/2444 553/2438 520/2441
f 970/275 326/241 590/258
f 521/2437 520/2441 553/2438
f 548/2443 520/2441 521/2437
f 139/316 329/301 602/325
f 602/1638 332/1632 139/1637
f 598/273 502/254 328/222
f 975/3293 498/3292 597/3294
f 330/808 320/803 425/799
f 591/935 597/931 507/933
f 974/2655 573/2657 967/2656
f 507/933 597/931 574/930
f 974/2655 967/2656 968/2653
f 600/435 139/437 83/438
f 329/2741 965/2744 602/2746
f 964/2439 760/2440 521/2437
f 452/1716 593/1709 599/1714
f 535/1711 614/1712 593/1709
f 437/548 433/544 438/546
f 598/1921 963/1925 937/1922
f 597/641 428/642 461/633
f 509/472 503/473 504/470
f 503/473 613/476 601/475
f 940/162 945/106 958/149
f 954/2688 723/2685 956/2687
f 990/129 949/105 536/139
f 536/139 375/140 376/160
f 541/3302 540/3300 559/3299
f 608/1844 764/1841 609/1842
f 563/413 564/408 420/399
f 449/2404 428/2407 480/2402
f 882/2157 881/2158 883/2154
f 606/2137 605/2130 790/2134
f 764/1841 763/1837 762/1840
f 677/1619 653/1621 648/1612
f 628/429 470/424 471/432
f 876/2155 875/2156 893/2153
f 886/3002 867/3001 868/2999
f 861/2243 873/2239 863/2241
f 915/1817 841/1815 906/1807
f 840/1916 627/1915 625/1910
f 527/1739 624/1740 623/1737
f 798/810 524/796 525/804
f 619/2175 575/2172 601/2174
f 613/476 619/478 601/475
f 832/1055 909/1056 808/1047
f 337/436 616/442 612/445
f 796/2221 817/2223 685/2222
f 635/1100 931/1103 636/1097
f 792/2799 697/2804 698/2805
f 605/2130 791/2126 790/2134
f 648/1612 653/1621 649/1617
f 694/359 706/353 693/356
f 349/2981 657/2982 369/2983
f 405/391 407/390 406/394
f 414/376 412/370 632/365
f 563/3132 631/3133 630/3134
f 745/387 738/385 515/383
f 654/637 468/640 655/632
f 427/639 461/633 428/642
f 442/925 574/930 597/931
f 652/504 505/507 457/493
f 647/2053 608/2056 609/2050
f 641/600 642/597 924/593
f 645/1805 644/1809 646/1812
f 645/1805 646/1812 641/1808
f 664/599 923/604 641/600
f 915/1817 907/1816 855/1818
f 872/3243 858/3244 857/3245
f 888/2866 653/2869 905/2868
f 897/2596 471/2599 663/2601
f 763/1837 604/1838 662/1835
f 902/2603 663/2601 471/2599
f 660/433 350/434 347/430
f 659/428 546/420 653/426
f 349/2981 658/2978 657/2982
f 891/2980 657/2982 658/2978
f 345/2602 629/2597 346/2600
f 767/427 660/433 347/430
f 661/2102 765/2099 370/2101
f 369/2103 661/2102 370/2101
f 679/2312 681/2309 680/2314
f 662/3020 603/3023 889/3022
f 653/426 888/431 659/428
f 470/424 546/420 659/428
f 868/3351 884/3352 882/3353
f 880/1746 674/1747 673/1743
f 881/2158 876/2155 883/2154
f 819/1905 796/1906 626/1903
f 627/1741 624/1740 527/1739
f 884/1748 885/1750 880/1746
f 872/2236 671/2234 877/2231
f 873/2239 858/2242 872/2236
f 870/1825 864/1822 865/1823
f 873/2239 861/2243 856/2245
f 528/1826 852/1828 865/1823
f 665/2341 668/2339 670/2337
f 845/2335 846/2333 829/2332
f 842/1132 618/1134 853/1136
f 857/3245 858/3244 839/3246
f 627/1915 626/1903 625/1910
f 666/1833 672/1831 665/1832
f 668/3280 665/3281 528/3282
f 667/2338 851/2342 666/2340
f 881/1742 627/1741 527/1739
f 528/1826 665/1832 672/1831
f 528/2628 527/2626 668/2625
f 667/2338 666/2340 670/2337
f 668/2339 669/2334 670/2337
f 639/616 623/620 624/617
f 637/618 624/617 627/621
f 804/487 686/492 667/491
f 809/1042 773/1037 814/1045
f 842/1132 832/1131 618/1134
f 457/493 456/503 827/498
f 640/805 615/801 524/796
f 525/804 524/796 799/800
f 923/604 820/608 432/601
f 686/492 804/487 457/493
f 618/1134 617/1137 812/1140
f 684/2225 817/2223 818/2224
f 684/2225 784/2226 685/2222
f 464/919 683/921 467/916
f 640/623 639/616 638/619
f 552/407 418/417 555/412
f 796/1906 625/1910 626/1903
f 625/2220 467/2216 786/2219
f 697/3208 777/3209 698/3210
f 435/737 772/745 769/742
f 606/2137 698/2136 605/2130
f 792/2799 788/2802 697/2804
f 435/2133 476/2135 778/2127
f 495/1033 726/1031 476/1036
f 476/2135 779/2131 778/2127
f 495/555 437/548 776/558
f 649/1617 700/1613 648/1612
f 555/412 545/423 546/420
f 635/1412 731/1420 768/1417
f 695/1843 763/1837 764/1841
f 693/2317 680/2314 695/2316
f 695/1843 608/1844 693/1845
f 608/1844 647/1847 694/1846
f 609/2050 691/2049 647/2053
f 690/2055 694/2057 691/2049
f 694/1846 693/1845 608/1844
f 689/409 419/395 643/403
f 630/418 470/424 687/419
f 343/2994 687/2995 347/2996
f 364/2094 692/2092 656/2091
f 368/364 761/360 707/355
f 699/1836 762/1840 763/1837
f 763/2313 680/2314 681/2309
f 347/430 687/419 767/427
f 365/2354 656/2355 688/2356
f 656/2091 367/2096 364/2094
f 631/416 420/399 555/412
f 341/415 689/409 687/419
f 564/408 766/414 643/403
f 420/399 552/407 555/412
f 610/358 707/355 746/354
f 632/2059 694/2057 690/2055
f 690/2055 691/2049 696/2052
f 706/353 694/359 632/365
f 744/362 706/353 632/365
f 701/769 703/766 704/767
f 337/436 152/447 117/443
f 612/445 152/447 337/436
f 419/395 405/391 420/399
f 552/407 633/398 551/406
f 418/417 552/407 417/411
f 747/764 704/767 703/766
f 758/768 417/765 703/766
f 757/2201 756/2200 632/2199
f 416/759 756/762 747/764
f 412/370 414/376 529/377
f 744/362 740/357 706/353
f 420/399 643/403 419/395
f 416/759 415/755 414/757
f 411/366 412/370 529/377
f 410/393 408/397 407/390
f 408/397 406/394 407/390
f 633/398 405/391 406/394
f 412/370 411/366 744/362
f 493/727 444/732 544/735
f 493/727 433/728 434/730
f 430/602 721/598 429/605
f 486/653 430/661 429/663
f 715/1781 717/1787 733/1784
f 436/738 506/741 542/743
f 544/735 444/732 436/738
f 601/475 504/470 503/473
f 445/629 442/638 461/633
f 320/803 333/795 425/799
f 1314/2111 423/2108 424/2109
f 1314/3054 935/3053 423/3055
f 966/1718 599/1714 712/1719
f 712/1719 713/1717 404/1720
f 735/1092 569/1085 570/1089
f 452/2001 966/1998 453/1997
f 440/1391 448/1393 446/1388
f 70/2177 71/2173 334/2176
f 480/2402 451/2405 441/2403
f 71/2173 575/2172 334/2176
f 462/622 816/626 445/629
f 443/924 683/921 442/925
f 441/2403 451/2405 440/2408
f 446/1388 441/1384 440/1391
f 652/1398 447/1396 448/1393
f 443/924 467/916 683/921
f 508/3317 481/3318 475/3315
f 508/3317 463/3316 505/3319
f 437/548 438/546 505/551
f 634/1099 727/1096 705/1095
f 500/1999 966/1998 1312/2002
f 404/2721 714/2716 424/2720
f 435/737 436/738 444/732
f 705/2909 506/2906 634/2908
f 423/3055 935/3053 713/3056
f 708/794 1311/793 934/797
f 450/1923 439/1926 449/1920
f 333/795 22/798 469/792
f 1310/1385 803/1392 801/1389
f 524/796 615/801 1311/793
f 640/805 805/815 994/811
f 467/916 797/918 464/919
f 682/929 468/926 443/924
f 459/505 458/499 620/496
f 505/2076 481/2073 456/2072
f 465/1154 466/1151 650/1144
f 465/657 422/646 466/654
f 463/923 683/921 464/919
f 847/3016 994/3015 447/3017
f 847/3388 458/3387 439/3386
f 462/622 461/633 427/639
f 620/496 460/508 459/505
f 447/1396 458/1399 459/1394
f 805/627 640/623 638/619
f 468/926 467/916 443/924
f 801/484 803/488 804/487
f 619/478 454/479 455/481
f 392/2660 393/2661 385/2662
f 389/270 1/291 1644/304
f 537/761 484/758 485/763
f 449/2404 480/2402 482/2401
f 481/1155 508/1156 465/1154
f 433/544 437/548 476/552
f 510/655 487/650 539/652
f 490/559 479/549 478/557
f 558/1654 579/1653 557/1650
f 485/410 417/411 501/402
f 514/2004 499/2000 500/1999
f 477/2406 498/2409 449/2404
f 566/1958 497/1960 492/1959
f 496/1703 409/1705 410/1700
f 493/727 981/724 494/726
f 433/544 472/543 438/546
f 659/428 471/432 470/424
f 457/493 458/499 652/504
f 476/733 435/737 444/732
f 493/727 494/726 433/728
f 487/650 426/651 422/646
f 487/650 486/653 426/651
f 440/3232 451/3231 507/3228
f 439/1926 428/1930 449/1920
f 464/554 437/548 505/551
f 994/630 462/622 439/635
f 462/622 427/639 439/635
f 441/2403 509/2400 480/2402
f 478/557 479/549 483/550
f 572/2288 541/2294 557/2296
f 569/1085 517/1084 568/1087
f 515/383 413/371 567/380
f 490/645 421/648 422/646
f 477/3089 592/3087 498/3086
f 594/1713 595/1710 593/1709
f 535/1711 595/1710 594/1713
f 405/391 633/398 420/399
f 527/2626 528/2628 881/2630
f 605/2130 698/2136 435/2133
f 775/922 464/919 797/918
f 362/2098 366/2095 692/2092
f 680/2314 761/2315 679/2312
f 451/3231 577/3229 507/3228
f 506/741 570/748 568/747
f 404/2721 573/2722 403/2724
f 994/630 805/627 462/622
f 489/547 479/549 472/543
f 158/2009 149/2010 147/2011
f 103/1523 121/1524 1740/1525
f 175/1962 187/1963 288/1964
f 212/851 15/852 11/853
f 166/2915 167/2916 159/2917
f 135/3377 149/3378 138/3379
f 76/1340 94/1336 327/1333
f 35/266 34/305 30/319
f 18/867 19/865 218/861
f 194/465 307/466 195/463
f 105/1532 201/1534 313/1529
f 11/2508 229/2509 225/2510
f 76/1636 331/1633 77/1640
f 84/2343 86/2344 88/2345
f 327/1641 315/1634 76/1636
f 314/1631 76/1636 315/1634
f 314/1631 331/1633 76/1636
f 325/289 323/314 318/286
f 318/286 316/253 326/241
f 325/289 318/286 326/241
f 316/253 324/272 328/222
f 315/1330 327/1333 79/1328
f 325/289 139/316 323/314
f 319/1563 318/1564 323/1565
f 325/289 329/301 139/316
f 319/1563 323/1565 92/1566
f 318/286 317/284 316/253
f 105/309 321/298 317/284
f 324/272 321/298 1760/310
f 105/309 317/284 319/321
f 91/1539 201/1534 319/1536
f 332/1632 315/1634 139/1637
f 317/1567 318/1564 319/1563
f 64/285 328/222 324/272
f 322/300 64/285 29/313
f 29/313 330/315 322/300
f 330/315 29/313 320/306
f 64/285 26/324 29/313
f 29/313 34/305 72/294
f 65/328 32/335 1762/341
f 168/1206 157/1207 290/1208
f 277/3057 284/3058 279/3059
f 300/1542 200/1543 192/1544
f 158/1354 138/1355 149/1356
f 264/1457 299/1458 208/1459
f 283/1975 172/1971 171/1965
f 190/3311 180/3312 181/3313
f 24/1467 202/1473 44/1472
f 290/1974 187/1963 168/1970
f 300/1506 182/1507 200/1508
f 272/2785 273/2786 289/2787
f 270/2834 292/2835 268/2836
f 251/2694 262/2695 1764/2696
f 279/2842 282/2843 292/2835
f 309/1553 306/1558 265/1560
f 260/3199 267/3200 1766/3201
f 1768/2706 255/2700 1769/2704
f 243/2929 232/2930 240/2931
f 241/875 248/876 233/873
f 222/2844 219/2845 220/2846
f 219/870 234/868 223/860
f 223/860 226/863 213/857
f 217/818 210/819 226/820
f 38/855 213/857 210/862
f 229/2509 11/2508 12/2511
f 119/446 117/443 153/450
f 1772/1477 140/1471 1773/1474
f 324/272 316/253 317/284
f 288/2788 289/2787 273/2786
f 126/1231 207/1227 160/1224
f 188/1215 157/1207 150/1217
f 190/3354 181/3355 179/3356
f 113/3115 145/3116 107/3117
f 39/832 205/826 16/831
f 6/2731 8/2732 388/2733
f 1753/302 4/278 1774/290
f 218/861 41/858 38/855
f 216/827 221/822 232/828
f 53/836 54/844 69/842
f 54/307 57/251 73/295
f 65/328 30/319 32/335
f 1760/310 87/322 1775/330
f 69/842 54/844 55/848
f 18/867 40/864 39/869
f 258/3252 291/3253 305/3254
f 192/1544 311/1546 194/1548
f 307/1549 194/1548 311/1546
f 258/469 308/467 307/466
f 197/464 308/467 257/468
f 307/1549 309/1553 258/1557
f 291/3253 258/3252 310/3255
f 308/467 258/469 257/468
f 291/1562 310/1559 266/1561
f 257/3103 258/3104 303/3105
f 258/1557 309/1553 310/1559
f 281/3106 257/3103 303/3105
f 309/1553 266/1561 310/1559
f 200/1543 306/1558 309/1553
f 290/3093 272/3094 187/3095
f 299/960 264/961 304/962
f 307/466 308/467 195/463
f 307/1549 200/1543 309/1553
f 193/1509 304/1511 200/1508
f 307/1549 311/1546 200/1543
f 194/1548 185/1552 192/1544
f 192/1544 182/1545 300/1542
f 192/1544 200/1543 311/1546
f 196/460 195/463 197/464
f 147/2011 170/2014 161/2012
f 306/1514 200/1508 304/1511
f 304/1511 264/1518 305/1517
f 253/1461 198/1464 208/1459
f 299/960 304/962 302/963
f 305/1517 291/1519 265/1515
f 305/1517 265/1515 304/1511
f 264/1518 303/1520 305/1517
f 267/976 260/970 1776/972
f 299/1458 253/1461 208/1459
f 253/2139 256/2140 252/2141
f 185/1552 194/1548 184/1556
f 198/1464 199/1468 208/1459
f 298/964 299/960 302/963
f 298/3009 283/3010 286/3011
f 172/3013 283/3010 298/3009
f 286/3011 301/3012 298/3009
f 286/2669 279/2670 301/2671
f 172/966 193/965 173/969
f 293/2791 287/2790 283/2792
f 288/2788 293/2791 171/2793
f 175/1962 288/1964 171/1965
f 157/1207 297/1210 290/1208
f 165/1212 297/1210 157/1207
f 295/1225 164/1220 278/1228
f 272/1216 290/1208 296/1213
f 187/3095 272/3094 289/3096
f 187/3095 289/3096 288/3097
f 171/2793 293/2791 283/2792
f 294/1221 273/1226 272/1216
f 294/2789 287/2790 288/2788
f 287/2678 294/2680 285/2675
f 287/2678 285/2675 283/2672
f 1778/3061 278/3063 1779/3067
f 268/3396 282/3397 284/3398
f 280/2674 282/2677 279/2670
f 286/2669 283/2672 279/2670
f 275/2679 285/2675 294/2680
f 284/3058 277/3057 1778/3061
f 284/3363 282/3364 280/3365
f 268/3330 292/3331 280/3332
f 282/3335 267/3334 292/3331
f 267/3334 280/3332 292/3331
f 267/3200 282/3207 268/3206
f 276/2673 285/2675 275/2679
f 279/3059 274/3060 277/3057
f 280/2674 276/2673 274/2676
f 273/2786 294/2789 288/2788
f 294/1221 296/1213 295/1225
f 1779/1236 269/1232 1781/1241
f 271/2940 280/2941 274/2942
f 1782/2837 268/2836 1783/2839
f 270/2834 271/2841 274/2838
f 271/2940 263/2943 280/2941
f 261/3145 262/3146 1786/3147
f 1786/3147 263/3149 1788/3151
f 1764/2696 261/2699 1789/2701
f 263/2943 270/2944 1785/2945
f 255/2700 251/2694 1765/2697
f 251/2694 263/2698 262/2695
f 266/1521 265/1515 291/1519
f 254/973 259/967 260/970
f 265/1560 266/1561 309/1553
f 250/977 260/970 1767/979
f 251/2694 255/2700 250/2703
f 264/1518 281/1522 303/1520
f 257/1462 281/1465 264/1457
f 258/3104 305/3107 303/3105
f 264/1457 197/1460 257/1462
f 254/973 250/977 249/980
f 249/2146 256/2140 254/2143
f 251/982 250/977 1793/981
f 252/3380 256/3381 1754/3382
f 216/827 232/828 243/833
f 231/871 233/873 248/876
f 240/3027 231/3028 248/3029
f 248/876 241/875 246/882
f 1799/885 246/882 1800/890
f 1801/886 241/875 1802/889
f 241/875 245/877 1770/881
f 239/872 245/877 241/875
f 242/879 238/887 1759/891
f 1771/883 242/879 1805/888
f 1797/2935 248/2933 1799/2937
f 244/2934 247/2932 1798/2936
f 244/2934 243/2929 247/2932
f 247/2932 243/2929 240/2931
f 248/2933 247/2932 240/2931
f 1809/840 244/838 1810/845
f 233/873 234/868 241/875
f 220/2512 229/2509 228/2515
f 234/868 233/873 231/871
f 245/877 239/872 237/874
f 228/880 237/874 222/878
f 239/872 219/870 237/874
f 1811/3135 228/3136 1812/3137
f 219/870 239/872 234/868
f 237/874 228/880 242/879
f 238/887 242/879 228/880
f 1812/3137 230/3139 1813/3141
f 243/833 244/838 215/834
f 216/827 243/833 215/834
f 217/818 231/825 221/822
f 223/860 234/868 217/866
f 239/872 241/875 234/868
f 221/822 231/825 232/828
f 231/3028 240/3027 232/3030
f 231/871 217/866 234/868
f 226/863 223/860 217/866
f 226/863 210/862 213/857
f 197/464 178/462 196/460
f 1814/2519 227/2513 1816/2516
f 203/1491 204/1490 236/1487
f 235/814 209/807 203/816
f 235/1489 203/1491 236/1487
f 1816/2516 12/2511 1817/2518
f 210/819 205/826 40/829
f 213/857 212/851 224/854
f 214/821 211/823 210/819
f 224/854 225/856 220/859
f 223/860 213/857 224/854
f 214/821 217/818 221/822
f 221/822 206/824 214/821
f 205/826 211/823 206/824
f 219/2845 223/2848 220/2846
f 224/854 220/859 223/860
f 220/2846 228/2847 222/2844
f 12/2511 227/2513 229/2509
f 230/2520 228/2515 227/2513
f 228/2515 229/2509 227/2513
f 220/2512 225/2510 229/2509
f 217/818 214/821 210/819
f 206/824 211/823 214/821
f 17/830 215/834 1808/835
f 210/862 40/864 38/855
f 40/829 205/826 39/832
f 211/823 205/826 210/819
f 41/858 218/861 19/865
f 17/830 206/824 216/827
f 11/853 225/856 224/854
f 224/854 212/851 11/853
f 212/851 213/857 38/855
f 21/813 203/816 209/807
f 16/831 205/826 206/824
f 20/2424 13/2425 14/2426
f 204/1490 203/1491 21/1494
f 22/798 21/813 209/807
f 13/2514 23/2517 12/2511
f 208/1459 199/1468 24/1467
f 177/457 142/453 153/450
f 152/447 129/452 190/456
f 179/455 152/447 190/456
f 129/1555 183/1547 190/1554
f 153/450 142/453 119/446
f 155/974 162/971 193/965
f 190/1554 183/1547 180/1550
f 153/450 179/455 177/457
f 179/455 191/458 177/457
f 199/1468 202/1473 24/1467
f 189/1463 208/1459 24/1467
f 197/1460 208/1459 189/1463
f 192/1544 185/1552 180/1550
f 193/1509 156/1510 155/1513
f 183/1547 182/1545 192/1544
f 178/1466 197/1460 189/1463
f 184/459 195/463 196/460
f 194/465 195/463 184/459
f 183/1547 192/1544 180/1550
f 179/3314 181/3313 180/3312
f 177/457 196/460 178/462
f 132/1339 134/1343 129/1335
f 135/2013 159/2017 176/2015
f 163/1219 188/1215 160/1224
f 154/1516 155/1513 186/1512
f 183/1547 134/1551 182/1545
f 193/1509 200/1508 182/1507
f 168/2919 176/2920 159/2917
f 168/1206 169/1209 157/1207
f 159/2917 167/2916 168/2919
f 157/1207 169/1209 166/1211
f 168/1970 187/1963 147/1968
f 170/1966 187/1963 175/1962
f 157/1207 188/1215 165/1212
f 165/1212 188/1215 163/1219
f 165/1212 163/1219 164/1220
f 170/1966 175/1962 174/1967
f 171/1965 174/1967 175/1962
f 171/1965 173/1969 174/1967
f 162/1976 161/1972 173/1969
f 161/2012 170/2014 174/2016
f 207/1227 126/1231 151/1235
f 135/2013 147/2011 149/2010
f 146/1218 143/1223 148/1214
f 146/2018 159/2017 135/2013
f 158/1352 154/1349 138/1346
f 148/1214 128/1222 150/1217
f 150/1217 157/1207 148/1214
f 157/1207 166/1211 148/1214
f 154/1349 158/1352 161/1353
f 134/2958 154/2959 186/2960
f 150/1217 160/1224 188/1215
f 155/1978 154/1977 162/1976
f 207/1227 151/1235 1821/1238
f 148/1214 166/1211 146/1218
f 128/1427 145/1428 110/1429
f 138/1346 133/1342 135/1345
f 113/3115 111/3119 145/3116
f 143/3408 145/3409 144/3410
f 151/1235 122/1240 1823/1245
f 141/1433 126/1438 150/1436
f 133/1342 108/1338 135/1345
f 108/2020 109/2019 135/2013
f 107/2021 146/2018 109/2019
f 130/1329 132/1339 129/1335
f 134/1343 132/1339 131/1347
f 141/1433 128/1427 114/1430
f 80/1331 133/1342 138/1346
f 93/1337 97/1334 79/1328
f 138/1346 132/1339 137/1348
f 126/1438 125/1440 122/1443
f 141/1433 116/1444 125/1440
f 116/1444 141/1433 115/1447
f 100/1452 89/1456 104/1451
f 153/450 117/443 152/447
f 138/1346 137/1348 80/1331
f 127/3305 80/3306 137/3307
f 119/446 136/454 96/449
f 117/443 119/446 118/440
f 108/1338 80/1331 97/1334
f 78/1439 116/1444 115/1447
f 112/3121 111/3119 113/3115
f 75/3118 113/3115 107/3117
f 114/1430 110/1429 111/1434
f 109/2019 108/2020 107/2021
f 107/1341 97/1334 93/1337
f 108/2020 97/2022 107/2021
f 114/3042 78/3043 115/3044
f 104/1451 89/1456 99/1454
f 1745/3247 102/3248 1825/3249
f 96/449 118/440 119/446
f 78/1439 120/1442 77/1445
f 88/1455 89/1456 100/1452
f 99/1454 123/1446 104/1451
f 90/2347 98/2348 88/2345
f 106/1527 102/1528 101/1531
f 87/322 321/298 105/309
f 88/2345 86/2344 90/2347
f 89/2350 88/2345 98/2348
f 101/1531 87/1535 105/1532
f 101/1450 102/1453 122/1443
f 1828/2352 98/2348 1829/2349
f 1829/2349 90/2347 1830/2351
f 1834/1538 101/1531 1835/1541
f 1832/2818 89/2819 1833/2820
f 75/1344 76/1340 85/1350
f 95/444 323/448 139/437
f 319/1563 92/1566 91/1568
f 93/1337 94/1336 76/1340
f 79/1328 124/1323 83/1326
f 97/1334 80/1331 79/1328
f 77/1445 84/1448 78/1439
f 78/1439 84/1448 100/1452
f 75/1344 93/1337 76/1340
f 49/3277 55/3278 54/3279
f 69/2762 73/2763 51/2764
f 54/307 73/295 49/282
f 72/294 70/281 320/306
f 73/2883 69/2884 67/2885
f 35/2112 62/2113 36/2114
f 41/2663 47/2664 37/2665
f 35/266 37/250 71/233
f 81/186 67/217 59/202
f 34/305 35/266 72/294
f 67/217 81/186 71/233
f 71/233 37/250 67/217
f 37/250 68/267 67/217
f 73/295 67/217 49/282
f 68/267 49/282 67/217
f 71/233 70/281 35/266
f 29/313 72/294 320/306
f 69/3108 55/3109 57/3110
f 73/3111 57/3110 55/3109
f 30/319 29/313 66/332
f 62/336 65/328 63/342
f 58/234 59/202 67/217
f 57/251 58/234 67/217
f 52/3256 56/3257 54/3258
f 29/313 26/324 66/332
f 1762/341 26/324 1836/344
f 58/234 52/296 1837/283
f 60/347 65/328 1839/348
f 63/342 65/328 60/347
f 91/1539 44/1540 201/1534
f 62/3211 63/3212 20/3213
f 66/332 32/335 30/319
f 26/324 64/285 1748/331
f 32/3168 66/3169 33/3170
f 27/3082 33/3083 26/3084
f 82/2962 30/2963 34/2964
f 47/2664 49/2668 68/2667
f 1751/252 58/234 1838/268
f 20/2424 63/2428 45/2427
f 36/2114 50/2116 20/2118
f 53/836 52/847 54/844
f 57/3260 56/3257 58/3259
f 5/198 59/202 7/227
f 1837/283 61/308 1847/320
f 23/2431 46/2429 1848/2432
f 18/2767 69/2762 19/2765
f 42/2119 14/2121 15/2122
f 20/3213 50/3214 62/3211
f 53/836 61/850 52/847
f 19/2765 51/2764 48/2766
f 19/2583 48/2584 47/2585
f 42/2119 43/2117 36/2114
f 48/2766 51/2764 73/2763
f 37/2665 43/2666 41/2663
f 36/2114 43/2117 37/2115
f 31/2967 82/2962 28/2965
f 28/2971 29/2972 31/2973
f 28/2965 82/2962 34/2964
f 29/2966 28/2965 34/2964
f 29/2972 30/2974 31/2973
f 82/2975 31/2973 30/2974
f 33/3187 27/3188 32/3189
f 66/3085 26/3084 33/3083
f 24/1467 44/1472 25/1470
f 41/2120 43/2117 42/2119
f 15/852 38/855 41/858
f 18/867 218/861 40/864
f 38/855 40/864 218/861
f 14/2121 10/2123 15/2122
f 41/2120 42/2119 15/2122
f 42/2119 20/2118 14/2121
f 69/2762 51/2764 19/2765
f 39/832 16/831 18/837
f 69/842 18/837 16/831
f 11/2124 10/2123 13/2125
f 14/3327 13/3328 10/3329
f 12/2511 11/2508 13/2514
f 1650/317 9/303 1654/327
f 1851/260 7/227 1853/261
f 9/303 1/291 4/278
f 1/291 2/263 4/278
f 1774/290 3/244 1852/276
f 4/278 2/263 3/244
f 2/263 6/228 3/244
f 7/227 3/244 5/198
f 6/228 5/198 3/244
f 2/263 388/264 8/279
f 8/279 6/228 2/263
f 1850/846 53/836 1854/843
f 278/1228 275/1233 294/1221
f 104/1451 123/1446 116/1444
f 123/1446 125/1440 116/1444
f 79/1328 327/1333 94/1336
f 317/284 321/298 324/272
f 35/266 70/281 72/294
f 95/444 92/451 323/448
f 139/437 315/441 83/438
f 79/1328 83/1326 315/1330
f 322/300 328/222 64/285
f 1747/299 324/272 1761/311
f 78/1439 114/1430 112/1437
f 91/1568 136/1569 119/1570
f 100/1452 104/1451 78/1439
f 122/1443 123/1446 101/1450
f 139/437 118/440 95/444
f 118/440 96/449 95/444
f 54/3258 56/3257 57/3260
f 332/1632 314/1631 315/1634
f 270/2834 274/2838 292/2835
f 1858/3065 284/3058 1859/3068
f 202/1537 201/1534 44/1540
f 283/2672 285/2675 276/2673
f 182/1507 186/1512 156/1510
f 1776/972 301/968 1858/975
f 301/3062 279/3059 284/3058
f 268/3396 284/3398 1780/3399
f 272/1216 296/1213 294/1221
f 270/2944 263/2943 271/2940
f 1859/3366 280/3365 1861/3367
f 250/2703 255/2700 249/2705
f 49/2587 48/2584 55/2588
f 221/822 216/827 206/824
f 118/440 337/436 117/443
f 312/1230 207/1227 1822/1234
f 159/2917 146/2918 166/2915
f 162/971 173/969 193/965
f 147/2011 135/2013 176/2015
f 182/1507 156/1510 193/1509
f 160/1224 207/1227 163/1219
f 164/1220 163/1219 207/1227
f 75/1344 107/1341 93/1337
f 135/2013 109/2019 146/2018
f 155/1513 156/1510 186/1512
f 164/1220 295/1225 296/1213
f 165/1212 164/1220 296/1213
f 103/1523 102/1528 106/1527
f 1825/1530 103/1523 1827/1533
f 112/3121 113/3115 75/3118
f 111/1434 112/1437 114/1430
f 48/2584 49/2587 47/2585
f 13/2425 45/2427 46/2429
f 127/2784 137/2783 335/2781
f 308/467 197/464 195/463
f 177/1469 178/1466 189/1463
f 304/962 193/965 302/963
f 193/965 172/966 302/963
f 304/1511 265/1515 306/1514
f 264/1457 208/1459 197/1460
f 301/968 260/970 259/967
f 301/968 259/967 298/964
f 280/3365 267/3369 1777/3368
f 198/2142 253/2139 252/2141
f 1773/1474 198/1464 1862/1476
f 302/963 172/966 298/964
f 1757/1239 312/1230 1855/1242
f 269/1232 278/1228 164/1220
f 296/1213 297/1210 165/1212
f 147/1968 176/1973 168/1970
f 294/1221 295/1225 278/1228
f 290/1208 297/1210 296/1213
f 287/2790 293/2791 288/2788
f 280/2674 279/2670 276/2673
f 279/2670 283/2672 276/2673
f 280/3332 263/3333 268/3330
f 263/3205 267/3200 268/3206
f 274/3060 275/3066 278/3063
f 274/2838 279/2842 292/2835
f 274/2676 276/2673 275/2679
f 274/3060 278/3063 277/3057
f 263/3205 251/3203 267/3200
f 1766/3201 251/3203 1794/3204
f 298/964 259/967 299/960
f 254/2143 299/2145 259/2148
f 260/970 250/977 254/973
f 254/2143 256/2140 253/2139
f 253/2139 299/2145 254/2143
f 1755/2149 249/2146 1795/2150
f 237/874 242/879 245/877
f 219/870 222/878 237/874
f 198/1464 140/1471 199/1468
f 15/852 212/851 38/855
f 216/827 215/834 17/830
f 17/830 16/831 206/824
f 53/836 16/831 17/830
f 313/1529 201/1534 202/1537
f 1817/2518 23/2517 1864/2521
f 209/807 806/802 22/798
f 25/1573 142/1572 177/1574
f 189/1463 24/1467 25/1470
f 140/1471 121/1478 313/1475
f 191/458 196/460 177/457
f 189/1463 25/1470 177/1469
f 180/1550 185/1552 184/1556
f 170/1966 147/1968 187/1963
f 168/2919 167/2916 169/2921
f 134/2958 186/2960 182/2961
f 147/2011 161/2012 158/2009
f 207/1227 312/1230 164/1220
f 173/1969 161/1972 174/1967
f 154/1349 134/1343 131/1347
f 172/1971 173/1969 171/1965
f 154/1977 161/1972 162/1976
f 154/1349 131/1347 138/1346
f 126/1438 160/1441 150/1436
f 128/1427 141/1433 150/1436
f 128/1427 110/1429 114/1430
f 119/1570 142/1572 44/1571
f 142/1572 25/1573 44/1571
f 126/1438 141/1433 125/1440
f 132/2782 335/2781 137/2783
f 131/1347 132/1339 138/1346
f 141/3045 114/3042 115/3044
f 125/1440 123/1446 122/1443
f 121/1524 106/1527 313/1529
f 108/1338 133/1342 80/1331
f 136/454 92/451 96/449
f 103/1523 106/1527 121/1524
f 105/1532 319/1536 201/1534
f 80/3306 127/3305 124/3304
f 124/1323 79/1328 80/1331
f 123/1446 99/1454 101/1450
f 100/1452 84/1448 88/1455
f 77/1351 85/1350 76/1340
f 95/444 96/449 92/451
f 337/436 118/440 139/437
f 79/1328 94/1336 93/1337
f 92/1566 136/1569 91/1568
f 37/2115 35/2112 36/2114
f 57/2986 67/2987 69/2988
f 26/3190 32/3189 27/3188
f 47/2664 68/2667 37/2665
f 5/198 74/161 59/202
f 58/3259 56/3257 52/3256
f 30/319 65/328 35/266
f 65/328 62/336 35/266
f 63/2428 60/2430 45/2427
f 42/2119 36/2114 20/2118
f 60/2430 46/2429 45/2427
f 46/2429 60/2430 1840/2433
f 62/2113 50/2116 36/2114
f 16/831 53/836 69/842
f 334/2176 333/2179 70/2177
f 73/2589 55/2588 48/2584
f 7/227 59/202 1843/245
f 21/2180 22/2181 333/2179
f 44/1571 91/1568 119/1570
f 46/2429 23/2431 13/2425
f 21/2180 333/2179 334/2176
f 19/2583 47/2585 41/2586
f 11/2124 15/2122 10/2123
f 105/1532 106/1527 101/1531
f 53/836 17/830 1820/841
f 140/1471 313/1475 199/1468
f 313/1475 202/1473 199/1468
f 312/1230 269/1232 164/1220
f 198/2142 252/2141 1865/2144
f 151/1235 126/1231 122/1240
f 106/1527 105/1532 313/1529
f 101/2824 99/2821 1831/2823
f 134/1551 183/1547 129/1555
f 128/1222 148/1214 143/1223
f 20/2424 45/2427 13/2425
f 104/1451 116/1444 78/1439
f 383/125 1509/114 384/92
f 496/182 374/171 377/197
f 331/1633 314/1631 379/1630
f 374/171 376/160 375/140
f 741/388 357/401 356/396
f 344/3049 660/3047 629/3046
f 343/425 342/422 687/419
f 610/358 363/368 368/364
f 353/372 610/358 354/367
f 660/3047 344/3049 350/3051
f 344/3049 629/3046 345/3050
f 341/415 687/419 342/422
f 369/2359 370/2358 365/2354
f 370/2358 656/2355 365/2354
f 367/373 765/369 368/364
f 365/2354 688/2356 366/2357
f 363/368 610/358 353/372
f 363/2100 353/2097 364/2094
f 362/2098 692/2092 353/2097
f 340/404 689/409 341/415
f 361/3435 360/3436 359/3437
f 358/1698 357/1699 380/1696
f 751/392 565/389 741/388
f 419/395 340/404 339/400
f 120/1442 78/1439 112/1437
f 143/3120 146/3122 107/3117
f 338/3428 145/3429 111/3430
f 110/1429 145/1428 338/1432
f 143/3120 107/3117 145/3116
f 85/1449 77/1445 120/1442
f 144/1435 145/1428 336/1431
f 77/2346 86/2344 84/2343
f 336/1431 145/1428 128/1427
f 336/1229 128/1222 143/1223
f 1605/19 1309/23 1606/30
f 1606/30 1309/23 1631/34
f 1607/1677 1212/1679 1608/1680
f 1608/1680 1212/1679 1306/1681
f 1609/1675 1171/1672 1607/1677
f 1610/1682 1306/1681 1613/1683
f 1611/12 1301/8 1605/19
f 1612/18 1306/5 1611/12
f 1613/25 1306/5 1612/18
f 1614/1104 1174/1107 1259/1105
f 1615/1106 1259/1105 1242/1108
f 1616/1109 1174/1107 1614/1104
f 1617/1121 1245/1122 1246/1118
f 1618/1124 1247/1123 1617/1121
f 1618/1124 1619/1129 1711/1128
f 1620/1117 1246/1118 1173/1112
f 1621/1115 1173/1112 1616/1109
f 1622/1119 1246/1118 1620/1117
f 1623/1120 1246/1118 1622/1119
f 1624/1678 1172/1670 1630/1676
f 1625/2268 1242/2264 1624/2266
f 1626/1111 1242/1108 1627/1114
f 1627/1114 1242/1108 1625/1116
f 1628/1673 1171/1672 1609/1675
f 1629/1674 1172/1670 1628/1673
f 1630/1676 1172/1670 1629/1674
f 1631/34 1309/23 1545/33
f 1632/87 943/99 1639/108
f 1633/64 1122/76 1632/87
f 1634/133 952/143 396/152
f 1635/121 943/99 1634/133
f 1636/39 1545/33 1089/43
f 1637/48 1089/43 1638/55
f 1638/55 1089/43 1633/64
f 1639/108 943/99 1635/121
f 1640/190 396/152 1643/206
f 1641/176 396/152 1640/190
f 1642/164 396/152 1641/176
f 1643/206 396/152 397/191
f 1644/304 1/291 1645/318
f 1645/318 1/291 1650/317
f 1646/271 386/235 389/270
f 1647/297 389/270 1644/304
f 1648/236 386/235 1646/271
f 1649/220 397/191 1648/236
f 1650/317 1/291 9/303
f 1651/333 9/303 1752/326
f 1652/340 9/303 1651/333
f 1653/334 9/303 1652/340
f 1654/327 9/303 1653/334
f 1655/1688 1200/1685 1656/1692
f 1656/2562 1200/2558 1263/2560
f 1657/144 1191/112 1658/134
f 1658/134 1191/112 1279/102
f 1659/2564 1263/2560 1660/2565
f 1660/1867 1263/1866 1182/1862
f 1661/3075 1204/3074 1203/3072
f 1662/3076 1204/3074 1661/3075
f 1663/3073 1203/3072 1664/3069
f 1664/3069 1203/3072 1205/3070
f 1665/784 1205/777 1206/782
f 1666/89 1294/66 1667/77
f 1667/77 1294/66 1295/57
f 1668/779 1276/772 1662/776
f 1669/3411 1276/3412 1727/3413
f 1670/9 1210/4 1669/6
f 1671/35 1291/31 1672/26
f 1672/26 1291/31 1296/16
f 1673/15 1296/16 1211/7
f 1674/10 1211/7 1210/4
f 1675/13 1210/4 1670/9
f 1676/14 1210/4 1736/21
f 1677/40 1292/36 1671/35
f 1678/44 1292/36 1677/40
f 1679/88 1295/57 1681/78
f 1680/65 1295/57 1293/45
f 1681/78 1295/57 1680/65
f 1682/56 1293/45 1678/44
f 1683/100 1282/67 1666/89
f 1684/110 1278/90 1691/122
f 1685/123 1279/102 1684/110
f 1686/154 1280/145 1191/112
f 1687/153 1191/112 1657/144
f 1688/166 1280/145 1686/154
f 1689/178 372/155 1688/166
f 1690/109 1277/101 1683/100
f 1691/122 1278/90 1690/109
f 1692/1979 1258/1982 1255/1980
f 1693/1981 1255/1980 1716/1983
f 1694/2271 1181/2270 1720/2274
f 1695/2272 1182/2269 1694/2271
f 1696/3370 1261/3371 1709/3372
f 1697/2372 1237/2370 1696/2374
f 1698/2280 1190/2279 1699/2278
f 1699/2278 1190/2279 1220/2277
f 1700/1987 1258/1982 1710/1984
f 1701/1992 1275/1988 1700/1987
f 1702/1851 1240/1848 1239/1850
f 1703/1856 1264/1854 1702/1851
f 1704/1996 1261/1993 1701/1992
f 1705/1861 1180/1858 1703/1856
f 1706/2285 1239/2282 1698/2280
f 1707/2369 1237/2370 1697/2372
f 1708/2368 1163/2360 1707/2369
f 1709/3372 1261/3371 1704/3373
f 1710/1984 1258/1982 1692/1979
f 1711/1128 1619/1129 1739/1130
f 1712/1125 1247/1123 1618/1124
f 1713/1991 1247/1994 1714/1995
f 1714/1127 1247/1123 1712/1125
f 1715/1986 1248/1989 1713/1991
f 1716/1983 1255/1980 1715/1986
f 1717/2888 1164/2887 1731/2891
f 1718/2889 1206/2886 1717/2888
f 1719/2366 1163/2360 1708/2368
f 1720/3215 1181/3218 1217/3216
f 1721/3217 1217/3216 1724/3219
f 1722/2276 1220/2277 1181/2270
f 1723/2273 1181/2270 1182/2269
f 1724/2711 1217/2709 1170/2708
f 1725/2892 1206/2886 1718/2889
f 1726/1691 1209/1686 1655/1688
f 1727/3413 1276/3412 1668/3414
f 1728/788 1206/782 1725/790
f 1729/1694 1196/1693 1726/1691
f 1730/2367 1162/2365 1719/2366
f 1731/2891 1164/2887 1730/2894
f 1732/1865 1182/1862 1180/1858
f 1733/1864 1180/1858 1705/1861
f 1734/2712 1170/2708 1196/2713
f 1735/1695 1196/1693 1729/1694
f 1736/21 1210/4 1737/20
f 1737/20 1210/4 1675/13
f 1738/1126 1618/1124 1711/1128
f 1740/1480 121/1478 1772/1477
f 1741/1526 103/1523 1740/1525
f 1742/1247 269/1232 1756/1243
f 1743/1246 269/1232 1742/1247
f 1744/3251 122/3250 1745/3247
f 1745/3247 122/3250 102/3248
f 1746/312 64/285 1747/299
f 1747/299 64/285 324/272
f 1748/331 64/285 1749/323
f 1749/323 64/285 1746/312
f 1750/269 59/202 1751/252
f 1751/252 59/202 58/234
f 1752/326 9/303 1753/302
f 1753/302 9/303 4/278
f 1754/2151 256/2140 1755/2149
f 1755/2149 256/2140 249/2146
f 1756/1243 269/1232 1757/1239
f 1757/1239 269/1232 312/1230
f 1758/3142 238/3138 1804/3140
f 1759/3144 238/3138 1758/3142
f 1760/310 321/298 87/322
f 1761/311 324/272 1760/310
f 1762/341 32/335 26/324
f 1763/346 65/328 1762/341
f 1764/2696 262/2695 261/2699
f 1765/2697 251/2694 1764/2696
f 1766/3201 267/3200 251/3203
f 1767/3202 260/3199 1766/3201
f 1768/2706 249/2705 255/2700
f 1769/2704 255/2700 1792/2702
f 1770/881 245/877 1771/883
f 1771/883 245/877 242/879
f 1772/1477 121/1478 140/1471
f 1773/1474 140/1471 198/1464
f 1774/290 4/278 3/244
f 1775/330 87/322 1857/337
f 1776/972 260/970 301/968
f 1777/978 267/976 1776/972
f 1778/3061 277/3057 278/3063
f 1779/1236 278/1228 269/1232
f 1780/3064 284/3058 1778/3061
f 1781/1241 269/1232 1743/1246
f 1782/2837 270/2834 268/2836
f 1783/3401 268/3396 1860/3400
f 1784/2840 270/2834 1782/2837
f 1785/2945 270/2944 1784/2947
f 1786/3147 262/3146 263/3149
f 1787/3148 261/3145 1786/3147
f 1788/2946 263/2943 1785/2945
f 1789/3415 261/3416 1863/3417
f 1790/3152 261/3145 1791/3150
f 1791/3150 261/3145 1787/3148
f 1792/2702 255/2700 1765/2697
f 1793/981 250/977 1767/979
f 1794/983 251/982 1793/981
f 1795/2150 249/2146 1768/2152
f 1796/3383 252/3380 1754/3382
f 1797/2935 247/2932 248/2933
f 1798/2936 247/2932 1797/2935
f 1799/885 248/876 246/882
f 1800/890 246/882 1801/886
f 1801/886 246/882 241/875
f 1802/889 241/875 1803/884
f 1803/884 241/875 1770/881
f 1804/3140 238/3138 1811/3135
f 1805/888 242/879 1759/891
f 1806/2938 244/2934 1798/2936
f 1807/2939 244/2934 1806/2938
f 1808/835 215/834 1809/840
f 1809/840 215/834 244/838
f 1810/845 244/838 1807/849
f 1811/3135 238/3138 228/3136
f 1812/3137 228/3136 230/3139
f 1813/3141 230/3139 1818/3143
f 1814/2519 230/2520 227/2513
f 1815/2522 230/2520 1814/2519
f 1816/2516 227/2513 12/2511
f 1817/2518 12/2511 23/2517
f 1818/2524 230/2520 1815/2522
f 1819/839 17/830 1808/835
f 1820/841 17/830 1819/839
f 1821/1238 151/1235 1824/1244
f 1822/1234 207/1227 1821/1238
f 1823/1245 122/1240 1744/1248
f 1824/1244 151/1235 1823/1245
f 1825/1530 102/1528 103/1523
f 1826/3431 103/3432 1741/3433
f 1827/3434 103/3432 1826/3431
f 1828/2352 89/2350 98/2348
f 1829/2349 98/2348 90/2347
f 1830/2351 90/2347 1867/2353
f 1831/2823 99/2821 1832/2818
f 1832/2818 99/2821 89/2819
f 1833/2820 89/2819 1828/2822
f 1834/1538 87/1535 101/1531
f 1835/2825 101/2824 1831/2823
f 1836/344 26/324 1841/338
f 1837/283 52/296 61/308
f 1838/268 58/234 1837/283
f 1839/348 65/328 1763/346
f 1840/349 60/347 1839/348
f 1841/338 26/324 1748/331
f 1842/262 59/202 1846/277
f 1843/245 59/202 1842/262
f 1844/2436 46/2429 1840/2433
f 1845/3425 46/3426 1844/3427
f 1846/277 59/202 1750/269
f 1847/320 61/308 1850/329
f 1848/2432 46/2429 1845/2435
f 1849/2434 23/2431 1848/2432
f 1850/846 61/850 53/836
f 1851/260 3/244 7/227
f 1852/276 3/244 1851/260
f 1853/261 7/227 1843/245
f 1854/843 53/836 1820/841
f 1855/1242 312/1230 1856/1237
f 1856/1237 312/1230 1822/1234
f 1857/337 87/322 1834/343
f 1858/3065 301/3062 284/3058
f 1859/3366 284/3363 280/3365
f 1860/3400 268/3396 1780/3399
f 1861/3367 280/3365 1777/3368
f 1862/1476 198/1464 1866/1479
f 1863/3417 261/3416 1790/3418
f 1864/2521 23/2517 1849/2523
f 1865/3384 252/3380 1796/3383
f 1866/2147 198/2142 1865/2144
f 1868/339 1651/333 1752/326
f 1869/345 1651/333 1868/339
usemtl Tile_+033_+028_L18_00013_untextured
