mtllib Tile_+033_+029_L18_00011.mtl
v 6.70190720e+03 7.04111730e+03 3.83470568e+01
v 6.70241500e+03 7.04256175e+03 3.91994973e+01
v 6.70162052e+03 7.02089955e+03 4.65959733e+01
v 6.70472558e+03 7.02039033e+03 4.72843757e+01
v 6.69040781e+03 7.02318318e+03 4.62090307e+01
v 6.70431065e+03 7.03016020e+03 3.99958457e+01
v 6.70519700e+03 7.02874870e+03 3.99594276e+01
v 6.70408871e+03 7.02985978e+03 4.26813319e+01
v 6.70366679e+03 7.03163477e+03 3.83259744e+01
v 6.69815366e+03 7.02156234e+03 5.34049014e+01
v 6.69986044e+03 7.02073109e+03 5.32739777e+01
v 6.68745482e+03 7.02177433e+03 5.35116078e+01
v 6.70252607e+03 7.04030726e+03 5.33671951e+01
v 6.70462019e+03 7.04049544e+03 4.90116950e+01
v 6.70172347e+03 7.04093549e+03 4.99838416e+01
v 6.70342380e+03 7.02529182e+03 5.16637478e+01
v 6.70324691e+03 7.02547534e+03 4.66809607e+01
v 6.70090544e+03 7.02487041e+03 4.98562532e+01
v 6.70014842e+03 7.02616852e+03 4.40311506e+01
v 6.68704792e+03 7.06159602e+03 4.59016441e+01
v 6.68730640e+03 7.06044855e+03 4.42617131e+01
v 6.68859741e+03 7.05949476e+03 4.44126874e+01
v 6.70134761e+03 7.02563298e+03 4.29607142e+01
v 6.69719736e+03 7.04143980e+03 4.54792997e+01
v 6.69675381e+03 7.04327178e+03 4.69803093e+01
v 6.69532867e+03 7.04314895e+03 4.40333355e+01
v 6.69285345e+03 7.04076811e+03 4.43201663e+01
v 6.69879329e+03 7.04084364e+03 5.13515202e+01
v 6.70516450e+03 7.01947949e+03 4.50022288e+01
v 6.70256438e+03 7.03082473e+03 3.92456293e+01
v 6.69737382e+03 7.02401195e+03 4.27009478e+01
v 6.69516051e+03 7.02423197e+03 4.19284892e+01
v 6.69940762e+03 7.02678061e+03 4.22422477e+01
v 6.69234967e+03 7.02448994e+03 4.18383193e+01
v 6.69149345e+03 7.02951794e+03 4.05259673e+01
v 6.68799269e+03 7.02707280e+03 4.05683990e+01
v 6.69752078e+03 7.04303712e+03 4.34685352e+01
v 6.69788492e+03 7.04178524e+03 4.29177928e+01
v 6.69327868e+03 7.04239828e+03 4.29892080e+01
v 6.70117306e+03 7.04329596e+03 4.38717466e+01
v 6.70154241e+03 7.04169921e+03 4.27090446e+01
v 6.69432098e+03 7.05837852e+03 4.25583857e+01
v 6.69412911e+03 7.05501284e+03 4.33085969e+01
v 6.69521385e+03 7.02183053e+03 5.49608546e+01
v 6.70437171e+03 7.03273142e+03 4.91123324e+01
v 6.70455712e+03 7.03449125e+03 5.18767283e+01
v 6.70496080e+03 7.02516496e+03 5.12926262e+01
v 6.70630528e+03 7.02601668e+03 4.89319384e+01
v 6.69327194e+03 7.02288699e+03 4.75934032e+01
v 6.69550556e+03 7.04273695e+03 4.59250524e+01
v 6.70376161e+03 7.04051785e+03 4.58917856e+01
v 6.70198188e+03 7.04182231e+03 4.60483927e+01
v 6.70574390e+03 7.02829821e+03 4.57288529e+01
v 6.70669317e+03 7.03040569e+03 4.77831418e+01
v 6.69544933e+03 7.05476034e+03 3.72826525e+01
v 6.69390532e+03 7.05815628e+03 3.92040549e+01
v 6.69354286e+03 7.06096758e+03 3.76888684e+01
v 6.69301867e+03 7.05860172e+03 3.70813994e+01
v 6.68746193e+03 7.06118958e+03 3.98460843e+01
v 6.68821820e+03 7.06033517e+03 3.74073968e+01
v 6.70213596e+03 7.03090404e+03 4.15376904e+01
v 6.70059059e+03 7.03095282e+03 4.71519047e+01
v 6.69708010e+03 7.02251144e+03 4.67959357e+01
v 6.69436347e+03 7.03660144e+03 3.99969207e+01
v 6.69550090e+03 7.03906501e+03 3.75551958e+01
v 6.69944917e+03 7.04198376e+03 4.19694529e+01
v 6.70159173e+03 7.04362630e+03 3.84283478e+01
v 6.70419231e+03 7.04324519e+03 4.31214525e+01
v 6.68863790e+03 7.05640396e+03 3.69784707e+01
v 6.68733010e+03 7.05460660e+03 3.72011055e+01
v 6.68734361e+03 7.04394193e+03 3.78926633e+01
v 6.68892868e+03 7.04402291e+03 3.97327131e+01
v 6.68962612e+03 7.04231986e+03 3.91764899e+01
v 6.69431953e+03 7.03412915e+03 4.67858212e+01
v 6.69444110e+03 7.03474403e+03 4.08757782e+01
v 6.70266647e+03 7.02220918e+03 4.21799397e+01
v 6.70513448e+03 7.01966091e+03 4.09370364e+01
v 6.70621384e+03 7.01855078e+03 4.11718178e+01
v 6.68727709e+03 7.06218478e+03 3.66542385e+01
v 6.69444602e+03 7.05735661e+03 3.73078810e+01
v 6.70264808e+03 7.03192408e+03 4.74498342e+01
v 6.69953617e+03 7.04237868e+03 4.90791825e+01
v 6.69772387e+03 7.04017783e+03 4.96829102e+01
v 6.69756245e+03 7.04138513e+03 4.78045318e+01
v 6.69411074e+03 7.03783723e+03 4.92818783e+01
v 6.69607880e+03 7.03977191e+03 4.69832602e+01
v 6.69427846e+03 7.03679363e+03 4.57262221e+01
v 6.70135415e+03 7.04231366e+03 4.79354395e+01
v 6.69555537e+03 7.05977226e+03 4.36361930e+01
v 6.69833930e+03 7.06292714e+03 4.31572575e+01
v 6.70435429e+03 7.02769988e+03 4.25532656e+01
v 6.69421226e+03 7.03187613e+03 4.42741640e+01
v 6.69546798e+03 7.03105042e+03 4.07332196e+01
v 6.69577225e+03 7.03945122e+03 4.17180469e+01
v 6.69905406e+03 7.04130844e+03 3.92438479e+01
v 6.70593134e+03 7.02714042e+03 3.89954533e+01
v 6.69893317e+03 7.02775454e+03 4.59183032e+01
v 6.70128967e+03 7.02972053e+03 3.89293830e+01
v 6.70507270e+03 7.01916792e+03 5.63289230e+01
v 6.70501350e+03 7.01931391e+03 5.47366725e+01
v 6.70374245e+03 7.01805027e+03 5.82713440e+01
v 6.70371352e+03 7.01931950e+03 5.58326173e+01
v 6.70443668e+03 7.02033650e+03 5.46404415e+01
v 6.70472046e+03 7.01968885e+03 5.79810398e+01
v 6.68952010e+03 7.00375222e+03 6.01162281e+01
v 6.68889238e+03 7.00486450e+03 6.02048271e+01
v 6.68779479e+03 7.00437659e+03 5.89174555e+01
v 6.70303919e+03 7.02619455e+03 4.24370157e+01
v 6.68750087e+03 7.05997915e+03 4.23660816e+01
v 6.68835362e+03 7.05830157e+03 4.16155378e+01
v 6.70377051e+03 7.01618467e+03 5.88889222e+01
v 6.70244504e+03 7.01640030e+03 6.16714346e+01
v 6.70117431e+03 7.01820050e+03 5.89357307e+01
v 6.68817758e+03 7.00390532e+03 6.02257417e+01
v 6.69872405e+03 7.01995691e+03 5.85221261e+01
v 6.69954318e+03 7.01911458e+03 6.03951801e+01
v 6.69357291e+03 7.01464400e+03 6.18763173e+01
v 6.69251378e+03 7.01621302e+03 6.26798610e+01
v 6.69350158e+03 7.01642325e+03 6.22369363e+01
v 6.69178018e+03 7.01729354e+03 6.22386396e+01
v 6.68846887e+03 7.01764960e+03 6.19439358e+01
v 6.68998985e+03 7.01638324e+03 6.16153815e+01
v 6.69254758e+03 7.01814633e+03 6.13787856e+01
v 6.69065687e+03 7.01877088e+03 6.21149446e+01
v 6.68965231e+03 7.01930156e+03 6.27274609e+01
v 6.69049003e+03 7.02006458e+03 6.20481641e+01
v 6.68980025e+03 7.00890218e+03 6.19980967e+01
v 6.68868913e+03 7.01048432e+03 6.15151965e+01
v 6.68931304e+03 7.00750137e+03 6.14580743e+01
v 6.69289365e+03 7.00984029e+03 6.14055618e+01
v 6.69478179e+03 7.01097609e+03 6.17084677e+01
v 6.69275880e+03 7.01221075e+03 6.12293377e+01
v 6.69076910e+03 7.01129255e+03 6.13397507e+01
v 6.68978277e+03 7.01033734e+03 6.21104509e+01
v 6.69069321e+03 7.00984947e+03 6.07420285e+01
v 6.68727894e+03 7.00977876e+03 6.18485673e+01
v 6.69241638e+03 7.01385896e+03 6.11007265e+01
v 6.69190056e+03 7.01569769e+03 6.20254957e+01
v 6.69090538e+03 7.01442281e+03 6.23449783e+01
v 6.69627733e+03 7.01400175e+03 6.21518141e+01
v 6.69797206e+03 7.01620403e+03 6.17572688e+01
v 6.69581888e+03 7.01661789e+03 6.22149335e+01
v 6.69496139e+03 7.01767179e+03 6.32693143e+01
v 6.69523989e+03 7.01522543e+03 6.16704316e+01
v 6.69657005e+03 7.01132800e+03 6.15091098e+01
v 6.69566911e+03 7.01299502e+03 6.31099696e+01
v 6.69833231e+03 7.01466962e+03 6.22322529e+01
v 6.70218073e+03 7.01443813e+03 6.21462794e+01
v 6.69952079e+03 7.01380051e+03 6.19767661e+01
v 6.69120490e+03 7.01980210e+03 6.13409515e+01
v 6.68800748e+03 7.01961372e+03 6.23382303e+01
v 6.68716852e+03 7.01786674e+03 6.09845803e+01
v 6.68720343e+03 7.01480350e+03 6.13453727e+01
v 6.69383350e+03 7.01861434e+03 6.19226222e+01
v 6.69409340e+03 7.01373630e+03 6.31708442e+01
v 6.70027896e+03 7.00750940e+03 6.25290061e+01
v 6.69888285e+03 7.01044285e+03 6.22310435e+01
v 6.69656848e+03 7.00958688e+03 6.19725664e+01
v 6.69869678e+03 7.00899440e+03 6.16917513e+01
v 6.70127784e+03 7.00647811e+03 6.15815854e+01
v 6.70254902e+03 7.00581398e+03 6.25599464e+01
v 6.70205536e+03 7.00450030e+03 6.17553982e+01
v 6.70286012e+03 7.00251303e+03 6.22153826e+01
v 6.70542667e+03 7.00000000e+03 6.24351571e+01
v 6.70346756e+03 7.00105062e+03 6.21692129e+01
v 6.69844052e+03 7.01244056e+03 6.16794674e+01
v 6.69758110e+03 7.01063723e+03 6.25528926e+01
v 6.69444114e+03 7.00906976e+03 6.22013707e+01
v 6.69430300e+03 7.00811876e+03 6.18105981e+01
v 6.69673679e+03 7.00697112e+03 6.18960187e+01
v 6.69792071e+03 7.00522250e+03 6.22398969e+01
v 6.69638288e+03 7.00558636e+03 6.19817655e+01
v 6.69501131e+03 7.00661155e+03 6.20942282e+01
v 6.69416006e+03 7.00591694e+03 6.26681107e+01
v 6.70180140e+03 7.01040683e+03 6.23677684e+01
v 6.70378589e+03 7.00931783e+03 6.24067088e+01
v 6.70159587e+03 7.01195082e+03 6.31884451e+01
v 6.70039672e+03 7.01044076e+03 6.18642065e+01
v 6.70213096e+03 7.00770170e+03 6.20528141e+01
v 6.70017346e+03 7.01694260e+03 6.18088980e+01
v 6.70343370e+03 7.01117294e+03 6.24381075e+01
v 6.70631589e+03 7.00994259e+03 6.17898735e+01
v 6.70369483e+03 7.01055467e+03 6.29360364e+01
v 6.70543084e+03 7.00874233e+03 6.26855830e+01
v 6.70210510e+03 7.00325574e+03 6.25819408e+01
v 6.70325742e+03 7.01362297e+03 6.17871800e+01
v 6.70160229e+03 7.01728937e+03 6.21820784e+01
v 6.70514713e+03 7.01312611e+03 6.17008386e+01
v 6.70474603e+03 7.01433877e+03 6.11115869e+01
v 6.70473634e+03 7.00281416e+03 6.13677181e+01
v 6.70450773e+03 7.00222893e+03 6.20942726e+01
v 6.70641844e+03 7.00110373e+03 6.15774596e+01
v 6.70548024e+03 7.01125116e+03 6.13923008e+01
v 6.70426348e+03 7.00379044e+03 6.19813636e+01
v 6.70409384e+03 7.00581244e+03 6.09332369e+01
v 6.70008117e+03 7.00142762e+03 6.09532160e+01
v 6.70039656e+03 7.00000000e+03 6.15281333e+01
v 6.69868583e+03 7.00176138e+03 6.15713910e+01
v 6.69340695e+03 7.00527892e+03 6.14298289e+01
v 6.69483078e+03 7.00417270e+03 6.11601516e+01
v 6.69707829e+03 7.00276261e+03 6.21511369e+01
v 6.69282685e+03 7.00839584e+03 6.05198182e+01
v 6.69959662e+03 7.00424323e+03 6.13050934e+01
v 6.69876420e+03 7.00640768e+03 6.19250033e+01
v 6.69938552e+03 7.00543376e+03 6.08560213e+01
v 6.69793059e+03 7.00415380e+03 6.17898569e+01
v 6.70212348e+03 7.00000000e+03 6.17308499e+01
v 6.69686579e+03 7.00201943e+03 6.12823321e+01
v 6.69632782e+03 7.00000000e+03 6.09515713e+01
v 6.69590925e+03 7.01842287e+03 6.07723477e+01
v 6.70142094e+03 7.01815604e+03 6.09753009e+01
v 6.69846379e+03 7.01867730e+03 6.14723845e+01
v 6.69074414e+03 7.01312317e+03 6.02486943e+01
v 6.69278055e+03 7.00372877e+03 6.07212370e+01
v 6.68902712e+03 7.01520945e+03 6.01614713e+01
v 6.69575678e+03 7.01919766e+03 5.97265277e+01
v 6.68735478e+03 7.00185741e+03 6.14150569e+01
v 6.69396242e+03 7.00000000e+03 6.13037916e+01
v 6.68858644e+03 7.00000000e+03 6.12956192e+01
v 6.69299509e+03 7.00154788e+03 6.06058767e+01
v 6.69174212e+03 7.00266068e+03 6.13422412e+01
v 6.69138245e+03 7.00164311e+03 6.09821630e+01
v 6.69342843e+03 7.00274066e+03 6.14846303e+01
v 6.69523876e+03 7.00178859e+03 6.01298769e+01
v 6.68893882e+03 7.00616817e+03 6.07266085e+01
v 6.68779681e+03 7.00682316e+03 6.19438880e+01
v 6.69001233e+03 7.00257865e+03 6.05609141e+01
v 6.69098530e+03 7.00369707e+03 6.17125235e+01
v 6.69912023e+03 7.01743000e+03 6.18401039e+01
v 6.70144787e+03 7.00192946e+03 6.13667783e+01
v 6.70637356e+03 7.00497390e+03 6.16161918e+01
v 6.70501283e+03 7.00746216e+03 6.14897708e+01
v 6.70552752e+03 7.00653677e+03 6.06381458e+01
v 6.69406146e+03 7.00222212e+03 6.05272773e+01
v 6.69426062e+03 7.00328359e+03 6.04593057e+01
v 6.69486132e+03 7.00000000e+03 6.06146900e+01
v 6.69203538e+03 7.00438437e+03 6.10633902e+01
v 6.69389812e+03 7.00100625e+03 5.99009798e+01
v 6.69076327e+03 7.00833176e+03 6.12750008e+01
v 6.69113804e+03 7.00752684e+03 6.00300448e+01
v 6.69234051e+03 7.00578249e+03 6.05872874e+01
v 6.69114292e+03 7.00515538e+03 6.03053173e+01
v 6.68980627e+03 7.00501694e+03 6.13978057e+01
v 6.68996804e+03 7.00696521e+03 5.99999496e+01
v 6.68868455e+03 7.01691583e+03 6.06250534e+01
v 6.68765874e+03 7.01174198e+03 6.02937813e+01
v 6.68955308e+03 7.01102081e+03 6.07251913e+01
v 6.68880141e+03 7.01253561e+03 6.11590153e+01
v 6.68823312e+03 7.01402504e+03 6.00814062e+01
v 6.68714508e+03 7.01295310e+03 6.12670137e+01
v 6.68735948e+03 7.01640458e+03 6.06785134e+01
v 6.68971791e+03 7.04089438e+03 5.23734560e+01
v 6.68911375e+03 7.03870115e+03 5.24456243e+01
v 6.68857420e+03 7.04020090e+03 4.99834108e+01
v 6.68736424e+03 7.03849169e+03 4.92190857e+01
v 6.68931087e+03 7.04137215e+03 5.11697841e+01
v 6.68955472e+03 7.03794314e+03 5.38520148e+01
v 6.68972093e+03 7.03751840e+03 5.06255515e+01
v 6.69519976e+03 7.03224801e+03 5.10458119e+01
v 6.69368389e+03 7.03149741e+03 5.20970193e+01
v 6.69290900e+03 7.03215607e+03 5.25065649e+01
v 6.69232936e+03 7.03301125e+03 5.33802189e+01
v 6.69279122e+03 7.03437851e+03 5.13604969e+01
v 6.69343123e+03 7.03267105e+03 5.06584378e+01
v 6.69496052e+03 7.03205579e+03 4.79816026e+01
v 6.69298366e+03 7.03557687e+03 5.22122337e+01
v 6.69202344e+03 7.03616461e+03 5.20146471e+01
v 6.69519087e+03 7.03649339e+03 5.12563163e+01
v 6.69227720e+03 7.03496782e+03 4.96504253e+01
v 6.69211514e+03 7.03549462e+03 5.05930651e+01
v 6.69156620e+03 7.03396000e+03 5.08443360e+01
v 6.69181149e+03 7.03435152e+03 4.80039911e+01
v 6.69103891e+03 7.03327055e+03 4.94956856e+01
v 6.69409764e+03 7.03129339e+03 4.99117897e+01
v 6.69199173e+03 7.03284989e+03 5.06386374e+01
v 6.69082278e+03 7.02172024e+03 4.83719226e+01
v 6.69701854e+03 7.02409668e+03 5.24648364e+01
v 6.69225581e+03 7.04170419e+03 5.28369641e+01
v 6.69044091e+03 7.04089466e+03 5.19791613e+01
v 6.69319223e+03 7.04151446e+03 5.11906059e+01
v 6.69208205e+03 7.04112204e+03 5.10775556e+01
v 6.69183295e+03 7.04222963e+03 5.07753336e+01
v 6.69153657e+03 7.04109654e+03 4.89960328e+01
v 6.69283652e+03 7.04137044e+03 4.96811656e+01
v 6.69099480e+03 7.04041776e+03 5.05104870e+01
v 6.69319040e+03 7.04175665e+03 5.08243138e+01
v 6.69488435e+03 7.04323162e+03 5.04248540e+01
v 6.69465056e+03 7.04352443e+03 5.23309227e+01
v 6.69402855e+03 7.04254739e+03 5.13218780e+01
v 6.69327853e+03 7.04072223e+03 5.16649829e+01
v 6.69306670e+03 7.04186965e+03 4.79855824e+01
v 6.69344590e+03 7.04179536e+03 5.13562768e+01
v 6.69520428e+03 7.03926331e+03 5.03022960e+01
v 6.69652191e+03 7.04124180e+03 4.97651229e+01
v 6.69100407e+03 7.03675397e+03 4.91844489e+01
v 6.69395850e+03 7.03632064e+03 5.24617268e+01
v 6.69240571e+03 7.03745610e+03 5.15376773e+01
v 6.69566937e+03 7.03355516e+03 5.09615858e+01
v 6.69542103e+03 7.03612738e+03 5.30216684e+01
v 6.69545428e+03 7.03539670e+03 5.24252297e+01
v 6.70262722e+03 7.03396945e+03 5.31260958e+01
v 6.70072269e+03 7.03267530e+03 5.07897263e+01
v 6.69347815e+03 7.03899598e+03 5.04675623e+01
v 6.69971778e+03 7.02950186e+03 5.09388929e+01
v 6.69874260e+03 7.03051088e+03 5.46985869e+01
v 6.69776697e+03 7.04032523e+03 5.14098432e+01
v 6.70068422e+03 7.04250721e+03 5.22956644e+01
v 6.70098419e+03 7.04417991e+03 5.16010201e+01
v 6.69512242e+03 7.04180340e+03 5.31766437e+01
v 6.69442853e+03 7.03978245e+03 5.21973362e+01
v 6.69311547e+03 7.04036968e+03 5.31858930e+01
v 6.69522675e+03 7.04048099e+03 5.23921580e+01
v 6.69647873e+03 7.03953568e+03 5.18383403e+01
v 6.69919260e+03 7.02801183e+03 4.81200813e+01
v 6.70002239e+03 7.02642358e+03 4.97709659e+01
v 6.69861146e+03 7.02798983e+03 5.05595361e+01
v 6.69867495e+03 7.02395187e+03 5.13172924e+01
v 6.69841596e+03 7.02763626e+03 5.26955544e+01
v 6.69945654e+03 7.02514202e+03 5.08813728e+01
v 6.70032879e+03 7.02383425e+03 5.23479442e+01
v 6.69834329e+03 7.02266126e+03 5.18089660e+01
v 6.69677026e+03 7.02312818e+03 4.99027375e+01
v 6.70157707e+03 7.02456428e+03 5.31587712e+01
v 6.70303877e+03 7.02662761e+03 5.16388498e+01
v 6.70381419e+03 7.04224180e+03 5.32598621e+01
v 6.70314816e+03 7.04264373e+03 5.15410762e+01
v 6.69919305e+03 7.04104715e+03 5.00746463e+01
v 6.70497216e+03 7.04312014e+03 5.27588396e+01
v 6.70491380e+03 7.04187438e+03 5.17788657e+01
v 6.70479828e+03 7.04314251e+03 5.03644745e+01
v 6.70543315e+03 7.04252237e+03 5.16846094e+01
v 6.70388961e+03 7.02677753e+03 5.07412898e+01
v 6.70243755e+03 7.02626060e+03 5.30288742e+01
v 6.70307021e+03 7.02794638e+03 5.25756470e+01
v 6.70289929e+03 7.02466237e+03 5.25899646e+01
v 6.69798597e+03 7.02350856e+03 5.33916851e+01
v 6.69975549e+03 7.02443432e+03 5.32924372e+01
v 6.70118585e+03 7.02382226e+03 5.52420594e+01
v 6.69843160e+03 7.02534792e+03 5.35860601e+01
v 6.69797382e+03 7.02870256e+03 5.58889007e+01
v 6.69625009e+03 7.03289182e+03 5.26861334e+01
v 6.69790653e+03 7.02606456e+03 5.52622624e+01
v 6.69955948e+03 7.02507327e+03 5.49313545e+01
v 6.69696143e+03 7.02343682e+03 5.40015043e+01
v 6.70172876e+03 7.02531856e+03 5.46407077e+01
v 6.70213704e+03 7.02438438e+03 5.57522570e+01
v 6.70476604e+03 7.02791467e+03 5.29896177e+01
v 6.70309123e+03 7.02788337e+03 5.42323731e+01
v 6.70284127e+03 7.02612717e+03 5.43107502e+01
v 6.70591884e+03 7.02766931e+03 5.09395830e+01
v 6.70379833e+03 7.01988140e+03 5.05307369e+01
v 6.70447467e+03 7.04105382e+03 5.40248338e+01
v 6.70380858e+03 7.04166329e+03 5.49729698e+01
v 6.69887813e+03 7.04137292e+03 5.42962063e+01
v 6.69769278e+03 7.04171388e+03 5.57316219e+01
v 6.69698747e+03 7.04361289e+03 5.47920440e+01
v 6.69849561e+03 7.04323472e+03 5.42685572e+01
v 6.69719245e+03 7.04090929e+03 5.42080950e+01
v 6.69943269e+03 7.04143723e+03 5.24986522e+01
v 6.70176790e+03 7.04313385e+03 5.34469235e+01
v 6.70214302e+03 7.04024286e+03 5.51057530e+01
v 6.70059236e+03 7.04240318e+03 5.48238317e+01
v 6.69840561e+03 7.04354140e+03 5.17528205e+01
v 6.69965133e+03 7.04341707e+03 5.17061718e+01
v 6.69870648e+03 7.04248814e+03 5.28438527e+01
v 6.70304343e+03 7.02063377e+03 5.61771465e+01
v 6.70373841e+03 7.02843992e+03 5.43688705e+01
v 6.70547546e+03 7.03377798e+03 5.42491975e+01
v 6.70394881e+03 7.03481597e+03 5.38970243e+01
v 6.70512099e+03 7.04027529e+03 5.21661017e+01
v 6.69391501e+03 7.03570806e+03 5.39601591e+01
v 6.69517094e+03 7.04077903e+03 5.44149812e+01
v 6.69704295e+03 7.04372699e+03 5.34141642e+01
v 6.69596520e+03 7.04275382e+03 5.44521098e+01
v 6.69689407e+03 7.04156976e+03 5.55429966e+01
v 6.69892496e+03 7.04014052e+03 5.36748404e+01
v 6.69678208e+03 7.03950621e+03 5.33416274e+01
v 6.70122318e+03 7.03392741e+03 5.36150297e+01
v 6.70156647e+03 7.04402720e+03 5.54671437e+01
v 6.70150271e+03 7.03312507e+03 5.48813426e+01
v 6.69458549e+03 7.03669058e+03 5.36714185e+01
v 6.68977985e+03 7.04023062e+03 5.44051712e+01
v 6.69102100e+03 7.03918510e+03 5.33592113e+01
v 6.69111474e+03 7.03762170e+03 5.32102823e+01
v 6.69026620e+03 7.04057510e+03 5.35451495e+01
v 6.69302367e+03 7.03820229e+03 5.34510478e+01
v 6.69284022e+03 7.03926822e+03 5.42003542e+01
v 6.69131957e+03 7.03936796e+03 5.50065572e+01
v 6.69270271e+03 7.03772805e+03 4.95229025e+01
v 6.69602214e+03 7.04097794e+03 5.56038682e+01
v 6.69490494e+03 7.04105068e+03 5.47556842e+01
v 6.69285292e+03 7.04138224e+03 5.43980842e+01
v 6.69112696e+03 7.04067846e+03 5.43503526e+01
v 6.69168198e+03 7.04137898e+03 5.49982727e+01
v 6.69706985e+03 7.03371236e+03 5.28398766e+01
v 6.69536030e+03 7.03439781e+03 5.39444506e+01
v 6.69514140e+03 7.03301190e+03 5.39666404e+01
v 6.69379179e+03 7.03243870e+03 5.47063127e+01
v 6.69307613e+03 7.03369413e+03 5.52086523e+01
v 6.69445088e+03 7.03280606e+03 5.36982545e+01
v 6.69467638e+03 7.03264321e+03 5.37447351e+01
v 6.69556274e+03 7.03183256e+03 5.37883503e+01
v 6.69285822e+03 7.03177605e+03 5.43554776e+01
v 6.69306488e+03 7.03289521e+03 5.46261830e+01
v 6.69252517e+03 7.03545155e+03 5.35738867e+01
v 6.69477045e+03 7.03535747e+03 5.55760497e+01
v 6.70046301e+03 7.02561255e+03 5.53995272e+01
v 6.69900500e+03 7.02683461e+03 5.65717438e+01
v 6.69930262e+03 7.02571640e+03 5.61202490e+01
v 6.70036853e+03 7.02496686e+03 5.78363415e+01
v 6.70123667e+03 7.02645476e+03 5.77900122e+01
v 6.70076206e+03 7.02519743e+03 5.61485969e+01
v 6.69999034e+03 7.02734471e+03 5.74179273e+01
v 6.69870229e+03 7.02674120e+03 5.78892632e+01
v 6.69936010e+03 7.02923399e+03 5.55785813e+01
v 6.69988778e+03 7.03103881e+03 5.64468268e+01
v 6.70020218e+03 7.03174718e+03 5.75850863e+01
v 6.70179717e+03 7.02838409e+03 5.52922310e+01
v 6.70064183e+03 7.02866446e+03 5.83506140e+01
v 6.69460567e+03 7.03250746e+03 5.37288115e+01
v 6.69432474e+03 7.03347400e+03 5.44580163e+01
v 6.69451510e+03 7.03428200e+03 5.59069125e+01
v 6.69345080e+03 7.04066112e+03 5.44746954e+01
v 6.69256975e+03 7.03980737e+03 5.63898132e+01
v 6.69264596e+03 7.04166579e+03 5.56484382e+01
v 6.70064066e+03 7.02835901e+03 5.49564327e+01
v 6.69857139e+03 7.02719194e+03 5.56630494e+01
v 6.70145291e+03 7.04180529e+03 5.58721825e+01
v 6.70440410e+03 7.04130012e+03 5.71843014e+01
v 6.70353020e+03 7.04294898e+03 5.71593433e+01
v 6.70454132e+03 7.04292940e+03 5.74174344e+01
v 6.70290591e+03 7.04237174e+03 5.55604074e+01
v 6.69551715e+03 7.04170108e+03 5.56071887e+01
v 6.70074620e+03 7.03338114e+03 5.76800472e+01
v 6.70174142e+03 7.02014726e+03 5.66637507e+01
v 6.70251790e+03 7.02601515e+03 5.59883215e+01
v 6.70416428e+03 7.02711546e+03 5.63001911e+01
v 6.70159649e+03 7.02607838e+03 5.65029386e+01
v 6.69962611e+03 7.03058425e+03 5.82366261e+01
v 6.70489542e+03 7.02641098e+03 5.61080427e+01
v 6.70305944e+03 7.02778102e+03 5.78701713e+01
v 6.70366308e+03 7.02821771e+03 5.73764294e+01
v 6.70295650e+03 7.04110011e+03 5.67372747e+01
v 6.70546193e+03 7.04336712e+03 5.54655774e+01
v 6.70339034e+03 7.03386266e+03 5.54549107e+01
v 6.70467699e+03 7.03002003e+03 5.97821058e+01
v 6.70374909e+03 7.02937589e+03 5.82455228e+01
v 6.70165939e+03 7.02800342e+03 5.78988601e+01
v 6.70681990e+03 7.02824281e+03 5.83569386e+01
v 6.70252338e+03 7.02968954e+03 5.97890287e+01
v 6.70374660e+03 7.02960729e+03 6.02063564e+01
v 6.70212952e+03 7.02618946e+03 5.98794330e+01
v 6.70711233e+03 7.02846639e+03 5.92300066e+01
v 6.70272340e+03 7.03447713e+03 5.90788452e+01
v 6.70287425e+03 7.03362693e+03 6.06231063e+01
v 6.70588173e+03 7.02713218e+03 5.83605008e+01
v 6.70071456e+03 7.02762710e+03 5.91172584e+01
v 6.70202581e+03 7.02744320e+03 5.97510847e+01
v 6.70219604e+03 7.03164246e+03 5.94606431e+01
v 6.70045578e+03 7.02982800e+03 5.94377173e+01
v 6.70283898e+03 7.03463954e+03 5.72699356e+01
v 6.70410545e+03 7.03338277e+03 5.93463276e+01
v 6.70320004e+03 7.03128045e+03 6.10584494e+01
v 6.70440844e+03 7.03196601e+03 6.01453442e+01
v 6.70340282e+03 7.03230936e+03 5.98378970e+01
v 6.70132031e+03 7.03281661e+03 5.90209105e+01
v 6.70536366e+03 7.03334075e+03 5.61949669e+01
v 6.70521630e+03 7.03174966e+03 5.91069168e+01
v 6.70179171e+03 7.03109295e+03 6.07895377e+01
v 6.69331220e+03 7.02176384e+03 5.80843387e+01
v 6.69433529e+03 7.02079730e+03 5.89270464e+01
v 6.69357705e+03 7.02002797e+03 6.14914410e+01
v 6.69995461e+03 7.02695246e+03 5.82850709e+01
v 6.68978306e+03 7.02070109e+03 5.90231059e+01
v 6.69180796e+03 7.02077703e+03 6.06457375e+01
v 6.68726196e+03 7.02160756e+03 5.88309618e+01
v 6.68914946e+03 7.02210006e+03 5.81790978e+01
v 6.68933032e+03 7.02121235e+03 6.13061392e+01
v 6.69367364e+03 7.02106340e+03 6.04495830e+01
v 6.69270036e+03 7.04157354e+03 5.67368459e+01
v 6.69148430e+03 7.04173985e+03 5.67994856e+01
v 6.70362035e+03 7.04464315e+03 5.71084532e+01
v 6.70442380e+03 7.04504190e+03 5.61624575e+01
v 6.70466319e+03 7.05329670e+03 5.30672548e+01
v 6.70490337e+03 7.05348622e+03 5.56893321e+01
v 6.70499054e+03 7.04447053e+03 5.35767302e+01
v 6.70329043e+03 7.04387831e+03 5.39762049e+01
v 6.70465945e+03 7.04410090e+03 5.43497607e+01
v 6.70557054e+03 7.04308196e+03 5.39775066e+01
v 6.70555453e+03 7.05849092e+03 5.94101370e+01
v 6.70451090e+03 7.05669278e+03 5.83675997e+01
v 6.70405077e+03 7.05543166e+03 5.54104092e+01
v 6.70335492e+03 7.05494089e+03 5.48346221e+01
v 6.70387568e+03 7.05432151e+03 5.68247553e+01
v 6.70456995e+03 7.05481645e+03 5.81528057e+01
v 6.70387335e+03 7.05543514e+03 5.66450822e+01
v 6.70608846e+03 7.05448517e+03 5.58729116e+01
v 6.70240637e+03 7.05601735e+03 5.61680405e+01
v 6.70159366e+03 7.05652296e+03 5.56606438e+01
v 6.70465610e+03 7.05439940e+03 5.44227258e+01
v 6.70330398e+03 7.05716936e+03 5.63039684e+01
v 6.70339539e+03 7.05449884e+03 5.31331049e+01
v 6.70311697e+03 7.05570348e+03 5.31101537e+01
v 6.70325392e+03 7.05639451e+03 5.77560403e+01
v 6.70491384e+03 7.05854545e+03 5.47722094e+01
v 6.70411679e+03 7.06003499e+03 5.19054765e+01
v 6.70488249e+03 7.05727134e+03 5.67732004e+01
v 6.70383605e+03 7.05773589e+03 5.32881621e+01
v 6.70222844e+03 7.05706157e+03 5.76286159e+01
v 6.69501507e+03 7.06262833e+03 5.19813728e+01
v 6.69784799e+03 7.04531109e+03 5.18056425e+01
v 6.69725780e+03 7.04515175e+03 5.32665004e+01
v 6.69650555e+03 7.06100217e+03 5.27381847e+01
v 6.69664239e+03 7.04519482e+03 5.13005998e+01
v 6.69545779e+03 7.06022539e+03 5.02459189e+01
v 6.69743916e+03 7.06262839e+03 5.22807380e+01
v 6.69806642e+03 7.06180217e+03 5.11026590e+01
v 6.69610816e+03 7.04535834e+03 5.32823894e+01
v 6.70332176e+03 7.04454790e+03 5.28490749e+01
v 6.70229213e+03 7.05658171e+03 5.08245402e+01
v 6.70200223e+03 7.05554553e+03 5.22684851e+01
v 6.70306542e+03 7.04496979e+03 5.18011436e+01
v 6.70275846e+03 7.04414884e+03 5.03445214e+01
v 6.69696411e+03 7.06016520e+03 5.15953992e+01
v 6.70294063e+03 7.05294031e+03 5.18100279e+01
v 6.70368159e+03 7.05821920e+03 5.08907408e+01
v 6.70570056e+03 7.05958600e+03 5.20992789e+01
v 6.70369464e+03 7.04422104e+03 5.19129991e+01
v 6.70272485e+03 7.04308282e+03 5.31422034e+01
v 6.70206015e+03 7.04313778e+03 5.10208542e+01
v 6.69984187e+03 7.04478912e+03 5.12742753e+01
v 6.70384475e+03 7.04644947e+03 5.13501917e+01
v 6.70465721e+03 7.04385863e+03 5.15851069e+01
v 6.70518311e+03 7.04488025e+03 5.14408913e+01
v 6.70504034e+03 7.04464350e+03 4.98471280e+01
v 6.70426470e+03 7.05300654e+03 4.94883430e+01
v 6.70452123e+03 7.05276452e+03 5.15296298e+01
v 6.70404044e+03 7.04614525e+03 5.03393739e+01
v 6.70400000e+03 7.04529821e+03 4.88582376e+01
v 6.69923244e+03 7.04281977e+03 5.03911807e+01
v 6.69958391e+03 7.04331429e+03 4.95149843e+01
v 6.70104974e+03 7.04433752e+03 4.98439935e+01
v 6.69735769e+03 7.04421690e+03 4.98490081e+01
v 6.70208964e+03 7.04469527e+03 4.91859325e+01
v 6.70134350e+03 7.05477319e+03 4.98652740e+01
v 6.70232132e+03 7.05215739e+03 5.04650494e+01
v 6.70225108e+03 7.05382895e+03 4.99460139e+01
v 6.70540434e+03 7.04101236e+03 5.08041269e+01
v 6.70432728e+03 7.04188873e+03 4.81334933e+01
v 6.70627226e+03 7.04226284e+03 5.12227729e+01
v 6.70325774e+03 7.05278482e+03 4.83678077e+01
v 6.69553188e+03 7.04612354e+03 4.85297510e+01
v 6.69679710e+03 7.04518186e+03 4.90302568e+01
v 6.70212588e+03 7.05427649e+03 4.80710906e+01
v 6.69818106e+03 7.06272615e+03 4.82559685e+01
v 6.69686860e+03 7.06070259e+03 4.91996110e+01
v 6.69233345e+03 7.06281432e+03 4.93503561e+01
v 6.69384906e+03 7.06182831e+03 4.96356869e+01
v 6.68806419e+03 7.05816758e+03 5.01881639e+01
v 6.68768371e+03 7.06017872e+03 5.10069561e+01
v 6.68849839e+03 7.06054606e+03 4.95155113e+01
v 6.68740296e+03 7.06148368e+03 5.03313811e+01
v 6.68779066e+03 7.05766101e+03 4.77921439e+01
v 6.68747760e+03 7.06008701e+03 4.81062339e+01
v 6.68882572e+03 7.05920434e+03 5.06346465e+01
v 6.68844726e+03 7.03952761e+03 4.61636868e+01
v 6.68862818e+03 7.03975775e+03 4.77346442e+01
v 6.68739873e+03 7.03774220e+03 4.77422038e+01
v 6.68774903e+03 7.03803092e+03 4.63347142e+01
v 6.68961560e+03 7.05629612e+03 4.83488412e+01
v 6.68934301e+03 7.05599956e+03 4.70435957e+01
v 6.68868914e+03 7.05619834e+03 4.77124172e+01
v 6.69128795e+03 7.05586369e+03 4.85617063e+01
v 6.69126102e+03 7.05764405e+03 4.71518185e+01
v 6.68711168e+03 7.05880715e+03 4.83367964e+01
v 6.68936931e+03 7.03718153e+03 4.84862203e+01
v 6.68728566e+03 7.06280751e+03 4.80717389e+01
v 6.68731568e+03 7.06183793e+03 4.73140738e+01
v 6.68913922e+03 7.05745169e+03 4.65922774e+01
v 6.68884494e+03 7.05780426e+03 4.52848915e+01
v 6.68764285e+03 7.05796987e+03 4.59991462e+01
v 6.68817413e+03 7.05536266e+03 4.61669693e+01
v 6.69313054e+03 7.05747092e+03 4.78153224e+01
v 6.69683084e+03 7.06094851e+03 4.73393063e+01
v 6.69631694e+03 7.05865257e+03 4.81037594e+01
v 6.69833805e+03 7.05965998e+03 4.61884692e+01
v 6.69744066e+03 7.05753811e+03 4.70235425e+01
v 6.69706579e+03 7.06173052e+03 4.82344178e+01
v 6.69810227e+03 7.06090166e+03 4.66675820e+01
v 6.69951199e+03 7.06180508e+03 4.78346223e+01
v 6.69888052e+03 7.06153799e+03 4.76289839e+01
v 6.69912095e+03 7.06185815e+03 4.69415605e+01
v 6.70596129e+03 7.05878546e+03 4.70790345e+01
v 6.69400132e+03 7.05944575e+03 4.78241104e+01
v 6.69404900e+03 7.05998637e+03 4.63567193e+01
v 6.69532355e+03 7.05834723e+03 4.70018582e+01
v 6.69317582e+03 7.06055409e+03 4.73378007e+01
v 6.68949447e+03 7.05606328e+03 4.71795167e+01
v 6.69340631e+03 7.05771692e+03 4.64504972e+01
v 6.70104388e+03 7.05313185e+03 4.78288078e+01
v 6.69929558e+03 7.06227023e+03 4.80432331e+01
v 6.69459464e+03 7.05914526e+03 4.99591827e+01
v 6.69276831e+03 7.06074057e+03 4.91445584e+01
v 6.69576353e+03 7.05955599e+03 4.87181797e+01
v 6.69392966e+03 7.06159799e+03 5.10399890e+01
v 6.69123555e+03 7.06272886e+03 4.76862717e+01
v 6.68945893e+03 7.06220082e+03 4.60556733e+01
v 6.70414343e+03 7.04369139e+03 4.87588293e+01
v 6.69787037e+03 7.04446820e+03 4.81604786e+01
v 6.70519493e+03 7.04524218e+03 4.89073475e+01
v 6.69732339e+03 7.04665594e+03 4.86857797e+01
v 6.70232894e+03 7.04371739e+03 4.68415194e+01
v 6.69410064e+03 7.05654557e+03 4.59930020e+01
v 6.74612949e+03 7.05622454e+03 4.88286049e+01
v 6.74366580e+03 7.05765483e+03 4.62099107e+01
v 6.74167976e+03 7.05781984e+03 4.56896202e+01
v 6.73859869e+03 7.05781340e+03 4.86675047e+01
v 6.74147338e+03 7.06033689e+03 4.87597105e+01
v 6.74438883e+03 7.01821259e+03 4.67835048e+01
v 6.74502249e+03 7.01681362e+03 4.40101149e+01
v 6.74250102e+03 7.05802985e+03 4.43533503e+01
v 6.74147270e+03 7.05612184e+03 4.57679249e+01
v 6.74679571e+03 7.03353750e+03 4.53683909e+01
v 6.74836742e+03 7.03499189e+03 4.63587954e+01
v 6.75000000e+03 7.03791378e+03 4.66124654e+01
v 6.75000000e+03 7.03666606e+03 4.59844031e+01
v 6.74860522e+03 7.03778790e+03 4.67959655e+01
v 6.74294436e+03 7.05619496e+03 4.55563390e+01
v 6.74849857e+03 7.03397306e+03 4.26192280e+01
v 6.74926569e+03 7.03311187e+03 4.49015092e+01
v 6.75000000e+03 7.03540626e+03 4.23681197e+01
v 6.74779740e+03 7.04195586e+03 4.27533179e+01
v 6.74888302e+03 7.04232289e+03 4.37570022e+01
v 6.73007746e+03 7.04899821e+03 4.49459022e+01
v 6.72985609e+03 7.05021267e+03 4.32692809e+01
v 6.73271283e+03 7.05442481e+03 4.31244869e+01
v 6.73153358e+03 7.05305724e+03 4.23165971e+01
v 6.73161199e+03 7.05148326e+03 4.33484168e+01
v 6.73104978e+03 7.05193861e+03 4.11285333e+01
v 6.74784515e+03 7.03490483e+03 4.06289955e+01
v 6.74937786e+03 7.03578825e+03 4.05793549e+01
v 6.73685682e+03 7.03661548e+03 4.14198958e+01
v 6.73715974e+03 7.03692591e+03 4.07409829e+01
v 6.73684676e+03 7.01859408e+03 4.20674932e+01
v 6.73611510e+03 7.01882143e+03 4.04898279e+01
v 6.74444576e+03 7.01877944e+03 4.32752314e+01
v 6.73991392e+03 7.02641898e+03 4.08545506e+01
v 6.74119902e+03 7.02733551e+03 4.03247186e+01
v 6.74543482e+03 7.03639841e+03 4.42362593e+01
v 6.74456594e+03 7.03482113e+03 4.54440789e+01
v 6.74416413e+03 7.03601551e+03 4.64323932e+01
v 6.75000000e+03 7.04286874e+03 4.45234725e+01
v 6.74847379e+03 7.04238938e+03 4.76485733e+01
v 6.74611267e+03 7.03593152e+03 3.88453594e+01
v 6.74576541e+03 7.03707604e+03 3.99119492e+01
v 6.74718593e+03 7.03281286e+03 4.33850032e+01
v 6.74556924e+03 7.03525340e+03 4.09340651e+01
v 6.73772365e+03 7.03695387e+03 3.96686284e+01
v 6.73812495e+03 7.02117042e+03 4.09573847e+01
v 6.73830030e+03 7.02185784e+03 3.77360756e+01
v 6.74738186e+03 7.03848390e+03 4.17565068e+01
v 6.74504949e+03 7.04027482e+03 4.12477620e+01
v 6.74791255e+03 7.02088104e+03 3.94201492e+01
v 6.74627935e+03 7.02154268e+03 3.88446692e+01
v 6.75000000e+03 7.02817140e+03 3.93167639e+01
v 6.74891495e+03 7.02800543e+03 3.98295891e+01
v 6.74321158e+03 7.03709717e+03 3.86405069e+01
v 6.74490961e+03 7.03866986e+03 4.02944149e+01
v 6.73264994e+03 7.05200830e+03 4.02515154e+01
v 6.73450383e+03 7.04992737e+03 3.95413097e+01
v 6.73365589e+03 7.05039238e+03 3.78494754e+01
v 6.73639558e+03 7.04720994e+03 3.96367315e+01
v 6.74406341e+03 7.01452054e+03 3.85267850e+01
v 6.74643402e+03 7.00814978e+03 3.85004614e+01
v 6.75000000e+03 7.00220684e+03 3.92571869e+01
v 6.75000000e+03 7.00355835e+03 4.06460646e+01
v 6.74850107e+03 7.00503257e+03 3.89538599e+01
v 6.74852256e+03 7.00240785e+03 3.94101749e+01
v 6.74253584e+03 7.00835753e+03 3.80980416e+01
v 6.73982292e+03 7.01546110e+03 3.83106010e+01
v 6.74361171e+03 7.01574497e+03 4.00820958e+01
v 6.73807297e+03 7.00000000e+03 3.90064852e+01
v 6.73484418e+03 7.00439293e+03 3.90574744e+01
v 6.75000000e+03 7.00573502e+03 4.32855767e+01
v 6.74866586e+03 7.00471242e+03 4.22245243e+01
v 6.73375616e+03 7.04977044e+03 4.08161637e+01
v 6.73786346e+03 7.03745500e+03 4.06601982e+01
v 6.73817694e+03 7.03679753e+03 3.81993831e+01
v 6.73131327e+03 7.05295565e+03 3.94542517e+01
v 6.74009054e+03 7.06243568e+03 4.27616469e+01
v 6.74342336e+03 7.05763383e+03 4.39673842e+01
v 6.74343908e+03 7.05532422e+03 4.36407559e+01
v 6.73711514e+03 7.05947481e+03 4.25001464e+01
v 6.73562065e+03 7.06008663e+03 4.26961728e+01
v 6.73419363e+03 7.05884664e+03 4.37796778e+01
v 6.74296106e+03 7.03534779e+03 3.88064859e+01
v 6.73621189e+03 7.03572624e+03 3.97451553e+01
v 6.73698312e+03 7.03380437e+03 3.81497609e+01
v 6.74540840e+03 7.02203174e+03 3.80998258e+01
v 6.73459917e+03 7.02693912e+03 3.81532433e+01
v 6.73720046e+03 7.02735364e+03 3.77926502e+01
v 6.72956313e+03 7.02223404e+03 3.76874714e+01
v 6.73240343e+03 7.01752747e+03 3.78877571e+01
v 6.73564359e+03 7.03447239e+03 3.99508169e+01
v 6.73382804e+03 7.03439623e+03 3.99694838e+01
v 6.73129926e+03 7.05349996e+03 3.77588499e+01
v 6.73074473e+03 7.05007296e+03 3.77647419e+01
v 6.73511479e+03 7.04927263e+03 4.25335013e+01
v 6.72989393e+03 7.06278418e+03 4.16899851e+01
v 6.73852066e+03 7.03444903e+03 3.88116403e+01
v 6.73890255e+03 7.03496872e+03 3.78704847e+01
v 6.73873290e+03 7.03980824e+03 3.79439982e+01
v 6.74047864e+03 7.04189916e+03 3.78130945e+01
v 6.74848427e+03 7.00173707e+03 4.04629062e+01
v 6.74351059e+03 7.02106656e+03 3.80933702e+01
v 6.74540710e+03 7.02027638e+03 3.83432593e+01
v 6.74045290e+03 7.03060735e+03 3.79725556e+01
v 6.73841513e+03 7.03210666e+03 3.79569990e+01
v 6.74022628e+03 7.03270572e+03 3.84334572e+01
v 6.73441506e+03 7.03384860e+03 3.80184093e+01
v 6.73689444e+03 7.03668433e+03 4.72959080e+01
v 6.73578889e+03 7.03600131e+03 4.61452453e+01
v 6.73294903e+03 7.00420110e+03 3.86761460e+01
v 6.72943125e+03 7.00470136e+03 3.88339118e+01
v 6.72972286e+03 7.05211025e+03 3.82786093e+01
v 6.75000000e+03 7.00371409e+03 4.74490209e+01
v 6.73605813e+03 7.05074258e+03 4.02491732e+01
v 6.73612037e+03 7.05015018e+03 4.24253500e+01
v 6.74459270e+03 7.05416672e+03 4.42932781e+01
v 6.73607003e+03 7.03731919e+03 4.88748871e+01
v 6.73565617e+03 7.03656383e+03 5.17442265e+01
v 6.72797818e+03 7.05071348e+03 4.05149434e+01
v 6.70724994e+03 7.03300382e+03 5.34352766e+01
v 6.70777854e+03 7.03146317e+03 5.42795879e+01
v 6.70734812e+03 7.03430047e+03 5.34149523e+01
v 6.70721924e+03 7.03470222e+03 5.59160246e+01
v 6.70630146e+03 7.03068276e+03 5.48723300e+01
v 6.70628622e+03 7.03202742e+03 5.16857756e+01
v 6.70737245e+03 7.03400594e+03 5.10512435e+01
v 6.70554031e+03 7.03343754e+03 5.27260168e+01
v 6.70612026e+03 7.03503828e+03 5.11353881e+01
v 6.70841101e+03 7.03035335e+03 5.31317112e+01
v 6.70743584e+03 7.02639950e+03 5.19107519e+01
v 6.70803363e+03 7.02726285e+03 5.00194570e+01
v 6.70949233e+03 7.02758518e+03 5.24768534e+01
v 6.71001466e+03 7.03033014e+03 5.17128244e+01
v 6.70783800e+03 7.02616529e+03 5.33924533e+01
v 6.70719054e+03 7.02822633e+03 5.65741625e+01
v 6.70653333e+03 7.02614272e+03 5.57382099e+01
v 6.70781317e+03 7.02756527e+03 5.58902318e+01
v 6.70793968e+03 7.02974735e+03 5.83109575e+01
v 6.70810221e+03 7.03020817e+03 5.68248910e+01
v 6.70771443e+03 7.02972828e+03 5.99039217e+01
v 6.70661154e+03 7.03078592e+03 5.86631033e+01
v 6.70616986e+03 7.03028198e+03 5.76500870e+01
v 6.70792890e+03 7.03429118e+03 5.27961467e+01
v 6.70921659e+03 7.03434079e+03 5.58623527e+01
v 6.70696688e+03 7.03331488e+03 5.70456707e+01
v 6.70810079e+03 7.03116039e+03 5.59445347e+01
v 6.70853319e+03 7.03333096e+03 5.62768825e+01
v 6.70814913e+03 7.03257448e+03 5.88217034e+01
v 6.70706560e+03 7.03090712e+03 5.66206819e+01
v 6.70855348e+03 7.02912908e+03 5.52309452e+01
v 6.70733186e+03 7.03253738e+03 5.65463114e+01
v 6.70885090e+03 7.03213441e+03 5.55454724e+01
v 6.71011970e+03 7.02767937e+03 5.53772622e+01
v 6.70773102e+03 7.02760233e+03 5.40749130e+01
v 6.70659065e+03 7.02671351e+03 5.44215620e+01
v 6.70590803e+03 7.03014948e+03 6.06432752e+01
v 6.70647816e+03 7.03145269e+03 6.09916252e+01
v 6.70662403e+03 7.03054270e+03 6.02884617e+01
v 6.70629855e+03 7.03195348e+03 5.98875173e+01
v 6.70756470e+03 7.03146851e+03 5.96373420e+01
v 6.70778015e+03 7.05759336e+03 5.95218377e+01
v 6.70748349e+03 7.05914637e+03 6.11709101e+01
v 6.70622392e+03 7.05611191e+03 5.97164189e+01
v 6.70718535e+03 7.05672830e+03 5.96136189e+01
v 6.70786603e+03 7.05945054e+03 5.91366867e+01
v 6.70750041e+03 7.06086550e+03 5.86078451e+01
v 6.70693389e+03 7.05953361e+03 5.62717305e+01
v 6.70732991e+03 7.03332519e+03 6.05073346e+01
v 6.70600020e+03 7.03351416e+03 5.98691657e+01
v 6.70759595e+03 7.03333513e+03 5.84739995e+01
v 6.70874664e+03 7.03489474e+03 5.79228181e+01
v 6.70789519e+03 7.06106416e+03 5.47140283e+01
v 6.70725777e+03 7.05538038e+03 5.61125085e+01
v 6.70775690e+03 7.05618039e+03 5.72997684e+01
v 6.70706199e+03 7.05842994e+03 5.90181010e+01
v 6.70941604e+03 7.05737363e+03 5.69918832e+01
v 6.70706735e+03 7.05603433e+03 5.80105202e+01
v 6.70667512e+03 7.05480333e+03 5.95349346e+01
v 6.70732898e+03 7.05472743e+03 5.75448247e+01
v 6.70681618e+03 7.05951442e+03 5.80029296e+01
v 6.70522917e+03 7.05918796e+03 5.76234216e+01
v 6.70784796e+03 7.05374163e+03 5.59175663e+01
v 6.70866459e+03 7.05430151e+03 5.66035176e+01
v 6.70557876e+03 7.05446216e+03 5.86736498e+01
v 6.70655087e+03 7.05205980e+03 5.42581108e+01
v 6.70724618e+03 7.05345317e+03 5.20379948e+01
v 6.70739811e+03 7.05235015e+03 5.56350456e+01
v 6.70594501e+03 7.05273263e+03 5.28222066e+01
v 6.70863582e+03 7.05475156e+03 5.48772745e+01
v 6.70691707e+03 7.05268219e+03 5.12538365e+01
v 6.70587379e+03 7.05187461e+03 5.17629389e+01
v 6.70840160e+03 7.05327447e+03 5.14784608e+01
v 6.70720333e+03 7.05584655e+03 5.24039752e+01
v 6.70867612e+03 7.05528856e+03 5.17856985e+01
v 6.70619598e+03 7.05867180e+03 5.47476202e+01
v 6.70549885e+03 7.05188700e+03 4.98380953e+01
v 6.70795823e+03 7.05229411e+03 5.14681780e+01
v 6.70785678e+03 7.05150402e+03 5.02927494e+01
v 6.70570499e+03 7.05972173e+03 5.03772596e+01
v 6.70845739e+03 7.05974340e+03 4.97020026e+01
v 6.70979525e+03 7.06044366e+03 4.70826043e+01
v 6.70925585e+03 7.06072982e+03 4.91220331e+01
v 6.70836389e+03 7.06025587e+03 5.28395560e+01
v 6.70718328e+03 7.05293125e+03 4.78457466e+01
v 6.70560759e+03 7.04293826e+03 4.51640053e+01
v 6.70542319e+03 7.04215228e+03 4.74850856e+01
v 6.70831422e+03 7.02743569e+03 4.79286321e+01
v 6.70576494e+03 7.03255266e+03 4.94612964e+01
v 6.70512729e+03 7.05264252e+03 4.60211192e+01
v 6.70690434e+03 7.05204979e+03 4.59652749e+01
v 6.70744035e+03 7.05182239e+03 4.72870390e+01
v 6.70783590e+03 7.05351797e+03 4.68380324e+01
v 6.71439411e+03 7.02394095e+03 4.36041655e+01
v 6.71313537e+03 7.02133197e+03 4.52704027e+01
v 6.70463415e+03 7.04432600e+03 4.65940417e+01
v 6.70718248e+03 7.05362930e+03 4.33065898e+01
v 6.70552356e+03 7.05164892e+03 4.50214531e+01
v 6.70860010e+03 7.05277653e+03 5.01767201e+01
v 6.70913069e+03 7.05321494e+03 4.64037673e+01
v 6.72310110e+03 7.00000000e+03 5.19318994e+01
v 6.72405129e+03 7.00000000e+03 5.29332568e+01
v 6.72570236e+03 7.00210951e+03 5.23035000e+01
v 6.72531068e+03 7.00101847e+03 5.26543406e+01
v 6.72352516e+03 7.00099359e+03 5.21407897e+01
v 6.72266093e+03 7.00984466e+03 5.09971149e+01
v 6.72114292e+03 7.00943906e+03 5.11721150e+01
v 6.72296856e+03 7.00912572e+03 4.96999307e+01
v 6.72131614e+03 7.00850737e+03 4.95794907e+01
v 6.72058827e+03 7.00659830e+03 5.08327121e+01
v 6.71804861e+03 7.00083674e+03 4.95821752e+01
v 6.71951652e+03 7.00089723e+03 5.02076704e+01
v 6.71820780e+03 7.00000000e+03 5.08570785e+01
v 6.72254536e+03 7.00163098e+03 4.95644427e+01
v 6.72125406e+03 7.00000000e+03 5.11822600e+01
v 6.72065513e+03 7.00000000e+03 4.99522745e+01
v 6.71858936e+03 7.00715450e+03 5.16227413e+01
v 6.72049233e+03 7.00859970e+03 5.27219139e+01
v 6.71974147e+03 7.01183487e+03 5.14077053e+01
v 6.72067535e+03 7.01021747e+03 4.93081916e+01
v 6.72283431e+03 7.00812642e+03 5.26588615e+01
v 6.72164897e+03 7.00688112e+03 5.32887043e+01
v 6.72625115e+03 7.00180741e+03 5.33435041e+01
v 6.72619207e+03 7.00081657e+03 5.00441591e+01
v 6.72670625e+03 7.00000000e+03 5.20581033e+01
v 6.72491170e+03 7.00250462e+03 4.98943267e+01
v 6.72227272e+03 7.01056322e+03 5.26155743e+01
v 6.72261992e+03 7.01147438e+03 5.09103339e+01
v 6.72101917e+03 7.01177612e+03 5.28279904e+01
v 6.72533154e+03 7.00154965e+03 5.47588850e+01
v 6.72485428e+03 7.00081790e+03 5.45482451e+01
v 6.71913727e+03 7.00734672e+03 5.47982581e+01
v 6.72093829e+03 7.00934584e+03 5.40755535e+01
v 6.71739571e+03 7.00619448e+03 5.39635786e+01
v 6.71898065e+03 7.00936427e+03 5.50121546e+01
v 6.71817413e+03 7.00792744e+03 5.59888558e+01
v 6.72535359e+03 7.00000000e+03 5.29013418e+01
v 6.72623715e+03 7.00033897e+03 5.39261226e+01
v 6.72062865e+03 7.00780733e+03 5.61970607e+01
v 6.72139294e+03 7.01073046e+03 5.52420209e+01
v 6.72092358e+03 7.01125566e+03 5.68413740e+01
v 6.72185747e+03 7.00975617e+03 5.56849460e+01
v 6.72655319e+03 7.00139784e+03 5.49224580e+01
v 6.72634465e+03 7.00027195e+03 5.52249386e+01
v 6.71853986e+03 7.01425657e+03 5.43612059e+01
v 6.71701445e+03 7.02103882e+03 5.15977367e+01
v 6.71849971e+03 7.02179542e+03 5.11452446e+01
v 6.71858846e+03 7.02191926e+03 5.27639657e+01
v 6.71867289e+03 7.02389395e+03 5.20879703e+01
v 6.72124228e+03 7.01175970e+03 5.55841418e+01
v 6.72049284e+03 7.01324715e+03 5.59053429e+01
v 6.72249113e+03 7.01252307e+03 5.59086562e+01
v 6.71878766e+03 7.01332183e+03 5.49745554e+01
v 6.71807426e+03 7.01352017e+03 5.76147210e+01
v 6.72221288e+03 7.01078026e+03 5.49052570e+01
v 6.72529962e+03 7.00000000e+03 5.37313499e+01
v 6.72178982e+03 7.00908801e+03 5.29116261e+01
v 6.72391239e+03 7.01101884e+03 5.22409466e+01
v 6.72672032e+03 7.00289102e+03 4.88816831e+01
v 6.72662615e+03 7.00260404e+03 5.02798859e+01
v 6.71941390e+03 7.00868882e+03 5.28346116e+01
v 6.71659457e+03 7.02746393e+03 5.09115303e+01
v 6.71641610e+03 7.02873364e+03 5.23554961e+01
v 6.71582325e+03 7.03106888e+03 5.09284608e+01
v 6.71677188e+03 7.02981961e+03 4.95605158e+01
v 6.71549536e+03 7.03013954e+03 4.93420122e+01
v 6.71508837e+03 7.03125377e+03 4.96885739e+01
v 6.71717910e+03 7.01418123e+03 5.11532823e+01
v 6.71714717e+03 7.02410236e+03 5.28247693e+01
v 6.72857006e+03 7.04562461e+03 5.11044090e+01
v 6.72946065e+03 7.04669364e+03 5.18545811e+01
v 6.71630504e+03 7.02364031e+03 4.92988352e+01
v 6.71817085e+03 7.02549503e+03 5.33538021e+01
v 6.71815439e+03 7.02674602e+03 5.13080201e+01
v 6.71678824e+03 7.02567372e+03 5.22364587e+01
v 6.71784451e+03 7.02341958e+03 5.28454773e+01
v 6.71625734e+03 7.02310130e+03 5.28688856e+01
v 6.71770147e+03 7.02390155e+03 5.42720852e+01
v 6.71581130e+03 7.02418787e+03 5.24558061e+01
v 6.71562667e+03 7.02546080e+03 5.32835968e+01
v 6.71537884e+03 7.02509922e+03 5.16568863e+01
v 6.71703601e+03 7.02958926e+03 5.19476704e+01
v 6.71613735e+03 7.03180878e+03 5.23754829e+01
v 6.71489726e+03 7.03013234e+03 5.28058830e+01
v 6.71598412e+03 7.02777472e+03 5.35827107e+01
v 6.71660442e+03 7.01363291e+03 5.24815038e+01
v 6.71718622e+03 7.01950024e+03 5.05404937e+01
v 6.71732051e+03 7.02084057e+03 4.96540953e+01
v 6.71501805e+03 7.02359809e+03 5.21826262e+01
v 6.71659852e+03 7.02314019e+03 5.21832994e+01
v 6.71700653e+03 7.01513744e+03 5.23795620e+01
v 6.71763155e+03 7.01404409e+03 5.27376754e+01
v 6.71475099e+03 7.02937570e+03 5.38412316e+01
v 6.71617188e+03 7.02672693e+03 5.20244430e+01
v 6.71856867e+03 7.01477105e+03 5.00051115e+01
v 6.71914220e+03 7.02510569e+03 5.16302941e+01
v 6.71591973e+03 7.02501173e+03 4.79039440e+01
v 6.71870926e+03 7.01305108e+03 5.08311261e+01
v 6.71782719e+03 7.01239170e+03 4.92149218e+01
v 6.71547709e+03 7.01959745e+03 5.21211469e+01
v 6.71543358e+03 7.01983678e+03 5.35764830e+01
v 6.71718712e+03 7.01930180e+03 5.15487167e+01
v 6.71508180e+03 7.02090252e+03 5.16669205e+01
v 6.71802371e+03 7.02150801e+03 5.51029866e+01
v 6.71646910e+03 7.01806668e+03 5.08067857e+01
v 6.71541122e+03 7.01836479e+03 4.93549285e+01
v 6.71459799e+03 7.01906892e+03 5.08385727e+01
v 6.71738257e+03 7.00250777e+03 4.93225072e+01
v 6.71808938e+03 7.00000000e+03 5.56767179e+01
v 6.71650395e+03 7.00574455e+03 5.01101663e+01
v 6.71652811e+03 7.00506803e+03 5.30239707e+01
v 6.71417473e+03 7.02130488e+03 5.28246848e+01
v 6.71306533e+03 7.01993800e+03 5.18935151e+01
v 6.71252379e+03 7.01867397e+03 5.37328595e+01
v 6.71375418e+03 7.01950392e+03 5.37511847e+01
v 6.71464278e+03 7.01871920e+03 5.27414574e+01
v 6.71597521e+03 7.00708035e+03 5.41225389e+01
v 6.71394440e+03 7.00812260e+03 5.33992180e+01
v 6.71566205e+03 7.00590965e+03 5.52256114e+01
v 6.71337742e+03 7.01147648e+03 5.12913990e+01
v 6.71366572e+03 7.01134717e+03 5.42499445e+01
v 6.71383286e+03 7.02138663e+03 4.97108337e+01
v 6.71324750e+03 7.01824203e+03 5.19517210e+01
v 6.71542690e+03 7.01227966e+03 5.30929163e+01
v 6.71125225e+03 7.01795490e+03 5.11474364e+01
v 6.71221385e+03 7.01889571e+03 5.17335264e+01
v 6.71279973e+03 7.00991948e+03 5.39152092e+01
v 6.71131911e+03 7.01358461e+03 5.02447237e+01
v 6.71067521e+03 7.01464079e+03 5.10780838e+01
v 6.71163762e+03 7.01632292e+03 5.15654389e+01
v 6.71129185e+03 7.01473896e+03 5.19581847e+01
v 6.71089298e+03 7.01535353e+03 4.98047008e+01
v 6.71559646e+03 7.02314909e+03 5.02806069e+01
v 6.71350427e+03 7.02546070e+03 5.00588300e+01
v 6.71654500e+03 7.02814034e+03 4.94678967e+01
v 6.71419452e+03 7.02245575e+03 5.22441787e+01
v 6.71564811e+03 7.01877047e+03 5.35300346e+01
v 6.71468422e+03 7.01136051e+03 5.38953817e+01
v 6.71152693e+03 7.01510503e+03 5.38452747e+01
v 6.71088457e+03 7.01647455e+03 5.31817020e+01
v 6.70928910e+03 7.02701795e+03 4.93848343e+01
v 6.70951480e+03 7.05413302e+03 5.04136921e+01
v 6.71009503e+03 7.05332346e+03 5.10261724e+01
v 6.70898140e+03 7.05438692e+03 5.24332320e+01
v 6.70883549e+03 7.05756235e+03 5.11319045e+01
v 6.70868104e+03 7.05644449e+03 5.27982383e+01
v 6.70963592e+03 7.05843103e+03 5.06754013e+01
v 6.71057025e+03 7.01362111e+03 5.25294422e+01
v 6.71134408e+03 7.01262629e+03 5.33286130e+01
v 6.70926086e+03 7.01705564e+03 5.21513570e+01
v 6.71105961e+03 7.01758496e+03 5.19049024e+01
v 6.70731892e+03 7.01723494e+03 5.41238038e+01
v 6.71174400e+03 7.01846796e+03 5.25874758e+01
v 6.70840120e+03 7.01601198e+03 4.86945308e+01
v 6.71055971e+03 7.02752522e+03 5.14626555e+01
v 6.71151842e+03 7.02936884e+03 5.31988185e+01
v 6.71118307e+03 7.02933190e+03 5.54432272e+01
v 6.71228431e+03 7.03100539e+03 5.21661567e+01
v 6.71326045e+03 7.03351466e+03 5.43746170e+01
v 6.71387382e+03 7.03176635e+03 5.21153957e+01
v 6.70952330e+03 7.05666226e+03 5.13714983e+01
v 6.70852160e+03 7.05744330e+03 5.35663107e+01
v 6.70947916e+03 7.05651828e+03 5.46585902e+01
v 6.70857815e+03 7.05565258e+03 5.02900988e+01
v 6.71025717e+03 7.05685061e+03 5.06938500e+01
v 6.70961694e+03 7.05571566e+03 4.99876502e+01
v 6.70912770e+03 7.05938418e+03 5.30791155e+01
v 6.71005643e+03 7.05971069e+03 4.95560999e+01
v 6.70835758e+03 7.05963068e+03 5.41336170e+01
v 6.71007118e+03 7.05898663e+03 5.52943635e+01
v 6.70759873e+03 7.05651779e+03 5.59344826e+01
v 6.70900522e+03 7.05740387e+03 5.55071755e+01
v 6.71403764e+03 7.03129725e+03 5.34630484e+01
v 6.71270791e+03 7.03130542e+03 5.52756629e+01
v 6.71540814e+03 7.03099152e+03 5.52693879e+01
v 6.70969730e+03 7.02902014e+03 5.40810477e+01
v 6.70900680e+03 7.02873109e+03 5.38306380e+01
v 6.71181923e+03 7.01976536e+03 5.39584935e+01
v 6.70928896e+03 7.02798047e+03 5.45391358e+01
v 6.70745822e+03 7.01577507e+03 5.52509341e+01
v 6.70844698e+03 7.01704769e+03 5.51582665e+01
v 6.71191828e+03 7.01906644e+03 5.59072479e+01
v 6.70907663e+03 7.01765624e+03 5.67683063e+01
v 6.71240308e+03 7.02587683e+03 5.35614275e+01
v 6.71172052e+03 7.02699301e+03 5.46109007e+01
v 6.71529728e+03 7.02696863e+03 5.58711177e+01
v 6.71365313e+03 7.02761692e+03 5.67548205e+01
v 6.71236429e+03 7.02734263e+03 5.66820427e+01
v 6.71089852e+03 7.01421894e+03 5.47729125e+01
v 6.71162604e+03 7.01601609e+03 5.58016765e+01
v 6.71127200e+03 7.01281440e+03 5.66054737e+01
v 6.71325078e+03 7.01849344e+03 5.56308613e+01
v 6.71359481e+03 7.00893474e+03 5.84528049e+01
v 6.70733592e+03 7.01640786e+03 5.81500694e+01
v 6.71017224e+03 7.01627061e+03 5.45680043e+01
v 6.70763999e+03 7.01575358e+03 5.11049756e+01
v 6.71098785e+03 7.01512795e+03 5.67607478e+01
v 6.70901997e+03 7.01486783e+03 5.55800725e+01
v 6.71582290e+03 7.02075163e+03 5.52001528e+01
v 6.71229478e+03 7.01064204e+03 5.23701150e+01
v 6.71440796e+03 7.00965247e+03 5.38362579e+01
v 6.71696844e+03 7.01263457e+03 5.46851824e+01
v 6.71510549e+03 7.01205347e+03 5.51943008e+01
v 6.71514004e+03 7.02266275e+03 5.41598848e+01
v 6.71347207e+03 7.02220783e+03 5.47150277e+01
v 6.71485191e+03 7.02085530e+03 5.54801388e+01
v 6.71359744e+03 7.02061481e+03 5.46646676e+01
v 6.71205234e+03 7.02153042e+03 5.54405185e+01
v 6.71313971e+03 7.02015337e+03 5.68076299e+01
v 6.71275892e+03 7.02077731e+03 5.57940865e+01
v 6.71477156e+03 7.01921882e+03 5.63333239e+01
v 6.71499201e+03 7.01017262e+03 4.86141336e+01
v 6.71676155e+03 7.01828732e+03 4.96875935e+01
v 6.71697834e+03 7.01341701e+03 5.53750440e+01
v 6.71539775e+03 7.01932033e+03 5.47104325e+01
v 6.71695744e+03 7.00867090e+03 5.49770678e+01
v 6.71740266e+03 7.01177709e+03 5.49387755e+01
v 6.71692277e+03 7.01073095e+03 5.53077523e+01
v 6.71754543e+03 7.02099768e+03 5.54215268e+01
v 6.71715909e+03 7.01242402e+03 5.70829036e+01
v 6.71680583e+03 7.01136679e+03 5.65947344e+01
v 6.71982852e+03 7.01321085e+03 5.46965625e+01
v 6.71735680e+03 7.02193228e+03 5.66498785e+01
v 6.71685668e+03 7.02285459e+03 5.58130797e+01
v 6.71538315e+03 7.02409544e+03 5.52984696e+01
v 6.71701852e+03 7.02451548e+03 5.19835638e+01
v 6.71635872e+03 7.02669717e+03 5.52194491e+01
v 6.71742148e+03 7.02304247e+03 5.44864213e+01
v 6.71478302e+03 7.02215175e+03 5.65131162e+01
v 6.71603377e+03 7.02326369e+03 5.69022106e+01
v 6.71440782e+03 7.02560513e+03 5.48893549e+01
v 6.71655691e+03 7.02835494e+03 5.58838930e+01
v 6.71527656e+03 7.02938834e+03 5.56779382e+01
v 6.71576497e+03 7.02931020e+03 5.71070485e+01
v 6.71612432e+03 7.02739532e+03 5.81044387e+01
v 6.71581363e+03 7.02769325e+03 5.69512696e+01
v 6.71477967e+03 7.02682503e+03 5.75009094e+01
v 6.71369600e+03 7.03069415e+03 5.61685507e+01
v 6.71580523e+03 7.02281639e+03 5.81890646e+01
v 6.71602760e+03 7.02124513e+03 5.69027490e+01
v 6.71721208e+03 7.02170883e+03 5.78651468e+01
v 6.71478992e+03 7.02143207e+03 5.73601337e+01
v 6.71567963e+03 7.02203035e+03 5.89002909e+01
v 6.71431822e+03 7.02059953e+03 5.63318619e+01
v 6.71443843e+03 7.02218763e+03 5.85516488e+01
v 6.71435931e+03 7.02991889e+03 5.77668463e+01
v 6.71510363e+03 7.02934918e+03 5.92330661e+01
v 6.71253168e+03 7.02949604e+03 5.84517530e+01
v 6.71750019e+03 7.02300498e+03 5.80125108e+01
v 6.71745006e+03 7.00241027e+03 5.85526286e+01
v 6.71587292e+03 7.00563631e+03 5.85256969e+01
v 6.71872239e+03 7.00684622e+03 5.77267923e+01
v 6.71720779e+03 7.00947551e+03 5.87633836e+01
v 6.71458831e+03 7.00400166e+03 5.82109046e+01
v 6.71502315e+03 7.00184191e+03 5.85630206e+01
v 6.71583446e+03 7.00102109e+03 5.87873295e+01
v 6.71424348e+03 7.00369826e+03 6.04957253e+01
v 6.71640354e+03 7.00722581e+03 5.85834889e+01
v 6.71785144e+03 7.01497199e+03 5.73374340e+01
v 6.71853311e+03 7.01117030e+03 5.66114334e+01
v 6.71735921e+03 7.01054826e+03 6.00424458e+01
v 6.71713614e+03 7.01394209e+03 5.79719474e+01
v 6.71615383e+03 7.01275394e+03 6.00104788e+01
v 6.71835588e+03 7.00866506e+03 5.72579818e+01
v 6.71235240e+03 7.00782392e+03 5.81975365e+01
v 6.71211549e+03 7.00637023e+03 5.86540425e+01
v 6.71025702e+03 7.01276728e+03 5.85427146e+01
v 6.71025430e+03 7.01400772e+03 5.72432595e+01
v 6.70967892e+03 7.01596175e+03 5.65182814e+01
v 6.70867195e+03 7.01311985e+03 5.87144153e+01
v 6.70826933e+03 7.01558970e+03 5.80395212e+01
v 6.71014886e+03 7.01673172e+03 5.81955250e+01
v 6.70955460e+03 7.02882169e+03 5.64283558e+01
v 6.70855405e+03 7.03501576e+03 5.62067346e+01
v 6.70745985e+03 7.03506641e+03 5.75058690e+01
v 6.70910739e+03 7.06031194e+03 5.81794531e+01
v 6.70942160e+03 7.05957963e+03 5.70903373e+01
v 6.71287641e+03 7.03113701e+03 5.02766742e+01
v 6.70902230e+03 7.01667718e+03 5.94244607e+01
v 6.70888365e+03 7.02761663e+03 5.70625628e+01
v 6.70883240e+03 7.05843662e+03 5.77345150e+01
v 6.70878560e+03 7.05762728e+03 5.86986743e+01
v 6.71320442e+03 7.03093244e+03 5.76527893e+01
v 6.71187770e+03 7.02916920e+03 5.72763992e+01
v 6.70885247e+03 7.05919682e+03 6.00754949e+01
v 6.71119931e+03 7.00981885e+03 5.82700783e+01
v 6.71011138e+03 7.00742348e+03 6.07453943e+01
v 6.71165615e+03 7.00852062e+03 5.95376205e+01
v 6.71198207e+03 7.00657768e+03 6.05606911e+01
v 6.71010400e+03 7.00799678e+03 5.99804026e+01
v 6.70932704e+03 7.01078431e+03 6.01392788e+01
v 6.70803310e+03 7.00281328e+03 6.15835302e+01
v 6.70788806e+03 7.00489452e+03 6.20079165e+01
v 6.70802838e+03 7.00639998e+03 6.12023872e+01
v 6.71001121e+03 7.00533855e+03 6.12192318e+01
v 6.71001990e+03 7.00330600e+03 6.17483393e+01
v 6.70880698e+03 7.00080648e+03 6.15271686e+01
v 6.71117786e+03 7.00250847e+03 6.23582545e+01
v 6.70942048e+03 7.00000000e+03 6.13475992e+01
v 6.70789685e+03 7.00876629e+03 6.08410790e+01
v 6.70921085e+03 7.01149648e+03 6.11764717e+01
v 6.70765577e+03 7.01023805e+03 6.22309160e+01
v 6.70855966e+03 7.00792740e+03 6.14803277e+01
v 6.70982510e+03 7.00925515e+03 6.02214567e+01
v 6.70809428e+03 7.01175566e+03 6.11112827e+01
v 6.71302087e+03 7.00210500e+03 6.04479958e+01
v 6.71271512e+03 7.00404412e+03 6.01635332e+01
v 6.71209453e+03 7.00384853e+03 6.11520589e+01
v 6.71192715e+03 7.00117887e+03 6.14224093e+01
v 6.71638229e+03 7.00133290e+03 6.11398177e+01
v 6.71506320e+03 7.00172859e+03 6.02723130e+01
v 6.71536593e+03 7.00000000e+03 6.15230333e+01
v 6.71768496e+03 7.00862451e+03 6.03177186e+01
v 6.71157314e+03 7.00000000e+03 6.14940143e+01
v 6.71677618e+03 7.00000000e+03 6.09432299e+01
v 6.71694013e+03 7.00000000e+03 6.00099574e+01
v 6.71667452e+03 7.00000000e+03 5.80923551e+01
v 6.71555278e+03 7.01066253e+03 5.56662124e+01
v 6.71507332e+03 7.02765419e+03 5.91593921e+01
v 6.71313228e+03 7.02800731e+03 5.96880527e+01
v 6.71440242e+03 7.02962372e+03 6.04378962e+01
v 6.71304998e+03 7.02967172e+03 6.02859080e+01
v 6.71865412e+03 7.01154145e+03 5.99148109e+01
v 6.72018346e+03 7.01147051e+03 5.95476405e+01
v 6.71902948e+03 7.01310772e+03 5.89769237e+01
v 6.71800594e+03 7.01369712e+03 6.07783994e+01
v 6.71922073e+03 7.00931391e+03 6.16938197e+01
v 6.72054539e+03 7.01124335e+03 6.08985620e+01
v 6.72011846e+03 7.00937186e+03 6.12003193e+01
v 6.72008548e+03 7.00978834e+03 5.88685172e+01
v 6.71912738e+03 7.00734726e+03 5.95545931e+01
v 6.71315898e+03 7.00000000e+03 6.12949093e+01
v 6.71716189e+03 7.01234444e+03 6.13726363e+01
v 6.71874851e+03 7.00981661e+03 5.65978862e+01
v 6.72044385e+03 7.00966259e+03 5.67354241e+01
v 6.72159824e+03 7.00960999e+03 5.87583509e+01
v 6.72082974e+03 7.00813445e+03 5.82040111e+01
v 6.72099060e+03 7.00837899e+03 5.98799234e+01
v 6.72064291e+03 7.01244609e+03 5.90552663e+01
v 6.71960272e+03 7.01193725e+03 5.49935850e+01
v 6.71943980e+03 7.01142954e+03 5.56823749e+01
v 6.72171972e+03 7.01113130e+03 5.88038614e+01
v 6.72034422e+03 7.00714206e+03 5.84067430e+01
v 6.71837011e+03 7.01263523e+03 5.53234206e+01
v 6.71842198e+03 7.00000000e+03 5.86471926e+01
v 6.70970628e+03 7.05927143e+03 4.80389554e+01
v 6.70966344e+03 7.05667626e+03 4.87841520e+01
v 6.70856466e+03 7.05571238e+03 4.81188236e+01
v 6.70914769e+03 7.05756365e+03 4.89548436e+01
v 6.71046739e+03 7.05849371e+03 4.71421152e+01
v 6.70896941e+03 7.05808326e+03 4.69794756e+01
v 6.71108483e+03 7.05886279e+03 4.59915764e+01
v 6.71094538e+03 7.06036809e+03 4.83843366e+01
v 6.70943608e+03 7.05773673e+03 4.55980966e+01
v 6.70926157e+03 7.05476321e+03 4.70033260e+01
v 6.71612288e+03 7.02687374e+03 4.76437019e+01
v 6.71661517e+03 7.02574271e+03 4.67655238e+01
v 6.71488293e+03 7.02130544e+03 4.67970803e+01
v 6.71395039e+03 7.01989635e+03 4.76013726e+01
v 6.71764565e+03 7.02146424e+03 4.58912003e+01
v 6.71715837e+03 7.02140302e+03 4.91772994e+01
v 6.71953675e+03 7.02311449e+03 4.82835738e+01
v 6.71919070e+03 7.02366925e+03 4.69169623e+01
v 6.72002502e+03 7.02046267e+03 4.75856473e+01
v 6.72112694e+03 7.02122808e+03 4.79335032e+01
v 6.72095147e+03 7.02273375e+03 4.73566221e+01
v 6.72053360e+03 7.02323130e+03 4.57149112e+01
v 6.72936819e+03 7.04719237e+03 4.72028727e+01
v 6.72787348e+03 7.04612817e+03 4.59999780e+01
v 6.70918684e+03 7.05480123e+03 4.83741250e+01
v 6.71400365e+03 7.03226818e+03 4.83533420e+01
v 6.71587705e+03 7.03096965e+03 4.60428584e+01
v 6.71577705e+03 7.02880443e+03 4.77733498e+01
v 6.71639049e+03 7.02978918e+03 4.75925997e+01
v 6.71051631e+03 7.02783061e+03 4.75442473e+01
v 6.71381894e+03 7.02160512e+03 4.85743824e+01
v 6.71450690e+03 7.02307971e+03 4.81757257e+01
v 6.71415002e+03 7.02240927e+03 4.65076608e+01
v 6.71950384e+03 7.02005983e+03 4.61525955e+01
v 6.71925644e+03 7.02153163e+03 4.67297415e+01
v 6.71875602e+03 7.02215901e+03 4.77548662e+01
v 6.71849693e+03 7.02387172e+03 4.88653623e+01
v 6.71859608e+03 7.02448413e+03 4.70680905e+01
v 6.72056478e+03 7.02103479e+03 4.48072228e+01
v 6.71580671e+03 7.02461514e+03 4.59693190e+01
v 6.73016719e+03 7.04634454e+03 5.05624795e+01
v 6.71679445e+03 7.03116910e+03 4.88047481e+01
v 6.72842811e+03 7.04564944e+03 4.70266981e+01
v 6.71788459e+03 7.02986430e+03 4.59763280e+01
v 6.71120436e+03 7.03082341e+03 4.86728846e+01
v 6.71272286e+03 7.03327449e+03 4.87829102e+01
v 6.71325652e+03 7.03220543e+03 4.63233764e+01
v 6.71773537e+03 7.02212631e+03 4.84564409e+01
v 6.71458939e+03 7.02420571e+03 4.68245259e+01
v 6.71386156e+03 7.02542527e+03 4.77505198e+01
v 6.71658273e+03 7.02384322e+03 4.83411135e+01
v 6.71977495e+03 7.02249789e+03 4.88149494e+01
v 6.71405728e+03 7.01889348e+03 4.85946990e+01
v 6.71864221e+03 7.01889720e+03 4.99879753e+01
v 6.71825390e+03 7.01515087e+03 4.75388188e+01
v 6.72232425e+03 7.00996552e+03 4.81640809e+01
v 6.71682039e+03 7.01823191e+03 4.76009644e+01
v 6.71860726e+03 7.01375945e+03 4.93992125e+01
v 6.71892705e+03 7.01290423e+03 4.84436589e+01
v 6.71945256e+03 7.01151108e+03 4.93042634e+01
v 6.71082009e+03 7.01655517e+03 4.83140353e+01
v 6.70917269e+03 7.01706264e+03 4.83582516e+01
v 6.71837239e+03 7.00636859e+03 4.82692261e+01
v 6.72076976e+03 7.00680489e+03 4.90227041e+01
v 6.72146367e+03 7.00226729e+03 4.82295717e+01
v 6.72232735e+03 7.00659372e+03 4.92673488e+01
v 6.72070056e+03 7.00525958e+03 4.86335413e+01
v 6.71916291e+03 7.00625905e+03 4.74089731e+01
v 6.72191161e+03 7.00454506e+03 4.69878049e+01
v 6.71926241e+03 7.00498572e+03 4.78502539e+01
v 6.71989079e+03 7.00209149e+03 4.91084579e+01
v 6.70604255e+03 7.01797862e+03 4.85304782e+01
v 6.71514240e+03 7.01754364e+03 4.83563003e+01
v 6.71923000e+03 7.01408878e+03 4.67819925e+01
v 6.71707741e+03 7.00598000e+03 4.78416570e+01
v 6.71960274e+03 7.00279873e+03 4.81197543e+01
v 6.71904814e+03 7.00362209e+03 4.83905926e+01
v 6.72638416e+03 7.00000000e+03 4.88885036e+01
v 6.72324911e+03 7.00268747e+03 4.91064646e+01
v 6.72728978e+03 7.00000000e+03 4.88240697e+01
v 6.72716642e+03 7.00131924e+03 5.00183598e+01
v 6.72817826e+03 7.00097974e+03 4.88181484e+01
v 6.71608755e+03 7.00500567e+03 4.79068072e+01
v 6.72051210e+03 7.00002539e+03 4.84380979e+01
v 6.72253304e+03 7.00000000e+03 5.05515773e+01
v 6.72258637e+03 7.00303383e+03 4.72123037e+01
v 6.71809455e+03 7.00440445e+03 4.81296928e+01
v 6.71972981e+03 7.00365157e+03 4.69490712e+01
v 6.72382361e+03 7.00685811e+03 4.78594434e+01
v 6.72313225e+03 7.00609061e+03 4.61914874e+01
v 6.72705916e+03 7.00000000e+03 4.58581867e+01
v 6.72464147e+03 7.00265756e+03 4.58928719e+01
v 6.72366759e+03 7.00775207e+03 4.72139844e+01
v 6.72256970e+03 7.00826657e+03 4.87858531e+01
v 6.72734664e+03 7.00182082e+03 4.80698634e+01
v 6.71970033e+03 7.01396086e+03 4.85124957e+01
v 6.72360153e+03 7.00931777e+03 4.71449791e+01
v 6.72107501e+03 7.01083916e+03 4.69626832e+01
v 6.72422182e+03 7.00864584e+03 4.66468473e+01
v 6.72108686e+03 7.01066121e+03 4.87014622e+01
v 6.70994898e+03 7.01541405e+03 4.82350795e+01
v 6.71123133e+03 7.01346247e+03 4.49919617e+01
v 6.70902467e+03 7.01533301e+03 4.62655377e+01
v 6.72126622e+03 7.01322837e+03 4.74938062e+01
v 6.72149560e+03 7.01186475e+03 4.90003336e+01
v 6.71873060e+03 7.01798497e+03 4.53196109e+01
v 6.71865588e+03 7.01904001e+03 4.60798511e+01
v 6.72365338e+03 7.01006650e+03 4.62811059e+01
v 6.72272322e+03 7.01037853e+03 4.53226852e+01
v 6.72311918e+03 7.01214151e+03 4.75111188e+01
v 6.72187487e+03 7.01201071e+03 4.59152199e+01
v 6.71545038e+03 7.01673828e+03 4.59868432e+01
v 6.72173070e+03 7.01071325e+03 4.64514024e+01
v 6.71852534e+03 7.01315667e+03 4.40322590e+01
v 6.72294581e+03 7.00825896e+03 4.43747527e+01
v 6.72883317e+03 7.00000000e+03 4.38248274e+01
v 6.72757312e+03 7.00127614e+03 4.49183456e+01
v 6.72346676e+03 7.00539399e+03 4.51043222e+01
v 6.72746471e+03 7.00245330e+03 4.75600220e+01
v 6.72714184e+03 7.00286159e+03 4.64029335e+01
v 6.71586401e+03 7.01816617e+03 4.54874855e+01
v 6.71993924e+03 7.01200766e+03 4.25612925e+01
v 6.72174654e+03 7.01096532e+03 4.42183178e+01
v 6.71647220e+03 7.01877419e+03 4.60314043e+01
v 6.71719112e+03 7.01991966e+03 4.49664406e+01
v 6.71368611e+03 7.01736083e+03 4.29031448e+01
v 6.72400299e+03 7.00965603e+03 4.52983184e+01
v 6.71681684e+03 7.01758075e+03 4.44002986e+01
v 6.72490684e+03 7.00449053e+03 4.47537891e+01
v 6.72363143e+03 7.00918402e+03 4.41153224e+01
v 6.72316782e+03 7.01071006e+03 4.30867165e+01
v 6.72845020e+03 7.00125935e+03 4.40863390e+01
v 6.71901302e+03 7.01954307e+03 4.36870522e+01
v 6.72757833e+03 7.04999384e+03 4.38230821e+01
v 6.72702977e+03 7.04998335e+03 4.50662621e+01
v 6.71946924e+03 7.02376208e+03 4.32214693e+01
v 6.71899358e+03 7.02242069e+03 4.22419670e+01
v 6.71798494e+03 7.02478508e+03 4.40734052e+01
v 6.71910177e+03 7.02611700e+03 4.35596433e+01
v 6.71949777e+03 7.02224352e+03 4.44256690e+01
v 6.72234938e+03 7.04935199e+03 4.52758270e+01
v 6.72380143e+03 7.04886555e+03 4.41429064e+01
v 6.71485722e+03 7.02641304e+03 4.32343220e+01
v 6.71754480e+03 7.02746913e+03 4.48530473e+01
v 6.71708732e+03 7.02949367e+03 4.41650791e+01
v 6.71681825e+03 7.02511142e+03 4.32806731e+01
v 6.71590503e+03 7.02855585e+03 4.44991250e+01
v 6.71645278e+03 7.03048739e+03 4.32883297e+01
v 6.71672852e+03 7.03060015e+03 4.51859946e+01
v 6.71759607e+03 7.03174753e+03 4.56600765e+01
v 6.72717186e+03 7.04850558e+03 4.12853761e+01
v 6.72715466e+03 7.04701782e+03 4.30745535e+01
v 6.72495616e+03 7.04757761e+03 4.41162819e+01
v 6.73009798e+03 7.04646468e+03 4.09928673e+01
v 6.72885338e+03 7.04580116e+03 4.23516500e+01
v 6.71656641e+03 7.02859470e+03 4.65166054e+01
v 6.71554485e+03 7.02427894e+03 4.43815745e+01
v 6.72020944e+03 7.02198813e+03 4.60800762e+01
v 6.71887093e+03 7.02784924e+03 4.45332019e+01
v 6.71845998e+03 7.02640137e+03 4.46878562e+01
v 6.72586905e+03 7.04808320e+03 4.40851751e+01
v 6.72598407e+03 7.04829967e+03 4.50725999e+01
v 6.71295719e+03 7.03157483e+03 4.41312231e+01
v 6.71250367e+03 7.03321052e+03 4.36285237e+01
v 6.71547584e+03 7.03290197e+03 4.37035736e+01
v 6.71667041e+03 7.03260795e+03 4.56477164e+01
v 6.71440288e+03 7.03251897e+03 4.45595403e+01
v 6.71469376e+03 7.03431992e+03 4.46684105e+01
v 6.71611177e+03 7.02592562e+03 4.37378175e+01
v 6.71613793e+03 7.02662510e+03 4.53915322e+01
v 6.72040529e+03 7.02211630e+03 4.38354672e+01
v 6.72046524e+03 7.02068127e+03 4.35415392e+01
v 6.71520761e+03 7.02438806e+03 4.49957296e+01
v 6.71905529e+03 7.02443466e+03 4.52623904e+01
v 6.72956123e+03 7.04773592e+03 4.53218564e+01
v 6.72952491e+03 7.04579150e+03 4.61978828e+01
v 6.72033092e+03 7.02414269e+03 4.60004839e+01
v 6.71575674e+03 7.02008882e+03 4.64048893e+01
v 6.71551424e+03 7.02675276e+03 4.63259099e+01
v 6.72458651e+03 7.05222458e+03 4.60335993e+01
v 6.72272417e+03 7.05071735e+03 4.54174710e+01
v 6.72493953e+03 7.04926253e+03 4.56106011e+01
v 6.71054228e+03 7.05639137e+03 4.61675281e+01
v 6.71046406e+03 7.05631205e+03 4.76955023e+01
v 6.72204862e+03 7.04961258e+03 4.38585318e+01
v 6.71925489e+03 7.02344663e+03 4.43121438e+01
v 6.72732750e+03 7.05379662e+03 4.69715750e+01
v 6.72899631e+03 7.05330443e+03 4.58059262e+01
v 6.72613382e+03 7.05313981e+03 4.59172254e+01
v 6.70849634e+03 7.05484957e+03 4.52987713e+01
v 6.72824796e+03 7.05205690e+03 4.55932938e+01
v 6.72587929e+03 7.05618599e+03 4.57794418e+01
v 6.72785493e+03 7.05538522e+03 4.53050482e+01
v 6.72830107e+03 7.05471360e+03 4.58159695e+01
v 6.72939040e+03 7.05179081e+03 4.64937720e+01
v 6.72946739e+03 7.05259875e+03 4.51886600e+01
v 6.72397577e+03 7.05329814e+03 4.46881584e+01
v 6.72461527e+03 7.05206780e+03 4.43730641e+01
v 6.72557399e+03 7.05075635e+03 4.51456226e+01
v 6.72114206e+03 7.05060395e+03 4.38498809e+01
v 6.72164539e+03 7.05329244e+03 4.53728624e+01
v 6.72233789e+03 7.05195513e+03 4.52029025e+01
v 6.72656520e+03 7.05677044e+03 4.53555407e+01
v 6.70905828e+03 7.05591305e+03 4.39468084e+01
v 6.70775066e+03 7.06210277e+03 4.39338556e+01
v 6.70997579e+03 7.06197041e+03 4.53848906e+01
v 6.72965550e+03 7.05479654e+03 4.45489967e+01
v 6.72601497e+03 7.05404027e+03 4.52520932e+01
v 6.72864298e+03 7.05108314e+03 4.49169965e+01
v 6.72715681e+03 7.05071250e+03 4.33420126e+01
v 6.72697584e+03 7.05203969e+03 4.38117382e+01
v 6.72850252e+03 7.05051889e+03 4.37604491e+01
v 6.72598896e+03 7.05277060e+03 4.33081783e+01
v 6.72674686e+03 7.05334035e+03 4.39793915e+01
v 6.72526208e+03 7.05370716e+03 4.40889956e+01
v 6.72988513e+03 7.04653142e+03 4.75238981e+01
v 6.73017932e+03 7.05035372e+03 4.44274763e+01
v 6.70519820e+03 7.05621751e+03 4.47289868e+01
v 6.70474092e+03 7.06138174e+03 4.30625568e+01
v 6.70769869e+03 7.06008622e+03 4.46317116e+01
v 6.70708837e+03 7.01351028e+03 6.14530310e+01
v 6.70722125e+03 7.01167044e+03 6.21089242e+01
v 6.70804857e+03 7.00000000e+03 6.12131111e+01
v 6.70690777e+03 7.00260117e+03 6.17563456e+01
v 6.72912506e+03 7.04557320e+03 5.19017362e+01
v 6.70617617e+03 7.00894955e+03 6.07821846e+01
v 6.70622628e+03 7.00733279e+03 6.10971555e+01
v 6.72057128e+03 7.02017594e+03 4.63407599e+01
v 6.71902329e+03 7.01810685e+03 4.34173802e+01
v 6.72506826e+03 7.00313065e+03 4.51560869e+01
v 6.72301972e+03 7.01443199e+03 3.82347582e+01
v 6.72446982e+03 7.01466571e+03 4.03486318e+01
v 6.70868822e+03 7.02952680e+03 4.78188576e+01
v 6.72323125e+03 7.05274129e+03 4.03429300e+01
v 6.72438460e+03 7.05511684e+03 3.87396494e+01
v 6.72754812e+03 7.04813452e+03 4.29385524e+01
v 6.72653141e+03 7.04910414e+03 4.33444484e+01
v 6.70802698e+03 7.02097911e+03 4.28661681e+01
v 6.70675585e+03 7.02014015e+03 4.36234458e+01
v 6.71563981e+03 7.02417430e+03 4.18099227e+01
v 6.72557125e+03 7.04731536e+03 4.19244865e+01
v 6.71841141e+03 7.01962262e+03 4.03563620e+01
v 6.72799307e+03 7.04645996e+03 4.36301927e+01
v 6.71277968e+03 7.03369210e+03 4.27869883e+01
v 6.72201389e+03 7.04811706e+03 4.19546230e+01
v 6.72412959e+03 7.04658000e+03 4.20236613e+01
v 6.72209777e+03 7.04807165e+03 4.29138404e+01
v 6.72760022e+03 7.04622022e+03 4.11043733e+01
v 6.71435066e+03 7.02928704e+03 4.36897409e+01
v 6.71790840e+03 7.01938901e+03 4.21013274e+01
v 6.70636792e+03 7.02181521e+03 4.09249540e+01
v 6.71749527e+03 7.01796281e+03 4.12808025e+01
v 6.72052636e+03 7.05143320e+03 4.22132516e+01
v 6.72821338e+03 7.05128136e+03 4.30253969e+01
v 6.72831038e+03 7.04936869e+03 4.22503501e+01
v 6.71677235e+03 7.02322713e+03 4.08937419e+01
v 6.70745075e+03 7.01912631e+03 4.26408996e+01
v 6.71752859e+03 7.02818316e+03 4.34300009e+01
v 6.72815169e+03 7.04802482e+03 4.17253947e+01
v 6.72960646e+03 7.04718265e+03 4.40322695e+01
v 6.72754627e+03 7.04752654e+03 4.14473425e+01
v 6.72146101e+03 7.05080255e+03 3.97892494e+01
v 6.73053356e+03 7.04818701e+03 4.08150310e+01
v 6.72367676e+03 7.05419363e+03 4.33474595e+01
v 6.72708916e+03 7.05617668e+03 4.35898723e+01
v 6.72526986e+03 7.05515200e+03 4.42082440e+01
v 6.70730167e+03 7.05543135e+03 4.28659913e+01
v 6.72826195e+03 7.05608308e+03 4.25551228e+01
v 6.72977322e+03 7.05621470e+03 4.37990193e+01
v 6.72461484e+03 7.05362302e+03 4.05917298e+01
v 6.72845592e+03 7.05498573e+03 4.29693912e+01
v 6.72587012e+03 7.04764386e+03 4.03593493e+01
v 6.72595637e+03 7.04503369e+03 4.11562684e+01
v 6.71814453e+03 7.02498040e+03 4.27053142e+01
v 6.70859636e+03 7.02120004e+03 4.11353156e+01
v 6.72701130e+03 7.04684525e+03 4.06103967e+01
v 6.72547237e+03 7.04706548e+03 3.92990167e+01
v 6.72026457e+03 7.04870302e+03 4.11323452e+01
v 6.72420199e+03 7.04683072e+03 4.03304771e+01
v 6.72173767e+03 7.04915064e+03 3.95202724e+01
v 6.69150224e+03 7.06068410e+03 4.63758452e+01
v 6.70116688e+03 7.05486700e+03 3.70143816e+01
v 6.69972424e+03 7.05807531e+03 3.70988573e+01
v 6.69031577e+03 7.05338522e+03 4.62514679e+01
v 6.68970869e+03 7.05405295e+03 4.33297341e+01
v 6.70496663e+03 7.05637916e+03 4.17937561e+01
v 6.70352826e+03 7.05458329e+03 4.25060981e+01
v 6.70085567e+03 7.06060406e+03 3.77499656e+01
v 6.70009826e+03 7.05884778e+03 3.78676711e+01
v 6.70248237e+03 7.06293715e+03 4.35037691e+01
v 6.70446724e+03 7.06075496e+03 4.01385075e+01
v 6.68724696e+03 7.05901103e+03 3.65468746e+01
v 6.70053048e+03 7.06256185e+03 4.39116030e+01
v 6.69361713e+03 7.05926451e+03 4.51482602e+01
v 6.68723816e+03 7.05714464e+03 4.52241987e+01
v 6.68849217e+03 7.05597470e+03 4.46272933e+01
v 6.69267370e+03 7.05818494e+03 4.61602951e+01
v 6.70285393e+03 7.05421233e+03 4.54298012e+01
v 6.69813890e+03 7.06279230e+03 3.77842487e+01
v 6.69635762e+03 7.06289504e+03 3.69763587e+01
v 6.70278371e+03 7.06258855e+03 4.05037846e+01
v 6.70150497e+03 7.05915092e+03 3.81823867e+01
v 6.70516024e+03 7.05412112e+03 3.80542268e+01
v 6.70379210e+03 7.05628420e+03 3.86796116e+01
v 6.70336123e+03 7.05534782e+03 3.87755158e+01
v 6.69864606e+03 7.05140006e+03 3.73305437e+01
v 6.70022583e+03 7.04779198e+03 3.72211379e+01
v 6.70539645e+03 7.02373279e+03 4.20285430e+01
v 6.70573595e+03 7.02498723e+03 3.89984847e+01
v 6.68864028e+03 7.05243005e+03 3.92777412e+01
v 6.68789717e+03 7.04703471e+03 3.87727783e+01
v 6.70423870e+03 7.03502766e+03 3.75977472e+01
v 6.70077093e+03 7.03284224e+03 3.75166709e+01
v 6.70467445e+03 7.04052217e+03 3.81225137e+01
v 6.69989422e+03 7.04007736e+03 3.75607880e+01
v 6.70471850e+03 7.04953845e+03 3.72854670e+01
v 6.68753218e+03 7.03695954e+03 3.87720483e+01
v 6.70375083e+03 7.02548186e+03 3.95088494e+01
v 6.69005269e+03 7.03297090e+03 3.94394540e+01
v 6.69527524e+03 7.03324379e+03 3.83153685e+01
v 6.69320176e+03 7.03565291e+03 3.84491052e+01
v 6.69509905e+03 7.03673358e+03 3.83977400e+01
v 6.69729659e+03 7.03586988e+03 3.75587752e+01
v 6.70242343e+03 7.03129618e+03 3.77570251e+01
v 6.69570845e+03 7.02637447e+03 4.22642718e+01
v 6.70411753e+03 7.02273090e+03 4.13165406e+01
v 6.70339569e+03 7.02363867e+03 3.94544783e+01
v 6.69161116e+03 7.05336018e+03 4.33076711e+01
v 6.69994626e+03 7.04808209e+03 4.05787870e+01
v 6.69598606e+03 7.05157170e+03 4.08356306e+01
v 6.70369687e+03 7.05442040e+03 3.75610478e+01
v 6.68700124e+03 7.04058392e+03 3.82320969e+01
v 6.70249649e+03 7.04312494e+03 3.78714294e+01
v 6.70055810e+03 7.04516686e+03 3.97632476e+01
v 6.69845017e+03 7.04856616e+03 4.32841558e+01
v 6.69909705e+03 7.04780178e+03 4.07247628e+01
v 6.68861347e+03 7.05637074e+03 4.16985679e+01
v 6.68910767e+03 7.04480050e+03 4.33050552e+01
v 6.69772976e+03 7.02678371e+03 4.16613598e+01
v 6.70036863e+03 7.04796318e+03 4.33014350e+01
v 6.69066514e+03 7.03538089e+03 4.56258160e+01
v 6.69016725e+03 7.03608997e+03 4.21909588e+01
v 6.70026625e+03 7.04561719e+03 3.72776764e+01
v 6.70035764e+03 7.04529823e+03 4.31725025e+01
v 6.69978066e+03 7.04719218e+03 3.90750857e+01
v 6.69512735e+03 7.04876718e+03 4.33079258e+01
v 6.69475013e+03 7.04442773e+03 4.35951911e+01
v 6.69284001e+03 7.03262605e+03 4.65499136e+01
v 6.69133314e+03 7.03244239e+03 4.67926576e+01
v 6.69169153e+03 7.03320262e+03 4.77610131e+01
v 6.69055938e+03 7.03342536e+03 4.48720757e+01
v 6.69272818e+03 7.03108245e+03 4.61444725e+01
v 6.69275147e+03 7.03127099e+03 4.47999666e+01
v 6.69314853e+03 7.05246010e+03 4.42512815e+01
v 6.69359404e+03 7.05065732e+03 4.50565009e+01
v 6.69663691e+03 7.04615655e+03 4.32415200e+01
v 6.69899574e+03 7.05090473e+03 3.97454354e+01
v 6.70320289e+03 7.04492970e+03 4.32122284e+01
v 6.68951230e+03 7.03711890e+03 4.55452850e+01
v 6.70241357e+03 7.02461830e+03 3.93401128e+01
v 6.70017251e+03 7.04395852e+03 3.75014967e+01
v 6.70222146e+03 7.04142074e+03 4.03229493e+01
v 6.69003909e+03 7.04114260e+03 4.63924446e+01
v 6.69595164e+03 7.04016937e+03 4.90923515e+01
v 6.69555593e+03 7.04427097e+03 4.82544209e+01
v 6.69734459e+03 7.04566978e+03 4.73568269e+01
v 6.70294277e+03 7.04399282e+03 4.47650956e+01
v 6.70476209e+03 7.01957226e+03 4.82307622e+01
v 6.70008128e+03 7.02629087e+03 4.70704275e+01
v 6.70290409e+03 7.04066542e+03 4.40347130e+01
v 6.69789160e+03 7.02744856e+03 4.75731451e+01
v 6.70493427e+03 7.04355082e+03 4.43862576e+01
v 6.70274858e+03 7.05228517e+03 4.56723042e+01
v 6.69449163e+03 7.03156417e+03 4.64077794e+01
v 6.69953774e+03 7.02022704e+03 4.77933240e+01
v 6.69087641e+03 7.03174189e+03 4.35190462e+01
v 6.69619029e+03 7.04428039e+03 4.30543410e+01
v 6.69400342e+03 7.05601865e+03 4.08388473e+01
v 6.69274529e+03 7.04897987e+03 4.40271476e+01
v 6.69406074e+03 7.02773537e+03 4.22600513e+01
v 6.69208470e+03 7.05332013e+03 4.62469570e+01
v 6.70436271e+03 7.04485628e+03 4.40213153e+01
v 6.69720186e+03 7.02636345e+03 4.24432797e+01
v 6.68788992e+03 7.06239187e+03 4.59033718e+01
v 6.69568032e+03 7.05216746e+03 4.34042120e+01
v 6.69324263e+03 7.04635691e+03 4.51221340e+01
v 6.69364918e+03 7.05478677e+03 4.62534025e+01
v 6.69456394e+03 7.05321761e+03 4.32648735e+01
v 6.69873919e+03 7.06147651e+03 4.73861654e+01
v 6.69494561e+03 7.05919278e+03 4.58725010e+01
v 6.68719478e+03 7.06207239e+03 4.61364192e+01
v 6.69017670e+03 7.05939966e+03 4.58724286e+01
v 6.68740621e+03 7.06216208e+03 4.61954424e+01
v 6.68728273e+03 7.06266468e+03 4.52157090e+01
v 6.68759648e+03 7.05936342e+03 4.72951219e+01
v 6.69875373e+03 7.04999555e+03 3.82925882e+01
v 6.69086019e+03 7.04962004e+03 4.32205481e+01
v 6.70552351e+03 7.04176976e+03 5.30363618e+01
v 6.69426278e+03 7.01204800e+03 6.29713081e+01
v 6.69885689e+03 7.00000000e+03 6.15436602e+01
v 6.69819817e+03 7.00000000e+03 6.08640862e+01
v 6.70416736e+03 7.02142742e+03 4.13256657e+01
v 6.70092456e+03 7.02465056e+03 4.14878712e+01
v 6.70000957e+03 7.02811721e+03 4.11198024e+01
v 6.69406170e+03 7.02645276e+03 4.27778164e+01
v 6.69111831e+03 7.04456704e+03 4.34057766e+01
v 6.69057359e+03 7.03914298e+03 4.17661624e+01
v 6.69899182e+03 7.04379556e+03 4.30665732e+01
v 6.70403318e+03 7.04158875e+03 4.16991036e+01
v 6.68963168e+03 7.05181298e+03 4.32128774e+01
v 6.68943678e+03 7.05429603e+03 4.05388553e+01
v 6.69603494e+03 7.05265837e+03 4.30307168e+01
v 6.69685634e+03 7.04914343e+03 4.26434870e+01
v 6.69665551e+03 7.04794641e+03 4.31902268e+01
v 6.69514072e+03 7.05417252e+03 4.04293958e+01
v 6.70071723e+03 7.02853879e+03 3.86818527e+01
v 6.69320558e+03 7.03023408e+03 4.31363760e+01
v 6.68971028e+03 7.03634805e+03 3.96858805e+01
v 6.69951831e+03 7.03026107e+03 3.82916480e+01
v 6.70445258e+03 7.03369614e+03 3.91579305e+01
v 6.69017762e+03 7.03881463e+03 3.92639533e+01
v 6.69201919e+03 7.04048023e+03 4.12313888e+01
v 6.70089164e+03 7.04806667e+03 3.96248887e+01
v 6.69825916e+03 7.04036566e+03 3.77073589e+01
v 6.70683871e+03 7.04169455e+03 3.73392334e+01
v 6.68747576e+03 7.04908800e+03 3.74141481e+01
v 6.69623613e+03 7.05412354e+03 3.97659658e+01
v 6.70512330e+03 7.03190610e+03 3.80627328e+01
v 6.70389897e+03 7.05944756e+03 3.75573547e+01
v 6.70168751e+03 7.05653014e+03 3.74564202e+01
v 6.69463488e+03 7.06116889e+03 3.68692407e+01
v 6.69770100e+03 7.05938864e+03 3.69105761e+01
v 6.70512561e+03 7.05733256e+03 3.78748743e+01
v 6.69500176e+03 7.06279186e+03 3.66192444e+01
v 6.74845536e+03 7.00000000e+03 3.95963117e+01
v 6.74725991e+03 7.00000000e+03 3.98549365e+01
v 6.72744971e+03 7.00000000e+03 5.10424617e+01
v 6.72693145e+03 7.00000000e+03 4.14500896e+01
v 6.72709877e+03 7.00048407e+03 4.15534964e+01
v 6.73641052e+03 7.00000000e+03 3.89801124e+01
v 6.73934294e+03 7.00000000e+03 3.82460423e+01
v 6.74224003e+03 7.00000000e+03 3.77600177e+01
v 6.73158024e+03 7.00000000e+03 3.92787764e+01
v 6.72906648e+03 7.00000000e+03 3.93388854e+01
v 6.73283312e+03 7.00000000e+03 3.97197751e+01
v 6.72764522e+03 7.00000000e+03 4.05608225e+01
v 6.71588704e+03 7.00000000e+03 5.85102610e+01
v 6.72865880e+03 7.00000000e+03 4.74164500e+01
v 6.70616893e+03 7.00000000e+03 6.18016635e+01
v 6.75000000e+03 7.03390616e+03 4.58678800e+01
v 6.75000000e+03 7.03542997e+03 4.75469333e+01
v 6.75000000e+03 7.03645616e+03 4.71345654e+01
v 6.75000000e+03 7.03882068e+03 4.58421887e+01
v 6.75000000e+03 7.04085441e+03 4.83129579e+01
v 6.75000000e+03 7.01395761e+03 3.86454829e+01
v 6.75000000e+03 7.00788668e+03 3.88284534e+01
v 6.75000000e+03 7.00000000e+03 4.41529385e+01
v 6.75000000e+03 7.00000000e+03 4.19982695e+01
v 6.75000000e+03 7.03511492e+03 4.04404009e+01
v 6.75000000e+03 7.02957367e+03 4.10260762e+01
v 6.75000000e+03 7.02024361e+03 3.90971036e+01
v 6.75000000e+03 7.01898212e+03 3.91516197e+01
v 6.75000000e+03 7.04206861e+03 4.68024214e+01
v 6.75000000e+03 7.00264567e+03 4.78062696e+01
v 6.75000000e+03 7.00125387e+03 4.69735004e+01
v 6.75000000e+03 7.05619995e+03 4.23960193e+01
v 6.75000000e+03 7.05296097e+03 4.21410676e+01
v 6.75000000e+03 7.04280508e+03 4.25839120e+01
v 6.75000000e+03 7.00546461e+03 4.06563337e+01
v 6.75000000e+03 7.06133975e+03 4.28276457e+01
v 6.75000000e+03 7.00709379e+03 4.00463452e+01
v 6.75000000e+03 7.00573920e+03 4.01391066e+01
v 6.75000000e+03 7.02599370e+03 3.93684347e+01
v 6.75000000e+03 7.02236233e+03 3.90501404e+01
v 6.71375026e+03 7.01646166e+03 4.19981733e+01
v 6.71707155e+03 7.01708452e+03 4.08219906e+01
v 6.70986218e+03 7.01633307e+03 4.09364052e+01
v 6.70818961e+03 7.01868586e+03 4.07200665e+01
v 6.70913806e+03 7.01934281e+03 4.00201831e+01
v 6.71442863e+03 7.01673233e+03 4.02602933e+01
v 6.70744915e+03 7.01687917e+03 4.07891783e+01
v 6.72141810e+03 7.01642426e+03 4.07214008e+01
v 6.72192543e+03 7.01590605e+03 4.16290342e+01
v 6.72258795e+03 7.00989246e+03 4.13005288e+01
v 6.72290373e+03 7.01221259e+03 4.07872139e+01
v 6.71156722e+03 7.01258761e+03 4.10375232e+01
v 6.72491334e+03 7.00892010e+03 4.08784693e+01
v 6.71310259e+03 7.01117295e+03 4.13248904e+01
v 6.71504403e+03 7.01097878e+03 4.12369648e+01
v 6.72118479e+03 7.01150726e+03 4.20389463e+01
v 6.72336606e+03 7.00689170e+03 4.23786528e+01
v 6.72388712e+03 7.00845096e+03 4.20504253e+01
v 6.72486627e+03 7.00626677e+03 4.23611698e+01
v 6.72564348e+03 7.00478935e+03 4.18604741e+01
v 6.72514438e+03 7.00542005e+03 4.05895842e+01
v 6.72688606e+03 7.00737811e+03 4.07368108e+01
v 6.72725211e+03 7.00779523e+03 4.13416986e+01
v 6.72595154e+03 7.00151020e+03 4.05492969e+01
v 6.72539057e+03 7.00306167e+03 3.98837782e+01
v 6.72788666e+03 7.00371888e+03 4.03823934e+01
v 6.72695273e+03 7.00395956e+03 4.08393720e+01
v 6.72731994e+03 7.00526161e+03 4.02080979e+01
v 6.71439799e+03 7.02267170e+03 4.21341261e+01
v 6.72217556e+03 7.01451433e+03 4.11124347e+01
v 6.71334185e+03 7.01402886e+03 4.08001589e+01
v 6.71384327e+03 7.01524080e+03 4.20250059e+01
v 6.71088982e+03 7.01446938e+03 4.13547105e+01
v 6.71517164e+03 7.01489612e+03 4.04684835e+01
v 6.72394450e+03 7.01355730e+03 4.14319121e+01
v 6.72351703e+03 7.01456722e+03 4.07894101e+01
v 6.72564603e+03 7.00357653e+03 4.14716998e+01
v 6.72100226e+03 7.01255084e+03 4.10765089e+01
v 6.71880664e+03 7.01207019e+03 4.08853941e+01
v 6.72569647e+03 7.00776526e+03 4.04960794e+01
v 6.72713497e+03 7.00749439e+03 3.87352625e+01
v 6.72464577e+03 7.00739055e+03 3.99599105e+01
v 6.72537746e+03 7.01194390e+03 4.07709657e+01
v 6.71492668e+03 7.01340109e+03 3.95196917e+01
v 6.71716830e+03 7.01315004e+03 4.06488282e+01
v 6.71657875e+03 7.01219641e+03 4.21097943e+01
v 6.72617889e+03 7.01210090e+03 4.03923875e+01
v 6.72884304e+03 7.00321554e+03 4.00234185e+01
v 6.72573370e+03 7.00451663e+03 4.29063256e+01
v 6.72613358e+03 7.00194279e+03 4.29478830e+01
v 6.72639403e+03 7.00487524e+03 3.95664771e+01
v 6.72741327e+03 7.00549048e+03 4.15331972e+01
v 6.72220408e+03 7.00643099e+03 4.33698960e+01
v 6.72485486e+03 7.00815554e+03 4.34955564e+01
v 6.72181014e+03 7.01069692e+03 4.07957660e+01
v 6.72632812e+03 7.01054274e+03 3.99147977e+01
v 6.71549766e+03 7.01179691e+03 4.49940529e+01
v 6.72116254e+03 7.01078067e+03 4.29150714e+01
v 6.71571821e+03 7.02306640e+03 3.83279987e+01
v 6.71494476e+03 7.02339698e+03 3.94410654e+01
v 6.70981974e+03 7.01984080e+03 3.85573526e+01
v 6.70724460e+03 7.02211460e+03 3.94519839e+01
v 6.70895670e+03 7.02316093e+03 3.88240166e+01
v 6.71182985e+03 7.02203594e+03 3.83366203e+01
v 6.71280055e+03 7.02544283e+03 3.80209364e+01
v 6.71424321e+03 7.02746764e+03 3.86674112e+01
v 6.71157055e+03 7.02865428e+03 3.85520115e+01
v 6.70767764e+03 7.03002765e+03 3.78131413e+01
v 6.71129977e+03 7.01905811e+03 4.05353239e+01
v 6.71267936e+03 7.02309651e+03 3.87243796e+01
v 6.70858056e+03 7.05302207e+03 3.79061822e+01
v 6.71176599e+03 7.05334615e+03 3.90277753e+01
v 6.71222295e+03 7.05182287e+03 3.84635654e+01
v 6.71485880e+03 7.05077738e+03 3.86358477e+01
v 6.71439243e+03 7.04855593e+03 3.77063748e+01
v 6.71003560e+03 7.05539771e+03 3.86289704e+01
v 6.71444605e+03 7.05145295e+03 3.84525834e+01
v 6.71137610e+03 7.05633381e+03 3.88433236e+01
v 6.71149359e+03 7.05422362e+03 3.84538291e+01
v 6.71315507e+03 7.05434120e+03 3.93528792e+01
v 6.71219642e+03 7.05600923e+03 3.83376195e+01
v 6.71377592e+03 7.05581832e+03 3.91740031e+01
v 6.71399075e+03 7.05215740e+03 3.90438386e+01
v 6.71110184e+03 7.03019634e+03 3.80060618e+01
v 6.71347181e+03 7.02957885e+03 3.83458536e+01
v 6.71680803e+03 7.02648546e+03 3.78402838e+01
v 6.72959206e+03 7.04546275e+03 4.05194629e+01
v 6.72806894e+03 7.05460881e+03 4.10277679e+01
v 6.72634796e+03 7.05261517e+03 3.90935743e+01
v 6.71289249e+03 7.04960520e+03 3.79453302e+01
v 6.70682777e+03 7.05219021e+03 3.82007586e+01
v 6.70611188e+03 7.05572754e+03 3.75811462e+01
v 6.70731275e+03 7.05013330e+03 3.74979382e+01
v 6.70871703e+03 7.04618563e+03 3.74507689e+01
v 6.71126580e+03 7.04769099e+03 3.81160898e+01
v 6.71468236e+03 7.05410063e+03 3.99043168e+01
v 6.71529455e+03 7.05522234e+03 3.95677718e+01
v 6.71000513e+03 7.04514721e+03 3.74361905e+01
v 6.71084128e+03 7.03330677e+03 3.79853795e+01
v 6.71443159e+03 7.03783147e+03 3.74189013e+01
v 6.70709647e+03 7.03834195e+03 3.78289668e+01
v 6.71655430e+03 7.04293191e+03 3.77074229e+01
v 6.71336427e+03 7.03167330e+03 3.75320820e+01
v 6.72546768e+03 7.01166029e+03 3.80238118e+01
v 6.73321568e+03 7.00956146e+03 3.80667560e+01
v 6.72559440e+03 7.00685578e+03 3.85987902e+01
v 6.72711992e+03 7.00591832e+03 3.93546544e+01
v 6.71116066e+03 7.01731418e+03 4.04205020e+01
v 6.72104981e+03 7.01611263e+03 3.84618616e+01
v 6.72035469e+03 7.01922095e+03 3.79650013e+01
v 6.70886178e+03 7.01620229e+03 4.27803133e+01
v 6.71920257e+03 7.01837906e+03 4.00459252e+01
v 6.72779422e+03 7.03081409e+03 4.04173661e+01
v 6.72997779e+03 7.02954456e+03 4.01542764e+01
v 6.72191755e+03 7.03674692e+03 3.90617260e+01
v 6.72014281e+03 7.03690583e+03 4.09257205e+01
v 6.72214752e+03 7.03854935e+03 3.95298776e+01
v 6.72569109e+03 7.03660513e+03 3.92104467e+01
v 6.72065008e+03 7.04026853e+03 3.93848142e+01
v 6.71360924e+03 7.02181249e+03 4.04164362e+01
v 6.72858527e+03 7.02830900e+03 4.04750513e+01
v 6.72699220e+03 7.03012788e+03 4.00008609e+01
v 6.72771755e+03 7.03213237e+03 3.94085612e+01
v 6.72629328e+03 7.03132574e+03 3.88151077e+01
v 6.72570126e+03 7.03401167e+03 3.93444408e+01
v 6.72277100e+03 7.03528499e+03 3.92862945e+01
v 6.72474291e+03 7.03079829e+03 3.90713601e+01
v 6.72227308e+03 7.03192048e+03 3.90226709e+01
v 6.72071681e+03 7.03367906e+03 3.89525500e+01
v 6.71599906e+03 7.02124139e+03 3.82388597e+01
v 6.71946450e+03 7.03557422e+03 3.90790482e+01
v 6.71778632e+03 7.02092301e+03 3.99102188e+01
v 6.72502904e+03 7.02840362e+03 3.89049756e+01
v 6.72448715e+03 7.03985074e+03 3.91603949e+01
v 6.72714616e+03 7.04155009e+03 3.84936787e+01
v 6.72429554e+03 7.04118611e+03 3.96433453e+01
v 6.72720267e+03 7.04289066e+03 3.92074998e+01
v 6.72936006e+03 7.03964110e+03 3.86806796e+01
v 6.72387515e+03 7.04329013e+03 3.94423628e+01
v 6.73056154e+03 7.03920289e+03 3.90174663e+01
v 6.72924927e+03 7.04371422e+03 3.91131200e+01
v 6.72841573e+03 7.04787289e+03 3.96497844e+01
v 6.72549623e+03 7.03291978e+03 3.85960560e+01
v 6.72290059e+03 7.03005379e+03 3.84373669e+01
v 6.72822175e+03 7.02846621e+03 3.81934359e+01
v 6.72809794e+03 7.03173307e+03 3.79197439e+01
v 6.72942700e+03 7.03273802e+03 3.83255126e+01
v 6.71611772e+03 7.05261360e+03 3.94559456e+01
v 6.71753923e+03 7.05427135e+03 3.89322137e+01
v 6.72589987e+03 7.04402931e+03 3.95414292e+01
v 6.72431346e+03 7.04779371e+03 3.87753631e+01
v 6.72319183e+03 7.04935206e+03 3.87513812e+01
v 6.72532563e+03 7.05417472e+03 3.91925919e+01
v 6.72567635e+03 7.04696622e+03 3.81626858e+01
v 6.72192259e+03 7.04458844e+03 3.78459689e+01
v 6.71877693e+03 7.03878502e+03 3.96040047e+01
v 6.71736455e+03 7.03708331e+03 3.84009541e+01
v 6.71724446e+03 7.04135497e+03 3.85137303e+01
v 6.71821505e+03 7.04260654e+03 3.86601197e+01
v 6.71692651e+03 7.04246028e+03 3.93568802e+01
v 6.71718589e+03 7.05679419e+03 3.91312813e+01
v 6.71729811e+03 7.05226438e+03 3.80981394e+01
v 6.72896940e+03 7.04016938e+03 3.96088482e+01
v 6.72773676e+03 7.05679286e+03 4.07957509e+01
v 6.72860456e+03 7.04560519e+03 3.95658278e+01
v 6.72543861e+03 7.04541158e+03 3.94049879e+01
v 6.72660391e+03 7.05339660e+03 3.87012690e+01
v 6.73053266e+03 7.03442495e+03 3.88884702e+01
v 6.73039075e+03 7.03708904e+03 3.84065876e+01
v 6.72295698e+03 7.04836341e+03 3.77600570e+01
v 6.72585691e+03 7.02987006e+03 3.79398585e+01
v 6.72757582e+03 7.02718543e+03 3.81261015e+01
v 6.72755250e+03 7.05160768e+03 3.80184213e+01
v 6.72988691e+03 7.04804486e+03 3.89551494e+01
v 6.73164645e+03 7.03107712e+03 3.77591313e+01
v 6.72967917e+03 7.02948520e+03 3.79648696e+01
v 6.72945120e+03 7.04904464e+03 3.78379470e+01
v 6.72752276e+03 7.04934619e+03 3.81493680e+01
v 6.72562022e+03 7.04453576e+03 3.79602275e+01
v 6.72125753e+03 7.04924418e+03 3.85841705e+01
v 6.72489926e+03 7.04835439e+03 3.81042934e+01
v 6.72267855e+03 7.02737703e+03 3.76374420e+01
v 6.72862943e+03 7.02526802e+03 3.80846183e+01
v 6.72646772e+03 7.02555606e+03 3.80344301e+01
v 6.72733834e+03 7.02437236e+03 3.79008451e+01
v 6.72595861e+03 7.02447813e+03 3.77651935e+01
v 6.72712029e+03 7.02478036e+03 3.96437606e+01
v 6.71876545e+03 7.02329093e+03 3.77512804e+01
v 6.71859324e+03 7.02122190e+03 3.78440917e+01
v 6.71716541e+03 7.02412782e+03 3.84353706e+01
v 6.71737475e+03 7.02341518e+03 3.89643240e+01
v 6.72615376e+03 7.02455789e+03 3.96838392e+01
v 6.71861019e+03 7.02246239e+03 3.88949707e+01
v 6.71910714e+03 7.04609354e+03 3.80432044e+01
v 6.71346802e+03 7.01935913e+03 4.20255572e+01
v 6.71648802e+03 7.03952193e+03 3.75759093e+01
v 6.72051335e+03 7.05733366e+03 3.87764553e+01
v 6.71837556e+03 7.05717282e+03 3.95216017e+01
v 6.72098485e+03 7.05229655e+03 3.89853908e+01
v 6.72653933e+03 7.04983396e+03 3.88447985e+01
v 6.70816512e+03 7.06086924e+03 3.88733306e+01
v 6.70917460e+03 7.06000858e+03 3.90708887e+01
v 6.70713496e+03 7.05934268e+03 3.78705101e+01
v 6.70819889e+03 7.05794221e+03 3.89872483e+01
v 6.70956095e+03 7.05832916e+03 3.88392672e+01
v 6.70992166e+03 7.05760363e+03 3.85218301e+01
v 6.71268655e+03 7.05739183e+03 3.88803934e+01
v 6.71518157e+03 7.05791703e+03 3.94906086e+01
v 6.71698049e+03 7.05999642e+03 4.07934204e+01
v 6.71824939e+03 7.05907625e+03 3.92727772e+01
v 6.71721250e+03 7.06280945e+03 3.96635421e+01
v 6.71664052e+03 7.06130395e+03 3.92978984e+01
v 6.71399001e+03 7.06223400e+03 3.96566554e+01
v 6.71809044e+03 7.06127749e+03 3.94048582e+01
v 6.71938832e+03 7.06212425e+03 3.94608801e+01
v 6.71593541e+03 7.05935021e+03 3.92690493e+01
v 6.71962354e+03 7.05923681e+03 3.95917771e+01
v 6.72439436e+03 7.05918492e+03 3.90387062e+01
v 6.72299417e+03 7.06175945e+03 3.93808805e+01
v 6.72529500e+03 7.06010905e+03 4.04636084e+01
v 6.72935089e+03 7.06186205e+03 4.07269323e+01
v 6.71151503e+03 7.06088789e+03 3.90142096e+01
v 6.71184504e+03 7.05849150e+03 3.96039420e+01
v 6.71029130e+03 7.06039652e+03 3.93045633e+01
v 6.70909387e+03 7.06008672e+03 4.17212154e+01
v 6.70990420e+03 7.06153157e+03 4.03259443e+01
v 6.71035642e+03 7.05925423e+03 4.13559518e+01
v 6.71146270e+03 7.06235764e+03 3.94693717e+01
v 6.71081132e+03 7.06177977e+03 4.02490272e+01
v 6.71386552e+03 7.05919236e+03 3.95964507e+01
v 6.71397158e+03 7.05688780e+03 3.96615692e+01
v 6.71101788e+03 7.05998594e+03 4.06311778e+01
v 6.70880482e+03 7.05751755e+03 4.34087016e+01
v 6.71115547e+03 7.06128987e+03 4.22326208e+01
v 6.72973208e+03 7.04997853e+03 4.39021668e+01
v 6.70948417e+03 7.06252859e+03 4.11561670e+01
v 6.70985909e+03 7.06189248e+03 4.24590850e+01
v 6.71043322e+03 7.06062691e+03 4.31489900e+01
v 6.70936046e+03 7.05996572e+03 4.50136515e+01
v 6.70681629e+03 7.05819947e+03 4.35735032e+01
v 6.70493992e+03 7.05680074e+03 4.30909052e+01
v 6.73097413e+03 7.06043247e+03 4.10038928e+01
v 6.72886017e+03 7.05896086e+03 4.09409739e+01
v 6.74232796e+03 7.05689463e+03 5.08304534e+01
v 6.73880355e+03 7.05566553e+03 4.88043304e+01
v 6.74370988e+03 7.01630058e+03 4.31582461e+01
v 6.74357786e+03 7.01776444e+03 4.24407298e+01
v 6.73894638e+03 7.02019193e+03 4.07203218e+01
v 6.73699747e+03 7.01974494e+03 4.12731176e+01
v 6.73463488e+03 7.05327449e+03 4.26579932e+01
v 6.73821935e+03 7.05145517e+03 4.25646744e+01
v 6.70880850e+03 7.01646292e+03 4.52111401e+01
v 6.73785022e+03 7.03702810e+03 4.39223527e+01
v 6.73833288e+03 7.03823470e+03 4.56016993e+01
v 6.70622975e+03 7.03070930e+03 5.00242617e+01
v 6.71238047e+03 7.02793799e+03 4.64169808e+01
v 6.71198882e+03 7.03014379e+03 4.63176773e+01
v 6.71436029e+03 7.02127706e+03 4.28707225e+01
v 6.71437870e+03 7.01125705e+03 4.66506514e+01
v 6.73155228e+03 7.05780512e+03 4.34024387e+01
v 6.70692196e+03 7.01652939e+03 5.67144893e+01
v 6.74532984e+03 7.01695523e+03 4.97394850e+01
v 6.74633481e+03 7.01806171e+03 5.12063264e+01
v 6.73566277e+03 7.03742124e+03 5.21779147e+01
v 6.73707705e+03 7.03772606e+03 5.12105418e+01
v 6.73603700e+03 7.03748666e+03 4.96172106e+01
v 6.73508304e+03 7.03674982e+03 5.10569952e+01
v 6.74575962e+03 7.01867692e+03 5.26328718e+01
v 6.74622828e+03 7.03517728e+03 4.73718835e+01
v 6.74611939e+03 7.03485163e+03 4.63786537e+01
v 6.74784460e+03 7.03980483e+03 4.75514506e+01
v 6.74887986e+03 7.04079129e+03 4.75600109e+01
v 6.74709243e+03 7.03778397e+03 4.61164363e+01
v 6.74740160e+03 7.03698913e+03 4.62645914e+01
v 6.74937914e+03 7.03972638e+03 4.74543851e+01
v 6.74592887e+03 7.03744338e+03 4.68940683e+01
v 6.74502381e+03 7.03610757e+03 4.74156823e+01
v 6.74759748e+03 7.03606222e+03 4.73081175e+01
v 6.74808336e+03 7.03316790e+03 4.57830810e+01
v 6.74680966e+03 7.03950000e+03 4.63658319e+01
v 6.74414089e+03 7.05990851e+03 4.88267096e+01
v 6.74400633e+03 7.05378544e+03 4.88867066e+01
v 6.74591156e+03 7.05870098e+03 4.89149609e+01
v 6.74119380e+03 7.05329167e+03 4.87872165e+01
v 6.73243378e+03 7.05713001e+03 4.69592116e+01
v 6.73078125e+03 7.05653200e+03 4.75185269e+01
v 6.73980223e+03 7.04955292e+03 4.34472702e+01
v 6.73795653e+03 7.04979386e+03 4.36639420e+01
v 6.73599069e+03 7.03710336e+03 4.79349619e+01
v 6.73655691e+03 7.03768029e+03 4.74050017e+01
v 6.73533056e+03 7.03694747e+03 4.72293227e+01
v 6.74494244e+03 7.01706719e+03 4.77308376e+01
v 6.74470170e+03 7.01902672e+03 4.78066138e+01
v 6.74491128e+03 7.01850092e+03 4.96512837e+01
v 6.74574183e+03 7.01759489e+03 4.88224556e+01
v 6.74539084e+03 7.01636630e+03 4.70816218e+01
v 6.74647583e+03 7.01786581e+03 4.60947197e+01
v 6.74678747e+03 7.01774049e+03 4.77327093e+01
v 6.74905140e+03 7.00272567e+03 4.69492304e+01
v 6.74645355e+03 7.01715383e+03 4.51501959e+01
v 6.74588435e+03 7.01881107e+03 4.73207419e+01
v 6.74547370e+03 7.01994305e+03 4.59894348e+01
v 6.74563819e+03 7.01881093e+03 4.97852857e+01
v 6.74542208e+03 7.02016384e+03 4.78031671e+01
v 6.73166339e+03 7.05517570e+03 4.45612607e+01
v 6.73311605e+03 7.05740442e+03 4.35742843e+01
v 6.73348378e+03 7.05581917e+03 4.38599730e+01
v 6.74399769e+03 7.01673210e+03 4.67742258e+01
v 6.74619475e+03 7.01888162e+03 4.47617071e+01
v 6.74647673e+03 7.02002101e+03 4.56415374e+01
v 6.74655952e+03 7.01787996e+03 4.30451083e+01
v 6.72995461e+03 7.04647566e+03 4.54361935e+01
v 6.73540434e+03 7.05175971e+03 4.37823569e+01
v 6.73370505e+03 7.05275604e+03 4.37654402e+01
v 6.74177747e+03 7.05344885e+03 4.43198252e+01
v 6.74133933e+03 7.05582601e+03 4.37000616e+01
v 6.74096010e+03 7.05928371e+03 4.41641546e+01
v 6.74344808e+03 7.06046095e+03 4.37464760e+01
v 6.74565416e+03 7.05848821e+03 4.38130143e+01
v 6.74107044e+03 7.05723254e+03 4.36623193e+01
v 6.73112282e+03 7.04800128e+03 4.55636182e+01
v 6.72970934e+03 7.04955102e+03 4.56576674e+01
v 6.73074840e+03 7.05217616e+03 4.48345234e+01
v 6.73175548e+03 7.05260652e+03 4.38275724e+01
v 6.73058400e+03 7.05237991e+03 4.36966577e+01
v 6.73179706e+03 7.05333288e+03 4.53172591e+01
v 6.73962569e+03 7.05488369e+03 4.39136827e+01
v 6.73030558e+03 7.05155743e+03 4.52848263e+01
v 6.73916419e+03 7.03705987e+03 4.54999869e+01
v 6.73676856e+03 7.03777606e+03 4.53459052e+01
v 6.74446940e+03 7.03331266e+03 4.45520372e+01
v 6.74526119e+03 7.03348730e+03 4.71796584e+01
v 6.74340672e+03 7.03432468e+03 4.47897813e+01
v 6.74060077e+03 7.02849068e+03 4.19177202e+01
v 6.74051691e+03 7.02852514e+03 4.03184398e+01
v 6.73710640e+03 7.03578472e+03 4.37384771e+01
v 6.73744221e+03 7.03719029e+03 4.54611875e+01
v 6.73644323e+03 7.03742367e+03 4.36611368e+01
v 6.73251315e+03 7.05598162e+03 4.65142225e+01
v 6.74200368e+03 7.05176535e+03 4.26745870e+01
v 6.74731571e+03 7.03892609e+03 4.37955400e+01
v 6.74760778e+03 7.05589285e+03 4.26639182e+01
v 6.74604408e+03 7.05699403e+03 4.39780316e+01
v 6.74741435e+03 7.00348655e+03 4.37874581e+01
v 6.74885307e+03 7.00168588e+03 4.50088869e+01
v 6.74875309e+03 7.00421901e+03 4.49567412e+01
v 6.75000000e+03 7.00066599e+03 4.49038353e+01
v 6.74822828e+03 7.00099716e+03 4.39238344e+01
v 6.74758712e+03 7.00452271e+03 4.50184524e+01
v 6.73384533e+03 7.05986600e+03 4.28465779e+01
v 6.74826407e+03 7.04627715e+03 4.49920260e+01
v 6.74884051e+03 7.04813107e+03 4.23958032e+01
v 6.74796382e+03 7.04595510e+03 4.24522632e+01
v 6.74896620e+03 7.04559372e+03 4.27023736e+01
v 6.74854258e+03 7.05546041e+03 4.36976536e+01
v 6.74760484e+03 7.05029276e+03 4.24525846e+01
v 6.74651570e+03 7.04824788e+03 4.25195906e+01
v 6.74338499e+03 7.05072022e+03 4.36574786e+01
v 6.74219135e+03 7.04880048e+03 4.27915003e+01
v 6.74378007e+03 7.04771954e+03 4.23466661e+01
v 6.75000000e+03 7.04478038e+03 4.25374262e+01
v 6.74581615e+03 7.05297459e+03 4.28425624e+01
v 6.74811991e+03 7.05258106e+03 4.31319772e+01
v 6.74663654e+03 7.05279985e+03 4.33037037e+01
v 6.74696888e+03 7.04733275e+03 4.36241905e+01
v 6.74776976e+03 7.04639110e+03 4.39718071e+01
v 6.74547513e+03 7.05521717e+03 4.39855349e+01
v 6.74704104e+03 7.05202429e+03 4.26847154e+01
v 6.74439489e+03 7.04306687e+03 4.34510512e+01
v 6.74561336e+03 7.03399025e+03 4.25022084e+01
v 6.74189763e+03 7.04626498e+03 4.21415080e+01
v 6.74302200e+03 7.04377863e+03 4.23263975e+01
v 6.74488801e+03 7.01682694e+03 4.20748869e+01
v 6.74458318e+03 7.01696919e+03 4.12020768e+01
v 6.73577150e+03 7.03592155e+03 4.35696140e+01
v 6.73554366e+03 7.03724965e+03 4.05058851e+01
v 6.74595448e+03 7.01919970e+03 4.28006095e+01
v 6.73514393e+03 7.05088325e+03 4.31570505e+01
v 6.73970623e+03 7.05016631e+03 4.39250362e+01
v 6.74009911e+03 7.04594527e+03 4.23346760e+01
v 6.73466815e+03 7.01755994e+03 4.21210866e+01
v 6.73426794e+03 7.01871951e+03 4.23230720e+01
v 6.73827895e+03 7.03796595e+03 4.10265528e+01
v 6.73995422e+03 7.04832403e+03 4.16883285e+01
v 6.73969409e+03 7.04942578e+03 4.05339367e+01
v 6.73564752e+03 7.03611974e+03 4.09494543e+01
v 6.74098748e+03 7.04880438e+03 4.39294595e+01
v 6.74156425e+03 7.04790240e+03 4.27591199e+01
v 6.73431449e+03 7.05725778e+03 4.25822994e+01
v 6.73742215e+03 7.04968367e+03 4.04207849e+01
v 6.73410881e+03 7.05182277e+03 4.22855178e+01
v 6.73766984e+03 7.05407969e+03 4.25157317e+01
v 6.73322884e+03 7.05329378e+03 4.12652459e+01
v 6.73771830e+03 7.03703091e+03 4.10863377e+01
v 6.73936845e+03 7.04508585e+03 4.16998379e+01
v 6.74153000e+03 7.04378645e+03 4.22852672e+01
v 6.73809763e+03 7.04780456e+03 4.10733875e+01
v 6.74011743e+03 7.04422833e+03 4.06577521e+01
v 6.73342457e+03 7.05054312e+03 4.20616043e+01
v 6.74418719e+03 7.04166921e+03 4.02420138e+01
v 6.73905815e+03 7.04509693e+03 4.05608116e+01
v 6.74258278e+03 7.04070212e+03 4.01824367e+01
v 6.74380222e+03 7.03953074e+03 4.09650550e+01
v 6.73639155e+03 7.03818162e+03 4.06643546e+01
v 6.73990009e+03 7.03686985e+03 4.12187593e+01
v 6.74033125e+03 7.03581256e+03 4.04869088e+01
v 6.73787716e+03 7.04651557e+03 4.06232937e+01
v 6.74097873e+03 7.04234372e+03 4.04986903e+01
v 6.73906201e+03 7.03795719e+03 4.04813276e+01
v 6.73509188e+03 7.01821207e+03 4.26168451e+01
v 6.73151319e+03 7.04243663e+03 4.05063136e+01
v 6.73393988e+03 7.04151493e+03 4.06855919e+01
v 6.73364587e+03 7.03960827e+03 4.04931948e+01
v 6.73101296e+03 7.04139158e+03 3.91451150e+01
v 6.73126950e+03 7.04527548e+03 4.08905695e+01
v 6.73209573e+03 7.04298189e+03 4.04669743e+01
v 6.73916763e+03 7.02808357e+03 4.01717780e+01
v 6.74180630e+03 7.01967833e+03 4.03869630e+01
v 6.74183032e+03 7.01774546e+03 4.13196313e+01
v 6.74913492e+03 7.03420194e+03 3.97090660e+01
v 6.74846363e+03 7.03281172e+03 4.11982380e+01
v 6.74819507e+03 7.03151744e+03 4.06085414e+01
v 6.74749665e+03 7.03079735e+03 4.11566598e+01
v 6.75000000e+03 7.03148191e+03 3.99384455e+01
v 6.74842233e+03 7.02654890e+03 4.11862404e+01
v 6.74494833e+03 7.03034833e+03 3.94030911e+01
v 6.74474208e+03 7.02745211e+03 4.02760503e+01
v 6.73483622e+03 7.01821211e+03 4.04361951e+01
v 6.73520907e+03 7.01828906e+03 4.08011953e+01
v 6.73525305e+03 7.01803477e+03 4.04730196e+01
v 6.74653236e+03 7.02562909e+03 4.01635315e+01
v 6.74353550e+03 7.02973678e+03 4.03384805e+01
v 6.74040111e+03 7.03038752e+03 4.03269963e+01
v 6.74908118e+03 7.02935011e+03 4.04084738e+01
v 6.74549264e+03 7.01912826e+03 3.98735820e+01
v 6.73588429e+03 7.01936014e+03 4.19113977e+01
v 6.74599396e+03 7.01751006e+03 4.07055223e+01
v 6.74272836e+03 7.02710230e+03 4.06573210e+01
v 6.74173533e+03 7.01728226e+03 4.02332493e+01
v 6.75000000e+03 7.01932459e+03 4.20486927e+01
v 6.75000000e+03 7.01961695e+03 4.21569298e+01
v 6.75000000e+03 7.01918262e+03 4.20997975e+01
v 6.74297479e+03 7.01858229e+03 4.15944072e+01
v 6.74550994e+03 7.02743386e+03 4.14296876e+01
v 6.74658925e+03 7.02883691e+03 4.16832126e+01
v 6.74330183e+03 7.02461411e+03 4.03055614e+01
v 6.73934515e+03 7.02775371e+03 4.18765206e+01
v 6.73582470e+03 7.02009655e+03 4.07148673e+01
v 6.74843920e+03 7.00179296e+03 4.19261851e+01
v 6.73943616e+03 7.01791318e+03 4.10484669e+01
v 6.73890564e+03 7.01752195e+03 4.14551231e+01
v 6.73531997e+03 7.00587683e+03 3.80101992e+01
v 6.73689974e+03 7.01572061e+03 3.80556846e+01
v 6.73603169e+03 7.01729192e+03 3.88578959e+01
v 6.73684719e+03 7.01630920e+03 4.02901159e+01
v 6.73441010e+03 7.01848233e+03 3.87255640e+01
v 6.73763375e+03 7.00630004e+03 3.77319228e+01
v 6.74558022e+03 7.00000000e+03 3.84121679e+01
v 6.74437742e+03 7.00216870e+03 3.80793798e+01
v 6.74494297e+03 7.00391663e+03 3.82651011e+01
v 6.74743234e+03 7.00203481e+03 3.86829974e+01
v 6.74786657e+03 7.01298190e+03 3.85781697e+01
v 6.75000000e+03 7.00442541e+03 3.85127307e+01
v 6.74765110e+03 7.00719711e+03 3.90845571e+01
v 6.74492456e+03 7.00270946e+03 3.98583880e+01
v 6.75000000e+03 7.01569284e+03 3.95318556e+01
v 6.74881167e+03 7.01687979e+03 3.97172575e+01
v 6.75000000e+03 7.01734665e+03 3.93153097e+01
v 6.74843586e+03 7.01808605e+03 3.91416031e+01
v 6.75000000e+03 7.00251616e+03 3.87500471e+01
v 6.74745578e+03 7.01621006e+03 3.89691070e+01
v 6.74753066e+03 7.01464228e+03 3.96046132e+01
v 6.74527219e+03 7.01602863e+03 3.93094478e+01
v 6.74571471e+03 7.00253827e+03 3.90628510e+01
v 6.74674323e+03 7.00062586e+03 3.94527061e+01
v 6.73977322e+03 7.01642723e+03 4.00692284e+01
v 6.74628938e+03 7.01760343e+03 3.93789428e+01
v 6.73872468e+03 7.02695269e+03 4.03660389e+01
v 6.74037942e+03 7.02369862e+03 4.04295429e+01
v 6.73521049e+03 7.03638055e+03 3.92432054e+01
v 6.73342832e+03 7.03803173e+03 3.90919575e+01
v 6.73427863e+03 7.03307433e+03 4.10021227e+01
v 6.73752452e+03 7.01752937e+03 4.05687167e+01
v 6.73445586e+03 7.02035565e+03 4.02564135e+01
v 6.73609677e+03 7.02192579e+03 4.01426191e+01
v 6.73676820e+03 7.03764737e+03 3.88614935e+01
v 6.73408170e+03 7.02107970e+03 3.87077800e+01
v 6.73211690e+03 7.03591348e+03 3.92688444e+01
v 6.73426187e+03 7.03526260e+03 3.91554074e+01
v 6.73269680e+03 7.03552988e+03 3.88018580e+01
v 6.73514617e+03 7.03543599e+03 3.84543132e+01
v 6.73741123e+03 7.04595441e+03 3.77848270e+01
v 6.73200925e+03 7.04919593e+03 3.88780986e+01
v 6.73837202e+03 7.04440774e+03 3.98123575e+01
v 6.73310742e+03 7.04265247e+03 3.77482660e+01
v 6.73589128e+03 7.03535791e+03 3.78409269e+01
v 6.73917994e+03 7.03778633e+03 3.78581255e+01
v 6.73623172e+03 7.03889534e+03 3.77848225e+01
v 6.73547318e+03 7.04873690e+03 3.78888753e+01
v 6.73137917e+03 7.04501727e+03 3.84035582e+01
v 6.74157771e+03 7.04239984e+03 4.14755382e+01
v 6.74242568e+03 7.04234721e+03 4.03502399e+01
v 6.74169186e+03 7.04023787e+03 3.94937799e+01
v 6.73949422e+03 7.03875207e+03 3.89524267e+01
v 6.74113505e+03 7.02884692e+03 3.80819090e+01
v 6.74565140e+03 7.03452898e+03 3.94649770e+01
v 6.73048599e+03 7.04703515e+03 3.76537008e+01
v 6.74054151e+03 7.02086448e+03 3.89799724e+01
v 6.74577789e+03 7.03211170e+03 3.91831145e+01
v 6.74257116e+03 7.03159668e+03 4.03364634e+01
v 6.74124720e+03 7.02721770e+03 4.22050529e+01
v 6.73889863e+03 7.02778312e+03 3.84216453e+01
v 6.74001234e+03 7.02721226e+03 4.25937365e+01
v 6.74641566e+03 7.02547068e+03 3.90403766e+01
v 6.74631873e+03 7.01975055e+03 3.91034960e+01
v 6.74901333e+03 7.01915411e+03 3.90614463e+01
v 6.74898930e+03 7.02546759e+03 3.90165446e+01
v 6.74780659e+03 7.03367472e+03 3.99823426e+01
v 6.74852872e+03 7.02377107e+03 3.92357766e+01
v 6.74342941e+03 7.02470816e+03 3.78246765e+01
v 6.74254232e+03 7.03182706e+03 3.86341018e+01
v 6.74310555e+03 7.03048514e+03 3.85503047e+01
v 6.74558820e+03 7.02348335e+03 3.88363129e+01
v 6.73967581e+03 7.02533132e+03 3.87426844e+01
v 6.74076274e+03 7.02368928e+03 3.81372910e+01
v 6.74517912e+03 7.02470414e+03 3.79763674e+01
v 6.73876261e+03 7.03603387e+03 3.88720661e+01
v 6.74084120e+03 7.03597571e+03 3.84275900e+01
v 6.73690985e+03 7.03178403e+03 3.85573555e+01
v 6.73858322e+03 7.03103687e+03 3.78147362e+01
v 6.73090553e+03 7.03437868e+03 3.79103882e+01
v 6.73233239e+03 7.03331505e+03 3.83371573e+01
v 6.73619207e+03 7.03177172e+03 3.79113487e+01
v 6.73583923e+03 7.02238475e+03 3.87429741e+01
v 6.73560394e+03 7.02496935e+03 3.77428613e+01
v 6.73248397e+03 7.02879884e+03 3.82410455e+01
v 6.74412400e+03 7.02243429e+03 3.81778704e+01
v 6.73076879e+03 7.02685185e+03 3.79180728e+01
v 6.73046596e+03 7.02499686e+03 3.85881047e+01
v 6.73189876e+03 7.02235100e+03 3.86038828e+01
v 6.73304174e+03 7.02339667e+03 3.75801430e+01
v 6.73183012e+03 7.02103964e+03 3.86023941e+01
v 6.74110699e+03 7.03477632e+03 3.88906079e+01
v 6.73934463e+03 7.04360279e+03 3.80684785e+01
v 6.73364846e+03 7.04632536e+03 3.79896351e+01
v 6.74069201e+03 7.03437234e+03 3.77878989e+01
v 6.73910466e+03 7.02389552e+03 3.80052745e+01
v 6.73846334e+03 7.02952346e+03 3.84819198e+01
v 6.73459779e+03 7.02914012e+03 3.78840988e+01
v 6.73223504e+03 7.04803417e+03 3.77770055e+01
v 6.73434085e+03 7.03068306e+03 3.83038095e+01
v 6.73621381e+03 7.06111031e+03 4.36461317e+01
v 6.73508694e+03 7.06239830e+03 4.22613431e+01
v 6.73911075e+03 7.05761986e+03 4.38548553e+01
v 6.74421424e+03 7.06256032e+03 4.24666680e+01
v 6.74727318e+03 7.05986218e+03 4.25954035e+01
v 6.74793137e+03 7.05931166e+03 4.36379631e+01
v 6.74868909e+03 7.06010616e+03 4.27552215e+01
v 6.73361960e+03 7.06133119e+03 4.25495617e+01
v 6.68700001e+03 7.06134848e+03 3.68072795e+01
v 6.68700001e+03 7.06030296e+03 3.70910456e+01
v 6.68700001e+03 7.05954215e+03 3.67346191e+01
v 6.68700001e+03 7.04391687e+03 3.79065768e+01
v 6.68700001e+03 7.04058543e+03 3.82319907e+01
v 6.68700001e+03 7.04058434e+03 3.82322747e+01
v 6.68700001e+03 7.04434742e+03 3.79578078e+01
v 6.68700001e+03 7.04694131e+03 3.86399028e+01
v 6.68700001e+03 7.04754712e+03 3.81958872e+01
v 6.68700001e+03 7.05656196e+03 3.72239104e+01
v 6.68700001e+03 7.05489325e+03 3.72470387e+01
v 6.68700001e+03 7.05457780e+03 3.72633560e+01
v 6.68700001e+03 7.05387773e+03 3.71876774e+01
v 6.68700001e+03 7.04058306e+03 3.82322476e+01
v 6.68700001e+03 7.03710170e+03 3.87589643e+01
v 6.68700001e+03 7.03671923e+03 3.88094088e+01
v 6.68700001e+03 7.03579747e+03 3.88912787e+01
v 6.68700001e+03 7.03184844e+03 3.94038559e+01
v 6.68700001e+03 7.02831893e+03 4.01954708e+01
v 6.68700001e+03 7.02674139e+03 4.11587734e+01
v 6.68700001e+03 7.02694663e+03 4.08968788e+01
v 6.68700001e+03 7.02647092e+03 4.14393169e+01
v 6.68700001e+03 7.02701620e+03 4.06493966e+01
v 6.68700001e+03 7.05758525e+03 4.89680718e+01
v 6.68700001e+03 7.05742525e+03 4.80345307e+01
v 6.68700001e+03 7.00237670e+03 6.01721276e+01
v 6.68700001e+03 7.00209793e+03 6.07866403e+01
v 6.68700001e+03 7.05992942e+03 5.08418310e+01
v 6.68700001e+03 7.06052051e+03 5.13021869e+01
v 6.68700001e+03 7.06223689e+03 5.16648104e+01
v 6.68700001e+03 7.06289279e+03 5.10553094e+01
v 6.68700001e+03 7.05947133e+03 4.66031202e+01
v 6.68700001e+03 7.05864188e+03 4.57948571e+01
v 6.68700001e+03 7.05588137e+03 4.82365786e+01
v 6.68700001e+03 7.05563944e+03 4.76783459e+01
v 6.68700001e+03 7.06165297e+03 4.59334720e+01
v 6.68700001e+03 7.06167046e+03 4.60431031e+01
v 6.68700001e+03 7.05847634e+03 4.52651571e+01
v 6.68700001e+03 7.05751281e+03 4.50016555e+01
v 6.68700001e+03 7.06270819e+03 4.82079322e+01
v 6.68700001e+03 7.06286653e+03 4.82159992e+01
v 6.68700001e+03 7.06025997e+03 4.41747429e+01
v 6.68700001e+03 7.06025405e+03 4.45589844e+01
v 6.68700001e+03 7.06039762e+03 4.30848551e+01
v 6.68700001e+03 7.06016257e+03 4.18468758e+01
v 6.68700001e+03 7.03753563e+03 4.77810464e+01
v 6.68700001e+03 7.03792291e+03 4.74395862e+01
v 6.68700001e+03 7.03815614e+03 4.65674380e+01
v 6.68700001e+03 7.03765365e+03 4.65121637e+01
v 6.68700001e+03 7.06123823e+03 5.08111335e+01
v 6.68700001e+03 7.06140975e+03 4.97801676e+01
v 6.68700001e+03 7.05694840e+03 4.80884598e+01
v 6.68700001e+03 7.06191699e+03 4.76078002e+01
v 6.68700001e+03 7.06066033e+03 4.83005155e+01
v 6.68700001e+03 7.03873754e+03 4.65839838e+01
v 6.68700001e+03 7.02238837e+03 4.79536304e+01
v 6.68700001e+03 7.02435301e+03 4.59142124e+01
v 6.68700001e+03 7.02201736e+03 4.85186461e+01
v 6.68700001e+03 7.03723318e+03 4.71522523e+01
v 6.68700001e+03 7.06074667e+03 4.86860112e+01
v 6.68700001e+03 7.05791519e+03 5.01731891e+01
v 6.68700001e+03 7.05876074e+03 5.03467761e+01
v 6.68700001e+03 7.06296408e+03 5.01828133e+01
v 6.68700001e+03 7.06200893e+03 5.23525500e+01
v 6.68700001e+03 7.02160029e+03 6.01521461e+01
v 6.68700001e+03 7.02150425e+03 6.14217613e+01
v 6.68700001e+03 7.02029292e+03 6.24217117e+01
v 6.68700001e+03 7.01987564e+03 6.25762762e+01
v 6.68700001e+03 7.02154812e+03 6.16399475e+01
v 6.68700001e+03 7.00185550e+03 6.13244699e+01
v 6.68700001e+03 7.00175187e+03 6.14158133e+01
v 6.68700001e+03 7.00697383e+03 6.15024559e+01
v 6.68700001e+03 7.00558909e+03 5.96550972e+01
v 6.68700001e+03 7.00912388e+03 6.16465958e+01
v 6.68700001e+03 7.00983071e+03 6.17269963e+01
v 6.68700001e+03 7.00547542e+03 5.95031575e+01
v 6.68700001e+03 7.01201367e+03 6.05989711e+01
v 6.68700001e+03 7.01292154e+03 6.12669838e+01
v 6.68700001e+03 7.01631280e+03 6.10341626e+01
v 6.68700001e+03 7.01648197e+03 6.07233935e+01
v 6.68700001e+03 7.01791359e+03 6.09736292e+01
v 6.68700001e+03 7.01803609e+03 6.12265478e+01
v 6.68700001e+03 7.01671900e+03 6.07036280e+01
v 6.68700001e+03 7.01511430e+03 6.14275640e+01
v 6.68700001e+03 7.01453196e+03 6.13356402e+01
v 6.68700001e+03 7.01919197e+03 6.23682302e+01
v 6.68700001e+03 7.01024298e+03 6.13233468e+01
v 6.68700001e+03 7.00432287e+03 5.89466913e+01
v 6.68700001e+03 7.00541562e+03 5.94406564e+01
v 6.68700001e+03 7.00403989e+03 5.96994218e+01
v 6.68700001e+03 7.00272627e+03 6.01484070e+01
v 6.68700001e+03 7.00253270e+03 6.01228497e+01
v 6.68700001e+03 7.06274988e+03 3.95654299e+01
v 6.68700001e+03 7.06074710e+03 4.06351639e+01
v 6.68700001e+03 7.02521086e+03 4.33262724e+01
v 6.68700001e+03 7.02525292e+03 4.32235550e+01
v 6.68700001e+03 7.02177239e+03 5.41163829e+01
v 6.68700001e+03 7.02186700e+03 5.21462366e+01
v 6.68700001e+03 7.02542089e+03 4.30181954e+01
v 6.68700001e+03 7.04883628e+03 3.74223239e+01
v 6.68700001e+03 7.05724356e+03 4.49493726e+01
v 6.68700001e+03 7.05878132e+03 3.66494996e+01
v 6.68700001e+03 7.04971421e+03 3.73353327e+01
v 6.68700001e+03 7.03757871e+03 4.73961727e+01
v 6.68700001e+03 7.05688887e+03 4.52985635e+01
v 6.68700001e+03 7.06150323e+03 4.58820641e+01
v 6.68700001e+03 7.06273589e+03 4.55076593e+01
v 6.68700001e+03 7.05616483e+03 4.56193926e+01
v 6.68700001e+03 7.06115873e+03 4.92699216e+01
v 6.68700001e+03 7.02196209e+03 5.82389346e+01
v 6.68700001e+03 7.02161912e+03 5.87924641e+01
v 6.68700001e+03 7.01116366e+03 6.05995922e+01
v 6.68700001e+03 7.06280399e+03 3.67244323e+01
v 6.68700001e+03 7.00000000e+03 6.13237912e+01
v 6.70243308e+03 7.06299999e+03 4.35054187e+01
v 6.70202176e+03 7.06299999e+03 4.37380437e+01
v 6.69987495e+03 7.06299999e+03 3.72733912e+01
v 6.70113776e+03 7.06299999e+03 4.05428799e+01
v 6.70257633e+03 7.06299999e+03 4.35030528e+01
v 6.70223778e+03 7.06299999e+03 4.30115176e+01
v 6.70092380e+03 7.06299999e+03 4.20366544e+01
v 6.68700763e+03 7.06299999e+03 4.49433577e+01
v 6.68742221e+03 7.06299999e+03 4.49507915e+01
v 6.70181558e+03 7.06299999e+03 4.07191058e+01
v 6.70119235e+03 7.06299999e+03 4.06843501e+01
v 6.69510173e+03 7.06299999e+03 3.71424825e+01
v 6.69619724e+03 7.06299999e+03 3.72244444e+01
v 6.69644278e+03 7.06299999e+03 3.70250008e+01
v 6.69810839e+03 7.06299999e+03 3.77891928e+01
v 6.69824697e+03 7.06299999e+03 3.77189015e+01
v 6.69904721e+03 7.06299999e+03 3.74868179e+01
v 6.69970793e+03 7.06299999e+03 3.72239476e+01
v 6.69680614e+03 7.06299999e+03 5.24438529e+01
v 6.69700476e+03 7.06299999e+03 5.15849376e+01
v 6.69334991e+03 7.06299999e+03 5.08026480e+01
v 6.69325042e+03 7.06299999e+03 5.07291979e+01
v 6.68722002e+03 7.06299999e+03 5.14240047e+01
v 6.69865931e+03 7.06299999e+03 4.45748675e+01
v 6.69874261e+03 7.06299999e+03 4.48394412e+01
v 6.69919250e+03 7.06299999e+03 4.70664418e+01
v 6.69936317e+03 7.06299999e+03 4.74554477e+01
v 6.68957106e+03 7.06299999e+03 4.56277296e+01
v 6.68970477e+03 7.06299999e+03 4.61808048e+01
v 6.68789206e+03 7.06299999e+03 4.52585995e+01
v 6.70017944e+03 7.06299999e+03 4.44459311e+01
v 6.69924826e+03 7.06299999e+03 4.43055494e+01
v 6.68987944e+03 7.06299999e+03 4.63624465e+01
v 6.69927515e+03 7.06299999e+03 4.76532920e+01
v 6.69325106e+03 7.06299999e+03 5.07010381e+01
v 6.69126054e+03 7.06299999e+03 4.78249542e+01
v 6.69223534e+03 7.06299999e+03 4.92740346e+01
v 6.69117887e+03 7.06299999e+03 4.76004288e+01
v 6.69842789e+03 7.06299999e+03 4.80042277e+01
v 6.69833963e+03 7.06299999e+03 4.84198198e+01
v 6.68706637e+03 7.06299999e+03 5.02502541e+01
v 6.68736291e+03 7.06299999e+03 5.17656208e+01
v 6.69239313e+03 7.06299999e+03 4.94019509e+01
v 6.69313135e+03 7.06299999e+03 5.05612825e+01
v 6.69853371e+03 7.06299999e+03 4.99893267e+01
v 6.69784310e+03 7.06299999e+03 5.10438068e+01
v 6.69780293e+03 7.06299999e+03 5.11472500e+01
v 6.69488428e+03 7.06299999e+03 5.19494100e+01
v 6.69486365e+03 7.06299999e+03 5.16895599e+01
v 6.69557262e+03 7.06299999e+03 5.22915408e+01
v 6.69646228e+03 7.06299999e+03 4.04328257e+01
v 6.69792264e+03 7.06299999e+03 4.24739824e+01
v 6.69642012e+03 7.06299999e+03 4.03097048e+01
v 6.69525365e+03 7.06299999e+03 3.89407626e+01
v 6.68779929e+03 7.06299999e+03 3.86788598e+01
v 6.68811334e+03 7.06299999e+03 3.76533211e+01
v 6.69847074e+03 7.06299999e+03 4.27926032e+01
v 6.69843149e+03 7.06299999e+03 4.35174305e+01
v 6.69982845e+03 7.06299999e+03 4.22809298e+01
v 6.69497844e+03 7.06299999e+03 3.83392332e+01
v 6.69634626e+03 7.06299999e+03 3.70058001e+01
v 6.68850862e+03 7.06299999e+03 4.55944444e+01
v 6.69850028e+03 7.06299999e+03 4.44326577e+01
v 6.68756579e+03 7.06299999e+03 3.70707655e+01
v 6.71684293e+03 7.06299999e+03 3.95760034e+01
v 6.71469353e+03 7.06299999e+03 3.94416195e+01
v 6.71000050e+03 7.06299999e+03 4.27736022e+01
v 6.71007160e+03 7.06299999e+03 4.47077749e+01
v 6.72376610e+03 7.06299999e+03 3.95267799e+01
v 6.72523533e+03 7.06299999e+03 4.02624645e+01
v 6.72957538e+03 7.06299999e+03 4.16215085e+01
v 6.72689301e+03 7.06299999e+03 4.09702878e+01
v 6.70499479e+03 7.06299999e+03 4.32609277e+01
v 6.70717421e+03 7.06299999e+03 4.31922726e+01
v 6.70962951e+03 7.06299999e+03 4.15669628e+01
v 6.70960575e+03 7.06299999e+03 4.11012821e+01
v 6.71218027e+03 7.06299999e+03 3.91625231e+01
v 6.71149887e+03 7.06299999e+03 3.91297429e+01
v 6.71360313e+03 7.06299999e+03 3.96273433e+01
v 6.71047789e+03 7.06299999e+03 3.93839150e+01
v 6.71019591e+03 7.06299999e+03 3.95128183e+01
v 6.72330198e+03 7.06299999e+03 3.95493566e+01
v 6.72218098e+03 7.06299999e+03 3.94507086e+01
v 6.72009950e+03 7.06299999e+03 3.93132947e+01
v 6.71947693e+03 7.06299999e+03 3.94984697e+01
v 6.71723421e+03 7.06299999e+03 3.93369329e+01
v 6.70984683e+03 7.06299999e+03 4.00124427e+01
v 6.74738014e+03 7.06299999e+03 4.27438838e+01
v 6.74557328e+03 7.06299999e+03 4.28226146e+01
v 6.73126173e+03 7.06299999e+03 4.13194042e+01
v 6.73240589e+03 7.06299999e+03 4.16098010e+01
v 6.72983640e+03 7.06299999e+03 4.17189840e+01
v 6.72997868e+03 7.06299999e+03 4.17360849e+01
v 6.73016876e+03 7.06299999e+03 4.17928011e+01
v 6.73430334e+03 7.06299999e+03 4.21089385e+01
v 6.73569292e+03 7.06299999e+03 4.24514158e+01
v 6.73043188e+03 7.06299999e+03 4.17180202e+01
v 6.73686962e+03 7.06299999e+03 4.27264702e+01
v 6.73658111e+03 7.06299999e+03 4.31078951e+01
v 6.74381029e+03 7.06299999e+03 4.25098747e+01
v 6.74405909e+03 7.06299999e+03 4.26259385e+01
v 6.74442029e+03 7.06299999e+03 4.25886510e+01
v 6.74887514e+03 7.06299999e+03 4.28345535e+01
v 6.75000000e+03 7.06299999e+03 4.28749313e+01
v 6.74032527e+03 7.06299999e+03 4.27625031e+01
v 6.73994359e+03 7.06299999e+03 4.28242003e+01
v 6.73896778e+03 7.06299999e+03 4.27735602e+01
v 6.68720581e+03 7.06299999e+03 4.49469112e+01
v 6.68735457e+03 7.06299999e+03 5.17103791e+01
v 6.68707807e+03 7.06299999e+03 5.03395771e+01
v 6.68700001e+03 7.06299999e+03 5.20695062e+01
v 6.68716129e+03 7.06299999e+03 3.92936649e+01
v 6.68700001e+03 7.06299999e+03 3.94490870e+01
v 6.68700001e+03 7.06299999e+03 4.49552531e+01
v 6.68700001e+03 7.06299999e+03 5.01437299e+01
v 6.68713071e+03 7.06299999e+03 3.68549754e+01
v 6.68700001e+03 7.06299999e+03 3.67901521e+01
vt 0.022129327 0.76285839
vt 0.037932094 0.78337204
vt 0.020761257 0.79012275
vt 0.0059354841 0.7816847
vt 0.065068148 0.75970972
vt 0.02391124 0.80833876
vt 0.055271171 0.73954499
vt 0.092165433 0.77677447
vt 0.058236852 0.81623673
vt 0.023616344 0.74571478
vt 0.077973165 0.74762613
vt 0.093824431 0.76636666
vt 0.045462757 0.81849271
vt 0.041270711 0.7123723
vt 0.069105215 0.73531562
vt 0.087684728 0.75026655
vt 0.095580764 0.81969804
vt 0.025474763 0.70917833
vt 0.064631306 0.72608542
vt 0.099065967 0.75238341
vt 0.073961683 0.82435381
vt 0.11449908 0.80265963
vt 0.012605353 0.71981472
vt 0.092702061 0.73873967
vt 0.078573279 0.84003854
vt 0.14374198 0.76331198
vt 0.11249641 0.8288542
vt 0.0059259217 0.7393356
vt 0.11901853 0.73770225
vt 0.079064973 0.74393809
vt 0.099623397 0.72771013
vt 0.061158903 0.85951692
vt 0.14576964 0.73901087
vt 0.16345139 0.75054538
vt 0.10536169 0.71514636
vt 0.095952347 0.89014065
vt 0.060421173 0.84655797
vt 0.15902883 0.70186937
vt 0.17180611 0.79865408
vt 0.10382968 0.69832492
vt 0.12718168 0.86393589
vt 0.060848929 0.87650782
vt 0.16428176 0.73417962
vt 0.23620833 0.71695656
vt 0.13724253 0.85581994
vt 0.088319257 0.70219278
vt 0.11622037 0.89478076
vt 0.04851545 0.90469986
vt 0.1494246 0.72696054
vt 0.19034113 0.7100054
vt 0.23304451 0.75244939
vt 0.18840124 0.83849543
vt 0.085540317 0.68779373
vt 0.14709426 0.8756882
vt 0.11243282 0.91084969
vt 0.15458068 0.90796536
vt 0.068220012 0.9317801
vt 0.17030132 0.71768272
vt 0.20562603 0.68504322
vt 0.23794547 0.73786598
vt 0.22089086 0.76619262
vt 0.17152569 0.8824389
vt 0.18787549 0.81185526
vt 0.077870563 0.69544995
vt 0.15980865 0.89063948
vt 0.087981634 0.92828298
vt 0.12613028 0.91734505
vt 0.023549519 0.93096054
vt 0.19312404 0.69158345
vt 0.21803065 0.65324163
vt 0.25456741 0.72496706
vt 0.23694164 0.7787329
vt 0.1947128 0.79279876
vt 0.20835164 0.86318839
vt 0.19378479 0.82617128
vt 0.17516984 0.89979017
vt 0.09941081 0.92593962
vt 0.10685226 0.9384889
vt 0.17194787 0.90506977
vt 0.15101141 0.91986555
vt 0.072289221 0.94477093
vt 0.041154612 0.96711481
vt 0.18181552 0.68329501
vt 0.19475478 0.68601376
vt 0.26182598 0.69430006
vt 0.20427486 0.66887891
vt 0.27446544 0.71544588
vt 0.25233716 0.74367589
vt 0.21111129 0.78100145
vt 0.23034477 0.85142314
vt 0.19423375 0.91140294
vt 0.085355096 0.93552577
vt 0.13749994 0.93589908
vt 0.16838939 0.91057271
vt 0.14888863 0.92672324
vt 0.088724189 0.94284052
vt 0.05695698 0.95684862
vt 0.015717581 0.9512465
vt 0.20440473 0.67856717
vt 0.27260423 0.69346982
vt 0.26580471 0.70271933
vt 0.1840056 0.66903663
vt 0.28269222 0.70046341
vt 0.25983095 0.76877737
vt 0.23027889 0.79015708
vt 0.20574485 0.80608624
vt 0.23843606 0.88091296
vt 0.20136991 0.83594638
vt 0.22515666 0.88779587
vt 0.13661598 0.95313358
vt 0.1618644 0.92763495
vt 0.099149406 0.95102984
vt 0.059876755 0.96288037
vt 0.0045706984 0.96097833
vt 0.28998128 0.67675906
vt 0.299411 0.71283221
vt 0.25975877 0.78903937
vt 0.25923204 0.85100186
vt 0.24558729 0.84127027
vt 0.22303192 0.91164225
vt 0.12315501 0.9557817
vt 0.14797391 0.94320834
vt 0.17379284 0.92574996
vt 0.089573242 0.96755755
vt 0.070865788 0.96524417
vt 0.017205097 0.981031
vt 0.065799117 0.97659987
vt 0.23883775 0.61581993
vt 0.2970368 0.69833875
vt 0.2909047 0.73340809
vt 0.27557823 0.75408983
vt 0.2320776 0.80423677
vt 0.25967556 0.86998928
vt 0.22038385 0.81767219
vt 0.26140684 0.84703976
vt 0.21936215 0.95099688
vt 0.19129893 0.83480489
vt 0.1543847 0.94067198
vt 0.13379802 0.95880175
vt 0.15821439 0.95147079
vt 0.18500534 0.91413015
vt 0.16671957 0.939174
vt 0.11485262 0.96672899
vt 0.030667897 0.99451196
vt 0.0086686313 0.97945857
vt 0.058145922 0.99532217
vt 0.22345072 0.62895435
vt 0.31215832 0.63998079
vt 0.32933503 0.7135036
vt 0.27951473 0.72545016
vt 0.31281412 0.72803789
vt 0.29758012 0.77199525
vt 0.26445219 0.74779344
vt 0.25036138 0.81439912
vt 0.21640389 0.79139751
vt 0.24886519 0.82483077
vt 0.271584 0.83814168
vt 0.19611803 0.92707938
vt 0.24960117 0.93366808
vt 0.14906991 0.97878659
vt 0.13078263 0.97192264
vt 0.15163887 0.96006197
vt 0.17858025 0.93451285
vt 0.12289919 0.97864974
vt 0.044579584 0.99370241
vt 0.020076834 0.9937104
vt 0.056841318 0.9953227
vt 0.25795674 0.5941602
vt 0.30768433 0.6674192
vt 0.31716171 0.68583369
vt 0.30627933 0.74584067
vt 0.25823048 0.76024967
vt 0.27616844 0.74378753
vt 0.2825413 0.85934448
vt 0.20265606 0.94974339
vt 0.24057578 0.91510707
vt 0.24968605 0.96544933
vt 0.13950656 0.97494996
vt 0.1674258 0.96553242
vt 0.1777049 0.95556581
vt 0.05167795 0.9953236
vt 0.031333189 0.99533159
vt 0.31848291 0.57774323
vt 0.30822384 0.67766404
vt 0.32527444 0.66772616
vt 0.32933131 0.7306999
vt 0.33718213 0.69811338
vt 0.27855718 0.75097388
vt 0.32732555 0.74275362
vt 0.2964808 0.79281044
vt 0.26990312 0.73842973
vt 0.29322594 0.73386455
vt 0.27114305 0.82767069
vt 0.28757587 0.84457093
vt 0.21241082 0.96586514
vt 0.19336286 0.9467895
vt 0.25694814 0.92630398
vt 0.22674379 0.89996672
vt 0.23875168 0.98556554
vt 0.16824819 0.94752741
vt 0.14866228 0.99026781
vt 0.13647966 0.98381555
vt 0.045424752 0.99532497
vt 0.044341736 0.99532509
vt 0.030579204 0.99533188
vt 0.27096814 0.56160748
vt 0.34728056 0.62585282
vt 0.32783341 0.64743316
vt 0.35952887 0.73368323
vt 0.33900839 0.67791736
vt 0.34966078 0.71673661
vt 0.28894088 0.75882047
vt 0.32791492 0.76748526
vt 0.30995879 0.7836194
vt 0.28234193 0.72421414
vt 0.28537762 0.81687582
vt 0.29781714 0.80932277
vt 0.29025066 0.8582263
vt 0.20167653 0.96461517
vt 0.21058118 0.98842442
vt 0.23240131 0.99525923
vt 0.18359914 0.96676135
vt 0.28890038 0.53978062
vt 0.34049845 0.63812852
vt 0.35299295 0.55225301
vt 0.34179321 0.75125539
vt 0.3582398 0.67379767
vt 0.36452761 0.68971437
vt 0.30049837 0.77163577
vt 0.3116408 0.76332116
vt 0.31449085 0.78062242
vt 0.30134872 0.82642055
vt 0.30525208 0.83457971
vt 0.21614036 0.99526489
vt 0.24115863 0.99525607
vt 0.16840573 0.98929501
vt 0.27084318 0.54929256
vt 0.31638283 0.535864
vt 0.33491382 0.54895175
vt 0.370116 0.62381721
vt 0.36292553 0.72008574
vt 0.36047295 0.74550843
vt 0.34797722 0.76713282
vt 0.32021064 0.80016553
vt 0.30335331 0.85675794
vt 0.20043954 0.98181254
vt 0.21127547 0.9952659
vt 0.15427166 0.99528539
vt 0.18911262 0.98202324
vt 0.30567521 0.50304419
vt 0.3663274 0.50302768
vt 0.39129412 0.56831384
vt 0.3804023 0.72839212
vt 0.37507799 0.74214762
vt 0.37748024 0.68809843
vt 0.36898932 0.70092791
vt 0.35916162 0.75386631
vt 0.33945271 0.77927363
vt 0.32671544 0.77852923
vt 0.32190669 0.81247759
vt 0.30980477 0.83883828
vt 0.29420319 0.86605126
vt 0.19358306 0.99378252
vt 0.1917572 0.97180277
vt 0.14894837 0.99528724
vt 0.16538531 0.99528039
vt 0.33118722 0.53735662
vt 0.28603595 0.50305033
vt 0.31546095 0.50303966
vt 0.3889637 0.50302184
vt 0.3564015 0.50302857
vt 0.40566599 0.51995856
vt 0.4032416 0.61645752
vt 0.35998738 0.77216339
vt 0.33362842 0.77988368
vt 0.33672723 0.79404593
vt 0.3242074 0.82737225
vt 0.14097048 0.99528903
vt 0.17390515 0.99527818
vt 0.19069679 0.99527234
vt 0.34341365 0.50303286
vt 0.41008776 0.53361237
vt 0.42174613 0.56667966
vt 0.37331027 0.75854045
vt 0.33412901 0.78726059
vt 0.34335294 0.80132437
vt 0.41505566 0.50301135
vt 0.43294981 0.6044271
vt 0.3914012 0.75166941
vt 0.36297733 0.77622533
vt 0.41610926 0.52283943
vt 0.42952913 0.5189029
vt 0.44960317 0.56461412
vt 0.43032414 0.61739659
vt 0.37695655 0.77156186
vt 0.42413771 0.50789481
vt 0.43788478 0.5423196
vt 0.43124908 0.559232
vt 0.44961953 0.61204422
vt 0.4126848 0.62823415
vt 0.36515164 0.7982375
vt 0.42817053 0.5030027
vt 0.4380435 0.52181238
vt 0.44959456 0.55841589
vt 0.44961911 0.62559819
vt 0.4297466 0.62964714
vt 0.37812272 0.78408593
vt 0.44959 0.5226568
vt 0.42063531 0.64053464
vt 0.44959062 0.54783279
vt 0.44959611 0.5375737
vt 0.44958648 0.5202387
vt 0.44033721 0.63487369
vt 0.43740737 0.64430034
vt 0.43773696 0.51656872
vt 0.44962448 0.63851929
vt 0.42087156 0.65730989
vt 0.41441187 0.652448
vt 0.44192201 0.6526435
vt 0.43332449 0.66613698
vt 0.44962949 0.65129703
vt 0.42056984 0.67131191
vt 0.44963297 0.66115272
vt 0.43814668 0.6887145
vt 0.44963861 0.67770547
vt 0.41517511 0.68647528
vt 0.42164364 0.70199877
vt 0.41377077 0.67513716
vt 0.44964606 0.70607483
vt 0.41198689 0.69601643
vt 0.44175047 0.70196819
vt 0.40373686 0.67828518
vt 0.39831799 0.69605279
vt 0.79322594 0.73386455
vt 0.77616841 0.74378753
vt 0.7823419 0.72421414
vt 0.69174445 0.8906582
vt 0.68508911 0.88523191
vt 0.69033301 0.87160772
vt 0.70245796 0.88264573
vt 0.68621612 0.90243608
vt 0.67921054 0.88025296
vt 0.70788288 0.86058259
vt 0.7052269 0.89346361
vt 0.67469132 0.90460849
vt 0.68588024 0.86466503
vt 0.7145471 0.87145036
vt 0.69352001 0.85298377
vt 0.71447015 0.87979829
vt 0.68729556 0.90986431
vt 0.70391822 0.91389966
vt 0.67088479 0.88419241
vt 0.6743167 0.868146
vt 0.72044259 0.85275805
vt 0.70622557 0.8547796
vt 0.72106475 0.8890565
vt 0.67521197 0.91589051
vt 0.72054577 0.90926629
vt 0.66149783 0.89782512
vt 0.66849476 0.87326884
vt 0.68432117 0.85637254
vt 0.6793716 0.86042237
vt 0.72756594 0.87214625
vt 0.70201939 0.83900499
vt 0.73289835 0.89765805
vt 0.72592217 0.88144934
vt 0.68996453 0.92475832
vt 0.65802455 0.91596979
vt 0.72200018 0.92058039
vt 0.6585651 0.90411079
vt 0.65235585 0.89344037
vt 0.66152847 0.87929696
vt 0.68304545 0.84687579
vt 0.66619778 0.85980225
vt 0.73134643 0.85014892
vt 0.69056404 0.83900976
vt 0.70393741 0.92750376
vt 0.67416543 0.93441087
vt 0.65861785 0.92724204
vt 0.71182883 0.92210132
vt 0.6759879 0.85110742
vt 0.66028565 0.86789989
vt 0.71663219 0.83900052
vt 0.73380363 0.83899295
vt 0.74202281 0.85406488
vt 0.74677336 0.87414706
vt 0.74070477 0.88960135
vt 0.69689417 0.94052494
vt 0.73382944 0.92056131
vt 0.71855259 0.93619049
vt 0.65107936 0.87821549
vt 0.66338718 0.85185438
vt 0.72177476 0.83899677
vt 0.74729425 0.83898795
vt 0.74715424 0.86442119
vt 0.74737036 0.89915723
vt 0.70165378 0.9483915
vt 0.68590546 0.9331302
vt 0.65843338 0.94154727
vt 0.64430898 0.88721377
vt 0.75305301 0.8586179
vt 0.75062895 0.88440663
vt 0.71770978 0.95360386
vt 0.68458533 0.94632006
vt 0.67149514 0.94728887
vt 0.64912021 0.92512399
vt 0.74480081 0.92029119
vt 0.74319446 0.93235177
vt 0.75779521 0.84719127
vt 0.76402146 0.86859494
vt 0.762707 0.8843956
vt 0.71490169 0.96559393
vt 0.6935544 0.95795572
vt 0.72699404 0.94681156
vt 0.6596849 0.95169407
vt 0.64324915 0.93695903
vt 0.76030183 0.91177815
vt 0.77309692 0.83897746
vt 0.76592505 0.85639453
vt 0.76771659 0.86096835
vt 0.7698878 0.89728022
vt 0.73210198 0.97135836
vt 0.69807833 0.96883124
vt 0.6805284 0.95341676
vt 0.74777579 0.9517858
vt 0.66746479 0.96165264
vt 0.63432473 0.93076426
vt 0.63881904 0.94860011
vt 0.75755489 0.92627209
vt 0.78085262 0.84760052
vt 0.7846784 0.85929763
vt 0.78051156 0.87783664
vt 0.77391118 0.89005178
vt 0.72387457 0.97516876
vt 0.6799736 0.96731645
vt 0.65254122 0.96701461
vt 0.64236486 0.92093235
vt 0.64502484 0.95785111
vt 0.77315021 0.90727699
vt 0.75618744 0.94541568
vt 0.77889937 0.83897746
vt 0.77936977 0.89626765
vt 0.74984831 0.96711624
vt 0.69137603 0.97706395
vt 0.67225337 0.96567518
vt 0.66652721 0.97412002
vt 0.62916887 0.91905171
vt 0.6303094 0.94022459
vt 0.63076955 0.95468062
vt 0.78007269 0.91665459
vt 0.7709502 0.94152933
vt 0.76782286 0.95100617
vt 0.79358745 0.83897448
vt 0.79951292 0.8452723
vt 0.79347163 0.8609525
vt 0.74326366 0.97406274
vt 0.68257403 0.98443466
vt 0.65775567 0.98566514
vt 0.62917513 0.92624688
vt 0.62916559 0.9158296
vt 0.62917733 0.93288767
vt 0.63199639 0.96719086
vt 0.75959063 0.92143965
vt 0.77354962 0.92688119
vt 0.79234141 0.87721139
vt 0.67252946 0.98078322
vt 0.64990538 0.98981178
vt 0.63134402 0.91542262
vt 0.6291759 0.93997848
vt 0.6291858 0.96647364
vt 0.78714854 0.93015033
vt 0.78611863 0.94452655
vt 0.80430484 0.83897066
vt 0.808994 0.86479634
vt 0.79344589 0.88897502
vt 0.66204411 0.99372256
vt 0.65645581 0.99577284
vt 0.62917966 0.95255971
vt 0.62918061 0.95710909
vt 0.79053897 0.91895813
vt 0.8180353 0.85856074
vt 0.80893421 0.8806774
vt 0.79242629 0.90746349
vt 0.77898413 0.90889978
vt 0.82389104 0.8481741
vt 0.80972463 0.89696735
vt 0.7975989 0.90090597
vt 0.83244342 0.85540974
vt 0.82112193 0.8389647
vt 0.82520688 0.86903149
vt 0.82433844 0.89035529
vt 0.83351254 0.8389613
vt 0.8300612 0.87056094
vt 0.84839934 0.85246438
vt 0.84199899 0.867854
vt 0.85075325 0.83895504
vt 0.85869914 0.84936708
vt 0.86177409 0.83895326
vt 0.57823026 0.55177963
vt 0.58767462 0.54853415
vt 0.58073443 0.57633746
vt 0.57090324 0.56714547
vt 0.59895837 0.56474781
vt 0.56779611 0.57168096
vt 0.56344163 0.54169017
vt 0.62434864 0.57878947
vt 0.55681306 0.57418168
vt 0.56338096 0.56737828
vt 0.62343252 0.61267143
vt 0.54636383 0.57862121
vt 0.60015225 0.62514555
vt 0.67505461 0.61268997
vt 0.556225 0.60297132
vt 0.59880453 0.66109192
vt 0.58588117 0.61250722
vt 0.65288401 0.62056196
vt 0.64146411 0.57479894
vt 0.53356129 0.58057636
vt 0.56354201 0.66753405
vt 0.61426198 0.6456989
vt 0.56737411 0.6412282
vt 0.6688748 0.63236213
vt 0.62707096 0.63237435
vt 0.66315925 0.57598269
vt 0.56144768 0.61606014
vt 0.52151972 0.59537208
vt 0.57465786 0.67849934
vt 0.61339295 0.66075885
vt 0.69904417 0.63082159
vt 0.62724382 0.6465435
vt 0.70493937 0.58894622
vt 0.54648662 0.63179743
vt 0.52247787 0.61137569
vt 0.51425648 0.58117002
vt 0.58343941 0.68481302
vt 0.56685835 0.68002331
vt 0.62629747 0.65954238
vt 0.63608754 0.673446
vt 0.55946249 0.62542439
vt 0.69826907 0.63602614
vt 0.70315289 0.60986668
vt 0.70502704 0.5880881
vt 0.53534657 0.6719346
vt 0.60575801 0.701262
vt 0.56399113 0.70130777
vt 0.69435906 0.67105436
vt 0.52100796 0.63076884
vt 0.52981174 0.65582931
vt 0.55705786 0.67119265
vt 0.65027392 0.69716573
vt 0.69797015 0.66170251
vt 0.61873424 0.65407944
vt 0.52461362 0.63748622
vt 0.5563134 0.68268311
vt 0.5836373 0.70786411
vt 0.64055187 0.70537698
vt 0.69778067 0.67569232
vt 0.68230855 0.70066071
vt 0.56006366 0.69267178
vt 0.5368669 0.6927278
vt 0.55987239 0.71203279
vt 0.5978359 0.71638352
vt 0.65953815 0.71979618
vt 0.62650418 0.71510077
vt 0.69548488 0.70870435
vt 0.53350306 0.70270586
vt 0.53124332 0.68467903
vt 0.5703125 0.7318548
vt 0.51655871 0.7167362
vt 0.60504788 0.72640783
vt 0.58169699 0.72192413
vt 0.67461151 0.71075529
vt 0.64609611 0.71564841
vt 0.64465749 0.72655654
vt 0.69819683 0.70362157
vt 0.54867136 0.73290831
vt 0.59749472 0.73265165
vt 0.58854616 0.73311239
vt 0.67910075 0.72524917
vt 0.62373734 0.72489297
vt 0.69744706 0.71814311
vt 0.69748044 0.70864928
vt 0.57852101 0.7331233
vt 0.52476269 0.7038787
vt 0.52930754 0.73589599
vt 0.60356599 0.73743302
vt 0.69725144 0.72728002
vt 0.66203654 0.72857785
vt 0.63976634 0.73420191
vt 0.50388938 0.71524358
vt 0.69734436 0.72864091
vt 0.66797018 0.73325932
vt 0.62930799 0.74572402
vt 0.6206407 0.74124253
vt 0.50650406 0.70193374
vt 0.69471699 0.73841465
vt 0.67267877 0.74142158
vt 0.51758921 0.68860531
vt 0.68571055 0.73922205
vt 0.69384301 0.74093354
vt 0.37707099 0.88237435
vt 0.37724385 0.8965435
vt 0.36446878 0.88749498
vt 0.45987073 0.95690066
vt 0.45179093 0.97798783
vt 0.43808872 0.93956411
vt 0.46397278 0.93250537
vt 0.42868683 0.97544599
vt 0.46622509 0.9109776
vt 0.41927066 0.96532333
vt 0.4788534 0.92500001
vt 0.43961442 0.9161799
vt 0.39346564 0.98806858
vt 0.423839 0.94385487
vt 0.50305539 0.91554129
vt 0.41821063 0.92609394
vt 0.43961546 0.91617179
vt 0.37382925 0.98820114
vt 0.39942566 0.94254172
vt 0.47201991 0.90543735
vt 0.41704136 0.92433178
vt 0.46318862 0.90860462
vt 0.43960676 0.91617566
vt 0.49875981 0.89641964
vt 0.46577844 0.90773529
vt 0.43959936 0.91617745
vt 0.41412595 0.92586249
vt 0.36578807 0.96482813
vt 0.35625669 0.98085207
vt 0.38388023 0.93949008
vt 0.39656192 0.93699324
vt 0.35896179 0.99579394
vt 0.33887073 0.96477401
vt 0.3459447 0.95391846
vt 0.39245987 0.93650889
vt 0.34959373 0.95001155
vt 0.38373071 0.93635392
vt 0.3314181 0.95810711
vt 0.37778607 0.93849647
vt 0.34485334 0.95246148
vt 0.34271735 0.95330769
vt 0.31579721 0.96312827
vt 0.31639028 0.96171135
vt 0.90391028 0.81784368
vt 0.90683198 0.8297143
vt 0.89753735 0.82339489
vt 0.91876769 0.82643944
vt 0.90764213 0.84693503
vt 0.92902005 0.8244732
vt 0.93429375 0.84275979
vt 0.9122445 0.88865989
vt 0.95107096 0.8451584
vt 0.89876366 0.89268184
vt 0.94033343 0.87886888
vt 0.94575161 0.85142004
vt 0.89955407 0.91610485
vt 0.94776744 0.86631
vt 0.93768257 0.89603543
vt 0.94584209 0.89069808
vt 0.9253943 0.91767555
vt 0.92132103 0.94522554
vt 0.88904166 0.93788004
vt 0.89388132 0.94833368
vt 0.91391599 0.95969689
vt 0.89447814 0.96904022
vt 0.90786684 0.9684937
vt 0.87883306 0.96749479
vt 0.91800112 0.97346175
vt 0.89668339 0.98027015
vt 0.88036877 0.98142534
vt 0.92676663 0.9540295
vt 0.92075932 0.98397094
vt 0.9022724 0.98513997
vt 0.92846179 0.97631001
vt 0.88596112 0.99391305
vt 0.93994707 0.96903068
vt 0.90748698 0.99523711
vt 0.94672036 0.96168971
vt 0.9356342 0.98279405
vt 0.9428634 0.97587597
vt 0.46001709 0.84924507
vt 0.43289617 0.8553133
vt 0.4242098 0.8330434
vt 0.44601792 0.83094013
vt 0.38785559 0.82524168
vt 0.435119 0.82165444
vt 0.45855358 0.82699126
vt 0.40447792 0.86355937
vt 0.379408 0.81521225
vt 0.41864228 0.81972349
vt 0.45182708 0.82111245
vt 0.47100642 0.83194983
vt 0.42626661 0.87060535
vt 0.39921406 0.81109101
vt 0.42981791 0.80934548
vt 0.4426702 0.80995011
vt 0.4708311 0.80969769
vt 0.41083431 0.87046903
vt 0.3864226 0.81060761
vt 0.47994572 0.83115047
vt 0.49090385 0.82974446
vt 0.48449811 0.8084048
vt 0.47958592 0.79202157
vt 0.50978857 0.82977504
vt 0.4889583 0.79535276
vt 0.49758488 0.84680748
vt 0.51200247 0.80485505
vt 0.49211004 0.78897285
vt 0.51444167 0.85151899
vt 0.48797655 0.84908211
vt 0.5235635 0.82449198
vt 0.52006721 0.84819269
vt 0.50433242 0.85526943
vt 0.5224874 0.80863512
vt 0.54619259 0.82569242
vt 0.52834058 0.8172316
vt 0.54634053 0.83476102
vt 0.53538263 0.84329534
vt 0.59327406 0.85586947
vt 0.59403485 0.83634835
vt 0.60629237 0.8575933
vt 0.58852077 0.88134539
vt 0.60661763 0.83685267
vt 0.59431779 0.89849699
vt 0.62301481 0.84837985
vt 0.61997592 0.90891492
vt 0.57823181 0.8991518
vt 0.62552917 0.89503545
vt 0.62013859 0.83063531
vt 0.61105901 0.91206318
vt 0.57493252 0.93028295
vt 0.6222645 0.92618322
vt 0.59858829 0.9159171
vt 0.60960859 0.92558104
vt 0.60528648 0.92938942
vt 0.5842278 0.94078141
vt 0.57218558 0.94582576
vt 0.59375501 0.94992548
vt 0.57689917 0.95673108
vt 0.59804642 0.95372391
vt 0.56657726 0.95116401
vt 0.5948754 0.96770978
vt 0.58522761 0.96940517
vt 0.59667051 0.97517788
vt 0.56954098 0.96630472
vt 0.58370632 0.98075646
vt 0.59683019 0.98342305
vt 0.59546697 0.99600506
vt 0.58489579 0.9930864
vt 0.91268533 0.67353934
vt 0.92767203 0.67036718
vt 0.93498057 0.70097971
vt 0.9092117 0.716075
vt 0.94325292 0.67299265
vt 0.8995204 0.73138022
vt 0.96410728 0.70153439
vt 0.91396809 0.75097787
vt 0.95535898 0.7093749
vt 0.96207982 0.68268591
vt 0.93556887 0.74171489
vt 0.9583469 0.72767568
vt 0.95298749 0.72560638
vt 0.95982242 0.66955715
vt 0.92865306 0.76511526
vt 0.9672209 0.72651815
vt 0.94954383 0.73870182
vt 0.91146994 0.75777483
vt 0.93821675 0.75859416
vt 0.96694934 0.75068569
vt 0.94515473 0.74797344
vt 0.90470529 0.76990414
vt 0.94143194 0.77655727
vt 0.954081 0.75355041
vt 0.93022287 0.79044634
vt 0.94388741 0.75547081
vt 0.89514381 0.80533695
vt 0.95192742 0.78612375
vt 0.94574726 0.77047241
vt 0.96492511 0.75615984
vt 0.9575637 0.76531494
vt 0.93312335 0.80432039
vt 0.88823938 0.76627606
vt 0.94197923 0.79486406
vt 0.86697727 0.78115416
vt 0.94762874 0.79244018
vt 0.87399673 0.80850357
vt 0.86435342 0.80674517
vt 0.83631539 0.80709255
vt 0.81708825 0.78440726
vt 0.81602561 0.80770934
vt 0.85821366 0.76465976
vt 0.87432808 0.7735157
vt 0.8631171 0.74244112
vt 0.85917705 0.72462815
vt 0.8372311 0.73575222
vt 0.81671315 0.74729401
vt 0.82318902 0.73767132
vt 0.10605773 0.56743652
vt 0.08468502 0.56331629
vt 0.11736584 0.54952061
vt 0.11457226 0.58340973
vt 0.12422081 0.56651837
vt 0.0815989 0.58675647
vt 0.13329302 0.60425019
vt 0.10700903 0.60299647
vt 0.072273314 0.57176387
vt 0.13327017 0.54033756
vt 0.11859833 0.60128391
vt 0.1006026 0.60436511
vt 0.052855466 0.58243746
vt 0.12519473 0.54669392
vt 0.12190469 0.62377632
vt 0.1101706 0.59693819
vt 0.070815288 0.59492803
vt 0.06286186 0.57179397
vt 0.13329984 0.62955415
vt 0.11460824 0.62716019
vt 0.091039501 0.61367744
vt 0.053606503 0.57764649
vt 0.06737195 0.56474924
vt 0.04124973 0.59251457
vt 0.11713965 0.65386623
vt 0.11200457 0.65817189
vt 0.097937837 0.62188292
vt 0.069043368 0.6080761
vt 0.036963612 0.61302036
vt 0.12306622 0.660074
vt 0.10238737 0.63576329
vt 0.08203318 0.62272537
vt 0.052238196 0.61929256
vt 0.013249957 0.6067369
vt 0.13331051 0.66970801
vt 0.099345721 0.64743817
vt 0.065629721 0.62665081
vt 0.048222478 0.64067054
vt 0.032643661 0.65517163
vt 0.082115926 0.6628561
vt 0.063532747 0.63764024
vt 0.08191444 0.64076841
vt 0.010757348 0.63785774
vt 0.11284734 0.68268561
vt 0.088113919 0.67925942
vt 0.074707545 0.64386356
vt 0.062673151 0.65366387
vt 0.0042567719 0.62661678
vt 0.0098105902 0.6502676
vt 0.12452659 0.68268156
vt 0.098730646 0.68268996
vt 0.05589531 0.67829531
vt 0.020968324 0.65995467
vt 0.13331445 0.68267858
vt 0.089724146 0.6826936
vt 0.084958903 0.68269539
vt 0.030733269 0.68271232
vt 0.025599912 0.66794795
vt 0.086902052 0.68269438
vt 0.057730556 0.68270344
vt 0.047125038 0.68270683
vt 0.054748274 0.68270421
vt 0.028477134 0.68271184
vt 0.77789623 0.54282045
vt 0.78145301 0.5498451
vt 0.77032632 0.56040889
vt 0.76228768 0.55734241
vt 0.78368264 0.55785668
vt 0.77948493 0.57288957
vt 0.76505798 0.57657504
vt 0.79529744 0.57625002
vt 0.75400335 0.57072121
vt 0.77972263 0.58795947
vt 0.76146162 0.55438304
vt 0.79860163 0.59118056
vt 0.82069552 0.58513141
vt 0.78574651 0.60411942
vt 0.80867177 0.61344516
vt 0.79038233 0.61771297
vt 0.80124086 0.62829572
vt 0.77661455 0.61731535
vt 0.81528223 0.63361323
vt 0.80374885 0.6445694
vt 0.77515823 0.62923992
vt 0.76513922 0.61232471
vt 0.82112354 0.63167953
vt 0.78640968 0.64041847
vt 0.76046926 0.62162304
vt 0.76971376 0.60194063
vt 0.82301569 0.64058518
vt 0.79938889 0.65923405
vt 0.8169651 0.65123343
vt 0.78415251 0.65936708
vt 0.79368609 0.66786277
vt 0.77935368 0.66383547
vt 0.78944892 0.68155372
vt 0.78004599 0.684273
vt 0.29938889 0.97173405
vt 0.30374885 0.9570694
vt 0.31675726 0.9592582
vt 0.34383041 0.91636229
vt 0.3807019 0.92080373
vt 0.36218843 0.92325807
vt 0.34461117 0.92120415
vt 0.36040339 0.90660363
vt 0.38026723 0.93296421
vt 0.35740805 0.92960966
vt 0.32156023 0.91908872
vt 0.34438306 0.90242791
vt 0.38528618 0.90286452
vt 0.39148223 0.92398065
vt 0.33620089 0.9258002
vt 0.32147035 0.91493273
vt 0.3093192 0.91154116
vt 0.28682435 0.92194563
vt 0.31925181 0.89800018
vt 0.28471795 0.90225255
vt 0.26734832 0.91395932
vt 0.25464138 0.91492742
vt 0.26894513 0.92389637
vt 0.88452268 0.56752574
vt 0.90420008 0.57055449
vt 0.8902393 0.58833444
vt 0.87980324 0.59748089
vt 0.88350451 0.55129027
vt 0.90146506 0.58981657
vt 0.85548353 0.58741999
vt 0.88380611 0.60462999
vt 0.87505877 0.55560708
vt 0.9008103 0.55588555
vt 0.87392318 0.61680806
vt 0.85195613 0.55638325
vt 0.91103137 0.5642246
vt 0.85889196 0.62640101
vt 0.83286124 0.57133985
vt 0.91432315 0.5554167
vt 0.87584269 0.63325799
vt 0.8332653 0.61412573
vt 0.83796811 0.55860871
vt 0.87082171 0.64444709
vt 0.83740342 0.64270735
vt 0.8600812 0.64295828
vt 0.85106951 0.65129566
vt 0.86883658 0.64912927
vt 0.83931959 0.65479183
vt 0.86010629 0.66109514
vt 0.82835788 0.64655972
vt 0.82520401 0.66136432
vt 0.84894651 0.66757202
vt 0.83262265 0.67595959
vt 0.81821859 0.67613411
vt 0.83679366 0.68390906
vt 0.81649107 0.66293252
vt 0.66732347 0.50792301
vt 0.67829663 0.49295419
vt 0.70270294 0.53392076
vt 0.66697872 0.52350986
vt 0.71607625 0.50247574
vt 0.66129804 0.5379144
vt 0.65125418 0.50897664
vt 0.72843432 0.52456337
vt 0.65639299 0.52809995
vt 0.69217384 0.54555106
vt 0.64651823 0.51843381
vt 0.74157238 0.50863725
vt 0.72457856 0.54236436
vt 0.72676259 0.55448556
vt 0.6393826 0.51981509
vt 0.74466318 0.52830851
vt 0.74175966 0.53987509
vt 0.6488297 0.52784246
vt 0.63116246 0.5163092
vt 0.7584399 0.51567024
vt 0.73853666 0.55939066
vt 0.62830126 0.52411312
vt 0.75923991 0.54273337
vt 0.75074404 0.54760528
vt 0.54938912 0.79170108
vt 0.56275398 0.77968407
vt 0.5541572 0.79734778
vt 0.54407334 0.8083474
vt 0.54383564 0.78745174
vt 0.55575895 0.80740255
vt 0.53192365 0.76950085
vt 0.56968188 0.80131084
vt 0.53259331 0.8031975
vt 0.556099 0.77036178
vt 0.53127325 0.78803003
vt 0.51927227 0.75825256
vt 0.5211702 0.77557552
vt 0.52470505 0.80412084
vt 0.51424825 0.76646566
vt 0.52127063 0.78777635
vt 0.51701862 0.79257786
vt 0.48031431 0.76123118
vt 0.50599217 0.78252596
vt 0.50412166 0.77296585
vt 0.48909754 0.75200766
vt 0.48541462 0.78144503
vt 0.46124935 0.74946487
vt 0.4994753 0.74601173
vt 0.46325806 0.76474661
vt 0.4551239 0.76276881
vt 0.44543889 0.75658953
vt 0.44745165 0.76317829
vt 0.44097075 0.74912268
vt 0.21138056 0.52884156
vt 0.20267436 0.53757507
vt 0.20189317 0.52042949
vt 0.21373399 0.5184046
vt 0.2101334 0.54614741
vt 0.21747354 0.51185888
vt 0.22726025 0.51567733
vt 0.19200851 0.55168992
vt 0.21621592 0.54251176
vt 0.20085217 0.50598907
vt 0.20276207 0.55942529
vt 0.20958136 0.502083
vt 0.2240715 0.50468785
vt 0.2414645 0.52707672
vt 0.21455367 0.54994732
vt 0.19460995 0.5713079
vt 0.23406553 0.5022341
vt 0.2491816 0.5002169
vt 0.22618189 0.55506277
vt 0.21354182 0.563438
vt 0.20911017 0.5815109
vt 0.24240364 0.54911602
vt 0.21353331 0.56785262
vt 0.20019905 0.58158314
vt 0.25364062 0.55507147
vt 0.2390368 0.56272435
vt 0.22741197 0.56787789
vt 0.19929771 0.59217024
vt 0.22748804 0.58450031
vt 0.24421573 0.56917095
vt 0.20624748 0.59433389
vt 0.21987276 0.59600413
vt 0.24982348 0.57426435
vt 0.24139343 0.56693733
vt 0.24725746 0.60801506
vt 0.2546303 0.58249593
vt 0.23986389 0.58010018
vt 0.23432264 0.61069083
vt 0.24086517 0.61252952
vt 0.21543959 0.62082589
vt 0.23071994 0.62036371
vt 0.20774956 0.61224341
vt 0.52230108 0.9304446
vt 0.52871591 0.91751176
vt 0.53868186 0.93006277
vt 0.53011322 0.94137025
vt 0.73309958 0.76395535
vt 0.72341216 0.75853938
vt 0.72185236 0.75149637
vt 0.71195269 0.7725808
vt 0.7272051 0.77783155
vt 0.69184136 0.75069439
vt 0.74407488 0.77173436
vt 0.71101028 0.74653101
vt 0.74648333 0.78738219
vt 0.7497251 0.76253355
vt 0.77413714 0.7569778
vt 0.78597111 0.78575039
vt 0.79863209 0.7389707
vt 0.78437579 0.80876231
vt 0.81339544 0.75785053
vt 0.78511453 0.80713141
vt 0.79786235 0.78122151
vt 0.7897318 0.79602343
vt 0.79212964 0.79034787
vt 0.79092151 0.79355246
vt 0.7918241 0.79152572
vt 0.038868662 0.48641396
vt 0.053536069 0.47914356
vt 0.057286575 0.50282192
vt 0.048773758 0.5059514
vt 0.032571699 0.4618355
vt 0.06241221 0.49421668
vt 0.055589717 0.51223016
vt 0.022840017 0.50261676
vt 0.023570456 0.48310506
vt 0.056061853 0.43991059
vt 0.066901788 0.46962649
vt 0.044937618 0.51943898
vt 0.029054791 0.51310259
vt 0.0033358447 0.48547643
vt 0.0297777 0.44332677
vt 0.073882647 0.48493427
vt 0.020921245 0.51877749
vt 0.084916085 0.4496007
vt 0.075275354 0.49381757
vt 0.082583047 0.47439831
vt 0.040642001 0.52571136
vt 0.10312054 0.46940702
vt 0.035386689 0.535631
vt 0.041594695 0.54004407
vt 0.05035086 0.53246075
vt 0.060516171 0.52319121
vt 0.041717768 0.54747069
vt 0.067455165 0.53870267
vt 0.059906736 0.54323614
vt 0.056074649 0.55907315
vt 0.070253909 0.55074036
vt 0.062124446 0.5543564
vt 0.066911824 0.55721474
vt 0.48908612 0.6067003
vt 0.50364596 0.59770477
vt 0.49896926 0.61965072
vt 0.47275415 0.62580609
vt 0.51294953 0.61173671
vt 0.47674403 0.6444419
vt 0.51423252 0.65019691
vt 0.5152908 0.60350311
vt 0.49405125 0.65991902
vt 0.47944719 0.67228925
vt 0.52184606 0.67281473
vt 0.51357752 0.69147593
vt 0.47486931 0.66027004
vt 0.4921124 0.69387233
vt 0.5057137 0.70138246
vt 0.48132789 0.69384599
vt 0.49583203 0.71174765
vt 0.48811376 0.7083602
vt 0.47208408 0.68285573
vt 0.47881532 0.71421885
vt 0.8261292 0.90988761
vt 0.84235656 0.8945663
vt 0.85067987 0.91681445
vt 0.81707674 0.93638152
vt 0.83389819 0.88303143
vt 0.85760814 0.88767016
vt 0.86224514 0.9454608
vt 0.86766762 0.8875916
vt 0.85996008 0.92953134
vt 0.8284061 0.96453702
vt 0.83461934 0.97489107
vt 0.84856135 0.97974312
vt 0.82430518 0.97367793
vt 0.86454052 0.96526939
vt 0.85770702 0.98607731
vt 0.86360008 0.98848349
vt 0.85161579 0.99609429
vt 0.87615281 0.98609859
vt 0.83787167 0.99257207
vt 0.87517911 0.97360432
vt 0.010508268 0.9010334
vt 0.01205147 0.90826797
vt 0.0057534804 0.89659196
vt 0.013892737 0.89401346
vt 0.016790491 0.8973515
vt 0.0038380241 0.8859641
vt 0.012677582 0.9141314
vt 0.010735403 0.86563361
vt 0.0057905987 0.92860395
vt 0.019719744 0.88059509
vt 0.0033534199 0.86683327
vt 0.020135127 0.92466927
vt 0.021389142 0.86825603
vt 0.013360168 0.85059065
vt 0.010077721 0.93350035
vt 0.020623703 0.84755528
vt 0.0036030808 0.84810114
vt 0.028644402 0.84806418
vt 0.0050681373 0.83751464
vt 0.020282798 0.8369348
vt 0.016732331 0.84570765
vt 0.033333167 0.84275007
vt 0.023604963 0.84502017
vt 0.033214398 0.82286662
vt 0.98046905 0.88848883
vt 0.98158872 0.89641613
vt 0.95809579 0.90036035
vt 0.95950681 0.88488358
vt 0.97144639 0.90829343
vt 0.94687027 0.88540727
vt 0.96540558 0.91347039
vt 0.94711727 0.89645308
vt 0.95947111 0.91502786
vt 0.94208401 0.91055286
vt 0.95199597 0.93560284
vt 0.9518913 0.94798636
vt 0.96338212 0.92305839
vt 0.96580267 0.93254477
vt 0.96987468 0.92622685
vt 0.95048594 0.94377899
vt 0.96776521 0.95066631
vt 0.94264013 0.93863672
vt 0.95366818 0.95870686
vt 0.96543998 0.95996326
vt 0.96454394 0.99025702
vt 0.95469987 0.99428284
vt 0.96079516 0.99686825
vt 0.7595315 0.52227306
vt 0.76830572 0.51807654
vt 0.77712297 0.52674395
vt 0.77703851 0.53367841
vt 0.75304234 0.50667858
vt 0.78595364 0.50713873
vt 0.76199442 0.53416741
vt 0.79622167 0.52923703
vt 0.75575417 0.53858304
vt 0.80257797 0.5219686
vt 0.78814036 0.53323674
vt 0.80257517 0.48299414
vt 0.78193885 0.54961455
vt 0.81068683 0.51967037
vt 0.79036587 0.55372071
vt 0.8229214 0.50142872
vt 0.79301679 0.54456151
vt 0.83188868 0.47540754
vt 0.83140308 0.52490962
vt 0.80122912 0.55508775
vt 0.80209571 0.53189731
vt 0.84196693 0.49379331
vt 0.8207798 0.45038086
vt 0.83943015 0.51005673
vt 0.80368388 0.54208374
vt 0.85524583 0.49229002
vt 0.80524576 0.44956827
vt 0.83244425 0.53669083
vt 0.8144694 0.54090607
vt 0.81469506 0.52796018
vt 0.84946769 0.52961242
vt 0.81649703 0.55769455
vt 0.80749488 0.52113867
vt 0.83948511 0.54143625
vt 0.82113183 0.5419929
vt 0.82823139 0.54406416
vt 0.8527903 0.53956497
vt 0.83974612 0.55563056
vt 0.8582744 0.54165506
vt 0.8503992 0.54546881
vt 0.82485479 0.55452073
vt 0.85353678 0.55241072
vt 0.65404421 0.80307776
vt 0.63845056 0.81672472
vt 0.63653827 0.80504811
vt 0.63743949 0.78611821
vt 0.65329736 0.83381581
vt 0.62415117 0.80995286
vt 0.63265151 0.83107269
vt 0.69316471 0.81372225
vt 0.62806493 0.81941617
vt 0.6222719 0.78763986
vt 0.69121122 0.82459426
vt 0.6839934 0.79838544
vt 0.61028183 0.7986967
vt 0.70698053 0.8062399
vt 0.65660745 0.84067512
vt 0.66683984 0.79463643
vt 0.69884956 0.79573894
vt 0.60499263 0.81339896
vt 0.60712087 0.83562624
vt 0.59697115 0.82796305
vt 0.48636618 0.55189312
vt 0.47631085 0.53094816
vt 0.48296732 0.5287056
vt 0.49682906 0.54024267
vt 0.45591095 0.551561
vt 0.47555196 0.51747513
vt 0.51611882 0.55839133
vt 0.49512216 0.52131832
vt 0.45752785 0.53741747
vt 0.47905585 0.49220502
vt 0.51176518 0.53935778
vt 0.45970502 0.51318359
vt 0.51178551 0.52091873
vt 0.44831377 0.49297929
vt 0.52500069 0.50025594
vt 0.51897132 0.53245854
vt 0.44988361 0.50857854
vt 0.45333207 0.47687453
vt 0.52683574 0.51377821
vt 0.4970836 0.47457242
vt 0.44215226 0.50356472
vt 0.46218324 0.47326022
vt 0.52116644 0.47994924
vt 0.47727129 0.46540123
vt 0.51531923 0.45725942
vt 0.53728026 0.49840921
vt 0.49544218 0.46149313
vt 0.4975279 0.45154822
vt 0.90525705 0.6254338
vt 0.92429656 0.64287621
vt 0.89736354 0.64559102
vt 0.89507461 0.63225198
vt 0.93102181 0.61398959
vt 0.90658414 0.66062498
vt 0.90427148 0.61258727
vt 0.94617373 0.63460338
vt 0.88676083 0.65431386
vt 0.92817146 0.65476465
vt 0.92036545 0.60672617
vt 0.93737507 0.65128076
vt 0.95282906 0.59562254
vt 0.88624197 0.66813433
vt 0.92239547 0.66697645
vt 0.93746775 0.59198827
vt 0.96379012 0.63228983
vt 0.8783884 0.6701293
vt 0.88866979 0.68394911
vt 0.92872733 0.66738856
vt 0.92997974 0.66618121
vt 0.96156651 0.64404261
vt 0.95683241 0.57715428
vt 0.97041833 0.59333628
vt 0.88275117 0.68154919
vt 0.90655631 0.67564976
vt 0.94402045 0.66198254
vt 0.95970976 0.66160226
vt 0.97188324 0.5761143
vt 0.91514921 0.66727233
vt 0.94946289 0.67148805
vt 0.29014921 0.97977233
vt 0.28158417 0.97312498
vt 0.29912713 0.97589093
vt 0.30896729 0.97829902
vt 0.30317143 0.96726471
vt 0.18316376 0.42622203
vt 0.18331388 0.44020551
vt 0.16841686 0.41271919
vt 0.17967077 0.41156608
vt 0.21232231 0.44032687
vt 0.17137647 0.44662136
vt 0.17293106 0.40272588
vt 0.19005994 0.40184838
vt 0.19733584 0.44504261
vt 0.20155667 0.40777117
vt 0.1848889 0.4495585
vt 0.1566359 0.42779034
vt 0.15691921 0.39686954
vt 0.21223044 0.41950709
vt 0.17570469 0.47318465
vt 0.14004439 0.41381729
vt 0.15276305 0.44828695
vt 0.20513116 0.39361846
vt 0.21859208 0.40386009
vt 0.15939252 0.46138692
vt 0.13804162 0.45329553
vt 0.22147998 0.39138794
vt 0.23445797 0.41662061
vt 0.15592092 0.47547477
vt 0.16698627 0.4813922
vt 0.12844938 0.47043109
vt 0.14391762 0.48251343
vt 0.16359347 0.49541861
vt 0.12905601 0.48793054
vt 0.6266638 0.45223963
vt 0.63413274 0.46912062
vt 0.61166656 0.47058094
vt 0.6143198 0.4538669
vt 0.62611932 0.48358065
vt 0.58267933 0.45428491
vt 0.60248423 0.49617434
vt 0.57668787 0.46461648
vt 0.6266669 0.49669296
vt 0.58398497 0.48251802
vt 0.56841183 0.45378155
vt 0.61756086 0.50753415
vt 0.63219857 0.4878214
vt 0.59394968 0.50576854
vt 0.56699282 0.46849006
vt 0.57623237 0.48896599
vt 0.62773651 0.51465714
vt 0.61932564 0.51893139
vt 0.58034688 0.51126444
vt 0.57347506 0.50487399
vt 0.60554224 0.52515626
vt 0.59733593 0.52256513
vt 0.61613476 0.53004783
vt 0.58783275 0.53067517
vt 0.623752 0.53730488
vt 0.61545521 0.5445354
vt 0.60055226 0.54712754
vt 0.59137005 0.54082346
vt 0.60417157 0.55782217
vt 0.59444666 0.55532885
vt 0.90634209 0.49273348
vt 0.92186564 0.50920212
vt 0.88336134 0.50019729
vt 0.87982851 0.49051845
vt 0.94292986 0.50468159
vt 0.88449889 0.50457889
vt 0.90092677 0.48529172
vt 0.9386211 0.49652833
vt 0.92920929 0.5220347
vt 0.89213347 0.5228312
vt 0.88034064 0.47691882
vt 0.91103786 0.4766109
vt 0.94588012 0.48117536
vt 0.92709678 0.52665675
vt 0.93841094 0.52763629
vt 0.95982891 0.50804818
vt 0.95241177 0.52621531
vt 0.97497934 0.49345177
vt 0.96748531 0.4801358
vt 0.98127586 0.48123312
vt 0.98493463 0.96189469
vt 0.97256732 0.98967654
vt 0.97191304 0.95782918
vt 0.97894216 0.95170581
vt 0.9855324 0.98575199
vt 0.97517961 0.92148
vt 0.98504716 0.94566572
vt 0.97545999 0.99610889
vt 0.98334736 0.99544251
vt 0.9858346 0.91108328
vt 0.9776085 0.90758681
vt 0.9975009 0.90920901
vt 0.99305969 0.89453322
vt 0.3855449 0.72178471
vt 0.39520365 0.72579342
vt 0.38659903 0.7321893
vt 0.3971284 0.71521795
vt 0.38900083 0.71050709
vt 0.40135211 0.73849446
vt 0.37910929 0.71351981
vt 0.3976416 0.70361078
vt 0.40393206 0.71054292
vt 0.41170552 0.72919726
vt 0.41863048 0.71493828
vt 0.4171682 0.72670925
vt 0.42265335 0.71045506
vt 0.43157658 0.72762185
vt 0.43441692 0.70538086
vt 0.44096944 0.73054945
vt 0.44373471 0.71777725
vt 0.44703522 0.71014065
vt 0.45255679 0.73437572
vt 0.45519114 0.71741313
vt 0.44363439 0.73709571
vt 0.46463421 0.70475733
vt 0.46277544 0.71655476
vt 0.45081204 0.74556851
vt 0.47610733 0.70992792
vt 0.29960254 0.45663851
vt 0.28437415 0.46324778
vt 0.28334761 0.44767982
vt 0.29492286 0.44327796
vt 0.30366245 0.46930516
vt 0.26944321 0.45914471
vt 0.2829442 0.43654251
vt 0.30551133 0.43858457
vt 0.3145749 0.45324951
vt 0.29419929 0.48723149
vt 0.27187306 0.46991497
vt 0.2685546 0.44061661
vt 0.29026937 0.42834693
vt 0.30462787 0.48340154
vt 0.27936929 0.49116576
vt 0.26402074 0.43593198
vt 0.2778849 0.42193586
vt 0.26844776 0.42296821
vt 0.3207877 0.42255002
vt 0.31648734 0.44229609
vt 0.30373707 0.49654847
vt 0.26696408 0.48086721
vt 0.2539703 0.45942938
vt 0.29227665 0.40987104
vt 0.30598557 0.39826077
vt 0.26905531 0.49643719
vt 0.37504673 0.47703916
vt 0.38203162 0.47286278
vt 0.38996378 0.48337322
vt 0.39045388 0.49427974
vt 0.38105991 0.45224917
vt 0.39930657 0.47897226
vt 0.36987099 0.49190938
vt 0.39840829 0.48940408
vt 0.39827782 0.46515626
vt 0.36301428 0.46345741
vt 0.37377173 0.49653119
vt 0.35112241 0.49321091
vt 0.40055102 0.45540613
vt 0.35246015 0.47707283
vt 0.36297527 0.44242114
vt 0.41012183 0.47571445
vt 0.41346124 0.46369398
vt 0.34000236 0.45639843
vt 0.34270903 0.48917973
vt 0.32341334 0.47602904
vt 0.34281036 0.43362927
vt 0.31734636 0.46805459
vt 0.33604223 0.44850713
vt 0.33137727 0.49596399
vt 0.32475808 0.46147734
vt 0.31872317 0.45620096
vt 0.3198736 0.49038482
vt 0.32579607 0.44990063
vt 0.65300328 0.48964405
vt 0.66191691 0.47780973
vt 0.66269064 0.49597216
vt 0.6534431 0.47382367
vt 0.6710459 0.49028504
vt 0.65819949 0.46362865
vt 0.68343258 0.48400974
vt 0.67858875 0.47484541
vt 0.64284325 0.46237159
vt 0.66606849 0.45640033
vt 0.62982076 0.4436506
vt 0.6987828 0.4755578
vt 0.65559322 0.44581705
vt 0.68156081 0.46532619
vt 0.63035762 0.45763034
vt 0.70464993 0.48338497
vt 0.69028616 0.46130753
vt 0.68226969 0.44857734
vt 0.68027675 0.45794761
vt 0.64165944 0.43665928
vt 0.70835793 0.46757674
vt 0.70640385 0.45935094
vt 0.66805285 0.43785149
vt 0.69151062 0.44227141
vt 0.72344226 0.45165992
vt 0.70746559 0.44175225
vt 0.71201891 0.46601164
vt 0.7237705 0.46111029
vt 0.048847668 0.37988001
vt 0.050256845 0.40251631
vt 0.032117758 0.40221727
vt 0.037082113 0.37987334
vt 0.064603195 0.37034529
vt 0.042531688 0.40846252
vt 0.023273369 0.38605726
vt 0.025489137 0.34779418
vt 0.06744647 0.3921051
vt 0.048819866 0.34310752
vt 0.019658554 0.40094298
vt 0.016611325 0.3668592
vt 0.074466795 0.41484296
vt 0.018180273 0.39164078
vt 0.019434163 0.38190132
vt 0.026987631 0.3402378
vt 0.0089036217 0.35856795
vt 0.051693916 0.41417271
vt 0.082012385 0.39234728
vt 0.016324505 0.3726778
vt 0.010701247 0.35068554
vt 0.005663584 0.36509943
vt 0.055510845 0.42280167
vt 0.084927283 0.41541278
vt 0.0052546361 0.36313331
vt 0.066825002 0.43413866
vt 0.050186176 0.42672026
vt 0.0043321755 0.36428744
vt 0.054961346 0.4320482
vt 0.40206605 0.43310088
vt 0.39726278 0.42897284
vt 0.40120351 0.42576271
vt 0.40957642 0.4262709
vt 0.4101181 0.42945683
vt 0.40815446 0.40858841
vt 0.40469393 0.43426734
vt 0.40789044 0.40645617
vt 0.40983677 0.43089259
vt 0.38303226 0.42014188
vt 0.37498248 0.3974303
vt 0.4073846 0.40518939
vt 0.36503282 0.4266358
vt 0.40717 0.39804506
vt 0.40635845 0.3951987
vt 0.40091291 0.37213171
vt 0.40729859 0.39248598
vt 0.40555438 0.3894453
vt 0.36111337 0.3884486
vt 0.40077922 0.37113583
vt 0.36517912 0.40730351
vt 0.39707056 0.3593266
vt 0.34731871 0.41560876
vt 0.37712875 0.34879452
vt 0.33333248 0.41796398
vt 0.35346097 0.41786438
vt 0.39619696 0.35438818
vt 0.35822061 0.36219531
vt 0.33648852 0.3956117
vt 0.33348253 0.43280405
vt 0.3508209 0.42823344
vt 0.39659557 0.34527141
vt 0.34327564 0.37592703
vt 0.35858467 0.34465015
vt 0.31667861 0.39371604
vt 0.31788662 0.41694582
vt 0.39479497 0.34121996
vt 0.49017912 0.96980351
vt 0.49796221 0.98565423
vt 0.47846097 0.98036438
vt 0.56835985 0.93808693
vt 0.54938346 0.93673682
vt 0.5676778 0.90819216
vt 0.54584819 0.95155591
vt 0.54282469 0.93409258
vt 0.54446959 0.94797242
vt 0.56518179 0.95628208
vt 0.54039598 0.93072355
vt 0.54578882 0.95221859
vt 0.54018331 0.92972094
vt 0.55521345 0.96336502
vt 0.54523057 0.95149714
vt 0.55530792 0.90693927
vt 0.56370646 0.97417408
vt 0.53526276 0.90654212
vt 0.57499719 0.99675733
vt 0.5815953 0.99669367
vt 0.50967997 0.91606194
vt 0.513771 0.89081341
vt 0.51663882 0.94267941
vt 0.50613815 0.92925894
vt 0.50442266 0.89249873
vt 0.52253485 0.91534567
vt 0.50750571 0.94499016
vt 0.52192324 0.93522805
vt 0.52150291 0.89487714
vt 0.51163983 0.95600176
vt 0.51055402 0.96162456
vt 0.51885623 0.97208554
vt 0.51222545 0.98104578
vt 0.51836085 0.97808748
vt 0.50554132 0.97492242
vt 0.56134576 0.82096493
vt 0.57220709 0.82595587
vt 0.55687594 0.82880878
vt 0.55358893 0.81417608
vt 0.57022333 0.81207985
vt 0.57273567 0.83416593
vt 0.56073892 0.85558683
vt 0.55185789 0.85141516
vt 0.57004964 0.85440212
vt 0.55593127 0.86420703
vt 0.57067394 0.86294901
vt 0.55011958 0.86547863
vt 0.56035066 0.87843221
vt 0.57270932 0.87882459
vt 0.56180316 0.90244782
vt 0.46826759 0.39984053
vt 0.45277649 0.40469694
vt 0.45624387 0.39247984
vt 0.47174537 0.38009387
vt 0.46023205 0.41433728
vt 0.48464292 0.39329743
vt 0.44815695 0.37952161
vt 0.45064583 0.42146593
vt 0.48698977 0.3733505
vt 0.47936586 0.40744615
vt 0.45449555 0.37428963
vt 0.44062033 0.40523118
vt 0.50206733 0.37596411
vt 0.49268866 0.41562456
vt 0.50871783 0.39871722
vt 0.50949097 0.41639239
vt 0.48658273 0.41885698
vt 0.51565212 0.38537955
vt 0.49528012 0.42471564
vt 0.47850412 0.4192121
vt 0.51743501 0.40773332
vt 0.51848221 0.37195492
vt 0.52838838 0.40005302
vt 0.48747301 0.42922682
vt 0.50823903 0.42741096
vt 0.51629251 0.41975933
vt 0.48831052 0.43443781
vt 0.50240958 0.43099457
vt 0.53145462 0.41394049
vt 0.52039105 0.43111563
vt 0.50839204 0.41840613
vt 0.61418051 0.34640914
vt 0.62470305 0.36357385
vt 0.61894816 0.37104434
vt 0.60473478 0.37742651
vt 0.63237321 0.3588112
vt 0.62617213 0.3851034
vt 0.6059534 0.40432167
vt 0.63779134 0.38820922
vt 0.62061787 0.39589489
vt 0.5874939 0.3870787
vt 0.63437647 0.39141363
vt 0.60341096 0.41776204
vt 0.59087014 0.37719136
vt 0.62106133 0.40986359
vt 0.62049669 0.41678989
vt 0.58448607 0.4054994
vt 0.57784593 0.37393886
vt 0.63087481 0.4022643
vt 0.62195122 0.43437588
vt 0.57886708 0.38736135
vt 0.62795597 0.39220536
vt 0.61261666 0.43045014
vt 0.56886405 0.4023754
vt 0.56729674 0.39053756
vt 0.64345276 0.43374175
vt 0.63641119 0.43066239
vt 0.63617939 0.41560161
vt 0.65224862 0.42108351
vt 0.66661417 0.41541761
vt 0.66376078 0.3924253
vt 0.65828121 0.37654501
vt 0.69931453 0.40667999
vt 0.63801855 0.39198333
vt 0.68336058 0.43187022
vt 0.676485 0.39108562
vt 0.62955475 0.40587294
vt 0.65285993 0.37479091
vt 0.65672529 0.38204592
vt 0.69678152 0.38602078
vt 0.71442151 0.3936941
vt 0.70329714 0.38029581
vt 0.83673948 0.71237814
vt 0.82208985 0.69114482
vt 0.8377642 0.69762868
vt 0.80773127 0.71736425
vt 0.82582855 0.72266853
vt 0.80211616 0.68987036
vt 0.83940923 0.72035462
vt 0.81773084 0.74513614
vt 0.78436518 0.71021855
vt 0.83182454 0.73330665
vt 0.80413014 0.74320066
vt 0.79839486 0.72407717
vt 0.78057247 0.70112789
vt 0.78568745 0.72120583
vt 0.76653957 0.69811606
vt 0.76346809 0.71487969
vt 0.78285605 0.68494487
vt 0.76015842 0.69790614
vt 0.76975387 0.69250357
vt 0.79075664 0.68044806
vt 0.75402796 0.70388377
vt 0.83699471 0.38393825
vt 0.83582127 0.39190173
vt 0.8177464 0.37764668
vt 0.82320476 0.40403253
vt 0.80066067 0.3678968
vt 0.80829543 0.39832973
vt 0.79237443 0.38474864
vt 0.77335107 0.3973425
vt 0.76284772 0.36219227
vt 0.78558779 0.40914273
vt 0.77330899 0.37818354
vt 0.78372568 0.35881561
vt 0.80620384 0.4221772
vt 0.77402467 0.42079908
vt 0.76318347 0.36876529
vt 0.7547583 0.41898108
vt 0.7615481 0.4332279
vt 0.92476153 0.37880224
vt 0.93281412 0.39452022
vt 0.92208719 0.40549731
vt 0.91036117 0.40009457
vt 0.93517911 0.3776409
vt 0.93598372 0.41000783
vt 0.91114545 0.38594598
vt 0.94014806 0.38429016
vt 0.90489727 0.38099802
vt 0.89410502 0.38038504
vt 0.91264451 0.36151987
vt 0.89840317 0.39619124
vt 0.89318055 0.36593163
vt 0.90318 0.41459936
vt 0.88938785 0.40461874
vt 0.88404244 0.37585473
vt 0.89976329 0.34916097
vt 0.87925625 0.38596088
vt 0.88643169 0.38257694
vt 0.91155308 0.35257417
vt 0.89011127 0.41766286
vt 0.89380807 0.42778003
vt 0.88311714 0.42693704
vt 0.90497023 0.43035442
vt 0.90698004 0.42147332
vt 0.89871794 0.43357307
vt 0.09288957 0.38473248
vt 0.10843918 0.38783497
vt 0.094829142 0.39740652
vt 0.084073901 0.39651304
vt 0.11314601 0.37894547
vt 0.10662167 0.39852059
vt 0.078170151 0.38803512
vt 0.097960956 0.37320524
vt 0.1172407 0.3924377
vt 0.10431059 0.40672117
vt 0.084957451 0.37535822
vt 0.12025465 0.36881202
vt 0.12432385 0.3842662
vt 0.092943124 0.40837598
vt 0.11361767 0.41490835
vt 0.12138748 0.40490991
vt 0.075434215 0.3765797
vt 0.088526562 0.36503553
vt 0.12816441 0.3748191
vt 0.10163625 0.36679745
vt 0.12919922 0.40110791
vt 0.089754954 0.41569531
vt 0.10697693 0.42336637
vt 0.068690963 0.38404244
vt 0.077904731 0.36370504
vt 0.11627223 0.3613537
vt 0.14248735 0.38916254
vt 0.11141817 0.43346018
vt 0.12481809 0.41625607
vt 0.066583328 0.37613875
vt 0.093387894 0.35417747
vt 0.10418811 0.35104454
vt 0.095355511 0.42598742
vt 0.12896407 0.30742121
vt 0.13691361 0.29355216
vt 0.15582223 0.30613977
vt 0.13963512 0.31352538
vt 0.16202508 0.28815448
vt 0.14144318 0.32520217
vt 0.17061932 0.31469625
vt 0.17553072 0.28840059
vt 0.15832333 0.35341895
vt 0.17733352 0.30958235
vt 0.17217326 0.34282088
vt 0.15089025 0.34537566
vt 0.19655725 0.30206728
vt 0.16661918 0.35706073
vt 0.13814476 0.34998149
vt 0.13849078 0.34215021
vt 0.18644448 0.31119663
vt 0.15989619 0.36412781
vt 0.13978495 0.35795343
vt 0.13142549 0.33645779
vt 0.15602146 0.370543
vt 0.070227891 0.50681317
vt 0.065479234 0.50003529
vt 0.092475437 0.50415224
vt 0.075400472 0.49684346
vt 0.093052045 0.47605848
vt 0.10199962 0.4801352
vt 0.10825564 0.49768072
vt 0.10562398 0.51615095
vt 0.098275684 0.52545726
vt 0.088653699 0.52480686
vt 0.10949546 0.52801442
vt 0.091811918 0.53661048
vt 0.08293058 0.514889
vt 0.10827634 0.5477941
vt 0.095464915 0.55842185
vt 0.087309949 0.55046767
vt 0.27997544 0.94165224
vt 0.27043056 0.95238906
vt 0.26549628 0.94057989
vt 0.34166864 0.90195161
vt 0.32785329 0.8943398
vt 0.33725101 0.88756669
vt 0.34218004 0.88598013
vt 0.32110792 0.88809443
vt 0.33566442 0.87135744
vt 0.3192617 0.90044689
vt 0.32277194 0.87180585
vt 0.34366193 0.86773896
vt 0.31654978 0.88083905
vt 0.35595435 0.88052523
vt 0.32637322 0.86514926
vt 0.35657743 0.86770988
vt 0.33502644 0.86127514
vt 0.3524819 0.86385828
vt 0.33911186 0.84780169
vt 0.32817757 0.85297912
vt 0.35004747 0.8422963
vt 0.33010623 0.83554018
vt 0.34698024 0.82967806
vt 0.33329412 0.81945527
vt 0.25975224 0.31970137
vt 0.25317341 0.30382025
vt 0.26465115 0.30877459
vt 0.24612008 0.31116128
vt 0.23093715 0.32646424
vt 0.25202858 0.34454083
vt 0.22800343 0.34194332
vt 0.27328476 0.3476429
vt 0.23687375 0.36017287
vt 0.20485033 0.33298659
vt 0.26605403 0.3536911
vt 0.2430135 0.36511159
vt 0.22553389 0.36100137
vt 0.19877908 0.341717
vt 0.25881839 0.3603465
vt 0.19177556 0.33360755
vt 0.19962741 0.37132305
vt 0.19133107 0.34856433
vt 0.148921 0.52372688
vt 0.13765284 0.52721888
vt 0.12859081 0.5106039
vt 0.15689357 0.50907719
vt 0.15574989 0.54372549
vt 0.1708048 0.51033247
vt 0.13864975 0.55449748
vt 0.16858719 0.53134513
vt 0.14907506 0.55738384
vt 0.16379848 0.55242997
vt 0.17562896 0.51827216
vt 0.15287688 0.56104606
vt 0.14085282 0.56454891
vt 0.176713 0.5476197
vt 0.16223195 0.56048143
vt 0.15661663 0.57256782
vt 0.14878456 0.57445914
vt 0.17582841 0.55792916
vt 0.16991447 0.56807995
vt 0.14043641 0.58938855
vt 0.15173444 0.58545816
vt 0.16376275 0.57499135
vt 0.5416525 0.3285569
vt 0.55469692 0.33111984
vt 0.53341293 0.33664572
vt 0.53349012 0.33123392
vt 0.55133677 0.31056613
vt 0.55907238 0.34492594
vt 0.50929445 0.32956809
vt 0.53706026 0.31445986
vt 0.56743413 0.3175441
vt 0.53902614 0.30637878
vt 0.54716891 0.34634227
vt 0.52020425 0.34158915
vt 0.5210706 0.31394881
vt 0.56324148 0.31040573
vt 0.54523522 0.29653382
vt 0.54153919 0.3612119
vt 0.51618665 0.35056871
vt 0.50418878 0.32338828
vt 0.53255361 0.30288857
vt 0.52277577 0.36077249
vt 0.50778306 0.30286902
vt 0.5198037 0.29502243
vt 0.53106129 0.3678757
vt 0.51349533 0.3542608
vt 0.53127003 0.29022408
vt 0.52178895 0.37152916
vt 0.51185894 0.36919498
vt 0.50426394 0.36007041
vt 0.69800121 0.34325147
vt 0.70184433 0.35215652
vt 0.69578534 0.35971022
vt 0.68328726 0.34727943
vt 0.68176645 0.36507165
vt 0.70132273 0.32507139
vt 0.67894214 0.3374061
vt 0.65230978 0.33771145
vt 0.67249489 0.32234257
vt 0.64899659 0.31589317
vt 0.65772581 0.29079854
vt 0.63931727 0.34248805
vt 0.64818257 0.30737269
vt 0.654522 0.34794271
vt 0.63653362 0.31645995
vt 0.63488472 0.29865354
vt 0.6325388 0.35303289
vt 0.62843424 0.29404491
vt 0.65775424 0.35783452
vt 0.63660312 0.36569166
vt 0.65458167 0.3717503
vt 0.66991389 0.36801678
vt 0.7372213 0.68699551
vt 0.74270892 0.66883886
vt 0.75056565 0.69661677
vt 0.73925912 0.71067548
vt 0.75647336 0.70921767
vt 0.72707862 0.6930021
vt 0.74208081 0.74189556
vt 0.73302841 0.72464347
vt 0.72171938 0.73591
vt 0.72623873 0.74645913
vt 0.86607683 0.31954259
vt 0.85221094 0.32616943
vt 0.85434204 0.31293327
vt 0.87245816 0.31116796
vt 0.83770674 0.310408
vt 0.87911975 0.31897318
vt 0.82331908 0.32578659
vt 0.8696391 0.33342904
vt 0.82796311 0.30858761
vt 0.84289193 0.3363589
vt 0.88081759 0.33047521
vt 0.81715566 0.30873853
vt 0.86154032 0.34424883
vt 0.82009375 0.34589463
vt 0.88202506 0.34447765
vt 0.85546887 0.347013
vt 0.83091074 0.35365766
vt 0.87179488 0.34450912
vt 0.89418739 0.33995277
vt 0.86792344 0.35499489
vt 0.82672256 0.35890704
vt 0.84418881 0.37078297
vt 0.84713393 0.35927558
vt 0.85841459 0.36808443
vt 0.56839687 0.76383501
vt 0.57139003 0.75188327
vt 0.59171301 0.76727033
vt 0.57697415 0.78434432
vt 0.59277743 0.75507832
vt 0.56640857 0.78223813
vt 0.5887441 0.78398049
vt 0.61649102 0.76443559
vt 0.60464251 0.78317982
vt 0.57237822 0.7916258
vt 0.61748916 0.77105981
vt 0.59662122 0.79749811
vt 0.63275933 0.78085208
vt 0.61060613 0.78862524
vt 0.57259893 0.8026886
vt 0.636536 0.76313174
vt 0.59023094 0.80887592
vt 0.64472383 0.7675724
vt 0.1889711 0.64736474
vt 0.17937227 0.64254022
vt 0.18737325 0.63332427
vt 0.17912023 0.6481117
vt 0.1730997 0.63195622
vt 0.1804205 0.62249482
vt 0.1726352 0.64399266
vt 0.17335469 0.60847664
vt 0.18958126 0.62917411
vt 0.1598886 0.64066875
vt 0.17896596 0.66178763
vt 0.18247466 0.60793781
vt 0.16762406 0.62452722
vt 0.16983864 0.65386742
vt 0.17435026 0.6713829
vt 0.16428268 0.6613068
vt 0.1781247 0.6833725
vt 0.76685417 0.44444865
vt 0.75443941 0.45211047
vt 0.76154107 0.43189806
vt 0.75744724 0.46046346
vt 0.74842733 0.4361403
vt 0.74847126 0.45542151
vt 0.7650317 0.46234924
vt 0.74460763 0.44584543
vt 0.75036317 0.42547053
vt 0.74936962 0.47078162
vt 0.76114643 0.4683882
vt 0.73734576 0.4399305
vt 0.73910278 0.41931981
vt 0.74342853 0.47624195
vt 0.75550449 0.47531921
vt 0.73159117 0.46973985
vt 0.72323459 0.42401332
vt 0.72572887 0.46112859
vt 0.73634195 0.48123282
vt 0.74912709 0.48977268
vt 0.72174025 0.47816449
vt 0.7356934 0.44941783
vt 0.75505102 0.49590272
vt 0.73672801 0.494353
vt 0.039311029 0.25737131
vt 0.048796684 0.2745173
vt 0.033379946 0.2815901
vt 0.0099095777 0.26219004
vt 0.049265191 0.26338232
vt 0.046463359 0.28928727
vt 0.021073762 0.29378575
vt 0.032213211 0.25397164
vt 0.053394664 0.24987155
vt 0.056388281 0.27607965
vt 0.015238376 0.24878311
vt 0.070751399 0.27503765
vt 0.051652826 0.29479319
vt 0.0039362991 0.26288813
vt 0.073196031 0.28480762
vt 0.061931141 0.29528153
vt 0.068648092 0.29708517
vt 0.077419139 0.30930638
vt 0.067046776 0.30648798
vt 0.42048526 0.77706218
vt 0.42276388 0.790851
vt 0.41306117 0.78604251
vt 0.41135406 0.77331209
vt 0.42644128 0.77943039
vt 0.41090977 0.78990316
vt 0.40538552 0.77403879
vt 0.43013585 0.76473522
vt 0.43385005 0.79215133
vt 0.42014274 0.79708612
vt 0.40079489 0.78895265
vt 0.40522033 0.76341462
vt 0.41899046 0.76740152
vt 0.44039923 0.77212107
vt 0.40827775 0.80109441
vt 0.38787317 0.77240992
vt 0.4197287 0.75560582
vt 0.42824125 0.75334102
vt 0.44431382 0.78335482
vt 0.41711962 0.80921257
vt 0.39553428 0.79251087
vt 0.45077223 0.77325177
vt 0.40187156 0.8053056
vt 0.38895571 0.78808057
vt 0.4356786 0.76385665
vt 0.37803242 0.78968108
vt 0.86405694 0.93805373
vt 0.8632344 0.92801625
vt 0.87371618 0.93817401
vt 0.87028635 0.94998437
vt 0.88473296 0.9260819
vt 0.87676018 0.95157272
vt 0.88515049 0.9413982
vt 0.8895573 0.91391903
vt 0.86781961 0.95694369
vt 0.88415003 0.96029109
vt 0.87672651 0.91162431
vt 0.86790508 0.90852183
vt 0.88648397 0.90373158
vt 0.87594068 0.96490818
vt 0.87309551 0.8988111
vt 0.86747342 0.96467513
vt 0.87983125 0.89208728
vt 0.30926308 0.33779705
vt 0.28876463 0.33005536
vt 0.29483181 0.31920803
vt 0.30157745 0.34160817
vt 0.28418288 0.32567447
vt 0.30950192 0.35546541
vt 0.32433009 0.33543718
vt 0.3264578 0.35938549
vt 0.33443889 0.34346795
vt 0.34430978 0.33660954
vt 0.33877987 0.37024021
vt 0.34607682 0.32753593
vt 0.35718289 0.34595585
vt 0.24996848 0.46385741
vt 0.24375738 0.45572823
vt 0.25401667 0.44770408
vt 0.24832337 0.42503166
vt 0.23665208 0.42834306
vt 0.22671616 0.42780507
vt 0.24361217 0.46943754
vt 0.23642302 0.48293471
vt 0.25285077 0.48186612
vt 0.21194661 0.44851494
vt 0.2454733 0.49636102
vt 0.21479422 0.46325618
vt 0.23680875 0.49412298
vt 0.19288231 0.45903921
vt 0.23973835 0.49661547
vt 0.23382097 0.49394947
vt 0.2038396 0.47542429
vt 0.23792014 0.49639857
vt 0.21529034 0.48358816
vt 0.2356241 0.49515438
vt 0.19369105 0.46756387
vt 0.23660704 0.49560338
vt 0.19048426 0.46655095
vt 0.69089442 0.57562149
vt 0.70682555 0.56770492
vt 0.71672183 0.58842516
vt 0.73962682 0.57330084
vt 0.72146344 0.61079872
vt 0.75340301 0.58250529
vt 0.75490648 0.59903371
vt 0.74320734 0.61376369
vt 0.75597954 0.62058246
vt 0.76124805 0.60332972
vt 0.76166564 0.6174823
vt 0.53899878 0.48383909
vt 0.54820806 0.48562765
vt 0.53481889 0.50085878
vt 0.54224956 0.46958828
vt 0.55543548 0.49879646
vt 0.5472312 0.46436447
vt 0.54201877 0.45700079
vt 0.55416989 0.48159516
vt 0.54394275 0.50340712
vt 0.55964845 0.46531141
vt 0.55990285 0.48570663
vt 0.55475825 0.51464075
vt 0.56410766 0.49509287
vt 0.56934255 0.52133048
vt 0.54424345 0.52596152
vt 0.56872332 0.48734593
vt 0.55605334 0.52804029
vt 0.26598117 0.93311441
vt 0.26099959 0.93833828
vt 0.25381854 0.93259227
vt 0.37372407 0.2512266
vt 0.37507477 0.26569569
vt 0.35930315 0.26522952
vt 0.38279408 0.24718803
vt 0.36119995 0.27444518
vt 0.38690063 0.25997913
vt 0.37540585 0.27657735
vt 0.38392073 0.27458459
vt 0.37155446 0.28818738
vt 0.38475779 0.28909296
vt 0.34663615 0.27614796
vt 0.36347032 0.29941136
vt 0.35334632 0.26661527
vt 0.35251343 0.29986686
vt 0.35933223 0.25709271
vt 0.34343034 0.26137316
vt 0.34249327 0.30369091
vt 0.33876473 0.27812368
vt 0.3367635 0.28581238
vt 0.34044582 0.24949867
vt 0.32617411 0.29605883
vt 0.35394892 0.24424165
vt 0.32102823 0.28287989
vt 0.32725683 0.30836326
vt 0.36804664 0.25112003
vt 0.3180027 0.30151892
vt 0.31698623 0.28610748
vt 0.60285026 0.93598419
vt 0.61187702 0.92805898
vt 0.60739779 0.9519766
vt 0.59832847 0.96444494
vt 0.62026924 0.96077198
vt 0.59874994 0.98041272
vt 0.62048745 0.98023134
vt 0.62392873 0.97187829
vt 0.61417055 0.99601746
vt 0.62926835 0.98507524
vt 0.97564089 0.4029215
vt 0.97888374 0.42072767
vt 0.96182132 0.41025567
vt 0.95533407 0.39789325
vt 0.9668088 0.42632651
vt 0.9488501 0.44205266
vt 0.97986424 0.435031
vt 0.96298039 0.44415182
vt 0.97083241 0.44904488
vt 0.96207696 0.4536258
vt 0.98465788 0.44634002
vt 0.95595783 0.46478361
vt 0.98991281 0.44327509
vt 0.97533685 0.45959568
vt 0.97145802 0.45902687
vt 0.94361854 0.46099335
vt 0.98930621 0.45322978
vt 0.9441151 0.4532969
vt 0.9837383 0.46340692
vt 0.942321 0.44288206
vt 0.4731397 0.31769216
vt 0.46540484 0.32268113
vt 0.46354502 0.30494308
vt 0.47239801 0.33176738
vt 0.45580104 0.32022983
vt 0.4540517 0.34274191
vt 0.47930717 0.33128339
vt 0.46854651 0.3490662
vt 0.47622842 0.34881675
vt 0.44090834 0.33800787
vt 0.48365977 0.35722375
vt 0.48772112 0.33923578
vt 0.49412489 0.35815006
vt 0.50372404 0.36232132
vt 0.48889464 0.37037468
vt 0.50267577 0.36925828
vt 0.4116711 0.62718803
vt 0.39560732 0.61810976
vt 0.40585539 0.6201973
vt 0.41169176 0.63003159
vt 0.41443557 0.63000691
vt 0.39339712 0.63033187
vt 0.40646219 0.64105719
vt 0.39041892 0.64744389
vt 0.40590587 0.65486699
vt 0.3994115 0.6677376
vt 0.38184071 0.66679561
vt 0.37972292 0.65684259
vt 0.38237777 0.67657673
vt 0.38638869 0.6828689
vt 0.82289481 0.44297761
vt 0.81700975 0.4423672
vt 0.82384747 0.43218368
vt 0.84127933 0.4422881
vt 0.81909621 0.42200875
vt 0.83449757 0.45798099
vt 0.84419745 0.43291932
vt 0.8391937 0.41808373
vt 0.84801996 0.45847386
vt 0.83047462 0.46331137
vt 0.85696054 0.43608814
vt 0.83973527 0.40679908
vt 0.8522113 0.44220483
vt 0.83809447 0.46556634
vt 0.85695934 0.41944039
vt 0.85203081 0.3992514
vt 0.96524674 0.5665251
vt 0.96230984 0.55406618
vt 0.97028148 0.56290638
vt 0.95081204 0.55902529
vt 0.97248292 0.55475682
vt 0.94634551 0.54133523
vt 0.95537144 0.57172406
vt 0.97654706 0.54894447
vt 0.9419992 0.56121963
vt 0.94202507 0.5763787
vt 0.93685937 0.54226911
vt 0.93156564 0.57528543
vt 0.92878813 0.55231822
vt 0.92969495 0.56500399
vt 0.9168967 0.5383237
vt 0.92249054 0.57466978
vt 0.92037237 0.56707537
vt 0.92621857 0.58996272
vt 0.91636384 0.58326948
vt 0.91084522 0.56696916
vt 0.22506808 0.29189104
vt 0.2376056 0.28841835
vt 0.23930989 0.2997002
vt 0.22879466 0.3093918
vt 0.2213124 0.27594751
vt 0.21607523 0.30276906
vt 0.22872637 0.25588322
vt 0.21675698 0.29202133
vt 0.20723276 0.2764439
vt 0.24293765 0.27465415
vt 0.20398137 0.29997575
vt 0.2146975 0.24774766
vt 0.25672594 0.29736346
vt 0.19176 0.26981497
vt 0.2576727 0.28425741
vt 0.19488555 0.28263801
vt 0.74668419 0.37560171
vt 0.72890908 0.36557615
vt 0.74356097 0.34751433
vt 0.75950718 0.36207455
vt 0.73669189 0.37456888
vt 0.7618739 0.3560999
vt 0.76521093 0.37865353
vt 0.73876137 0.38984418
vt 0.72179019 0.38060218
vt 0.75762367 0.34629273
vt 0.76574224 0.38888288
vt 0.72636527 0.39215446
vt 0.74960464 0.39034837
vt 0.74697948 0.33835059
vt 0.75749123 0.3877697
vt 0.73969001 0.40245128
vt 0.7498787 0.39979106
vt 0.75980777 0.39498889
vt 0.95380348 0.32574672
vt 0.94312835 0.31987822
vt 0.96093941 0.31568885
vt 0.96418077 0.32312131
vt 0.9714241 0.31772172
vt 0.97534698 0.30953526
vt 0.97125816 0.34180325
vt 0.98613375 0.31771624
vt 0.95813829 0.33499336
vt 0.99833298 0.31311125
vt 0.99062055 0.32943326
vt 0.94509721 0.34454888
vt 0.99663609 0.32193416
vt 0.99153811 0.34251094
vt 0.96349072 0.3572247
vt 0.97197771 0.34929311
vt 0.95302933 0.35721093
vt 0.99094856 0.35949618
vt 0.97748917 0.35978168
vt 0.95267004 0.36869657
vt 0.94159031 0.37028265
vt 0.96659499 0.36828083
vt 0.86520827 0.69845742
vt 0.86822414 0.7057786
vt 0.85472423 0.70882672
vt 0.84726685 0.70625627
vt 0.86698145 0.71247667
vt 0.860789 0.69148302
vt 0.85919911 0.72182816
vt 0.86679387 0.7298404
vt 0.84968162 0.72167695
vt 0.87404543 0.7200017
vt 0.87105817 0.70832759
vt 0.88230574 0.72383803
vt 0.8857531 0.70905244
vt 0.88074315 0.73912895
vt 0.88120884 0.70041895
vt 0.88863349 0.73309445
vt 0.86744326 0.74680305
vt 0.90062124 0.71017778
vt 0.90258873 0.70095509
vt 0.89343482 0.72287679
vt 0.88513827 0.74377728
vt 0.89779866 0.68957603
vt 0.90421927 0.71875376
vt 0.88024962 0.68382585
vt 0.89116389 0.6829409
vt 0.76426339 0.98003715
vt 0.76939452 0.984846
vt 0.7575047 0.99645948
vt 0.77440244 0.97753888
vt 0.80186558 0.96586013
vt 0.79369313 0.98247737
vt 0.75435662 0.97618854
vt 0.80225307 0.9792906
vt 0.80106837 0.95567709
vt 0.80985969 0.98085928
vt 0.81562859 0.97243387
vt 0.43088579 0.4541353
vt 0.44114855 0.4463079
vt 0.45509219 0.47546124
vt 0.44052514 0.49489766
vt 0.42362201 0.44155711
vt 0.4512527 0.44561225
vt 0.42999384 0.4767614
vt 0.4414205 0.43268991
vt 0.42912716 0.49692249
vt 0.41066325 0.480766
vt 0.41799518 0.4875415
vt 0.70180029 0.97565579
vt 0.71644843 0.97841132
vt 0.71888453 0.99051541
vt 0.70272475 0.99199456
vt 0.7262643 0.97983974
vt 0.69166839 0.97927481
vt 0.74093527 0.98302692
vt 0.69104069 0.9961527
vt 0.74118412 0.97495914
vt 0.75285846 0.97945851
vt 0.58915532 0.31465685
vt 0.58172548 0.34012318
vt 0.56666023 0.33042771
vt 0.57279396 0.2998392
vt 0.60663015 0.32072103
vt 0.58612943 0.29811519
vt 0.60200071 0.33457989
vt 0.61846113 0.31386024
vt 0.58501822 0.27856249
vt 0.59583604 0.28944892
vt 0.60654765 0.29839551
vt 0.62140822 0.31931412
vt 0.61690408 0.30253011
vt 0.6062938 0.28827494
vt 0.39797473 0.33566606
vt 0.40398929 0.34480923
vt 0.39813694 0.34817553
vt 0.39430901 0.32381177
vt 0.39912474 0.3620252
vt 0.40978709 0.33055174
vt 0.39292035 0.32902724
vt 0.40971208 0.35911465
vt 0.41332635 0.34631693
vt 0.3790485 0.32997268
vt 0.42134601 0.36571968
vt 0.42052075 0.33743286
vt 0.40830439 0.37068409
vt 0.42006868 0.32339847
vt 0.42620996 0.3534919
vt 0.42675388 0.3340975
vt 0.42834759 0.34361994
vt 0.43499729 0.32173455
vt 0.4266513 0.31100458
vt 0.43721506 0.31352514
vt 0.41723281 0.90182227
vt 0.40306392 0.88261151
vt 0.40614074 0.87898773
vt 0.40612394 0.90330786
vt 0.39595619 0.85813266
vt 0.41481566 0.91529089
vt 0.39381963 0.86802685
vt 0.40706548 0.87061036
vt 0.40275371 0.91806608
vt 0.39694563 0.87847656
vt 0.3958858 0.91552848
vt 0.72739297 0.3022238
vt 0.74702585 0.29922187
vt 0.74223083 0.3207863
vt 0.72312951 0.3217836
vt 0.73853719 0.29415941
vt 0.74852866 0.32109058
vt 0.72952563 0.32647914
vt 0.75255269 0.28670591
vt 0.74181592 0.3295216
vt 0.75253695 0.31028402
vt 0.72762674 0.34079105
vt 0.76672995 0.29241329
vt 0.7420612 0.27865267
vt 0.76158482 0.31353068
vt 0.76581228 0.30379921
vt 0.73343098 0.34041482
vt 0.69089001 0.77540326
vt 0.70153421 0.77112317
vt 0.69669402 0.78116715
vt 0.70974898 0.77374196
vt 0.74752003 0.79720289
vt 0.73139423 0.8028667
vt 0.74934548 0.79926449
vt 0.74163425 0.80936474
vt 0.74980134 0.79836768
vt 0.46605185 0.8659845
vt 0.45665821 0.85597491
vt 0.46567804 0.84410566
vt 0.47208059 0.8518368
vt 0.457623 0.87589484
vt 0.44986036 0.87147695
vt 0.45870113 0.89419913
vt 0.44939402 0.85912514
vt 0.46441901 0.90221822
vt 0.44204116 0.85810101
vt 0.44996426 0.85215199
vt 0.4522942 0.2645945
vt 0.43694454 0.29596615
vt 0.43537 0.26977456
vt 0.42798349 0.25132102
vt 0.45811176 0.27680826
vt 0.42524043 0.29910254
vt 0.43951377 0.25047499
vt 0.4210867 0.25982332
vt 0.45591515 0.29823411
vt 0.45515263 0.25102383
vt 0.41462535 0.25623846
vt 0.41007099 0.29864913
vt 0.41086814 0.26614726
vt 0.42101678 0.30654353
vt 0.40988332 0.3093493
vt 0.91796321 0.28457069
vt 0.93663126 0.30312264
vt 0.9157607 0.30668992
vt 0.90426189 0.30725801
vt 0.93822557 0.31990397
vt 0.89598936 0.28842086
vt 0.91413832 0.31995535
vt 0.87939548 0.30747133
vt 0.91576093 0.33961141
vt 0.89862543 0.3186596
vt 0.89492232 0.3362577
vt 0.88109231 0.326819
vt 0.054603372 0.31756645
vt 0.052579943 0.32474899
vt 0.043810893 0.32564956
vt 0.03941394 0.31024349
vt 0.062147941 0.33943242
vt 0.033415515 0.31866288
vt 0.045938332 0.30329806
vt 0.038890906 0.33276224
vt 0.025522469 0.32691056
vt 0.026474342 0.30134219
vt 0.010356206 0.32347125
vt 0.020025834 0.31327665
vt 0.0039188638 0.33528769
vt 0.014850776 0.29321414
vt 0.49575767 0.86405933
vt 0.48182568 0.87068421
vt 0.4883987 0.85623837
vt 0.49127293 0.87030309
vt 0.47521663 0.84565449
vt 0.48437223 0.88207334
vt 0.47267562 0.86596471
vt 0.48534182 0.84408104
vt 0.49490574 0.87761152
vt 0.47615197 0.8774873
vt 0.49752763 0.89658242
vt 0.47975409 0.89513743
vt 0.48544678 0.9014228
vt 0.42553842 0.42848772
vt 0.42056337 0.4191162
vt 0.43675166 0.42356789
vt 0.43652493 0.43405145
vt 0.4140062 0.43176943
vt 0.42759526 0.40946233
vt 0.41096982 0.41747648
vt 0.41945267 0.40733922
vt 0.44250968 0.41929758
vt 0.41902229 0.39950484
vt 0.43972942 0.40724224
vt 0.43726799 0.39577705
vt 0.41934583 0.39148551
vt 0.43541101 0.38198513
vt 0.44543248 0.38873005
vt 0.44955257 0.38240308
vt 0.44453713 0.37452269
vt 0.37687209 0.62452459
vt 0.37855211 0.63779277
vt 0.36166659 0.62623703
vt 0.35162592 0.63525307
vt 0.37497061 0.64930218
vt 0.35161638 0.62594485
vt 0.34677798 0.64748836
vt 0.35490876 0.65598202
vt 0.36568406 0.65729082
vt 0.34821558 0.65962148
vt 0.3713592 0.66543984
vt 0.36369169 0.66914606
vt 0.37959537 0.66110194
vt 0.3724373 0.68114316
vt 0.38353091 0.68075716
vt 0.37663785 0.68436056
vt 0.3745226 0.68084192
vt 0.65943068 0.28865397
vt 0.66102499 0.27187264
vt 0.68855184 0.28146017
vt 0.68189532 0.30836141
vt 0.67969304 0.25332069
vt 0.70273393 0.3050077
vt 0.70166689 0.25717086
vt 0.71826077 0.27622133
vt 0.71656394 0.295569
vt 0.80040199 0.92683339
vt 0.81060481 0.9290452
vt 0.8135218 0.93455565
vt 0.80605972 0.94067109
vt 0.80938792 0.90768224
vt 0.82226127 0.95540845
vt 0.8064695 0.90647775
vt 0.81812704 0.95892394
vt 0.80947554 0.96518558
vt 0.80095619 0.95439947
vt 0.75473922 0.80903196
vt 0.75301534 0.79938573
vt 0.77577668 0.82046932
vt 0.76633298 0.7988618
vt 0.78892779 0.81646538
vt 0.8106553 0.82383537
vt 0.093678452 0.33359402
vt 0.095859513 0.32655102
vt 0.11312819 0.33079207
vt 0.10682499 0.34011608
vt 0.10533968 0.3161031
vt 0.11797641 0.31422096
vt 0.089826033 0.31897616
vt 0.1116564 0.30935037
vt 0.094913103 0.31232542
vt 0.086941943 0.3273406
vt 0.12251218 0.30563593
vt 0.078538753 0.31768537
vt 0.11506619 0.28431904
vt 0.081910826 0.30929333
vt 0.075536296 0.33417964
vt 0.1076986 0.28931391
vt 0.071821876 0.31210679
vt 0.085657157 0.29842848
vt 0.065503947 0.32399756
vt 0.10445977 0.29433101
vt 0.7603004 0.67067057
vt 0.75499016 0.68269098
vt 0.74532026 0.6676929
vt 0.74919873 0.65873218
vt 0.74973345 0.64452392
vt 0.75497657 0.65345854
vt 0.73546493 0.65013576
vt 0.76895344 0.65889537
vt 0.76502621 0.64911091
vt 0.73723549 0.64198911
vt 0.7319541 0.65705657
vt 0.76328117 0.63362539
vt 0.74846345 0.63587672
vt 0.72812551 0.642331
vt 0.73717761 0.66879797
vt 0.72385526 0.65066648
vt 0.72876638 0.62811661
vt 0.74405199 0.62691128
vt 0.72200358 0.66656446
vt 0.24418744 0.40150011
vt 0.2474409 0.38704252
vt 0.25401855 0.40032071
vt 0.23796481 0.38594562
vt 0.26018661 0.39337051
vt 0.23310599 0.39965749
vt 0.24733198 0.37565035
vt 0.25493923 0.38688248
vt 0.2219452 0.38589907
vt 0.23022923 0.36674041
vt 0.22269909 0.37340349
vt 0.24100073 0.36465096
vt 0.27297533 0.37380898
vt 0.2459687 0.36442435
vt 0.27056763 0.36815941
vt 0.26460132 0.39149249
vt 0.27842218 0.38441408
vt 0.26259038 0.36206186
vt 0.27041754 0.39166957
vt 0.89735162 0.85564744
vt 0.88162249 0.84290385
vt 0.89471257 0.84770626
vt 0.88319963 0.85482186
vt 0.885952 0.83528399
vt 0.87623626 0.85704041
vt 0.8757903 0.8362186
vt 0.87053668 0.84770429
vt 0.87985533 0.81869823
vt 0.86477095 0.8570556
vt 0.86196536 0.82502061
vt 0.86143637 0.85233653
vt 0.87008137 0.86578941
vt 0.86171448 0.83172035
vt 0.88055652 0.86088699
vt 0.86065352 0.85876381
vt 0.88037366 0.87160063
vt 0.8532753 0.85083097
vt 0.84809446 0.86192214
vt 0.47968581 0.30789697
vt 0.47285163 0.30040497
vt 0.49513191 0.29790521
vt 0.48545006 0.28380406
vt 0.49833113 0.28089488
vt 0.4760817 0.2847749
vt 0.50906026 0.29151022
vt 0.49280336 0.27698773
vt 0.47224542 0.27926964
vt 0.52451569 0.28835589
vt 0.48193499 0.27677208
vt 0.52083695 0.27432096
vt 0.48129764 0.26860869
vt 0.27335787 0.27055943
vt 0.25371167 0.26782113
vt 0.2695663 0.25501561
vt 0.28305003 0.25888753
vt 0.26863888 0.28013611
vt 0.29533347 0.28438157
vt 0.27103314 0.29501605
vt 0.26288098 0.30359524
vt 0.29377669 0.26413941
vt 0.28547251 0.29267532
vt 0.27978024 0.30512893
vt 0.2921609 0.30874604
vt 0.29273662 0.29343486
vt 0.30501083 0.30054814
vt 0.56824791 0.44905335
vt 0.56239933 0.43283463
vt 0.57199728 0.43124354
vt 0.58759749 0.43510067
vt 0.55519474 0.43463659
vt 0.55812508 0.42544663
vt 0.57884961 0.41890913
vt 0.55022526 0.44072294
vt 0.58549666 0.42512333
vt 0.55659443 0.45707065
vt 0.5408442 0.43060637
vt 0.54738748 0.45271474
vt 0.53711897 0.44838643
vt 0.53696871 0.41837907
vt 0.55188751 0.46533072
vt 0.54797518 0.41145307
vt 0.53608823 0.45264226
vt 0.96831554 0.8223998
vt 0.96195483 0.82099193
vt 0.9667486 0.80361509
vt 0.97557241 0.81294829
vt 0.94956326 0.84027117
vt 0.98336655 0.7997365
vt 0.97654885 0.82219297
vt 0.94087929 0.83185303
vt 0.98233581 0.82039911
vt 0.98849016 0.80915016
vt 0.98615772 0.83160698
vt 0.99422503 0.82164818
vt 0.80617476 0.25947404
vt 0.80826467 0.27077436
vt 0.79502404 0.26672751
vt 0.82021439 0.26609391
vt 0.79492134 0.27294582
vt 0.81594318 0.29258931
vt 0.80038196 0.28463757
vt 0.82836437 0.28289831
vt 0.78951252 0.27997673
vt 0.79984975 0.29336715
vt 0.83751309 0.28404671
vt 0.82175761 0.30443984
vt 0.81053138 0.3072235
vt 0.79167682 0.29567826
vt 0.79642534 0.30894762
vt 0.78497583 0.29178244
vt 0.36314642 0.84992951
vt 0.35728645 0.86131597
vt 0.35144058 0.84740007
vt 0.35126004 0.84652817
vt 0.37634692 0.84902591
vt 0.35418704 0.85909796
vt 0.36124775 0.84028798
vt 0.37234804 0.87058663
vt 0.36755309 0.83192825
vt 0.35422489 0.86094159
vt 0.35126117 0.84633917
vt 0.37953809 0.86378652
vt 0.38298935 0.84287727
vt 0.35100591 0.83355504
vt 0.35104385 0.84494078
vt 0.34966174 0.81805503
vt 0.34970328 0.83429551
vt 0.34764689 0.81933415
vt 0.36970618 0.82100588
vt 0.34941694 0.83283502
vt 0.34749842 0.81750202
vt 0.97910517 0.28832746
vt 0.97500169 0.29441005
vt 0.97061551 0.27840132
vt 0.98451734 0.27045637
vt 0.96585923 0.28989947
vt 0.971775 0.26401645
vt 0.98578656 0.28194249
vt 0.96347731 0.27906978
vt 0.96757275 0.29989845
vt 0.98003221 0.25851059
vt 0.96230978 0.26797915
vt 0.99016303 0.27342564
vt 0.96096051 0.28941268
vt 0.97667062 0.30874753
vt 0.99348772 0.26491868
vt 0.96712422 0.30809438
vt 0.94973642 0.29226661
vt 0.94757074 0.28925598
vt 0.94099677 0.2987262
vt 0.29214394 0.8919999
vt 0.29272357 0.88331246
vt 0.30499017 0.88036084
vt 0.30642399 0.8937977
vt 0.29397234 0.86774254
vt 0.29622591 0.90006268
vt 0.31272614 0.85173827
vt 0.2844997 0.90256029
vt 0.49260625 0.56496572
vt 0.50682157 0.57109082
vt 0.50098717 0.57484949
vt 0.49029702 0.58036226
vt 0.52124363 0.56824744
vt 0.50323832 0.58779383
vt 0.48414856 0.5807327
vt 0.5230996 0.57579494
vt 0.51277786 0.58633518
vt 0.47401905 0.57696569
vt 0.48109296 0.58986974
vt 0.48963574 0.59012401
vt 0.47234303 0.5673641
vt 0.47415516 0.58381569
vt 0.48131493 0.55464196
vt 0.49808636 0.55376369
vt 0.085276753 0.26321381
vt 0.095306702 0.25214189
vt 0.10902905 0.26386374
vt 0.10480396 0.2709499
vt 0.073421143 0.2475642
vt 0.11052481 0.24690664
vt 0.10846309 0.27710187
vt 0.086299509 0.2781927
vt 0.094555371 0.23630524
vt 0.0693051 0.26534635
vt 0.10776576 0.24076498
vt 0.078139625 0.22977972
vt 0.067179494 0.25153136
vt 0.087100059 0.22657561
vt 0.071924083 0.23583221
vt 0.06718646 0.2646758
vt 0.06717851 0.24971753
vt 0.067176536 0.24705267
vt 0.067173742 0.23932326
vt 0.067171186 0.23386192
vt 0.067169085 0.22954023
vt 0.069789194 0.22935444
vt 0.067168519 0.22797483
vt 0.074419022 0.2315594
vt 0.84737939 0.30120295
vt 0.86061525 0.30070674
vt 0.86077148 0.30876064
vt 0.86511856 0.29129392
vt 0.87349933 0.30705112
vt 0.87505692 0.29528075
vt 0.85218149 0.2813971
vt 0.86954129 0.28182268
vt 0.86486483 0.27241546
vt 0.88174731 0.28440839
vt 0.88253438 0.25689584
vt 0.872908 0.2584796
vt 0.13616492 0.26747036
vt 0.12819955 0.26765901
vt 0.14532731 0.25080729
vt 0.15439245 0.27353877
vt 0.1454047 0.23684913
vt 0.15721247 0.25949097
vt 0.16432033 0.27737367
vt 0.16305748 0.23520792
vt 0.16784219 0.25193119
vt 0.14581722 0.22671849
vt 0.17353588 0.27079046
vt 0.17531054 0.23357445
vt 0.18003199 0.24790603
vt 0.17952207 0.27702016
vt 0.17994741 0.23359025
vt 0.26303053 0.95919943
vt 0.25655654 0.96163487
vt 0.26481703 0.9448117
vt 0.25985563 0.99530369
vt 0.25585836 0.94536453
vt 0.2539548 0.98535049
vt 0.29488489 0.24552661
vt 0.30824098 0.23639125
vt 0.30723867 0.24956334
vt 0.29634726 0.25862765
vt 0.31353047 0.24416971
vt 0.28578269 0.25576586
vt 0.30513707 0.26601106
vt 0.31569079 0.2292732
vt 0.32520032 0.24449658
vt 0.31991076 0.26384264
vt 0.32238206 0.2346825
vt 0.32353872 0.23636621
vt 0.32021093 0.27519995
vt 0.32751426 0.24599266
vt 0.32449973 0.26615787
vt 0.30650952 0.27685487
vt 0.3286767 0.25725496
vt 0.32425654 0.26698637
vt 0.28228047 0.96291971
vt 0.29113206 0.9534325
vt 0.29742473 0.95613742
vt 0.50873011 0.27242166
vt 0.5043596 0.27243757
vt 0.51046526 0.25851095
vt 0.5262633 0.26349741
vt 0.53995293 0.25282353
vt 0.52727622 0.27173823
vt 0.51027989 0.24380511
vt 0.54274201 0.23745465
vt 0.53669381 0.27755374
vt 0.5530622 0.24979132
vt 0.54825175 0.26532108
vt 0.59931558 0.26116425
vt 0.60552508 0.27008915
vt 0.59912038 0.27354568
vt 0.59000397 0.25316358
vt 0.61610192 0.26938146
vt 0.58691144 0.276097
vt 0.60302019 0.25165439
vt 0.60925817 0.25928825
vt 0.57723045 0.25677681
vt 0.5918768 0.24283266
vt 0.57275617 0.25952959
vt 0.58172035 0.24451536
vt 0.58222789 0.27271962
vt 0.5666669 0.24561584
vt 0.57568043 0.23536402
vt 0.58534145 0.27715778
vt 0.56616706 0.24447274
vt 0.77509671 0.30831999
vt 0.7671206 0.30222875
vt 0.7755022 0.29132473
vt 0.78175712 0.31693697
vt 0.76574421 0.31207663
vt 0.79816955 0.31755245
vt 0.75772715 0.31962901
vt 0.78580904 0.32599598
vt 0.76834697 0.32329297
vt 0.75440079 0.33363867
vt 0.77783376 0.33093148
vt 0.77333486 0.34003323
vt 0.66150677 0.25733656
vt 0.64637858 0.26138741
vt 0.65054929 0.25089419
vt 0.65914083 0.24111146
vt 0.64852792 0.27651972
vt 0.64325845 0.24555582
vt 0.67497927 0.25466037
vt 0.63602644 0.27167934
vt 0.63660568 0.25366539
vt 0.67861211 0.23611897
vt 0.63527054 0.25340563
vt 0.63482291 0.25543481
vt 0.63962805 0.24628079
vt 0.63060361 0.26740509
vt 0.64049244 0.24528986
vt 0.62810957 0.27179128
vt 0.03458653 0.85342765
vt 0.045992468 0.84779239
vt 0.052803371 0.85243559
vt 0.040867731 0.86140037
vt 0.042731389 0.8392899
vt 0.052742567 0.87023234
vt 0.053498883 0.84649897
vt 0.05302275 0.83574283
vt 0.045034461 0.82879472
vt 0.062730417 0.83681494
vt 0.058629546 0.82206607
vt 0.05222261 0.55976671
vt 0.048349921 0.57428718
vt 0.028563255 0.56780404
vt 0.031080442 0.55230695
vt 0.028792219 0.57676589
vt 0.01934978 0.56211829
vt 0.038358666 0.5852437
vt 0.014342587 0.57886213
vt 0.011255499 0.57297534
vt 0.020221492 0.58870077
vt 0.0038051407 0.56291008
vt 0.010023133 0.57594448
vt 0.010778442 0.589001
vt 0.0077289785 0.57256299
vt 0.46543121 0.7836796
vt 0.47489765 0.7715376
vt 0.47159171 0.78995287
vt 0.46023345 0.80643141
vt 0.44112223 0.78554064
vt 0.48442993 0.78930134
vt 0.44475445 0.79968941
vt 0.47312194 0.80335802
vt 0.48979032 0.78502363
vt 0.44972399 0.8066802
vt 0.44657826 0.80812526
vt 0.73665297 0.81676376
vt 0.75585723 0.8170892
vt 0.72229338 0.83574349
vt 0.70663393 0.81639838
vt 0.74397355 0.83007711
vt 0.70960873 0.82941258
vt 0.7405318 0.83968908
vt 0.52655679 0.87826562
vt 0.55072367 0.87984049
vt 0.53732532 0.88220835
vt 0.52526736 0.897035
vt 0.53930527 0.87016827
vt 0.5171569 0.89092672
vt 0.53354257 0.90195084
vt 0.51429683 0.87639147
vt 0.503887 0.89009476
vt 0.81714272 0.83105737
vt 0.83834279 0.81351399
vt 0.83755988 0.8376928
vt 0.82598794 0.81272566
vt 0.85296232 0.83940828
vt 0.85973465 0.80948126
vt 0.86326593 0.82099128
vt 0.4983269 0.71729362
vt 0.51002085 0.73479593
vt 0.50090349 0.74159241
vt 0.49365121 0.73151028
vt 0.51895756 0.74224472
vt 0.4881416 0.73987263
vt 0.48031411 0.72070283
vt 0.48351854 0.7463764
vt 0.48317087 0.73328507
vt 0.47307333 0.73542643
vt 0.7681967 0.2772783
vt 0.75465989 0.27458298
vt 0.76914603 0.2726782
vt 0.75054127 0.24954057
vt 0.74021888 0.26552266
vt 0.76835829 0.25016457
vt 0.73955381 0.24976933
vt 0.73265129 0.26492542
vt 0.7276873 0.24298179
vt 0.7218948 0.25245047
vt 0.2493929 0.90322685
vt 0.24004389 0.9013285
vt 0.23910469 0.89411187
vt 0.25086045 0.88457549
vt 0.24512286 0.8820467
vt 0.25903985 0.89614528
vt 0.25986892 0.88284993
vt 0.27421385 0.89834297
vt 0.27385321 0.88077044
vt 0.28479308 0.8953408
vt 0.84020132 0.25564271
vt 0.84183633 0.26945627
vt 0.83113867 0.25469381
vt 0.83448833 0.24992657
vt 0.84607941 0.25838572
vt 0.82119846 0.25250828
vt 0.82381648 0.24004322
vt 0.85380179 0.25121903
vt 0.84920973 0.26272374
vt 0.84542388 0.25568801
vt 0.82454813 0.27027327
vt 0.83639115 0.24308538
vt 0.85245132 0.24039859
vt 0.85111654 0.26641691
vt 0.83104503 0.2770884
vt 0.83008927 0.23684865
vt 0.85580468 0.24297094
vt 0.85094666 0.27173913
vt 0.82883221 0.23309976
vt 0.85183311 0.24000299
vt 0.81828052 0.23252106
vt 0.82151055 0.23044604
vt 0.81946456 0.22984958
vt 0.81676865 0.2319057
vt 0.89274323 0.25357831
vt 0.89032561 0.26348722
vt 0.88348496 0.26120079
vt 0.88465679 0.24916363
vt 0.89951223 0.26524508
vt 0.89468807 0.23826396
vt 0.91046441 0.25804424
vt 0.87976217 0.23295015
vt 0.90672058 0.2769798
vt 0.88904488 0.23019546
vt 0.91273814 0.24688679
vt 0.92207092 0.26353186
vt 0.84831011 0.50123113
vt 0.85452116 0.50390446
vt 0.84828532 0.51418555
vt 0.85097045 0.49527472
vt 0.86176634 0.50852436
vt 0.86140585 0.49038106
vt 0.85869414 0.5252372
vt 0.86211991 0.48117822
vt 0.86867666 0.49888903
vt 0.86671263 0.52650487
vt 0.87144911 0.48101151
vt 0.87121761 0.49504423
vt 0.88437504 0.5073005
vt 0.8786124 0.52132308
vt 0.88187677 0.49134827
vt 0.018597094 0.6936332
vt 0.0089394348 0.69251204
vt 0.01082575 0.67010224
vt 0.037851829 0.6893059
vt 0.0043382864 0.71015811
vt 0.03029415 0.69733465
vt 0.018842684 0.71501601
vt 0.26932162 0.52392077
vt 0.27375019 0.54242289
vt 0.26091889 0.53365207
vt 0.26096708 0.52651989
vt 0.28123891 0.53927964
vt 0.26124263 0.54875326
vt 0.25340599 0.54102421
vt 0.25646135 0.51306212
vt 0.27927279 0.51620889
vt 0.26822206 0.5589149
vt 0.27093524 0.51393902
vt 0.094916657 0.99072093
vt 0.08229579 0.99363869
vt 0.050784651 0.99700797
vt 0.48167306 0.9500044
vt 0.48208195 0.93084764
vt 0.49553537 0.94474804
vt 0.4909727 0.96042079
vt 0.473782 0.94419611
vt 0.48743448 0.92587191
vt 0.49865827 0.95390689
vt 0.48058924 0.9641549
vt 0.47305736 0.95722073
vt 0.47409278 0.93193108
vt 0.47435194 0.92557621
vt 0.49936709 0.91977674
vt 0.50342983 0.94378829
vt 0.51036054 0.95859683
vt 0.029681059 0.20267773
vt 0.025852052 0.21503073
vt 0.015156531 0.21503204
vt 0.039368138 0.21182621
vt 0.025982279 0.23404491
vt 0.034024306 0.22104102
vt 0.018027578 0.24327582
vt 0.048520084 0.22465348
vt 0.033259325 0.24550033
vt 0.0033600496 0.22031689
vt 0.045345344 0.23788595
vt 0.34299499 0.98512578
vt 0.33113664 0.98051113
vt 0.32680392 0.96518123
vt 0.33514291 0.99430478
vt 0.31569856 0.96603316
vt 0.35273263 0.99190062
vt 0.36131498 0.99651539
vt 0.52514714 0.97995782
vt 0.53218389 0.97518492
vt 0.53766203 0.97795796
vt 0.5260008 0.97136754
vt 0.53611344 0.96474046
vt 0.54019344 0.95899361
vt 0.52195501 0.9576661
vt 0.52947038 0.94425887
vt 0.54579389 0.94458884
vt 0.51926076 0.94822669
vt 0.52312285 0.93719721
vt 0.19789931 0.22490674
vt 0.19135962 0.20521349
vt 0.21231923 0.20308697
vt 0.21651532 0.2152487
vt 0.22359017 0.22319001
vt 0.22427459 0.21088159
vt 0.19129027 0.23162752
vt 0.22769727 0.2344507
vt 0.1944824 0.24531984
vt 0.12673593 0.49560452
vt 0.11863156 0.48792058
vt 0.118014 0.47920489
vt 0.12864791 0.4816699
vt 0.12637869 0.47276539
vt 0.10753375 0.4725979
vt 0.12154418 0.46566224
vt 0.096993767 0.45718968
vt 0.11237192 0.45278895
vt 0.022602314 0.88635266
vt 0.026634876 0.88150775
vt 0.038005024 0.88843471
vt 0.02934861 0.91784787
vt 0.035659585 0.87511706
vt 0.024703847 0.90204757
vt 0.020039946 0.91839361
vt 0.25739852 0.22617912
vt 0.24216372 0.23330444
vt 0.25525519 0.216479
vt 0.25714684 0.22044104
vt 0.24316989 0.2452274
vt 0.23612775 0.22505897
vt 0.25879192 0.22390413
vt 0.23487896 0.24591988
vt 0.25419825 0.21576846
vt 0.22645375 0.22936082
vt 0.23080657 0.24088997
vt 0.25288713 0.21533006
vt 0.23103727 0.21902674
vt 0.24031712 0.21829176
vt 0.22202852 0.21810061
vt 0.24398655 0.20917243
vt 0.23860781 0.20825511
vt 0.24206558 0.2044912
vt 0.23426145 0.2039488
vt 0.23466614 0.20380491
vt 0.4764435 0.96113056
vt 0.45712686 0.97404706
vt 0.46516818 0.95282274
vt 0.46788007 0.97706169
vt 0.46460557 0.98092365
vt 0.47101191 0.98852766
vt 0.46758175 0.99650723
vt 0.1093204 0.99299598
vt 0.065586537 0.99635231
vt 0.0738746 0.99425066
vt 0.35553521 0.24608266
vt 0.35179484 0.23331094
vt 0.35999295 0.22200769
vt 0.36147031 0.24357265
vt 0.34692287 0.23136091
vt 0.37434405 0.24043852
vt 0.3467474 0.21877003
vt 0.3746148 0.23124212
vt 0.34693158 0.20955575
vt 0.38453358 0.22259986
vt 0.35352966 0.20297265
vt 0.36908159 0.20600903
vt 0.38132685 0.21158767
vt 0.33436042 0.94658738
vt 0.33261555 0.92834747
vt 0.34300178 0.93073338
vt 0.34727731 0.94751173
vt 0.31882256 0.94838834
vt 0.35472438 0.94515955
vt 0.31726247 0.9350968
vt 0.35771587 0.93149281
vt 0.93574077 0.91903263
vt 0.94242388 0.92326629
vt 0.94182903 0.93319792
vt 0.92616218 0.92054534
vt 0.93859959 0.90829551
vt 0.9282797 0.94013017
vt 0.93396711 0.94869512
vt 0.94173551 0.94879693
vt 0.12296168 0.23286235
vt 0.11324244 0.24053925
vt 0.10188442 0.23852992
vt 0.10928699 0.21006185
vt 0.11983424 0.24644071
vt 0.097121343 0.22713143
vt 0.1262226 0.21172869
vt 0.099998467 0.21508312
vt 0.13825244 0.23123956
vt 0.13519304 0.2160567
vt 0.080509014 0.97897232
vt 0.087046809 0.98970395
vt 0.066511221 0.99629486
vt 0.093895607 0.97125465
vt 0.10727987 0.97380096
vt 0.099550046 0.98793066
vt 0.059703026 0.69110525
vt 0.035319123 0.70222008
vt 0.039511643 0.68802047
vt 0.075774379 0.70639372
vt 0.034291603 0.71138024
vt 0.069246054 0.71509951
vt 0.44703537 0.89585769
vt 0.43979901 0.89739037
vt 0.43875992 0.875992
vt 0.4259356 0.88290656
vt 0.43267462 0.91832006
vt 0.25471228 0.2332688
vt 0.25969756 0.22084641
vt 0.26998332 0.23102945
vt 0.26514795 0.24165255
vt 0.26543671 0.22147202
vt 0.27761227 0.23149228
vt 0.2745885 0.21752048
vt 0.27518237 0.24613166
vt 0.29502544 0.21704018
vt 0.28660569 0.24543333
vt 0.28278843 0.20979202
vt 0.29511213 0.22766131
vt 0.27356336 0.95563233
vt 0.282727 0.95893914
vt 0.28127322 0.97389156
vt 0.27549851 0.97449124
vt 0.27031377 0.98657697
vt 0.27461031 0.99651557
vt 0.5034436 0.85742348
vt 0.52196538 0.86527681
vt 0.51724398 0.87059599
vt 0.54322761 0.86498886
vt 0.65948266 0.84833199
vt 0.64767992 0.84474391
vt 0.66828758 0.84231973
vt 0.66227823 0.85424471
vt 0.64353073 0.85374057
vt 0.65017599 0.87034929
vt 0.63355064 0.84659946
vt 0.65036792 0.86101198
vt 0.62943435 0.86021155
vt 0.18189953 0.49914378
vt 0.17008106 0.50471646
vt 0.17277989 0.49638855
vt 0.17772785 0.48840314
vt 0.18378189 0.51066494
vt 0.16062959 0.50505537
vt 0.19328225 0.51778191
vt 0.17425133 0.51466465
vt 0.18298972 0.52659667
vt 0.19546394 0.50094593
vt 0.19630694 0.52603775
vt 0.01714378 0.45332104
vt 0.023493573 0.44540608
vt 0.029407008 0.46303892
vt 0.018534107 0.46440679
vt 0.011540594 0.44676208
vt 0.0047519053 0.46116799
vt 0.014249153 0.42658889
vt 0.0057343654 0.4411003
vt 0.035089895 0.43395889
vt 0.21985935 0.64032626
vt 0.20880933 0.65148222
vt 0.2073935 0.63794827
vt 0.20621356 0.62303847
vt 0.1965487 0.63307595
vt 0.19547093 0.63998765
vt 0.20322396 0.61256301
vt 0.1911381 0.62411523
vt 0.19226103 0.61744428
vt 0.28446671 0.38642448
vt 0.28626552 0.38172102
vt 0.2916187 0.39375871
vt 0.29059643 0.40291733
vt 0.29981473 0.38812411
vt 0.2985231 0.40063095
vt 0.29906833 0.3768419
vt 0.31374317 0.38742596
vt 0.30562833 0.39760512
vt 0.30399945 0.37290084
vt 0.30739838 0.364582
vt 0.30014545 0.36356658
vt 0.11829572 0.99573755
vt 0.10575111 0.99177533
vt 0.14482653 0.9908303
vt 0.41439319 0.23069364
vt 0.42148215 0.24314797
vt 0.41143006 0.23971337
vt 0.40993822 0.23080611
vt 0.43808824 0.24289203
vt 0.41337553 0.21945357
vt 0.43263438 0.24539536
vt 0.41807279 0.21528459
vt 0.4364973 0.22425222
vt 0.43865824 0.21901482
vt 0.44282606 0.23729825
vt 0.44726247 0.22451627
vt 0.44900429 0.2354064
vt 0.98180354 0.87428248
vt 0.98330379 0.88750708
vt 0.97212499 0.87309885
vt 0.97739333 0.85901284
vt 0.96819848 0.87893534
vt 0.95778811 0.84819365
vt 0.96058649 0.86524767
vt 0.88468063 0.8788954
vt 0.89996964 0.87679142
vt 0.88900185 0.88683403
vt 0.89747024 0.87054014
vt 0.89340472 0.89448893
vt 0.88831168 0.86700296
vt 0.89032948 0.90298194
vt 0.87854987 0.87362331
vt 0.90622377 0.86312836
vt 0.9552477 0.80523539
vt 0.95127875 0.78828967
vt 0.96708351 0.78134757
vt 0.97414863 0.79462254
vt 0.94180846 0.80058175
vt 0.95236009 0.77116543
vt 0.96227026 0.80921423
vt 0.94574964 0.80952507
vt 0.96528459 0.7690208
vt 0.64971918 0.76168352
vt 0.66378099 0.75434989
vt 0.66262883 0.77695787
vt 0.64399284 0.76240778
vt 0.64412475 0.7666595
vt 0.64707011 0.77199143
vt 0.64401221 0.76906151
vt 0.64655173 0.78445715
vt 0.64402401 0.77194214
vt 0.6652537 0.79388529
vt 0.16579656 0.40046167
vt 0.17972621 0.39024574
vt 0.18193799 0.40327621
vt 0.17166336 0.39202368
vt 0.19197553 0.39428991
vt 0.160824 0.38625598
vt 0.17684641 0.37465119
vt 0.18567173 0.37808955
vt 0.19689994 0.37849158
vt 0.1634623 0.37210906
vt 0.63059163 0.98223913
vt 0.62824059 0.97305268
vt 0.63909268 0.98119795
vt 0.62976891 0.99696165
vt 0.64413267 0.97138596
vt 0.64126587 0.99180692
vt 0.63408381 0.96919048
vt 0.64292526 0.95930564
vt 0.47305742 0.9868412
vt 0.50881106 0.99514717
vt 0.47843614 0.99590021
vt 0.97945964 0.77663088
vt 0.97936487 0.76685905
vt 0.98620307 0.75553977
vt 0.99333572 0.76512879
vt 0.97518563 0.77258337
vt 0.98992658 0.78161573
vt 0.97182655 0.7837382
vt 0.9839325 0.78726834
vt 0.97857672 0.79324508
vt 0.49155408 0.23624301
vt 0.49504367 0.24112725
vt 0.48299906 0.24052691
vt 0.48695374 0.23054063
vt 0.50260639 0.23169893
vt 0.47718284 0.24613839
vt 0.50746793 0.23781681
vt 0.47197223 0.23347914
vt 0.49046579 0.21717852
vt 0.47806972 0.22002196
vt 0.49651498 0.20944244
vt 0.60576808 0.23835242
vt 0.61487973 0.23471975
vt 0.60867971 0.24620783
vt 0.59789634 0.2426815
vt 0.60357499 0.2258054
vt 0.59777933 0.23146445
vt 0.61297196 0.22647065
vt 0.6347118 0.23598838
vt 0.60633773 0.21316665
vt 0.62356812 0.22043616
vt 0.63407993 0.22184908
vt 0.78798962 0.34373802
vt 0.79540205 0.35399604
vt 0.7849139 0.35015315
vt 0.80608088 0.33679682
vt 0.81590658 0.34859818
vt 0.8061949 0.35664397
vt 0.82186031 0.35777187
vt 0.79639822 0.36109358
vt 0.81507611 0.36335045
vt 0.81060565 0.37046164
vt 0.81800884 0.3680461
vt 0.66336852 0.54874074
vt 0.65818518 0.55660844
vt 0.66043323 0.54360199
vt 0.66645432 0.55194485
vt 0.64964849 0.54120648
vt 0.66098577 0.55645573
vt 0.64570218 0.53141284
vt 0.66041374 0.55809629
vt 0.62821203 0.53953171
vt 0.63055885 0.52504408
vt 0.6416477 0.54870164
vt 0.628618 0.54902303
vt 0.71156049 0.22714555
vt 0.69518262 0.23572636
vt 0.69144088 0.22713143
vt 0.70246446 0.21781623
vt 0.71740568 0.23327696
vt 0.69292116 0.24209231
vt 0.71911919 0.21825188
vt 0.72827959 0.22766107
vt 0.710594 0.24691075
vt 0.71809846 0.21197909
vt 0.71068269 0.20957381
vt 0.84661537 0.87260395
vt 0.85234779 0.88717532
vt 0.8339749 0.87995595
vt 0.83119917 0.86961889
vt 0.86273551 0.88276112
vt 0.86564004 0.873523
vt 0.86225456 0.86659181
vt 0.86960751 0.87727559
vt 0.53446835 0.23561978
vt 0.5412181 0.22173142
vt 0.55218345 0.21959817
vt 0.55101931 0.23062229
vt 0.55766326 0.22408539
vt 0.56061745 0.2161743
vt 0.55807871 0.23478258
vt 0.56796217 0.22263885
vt 0.5552538 0.24700797
vt 0.5701412 0.23952872
vt 0.77022678 0.21061897
vt 0.78057778 0.21728832
vt 0.77089065 0.21903986
vt 0.76164979 0.2159189
vt 0.77721691 0.22358942
vt 0.77289051 0.23069245
vt 0.75538117 0.24478763
vt 0.78402591 0.23812979
vt 0.76805776 0.24688852
vt 0.75721067 0.22886336
vt 0.75362414 0.22040302
vt 0.77968329 0.24645764
vt 0.63093805 0.90954912
vt 0.64048654 0.90992188
vt 0.62887394 0.91719925
vt 0.645567 0.89611971
vt 0.63184589 0.90042448
vt 0.63042998 0.88198447
vt 0.0074565466 0.53940403
vt 0.011970205 0.54505551
vt 0.0029700955 0.55847228
vt 0.019948056 0.5453105
vt 0.017922124 0.55868852
vt 0.026047058 0.55277169
vt 0.027903533 0.54795229
vt 0.038467709 0.53803098
vt 0.037103772 0.54979628
vt 0.029858772 0.53205502
vt 0.99388862 0.85987681
vt 0.97657508 0.85556042
vt 0.99188185 0.85529721
vt 0.98684102 0.87105125
vt 0.98324585 0.84809953
vt 0.99900687 0.86983609
vt 0.97606617 0.84404981
vt 0.99439019 0.8401432
vt 0.97193801 0.83614659
vt 0.98234081 0.84032458
vt 0.18470952 0.58196962
vt 0.17227235 0.5994705
vt 0.16623276 0.58189249
vt 0.18482372 0.5951401
vt 0.16164644 0.59535462
vt 0.19565666 0.59726799
vt 0.18601289 0.60625625
vt 0.15973106 0.58501154
vt 0.19382583 0.58808672
vt 0.91463977 0.41743863
vt 0.91746145 0.41241467
vt 0.92407566 0.40997308
vt 0.92394006 0.43032825
vt 0.91670591 0.40202188
vt 0.93492055 0.41581351
vt 0.91044778 0.42866087
vt 0.91837502 0.40944105
vt 0.93330115 0.42295533
vt 0.94458109 0.42374957
vt 0.93106526 0.43388778
vt 0.94596255 0.43290031
vt 0.91518021 0.22918767
vt 0.91978693 0.23492831
vt 0.91078109 0.23714042
vt 0.91846097 0.22688657
vt 0.91822273 0.24624288
vt 0.9292534 0.22829372
vt 0.92623234 0.24243766
vt 0.92040938 0.21402895
vt 0.91082865 0.22120959
vt 0.92855942 0.21165961
vt 0.93482685 0.24151987
vt 0.91455293 0.22777522
vt 0.93687612 0.22242516
vt 0.94218385 0.22696453
vt 0.94420749 0.23608321
vt 0.78779584 0.21299684
vt 0.79489332 0.21451432
vt 0.78502852 0.22574484
vt 0.80871922 0.23680347
vt 0.81072444 0.21189868
vt 0.8052209 0.24092096
vt 0.8192082 0.2271474
vt 0.79556555 0.24580234
vt 0.78522599 0.24177974
vt 0.97354567 0.72369021
vt 0.97575182 0.71028364
vt 0.98756689 0.71030843
vt 0.98162556 0.72606552
vt 0.99361461 0.72544909
vt 0.98654717 0.74625564
vt 0.99847156 0.7183764
vt 0.98971599 0.73376966
vt 0.99846506 0.71128887
vt 0.99846333 0.7342577
vt 0.99847454 0.74374831
vt 0.30671781 0.948318
vt 0.29226297 0.93924689
vt 0.29879645 0.93772674
vt 0.30696541 0.93859786
vt 0.28589919 0.94833279
vt 0.28742489 0.93747646
vt 0.31705773 0.93868846
vt 0.28589606 0.94260633
vt 0.31290829 0.93749636
vt 0.28589433 0.9388178
vt 0.31885204 0.9372313
vt 0.2858938 0.93767977
vt 0.78583813 0.80546629
vt 0.79875851 0.79907906
vt 0.80031782 0.80928326
vt 0.79710495 0.78826511
vt 0.81172371 0.80887026
vt 0.80601645 0.79224896
vt 0.8069557 0.79607868
vt 0.81555599 0.7778213
vt 0.81506598 0.79860163
vt 0.80426508 0.77468926
vt 0.708673 0.70540226
vt 0.71797407 0.69715667
vt 0.71870911 0.70948911
vt 0.70629239 0.71205711
vt 0.72895294 0.70712614
vt 0.71724141 0.71394968
vt 0.72962689 0.71867979
vt 0.71505821 0.72723562
vt 0.72368842 0.72996211
vt 0.020159375 0.83065736
vt 0.0053976062 0.8395642
vt 0.0035945317 0.82640702
vt 0.016433503 0.8179037
vt 0.0038440241 0.81651968
vt 0.027743731 0.81869012
vt 0.0049292548 0.80754
vt 0.023418786 0.80684012
vt 0.39222196 0.90269434
vt 0.38427973 0.89004403
vt 0.40082115 0.89327908
vt 0.3789742 0.8945514
vt 0.39567757 0.87943226
vt 0.38842654 0.86976552
vt 0.85943615 0.67980707
vt 0.8493911 0.66594148
vt 0.86258894 0.66247016
vt 0.88068402 0.66313303
vt 0.84753257 0.68430865
vt 0.87193882 0.65061116
vt 0.93087709 0.44731873
vt 0.92386061 0.44686681
vt 0.93769538 0.43956363
vt 0.93421888 0.46193981
vt 0.92313802 0.4315089
vt 0.90932947 0.45651996
vt 0.91186804 0.44148892
vt 0.91944927 0.46427649
vt 0.1701861 0.68921685
vt 0.16260417 0.69907641
vt 0.14721128 0.67999041
vt 0.15884344 0.67128181
vt 0.14979722 0.69876462
vt 0.14487915 0.6711638
vt 0.16757965 0.67032313
vt 0.15773146 0.66680318
vt 0.53590679 0.53780043
vt 0.53688312 0.52464163
vt 0.55072397 0.54392219
vt 0.53479713 0.5469591
vt 0.56195283 0.53543931
vt 0.55125809 0.55802882
vt 0.56305784 0.54897678
vt 0.77638537 0.82946759
vt 0.77505159 0.83991253
vt 0.75990742 0.83409554
vt 0.75987107 0.81894857
vt 0.78450024 0.8333416
vt 0.75810063 0.83935279
vt 0.75335169 0.83116281
vt 0.37412649 0.81073421
vt 0.374547 0.82343507
vt 0.36368957 0.81809694
vt 0.36640638 0.80149245
vt 0.38409069 0.80885124
vt 0.37573546 0.79347289
vt 0.50752461 0.4377529
vt 0.5119521 0.44874346
vt 0.50494218 0.44786561
vt 0.50376505 0.44303972
vt 0.50737298 0.45434338
vt 0.51361579 0.45688021
vt 0.52224314 0.46161753
vt 0.52582783 0.45894521
vt 0.52154887 0.44855928
vt 0.52660573 0.46502668
vt 0.53062606 0.44775659
vt 0.53475052 0.45993835
vt 0.53190768 0.46409971
vt 0.40124902 0.21495587
vt 0.39787909 0.22209066
vt 0.38814372 0.2160756
vt 0.40774596 0.21558148
vt 0.38383237 0.22527242
vt 0.40819985 0.21699339
vt 0.39357609 0.23692048
vt 0.40573949 0.23080111
vt 0.37930262 0.23205054
vt 0.4087612 0.22134596
vt 0.40027046 0.240417
vt 0.38966954 0.24523604
vt 0.40914753 0.23004901
vt 0.40850878 0.24226391
vt 0.40910846 0.23358017
vt 0.69750619 0.82731628
vt 0.69868255 0.81927592
vt 0.70509028 0.81966388
vt 0.70726311 0.83327603
vt 0.68470067 0.82870936
vt 0.69165313 0.838938
vt 0.67833656 0.83952868
vt 0.67507076 0.8341645
vt 0.40197939 0.28852648
vt 0.40860632 0.29649156
vt 0.40667412 0.30798894
vt 0.39054421 0.29540592
vt 0.39409408 0.30746913
vt 0.38491884 0.28645545
vt 0.37933055 0.29672676
vt 0.40256462 0.28028607
vt 0.38761726 0.27713567
vt 0.67404294 0.76705706
vt 0.66571009 0.76129174
vt 0.67528778 0.75459611
vt 0.69006205 0.75718743
vt 0.66917896 0.77148271
vt 0.69168848 0.77034366
vt 0.66112334 0.77201337
vt 0.67162156 0.77802485
vt 0.98584628 0.67971885
vt 0.97940743 0.69314134
vt 0.97668999 0.67999041
vt 0.98887724 0.68767017
vt 0.97260249 0.69555771
vt 0.9971537 0.67464542
vt 0.98131734 0.69985282
vt 0.98727781 0.66921675
vt 0.998824 0.68895042
vt 0.99675941 0.69925505
vt 0.34818047 0.89008886
vt 0.36097226 0.88486654
vt 0.36140728 0.89602113
vt 0.35389641 0.90218949
vt 0.35929766 0.87315863
vt 0.88919055 0.73719954
vt 0.90252483 0.74233615
vt 0.90286511 0.75151169
vt 0.88171214 0.74901557
vt 0.90869612 0.75068986
vt 0.89334345 0.76030833
vt 0.90771049 0.76138008
vt 0.8790521 0.75687742
vt 0.98015583 0.65692365
vt 0.97328109 0.64292991
vt 0.99798948 0.66855717
vt 0.98585343 0.66557968
vt 0.99678224 0.63842028
vt 0.77093178 0.98354667
vt 0.79977667 0.98233259
vt 0.7689234 0.99645627
vt 0.28866139 0.86097193
vt 0.28995177 0.87443715
vt 0.26951432 0.85731578
vt 0.27434719 0.86988783
vt 0.28300807 0.87905115
vt 0.28869411 0.87824678
vt 0.27384284 0.87836164
vt 0.27933705 0.88737273
vt 0.76822573 0.71672916
vt 0.77105492 0.73762953
vt 0.76471895 0.72525096
vt 0.77372837 0.7253834
vt 0.75392991 0.73021483
vt 0.75767541 0.73663568
vt 0.77228868 0.74238849
vt 0.76898831 0.74360478
vt 0.76160324 0.74651325
vt 0.081810951 0.70617354
vt 0.085271977 0.71623087
vt 0.075677402 0.73116499
vt 0.074363612 0.71439493
vt 0.095729627 0.7163341
vt 0.066201061 0.72010064
vt 0.36539835 0.80813837
vt 0.35059246 0.80616421
vt 0.34685951 0.77975076
vt 0.72403741 0.67488497
vt 0.72696275 0.69199461
vt 0.71298611 0.69608492
vt 0.70719147 0.67067754
vt 0.72222477 0.69971752
vt 0.87284595 0.54026526
vt 0.8624745 0.53122818
vt 0.88872629 0.52598286
vt 0.89163738 0.54383802
vt 0.32939756 0.98835307
vt 0.31654969 0.99546993
vt 0.31672579 0.97694516
vt 0.30026394 0.99324423
vt 0.89441872 0.44045043
vt 0.89353627 0.45045024
vt 0.88984692 0.43649071
vt 0.90682477 0.44682479
vt 0.87857491 0.44270056
vt 0.88750941 0.45727575
vt 0.90490782 0.44158465
vt 0.90372169 0.45609403
vt 0.90501058 0.43759942
vt 0.89646971 0.46454984
vt 0.78377807 0.95676553
vt 0.78636897 0.94886428
vt 0.79755896 0.9552598
vt 0.7773484 0.96479446
vt 0.77024579 0.95137954
vt 0.77060473 0.95814055
vt 0.0074178064 0.9966715
vt 0.0040533869 0.99361449
vt 0.0036893645 0.97439617
vt 0.0048955302 0.96865571
vt 0.56722963 0.80748349
vt 0.57810426 0.80453575
vt 0.57377994 0.81473923
vt 0.58311599 0.8251906
vt 0.59381026 0.81363392
vt 0.14452314 0.60848904
vt 0.1572137 0.61061084
vt 0.15188667 0.61277986
vt 0.15882486 0.60492837
vt 0.14803652 0.59736067
vt 0.17245264 0.60647571
vt 0.16807556 0.62060928
vt 0.72683722 0.6358434
vt 0.72340631 0.62775797
vt 0.72684008 0.61581647
vt 0.73449481 0.61798561
vt 0.7138145 0.62512076
vt 0.70635331 0.61669636
vt 0.5475356 0.37731743
vt 0.53489953 0.38326526
vt 0.53570324 0.37536955
vt 0.54467803 0.38931608
vt 0.56283104 0.39389944
vt 0.55663633 0.40058881
vt 0.53928584 0.40224713
vt 0.04844477 0.89251125
vt 0.048639696 0.90151292
vt 0.040375423 0.89554191
vt 0.043591931 0.88484812
vt 0.035590537 0.88377053
vt 0.05280526 0.88160229
vt 0.043779943 0.87412518
vt 0.81185734 0.83091938
vt 0.80714065 0.8374536
vt 0.79352808 0.83019513
vt 0.79673362 0.83971345
vt 0.78514367 0.83623183
vt 0.78638232 0.82545096
vt 0.6285454 0.86944109
vt 0.62886357 0.86012763
vt 0.63890153 0.8653937
vt 0.64104736 0.87637407
vt 0.64887792 0.86910236
vt 0.63259041 0.88597053
vt 0.6531679 0.87414646
vt 0.46997124 0.61215425
vt 0.45777744 0.60996151
vt 0.4587976 0.59474766
vt 0.47155851 0.60197806
vt 0.45925909 0.62147355
vt 0.48507208 0.60018206
vt 0.47376254 0.62047029
vt 0.48406646 0.61167443
vt 0.4738875 0.61684561
vt 0.77061474 0.48223674
vt 0.75891334 0.4777016
vt 0.77107567 0.4686237
vt 0.78038889 0.47951442
vt 0.75482446 0.49445355
vt 0.76056814 0.49650764
vt 0.15270247 0.66740668
vt 0.14538763 0.666134
vt 0.14516599 0.6452136
vt 0.15835567 0.64112985
vt 0.16574718 0.65214121
vt 0.16190346 0.66607404
vt 0.36762729 0.70609701
vt 0.36929271 0.69895941
vt 0.38432571 0.70305705
vt 0.37649021 0.71524322
vt 0.37619489 0.69486213
vt 0.36401996 0.71249497
vt 0.38447246 0.68955833
vt 0.38024125 0.68663907
vt 0.86746627 0.37833989
vt 0.8583566 0.38089484
vt 0.84839994 0.3743909
vt 0.87117833 0.39096427
vt 0.85283673 0.38725621
vt 0.86403012 0.39930803
vt 0.87439334 0.4022752
vt 0.95637184 0.5271982
vt 0.96507543 0.51975173
vt 0.96542913 0.53378487
vt 0.95773959 0.54282796
vt 0.97257435 0.54128373
vt 0.98519528 0.52107739
vt 0.98079145 0.53850335
vt 0.52719212 0.5622009
vt 0.54006201 0.56506073
vt 0.53218722 0.57351631
vt 0.52419841 0.55208319
vt 0.54706806 0.57136536
vt 0.5199188 0.55595767
vt 0.53429008 0.8965795
vt 0.54215288 0.88391113
vt 0.55630928 0.88871354
vt 0.56246984 0.90251613
vt 0.5491035 0.88102943
vt 0.99541163 0.61106974
vt 0.99872059 0.62462628
vt 0.98560691 0.61170751
vt 0.98112541 0.62491852
vt 0.99336326 0.63613236
vt 0.97361362 0.62136936
vt 0.98216426 0.63186669
vt 0.39158458 0.87131065
vt 0.37942195 0.86508751
vt 0.38108897 0.84650987
vt 0.15384139 0.6107043
vt 0.14922188 0.62943625
vt 0.1451216 0.62004507
vt 0.16338912 0.63298237
vt 0.14939232 0.63713682
vt 0.1632044 0.61850983
vt 0.98962313 0.59374744
vt 0.9862892 0.60243678
vt 0.98298824 0.5885464
vt 0.98491746 0.57948565
vt 0.9951492 0.60477179
vt 0.97336435 0.59074295
vt 0.99557555 0.58782244
vt 0.97737318 0.59684741
vt 0.45873299 0.99551147
vt 0.44177213 0.99312139
vt 0.46688974 0.98374891
vt 0.42075303 0.98378617
vt 0.41022661 0.99583435
vt 0.39546388 0.98700005
vt 0.65029049 0.91799617
vt 0.64461207 0.90654743
vt 0.6556161 0.91090262
vt 0.65036261 0.89202976
vt 0.43342027 0.73436272
vt 0.41994527 0.74181199
vt 0.42316914 0.72680461
vt 0.43530616 0.73824668
vt 0.41461781 0.72859913
vt 0.43173006 0.73991215
vt 0.41007763 0.74406511
vt 0.41734546 0.74520528
vt 0.45839971 0.6577611
vt 0.47548592 0.67791319
vt 0.45681074 0.67823225
vt 0.47753692 0.66210401
vt 0.46739018 0.68386608
vt 0.018247589 0.76413435
vt 0.01144792 0.77109617
vt 0.0041391468 0.7523092
vt 0.02231908 0.75329781
vt 0.0075345589 0.77676749
vt 0.57251716 0.87780309
vt 0.58475578 0.88108832
vt 0.57459247 0.90295184
vt 0.56687897 0.89984399
vt 0.46027714 0.89951962
vt 0.44894499 0.903081
vt 0.45205 0.89207971
vt 0.45669618 0.87652332
vt 0.44154233 0.88109052
vt 0.90359718 0.6195848
vt 0.87850654 0.61558646
vt 0.8971107 0.61296058
vt 0.89054745 0.63687122
vt 0.88186902 0.63573962
vt 0.97293568 0.56170845
vt 0.98361295 0.54930878
vt 0.9924264 0.55311728
vt 0.99076372 0.56306666
vt 0.97749257 0.54953015
vt 0.98902059 0.57339263
vt 0.61269623 0.93058646
vt 0.62354058 0.93884903
vt 0.61975074 0.94897068
vt 0.62429786 0.92666125
vt 0.47594067 0.64214706
vt 0.46040365 0.63392472
vt 0.46814334 0.62931192
vt 0.45732477 0.63762987
vt 0.46517989 0.65328109
vt 0.45643389 0.65125501
vt 0.54004365 0.76206291
vt 0.53473383 0.74824166
vt 0.558878 0.74715829
vt 0.55585212 0.7613678
vt 0.7392143 0.98565829
vt 0.75102407 0.98209125
vt 0.74472386 0.99607313
vt 0.76107347 0.98095894
vt 0.75976211 0.99393064
vt 0.79720581 0.94062698
vt 0.78610587 0.94614637
vt 0.78984278 0.92565048
vt 0.80148816 0.94511771
vt 0.79892677 0.94861519
vt 0.80370164 0.94196844
vt 0.55101562 0.82400501
vt 0.54590291 0.80836344
vt 0.55837065 0.80813468
vt 0.53605658 0.82092196
vt 0.86400998 0.67901224
vt 0.87448841 0.67613006
vt 0.87158716 0.68727517
vt 0.86306083 0.69216442
vt 0.88088852 0.68741298
vt 0.87638181 0.69859362
vt 0.46283564 0.72226924
vt 0.47546792 0.725335
vt 0.47316733 0.73753786
vt 0.45791289 0.74576902
vt 0.066605866 0.99700719
vt 0.066603437 0.97646582
vt 0.06987448 0.98742282
vt 0.067432776 0.9717927
vt 0.42346409 0.87808049
vt 0.4194048 0.90161431
vt 0.40974957 0.88132298
vt 0.24890755 0.9745084
vt 0.25467643 0.9963603
vt 0.24592629 0.9719733
vt 0.25279891 0.97266078
vt 0.27737817 0.99669373
vt 0.29214856 0.98884791
vt 0.30079886 0.99692929
vt 0.88547963 0.82609785
vt 0.87894189 0.81583244
vt 0.8923229 0.81823742
vt 0.89795595 0.82736921
vt 0.88799614 0.83954668
vt 0.067276768 0.52533364
vt 0.077469863 0.52047884
vt 0.078786708 0.53714967
vt 0.069535904 0.54096031
vt 0.088821001 0.52751446
vt 0.09037552 0.54370463
vt 0.68477952 0.77383804
vt 0.69863081 0.78453344
vt 0.68447757 0.79282743
vt 0.675062 0.78022945
vt 0.55053043 0.97608101
vt 0.56054771 0.97706491
vt 0.57382917 0.9957512
vt 0.71609169 0.8089627
vt 0.72556418 0.8017413
vt 0.73043156 0.80569583
vt 0.712623 0.7921415
vt 0.70661688 0.80235571
vt 0.24544902 0.98440498
vt 0.25238186 0.99690479
vt 0.25163272 0.9966535
vt 0.24826522 0.98210078
vt 0.24548075 0.98158228
vt 0.2461697 0.97381639
vt 0.54895765 0.85669053
vt 0.54118276 0.8644563
vt 0.5344795 0.85588515
vt 0.53954786 0.84880942
vt 0.54157513 0.87186396
vt 0.81733429 0.91889822
vt 0.81632602 0.90833342
vt 0.82493263 0.91212392
vt 0.82762003 0.89589536
vt 0.74228281 0.55710566
vt 0.75571394 0.56714988
vt 0.74598604 0.57372153
vt 0.73847169 0.56700629
vt 0.75791341 0.55196321
vt 0.38556466 0.79843688
vt 0.38170233 0.80504274
vt 0.37819192 0.79375857
vt 0.38865709 0.78785771
vt 0.39480102 0.80831796
vt 0.39712718 0.91664249
vt 0.40100381 0.9256689
vt 0.39390108 0.93273985
vt 0.39928013 0.92861402
vt 0.40209123 0.930031
vt 0.41692352 0.92368364
vt 0.80973637 0.66234064
vt 0.81504565 0.68307686
vt 0.79987627 0.68240917
vt 0.80319703 0.66171443
vt 0.36399123 0.9917869
vt 0.37643227 0.98894006
vt 0.38379693 0.99613512
vt 0.11541822 0.98375875
vt 0.10716048 0.97931623
vt 0.1176712 0.97779894
vt 0.10574745 0.9896841
vt 0.11044925 0.97369915
vt 0.098041981 0.99539834
vt 0.48908249 0.98797315
vt 0.50322729 0.99005407
vt 0.50980657 0.9951598
vt 0.5204764 0.9091385
vt 0.52287519 0.89555395
vt 0.53431875 0.90565968
vt 0.53065795 0.91740972
vt 0.89534694 0.84584987
vt 0.89370739 0.83975685
vt 0.90291321 0.83397722
vt 0.90783906 0.84683049
vt 0.89727288 0.85476077
vt 0.077569358 0.98018926
vt 0.066773191 0.98072505
vt 0.078204513 0.97040021
vt 0.088865645 0.96792096
vt 0.99339253 0.7465775
vt 0.99354523 0.76116288
vt 0.98686773 0.75148129
vt 0.97323221 0.7432456
vt 0.97622651 0.75579411
vt 0.4953489 0.98005748
vt 0.48895136 0.96971154
vt 0.50280637 0.97126853
vt 0.49375376 0.96121532
vt 0.50865382 0.95859677
vt 0.26711515 0.98008519
vt 0.26495486 0.98783898
vt 0.26539412 0.9798153
vt 0.26886669 0.97405988
vt 0.27117702 0.97760105
vt 0.26957482 0.99540842
vt 0.26214749 0.97737354
vt 0.26735672 0.9966802
vt 0.26343864 0.99067706
vt 0.26814148 0.99705511
vt 0.4319272 0.76160407
vt 0.42557582 0.7432245
vt 0.44517624 0.74026549
vt 0.97111607 0.84011465
vt 0.96165091 0.84863615
vt 0.95706832 0.83338606
vt 0.97123826 0.84601104
vt 0.96680593 0.85484749
vt 0.81201571 0.80853963
vt 0.82288814 0.81960034
vt 0.81171238 0.82358754
vt 0.80153418 0.81805533
vt 0.96932524 0.97399282
vt 0.97368473 0.9889636
vt 0.96558678 0.99588495
vt 0.37959805 0.88073146
vt 0.36282203 0.88668883
vt 0.36395249 0.8718611
vt 0.36967453 0.8727209
vt 0.37763599 0.87723452
vt 0.36838999 0.86926162
vt 0.38207802 0.87895799
vt 0.36323684 0.86468244
vt 0.70980865 0.66734946
vt 0.70918059 0.66154873
vt 0.72146654 0.66657627
vt 0.72048378 0.65913534
vt 0.71524304 0.65412331
vt 0.70662087 0.64644718
vt 0.71561879 0.64947069
vt 0.72496742 0.6479404
vt 0.4747799 0.68574238
vt 0.45713991 0.69989872
vt 0.45804477 0.68010521
vt 0.47259352 0.70011878
vt 0.42970979 0.79290318
vt 0.44231382 0.79545408
vt 0.43047148 0.80326396
vt 0.42541468 0.80299634
vt 0.44602063 0.80596185
vt 0.43175089 0.80551946
vt 0.43709639 0.80852306
vt 0.58144218 0.82689732
vt 0.59179109 0.83297122
vt 0.5872817 0.83980811
vt 0.59244215 0.82055497
vt 0.59826612 0.8354882
vt 0.082468584 0.99379683
vt 0.087547123 0.99145782
vt 0.10156998 0.99650854
vt 0.424059 0.9798153
vt 0.4198783 0.99540842
vt 0.4182761 0.97760105
vt 0.42730564 0.97737354
vt 0.42722684 0.97864336
vt 0.42131165 0.99705511
vt 0.42512792 0.99589878
vt 0.43106228 0.98469645
vt 0.44525293 0.97990251
vt 0.39783692 0.99489009
vt 0.3851032 0.99620593
vt 0.37799281 0.99051154
vt 0.48897389 0.85703814
vt 0.49345464 0.85210633
vt 0.50347275 0.85841203
vt 0.50223017 0.87133217
vt 0.91885 0.82316804
vt 0.92472845 0.81921554
vt 0.92887414 0.82506084
vt 0.91173452 0.80961585
vt 0.90998459 0.82192641
vt 0.92474985 0.81726754
vt 0.92571247 0.81884986
vt 0.28153986 0.93105608
vt 0.26978949 0.92548287
vt 0.28999099 0.92153466
vt 0.27437744 0.93430471
vt 0.29357624 0.98621267
vt 0.29681343 0.97934592
vt 0.31286481 0.97763383
vt 0.30627364 0.98828989
vt 0.0043865629 0.58668053
vt 0.014402433 0.59110868
vt 0.018848091 0.60092604
vt 0.0095767165 0.59867775
vt 0.02388135 0.59269941
vt 0.0033892475 0.60608768
vt 0.94416958 0.81024635
vt 0.94500184 0.82175565
vt 0.93491793 0.81521606
vt 0.92871451 0.82326722
vt 0.9260686 0.80808061
vt 0.30476022 0.93359143
vt 0.28447568 0.92814058
vt 0.30223402 0.93127084
vt 0.30153638 0.93349826
vt 0.28775847 0.92270744
vt 0.66441327 0.77984715
vt 0.66031063 0.77299845
vt 0.67413867 0.77765578
vt 0.67441845 0.79111099
vt 0.66461438 0.79308343
vt 0.54700369 0.97722173
vt 0.54046452 0.97051638
vt 0.55376083 0.97323185
vt 0.5348748 0.98018146
vt 0.53998548 0.96090388
vt 0.0175384 0.79832518
vt 0.0075889467 0.80874038
vt 0.0042026797 0.80017787
vt 0.004737549 0.78979874
vt 0.74706787 0.74424767
vt 0.75081074 0.75740945
vt 0.73772466 0.76081729
vt 0.73780555 0.75616854
vt 0.73764747 0.74121356
vt 0.13266507 0.69728792
vt 0.12854443 0.68773222
vt 0.13878554 0.68125391
vt 0.14796311 0.68248522
vt 0.14543812 0.69846594
vt 0.1795176 0.55654198
vt 0.19399017 0.55585927
vt 0.18687923 0.567164
vt 0.17536321 0.56988519
vt 0.19442201 0.57370889
vt 0.99741274 0.99706489
vt 0.98827678 0.98848313
vt 0.99313927 0.97687364
vt 0.25592345 0.91160548
vt 0.2486821 0.91754037
vt 0.23852964 0.91071725
vt 0.24802722 0.90547943
vt 0.64975095 0.99559975
vt 0.64375162 0.99162573
vt 0.64901018 0.97928786
vt 0.65068251 0.98165858
vt 0.95255804 0.98020184
vt 0.94587648 0.97579741
vt 0.94922191 0.96208775
vt 0.9405598 0.97087872
vt 0.8253991 0.98282117
vt 0.82128328 0.97028893
vt 0.82387763 0.97092962
vt 0.81585288 0.98450768
vt 0.82210022 0.98740733
vt 0.39672369 0.74630117
vt 0.38625166 0.73884499
vt 0.39294738 0.72997701
vt 0.38238284 0.74603909
vt 0.38498875 0.73093915
vt 0.37933335 0.73992974
vt 0.31712165 0.84239179
vt 0.32709166 0.83743411
vt 0.31767589 0.85278785
vt 0.32812205 0.85479081
vt 0.68619901 0.99583858
vt 0.68310165 0.98749721
vt 0.68838066 0.97822154
vt 0.021382887 0.93770558
vt 0.014151234 0.94894969
vt 0.0029795358 0.93483174
vt 0.64711267 0.73258138
vt 0.65812081 0.73000252
vt 0.6494469 0.74561882
vt 0.64420325 0.74265057
vt 0.66301292 0.73494935
vt 0.66301513 0.74273354
vt 0.3492988 0.98875874
vt 0.34088227 0.97929376
vt 0.34318396 0.97090244
vt 0.34013087 0.98132843
vt 0.51276666 0.99660325
vt 0.52167863 0.99078232
vt 0.52930933 0.98999554
vt 0.51214147 0.98950982
vt 0.73267269 0.98784506
vt 0.72008455 0.99679947
vt 0.71448982 0.99374765
vt 0.7320075 0.99494815
vt 0.50775033 0.79910523
vt 0.50313115 0.79271668
vt 0.51402736 0.79030472
vt 0.52150989 0.80839849
vt 0.22745152 0.89573383
vt 0.23501801 0.90219975
vt 0.22255808 0.89889824
vt 0.24078564 0.89438564
vt 0.23054056 0.88672411
vt 0.52018672 0.75382549
vt 0.53793073 0.75281417
vt 0.52795899 0.76166379
vt 0.5275957 0.74580783
vt 0.098162219 0.99697864
vt 0.11454815 0.98245043
vt 0.10278235 0.99522078
vt 0.10390955 0.99512213
vt 0.61554313 0.7588706
vt 0.62313002 0.7469207
vt 0.63031787 0.76269102
vt 0.61240882 0.75032556
vt 0.59810907 0.99603391
vt 0.59703296 0.97890866
vt 0.60502619 0.98710334
vt 0.44258451 0.99184239
vt 0.43698129 0.99682122
vt 0.42512268 0.99183136
vt 0.87955588 0.757788
vt 0.86411017 0.76216543
vt 0.87306923 0.74728751
vt 0.86599708 0.74500543
vt 0.28151837 0.96985519
vt 0.2852841 0.98139489
vt 0.27817163 0.98771644
vt 0.83190215 0.97354895
vt 0.836447 0.98831505
vt 0.83160973 0.9864707
vt 0.84218943 0.97921932
vt 0.45064157 0.98743325
vt 0.44113407 0.97901237
vt 0.45723039 0.97870487
vt 0.51957774 0.97580594
vt 0.52195841 0.97252542
vt 0.52766812 0.98700082
vt 0.52015787 0.98888797
vt 0.40918618 0.99152225
vt 0.39962295 0.99588662
vt 0.39445022 0.99207753
vt 0.66832906 0.99237317
vt 0.68266356 0.98717517
vt 0.68204117 0.99540025
vt 0.47214049 0.97484827
vt 0.47513914 0.9655689
vt 0.47896725 0.9785077
vt 0.4720138 0.98039865
vt 0.48308435 0.97071481
vt 0.34694296 0.78126746
vt 0.35692865 0.77835482
vt 0.35805789 0.79264104
vt 0.36380529 0.78454411
vt 0.54272622 0.99314106
vt 0.53214163 0.99587059
vt 0.52738589 0.98983508
vt 0.584364 0.98129493
vt 0.5781368 0.98759729
vt 0.57404935 0.9731006
vt 0.37973902 0.84294456
vt 0.39381722 0.85313171
vt 0.38505825 0.85553122
vt 0.39376798 0.84369779
vt 0.341598 0.96781307
vt 0.33511594 0.97430682
vt 0.33133546 0.9654665
vt 0.3390322 0.98112148
vt 0.27048302 0.97186166
vt 0.26236659 0.97174513
vt 0.26388344 0.95649755
vt 0.2703791 0.95696169
vt 0.29277286 0.95898777
vt 0.30142334 0.95711005
vt 0.29989487 0.97210646
vt 0.29318658 0.97205526
vt 0.98903334 0.97186577
vt 0.98754585 0.9570365
vt 0.99834931 0.95800662
vt 0.99650657 0.97196913
vt 0.86318576 0.88752627
vt 0.87574899 0.87178051
vt 0.87807202 0.88514686
vt 0.87832975 0.99175483
vt 0.87191296 0.99128479
vt 0.87831658 0.99134427
vt 0.8701672 0.99647939
vt 0.87810171 0.98935342
vt 0.87774587 0.99462885
vt 0.8769303 0.98682642
vt 0.87787819 0.98126119
vt 0.87785977 0.98059464
vt 0.8774789 0.98016649
vt 0.87775362 0.97987866
vt 0.28520107 0.97511059
vt 0.29553849 0.98888135
vt 0.284251 0.98695505
vt 0.86130655 0.99572259
vt 0.85615093 0.99285126
vt 0.86999011 0.988114
vt 0.86306763 0.99444962
vt 0.64534664 0.9651497
vt 0.65110338 0.95190936
vt 0.65739852 0.95822287
vt 0.25810647 0.93393433
vt 0.25468415 0.92027074
vt 0.26596436 0.92145163
vt 0.35495716 0.98491645
vt 0.35211304 0.98765558
vt 0.34769139 0.9748317
vt 0.47108972 0.77014923
vt 0.46074739 0.77728921
vt 0.45726231 0.7629208
vt 0.81759757 0.9655093
vt 0.82467121 0.95965952
vt 0.82607895 0.9729656
vt 0.81658286 0.95951945
vt 0.72121328 0.97319889
vt 0.71231669 0.97990042
vt 0.70776504 0.96698618
vt 0.79131407 0.9855299
vt 0.78611428 0.99658811
vt 0.77807122 0.99614012
vt 0.98682338 0.83134979
vt 0.98464209 0.84015608
vt 0.97230309 0.83487433
vt 0.97617394 0.82659352
vt 0.95411807 0.95259553
vt 0.94938242 0.96409744
vt 0.94187707 0.95098537
vt 0.51068932 0.98050159
vt 0.5069564 0.98747724
vt 0.49706191 0.97773665
vt 0.88663638 0.99432272
vt 0.89934158 0.9863652
vt 0.90103281 0.98929673
vt 0.89233524 0.99624813
vt 0.12276608 0.98862749
vt 0.12115089 0.97776067
vt 0.12947981 0.98886585
vt 0.13413878 0.98498052
vt 0.54639852 0.97839206
vt 0.54903489 0.9876281
vt 0.53718799 0.97786826
vt 0.5356372 0.98384136
vt 0.31049517 0.93272018
vt 0.30447423 0.93200219
vt 0.30004916 0.92257404
vt 0.31537798 0.92507321
vt 0.52164543 0.99674171
vt 0.53087622 0.99401492
vt 0.52988839 0.99625367
vt 0.52045906 0.99248844
vt 0.53101104 0.9945944
vt 0.59352088 0.84353411
vt 0.59300673 0.85596299
vt 0.58286095 0.84374017
vt 0.60979903 0.79594749
vt 0.60705709 0.80933273
vt 0.59694743 0.8038609
vt 0.32378668 0.99125057
vt 0.33278137 0.98899198
vt 0.33613837 0.9954319
vt 0.9289434 0.97590625
vt 0.93631262 0.98565096
vt 0.92652124 0.98856062
vt 0.7364884 0.98490012
vt 0.74052966 0.99194384
vt 0.73044717 0.99655735
vt 0.012059826 0.98470032
vt 0.013382003 0.9913249
vt 0.0041347938 0.9854781
vt 0.011456401 0.99627185
vt 0.94105631 0.98855442
vt 0.94120461 0.97701418
vt 0.94926029 0.97939932
vt 0.27811185 0.99595368
vt 0.28408948 0.98830628
vt 0.28560689 0.99112761
vt 0.27754405 0.99567556
vt 0.28740722 0.98679197
vt 0.27823293 0.9966684
vt 0.28743488 0.98689884
vt 0.28668901 0.98614192
vt 0.9262259 0.99299121
vt 0.92104793 0.99537581
vt 0.91785097 0.98744094
vt 0.54727435 0.989178
vt 0.55134791 0.99061799
vt 0.55038261 0.99240297
vt 0.54380918 0.99449497
vt 0.54611647 0.99590409
vt 0.62459499 0.99592847
vt 0.62092733 0.99226141
vt 0.62401879 0.98792434
vt 0.014493373 0.99650133
vt 0.011978688 0.99337107
vt 0.014846553 0.99375969
vt 0.0046490054 0.99537313
vt 0.003007734 0.99169469
vt 0.0035976972 0.99186254
vt 0.0064700409 0.99490994
vt 0.0031494314 0.99548668
vt 0.0053843106 0.994564
usemtl Tile_+033_+029_L18_00011_0
f 1504/499 1537/500 76/501
f 173/337 174/338 200/339
f 532/2662 535/2663 538/2664
f 505/1253 527/1254 506/1255
f 1599/604 39/605 73/606
f 321/1191 317/1192 320/1193
f 1529/2793 1530/2794 92/2795
f 1518/1071 1528/1072 1527/1073
f 72/614 73/606 1515/610
f 1514/1516 1473/1517 22/1518
f 1533/1317 1591/1318 1524/1319
f 1504/499 1503/502 1486/505
f 1497/1 1500/2 1499/3
f 1500/2 1489/8 1492/9
f 1522/2491 1521/2492 1511/2493
f 1508/66 1607/81 1459/57
f 1534/1376 1507/1377 1506/1378
f 1743/78 1481/96 1480/77
f 1468/1585 1478/1586 1479/1587
f 1473/1517 1462/1524 1461/1528
f 1395/1272 1892/1279 1464/1277
f 2330/3950 1470/3951 2331/3952
f 1478/1586 1468/1585 1467/1588
f 1513/4095 1512/4096 1517/4097
f 1892/1279 1463/1280 1464/1277
f 1479/1587 1478/1586 2334/1589
f 2336/4479 1477/4480 2337/4481
f 2338/182 1476/165 2339/204
f 69/1525 1514/1516 60/1523
f 60/3587 79/3588 2211/3589
f 69/1525 60/1523 1469/1531
f 60/1523 110/1519 59/1527
f 57/145 1608/126 1611/166
f 1479/125 1465/127 1466/113
f 1479/125 1466/113 1607/81
f 80/98 55/68 1609/82
f 1466/113 1460/97 1607/81
f 1609/82 1477/144 1608/126
f 2341/181 1609/82 2342/167
f 1609/82 1465/127 2327/146
f 1609/82 1459/57 1460/97
f 1476/165 1477/144 1609/82
f 58/114 80/98 1609/82
f 1608/126 58/114 1609/82
f 57/145 58/114 1608/126
f 1469/3593 60/3587 2212/3590
f 1508/66 1480/77 1482/92
f 1485/1930 1503/1931 1579/1932
f 1509/612 71/616 2214/621
f 1500/2 1492/9 65/6
f 1490/5 1500/2 1497/1
f 1490/5 1489/8 1500/2
f 1601/13 65/6 1492/9
f 1596/7 1593/19 98/15
f 9/16 1605/20 1597/12
f 1501/11 1490/5 1596/7
f 1489/8 1752/22 1491/17
f 1522/2491 1511/2493 1538/2494
f 67/2498 2/2503 1510/2501
f 73/606 71/616 1509/612
f 95/918 1539/919 66/920
f 1538/2494 67/2498 1510/2501
f 1520/32 1538/37 1510/25
f 1602/27 1493/36 1520/32
f 1493/36 1484/42 1520/32
f 1484/42 1493/36 1483/48
f 1483/1387 1573/1382 1484/1386
f 1507/1377 1513/1381 1506/1378
f 55/1388 1604/1383 1534/1376
f 70/634 69/633 2220/638
f 1508/66 1459/57 1493/36
f 1607/81 1508/66 1481/96
f 1483/48 1459/57 55/68
f 1459/57 1607/81 1460/97
f 70/634 1603/630 1487/628
f 1534/1376 1604/1383 1592/1380
f 1592/1380 1565/1390 1589/1384
f 55/1388 1555/1391 1592/1380
f 1588/1520 1514/1516 69/1525
f 1481/96 1482/92 1480/77
f 1508/4450 1482/4451 1481/4452
f 1573/1382 1534/1376 1600/1379
f 1506/3946 1522/3947 1600/3948
f 1522/2491 1520/2497 1484/2500
f 1538/2494 1520/2497 1522/2491
f 1510/25 1491/17 1602/27
f 65/929 1601/926 95/918
f 1534/1376 1506/1378 1600/1379
f 1494/609 1509/612 2224/617
f 1492/922 95/918 1601/926
f 1/21 1492/9 1491/17
f 1539/2201 2/2202 1586/2203
f 1510/25 1/21 1491/17
f 1497/1104 1498/1105 75/1106
f 1596/7 1490/5 1497/1
f 1489/3943 1597/3944 1605/3945
f 98/15 1501/11 1596/7
f 1501/644 30/645 9/646
f 1537/64 1504/53 1495/46
f 1580/503 76/501 1537/500
f 1579/504 76/501 77/507
f 76/501 1503/502 1504/499
f 1516/14 93/10 1502/18
f 1580/3003 1495/3004 108/3005
f 1553/1081 1528/1072 1496/1080
f 39/1329 1524/1319 1583/1332
f 19/2389 23/2390 17/2391
f 1502/1050 1560/1051 1516/1052
f 1581/650 1593/649 1516/652
f 36/1061 1496/1062 2228/1064
f 61/648 1593/649 1581/650
f 1594/1090 1553/1081 1557/1092
f 1506/4098 1513/4095 1517/4097
f 1506/2495 1517/2499 1521/2492
f 1588/629 1487/628 1587/618
f 1506/2495 1521/2492 1522/2491
f 1511/2493 1521/2492 1535/2496
f 1562/1389 1589/1384 1565/1390
f 1565/1341 1505/1343 1531/1340
f 1532/1336 1531/1340 1574/1337
f 1587/1342 1574/1337 1531/1340
f 1574/1337 1556/1333 1532/1336
f 1556/1333 1574/1337 1563/1328
f 1574/613 1587/618 1515/610
f 1523/1322 1556/1333 1563/1328
f 1591/1318 1523/1322 1524/1319
f 1591/1318 1533/1317 1517/1321
f 1532/1336 1556/1333 1523/1322
f 1523/1322 1591/1318 1590/1327
f 1513/1381 1507/1377 1512/1385
f 1588/1520 1462/1524 1473/1517
f 1587/618 1462/632 1588/629
f 1473/1517 1514/1516 1588/1520
f 1590/1327 1512/1325 1562/1331
f 1590/1327 1591/1318 1512/1325
f 37/1324 1585/1326 1533/1317
f 67/2498 1535/2496 68/2502
f 1515/610 1488/619 72/614
f 1583/608 1515/610 73/606
f 64/932 94/924 87/935
f 1519/1075 1528/1072 1518/1071
f 41/1952 1539/1953 1547/1954
f 87/1110 75/1106 64/1108
f 52/1955 41/1952 1547/1954
f 92/2795 1594/2797 93/2799
f 1521/1330 1517/1321 1585/1326
f 1533/1317 1554/1320 37/1324
f 1524/1319 1563/1328 1583/1332
f 1574/613 1515/610 1583/608
f 40/1957 41/1952 52/1955
f 39/1329 26/1323 1524/1319
f 40/1335 1521/1330 1585/1326
f 34/1058 32/1054 1582/1056
f 32/1054 1502/1050 1582/1056
f 31/1053 1560/1051 1502/1050
f 34/1058 1582/1056 1557/1059
f 1516/1052 1560/1051 31/1053
f 32/1054 31/1053 1502/1050
f 108/2394 23/2390 1580/2396
f 17/1202 91/1213 53/1208
f 68/2502 1535/2496 1559/2504
f 1549/2505 68/2502 1559/2504
f 1549/3173 1559/3174 1544/3175
f 142/594 210/580 143/593
f 230/385 163/401 185/395
f 131/4303 1576/4304 132/4305
f 1464/1277 1475/1275 1395/1272
f 504/2277 501/2278 509/2279
f 809/2313 551/2314 822/2315
f 174/338 173/337 169/341
f 186/440 189/452 148/425
f 122/2935 121/2936 245/2937
f 44/538 470/550 115/544
f 18/1196 335/1198 320/1193
f 116/562 115/544 212/570
f 493/2353 492/2354 498/2355
f 272/1074 269/1082 295/1083
f 563/3674 559/3675 2234/3676
f 51/1663 549/1664 14/1665
f 215/438 249/428 213/399
f 123/466 150/476 124/458
f 471/556 216/564 115/544
f 113/555 111/561 101/545
f 237/4333 243/4334 228/4335
f 127/2906 134/2907 128/2908
f 166/390 149/414 147/403
f 131/367 158/351 145/377
f 1578/383 1577/393 198/354
f 179/396 175/407 178/389
f 211/571 187/583 112/568
f 162/386 160/387 205/366
f 156/365 204/356 205/366
f 168/350 158/351 131/367
f 211/571 113/555 116/562
f 132/378 1576/398 155/404
f 229/577 180/578 116/562
f 154/589 472/574 150/588
f 240/359 239/370 244/371
f 234/361 238/373 224/348
f 195/411 179/396 161/402
f 166/390 178/389 177/408
f 209/364 1578/383 198/354
f 217/3180 227/3181 2236/3182
f 221/374 220/381 223/362
f 169/341 168/350 202/345
f 249/428 215/438 153/449
f 400/3552 421/3553 398/3554
f 270/4221 269/4222 273/4223
f 267/1093 270/1091 266/1094
f 303/942 310/946 386/947
f 267/2532 296/2533 297/2534
f 50/1281 291/1282 1542/1283
f 333/1211 349/1215 345/1207
f 262/1099 261/1098 403/1101
f 410/4290 414/4291 409/4292
f 437/3210 367/3211 347/3212
f 393/2774 394/2775 278/2776
f 357/2545 365/2546 373/2547
f 397/3555 396/3557 421/3553
f 381/2541 296/2533 371/2537
f 396/3557 299/3565 406/3562
f 397/4337 260/4338 401/4339
f 260/4338 420/4340 401/4339
f 44/538 344/537 277/530
f 427/3288 340/3289 342/3290
f 390/2725 372/2726 377/2727
f 445/1434 467/1435 368/1436
f 461/1438 445/1434 380/1442
f 454/670 461/667 434/665
f 482/2841 430/2842 431/2843
f 457/4341 411/4342 452/4343
f 414/4291 410/4290 473/4293
f 435/4345 102/4346 366/4347
f 101/545 115/544 113/555
f 459/673 460/672 469/677
f 463/2643 451/2644 464/2645
f 460/672 459/673 417/666
f 478/579 126/592 150/588
f 482/2681 483/2682 379/2683
f 278/2776 392/2778 311/2781
f 503/2090 521/2091 502/2092
f 504/2359 509/2361 498/2355
f 536/2317 809/2313 537/2320
f 40/2211 52/2212 1544/2213
f 529/2688 360/2685 487/2684
f 605/2753 510/2754 2345/2755
f 558/2759 603/2761 605/2753
f 564/3040 561/3041 575/3042
f 1540/1288 283/1292 291/1282
f 569/3379 1536/3380 576/3381
f 592/4517 1566/4518 591/4519
f 590/1545 1566/1546 592/1547
f 1568/4194 577/4195 1561/4196
f 1570/4134 578/4135 1568/4136
f 1458/2817 1569/2818 574/2819
f 2242/3051 581/3046 2243/3055
f 592/4517 591/4519 601/4520
f 613/1567 599/1570 583/1575
f 543/2556 541/2557 609/2558
f 82/3370 84/3371 25/3372
f 1546/2395 314/2399 1548/2398
f 74/1112 265/1113 92/1109
f 75/1106 74/1112 92/1109
f 68/2205 818/2207 51/2206
f 539/3176 828/3178 1549/3173
f 1496/1080 35/1088 1553/1081
f 1517/1321 1512/1325 1591/1318
f 582/1533 598/1538 572/1542
f 1458/2817 597/2824 606/2826
f 1461/1528 573/1541 598/1538
f 1471/1582 597/1583 599/1584
f 555/4312 1566/4313 589/4314
f 601/3452 555/3453 592/3454
f 51/2206 1547/2204 68/2205
f 194/410 163/401 190/420
f 181/429 183/463 182/450
f 346/1205 323/1201 345/1207
f 352/4129 1575/4130 325/4131
f 369/1437 301/1441 445/1434
f 368/1436 369/1437 445/1434
f 501/2278 504/2277 507/2280
f 1567/2923 1471/2924 89/2925
f 592/1547 586/1554 2348/1552
f 590/1545 592/1547 2350/1548
f 589/3456 586/3458 592/3454
f 604/2874 584/2875 556/2876
f 596/2926 1567/2923 89/2925
f 1564/1569 1558/1580 1505/1579
f 1471/2924 1567/2923 595/2927
f 597/2824 1458/2817 1474/2820
f 1474/2820 599/2823 597/2824
f 577/4139 578/4135 1561/4138
f 578/4135 1570/4134 1561/4138
f 606/2826 607/2821 1458/2817
f 1571/2838 1568/2840 1561/2831
f 603/2761 606/2768 597/2771
f 1461/1528 1558/1539 573/1541
f 582/4255 572/4256 2244/4257
f 598/1538 582/1533 1461/1528
f 581/3046 1572/3043 575/3042
f 1461/1528 582/1533 1473/1517
f 1568/4136 1571/4137 1570/4134
f 20/4140 1561/4138 1570/4134
f 1569/2818 1458/2817 607/2821
f 20/4514 1570/4515 1571/4516
f 22/2825 607/2821 20/2828
f 607/2821 1561/2831 20/2828
f 2248/3058 1472/3060 2249/3061
f 1505/1343 1462/1345 1587/1342
f 109/1522 21/1526 2254/1529
f 2333/2837 1561/2831 2354/2836
f 587/2928 596/2926 89/2925
f 1532/1336 1562/1331 1531/1340
f 1565/1341 43/1344 1505/1343
f 1565/1341 1531/1340 1562/1331
f 42/1563 613/1567 1564/1569
f 1562/1331 1532/1336 1523/1322
f 1550/3091 1475/3092 1464/3093
f 42/1563 43/1573 1555/1577
f 1551/2562 265/2563 1525/2564
f 66/1334 1585/1326 37/1324
f 68/2205 1549/2208 818/2207
f 1544/3175 1559/3174 1535/3177
f 35/1088 1557/1092 1553/1081
f 24/928 86/931 94/924
f 1524/1319 1523/1322 1563/1328
f 1582/1056 1502/1050 1557/1059
f 1505/1579 43/1573 1564/1569
f 1505/1343 1587/1342 1531/1340
f 569/4007 566/4008 1536/4009
f 1553/1081 1526/1076 1528/1072
f 1527/1073 1528/1072 1526/1076
f 1526/1076 1553/1081 1530/1086
f 566/1297 567/1302 283/1292
f 1527/1073 272/1074 1518/1071
f 1527/2565 1526/2567 1525/2564
f 97/654 1548/659 314/658
f 92/2795 1551/2796 1529/2793
f 1530/1086 1529/1089 1526/1076
f 1529/2793 1551/2796 1525/2798
f 1526/2800 1529/2793 1525/2798
f 822/3096 1550/3091 830/3094
f 573/1574 1558/1580 1564/1569
f 25/3926 1543/3927 609/3928
f 24/928 84/934 86/931
f 1544/3175 539/3176 1549/3173
f 1544/2213 52/2212 612/2215
f 294/4241 1541/4242 83/4243
f 549/1664 51/1663 819/1667
f 600/3095 1475/3092 1550/3091
f 609/2558 1543/2561 611/2560
f 549/2675 819/2672 608/2668
f 25/3372 609/3373 82/3370
f 15/1958 88/1959 52/1955
f 1542/3931 552/3929 25/3926
f 1543/3927 25/3926 552/3929
f 83/1679 327/1675 28/1672
f 294/941 293/940 1541/939
f 87/1110 85/1114 74/1112
f 541/3376 82/3370 609/3373
f 610/2666 608/2668 828/2670
f 18/1196 17/1202 16/1200
f 1546/2395 315/2397 314/2399
f 576/1078 1536/1079 1518/1071
f 274/2566 259/2574 260/2572
f 322/523 63/509 49/516
f 277/530 322/523 49/516
f 275/2569 264/2570 261/2573
f 1527/2565 274/2566 273/2568
f 86/931 83/937 1541/939
f 259/1119 298/1117 341/1121
f 610/2666 535/2663 608/2668
f 539/2216 612/2215 544/2218
f 1542/1283 287/1286 543/1289
f 611/2560 553/2559 609/2558
f 284/1290 291/1282 283/1292
f 611/3930 1543/3927 552/3929
f 553/2559 543/2556 609/2558
f 608/2668 535/2663 330/2669
f 583/1575 573/1574 613/1567
f 599/2823 1474/2820 574/2819
f 597/2929 594/2931 603/2932
f 574/2819 1569/2818 579/2822
f 603/2761 515/2757 605/2753
f 604/2933 602/2934 603/2932
f 606/2768 603/2761 557/2766
f 588/2878 556/2876 584/2875
f 604/2874 556/2876 515/2877
f 287/1286 284/1290 292/1295
f 554/2104 551/2102 547/2100
f 601/1551 590/1545 2351/1549
f 558/2759 605/2753 2346/2756
f 2360/2770 557/2766 2361/2772
f 555/3453 601/3452 2358/3455
f 590/4521 601/4520 591/4519
f 520/1265 593/1262 554/1267
f 555/2882 588/2878 591/2885
f 591/4315 1566/4313 555/4312
f 589/3456 592/3454 555/3453
f 588/2892 1566/2893 590/2894
f 590/4191 591/4192 588/4193
f 587/3461 586/3458 585/3460
f 586/3458 589/3456 585/3460
f 604/3463 585/3460 584/3462
f 589/3456 584/3462 585/3460
f 600/1278 554/1267 1475/1275
f 1564/1569 613/1567 573/1574
f 574/3475 573/3476 583/3477
f 573/1541 570/1544 598/1538
f 595/2927 594/2931 597/2929
f 585/2930 596/2926 587/2928
f 1471/2924 595/2927 597/2929
f 2357/2829 606/2826 2362/2832
f 571/3480 570/3479 574/3475
f 594/2931 585/2930 604/2933
f 596/2926 585/2930 594/2931
f 580/3766 563/3767 579/3768
f 563/3767 572/3771 571/3770
f 581/3769 563/3767 580/3766
f 572/3771 563/3767 2235/3772
f 1572/3043 564/3040 575/3042
f 20/3052 1568/3056 578/3047
f 578/4135 577/4139 2250/4141
f 254/1308 285/1307 283/1292
f 564/4463 578/4464 2263/4465
f 563/3045 575/3042 561/3041
f 573/3476 574/3475 570/3479
f 571/3480 572/3482 570/3479
f 572/1542 598/1538 570/1544
f 2257/2247 566/2248 2265/2249
f 255/2253 254/2254 567/2252
f 295/1083 576/1078 272/1074
f 254/1308 283/1292 567/1302
f 275/2569 273/2568 274/2566
f 276/522 5/512 2266/529
f 283/1292 1540/1288 566/1297
f 567/2252 568/2250 255/2253
f 270/4203 271/4204 275/4205
f 2259/3382 576/3381 2269/3383
f 568/2250 567/2252 566/2248
f 562/3685 560/3681 561/3684
f 560/3681 565/3682 561/3684
f 559/3050 563/3045 561/3041
f 559/3675 565/3682 560/3681
f 561/3041 565/3054 559/3050
f 559/3675 560/3681 2238/3680
f 518/3441 373/3442 512/3443
f 603/2761 558/2759 557/2766
f 557/2766 558/2759 2359/2763
f 510/2754 605/2753 515/2757
f 512/1305 511/1298 514/1294
f 603/2761 602/2765 515/2757
f 552/4265 1542/4266 553/4267
f 515/2877 602/2879 604/2874
f 611/4268 552/4265 553/4267
f 524/2880 556/2876 517/2883
f 524/2880 515/2877 556/2876
f 517/2883 556/2876 555/2882
f 517/2883 555/2882 2364/2887
f 546/2097 525/2094 521/2091
f 554/1267 545/1271 520/1265
f 506/1255 526/1260 508/1256
f 520/1265 521/1268 503/1263
f 522/2222 532/2226 539/2216
f 521/2091 547/2100 546/2097
f 82/2223 541/2221 88/2217
f 545/2101 547/2100 521/2091
f 308/3871 530/3872 542/3873
f 531/3874 308/3871 542/3873
f 541/2557 543/2556 540/2554
f 530/2225 523/2220 542/2219
f 544/2218 542/2219 523/2220
f 544/2218 523/2220 539/2216
f 534/3822 528/3823 533/3824
f 539/2216 538/2228 610/2230
f 535/2663 610/2666 538/2664
f 525/2324 537/2320 484/2328
f 535/2663 532/2662 534/2665
f 535/2663 534/2665 533/2667
f 532/2226 538/2228 539/2216
f 330/2669 533/2667 331/2671
f 551/2314 536/2317 546/2321
f 527/1254 812/1258 506/1255
f 528/2693 519/2691 486/2689
f 532/3826 522/3825 534/3822
f 328/3493 486/3494 489/3495
f 533/2667 528/2676 328/2674
f 328/2674 528/2676 486/2678
f 530/3872 308/3871 529/3875
f 308/3871 360/3876 529/3875
f 308/3855 531/3856 364/3857
f 529/2688 519/2691 528/2693
f 522/3825 528/3823 534/3822
f 502/2092 521/2091 525/2094
f 526/1260 520/1265 503/1263
f 502/2092 525/2094 484/2096
f 510/4159 513/4160 516/4161
f 516/2886 517/2883 2370/2888
f 516/2886 513/2889 524/2880
f 524/2764 513/2760 515/2757
f 518/1299 512/1305 514/1294
f 517/2883 516/2886 524/2880
f 365/2546 363/2550 373/2547
f 510/2754 515/2757 513/2760
f 363/2550 512/2553 373/2547
f 518/1299 514/1294 287/1286
f 373/3442 518/3441 288/3444
f 287/1286 288/1306 518/1299
f 289/3540 292/3541 290/3542
f 498/2281 509/2279 501/2278
f 507/2280 505/2282 501/2278
f 504/2277 491/2283 507/2280
f 505/1253 506/1255 508/1256
f 508/1256 499/1259 505/1253
f 502/2092 493/2093 503/2090
f 503/2358 493/2353 499/2356
f 499/2284 498/2281 501/2278
f 498/2355 499/2356 493/2353
f 498/2355 492/2354 496/2357
f 487/2684 519/2691 529/2688
f 444/3498 431/3501 429/3499
f 432/2844 482/2841 379/2847
f 379/2683 483/2682 487/2684
f 483/3500 444/3498 488/3497
f 325/3496 489/3495 444/3498
f 519/2691 487/2684 486/2689
f 487/2684 488/2686 486/2689
f 483/3500 482/3504 431/3501
f 444/3498 483/3500 431/3501
f 491/2360 504/2359 496/2357
f 494/2363 497/2365 495/2362
f 495/2362 491/2360 496/2357
f 494/2103 496/2105 492/2098
f 776/2366 490/2369 491/2360
f 494/2363 485/2367 497/2365
f 428/2848 362/2849 361/2850
f 356/2548 357/2545 373/2547
f 375/3450 433/3449 390/3451
f 394/2775 481/2787 425/2782
f 481/3883 394/3884 388/3885
f 394/2775 425/2782 392/2778
f 480/2789 425/2782 481/2787
f 425/2782 423/2786 392/2778
f 393/3887 382/3889 388/3885
f 388/3885 424/3886 481/3883
f 481/3883 424/3886 480/3888
f 311/3775 423/3776 424/3777
f 394/3884 393/3887 388/3885
f 475/563 479/573 471/556
f 474/572 476/565 2275/581
f 474/572 470/550 476/565
f 470/550 12/546 477/558
f 125/597 126/592 478/579
f 151/599 478/579 2277/596
f 478/579 474/572 2276/587
f 150/588 475/563 478/579
f 419/2653 448/2652 450/2646
f 470/550 477/558 476/565
f 475/563 470/550 474/572
f 414/4291 473/4293 413/4295
f 474/572 478/579 475/563
f 151/599 125/597 478/579
f 472/574 479/573 475/563
f 210/580 216/564 472/574
f 471/556 479/573 472/574
f 472/574 216/564 471/556
f 116/562 113/555 115/544
f 141/586 229/577 212/570
f 115/544 101/545 435/535
f 470/550 471/556 115/544
f 407/3419 412/3420 409/3421
f 410/1409 411/1410 473/1411
f 419/674 413/676 457/679
f 473/680 457/679 413/676
f 441/4225 448/4226 457/4227
f 459/3842 469/3843 463/3844
f 340/3289 427/3288 415/3292
f 457/4341 473/4344 411/4342
f 418/671 413/676 419/674
f 469/2648 460/2651 450/2646
f 466/669 459/673 455/675
f 439/668 460/672 417/666
f 376/2851 361/2850 362/2849
f 417/666 466/669 434/665
f 455/675 454/670 466/669
f 459/3842 465/3845 455/3847
f 464/3846 465/3845 463/3844
f 454/1447 455/1454 462/1443
f 434/665 466/669 454/670
f 441/2654 442/2656 447/2649
f 452/4230 458/4228 457/4227
f 463/2643 469/2648 450/2646
f 463/2643 450/2646 451/2644
f 465/4475 464/4476 468/4477
f 463/3844 465/3845 459/3842
f 446/2650 468/2647 451/2644
f 468/2647 464/2645 451/2644
f 462/1443 467/1435 461/1438
f 461/1438 454/1447 462/1443
f 455/3847 465/3845 462/3848
f 468/4477 462/4478 465/4475
f 447/2649 453/2655 446/2650
f 452/4230 441/4225 458/4228
f 452/1414 411/1410 438/1412
f 446/2650 451/2644 447/2649
f 447/2649 451/2644 450/2646
f 447/2649 442/2656 449/2657
f 438/1412 436/1417 452/1414
f 440/1421 456/1422 442/1420
f 104/559 99/554 103/519
f 436/1417 441/1418 452/1414
f 346/1416 436/1417 438/1412
f 412/1413 346/1416 438/1412
f 349/1215 348/1219 436/1210
f 343/3422 407/3419 409/3421
f 347/3212 348/3214 334/3216
f 412/3420 407/3419 338/3423
f 346/1205 345/1207 436/1210
f 101/3781 104/3782 103/3783
f 99/554 100/549 103/519
f 444/3498 429/3499 325/3496
f 429/2845 430/2842 443/2846
f 443/1684 361/1674 429/1681
f 429/3499 353/3502 325/3496
f 428/2848 361/2850 443/2846
f 443/2846 430/2842 432/2844
f 379/2847 362/2849 432/2844
f 429/2845 431/2843 430/2842
f 428/2848 443/2846 432/2844
f 361/1674 353/1677 429/1681
f 301/1441 378/1453 380/1442
f 375/2731 390/2725 358/2728
f 392/2778 423/2786 311/2781
f 374/3446 433/3449 375/3450
f 424/4372 425/4373 480/4374
f 388/3780 387/3778 424/3777
f 423/3776 372/3779 424/3777
f 425/2729 424/2732 372/2726
f 433/3449 391/3447 390/3451
f 406/3562 422/3558 396/3557
f 371/2537 399/2542 406/2543
f 422/3558 421/3553 396/3557
f 399/2542 422/2544 406/2543
f 381/2541 371/2537 406/2543
f 422/3558 399/3556 421/3553
f 413/676 418/671 408/678
f 418/3293 426/3295 427/3288
f 416/664 439/668 417/666
f 413/4295 408/4294 414/4291
f 412/1413 410/1409 409/1415
f 438/1412 411/1410 410/1409
f 410/1409 412/1413 438/1412
f 435/535 11/514 115/544
f 343/3422 409/3421 408/3424
f 342/3426 343/3422 408/3424
f 336/1197 321/1191 337/1194
f 414/4291 408/4294 409/4292
f 346/3425 412/3420 338/3423
f 407/3419 343/3422 338/3423
f 320/1193 337/1194 321/1191
f 400/4427 398/4428 402/4429
f 398/4210 420/4211 402/4212
f 399/1100 404/1102 398/1103
f 403/1101 398/1103 404/1102
f 404/1102 262/1099 403/1101
f 277/530 344/537 336/552
f 341/3559 397/3555 402/3560
f 318/2410 340/2411 305/2412
f 397/3555 421/3553 400/3552
f 398/4210 261/4213 420/4211
f 400/4215 420/4211 261/4213
f 261/2573 260/2572 400/2575
f 397/3555 401/3563 402/3560
f 401/4430 400/4427 402/4429
f 420/4211 400/4215 401/4216
f 397/3555 341/3559 396/3557
f 377/3551 372/3550 312/3548
f 405/2540 371/2537 266/2535
f 395/3561 300/3564 396/3557
f 299/3565 381/3566 406/3562
f 300/3564 299/3565 396/3557
f 400/2575 260/2572 397/2577
f 405/1097 262/1099 399/1100
f 371/2537 405/2540 399/2542
f 398/3554 421/3553 399/3556
f 262/1099 404/1102 399/1100
f 310/3988 311/3989 387/3990
f 383/3308 384/3309 387/3310
f 388/3311 383/3308 387/3310
f 383/3308 382/3313 257/3312
f 289/1312 287/1313 286/1314
f 385/2780 393/2774 279/2777
f 292/3541 289/3540 281/3544
f 279/2777 278/2776 281/2779
f 278/2776 290/2784 281/2779
f 385/2259 253/2256 382/2260
f 278/2776 394/2775 392/2778
f 391/3447 374/3446 309/3445
f 391/3447 433/3449 374/3446
f 376/2730 355/2733 358/2728
f 375/2731 355/2733 356/2735
f 356/3448 374/3446 375/3450
f 356/2735 355/2733 357/2736
f 374/3446 356/3448 373/3442
f 309/3445 374/3446 373/3442
f 372/4437 391/4438 309/4439
f 309/3543 312/3548 372/3550
f 310/946 303/942 313/943
f 313/3549 312/3548 310/3545
f 313/3549 377/3551 312/3548
f 381/4281 299/4282 268/4283
f 268/2538 85/2536 296/2533
f 268/2538 296/2533 381/2541
f 386/947 310/946 387/949
f 380/663 305/661 416/664
f 377/2727 376/2730 358/2728
f 362/2849 354/2852 376/2851
f 355/2733 354/2734 357/2736
f 363/2550 365/2546 364/2552
f 365/3859 359/3861 307/3858
f 354/2549 365/2546 357/2545
f 359/2692 354/2690 360/2685
f 355/2733 375/2731 358/2728
f 354/2734 355/2733 376/2730
f 13/1669 352/1676 353/1677
f 361/1674 13/1669 353/1677
f 489/3495 325/3496 328/3493
f 325/3496 353/3502 352/3503
f 348/1219 367/1225 437/1222
f 333/1211 334/1220 349/1215
f 347/3212 367/3211 348/3214
f 346/1205 338/1203 323/1201
f 277/2417 339/2414 318/2410
f 339/3428 343/3422 342/3426
f 402/1123 259/1119 341/1121
f 339/2414 277/2417 336/2421
f 323/1201 338/1203 320/1193
f 323/1201 320/1193 335/1198
f 317/2422 319/2420 18/2423
f 337/4440 339/4441 336/4442
f 323/1201 333/1211 345/1207
f 347/3212 324/3218 332/3220
f 324/1223 334/1220 333/1211
f 348/1219 349/1215 334/1220
f 347/3212 334/3216 324/3218
f 323/3164 335/3165 16/3166
f 18/1196 16/1200 335/1198
f 324/3168 16/3166 47/3169
f 333/3167 16/3166 324/3168
f 333/3167 323/3164 16/3166
f 315/2419 319/2420 318/2410
f 318/2410 319/2420 277/2417
f 319/2420 317/2422 277/2417
f 18/1196 320/1193 317/1192
f 304/660 302/656 314/658
f 81/1458 302/1452 46/1446
f 301/1441 46/1446 302/1452
f 313/1686 306/1682 377/1685
f 28/1672 306/1682 83/1679
f 288/3444 309/3445 373/3442
f 376/1678 306/1682 28/1672
f 352/1676 13/1669 370/1671
f 304/2413 318/2410 305/2412
f 395/1120 341/1121 298/1117
f 389/944 85/938 303/942
f 85/2536 389/2539 297/2534
f 300/1118 298/1117 268/1115
f 310/3545 312/3548 309/3543
f 309/3543 288/3546 289/3540
f 290/3542 309/3543 289/3540
f 284/4089 286/4090 290/4091
f 292/4093 280/4092 286/4090
f 290/1300 292/1295 284/1290
f 290/4091 286/4090 280/4092
f 286/4090 287/4094 292/4093
f 287/1286 289/1310 288/1306
f 285/2783 279/2777 281/2779
f 281/1315 286/1314 284/1316
f 254/1308 256/1311 285/1307
f 281/3544 280/3547 292/3541
f 279/2777 252/2785 385/2780
f 252/2785 279/2777 256/2788
f 281/3544 290/3542 280/3547
f 285/2783 256/2788 279/2777
f 267/3316 384/3309 258/3314
f 303/942 297/945 389/944
f 272/1074 273/1077 269/1082
f 275/2569 271/2571 273/2568
f 298/1117 265/1113 268/1115
f 85/1114 268/1115 74/1112
f 266/1094 263/1095 405/1097
f 371/2537 296/2533 266/2535
f 296/2533 267/2532 266/2535
f 261/1098 263/1095 275/1096
f 263/1095 270/1091 275/1096
f 260/2572 261/2573 264/2570
f 265/1113 259/1119 274/1122
f 274/2566 264/2570 275/2569
f 382/3313 253/3315 257/3312
f 254/2254 253/2256 252/2257
f 254/2254 255/2253 258/2255
f 106/2920 226/2914 2283/2919
f 249/428 246/427 248/416
f 2287/461 250/448 2288/469
f 251/462 153/449 215/438
f 125/2939 151/2942 121/2936
f 251/2940 152/2943 2291/2945
f 249/428 153/449 250/448
f 251/2940 245/2937 121/2936
f 153/449 251/462 2289/470
f 121/2936 152/2943 251/2940
f 215/2938 245/2937 251/2940
f 246/427 249/428 250/448
f 248/416 213/399 249/428
f 128/437 247/406 246/427
f 247/406 248/416 246/427
f 115/544 216/564 212/570
f 247/406 133/379 213/399
f 155/404 1576/398 146/388
f 247/406 213/399 248/416
f 189/576 111/561 112/568
f 199/342 241/352 237/360
f 244/2915 129/2909 225/2917
f 239/370 240/359 202/345
f 202/345 135/368 239/370
f 242/372 237/360 241/352
f 241/352 240/359 244/371
f 239/2912 129/2909 244/2915
f 105/3185 227/3181 243/3189
f 243/3189 227/3181 228/3190
f 220/3109 222/3110 217/3111
f 236/2471 238/2472 218/2473
f 221/3187 228/3190 227/3181
f 223/362 235/346 214/353
f 237/360 221/374 214/353
f 199/342 214/353 235/346
f 114/3193 106/3192 107/3196
f 220/381 234/361 223/362
f 224/348 235/346 234/361
f 200/339 235/346 224/348
f 209/364 208/355 224/348
f 230/385 196/375 207/394
f 198/354 206/347 201/343
f 113/555 211/571 112/568
f 180/578 187/583 211/571
f 195/411 232/421 179/396
f 142/594 141/586 210/580
f 159/358 170/344 156/365
f 230/385 185/395 203/363
f 198/354 196/375 203/363
f 203/363 162/386 205/366
f 157/369 158/351 159/358
f 116/562 212/570 229/577
f 180/578 211/571 116/562
f 181/429 188/451 186/440
f 176/4369 183/4370 181/4371
f 198/354 201/343 208/355
f 235/346 223/362 234/361
f 200/339 224/348 201/343
f 218/2473 220/2474 217/2475
f 217/2475 219/2476 218/2473
f 221/374 222/392 220/381
f 227/3181 222/3184 221/3187
f 222/3184 227/3181 217/3180
f 223/362 214/353 221/374
f 129/2909 226/2914 225/2917
f 225/2917 226/2914 106/2920
f 200/339 199/342 235/346
f 237/360 214/353 199/342
f 172/340 171/349 170/344
f 202/345 130/357 135/368
f 133/379 130/357 132/378
f 213/2944 139/2941 215/2938
f 210/580 212/570 216/564
f 472/574 154/589 210/580
f 155/404 117/424 137/405
f 123/466 120/446 119/435
f 213/399 133/379 132/378
f 210/580 141/586 212/570
f 180/422 229/434 141/412
f 141/412 147/403 180/422
f 146/388 140/397 155/404
f 130/357 131/367 132/378
f 170/344 159/358 158/351
f 161/402 162/386 195/411
f 158/351 168/350 169/341
f 202/345 174/338 169/341
f 169/341 173/337 170/344
f 199/342 200/339 174/338
f 172/340 200/339 201/343
f 196/375 198/354 197/384
f 208/355 209/364 198/354
f 207/394 196/375 197/384
f 165/409 163/401 207/394
f 156/365 170/344 204/356
f 171/349 205/366 204/356
f 156/365 157/369 159/358
f 203/363 205/366 171/349
f 203/363 196/375 230/385
f 198/354 203/363 206/347
f 207/394 163/401 230/385
f 232/421 176/417 179/396
f 186/440 188/451 189/452
f 112/443 148/425 189/452
f 194/410 231/432 195/411
f 179/396 160/387 161/402
f 185/395 163/401 162/386
f 162/386 203/363 185/395
f 195/411 162/386 194/410
f 176/417 232/421 184/439
f 183/463 176/417 182/450
f 148/425 149/414 177/408
f 180/422 148/425 112/443
f 112/443 187/456 180/422
f 177/408 186/440 148/425
f 156/365 160/387 179/396
f 179/396 176/417 175/407
f 178/389 175/407 177/408
f 179/396 178/389 156/365
f 181/429 175/407 176/417
f 181/429 177/408 175/407
f 181/429 186/440 177/408
f 165/409 207/394 164/418
f 191/419 190/420 163/401
f 194/410 162/386 163/401
f 162/386 161/402 160/387
f 165/409 191/419 163/401
f 166/390 157/369 178/389
f 157/369 167/380 158/351
f 160/387 156/365 205/366
f 201/343 206/347 172/340
f 170/344 171/349 204/356
f 170/344 158/351 169/341
f 145/377 158/351 167/380
f 166/390 145/377 167/380
f 146/388 131/367 145/377
f 147/403 149/414 148/425
f 177/408 149/414 166/390
f 140/397 146/388 145/377
f 166/390 167/380 157/369
f 140/397 145/377 147/403
f 146/388 1576/398 131/367
f 166/390 147/403 145/377
f 147/403 141/412 140/397
f 210/580 154/589 143/593
f 147/403 148/425 180/422
f 141/412 142/423 140/397
f 140/397 144/413 155/404
f 142/423 143/444 119/435
f 119/435 143/444 154/457
f 2292/2946 151/2942 2296/2948
f 121/2936 151/2942 152/2943
f 121/2936 122/2935 125/2939
f 124/458 150/476 126/477
f 150/476 123/466 154/457
f 123/466 124/458 120/446
f 122/436 124/458 125/467
f 126/477 125/467 124/458
f 120/446 124/458 122/436
f 154/457 123/466 119/435
f 120/446 118/445 119/435
f 138/426 118/445 120/446
f 119/435 118/445 117/424
f 137/405 132/378 155/404
f 117/424 118/445 138/426
f 139/415 138/426 122/436
f 137/405 139/415 213/399
f 120/446 122/436 138/426
f 122/2935 215/2938 139/2941
f 2288/469 153/449 2295/478
f 2285/460 128/437 2297/447
f 2282/2916 136/2911 2284/2918
f 239/2912 135/2913 127/2906
f 239/2912 127/2906 129/2909
f 133/2910 134/2907 127/2906
f 168/350 131/367 130/357
f 168/350 130/357 202/345
f 127/2906 135/2913 133/2910
f 199/342 174/338 202/345
f 128/4273 134/4274 133/4275
f 129/2909 127/2906 128/2908
f 136/2911 129/2909 128/2908
f 226/2914 129/2909 136/2911
f 221/374 237/360 228/382
f 112/568 111/561 113/555
f 238/373 234/361 220/381
f 114/3193 107/3196 2298/3197
f 107/3196 106/3192 2286/3198
f 105/3185 114/3193 2301/3191
f 202/345 240/359 241/352
f 101/4410 99/4411 104/4412
f 435/535 101/545 102/536
f 103/519 102/536 101/545
f 109/1522 59/1527 110/1519
f 109/1522 110/1519 22/1518
f 108/1217 91/1213 17/1202
f 96/3008 7/3009 91/3007
f 91/719 7/720 8/721
f 62/651 81/653 61/648
f 95/918 66/920 38/921
f 8/721 53/722 91/719
f 90/1559 89/1555 2375/1560
f 22/1518 21/1526 109/1522
f 15/1958 82/1960 88/1959
f 87/935 86/931 85/938
f 83/3374 84/3371 82/3370
f 82/3370 327/3377 83/3374
f 1514/1516 110/1519 60/1523
f 25/1284 50/1281 1542/1283
f 50/3378 25/3372 24/3375
f 43/1573 42/1563 1564/1569
f 2379/1532 2303/1537 2436/1540
f 60/1523 59/1527 2379/1532
f 56/1572 58/1578 57/1568
f 58/1395 56/1393 80/1394
f 55/1388 80/1394 56/1393
f 76/501 78/510 77/507
f 73/606 72/614 71/616
f 67/2498 68/2502 2/2503
f 1595/1309 1519/1304 1584/1293
f 93/1107 75/1106 92/1109
f 24/928 38/921 37/925
f 2305/531 34/524 2306/542
f 1580/2396 23/2390 33/2393
f 31/506 32/517 5/512
f 13/1669 28/1672 15/1666
f 26/1287 39/1291 27/1285
f 21/2830 22/2825 20/2828
f 19/657 97/654 1581/650
f 8/721 54/724 53/722
f 3/515 351/521 4/525
f 4/525 29/513 3/515
f 15/1958 52/1955 51/1956
f 14/1665 15/1666 51/1663
f 45/1457 81/1458 46/1446
f 15/1958 327/1961 82/1960
f 322/601 277/602 317/603
f 15/1666 14/1665 13/1669
f 303/942 293/940 313/943
f 1605/20 9/16 6/24
f 6/723 8/721 7/720
f 91/3007 108/3005 1495/3004
f 1510/933 2/930 1/927
f 1539/919 1/927 2/930
f 1478/1586 1467/1588 2330/1590
f 17/2391 18/2392 19/2389
f 535/2663 533/2667 330/2669
f 1496/1080 1519/1075 1595/1085
f 1517/1321 1533/1317 1585/1326
f 61/725 6/723 30/729
f 536/2317 537/2320 525/2324
f 1535/2496 67/2498 1511/2493
f 1479/2143 1606/2144 1468/2145
f 818/2207 1549/2208 828/2210
f 272/1074 576/1078 1518/1071
f 1519/1075 1536/1079 566/1084
f 93/1107 1497/1104 75/1106
f 296/2533 85/2536 297/2534
f 1507/1377 1562/1389 1512/1385
f 1550/3091 822/3096 551/3097
f 1574/1337 1583/1332 1563/1328
f 2306/1063 36/1061 2309/1065
f 1496/615 1595/611 1494/609
f 1598/1303 1595/1309 1584/1293
f 62/651 97/654 314/658
f 1607/81 1606/124 1479/125
f 2219/635 1603/630 2310/637
f 1488/619 71/616 72/614
f 1602/27 1520/32 1510/25
f 1505/1534 1461/1528 1462/1524
f 1475/1275 554/1267 1395/1272
f 1396/1591 1467/1588 1468/1585
f 22/1518 110/1519 1514/1516
f 20/4197 577/4195 1568/4194
f 580/4179 1473/4180 1472/4181
f 580/1521 22/1518 1473/1517
f 2378/1566 57/1568 2384/1571
f 1466/113 1465/127 1609/82
f 56/1393 1555/1391 55/1388
f 1477/144 1611/166 1608/126
f 2328/1594 1479/1587 2335/1592
f 1610/112 1606/124 1607/81
f 1609/82 1460/97 1466/113
f 1481/96 1610/112 1607/81
f 55/68 1459/57 1609/82
f 2220/638 1469/642 2312/643
f 1507/1377 1592/1380 1589/1384
f 1492/9 1489/8 1491/17
f 65/6 1499/3 1500/2
f 73/606 1598/607 1599/604
f 1584/1293 1519/1304 566/1297
f 38/921 24/928 94/924
f 1537/3006 1495/3004 1580/3003
f 1499/3 1498/4 1497/1
f 1489/8 1490/5 1597/12
f 9/16 1597/12 1490/5
f 67/2498 1538/2494 1511/2493
f 95/918 1492/922 1539/919
f 41/923 66/920 1539/919
f 1522/3947 1484/3949 1600/3948
f 1573/1382 1600/1379 1484/1386
f 1487/628 1603/630 1488/619
f 1493/36 1459/57 1483/48
f 70/634 1487/628 69/633
f 1603/630 70/634 2223/636
f 1534/1376 1573/1382 1483/1387
f 1534/1376 1592/1380 1507/1377
f 55/1388 1592/1380 1604/1383
f 1487/628 1588/629 69/633
f 1483/1387 55/1388 1534/1376
f 1492/922 1/927 1539/919
f 2217/627 1488/619 2218/631
f 1587/618 1487/628 1488/619
f 26/4175 24/4176 37/4177
f 37/1324 1554/1320 26/1323
f 1584/1293 1599/1296 1598/1303
f 65/929 94/924 64/932
f 75/1106 1498/1105 64/1108
f 1494/609 1595/611 1598/607
f 66/1334 41/1338 1585/1326
f 41/1338 40/1335 1585/1326
f 9/16 30/30 6/24
f 68/2205 1586/2203 2/2202
f 1490/5 1501/11 9/16
f 1509/612 1494/609 73/606
f 1598/607 73/606 1494/609
f 64/1108 1498/1105 1499/1111
f 1596/7 1497/1 93/10
f 96/3008 91/3007 1495/3004
f 93/10 1516/14 1596/7
f 1516/14 1593/19 1596/7
f 1504/53 1486/40 1495/46
f 93/10 1557/23 1502/18
f 33/1057 1516/1052 1580/1055
f 76/501 1579/504 1503/502
f 1580/503 31/506 76/501
f 63/509 31/506 5/512
f 1516/652 33/655 1581/650
f 1599/1296 1584/1293 27/1285
f 1587/618 1488/619 1515/610
f 1562/1331 1523/1322 1590/1327
f 43/1392 1565/1390 1592/1380
f 1592/1380 1555/1391 43/1392
f 1586/2203 1547/2204 1539/2201
f 1496/1080 1528/1072 1519/1075
f 27/1285 50/1281 26/1287
f 61/648 1581/650 62/651
f 1554/1320 1524/1319 26/1323
f 73/606 39/605 1583/608
f 27/1285 39/1291 1599/1296
f 1524/1319 1554/1320 1533/1317
f 1521/1330 40/1335 1535/1339
f 38/921 66/920 37/925
f 1544/2213 1535/2214 40/2211
f 1586/2203 68/2205 1547/2204
f 1594/2797 92/2795 1530/2794
f 1557/1059 35/1060 34/1058
f 1581/650 97/654 62/651
f 1594/28 1557/23 93/10
f 1581/650 33/655 19/657
f 1550/3091 1464/3093 830/3094
f 8/721 6/723 61/725
f 588/2878 555/2882 556/2876
f 244/371 243/391 242/372
f 308/3855 307/3858 360/3860
f 103/519 366/527 102/536
f 302/1452 378/1453 301/1441
f 416/664 417/666 434/665
f 156/365 178/389 157/369
f 195/411 233/433 232/421
f 243/3189 225/3194 106/3192
f 220/2474 218/2473 238/2472
f 2236/3182 105/3185 2302/3188
f 1546/2395 18/2392 315/2397
f 273/4223 271/4224 270/4221
f 263/1095 262/1099 405/1097
f 295/1083 269/1082 270/1091
f 83/937 86/931 84/934
f 291/1282 27/1285 1540/1288
f 311/2781 290/2784 278/2776
f 543/1289 287/1286 514/1294
f 329/4132 326/4133 325/4131
f 302/656 304/660 305/661
f 63/509 322/523 321/520
f 398/4210 403/4214 261/4213
f 427/3288 342/3290 408/3291
f 436/1210 348/1219 437/1222
f 326/4390 328/4391 325/4392
f 460/2651 419/2653 450/2646
f 115/544 11/514 44/538
f 475/563 471/556 470/550
f 491/2283 490/2286 507/2280
f 360/2685 362/2687 379/2683
f 430/2842 482/2841 432/2844
f 363/2550 364/2552 540/2554
f 364/3857 365/3859 307/3858
f 542/2219 544/2218 612/2215
f 379/2683 487/2684 360/2685
f 579/3481 571/3480 574/3475
f 2239/3683 562/3685 2260/3686
f 2269/3383 568/3384 2314/3385
f 1561/2831 607/2821 2352/2834
f 1544/2213 612/2215 539/2216
f 545/2101 554/2104 547/2100
f 599/1570 613/1567 1471/1565
f 20/3052 1572/3043 2242/3051
f 8/721 61/725 81/728
f 1470/3951 1467/3953 2326/3955
f 347/3212 440/3213 437/3210
f 537/2320 801/2329 484/2328
f 554/1267 593/1262 1395/1272
f 589/2881 1566/2884 588/2878
f 42/1563 1471/1565 613/1567
f 22/2825 580/2827 1569/2818
f 580/2827 579/2822 1569/2818
f 1567/2923 596/2926 595/2927
f 1474/2820 1458/2817 574/2819
f 27/1285 1584/1293 1540/1288
f 1473/4180 582/4183 1472/4181
f 1472/4181 581/4182 580/4179
f 22/2825 1569/2818 607/2821
f 2253/4064 20/4065 2316/4066
f 20/3052 578/3047 1572/3043
f 2246/4506 1571/4507 2317/4508
f 89/1555 90/1559 2382/1558
f 42/1563 89/1555 1471/1565
f 89/1555 586/1554 587/1557
f 2348/1552 89/1555 2387/1556
f 1507/1377 1589/1384 1562/1389
f 600/3095 1550/3091 551/3097
f 74/1112 75/1106 87/1110
f 579/3768 563/3767 571/3770
f 1548/659 97/654 19/657
f 18/2392 1546/2395 19/2389
f 1519/1075 1518/1071 1536/1079
f 1553/1081 1594/1090 1530/1086
f 1461/1528 1505/1534 1558/1539
f 1584/1293 566/1297 1540/1288
f 566/4008 569/4007 2258/4010
f 1527/2565 1525/2564 265/2563
f 283/1292 282/1301 284/1290
f 84/3371 24/3375 25/3372
f 612/2215 88/2217 542/2219
f 539/3176 610/3179 828/3178
f 52/2212 88/2217 612/2215
f 81/728 45/726 8/721
f 1546/2395 1548/2398 19/2389
f 319/2420 315/2419 18/2423
f 302/656 62/651 314/658
f 45/726 821/730 54/724
f 298/1117 259/1119 265/1113
f 364/2229 531/2224 540/2227
f 265/1113 1551/1116 92/1109
f 276/522 49/516 5/512
f 265/2563 274/2566 1527/2565
f 526/1260 506/1255 593/1262
f 54/724 8/721 45/726
f 10/528 321/520 344/537
f 1552/511 63/509 11/514
f 273/1077 272/1074 1527/1073
f 313/943 293/940 294/941
f 282/4394 281/4395 284/4396
f 281/4395 282/4394 285/4397
f 1542/1283 291/1282 287/1286
f 551/2102 554/2104 600/2106
f 520/1265 526/1260 593/1262
f 594/2931 604/2933 603/2932
f 809/2313 536/2317 551/2314
f 588/2878 584/2875 589/2881
f 583/3477 599/3478 574/3475
f 594/2931 595/2927 596/2926
f 563/3045 581/3046 575/3042
f 578/3047 564/3040 1572/3043
f 577/4195 20/4197 2247/4198
f 576/1078 295/1083 258/1087
f 576/3381 258/3388 255/3386
f 561/3041 564/3040 2270/3044
f 2261/3053 561/3041 2319/3048
f 510/4159 516/4161 2343/4162
f 543/1289 514/1294 511/1298
f 543/4269 553/4267 1542/4266
f 540/2554 543/2556 363/2550
f 503/1263 508/1256 526/1260
f 521/1268 520/1265 545/1271
f 523/2220 522/2222 539/2216
f 541/2221 542/2219 88/2217
f 503/1263 499/1259 508/1256
f 549/2675 608/2668 550/2673
f 541/2221 531/2224 542/2219
f 546/2097 547/2100 551/2102
f 370/1671 13/1669 14/1665
f 330/2669 550/2673 608/2668
f 307/3858 308/3855 364/3857
f 536/2317 525/2324 546/2321
f 529/3828 528/3823 530/3827
f 528/3823 522/3825 530/3827
f 511/2555 512/2553 363/2550
f 530/2225 522/2222 523/2220
f 543/2556 511/2555 363/2550
f 359/2551 365/2546 354/2549
f 496/2357 504/2359 498/2355
f 485/2099 494/2103 492/2098
f 500/2095 485/2099 492/2098
f 485/2099 500/2095 502/2092
f 500/2095 492/2098 493/2093
f 493/2093 502/2092 500/2095
f 502/2092 484/2096 485/2099
f 483/2682 488/2686 487/2684
f 445/1434 461/1438 467/1435
f 496/2357 494/2363 495/2362
f 278/2776 279/2777 393/2774
f 386/947 387/949 384/948
f 372/2726 390/2725 425/2729
f 477/558 12/546 2307/557
f 476/565 477/558 2320/575
f 472/574 475/563 150/588
f 427/3288 408/3291 418/3293
f 434/665 380/663 416/664
f 432/2844 362/2849 428/2848
f 459/673 466/669 417/666
f 457/4227 458/4228 441/4225
f 447/2649 450/2646 448/2652
f 448/4226 419/4229 457/4227
f 462/1443 782/1448 467/1435
f 448/2652 441/2654 447/2649
f 317/1192 321/1191 322/1195
f 436/1417 437/1419 441/1418
f 437/1419 440/1421 442/1420
f 416/664 418/671 439/668
f 442/1420 441/1418 437/1419
f 418/671 419/674 439/668
f 436/1210 345/1207 349/1215
f 339/2414 342/2416 340/2411
f 418/3293 416/3296 426/3295
f 343/3422 337/3427 338/3423
f 419/674 460/672 439/668
f 426/3295 416/3296 415/3292
f 445/1434 301/1441 380/1442
f 423/2786 425/2782 391/2790
f 391/2790 372/2791 423/2786
f 390/2792 391/2790 425/2782
f 360/2685 354/2690 362/2687
f 340/2411 318/2410 339/2414
f 427/3288 426/3295 415/3292
f 340/3289 415/3292 305/3294
f 416/3296 305/3294 415/3292
f 11/514 10/528 44/538
f 260/2572 402/2576 420/2578
f 265/1113 74/1112 268/1115
f 44/538 10/528 344/537
f 44/538 277/530 276/522
f 341/3559 395/3561 396/3557
f 388/3311 382/3313 383/3308
f 382/3889 393/3887 385/3890
f 257/3312 384/3309 383/3308
f 252/2257 253/2256 385/2259
f 281/1315 289/1312 286/1314
f 358/2728 390/2725 377/2727
f 424/3777 387/3778 311/3775
f 380/663 378/662 305/661
f 15/1666 28/1672 327/1675
f 361/1674 376/1678 28/1672
f 306/1682 376/1678 377/1685
f 360/3860 307/3858 359/3861
f 302/656 305/661 378/662
f 369/1437 368/1436 740/1440
f 1575/4130 329/4132 325/4131
f 1575/1680 352/1676 370/1671
f 46/1446 369/1437 740/1440
f 435/535 366/527 11/514
f 337/3427 320/3429 338/3423
f 339/3428 337/3427 343/3422
f 350/3221 347/3212 332/3220
f 332/3170 324/3168 47/3169
f 321/1191 336/1197 344/1199
f 316/2415 315/2419 318/2410
f 260/2572 259/2574 402/2576
f 316/2415 314/2418 315/2419
f 316/2415 318/2410 304/2413
f 85/938 293/940 303/942
f 314/2418 316/2415 304/2413
f 17/1202 48/1206 47/1204
f 301/1441 369/1437 46/1446
f 326/4390 329/4393 328/4391
f 549/1664 548/1668 14/1665
f 306/4244 313/4245 294/4241
f 81/653 62/651 302/656
f 83/4243 306/4244 294/4241
f 297/945 303/942 386/947
f 268/4283 299/4282 300/4284
f 290/3991 311/3989 310/3988
f 290/3542 310/3545 309/3543
f 287/1286 291/1282 284/1290
f 283/1292 285/1307 282/1301
f 252/2257 256/2258 254/2254
f 386/947 384/948 297/945
f 384/3309 257/3312 258/3314
f 267/950 297/945 384/948
f 258/1087 295/1083 270/1091
f 270/1091 267/1093 258/1087
f 257/3312 253/3315 258/3314
f 255/3386 568/3384 576/3381
f 270/1091 263/1095 266/1094
f 263/1095 261/1098 262/1099
f 44/538 276/522 12/546
f 321/520 10/528 11/514
f 12/546 276/522 2268/540
f 277/530 49/516 276/522
f 264/2570 274/2566 260/2572
f 254/2254 258/2255 253/2256
f 105/3185 243/3189 106/3192
f 247/4276 128/4273 133/4275
f 215/2938 122/2935 245/2937
f 2297/447 246/427 2322/459
f 243/4334 237/4333 242/4336
f 241/352 199/342 202/345
f 242/372 241/352 244/371
f 225/400 243/391 244/371
f 114/3193 105/3185 106/3192
f 224/348 238/373 236/376
f 224/348 208/355 201/343
f 133/379 135/368 130/357
f 137/405 213/399 132/378
f 144/413 119/435 117/424
f 142/423 144/413 140/397
f 170/344 173/337 172/340
f 172/340 173/337 200/339
f 171/349 206/347 203/363
f 182/450 193/464 181/429
f 206/347 171/349 172/340
f 119/435 144/413 142/423
f 117/424 155/404 144/413
f 139/415 137/405 138/426
f 117/424 138/426 137/405
f 366/527 103/519 11/514
f 56/1572 42/1563 1555/1577
f 59/1527 109/1522 2255/1530
f 1496/615 1494/609 2227/620
f 94/924 65/929 95/918
f 64/932 1499/936 65/929
f 76/501 31/506 63/509
f 36/1061 35/1060 1496/1062
f 34/524 5/512 32/517
f 86/931 1541/939 85/938
f 293/940 85/938 1541/939
f 26/4175 50/4178 24/4176
f 94/924 86/931 87/935
f 61/648 30/645 98/647
f 57/1568 1611/1581 2336/1576
f 2375/1560 42/1563 2377/1564
f 42/1563 56/1572 57/1568
f 79/3588 60/3587 2380/3591
f 61/648 98/647 1593/649
f 30/645 1501/644 98/647
f 1503/502 1485/508 1486/505
f 1580/1055 1516/1052 31/1053
f 38/921 94/924 95/918
f 51/1956 52/1955 1547/1954
f 36/1061 34/1058 35/1060
f 19/2389 33/2393 23/2390
f 1552/511 3/515 76/501
f 63/509 1552/511 76/501
f 29/513 78/510 76/501
f 395/1120 298/1117 300/1118
f 17/2391 23/2390 108/2394
f 2315/4184 582/4183 2318/4185
f 351/521 1545/539 4/525
f 1552/511 351/521 3/515
f 5/512 49/516 63/509
f 27/1285 291/1282 50/1281
f 47/1204 16/1200 17/1202
f 44/538 12/546 470/550
f 351/521 1552/511 103/519
f 321/520 11/514 63/509
f 76/501 3/515 29/513
f 13/1669 361/1674 28/1672
f 531/2224 541/2221 540/2227
f 505/2282 499/2284 501/2278
f 434/665 461/667 380/663
f 1552/511 11/514 103/519
f 1369/3483 1443/3484 1392/3485
f 1879/3687 1880/3688 1875/3689
f 1324/2174 1333/2175 1356/2176
f 1774/131 1764/173 1765/192
f 1359/3464 1358/3465 1318/3466
f 1699/2976 724/2977 1677/2978
f 1859/180 1881/179 1858/140
f 1439/198 1411/176 1850/120
f 1369/1687 1380/1688 1442/1689
f 1179/2064 997/2065 998/2066
f 1300/1004 1286/1005 1308/1006
f 1327/4453 1343/4454 1204/4455
f 1441/3835 1392/3836 1443/3837
f 1445/2120 1815/2121 1739/2122
f 1389/3797 1386/3798 1431/3799
f 1384/3911 1448/3912 1442/3913
f 1409/898 1763/899 1659/900
f 1668/4052 1705/4053 1292/4054
f 1306/1902 1295/1903 1269/1904
f 1300/1004 1709/1007 1299/1010
f 1679/3661 1703/3662 1673/3663
f 1308/2021 1307/2022 1661/2023
f 1661/1013 1667/1009 1308/1006
f 1304/2024 1276/2030 1292/2026
f 1700/1909 1306/1902 1407/1905
f 724/2977 1679/2981 1677/2978
f 814/3354 1185/3355 1184/3356
f 1707/911 1755/913 1408/906
f 1696/1233 1685/1234 1695/1235
f 1610/112 1481/96 1743/78
f 1867/222 1859/180 1849/175
f 1184/3356 1182/3358 1186/3360
f 826/2694 1320/2695 1417/2696
f 1408/906 1409/898 1698/910
f 1691/4013 1757/4014 1692/4015
f 1707/911 1674/912 1692/914
f 1798/212 1797/188 1826/171
f 1801/135 1790/119 1788/157
f 1770/134 1807/106 1767/155
f 1332/2480 1425/2481 1816/2482
f 1823/87 2189/116 1827/130
f 1774/131 1819/152 1769/117
f 1839/59 1842/84 1844/99
f 1844/99 1710/83 1840/86
f 1726/62 1845/74 1813/91
f 1450/3618 1423/3619 1456/3620
f 1849/175 1848/136 1868/195
f 1864/236 1862/263 2389/280
f 1383/2151 1888/2149 2391/2152
f 1800/158 1812/196 1748/163
f 1861/219 1868/195 1866/220
f 1748/163 1747/123 1800/158
f 1871/2131 709/2132 2395/2135
f 1857/110 1858/140 1874/162
f 1867/222 1881/179 1859/180
f 1381/2297 1884/2298 1186/2299
f 1869/2129 1412/2125 1872/2127
f 1878/3695 1883/3691 1885/3693
f 1852/164 1854/143 1855/121
f 2329/1593 1396/1591 2397/1595
f 1894/2126 1872/2127 1412/2125
f 1872/2127 709/2132 1871/2131
f 1445/1704 1894/1705 1815/1706
f 1383/2151 1382/2150 1888/2149
f 1888/3697 1889/3698 1885/3693
f 1891/2306 1397/2311 1890/2309
f 1876/3668 1889/3669 1888/3670
f 1884/2298 1891/2306 1890/2309
f 1892/1279 1395/1272 1891/1276
f 2394/2136 1871/2131 2396/2138
f 1444/2301 829/2305 1463/2303
f 1463/2303 1884/2298 1444/2301
f 2391/3700 1887/3694 2399/3701
f 1889/3669 1876/3668 1878/3672
f 1889/3698 1878/3695 1885/3693
f 1876/3668 1888/3670 1877/3671
f 1852/164 1853/161 1877/202
f 1865/246 1861/219 1866/220
f 1891/2306 1884/2298 1463/2303
f 1880/3688 1885/3693 1883/3691
f 1881/179 1867/222 1864/236
f 1879/201 1864/236 2401/248
f 1858/140 1881/179 1874/162
f 1873/160 1881/179 1879/201
f 1881/179 1873/160 1874/162
f 1858/140 1882/200 1859/180
f 1733/142 1882/200 1858/140
f 1857/110 1874/162 1873/160
f 1856/139 1857/110 1873/160
f 1873/160 1879/201 1875/178
f 1873/160 1875/178 1856/139
f 1875/3673 1878/3672 1876/3668
f 1880/3688 1879/3687 2404/3690
f 1864/236 1879/201 1881/179
f 1868/195 1848/136 1866/220
f 1870/199 1848/136 1869/177
f 1871/2131 1869/2129 1872/2127
f 1848/136 1870/199 2407/221
f 1412/159 1869/177 1848/136
f 1328/1632 1418/1633 1449/1634
f 1869/2129 1871/2131 1870/2133
f 1864/236 1867/222 1863/249
f 1862/263 1863/249 1865/246
f 1860/264 1865/246 1863/249
f 1866/220 1848/136 2408/234
f 2389/4236 1866/4237 2410/4238
f 1866/220 1862/263 1865/246
f 1860/264 1861/219 1865/246
f 1867/4152 1861/4153 1860/4154
f 1812/196 1849/175 1859/180
f 1861/219 1867/222 1849/175
f 1854/143 1852/164 1606/124
f 1812/196 1859/180 1748/163
f 1867/4152 1860/4154 1863/4155
f 1859/180 1882/200 1733/142
f 1748/163 1859/180 1733/142
f 1729/122 1858/140 1857/110
f 1606/124 1610/112 1854/143
f 1857/110 1727/93 1729/122
f 1743/78 1857/110 1855/121
f 1856/139 1853/161 1855/121
f 1610/112 1743/78 1855/121
f 1855/121 1853/161 1852/164
f 1855/121 1854/143 1610/112
f 1852/2146 1468/2145 1606/2144
f 1845/74 1821/107 1831/109
f 1813/91 1728/79 1725/76
f 1845/74 1831/109 1813/91
f 1753/52 1810/108 1806/90
f 1808/73 1847/63 1751/39
f 1751/39 1847/63 1753/52
f 1847/63 1809/75 1753/52
f 1799/3940 1734/3941 1813/3942
f 1809/4447 1811/4448 1753/4449
f 1753/52 1845/74 1726/62
f 1728/79 1813/91 1734/94
f 1725/76 1726/62 1813/91
f 1831/109 1850/120 1813/91
f 1813/91 1848/136 1800/158
f 1848/136 1849/175 1800/158
f 1845/74 1753/52 1806/90
f 1807/106 1770/134 1810/108
f 1780/61 1782/89 1808/73
f 1833/44 1779/51 1751/39
f 1680/1801 1771/1802 1846/1803
f 1780/61 1751/39 1779/51
f 1711/1945 1721/1942 1771/1944
f 1710/83 1781/102 1840/86
f 1842/84 1710/83 1844/99
f 1783/1880 1419/1881 1761/1882
f 1761/70 1408/128 702/115
f 1844/4362 1840/4363 1839/4364
f 1839/59 1840/86 1761/70
f 1710/83 1842/84 1841/69
f 1737/50 1710/83 1841/69
f 1839/59 1841/69 1842/84
f 1737/50 1841/69 1839/59
f 1839/59 1833/44 1737/50
f 1833/44 1754/34 1737/50
f 1837/85 1833/44 1761/70
f 1836/100 1837/85 1761/70
f 1834/103 1836/100 702/115
f 1834/103 1823/87 1833/44
f 702/115 1836/100 1761/70
f 1833/44 1839/59 1761/70
f 1838/4434 1836/4435 1835/4436
f 2189/116 1823/87 1834/103
f 1843/4406 1837/4407 1836/4408
f 1834/103 1835/101 1836/100
f 1823/87 1784/71 1833/44
f 1835/101 1834/103 1833/44
f 1833/44 1837/85 1835/101
f 1786/3284 1789/3285 1814/3286
f 1768/132 1785/154 1787/156
f 1775/153 1773/191 1764/173
f 1775/3137 1822/3138 1796/3139
f 1827/2400 1797/2401 1774/2402
f 1784/71 1795/60 1833/44
f 1775/3137 1778/3140 1822/3138
f 1782/89 1780/61 1777/72
f 1765/2403 1827/2400 1774/2402
f 1823/3141 1796/3139 1822/3138
f 1439/2331 1850/2332 1831/2333
f 1805/2340 1802/2338 1821/2336
f 1801/3623 1817/3621 1830/3625
f 732/1637 1851/1635 1824/1640
f 1805/1168 1454/1169 1793/1170
f 1827/130 1796/150 1823/87
f 1823/3141 1822/3138 1778/3140
f 1802/2338 1803/2335 1821/2336
f 1821/2336 1803/2335 1831/2333
f 1829/2107 1832/2108 1805/2109
f 725/2114 1824/2112 1828/2113
f 1835/4402 1837/4403 1843/4404
f 1440/1177 1793/1170 1436/1176
f 1456/3620 1454/3622 1817/3621
f 1815/2121 1818/2123 1739/2122
f 1449/4120 1453/4121 1454/4122
f 1450/3998 1801/3999 1816/4000
f 1412/2125 1804/2124 1815/2121
f 1814/216 1791/217 1788/157
f 1456/3620 1817/3621 1450/3618
f 1450/3618 1817/3621 1801/3623
f 1786/193 1785/154 1820/190
f 1819/152 1820/190 1785/154
f 1831/2333 1457/2334 1439/2331
f 1738/218 1816/174 1792/194
f 1422/2337 1803/2335 1802/2338
f 1802/2338 1456/2341 1422/2337
f 1816/174 1801/135 1788/157
f 1770/134 1787/156 1790/119
f 1787/156 1770/134 1768/132
f 1790/119 1810/108 1770/134
f 1800/158 1747/123 1799/141
f 1813/91 1850/120 1848/136
f 1849/175 1812/196 1800/158
f 1439/1701 1455/1702 1430/1694
f 1811/137 1809/75 1810/108
f 1809/75 1808/73 1807/106
f 1809/75 1807/106 1810/108
f 1768/132 1769/117 1785/154
f 1787/156 1785/154 1786/193
f 1850/120 1412/159 1848/136
f 1786/193 1814/216 1788/157
f 1790/119 1787/156 1788/157
f 1788/157 1791/217 1792/194
f 1820/3287 1789/3285 1786/3284
f 1775/153 1774/131 1776/104
f 1702/3410 1758/3411 1692/3412
f 1773/3789 1775/3790 1796/3791
f 1843/4404 1838/4405 1835/4402
f 1778/3140 1775/3137 1794/3142
f 1777/72 1780/61 1779/51
f 1769/117 1777/72 1776/104
f 1779/51 1778/88 1777/72
f 1766/105 1782/89 1777/72
f 1766/3793 1767/3794 1782/3795
f 1316/1725 1451/1726 1435/1727
f 1778/3140 1794/3142 1776/3143
f 1776/104 1794/172 1775/153
f 1838/4409 1843/4406 1836/4408
f 1778/88 1779/51 1784/71
f 1429/1247 1653/1237 1660/1243
f 1768/132 1766/105 1769/117
f 1808/73 1782/89 1807/106
f 1767/3794 1807/3796 1782/3795
f 1313/1889 1451/1893 1363/1894
f 1315/1897 1363/1894 1451/1893
f 1767/155 1768/132 1770/134
f 1766/105 1768/132 1767/155
f 1315/3891 1323/3892 1334/3893
f 1772/215 1764/173 1773/191
f 1796/3791 1772/3792 1773/3789
f 1765/334 1764/335 1772/336
f 1720/1941 1771/1944 1715/1939
f 1703/917 1677/916 1674/912
f 1409/898 1687/901 1694/905
f 1758/2984 1679/2981 724/2977
f 1677/2978 1676/2983 1675/2979
f 1759/1251 1654/1252 1684/1250
f 1691/2378 1693/2379 1672/2380
f 1659/900 1660/904 1687/901
f 1695/1235 1666/1236 1696/1233
f 1653/1237 1696/1233 1681/1240
f 78/510 29/513 1658/518
f 1686/909 1687/901 1660/904
f 1675/2979 1616/2985 1623/2982
f 1698/910 1707/911 1408/906
f 1679/3414 1758/3411 1702/3410
f 724/2977 1699/2976 1621/2980
f 1692/206 1758/237 724/223
f 1757/4014 1691/4013 1672/4016
f 1760/147 1408/128 1761/70
f 1408/128 1755/168 703/148
f 724/223 1756/183 1692/206
f 1716/38 1710/83 1737/50
f 1754/34 1751/39 1602/27
f 1735/33 1750/26 1719/29
f 1485/1930 1428/1933 1486/1935
f 1718/3338 1735/3339 1716/3340
f 1750/26 1735/33 1754/34
f 1716/38 1717/58 1718/49
f 1489/8 1750/26 1752/22
f 1605/20 1719/29 1489/8
f 1719/29 1750/26 1489/8
f 1750/26 1754/34 1602/27
f 1602/27 1749/45 1745/41
f 1602/27 1751/39 1749/45
f 1745/41 1749/45 1746/54
f 1726/62 1749/45 1753/52
f 1724/56 1744/47 1745/41
f 1741/65 1746/54 1725/76
f 1493/36 1745/41 1744/47
f 1724/56 1734/94 1723/80
f 1493/36 1744/47 1742/55
f 1742/55 1508/66 1493/36
f 1725/76 1728/79 1741/65
f 1742/55 1722/67 1743/78
f 1508/66 1742/55 1480/77
f 1464/2308 1463/2303 829/2305
f 1457/1703 1455/1702 1439/1701
f 1734/94 1724/56 1728/79
f 1727/93 1731/111 1732/138
f 1747/123 1731/111 1734/94
f 1733/142 1731/111 1747/123
f 1747/123 1748/163 1733/142
f 1723/80 1734/94 1731/111
f 1730/95 1723/80 1731/111
f 1731/111 1733/142 1732/138
f 1722/67 1727/93 1743/78
f 1743/78 1480/77 1742/55
f 1743/78 1727/93 1857/110
f 1723/80 1730/95 1722/67
f 1724/56 1722/67 1744/47
f 1724/56 1741/65 1728/79
f 1724/56 1723/80 1722/67
f 1747/123 1734/94 1799/141
f 1745/41 1741/65 1724/56
f 1746/54 1726/62 1725/76
f 1741/65 1745/41 1746/54
f 1739/1695 1818/1699 1740/1693
f 1602/27 1491/17 1752/22
f 1754/34 1736/43 1737/50
f 1421/861 1341/862 1344/863
f 1719/29 1716/38 1735/33
f 1325/1729 1426/1731 1421/1733
f 1719/29 96/35 1486/40
f 1716/1940 1711/1945 1710/1947
f 1736/43 1718/49 1717/58
f 1486/1935 1714/1938 1716/1940
f 1716/38 1719/29 1486/40
f 1428/1933 1713/1936 1486/1935
f 1721/1942 1715/1939 1771/1944
f 1712/1937 1715/1939 1714/1938
f 1656/3654 1712/3655 1452/3656
f 1289/1811 1303/1807 1652/1810
f 986/553 1239/547 1249/532
f 1407/1905 1294/1908 1701/1914
f 1292/4054 1704/4055 1668/4052
f 1709/1007 1667/1009 1299/1010
f 1291/1124 1697/1125 1708/1126
f 1307/2022 1292/2026 1705/2028
f 1294/1908 1309/1919 1701/1914
f 1670/1906 1306/1902 1671/1911
f 1704/1910 1295/1903 1670/1906
f 1678/3416 1671/3417 1688/3418
f 1667/1009 1709/1007 1308/1006
f 1709/1007 1300/1004 1308/1006
f 1662/2382 1689/2388 1667/2387
f 1307/2022 1705/2028 1669/2025
f 1669/2025 1705/2028 1668/2032
f 1306/1902 1700/1909 1671/1911
f 1678/3665 1703/3662 1679/3661
f 1679/3414 1702/3410 1678/3416
f 1701/1914 1688/1920 1700/1909
f 1616/2985 1615/2986 1623/2982
f 1623/2982 1699/2976 1675/2979
f 1668/1915 1704/1910 1670/1906
f 1707/911 1698/910 1694/905
f 1696/1233 1690/1248 1689/1244
f 1691/2378 1664/2381 1693/2379
f 1664/2381 1691/2378 1662/2382
f 1670/1906 1672/1916 1668/1915
f 1664/2029 1669/2025 1693/2033
f 1679/3661 1673/3663 1692/3664
f 1662/2382 1691/2378 1674/2384
f 1687/901 1409/898 1659/900
f 1686/909 1694/905 1687/901
f 1684/1250 1663/1245 1682/1238
f 1683/1241 1685/1234 1657/1239
f 1720/1805 1759/1808 1303/1807
f 1429/2045 1406/2046 1305/2047
f 1707/911 1694/905 1674/912
f 1698/910 1409/898 1694/905
f 1677/916 1679/915 1674/912
f 1671/3417 1678/3416 1672/3415
f 1677/4124 1703/4125 1678/4126
f 1674/3666 1673/3663 1703/3662
f 1692/914 1674/912 1679/915
f 1672/1916 1670/1906 1671/1911
f 1669/2025 1668/2032 1693/2033
f 1672/2037 1693/2033 1668/2032
f 1665/750 1663/751 1279/752
f 1664/2381 1662/2382 1661/2383
f 1674/2384 1686/2386 1662/2382
f 1661/2023 1669/2025 1664/2029
f 1662/2382 1706/2385 1661/2383
f 1661/1013 1706/1015 1667/1009
f 1299/1010 1689/1016 1690/1020
f 1682/1238 1685/1234 1683/1241
f 1682/1813 1683/1817 1652/1810
f 1689/1244 1662/1249 1681/1240
f 1299/1010 1667/1009 1689/1016
f 1681/1240 1686/1246 1660/1243
f 1657/2055 1652/2048 1683/2058
f 1419/2053 1349/2056 1427/2049
f 1429/2045 1419/2053 1427/2049
f 1435/1727 1451/1726 1417/1728
f 1429/903 1660/904 1659/900
f 1763/899 1429/903 1659/900
f 78/3977 1428/3978 77/3979
f 1658/1950 1654/1949 1655/1948
f 1428/1933 1579/1932 77/1934
f 1415/3659 1452/3656 1428/3660
f 1433/3249 1417/3250 1451/3251
f 1325/1729 1435/1727 1417/1728
f 1816/4000 1425/4001 1450/3998
f 1816/2482 1738/2483 1332/2480
f 1450/3982 1453/3983 1449/3984
f 1329/2485 1425/2481 1420/2484
f 1450/3982 1418/3985 1423/3987
f 1425/3986 1453/3983 1450/3982
f 1422/2337 1455/2339 1457/2334
f 1456/2341 1423/2344 1422/2337
f 1422/2337 1457/2334 1803/2335
f 1420/2484 1332/2480 1201/2486
f 1431/4102 1387/4103 1389/4104
f 1430/2342 1455/2339 1422/2337
f 1432/1641 635/1645 1389/1648
f 1377/2347 1430/2342 1362/2345
f 1436/1176 1413/1180 1437/1178
f 1442/1689 1447/1692 1441/1691
f 1442/1689 1441/1691 1443/1690
f 1441/3835 1374/3838 1392/3836
f 1390/3488 1391/3487 1392/3485
f 1390/3531 1376/3532 1387/3533
f 1388/4105 1390/4107 1387/4103
f 1388/4105 1387/4103 1431/4102
f 1377/2347 1378/2351 1430/2342
f 1387/4103 1311/4106 1389/4104
f 1362/2345 1430/2342 1422/2337
f 1413/3727 1338/3728 1329/3729
f 1425/2481 1332/2480 1420/2484
f 1352/1183 1437/1178 1420/1181
f 1413/3727 1436/3734 1432/3732
f 1319/2349 1362/2345 1424/2346
f 1311/1651 1432/1641 1389/1648
f 1329/3729 1338/3728 1330/3731
f 1424/2346 1423/2344 1330/2348
f 1363/1894 1317/1891 1314/1884
f 1314/1884 1313/1889 1363/1894
f 1323/3892 1346/3895 1334/3893
f 826/2694 1350/2698 1320/2695
f 1421/1733 1342/1736 1325/1729
f 1435/3849 1336/3850 1316/3851
f 1313/1889 1314/1884 1433/1887
f 1428/3978 1416/3980 1415/3981
f 1429/2045 1427/2049 1406/2046
f 1416/3980 1428/3978 78/3977
f 1345/4217 1342/4218 1421/4219
f 1424/2346 1422/2337 1423/2344
f 1440/1177 1436/1176 1437/1178
f 1366/3489 1391/3487 1388/3490
f 841/1962 842/1963 1241/1964
f 1432/3732 1414/3730 1413/3727
f 1093/2604 1155/2605 1158/2606
f 917/1768 925/1769 1064/1770
f 1154/893 1153/894 1078/892
f 858/2455 846/2456 837/2457
f 985/1822 958/1823 982/1824
f 985/2424 946/2425 1010/2426
f 945/1742 1010/1743 1040/1744
f 794/2285 505/2282 507/2280
f 1368/3492 1366/3489 1388/3490
f 1391/3487 1366/3489 1385/3486
f 1209/1346 965/1347 966/1348
f 1189/2186 1217/2189 1347/2188
f 635/3805 1886/3803 1389/3797
f 840/1019 1233/1014 860/1024
f 1292/2026 1307/2022 1304/2024
f 860/1024 838/1027 840/1019
f 1301/3567 1355/3568 1234/3569
f 1298/3231 1301/3232 1234/3233
f 1310/2054 1283/2050 1406/2046
f 1196/2063 1211/2060 1405/2061
f 1232/1127 1291/1124 1708/1126
f 1246/3010 1243/3011 1241/3012
f 1051/3326 936/3327 1055/3328
f 1335/1896 1198/1900 1197/1899
f 1284/3710 1211/3711 1212/3712
f 1284/3710 1302/3713 1301/3715
f 1198/3266 1199/3267 1195/3268
f 1217/2189 1334/2193 1347/2188
f 1317/1891 1363/1894 1199/1895
f 1322/3898 1325/3899 1326/3900
f 1183/2071 1181/2068 1179/2064
f 1360/2080 1361/2076 1187/2075
f 1237/1030 852/1026 1277/1023
f 1215/3271 1214/3273 1194/3269
f 1170/2622 1162/2615 1161/2618
f 1079/1790 1078/1782 1153/1795
f 867/3126 1166/3127 1092/3128
f 1143/494 1089/495 1138/488
f 1133/975 1102/976 1137/977
f 1140/490 1121/491 1127/482
f 190/420 191/419 192/430
f 1132/983 1123/979 1134/978
f 1117/2624 775/2625 774/2626
f 453/2655 769/2658 446/2650
f 1080/1373 1116/1369 1019/1366
f 1094/2609 886/2611 1091/2614
f 748/1425 750/1426 1112/1428
f 1098/994 1121/993 1139/996
f 1136/985 1120/987 1118/981
f 1118/981 1025/986 1099/984
f 1142/3030 1147/3031 1148/3032
f 1163/3389 1169/3390 1170/3391
f 1084/3133 1096/3131 868/3129
f 1014/2428 1024/2431 1043/2434
f 1044/755 1910/753 1279/752
f 1042/3932 1041/3933 1039/3934
f 1230/1809 938/1818 954/1819
f 1404/442 232/421 233/433
f 1031/3297 1076/3298 1043/3299
f 959/2737 1033/2738 953/2739
f 1223/870 1222/872 1110/874
f 1080/891 1078/892 1115/890
f 763/739 1011/741 1009/737
f 807/3521 799/3522 976/3523
f 814/1266 815/1269 1185/1273
f 946/2425 985/2424 957/2427
f 802/3239 795/3240 800/3241
f 1024/2431 1014/2428 946/2425
f 939/2437 932/2439 948/2435
f 1033/2738 959/2737 950/2740
f 941/789 951/784 1082/788
f 1037/1745 1036/1753 921/1751
f 880/2951 908/2952 922/2953
f 856/3399 1255/3400 1258/3401
f 1156/2610 1171/2612 1157/2608
f 1160/2613 1156/2610 1155/2605
f 1050/2746 867/2749 1092/2751
f 853/3877 854/3878 842/3879
f 940/2708 1254/2709 1264/2710
f 882/3702 872/3703 887/3704
f 1169/3390 1175/3392 871/3395
f 1057/3333 910/3335 901/3336
f 453/2655 753/2659 769/2658
f 1113/2629 1108/2631 1117/2624
f 1129/454 192/430 1400/453
f 737/3737 734/3738 759/3739
f 1344/863 1340/865 1224/866
f 768/3217 347/3212 747/3219
f 758/1444 736/1439 467/1435
f 781/1841 773/1842 761/1843
f 442/2656 456/2660 449/2657
f 748/1425 751/1427 449/1424
f 777/2373 776/2366 791/2368
f 737/740 763/739 742/736
f 1004/2636 789/2628 1003/2633
f 777/2638 791/2642 792/2639
f 828/2670 608/2668 819/2672
f 796/4111 802/4112 786/4113
f 491/2360 495/2362 797/2364
f 1890/3357 1184/3356 1884/3359
f 744/1360 820/1356 973/1353
f 1343/3904 1327/3902 1342/3903
f 1396/1591 1383/1601 2392/1600
f 1336/3850 1337/3852 1316/3851
f 1389/3797 1886/3803 1394/3800
f 1393/1396 902/1397 1220/1398
f 1187/2075 1202/2070 817/2079
f 1384/2801 1370/2802 1371/2803
f 1446/1708 1448/1710 1384/1713
f 1364/2806 1370/2802 1385/2809
f 1442/3913 1380/3914 1384/3911
f 1392/3485 1385/3486 1369/3483
f 1894/2126 1893/2128 1872/2127
f 1392/3485 1391/3487 1385/3486
f 1443/1690 1369/1687 1442/1689
f 1362/2345 1318/2352 1379/2350
f 1390/3531 1375/3534 1376/3532
f 1431/3799 1386/3798 1388/3801
f 1386/3798 1368/3802 1388/3801
f 1368/2812 1372/2811 1365/2804
f 1387/3533 1376/3532 1312/3535
f 1312/3535 1311/3538 1387/3533
f 1378/3839 1379/3840 1374/3838
f 1377/2347 1362/2345 1379/2350
f 1378/2351 1377/2347 1379/2350
f 1374/3838 1441/3835 1378/3839
f 1396/2147 1382/2150 1383/2151
f 1381/2297 1360/2300 1187/2302
f 1371/2803 1370/2802 1364/2806
f 1370/2802 1384/2801 1380/2805
f 1370/2802 1369/2808 1385/2809
f 1369/2808 1370/2802 1380/2805
f 1186/2081 1183/2071 1360/2080
f 1185/2085 1178/2077 1182/2088
f 1186/2299 1360/2300 1381/2297
f 1367/2304 832/2307 829/2305
f 1385/3486 1366/3489 1364/3491
f 1368/2812 1365/2804 1364/2806
f 1375/3534 1357/3537 1376/3532
f 593/1262 1397/1274 1891/1276
f 1366/3489 1368/3492 1364/3491
f 1365/2804 1371/2803 1364/2806
f 1374/3536 1357/3537 1375/3534
f 1374/3838 1379/3840 1357/3841
f 1384/2801 1371/2803 1365/2804
f 1376/3468 1357/3472 1358/3465
f 825/3807 832/3808 1187/3809
f 1204/4455 1326/4456 1327/4453
f 1204/867 1344/863 1224/866
f 1322/3898 1326/3900 1221/3901
f 1219/3064 898/3065 897/3066
f 1414/3730 1311/3735 1339/3733
f 1359/3464 1376/3468 1358/3465
f 1199/1895 1335/1896 1317/1891
f 1353/1399 1220/1398 1332/1401
f 902/1188 903/1189 1200/1186
f 1200/1186 1352/1183 1201/1184
f 1204/867 1343/869 1344/863
f 1326/3073 1204/3069 1221/3071
f 1206/3067 1221/3071 1204/3069
f 1321/3361 1324/3362 1347/3363
f 1195/3268 1215/3271 1194/3269
f 1347/3363 1356/3365 1188/3367
f 1302/3713 1355/3716 1301/3715
f 1199/3267 1354/3270 1195/3268
f 1363/1894 1351/1898 1199/1895
f 1216/1892 1317/1891 1335/1896
f 1324/3362 1356/3365 1347/3363
f 1324/2174 1322/2177 1333/2175
f 1334/2193 1346/2195 1347/2188
f 1321/3896 1337/3894 1336/3897
f 1346/2195 1321/2198 1347/2188
f 1344/4220 1342/4218 1345/4217
f 1359/3464 1319/3467 1339/3470
f 1362/2345 1319/2349 1318/2352
f 1358/3465 1379/3469 1318/3466
f 1376/3468 1359/3464 1312/3471
f 1359/3464 1339/3470 1312/3471
f 1311/3735 1312/3736 1339/3733
f 1220/2488 1201/2486 1332/2480
f 1351/1898 1354/1901 1199/1895
f 1315/3853 1451/3854 1316/3851
f 1339/3733 1338/3728 1414/3730
f 1201/1184 1352/1183 1420/1181
f 1321/3361 1336/3368 1435/3366
f 1216/1892 1348/1888 1317/1891
f 1338/3473 1339/3470 1319/3467
f 1422/2337 1424/2346 1362/2345
f 1329/1636 1330/1639 1418/1633
f 1325/3899 1327/3902 1326/3900
f 1204/3069 1219/3064 1206/3067
f 1345/864 1421/861 1344/863
f 1435/3366 1322/3364 1321/3361
f 1346/3895 1323/3892 1321/3896
f 1283/2050 1305/2047 1406/2046
f 1212/3712 1192/3714 1302/3713
f 1286/2027 1285/2031 1304/2024
f 1295/1903 1306/1902 1670/1906
f 1704/2042 1292/2026 1295/2038
f 1307/2022 1308/2021 1304/2024
f 1308/2021 1286/2027 1304/2024
f 1301/3715 1305/3718 1283/3717
f 1355/3716 1302/3713 1192/3714
f 1301/3232 1298/3231 1305/3235
f 1295/1903 1246/1907 1269/1904
f 1293/2588 1309/2589 1294/2590
f 1286/1005 1300/1004 1290/1008
f 1265/2713 1263/2721 1246/2723
f 1292/2026 1276/2030 1270/2034
f 1294/1908 1297/1913 1296/1918
f 1701/1914 1700/1909 1407/1905
f 1296/2593 1272/2595 1268/2591
f 1293/2588 1294/2590 1268/2591
f 1269/1904 1407/1905 1306/1902
f 1283/3717 1284/3710 1301/3715
f 1289/3234 1298/3231 1234/3233
f 1276/2030 1304/2024 1285/2031
f 1274/1011 1233/1014 840/1019
f 1300/1004 1288/1012 1290/1008
f 1232/1028 1251/1025 1291/1017
f 1299/1010 1291/1017 1288/1012
f 1284/2057 1283/2050 1310/2054
f 1276/2030 1285/2031 1274/2035
f 1265/2713 1253/2712 1242/2718
f 1303/1807 1230/1809 827/1806
f 1238/761 1278/762 1280/758
f 1278/762 1279/752 1280/758
f 1291/1017 1251/1025 1281/1022
f 1287/3992 1290/3993 1288/3994
f 1281/1022 1288/1012 1291/1017
f 1287/1046 1288/1047 1281/1048
f 1281/1048 1282/1049 1287/1046
f 1281/3742 1273/3743 1236/3744
f 1289/3234 1234/3233 1250/3236
f 960/760 1279/752 1278/762
f 1264/2710 1240/2714 1260/2711
f 841/1962 1241/1964 1271/1965
f 1254/2709 1253/2712 1265/2713
f 1244/3013 1246/3010 1241/3012
f 1264/3019 1247/3018 1245/3015
f 840/2043 1271/2040 1274/2035
f 1270/2034 1276/2030 1274/2035
f 1274/2035 1271/2040 1270/2034
f 1256/1917 858/1924 891/1921
f 1268/2591 1272/2595 1259/2596
f 1269/1904 1263/1912 1256/1917
f 1246/2041 1267/2036 1266/2039
f 1246/3010 1244/3013 1265/3016
f 1266/2039 1270/2034 1271/2040
f 856/3399 1258/3401 858/3402
f 1272/1925 1296/1918 891/1921
f 1243/2044 1266/2039 1271/2040
f 1259/1929 1272/1925 1258/1928
f 1248/2715 1242/2718 1253/2712
f 1243/2044 1246/2041 1266/2039
f 858/2455 1256/2459 846/2456
f 1261/2466 848/2469 846/2456
f 1261/4424 844/4425 848/4426
f 844/2719 1248/2715 843/2717
f 940/795 1260/794 941/789
f 848/2724 844/2719 845/2722
f 1241/3012 1243/3011 1271/3014
f 841/1962 1271/1965 840/1967
f 1241/3012 1245/3015 1244/3013
f 1261/2466 846/2456 1242/2462
f 1245/3015 1247/3018 1244/3013
f 1248/2715 1253/2712 940/2708
f 1240/3017 1245/3015 1241/3012
f 1253/2712 1254/2709 940/2708
f 1265/2713 1264/2710 1254/2709
f 942/1968 1252/1970 1240/1966
f 1045/3609 1231/3610 919/3611
f 1708/1126 1044/1130 1232/1127
f 927/1036 1235/1033 1232/1028
f 1044/1130 900/1133 1232/1127
f 1234/3233 1045/3238 938/3237
f 931/1037 930/1040 851/1032
f 1277/3749 1282/3745 1237/3747
f 1232/1028 900/1039 927/1036
f 1234/3569 1231/3574 1045/3575
f 1193/3511 1225/3512 1228/3513
f 860/1024 852/1026 851/1032
f 920/3613 919/3611 1231/3610
f 1238/761 957/769 964/766
f 972/780 962/773 983/779
f 1110/3072 899/3068 1203/3070
f 1110/3072 1203/3070 1223/3075
f 992/878 1110/874 990/876
f 915/1779 914/1787 896/1793
f 899/3068 898/3065 1219/3064
f 897/2183 967/2182 1205/2180
f 1213/3514 1229/3517 1194/3516
f 906/1792 894/1785 926/1778
f 929/2184 1228/2191 1217/2189
f 1194/3516 1214/3515 1213/3514
f 1228/2191 904/2192 1193/2196
f 1203/3070 1204/3069 1224/3074
f 1219/3064 897/3066 1206/3067
f 1223/3075 1203/3070 1224/3074
f 966/1348 1227/1349 1209/1346
f 954/1819 1208/1815 1230/1809
f 965/1754 1209/1758 954/1752
f 820/1356 1207/1351 973/1353
f 1211/4231 1196/4232 1212/4233
f 1192/4235 1212/4233 1213/4234
f 1188/2178 929/2184 1189/2186
f 1196/3520 1197/3518 1213/3514
f 1197/3518 1198/3519 1229/3517
f 1198/3519 1194/3516 1229/3517
f 1216/1892 1335/1896 1197/1899
f 1213/3514 1197/3518 1229/3517
f 1355/3568 1192/3571 1193/3570
f 1213/3514 1225/3512 1193/3511
f 1335/1896 1199/1895 1198/1900
f 1194/3269 1198/3266 1195/3268
f 1213/3573 1193/3570 1192/3571
f 1188/2178 1189/2186 1347/2188
f 1200/1186 1201/1184 1220/1187
f 1333/2175 1221/2179 1206/2181
f 1205/2180 1333/2175 1206/2181
f 1200/1186 1220/1187 902/1188
f 1220/1398 1353/1399 1393/1396
f 1188/2178 1333/2175 1205/2180
f 1219/3064 1204/3069 1203/3070
f 974/4503 998/4504 996/4505
f 832/2307 1367/2304 1187/2302
f 1202/2070 1187/2075 1180/2067
f 1361/2076 1183/2071 1179/2064
f 1179/4270 1180/4271 1187/4272
f 1187/2075 1361/2076 1179/2064
f 1183/2071 1186/2081 1178/2077
f 1185/3355 1182/3358 1184/3356
f 1186/4156 1182/4157 1178/4158
f 814/1266 1890/1270 593/1262
f 1181/2068 1178/2077 979/2072
f 1178/2077 1181/2068 1183/2071
f 1000/2082 1178/2077 1185/2085
f 994/3112 977/3113 999/3114
f 897/4380 898/4381 896/4382
f 1179/2064 1181/2068 997/2065
f 1000/4041 1185/4042 815/4043
f 996/2069 998/2066 997/2065
f 979/2072 1178/2077 1000/2082
f 736/4384 1106/4385 757/4386
f 1179/2064 998/2066 1180/2067
f 1202/2070 1180/2067 998/2066
f 862/4167 863/4168 876/4169
f 846/2456 847/2468 1262/2464
f 833/2460 834/2463 837/2457
f 1033/2738 970/2741 953/2739
f 1146/489 1141/485 1131/473
f 190/420 1401/431 194/410
f 1131/473 1130/481 1129/454
f 1141/485 1146/489 1164/492
f 1144/496 1143/494 1164/492
f 1167/3396 1168/3393 1169/3390
f 871/3599 874/3600 1167/3601
f 1082/788 1177/790 941/789
f 868/3129 1096/3131 1166/3127
f 1151/1800 1079/1790 1153/1795
f 1031/3297 1051/3306 1073/3303
f 1174/2617 1171/2612 1162/2615
f 1158/2606 1157/2608 1094/2609
f 1067/1789 1079/1790 1151/1800
f 877/2154 1046/2155 1091/2156
f 1018/1363 1069/1368 1019/1366
f 914/1787 915/1779 895/1775
f 886/3646 1157/3647 873/3648
f 881/2955 928/2959 905/2958
f 873/3397 1168/3393 1167/3396
f 1176/3652 1173/3649 1172/3653
f 1167/3396 1169/3390 871/3395
f 1163/3389 1175/3392 1169/3390
f 1162/2615 1170/2622 1168/2620
f 865/3602 887/3604 874/3600
f 873/2621 1174/2617 1168/2620
f 1170/3391 1169/3390 1168/3393
f 1161/3638 1159/3639 1170/3640
f 1163/3389 1084/3394 1175/3392
f 1160/2613 1161/2618 1162/2615
f 1171/2612 1174/2617 873/2621
f 1168/2620 1174/2617 1162/2615
f 1171/2612 1156/2610 1162/2615
f 1084/3133 1163/3136 1145/3134
f 1158/2168 1095/2165 1165/2170
f 1145/3134 1085/3130 1084/3133
f 1163/3642 1170/3640 1159/3639
f 1159/3639 1145/3644 1163/3642
f 1159/3639 1093/3643 1145/3644
f 1158/2606 1155/2605 1157/2608
f 1094/2162 1095/2165 1158/2168
f 1155/3645 1093/3643 1160/3641
f 1159/3639 1161/3638 1160/3641
f 1093/3643 1159/3639 1160/3641
f 1068/1781 1064/1770 1066/1777
f 1078/892 1080/891 1154/893
f 1154/1375 1152/1372 1153/1374
f 1152/1372 1151/1371 1153/1374
f 1064/4070 1068/4071 1018/4072
f 1077/4467 1074/4468 1075/4469
f 1097/989 1120/987 1121/993
f 1025/986 1083/995 1090/998
f 1122/990 1136/985 1119/991
f 1093/2167 1165/2170 1095/2165
f 1158/2606 1165/2607 1093/2604
f 1086/992 1087/999 1082/997
f 1143/3035 1142/3030 1088/3033
f 1088/1000 1624/1002 1149/1001
f 1088/3033 1087/3036 1143/3035
f 1164/492 1138/488 1141/485
f 1088/3033 1142/3030 1148/3032
f 1142/497 1143/494 1144/496
f 1127/482 1128/474 1130/481
f 1130/481 1141/485 1138/488
f 1130/481 1138/488 1140/490
f 1140/490 1127/482 1130/481
f 1143/494 1138/488 1164/492
f 1139/493 1140/490 1138/488
f 1098/994 1139/996 1086/992
f 1126/475 1127/482 1119/486
f 1140/490 1139/493 1121/491
f 1130/481 1128/474 1129/454
f 1130/481 1131/473 1141/485
f 1128/474 1125/465 1124/455
f 1128/474 1124/455 1129/454
f 1126/475 1125/465 1127/482
f 1128/474 1127/482 1125/465
f 1119/486 1135/487 1126/475
f 1120/987 1122/990 1119/991
f 1122/990 1120/987 1136/985
f 1123/979 1136/985 1118/981
f 1133/975 1137/977 1134/978
f 1133/975 1123/979 1102/976
f 1119/991 1136/985 1135/988
f 1115/890 1006/884 1116/888
f 1123/979 1133/975 1134/978
f 1119/486 1127/482 1121/491
f 1123/979 1132/983 1136/985
f 1102/976 1123/979 1118/981
f 1121/993 1120/987 1119/991
f 1099/984 1102/976 1118/981
f 774/4246 788/4247 777/4248
f 779/2293 778/2292 1117/2295
f 789/2628 1109/2632 1113/2629
f 789/2628 787/2630 1003/2633
f 774/2626 790/2634 787/2630
f 1114/2627 774/2626 789/2628
f 1108/2296 779/2293 1117/2295
f 1109/2632 1108/2631 1113/2629
f 1113/2629 1114/2627 789/2628
f 1077/1765 1071/1763 1061/1755
f 1154/1375 1080/1373 1152/1372
f 752/743 762/742 755/744
f 1105/1431 1112/1428 766/1430
f 1080/891 1115/890 1116/888
f 766/1430 989/1433 1105/1431
f 1004/2636 1003/2633 802/2640
f 1002/2635 1109/2632 789/2628
f 766/1430 1112/1428 750/1426
f 896/882 1110/874 992/878
f 1109/3750 1002/3751 779/3752
f 779/3752 1108/3753 1109/3750
f 1002/3751 785/3754 779/3752
f 784/1851 783/1844 760/1849
f 1106/4017 736/4018 1107/4019
f 757/1855 1106/1853 760/1849
f 751/1427 1112/1428 1105/1431
f 1015/3317 1104/3318 1101/3319
f 760/1849 759/1852 765/1854
f 1103/584 1099/590 1100/595
f 1111/3626 1103/3627 1104/3628
f 1101/3630 1104/3628 1103/3627
f 1103/3627 1030/3631 1101/3630
f 1027/3320 1022/3321 972/3323
f 1120/987 1097/989 1118/981
f 1097/989 1086/992 1025/986
f 1025/986 1118/981 1097/989
f 1041/3933 1042/3932 1014/3936
f 1022/3321 1101/3319 1029/3322
f 1022/777 1029/785 1100/783
f 1139/3039 1089/3037 1086/3038
f 1097/989 1098/994 1086/992
f 1083/787 1082/788 951/784
f 1082/997 1083/995 1086/992
f 1085/3130 1093/3132 1092/3128
f 1096/3131 1084/3133 1085/3130
f 1052/2158 1095/2165 1094/2162
f 1052/3135 1092/3128 1093/3132
f 1046/2155 1052/2158 1091/2156
f 1052/2158 1094/2162 1091/2156
f 1055/3328 1056/3330 1081/3331
f 1071/4470 1075/4469 1074/4468
f 1055/3328 1073/3329 1051/3326
f 1072/3301 1076/3298 1031/3297
f 1061/1755 1074/1766 1077/1765
f 1041/2436 1014/2428 1043/2434
f 1043/3299 1076/3298 1041/3302
f 1072/3301 1074/3304 1076/3298
f 1062/1762 1061/1755 1071/1763
f 1073/3329 1055/3328 1081/3331
f 1073/3303 1071/3305 1072/3301
f 1072/3301 1071/3305 1074/3304
f 1071/3305 1073/3303 1081/3307
f 1077/1765 1075/1767 1071/1763
f 1151/1371 1069/1368 1067/1370
f 1019/1366 1069/1368 1151/1371
f 1067/1789 1068/1781 1066/1777
f 1079/1790 1067/1789 1066/1777
f 1066/1777 1078/1782 1079/1790
f 1151/1371 1152/1372 1019/1366
f 1019/1366 1152/1372 1080/1373
f 1066/1777 1065/1773 1078/1782
f 1067/1370 1069/1368 1018/1363
f 1068/4071 1067/4074 1018/4072
f 1004/3119 995/3120 994/3112
f 1007/1776 1065/1773 925/1769
f 1064/1770 1065/1773 1066/1777
f 1059/1771 912/1774 917/1768
f 1064/4070 1018/4072 1059/4073
f 1065/1773 1007/1776 1070/1783
f 1006/1788 1070/1783 1007/1776
f 916/1772 925/1769 917/1768
f 999/3114 1002/3115 994/3112
f 1007/1776 925/1769 916/1772
f 1064/1770 925/1769 1065/1773
f 1064/1770 1059/1771 917/1768
f 921/1751 911/1760 913/1757
f 947/2432 948/2435 1047/2438
f 1056/3330 1055/3328 936/3327
f 933/3341 1031/3342 1047/3343
f 912/1354 1063/1357 1016/1352
f 912/1354 1059/1362 1063/1357
f 1061/1755 1062/1762 1057/1756
f 1057/1756 1036/1753 1061/1755
f 956/2163 1034/2161 1046/2155
f 1056/3330 1060/3332 1057/3333
f 1060/3332 910/3335 1057/3333
f 936/3327 1060/3332 1056/3330
f 1092/4251 1052/4252 1053/4253
f 1052/2158 1049/2164 1053/2166
f 1049/2164 1050/2169 1053/2166
f 883/1044 1054/1041 885/1042
f 1092/4251 1053/4253 1050/4254
f 1046/2155 924/2157 918/2159
f 1033/2738 950/2740 1048/2742
f 918/2159 956/2163 1046/2155
f 1084/3394 868/3398 871/3395
f 866/1978 864/1984 868/1983
f 1034/2752 1035/2745 1049/2750
f 951/784 941/789 943/791
f 949/2744 1048/2742 950/2740
f 1035/1140 956/1135 970/1138
f 1047/3300 1031/3297 1043/3299
f 1047/3343 969/3344 933/3341
f 936/3345 1051/3347 1031/3342
f 1038/3937 1039/3934 1041/3933
f 1072/3301 1031/3297 1073/3303
f 1043/2434 1024/2431 947/2432
f 1038/4147 1061/4148 1037/4149
f 1037/3935 1040/3938 1042/3932
f 982/1824 984/1829 1013/1830
f 1039/3934 1037/3935 1042/3932
f 1037/3935 1039/3934 1038/3937
f 958/3505 955/3506 957/3507
f 950/782 959/771 1025/776
f 959/1141 953/1139 952/1137
f 1023/774 1025/776 959/771
f 734/1857 765/1854 759/1852
f 1022/777 1023/774 1021/772
f 1027/1831 982/1824 1013/1830
f 1101/4296 1030/4297 1029/4298
f 980/768 963/775 1021/772
f 1021/3324 971/3325 972/3323
f 1022/3321 1021/3324 972/3323
f 981/764 980/768 1021/772
f 946/2425 1014/2428 1010/2426
f 760/1849 765/1854 733/1856
f 1027/3320 1015/3317 1101/3319
f 1014/3936 1042/3932 1040/3938
f 1013/1830 1015/1833 1027/1831
f 1014/1747 1040/1744 1010/1743
f 747/1218 745/1221 767/1224
f 994/3112 1002/3115 1004/3119
f 802/2640 995/2641 1004/2636
f 1002/2635 789/2628 1004/2636
f 999/3114 816/3124 1001/3118
f 1019/1366 1020/1367 1017/1359
f 1016/1352 1063/1357 1018/1363
f 1018/1363 1017/1359 1016/1352
f 987/1355 1017/1359 766/1364
f 738/1859 821/1861 739/1860
f 1006/884 990/876 989/880
f 990/876 988/877 989/880
f 991/881 990/876 1006/884
f 999/3114 1001/3118 1002/3115
f 805/3525 975/3528 976/3523
f 763/4075 1008/4076 1011/4077
f 763/739 1009/737 742/736
f 1008/1229 1009/1227 745/1221
f 799/3522 805/3525 976/3523
f 996/2069 807/2078 974/2074
f 978/2083 807/2078 993/2073
f 978/3116 993/3121 977/3113
f 527/1254 785/1257 816/1261
f 997/2065 993/2073 996/2069
f 978/3116 994/3112 995/3120
f 966/1348 987/1355 973/1353
f 350/3221 743/3222 747/3219
f 991/881 992/878 990/876
f 1181/2068 979/2072 997/2065
f 979/3117 977/3113 997/3122
f 993/3121 997/3122 977/3113
f 813/4044 979/4045 1000/4041
f 815/4043 813/4044 1000/4041
f 816/3124 999/3114 813/3123
f 979/3117 813/3123 999/3114
f 807/2078 996/2069 993/2073
f 979/3117 999/3114 977/3113
f 994/3112 978/3116 977/3113
f 975/3528 805/3525 831/3530
f 975/2084 974/2074 976/2086
f 807/2078 976/2086 974/2074
f 1009/1227 767/1224 745/1221
f 983/779 962/773 957/769
f 982/1838 972/1839 983/1840
f 957/2427 985/2424 983/2430
f 982/2433 983/2430 985/2424
f 982/1824 1028/1828 984/1829
f 963/775 972/780 971/778
f 960/760 964/766 961/770
f 981/764 1032/767 952/757
f 955/2429 939/2437 948/2435
f 961/770 964/766 962/773
f 962/773 972/780 963/775
f 952/757 960/760 981/764
f 948/2435 969/2440 1047/2438
f 952/1137 1032/1143 959/1141
f 955/3506 958/3505 939/3508
f 955/2429 946/2425 957/2427
f 938/1818 939/1821 954/1819
f 948/2435 947/2432 955/2429
f 945/1742 944/1748 968/1750
f 932/2439 969/2440 948/2435
f 921/1751 968/1750 1037/1745
f 912/1774 911/1791 907/1784
f 913/1350 966/1348 965/1347
f 937/2441 939/2437 938/2442
f 878/2199 920/2200 879/2194
f 932/2439 939/2437 937/2441
f 935/3617 932/3616 878/3615
f 922/2953 935/2956 878/2954
f 967/1798 894/1785 906/1792
f 932/3346 935/3348 936/3345
f 901/2957 905/2958 907/2960
f 932/3346 933/3341 969/3344
f 933/3341 932/3346 936/3345
f 878/3615 932/3616 934/3614
f 932/3616 937/3612 934/3614
f 918/1134 923/1136 900/1133
f 1260/794 942/793 941/789
f 943/791 941/789 942/793
f 842/1963 849/1971 942/1968
f 940/795 941/789 845/796
f 943/1975 849/1971 866/1978
f 850/4079 854/4080 853/4081
f 1237/1030 931/1037 851/1032
f 918/2171 924/2172 923/2173
f 851/1032 900/1039 877/1038
f 901/4316 911/4317 921/4318
f 878/3615 934/3614 919/3611
f 919/3611 934/3614 937/3612
f 1235/4457 930/4458 931/4459
f 900/1039 930/1040 927/1036
f 929/2184 928/2187 881/2190
f 906/1792 926/1778 907/1784
f 895/1775 894/1785 914/1787
f 1058/1797 907/1784 911/1791
f 895/1775 917/1768 926/1778
f 901/3336 910/3335 908/3337
f 926/1778 917/1768 912/1774
f 911/1358 912/1354 913/1350
f 1016/1352 913/1350 912/1354
f 912/1774 907/1784 926/1778
f 909/3349 908/3352 910/3353
f 907/4490 1058/4491 901/4492
f 916/1772 895/1775 915/1779
f 905/2958 928/2959 906/2961
f 895/1775 926/1778 894/1785
f 992/1786 916/1772 915/1779
f 895/1775 916/1772 917/1768
f 915/885 896/882 992/878
f 898/4381 899/4383 896/4382
f 914/1787 897/1799 896/1793
f 1235/1033 927/1036 930/1040
f 1218/1400 1402/1403 902/1397
f 860/1024 890/1031 838/1027
f 851/1032 930/1040 900/1039
f 906/2185 928/2187 929/2184
f 1777/72 1778/88 1776/104
f 903/1189 902/1188 1402/1190
f 881/2955 908/2952 880/2951
f 881/2955 905/2958 901/2957
f 885/2619 877/2616 886/2611
f 880/2197 879/2194 881/2190
f 865/1981 866/1978 893/1977
f 853/4081 889/4082 850/4079
f 890/1031 860/1024 859/1034
f 865/1981 850/1974 889/1979
f 859/3608 861/3606 865/3602
f 859/1976 865/1981 889/1979
f 874/3600 887/3604 872/3605
f 865/3602 874/3600 871/3599
f 868/3129 1166/3127 867/3126
f 872/3605 882/3607 873/3603
f 874/3600 872/3605 873/3603
f 871/1985 864/1984 865/1981
f 866/1978 865/1981 864/1984
f 870/4170 876/4169 863/4168
f 876/3144 875/3145 862/3146
f 863/4168 888/4171 870/4170
f 870/3147 875/3145 876/3144
f 862/3146 875/3145 855/3148
f 834/4172 888/4171 863/4168
f 855/3148 875/3145 870/3147
f 857/4174 870/4170 869/4173
f 835/2458 836/2461 862/2465
f 863/2470 862/2465 834/2463
f 849/1971 893/1977 866/1978
f 842/4083 854/4080 850/4079
f 1237/1030 851/1032 852/1026
f 842/1963 850/1974 849/1971
f 837/2457 846/2456 833/2460
f 847/2468 846/2456 848/2469
f 843/2717 845/2722 844/2719
f 839/1969 841/1962 840/1967
f 889/1979 839/1969 859/1976
f 839/1969 838/1972 859/1976
f 890/1980 859/1976 838/1972
f 858/1924 892/1927 891/1921
f 891/1921 892/1927 1258/1928
f 1258/3401 892/3404 858/3402
f 858/3152 835/3149 856/3151
f 835/2458 858/2455 837/2457
f 857/3150 856/3151 855/3148
f 837/2457 836/2461 835/2458
f 855/3148 870/3147 857/3150
f 778/2292 788/2288 775/2294
f 778/2292 775/2294 1117/2295
f 832/3808 825/3807 823/3811
f 823/2312 830/2310 829/2305
f 1319/2349 1424/2346 1330/2348
f 800/2371 795/2370 497/2365
f 829/2305 832/2307 823/2312
f 824/3812 823/3811 825/3807
f 822/2315 824/2318 817/2316
f 819/2209 818/2207 828/2210
f 51/2206 818/2207 819/2209
f 743/1209 47/1204 48/1206
f 820/1212 744/1214 48/1206
f 332/3170 47/3169 743/3171
f 805/3525 810/3527 811/3529
f 813/1264 814/1266 593/1262
f 593/1262 812/1258 813/1264
f 813/1264 815/1269 814/1266
f 817/3810 824/3812 825/3807
f 817/3810 825/3807 1187/3809
f 799/3522 810/3527 805/3525
f 809/2313 803/2327 804/2325
f 809/2313 811/2319 810/2323
f 803/2327 810/2323 799/2330
f 812/1258 593/1262 506/1255
f 809/2313 817/2316 811/2319
f 813/1264 812/1258 816/1261
f 800/3241 798/3244 799/3242
f 806/3524 799/3522 807/3521
f 537/2320 809/2313 804/2325
f 810/2323 803/2327 809/2313
f 799/2330 801/2329 803/2327
f 796/3243 795/3240 802/3239
f 799/3242 798/3244 801/3246
f 801/2329 537/2320 804/2325
f 328/2674 331/2671 533/2667
f 490/2286 794/2285 507/2280
f 505/2282 794/2285 808/2287
f 497/2365 485/2367 800/2371
f 489/3495 486/3494 488/3497
f 444/3498 489/3495 488/3497
f 798/2374 800/2371 485/2367
f 797/2364 795/2370 792/2372
f 794/2285 793/2290 780/2289
f 484/2376 801/2377 798/2374
f 776/2366 777/2373 490/2369
f 776/2366 491/2360 797/2364
f 497/2365 795/2370 797/2364
f 792/2372 791/2368 797/2364
f 792/4114 796/4111 786/4113
f 792/2639 787/2630 790/2634
f 792/2639 790/2634 777/2638
f 777/2638 790/2634 774/2626
f 792/2639 786/2637 787/2630
f 787/2630 786/2637 1003/2633
f 1003/2633 786/2637 802/2640
f 785/3125 1001/3118 816/3124
f 779/2293 780/2289 793/2290
f 808/2287 780/2289 785/2291
f 779/2293 793/2290 778/2292
f 785/2291 780/2289 779/2293
f 788/4247 490/4250 777/4248
f 797/2364 791/2368 776/2366
f 775/4249 788/4247 774/4246
f 784/4020 1107/4019 783/4022
f 781/1841 761/1843 783/1844
f 781/1459 783/1455 782/1448
f 772/3862 782/3863 462/3864
f 781/3866 772/3862 773/3868
f 758/1444 782/1448 783/1455
f 783/4022 1107/4019 758/4021
f 771/1847 754/1845 773/1842
f 755/1850 762/1848 754/1845
f 771/4375 773/4376 770/4377
f 773/1842 754/1845 761/1843
f 781/3866 782/3863 772/3862
f 769/3869 770/3870 772/3862
f 771/4375 770/4377 769/4378
f 773/4376 772/4379 770/4377
f 751/746 754/747 771/748
f 771/748 753/749 751/746
f 771/2661 769/2658 753/2659
f 446/3867 769/3869 772/3862
f 751/1427 753/1432 453/1429
f 453/1429 449/1424 751/1427
f 751/746 755/744 754/747
f 755/744 751/746 752/743
f 748/1425 1112/1428 751/1427
f 449/1424 456/1422 749/1423
f 456/1422 440/1421 749/1423
f 749/1231 768/1226 750/1228
f 750/1228 767/1224 766/1232
f 750/1426 748/1425 749/1423
f 765/1854 734/1857 733/1856
f 764/1846 762/1848 759/1852
f 762/742 752/743 763/739
f 764/1846 759/1852 760/1849
f 1106/4017 1107/4019 784/4020
f 1107/4019 736/4018 758/4021
f 733/1856 756/1858 757/1855
f 736/1439 757/1456 756/1449
f 757/1855 760/1849 733/1856
f 736/1439 368/1436 467/1435
f 331/2671 328/2674 329/2677
f 734/3738 737/3737 742/3741
f 739/1451 741/1450 740/1440
f 738/1859 756/1858 733/1856
f 735/1445 736/1439 756/1449
f 368/1436 736/1439 735/1445
f 768/1226 767/1224 750/1228
f 743/1209 744/1214 747/1218
f 350/3172 332/3170 743/3171
f 744/1214 743/1209 48/1206
f 821/730 45/726 741/732
f 739/1860 756/1858 738/1859
f 1906/733 821/730 738/735
f 738/735 742/736 1906/733
f 329/1683 1575/1680 370/1671
f 740/1440 735/1445 739/1451
f 550/2673 330/2669 331/2671
f 548/2679 329/2677 370/2680
f 329/2677 548/2679 331/2671
f 14/1665 548/1668 370/1671
f 550/1670 331/1673 548/1668
f 739/734 821/730 741/732
f 1124/455 1401/431 1129/454
f 1102/976 1399/980 1137/977
f 1404/442 233/433 231/432
f 1102/976 1398/982 1399/980
f 1132/483 1403/484 1404/442
f 1404/442 1126/475 1132/483
f 1126/475 1135/487 1132/483
f 1137/977 1399/980 1134/978
f 188/451 193/464 1399/471
f 1401/431 190/420 192/430
f 165/409 164/418 192/430
f 1129/454 1401/431 192/430
f 191/419 165/409 192/430
f 231/432 1401/431 1124/455
f 182/450 1403/484 1134/480
f 1403/484 1132/483 1134/480
f 1404/4099 1403/4100 182/4101
f 1399/471 1398/472 188/451
f 189/452 188/451 1398/472
f 1125/465 1126/475 1404/442
f 184/439 232/421 1404/442
f 231/432 1125/465 1404/442
f 164/418 1626/441 192/430
f 194/410 1401/431 231/432
f 1404/442 182/450 184/439
f 193/464 188/451 181/429
f 1134/480 1399/471 193/464
f 182/450 1134/480 193/464
f 1124/455 1125/465 231/432
f 1103/584 1026/566 1102/569
f 1026/566 101/545 1102/569
f 984/1829 1012/1832 1013/1830
f 1026/3629 1103/3627 1111/3626
f 1102/569 111/561 189/576
f 189/576 1398/585 1102/569
f 101/545 111/561 1102/569
f 1026/566 1912/560 99/554
f 99/554 1912/560 984/543
f 1012/567 1912/560 1026/566
f 1026/1835 1015/1833 1012/1832
f 1026/566 99/554 101/545
f 4/525 1545/539 1249/532
f 1249/532 1028/548 986/553
f 103/519 100/549 984/543
f 1912/560 1012/567 984/543
f 1877/2148 1888/2149 1396/2147
f 1684/754 1654/763 1762/759
f 1320/1730 1908/1732 1426/1731
f 1908/1732 1207/1738 1410/1740
f 1903/533 1762/526 29/513
f 53/1208 1410/1216 820/1212
f 48/1206 17/1202 53/1208
f 1759/1946 1720/1941 1656/1943
f 1441/1691 1447/1692 1430/1694
f 1711/3252 1771/3253 1417/3250
f 1652/2048 1429/2045 1305/2047
f 1418/3985 1450/3982 1449/3984
f 1908/1732 1340/1735 1426/1731
f 1846/1803 1303/1807 827/1806
f 1495/46 1486/40 96/35
f 1910/1132 1708/1126 1665/1131
f 1708/1126 1697/1125 1666/1129
f 1740/1693 1447/1692 1442/1689
f 1708/1126 1910/1132 1044/1130
f 1908/1732 1907/1734 1207/1738
f 877/1038 1054/1041 861/1035
f 29/513 1249/532 1903/533
f 1226/2700 1350/2698 826/2694
f 1226/2700 1210/2703 1209/2704
f 1226/2700 826/2694 827/2699
f 1334/3274 1215/3271 1351/3272
f 1048/2742 1150/2743 1033/2738
f 351/521 103/519 1249/532
f 1009/883 1008/879 746/875
f 960/760 952/757 1279/752
f 742/736 746/731 1906/733
f 1249/532 1239/547 1903/533
f 1207/1738 1907/1734 1227/1737
f 1207/1738 820/1741 1410/1740
f 1333/2175 1188/2178 1356/2176
f 1184/3356 1890/3357 814/3354
f 1057/1756 921/1751 1036/1753
f 1712/1937 1656/1943 1720/1941
f 1357/3472 1379/3469 1358/3465
f 1761/1882 1781/1883 1783/1880
f 1277/1023 852/1026 1233/1014
f 1675/1923 1688/1920 1701/1914
f 1851/2110 1829/2107 1824/2112
f 1759/1946 1656/1943 1655/1948
f 1310/2054 1406/2046 1427/2049
f 1714/1938 1721/1942 1716/1940
f 1008/879 763/887 989/880
f 1752/22 1750/26 1602/27
f 1749/45 1751/39 1753/52
f 1682/1238 1695/1235 1685/1234
f 1666/1129 1697/1125 1696/1128
f 1677/4124 1678/4126 1676/4127
f 1686/1246 1681/1240 1662/1249
f 1692/3412 1757/3413 1702/3410
f 725/1644 732/1637 1824/1640
f 1830/3755 1806/3756 1801/3757
f 1828/1173 1829/1171 1793/1170
f 1805/2109 1832/2108 1802/2111
f 1436/4443 1328/4444 1432/4445
f 1851/2110 1832/2108 1829/2107
f 1774/2402 1797/2401 1798/2404
f 1795/60 1779/51 1833/44
f 1761/70 1840/86 1781/102
f 1806/90 1821/107 1845/74
f 1849/175 1868/195 1861/219
f 1412/2125 1815/2121 1894/2126
f 1875/4355 1883/4356 1878/4357
f 1396/2147 1468/2145 1852/2146
f 1880/3688 1883/3691 1875/3689
f 1448/3912 1445/3915 1442/3913
f 1446/1708 1911/1707 1445/1704
f 1888/3697 1885/3693 1887/3694
f 1885/3693 1880/3688 1887/3694
f 1890/1270 1397/1274 593/1262
f 1888/2149 1382/2150 1396/2147
f 1891/1276 1463/1280 1892/1279
f 1884/2298 1381/2297 1444/2301
f 1877/3671 1875/3673 1876/3668
f 1852/2146 1877/2148 1396/2147
f 1887/3694 1880/3688 2405/3692
f 1875/178 1853/161 1856/139
f 1877/202 1853/161 1875/178
f 1863/249 1862/263 1864/236
f 1729/122 1732/138 1858/140
f 1857/110 1856/139 1855/121
f 1790/119 1806/90 1810/108
f 1808/73 1809/75 1847/63
f 1746/54 1749/45 1726/62
f 1804/197 1412/159 1411/176
f 1430/1694 1411/1697 1439/1701
f 1753/4487 1811/4488 1810/4489
f 1419/908 1763/899 1761/907
f 1846/1803 1909/1804 1680/1801
f 1808/73 1751/39 1780/61
f 1754/34 1833/44 1751/39
f 1763/899 1760/902 1761/907
f 1778/88 1784/71 1823/87
f 1452/3656 1713/3658 1428/3660
f 1793/1170 1453/1172 1438/1174
f 1436/1176 1793/1170 1438/1174
f 1740/4206 1818/4207 1804/4208
f 1804/4208 1447/4209 1740/4206
f 1412/159 1850/120 1411/176
f 1831/2333 1803/2335 1457/2334
f 1802/2338 1454/2343 1456/2341
f 1792/194 1816/174 1788/157
f 1851/1635 732/1637 1328/1632
f 1802/1638 1832/1642 1851/1635
f 1454/3622 1805/3624 1817/3621
f 1449/1634 1802/1638 1851/1635
f 1805/3624 1830/3625 1817/3621
f 1805/133 1821/107 1830/118
f 1806/90 1830/118 1821/107
f 1829/2107 1828/2113 1824/2112
f 1453/1172 1793/1170 1454/1169
f 1813/91 1800/158 1799/141
f 1328/1632 1449/1634 1851/1635
f 1790/119 1801/135 1806/90
f 1793/1170 1829/1171 1805/1168
f 1786/193 1788/157 1787/156
f 1804/2124 1818/2123 1815/2121
f 1765/2403 1772/2407 1796/2405
f 1827/2400 1765/2403 1796/2405
f 1769/117 1819/152 1785/154
f 1486/1935 1713/1936 1712/1937
f 1769/117 1776/104 1774/131
f 1764/173 1774/131 1775/153
f 1779/51 1795/60 1784/71
f 1766/105 1777/72 1769/117
f 1433/1887 1783/1880 1710/1885
f 1783/1880 1781/1883 1710/1885
f 1314/1884 1783/1880 1433/1887
f 1735/33 1736/43 1754/34
f 1760/902 1763/899 1409/898
f 1419/1881 1783/1880 1314/1884
f 1317/1891 1348/1888 1314/1884
f 1417/3250 1433/3249 1711/3252
f 1699/2976 1677/2978 1675/2979
f 1688/4128 1676/4127 1678/4126
f 1658/518 1762/526 1654/534
f 1653/1237 1657/1239 1685/1234
f 1408/906 1760/902 1409/898
f 1666/1236 1682/1238 1665/1242
f 1707/911 1692/914 1755/913
f 1672/3415 1702/3410 1757/3413
f 1755/168 1692/206 1756/183
f 1700/1909 1688/1920 1671/1911
f 703/148 702/115 1408/128
f 1652/1810 1303/1807 1759/1808
f 1759/1808 1682/1813 1652/1810
f 1721/1942 1714/1938 1715/1939
f 6/24 7/31 1719/29
f 1736/43 1717/58 1737/50
f 1602/27 1745/41 1493/36
f 1742/55 1744/47 1722/67
f 1727/93 1732/138 1729/122
f 1447/1692 1411/1697 1430/1694
f 1733/142 1858/140 1732/138
f 1727/93 1730/95 1731/111
f 1727/93 1722/67 1730/95
f 1328/4444 1436/4443 1438/4446
f 1737/50 1717/58 1716/38
f 1655/1948 78/1951 1658/1950
f 1452/3656 1415/3659 1655/3657
f 1340/865 1344/863 1341/862
f 1712/1937 1720/1941 1715/1939
f 1685/1234 1696/1233 1653/1237
f 1712/1937 1714/1938 1486/1935
f 1579/1932 1428/1933 1485/1930
f 1712/3655 1713/3658 1452/3656
f 1667/2387 1706/2385 1662/2382
f 1414/3730 1338/3728 1413/3727
f 1242/2718 1263/2721 1265/2713
f 1307/2022 1669/2025 1661/2023
f 1293/2588 1616/2592 1309/2589
f 1665/1131 1708/1126 1666/1129
f 1279/752 1910/753 1665/750
f 1702/3410 1672/3415 1678/3416
f 1692/3664 1673/3663 1691/3667
f 1674/3666 1691/3667 1673/3663
f 1694/905 1686/909 1674/912
f 1689/1244 1681/1240 1696/1233
f 1279/752 1684/754 1903/756
f 1695/1235 1682/1238 1666/1236
f 1688/1920 1675/1923 1676/1926
f 1701/1914 1616/1922 1675/1923
f 1291/1017 1299/1010 1696/1021
f 1696/1128 1697/1125 1291/1124
f 1299/1010 1690/1020 1696/1021
f 1682/1238 1663/1245 1665/1242
f 1349/2056 1310/2054 1427/2049
f 1681/1240 1660/1243 1653/1237
f 1415/3972 1416/3973 1434/3974
f 1429/2045 1652/2048 1653/2052
f 826/2694 1680/2697 827/2699
f 78/3976 1434/3974 1416/3973
f 1451/1893 1313/1889 1433/1887
f 1417/1728 1320/1730 1325/1729
f 1314/1884 1349/1886 1419/1881
f 1419/908 1429/903 1763/899
f 1655/1948 1654/1949 1759/1946
f 1652/2048 1657/2055 1653/2052
f 78/3976 1655/3975 1434/3974
f 1655/3657 1656/3654 1452/3656
f 1438/2487 1453/2490 1425/2481
f 1411/1697 1447/1692 1804/1700
f 732/1637 1432/1641 1328/1632
f 1311/3735 1414/3730 1432/3732
f 1426/1731 1340/1735 1421/1733
f 1413/1180 1420/1181 1437/1178
f 1340/1735 1341/1739 1421/1733
f 1739/1695 1740/1693 1442/1689
f 1442/1689 1445/1698 1739/1695
f 1445/1704 1448/1710 1446/1708
f 1444/2301 1381/2297 1367/2304
f 1378/1696 1441/1691 1430/1694
f 1444/2301 1367/2304 829/2305
f 1464/2308 829/2305 830/2310
f 1388/3490 1391/3487 1390/3488
f 1329/1182 1420/1181 1413/1180
f 1315/3891 1337/3894 1323/3892
f 1337/3894 1321/3896 1323/3892
f 1322/3364 1435/3366 1325/3369
f 1348/1888 1349/1886 1314/1884
f 1434/3974 1655/3975 1415/3972
f 1216/2059 1310/2054 1349/2056
f 1305/2047 1289/2051 1652/2048
f 1320/2695 1350/2698 1227/2701
f 1330/1639 1423/1643 1418/1633
f 1417/2696 1680/2697 826/2694
f 1680/2697 1909/2702 827/2699
f 1418/1633 1328/1632 1329/1636
f 1329/2485 1328/2489 1438/2487
f 1438/2487 1425/2481 1329/2485
f 908/2952 881/2955 901/2957
f 1056/3330 1062/3334 1081/3331
f 1017/1359 1020/1367 766/1364
f 990/876 1110/874 746/875
f 1222/872 746/875 1110/874
f 1278/762 964/766 960/760
f 1294/1908 1407/1905 1269/1904
f 1269/1904 1256/1917 891/1921
f 1048/2742 1050/2746 1150/2743
f 968/1750 921/1751 965/1754
f 1263/2467 1242/2462 1256/2459
f 1351/1898 1363/1894 1315/1897
f 970/1138 956/1135 952/1137
f 1270/2034 1266/2039 1267/2036
f 913/1350 1016/1352 966/1348
f 1343/869 1342/871 1344/863
f 1903/756 1238/761 1280/758
f 1176/3652 886/3646 1173/3649
f 1005/1780 1006/1788 1007/1776
f 883/3707 885/3708 1172/3706
f 1121/993 1098/994 1097/989
f 1157/3647 1171/3650 873/3648
f 882/3702 884/3705 1172/3706
f 1132/983 1135/988 1136/985
f 1023/774 1100/783 1099/781
f 909/3349 1060/3351 936/3345
f 1076/4150 1074/4151 1061/4148
f 880/2951 922/2953 878/2954
f 1157/2608 886/2611 1094/2609
f 1050/2746 1049/2750 1035/2745
f 1150/2743 1050/2746 1035/2745
f 896/882 899/886 1110/874
f 974/2074 1202/2070 998/2066
f 867/2749 1048/2742 868/2748
f 873/3648 882/3651 1173/3649
f 1233/1014 852/1026 860/1024
f 1260/2711 940/2708 1264/2710
f 1203/3070 899/3068 1219/3064
f 965/1754 921/1751 913/1757
f 845/796 843/797 940/795
f 877/1038 861/1035 851/1032
f 1172/3653 1173/3649 882/3651
f 963/775 971/778 1021/772
f 231/432 233/433 195/411
f 1207/1351 966/1348 973/1353
f 46/1446 741/1450 45/1457
f 1011/4077 1008/4076 745/4078
f 768/1226 747/1218 767/1224
f 774/2626 1114/2627 1117/2624
f 485/2367 484/2376 798/2374
f 735/1445 740/1440 368/1436
f 1038/4147 1076/4150 1061/4148
f 759/3739 762/3740 737/3737
f 468/3865 772/3862 462/3864
f 772/3862 468/3865 446/3867
f 1002/3115 1001/3118 785/3125
f 801/2329 804/2325 803/2327
f 505/4056 808/4057 785/4058
f 1891/1276 1395/1272 593/1262
f 1386/3798 1389/3797 1394/3800
f 1390/3531 1392/3539 1374/3536
f 1374/3536 1375/3534 1390/3531
f 1186/3360 1884/3359 1184/3356
f 1187/2302 1367/2304 1381/2297
f 1183/2071 1361/2076 1360/2080
f 1330/3474 1338/3473 1319/3467
f 1224/866 1340/865 1908/868
f 881/2190 879/2194 904/2192
f 1325/3899 1342/3903 1327/3902
f 1226/2700 1227/2701 1350/2698
f 1228/3275 1214/3273 1215/3271
f 1197/2062 1196/2063 1405/2061
f 1215/3271 1195/3268 1351/3272
f 1193/3570 920/3572 1234/3569
f 1334/3274 1217/3277 1215/3271
f 1217/3277 1228/3275 1215/3271
f 1216/2059 1405/2061 1211/2060
f 1210/2703 1190/2706 1208/2705
f 1227/2701 1226/2700 1209/2704
f 1195/3268 1354/3270 1351/3272
f 1322/2177 1221/2179 1333/2175
f 1907/1734 1908/1732 1320/1730
f 1190/1816 1210/1820 827/1806
f 827/2699 1210/2703 1226/2700
f 1349/1886 1348/1888 1216/1892
f 822/2315 830/2326 823/2322
f 1319/3467 1359/3464 1318/3466
f 1316/3851 1337/3852 1315/3853
f 1322/3364 1324/3362 1321/3361
f 1909/1804 1846/1803 827/1806
f 1267/2036 1295/2038 1292/2026
f 1288/1012 1300/1004 1299/1010
f 1310/2054 1216/2059 1211/2060
f 938/1818 1230/1809 1250/1814
f 1289/3234 1305/3235 1298/3231
f 1246/1907 1263/1912 1269/1904
f 1295/2038 1267/2036 1246/2041
f 1309/1919 1616/1922 1701/1914
f 1264/3019 1265/3016 1247/3018
f 1268/2591 1294/2590 1296/2593
f 891/1921 1296/1918 1269/1904
f 1296/1918 1297/1913 1269/1904
f 1294/1908 1269/1904 1297/1913
f 1292/2026 1270/2034 1267/2036
f 1274/1011 1286/1005 1290/1008
f 1903/756 1280/758 1279/752
f 1302/3713 1284/3710 1212/3712
f 1211/2060 1284/2057 1310/2054
f 1274/4300 1285/4301 1286/4302
f 1289/1811 1250/1814 1230/1809
f 1303/1807 1289/1811 1230/1809
f 1275/3995 1290/3993 1287/3992
f 1287/3992 1282/3996 1275/3995
f 1251/1025 1273/1029 1281/1022
f 1235/1033 1251/1025 1232/1028
f 1236/3744 1237/3747 1282/3745
f 1282/3745 1281/3742 1236/3744
f 1028/1828 982/1824 986/1827
f 1278/762 1238/761 964/766
f 957/769 1238/761 1239/765
f 1240/1966 842/1963 942/1968
f 1245/3015 1240/3017 1264/3019
f 1282/3996 1277/3997 1275/3995
f 1233/1014 1274/1011 1290/1008
f 1275/1018 1277/1023 1233/1014
f 1290/1008 1275/1018 1233/1014
f 1244/3013 1247/3018 1265/3016
f 1259/2596 1625/2597 1268/2591
f 940/2708 843/2717 1248/2715
f 1261/2720 1242/2718 1248/2715
f 1259/3403 1258/3401 1255/3400
f 856/3151 857/3150 1614/3153
f 891/1921 1258/1928 1272/1925
f 920/3572 1231/3574 1234/3569
f 1248/2715 844/2719 1261/2720
f 846/2456 1256/2459 1242/2462
f 842/1963 1240/1966 1241/1964
f 1240/2714 1252/2716 1260/2711
f 942/1968 1260/1973 1252/1970
f 1235/1033 1273/1029 1251/1025
f 1236/3744 1273/3743 1235/3746
f 1236/3744 1235/3746 931/3748
f 982/1824 1239/1826 986/1827
f 1208/1761 954/1752 1209/1758
f 958/3505 945/3509 939/3508
f 1037/1745 968/1750 944/1748
f 1217/2189 1189/2186 929/2184
f 916/1772 992/1786 1005/1780
f 956/1135 918/1134 1044/1130
f 929/2184 904/2192 1228/2191
f 1225/3512 1213/3514 1214/3515
f 1214/3515 1228/3513 1225/3512
f 1410/873 746/875 1222/872
f 1205/2180 1206/2181 897/2183
f 1230/1809 1208/1815 1191/1812
f 1208/2705 1190/2706 1191/2707
f 1355/3568 1193/3570 1234/3569
f 1213/4234 1212/4233 1196/4232
f 1405/2061 1216/2059 1197/2062
f 1190/1816 827/1806 1191/1812
f 967/2182 1188/2178 1205/2180
f 1222/872 1223/870 1908/868
f 1223/870 1224/866 1908/868
f 1202/2070 974/2074 817/2079
f 974/2074 975/2084 817/2079
f 817/2079 975/2084 831/2087
f 1149/1001 1082/997 1088/1000
f 951/784 943/791 949/792
f 1175/3392 1084/3394 871/3395
f 884/3705 883/3707 1172/3706
f 1166/3127 1096/3131 1085/3130
f 1092/3128 1166/3127 1085/3130
f 1090/786 1083/787 951/784
f 1162/2615 1156/2610 1160/2613
f 1091/2614 886/2611 877/2616
f 873/3648 1173/3649 886/3646
f 886/2611 1176/2623 885/2619
f 865/3602 861/3606 887/3604
f 861/1035 884/1043 887/1045
f 1142/497 1144/496 1147/498
f 1157/2608 1155/2605 1156/2610
f 1093/2167 1095/2165 1052/2158
f 1089/495 1139/493 1138/488
f 1093/3132 1085/3130 1145/3134
f 1088/1000 1082/997 1087/999
f 1086/3038 1089/3037 1087/3036
f 1089/3037 1143/3035 1087/3036
f 1100/4299 1029/4298 1030/4297
f 1114/2627 1113/2629 1117/2624
f 1105/745 752/743 751/746
f 783/1844 761/1843 764/1846
f 1015/1833 1026/1835 1111/1836
f 1063/1357 1059/1362 1018/1363
f 766/1364 1020/1367 1116/1369
f 1040/1744 1037/1745 945/1742
f 1037/1745 944/1748 945/1742
f 1018/1363 1019/1366 1017/1359
f 1020/1367 1019/1366 1116/1369
f 760/1849 1106/1853 784/1851
f 1115/1796 1070/1783 1006/1788
f 1116/895 989/896 766/897
f 748/1425 449/1424 749/1423
f 752/743 1105/745 763/739
f 789/2628 774/2626 787/2630
f 762/1848 764/1846 761/1843
f 767/1224 1009/1227 1011/1230
f 1011/1230 766/1232 767/1224
f 1022/3321 1027/3320 1101/3319
f 1111/1836 1104/1837 1015/1833
f 1025/776 1023/774 1099/781
f 1100/595 1030/598 1103/584
f 1044/1130 952/1137 956/1135
f 1090/786 951/784 1025/776
f 1023/774 1022/777 1100/783
f 947/2432 1047/2438 1043/2434
f 1086/992 1083/995 1025/986
f 1041/3933 1076/3939 1038/3937
f 1071/1763 1081/1764 1062/1762
f 1078/1782 1065/1773 1070/1783
f 1070/1783 1115/1796 1078/1782
f 1057/1756 901/1759 921/1751
f 1005/1780 1007/1776 916/1772
f 1057/3333 1062/3334 1056/3330
f 910/3353 1060/3351 909/3349
f 1061/1755 1036/1753 1037/1745
f 1046/2155 1034/2161 1052/2158
f 1049/2164 1052/2158 1034/2161
f 885/3708 1176/3709 1172/3706
f 1046/2155 877/2154 924/2157
f 866/1978 868/1983 949/1982
f 864/1984 871/1985 868/1983
f 1048/2742 949/2744 868/2748
f 1033/2738 1150/2743 970/2741
f 956/1135 1035/1140 1034/1142
f 1025/776 951/784 950/782
f 866/1978 949/1982 943/1975
f 947/2432 946/2425 955/2429
f 1150/2743 1035/2745 970/2741
f 1031/3342 933/3341 936/3345
f 946/2425 947/2432 1024/2431
f 981/764 1023/774 959/771
f 965/1754 954/1752 968/1750
f 959/771 1032/767 981/764
f 1023/774 981/764 1021/772
f 1015/1833 1013/1830 1012/1832
f 1249/532 1545/539 351/521
f 987/1355 966/1348 1016/1352
f 982/1824 1027/1831 972/1834
f 989/880 1116/888 1006/884
f 991/1794 1005/1780 992/1786
f 742/736 738/735 734/738
f 763/887 1105/889 989/880
f 1016/1352 1017/1359 987/1355
f 991/1794 1006/1788 1005/1780
f 989/880 988/877 1008/879
f 1008/879 988/877 746/875
f 985/1749 1010/1743 958/1746
f 746/875 988/877 990/876
f 987/1355 745/1361 973/1353
f 744/1360 973/1353 745/1361
f 1410/727 54/724 746/731
f 958/1746 1010/1743 945/1742
f 980/768 981/764 960/760
f 960/760 961/770 980/768
f 961/4496 963/4497 980/4498
f 963/775 961/770 962/773
f 957/769 962/773 964/766
f 1045/2443 937/2441 938/2442
f 950/2740 951/2747 949/2744
f 952/1137 953/1139 970/1138
f 945/1742 968/1750 954/1752
f 937/3612 1045/3609 919/3611
f 939/3508 945/3509 954/3510
f 922/3350 909/3349 935/3348
f 920/2200 1193/2196 879/2194
f 909/3349 936/3345 935/3348
f 850/1974 893/1977 849/1971
f 942/1968 849/1971 943/1975
f 841/3880 839/3881 853/3877
f 877/2154 900/2160 924/2157
f 900/4493 923/4494 924/4495
f 877/1038 885/1042 1054/1041
f 878/2199 879/2194 880/2197
f 920/3613 878/3615 919/3611
f 904/2192 929/2184 881/2190
f 967/2182 906/2185 929/2184
f 1193/2196 904/2192 879/2194
f 922/3350 908/3352 909/3349
f 901/4316 1058/4319 911/4317
f 906/2961 907/2960 905/2958
f 897/1799 914/1787 967/1798
f 1054/1041 884/1043 861/1035
f 883/1044 884/1043 1054/1041
f 884/3705 882/3702 887/3704
f 865/1981 893/1977 850/1974
f 889/3882 853/3877 839/3881
f 841/3880 853/3877 842/3879
f 851/1032 861/1035 860/1024
f 1167/3601 874/3600 873/3603
f 862/3146 855/3148 835/3149
f 869/4173 870/4170 888/4171
f 862/2465 836/2461 834/2463
f 835/3149 855/3148 856/3151
f 859/1034 860/1024 861/1035
f 840/1967 838/1972 839/1969
f 846/2456 1262/2464 833/2460
f 834/2463 836/2461 837/2457
f 823/2322 824/2318 822/2315
f 1906/733 54/724 821/730
f 822/2315 817/2316 809/2313
f 54/724 1906/733 746/731
f 831/3530 805/3525 811/3529
f 550/1670 548/1668 549/1664
f 817/2079 831/2087 811/2089
f 812/1258 527/1254 816/1261
f 527/1254 505/1253 785/1257
f 799/3242 806/3245 802/3239
f 978/3526 806/3524 807/3521
f 780/2289 808/2287 794/2285
f 978/3248 995/3247 806/3245
f 802/3239 806/3245 995/3247
f 797/2364 495/2362 497/2365
f 792/2372 795/2370 796/2375
f 799/3242 802/3239 800/3241
f 490/2286 788/2288 794/2285
f 788/2288 793/2290 794/2285
f 788/2288 778/2292 793/2290
f 758/1444 467/1435 782/1448
f 449/2657 453/2655 447/2649
f 749/3215 440/3213 347/3212
f 737/740 762/742 763/739
f 733/1856 734/1857 738/1859
f 783/1844 764/1846 760/1849
f 762/1848 761/1843 754/1845
f 745/1221 747/1218 744/1214
f 1009/737 746/731 742/736
f 347/3212 350/3221 747/3219
f 768/3217 749/3215 347/3212
f 756/1449 739/1451 735/1445
f 46/1446 740/1440 741/1450
f 184/439 182/450 176/417
f 1102/569 1099/590 1103/584
f 100/549 99/554 984/543
f 1762/526 1658/518 29/513
f 1771/3253 1680/3254 1417/3250
f 1720/1805 1846/1803 1771/1802
f 1684/754 1279/752 1663/751
f 1762/759 1903/756 1684/754
f 1426/1731 1325/1729 1320/1730
f 1230/1809 1191/1812 827/1806
f 1238/761 1903/756 1239/765
f 820/1212 48/1206 53/1208
f 1207/1351 1227/1349 966/1348
f 984/543 1028/548 1249/532
f 1249/532 103/519 984/543
f 1719/29 1605/20 6/24
f 1735/33 1718/49 1736/43
f 1719/29 7/31 96/35
f 1716/1940 1721/1942 1711/1945
f 1303/1807 1846/1803 1720/1805
f 958/1823 957/1825 982/1824
f 1048/2742 867/2749 1050/2746
f 1210/2703 1208/2705 1209/2704
f 1320/1730 1227/1737 1907/1734
f 1315/3276 1334/3274 1351/3272
f 1236/3744 931/3748 1237/3747
f 952/757 1044/755 1279/752
f 918/1134 900/1133 1044/1130
f 54/724 1410/727 53/722
f 29/513 4/525 1249/532
f 1410/873 1222/872 1908/868
f 1711/1890 1433/1887 1710/1885
f 745/1361 987/1355 1011/1365
f 1449/4120 1454/4122 1802/4123
f 1682/1238 1759/1251 1684/1250
f 914/1787 894/1785 967/1798
f 1234/3233 938/3237 1250/3236
f 766/1364 1011/1365 987/1355
f 957/1825 1239/1826 982/1824
f 929/2184 1188/2178 967/2182
f 1899/1460 659/1461 1900/1462
f 1898/1617 1897/1618 646/1619
f 617/2579 1896/2580 1895/2581
f 2008/798 2011/799 2004/800
f 2148/301 711/290 2197/295
f 1955/2004 1952/2005 1953/2006
f 2189/116 2187/151 1827/130
f 1997/2261 2000/2262 1995/2263
f 680/2962 2127/2963 2106/2964
f 1634/2271 1998/2273 1996/2264
f 1938/1488 2035/1489 2038/1490
f 2167/319 2119/316 1639/321
f 1940/1144 730/1145 1942/1146
f 2166/1481 716/1484 715/1477
f 2154/3155 713/3156 712/3157
f 661/681 632/682 2020/683
f 1939/2598 2030/2599 1964/2600
f 1991/814 2013/809 729/818
f 2009/803 2011/799 2007/801
f 708/2518 728/2519 2029/2520
f 637/1652 1975/1657 638/1647
f 634/1655 635/1645 1394/1650
f 2030/3020 1939/3021 1938/3022
f 1977/1661 1974/1656 1975/1657
f 2031/1495 2022/1494 2035/1489
f 2041/1496 670/1498 2048/1493
f 2152/4324 2059/4325 2153/4326
f 2036/3025 1938/3022 2041/3023
f 727/3026 2041/3023 728/3024
f 2045/4034 1989/4035 687/4036
f 1989/2444 2034/2445 687/2446
f 2078/715 2095/717 2074/712
f 647/4186 2162/4187 2164/4188
f 2061/4277 2032/4278 2081/4279
f 2107/3758 2079/3759 2138/3760
f 2088/3098 1962/3099 2024/3100
f 2108/225 2103/239 1618/251
f 2123/294 2113/288 1632/299
f 677/297 1649/310 1648/304
f 723/238 1622/269 1617/281
f 2125/4387 2116/4388 2110/4389
f 2130/1986 2176/1987 2097/1988
f 724/223 1620/250 723/238
f 2101/2895 2102/2896 2127/2897
f 2106/2964 2134/2966 645/2969
f 681/2899 2090/2898 2127/2897
f 2127/2963 2134/2966 2106/2964
f 2124/2904 2025/2905 681/2899
f 2107/2972 2105/2967 2081/2970
f 2081/4279 2080/4280 2061/4277
f 704/4431 2142/4432 2140/4433
f 671/2119 707/2115 2144/2116
f 2155/2450 2148/2448 2034/2445
f 1825/1408 1440/1407 1331/1405
f 669/2527 2044/2529 689/2531
f 2051/686 2023/690 2153/695
f 2059/1509 2154/1512 2153/1514
f 2185/1472 2136/1468 660/1464
f 2028/3102 2088/3098 2086/3106
f 663/320 1638/323 1651/325
f 2174/326 664/322 2170/324
f 665/2231 666/2232 1650/2233
f 712/951 713/952 2146/953
f 2176/1474 660/1464 2159/1469
f 2184/226 2202/189 2200/186
f 2156/253 717/254 2199/209
f 645/2969 2081/2970 2106/2964
f 1826/171 2187/151 2202/189
f 2007/4108 2019/4109 2015/4110
f 2205/835 1971/838 1968/844
f 2204/1718 2210/1716 2001/1712
f 1893/1709 2210/1716 2204/1718
f 2414/1723 1893/1709 2415/1720
f 1893/1709 1894/1705 1911/1707
f 2415/1720 2204/1718 2419/1722
f 1911/1707 1957/1715 2001/1712
f 1911/1707 1894/1705 1445/1704
f 2203/855 693/836 2422/854
f 2207/823 2208/822 2209/827
f 2206/842 2207/823 2413/848
f 2209/827 1643/816 1647/832
f 2412/841 1647/832 2427/847
f 1969/837 1970/833 2207/823
f 2006/812 1643/816 2208/822
f 1643/816 2209/827 2208/822
f 1970/833 1969/837 621/843
f 2207/823 1993/817 2006/812
f 1970/833 1994/828 2207/823
f 621/843 691/839 1970/833
f 693/836 2205/835 1968/844
f 2203/855 694/850 693/836
f 2001/1712 695/1717 2203/1719
f 1958/2994 695/2995 1957/2996
f 2040/2998 695/2995 1958/2994
f 693/836 694/850 695/846
f 1968/844 690/849 693/836
f 2207/823 2206/842 1969/837
f 693/836 2043/826 2205/835
f 2043/826 1978/830 2205/835
f 2206/842 690/849 1969/837
f 2204/1718 2001/1712 2203/1719
f 1957/1715 695/1717 2001/1712
f 2190/129 2189/116 1834/103
f 2141/231 2182/229 2183/230
f 1826/171 2182/229 1798/212
f 1828/973 2158/967 2201/966
f 2201/2118 2144/2116 1828/2113
f 2151/963 2196/958 2158/967
f 671/970 2201/966 2150/962
f 2158/967 2196/958 2201/966
f 707/2115 671/2119 706/2117
f 2196/958 2151/963 2146/953
f 1825/974 2158/967 1828/973
f 1791/217 2065/232 1792/194
f 1826/171 2183/230 2182/229
f 720/213 1826/171 2202/189
f 705/4084 704/4085 2140/4086
f 2149/954 688/961 2148/957
f 2184/226 720/213 2202/189
f 2193/169 2192/170 2191/184
f 703/148 2107/208 2138/185
f 2187/151 2200/186 2202/189
f 2163/241 701/211 2198/228
f 1827/130 2187/151 1826/171
f 701/211 2199/209 700/149
f 2192/170 2186/187 700/149
f 700/149 2199/209 2200/186
f 700/149 2186/187 701/211
f 2184/4348 2180/4349 718/4350
f 701/211 2186/187 2198/228
f 2079/2975 2107/2972 2081/2970
f 720/213 2183/230 1826/171
f 2159/1469 715/1477 2176/1474
f 2186/187 660/227 2198/228
f 2185/210 660/227 2186/187
f 715/1477 2159/1469 2069/1473
f 2174/326 2177/330 2171/333
f 2198/228 660/227 2176/255
f 664/1485 699/1487 2188/1482
f 715/1477 664/1485 2188/1482
f 2179/703 2194/705 696/702
f 718/257 710/274 698/243
f 2143/955 2146/953 713/952
f 2146/953 2149/954 712/951
f 2034/2445 2060/2453 2155/2450
f 2150/1507 672/1500 670/1498
f 2150/962 2196/958 2143/955
f 2148/957 2178/965 711/969
f 2148/3160 2155/3158 712/3157
f 2154/1512 2145/1505 2195/1511
f 2196/958 2146/953 2143/955
f 719/284 2172/289 2197/295
f 2148/301 2197/295 2179/307
f 2197/708 2194/705 2179/703
f 2165/327 2177/330 2174/326
f 2171/333 2177/330 2165/327
f 713/1513 2154/1512 2195/1511
f 2138/185 2192/170 2193/169
f 2083/1997 2089/1992 2078/1994
f 2198/228 2176/255 2175/256
f 2172/707 2194/705 2197/708
f 2154/3155 712/3157 2155/3158
f 2160/704 696/702 2172/707
f 2188/332 699/328 2174/326
f 700/149 2200/186 2187/151
f 2084/3223 717/3224 2156/3225
f 2181/4320 2180/4321 2184/4322
f 2200/186 2199/209 2184/226
f 2199/209 701/211 2163/241
f 2199/209 2181/242 2184/226
f 2175/256 2163/241 2198/228
f 2138/185 2185/210 2192/170
f 702/115 703/148 2193/169
f 2190/129 702/115 2192/170
f 2191/184 702/115 2193/169
f 2192/170 702/115 2191/184
f 2189/116 2190/129 700/149
f 2190/129 2192/170 700/149
f 1834/103 702/115 2190/129
f 1827/130 1826/171 1797/188
f 1814/216 1820/190 2139/214
f 2149/954 2137/959 688/961
f 2181/4320 718/4323 2180/4321
f 710/972 711/969 2178/965
f 719/284 2197/295 711/290
f 698/243 720/213 2184/226
f 718/257 698/243 2184/226
f 2148/957 688/961 2178/965
f 720/213 2141/231 2183/230
f 720/213 2147/258 2142/275
f 2041/1496 727/1502 670/1498
f 1738/218 1792/194 2062/233
f 2172/707 696/702 2194/705
f 2179/703 696/702 667/697
f 2077/4002 2173/4003 2083/4004
f 667/697 696/702 2157/701
f 2157/701 696/702 2160/704
f 2169/706 2157/701 2160/704
f 2148/3958 2057/3959 2060/3960
f 667/3255 2057/3256 2179/3257
f 2034/2445 2148/2448 687/2446
f 2077/711 2083/716 2078/715
f 2097/1988 2171/1990 2165/1993
f 2082/1996 2097/1988 2165/1993
f 2077/711 2172/707 2173/714
f 2169/706 640/710 2157/701
f 1650/329 2168/331 2170/324
f 2160/704 2073/709 2169/706
f 2168/2001 1650/2003 2076/1998
f 2172/707 2077/711 2160/704
f 2172/3229 717/3224 2161/3227
f 2188/332 2174/326 2171/333
f 2127/2897 2090/2898 2101/2895
f 2174/326 2170/324 2165/327
f 2176/1987 2171/1990 2097/1988
f 716/1484 2166/1481 664/1485
f 663/320 664/322 2166/317
f 2123/294 2124/300 673/273
f 664/322 663/320 2170/324
f 663/320 2167/319 1638/323
f 2124/300 2122/306 2128/309
f 2167/319 2120/314 2119/316
f 2166/317 2167/319 663/320
f 663/320 1651/325 2170/324
f 2072/713 640/710 2169/706
f 2072/2241 2071/2243 640/2245
f 2165/1993 2168/2001 2076/1998
f 666/2232 665/2231 2085/2234
f 1637/2237 2073/2239 2085/2234
f 1904/1156 1987/1151 2045/1159
f 717/3224 2084/3223 2161/3227
f 2097/1988 2082/1996 2078/1994
f 2166/317 2086/318 2128/309
f 2086/1479 2166/1481 715/1477
f 2094/1478 2086/1479 2069/1473
f 2086/1479 715/1477 2069/1473
f 1899/1460 2069/1473 2159/1469
f 659/1461 1899/1460 660/1464
f 2098/3430 647/3431 2164/3432
f 1899/1460 2159/1469 660/1464
f 2130/3437 2175/3439 2176/3440
f 2068/3228 2156/3225 2163/3230
f 1986/1995 2089/1992 2083/1997
f 2172/4005 2161/4006 2083/4004
f 2074/712 2073/709 2160/704
f 657/1862 654/1863 2157/1864
f 2083/4004 2173/4003 2172/4005
f 2155/3158 2060/3159 2154/3155
f 1987/1151 722/1149 2026/1154
f 2153/1514 2154/1512 2053/1515
f 655/692 661/681 668/687
f 2023/4327 2152/4324 2153/4326
f 2051/686 2153/695 2053/696
f 2145/1505 2154/1512 2059/1509
f 2145/1505 2059/1509 2049/1504
f 2052/1506 2145/1505 2049/1504
f 1825/974 1331/971 2158/967
f 670/1498 672/1500 2048/1493
f 2056/3962 2060/3960 2057/3959
f 2058/1497 672/1500 2145/1505
f 2145/1505 2052/1506 2058/1497
f 2055/956 2137/959 2149/954
f 697/3719 2131/3720 2147/3721
f 658/2451 687/2446 2148/2448
f 2063/277 2067/261 2062/233
f 2064/260 2065/232 2132/244
f 1792/194 2065/232 2062/233
f 671/2987 2150/2988 669/2989
f 2151/963 2158/967 1331/971
f 639/1646 638/1647 732/1637
f 1738/218 2066/245 1331/262
f 2048/1493 2036/1491 2041/1496
f 2146/953 2151/963 2066/964
f 1738/1406 1331/1405 1332/1401
f 2063/960 2055/956 2146/953
f 1828/1173 1793/1170 1825/1175
f 2143/1510 2145/1505 672/1500
f 2144/2116 707/2115 1828/2113
f 2150/1507 2143/1510 672/1500
f 2066/964 2151/963 1331/971
f 2132/244 2065/232 1791/217
f 2178/965 658/968 710/972
f 1814/3286 1789/3285 1820/3287
f 2139/214 2141/231 1791/217
f 2149/954 2146/953 2055/956
f 1774/2402 1798/2404 1819/2406
f 1819/2406 2182/2408 2141/2409
f 2141/231 2139/214 1819/152
f 697/1162 642/1157 2037/1160
f 710/3724 658/3726 697/3719
f 2131/285 2142/275 2147/258
f 2131/285 2132/244 2140/259
f 2132/244 1791/217 2141/231
f 720/4087 705/4084 2140/4086
f 2141/231 720/213 2140/259
f 2027/276 2055/286 2064/260
f 2182/2408 1819/2406 1798/2404
f 687/4115 658/4116 2137/4117
f 2193/169 703/148 2138/185
f 2138/1476 2135/1475 2136/1468
f 2079/3759 2135/3761 2138/3760
f 2099/1465 2136/1468 2135/1475
f 2131/285 2027/276 2132/244
f 2141/231 2140/259 2132/244
f 2066/245 1738/218 2062/233
f 1791/217 1814/216 2139/214
f 2133/4088 705/4084 720/4087
f 1986/4484 1985/4485 648/4486
f 1899/1460 2101/1466 2070/1471
f 2064/260 2132/244 2027/276
f 2037/3723 2027/3725 2131/3720
f 2175/3439 2130/3437 2129/3436
f 697/3719 698/3722 710/3724
f 2060/1165 2034/1161 658/1163
f 2055/4118 687/4115 2137/4117
f 2068/3434 2163/3438 2129/3436
f 2163/3438 2175/3439 2129/3436
f 2136/1468 2185/1472 2138/1476
f 2079/3759 2080/3763 645/3762
f 645/3762 2087/3765 2099/3764
f 2079/3759 645/3762 2135/3761
f 2124/3105 2128/3108 2088/3098
f 2130/3437 647/3431 2129/3436
f 2088/3098 2025/3101 2124/3105
f 2128/309 2122/306 2120/314
f 673/2902 2124/2904 681/2899
f 680/2901 681/2899 2127/2897
f 2032/4285 2079/4286 2081/4287
f 2106/2964 2081/2970 2105/2967
f 1621/268 1620/250 724/223
f 1620/250 1622/269 723/238
f 2123/294 2122/306 2124/300
f 673/2902 681/2899 680/2901
f 2109/287 2126/296 2125/291
f 1613/302 2126/296 2109/287
f 2112/4306 2126/4307 714/4308
f 2125/291 2126/296 2112/292
f 678/303 675/312 2121/308
f 2110/272 2109/287 2125/291
f 2111/4358 2116/4359 2125/4360
f 2125/291 2112/292 2111/282
f 1612/4311 714/4308 1613/4310
f 2126/4307 1613/4310 714/4308
f 1634/2271 1999/2267 1635/2275
f 2088/3098 2128/3108 2086/3106
f 1633/293 2115/298 1648/304
f 2097/1988 2078/1994 2089/1992
f 2119/316 2118/313 2117/305
f 2119/316 2120/314 2118/313
f 2120/314 2122/306 2118/313
f 2117/305 2118/313 2122/306
f 2117/305 2122/306 2123/294
f 1632/299 2117/305 2123/294
f 677/297 2115/298 674/283
f 714/315 675/312 678/303
f 714/4308 678/4309 2112/4306
f 2121/308 2114/311 677/297
f 677/297 678/303 2121/308
f 1649/310 677/297 2114/311
f 2113/288 2123/294 673/273
f 1633/293 2113/288 674/283
f 2113/288 673/273 674/283
f 674/283 2112/292 677/297
f 2109/287 2110/272 1619/270
f 2108/225 1618/251 1619/270
f 2116/4359 2111/4358 2110/4361
f 679/252 2110/272 2111/282
f 674/283 679/252 2111/282
f 2111/282 2112/292 674/283
f 2108/225 679/252 680/240
f 673/273 680/240 679/252
f 2108/225 1619/270 2110/272
f 2106/2964 2104/2965 680/2962
f 1756/183 2108/225 2104/207
f 703/148 1756/183 2104/207
f 2104/207 2105/224 703/148
f 2107/208 703/148 2105/224
f 1756/183 703/148 1755/168
f 680/240 2104/207 2108/225
f 682/271 1618/251 2103/239
f 723/238 2103/239 1756/183
f 683/267 2103/239 723/238
f 2108/225 1756/183 2103/239
f 2000/3261 1997/3262 685/3263
f 684/3264 685/3263 1997/3262
f 2100/2268 1995/2263 685/2265
f 685/2265 1995/2263 2000/2262
f 1995/2263 2100/2268 1999/2267
f 685/3632 1646/3633 676/3634
f 2100/2268 1612/2276 1635/2275
f 1999/2267 2100/2268 1635/2275
f 2033/4288 2079/4286 2032/4285
f 2162/4187 647/4186 648/4189
f 2098/3430 1985/3433 1986/3435
f 1897/1618 620/1622 646/1619
f 2094/1620 1898/1617 646/1619
f 2097/1988 2089/1992 648/1989
f 2101/1466 1899/1460 644/1463
f 659/1461 2099/1465 1900/1462
f 2077/711 2078/715 2074/712
f 2099/1465 2087/1467 1900/1462
f 2080/4365 2079/4366 2033/4367
f 2024/3100 620/3103 1897/3104
f 2028/1486 2086/1479 646/1483
f 2164/3432 1985/3433 2098/3430
f 1982/2853 1984/2854 2021/2855
f 2096/718 2074/712 2095/717
f 2096/2236 2085/2234 2074/2238
f 681/2899 2025/2905 2094/2903
f 2094/2903 2070/2900 681/2899
f 2093/4531 2092/4532 2091/4533
f 2070/2900 2101/2895 2090/2898
f 2028/3102 1962/3099 2088/3098
f 2160/704 2077/711 2074/712
f 2096/2236 2076/2235 666/2232
f 2096/2236 2095/2240 2076/2235
f 2072/2241 2073/2239 1637/2237
f 2076/2235 1650/2233 666/2232
f 640/2245 2071/2243 641/2246
f 2082/1996 2076/1998 2095/1999
f 2161/2002 2084/2000 2083/1997
f 2084/2000 1986/1995 2083/1997
f 1985/4190 2162/4187 648/4189
f 1986/3435 2068/3434 2098/3430
f 1986/1995 648/1989 2089/1992
f 2069/1473 1899/1460 2070/1471
f 645/3762 2099/3764 2135/3761
f 645/2969 2080/2973 2081/2970
f 645/2969 2134/2966 644/2971
f 2102/2968 644/2971 2134/2966
f 2070/1471 2094/1478 2069/1473
f 1899/1460 1900/1462 644/1463
f 2133/4088 704/4085 705/4084
f 647/3431 2068/3434 2129/3436
f 2136/1468 2099/1465 659/1461
f 2098/3430 2068/3434 647/3431
f 2062/233 2065/232 2064/260
f 2064/260 2063/277 2062/233
f 2062/233 2067/261 2066/245
f 2058/1497 2052/1506 2046/1501
f 2050/2521 686/2524 708/2518
f 2044/1654 639/1646 689/1649
f 642/1157 697/1162 643/1164
f 2045/1159 643/1164 658/1163
f 2045/4460 642/4461 2055/4462
f 687/4036 643/4037 2045/4034
f 668/3258 2054/3260 2056/3259
f 2056/3259 2057/3256 668/3258
f 2053/3161 2056/3162 2054/3163
f 662/684 2051/686 2054/691
f 2047/1499 2023/1503 2022/1494
f 2022/1494 2031/1495 2047/1499
f 1984/1869 650/1872 649/1867
f 2049/1504 2059/1509 2047/1499
f 2054/691 668/687 662/684
f 2046/1501 2031/1495 2058/1497
f 642/1157 643/1164 687/1166
f 2055/4118 642/4119 687/4115
f 2048/1493 2058/1497 2031/1495
f 2038/815 2039/820 2010/806
f 2023/1503 2047/1499 2152/1508
f 2059/1509 2152/1508 2047/1499
f 640/2860 641/2864 629/2861
f 661/1866 655/1865 657/1862
f 2009/803 2007/801 2015/805
f 2023/690 2051/686 2020/683
f 2051/686 662/684 2020/683
f 661/1866 657/1862 649/1867
f 2006/812 2015/805 2014/808
f 2044/2529 669/2527 2042/2523
f 2050/2521 708/2518 2029/2520
f 2050/2521 2042/2523 669/2527
f 2035/1489 2036/1491 2048/1493
f 1437/1178 1963/1179 1440/1177
f 2047/1499 2031/1495 2049/1504
f 1989/1602 2027/1603 1942/1604
f 2045/1159 1987/1151 642/1157
f 2031/1495 2046/1501 2049/1504
f 2035/1489 2048/1493 2031/1495
f 2034/1161 1904/1156 2045/1159
f 2055/4031 1989/4032 2045/4033
f 2055/1606 2027/1603 1989/1602
f 2010/806 2011/799 2009/803
f 2044/1654 636/1660 637/1652
f 727/3026 728/3024 708/3027
f 2029/2520 2042/2523 2050/2521
f 1991/814 1966/825 1978/830
f 2043/826 1902/821 1991/814
f 1978/830 2043/826 1991/814
f 2043/826 693/836 1901/831
f 1901/831 1902/821 2043/826
f 639/1646 637/1652 638/1647
f 1965/2526 636/2528 2042/2523
f 1901/831 693/836 2040/840
f 1967/834 1978/830 1966/825
f 1965/2526 1964/2525 1958/2530
f 1978/830 1967/834 1971/838
f 1964/2525 1965/2526 2029/2520
f 1975/4499 1976/4500 638/4501
f 2010/806 2009/803 2030/810
f 1964/2525 2029/2520 1939/2522
f 2032/4285 2061/4289 2033/4288
f 1902/2601 1901/2602 1964/2600
f 2029/2520 728/2519 1939/2522
f 638/4501 1976/4500 1974/4502
f 2038/815 2010/806 2030/810
f 1352/4027 1886/4028 634/4029
f 1904/1156 1988/1153 1987/1151
f 2037/1160 642/1157 2026/1154
f 1332/1401 1331/1405 1963/1402
f 2035/1489 2039/1492 2038/1490
f 1938/1488 2036/1491 2035/1489
f 1989/2444 1904/2447 2034/2445
f 1331/1405 1440/1407 1963/1402
f 2022/1494 2039/1492 2035/1489
f 2027/1603 2037/1610 2026/1607
f 1897/1618 1898/1617 2025/1621
f 633/1875 632/1871 1992/1868
f 1645/693 2012/698 2005/688
f 632/1871 633/1875 1645/1877
f 656/2858 623/2856 2021/2855
f 1962/2011 2028/2015 1960/2009
f 2024/3100 1962/3099 620/3103
f 657/1862 1984/1869 649/1867
f 656/2858 629/2861 1930/2859
f 1924/1870 1992/1868 649/1867
f 2002/3829 2017/3830 2004/3831
f 2005/3832 2002/3829 2004/3831
f 2020/683 2011/685 2010/689
f 2023/690 2020/683 2022/694
f 2011/685 632/682 2005/688
f 2011/685 2020/683 632/682
f 2016/3833 2008/3834 2004/3831
f 1991/814 2009/803 2013/809
f 2013/809 2018/824 729/818
f 2016/3963 2017/3964 2003/3965
f 2008/3966 2016/3963 2003/3965
f 2006/812 1993/817 2013/809
f 1966/825 1991/814 729/818
f 692/829 1967/834 1966/825
f 2015/805 2013/809 2009/803
f 2007/801 2014/808 2019/813
f 2013/809 1993/817 2018/824
f 2013/809 2015/805 2006/812
f 2015/805 2019/813 2014/808
f 2006/812 2014/808 1644/804
f 1644/804 2003/802 2012/807
f 2008/798 2003/802 2007/801
f 2010/689 2039/699 2022/694
f 2007/801 2011/799 2008/798
f 1644/804 2007/801 2003/802
f 1643/816 2006/812 1644/804
f 1997/2261 1950/2266 726/2270
f 1948/2008 1952/2005 1949/2010
f 1941/4398 721/4399 1988/4400
f 2085/2234 2073/2239 2074/2238
f 650/1872 651/1876 649/1867
f 1642/2269 1641/2274 1950/2266
f 1951/3200 1959/3201 620/3202
f 1930/2859 623/2856 656/2858
f 1987/1151 2026/1154 642/1157
f 2011/3207 2005/3208 2004/3209
f 1984/3817 1982/3818 650/3819
f 2028/3968 646/3969 1953/3970
f 2139/214 1820/190 1819/152
f 1980/2454 1904/2447 1905/2452
f 651/1876 1927/1873 649/1867
f 638/1647 1974/1656 1394/1650
f 2001/1712 2210/1716 1893/1709
f 1372/3806 1368/3802 1979/3804
f 683/267 723/238 1617/281
f 644/1463 1900/1462 2087/1467
f 1935/2583 1933/2585 1895/2581
f 619/1623 1943/1627 1944/1626
f 1946/2017 1949/2010 1954/2014
f 731/3813 1918/3814 730/3815
f 1996/2264 1642/2269 1950/2266
f 1996/2264 1998/2273 1642/2269
f 1950/2266 1997/2261 1996/2264
f 1612/2276 2100/2268 714/2272
f 1953/3970 1961/3971 2028/3968
f 1995/2263 1999/2267 1996/2264
f 1997/2261 1995/2263 1996/2264
f 1996/2264 1999/2267 1634/2271
f 2002/4144 2005/4145 2003/4146
f 2017/3964 2002/3967 2003/3965
f 1644/804 2014/808 2007/801
f 1924/3076 1925/3077 627/3078
f 1931/3576 1924/3577 627/3578
f 1929/3080 1925/3077 1928/3081
f 1961/2012 1960/2009 2028/2015
f 1930/2859 630/2863 1627/2866
f 633/1875 1992/1868 1931/1874
f 1930/3916 624/3917 623/3918
f 624/3917 1929/3920 1921/3919
f 629/2861 630/2863 1930/2859
f 2033/4367 2061/4368 2080/4365
f 2010/689 2022/694 2020/683
f 2030/810 2009/803 1991/814
f 2030/810 1938/819 2038/815
f 1939/3021 728/3024 2041/3023
f 1901/2602 1958/2603 1964/2600
f 636/3001 1956/2999 1977/3002
f 1957/2996 1936/3000 1990/2997
f 1974/1656 1976/1662 1975/1657
f 1974/1656 1979/1659 1394/1650
f 1200/2868 1393/2869 1352/2870
f 1942/1604 2027/1603 2026/1607
f 2049/1504 2046/1501 2052/1506
f 1942/1604 1981/1605 1989/1602
f 1904/2447 1989/2444 1981/2449
f 722/1609 1942/1604 2026/1607
f 1988/4328 1905/4329 1981/4330
f 635/1645 638/1647 1394/1650
f 1972/4059 634/4060 1973/4061
f 1988/4328 1904/4332 1980/4331
f 1987/1151 1988/1153 721/1147
f 1963/1402 1353/1399 1332/1401
f 1963/4063 1437/4062 1972/4059
f 650/3819 1982/3818 1983/3820
f 2021/2855 623/2856 1982/2853
f 1983/3820 1982/3818 623/3821
f 1927/1873 1924/1870 649/1867
f 721/1147 722/1149 1987/1151
f 1981/4401 1941/4398 1988/4400
f 1980/4331 1905/4329 1988/4328
f 1940/1144 1941/1148 1917/1150
f 650/3086 1921/3087 1928/3081
f 1928/3081 1920/3084 1929/3080
f 1983/3921 623/3918 1921/3919
f 1929/4200 624/4201 1930/4202
f 650/3086 1983/3090 1921/3087
f 1929/3080 627/3078 1925/3077
f 1921/3087 1920/3084 1928/3081
f 1981/2449 1905/2452 1904/2447
f 653/1878 633/1875 1931/1874
f 1942/1604 1941/1608 1981/1605
f 1393/2869 1963/2872 1352/2870
f 1973/3905 1352/3906 1972/3907
f 1352/3906 1963/3909 1972/3907
f 1393/1396 1353/1399 1963/1402
f 1924/1870 1931/1874 1992/1868
f 903/2871 1218/2873 1393/2869
f 2018/824 1994/828 1970/833
f 1368/3802 1386/3798 1394/3800
f 1956/3784 1990/3785 1937/3786
f 1372/2811 1979/2814 1373/2807
f 1384/2801 1373/2807 1974/2810
f 1979/2814 1974/2810 1373/2807
f 1957/1715 1911/1707 1936/1714
f 1968/844 1969/837 690/849
f 1968/844 1971/838 621/843
f 616/4260 621/4261 1971/4262
f 692/829 2018/824 1970/833
f 1968/844 621/843 1969/837
f 729/818 2018/824 692/829
f 2018/824 1993/817 1994/828
f 1971/4262 1967/4263 616/4260
f 1967/4046 692/4047 628/4048
f 1990/2997 1956/2999 1958/2994
f 636/2528 1965/2526 1958/2530
f 628/4048 622/4049 1967/4046
f 1975/1657 636/1660 1977/1661
f 1974/2810 1977/2813 1384/2801
f 1958/845 1901/831 2040/840
f 636/3001 1958/2994 1956/2999
f 695/846 2040/840 693/836
f 1384/2801 1956/2815 1446/2816
f 637/1652 639/1646 2044/1654
f 1979/3804 1368/3802 1394/3800
f 1365/2804 1372/2811 1373/2807
f 1384/2801 1365/2804 1373/2807
f 1394/3910 1886/3908 1973/3905
f 1352/3906 1973/3905 1886/3908
f 1951/3200 1947/3203 1959/3201
f 1962/3099 1951/3107 620/3103
f 1961/2012 1953/2006 1960/2009
f 1948/2008 1951/2016 1962/2011
f 1960/2009 1948/2008 1962/2011
f 1948/2008 1960/2009 1953/2006
f 1953/2006 1952/2005 1948/2008
f 1952/3278 1944/3279 1945/3280
f 1951/2016 1948/2008 1947/2013
f 726/2270 1950/2266 1641/2274
f 1948/2008 1949/2010 1947/2013
f 1944/1626 1955/1628 1953/1624
f 1953/1624 619/1623 1944/1626
f 1946/3205 1943/3204 1947/3203
f 1945/1629 1944/1626 1943/1627
f 619/1623 1959/1625 1943/1627
f 1952/2005 1955/2004 1944/2007
f 1952/2005 1954/2014 1949/2010
f 1914/2018 1946/2017 1954/2014
f 1954/3281 1945/3280 1914/3282
f 1947/3203 1943/3204 1959/3201
f 1943/1627 1913/1630 1945/1629
f 1917/1612 730/1611 1918/1613
f 1942/1146 722/1149 721/1147
f 1218/1400 902/1397 1393/1396
f 1915/1614 1918/1613 731/1615
f 721/1147 1941/1148 1940/1144
f 1940/1144 1942/1146 721/1147
f 1942/1604 730/1611 1941/1608
f 1393/2869 1200/2868 903/2871
f 1935/2506 1896/2507 622/2508
f 1936/3788 1937/3786 1990/3785
f 1936/1714 1911/1707 1937/1711
f 618/2582 617/2579 1895/2581
f 1932/2584 1895/2581 614/2586
f 1895/2581 1932/2584 618/2582
f 1933/2511 1935/2506 628/2509
f 1896/2580 1935/2583 1895/2581
f 1934/2587 1932/2584 614/2586
f 1933/2585 614/2586 1895/2581
f 614/2513 1933/2511 628/2509
f 622/2508 628/2509 1935/2506
f 616/2512 618/2514 1932/2516
f 1932/2516 615/2515 616/2512
f 653/3581 1923/3583 1640/3586
f 1640/3586 1923/3583 1631/3585
f 1919/1631 1945/1629 1913/1630
f 1926/3580 1630/3582 1631/3585
f 1631/3585 1923/3583 1926/3580
f 1928/3081 1927/3079 651/3083
f 1924/3076 1927/3079 1925/3077
f 1926/3580 1923/3583 1922/3579
f 1929/3080 1629/3082 627/3078
f 1923/3583 653/3581 1922/3579
f 653/3581 1931/3576 1922/3579
f 1922/3579 1931/3576 627/3578
f 1927/3079 1928/3081 1925/3077
f 1630/3582 1926/3580 627/3578
f 625/3584 1630/3582 627/3578
f 1926/3580 1922/3579 627/3578
f 1929/3080 1930/3088 1628/3085
f 651/3083 650/3086 1928/3081
f 1628/3085 1629/3082 1929/3080
f 1913/2019 1914/2018 1919/2020
f 1917/1150 1916/1155 731/1152
f 1914/2018 1913/2019 1946/2017
f 1919/3283 1914/3282 1945/3280
f 1915/1614 1917/1612 1918/1613
f 1915/1614 1916/1616 1917/1612
f 903/1404 1402/1403 1218/1400
f 731/1152 1916/1155 1915/1158
f 1756/183 724/223 723/238
f 638/1647 635/1645 732/1637
f 706/2117 725/2114 707/2115
f 732/1637 725/1644 639/1646
f 706/1653 689/1649 725/1644
f 730/3815 1940/3816 731/3813
f 715/1477 2171/1480 2176/1474
f 1352/1183 634/1185 1437/1178
f 2053/696 2054/691 2051/686
f 644/2971 2087/2974 645/2969
f 1973/1658 634/1655 1394/1650
f 2042/2523 2029/2520 1965/2526
f 2025/3101 2024/3100 1897/3104
f 2115/298 677/297 1648/304
f 2145/1505 2143/1510 2195/1511
f 668/687 667/697 655/692
f 2053/3161 2060/3159 2056/3162
f 2170/324 2168/331 2165/327
f 2162/4187 1985/4190 2164/4188
f 719/284 718/257 717/254
f 716/1484 664/1485 715/1477
f 2192/170 2185/210 2186/187
f 2148/957 712/951 2149/954
f 1446/3787 1956/3784 1937/3786
f 622/4264 616/4260 1967/4263
f 2001/1712 1893/1709 1911/1707
f 2420/1721 2203/1719 2423/1724
f 709/2132 1872/2127 2414/2130
f 708/3027 686/3029 670/3028
f 690/849 2206/842 2424/853
f 2209/827 1647/832 2207/823
f 1994/828 1993/817 2207/823
f 2207/3407 2006/3408 2208/3409
f 695/4038 694/4039 2203/4040
f 2422/854 690/849 2431/858
f 628/4048 692/4047 691/4050
f 707/2115 725/2114 1828/2113
f 669/2989 689/2992 706/2990
f 2144/2116 2201/2118 671/2119
f 2201/966 2196/958 2150/962
f 2147/258 720/213 698/243
f 717/254 2172/289 719/284
f 717/254 2181/242 2199/209
f 2174/326 699/328 664/322
f 2188/1482 2171/1480 715/1477
f 2082/1996 2165/1993 2076/1998
f 719/284 710/274 718/257
f 2181/242 717/254 718/257
f 657/2857 2157/2862 640/2860
f 713/1513 2195/1511 2143/1510
f 666/2232 2085/2234 2096/2236
f 2075/2242 2071/2243 2072/2241
f 2179/3961 2057/3959 2148/3958
f 667/3255 668/3258 2057/3256
f 2021/2855 657/2857 656/2858
f 2156/3225 1986/3226 2084/3223
f 2156/253 2199/209 2163/241
f 700/149 2187/151 2189/116
f 697/3719 2147/3721 698/3722
f 658/968 688/961 2137/959
f 710/274 719/284 711/290
f 720/4023 2142/4024 704/4025
f 706/2990 671/2987 669/2989
f 2150/2988 670/2991 669/2989
f 654/700 655/692 667/697
f 2157/701 654/700 667/697
f 641/2864 631/2865 629/2861
f 1986/3226 2156/3225 2068/3228
f 2128/309 2120/314 2166/317
f 2166/317 2120/314 2167/319
f 657/2857 2021/2855 1984/2854
f 2020/683 662/684 661/681
f 629/2861 656/2858 640/2860
f 657/1862 655/1865 654/1863
f 2053/3161 2154/3155 2060/3159
f 661/681 662/684 668/687
f 2058/1497 2048/1493 672/1500
f 658/968 2178/965 688/961
f 1825/1175 1793/1170 1440/1177
f 2140/259 2142/275 2131/285
f 704/4025 2133/4026 720/4023
f 2037/3723 2131/3720 697/3719
f 2148/1167 2060/1165 658/1163
f 660/1464 2136/1468 659/1461
f 2102/2968 2134/2966 2127/2963
f 1617/281 682/271 683/267
f 2103/239 683/267 682/271
f 2112/292 678/303 677/297
f 674/283 2115/298 1633/293
f 673/273 679/252 674/283
f 679/252 2108/225 2110/272
f 2105/2967 2104/2965 2106/2964
f 685/3632 676/3634 714/3635
f 714/2272 2100/2268 685/2265
f 644/1463 2102/1470 2101/1466
f 2094/1478 646/1483 2086/1479
f 2024/3100 2025/3101 2088/3098
f 1637/2237 2075/2242 2072/2241
f 2130/1986 2097/1988 648/1989
f 1898/1617 2094/1620 2025/1621
f 1636/2244 641/2246 2071/2243
f 2072/713 2169/706 2073/709
f 2082/1996 2095/1999 2078/1994
f 2070/2900 2090/2898 681/2899
f 647/1991 2130/1986 648/1989
f 2063/277 2064/260 2055/286
f 2063/960 2146/953 2066/964
f 2066/245 2067/261 2063/277
f 670/3028 727/3026 708/3027
f 697/1162 658/1163 643/1164
f 2034/1161 2045/1159 658/1163
f 669/2527 686/2524 2050/2521
f 636/2528 2044/2529 2042/2523
f 635/1645 1432/1641 732/1637
f 1939/3021 2041/3023 1938/3022
f 636/1660 1975/1657 637/1652
f 2030/2599 1902/2601 1964/2600
f 729/818 692/829 1966/825
f 2205/835 1978/830 1971/838
f 1991/814 1902/821 2030/810
f 634/4029 1886/4028 635/4030
f 661/1866 1992/1868 632/1871
f 632/682 1645/693 2005/688
f 631/2865 630/2863 629/2861
f 1992/1868 661/1866 649/1867
f 2017/3830 2016/3833 2004/3831
f 2003/802 2005/811 2012/807
f 652/1879 633/1875 653/1878
f 634/4060 1972/4059 1437/4062
f 1956/2815 1384/2801 1977/2813
f 616/2512 622/2508 617/2510
f 625/4471 627/4472 626/4473
f 1958/2994 1957/2996 1990/2997
f 1921/3919 623/3918 624/3917
f 730/1611 1917/1612 1941/1608
f 616/4351 615/4352 621/4353
f 615/4051 628/4048 691/4050
f 691/839 692/829 1970/833
f 691/4354 621/4353 615/4352
f 1911/1707 1446/1708 1937/1711
f 646/1619 620/1622 619/1623
f 619/1623 1953/1624 646/1619
f 1959/1625 619/1623 620/1622
f 1913/3206 1943/3204 1946/3205
f 1945/3280 1954/3281 1952/3278
f 1949/2010 1946/2017 1947/2013
f 1940/1144 1917/1150 731/1152
f 616/2512 617/2510 618/2514
f 1896/2507 617/2510 622/2508
f 628/2509 615/2515 614/2513
f 615/2515 1932/2516 1934/2517
f 1934/2517 614/2513 615/2515
f 1929/3920 1920/3922 1921/3919
f 640/2860 656/2858 657/2857
f 689/1649 639/1646 725/1644
f 669/2989 670/2991 686/2993
f 684/3264 1997/3262 726/3265
f 685/3632 684/3636 1646/3633
f 2170/324 1651/325 1650/329
f 1638/323 2167/319 1639/321
f 1637/2237 2085/2234 665/2231
f 2075/2242 1636/2244 2071/2243
f 631/2865 641/2864 1636/2867
f 675/3637 714/3635 676/3634
f 1632/299 2113/288 1633/293
f 1645/1877 633/1875 652/1879
f 653/3923 1640/3924 652/3925
f 627/4472 1629/4474 626/4473
f 1930/3088 1627/3089 1628/3085
f 630/2863 631/2865 1627/2866
f 219/2476 217/2475 2281/2477
f 224/348 236/376 209/364
f 198/354 1577/393 197/384
f 1621/2980 1699/2976 1623/2982
f 1177/1003 1082/997 1149/1001
f 192/430 1626/441 1400/453
f 1255/3400 1257/3405 1259/3403
f 1259/3403 1257/3405 1625/3406
f 1624/3034 1088/3033 1148/3032
f 1131/473 1129/454 1400/453
f 1615/2594 1616/2592 1293/2588
f 1255/3154 856/3151 1614/3153
f 2211/3589 79/3588 2323/3592
f 2212/3590 60/3587 2211/3589
f 2213/3595 1469/3593 2212/3590
f 2214/621 71/616 2217/627
f 2215/626 1509/612 2214/621
f 2216/623 1509/612 2215/626
f 2217/627 71/616 1488/619
f 2218/631 1488/619 2219/635
f 2219/635 1488/619 1603/630
f 2220/638 69/633 1469/642
f 2221/641 70/634 2220/638
f 2222/640 70/634 2221/641
f 2223/636 70/634 2222/640
f 2224/617 1509/612 2216/623
f 2225/622 1494/609 2224/617
f 2226/625 1494/609 2225/622
f 2227/620 1494/609 2226/625
f 2228/624 1496/615 2227/620
f 2229/1066 36/1061 2228/1064
f 2230/1069 36/1061 2231/1070
f 2231/1070 36/1061 2233/1068
f 2232/1067 36/1061 2230/1069
f 2233/1068 36/1061 2229/1066
f 2234/3676 559/3675 2271/3678
f 2235/3677 563/3674 2234/3676
f 2236/3182 227/3181 105/3185
f 2237/3183 217/3180 2236/3182
f 2238/3680 560/3681 2239/3683
f 2239/3683 560/3681 562/3685
f 2366/4413 2240/4414 2433/4415
f 2240/4414 2241/4419 2347/4417
f 2242/3051 1572/3043 581/3046
f 2243/3055 581/3046 2248/3058
f 2244/3774 572/3771 2262/3773
f 2245/4258 582/4255 2244/4257
f 2246/4506 20/4509 1571/4507
f 2247/4511 20/4509 2246/4506
f 2248/3058 581/3046 1472/3060
f 2249/3061 1472/3060 2311/3062
f 2250/4141 577/4139 2251/4143
f 2251/4199 577/4195 2247/4198
f 2252/4068 21/4067 2253/4064
f 2253/4064 21/4067 20/4065
f 2254/4069 21/4067 2252/4068
f 2255/1530 109/1522 2254/1529
f 2256/2251 568/2250 2257/2247
f 2257/2247 568/2250 566/2248
f 2258/4010 569/4007 2259/4012
f 2259/3382 569/3379 576/3381
f 2260/4522 562/4523 2261/4524
f 2261/3053 562/3057 561/3041
f 2262/3773 572/3771 2235/3772
f 2263/4142 578/4135 2250/4141
f 2264/4466 564/4463 2263/4465
f 2265/4011 566/4008 2258/4010
f 2266/529 5/512 2267/541
f 2267/541 5/512 2305/531
f 2268/540 276/522 2266/529
f 2269/3383 576/3381 568/3384
f 2270/3044 564/3040 2264/3049
f 2271/3678 559/3675 2272/3679
f 2272/3679 559/3675 2238/3680
f 2241/4419 2273/4422 2365/4421
f 2275/581 476/565 2321/582
f 2276/587 474/572 2275/581
f 2277/596 478/579 2279/591
f 2278/600 151/599 2277/596
f 2279/591 478/579 2276/587
f 2280/3186 217/3180 2237/3183
f 2281/2477 217/2475 2280/2479
f 2282/2916 226/2914 136/2911
f 2283/2919 226/2914 2282/2916
f 2284/2918 136/2911 2285/2921
f 2285/460 136/468 128/437
f 2286/2922 106/2920 2283/2919
f 2287/461 246/427 250/448
f 2288/469 250/448 153/449
f 2289/4525 251/4526 2290/4527
f 2290/2949 251/2940 2293/2947
f 2291/2945 152/2943 2292/2946
f 2292/2946 152/2943 151/2942
f 2293/2947 251/2940 2291/2945
f 2294/479 153/449 2289/470
f 2295/478 153/449 2294/479
f 2296/2948 151/2942 2278/2950
f 2297/447 128/437 246/427
f 2298/3197 107/3196 2299/3199
f 2299/3199 107/3196 2286/3198
f 2300/3195 114/3193 2298/3197
f 2301/3191 114/3193 2300/3195
f 2302/3188 105/3185 2301/3191
f 2303/1537 59/1527 2304/1535
f 2304/1535 59/1527 2255/1530
f 2305/531 5/512 34/524
f 2306/1063 34/1058 36/1061
f 2307/557 12/546 2308/551
f 2308/551 12/546 2268/540
f 2309/1065 36/1061 2232/1067
f 2310/637 1603/630 2313/639
f 2311/3062 1472/3060 2315/3063
f 2312/3597 1469/3593 2213/3595
f 2313/639 1603/630 2223/636
f 2314/3385 568/3384 2256/3387
f 2315/4184 1472/4181 582/4183
f 2316/3059 20/3052 2242/3051
f 2317/4508 1571/4507 2332/4510
f 2318/4259 582/4255 2245/4258
f 2319/3048 561/3041 2270/3044
f 2320/575 477/558 2307/557
f 2321/582 476/565 2320/575
f 2322/459 246/427 2287/461
f 2323/3592 79/3588 2388/3594
f 2324/2478 219/2476 2281/2477
f 2325/1596 1467/1588 2329/1593
f 2326/4528 1467/4529 2325/4530
f 2327/1599 1465/1597 2328/1594
f 2328/1594 1465/1597 1479/1587
f 2329/1593 1467/1588 1396/1591
f 2330/3950 1467/3953 1470/3951
f 2331/3952 1470/3951 2383/3954
f 2332/4510 1571/4507 2432/4513
f 2333/2837 1571/2838 1561/2831
f 2334/1589 1478/1586 2330/1590
f 2335/1592 1479/1587 2334/1589
f 2336/4479 1611/4482 1477/4480
f 2337/4481 1477/4480 2385/4483
f 2338/182 1477/144 1476/165
f 2339/204 1476/165 2340/203
f 2340/203 1476/165 2341/181
f 2341/181 1476/165 1609/82
f 2342/167 1609/82 2327/146
f 2343/4162 516/4161 2344/4164
f 2344/4164 516/4161 2371/4166
f 2345/2755 510/2754 2373/2758
f 2346/2756 605/2753 2345/2755
f 2347/4417 2241/4419 2434/4420
f 2348/1552 586/1554 89/1555
f 2349/1550 592/1547 2348/1552
f 2350/1548 592/1547 2349/1550
f 2351/1549 590/1545 2350/1548
f 2352/2834 607/2821 2353/2833
f 2353/2833 607/2821 2357/2829
f 2354/2836 1561/2831 2386/2835
f 2355/3957 1470/3951 2326/3955
f 2356/3956 1470/3951 2355/3957
f 2357/2829 607/2821 606/2826
f 2358/1553 601/1551 2351/1549
f 2359/2763 558/2759 2346/2756
f 2360/2770 606/2768 557/2766
f 2361/2772 557/2766 2367/2769
f 2362/2773 606/2768 2360/2770
f 2363/3457 555/3453 2358/3455
f 2364/3459 555/3453 2363/3457
f 2365/4421 2273/4422 2439/4423
f 2366/4413 2274/4416 2240/4414
f 2367/2769 557/2766 2368/2767
f 2368/2767 557/2766 2359/2763
f 2369/2890 517/2883 2364/2887
f 2370/2888 517/2883 2369/2890
f 2371/2891 516/2886 2370/2888
f 2372/4165 510/4159 2374/4163
f 2373/2758 510/2754 2372/2762
f 2374/4163 510/4159 2343/4162
f 2375/1560 89/1555 42/1563
f 2376/1562 90/1559 2375/1560
f 2377/1564 42/1563 2378/1566
f 2378/1566 42/1563 57/1568
f 2379/1532 59/1527 2303/1537
f 2380/1536 60/1523 2379/1532
f 2381/1561 90/1559 2376/1562
f 2382/1558 90/1559 2381/1561
f 2383/3954 1470/3951 2356/3956
f 2384/1571 57/1568 2336/1576
f 2385/205 1477/144 2338/182
f 2386/2835 1561/2831 2352/2834
f 2387/1556 89/1555 2382/1558
f 2388/3594 79/3588 2380/3591
f 2389/4236 1862/4239 1866/4237
f 2390/279 1864/236 2389/280
f 2391/3700 1888/3697 1887/3694
f 2392/2153 1383/2151 2391/2152
f 2393/2140 1870/2133 2394/2136
f 2394/2136 1870/2133 1871/2131
f 2395/2135 709/2132 2416/2139
f 2396/2138 1871/2131 2395/2135
f 2397/1595 1396/1591 2398/1598
f 2398/1598 1396/1591 2392/1600
f 2399/3701 1887/3694 2400/3699
f 2400/3699 1887/3694 2411/3696
f 2401/248 1864/236 2403/266
f 2402/265 1879/201 2401/248
f 2403/266 1864/236 2390/279
f 2404/278 1879/201 2402/265
f 2405/3692 1880/3688 2404/3690
f 2406/2142 1870/2133 2393/2140
f 2407/221 1870/199 2406/235
f 2408/234 1848/136 2407/221
f 2409/247 1866/220 2408/234
f 2410/4238 1866/4237 2409/4240
f 2411/3696 1887/3694 2405/3692
f 2412/841 2207/823 1647/832
f 2413/848 2207/823 2412/841
f 2414/2130 1872/2127 1893/2128
f 2415/1720 1893/1709 2204/1718
f 2416/2139 709/2132 2417/2141
f 2417/2141 709/2132 2418/2137
f 2418/2137 709/2132 2421/2134
f 2419/1722 2204/1718 2420/1721
f 2420/1721 2204/1718 2203/1719
f 2421/2134 709/2132 2414/2130
f 2422/854 693/836 690/849
f 2423/860 2203/855 2422/854
f 2424/853 2206/842 2425/856
f 2425/856 2206/842 2426/852
f 2426/852 2206/842 2413/848
f 2427/847 1647/832 2428/851
f 2429/857 690/849 2424/853
f 2430/859 690/849 2429/857
f 2431/858 690/849 2430/859
f 2432/2839 1571/2838 2333/2837
f 2433/4415 2240/4414 2347/4417
f 2434/4420 2241/4419 2365/4421
f 2435/4418 2274/4416 2366/4413
f 2436/1540 2303/1537 2437/1543
f 2438/4512 2317/4508 2332/4510
f 2440/3596 2323/3592 2388/3594
f 2441/3598 2323/3592 2440/3596
usemtl Tile_+033_+029_L18_00011_untextured
