mtllib Tile_+033_+029_L18_00000.mtl
v 6.56295354e+03 7.05723857e+03 3.00815388e+01
v 6.56232678e+03 7.05672851e+03 3.13486507e+01
v 6.56222051e+03 7.05818399e+03 2.92285172e+01
v 6.55497748e+03 7.05105790e+03 2.77078956e+01
v 6.55509140e+03 7.05173456e+03 2.96633352e+01
v 6.56168075e+03 7.05676385e+03 2.93413270e+01
v 6.56206490e+03 7.05530894e+03 2.97459629e+01
v 6.55538288e+03 7.05284166e+03 3.02348400e+01
v 6.55556155e+03 7.05322210e+03 3.26278708e+01
v 6.55664355e+03 7.05229214e+03 2.93076051e+01
v 6.56149046e+03 7.05491595e+03 3.23877601e+01
v 6.55966100e+03 7.05179258e+03 2.98193331e+01
v 6.56197424e+03 7.05116314e+03 3.05712716e+01
v 6.56210950e+03 7.05649798e+03 3.35183107e+01
v 6.56254928e+03 7.06028126e+03 3.11233694e+01
v 6.56208569e+03 7.06044725e+03 2.84667628e+01
v 6.56185421e+03 7.06250467e+03 2.58656966e+01
v 6.56189160e+03 7.05570130e+03 2.63530192e+01
v 6.56100349e+03 7.05270841e+03 2.57874028e+01
v 6.55507417e+03 7.05109020e+03 3.17553466e+01
v 6.55996663e+03 7.05371343e+03 2.95423471e+01
v 6.55983262e+03 7.05164827e+03 2.72239162e+01
v 6.56054145e+03 7.05966106e+03 2.60961569e+01
v 6.56014760e+03 7.06147678e+03 2.68970870e+01
v 6.56128790e+03 7.05730315e+03 2.57562113e+01
v 6.56017294e+03 7.06150435e+03 2.68380263e+01
v 6.55885724e+03 7.06153116e+03 2.71145764e+01
v 6.55930023e+03 7.06142788e+03 2.61734291e+01
v 6.55506387e+03 7.05441641e+03 2.51528844e+01
v 6.55646308e+03 7.05688247e+03 2.59268992e+01
v 6.55468687e+03 7.06148804e+03 2.45456640e+01
v 6.55686575e+03 7.05640786e+03 2.31510017e+01
v 6.55500597e+03 7.06090924e+03 2.53973203e+01
v 6.55826256e+03 7.06132189e+03 2.57313296e+01
v 6.55629354e+03 7.06256982e+03 2.68619161e+01
v 6.55420134e+03 7.05791618e+03 2.53793287e+01
v 6.55230798e+03 7.06188008e+03 2.43521335e+01
v 6.55059281e+03 7.05826964e+03 2.39952323e+01
v 6.55850356e+03 7.06037768e+03 2.38872420e+01
v 6.55939810e+03 7.06004474e+03 2.33445956e+01
v 6.55730988e+03 7.05860029e+03 2.52837585e+01
v 6.55510770e+03 7.05599015e+03 2.49427984e+01
v 6.55599715e+03 7.05136533e+03 2.29651907e+01
v 6.55496606e+03 7.05278960e+03 2.63002156e+01
v 6.55618969e+03 7.05147940e+03 2.70377112e+01
v 6.55280209e+03 7.05172198e+03 2.91793756e+01
v 6.55254584e+03 7.05165343e+03 2.77137388e+01
v 6.55400729e+03 7.05475139e+03 3.08567720e+01
v 6.55540093e+03 7.05299788e+03 2.51717668e+01
v 6.55202486e+03 7.05429236e+03 2.48325797e+01
v 6.55230107e+03 7.05094622e+03 2.48896959e+01
v 6.55357322e+03 7.05693994e+03 2.59391515e+01
v 6.55224026e+03 7.05550370e+03 2.53425064e+01
v 6.55350303e+03 7.05783943e+03 2.45954100e+01
v 6.55834607e+03 7.06231444e+03 2.59655121e+01
v 6.54783414e+03 7.05920601e+03 2.54943932e+01
v 6.55023517e+03 7.06039323e+03 2.55069142e+01
v 6.54605387e+03 7.06082771e+03 2.40288632e+01
v 6.55078641e+03 7.06297570e+03 2.40322665e+01
v 6.55120443e+03 7.06191842e+03 2.57688538e+01
v 6.55188552e+03 7.06243225e+03 2.59969145e+01
v 6.54931995e+03 7.05924294e+03 2.45688872e+01
v 6.54875759e+03 7.05510078e+03 2.44210629e+01
v 6.54958223e+03 7.05397615e+03 2.56845572e+01
v 6.54828953e+03 7.05162121e+03 2.50170380e+01
v 6.54708793e+03 7.05350830e+03 2.53255891e+01
v 6.54442559e+03 7.05379113e+03 2.54539134e+01
v 6.54607275e+03 7.05336848e+03 2.54171323e+01
v 6.54416678e+03 7.05463239e+03 2.42628392e+01
v 6.54702925e+03 7.05067972e+03 2.55279423e+01
v 6.54530948e+03 7.05047076e+03 2.51276002e+01
v 6.54610279e+03 7.05309953e+03 2.39927113e+01
v 6.54560986e+03 7.05222429e+03 2.29874475e+01
v 6.55090960e+03 7.05467087e+03 2.56419650e+01
v 6.55233568e+03 7.04979100e+03 2.67807397e+01
v 6.54601546e+03 7.05741092e+03 2.38901132e+01
v 6.54664388e+03 7.06001544e+03 2.40606935e+01
v 6.54400181e+03 7.06017538e+03 2.47278081e+01
v 6.54518001e+03 7.06137044e+03 2.27422625e+01
v 6.54878390e+03 7.06229319e+03 2.38686436e+01
v 6.54521702e+03 7.05863889e+03 2.52602055e+01
v 6.55671142e+03 7.05367833e+03 2.19003539e+01
v 6.55886793e+03 7.05129484e+03 2.23027046e+01
v 6.55709129e+03 7.05720476e+03 2.02602483e+01
v 6.55669128e+03 7.04909009e+03 2.30268048e+01
v 6.55680450e+03 7.04939955e+03 2.50744948e+01
v 6.55898608e+03 7.05369266e+03 2.12917948e+01
v 6.55929608e+03 7.05216095e+03 2.36489217e+01
v 6.56133248e+03 7.05247298e+03 2.18311184e+01
v 6.56039062e+03 7.05429456e+03 2.13667105e+01
v 6.56021284e+03 7.05700800e+03 2.08547695e+01
v 6.55860429e+03 7.05954180e+03 2.02677197e+01
v 6.55938883e+03 7.06058203e+03 2.20478652e+01
v 6.56072662e+03 7.04982123e+03 2.27946343e+01
v 6.55972201e+03 7.05222176e+03 2.20747221e+01
v 6.55948792e+03 7.05060885e+03 2.44176156e+01
v 6.55968387e+03 7.05041673e+03 2.26108829e+01
v 6.54691887e+03 7.04674396e+03 2.45651924e+01
v 6.54513118e+03 7.04846552e+03 2.48820212e+01
v 6.54475893e+03 7.05132081e+03 2.11688285e+01
v 6.55220783e+03 7.04969318e+03 2.49402942e+01
v 6.55027962e+03 7.04740831e+03 2.46920008e+01
v 6.54575838e+03 7.04855418e+03 2.72364433e+01
v 6.55933687e+03 7.04899618e+03 2.31582351e+01
v 6.54884595e+03 7.04681081e+03 2.52578504e+01
v 6.55422273e+03 7.04444755e+03 2.48139760e+01
v 6.55494508e+03 7.04625432e+03 2.55200970e+01
v 6.55353777e+03 7.04690316e+03 2.47908679e+01
v 6.55397219e+03 7.04666647e+03 2.70159475e+01
v 6.55686903e+03 7.04820098e+03 2.59963680e+01
v 6.55624426e+03 7.04727082e+03 2.45933286e+01
v 6.55025907e+03 7.04567582e+03 2.48421771e+01
v 6.54779360e+03 7.04216691e+03 2.57245015e+01
v 6.55512711e+03 7.05081047e+03 2.57214719e+01
v 6.55464331e+03 7.04960156e+03 2.60820051e+01
v 6.55431993e+03 7.05017416e+03 2.73372892e+01
v 6.55798815e+03 7.04858990e+03 2.51066023e+01
v 6.55852189e+03 7.04947726e+03 2.81771678e+01
v 6.55674648e+03 7.04592925e+03 2.53052805e+01
v 6.55237922e+03 7.04079818e+03 2.55388525e+01
v 6.55086216e+03 7.04205351e+03 2.52606719e+01
v 6.55468607e+03 7.04189822e+03 2.26912162e+01
v 6.55657302e+03 7.04358980e+03 2.42173994e+01
v 6.55421510e+03 7.04342208e+03 2.30601654e+01
v 6.55332229e+03 7.04058074e+03 2.31181122e+01
v 6.55324823e+03 7.04212702e+03 2.29916782e+01
v 6.55576804e+03 7.03955731e+03 2.44818160e+01
v 6.55275169e+03 7.03921289e+03 2.59988100e+01
v 6.56103309e+03 7.04141831e+03 2.57930311e+01
v 6.55819006e+03 7.03821564e+03 2.54994305e+01
v 6.54497241e+03 7.04223976e+03 2.40033075e+01
v 6.55566932e+03 7.03805935e+03 2.62811172e+01
v 6.55830729e+03 7.04343135e+03 2.60953558e+01
v 6.55875801e+03 7.04133738e+03 2.60922128e+01
v 6.55695527e+03 7.04207923e+03 2.44255878e+01
v 6.54905766e+03 7.03694494e+03 2.59584291e+01
v 6.54930511e+03 7.03643167e+03 2.41350375e+01
v 6.54507952e+03 7.03453779e+03 2.52294821e+01
v 6.54635372e+03 7.03628802e+03 2.40074431e+01
v 6.55718609e+03 7.03289865e+03 2.57592720e+01
v 6.56233455e+03 7.03591795e+03 2.55969083e+01
v 6.56153967e+03 7.03302069e+03 2.60121258e+01
v 6.56034736e+03 7.03282558e+03 2.59114522e+01
v 6.55100859e+03 7.03746265e+03 2.59223180e+01
v 6.55045350e+03 7.03895719e+03 2.58820249e+01
v 6.54660349e+03 7.03821897e+03 2.39672022e+01
v 6.54681416e+03 7.03831737e+03 2.55959433e+01
v 6.54372716e+03 7.03730320e+03 2.40940486e+01
v 6.54845892e+03 7.03439426e+03 2.64014614e+01
v 6.54382134e+03 7.03574676e+03 2.42021203e+01
v 6.54403496e+03 7.03150610e+03 2.52745707e+01
v 6.56299455e+03 7.04227465e+03 2.56937589e+01
v 6.55412176e+03 7.03235057e+03 2.60820379e+01
v 6.54577391e+03 7.03230010e+03 2.64482905e+01
v 6.54527044e+03 7.03324319e+03 2.66608848e+01
v 6.54548755e+03 7.03092837e+03 2.69170532e+01
v 6.54639159e+03 7.03069462e+03 2.64439815e+01
v 6.55362882e+03 7.02946143e+03 2.80918742e+01
v 6.54979202e+03 7.02894692e+03 2.83259797e+01
v 6.55280068e+03 7.03010318e+03 2.69568830e+01
v 6.55526935e+03 7.02771230e+03 2.83952068e+01
v 6.55676263e+03 7.02527793e+03 2.82972052e+01
v 6.55538881e+03 7.02971820e+03 2.88191730e+01
v 6.54611135e+03 7.02885402e+03 2.76747401e+01
v 6.54952917e+03 7.02666988e+03 2.82200021e+01
v 6.54548047e+03 7.02862193e+03 2.44320131e+01
v 6.55024928e+03 7.01298601e+03 2.84590822e+01
v 6.55161977e+03 7.01569920e+03 2.83226282e+01
v 6.55262175e+03 7.01782973e+03 2.82166675e+01
v 6.55561954e+03 7.02089250e+03 2.82700816e+01
v 6.54892654e+03 7.02166527e+03 2.82437792e+01
v 6.55566566e+03 7.03074943e+03 2.74851361e+01
v 6.55664666e+03 7.03129014e+03 2.87519767e+01
v 6.56115741e+03 7.03406817e+03 2.77099549e+01
v 6.56139874e+03 7.03524280e+03 2.82972294e+01
v 6.55853688e+03 7.03255725e+03 3.06621996e+01
v 6.55951148e+03 7.02212692e+03 2.84558828e+01
v 6.56031887e+03 7.01904146e+03 2.83216550e+01
v 6.56116210e+03 7.02698172e+03 2.81705247e+01
v 6.55994918e+03 7.02511614e+03 2.84561317e+01
v 6.55922449e+03 7.02117392e+03 2.81743785e+01
v 6.55642372e+03 7.01749033e+03 2.83437514e+01
v 6.55360587e+03 7.03468224e+03 2.62799453e+01
v 6.56180227e+03 7.03349407e+03 2.80349613e+01
v 6.56152340e+03 7.04392190e+03 2.60778223e+01
v 6.55902454e+03 7.04500386e+03 2.59753515e+01
v 6.55606237e+03 7.04955221e+03 2.69230476e+01
v 6.55544651e+03 7.04787981e+03 2.69871745e+01
v 6.56197697e+03 7.04486600e+03 2.65187928e+01
v 6.55987356e+03 7.04744505e+03 2.71989876e+01
v 6.56080985e+03 7.04574579e+03 2.68142689e+01
v 6.56041879e+03 7.04727438e+03 2.90747940e+01
v 6.55754030e+03 7.04796941e+03 2.67711787e+01
v 6.56081869e+03 7.04397675e+03 2.84256240e+01
v 6.55625668e+03 7.05019366e+03 2.76095204e+01
v 6.55958710e+03 7.04608254e+03 2.70681902e+01
v 6.55135025e+03 7.05056796e+03 2.81638994e+01
v 6.54502910e+03 7.04874167e+03 2.57690045e+01
v 6.54319181e+03 7.04995550e+03 2.56752420e+01
v 6.55483315e+03 7.04891497e+03 3.00236773e+01
v 6.55274266e+03 7.04926139e+03 2.89211885e+01
v 6.55035207e+03 7.03589971e+03 2.53755339e+01
v 6.55686503e+03 7.00000000e+03 3.40882683e+01
v 6.55727573e+03 7.00049267e+03 3.40815022e+01
v 6.54695605e+03 7.01425725e+03 2.83589745e+01
v 6.55959009e+03 7.01616136e+03 3.22067755e+01
v 6.55703880e+03 7.01632236e+03 3.02834929e+01
v 6.55706956e+03 7.01468857e+03 3.12834105e+01
v 6.56144872e+03 7.01504455e+03 2.88376241e+01
v 6.55187657e+03 7.03489452e+03 2.66059881e+01
v 6.54959113e+03 7.03622329e+03 2.82078123e+01
v 6.54968033e+03 7.03894644e+03 2.82352797e+01
v 6.55021441e+03 7.01062653e+03 2.88135673e+01
v 6.55016748e+03 7.01226687e+03 2.94594268e+01
v 6.55079413e+03 7.01146326e+03 3.02598813e+01
v 6.55087511e+03 7.00858376e+03 2.87078360e+01
v 6.55126264e+03 7.00625680e+03 2.86197079e+01
v 6.54796924e+03 7.00948327e+03 2.84931492e+01
v 6.55894006e+03 7.01469142e+03 3.16716232e+01
v 6.55150097e+03 7.01197332e+03 2.96665793e+01
v 6.55141725e+03 7.01064011e+03 3.05162740e+01
v 6.54810633e+03 7.00172935e+03 3.14279740e+01
v 6.54668759e+03 7.00330776e+03 3.04403953e+01
v 6.54853250e+03 7.00401190e+03 2.91584517e+01
v 6.54884070e+03 7.00612932e+03 2.85848253e+01
v 6.54733875e+03 7.00296790e+03 2.95666242e+01
v 6.54607154e+03 7.00704791e+03 2.86961166e+01
v 6.54802675e+03 7.00701778e+03 2.92544912e+01
v 6.54630291e+03 7.00496505e+03 2.89540318e+01
v 6.54534471e+03 7.01437024e+03 2.91118166e+01
v 6.54840133e+03 7.01272803e+03 2.90864434e+01
v 6.54540716e+03 7.00606307e+03 2.85290733e+01
v 6.54520730e+03 7.00469412e+03 3.03004824e+01
v 6.54494235e+03 7.01590339e+03 2.83423959e+01
v 6.54386786e+03 7.01372243e+03 2.84285277e+01
v 6.54436274e+03 7.00782957e+03 2.85569815e+01
v 6.54436830e+03 7.01036863e+03 2.86465411e+01
v 6.54420947e+03 7.00489406e+03 2.94865497e+01
v 6.55217567e+03 7.00983902e+03 3.16725882e+01
v 6.55018510e+03 7.00686481e+03 2.89936992e+01
v 6.55664636e+03 7.02299252e+03 2.82307127e+01
v 6.55339665e+03 7.02300731e+03 2.84179606e+01
v 6.55006077e+03 7.03673687e+03 2.88811916e+01
v 6.54727726e+03 7.02522148e+03 2.82132038e+01
v 6.54681518e+03 7.02678416e+03 2.89713403e+01
v 6.55119087e+03 7.03884491e+03 2.86899036e+01
v 6.55829767e+03 7.02527551e+03 2.99705346e+01
v 6.55653422e+03 7.02693292e+03 2.83697949e+01
v 6.54273182e+03 7.02261089e+03 2.83292525e+01
v 6.54728002e+03 7.01981524e+03 2.85487045e+01
v 6.54598794e+03 7.02755890e+03 2.84691349e+01
v 6.54308683e+03 7.02618448e+03 2.83499488e+01
v 6.54989776e+03 7.03882720e+03 2.88951954e+01
v 6.54822759e+03 7.03717143e+03 2.86007113e+01
v 6.55285215e+03 7.04931124e+03 3.02548159e+01
v 6.55654733e+03 7.04977976e+03 3.03085755e+01
v 6.55804457e+03 7.02527123e+03 3.10636719e+01
v 6.55789597e+03 7.02646825e+03 2.98661315e+01
v 6.56107566e+03 7.04956921e+03 2.91585993e+01
v 6.56005001e+03 7.02605991e+03 2.99425347e+01
v 6.55362404e+03 7.01582916e+03 2.95610290e+01
v 6.55499484e+03 7.02852708e+03 3.04341694e+01
v 6.55524722e+03 7.03002511e+03 3.08179717e+01
v 6.55383822e+03 7.02530623e+03 2.82086217e+01
v 6.55523899e+03 7.02525861e+03 2.87156068e+01
v 6.55690531e+03 7.01000665e+03 4.56240711e+01
v 6.55659879e+03 7.00937499e+03 4.48857018e+01
v 6.56257258e+03 7.00415711e+03 4.00613172e+01
v 6.54830774e+03 7.00066360e+03 3.13073898e+01
v 6.56126420e+03 7.03289509e+03 2.76644304e+01
v 6.53913824e+03 7.00345682e+03 3.16931217e+01
v 6.53950951e+03 7.00484492e+03 3.21815135e+01
v 6.54115084e+03 7.00439069e+03 3.22364134e+01
v 6.53855079e+03 7.00167202e+03 3.13540339e+01
v 6.53732964e+03 7.00101098e+03 3.05333044e+01
v 6.53790597e+03 7.00342998e+03 3.01761500e+01
v 6.54064654e+03 7.00865322e+03 3.34593470e+01
v 6.54088605e+03 7.00992955e+03 3.17149487e+01
v 6.54424511e+03 7.00165160e+03 3.48445630e+01
v 6.54485526e+03 7.00000000e+03 3.25785321e+01
v 6.54186212e+03 7.00711599e+03 3.33380251e+01
v 6.54163742e+03 7.01058500e+03 3.23401494e+01
v 6.54350383e+03 7.00000000e+03 3.28296482e+01
v 6.54131978e+03 7.00000000e+03 3.19175676e+01
v 6.54229365e+03 7.00205061e+03 3.14957020e+01
v 6.53973862e+03 7.01042348e+03 2.96502094e+01
v 6.54074351e+03 7.01120447e+03 2.97935107e+01
v 6.54060557e+03 7.01100705e+03 3.22755025e+01
v 6.54316422e+03 7.01117519e+03 2.92758926e+01
v 6.54201202e+03 7.00880839e+03 2.98805195e+01
v 6.54164849e+03 7.00715834e+03 2.95155805e+01
v 6.54077597e+03 7.00350593e+03 3.12196070e+01
v 6.54046248e+03 7.00112479e+03 3.18659702e+01
v 6.53812437e+03 7.00457761e+03 3.15393095e+01
v 6.53745253e+03 7.00000000e+03 3.08393317e+01
v 6.53604258e+03 7.00000000e+03 3.18294084e+01
v 6.53529535e+03 7.00000000e+03 3.06429622e+01
v 6.53633943e+03 7.00267272e+03 3.06111322e+01
v 6.54003213e+03 7.00890136e+03 3.05338547e+01
v 6.53915253e+03 7.01051739e+03 2.67850106e+01
v 6.53585500e+03 7.00161452e+03 3.00873294e+01
v 6.52870987e+03 7.00681609e+03 3.16694554e+01
v 6.52799604e+03 7.00784186e+03 3.09381071e+01
v 6.52975832e+03 7.00932733e+03 3.21097344e+01
v 6.53272484e+03 7.00901582e+03 3.15998020e+01
v 6.52806049e+03 7.00555269e+03 3.10531862e+01
v 6.52885725e+03 7.00896778e+03 3.11246427e+01
v 6.53020914e+03 7.00631428e+03 3.11774973e+01
v 6.53399198e+03 7.00419728e+03 3.12754763e+01
v 6.53493979e+03 7.00657316e+03 3.09437935e+01
v 6.53333530e+03 7.00356968e+03 2.75932789e+01
v 6.54361435e+03 7.00100226e+03 3.18309336e+01
v 6.53870540e+03 7.00000000e+03 3.18946640e+01
v 6.54126364e+03 7.00219336e+03 3.14045570e+01
v 6.52967944e+03 7.00359885e+03 3.42295625e+01
v 6.53265520e+03 7.00671939e+03 3.61703565e+01
v 6.53224683e+03 7.00725557e+03 3.11367776e+01
v 6.52957156e+03 7.00355192e+03 3.11008003e+01
v 6.52877464e+03 7.00394041e+03 2.70496047e+01
v 6.52843891e+03 7.00438887e+03 2.87219765e+01
v 6.52769572e+03 7.00679755e+03 2.93265874e+01
v 6.53198963e+03 7.00323411e+03 3.46752295e+01
v 6.53933512e+03 7.01225419e+03 2.85403859e+01
v 6.53749549e+03 7.00263997e+03 2.80240470e+01
v 6.53166115e+03 7.00290580e+03 2.74731250e+01
v 6.53941597e+03 7.01832803e+03 2.93243116e+01
v 6.53814028e+03 7.01858831e+03 2.98948276e+01
v 6.52857923e+03 7.00901151e+03 2.65272216e+01
v 6.53418236e+03 7.00102187e+03 2.79805608e+01
v 6.53700409e+03 7.01650272e+03 2.64412428e+01
v 6.52641642e+03 7.00138225e+03 2.59428451e+01
v 6.53022958e+03 7.00168892e+03 2.65355934e+01
v 6.53381479e+03 7.00000000e+03 2.75835131e+01
v 6.52282810e+03 7.00043630e+03 2.71767102e+01
v 6.52157898e+03 7.00000000e+03 2.76764294e+01
v 6.52115591e+03 7.00180619e+03 2.62929306e+01
v 6.53266513e+03 7.01984078e+03 2.83954798e+01
v 6.53143315e+03 7.02204930e+03 2.88859111e+01
v 6.52589424e+03 7.01776282e+03 2.85711089e+01
v 6.52702526e+03 7.01868290e+03 2.84300061e+01
v 6.52787815e+03 7.01727379e+03 2.78793326e+01
v 6.53254320e+03 7.02270801e+03 2.77220129e+01
v 6.53289315e+03 7.02260475e+03 2.99612857e+01
v 6.53535962e+03 7.02098306e+03 2.83201856e+01
v 6.53783250e+03 7.02247438e+03 2.92375249e+01
v 6.53248945e+03 7.02521741e+03 2.61509213e+01
v 6.53284596e+03 7.02466150e+03 2.81463796e+01
v 6.53165253e+03 7.01034503e+03 2.69025666e+01
v 6.53372014e+03 7.00937493e+03 2.68505144e+01
v 6.53331433e+03 7.00978070e+03 3.10201367e+01
v 6.53424731e+03 7.02219153e+03 2.98122864e+01
v 6.53351899e+03 7.02036134e+03 2.80595064e+01
v 6.52617286e+03 7.01558330e+03 2.58451078e+01
v 6.52619850e+03 7.01897137e+03 2.73237288e+01
v 6.53420996e+03 7.02193150e+03 2.80107748e+01
v 6.53644311e+03 7.02345732e+03 2.95046792e+01
v 6.53497593e+03 7.02245188e+03 3.07673436e+01
v 6.53879886e+03 7.01715715e+03 3.07344040e+01
v 6.52249576e+03 7.02765423e+03 2.95771123e+01
v 6.52192203e+03 7.02930091e+03 2.93890834e+01
v 6.52435395e+03 7.03141008e+03 2.36176516e+01
v 6.52422353e+03 7.03024062e+03 2.44303792e+01
v 6.52234756e+03 7.03216625e+03 2.68129489e+01
v 6.52129413e+03 7.03204102e+03 2.87045477e+01
v 6.52184942e+03 7.03083083e+03 2.94378667e+01
v 6.53269361e+03 7.04531606e+03 2.83281403e+01
v 6.53045089e+03 7.04914193e+03 2.86370851e+01
v 6.52785917e+03 7.04806312e+03 2.76083239e+01
v 6.52868976e+03 7.04522795e+03 2.75877563e+01
v 6.52135994e+03 7.03936195e+03 2.68249792e+01
v 6.52021801e+03 7.03834390e+03 2.70267857e+01
v 6.52279006e+03 7.03533155e+03 2.73630258e+01
v 6.52199740e+03 7.03730106e+03 2.76567611e+01
v 6.53428324e+03 7.05040671e+03 2.70944350e+01
v 6.53438289e+03 7.02721521e+03 2.93537626e+01
v 6.53358386e+03 7.02721975e+03 2.72332064e+01
v 6.53510373e+03 7.02420706e+03 2.93357098e+01
v 6.52067385e+03 7.03928864e+03 2.84650502e+01
v 6.52056023e+03 7.03801649e+03 2.84936716e+01
v 6.52014829e+03 7.04043860e+03 2.95724504e+01
v 6.51927230e+03 7.03946849e+03 3.13397883e+01
v 6.51995355e+03 7.03822191e+03 3.06473275e+01
v 6.52080925e+03 7.03912289e+03 2.48485546e+01
v 6.51920167e+03 7.03612089e+03 2.89917714e+01
v 6.51958535e+03 7.03666543e+03 3.03227739e+01
v 6.51891234e+03 7.02796283e+03 3.04204853e+01
v 6.52140319e+03 7.02627068e+03 2.91017728e+01
v 6.51884794e+03 7.02709349e+03 2.87238865e+01
v 6.53380625e+03 7.02613891e+03 2.91818240e+01
v 6.51997460e+03 7.03536392e+03 2.86906140e+01
v 6.51964364e+03 7.04099591e+03 2.90657070e+01
v 6.52139435e+03 7.02584684e+03 2.76700480e+01
v 6.52197782e+03 7.02819634e+03 2.76480426e+01
v 6.52144010e+03 7.03465445e+03 2.81756311e+01
v 6.51811469e+03 7.02714962e+03 2.75795811e+01
v 6.51886923e+03 7.02561025e+03 2.69478767e+01
v 6.52150917e+03 7.02692393e+03 2.59965413e+01
v 6.51987922e+03 7.04152759e+03 2.73713963e+01
v 6.51839497e+03 7.04103852e+03 2.78748538e+01
v 6.52131904e+03 7.03544652e+03 3.06548758e+01
v 6.52321353e+03 7.02944437e+03 2.84556522e+01
v 6.52329943e+03 7.03290929e+03 3.06444624e+01
v 6.52250845e+03 7.03147360e+03 3.07397507e+01
v 6.52277012e+03 7.03447319e+03 3.02824802e+01
v 6.52217391e+03 7.03338123e+03 3.20144086e+01
v 6.52257550e+03 7.02988791e+03 3.11034470e+01
v 6.51800362e+03 7.04098328e+03 3.04819508e+01
v 6.52108510e+03 7.03446950e+03 3.11232845e+01
v 6.52288735e+03 7.03123461e+03 2.84323360e+01
v 6.52211130e+03 7.02978808e+03 2.66519657e+01
v 6.52433981e+03 7.03211575e+03 2.61492083e+01
v 6.52172982e+03 7.03516875e+03 3.34589864e+01
v 6.52125124e+03 7.03214265e+03 3.15308555e+01
v 6.52095883e+03 7.03146915e+03 3.24627016e+01
v 6.53449984e+03 7.02541688e+03 2.84710824e+01
v 6.52084247e+03 7.03072554e+03 3.17981290e+01
v 6.51950679e+03 7.02967254e+03 3.19925930e+01
v 6.51958602e+03 7.03016012e+03 3.32746080e+01
v 6.52041922e+03 7.02802705e+03 3.11142244e+01
v 6.52040408e+03 7.03072036e+03 3.31452540e+01
v 6.53233202e+03 7.00961948e+03 3.31694688e+01
v 6.53245245e+03 7.00954237e+03 3.19297003e+01
v 6.52917608e+03 7.00860173e+03 3.40053890e+01
v 6.51927264e+03 7.03624949e+03 3.15040919e+01
v 6.51919686e+03 7.03481001e+03 3.16781077e+01
v 6.51987789e+03 7.03755290e+03 3.17825039e+01
v 6.51875605e+03 7.03815107e+03 3.18327233e+01
v 6.52092765e+03 7.02930518e+03 3.08217951e+01
v 6.53265281e+03 7.00928027e+03 3.20285942e+01
v 6.53323860e+03 7.00989832e+03 3.57918230e+01
v 6.53277332e+03 7.00945338e+03 3.19920268e+01
v 6.53451152e+03 7.02639682e+03 3.25049921e+01
v 6.53659324e+03 7.02555518e+03 3.26056765e+01
v 6.52676739e+03 7.00642201e+03 2.82253016e+01
v 6.52670222e+03 7.00519240e+03 2.83716332e+01
v 6.52831885e+03 7.03033560e+03 2.31249774e+01
v 6.52747562e+03 7.02913872e+03 2.40476416e+01
v 6.52672404e+03 7.01951481e+03 2.68758161e+01
v 6.51971348e+03 7.05876246e+03 2.46338048e+01
v 6.51911719e+03 7.05828701e+03 2.27220837e+01
v 6.54151469e+03 7.04852779e+03 2.51468235e+01
v 6.53735962e+03 7.05895199e+03 2.45438621e+01
v 6.53514459e+03 7.05845445e+03 2.49086303e+01
v 6.52032787e+03 7.06126109e+03 2.65239122e+01
v 6.52044732e+03 7.06021831e+03 2.51616401e+01
v 6.51887870e+03 7.05679085e+03 2.67473088e+01
v 6.51953220e+03 7.05827518e+03 2.71172753e+01
v 6.51918479e+03 7.05756075e+03 2.58388020e+01
v 6.52008365e+03 7.05739611e+03 2.42156856e+01
v 6.51856135e+03 7.05594555e+03 2.43673276e+01
v 6.51915292e+03 7.06007750e+03 2.96661277e+01
v 6.52012043e+03 7.05901711e+03 2.99986122e+01
v 6.51966830e+03 7.05858299e+03 3.11147102e+01
v 6.51939148e+03 7.05666729e+03 3.14101690e+01
v 6.51979469e+03 7.06144632e+03 2.86963430e+01
v 6.51930082e+03 7.06151101e+03 3.01637851e+01
v 6.51954996e+03 7.06010170e+03 2.69059835e+01
v 6.53291639e+03 7.05164425e+03 2.00934332e+01
v 6.53292715e+03 7.05164211e+03 2.16421912e+01
v 6.53712618e+03 7.05219906e+03 2.02065541e+01
v 6.53907329e+03 7.05183706e+03 2.08951208e+01
v 6.53471632e+03 7.05051448e+03 2.16531482e+01
v 6.52604811e+03 7.04973654e+03 2.26910026e+01
v 6.52600240e+03 7.04848930e+03 2.37931021e+01
v 6.54234863e+03 7.05785176e+03 2.37452159e+01
v 6.54032949e+03 7.05930710e+03 2.42248896e+01
v 6.52950867e+03 7.05145405e+03 2.47975836e+01
v 6.53101016e+03 7.04925649e+03 2.41481256e+01
v 6.54106680e+03 7.05564484e+03 2.38381458e+01
v 6.54178907e+03 7.05516461e+03 2.54208959e+01
v 6.53087326e+03 7.05458690e+03 2.40337572e+01
v 6.53586310e+03 7.05560808e+03 2.13775181e+01
v 6.53628908e+03 7.05381812e+03 2.04815214e+01
v 6.53460228e+03 7.05623494e+03 2.34827398e+01
v 6.53677161e+03 7.05426091e+03 2.36532128e+01
v 6.53197916e+03 7.05361499e+03 2.33414968e+01
v 6.53279681e+03 7.05693240e+03 2.44341068e+01
v 6.52839641e+03 7.04961966e+03 2.36010042e+01
v 6.52634256e+03 7.05163382e+03 2.21972077e+01
v 6.54211399e+03 7.04958890e+03 2.31886973e+01
v 6.54192842e+03 7.06190726e+03 2.46306147e+01
v 6.54284994e+03 7.06267343e+03 2.27466237e+01
v 6.53178929e+03 7.03208218e+03 2.39724893e+01
v 6.53216769e+03 7.03479338e+03 2.33661474e+01
v 6.51815112e+03 7.06060625e+03 1.44902912e+01
v 6.52909830e+03 7.06008319e+03 1.63102547e+01
v 6.52016348e+03 7.00453977e+03 2.31125728e+01
v 6.52099769e+03 7.00624867e+03 2.31007552e+01
v 6.52512607e+03 7.00000000e+03 2.43469569e+01
v 6.52413013e+03 7.00061129e+03 2.52812641e+01
v 6.52277875e+03 7.00000000e+03 2.61087195e+01
v 6.52720479e+03 7.00347275e+03 2.60901491e+01
v 6.52769470e+03 7.00559510e+03 2.67793700e+01
v 6.52377912e+03 7.00881450e+03 2.44454446e+01
v 6.52289714e+03 7.01059957e+03 2.36317418e+01
v 6.52412494e+03 7.01700016e+03 2.70965023e+01
v 6.52118301e+03 7.01575902e+03 2.55178705e+01
v 6.52647523e+03 7.02043047e+03 2.35113273e+01
v 6.52508691e+03 7.02175106e+03 2.39973774e+01
v 6.52392825e+03 7.01955249e+03 2.38481159e+01
v 6.52461123e+03 7.00246943e+03 2.54644552e+01
v 6.52407865e+03 7.00501208e+03 2.37259006e+01
v 6.52424222e+03 7.01468853e+03 2.56296891e+01
v 6.52473531e+03 7.01408133e+03 2.39665873e+01
v 6.52394999e+03 7.01858237e+03 2.50958115e+01
v 6.53292772e+03 7.04900469e+03 2.61056607e+01
v 6.52024667e+03 7.00000000e+03 2.64668092e+01
v 6.52059494e+03 7.00995505e+03 2.31501324e+01
v 6.51965940e+03 7.00932700e+03 2.25541713e+01
v 6.52386974e+03 7.00199278e+03 2.38128644e+01
v 6.52084505e+03 7.00280953e+03 2.29495490e+01
v 6.52314790e+03 7.02685403e+03 2.33362833e+01
v 6.52322667e+03 7.02411152e+03 2.20796817e+01
v 6.52519655e+03 7.02901335e+03 2.36793747e+01
v 6.52711551e+03 7.03013642e+03 2.43456393e+01
v 6.52597106e+03 7.03751784e+03 2.23053939e+01
v 6.52489870e+03 7.03847401e+03 2.11474624e+01
v 6.52415142e+03 7.02996614e+03 2.29771498e+01
v 6.52366052e+03 7.03280583e+03 2.59771323e+01
v 6.52430231e+03 7.03454110e+03 2.57910090e+01
v 6.52845761e+03 7.02177214e+03 2.55779269e+01
v 6.53017592e+03 7.02056640e+03 2.51688457e+01
v 6.52721818e+03 7.01969248e+03 2.43785952e+01
v 6.52893161e+03 7.01824268e+03 2.49205324e+01
v 6.52591211e+03 7.01170952e+03 2.41096539e+01
v 6.52039957e+03 7.01542918e+03 2.21706814e+01
v 6.51960934e+03 7.01720666e+03 2.12941482e+01
v 6.52299291e+03 7.01535980e+03 2.24812519e+01
v 6.52264575e+03 7.00821357e+03 2.35744159e+01
v 6.52603876e+03 7.04049910e+03 2.16511296e+01
v 6.52323997e+03 7.03593942e+03 2.00082226e+01
v 6.52270594e+03 7.03661755e+03 1.92348259e+01
v 6.52673790e+03 7.03047713e+03 2.33247713e+01
v 6.52481684e+03 7.03088329e+03 2.27685662e+01
v 6.52459587e+03 7.03210571e+03 2.21142531e+01
v 6.52716845e+03 7.03594821e+03 2.27628144e+01
v 6.52764804e+03 7.03735286e+03 2.30749643e+01
v 6.52740505e+03 7.03975139e+03 2.21575725e+01
v 6.53017448e+03 7.02804530e+03 2.39642693e+01
v 6.52509464e+03 7.02378987e+03 2.30731275e+01
v 6.52678478e+03 7.02543616e+03 2.44680960e+01
v 6.52204007e+03 7.03374715e+03 2.84531043e+01
v 6.52695741e+03 7.02226218e+03 2.40614553e+01
v 6.52639226e+03 7.02359707e+03 2.50380152e+01
v 6.52681026e+03 7.02725510e+03 2.33366242e+01
v 6.53049869e+03 7.02757095e+03 2.48075461e+01
v 6.53175521e+03 7.02676983e+03 2.57461282e+01
v 6.53006715e+03 7.02571097e+03 2.62771599e+01
v 6.52829666e+03 7.02623275e+03 2.65726424e+01
v 6.52841500e+03 7.02498148e+03 2.55762109e+01
v 6.52017857e+03 7.04202833e+03 2.47161742e+01
v 6.52153521e+03 7.04026730e+03 2.39514414e+01
v 6.52324211e+03 7.04016249e+03 2.19158215e+01
v 6.52439683e+03 7.03978761e+03 2.09755807e+01
v 6.51964230e+03 7.04392007e+03 2.53787399e+01
v 6.51918651e+03 7.04286845e+03 2.62276488e+01
v 6.52390272e+03 7.03884466e+03 2.29940164e+01
v 6.51885556e+03 7.04099142e+03 2.57667555e+01
v 6.52001386e+03 7.03993175e+03 2.41821756e+01
v 6.52422129e+03 7.03818223e+03 2.21990335e+01
v 6.52603609e+03 7.03591898e+03 2.20036846e+01
v 6.52426202e+03 7.03700767e+03 2.30167411e+01
v 6.52196487e+03 7.04169886e+03 1.98404707e+01
v 6.52271326e+03 7.04100558e+03 2.02403199e+01
v 6.52336515e+03 7.02781039e+03 2.40148120e+01
v 6.52222939e+03 7.02589150e+03 2.55867289e+01
v 6.52337200e+03 7.04337603e+03 1.92371772e+01
v 6.52476642e+03 7.04448087e+03 1.91018984e+01
v 6.52724176e+03 7.04184934e+03 2.27207822e+01
v 6.52563407e+03 7.04268181e+03 2.10217218e+01
v 6.52210574e+03 7.04182953e+03 2.32662331e+01
v 6.52728297e+03 7.04465438e+03 2.02256337e+01
v 6.52804852e+03 7.04488775e+03 2.36808067e+01
v 6.52897083e+03 7.04749006e+03 2.58062344e+01
v 6.52937277e+03 7.04835905e+03 2.50186264e+01
v 6.54211589e+03 7.05141542e+03 2.03536148e+01
v 6.54198352e+03 7.05359209e+03 2.02748279e+01
v 6.52155381e+03 7.04389407e+03 1.96358919e+01
v 6.54109010e+03 7.05502369e+03 1.93481977e+01
v 6.53811213e+03 7.04020425e+03 2.69862601e+01
v 6.54067052e+03 7.03793919e+03 2.40195366e+01
v 6.53990970e+03 7.03652475e+03 2.53305101e+01
v 6.52611349e+03 7.01889802e+03 2.59803811e+01
v 6.52606309e+03 7.02006031e+03 2.54329759e+01
v 6.52470076e+03 7.02580226e+03 2.18994121e+01
v 6.52520146e+03 7.03118866e+03 2.19502258e+01
v 6.52395974e+03 7.02681852e+03 2.20655615e+01
v 6.53150180e+03 7.03008147e+03 2.43628445e+01
v 6.52190706e+03 7.03754917e+03 2.44637671e+01
v 6.54358168e+03 7.04583259e+03 2.45485206e+01
v 6.54031957e+03 7.04796073e+03 2.30183875e+01
v 6.53506694e+03 7.04769138e+03 2.29943676e+01
v 6.53059472e+03 7.03408144e+03 2.59268224e+01
v 6.53074612e+03 7.03537587e+03 2.46509435e+01
v 6.54249131e+03 7.03622896e+03 2.78590436e+01
v 6.54200361e+03 7.03566729e+03 2.40926241e+01
v 6.54070573e+03 7.03089969e+03 2.31424862e+01
v 6.53739739e+03 7.03121834e+03 2.31764347e+01
v 6.53416471e+03 7.01554906e+03 2.67126717e+01
v 6.53759494e+03 7.04135957e+03 2.41697033e+01
v 6.53507828e+03 7.00693788e+03 2.72939012e+01
v 6.54099491e+03 7.01303136e+03 2.83227014e+01
v 6.53453356e+03 7.02993677e+03 2.46916449e+01
v 6.53296131e+03 7.02821310e+03 2.57544778e+01
v 6.53568173e+03 7.03291311e+03 2.20712294e+01
v 6.53460228e+03 7.03266326e+03 2.21286380e+01
v 6.52911511e+03 7.03277440e+03 2.24617900e+01
v 6.53145934e+03 7.02902252e+03 2.64393970e+01
v 6.53055815e+03 7.03400961e+03 2.40080236e+01
v 6.53547988e+03 7.03379672e+03 2.32528005e+01
v 6.53270418e+03 7.03404054e+03 2.26938927e+01
v 6.54065200e+03 7.04727811e+03 2.55622193e+01
v 6.54203649e+03 7.05061515e+03 2.71981190e+01
v 6.54014212e+03 7.04671159e+03 2.70107377e+01
v 6.53790133e+03 7.03443585e+03 2.63454235e+01
v 6.53850675e+03 7.03303101e+03 2.90258872e+01
v 6.53630143e+03 7.02729263e+03 2.76446988e+01
v 6.53424703e+03 7.04088200e+03 2.83556414e+01
v 6.53725712e+03 7.03845302e+03 2.76983937e+01
v 6.54129862e+03 7.00606927e+03 2.87744664e+01
v 6.51963127e+03 7.03415181e+03 3.46063685e+01
v 6.51973185e+03 7.03510827e+03 3.40226552e+01
v 6.53136026e+03 7.02005020e+03 2.64233002e+01
v 6.53229629e+03 7.01836301e+03 2.59769494e+01
v 6.53788437e+03 7.01457444e+03 2.82700769e+01
v 6.54152809e+03 7.01533201e+03 2.84292200e+01
v 6.53814259e+03 7.01777868e+03 2.84276358e+01
v 6.53069415e+03 7.01925589e+03 2.58484851e+01
v 6.53514878e+03 7.02779421e+03 2.61162552e+01
v 6.54004626e+03 7.03524723e+03 3.17919392e+01
v 6.54136200e+03 7.03218722e+03 2.90587621e+01
v 6.54089912e+03 7.03206561e+03 2.34761350e+01
v 6.53850909e+03 7.03339932e+03 2.22860404e+01
v 6.54008940e+03 7.01734717e+03 2.90357223e+01
v 6.52720074e+03 7.04410733e+03 2.61863081e+01
v 6.52832145e+03 7.04117684e+03 2.61243224e+01
v 6.52841990e+03 7.04470697e+03 2.68048749e+01
v 6.53530457e+03 7.04646409e+03 2.55656550e+01
v 6.53616199e+03 7.04342719e+03 2.39861824e+01
v 6.52457263e+03 7.03557220e+03 2.17434740e+01
v 6.52322076e+03 7.02882104e+03 2.50477696e+01
v 6.52437031e+03 7.02807050e+03 2.50603103e+01
v 6.52482375e+03 7.02797781e+03 2.38285739e+01
v 6.52327888e+03 7.03390047e+03 2.68260819e+01
v 6.52318705e+03 7.03589206e+03 2.59487052e+01
v 6.53058048e+03 7.02153554e+03 2.74845571e+01
v 6.53092271e+03 7.02274612e+03 2.65045943e+01
v 6.53140052e+03 7.02140008e+03 2.76496278e+01
v 6.53025534e+03 7.01849002e+03 2.74603501e+01
v 6.52933093e+03 7.01718850e+03 2.55644108e+01
v 6.52915704e+03 7.01840905e+03 2.68189508e+01
v 6.52849000e+03 7.02729385e+03 2.44059259e+01
v 6.52951100e+03 7.03747674e+03 2.60178699e+01
v 6.53346905e+03 7.03294096e+03 2.70066213e+01
v 6.54254243e+03 7.01395048e+03 2.95488789e+01
v 6.53152124e+03 7.00000000e+03 2.76534593e+01
v 6.52781083e+03 7.01698951e+03 2.66276299e+01
v 6.52576864e+03 7.00207784e+03 2.48123766e+01
v 6.52438417e+03 7.00161691e+03 2.63370435e+01
v 6.53866194e+03 7.01726289e+03 3.00396156e+01
v 6.53864560e+03 7.01677820e+03 3.13748093e+01
v 6.54302492e+03 7.00577765e+03 2.95213477e+01
v 6.53061026e+03 7.01732274e+03 2.60410966e+01
v 6.52287988e+03 7.03011289e+03 2.49626258e+01
v 6.52692049e+03 7.00257881e+03 2.65970362e+01
v 6.54162517e+03 7.02179773e+03 2.97135138e+01
v 6.54136394e+03 7.01794726e+03 3.16245849e+01
v 6.54028408e+03 7.01748930e+03 3.31371917e+01
v 6.53958172e+03 7.01629184e+03 3.20768789e+01
v 6.54200316e+03 7.01868843e+03 2.91138004e+01
v 6.53801104e+03 7.01701454e+03 3.03587689e+01
v 6.54027440e+03 7.02184258e+03 2.88943590e+01
v 6.53058398e+03 7.00899880e+03 3.64996644e+01
v 6.52851383e+03 7.01273512e+03 2.59496225e+01
v 6.53010294e+03 7.00828908e+03 3.43020155e+01
v 6.53886054e+03 7.03855451e+03 2.90855913e+01
v 6.54244932e+03 7.01936636e+03 3.25256029e+01
v 6.54180692e+03 7.02051161e+03 3.09872786e+01
v 6.52150256e+03 7.03419095e+03 3.38094436e+01
v 6.52999841e+03 7.00485505e+03 3.83462838e+01
v 6.52547265e+03 7.00431961e+03 2.48084088e+01
v 6.53287081e+03 7.02028089e+03 2.66667355e+01
v 6.53526945e+03 7.02056573e+03 2.65319010e+01
v 6.51820977e+03 7.04361854e+03 2.61020744e+01
v 6.53618695e+03 7.03411569e+03 2.83714851e+01
v 6.52890159e+03 7.01964471e+03 2.55815197e+01
v 6.51922982e+03 7.01472154e+03 2.18491448e+01
v 6.52057289e+03 7.01268678e+03 2.22380177e+01
v 6.53108440e+03 7.02157474e+03 2.57666055e+01
v 6.52314576e+03 7.00362015e+03 2.36902845e+01
v 6.52275844e+03 7.00113760e+03 2.56878540e+01
v 6.52001087e+03 7.00225288e+03 2.17133203e+01
v 6.52734093e+03 7.01810122e+03 2.61054857e+01
v 6.52055695e+03 7.01989645e+03 2.13561131e+01
v 6.52407510e+03 7.05333551e+03 1.67504078e+01
v 6.52182319e+03 7.05324005e+03 1.53103817e+01
v 6.52318007e+03 7.05444452e+03 1.50510135e+01
v 6.52049744e+03 7.00170922e+03 2.39896133e+01
v 6.54330483e+03 7.00472652e+03 3.14008937e+01
v 6.53849822e+03 7.01765171e+03 3.33106656e+01
v 6.53909162e+03 7.01842130e+03 3.24165123e+01
v 6.53799888e+03 7.02676711e+03 2.60448994e+01
v 6.53772425e+03 7.01778475e+03 3.24230166e+01
v 6.53957346e+03 7.01665921e+03 3.44486041e+01
v 6.54301172e+03 7.00221579e+03 3.41037948e+01
v 6.54253553e+03 7.01842216e+03 3.32757683e+01
v 6.54093972e+03 7.01850587e+03 3.15528122e+01
v 6.54128043e+03 7.01858097e+03 3.29882814e+01
v 6.54077446e+03 7.01086804e+03 3.59198310e+01
v 6.54009996e+03 7.01813234e+03 3.39931564e+01
v 6.52921874e+03 7.00881347e+03 3.43085576e+01
v 6.53838009e+03 7.01873963e+03 3.41650630e+01
v 6.53900177e+03 7.01766093e+03 3.48559286e+01
v 6.53801049e+03 7.01703214e+03 3.43479468e+01
v 6.53818679e+03 7.01605684e+03 3.31402025e+01
v 6.54126431e+03 7.01158342e+03 3.18980440e+01
v 6.52042897e+03 7.03091394e+03 3.40655965e+01
v 6.53598662e+03 7.02618479e+03 3.25562810e+01
v 6.51853289e+03 7.03537405e+03 3.22867745e+01
v 6.51857268e+03 7.03125659e+03 3.45706586e+01
v 6.51951452e+03 7.03283108e+03 3.33259396e+01
v 6.54356895e+03 7.00353908e+03 3.37612707e+01
v 6.54344411e+03 7.00377466e+03 3.58029823e+01
v 6.54421805e+03 7.00295591e+03 3.64838730e+01
v 6.54420747e+03 7.00059094e+03 3.46834850e+01
v 6.53415580e+03 7.00428116e+03 5.50375765e+01
v 6.53354458e+03 7.00364110e+03 6.11868794e+01
v 6.53266472e+03 7.00665729e+03 6.12673099e+01
v 6.53390006e+03 7.00448676e+03 5.90232323e+01
v 6.53379211e+03 7.00468156e+03 5.90591498e+01
v 6.53417599e+03 7.00435857e+03 6.13342835e+01
v 6.53254016e+03 7.00358216e+03 5.86386189e+01
v 6.53262194e+03 7.00683407e+03 5.78573029e+01
v 6.53413903e+03 7.00427107e+03 4.81575257e+01
v 6.53313845e+03 7.00452501e+03 6.12263940e+01
v 6.53271680e+03 7.00667374e+03 4.65811909e+01
v 6.52927863e+03 7.00882963e+03 3.49541479e+01
v 6.54076454e+03 7.00975442e+03 3.38395554e+01
v 6.53412982e+03 7.00435512e+03 3.63683597e+01
v 6.53004378e+03 7.00784579e+03 3.67229434e+01
v 6.54228130e+03 7.00684377e+03 3.72099260e+01
v 6.53148735e+03 7.00317325e+03 6.10894450e+01
v 6.53212547e+03 7.00429443e+03 6.21589428e+01
v 6.52971390e+03 7.00357612e+03 5.84548494e+01
v 6.52968448e+03 7.00340319e+03 6.12577519e+01
v 6.52990737e+03 7.00344389e+03 5.55085148e+01
v 6.53225873e+03 7.00345017e+03 4.77804948e+01
v 6.52959231e+03 7.00744018e+03 6.11515421e+01
v 6.53002953e+03 7.00492595e+03 6.13563541e+01
v 6.53105583e+03 7.00637143e+03 6.17489604e+01
v 6.53409584e+03 7.00429668e+03 4.24674680e+01
v 6.54274238e+03 7.01311223e+03 4.54120878e+01
v 6.54511170e+03 7.01226343e+03 4.48609197e+01
v 6.54502608e+03 7.01354079e+03 4.39968416e+01
v 6.52982926e+03 7.00748942e+03 4.63346622e+01
v 6.52987985e+03 7.00357145e+03 5.06578366e+01
v 6.52967800e+03 7.00355994e+03 4.53980746e+01
v 6.52984039e+03 7.00355443e+03 4.11413265e+01
v 6.54304719e+03 7.01518291e+03 4.54448690e+01
v 6.54513872e+03 7.01673745e+03 4.55139867e+01
v 6.52917600e+03 7.00860734e+03 5.88590505e+01
v 6.53075699e+03 7.00924326e+03 5.63703774e+01
v 6.52991255e+03 7.00832104e+03 5.50176246e+01
v 6.52945133e+03 7.00861288e+03 5.22683992e+01
v 6.52855363e+03 7.00903022e+03 6.11984915e+01
v 6.53094720e+03 7.01041539e+03 6.12301039e+01
v 6.52944390e+03 7.00854620e+03 4.08826870e+01
v 6.52968845e+03 7.00909450e+03 4.15980721e+01
v 6.52918934e+03 7.00872975e+03 4.16868003e+01
v 6.52931808e+03 7.00867788e+03 3.91067811e+01
v 6.53316374e+03 7.00992712e+03 4.29043143e+01
v 6.52938828e+03 7.00910113e+03 4.78211502e+01
v 6.53316071e+03 7.00993775e+03 5.03735946e+01
v 6.54514638e+03 7.01487193e+03 4.41423202e+01
v 6.53171690e+03 7.00853545e+03 6.11735649e+01
v 6.53317828e+03 7.00992841e+03 6.11957760e+01
v 6.53074619e+03 7.00822380e+03 6.21855304e+01
v 6.53140386e+03 7.00921984e+03 6.22731974e+01
v 6.54263017e+03 7.00954100e+03 3.78183443e+01
v 6.54269071e+03 7.01032200e+03 3.83792375e+01
v 6.54514220e+03 7.00320555e+03 3.59678211e+01
v 6.54221628e+03 7.00521741e+03 3.71987037e+01
v 6.54200469e+03 7.00942235e+03 3.80719705e+01
v 6.54216417e+03 7.00687843e+03 3.73005701e+01
v 6.52970206e+03 7.00902695e+03 3.80220892e+01
v 6.53313587e+03 7.00986015e+03 5.58994092e+01
v 6.52955086e+03 7.00872033e+03 3.99561274e+01
v 6.52956129e+03 7.00865960e+03 4.01753547e+01
v 6.54505993e+03 7.01280955e+03 3.83487321e+01
v 6.54499957e+03 7.01280114e+03 3.92291255e+01
v 6.55192939e+03 7.05180115e+03 3.19232021e+01
v 6.55325959e+03 7.05071817e+03 3.23615673e+01
v 6.55569679e+03 7.05207848e+03 3.23588950e+01
v 6.55315705e+03 7.05215077e+03 3.30762348e+01
v 6.50962353e+03 7.05452182e+03 2.80512917e+01
v 6.50878190e+03 7.05472230e+03 2.76678896e+01
v 6.50879448e+03 7.05568515e+03 2.61809758e+01
v 6.50426408e+03 7.05968543e+03 2.81616848e+01
v 6.50525605e+03 7.06127899e+03 2.62690292e+01
v 6.50475629e+03 7.05723662e+03 2.60087155e+01
v 6.50666913e+03 7.05551477e+03 2.62781044e+01
v 6.50667661e+03 7.05614707e+03 2.40965042e+01
v 6.51609550e+03 7.05736095e+03 2.55468914e+01
v 6.51395950e+03 7.05747507e+03 2.61823811e+01
v 6.50985366e+03 7.05402763e+03 2.69389671e+01
v 6.50951838e+03 7.05493008e+03 2.45993604e+01
v 6.51533860e+03 7.05536196e+03 2.89993746e+01
v 6.51385507e+03 7.05556200e+03 3.05176062e+01
v 6.51826970e+03 7.06089982e+03 2.36859664e+01
v 6.51852456e+03 7.05933271e+03 2.81183078e+01
v 6.51196389e+03 7.05345675e+03 2.54675056e+01
v 6.51451521e+03 7.05867784e+03 2.25440050e+01
v 6.51286411e+03 7.05702908e+03 2.35331248e+01
v 6.51300064e+03 7.05646855e+03 2.75654275e+01
v 6.50935379e+03 7.05836648e+03 2.11403602e+01
v 6.51026041e+03 7.05804958e+03 1.88260859e+01
v 6.50629114e+03 7.05967485e+03 2.04905125e+01
v 6.50777136e+03 7.05870418e+03 1.86684673e+01
v 6.50760713e+03 7.06007147e+03 2.17778998e+01
v 6.50565664e+03 7.06196557e+03 2.24363954e+01
v 6.50536458e+03 7.05542634e+03 2.82858346e+01
v 6.50526614e+03 7.05893122e+03 1.98267281e+01
v 6.50741448e+03 7.06220442e+03 1.79720751e+01
v 6.50469525e+03 7.06180126e+03 1.99860772e+01
v 6.51172520e+03 7.05623803e+03 2.23721155e+01
v 6.51723318e+03 7.06288437e+03 2.13654086e+01
v 6.51979457e+03 7.06010418e+03 2.24129042e+01
v 6.51841025e+03 7.06170240e+03 2.24218711e+01
v 6.51349274e+03 7.05839810e+03 1.86806071e+01
v 6.51407699e+03 7.05855006e+03 2.06478166e+01
v 6.51719454e+03 7.05548588e+03 2.46055663e+01
v 6.51738629e+03 7.05833645e+03 2.09932911e+01
v 6.51056230e+03 7.04895136e+03 1.48371523e+01
v 6.50749552e+03 7.04933360e+03 1.18334472e+01
v 6.50675558e+03 7.04392384e+03 1.44132754e+01
v 6.50327824e+03 7.04081847e+03 1.33441837e+01
v 6.50199746e+03 7.03053480e+03 1.47704472e+01
v 6.50309678e+03 7.03208278e+03 1.47472576e+01
v 6.50120785e+03 7.02838642e+03 1.36702410e+01
v 6.50000000e+03 7.02556464e+03 1.42733702e+01
v 6.50000000e+03 7.02671456e+03 1.37327064e+01
v 6.50363919e+03 7.03434042e+03 1.40851290e+01
v 6.50000000e+03 7.04444952e+03 1.29580177e+01
v 6.50973402e+03 7.04382808e+03 1.71844868e+01
v 6.50645165e+03 7.04287878e+03 1.48768480e+01
v 6.50750889e+03 7.04530404e+03 1.23607827e+01
v 6.50396439e+03 7.04743016e+03 1.19110235e+01
v 6.51124804e+03 7.04506594e+03 2.92912708e+01
v 6.51246675e+03 7.04486151e+03 2.58480100e+01
v 6.51279382e+03 7.04467871e+03 2.34160136e+01
v 6.51261698e+03 7.06066128e+03 1.50308582e+01
v 6.51269425e+03 7.06195148e+03 1.43990200e+01
v 6.50247405e+03 7.05909159e+03 1.28968828e+01
v 6.50000000e+03 7.06114460e+03 1.28084992e+01
v 6.50828159e+03 7.05952077e+03 1.74486815e+01
v 6.51492440e+03 7.05823919e+03 1.46575191e+01
v 6.51242304e+03 7.06041416e+03 1.40575114e+01
v 6.51006528e+03 7.05743747e+03 1.38480459e+01
v 6.51275242e+03 7.05836119e+03 1.55005139e+01
v 6.51256419e+03 7.05551886e+03 1.39126818e+01
v 6.51677180e+03 7.04595846e+03 1.27429045e+01
v 6.51542948e+03 7.04589491e+03 9.96235772e+00
v 6.51660075e+03 7.02673368e+03 2.59029828e+01
v 6.51807163e+03 7.02632606e+03 2.51355616e+01
v 6.50108383e+03 7.03414643e+03 2.33023597e+01
v 6.50178206e+03 7.03442101e+03 2.52431017e+01
v 6.50133560e+03 7.01396910e+03 2.55515956e+01
v 6.50247081e+03 7.01364158e+03 2.83719232e+01
v 6.51094459e+03 7.01204450e+03 2.84437281e+01
v 6.51052593e+03 7.01385383e+03 2.65582298e+01
v 6.51374435e+03 7.02000327e+03 2.56282685e+01
v 6.51559177e+03 7.02163719e+03 2.58812320e+01
v 6.51243596e+03 7.01598822e+03 2.39061119e+01
v 6.51133119e+03 7.01611044e+03 2.19060040e+01
v 6.51042161e+03 7.01429861e+03 2.56436910e+01
v 6.50861708e+03 7.01283672e+03 2.71772082e+01
v 6.51451651e+03 7.00185873e+03 2.41202474e+01
v 6.51642906e+03 7.00276312e+03 2.59751077e+01
v 6.51548577e+03 7.00384504e+03 2.44481519e+01
v 6.51556728e+03 7.00371859e+03 2.41985201e+01
v 6.51575714e+03 7.00393075e+03 2.46252195e+01
v 6.51713548e+03 7.00444644e+03 2.25614096e+01
v 6.51798250e+03 7.00540298e+03 2.37881066e+01
v 6.51725170e+03 7.00000000e+03 2.54270504e+01
v 6.51632746e+03 7.00211277e+03 2.91551589e+01
v 6.51747057e+03 7.00000000e+03 2.87538824e+01
v 6.51453430e+03 7.04731347e+03 1.54395335e+01
v 6.51356313e+03 7.04710920e+03 1.01924567e+01
v 6.51301460e+03 7.04542248e+03 2.16607421e+01
v 6.51622909e+03 7.04437310e+03 1.89201696e+01
v 6.50561482e+03 7.04189430e+03 1.75047411e+01
v 6.50495813e+03 7.03972763e+03 1.57954786e+01
v 6.50285909e+03 7.04203380e+03 2.16757478e+01
v 6.50441395e+03 7.03517000e+03 1.61606889e+01
v 6.50310351e+03 7.03494153e+03 1.94460789e+01
v 6.50257893e+03 7.03873140e+03 2.17361484e+01
v 6.51505687e+03 7.04333916e+03 2.34492282e+01
v 6.50044493e+03 7.02639350e+03 1.47869275e+01
v 6.50592286e+03 7.03296034e+03 1.43924373e+01
v 6.51407755e+03 7.01889152e+03 2.40549780e+01
v 6.51306281e+03 7.01765226e+03 2.25902114e+01
v 6.50879550e+03 7.01156141e+03 2.45624223e+01
v 6.50758854e+03 7.01134901e+03 2.27534943e+01
v 6.50255918e+03 7.01332178e+03 2.21871540e+01
v 6.50289377e+03 7.01163934e+03 2.54318278e+01
v 6.51516782e+03 7.00385389e+03 2.08426271e+01
v 6.51392526e+03 7.00457957e+03 2.26842667e+01
v 6.50968133e+03 7.01020430e+03 2.14236579e+01
v 6.50680296e+03 7.00770509e+03 1.78671685e+01
v 6.51565529e+03 7.00330955e+03 2.18799760e+01
v 6.51487704e+03 7.00107857e+03 2.29128457e+01
v 6.50634444e+03 7.00198379e+03 2.09024811e+01
v 6.50601655e+03 7.00000000e+03 1.90928373e+01
v 6.51083093e+03 7.00000000e+03 2.19783117e+01
v 6.50996854e+03 7.00000000e+03 2.01476036e+01
v 6.51238749e+03 7.00161195e+03 2.07392716e+01
v 6.50173905e+03 7.01237980e+03 2.61708100e+01
v 6.50603922e+03 7.01156244e+03 2.33113355e+01
v 6.50717791e+03 7.01073944e+03 2.45746875e+01
v 6.50000000e+03 7.00634940e+03 1.85559680e+01
v 6.50084214e+03 7.00744224e+03 2.02189850e+01
v 6.50000000e+03 7.00209249e+03 1.46142470e+01
v 6.50000000e+03 7.00461394e+03 1.77847690e+01
v 6.50000000e+03 7.01784624e+03 1.52553886e+01
v 6.50126513e+03 7.01825784e+03 1.54493630e+01
v 6.50115909e+03 7.00000000e+03 1.69920803e+01
v 6.50110307e+03 7.00119303e+03 1.50625724e+01
v 6.50273736e+03 7.01158986e+03 1.99298725e+01
v 6.50152855e+03 7.01349842e+03 1.85977078e+01
v 6.50391846e+03 7.00942498e+03 2.01943633e+01
v 6.50538223e+03 7.01182496e+03 2.08439654e+01
v 6.51800552e+03 7.01523518e+03 2.12430613e+01
v 6.51631948e+03 7.01613156e+03 2.14934560e+01
v 6.51472586e+03 7.02388506e+03 2.27048704e+01
v 6.51701593e+03 7.02484700e+03 2.53552591e+01
v 6.51646199e+03 7.02383483e+03 2.29000669e+01
v 6.51676014e+03 7.04700737e+03 1.54879160e+01
v 6.51807103e+03 7.04538297e+03 1.58472210e+01
v 6.52183363e+03 7.04427602e+03 1.72342493e+01
v 6.51683668e+03 7.02798074e+03 2.71050599e+01
v 6.51115152e+03 7.00117134e+03 2.55924879e+01
v 6.50955269e+03 7.00400499e+03 2.99797999e+01
v 6.50782139e+03 7.00000000e+03 2.80837642e+01
v 6.50977690e+03 7.00000000e+03 2.57049194e+01
v 6.50709408e+03 7.00145977e+03 3.05466483e+01
v 6.51381372e+03 7.00517199e+03 2.95634249e+01
v 6.51499207e+03 7.00304665e+03 2.59955858e+01
v 6.50784871e+03 7.01162199e+03 2.92637912e+01
v 6.50609128e+03 7.01256149e+03 3.00722494e+01
v 6.50902546e+03 7.01119043e+03 2.90761210e+01
v 6.50582240e+03 7.01210289e+03 2.80972217e+01
v 6.50464350e+03 7.01362202e+03 2.65520957e+01
v 6.51684255e+03 7.00477572e+03 2.55813498e+01
v 6.50612093e+03 7.00428877e+03 1.83783986e+01
v 6.50273387e+03 7.00121645e+03 1.79967349e+01
v 6.51563385e+03 7.00210909e+03 1.97312620e+01
v 6.51544524e+03 7.00088469e+03 2.15972393e+01
v 6.50333307e+03 7.00000000e+03 1.86302939e+01
v 6.50233410e+03 7.00000000e+03 1.76937905e+01
v 6.51725430e+03 7.00151163e+03 2.03780379e+01
v 6.51782927e+03 7.01321067e+03 2.18919853e+01
v 6.50305742e+03 7.01913322e+03 2.87833508e+01
v 6.50066755e+03 7.01898451e+03 2.78028817e+01
v 6.50140422e+03 7.01422504e+03 2.96884522e+01
v 6.50000000e+03 7.01559246e+03 2.82203021e+01
v 6.50188996e+03 7.00083909e+03 2.95226447e+01
v 6.50000000e+03 7.00146052e+03 3.05259242e+01
v 6.50000000e+03 7.00160178e+03 3.17769171e+01
v 6.50072199e+03 7.00049971e+03 3.07920834e+01
v 6.50540869e+03 7.00000000e+03 2.89866217e+01
v 6.50721229e+03 7.05467167e+03 2.49733044e+01
v 6.51212243e+03 7.05302982e+03 2.89477337e+01
v 6.51303123e+03 7.05503429e+03 2.97489957e+01
v 6.50823764e+03 7.05688655e+03 2.31412108e+01
v 6.50676066e+03 7.05997944e+03 2.32546940e+01
v 6.51665347e+03 7.05708736e+03 2.73306965e+01
v 6.51732973e+03 7.05800567e+03 2.81423208e+01
v 6.50390943e+03 7.01706857e+03 3.00970713e+01
v 6.50328151e+03 7.01745988e+03 2.79898918e+01
v 6.50982198e+03 7.01945720e+03 2.77555692e+01
v 6.50843591e+03 7.01998588e+03 2.85435506e+01
v 6.50481304e+03 7.03489983e+03 3.10520744e+01
v 6.50577032e+03 7.03555394e+03 2.65056000e+01
v 6.50482177e+03 7.01178141e+03 2.86003613e+01
v 6.50556652e+03 7.03406277e+03 1.38572580e+01
v 6.51555554e+03 7.04457938e+03 2.79910989e+01
v 6.50919133e+03 7.04470210e+03 2.67704371e+01
v 6.50395072e+03 7.03483423e+03 2.52090802e+01
v 6.50402925e+03 7.03389242e+03 2.86313436e+01
v 6.50444430e+03 7.03790184e+03 1.46324783e+01
v 6.51525886e+03 7.02514093e+03 3.07437441e+01
v 6.51677336e+03 7.02654795e+03 2.85083013e+01
v 6.51615268e+03 7.02713235e+03 3.04972622e+01
v 6.50544469e+03 7.01358669e+03 3.08389550e+01
v 6.50738568e+03 7.01458748e+03 3.07759232e+01
v 6.50349726e+03 7.02051446e+03 2.98688153e+01
v 6.50534547e+03 7.01988437e+03 3.01312363e+01
v 6.50522480e+03 7.03661005e+03 2.80238183e+01
v 6.50193526e+03 7.02265302e+03 3.15511785e+01
v 6.50183095e+03 7.02342169e+03 3.05679969e+01
v 6.50000000e+03 7.02546808e+03 2.97516726e+01
v 6.50000000e+03 7.02586744e+03 3.10265547e+01
v 6.50097693e+03 7.02544286e+03 3.21672143e+01
v 6.51272449e+03 7.05420656e+03 2.74612839e+01
v 6.51393941e+03 7.05492585e+03 2.62677615e+01
v 6.51667675e+03 7.05976127e+03 1.87182348e+01
v 6.51576616e+03 7.05815018e+03 2.08174609e+01
v 6.51118603e+03 7.05391591e+03 2.69571220e+01
v 6.50760825e+03 7.05927242e+03 2.00070591e+01
v 6.50935213e+03 7.06248921e+03 1.37559800e+01
v 6.50803563e+03 7.06074487e+03 1.37787858e+01
v 6.50152698e+03 7.00346358e+03 1.77538558e+01
v 6.50517004e+03 7.01313733e+03 2.28941648e+01
v 6.50000000e+03 7.01680645e+03 1.59925855e+01
v 6.50000000e+03 7.01464591e+03 1.73917190e+01
v 6.50092277e+03 7.01649491e+03 1.68787389e+01
v 6.51734836e+03 7.01699697e+03 2.11308774e+01
v 6.50000000e+03 7.01988175e+03 1.52480374e+01
v 6.50459031e+03 7.00132903e+03 2.01122022e+01
v 6.50349882e+03 7.00402506e+03 2.01985496e+01
v 6.51763468e+03 7.00308347e+03 2.11000264e+01
v 6.50429916e+03 7.00745799e+03 1.80269227e+01
v 6.50673473e+03 7.04275458e+03 2.87638639e+01
v 6.51507541e+03 7.04491244e+03 1.02388933e+01
v 6.50152816e+03 7.03143612e+03 3.04081045e+01
v 6.50000000e+03 7.03359904e+03 2.75576892e+01
v 6.50755722e+03 7.01949777e+03 2.92186047e+01
v 6.50627784e+03 7.01704832e+03 2.90298482e+01
v 6.50232141e+03 7.01227675e+03 2.97742791e+01
v 6.51253371e+03 7.01486432e+03 2.58667023e+01
v 6.50879231e+03 7.06153153e+03 1.51403287e+01
v 6.51311092e+03 7.00437281e+03 2.02814848e+01
v 6.50265573e+03 7.01202721e+03 2.14217283e+01
v 6.50633562e+03 7.02039762e+03 3.00877817e+01
v 6.51234221e+03 7.01745727e+03 2.17586942e+01
v 6.50933986e+03 7.02536599e+03 3.13278829e+01
v 6.51102155e+03 7.02459196e+03 3.19218393e+01
v 6.51724862e+03 7.02913232e+03 2.80368619e+01
v 6.50303660e+03 7.02091283e+03 3.18007073e+01
v 6.50236994e+03 7.01704487e+03 2.96473447e+01
v 6.50423744e+03 7.01532820e+03 3.03196732e+01
v 6.51184167e+03 7.00069659e+03 2.21255066e+01
v 6.51244771e+03 7.01386473e+03 2.90377296e+01
v 6.50609241e+03 7.05929191e+03 3.19791929e+01
v 6.50556124e+03 7.06095923e+03 2.92919554e+01
v 6.51062419e+03 7.06028967e+03 3.38901230e+01
v 6.50959444e+03 7.05948562e+03 3.36766649e+01
v 6.51838953e+03 7.06136155e+03 3.41154511e+01
v 6.51772806e+03 7.06128722e+03 3.25918429e+01
v 6.51710189e+03 7.06211345e+03 3.26644521e+01
v 6.50800595e+03 7.06257269e+03 3.30437193e+01
v 6.50688630e+03 7.06113201e+03 3.33246062e+01
v 6.51809178e+03 7.02883152e+03 3.42559477e+01
v 6.51709508e+03 7.02975825e+03 3.47479873e+01
v 6.51622797e+03 7.03581390e+03 3.43650861e+01
v 6.51606582e+03 7.03511873e+03 3.58577476e+01
v 6.51807480e+03 7.03602448e+03 3.52559276e+01
v 6.51731029e+03 7.03450569e+03 3.46552950e+01
v 6.50250243e+03 7.03281507e+03 3.11844475e+01
v 6.51171768e+03 7.03468073e+03 3.42750901e+01
v 6.51393568e+03 7.03675787e+03 3.52594032e+01
v 6.50861060e+03 7.02305634e+03 3.09980274e+01
v 6.50504328e+03 7.00143896e+03 3.23294450e+01
v 6.50402370e+03 7.00227122e+03 3.19138829e+01
v 6.51338430e+03 7.06128092e+03 3.60544944e+01
v 6.51281130e+03 7.06088421e+03 3.49544615e+01
v 6.51859858e+03 7.06006454e+03 3.35013348e+01
v 6.51483712e+03 7.06024987e+03 3.65278483e+01
v 6.51487677e+03 7.06080469e+03 3.52131026e+01
v 6.51214832e+03 7.05860043e+03 3.23592200e+01
v 6.50000000e+03 7.01916033e+03 1.96840873e+01
v 6.50149856e+03 7.01704123e+03 1.96951455e+01
v 6.50000000e+03 7.03174390e+03 2.03304102e+01
v 6.50000000e+03 7.02966757e+03 1.76704074e+01
v 6.50069753e+03 7.02938511e+03 1.67969804e+01
v 6.51397494e+03 7.06198156e+03 3.61443832e+01
v 6.51607546e+03 7.06106854e+03 3.50706787e+01
v 6.52009814e+03 7.04350013e+03 2.08220862e+01
v 6.51202623e+03 7.03680748e+03 3.39334814e+01
v 6.51535529e+03 7.00292776e+03 1.93175790e+01
v 6.50000000e+03 7.03719193e+03 1.29782422e+01
v 6.50000000e+03 7.02440780e+03 1.40438143e+01
v 6.50058360e+03 7.02332319e+03 1.62523524e+01
v 6.50000000e+03 7.02619408e+03 1.62627043e+01
v 6.50146242e+03 7.02149096e+03 1.55389409e+01
v 6.51457639e+03 7.06068646e+03 1.72685736e+01
v 6.50327467e+03 7.03239097e+03 1.66112869e+01
v 6.50638539e+03 7.01066211e+03 2.08162377e+01
v 6.50000000e+03 7.00000000e+03 2.62802243e+01
v 6.50792090e+03 7.00000000e+03 1.90579960e+01
v 6.50785543e+03 7.04506608e+03 2.24213048e+01
v 6.50000000e+03 7.02421601e+03 1.65424377e+01
v 6.50000000e+03 7.02827028e+03 1.69201508e+01
v 6.50776240e+03 7.00181874e+03 1.97303454e+01
v 6.50000000e+03 7.03379966e+03 2.42607784e+01
v 6.50000000e+03 7.00011866e+03 1.52430946e+01
v 6.50000000e+03 7.00000000e+03 1.62116111e+01
v 6.50000000e+03 7.00113174e+03 2.84041234e+01
v 6.50000000e+03 7.01210996e+03 1.74347944e+01
v 6.50000000e+03 7.02135595e+03 1.80973743e+01
v 6.50000000e+03 7.02722885e+03 1.67833718e+01
v 6.50000000e+03 7.02659774e+03 3.21175066e+01
v 6.50000000e+03 7.02061680e+03 2.99315563e+01
v 6.50000000e+03 7.02112334e+03 2.94192968e+01
v 6.50000000e+03 7.03097790e+03 3.15385184e+01
v 6.50000000e+03 7.01830697e+03 2.84824557e+01
v 6.50000000e+03 7.01939858e+03 2.92326682e+01
v 6.50000000e+03 7.04621121e+03 1.21751295e+01
v 6.50000000e+03 7.03045446e+03 1.31793862e+01
v 6.50000000e+03 7.02330115e+03 1.69823727e+01
v 6.50000000e+03 7.02274660e+03 1.53485731e+01
v 6.50000000e+03 7.01523733e+03 2.56708002e+01
v 6.50000000e+03 7.00080399e+03 3.37154497e+01
v 6.50000000e+03 7.00000000e+03 3.36212172e+01
v 6.50000000e+03 7.02264857e+03 2.91635613e+01
v 6.50000000e+03 7.02409536e+03 2.98962943e+01
v 6.52011310e+03 7.06052674e+03 2.77814253e+01
v 6.54458530e+03 7.00455329e+03 3.32482132e+01
v 6.54151639e+03 7.00144153e+03 3.26127134e+01
v 6.54387469e+03 7.01439417e+03 4.47202266e+01
v 6.53859074e+03 7.01522827e+03 3.29297529e+01
v 6.54510251e+03 7.01178649e+03 4.53554378e+01
v 6.52359420e+03 7.03306714e+03 2.10908527e+01
v 6.52288090e+03 7.03542495e+03 2.16489710e+01
v 6.54244933e+03 7.06070745e+03 2.40205735e+01
v 6.54265801e+03 7.05921870e+03 2.49173520e+01
v 6.54146931e+03 7.06071781e+03 2.46908407e+01
v 6.54258455e+03 7.05584814e+03 2.38977893e+01
v 6.51057375e+03 7.00566115e+03 2.06559992e+01
v 6.51011880e+03 7.00802248e+03 2.17868756e+01
v 6.51013217e+03 7.06122504e+03 1.41283058e+01
v 6.50889424e+03 7.00413235e+03 1.93755914e+01
v 6.51588896e+03 7.02354993e+03 2.68856187e+01
v 6.51598944e+03 7.02360847e+03 2.85351118e+01
v 6.51318287e+03 7.02092673e+03 2.88520779e+01
v 6.51262472e+03 7.01954660e+03 2.75566690e+01
v 6.50474262e+03 7.01236781e+03 2.57688458e+01
v 6.51820973e+03 7.02669223e+03 2.59250563e+01
v 6.51841139e+03 7.02495255e+03 2.42616394e+01
v 6.51515940e+03 7.02311658e+03 2.47629977e+01
v 6.51591720e+03 7.02234736e+03 2.37071472e+01
v 6.51454205e+03 7.02144512e+03 2.63410755e+01
v 6.51497494e+03 7.02140320e+03 2.84412852e+01
v 6.51687112e+03 7.02206890e+03 2.79302288e+01
v 6.51199006e+03 7.01548774e+03 2.76999996e+01
v 6.51126757e+03 7.01691760e+03 2.76087607e+01
v 6.51204158e+03 7.01624771e+03 2.63436439e+01
v 6.51401748e+03 7.02023278e+03 2.80893055e+01
v 6.51041447e+03 7.01885787e+03 2.83826180e+01
v 6.51102144e+03 7.01577065e+03 2.77589705e+01
v 6.51292969e+03 7.01895468e+03 2.61923667e+01
v 6.51312844e+03 7.01795134e+03 2.64376322e+01
v 6.51259377e+03 7.01753206e+03 2.74870156e+01
v 6.50717974e+03 7.01112063e+03 2.60921322e+01
v 6.50322210e+03 7.01274451e+03 2.74709257e+01
v 6.51147298e+03 7.02117826e+03 2.79941098e+01
v 6.51409727e+03 7.00988158e+03 2.50723417e+01
v 6.51385283e+03 7.00859172e+03 2.37584454e+01
v 6.51395473e+03 7.00814191e+03 2.49656456e+01
v 6.51679809e+03 7.01000945e+03 2.69323212e+01
v 6.51473817e+03 7.00861875e+03 2.65175043e+01
v 6.51803418e+03 7.01046248e+03 2.54727784e+01
v 6.51563517e+03 7.01107791e+03 2.54348678e+01
v 6.51491040e+03 7.00701498e+03 2.56195206e+01
v 6.51593127e+03 7.01219642e+03 2.46094627e+01
v 6.51433763e+03 7.01263254e+03 2.40707402e+01
v 6.51285379e+03 7.01080821e+03 2.33010643e+01
v 6.51774262e+03 7.01469823e+03 2.31267415e+01
v 6.51706638e+03 7.01439112e+03 2.39432728e+01
v 6.51741442e+03 7.01272787e+03 2.43950235e+01
v 6.51836270e+03 7.01360279e+03 2.46310521e+01
v 6.50999315e+03 7.01687833e+03 2.84132084e+01
v 6.51349981e+03 7.01665573e+03 2.52486209e+01
v 6.51464902e+03 7.01879357e+03 2.60382772e+01
v 6.51593842e+03 7.01437887e+03 2.45910942e+01
v 6.51552663e+03 7.01458402e+03 2.37980193e+01
v 6.51182345e+03 7.01413627e+03 2.45320337e+01
v 6.51035622e+03 7.01324658e+03 2.49436736e+01
v 6.50978472e+03 7.01309832e+03 2.28565569e+01
v 6.50919440e+03 7.01269272e+03 2.41747820e+01
v 6.51048754e+03 7.01386258e+03 2.29723662e+01
v 6.50823707e+03 7.01328150e+03 2.51832854e+01
v 6.51651759e+03 7.01114922e+03 2.28739885e+01
v 6.51362347e+03 7.01460802e+03 2.40395741e+01
v 6.51307267e+03 7.01427394e+03 2.29387242e+01
v 6.51607655e+03 7.01602419e+03 2.30268689e+01
v 6.50421172e+03 7.01218745e+03 2.49095659e+01
v 6.50570167e+03 7.01069941e+03 2.52083096e+01
v 6.50982577e+03 7.01159508e+03 2.32744966e+01
v 6.51295389e+03 7.00603232e+03 2.35757292e+01
v 6.51429386e+03 7.00658886e+03 2.45481562e+01
v 6.51637265e+03 7.00824465e+03 2.67637364e+01
v 6.51855475e+03 7.00790797e+03 2.56261346e+01
v 6.51771766e+03 7.00576217e+03 2.57331175e+01
v 6.51607255e+03 7.00345429e+03 2.82229955e+01
v 6.51809730e+03 7.00702058e+03 2.48571074e+01
v 6.51465807e+03 7.00571128e+03 2.54920190e+01
v 6.50065888e+03 7.00625710e+03 1.90336184e+01
v 6.50000000e+03 7.00835783e+03 1.91373698e+01
v 6.50168275e+03 7.00855028e+03 1.85257584e+01
v 6.50000000e+03 7.00908888e+03 1.85041193e+01
v 6.50261496e+03 7.00607297e+03 1.74746353e+01
v 6.50195554e+03 7.00494776e+03 1.80816298e+01
v 6.50330760e+03 7.00483739e+03 1.84825165e+01
v 6.50546973e+03 7.00426811e+03 1.92708512e+01
v 6.51219016e+03 7.01833213e+03 2.10780440e+01
v 6.51227572e+03 7.01745404e+03 2.06945095e+01
v 6.50578773e+03 7.00560753e+03 1.76323331e+01
v 6.50000000e+03 7.02112536e+03 1.58496804e+01
v 6.51752987e+03 7.01944104e+03 2.10208210e+01
v 6.51470087e+03 7.01818885e+03 2.18835886e+01
v 6.51373382e+03 7.01941232e+03 2.15414766e+01
v 6.51606241e+03 7.01741928e+03 2.20027765e+01
v 6.51464464e+03 7.01712450e+03 2.35088672e+01
v 6.51284011e+03 7.01720540e+03 2.17299821e+01
v 6.51215106e+03 7.01562932e+03 2.16692369e+01
v 6.51561386e+03 7.01808900e+03 2.06519372e+01
v 6.51647471e+03 7.02125745e+03 2.25930174e+01
v 6.51230369e+03 7.01250657e+03 2.26061439e+01
v 6.51409670e+03 7.01554247e+03 2.32758382e+01
v 6.51726036e+03 7.01585064e+03 2.37109897e+01
v 6.51169725e+03 7.01274615e+03 2.36322637e+01
v 6.51168901e+03 7.01105054e+03 2.33038530e+01
v 6.51237374e+03 7.00894180e+03 2.32402859e+01
v 6.51785569e+03 7.00996793e+03 2.41920990e+01
v 6.51141420e+03 7.00944062e+03 2.18384068e+01
v 6.51095617e+03 7.00689295e+03 2.33220196e+01
v 6.51115590e+03 7.01147593e+03 2.17701070e+01
v 6.51696680e+03 7.01795714e+03 2.20143652e+01
v 6.51806499e+03 7.01312937e+03 2.33127600e+01
v 6.51794559e+03 7.01131962e+03 2.20256100e+01
v 6.51644733e+03 7.00000000e+03 2.12347475e+01
v 6.50526923e+03 7.00292447e+03 1.94575347e+01
v 6.51774012e+03 7.00000000e+03 2.18282240e+01
v 6.51855515e+03 7.00100740e+03 2.09140066e+01
v 6.51901454e+03 7.00806999e+03 2.30395791e+01
v 6.51910882e+03 7.00000000e+03 2.09144245e+01
v 6.51931155e+03 7.01067598e+03 2.29420165e+01
v 6.51895415e+03 7.01037878e+03 2.39999698e+01
v 6.51687654e+03 7.01473839e+03 2.48247211e+01
v 6.51882546e+03 7.02317497e+03 2.16753879e+01
v 6.51864771e+03 7.02116512e+03 2.13308331e+01
v 6.51881969e+03 7.02662612e+03 2.27026120e+01
v 6.51998389e+03 7.02735537e+03 2.42816434e+01
v 6.51916909e+03 7.04235566e+03 2.34242432e+01
v 6.51791481e+03 7.04247196e+03 2.28080574e+01
v 6.51812693e+03 7.05980400e+03 3.11944633e+01
v 6.51573036e+03 7.01962170e+03 2.12031633e+01
v 6.51932679e+03 7.02044896e+03 2.18290012e+01
v 6.51889912e+03 7.02503146e+03 2.28278275e+01
v 6.51763110e+03 7.02538925e+03 2.19360746e+01
v 6.51645391e+03 7.00000000e+03 3.05207370e+01
v 6.51556416e+03 7.00000000e+03 3.22038912e+01
v 6.51498721e+03 7.00086480e+03 3.31874507e+01
v 6.51421479e+03 7.00357974e+03 3.38113458e+01
v 6.51216335e+03 7.00340686e+03 3.31384897e+01
v 6.51450467e+03 7.00377666e+03 3.22982279e+01
v 6.51192334e+03 7.00493237e+03 3.27944913e+01
v 6.50456210e+03 7.00000000e+03 3.23378725e+01
v 6.50273466e+03 7.00000000e+03 3.16257526e+01
v 6.50909355e+03 7.00000000e+03 3.15073075e+01
v 6.50814563e+03 7.00070191e+03 3.26394466e+01
v 6.51716082e+03 7.04285490e+03 2.90937000e+01
v 6.51708318e+03 7.04438098e+03 2.68331579e+01
v 6.50942084e+03 7.00041021e+03 3.10448939e+01
v 6.50974599e+03 7.00058472e+03 3.31884896e+01
v 6.51640848e+03 7.00137015e+03 3.09759910e+01
v 6.51094130e+03 7.00497906e+03 3.13391471e+01
v 6.51576976e+03 7.00330583e+03 3.14532162e+01
v 6.51037811e+03 7.00420976e+03 3.25386680e+01
v 6.50814412e+03 7.00219811e+03 3.13164793e+01
v 6.50948208e+03 7.00000000e+03 3.13253538e+01
v 6.50964423e+03 7.00000000e+03 3.18058613e+01
v 6.50972033e+03 7.00236744e+03 3.25104417e+01
v 6.51333076e+03 7.02390884e+03 3.18207814e+01
v 6.51407034e+03 7.02263469e+03 2.82107643e+01
v 6.51137399e+03 7.02352556e+03 2.89028740e+01
v 6.51281681e+03 7.02263869e+03 2.91532731e+01
v 6.50962105e+03 7.01640348e+03 3.06279129e+01
v 6.50837416e+03 7.01442309e+03 3.02675329e+01
v 6.50974018e+03 7.02179276e+03 3.10984703e+01
v 6.50861755e+03 7.02071776e+03 2.99853742e+01
v 6.50957731e+03 7.02168571e+03 2.90920245e+01
v 6.51006472e+03 7.02388435e+03 2.97196854e+01
v 6.50856207e+03 7.01728229e+03 2.89562726e+01
v 6.50861367e+03 7.01870628e+03 3.00117495e+01
v 6.50871033e+03 7.01551309e+03 2.92127671e+01
v 6.51061914e+03 7.01610817e+03 2.94084374e+01
v 6.51190965e+03 7.01223339e+03 3.02109808e+01
v 6.51161184e+03 7.01457914e+03 3.05731766e+01
v 6.50417713e+03 7.01261582e+03 3.04404379e+01
v 6.50513856e+03 7.01198747e+03 3.02753872e+01
v 6.50630123e+03 7.01622546e+03 3.05683189e+01
v 6.51119503e+03 7.01346380e+03 3.10060137e+01
v 6.51122060e+03 7.01492930e+03 2.90729098e+01
v 6.50727761e+03 7.01493126e+03 2.95838693e+01
v 6.50794974e+03 7.01359077e+03 3.10196234e+01
v 6.50791632e+03 7.01200498e+03 3.02138952e+01
v 6.51020718e+03 7.01200871e+03 3.02644674e+01
v 6.50708690e+03 7.02007844e+03 3.13774235e+01
v 6.50493979e+03 7.01629561e+03 3.02294499e+01
v 6.50196088e+03 7.01999326e+03 3.04518421e+01
v 6.51045765e+03 7.02180493e+03 2.76722761e+01
v 6.50514610e+03 7.01498218e+03 3.11120429e+01
v 6.50262615e+03 7.01390490e+03 3.11700948e+01
v 6.51515964e+03 7.02209279e+03 2.91053892e+01
v 6.50537832e+03 7.04299134e+03 2.51417588e+01
v 6.50702651e+03 7.04298677e+03 3.05126715e+01
v 6.51876218e+03 7.04205226e+03 2.97138444e+01
v 6.51675610e+03 7.04376708e+03 2.92684830e+01
v 6.51495378e+03 7.04310459e+03 3.06322088e+01
v 6.51229118e+03 7.04350394e+03 3.05668424e+01
v 6.51353459e+03 7.04451789e+03 2.90430870e+01
v 6.51080832e+03 7.05180252e+03 2.96117966e+01
v 6.51621756e+03 7.04222006e+03 2.95332278e+01
v 6.50440909e+03 7.04008600e+03 2.99300222e+01
v 6.50388648e+03 7.03917404e+03 2.87067715e+01
v 6.50564496e+03 7.03598319e+03 3.13101877e+01
v 6.51638875e+03 7.04228372e+03 3.11002498e+01
v 6.51368449e+03 7.04124063e+03 3.20210243e+01
v 6.51632623e+03 7.04105362e+03 3.18378381e+01
v 6.51604421e+03 7.03910683e+03 3.31274166e+01
v 6.51306161e+03 7.03702108e+03 3.28392530e+01
v 6.51789268e+03 7.04018352e+03 3.22957265e+01
v 6.51710845e+03 7.03763596e+03 3.22183696e+01
v 6.51202751e+03 7.04074804e+03 3.31032178e+01
v 6.51749353e+03 7.03673886e+03 3.30623782e+01
v 6.51463465e+03 7.02656816e+03 3.27553982e+01
v 6.51597407e+03 7.02916163e+03 3.26645663e+01
v 6.51678469e+03 7.02990896e+03 3.16681748e+01
v 6.51797795e+03 7.02923762e+03 3.09670032e+01
v 6.51575485e+03 7.02898156e+03 3.06592460e+01
v 6.51242278e+03 7.02542778e+03 3.31484592e+01
v 6.50910499e+03 7.01303890e+03 3.15816383e+01
v 6.50964643e+03 7.01407339e+03 3.08602180e+01
v 6.51009468e+03 7.01521907e+03 3.09808604e+01
v 6.50650958e+03 7.02132682e+03 3.26056536e+01
v 6.50836569e+03 7.01216475e+03 3.13833444e+01
v 6.50189516e+03 7.01648476e+03 2.98945586e+01
v 6.50399702e+03 7.02233299e+03 3.26018586e+01
v 6.50249739e+03 7.01533151e+03 3.09811910e+01
v 6.50432000e+03 7.01387012e+03 3.16030031e+01
v 6.50255389e+03 7.03432363e+03 3.29687386e+01
v 6.50351192e+03 7.03128763e+03 3.31077051e+01
v 6.50532999e+03 7.03160492e+03 3.39681721e+01
v 6.50672309e+03 7.03835044e+03 3.28345124e+01
v 6.50693616e+03 7.03708963e+03 3.24114579e+01
v 6.50900100e+03 7.02533269e+03 3.35248808e+01
v 6.50807638e+03 7.05607899e+03 3.40905087e+01
v 6.50973063e+03 7.05562277e+03 3.37277000e+01
v 6.50857639e+03 7.05681385e+03 3.23446464e+01
v 6.50892863e+03 7.04109711e+03 3.23003663e+01
v 6.50912503e+03 7.04293228e+03 3.21253806e+01
v 6.50250984e+03 7.02237065e+03 3.32273358e+01
v 6.50674204e+03 7.02343473e+03 3.34092034e+01
v 6.50275084e+03 7.02365798e+03 3.40674800e+01
v 6.50116332e+03 7.02388691e+03 3.20895034e+01
v 6.50836713e+03 7.02320948e+03 3.27705658e+01
v 6.50595844e+03 7.04003680e+03 3.21488541e+01
v 6.50478422e+03 7.03834411e+03 3.10937884e+01
v 6.50000000e+03 7.03013655e+03 3.24828968e+01
v 6.50609457e+03 7.03465025e+03 3.22899122e+01
v 6.50122755e+03 7.02154946e+03 3.08828114e+01
v 6.50078027e+03 7.02409767e+03 3.04751167e+01
v 6.50061305e+03 7.02295850e+03 2.90161009e+01
v 6.50181814e+03 7.02211390e+03 2.96384965e+01
v 6.50234788e+03 7.03123152e+03 3.20310889e+01
v 6.50000000e+03 7.02917160e+03 3.25290459e+01
v 6.50000000e+03 7.02785894e+03 3.19449234e+01
v 6.50079560e+03 7.02852895e+03 3.30190205e+01
v 6.50538964e+03 7.02193857e+03 3.35171434e+01
v 6.50240813e+03 7.03690107e+03 2.39305663e+01
v 6.50275130e+03 7.04028095e+03 2.45120508e+01
v 6.50080627e+03 7.02451884e+03 3.32282620e+01
v 6.50000000e+03 7.01612099e+03 2.90311992e+01
v 6.50067612e+03 7.02011529e+03 2.98381394e+01
v 6.50468610e+03 7.05806022e+03 2.80191462e+01
v 6.50530217e+03 7.06211465e+03 3.24491844e+01
v 6.50161584e+03 7.00000000e+03 3.14363302e+01
v 6.50716948e+03 7.00044281e+03 3.44795731e+01
v 6.51088849e+03 7.05804080e+03 3.26757693e+01
v 6.51003257e+03 7.05744269e+03 3.14722680e+01
v 6.50611652e+03 7.05865123e+03 2.90028448e+01
v 6.51050939e+03 7.05587312e+03 3.08222174e+01
v 6.50994698e+03 7.05614918e+03 3.24254614e+01
v 6.51816320e+03 7.05670146e+03 3.30055017e+01
v 6.51730976e+03 7.05607186e+03 3.04944152e+01
v 6.50808134e+03 7.05510886e+03 2.93840820e+01
v 6.50753339e+03 7.05372146e+03 2.82803100e+01
v 6.50974699e+03 7.05447942e+03 3.08936672e+01
v 6.51156249e+03 7.05234758e+03 3.02833260e+01
v 6.50967160e+03 7.05355725e+03 2.86584419e+01
v 6.51630883e+03 7.05719000e+03 2.31656032e+01
v 6.51863810e+03 7.05962524e+03 2.69337058e+01
v 6.53836096e+03 7.05991355e+03 2.53175607e+01
v 6.54285210e+03 7.05422166e+03 2.36409392e+01
v 6.52818838e+03 7.05206257e+03 2.28568996e+01
v 6.53944634e+03 7.06063047e+03 2.31838505e+01
v 6.51897042e+03 7.05844761e+03 2.57848699e+01
v 6.51963069e+03 7.06266448e+03 2.69682273e+01
v 6.52976454e+03 7.05340828e+03 2.47617486e+01
v 6.52038660e+03 7.05945026e+03 2.56189289e+01
v 6.53860803e+03 7.05774421e+03 2.36309722e+01
v 6.53541998e+03 7.05867294e+03 1.80484178e+01
v 6.54040565e+03 7.06240364e+03 1.83301789e+01
v 6.53750356e+03 7.05892636e+03 2.16400474e+01
v 6.53444247e+03 7.05193151e+03 2.38108937e+01
v 6.53062582e+03 7.05560391e+03 1.99656462e+01
v 6.53911431e+03 7.05513716e+03 2.35927717e+01
v 6.53676361e+03 7.05587405e+03 1.98414945e+01
v 6.53881777e+03 7.05587964e+03 2.15304882e+01
v 6.53445815e+03 7.05370432e+03 2.02440074e+01
v 6.53478102e+03 7.05422630e+03 2.15127437e+01
v 6.53084643e+03 7.05530015e+03 2.47498820e+01
v 6.52418037e+03 7.05298637e+03 2.01861059e+01
v 6.52426391e+03 7.05251926e+03 2.18616504e+01
v 6.53355799e+03 7.05099767e+03 2.45445834e+01
v 6.53390489e+03 7.05057139e+03 2.31542446e+01
v 6.54069564e+03 7.05543802e+03 2.13606799e+01
v 6.53955449e+03 7.05470646e+03 2.02515481e+01
v 6.52518015e+03 7.05758370e+03 1.55516631e+01
v 6.52981600e+03 7.05587550e+03 1.75121188e+01
v 6.52479063e+03 7.05059087e+03 1.62558818e+01
v 6.52509957e+03 7.05049711e+03 2.11300613e+01
v 6.51834108e+03 7.06228081e+03 3.12539222e+01
v 6.51830067e+03 7.05778802e+03 3.26955796e+01
v 6.51680098e+03 7.05532004e+03 3.18182016e+01
v 6.51736273e+03 7.05708879e+03 2.56785874e+01
v 6.51625713e+03 7.06216379e+03 1.45283136e+01
v 6.51895918e+03 7.05573052e+03 1.47607270e+01
v 6.51285891e+03 7.05161160e+03 1.41385767e+01
v 6.51482350e+03 7.05711034e+03 2.02942735e+01
v 6.51596046e+03 7.05728704e+03 1.94647092e+01
v 6.51594727e+03 7.05402376e+03 2.99304957e+01
v 6.50442877e+03 7.05949389e+03 1.96193765e+01
v 6.50916655e+03 7.05931487e+03 1.92089856e+01
v 6.50397673e+03 7.06100731e+03 1.29910088e+01
v 6.50000000e+03 7.05511275e+03 1.23642744e+01
v 6.50000000e+03 7.04965277e+03 1.23968966e+01
v 6.50278111e+03 7.05498618e+03 1.26916219e+01
v 6.50659590e+03 7.05858215e+03 1.30933105e+01
v 6.50714774e+03 7.05111678e+03 1.33910530e+01
v 6.50232634e+03 7.05034750e+03 1.29619064e+01
v 6.50728747e+03 7.04986250e+03 1.38563765e+01
v 6.51230164e+03 7.04777384e+03 1.14032594e+01
v 6.51063503e+03 7.04706868e+03 1.06627713e+01
v 6.50170690e+03 7.04519084e+03 1.32162075e+01
v 6.50399099e+03 7.04316399e+03 2.35154736e+01
v 6.50308919e+03 7.03644154e+03 2.54363508e+01
v 6.50292352e+03 7.03613690e+03 1.37174787e+01
v 6.51715622e+03 7.02249210e+03 2.32278332e+01
v 6.51686368e+03 7.01998507e+03 2.18926359e+01
v 6.51454548e+03 7.02077885e+03 2.42189300e+01
v 6.51523694e+03 7.02024653e+03 2.31569862e+01
v 6.52235762e+03 7.05658529e+03 1.50868972e+01
v 6.52058472e+03 7.00000000e+03 2.24093117e+01
v 6.51966246e+03 7.00655405e+03 2.41909336e+01
v 6.52287877e+03 7.00540256e+03 2.33894586e+01
v 6.52418758e+03 7.00657462e+03 2.35148408e+01
v 6.52505577e+03 7.00674750e+03 2.54612041e+01
v 6.52429924e+03 7.00000000e+03 2.56493320e+01
v 6.52367457e+03 7.00347992e+03 2.54393035e+01
v 6.52296050e+03 7.00959118e+03 2.49554012e+01
v 6.52327180e+03 7.01499613e+03 2.37123655e+01
v 6.52256618e+03 7.01698149e+03 2.31981656e+01
v 6.52304239e+03 7.02100375e+03 2.30817244e+01
v 6.52771554e+03 7.01498951e+03 2.50712727e+01
v 6.52542784e+03 7.01545391e+03 2.43140799e+01
v 6.52097526e+03 7.02310094e+03 2.38364837e+01
v 6.52360341e+03 7.02261885e+03 2.32628676e+01
v 6.52391800e+03 7.03719982e+03 2.02814697e+01
v 6.52144582e+03 7.03691688e+03 2.20983429e+01
v 6.52252980e+03 7.03410097e+03 2.26417925e+01
v 6.52397273e+03 7.03673967e+03 2.14614700e+01
v 6.52207885e+03 7.03954735e+03 2.27589638e+01
v 6.52415818e+03 7.03819412e+03 2.10222159e+01
v 6.52190098e+03 7.03858050e+03 2.11895977e+01
v 6.52148074e+03 7.03759315e+03 2.06599196e+01
v 6.52038088e+03 7.02628184e+03 2.27073578e+01
v 6.52163107e+03 7.02598883e+03 2.33605732e+01
v 6.52033423e+03 7.02637261e+03 2.56695363e+01
v 6.52220719e+03 7.03604538e+03 2.33924883e+01
v 6.52184573e+03 7.02540508e+03 2.24254253e+01
v 6.52357995e+03 7.03225982e+03 2.33975812e+01
v 6.52371993e+03 7.03371451e+03 2.43619990e+01
v 6.52119273e+03 7.03816543e+03 2.60507157e+01
v 6.52354239e+03 7.04205644e+03 1.98486911e+01
v 6.52494623e+03 7.04139887e+03 2.02725131e+01
v 6.52510099e+03 7.02920955e+03 2.50735392e+01
v 6.52383145e+03 7.03195963e+03 2.47407559e+01
v 6.52307097e+03 7.04394998e+03 2.09996414e+01
v 6.52260933e+03 7.04303204e+03 1.99494568e+01
v 6.52247330e+03 7.04602160e+03 1.63246312e+01
v 6.52613990e+03 7.04685927e+03 1.72648420e+01
v 6.52427351e+03 7.04444314e+03 2.16872078e+01
v 6.52622292e+03 7.04798359e+03 2.21230779e+01
v 6.52740397e+03 7.04783775e+03 2.31759452e+01
v 6.52565712e+03 7.04417292e+03 2.04381226e+01
v 6.52412729e+03 7.03777683e+03 2.27390904e+01
v 6.52801742e+03 7.03877382e+03 2.39023314e+01
v 6.52710742e+03 7.02618054e+03 2.54008491e+01
v 6.52757288e+03 7.02364321e+03 2.47074498e+01
v 6.52500291e+03 7.03336990e+03 2.16137474e+01
v 6.52645470e+03 7.03305172e+03 2.12973138e+01
v 6.52658159e+03 7.03427492e+03 2.35046289e+01
v 6.52583957e+03 7.03455927e+03 2.04831667e+01
v 6.52932689e+03 7.03665775e+03 2.19626893e+01
v 6.54040185e+03 7.04676257e+03 2.42125192e+01
v 6.53690192e+03 7.04660856e+03 2.51325345e+01
v 6.52922387e+03 7.04565367e+03 2.51108091e+01
v 6.53520609e+03 7.04611841e+03 2.40258427e+01
v 6.54396323e+03 7.04487406e+03 2.71960557e+01
v 6.53367201e+03 7.04972257e+03 2.58904628e+01
v 6.53083921e+03 7.04891920e+03 2.64816879e+01
v 6.52921556e+03 7.04952287e+03 2.47333686e+01
v 6.54393799e+03 7.03300088e+03 2.40204891e+01
v 6.54076462e+03 7.04996023e+03 2.18741616e+01
v 6.53868644e+03 7.02834672e+03 2.43160591e+01
v 6.52892320e+03 7.03386713e+03 2.28270907e+01
v 6.53812803e+03 7.03421484e+03 2.40445957e+01
v 6.54110662e+03 7.03273183e+03 2.43351485e+01
v 6.53418689e+03 7.03191340e+03 2.33894704e+01
v 6.54098318e+03 7.02887787e+03 2.32585264e+01
v 6.53708615e+03 7.03344971e+03 2.36443758e+01
v 6.53642008e+03 7.03372201e+03 2.56066300e+01
v 6.53156732e+03 7.03460206e+03 2.46066380e+01
v 6.53011751e+03 7.03746429e+03 2.35768787e+01
v 6.53187835e+03 7.03627641e+03 2.29191917e+01
v 6.53175418e+03 7.03484274e+03 2.27586930e+01
v 6.53341006e+03 7.03361956e+03 2.56718129e+01
v 6.52805980e+03 7.03399260e+03 2.37117340e+01
v 6.54164832e+03 7.03632156e+03 2.49735451e+01
v 6.54382056e+03 7.02674751e+03 2.55163462e+01
v 6.54075006e+03 7.03331244e+03 2.55603603e+01
v 6.53044400e+03 7.03455424e+03 2.38460423e+01
v 6.53012500e+03 7.03435538e+03 2.37240671e+01
v 6.52934804e+03 7.02347257e+03 2.57045866e+01
v 6.52818846e+03 7.01659921e+03 2.47568113e+01
v 6.52846415e+03 7.01567573e+03 2.52270457e+01
v 6.52806515e+03 7.01821413e+03 2.47575450e+01
v 6.53674766e+03 7.03321999e+03 2.78307187e+01
v 6.54043387e+03 7.02506656e+03 2.68001446e+01
v 6.53980913e+03 7.00682911e+03 2.67421901e+01
v 6.54014563e+03 7.00450450e+03 2.76495997e+01
v 6.54019072e+03 7.00481450e+03 3.01045457e+01
v 6.53782430e+03 7.02560938e+03 2.86854724e+01
v 6.53650540e+03 7.01798236e+03 2.83017647e+01
v 6.53719471e+03 7.02736915e+03 2.92112386e+01
v 6.53566018e+03 7.04711432e+03 2.70668465e+01
v 6.54301650e+03 7.04771600e+03 2.95249023e+01
v 6.53858931e+03 7.03814858e+03 2.79395832e+01
v 6.52212965e+03 7.01471376e+03 2.59523896e+01
v 6.52311309e+03 7.00000000e+03 2.79170066e+01
v 6.52746511e+03 7.00000000e+03 2.62723901e+01
v 6.54263868e+03 7.01011421e+03 3.02374426e+01
v 6.54181891e+03 7.01716844e+03 2.84580412e+01
v 6.54002741e+03 7.01876347e+03 2.83700673e+01
v 6.54200055e+03 7.01928079e+03 2.86264088e+01
v 6.54188253e+03 7.02100956e+03 2.87081785e+01
v 6.54006276e+03 7.02426214e+03 2.82957270e+01
v 6.54132110e+03 7.02065275e+03 2.83513826e+01
v 6.54106408e+03 7.01996449e+03 3.05458644e+01
v 6.53578957e+03 7.02449458e+03 3.10356513e+01
v 6.53673207e+03 7.02434153e+03 3.23430024e+01
v 6.54250505e+03 7.01875166e+03 3.10074422e+01
v 6.53708559e+03 7.02635832e+03 3.26260172e+01
v 6.54336363e+03 7.03636004e+03 2.91482376e+01
v 6.53617791e+03 7.02450375e+03 3.36213913e+01
v 6.53993415e+03 7.01755851e+03 3.17619453e+01
v 6.50743222e+03 7.05755399e+03 3.47760046e+01
v 6.50815447e+03 7.05747508e+03 3.33619662e+01
v 6.54843883e+03 7.00086485e+03 3.62826482e+01
v 6.54834765e+03 7.00099946e+03 3.34137828e+01
v 6.55350372e+03 7.00873056e+03 3.15142140e+01
v 6.55283327e+03 7.00743676e+03 3.13269448e+01
v 6.54742356e+03 7.00053500e+03 3.40432732e+01
v 6.55582847e+03 7.00000000e+03 3.47297431e+01
v 6.55690670e+03 7.01388206e+03 3.18819727e+01
v 6.55867776e+03 7.01403085e+03 3.32828180e+01
v 6.55926734e+03 7.00491851e+03 3.32392013e+01
v 6.55806730e+03 7.00494456e+03 3.19471832e+01
v 6.55864411e+03 7.03468637e+03 3.78375523e+01
v 6.56072288e+03 7.03427485e+03 3.63110359e+01
v 6.56037215e+03 7.03678806e+03 3.76666573e+01
v 6.56237061e+03 7.03656825e+03 3.38860029e+01
v 6.56274547e+03 7.03775226e+03 3.56445429e+01
v 6.56085770e+03 7.04522157e+03 3.09172591e+01
v 6.56149706e+03 7.04487449e+03 3.23723109e+01
v 6.56207339e+03 7.02711410e+03 3.26436209e+01
v 6.56111315e+03 7.02727891e+03 3.48936335e+01
v 6.55675943e+03 7.03128652e+03 3.27472701e+01
v 6.55766041e+03 7.00601122e+03 3.26117230e+01
v 6.55885227e+03 7.00604317e+03 3.30852010e+01
v 6.56245855e+03 7.00523509e+03 3.32614307e+01
v 6.56297412e+03 7.02546738e+03 3.34913960e+01
v 6.56233428e+03 7.03282705e+03 3.46089284e+01
v 6.56293689e+03 7.01072018e+03 3.08225243e+01
v 6.56270193e+03 7.02960896e+03 3.74064318e+01
v 6.56272015e+03 7.02237246e+03 3.33010947e+01
v 6.56277029e+03 7.02440273e+03 3.34366391e+01
v 6.56238161e+03 7.02755505e+03 3.44005247e+01
v 6.56101762e+03 7.00610253e+03 3.39901863e+01
v 6.56062164e+03 7.00827928e+03 3.35335104e+01
v 6.55669576e+03 7.00393609e+03 3.21593556e+01
v 6.55421563e+03 7.00510516e+03 3.13742982e+01
v 6.55016019e+03 7.00400864e+03 3.60556651e+01
v 6.54863512e+03 7.00562756e+03 4.44443136e+01
v 6.54740003e+03 7.00289660e+03 4.41282331e+01
v 6.54615933e+03 7.00311347e+03 4.48239642e+01
v 6.54519824e+03 7.00000000e+03 4.46850677e+01
v 6.54615298e+03 7.00215287e+03 4.49592993e+01
v 6.54967614e+03 7.00495587e+03 4.49604008e+01
v 6.54940267e+03 7.00612144e+03 4.49990340e+01
v 6.54549958e+03 7.01574682e+03 4.49084550e+01
v 6.54907192e+03 7.00881920e+03 4.51383063e+01
v 6.56243819e+03 7.03490587e+03 4.01338640e+01
v 6.56228087e+03 7.03345497e+03 3.96462704e+01
v 6.55205625e+03 7.01109382e+03 4.62472063e+01
v 6.55382245e+03 7.01053599e+03 4.66616984e+01
v 6.55525836e+03 7.00840265e+03 4.68081545e+01
v 6.55621387e+03 7.00863068e+03 4.60509270e+01
v 6.54903663e+03 7.02387340e+03 3.77555198e+01
v 6.54953055e+03 7.02032813e+03 3.74438722e+01
v 6.54867137e+03 7.02328030e+03 3.80246450e+01
v 6.56204298e+03 7.03347889e+03 3.63214555e+01
v 6.55813692e+03 7.02641830e+03 3.92503865e+01
v 6.55839239e+03 7.02627213e+03 3.83841021e+01
v 6.54481452e+03 7.01181578e+03 3.86320936e+01
v 6.55030472e+03 7.02675421e+03 3.76147615e+01
v 6.55408692e+03 7.01661933e+03 3.53370882e+01
v 6.55509294e+03 7.01561618e+03 3.51714503e+01
v 6.55196643e+03 7.01750131e+03 3.64431285e+01
v 6.55533757e+03 7.00866289e+03 3.51014957e+01
v 6.55580281e+03 7.00982157e+03 3.73946010e+01
v 6.54567658e+03 7.00221680e+03 3.62353681e+01
v 6.54570494e+03 7.00066134e+03 3.60520721e+01
v 6.54731166e+03 7.00190048e+03 3.38137812e+01
v 6.55353515e+03 7.01644661e+03 3.54667076e+01
v 6.54941591e+03 7.02155747e+03 3.68925557e+01
v 6.55876091e+03 7.00550565e+03 4.34834842e+01
v 6.56141401e+03 7.00339026e+03 4.08929479e+01
v 6.56023839e+03 7.00684940e+03 4.40945799e+01
v 6.56077438e+03 7.03586091e+03 4.02334369e+01
v 6.56029404e+03 7.03413377e+03 3.99265089e+01
v 6.55794747e+03 7.03439300e+03 3.98089107e+01
v 6.56000269e+03 7.03656676e+03 4.08452025e+01
v 6.56211114e+03 7.03783249e+03 3.91406956e+01
v 6.55088624e+03 7.01333972e+03 4.58079209e+01
v 6.54627986e+03 7.01467391e+03 4.44783035e+01
v 6.54938823e+03 7.01373393e+03 4.56267703e+01
v 6.55801046e+03 7.00809069e+03 4.55123843e+01
v 6.55380953e+03 7.01122503e+03 4.55740930e+01
v 6.55496985e+03 7.00934074e+03 4.55082276e+01
v 6.55509105e+03 7.00862615e+03 4.53829056e+01
v 6.55004719e+03 7.00938682e+03 4.51570030e+01
v 6.54857377e+03 7.00867057e+03 4.45285859e+01
v 6.56067126e+03 7.03357588e+03 4.13016477e+01
v 6.55947619e+03 7.03317234e+03 3.50970941e+01
v 6.56159839e+03 7.03566666e+03 3.90526744e+01
v 6.56196613e+03 7.03406772e+03 3.71837548e+01
v 6.55664454e+03 7.03330105e+03 3.52630687e+01
v 6.55731582e+03 7.03428349e+03 3.69772600e+01
v 6.55871037e+03 7.02813800e+03 3.77851824e+01
v 6.55871483e+03 7.02709536e+03 3.60428115e+01
v 6.55381687e+03 7.02821504e+03 3.86895018e+01
v 6.55771612e+03 7.02672361e+03 3.79891760e+01
v 6.55842462e+03 7.02487512e+03 3.88019821e+01
v 6.55937922e+03 7.02960731e+03 3.65452198e+01
v 6.55945997e+03 7.03708709e+03 4.01368357e+01
v 6.55914436e+03 7.03387532e+03 3.98694690e+01
v 6.56289970e+03 7.03660157e+03 3.99295256e+01
v 6.56189223e+03 7.03423685e+03 3.50146435e+01
v 6.56044095e+03 7.00944872e+03 3.81893212e+01
v 6.55891314e+03 7.01088259e+03 3.81037394e+01
v 6.56170233e+03 7.00916251e+03 3.45987640e+01
v 6.56248898e+03 7.00857935e+03 3.79531195e+01
v 6.56169662e+03 7.00917528e+03 3.48043332e+01
v 6.55696398e+03 7.00711485e+03 3.22122936e+01
v 6.55454310e+03 7.00810729e+03 3.36582288e+01
v 6.54530936e+03 7.01431281e+03 3.73756321e+01
v 6.54558304e+03 7.01459608e+03 3.92122781e+01
v 6.54590784e+03 7.01420423e+03 3.92356951e+01
v 6.55055868e+03 7.02671756e+03 3.81802998e+01
v 6.54913970e+03 7.02585183e+03 3.84020264e+01
v 6.54880029e+03 7.02311976e+03 3.75081923e+01
v 6.55995644e+03 7.03211158e+03 4.01102150e+01
v 6.55988317e+03 7.03265550e+03 3.90974041e+01
v 6.55063751e+03 7.02763173e+03 3.85554526e+01
v 6.55447412e+03 7.01728371e+03 3.95951438e+01
v 6.55646623e+03 7.01799214e+03 3.96808217e+01
v 6.55699879e+03 7.01963371e+03 3.93816272e+01
v 6.55649674e+03 7.01839806e+03 3.84452992e+01
v 6.54899687e+03 7.02093130e+03 3.71904946e+01
v 6.55579087e+03 7.05323870e+03 3.65738525e+01
v 6.55650613e+03 7.05124551e+03 3.57513025e+01
v 6.55515106e+03 7.05167351e+03 3.40071447e+01
v 6.56083297e+03 7.03218956e+03 3.53396075e+01
v 6.56147760e+03 7.03020249e+03 3.54440348e+01
v 6.55493613e+03 7.05159331e+03 3.81337343e+01
v 6.55571847e+03 7.05229391e+03 3.76583035e+01
v 6.55619072e+03 7.05030618e+03 3.36415739e+01
v 6.55496097e+03 7.05308531e+03 3.43613357e+01
v 6.55462259e+03 7.05335617e+03 3.58357490e+01
v 6.56259653e+03 7.04695991e+03 3.69241067e+01
v 6.56094822e+03 7.04534379e+03 3.45530037e+01
v 6.56118159e+03 7.04666127e+03 3.49660457e+01
v 6.56079123e+03 7.04714361e+03 3.30309668e+01
v 6.56251955e+03 7.04763636e+03 3.55353509e+01
v 6.56158774e+03 7.03539231e+03 4.07679890e+01
v 6.55322989e+03 7.04995989e+03 3.63603089e+01
v 6.55498424e+03 7.04976482e+03 3.61153895e+01
v 6.55867308e+03 7.02121586e+03 3.91653917e+01
v 6.56074135e+03 7.03806814e+03 3.95581531e+01
v 6.55673990e+03 7.00752964e+03 3.65651788e+01
v 6.55726149e+03 7.00935303e+03 3.71150837e+01
v 6.55710532e+03 7.02748379e+03 3.26469216e+01
v 6.56180500e+03 7.00000000e+03 3.46594165e+01
v 6.56199638e+03 7.00234661e+03 3.27649579e+01
v 6.55491708e+03 7.00678584e+03 3.18663735e+01
v 6.55580332e+03 7.00580460e+03 3.29185225e+01
v 6.56251267e+03 7.03690075e+03 3.72468747e+01
v 6.55657560e+03 7.01065608e+03 3.40602448e+01
v 6.55438587e+03 7.01128440e+03 3.17948806e+01
v 6.53007445e+03 7.00000000e+03 2.65174127e+01
v 6.51223415e+03 7.05705694e+03 3.27388448e+01
v 6.51111484e+03 7.05779754e+03 3.09018953e+01
v 6.50863337e+03 7.06142455e+03 3.25191468e+01
v 6.50584334e+03 7.05787114e+03 3.22829562e+01
v 6.50669303e+03 7.05871759e+03 3.40644999e+01
v 6.51540044e+03 7.05501152e+03 3.38556449e+01
v 6.51079726e+03 7.05376766e+03 3.13929870e+01
v 6.51785299e+03 7.05745953e+03 3.38985837e+01
v 6.51397860e+03 7.05612386e+03 3.13705694e+01
v 6.51413227e+03 7.05606312e+03 3.30309862e+01
v 6.51078018e+03 7.04001347e+03 3.35232548e+01
v 6.51518425e+03 7.05440656e+03 3.21158948e+01
v 6.51394606e+03 7.05689769e+03 3.35556659e+01
v 6.51441238e+03 7.05500398e+03 3.34389702e+01
v 6.51746970e+03 7.06262801e+03 3.42342051e+01
v 6.51248466e+03 7.06025176e+03 3.35078361e+01
v 6.51773498e+03 7.05508789e+03 3.38745316e+01
v 6.51728657e+03 7.06057271e+03 3.44797111e+01
v 6.51780140e+03 7.05904101e+03 3.49510644e+01
v 6.51626406e+03 7.05768363e+03 3.46996594e+01
v 6.51213914e+03 7.05616388e+03 3.21427560e+01
v 6.51183104e+03 7.05488228e+03 3.02675422e+01
v 6.50841337e+03 7.06157165e+03 3.35738772e+01
v 6.50589019e+03 7.06263972e+03 3.39899874e+01
v 6.50704210e+03 7.06163917e+03 3.52710218e+01
v 6.51108084e+03 7.05790279e+03 3.40482640e+01
v 6.50771534e+03 7.06031137e+03 3.46331580e+01
v 6.50901920e+03 7.06071574e+03 3.39778222e+01
v 6.50772701e+03 7.05952437e+03 3.59313280e+01
v 6.50798865e+03 7.05855881e+03 3.63594457e+01
v 6.50878279e+03 7.05750922e+03 3.46881378e+01
v 6.50917726e+03 7.05808199e+03 3.56685513e+01
v 6.50873518e+03 7.05595565e+03 3.49537868e+01
v 6.50740005e+03 7.06288369e+03 3.64964284e+01
v 6.51330628e+03 7.05859009e+03 3.51407054e+01
v 6.51124791e+03 7.06125906e+03 3.45570239e+01
v 6.51692926e+03 7.06269351e+03 3.62661892e+01
v 6.51023471e+03 7.06045909e+03 3.62672427e+01
v 6.51153774e+03 7.06109872e+03 3.69322475e+01
v 6.50971255e+03 7.06072048e+03 3.77109181e+01
v 6.51387310e+03 7.05884044e+03 3.66423226e+01
v 6.51024399e+03 7.05879031e+03 3.56908971e+01
v 6.50953650e+03 7.05705437e+03 3.52068336e+01
v 6.51411269e+03 7.05690789e+03 3.53466008e+01
v 6.51568745e+03 7.05992638e+03 3.57750532e+01
v 6.51694254e+03 7.05869642e+03 3.60732614e+01
v 6.51576300e+03 7.03683562e+03 3.31141176e+01
v 6.51281849e+03 7.03885957e+03 3.32338712e+01
v 6.51417502e+03 7.03713844e+03 3.34881939e+01
v 6.51530477e+03 7.06279788e+03 3.68412205e+01
v 6.51570723e+03 7.06154174e+03 3.61439265e+01
v 6.51374012e+03 7.06175232e+03 3.78207569e+01
v 6.51557934e+03 7.05872677e+03 3.55674366e+01
v 6.51515837e+03 7.05631170e+03 3.42066254e+01
v 6.51731053e+03 7.03387826e+03 3.60674439e+01
v 6.50964511e+03 7.03211968e+03 3.54603593e+01
v 6.50780107e+03 7.03337258e+03 3.55045818e+01
v 6.50835442e+03 7.03573500e+03 3.35944487e+01
v 6.50878942e+03 7.03441039e+03 3.47149992e+01
v 6.51078709e+03 7.03688561e+03 3.35487613e+01
v 6.50807474e+03 7.02921558e+03 3.45957514e+01
v 6.50763849e+03 7.02719409e+03 3.47030638e+01
v 6.50185012e+03 7.02494214e+03 3.38625129e+01
v 6.50133493e+03 7.02763663e+03 3.41299704e+01
v 6.50617261e+03 7.03045567e+03 3.38764882e+01
v 6.50603526e+03 7.03274178e+03 3.53516803e+01
v 6.50684956e+03 7.02283124e+03 3.22695896e+01
v 6.50520965e+03 7.02420768e+03 3.42105082e+01
v 6.50293413e+03 7.02978817e+03 3.31348933e+01
v 6.51097815e+03 7.02600886e+03 3.28676011e+01
v 6.51124450e+03 7.00168425e+03 3.39078628e+01
v 6.51223189e+03 7.02761456e+03 3.37323413e+01
v 6.51094303e+03 7.02590788e+03 3.44737916e+01
v 6.51200094e+03 7.03040584e+03 3.59653076e+01
v 6.51089993e+03 7.03360243e+03 3.48395480e+01
v 6.50974740e+03 7.03419827e+03 3.36357486e+01
v 6.50980799e+03 7.03118231e+03 3.43143809e+01
v 6.51753421e+03 7.03709505e+03 3.44324385e+01
v 6.51773703e+03 7.03265072e+03 3.55575624e+01
v 6.51458619e+03 7.03213616e+03 3.60858251e+01
v 6.51421751e+03 7.03095666e+03 3.54701405e+01
v 6.51162860e+03 7.02877843e+03 3.50956126e+01
v 6.51357137e+03 7.03369659e+03 3.55391197e+01
v 6.51341281e+03 7.03172470e+03 3.50017371e+01
v 6.50269820e+03 7.02951274e+03 3.48198201e+01
v 6.50392346e+03 7.02687112e+03 3.49899025e+01
v 6.50145972e+03 7.02967372e+03 3.40358989e+01
v 6.50608738e+03 7.00000000e+03 3.40078568e+01
v 6.51400473e+03 7.02876657e+03 3.44729695e+01
v 6.50984143e+03 7.06210926e+03 3.81823662e+01
v 6.50512356e+03 7.03229383e+03 3.30863620e+01
v 6.51254110e+03 7.06229020e+03 3.76184256e+01
v 6.51273626e+03 7.06280220e+03 3.86210676e+01
v 6.50835836e+03 7.03931888e+03 3.31515492e+01
v 6.50976068e+03 7.03890184e+03 3.33009959e+01
v 6.50715105e+03 7.05651076e+03 3.16214051e+01
v 6.50635172e+03 7.05750430e+03 3.06903586e+01
v 6.50638026e+03 7.05653651e+03 2.97331715e+01
v 6.50510716e+03 7.06039055e+03 3.17781470e+01
v 6.56053285e+03 7.00000000e+03 3.46145653e+01
v 6.56099298e+03 7.00118504e+03 3.49069646e+01
v 6.54599833e+03 7.00000000e+03 4.49997795e+01
v 6.55525589e+03 7.00000000e+03 4.44162757e+01
v 6.55548967e+03 7.00000000e+03 4.43076493e+01
v 6.55526243e+03 7.00000000e+03 4.44603267e+01
v 6.55652331e+03 7.00000000e+03 4.44011028e+01
v 6.55644126e+03 7.00000000e+03 4.44048737e+01
v 6.55656562e+03 7.00000000e+03 4.44469722e+01
v 6.54785948e+03 7.00000000e+03 4.33398782e+01
v 6.54822734e+03 7.00118240e+03 4.18781144e+01
v 6.54877146e+03 7.00000000e+03 4.38612731e+01
v 6.54945911e+03 7.00000000e+03 3.20461454e+01
v 6.54687007e+03 7.00000000e+03 3.20649196e+01
v 6.51412313e+03 7.00000000e+03 3.35769174e+01
v 6.51264961e+03 7.00000000e+03 3.35942781e+01
v 6.51332546e+03 7.00079331e+03 3.41922009e+01
v 6.50720514e+03 7.00000000e+03 3.55105542e+01
v 6.51611329e+03 7.00000000e+03 2.19737908e+01
v 6.50936637e+03 7.02872040e+03 3.53336034e+01
v 6.55781670e+03 7.02608017e+03 3.14496710e+01
v 6.56258590e+03 7.02710409e+03 2.87659023e+01
v 6.56219702e+03 7.04431504e+03 2.94514857e+01
v 6.56218678e+03 7.02667974e+03 3.11887107e+01
v 6.56129025e+03 7.04600263e+03 2.86025555e+01
v 6.55534464e+03 7.01489634e+03 3.16061549e+01
v 6.55686736e+03 7.05056634e+03 3.21539561e+01
v 6.55855116e+03 7.03532805e+03 3.17464133e+01
v 6.56102669e+03 7.03765089e+03 3.07730568e+01
v 6.55985055e+03 7.02577441e+03 3.11983583e+01
v 6.55632687e+03 7.01546266e+03 3.25433895e+01
v 6.55807141e+03 7.01169193e+03 3.26835032e+01
v 6.55414947e+03 7.00000000e+03 3.31867423e+01
v 6.55188373e+03 7.00427085e+03 3.06803712e+01
v 6.55096989e+03 7.00204544e+03 3.16614141e+01
v 6.55475627e+03 7.00848371e+03 3.45666726e+01
v 6.55603623e+03 7.00677144e+03 3.27325905e+01
v 6.56267011e+03 7.00873796e+03 3.16584469e+01
v 6.56259300e+03 7.04795631e+03 2.91733767e+01
v 6.56170980e+03 7.04787368e+03 2.98803165e+01
v 6.56187124e+03 7.04840777e+03 3.34598409e+01
v 6.55851980e+03 7.03405992e+03 3.22428090e+01
v 6.54796299e+03 7.00295134e+03 3.25561117e+01
v 6.56082592e+03 7.04754836e+03 3.14404003e+01
v 6.56156748e+03 7.04464552e+03 2.92199906e+01
v 6.55938528e+03 7.00691871e+03 3.43697420e+01
v 6.55953313e+03 7.00431802e+03 3.18088911e+01
v 6.55753496e+03 7.00239447e+03 3.26691982e+01
v 6.55533915e+03 7.00960048e+03 3.33535545e+01
v 6.55605973e+03 7.00081894e+03 3.30824933e+01
v 6.55483579e+03 7.00256395e+03 3.28820766e+01
v 6.56147068e+03 7.00377862e+03 3.24993877e+01
v 6.56185550e+03 7.00937678e+03 3.72342543e+01
v 6.55585993e+03 7.01513393e+03 3.38091122e+01
v 6.55607461e+03 7.02997945e+03 3.46231871e+01
v 6.55525983e+03 7.02827568e+03 3.37663278e+01
v 6.55947249e+03 7.00558935e+03 3.44277648e+01
v 6.54734629e+03 7.01521326e+03 4.56532211e+01
v 6.56095689e+03 7.00570179e+03 4.15284646e+01
v 6.55728747e+03 7.00760614e+03 4.30894159e+01
v 6.56250884e+03 7.03597238e+03 4.10786534e+01
v 6.55744543e+03 7.02713222e+03 3.45565451e+01
v 6.55741902e+03 7.03202820e+03 3.38316017e+01
v 6.55871753e+03 7.03230780e+03 3.57105745e+01
v 6.55745298e+03 7.03305292e+03 3.59566597e+01
v 6.55628600e+03 7.00809707e+03 3.36253084e+01
v 6.55659677e+03 7.00990945e+03 3.55535097e+01
v 6.55401909e+03 7.00737610e+03 3.65816740e+01
v 6.56143778e+03 7.03243120e+03 3.53729853e+01
v 6.56182424e+03 7.03166877e+03 3.69862706e+01
v 6.56187313e+03 7.03071131e+03 3.63722719e+01
v 6.55943724e+03 7.03388598e+03 3.80367686e+01
v 6.56001464e+03 7.03189300e+03 3.76602364e+01
v 6.56210202e+03 7.02920148e+03 3.69242677e+01
v 6.55909421e+03 7.02174536e+03 3.95647342e+01
v 6.56005261e+03 7.00534265e+03 4.07917768e+01
v 6.56056891e+03 7.00979736e+03 3.76542715e+01
v 6.55530761e+03 7.00857262e+03 3.70278025e+01
v 6.55867161e+03 7.00948072e+03 3.64746394e+01
v 6.55790049e+03 7.01058893e+03 3.62153017e+01
v 6.55408258e+03 7.00933732e+03 3.62659018e+01
v 6.54777516e+03 7.00298087e+03 3.53838363e+01
v 6.54803183e+03 7.01388735e+03 3.96569679e+01
v 6.55336626e+03 7.00751260e+03 3.64133912e+01
v 6.55449569e+03 7.05085138e+03 3.78206274e+01
v 6.56190297e+03 7.04791042e+03 3.64929544e+01
v 6.55590041e+03 7.04907948e+03 3.36188616e+01
v 6.55363178e+03 7.04953715e+03 3.37302796e+01
v 6.54580222e+03 7.00080036e+03 3.44881557e+01
v 6.55959144e+03 7.00653894e+03 4.30014438e+01
v 6.54625597e+03 7.00356759e+03 3.32542817e+01
v 6.55341139e+03 7.00223722e+03 3.19270187e+01
v 6.55747242e+03 7.02790252e+03 3.67197744e+01
v 6.56131678e+03 7.04684624e+03 3.75632716e+01
v 6.56068190e+03 7.02695696e+03 3.15471552e+01
v 6.55342839e+03 7.00829150e+03 3.70175567e+01
v 6.56115839e+03 7.03279499e+03 3.94106613e+01
v 6.56248291e+03 7.03156472e+03 3.43210121e+01
v 6.55733394e+03 7.02743265e+03 3.88449539e+01
v 6.55359435e+03 7.02832845e+03 3.87382064e+01
v 6.55443111e+03 7.02821138e+03 3.86890221e+01
v 6.55967305e+03 7.03570707e+03 3.83639479e+01
v 6.55897860e+03 7.03122706e+03 3.96741251e+01
v 6.56100010e+03 7.03541238e+03 4.12731602e+01
v 6.54958800e+03 7.01339673e+03 4.57444824e+01
v 6.54808611e+03 7.00221295e+03 3.47831368e+01
v 6.55742143e+03 7.00813281e+03 3.49755999e+01
v 6.54459626e+03 7.00074241e+03 3.69701499e+01
v 6.54823683e+03 7.00189208e+03 3.57423937e+01
v 6.54548444e+03 7.00151066e+03 3.57190190e+01
v 6.54759475e+03 7.00000000e+03 4.38709531e+01
v 6.54632101e+03 7.00163530e+03 4.40522514e+01
v 6.54460773e+03 7.01434870e+03 3.91570490e+01
v 6.54970642e+03 7.00304111e+03 3.60305808e+01
v 6.55423455e+03 7.05180480e+03 3.56623865e+01
v 6.55586930e+03 7.05128856e+03 3.76089759e+01
v 6.55490489e+03 7.05150657e+03 4.02401986e+01
v 6.55379166e+03 7.05137328e+03 3.67962391e+01
v 6.56224282e+03 7.04573453e+03 3.61343814e+01
v 6.56259464e+03 7.04513118e+03 3.41861996e+01
v 6.55488542e+03 7.04953847e+03 3.42360112e+01
v 6.55270262e+03 7.05151647e+03 3.54226897e+01
v 6.56281973e+03 7.04610923e+03 3.30384836e+01
v 6.56137242e+03 7.04613393e+03 3.23897547e+01
v 6.55704260e+03 7.04976949e+03 3.33255536e+01
v 6.55530861e+03 7.02250234e+03 2.90546837e+01
v 6.54951992e+03 7.01847739e+03 2.84042075e+01
v 6.56061561e+03 7.04827934e+03 3.04129108e+01
v 6.56246073e+03 7.04553176e+03 2.89634608e+01
v 6.56255546e+03 7.03611570e+03 3.22227341e+01
v 6.56241293e+03 7.00764418e+03 3.02701611e+01
v 6.55882717e+03 7.00101580e+03 3.31217323e+01
v 6.56139590e+03 7.00890567e+03 3.26363744e+01
v 6.56017918e+03 7.03666830e+03 3.25044745e+01
v 6.56213466e+03 7.04562229e+03 3.15207839e+01
v 6.55934821e+03 7.02655234e+03 3.32415144e+01
v 6.56078856e+03 7.01419658e+03 3.13017375e+01
v 6.55960637e+03 7.01270240e+03 3.22338051e+01
v 6.55966362e+03 7.01049028e+03 3.16825410e+01
v 6.55985455e+03 7.00894290e+03 3.44464936e+01
v 6.55954224e+03 7.01448630e+03 3.28631003e+01
v 6.56023605e+03 7.00321934e+03 3.31351691e+01
v 6.56182610e+03 7.00803842e+03 3.22234463e+01
v 6.56022492e+03 7.00577240e+03 3.30961492e+01
v 6.55732306e+03 7.00492959e+03 3.29118762e+01
v 6.56181214e+03 7.00960365e+03 3.17557069e+01
v 6.55668078e+03 7.00846057e+03 3.47161529e+01
v 6.55950647e+03 7.03535513e+03 3.50141644e+01
v 6.56226814e+03 7.02478863e+03 3.41107537e+01
v 6.56276011e+03 7.02649902e+03 3.45203412e+01
v 6.56032722e+03 7.00180034e+03 3.32663156e+01
v 6.56293487e+03 7.00115353e+03 3.46684441e+01
v 6.56199711e+03 7.00410558e+03 3.29791171e+01
v 6.55986149e+03 7.02802322e+03 3.64393104e+01
v 6.55902637e+03 7.03077926e+03 3.53621209e+01
v 6.56090753e+03 7.03350322e+03 3.54655091e+01
v 6.55847572e+03 7.00916361e+03 3.51054302e+01
v 6.56149112e+03 7.03462706e+03 3.95424502e+01
v 6.56138315e+03 7.02814514e+03 3.69094656e+01
v 6.55703410e+03 7.03368237e+03 3.73566549e+01
v 6.50414429e+03 7.03407872e+03 3.36971564e+01
v 6.50699943e+03 7.03471929e+03 3.36508494e+01
v 6.50588929e+03 7.03377833e+03 3.29985353e+01
v 6.51098450e+03 7.00000000e+03 3.39081722e+01
v 6.51000680e+03 7.03673314e+03 3.26429202e+01
v 6.50607106e+03 7.03430992e+03 3.51567476e+01
v 6.50400900e+03 7.02534358e+03 3.42108889e+01
v 6.50506002e+03 7.02882093e+03 3.38252919e+01
v 6.50626876e+03 7.02660115e+03 3.39184042e+01
v 6.50865132e+03 7.02635364e+03 3.46684613e+01
v 6.51390980e+03 7.02758886e+03 3.36033211e+01
v 6.51908020e+03 7.03240974e+03 3.53748531e+01
v 6.50939187e+03 7.00000000e+03 3.47868172e+01
v 6.51106997e+03 7.03005118e+03 3.43135499e+01
v 6.50932159e+03 7.00000000e+03 3.61602171e+01
v 6.51599167e+03 7.03236778e+03 3.51290887e+01
v 6.50716694e+03 7.03080459e+03 3.48183496e+01
v 6.51151575e+03 7.03213648e+03 3.60464336e+01
v 6.56299999e+03 7.02728073e+03 2.96875305e+01
v 6.56299999e+03 7.02731828e+03 2.88059635e+01
v 6.56299999e+03 7.04711247e+03 3.61247547e+01
v 6.56299999e+03 7.04739784e+03 3.55013733e+01
v 6.56299999e+03 7.04629722e+03 3.49020588e+01
v 6.56299999e+03 7.04676880e+03 3.40757334e+01
v 6.56299999e+03 7.03670721e+03 3.99237015e+01
v 6.56299999e+03 7.03757740e+03 4.02623524e+01
v 6.56299999e+03 7.03726796e+03 3.81277868e+01
v 6.56299999e+03 7.03678479e+03 3.71023319e+01
v 6.56299999e+03 7.01068141e+03 3.08327159e+01
v 6.56299999e+03 7.01063768e+03 3.12447567e+01
v 6.56299999e+03 7.02555104e+03 3.35296212e+01
v 6.56299999e+03 7.02552053e+03 3.34910639e+01
v 6.56299999e+03 7.02188589e+03 3.31544523e+01
v 6.56299999e+03 7.02362177e+03 3.32871134e+01
v 6.56299999e+03 7.03247635e+03 3.49222174e+01
v 6.56299999e+03 7.03194941e+03 3.47629526e+01
v 6.56299999e+03 7.04673734e+03 3.24353567e+01
v 6.56299999e+03 7.04626782e+03 3.31914906e+01
v 6.56299999e+03 7.05461112e+03 3.28434885e+01
v 6.56299999e+03 7.05389637e+03 3.24483690e+01
v 6.56299999e+03 7.04813401e+03 3.31580787e+01
v 6.56299999e+03 7.04888201e+03 3.21651167e+01
v 6.56299999e+03 7.04702335e+03 3.40378123e+01
v 6.56299999e+03 7.04678333e+03 3.38460320e+01
v 6.56299999e+03 7.05834341e+03 3.50003490e+01
v 6.56299999e+03 7.05667413e+03 3.40404915e+01
v 6.56299999e+03 7.04749865e+03 3.50256623e+01
v 6.56299999e+03 7.05587208e+03 3.35186902e+01
v 6.56299999e+03 7.00880495e+03 3.82959194e+01
v 6.56299999e+03 7.00892612e+03 3.82933862e+01
v 6.56299999e+03 7.00887348e+03 3.81986824e+01
v 6.56299999e+03 7.00889521e+03 3.79735561e+01
v 6.56299999e+03 7.03036068e+03 3.55468962e+01
v 6.56299999e+03 7.03050481e+03 3.52667806e+01
v 6.56299999e+03 7.00862407e+03 3.81317111e+01
v 6.56299999e+03 7.00797696e+03 3.79628783e+01
v 6.56299999e+03 7.03055890e+03 3.52197405e+01
v 6.56299999e+03 7.02940901e+03 3.69196580e+01
v 6.56299999e+03 7.02905181e+03 3.62749183e+01
v 6.56299999e+03 7.03439108e+03 3.98216222e+01
v 6.56299999e+03 7.03511074e+03 3.98741078e+01
v 6.56299999e+03 7.00767811e+03 3.81497146e+01
v 6.56299999e+03 7.00415451e+03 3.95665517e+01
v 6.56299999e+03 7.00457259e+03 3.96215662e+01
v 6.56299999e+03 7.00340883e+03 4.04422673e+01
v 6.56299999e+03 7.00217262e+03 3.94709733e+01
v 6.56299999e+03 7.03374219e+03 3.95876933e+01
v 6.56299999e+03 7.03512474e+03 4.03401013e+01
v 6.56299999e+03 7.03651331e+03 3.99977375e+01
v 6.56299999e+03 7.03584172e+03 4.09741850e+01
v 6.56299999e+03 7.03795999e+03 4.03409078e+01
v 6.56299999e+03 7.03792142e+03 3.94321222e+01
v 6.56299999e+03 7.03658984e+03 3.99409966e+01
v 6.56299999e+03 7.03548163e+03 4.07530995e+01
v 6.56299999e+03 7.00510577e+03 4.06644560e+01
v 6.56299999e+03 7.00486420e+03 4.16439584e+01
v 6.56299999e+03 7.00500112e+03 4.04120646e+01
v 6.56299999e+03 7.03753478e+03 3.58343489e+01
v 6.56299999e+03 7.03353815e+03 3.63422918e+01
v 6.56299999e+03 7.03262702e+03 3.54813710e+01
v 6.56299999e+03 7.03746610e+03 3.56064832e+01
v 6.56299999e+03 7.03436468e+03 3.56656043e+01
v 6.56299999e+03 7.03381968e+03 3.58640157e+01
v 6.56299999e+03 7.02819757e+03 3.50353020e+01
v 6.56299999e+03 7.02781519e+03 3.45388306e+01
v 6.56299999e+03 7.03697298e+03 3.48285717e+01
v 6.56299999e+03 7.03135371e+03 3.43781250e+01
v 6.56299999e+03 7.03059497e+03 3.51310536e+01
v 6.56299999e+03 7.02687899e+03 3.45659184e+01
v 6.56299999e+03 7.00642453e+03 3.28813238e+01
v 6.56299999e+03 7.00539899e+03 3.29502924e+01
v 6.56299999e+03 7.00000000e+03 3.44215784e+01
v 6.56299999e+03 7.00108935e+03 3.46424683e+01
v 6.56299999e+03 7.00118807e+03 3.43015871e+01
v 6.56299999e+03 7.00146101e+03 3.31408626e+01
v 6.56299999e+03 7.00111092e+03 3.34145017e+01
v 6.56299999e+03 7.00239086e+03 3.27882854e+01
v 6.56299999e+03 7.00340248e+03 3.29114447e+01
v 6.56299999e+03 7.01012114e+03 3.29338081e+01
v 6.56299999e+03 7.00953461e+03 3.24851170e+01
v 6.56299999e+03 7.02284466e+03 3.34913214e+01
v 6.56299999e+03 7.02191196e+03 3.33092998e+01
v 6.56299999e+03 7.03598629e+03 3.35758892e+01
v 6.56299999e+03 7.03584281e+03 3.27748928e+01
v 6.56299999e+03 7.02155579e+03 3.31340461e+01
v 6.56299999e+03 7.02193334e+03 3.32146554e+01
v 6.56299999e+03 7.04561225e+03 3.01256921e+01
v 6.56299999e+03 7.04457864e+03 3.10421924e+01
v 6.56299999e+03 7.04725275e+03 3.14019342e+01
v 6.56299999e+03 7.00759689e+03 3.24669346e+01
v 6.56299999e+03 7.04456429e+03 3.11548638e+01
v 6.56299999e+03 7.04565373e+03 3.10971832e+01
v 6.56299999e+03 7.01712430e+03 2.86348588e+01
v 6.56299999e+03 7.01965401e+03 2.83302608e+01
v 6.56299999e+03 7.03573816e+03 2.56449372e+01
v 6.56299999e+03 7.03557673e+03 2.56542079e+01
v 6.56299999e+03 7.06104569e+03 3.00091373e+01
v 6.56299999e+03 7.06236086e+03 3.04194773e+01
v 6.56299999e+03 7.00434148e+03 3.25462420e+01
v 6.56299999e+03 7.00842212e+03 3.05217231e+01
v 6.56299999e+03 7.00900892e+03 3.15177266e+01
v 6.56299999e+03 7.00722851e+03 3.07957492e+01
v 6.56299999e+03 7.00805605e+03 3.15468572e+01
v 6.56299999e+03 7.00734340e+03 3.04658155e+01
v 6.56299999e+03 7.01279323e+03 3.19191637e+01
v 6.56299999e+03 7.01250065e+03 3.19803352e+01
v 6.56299999e+03 7.01124733e+03 3.14685690e+01
v 6.56299999e+03 7.00818680e+03 3.20376602e+01
v 6.56299999e+03 7.01295152e+03 3.13161481e+01
v 6.56299999e+03 7.01337731e+03 2.96612367e+01
v 6.56299999e+03 7.01295161e+03 3.04305385e+01
v 6.56299999e+03 7.04452519e+03 3.10899787e+01
v 6.56299999e+03 7.03640898e+03 3.25699994e+01
v 6.56299999e+03 7.04886183e+03 3.01550229e+01
v 6.56299999e+03 7.02706690e+03 3.22274042e+01
v 6.56299999e+03 7.02717141e+03 3.11120363e+01
v 6.56299999e+03 7.03639645e+03 3.16427919e+01
v 6.56299999e+03 7.01074907e+03 3.08369506e+01
v 6.56299999e+03 7.01586536e+03 2.88982741e+01
v 6.56299999e+03 7.01392764e+03 2.92406515e+01
v 6.56299999e+03 7.04228970e+03 2.57962435e+01
v 6.56299999e+03 7.04228351e+03 2.56985030e+01
v 6.56299999e+03 7.04270778e+03 2.81633858e+01
v 6.56299999e+03 7.03619890e+03 3.04834919e+01
v 6.56299999e+03 7.03595787e+03 3.14669075e+01
v 6.56299999e+03 7.04590693e+03 2.89134201e+01
v 6.56299999e+03 7.04440453e+03 2.84090866e+01
v 6.56299999e+03 7.04407613e+03 2.82625208e+01
v 6.56299999e+03 7.04675949e+03 2.89946319e+01
v 6.56299999e+03 7.04710014e+03 2.81476251e+01
v 6.56299999e+03 7.04885091e+03 3.00607421e+01
v 6.56299999e+03 7.03559420e+03 2.97975066e+01
v 6.56299999e+03 7.02664603e+03 2.85719929e+01
v 6.56299999e+03 7.02626602e+03 2.82894234e+01
v 6.56299999e+03 7.04226944e+03 2.56943270e+01
v 6.56299999e+03 7.03620451e+03 2.56700525e+01
v 6.56299999e+03 7.02421918e+03 2.83496732e+01
v 6.56299999e+03 7.02591989e+03 2.83433260e+01
v 6.56299999e+03 7.02339045e+03 2.83455473e+01
v 6.56299999e+03 7.03234173e+03 2.74265540e+01
v 6.56299999e+03 7.03228771e+03 2.78352540e+01
v 6.56299999e+03 7.06149082e+03 2.81238041e+01
v 6.56299999e+03 7.06161314e+03 2.77542474e+01
v 6.56299999e+03 7.06203657e+03 2.74919474e+01
v 6.56299999e+03 7.06186440e+03 2.79230090e+01
v 6.56299999e+03 7.06184970e+03 2.78639418e+01
v 6.56299999e+03 7.06184702e+03 2.78714419e+01
v 6.56299999e+03 7.05876661e+03 2.99758285e+01
v 6.56299999e+03 7.05736198e+03 3.01171539e+01
v 6.56299999e+03 7.05732524e+03 3.01569804e+01
v 6.56299999e+03 7.06070316e+03 3.13769980e+01
v 6.56299999e+03 7.06002372e+03 3.15126254e+01
v 6.56299999e+03 7.05991479e+03 3.09554123e+01
v 6.56299999e+03 7.05654728e+03 3.29372221e+01
v 6.56299999e+03 7.05669159e+03 3.15978798e+01
v 6.56299999e+03 7.05169007e+03 3.13918869e+01
v 6.56299999e+03 7.05127301e+03 3.01129389e+01
v 6.56299999e+03 7.05278096e+03 3.18506539e+01
v 6.56299999e+03 7.05768952e+03 3.14194458e+01
v 6.56299999e+03 7.00454632e+03 4.01437995e+01
v 6.56299999e+03 7.03292247e+03 2.89874363e+01
v 6.56299999e+03 7.03250947e+03 2.79247112e+01
v 6.56299999e+03 7.00690613e+03 3.84379860e+01
v 6.56299999e+03 7.00513701e+03 3.29214108e+01
v 6.56299999e+03 7.05702920e+03 3.32812517e+01
v 6.56299999e+03 7.03479201e+03 3.83577679e+01
v 6.56299999e+03 7.03545987e+03 3.61634614e+01
v 6.56299999e+03 7.03398069e+03 3.87841097e+01
v 6.56299999e+03 7.00193314e+03 3.93273074e+01
v 6.56299999e+03 7.03549392e+03 3.58793569e+01
v 6.56299999e+03 7.04790234e+03 3.03927214e+01
v 6.56299999e+03 7.04880975e+03 3.00024349e+01
v 6.56299999e+03 7.04888512e+03 3.00507908e+01
v 6.56299999e+03 7.04894078e+03 3.00797663e+01
v 6.56299999e+03 7.04412040e+03 2.84439483e+01
v 6.56299999e+03 7.04814880e+03 2.90398870e+01
v 6.56299999e+03 7.02230882e+03 2.83107436e+01
v 6.56299999e+03 7.03495892e+03 2.95760906e+01
v 6.56299999e+03 7.03516548e+03 2.57027727e+01
v 6.56299999e+03 7.03292635e+03 2.60222810e+01
v 6.56299999e+03 7.00369036e+03 3.92609680e+01
v 6.50948240e+03 7.06299999e+03 3.85201236e+01
v 6.51056438e+03 7.06299999e+03 3.86135452e+01
v 6.50522368e+03 7.06299999e+03 2.54844772e+01
v 6.50445290e+03 7.06299999e+03 2.87448609e+01
v 6.50719116e+03 7.06299999e+03 3.46889075e+01
v 6.50735884e+03 7.06299999e+03 3.60188343e+01
v 6.51531163e+03 7.06299999e+03 3.67985710e+01
v 6.51662944e+03 7.06299999e+03 3.63152873e+01
v 6.50740507e+03 7.06299999e+03 3.64340122e+01
v 6.50736194e+03 7.06299999e+03 3.66324652e+01
v 6.51688431e+03 7.06299999e+03 3.60842973e+01
v 6.51732673e+03 7.06299999e+03 3.43583206e+01
v 6.51754074e+03 7.06299999e+03 3.42884537e+01
v 6.50746963e+03 7.06299999e+03 3.43402810e+01
v 6.50758603e+03 7.06299999e+03 3.38511435e+01
v 6.50655932e+03 7.06299999e+03 3.42616551e+01
v 6.50590166e+03 7.06299999e+03 3.39200111e+01
v 6.50530990e+03 7.06299999e+03 3.37622361e+01
v 6.51765034e+03 7.06299999e+03 3.37765700e+01
v 6.51759145e+03 7.06299999e+03 3.26766717e+01
v 6.50504199e+03 7.06299999e+03 3.34595047e+01
v 6.50484135e+03 7.06299999e+03 3.31502260e+01
v 6.51454814e+03 7.06299999e+03 3.80219352e+01
v 6.51319379e+03 7.06299999e+03 3.85294984e+01
v 6.51525898e+03 7.06299999e+03 3.71023796e+01
v 6.51287201e+03 7.06299999e+03 3.86508962e+01
v 6.51091444e+03 7.06299999e+03 3.78102804e+01
v 6.51201783e+03 7.06299999e+03 3.82002872e+01
v 6.51122657e+03 7.06299999e+03 3.76311369e+01
v 6.50762686e+03 7.06299999e+03 3.67949891e+01
v 6.51151803e+03 7.06299999e+03 3.76915037e+01
v 6.51928148e+03 7.06299999e+03 2.68501195e+01
v 6.51902949e+03 7.06299999e+03 2.61920063e+01
v 6.50830122e+03 7.06299999e+03 1.36580554e+01
v 6.50624137e+03 7.06299999e+03 1.35272063e+01
v 6.51612282e+03 7.06299999e+03 1.99912801e+01
v 6.51712052e+03 7.06299999e+03 2.12899588e+01
v 6.50937212e+03 7.06299999e+03 1.38093049e+01
v 6.51493589e+03 7.06299999e+03 1.44529601e+01
v 6.51286447e+03 7.06299999e+03 1.43740924e+01
v 6.51437508e+03 7.06299999e+03 1.79112676e+01
v 6.51478627e+03 7.06299999e+03 1.82587032e+01
v 6.51651772e+03 7.06299999e+03 1.46093410e+01
v 6.50450761e+03 7.06299999e+03 1.31856420e+01
v 6.50300005e+03 7.06299999e+03 1.29293006e+01
v 6.50000000e+03 7.06299999e+03 1.27925076e+01
v 6.50589452e+03 7.06299999e+03 2.17154142e+01
v 6.50536670e+03 7.06299999e+03 2.42671010e+01
v 6.51726681e+03 7.06299999e+03 2.14156391e+01
v 6.51726018e+03 7.06299999e+03 2.16933493e+01
v 6.51784486e+03 7.06299999e+03 2.34672819e+01
v 6.51770085e+03 7.06299999e+03 2.40285570e+01
v 6.51842177e+03 7.06299999e+03 2.49577942e+01
v 6.51359325e+03 7.06299999e+03 1.64901787e+01
v 6.51710047e+03 7.06299999e+03 2.92134664e+01
v 6.51728413e+03 7.06299999e+03 3.14413438e+01
v 6.51745985e+03 7.06299999e+03 3.13060050e+01
v 6.51721399e+03 7.06299999e+03 3.15481796e+01
v 6.51703557e+03 7.06299999e+03 2.93198046e+01
v 6.51793713e+03 7.06299999e+03 3.07789244e+01
v 6.50545062e+03 7.06299999e+03 2.49314863e+01
v 6.50447032e+03 7.06299999e+03 2.91339334e+01
v 6.50525877e+03 7.06299999e+03 3.11332251e+01
v 6.50524161e+03 7.06299999e+03 3.15463529e+01
v 6.51703226e+03 7.06299999e+03 2.92959275e+01
v 6.50966993e+03 7.06299999e+03 1.43587278e+01
v 6.50968231e+03 7.06299999e+03 1.52222075e+01
v 6.50552853e+03 7.06299999e+03 2.06990736e+01
v 6.50803166e+03 7.06299999e+03 1.84275962e+01
v 6.50866696e+03 7.06299999e+03 1.82632416e+01
v 6.50674124e+03 7.06299999e+03 1.95784392e+01
v 6.50880521e+03 7.06299999e+03 1.65947085e+01
v 6.51924621e+03 7.06299999e+03 1.50072272e+01
v 6.52051414e+03 7.06299999e+03 1.51523481e+01
v 6.52284062e+03 7.06299999e+03 1.52085282e+01
v 6.53952745e+03 7.06299999e+03 1.81073723e+01
v 6.54035264e+03 7.06299999e+03 1.82696108e+01
v 6.54060084e+03 7.06299999e+03 1.82887554e+01
v 6.54099220e+03 7.06299999e+03 1.85643146e+01
v 6.54142702e+03 7.06299999e+03 1.94547456e+01
v 6.54082651e+03 7.06299999e+03 2.07609698e+01
v 6.54180355e+03 7.06299999e+03 2.21987597e+01
v 6.54117512e+03 7.06299999e+03 2.23101716e+01
v 6.54296519e+03 7.06299999e+03 2.24870508e+01
v 6.54085437e+03 7.06299999e+03 2.19135012e+01
v 6.53124534e+03 7.06299999e+03 1.64835874e+01
v 6.53466219e+03 7.06299999e+03 1.73294551e+01
v 6.52762256e+03 7.06299999e+03 1.59981641e+01
v 6.54338187e+03 7.06299999e+03 2.23639043e+01
v 6.54685010e+03 7.06299999e+03 2.27375077e+01
v 6.54733001e+03 7.06299999e+03 2.31687328e+01
v 6.55217001e+03 7.06299999e+03 2.59229212e+01
v 6.55146407e+03 7.06299999e+03 2.59040515e+01
v 6.54865280e+03 7.06299999e+03 2.41725198e+01
v 6.54750933e+03 7.06299999e+03 2.44735487e+01
v 6.54526673e+03 7.06299999e+03 2.17156146e+01
v 6.55011043e+03 7.06299999e+03 2.67178011e+01
v 6.55071866e+03 7.06299999e+03 2.42301782e+01
v 6.55056198e+03 7.06299999e+03 2.66340340e+01
v 6.55068580e+03 7.06299999e+03 2.39754089e+01
v 6.55074390e+03 7.06299999e+03 2.40450265e+01
v 6.54964096e+03 7.06299999e+03 2.35508556e+01
v 6.54936183e+03 7.06299999e+03 2.34925772e+01
v 6.55621018e+03 7.06299999e+03 2.61614221e+01
v 6.55587258e+03 7.06299999e+03 2.54034804e+01
v 6.55261622e+03 7.06299999e+03 2.48272456e+01
v 6.55289041e+03 7.06299999e+03 2.43619484e+01
v 6.55688097e+03 7.06299999e+03 2.57219568e+01
v 6.55848868e+03 7.06299999e+03 2.57087195e+01
v 6.56138911e+03 7.06299999e+03 2.58339350e+01
v 6.55348761e+03 7.06299999e+03 2.43643048e+01
v 6.55537060e+03 7.06299999e+03 2.44977080e+01
v 6.56207972e+03 7.06299999e+03 2.59030844e+01
v 6.56299999e+03 7.06299999e+03 2.70283442e+01
vt 0.14720848 0.80127275
vt 0.16467072 0.81703502
vt 0.13934101 0.81666696
vt 0.16630279 0.80030042
vt 0.14365928 0.82403803
vt 0.18006882 0.80535746
vt 0.17911157 0.84497702
vt 0.11863257 0.83469832
vt 0.17856209 0.82540345
vt 0.16644312 0.8441295
vt 0.13501988 0.84720331
vt 0.18408661 0.81601268
vt 0.1999878 0.82684553
vt 0.12240382 0.85179472
vt 0.21630438 0.84781927
vt 0.14636247 0.8559199
vt 0.12918943 0.86470532
vt 0.11073776 0.84544814
vt 0.19588691 0.80608541
vt 0.22133242 0.82980585
vt 0.18910858 0.86205924
vt 0.13950871 0.87316847
vt 0.11325842 0.86191887
vt 0.21066152 0.80732572
vt 0.21569625 0.81995404
vt 0.2349443 0.84582949
vt 0.20764193 0.87093961
vt 0.14527877 0.88117266
vt 0.12520126 0.87833214
vt 0.097531945 0.85548031
vt 0.2262349 0.82125068
vt 0.22418661 0.85235089
vt 0.25028956 0.83253169
vt 0.23025499 0.85665262
vt 0.18202429 0.88686156
vt 0.11477385 0.87729025
vt 0.086191282 0.87505901
vt 0.25690553 0.84692216
vt 0.24640991 0.86894107
vt 0.19964154 0.89529186
vt 0.14565985 0.89696509
vt 0.11441536 0.88474661
vt 0.10040514 0.87835765
vt 0.089591004 0.85067666
vt 0.24775237 0.85670811
vt 0.27715716 0.83095765
vt 0.22873434 0.89752865
vt 0.17666551 0.89271814
vt 0.15661141 0.89513803
vt 0.12903807 0.89377439
vt 0.085895956 0.89041358
vt 0.080541492 0.8623178
vt 0.2599602 0.85657132
vt 0.27083218 0.84975976
vt 0.26363835 0.82657367
vt 0.25542378 0.89194417
vt 0.16380611 0.91063941
vt 0.21832506 0.92075229
vt 0.15683176 0.88841558
vt 0.15531787 0.90260911
vt 0.13846111 0.90484411
vt 0.094593272 0.88355172
vt 0.11575598 0.90056288
vt 0.071479194 0.88203382
vt 0.07245177 0.86453772
vt 0.26537696 0.86991274
vt 0.27193448 0.85894692
vt 0.28354836 0.85532898
vt 0.2815001 0.82115662
vt 0.27200142 0.8862952
vt 0.17767407 0.93821925
vt 0.16485018 0.89998573
vt 0.16944867 0.88929278
vt 0.1487029 0.91065472
vt 0.13058753 0.91321194
vt 0.10396481 0.89347458
vt 0.12143781 0.9143303
vt 0.063684598 0.88037091
vt 0.080028161 0.90114689
vt 0.27983144 0.86574477
vt 0.27500322 0.80221134
vt 0.29910445 0.8274135
vt 0.15568303 0.92254859
vt 0.15469007 0.91247076
vt 0.2259091 0.93543088
vt 0.094191909 0.89570117
vt 0.10213365 0.92449576
vt 0.098271951 0.907498
vt 0.06212784 0.88524699
vt 0.28289169 0.87204182
vt 0.29122442 0.80823821
vt 0.26435813 0.8031376
vt 0.13848336 0.94561017
vt 0.21699716 0.97422975
vt 0.14250068 0.91721117
vt 0.04849397 0.9127785
vt 0.28833109 0.88017434
vt 0.28649381 0.86680168
vt 0.28728011 0.79724956
vt 0.29909617 0.8122105
vt 0.14070301 0.92880595
vt 0.17022993 0.9577685
vt 0.24495344 0.94653857
vt 0.083737426 0.90607214
vt 0.090002231 0.91798264
vt 0.04307469 0.88892722
vt 0.064125046 0.91191101
vt 0.29912186 0.86598694
vt 0.29434645 0.86171991
vt 0.29909548 0.80520213
vt 0.24581355 0.97879815
vt 0.086496286 0.93569541
vt 0.033432823 0.90405709
vt 0.040897883 0.86624068
vt 0.07240428 0.9180038
vt 0.29913363 0.88871336
vt 0.29909039 0.79409224
vt 0.25175974 0.99575269
vt 0.27126423 0.93493742
vt 0.078729652 0.92667156
vt 0.031348474 0.87396026
vt 0.28594664 0.90937561
vt 0.26397824 0.98400271
vt 0.27853948 0.9661262
vt 0.018498329 0.8654232
vt 0.033558518 0.88520908
vt 0.26835468 0.90052372
vt 0.29914099 0.90819997
vt 0.29117244 0.94220287
vt 0.018275093 0.87589222
vt 0.029116035 0.85932052
vt 0.27644619 0.92254663
vt 0.27898613 0.88581365
vt 0.29914811 0.92208791
vt 0.29915372 0.93833667
vt 0.007303372 0.88030219
vt 0.021203019 0.85411435
vt 0.0060078464 0.86589211
vt 0.0099914074 0.8558147
vt 0.0039811274 0.85399437
vt 0.34318304 0.92254859
vt 0.33620292 0.91065472
vt 0.35130611 0.91063941
vt 0.13836543 0.60277069
vt 0.13109089 0.57891166
vt 0.16643646 0.6110608
vt 0.11780045 0.61493123
vt 0.17329486 0.55861104
vt 0.13125384 0.62678152
vt 0.20002404 0.58021432
vt 0.15713724 0.54776609
vt 0.13960797 0.65160942
vt 0.093154833 0.63803095
vt 0.2050007 0.60238397
vt 0.13228795 0.55662274
vt 0.13073847 0.64275062
vt 0.16701794 0.63661849
vt 0.12607245 0.65130007
vt 0.21716107 0.60338777
vt 0.19785315 0.62264407
vt 0.13610969 0.54103583
vt 0.16791026 0.65721607
vt 0.10822742 0.66591531
vt 0.217777 0.59000123
vt 0.21293828 0.62096834
vt 0.14921391 0.67997152
vt 0.19708978 0.62917763
vt 0.1300275 0.67499191
vt 0.098438069 0.6664331
vt 0.23861313 0.60365552
vt 0.22661246 0.61558235
vt 0.21182381 0.64254892
vt 0.19210128 0.656187
vt 0.17772225 0.6689595
vt 0.072295263 0.66428608
vt 0.2407089 0.58429939
vt 0.13510233 0.68734002
vt 0.20377892 0.66029072
vt 0.071334809 0.68708956
vt 0.074762031 0.64937675
vt 0.25029519 0.60821223
vt 0.22774588 0.64345396
vt 0.15591925 0.69500113
vt 0.19010974 0.67304564
vt 0.2078187 0.64639533
vt 0.059039373 0.68676209
vt 0.084047511 0.68991858
vt 0.078409724 0.63036299
vt 0.069337748 0.65877646
vt 0.25501797 0.57773852
vt 0.23673135 0.6213609
vt 0.21598618 0.65388668
vt 0.13764586 0.69960815
vt 0.15722011 0.67450666
vt 0.22384684 0.66861999
vt 0.1991301 0.69485611
vt 0.062833712 0.66740853
vt 0.05207441 0.69952857
vt 0.10050865 0.63055563
vt 0.065969944 0.63956606
vt 0.27282903 0.6159814
vt 0.24591061 0.58015943
vt 0.25481734 0.62370092
vt 0.12581722 0.72789907
vt 0.12716141 0.69381297
vt 0.1691255 0.67674482
vt 0.22550872 0.68002796
vt 0.051618181 0.67882156
vt 0.082418032 0.68956232
vt 0.038654078 0.70363081
vt 0.088430472 0.61254042
vt 0.06961716 0.6061213
vt 0.12171338 0.70983267
vt 0.14488328 0.71802366
vt 0.11990027 0.70262635
vt 0.16772221 0.6983816
vt 0.1979131 0.71054226
vt 0.043991156 0.6816082
vt 0.044586707 0.67417848
vt 0.10213562 0.61697531
vt 0.081596844 0.61918086
vt 0.047913365 0.61825287
vt 0.041216481 0.65143871
vt 0.2437257 0.6831131
vt 0.15716718 0.71323919
vt 0.13646077 0.72543472
vt 0.18742201 0.69002342
vt 0.23945059 0.70411742
vt 0.17352755 0.71645772
vt 0.020609802 0.68745029
vt 0.06011403 0.59364212
vt 0.1533428 0.73627388
vt 0.17941619 0.66826624
vt 0.21587473 0.7405861
vt 0.17290011 0.73186749
vt 0.016084582 0.68253624
vt 0.013015178 0.66486406
vt 0.017395234 0.71185899
vt 0.033611026 0.64407325
vt 0.25624278 0.69851565
vt 0.13909398 0.73342836
vt 0.24002992 0.72727966
vt 0.0076440657 0.70121396
vt 0.16621463 0.74564493
vt 0.14596947 0.74089259
vt 0.23481736 0.74427229
vt 0.004268785 0.67337352
vt 0.0042810128 0.6984576
vt 0.16625534 0.7456857
vt 0.0042739501 0.68730193
vt 0.0042672656 0.6690793
vt 0.0042779087 0.69369763
vt 0.21363786 0.74558949
vt 0.2172811 0.7455104
vt 0.3566255 0.92674482
vt 0.34472013 0.92450666
vt 0.35483521 0.91735029
vt 0.36691621 0.91826624
vt 0.39228043 0.89282119
vt 0.40837377 0.88365847
vt 0.39235598 0.9454962
vt 0.39243048 0.84931207
vt 0.40940058 0.97022086
vt 0.40866703 0.80402517
vt 0.43402684 0.9130832
vt 0.39481679 0.97697484
vt 0.43398133 0.85586506
vt 0.39295709 0.80256414
vt 0.43337074 0.95542014
vt 0.3929542 0.99371958
vt 0.4339107 0.80126572
vt 0.3809568 0.79245901
vt 0.39155009 0.7637127
vt 0.43393883 0.9959451
vt 0.40810353 0.99621838
vt 0.38645536 0.99331141
vt 0.42635575 0.76964825
vt 0.41213173 0.76625758
vt 0.42826033 0.77312565
vt 0.38571247 0.73629701
vt 0.4297775 0.77271962
vt 0.43315279 0.76456583
vt 0.41426486 0.73245859
vt 0.37794909 0.73768473
vt 0.41123876 0.76050621
vt 0.1281506 0.97022086
vt 0.12685354 0.99621838
vt 0.10315257 0.97528666
vt 0.10520536 0.99331141
vt 0.72772962 0.88130319
vt 0.72929496 0.86720669
vt 0.73286295 0.88078064
vt 0.71935838 0.89082122
vt 0.68550348 0.8980757
vt 0.66526026 0.89974773
vt 0.68283957 0.91561252
vt 0.67616045 0.90791792
vt 0.6876334 0.8660785
vt 0.71123266 0.90355617
vt 0.68514776 0.84751499
vt 0.66728663 0.86451066
vt 0.70502657 0.9155283
vt 0.71144599 0.83300447
vt 0.64150429 0.87224156
vt 0.72318447 0.91127247
vt 0.69240189 0.92308211
vt 0.64441419 0.85523534
vt 0.70328599 0.81533957
vt 0.74273288 0.84465235
vt 0.63840854 0.89428514
vt 0.72521055 0.93425107
vt 0.71673566 0.89582968
vt 0.69834137 0.93099129
vt 0.63854557 0.82513082
vt 0.72130907 0.82795334
vt 0.66947037 0.80597502
vt 0.62914312 0.8672024
vt 0.6492027 0.90522254
vt 0.73764789 0.91470063
vt 0.7298165 0.90106845
vt 0.61838031 0.84227657
vt 0.66220236 0.8220346
vt 0.73005718 0.82515025
vt 0.68911088 0.78182864
vt 0.63770801 0.9243679
vt 0.6139375 0.87210488
vt 0.70563459 0.9429788
vt 0.73184937 0.90907198
vt 0.60006577 0.81727302
vt 0.71161216 0.80110723
vt 0.64116102 0.808411
vt 0.67082393 0.78650618
vt 0.62824929 0.90950918
vt 0.6949755 0.95563328
vt 0.69192737 0.94738621
vt 0.74123085 0.91444886
vt 0.57518196 0.83799642
vt 0.61651534 0.808599
vt 0.73495871 0.81451714
vt 0.6602208 0.80216497
vt 0.64764065 0.81927121
vt 0.69727755 0.7778604
vt 0.65047008 0.79459929
vt 0.67888319 0.77544409
vt 0.6092751 0.85271442
vt 0.66484815 0.93414545
vt 0.61499304 0.91862148
vt 0.67617214 0.9361766
vt 0.57432252 0.81877208
vt 0.6188584 0.8026607
vt 0.65922904 0.78593624
vt 0.63923824 0.94710076
vt 0.61732072 0.94101161
vt 0.67489713 0.94756383
vt 0.58545625 0.80283415
vt 0.56878203 0.82704961
vt 0.60190243 0.78073233
vt 0.74124765 0.79866707
vt 0.69863981 0.75649369
vt 0.65370798 0.94894207
vt 0.62648708 0.94110548
vt 0.61188161 0.93248373
vt 0.5971415 0.78703642
vt 0.5602541 0.8395952
vt 0.60555011 0.77583253
vt 0.74811327 0.80239785
vt 0.62919039 0.78317308
vt 0.68163121 0.76408601
vt 0.63919121 0.95510679
vt 0.62857777 0.95931041
vt 0.60224921 0.93057674
vt 0.60999185 0.95658314
vt 0.75230122 0.79165936
vt 0.65331447 0.96949452
vt 0.64177924 0.96983796
vt 0.6344611 0.96950853
vt 0.6130358 0.76573133
vt 0.75970262 0.7887609
vt 0.74418777 0.76825047
vt 0.66827595 0.96685439
vt 0.61880457 0.97217757
vt 0.58950514 0.94621325
vt 0.61455917 0.76351273
vt 0.6657384 0.97243166
vt 0.67319334 0.95673287
vt 0.61310309 0.96885818
vt 0.58561134 0.96613246
vt 0.62957197 0.76632929
vt 0.60270256 0.97885579
vt 0.57069719 0.95595104
vt 0.57812786 0.93399078
vt 0.55608964 0.97012687
vt 0.59671122 0.9839865
vt 0.56294417 0.95121241
vt 0.58636093 0.98555261
vt 0.55697608 0.9333269
vt 0.54736394 0.95723045
vt 0.60307235 0.99607301
vt 0.54477537 0.94065118
vt 0.54525685 0.96811467
vt 0.55256146 0.92115015
vt 0.53856438 0.96194178
vt 0.53808194 0.95734078
vt 0.54034191 0.91851306
vt 0.53036767 0.94500166
vt 0.53097284 0.92628765
vt 0.51489145 0.94874805
vt 0.52546352 0.91601664
vt 0.52413899 0.93473649
vt 0.51576805 0.92320251
vt 0.52350616 0.91343504
vt 0.5171383 0.9407683
vt 0.50948495 0.9189567
vt 0.50668025 0.94374597
vt 0.51393801 0.91334093
vt 0.50539321 0.92555928
vt 0.51806998 0.90664506
vt 0.50385308 0.92848098
vt 0.49123085 0.91444886
vt 0.48068309 0.92286813
vt 0.48184934 0.90907198
vt 0.63156009 0.73932183
vt 0.60372514 0.73767257
vt 0.6016044 0.7256639
vt 0.64635324 0.72714877
vt 0.62124044 0.74585825
vt 0.62113744 0.70866376
vt 0.65491182 0.74584568
vt 0.60505778 0.74586374
vt 0.63359761 0.74585378
vt 0.60416424 0.70961988
vt 0.65265232 0.68905413
vt 0.66481668 0.7458421
vt 0.58317798 0.70241499
vt 0.60269558 0.68741924
vt 0.67920309 0.69572246
vt 0.6829921 0.74583602
vt 0.55608046 0.71136886
vt 0.73186678 0.72302926
vt 0.67501807 0.66958833
vt 0.60498691 0.65689218
vt 0.58370858 0.73200452
vt 0.70125407 0.70351404
vt 0.68562323 0.67899567
vt 0.52627057 0.68328607
vt 0.72034663 0.74582154
vt 0.56733 0.72825944
vt 0.69260329 0.67032421
vt 0.63544601 0.62090755
vt 0.56037116 0.65304303
vt 0.74864703 0.74581093
vt 0.53562492 0.73032248
vt 0.52388084 0.71535993
vt 0.69818926 0.6488812
vt 0.68007302 0.61318928
vt 0.61805767 0.62330478
vt 0.52270436 0.64704657
vt 0.56145698 0.64324224
vt 0.55331945 0.74588299
vt 0.50454521 0.6842829
vt 0.70871526 0.61972147
vt 0.67506599 0.59955072
vt 0.58703381 0.63611269
vt 0.64568126 0.60821247
vt 0.5045312 0.64162654
vt 0.50455797 0.73140568
vt 0.53977638 0.74588847
vt 0.56941134 0.74587739
vt 0.528 0.745893
vt 0.50456274 0.74590099
vt 0.44280541 0.9133656
vt 0.47251073 0.89484054
vt 0.46183011 0.96019578
vt 0.44305679 0.95580536
vt 0.44274187 0.85617518
vt 0.44273412 0.99626797
vt 0.47013372 0.84720939
vt 0.45999038 0.99562502
vt 0.47126022 0.83697355
vt 0.47002876 0.81992602
vt 0.44212562 0.80175036
vt 0.47132045 0.83520025
vt 0.46314511 0.80837083
vt 0.44927809 0.78203171
vt 0.44154528 0.76539052
vt 0.46711928 0.79259813
vt 0.44835609 0.77266347
vt 0.46945706 0.77418494
vt 0.47384968 0.79177904
vt 0.44687834 0.77383846
vt 0.44640014 0.77096653
vt 0.7162385 0.98699003
vt 0.70597774 0.97655171
vt 0.72858906 0.98724347
vt 0.73155379 0.9937917
vt 0.7314465 0.9748711
vt 0.75133044 0.99460286
vt 0.70598733 0.95544618
vt 0.69557875 0.96609163
vt 0.73991936 0.9563781
vt 0.75991219 0.98022741
vt 0.69146377 0.95943809
vt 0.79240495 0.97342902
vt 0.76521015 0.96027797
vt 0.78966576 0.98845744
vt 0.81039333 0.97756463
vt 0.77318054 0.9955942
vt 0.78418565 0.95580959
vt 0.81701159 0.95928937
vt 0.80035764 0.99249661
vt 0.79901785 0.95167929
vt 0.82502252 0.96976084
vt 0.80970532 0.94692951
vt 0.83897609 0.95703208
vt 0.82395941 0.98275554
vt 0.83872604 0.94229198
vt 0.86811292 0.94188184
vt 0.85835826 0.9505313
vt 0.87907964 0.94789559
vt 0.8990109 0.9447583
vt 0.89205104 0.95382488
vt 0.89870763 0.95482016
vt 0.90304488 0.9568063
vt 0.88975179 0.967592
vt 0.9059307 0.95161742
vt 0.89849043 0.95960343
vt 0.89266568 0.96550679
vt 0.90770268 0.94907123
vt 0.76889181 0.82843
vt 0.76085711 0.8259415
vt 0.75989783 0.81398785
vt 0.77157253 0.80151224
vt 0.75521672 0.84684992
vt 0.79570359 0.79936862
vt 0.75407457 0.87107182
vt 0.80799621 0.81006289
vt 0.7950964 0.77266127
vt 0.81905943 0.77435404
vt 0.76845747 0.78475791
vt 0.84256107 0.79591131
vt 0.81878614 0.75728679
vt 0.78171676 0.76106787
vt 0.8307237 0.76646906
vt 0.81626076 0.81394869
vt 0.79547501 0.74830377
vt 0.87988508 0.78790748
vt 0.8434245 0.82025886
vt 0.87565571 0.80976546
vt 0.85778576 0.81704664
vt 0.88504094 0.8205927
vt 0.8764171 0.83273673
vt 0.92552423 0.80874199
vt 0.91721356 0.82687449
vt 0.90244859 0.82783681
vt 0.93483377 0.82351887
vt 0.87941831 0.83011681
vt 0.9508605 0.82256562
vt 0.95130914 0.83117968
vt 0.88550168 0.83791971
vt 0.95865279 0.82871079
vt 0.96648765 0.83093762
vt 0.36991769 0.81855142
vt 0.33356872 0.85341698
vt 0.3320666 0.83314747
vt 0.34002492 0.78676975
vt 0.37086889 0.85562241
vt 0.32516739 0.86280221
vt 0.37030798 0.77856505
vt 0.32841629 0.7993356
vt 0.33257824 0.88404065
vt 0.35986215 0.72448504
vt 0.33154985 0.75253075
vt 0.34084323 0.90059906
vt 0.31592017 0.90011388
vt 0.37007168 0.74571466
vt 0.32795933 0.75121653
vt 0.37018076 0.87852317
vt 0.33035395 0.90303189
vt 0.33254117 0.7459296
vt 0.33172905 0.73255891
vt 0.35936543 0.90070415
vt 0.33148271 0.74037147
vt 0.32843915 0.72378451
vt 0.3715618 0.8999806
vt 0.33691597 0.71294093
vt 0.33103424 0.73872745
vt 0.33083197 0.69600046
vt 0.33342168 0.69445103
vt 0.20842166 0.78820103
vt 0.21191597 0.80669093
vt 0.202232 0.80453676
vt 0.97714776 0.76059961
vt 0.96428698 0.78914303
vt 0.94370908 0.76519835
vt 0.9621101 0.70616448
vt 0.97519559 0.79079121
vt 0.94222504 0.78754711
vt 0.94356418 0.72784877
vt 0.97705346 0.7079199
vt 0.95592105 0.80846977
vt 0.94201535 0.68756807
vt 0.97675776 0.66429746
vt 0.97213167 0.80863965
vt 0.94192255 0.80927861
vt 0.94330591 0.65498555
vt 0.96001506 0.60610545
vt 0.82719743 0.6553728
vt 0.8146835 0.68819499
vt 0.79729331 0.67155433
vt 0.78579509 0.66196465
vt 0.83671188 0.69157052
vt 0.80493456 0.69318116
vt 0.783472 0.64300215
vt 0.8539384 0.68909538
vt 0.81202543 0.7116791
vt 0.77176994 0.65983576
vt 0.81247163 0.63041133
vt 0.85644573 0.70741761
vt 0.85196155 0.67452216
vt 0.82057416 0.71602571
vt 0.80074066 0.70577514
vt 0.77783972 0.66576731
vt 0.76052344 0.65719622
vt 0.83597571 0.58797216
vt 0.83244038 0.724482
vt 0.88207024 0.71449864
vt 0.87806404 0.6424638
vt 0.89235348 0.68053484
vt 0.80464727 0.71386409
vt 0.84824151 0.73249233
vt 0.86591184 0.73338938
vt 0.77394223 0.67242968
vt 0.90126538 0.62088329
vt 0.89955091 0.7456497
vt 0.91238332 0.7043916
vt 0.91085148 0.64760554
vt 0.76439834 0.67702055
vt 0.90398216 0.6260215
vt 0.90189421 0.7325927
vt 0.92314655 0.69157302
vt 0.93234062 0.67914349
vt 0.75367934 0.66796672
vt 0.41867688 0.709503
vt 0.42702603 0.69662368
vt 0.44063851 0.70561409
vt 0.42681116 0.71869397
vt 0.41156033 0.69889379
vt 0.45426092 0.70175034
vt 0.40790969 0.71777219
vt 0.43025377 0.72406071
vt 0.40172973 0.71253598
vt 0.41611487 0.68781763
vt 0.46531549 0.71659273
vt 0.4338772 0.67740804
vt 0.44209155 0.71908647
vt 0.39677215 0.70322001
vt 0.39963651 0.69015074
vt 0.44945294 0.72318977
vt 0.46648934 0.71536148
vt 0.45248809 0.68468928
vt 0.44160858 0.72897565
vt 0.40534329 0.64986724
vt 0.4657926 0.71914005
vt 0.46960253 0.70275557
vt 0.43768442 0.65775752
vt 0.46401727 0.69656122
vt 0.43007764 0.73740995
vt 0.38369265 0.67151725
vt 0.46430063 0.73207551
vt 0.46985194 0.65502679
vt 0.47101924 0.6869967
vt 0.43898013 0.74593592
vt 0.3824563 0.65206015
vt 0.42581809 0.63891983
vt 0.47764808 0.68812501
vt 0.44893974 0.64695668
vt 0.46836329 0.67518842
vt 0.39725932 0.63713419
vt 0.37190944 0.669949
vt 0.41559014 0.63728654
vt 0.47884706 0.70823872
vt 0.46187267 0.63897181
vt 0.3796671 0.62950486
vt 0.36319479 0.65103996
vt 0.4880082 0.69796818
vt 0.46767238 0.71716893
vt 0.40007457 0.62160516
vt 0.3599149 0.65953636
vt 0.34556106 0.64366519
vt 0.34900635 0.6258018
vt 0.33183479 0.63305509
vt 0.36946258 0.62236452
vt 0.31720558 0.63227063
vt 0.32291085 0.64060736
vt 0.4950693 0.55995584
vt 0.49048349 0.57737207
vt 0.4461529 0.56384802
vt 0.48465475 0.53166538
vt 0.54455966 0.57493317
vt 0.47066689 0.60232139
vt 0.52083814 0.52926135
vt 0.45917642 0.52438259
vt 0.52026761 0.6045261
vt 0.54398978 0.55322707
vt 0.44889677 0.60376382
vt 0.49009967 0.60693133
vt 0.43558255 0.53768897
vt 0.53457755 0.59816396
vt 0.43085983 0.58852756
vt 0.40198436 0.55417532
vt 0.50448 0.61313832
vt 0.54569906 0.5869801
vt 0.41122913 0.59429264
vt 0.39809775 0.56040251
vt 0.51338309 0.62181097
vt 0.42135698 0.60726297
vt 0.39628598 0.55714631
vt 0.39694765 0.6075691
vt 0.39302906 0.5726881
vt 0.39457187 0.55786884
vt 0.38943318 0.60281694
vt 0.39284402 0.57940602
vt 0.3888731 0.56663316
vt 0.39187059 0.56042379
vt 0.3906312 0.58248544
vt 0.38629004 0.5833925
vt 0.38025883 0.5906539
vt 0.37826875 0.58792043
vt 0.93294507 0.93766546
vt 0.92315215 0.92456859
vt 0.94593167 0.90784949
vt 0.92136234 0.94476479
vt 0.92807537 0.91141903
vt 0.92063552 0.96609879
vt 0.93695128 0.90208733
vt 0.93282032 0.95290077
vt 0.93942291 0.88638258
vt 0.93156588 0.89788961
vt 0.94634205 0.95612752
vt 0.93603903 0.96329707
vt 0.95113617 0.88231337
vt 0.91996992 0.90312099
vt 0.94026524 0.9352988
vt 0.93283075 0.97506356
vt 0.93985504 0.87470734
vt 0.95870024 0.89969909
vt 0.91762066 0.89274895
vt 0.9491055 0.94435149
vt 0.94204289 0.97051483
vt 0.93102181 0.98220444
vt 0.91570115 0.87908763
vt 0.95594388 0.85938072
vt 0.95905268 0.95076799
vt 0.90953225 0.98499268
vt 0.95141059 0.98894137
vt 0.94840497 0.85924184
vt 0.96096814 0.86660004
vt 0.95914948 0.96590579
vt 0.9192273 0.99457002
vt 0.92881709 0.99605554
vt 0.94182909 0.85633367
vt 0.76357752 0.57748163
vt 0.76280332 0.54990458
vt 0.80908376 0.54757947
vt 0.79695892 0.58222485
vt 0.75405478 0.57280183
vt 0.77208793 0.52099466
vt 0.82014716 0.59627008
vt 0.76568264 0.58154881
vt 0.80299336 0.48554564
vt 0.80939794 0.62199545
vt 0.83928609 0.54227877
vt 0.77944553 0.61211938
vt 0.78054649 0.49446625
vt 0.82422221 0.49471229
vt 0.83259785 0.52859724
vt 0.75920063 0.60370076
vt 0.84511703 0.52938199
vt 0.85435677 0.50353253
vt 0.84233934 0.48623037
vt 0.88029176 0.51222587
vt 0.86464381 0.47963089
vt 0.91559315 0.59315908
vt 0.90742904 0.60273767
vt 0.88097852 0.59493947
vt 0.88359153 0.56540954
vt 0.9186663 0.61293793
vt 0.87840158 0.60865188
vt 0.91129118 0.5590328
vt 0.90285623 0.62154126
vt 0.93649256 0.55575293
vt 0.88677067 0.5512979
vt 0.93760908 0.56832123
vt 0.92288035 0.53812456
vt 0.89842916 0.53641427
vt 0.95618552 0.56638932
vt 0.94823378 0.52275062
vt 0.9603585 0.55078435
vt 0.9081651 0.4942714
vt 0.94241321 0.4986431
vt 0.96628934 0.55720663
vt 0.8906256 0.50716192
vt 0.96586925 0.50221682
vt 0.95336121 0.4876042
vt 0.98093462 0.52779615
vt 0.88092381 0.48728192
vt 0.94662911 0.48257875
vt 0.9955219 0.50233078
vt 0.96862489 0.48776984
vt 0.9831695 0.48750949
vt 0.99573314 0.50821108
vt 0.5886988 0.59558052
vt 0.59110409 0.58185947
vt 0.61778766 0.60340869
vt 0.60472566 0.61375189
vt 0.57718682 0.59052312
vt 0.6266275 0.58117193
vt 0.61428195 0.61353368
vt 0.57164204 0.610627
vt 0.57179755 0.58474565
vt 0.6455254 0.57803923
vt 0.60510015 0.62096
vt 0.66575098 0.58505273
vt 0.56702381 0.6184603
vt 0.66463012 0.57453829
vt 0.66682661 0.59425884
vt 0.69145256 0.59015882
vt 0.67325878 0.56402802
vt 0.69175428 0.58362883
vt 0.69454437 0.56137413
vt 0.68935609 0.54909182
vt 0.69875509 0.57134974
vt 0.86173552 0.88793284
vt 0.87100852 0.91006076
vt 0.84450525 0.8904134
vt 0.8506766 0.9306525
vt 0.88209534 0.93303859
vt 0.83337283 0.89950842
vt 0.81715041 0.92567027
vt 0.82392645 0.89057302
vt 0.79420191 0.9010433
vt 0.79096794 0.91696745
vt 0.75427103 0.90605593
vt 0.36293527 0.53529739
vt 0.36398077 0.54919827
vt 0.34027967 0.55037409
vt 0.34415475 0.53223163
vt 0.36368972 0.56607878
vt 0.31872937 0.53379238
vt 0.35697231 0.51681775
vt 0.3515023 0.56666279
vt 0.30697766 0.55594718
vt 0.34136042 0.52117848
vt 0.36160514 0.51606905
vt 0.2893987 0.54637861
vt 0.33310091 0.51893049
vt 0.37367779 0.5246886
vt 0.33421421 0.56999934
vt 0.26603514 0.56920123
vt 0.29276794 0.53401101
vt 0.37489173 0.52070558
vt 0.34606707 0.57979894
vt 0.31139857 0.5744009
vt 0.25421977 0.55187607
vt 0.29141834 0.587183
vt 0.31136861 0.51590157
vt 0.36485246 0.51285446
vt 0.33985174 0.59032255
vt 0.32494396 0.58025849
vt 0.27142945 0.58734846
vt 0.2919603 0.52877092
vt 0.3224903 0.5231961
vt 0.31208071 0.59480917
vt 0.29383639 0.59973896
vt 0.31014571 0.61608028
vt 0.27205837 0.60843158
vt 0.32155758 0.61228615
vt 0.2907446 0.61694717
vt 0.28020018 0.62079883
vt 0.0045878417 0.52186549
vt 0.017815072 0.53286803
vt 0.0061708572 0.53491962
vt 0.014449522 0.51313639
vt 0.022558717 0.52324009
vt 0.031590968 0.53198516
vt 0.031622935 0.51666009
vt 0.036804572 0.53715605
vt 0.04652983 0.53328896
vt 0.045365117 0.50234932
vt 0.054585662 0.52990222
vt 0.029083438 0.50104737
vt 0.053463314 0.55025196
vt 0.05688097 0.52067095
vt 0.064201027 0.4938587
vt 0.041358076 0.54011238
vt 0.067185611 0.52148813
vt 0.046706561 0.55513507
vt 0.088284023 0.52609968
vt 0.055636924 0.55942816
vt 0.085313119 0.5040797
vt 0.091779955 0.4818539
vt 0.10278035 0.5204488
vt 0.11829209 0.50852424
vt 0.11207767 0.48038155
vt 0.12511687 0.52331412
vt 0.12128344 0.49316823
vt 0.098303005 0.80091357
vt 0.11028213 0.79177499
vt 0.11748617 0.80559433
vt 0.10947139 0.82946974
vt 0.12334748 0.81827229
vt 0.089804173 0.82247651
vt 0.089334421 0.84228194
vt 0.078504682 0.81211942
vt 0.074656636 0.83956909
vt 0.099967994 0.79004872
vt 0.061238702 0.86260355
vt 0.056592271 0.84261465
vt 0.079116441 0.78200758
vt 0.047434852 0.83840418
vt 0.044820912 0.81003678
vt 0.045639303 0.85461295
vt 0.054328214 0.81603247
vt 0.050326098 0.77116698
vt 0.047986791 0.87125528
vt 0.039997976 0.84524655
vt 0.030379491 0.81077582
vt 0.039232071 0.84583813
vt 0.035584137 0.83744055
vt 0.019864181 0.83035719
vt 0.031270362 0.78812891
vt 0.036639743 0.85542297
vt 0.038969807 0.84551328
vt 0.028948801 0.84376645
vt 0.0095056472 0.82818639
vt 0.027460491 0.7778492
vt 0.043759603 0.8572669
vt 0.019584985 0.85145104
vt 0.0086311772 0.82527393
vt 0.0033104979 0.84551877
vt 0.037371203 0.76375091
vt 0.012690537 0.84296131
vt 0.015140944 0.85369003
vt 0.019988548 0.85505474
vt 0.079797424 0.95874995
vt 0.09761031 0.9654004
vt 0.0701226 0.96011251
vt 0.039811086 0.9490661
vt 0.12187282 0.96487975
vt 0.034257609 0.94374484
vt 0.0046809749 0.93974507
vt 0.060501907 0.94123435
vt 0.024263067 0.93272388
vt 0.053283952 0.93446726
vt 0.0050099543 0.93501461
vt 0.039214116 0.93535054
vt 0.056935288 0.92189753
vt 0.005006053 0.92887318
vt 0.066702932 0.93764371
vt 0.0058947494 0.92206234
vt 0.063333012 0.95160031
vt 0.02106061 0.91206145
vt 0.0070462939 0.91723746
vt 0.03740536 0.93333894
vt 0.16520716 0.50973439
vt 0.18620753 0.51868874
vt 0.19554523 0.54029292
vt 0.14281029 0.48607981
vt 0.19478658 0.53063273
vt 0.17134941 0.50140619
vt 0.2031773 0.52179313
vt 0.21496557 0.54363471
vt 0.1388932 0.47466004
vt 0.20320949 0.53380823
vt 0.22359954 0.55076635
vt 0.14963613 0.47753537
vt 0.12976797 0.47245628
vt 0.22008653 0.5370754
vt 0.24317141 0.5509249
vt 0.15142052 0.47232217
vt 0.12800017 0.47224408
vt 0.24691142 0.5580408
vt 0.5858835 0.53805816
vt 0.5866245 0.52720594
vt 0.59444582 0.54161924
vt 0.57067603 0.53787869
vt 0.61527729 0.54408932
vt 0.5684306 0.51919997
vt 0.60178065 0.5462392
vt 0.62321812 0.53064501
vt 0.5750246 0.50818169
vt 0.60196066 0.52218032
vt 0.58997917 0.51211953
vt 0.60298371 0.51046932
vt 0.5859074 0.49727994
vt 0.59954596 0.52054751
vt 0.62636173 0.5044958
vt 0.57205266 0.4973284
vt 0.65093911 0.55157232
vt 0.56864649 0.4852103
vt 0.61165851 0.47812921
vt 0.64776605 0.52379334
vt 0.58573288 0.4629041
vt 0.62465203 0.45874655
vt 0.64433932 0.50548196
vt 0.6697433 0.5374608
vt 0.56616879 0.46114975
vt 0.63222688 0.48758388
vt 0.66019946 0.51321387
vt 0.63296217 0.50027746
vt 0.67690945 0.55858845
vt 0.66341358 0.52243823
vt 0.63907975 0.46408343
vt 0.6553309 0.49895078
vt 0.68120766 0.53171378
vt 0.6685735 0.50310242
vt 0.67765051 0.50731671
vt 0.68298322 0.52005398
vt 0.54052752 0.80010146
vt 0.5416677 0.81636703
vt 0.52834535 0.80617017
vt 0.52944058 0.79680425
vt 0.54865438 0.7991935
vt 0.52858764 0.8185026
vt 0.51819324 0.80916107
vt 0.53369743 0.7862404
vt 0.55947506 0.82924402
vt 0.53245974 0.83389187
vt 0.50995314 0.80515039
vt 0.50360203 0.80263734
vt 0.57399976 0.79776895
vt 0.54871917 0.75831538
vt 0.54180861 0.8481617
vt 0.53835493 0.76550078
vt 0.56041068 0.85725033
vt 0.52372122 0.85126215
vt 0.56792521 0.76626986
vt 0.5321992 0.75623095
vt 0.54411697 0.86749357
vt 0.53639573 0.85906202
vt 0.56633627 0.75918198
vt 0.51974952 0.85991949
vt 0.53597397 0.87193179
vt 0.31151378 0.68435669
vt 0.29446834 0.66861355
vt 0.32688606 0.67007279
vt 0.28713319 0.68329465
vt 0.31215179 0.65507424
vt 0.280655 0.68210769
vt 0.3038612 0.69275963
vt 0.32753974 0.65448594
vt 0.2763052 0.6427334
vt 0.27477232 0.70471299
vt 0.2638599 0.65185899
vt 0.30223799 0.70711541
vt 0.32074797 0.64624834
vt 0.27113581 0.6455797
vt 0.30090261 0.63532323
vt 0.29332536 0.7206254
vt 0.26418522 0.68772
vt 0.25418603 0.67552531
vt 0.28217539 0.63115537
vt 0.28331247 0.72561246
vt 0.29800856 0.72268528
vt 0.27400878 0.63034624
vt 0.27204293 0.72985423
vt 0.26650047 0.74602842
vt 0.26245871 0.72572577
vt 0.28898588 0.74070454
vt 0.25389606 0.74162823
vt 0.28839192 0.44056004
vt 0.29357067 0.45311886
vt 0.27847371 0.44631743
vt 0.27871865 0.43063581
vt 0.30164659 0.4451139
vt 0.27468604 0.45314491
vt 0.26141894 0.43804425
vt 0.29072419 0.43071485
vt 0.30205581 0.43486702
vt 0.28817075 0.46343851
vt 0.26024085 0.44205678
vt 0.28129914 0.47338384
vt 0.26847193 0.46038395
vt 0.25362238 0.45323074
vt 0.25800949 0.4612875
vt 0.24579842 0.45597643
vt 0.24187583 0.46893609
vt 0.23322608 0.47003293
vt 0.21516334 0.47067213
vt 0.2240795 0.48043305
vt 0.20924194 0.45739603
vt 0.21186711 0.48535866
vt 0.20152161 0.46374226
vt 0.22675373 0.44604886
vt 0.19909553 0.47642899
vt 0.20411968 0.4893831
vt 0.19660372 0.48599946
vt 0.19179925 0.47721177
vt 0.20196639 0.49537927
vt 0.50874412 0.90020299
vt 0.50403088 0.91384315
vt 0.49297175 0.88533396
vt 0.50441045 0.88262117
vt 0.49417916 0.89905196
vt 0.49964893 0.87848383
vt 0.49277496 0.91511619
vt 0.48353878 0.8830322
vt 0.50969511 0.87774575
vt 0.49721551 0.93376869
vt 0.4813863 0.90311819
vt 0.49129489 0.8540206
vt 0.50600868 0.85734606
vt 0.47721934 0.85890847
vt 0.47629911 0.84959662
vt 0.50470811 0.84035456
vt 0.4743627 0.83699107
vt 0.49009526 0.8402667
vt 0.49751598 0.83049792
vt 0.47320661 0.82401723
vt 0.49133348 0.82926536
vt 0.739003 0.54020333
vt 0.72499573 0.58996356
vt 0.71898043 0.56872594
vt 0.72385353 0.53604501
vt 0.70130336 0.53854156
vt 0.72349304 0.51159966
vt 0.71243119 0.51347351
vt 0.7168768 0.47988379
vt 0.69434005 0.53601795
vt 0.73888791 0.48382038
vt 0.69057429 0.51358759
vt 0.69345599 0.53847682
vt 0.40317518 0.49703962
vt 0.39391759 0.48700774
vt 0.4027113 0.4804154
vt 0.38635489 0.49632931
vt 0.40058106 0.4686318
vt 0.38795951 0.46417314
vt 0.40954483 0.46379131
vt 0.37465459 0.46428359
vt 0.39647752 0.43916428
vt 0.37212303 0.48414981
vt 0.34667441 0.41988349
vt 0.36656734 0.42054921
vt 0.40601763 0.43274009
vt 0.3188464 0.39595366
vt 0.3919287 0.41042632
vt 0.33101535 0.40866232
vt 0.33471623 0.39050311
vt 0.3686257 0.3979224
vt 0.31714228 0.40096736
vt 0.32109645 0.38808185
vt 0.35714445 0.38807374
vt 0.040957805 0.48384976
vt 0.030980092 0.47649324
vt 0.021695742 0.46100086
vt 0.029877864 0.45187157
vt 0.017532719 0.47577989
vt 0.024294985 0.4360792
vt 0.052036468 0.46202177
vt 0.023622701 0.49541259
vt 0.0043239919 0.4603796
vt 0.0056381738 0.4361884
vt 0.034381643 0.43800366
vt 0.068440609 0.48017836
vt 0.041737698 0.49587709
vt 0.010471085 0.47506964
vt 0.025321597 0.41935551
vt 0.062279459 0.48941249
vt 0.015851129 0.48893571
vt 0.020924961 0.40910959
vt 0.031366877 0.42730033
vt 0.012507875 0.41255969
vt 0.042999841 0.40630621
vt 0.010487789 0.4065634
vt 0.02584492 0.39260167
vt 0.013096718 0.39592606
vt 0.052301552 0.39626575
vt 0.031581625 0.3883754
vt 0.44533077 0.51151538
vt 0.42438668 0.50919932
vt 0.4431271 0.49672025
vt 0.4250634 0.51866722
vt 0.43636462 0.49119443
vt 0.43146876 0.52727401
vt 0.42109463 0.49050063
vt 0.45504448 0.52624881
vt 0.43722865 0.47434771
vt 0.41792446 0.46996605
vt 0.44472182 0.46674693
vt 0.41703793 0.45784467
vt 0.43712339 0.45577914
vt 0.45291153 0.47524428
vt 0.44663408 0.45324093
vt 0.45714661 0.48779112
vt 0.43028238 0.44730484
vt 0.44399011 0.44691223
vt 0.41049773 0.44251025
vt 0.46064532 0.43955112
vt 0.41170177 0.42956382
vt 0.43923938 0.43717647
vt 0.42193574 0.42807829
vt 0.45001021 0.42834467
vt 0.43670663 0.42216057
vt 0.4425849 0.42596269
vt 0.13102129 0.39749485
vt 0.11637571 0.38335603
vt 0.14022061 0.38482141
vt 0.11338067 0.39204633
vt 0.13294485 0.37896043
vt 0.12132417 0.39936858
vt 0.12366544 0.37192845
vt 0.14800888 0.36715341
vt 0.12245815 0.41377115
vt 0.10642782 0.40559202
vt 0.091395706 0.37991035
vt 0.15139274 0.38223076
vt 0.1047813 0.39417845
vt 0.11104665 0.36274731
vt 0.09222839 0.39333391
vt 0.14757517 0.35536999
vt 0.17051095 0.37394875
vt 0.12818663 0.42337269
vt 0.090355687 0.36172611
vt 0.10226606 0.34410012
vt 0.082221396 0.38343579
vt 0.12324519 0.34260875
vt 0.16394563 0.34773457
vt 0.13751407 0.41422063
vt 0.10743714 0.42520231
vt 0.088002466 0.40554184
vt 0.077635907 0.36848837
vt 0.090600021 0.35068351
vt 0.078690022 0.39286286
vt 0.13229766 0.32735467
vt 0.1451091 0.41892636
vt 0.088858142 0.41734624
vt 0.077239886 0.35444754
vt 0.11415727 0.32828456
vt 0.069693007 0.37769192
vt 0.14928332 0.40559018
vt 0.15219189 0.42951846
vt 0.066456445 0.3671844
vt 0.15923135 0.41246349
vt 0.16622654 0.42299718
vt 0.16556898 0.43323928
vt 0.43017304 0.39917725
vt 0.41844654 0.3947798
vt 0.43382114 0.38756967
vt 0.44650558 0.40199947
vt 0.41926673 0.40915549
vt 0.4216975 0.38510883
vt 0.43495268 0.41357434
vt 0.43657589 0.36941677
vt 0.40668884 0.39662802
vt 0.42716959 0.40764725
vt 0.4094651 0.38804775
vt 0.41631889 0.37530047
vt 0.4542881 0.41034788
vt 0.44855341 0.37760001
vt 0.40742478 0.41274232
vt 0.45734474 0.39952403
vt 0.44198385 0.41680604
vt 0.4444668 0.36037546
vt 0.45441231 0.39063656
vt 0.42119315 0.36379409
vt 0.39869449 0.40851307
vt 0.40309528 0.38856071
vt 0.40542537 0.36858273
vt 0.46383041 0.40955651
vt 0.44552642 0.42625177
vt 0.45683175 0.42769265
vt 0.46355531 0.36365318
vt 0.46235153 0.38170385
vt 0.39727753 0.41790491
vt 0.40272304 0.37858701
vt 0.46328875 0.39593816
vt 0.43075091 0.35524344
vt 0.46993268 0.37337857
vt 0.45645323 0.35220504
vt 0.41157818 0.35063803
vt 0.39013737 0.38230121
vt 0.39768231 0.36937112
vt 0.47854021 0.41516989
vt 0.4674575 0.43362916
vt 0.44015402 0.33663929
vt 0.44958302 0.34909183
vt 0.47978091 0.39108896
vt 0.40261325 0.35727209
vt 0.38895071 0.37616134
vt 0.48222828 0.4016698
vt 0.47346601 0.4184674
vt 0.43410847 0.34197313
vt 0.39291117 0.36233664
vt 0.38697112 0.36522526
vt 0.4810825 0.42849076
vt 0.37800282 0.36933106
vt 0.52330977 0.46037245
vt 0.49857795 0.44306427
vt 0.52218622 0.44676912
vt 0.52398509 0.45933497
vt 0.50680715 0.47955567
vt 0.5197764 0.42998433
vt 0.52424914 0.46073729
vt 0.49176973 0.48073298
vt 0.51903427 0.42608219
vt 0.49645358 0.49554068
vt 0.48902246 0.46245283
vt 0.50181735 0.42452049
vt 0.48674005 0.49529761
vt 0.47296166 0.49191362
vt 0.47847444 0.4476518
vt 0.50804019 0.39683992
vt 0.48245931 0.43209153
vt 0.51762629 0.4134928
vt 0.49809191 0.40199095
vt 0.51631725 0.39637744
vt 0.49586707 0.39486688
vt 0.62840235 0.41805357
vt 0.61840647 0.42349446
vt 0.60093576 0.41494071
vt 0.6052984 0.37432915
vt 0.59495246 0.43288201
vt 0.56941706 0.40725917
vt 0.63123024 0.39579356
vt 0.58773071 0.424649
vt 0.57281327 0.37478811
vt 0.61940616 0.37506241
vt 0.64580578 0.40638041
vt 0.58204097 0.43369383
vt 0.58156139 0.35936147
vt 0.61301738 0.34585595
vt 0.60346186 0.34668446
vt 0.56586474 0.36415958
vt 0.58324355 0.34831369
vt 0.56599772 0.36193353
vt 0.59561986 0.33739334
vt 0.61821353 0.33375436
vt 0.16139519 0.47911549
vt 0.15975316 0.46346575
vt 0.16748783 0.47269642
vt 0.18881062 0.47500306
vt 0.1770224 0.46637166
vt 0.17802328 0.49093783
vt 0.16994202 0.49606937
vt 0.18472959 0.46028066
vt 0.19646765 0.46579635
vt 0.20472509 0.44773859
vt 0.18451619 0.44594032
vt 0.17137948 0.44372022
vt 0.17878081 0.43721366
vt 0.18516985 0.43004894
vt 0.1685399 0.43477637
vt 0.17967916 0.42384326
vt 0.20480049 0.43611908
vt 0.19636719 0.42153913
vt 0.20535935 0.42497647
vt 0.19332382 0.41240579
vt 0.21131599 0.42029208
vt 0.20662662 0.40335387
vt 0.19677703 0.39871836
vt 0.18447971 0.39910644
vt 0.7085517 0.49223781
vt 0.70265961 0.4848246
vt 0.70864844 0.48390168
vt 0.70599812 0.49613237
vt 0.70925832 0.47582603
vt 0.70872736 0.49632365
vt 0.69483507 0.49423736
vt 0.70914555 0.47490215
vt 0.69533485 0.48358631
vt 0.6845842 0.48962772
vt 0.7019456 0.47210217
vt 0.68335605 0.47275013
vt 0.70886278 0.47360098
vt 0.66766196 0.4846223
vt 0.70809501 0.46884519
vt 0.69451684 0.46255004
vt 0.67153937 0.47020382
vt 0.70954955 0.4590261
vt 0.6595763 0.48754573
vt 0.68379706 0.45941281
vt 0.70955491 0.45884818
vt 0.67413187 0.46083736
vt 0.6932295 0.45058686
vt 0.70944518 0.45811385
vt 0.67911804 0.44873786
vt 0.7028091 0.43721288
vt 0.6909585 0.43320256
vt 0.70593661 0.43672812
vt 0.68568826 0.44338953
vt 0.70634359 0.43206656
vt 0.68334746 0.43766576
vt 0.7073245 0.42352784
vt 0.6827966 0.42291707
vt 0.70848721 0.41749549
vt 0.6770221 0.42675328
vt 0.69151634 0.41467726
vt 0.67284989 0.42043781
vt 0.68298018 0.40288138
vt 0.70825624 0.41297954
vt 0.69742775 0.40453011
vt 0.70836115 0.39783722
vt 0.70920098 0.40027201
vt 0.70919079 0.39813489
vt 0.36764014 0.92261016
vt 0.35798579 0.94394189
vt 0.34985739 0.93869007
vt 0.37733662 0.9243055
vt 0.34694842 0.97330564
vt 0.36116832 0.9092226
vt 0.35845783 0.96771556
vt 0.38485226 0.89998412
vt 0.38549834 0.99579281
vt 0.36405349 0.8999815
vt 0.3569316 0.89997762
vt 0.77619773 0.47252595
vt 0.77799201 0.46517849
vt 0.77274609 0.49651909
vt 0.76784718 0.48497599
vt 0.77078742 0.45033771
vt 0.77784562 0.44247156
vt 0.75450921 0.41004086
vt 0.7791726 0.40651733
vt 0.78876406 0.44113088
vt 0.79603398 0.42885125
vt 0.80243039 0.40944314
vt 0.80333245 0.4200756
vt 0.81025696 0.42165214
vt 0.82292336 0.40887195
vt 0.81653297 0.40468812
vt 0.8321746 0.40403926
vt 0.83593976 0.40019614
vt 0.84666574 0.39188677
vt 0.84894341 0.40971017
vt 0.83998442 0.41673273
vt 0.81636107 0.37847906
vt 0.86095726 0.3765884
vt 0.84595966 0.42659992
vt 0.83700156 0.37493402
vt 0.88969839 0.41352659
vt 0.87476885 0.43002141
vt 0.83933347 0.3617807
vt 0.89411002 0.39020467
vt 0.87633723 0.37180609
vt 0.88712758 0.43380469
vt 0.85892081 0.35619241
vt 0.90879774 0.37637889
vt 0.84714371 0.34901309
vt 0.88135654 0.34847319
vt 0.89802033 0.36433548
vt 0.88382733 0.36406094
vt 0.20721778 0.37741381
vt 0.19555539 0.360084
vt 0.20504698 0.36034536
vt 0.21447371 0.37194008
vt 0.19171937 0.36665463
vt 0.1922248 0.3573451
vt 0.21735765 0.39049405
vt 0.19199198 0.3626045
vt 0.19165777 0.36856174
vt 0.19250283 0.35304898
vt 0.21213759 0.3976205
vt 0.19356258 0.34304082
vt 0.23466101 0.39826977
vt 0.23896952 0.41818398
vt 0.25116807 0.4169988
vt 0.23620549 0.42554128
vt 0.25958458 0.43385959
vt 0.078980498 0.55713689
vt 0.098858207 0.55854678
vt 0.06396088 0.5783965
vt 0.094716623 0.55060112
vt 0.066114157 0.58792233
vt 0.10466747 0.53612912
vt 0.035883337 0.59020591
vt 0.12311409 0.53566355
vt 0.041329283 0.5794279
vt 0.85557991 0.83356869
vt 0.86192125 0.84895033
vt 0.83318901 0.83004171
vt 0.83974773 0.85685164
vt 0.82253569 0.8411212
vt 0.86548162 0.85803521
vt 0.82535255 0.86043835
vt 0.82575929 0.82509685
vt 0.85215884 0.87017804
vt 0.81027639 0.85764003
vt 0.83113635 0.87186629
vt 0.80773407 0.84297466
vt 0.86515266 0.86935675
vt 0.8138696 0.83141834
vt 0.87303257 0.86894178
vt 0.78475839 0.84117973
vt 0.79171062 0.82989037
vt 0.79227126 0.85658699
vt 0.29367429 0.38741821
vt 0.27229977 0.38526785
vt 0.28462011 0.37829494
vt 0.29493171 0.37533605
vt 0.28080717 0.40300667
vt 0.2691462 0.37792724
vt 0.28415224 0.36668879
vt 0.29814416 0.40100145
vt 0.26743513 0.39386106
vt 0.26164007 0.37905341
vt 0.29582122 0.36377776
vt 0.29673067 0.41271263
vt 0.25370502 0.35868174
vt 0.27278158 0.3663317
vt 0.28959709 0.34656763
vt 0.30364686 0.37893879
vt 0.30648652 0.4116137
vt 0.28118005 0.41893715
vt 0.27864388 0.34838343
vt 0.31442666 0.35359758
vt 0.31082758 0.37065005
vt 0.29593468 0.42068714
vt 0.25868532 0.35012299
vt 0.31212613 0.42358363
vt 0.2909075 0.43036503
vt 0.32063711 0.36073768
vt 0.29857868 0.43017763
vt 0.27320272 0.42627311
vt 0.32581311 0.37164176
vt 0.30090749 0.43449074
vt 0.93825918 0.45707387
vt 0.92858541 0.46513921
vt 0.93327594 0.44713438
vt 0.95173508 0.45094931
vt 0.92042935 0.44471157
vt 0.94774199 0.45748138
vt 0.94523543 0.44028974
vt 0.93753111 0.42248553
vt 0.91012317 0.42820799
vt 0.95592445 0.41478699
vt 0.90933156 0.41581398
vt 0.95845032 0.44215935
vt 0.95344388 0.40263379
vt 0.94408244 0.39479834
vt 0.95507574 0.44679034
vt 0.95820868 0.38780469
vt 0.94208837 0.37923449
vt 0.96545893 0.45657426
vt 0.95029211 0.39571083
vt 0.94728357 0.38604504
vt 0.5922671 0.89248478
vt 0.6016466 0.89188606
vt 0.58789861 0.91243798
vt 0.58321273 0.89730281
vt 0.59713125 0.88013291
vt 0.59654993 0.90837729
vt 0.58043617 0.88524157
vt 0.60786796 0.8697933
vt 0.59789348 0.92214721
vt 0.58109045 0.86640465
vt 0.60350287 0.86749625
vt 0.58701181 0.9327352
vt 0.57455176 0.87742645
vt 0.59293973 0.86307478
vt 0.60588348 0.86025184
vt 0.57813334 0.85141659
vt 0.59323835 0.84862918
vt 0.56681973 0.86883092
vt 0.58693647 0.84945923
vt 0.53806984 0.39789116
vt 0.52532703 0.37682205
vt 0.53980339 0.37940627
vt 0.54725778 0.38786042
vt 0.52135617 0.40278661
vt 0.53527141 0.36287129
vt 0.54785699 0.36461747
vt 0.54804862 0.39856642
vt 0.53278583 0.4211877
vt 0.51296401 0.38173431
vt 0.52195805 0.36207372
vt 0.55778039 0.38684076
vt 0.55997217 0.40639454
vt 0.52113271 0.43302077
vt 0.54250348 0.41116679
vt 0.52825069 0.35719264
vt 0.53707349 0.35119158
vt 0.56211871 0.40064847
vt 0.50433499 0.37154233
vt 0.51745737 0.34673411
vt 0.56919712 0.38802654
vt 0.54748213 0.41884804
vt 0.67944914 0.35009098
vt 0.69744587 0.34479326
vt 0.69988918 0.35669118
vt 0.68582696 0.37184566
vt 0.70425266 0.34613764
vt 0.70677817 0.37490815
vt 0.67315435 0.35621595
vt 0.72200572 0.35221845
vt 0.68849015 0.38017148
vt 0.71240044 0.36053282
vt 0.6695376 0.36425906
vt 0.71075201 0.39049911
vt 0.66438001 0.37171316
vt 0.71488476 0.38364786
vt 0.7038126 0.39596099
vt 0.71723026 0.36641288
vt 0.66436708 0.35735458
vt 0.72263777 0.35195976
vt 0.74321717 0.36836606
vt 0.66015732 0.35559148
vt 0.74396282 0.36024916
vt 0.73876435 0.3783648
vt 0.74681193 0.40221208
vt 0.72381687 0.40080351
vt 0.051557768 0.34504884
vt 0.060253613 0.34132427
vt 0.061367601 0.35515434
vt 0.052926362 0.37032914
vt 0.054416027 0.32343411
vt 0.069521181 0.35114205
vt 0.06651663 0.3291772
vt 0.083407097 0.35349375
vt 0.052634925 0.30184704
vt 0.08269161 0.32674867
vt 0.090331942 0.31942558
vt 0.019507363 0.31082433
vt 0.0032547177 0.29682237
vt 0.17795873 0.25467378
vt 0.18868926 0.26835507
vt 0.17532553 0.27470064
vt 0.16326027 0.26288873
vt 0.19984633 0.26483357
vt 0.19027884 0.2755819
vt 0.14938606 0.27316988
vt 0.16533841 0.24996603
vt 0.20584001 0.27234519
vt 0.18218714 0.28598678
vt 0.15752968 0.28435552
vt 0.1467492 0.25649178
vt 0.15936752 0.2562151
vt 0.19972627 0.28913099
vt 0.17643692 0.29067421
vt 0.14166981 0.28894585
vt 0.12802094 0.26488799
vt 0.15957825 0.25579363
vt 0.20890833 0.27934444
vt 0.19501016 0.2916649
vt 0.13422057 0.2782225
vt 0.21431276 0.29631388
vt 0.19607928 0.30836934
vt 0.18468191 0.30518395
vt 0.15934879 0.24750227
vt 0.20687051 0.306113
vt 0.21504201 0.30913782
vt 0.90059394 0.34805274
vt 0.90601236 0.33755988
vt 0.90973705 0.36019671
vt 0.89632934 0.33643073
vt 0.91906393 0.34289527
vt 0.90068853 0.32791775
vt 0.9176721 0.32719475
vt 0.91963756 0.35739559
vt 0.90372819 0.31797832
vt 0.92297286 0.3215965
vt 0.93584687 0.34230494
vt 0.89487708 0.31514442
vt 0.90893638 0.31372899
vt 0.94266129 0.36030823
vt 0.8939662 0.30317211
vt 0.87927657 0.31351268
vt 0.90452796 0.30213439
vt 0.95344865 0.35019976
vt 0.94098043 0.3648665
vt 0.95283306 0.37162215
vt 0.93121773 0.3671608
vt 0.96497041 0.36340553
vt 0.91902173 0.36985445
vt 0.053007342 0.99556834
vt 0.033510197 0.99000657
vt 0.064138569 0.99077582
vt 0.070751138 0.9946906
vt 0.038940102 0.98799115
vt 0.086297102 0.98582339
vt 0.016184026 0.97786433
vt 0.063476086 0.98785847
vt 0.086276636 0.98711431
vt 0.024283277 0.9766978
vt 0.088495128 0.98372322
vt 0.00381624 0.94386065
vt 0.17221066 0.7675609
vt 0.20254363 0.77254158
vt 0.20501697 0.7771588
vt 0.19662483 0.77646601
vt 0.22334754 0.76621097
vt 0.17243092 0.77214247
vt 0.23552252 0.76326585
vt 0.16200317 0.77718008
vt 0.2430362 0.74650228
vt 0.1604694 0.76443833
vt 0.24290621 0.73629373
vt 0.22999549 0.78122973
vt 0.23980467 0.8087911
vt 0.22168969 0.78777611
vt 0.24301957 0.79167187
vt 0.22570221 0.80292016
vt 0.24491355 0.77263421
vt 0.24676293 0.8076086
vt 0.26999283 0.77530479
vt 0.25609782 0.80220842
vt 0.26345167 0.7919327
vt 0.27644026 0.79504794
vt 0.28484291 0.79118705
vt 0.2975449 0.77438903
vt 0.29664615 0.79592174
vt 0.30508703 0.77154434
vt 0.31872717 0.34168023
vt 0.31033391 0.34818542
vt 0.3155807 0.33622307
vt 0.32129061 0.35855097
vt 0.29693279 0.31837296
vt 0.32427832 0.3512401
vt 0.31067026 0.32776523
vt 0.28478613 0.32913834
vt 0.32780862 0.35760593
vt 0.30586705 0.31988192
vt 0.28412193 0.30819625
vt 0.33515695 0.37046546
vt 0.30403769 0.31345963
vt 0.29351771 0.29911309
vt 0.2672466 0.31494957
vt 0.29376274 0.29953253
vt 0.29336694 0.29894108
vt 0.2670202 0.29441488
vt 0.28073859 0.29780972
vt 0.25427938 0.30563956
vt 0.34662193 0.93319625
vt 0.33796293 0.93128514
vt 0.34323859 0.92280972
vt 0.86214381 0.75802779
vt 0.83469748 0.74125838
vt 0.86225182 0.74357498
vt 0.88087964 0.76028752
vt 0.83624434 0.76549864
vt 0.89810097 0.74688673
vt 0.87411815 0.76751399
vt 0.81644309 0.75215077
vt 0.85744518 0.76834339
vt 0.89884174 0.76628309
vt 0.88624686 0.77125531
vt 0.87168014 0.77652979
vt 0.87363946 0.765719
vt 0.79160595 0.32864177
vt 0.7732777 0.33075362
vt 0.77394658 0.31882173
vt 0.78332388 0.30994445
vt 0.78216881 0.34598726
vt 0.75708115 0.31569201
vt 0.76411366 0.30565649
vt 0.7952984 0.30390429
vt 0.79086477 0.35875583
vt 0.76371294 0.35139507
vt 0.75306153 0.33674335
vt 0.81021494 0.32669973
vt 0.80230403 0.33326834
vt 0.81295079 0.31872612
vt 0.805718 0.34906054
vt 0.81580347 0.34518641
vt 0.80799758 0.30214232
vt 0.82811904 0.32321203
vt 0.79862851 0.36147636
vt 0.82912219 0.355582
vt 0.81926572 0.36442226
vt 0.83347887 0.34563482
vt 0.81798905 0.37174243
vt 0.10211134 0.28853649
vt 0.11420245 0.28812224
vt 0.11229532 0.29509968
vt 0.097858422 0.30582094
vt 0.11970817 0.27166945
vt 0.091854617 0.29765755
vt 0.10567098 0.30884659
vt 0.10700005 0.27248645
vt 0.084113039 0.28639239
vt 0.09665449 0.2726264
vt 0.11070713 0.26323646
vt 0.11811176 0.25597048
vt 0.073771723 0.27538842
vt 0.10156223 0.25191152
vt 0.13204496 0.25869048
vt 0.10345795 0.23933846
vt 0.06657356 0.28207415
vt 0.086518794 0.26855326
vt 0.083016835 0.25386328
vt 0.12470404 0.24133444
vt 0.066209242 0.2792204
vt 0.067059875 0.28513539
vt 0.090342559 0.24018168
vt 0.066932581 0.26981729
vt 0.070850335 0.28853434
vt 0.066963047 0.26707333
vt 0.080028728 0.23245829
vt 0.06813322 0.28842419
vt 0.065530151 0.25053024
vt 0.06549795 0.24782032
vt 0.066890605 0.22854477
vt 0.36645049 0.33117324
vt 0.3556751 0.33289909
vt 0.34743652 0.32484901
vt 0.36277956 0.31536061
vt 0.37244686 0.32598954
vt 0.36934364 0.30640674
vt 0.37553245 0.30898112
vt 0.38318539 0.29338044
vt 0.38186359 0.32410872
vt 0.38679168 0.30220276
vt 0.37907457 0.29082888
vt 0.39102355 0.29522222
vt 0.36394256 0.29504997
vt 0.39102691 0.31149518
vt 0.39102343 0.30143625
vt 0.39103222 0.32065552
vt 0.39102393 0.30348289
vt 0.38846242 0.32957357
vt 0.39103612 0.32526553
vt 0.3817611 0.33633864
vt 0.37850255 0.33088398
vt 0.36497834 0.34327114
vt 0.39055645 0.3450616
vt 0.39104709 0.34917784
vt 0.39104941 0.34528708
vt 0.39104739 0.35896796
vt 0.3572762 0.37092972
vt 0.39104846 0.36125392
vt 0.2881847 0.97663569
vt 0.29153749 0.98415601
vt 0.28599676 0.99266714
vt 0.29925951 0.96866637
vt 0.29949248 0.98655218
vt 0.31166771 0.98397183
vt 0.31239161 0.96717787
vt 0.30369782 0.95816135
vt 0.32121533 0.99228621
vt 0.32385993 0.9567765
vt 0.33071277 0.98480505
vt 0.33651403 0.96930987
vt 0.31053814 0.93825412
vt 0.33116996 0.99689442
vt 0.33322254 0.95537025
vt 0.32146361 0.93335891
vt 0.33909848 0.9841339
vt 0.3281498 0.91979772
vt 0.31312394 0.92492282
vt 0.66999209 0.33823168
vt 0.66243434 0.34156984
vt 0.67642242 0.30993152
vt 0.67896432 0.32678962
vt 0.63613725 0.37090462
vt 0.66869563 0.30527419
vt 0.68699181 0.32990152
vt 0.62898552 0.36801118
vt 0.67064512 0.30023003
vt 0.68857414 0.30956453
vt 0.68083024 0.29536623
vt 0.68193716 0.30695796
vt 0.17943875 0.99113894
vt 0.19263302 0.99476647
vt 0.15697934 0.99660188
vt 0.13838123 0.98007077
vt 0.20518571 0.986206
vt 0.12905039 0.97635359
vt 0.12861338 0.96685094
vt 0.34189278 0.3012864
vt 0.33411449 0.30762303
vt 0.32590204 0.28693533
vt 0.35021302 0.28792202
vt 0.35953829 0.29505807
vt 0.33573285 0.26816148
vt 0.36312196 0.28203768
vt 0.31691882 0.25159067
vt 0.37430239 0.29047608
vt 0.33114243 0.24110389
vt 0.36031258 0.25846523
vt 0.34573606 0.24075037
vt 0.35922319 0.23268956
vt 0.46119803 0.2946673
vt 0.46107051 0.30324781
vt 0.44455391 0.30837172
vt 0.44103262 0.28474081
vt 0.46978664 0.29166043
vt 0.45348307 0.28024328
vt 0.47745627 0.27651709
vt 0.44201002 0.27504438
vt 0.46143109 0.2629742
vt 0.44630674 0.2727192
vt 0.45299783 0.26780713
vt 0.4851402 0.2719816
vt 0.50224996 0.25572264
vt 0.47505501 0.25315541
vt 0.5114851 0.26588601
vt 0.51725781 0.23204857
vt 0.51680505 0.26231772
vt 0.51690018 0.24657309
vt 0.87701011 0.97169882
vt 0.86642241 0.98120695
vt 0.83130711 0.98721033
vt 0.88586694 0.96735382
vt 0.83541971 0.99032068
vt 0.89078647 0.95591617
vt 0.84089071 0.9916482
vt 0.81693941 0.99645942
vt 0.57012212 0.26512474
vt 0.56824523 0.25701976
vt 0.58109313 0.25767183
vt 0.58202231 0.27048475
vt 0.5880695 0.23923385
vt 0.58181334 0.27725279
vt 0.58926916 0.26190013
vt 0.57471168 0.23844111
vt 0.59367013 0.25443113
vt 0.59987092 0.2715252
vt 0.5757277 0.28219634
vt 0.60651946 0.24256963
vt 0.59662479 0.2837258
vt 0.56669343 0.27519757
vt 0.58725047 0.28866464
vt 0.58800322 0.23483038
vt 0.60863334 0.25398666
vt 0.60535836 0.28971791
vt 0.57763398 0.29215741
vt 0.61800021 0.26535088
vt 0.62089264 0.25868601
vt 0.6194464 0.2835027
vt 0.62912792 0.27932334
vt 0.60807741 0.30647373
vt 0.6317848 0.28734094
vt 0.62551379 0.29788828
vt 0.62168694 0.3086201
vt 0.70674241 0.28333968
vt 0.71841216 0.28329074
vt 0.70625252 0.29835898
vt 0.69441181 0.28090072
vt 0.72158653 0.27424264
vt 0.71684235 0.29576302
vt 0.71006364 0.26951766
vt 0.72999287 0.28426379
vt 0.7239424 0.29562587
vt 0.69116294 0.26981211
vt 0.73475075 0.2751286
vt 0.72245216 0.26219714
vt 0.69958943 0.25716621
vt 0.73596007 0.29344904
vt 0.74101377 0.26383621
vt 0.73835713 0.27987069
vt 0.72756135 0.30382431
vt 0.70935518 0.23947686
vt 0.74382919 0.25573659
vt 0.74820745 0.29198813
vt 0.73905373 0.3016156
vt 0.69285375 0.25261217
vt 0.71684635 0.24792981
vt 0.72617656 0.24820465
vt 0.75260055 0.27736813
vt 0.75000304 0.30432683
vt 0.73343092 0.30897754
vt 0.70169705 0.23430049
vt 0.75931638 0.2905134
vt 0.69264644 0.23649317
vt 0.22996801 0.32941329
vt 0.21402617 0.33471185
vt 0.22344905 0.30700773
vt 0.23287912 0.29925239
vt 0.22631834 0.3447662
vt 0.2144569 0.30974245
vt 0.24936365 0.30303234
vt 0.24536046 0.34386963
vt 0.21667035 0.34622967
vt 0.20535354 0.31791228
vt 0.24707179 0.32436764
vt 0.24204516 0.35399026
vt 0.20036805 0.35034347
vt 0.22947244 0.35659122
vt 0.20300172 0.3349036
vt 0.21618383 0.35704648
vt 0.19266401 0.32529968
vt 0.24522825 0.36401659
vt 0.19114248 0.3383528
vt 0.22736937 0.37066412
vt 0.0088469228 0.60827053
vt 0.032620598 0.60844028
vt 0.028765747 0.61566198
vt 0.0076888949 0.61372662
vt 0.052257005 0.59182906
vt 0.0032568369 0.62078726
vt 0.037872415 0.61750185
vt 0.059762128 0.5921973
vt 0.076578349 0.58449066
vt 0.076581329 0.59120423
vt 0.76600897 0.90023732
vt 0.76804751 0.89584339
vt 0.78541011 0.8877762
vt 0.79422516 0.888686
vt 0.72352988 0.89386702
vt 0.77111608 0.87565035
vt 0.78087634 0.87377387
vt 0.78707832 0.90209103
vt 0.72732645 0.90111506
vt 0.78756762 0.87123281
vt 0.77326995 0.72561383
vt 0.76524192 0.7067728
vt 0.78386807 0.71016258
vt 0.78497565 0.72094643
vt 0.76153928 0.72192067
vt 0.7714625 0.70197868
vt 0.79437882 0.71417058
vt 0.77626771 0.73683465
vt 0.76148427 0.7340138
vt 0.78820014 0.70370615
vt 0.76399249 0.7436167
vt 0.77406514 0.6941452
vt 0.80079418 0.70668292
vt 0.77778858 0.74511862
vt 0.76103485 0.69208241
vt 0.78692299 0.69403732
vt 0.79399651 0.70181167
vt 0.76387018 0.68116188
vt 0.75857729 0.70288628
vt 0.77661723 0.67660093
vt 0.75484937 0.69105124
vt 0.7881217 0.68619639
vt 0.78435695 0.6772759
vt 0.47993648 0.80804342
vt 0.47326726 0.79265469
vt 0.48539388 0.7965889
vt 0.4964923 0.79914284
vt 0.48106244 0.77964061
vt 0.48761374 0.7830146
vt 0.49657381 0.78491783
vt 0.4939574 0.76697707
vt 0.48596433 0.76338744
vt 0.51077116 0.77320957
vt 0.48772767 0.75815016
vt 0.49423757 0.7374832
vt 0.51703048 0.98462713
vt 0.52567738 0.97356701
vt 0.52712816 0.99165171
vt 0.52148908 0.99474329
vt 0.50450265 0.97311747
vt 0.54325825 0.98683465
vt 0.50662494 0.99576551
vt 0.52223969 0.95562017
vt 0.49835458 0.98132074
vt 0.50637233 0.94775933
vt 0.48567361 0.97859627
vt 0.4891057 0.95308292
vt 0.47269884 0.95626014
vt 0.91416234 0.84241641
vt 0.92085689 0.83362663
vt 0.92239267 0.844886
vt 0.92042679 0.85076404
vt 0.90043205 0.8336333
vt 0.93791473 0.83361828
vt 0.928473 0.84964591
vt 0.89923149 0.84669811
vt 0.91954637 0.86792856
vt 0.91662127 0.86102039
vt 0.89064997 0.83363968
vt 0.93878639 0.84145129
vt 0.93638015 0.87054932
vt 0.90382355 0.86063945
vt 0.88969415 0.84153926
vt 0.94847435 0.83361566
vt 0.89420497 0.86043745
vt 0.88196182 0.85452396
vt 0.90672487 0.8714816
vt 0.89590639 0.86939871
vt 0.87817752 0.84625953
vt 0.070871025 0.77596372
vt 0.077800669 0.76647049
vt 0.08166755 0.77813822
vt 0.066317275 0.76438391
vt 0.097444147 0.76589
vt 0.082606725 0.75222182
vt 0.08815226 0.76249039
vt 0.092010304 0.74720502
vt 0.10258238 0.75936514
vt 0.098826729 0.7504729
vt 0.10415201 0.76347375
vt 0.097145237 0.74667299
vt 0.10310682 0.76736802
vt 0.089798965 0.73978424
vt 0.093020402 0.74120712
vt 0.087176412 0.73013484
vt 0.086641178 0.72962546
vt 0.079092003 0.73037064
vt 0.087042265 0.72983491
vt 0.071368404 0.71171939
vt 0.48530915 0.30858177
vt 0.51785189 0.31393862
vt 0.51852858 0.32619822
vt 0.51077724 0.33829516
vt 0.51009274 0.30551177
vt 0.5267359 0.33989602
vt 0.49864152 0.33921707
vt 0.48778406 0.2977494
vt 0.53854239 0.30236804
vt 0.48484746 0.3303287
vt 0.47440699 0.30390811
vt 0.52205551 0.29419494
vt 0.47277734 0.3274762
vt 0.36122569 0.46393621
vt 0.36592159 0.47163922
vt 0.3514232 0.47589022
vt 0.34927633 0.46481752
vt 0.3599529 0.48596209
vt 0.3408919 0.46931159
vt 0.35830867 0.45296097
vt 0.3501415 0.49080098
vt 0.36896685 0.48328763
vt 0.33697364 0.47847039
vt 0.34383762 0.4559803
vt 0.35241142 0.49097794
vt 0.34770918 0.49185824
vt 0.36177576 0.49401683
vt 0.33881202 0.48900121
vt 0.31674108 0.47260851
vt 0.3315922 0.45966321
vt 0.35470015 0.4375146
vt 0.35630143 0.4933542
vt 0.37601179 0.49129826
vt 0.32027224 0.48604232
vt 0.33533314 0.4506194
vt 0.34454772 0.43640769
vt 0.34497768 0.49612474
vt 0.36545935 0.49450636
vt 0.36295223 0.4952727
vt 0.33655041 0.49613601
vt 0.35443592 0.43032855
vt 0.32210732 0.48815161
vt 0.32004476 0.48744017
vt 0.74557149 0.43101352
vt 0.75260276 0.44031084
vt 0.73487329 0.45165813
vt 0.72588223 0.44079596
vt 0.76099408 0.43294501
vt 0.75243288 0.46106261
vt 0.72328013 0.45575029
vt 0.76192939 0.44665664
vt 0.73049909 0.47335118
vt 0.75156444 0.48091078
vt 0.76193452 0.45725471
vt 0.73909974 0.48377198
vt 0.76193988 0.46731269
vt 0.74645591 0.4959414
vt 0.76194805 0.48800212
vt 0.88034862 0.2801668
vt 0.86819589 0.2733956
vt 0.86873525 0.26026833
vt 0.872545 0.28939033
vt 0.84197628 0.2605558
vt 0.85369551 0.2909978
vt 0.84440714 0.24746454
vt 0.86842912 0.30764586
vt 0.82422906 0.25520641
vt 0.82752901 0.28386825
vt 0.84774089 0.30344796
vt 0.81601888 0.26680571
vt 0.8155005 0.27557498
vt 0.81632298 0.2710405
vt 0.81793183 0.24764919
vt 0.83496308 0.30295849
vt 0.52726752 0.50455481
vt 0.51893902 0.48902136
vt 0.53804934 0.49541527
vt 0.54089624 0.50462049
vt 0.5169313 0.50018483
vt 0.53241247 0.46376795
vt 0.51754862 0.51636708
vt 0.55174637 0.49380499
vt 0.50991344 0.49952668
vt 0.5431276 0.47292906
vt 0.53341603 0.52218878
vt 0.54093033 0.52827698
vt 0.50349677 0.52153361
vt 0.51070595 0.52683377
vt 0.26988161 0.2781356
vt 0.27226338 0.26463991
vt 0.28167325 0.276802
vt 0.25834966 0.26530159
vt 0.28729984 0.2676025
vt 0.25515851 0.25795841
vt 0.24986887 0.2685703
vt 0.27818736 0.25870115
vt 0.26390317 0.24857289
vt 0.24824706 0.23848855
vt 0.2827414 0.2357977
vt 0.24820538 0.24927813
vt 0.25599879 0.22738636
vt 0.26350939 0.225977
vt 0.23673207 0.24592423
vt 0.24146765 0.22883087
vt 0.28019238 0.22207332
vt 0.23055723 0.23063278
vt 0.22852768 0.24532789
vt 0.22271596 0.24812865
vt 0.96261305 0.33800358
vt 0.95571613 0.33596182
vt 0.96325248 0.32450342
vt 0.97214955 0.32077903
vt 0.97185171 0.32838827
vt 0.96460962 0.31775367
vt 0.98480964 0.33065027
vt 0.97478485 0.33961576
vt 0.96728641 0.30630732
vt 0.98802084 0.32180005
vt 0.97778267 0.31111592
vt 0.9586283 0.31043887
vt 0.97571987 0.34065431
vt 0.97435296 0.30141002
vt 0.95845568 0.29880571
vt 0.96054387 0.32543576
vt 0.98837644 0.31020558
vt 0.98422521 0.33383137
vt 0.98401487 0.29977512
vt 0.94811392 0.32133394
vt 0.98587102 0.33208704
vt 0.96772492 0.28857625
vt 0.97206825 0.28499705
vt 0.94115371 0.30490744
vt 0.96639222 0.28006953
vt 0.94528085 0.29362297
vt 0.95651495 0.274921
vt 0.94111657 0.28385276
vt 0.037241731 0.22481549
vt 0.047309171 0.24063194
vt 0.030949505 0.24604613
vt 0.021854052 0.23377758
vt 0.054656625 0.22470802
vt 0.018289473 0.22014111
vt 0.045339603 0.2147277
vt 0.055367228 0.23903185
vt 0.027982019 0.20881832
vt 0.056905147 0.21308947
vt 0.0045613297 0.18730289
vt 0.032278772 0.2043348
vt 0.066487126 0.22810775
vt 0.027261449 0.19813216
vt 0.04338336 0.20848429
vt 0.016093709 0.18668598
vt 0.034059033 0.19656086
vt 0.043851923 0.20010769
vt 0.023199556 0.18254083
vt 0.046275143 0.1868335
vt 0.64249575 0.97543919
vt 0.63804674 0.98950881
vt 0.62110245 0.98498821
vt 0.62113154 0.97213507
vt 0.64962965 0.98587763
vt 0.59677303 0.98883599
vt 0.6616618 0.99651885
vt 0.55550069 0.98624504
vt 0.54409695 0.98940128
vt 0.51989955 0.99283785
vt 0.58367813 0.98624432
vt 0.54687023 0.99095696
vt 0.57293689 0.99618912
vt 0.73499024 0.67609882
vt 0.74687815 0.67368674
vt 0.73941177 0.68301606
vt 0.72345269 0.68177295
vt 0.73394036 0.6629467
vt 0.72800535 0.67097759
vt 0.74531531 0.66381252
vt 0.7274062 0.65668619
vt 0.75306517 0.6511668
vt 0.74019384 0.63904512
vt 0.75754869 0.63336599
vt 0.77338821 0.64053619
vt 0.75213969 0.62898231
vt 0.77479672 0.64624643
vt 0.75608897 0.62020588
vt 0.74626106 0.62576997
vt 0.76285845 0.65516293
vt 0.88354987 0.29428577
vt 0.89838505 0.28786147
vt 0.90654236 0.30027747
vt 0.89288056 0.27352023
vt 0.90819132 0.29111236
vt 0.90059417 0.27395713
vt 0.87925249 0.2842617
vt 0.92246467 0.28770542
vt 0.89910555 0.26927179
vt 0.91242039 0.27955085
vt 0.8890841 0.26681447
vt 0.91915488 0.30212975
vt 0.90026885 0.26023656
vt 0.92753255 0.27307302
vt 0.93231779 0.30364096
vt 0.91451591 0.3076812
vt 0.90605342 0.26426202
vt 0.87926614 0.25397116
vt 0.93533427 0.27202743
vt 0.92978662 0.28622711
vt 0.89000273 0.25217652
vt 0.92327511 0.2588861
vt 0.8985092 0.24513823
vt 0.41624552 0.30656332
vt 0.40135175 0.28879148
vt 0.41161683 0.28488922
vt 0.41933304 0.28772706
vt 0.39183536 0.29115808
vt 0.39938453 0.27714682
vt 0.41216901 0.27164894
vt 0.43036178 0.30845308
vt 0.42171496 0.27290231
vt 0.39016581 0.27422374
vt 0.41332647 0.25802189
vt 0.43276685 0.28900665
vt 0.38283089 0.29114896
vt 0.39857909 0.2594884
vt 0.43264464 0.26934195
vt 0.38078186 0.28976619
vt 0.43860456 0.28252697
vt 0.37799701 0.27724576
vt 0.4417161 0.27594417
vt 0.65251291 0.23561603
vt 0.66502774 0.22662252
vt 0.67231202 0.23785424
vt 0.6683296 0.24924606
vt 0.65238464 0.21416628
vt 0.67560309 0.22422576
vt 0.67902118 0.24298954
vt 0.65617472 0.252913
vt 0.64480412 0.2329815
vt 0.68378264 0.23673987
vt 0.64297634 0.25357759
vt 0.63635373 0.22060078
vt 0.6611622 0.26477748
vt 0.62924767 0.24930674
vt 0.63188052 0.24013281
vt 0.65022826 0.27672178
vt 0.63891125 0.26175874
vt 0.11175215 0.93754059
vt 0.12980723 0.94328737
vt 0.12618488 0.95551056
vt 0.1100135 0.9460687
vt 0.10895658 0.96407259
vt 0.10130582 0.94610858
vt 0.066237636 0.94297004
vt 0.096230082 0.4647851
vt 0.064609297 0.4654634
vt 0.078699268 0.45006615
vt 0.090289332 0.45346349
vt 0.061512813 0.45425004
vt 0.069609307 0.43461913
vt 0.04666375 0.45054328
vt 0.045256201 0.41916937
vt 0.035591647 0.43331218
vt 0.8903532 0.98547858
vt 0.896433 0.99049914
vt 0.88569528 0.99029166
vt 0.90761495 0.97926462
vt 0.88726795 0.99535429
vt 0.90875667 0.97697067
vt 0.85002089 0.99689281
vt 0.84676147 0.99212694
vt 0.55410933 0.91317928
vt 0.56194693 0.91405773
vt 0.56500375 0.9335891
vt 0.54670942 0.8992362
vt 0.5190596 0.89157057
vt 0.50866354 0.88693315
vt 0.50360119 0.88804561
vt 0.10871851 0.69782835
vt 0.10327071 0.70479751
vt 0.096556753 0.6990515
vt 0.10641968 0.68560863
vt 0.10194793 0.71339726
vt 0.094589643 0.67899567
vt 0.11346208 0.68956995
vt 0.080538228 0.715698
vt 0.091556877 0.68801916
vt 0.10502137 0.6787498
vt 0.1194941 0.69595551
vt 0.1147709 0.67404497
vt 0.072777465 0.70692527
vt 0.086008899 0.69608867
vt 0.12659582 0.68777382
vt 0.1233755 0.68203288
vt 0.076424539 0.69604462
vt 0.066450343 0.70119035
vt 0.68973887 0.99040484
vt 0.69590575 0.98906922
vt 0.67487001 0.99690193
vt 0.66523015 0.98815191
vt 0.70586801 0.9793843
vt 0.69505173 0.99263239
vt 0.65790576 0.992522
vt 0.64521676 0.97763479
vt 0.64394575 0.97230339
vt 0.2710982 0.51693368
vt 0.27413097 0.50549579
vt 0.28608128 0.52637696
vt 0.25930217 0.50268626
vt 0.28454572 0.50537717
vt 0.26913741 0.49573255
vt 0.26019254 0.51951891
vt 0.29560253 0.51224613
vt 0.2545265 0.51131791
vt 0.28309214 0.49177289
vt 0.30557474 0.50689799
vt 0.29949054 0.52192867
vt 0.26827481 0.48499209
vt 0.30280119 0.48304075
vt 0.30777067 0.48762137
vt 0.27901834 0.47706002
vt 0.28773478 0.47991216
vt 0.31412074 0.49541968
vt 0.05403924 0.7279793
vt 0.058106661 0.72242695
vt 0.060375512 0.72933948
vt 0.040342689 0.72960603
vt 0.037343688 0.71840894
vt 0.052698091 0.71132505
vt 0.015727848 0.73656046
vt 0.064206198 0.71723634
vt 0.03318128 0.73499417
vt 0.0030519939 0.72040296
vt 0.025971776 0.73778284
vt 0.016301712 0.74537963
vt 0.97661567 0.98006088
vt 0.97624403 0.99174416
vt 0.97304022 0.98541528
vt 0.97294331 0.98020148
vt 0.98134446 0.98693007
vt 0.98141193 0.96293163
vt 0.98627424 0.99672502
vt 0.98737502 0.9771083
vt 0.9729076 0.97640282
vt 0.99025315 0.96151769
vt 0.98282617 0.93632722
vt 0.98984081 0.94871485
vt 0.97243375 0.93699998
vt 0.99123752 0.93970525
vt 0.97243673 0.93629473
vt 0.97243869 0.95236415
vt 0.97268903 0.96112084
vt 0.18003896 0.23465854
vt 0.18641225 0.24063057
vt 0.17214189 0.2454142
vt 0.16767852 0.2337265
vt 0.18868409 0.23153812
vt 0.16532774 0.21573985
vt 0.15307339 0.23957074
vt 0.18610269 0.21744519
vt 0.15730231 0.21940535
vt 0.14991885 0.22193462
vt 0.18410547 0.21217602
vt 0.16172044 0.19931656
vt 0.13867779 0.22635752
vt 0.17193742 0.20255411
vt 0.18679537 0.21424073
vt 0.1461308 0.19919056
vt 0.12840559 0.209656
vt 0.15008898 0.19647044
vt 0.15747054 0.20202225
vt 0.14551039 0.19150215
vt 0.14370891 0.19055444
vt 0.13696611 0.18764544
vt 0.13620998 0.18755871
vt 0.1365913 0.18762594
vt 0.97589177 0.91414255
vt 0.9793365 0.93005747
vt 0.97221082 0.92148954
vt 0.97204965 0.91289002
vt 0.99256659 0.9170354
vt 0.97242844 0.93248785
vt 0.97433984 0.90320438
vt 0.99010718 0.93352407
vt 0.97228408 0.90433931
vt 0.97687507 0.88788199
vt 0.97226071 0.90248823
vt 0.97209769 0.89576894
vt 0.99884802 0.89444876
vt 0.97177309 0.88465112
vt 0.9940058 0.87730616
vt 0.97527725 0.87445831
vt 0.97172248 0.87829548
vt 0.046237018 0.96597618
vt 0.053078681 0.97475094
vt 0.034557894 0.98098397
vt 0.094064385 0.97720188
vt 0.091792144 0.97380847
vt 0.10709521 0.43380094
vt 0.13092782 0.43045247
vt 0.12132449 0.44648969
vt 0.11324552 0.44480938
vt 0.097061373 0.42804807
vt 0.1337162 0.44870853
vt 0.10611535 0.45415723
vt 0.14507075 0.43698984
vt 0.15200214 0.4433108
vt 0.13476171 0.46528918
vt 0.15531228 0.45674866
vt 0.8098709 0.44754595
vt 0.81781667 0.44506437
vt 0.81101185 0.45344156
vt 0.79682606 0.44980669
vt 0.80998003 0.42941815
vt 0.81127065 0.46221244
vt 0.82075226 0.43437737
vt 0.80033314 0.46580917
vt 0.78599811 0.44363904
vt 0.82058358 0.42044908
vt 0.82851076 0.44024736
vt 0.79289216 0.45345807
vt 0.83322346 0.42346245
vt 0.84349459 0.43087935
vt 0.78617549 0.45699543
vt 0.91003501 0.90250909
vt 0.89816511 0.90581185
vt 0.9006055 0.89398187
vt 0.89462125 0.87603581
vt 0.89965087 0.91471386
vt 0.89367038 0.89731753
vt 0.91175747 0.88280922
vt 0.89295679 0.91725242
vt 0.88221514 0.88743496
vt 0.89368564 0.93353593
vt 0.88546461 0.91407859
vt 0.87931758 0.87461156
vt 0.8813681 0.89834368
vt 0.38301301 0.62084222
vt 0.36437055 0.62008393
vt 0.38027111 0.61129558
vt 0.36149558 0.60793924
vt 0.3606998 0.61462963
vt 0.36964178 0.58782792
vt 0.35948703 0.60146964
vt 0.36098546 0.58225751
vt 0.35737878 0.59835488
vt 0.3690508 0.56344044
vt 0.35062113 0.58926332
vt 0.34924701 0.58046246
vt 0.34851104 0.57928544
vt 0.36280301 0.57753706
vt 0.34868869 0.57639736
vt 0.36744994 0.5804919
vt 0.36126485 0.56594682
vt 0.35062259 0.56740475
vt 0.88223517 0.4786731
vt 0.89444196 0.48467845
vt 0.87971067 0.4854427
vt 0.89486915 0.47161055
vt 0.90078986 0.4910807
vt 0.90303141 0.47646922
vt 0.88773268 0.46044278
vt 0.91078353 0.48611009
vt 0.90082633 0.45849901
vt 0.92641908 0.49668252
vt 0.92166662 0.48075485
vt 0.90387338 0.4446401
vt 0.93490255 0.49082375
vt 0.90943688 0.46688837
vt 0.89616752 0.4479484
vt 0.93660122 0.48820233
vt 0.91953492 0.47035158
vt 0.75969762 0.27575785
vt 0.76935685 0.26025915
vt 0.77344412 0.27670866
vt 0.75525004 0.2623446
vt 0.78449321 0.26948434
vt 0.75758404 0.24572343
vt 0.75401425 0.27216035
vt 0.77627778 0.24984032
vt 0.79133952 0.25749862
vt 0.76124156 0.23774832
vt 0.80312961 0.25457877
vt 0.77795774 0.22456467
vt 0.80803293 0.24587739
vt 0.78670949 0.23078978
vt 0.80060714 0.23053294
vt 0.80282182 0.22122973
vt 0.012681647 0.34872568
vt 0.024109388 0.34037048
vt 0.021692514 0.35484165
vt 0.023273891 0.37196612
vt 0.016089942 0.3290813
vt 0.029282875 0.35727715
vt 0.026832685 0.36262149
vt 0.0045706155 0.3611505
vt 0.03245851 0.32413971
vt 0.036682487 0.34260112
vt 0.027476378 0.31538522
vt 0.040703438 0.36815596
vt 0.013390926 0.31718576
vt 0.043549281 0.31903487
vt 0.040378407 0.32594144
vt 0.048483193 0.32463813
vt 0.13592571 0.76385272
vt 0.14574964 0.77030718
vt 0.14529692 0.77462131
vt 0.13328992 0.77823287
vt 0.14030884 0.78257179
vt 0.11789697 0.78051811
vt 0.15486422 0.78581262
vt 0.1334514 0.79485828
vt 0.11430812 0.7651239
vt 0.10916622 0.78825021
vt 0.097114995 0.77480376
vt 0.11727282 0.79746389
vt 0.13085006 0.80827534
vt 0.92872328 0.59956658
vt 0.93110019 0.61228156
vt 0.92156309 0.6147902
vt 0.94321823 0.60220885
vt 0.93009895 0.62342799
vt 0.94433093 0.61200422
vt 0.92540312 0.63244259
vt 0.9531213 0.60978943
vt 0.91060442 0.62548125
vt 0.95072883 0.59729791
vt 0.91060108 0.62960804
vt 0.95817459 0.60178065
vt 0.91583061 0.65198147
vt 0.92911518 0.63681799
vt 0.91060978 0.64668781
vt 0.99682456 0.87031746
vt 0.97177374 0.85387099
vt 0.99417508 0.84853756
vt 0.96760005 0.86580169
vt 0.96966034 0.84430993
vt 0.94228524 0.85134852
vt 0.23693646 0.26092261
vt 0.23845826 0.27025759
vt 0.21533895 0.26760852
vt 0.22389512 0.25622177
vt 0.22989178 0.27758211
vt 0.20356525 0.26008028
vt 0.21708827 0.25177187
vt 0.20399162 0.2452842
vt 0.22375938 0.24750412
vt 0.19202523 0.25225145
vt 0.19382682 0.23633289
vt 0.20741589 0.23950607
vt 0.22392707 0.23745269
vt 0.20275532 0.22259009
vt 0.21512505 0.22736317
vt 0.1946373 0.22546476
vt 0.30600253 0.83135045
vt 0.31993228 0.83361846
vt 0.31134808 0.84659714
vt 0.29161102 0.83616585
vt 0.32128829 0.8246758
vt 0.32450575 0.84472567
vt 0.29789013 0.85082757
vt 0.30731785 0.81635439
vt 0.32449597 0.82862383
vt 0.32450902 0.85571116
vt 0.31831476 0.86240876
vt 0.2859703 0.84804964
vt 0.32449409 0.82597858
vt 0.29654673 0.86762881
vt 0.32451269 0.86623549
vt 0.31775743 0.87124074
vt 0.87261659 0.97106791
vt 0.83740997 0.97558481
vt 0.88754189 0.96383691
vt 0.83165872 0.97995555
vt 0.92899835 0.76855099
vt 0.93653154 0.7676785
vt 0.93252301 0.80670041
vt 0.92361319 0.80904537
vt 0.93103331 0.75402969
vt 0.926337 0.76814705
vt 0.90965754 0.77102971
vt 0.30902076 0.73396838
vt 0.29352367 0.74865115
vt 0.30778646 0.72448778
vt 0.29338822 0.75282705
vt 0.25449717 0.77781761
vt 0.7028445 0.32710916
vt 0.71649367 0.32354248
vt 0.71904981 0.32958096
vt 0.70213526 0.33613443
vt 0.70003778 0.3161518
vt 0.72345728 0.32367754
vt 0.71833473 0.34073836
vt 0.6922853 0.32299268
vt 0.69701636 0.29994178
vt 0.73106921 0.33798712
vt 0.72451544 0.30395663
vt 0.74663979 0.32576102
vt 0.73473108 0.31459039
vt 0.71393055 0.29824543
vt 0.30852303 0.21791768
vt 0.33794573 0.2266714
vt 0.31310478 0.23725665
vt 0.29158705 0.23450536
vt 0.32391378 0.21100903
vt 0.33522692 0.23637837
vt 0.29810941 0.2465772
vt 0.29243338 0.22688711
vt 0.30512279 0.20614994
vt 0.28693724 0.24426949
vt 0.28597006 0.23068762
vt 0.28853396 0.21819431
vt 0.1593795 0.96992368
vt 0.1526808 0.97241616
vt 0.12808472 0.96614337
vt 0.18209532 0.98077869
vt 0.13258818 0.97024578
vt 0.1688199 0.9618656
vt 0.15898435 0.97676831
vt 0.62909174 0.76923525
vt 0.65005034 0.77191162
vt 0.63897413 0.77761233
vt 0.65055472 0.75704467
vt 0.6546697 0.76255906
vt 0.67112875 0.76548314
vt 0.66632426 0.77483374
vt 0.68103492 0.75784016
vt 0.6585077 0.74826598
vt 0.68034041 0.76905251
vt 0.74654692 0.93060666
vt 0.77376091 0.93380958
vt 0.76579952 0.93966341
vt 0.7550742 0.94910902
vt 0.78558201 0.92918515
vt 0.77305847 0.92839676
vt 0.79080969 0.9317354
vt 0.75046587 0.92773765
vt 0.78990686 0.93781531
vt 0.74508661 0.92778206
vt 0.76931703 0.94407189
vt 0.73735064 0.94117236
vt 0.7379241 0.93312967
vt 0.37327057 0.96552634
vt 0.37241673 0.94938022
vt 0.38147545 0.97321731
vt 0.37317988 0.97978878
vt 0.36352587 0.95518917
vt 0.38467306 0.96696776
vt 0.36452767 0.93727422
vt 0.38063982 0.95632404
vt 0.37208995 0.93144441
vt 0.38298246 0.95116758
vt 0.37863111 0.94249541
vt 0.38283679 0.93900388
vt 0.3830559 0.94950205
vt 0.38539797 0.93240702
vt 0.38050479 0.94364667
vt 0.37747404 0.92697382
vt 0.38616201 0.70811033
vt 0.36844596 0.71296942
vt 0.35852075 0.6882723
vt 0.37612182 0.67531866
vt 0.35747144 0.71398032
vt 0.35996029 0.6652559
vt 0.35437164 0.70153129
vt 0.34684637 0.66343427
vt 0.35107341 0.68848538
vt 0.34909093 0.67514974
vt 0.34945151 0.68400347
vt 0.24268934 0.93042088
vt 0.22234598 0.93273705
vt 0.22493517 0.91707683
vt 0.23856665 0.91078115
vt 0.24710275 0.9246639
vt 0.24630402 0.90135252
vt 0.25364244 0.92156965
vt 0.27424866 0.91846889
vt 0.98048043 0.83936936
vt 0.97267443 0.8367188
vt 0.97767693 0.82677567
vt 0.99110502 0.82570958
vt 0.97571021 0.81524307
vt 0.99418706 0.80896515
vt 0.99151915 0.79606682
vt 0.97950959 0.7949782
vt 0.98628092 0.78831303
vt 0.989393 0.25000852
vt 0.97741753 0.25148118
vt 0.98253119 0.23867333
vt 0.97382319 0.2627154
vt 0.95895052 0.24507582
vt 0.96893001 0.25624573
vt 0.99275786 0.25478292
vt 0.95828474 0.25778306
vt 0.98738319 0.26686203
vt 0.96654254 0.26840049
vt 0.94990003 0.25992221
vt 0.97231543 0.27782828
vt 0.96338087 0.27508092
vt 0.94885921 0.26799887
vt 0.94105822 0.26592082
vt 0.9438709 0.27485907
vt 0.70393062 0.60701585
vt 0.71606225 0.61114812
vt 0.73443615 0.62090886
vt 0.69654691 0.58004373
vt 0.74282831 0.62021601
vt 0.69234294 0.58739829
vt 0.71610558 0.60996091
vt 0.73690951 0.61629158
vt 0.8090831 0.93218547
vt 0.82007951 0.93393648
vt 0.81364441 0.94588256
vt 0.7946285 0.93741119
vt 0.79092294 0.94833893
vt 0.77029246 0.94586951
vt 0.77764016 0.9479655
vt 0.55158198 0.88813829
vt 0.5358302 0.89396626
vt 0.54173154 0.88111359
vt 0.56093764 0.87473041
vt 0.54555756 0.89833689
vt 0.54872906 0.86641443
vt 0.57101822 0.89022321
vt 0.55479813 0.90202087
vt 0.56528294 0.86657965
vt 0.56727725 0.85075909
vt 0.67051971 0.97071278
vt 0.6681751 0.9804849
vt 0.65301818 0.97937155
vt 0.69796377 0.97604978
vt 0.70318872 0.97911525
vt 0.012579028 0.5802896
vt 0.012167257 0.553747
vt 0.025221685 0.5828675
vt 0.0063308366 0.55619329
vt 0.019528693 0.54864651
vt 0.0037487673 0.53896761
vt 0.030083407 0.55539244
vt 0.030221323 0.56938684
vt 0.039702795 0.55775762
vt 0.031395759 0.58977956
vt 0.034319799 0.58041072
vt 0.40966594 0.24544245
vt 0.42081806 0.23105693
vt 0.42274415 0.24585664
vt 0.40472296 0.2228899
vt 0.39264333 0.23729831
vt 0.41969913 0.22360319
vt 0.39008904 0.22861427
vt 0.41663128 0.200562
vt 0.3869597 0.23388636
vt 0.39135519 0.21618712
vt 0.42828918 0.21171075
vt 0.37936595 0.22576863
vt 0.38443413 0.21005833
vt 0.40082133 0.20194203
vt 0.37815541 0.24705583
vt 0.37793851 0.2109589
vt 0.38446227 0.24135679
vt 0.49088308 0.75159919
vt 0.486651 0.75750655
vt 0.47751188 0.75298011
vt 0.47766399 0.73764825
vt 0.46473056 0.75947148
vt 0.47326881 0.74100447
vt 0.45948878 0.74477267
vt 0.44069311 0.76175427
vt 0.46615779 0.73557276
vt 0.44825208 0.74888641
vt 0.47232983 0.24176657
vt 0.48749229 0.23445213
vt 0.48169518 0.24595159
vt 0.47320223 0.21486467
vt 0.48680392 0.22640687
vt 0.45809728 0.23053366
vt 0.49110907 0.21121222
vt 0.45762587 0.20936674
vt 0.48486516 0.20671308
vt 0.44118378 0.21212065
vt 0.46733016 0.20660925
vt 0.46111041 0.19706261
vt 0.83710104 0.23680991
vt 0.84780091 0.23360705
vt 0.85610974 0.24535412
vt 0.84197366 0.22468311
vt 0.85922199 0.21900749
vt 0.81578839 0.22259831
vt 0.84098548 0.20936936
vt 0.82460815 0.24181777
vt 0.85979331 0.20957547
vt 0.84196377 0.19850671
vt 0.85237783 0.19805193
vt 0.8948428 0.96554667
vt 0.9117586 0.94755858
vt 0.91342157 0.94718236
vt 0.91931784 0.96455687
vt 0.91539806 0.9163335
vt 0.94800955 0.9358865
vt 0.95925033 0.93245316
vt 0.95925927 0.94855046
vt 0.94150364 0.92728925
vt 0.95924354 0.91713953
vt 0.95533192 0.90012336
vt 0.95924014 0.9085241
vt 0.70063794 0.66612399
vt 0.70110166 0.68198168
vt 0.69463956 0.66650176
vt 0.73602509 0.70945001
vt 0.69212943 0.67053962
vt 0.7349565 0.71465468
vt 0.93806964 0.74628282
vt 0.9184866 0.74481833
vt 0.90970314 0.72581995
vt 0.93225747 0.72074401
vt 0.92664599 0.69841766
vt 0.94314206 0.74289775
vt 0.94152886 0.70909035
vt 0.94085681 0.69681132
vt 0.59632814 0.7690286
vt 0.58990681 0.77642012
vt 0.57777327 0.77377021
vt 0.58511287 0.75991118
vt 0.57676899 0.76520884
vt 0.5958432 0.76378918
vt 0.57254964 0.75156653
vt 0.58129299 0.74856329
vt 0.5663113 0.75642294
vt 0.60253483 0.75313395
vt 0.59373134 0.74420679
vt 0.61291456 0.74592072
vt 0.029868599 0.7994194
vt 0.023478728 0.80811048
vt 0.01750003 0.80032206
vt 0.01901176 0.79258394
vt 0.010119732 0.80629182
vt 0.010115355 0.79368114
vt 0.023252243 0.78592712
vt 0.02005747 0.78096414
vt 0.023582252 0.77729607
vt 0.011941387 0.7731142
vt 0.017702233 0.76215756
vt 0.0046732244 0.76324439
vt 0.52316111 0.82357907
vt 0.52655077 0.83447003
vt 0.51891208 0.83824968
vt 0.50471658 0.83497828
vt 0.51467288 0.84824657
vt 0.50878215 0.84963518
vt 0.51593107 0.85441905
vt 0.51569545 0.87018472
vt 0.81223059 0.73334241
vt 0.79701543 0.73071587
vt 0.81209332 0.72189188
vt 0.82193744 0.72393799
vt 0.79977906 0.71604902
vt 0.82503539 0.73953325
vt 0.81435412 0.71438324
vt 0.79178703 0.71692252
vt 0.83219814 0.72638816
vt 0.78640592 0.72466981
vt 0.78498888 0.73367923
vt 0.7871865 0.74079239
vt 0.79734063 0.73911881
vt 0.80673915 0.73427886
vt 0.80043215 0.74514329
vt 0.14073735 0.51991558
vt 0.14370775 0.52758098
vt 0.12824239 0.52454114
vt 0.1340269 0.51142955
vt 0.15337524 0.51901096
vt 0.17586681 0.52060014
vt 0.13828623 0.50735921
vt 0.14451355 0.49783069
vt 0.5586381 0.62097275
vt 0.55119789 0.60731483
vt 0.56786937 0.60911477
vt 0.5458529 0.62001836
vt 0.55425996 0.58873713
vt 0.53478628 0.61185676
vt 0.5373795 0.59357071
vt 0.57003325 0.59496832
vt 0.55500567 0.58084154
vt 0.57181841 0.58349252
vt 0.56438625 0.57455993
vt 0.8791616 0.52088201
vt 0.89160877 0.52000964
vt 0.88773131 0.53166699
vt 0.88106519 0.53269911
vt 0.88695252 0.5422225
vt 0.87274259 0.5278244
vt 0.881926 0.54479986
vt 0.86400527 0.54994428
vt 0.86415702 0.52668858
vt 0.8560977 0.53865635
vt 0.85768014 0.54798245
vt 0.86117941 0.55951214
vt 0.84750658 0.54982173
vt 0.59734935 0.43490946
vt 0.62719619 0.42054337
vt 0.61979389 0.44274163
vt 0.612158 0.46540082
vt 0.64123011 0.44928986
vt 0.95002472 0.57018316
vt 0.97007239 0.55987757
vt 0.95084161 0.58917946
vt 0.94054425 0.58576173
vt 0.96135503 0.58389932
vt 0.97276515 0.56635231
vt 0.97325736 0.54935372
vt 0.97128373 0.58588958
vt 0.98609614 0.55824733
vt 0.97692347 0.58558202
vt 0.98627925 0.5560199
vt 0.98252428 0.57560223
vt 0.97819912 0.57922864
vt 0.90545774 0.2392785
vt 0.87908661 0.23804438
vt 0.880229 0.20978081
vt 0.90096831 0.20676619
vt 0.92337769 0.24633336
vt 0.91795498 0.20680392
vt 0.90911847 0.2459712
vt 0.53548855 0.24656206
vt 0.54892999 0.20958972
vt 0.56150854 0.22369665
vt 0.56729722 0.20220822
vt 0.57608187 0.21627039
vt 0.57702762 0.20233482
vt 0.5717293 0.2285971
vt 0.57948649 0.23188251
vt 0.39763972 0.50898945
vt 0.41403311 0.50403887
vt 0.41235048 0.51679289
vt 0.39410055 0.52780604
vt 0.39741686 0.49581885
vt 0.42116562 0.51644623
vt 0.41837388 0.52619314
vt 0.3786597 0.51127565
vt 0.38411489 0.50415516
vt 0.42358226 0.50706291
vt 0.42095649 0.50219917
vt 0.73868454 0.22479528
vt 0.73281962 0.22602224
vt 0.72917819 0.20882457
vt 0.74767935 0.20328623
vt 0.74773055 0.22385186
vt 0.74429768 0.24521095
vt 0.75425577 0.23300141
vt 0.73667127 0.23841709
vt 0.75804144 0.20957267
vt 0.72348326 0.24459761
vt 0.76790935 0.21840465
vt 0.7622475 0.23081595
vt 0.76204348 0.77041459
vt 0.76748866 0.77721882
vt 0.74100751 0.76382214
vt 0.74050403 0.75076622
vt 0.72208405 0.75629783
vt 0.7301982 0.75213116
vt 0.56688148 0.93302059
vt 0.57320321 0.92577738
vt 0.58640146 0.92955434
vt 0.58180583 0.8887288
vt 0.94368249 0.24625969
vt 0.95187426 0.23649043
vt 0.95587081 0.24260998
vt 0.94110012 0.22811407
vt 0.95126039 0.2254625
vt 0.95858848 0.22573006
vt 0.96569967 0.23950428
vt 0.97216463 0.23317677
vt 0.96796471 0.2217918
vt 0.96592462 0.20665962
vt 0.97829616 0.22007829
vt 0.97014457 0.20261478
vt 0.95449781 0.20210671
vt 0.98210084 0.20231611
vt 0.98689854 0.20944482
vt 0.17416923 0.84300107
vt 0.18158194 0.86156142
vt 0.1688906 0.8866244
vt 0.16054368 0.86689901
vt 0.30065048 0.78470987
vt 0.30961233 0.79289186
vt 0.30683494 0.8113392
vt 0.32151943 0.78157026
vt 0.32261688 0.81256425
vt 0.31837937 0.82331783
vt 0.098001167 0.57150346
vt 0.10325965 0.55451548
vt 0.1103833 0.57044137
vt 0.1009746 0.58927512
vt 0.12312721 0.56673616
vt 0.10965999 0.58219588
vt 0.1189899 0.55072129
vt 0.13093379 0.58446467
vt 0.1301946 0.56269729
vt 0.13000286 0.54604512
vt 0.10146037 0.19861555
vt 0.090730786 0.21405077
vt 0.078584246 0.20146382
vt 0.086506203 0.19441056
vt 0.075038485 0.21266651
vt 0.075618871 0.18951875
vt 0.090971529 0.18708515
vt 0.069486335 0.20131278
vt 0.069869302 0.19483525
vt 0.097874269 0.18907213
vt 0.066661872 0.18157971
vt 0.10107268 0.17802143
vt 0.1076986 0.18372726
vt 0.1100787 0.19447744
vt 0.082357973 0.17658782
vt 0.96459752 0.97223514
vt 0.96468115 0.97377473
vt 0.95711172 0.99647629
vt 0.96423507 0.99233949
vt 0.96590549 0.95682728
vt 0.95998412 0.95223123
vt 0.47362211 0.68362379
vt 0.47624674 0.67254144
vt 0.48293456 0.68292791
vt 0.48499015 0.66185963
vt 0.4739733 0.65679145
vt 0.49870446 0.67270464
vt 0.47996679 0.64325988
vt 0.49092802 0.65647459
vt 0.50122839 0.65359855
vt 0.48642716 0.64016187
vt 0.78469145 0.40247458
vt 0.77960515 0.37568784
vt 0.78626585 0.37800664
vt 0.77702004 0.39033836
vt 0.78786761 0.37217087
vt 0.75478137 0.38789171
vt 0.77271825 0.35881394
vt 0.76595163 0.36084342
vt 0.78713244 0.36029899
vt 0.75584894 0.36253625
vt 0.11267495 0.74394655
vt 0.11880525 0.73982042
vt 0.12448964 0.74619865
vt 0.097607769 0.72726107
vt 0.11730217 0.7260735
vt 0.10534643 0.72442991
vt 0.13834134 0.73649895
vt 0.1010422 0.7150501
vt 0.11693987 0.71071911
vt 0.18100397 0.40275162
vt 0.15997881 0.39443338
vt 0.17577565 0.38907206
vt 0.1933185 0.39147049
vt 0.17440149 0.38089556
vt 0.18833366 0.37099838
vt 0.18054751 0.36207783
vt 0.19706713 0.38267606
vt 0.16979894 0.37687522
vt 0.16910882 0.36789733
vt 0.35755533 0.60440463
vt 0.35137388 0.62012827
vt 0.33606043 0.6160996
vt 0.34842575 0.60457861
vt 0.31597686 0.62144935
vt 0.31580186 0.62062812
vt 0.32556319 0.61343324
vt 0.31587309 0.6190185
vt 0.32592568 0.59332895
vt 0.79916823 0.87177789
vt 0.79004925 0.86782128
vt 0.79992378 0.86136353
vt 0.81079125 0.86173373
vt 0.7926296 0.85724497
vt 0.80796629 0.86954629
vt 0.78054458 0.86736655
vt 0.77436328 0.85965365
vt 0.78393191 0.8503691
vt 0.76968622 0.84883851
vt 0.5480482 0.43393296
vt 0.55306256 0.42397887
vt 0.56427526 0.43986297
vt 0.54370958 0.4613151
vt 0.53552717 0.43252677
vt 0.54948997 0.46293247
vt 0.55945259 0.46453148
vt 0.2321267 0.56685829
vt 0.20226713 0.57105154
vt 0.22544138 0.55447155
vt 0.21152468 0.57828891
vt 0.20627736 0.55191946
vt 0.22233778 0.59045613
vt 0.19063994 0.55788344
vt 0.21355531 0.58737218
vt 0.88954711 0.44757891
vt 0.87663484 0.44875699
vt 0.87892956 0.43710506
vt 0.8793326 0.45719951
vt 0.87203616 0.43432575
vt 0.86673361 0.44262385
vt 0.86076051 0.45258182
vt 0.86267298 0.4644922
vt 0.86135286 0.44176674
vt 0.84825891 0.45239699
vt 0.84745389 0.44055659
vt 0.49699309 0.37135035
vt 0.48351505 0.36161363
vt 0.50034332 0.34931439
vt 0.50888163 0.35368484
vt 0.48406714 0.34093761
vt 0.48410541 0.33037156
vt 0.47225362 0.34670347
vt 0.49696419 0.33901364
vt 0.34740236 0.96930188
vt 0.34668034 0.97931981
vt 0.33704063 0.95383596
vt 0.3393392 0.96467745
vt 0.34013537 0.97988302
vt 0.33433715 0.95774281
vt 0.33135211 0.94176149
vt 0.34525046 0.94393992
vt 0.23264268 0.52313763
vt 0.23508522 0.51521516
vt 0.25187054 0.52651858
vt 0.24666123 0.51757056
vt 0.24168472 0.51277351
vt 0.23301642 0.49437135
vt 0.22814092 0.50416821
vt 0.24020964 0.500009
vt 0.22277646 0.50222307
vt 0.22489867 0.48782939
vt 0.53518838 0.34183168
vt 0.54070294 0.3312819
vt 0.55116296 0.34403765
vt 0.54835582 0.35587835
vt 0.55859536 0.35355526
vt 0.56239682 0.36264849
vt 0.5571667 0.37148678
vt 0.35056064 0.98826814
vt 0.37093744 0.9937681
vt 0.33136728 0.99667811
vt 0.31990162 0.73789144
vt 0.31634161 0.76384634
vt 0.30773547 0.75933367
vt 0.30048236 0.74553925
vt 0.32352832 0.7626996
vt 0.30751318 0.76904589
vt 0.31944299 0.76839572
vt 0.31724471 0.77713966
vt 0.63730729 0.32410526
vt 0.65319359 0.32312906
vt 0.63631976 0.33758968
vt 0.62889332 0.32402235
vt 0.63927519 0.30729747
vt 0.64743978 0.3319962
vt 0.62839907 0.34032744
vt 0.64528483 0.30229104
vt 0.65410668 0.30402803
vt 0.66810751 0.31014842
vt 0.19103919 0.21488965
vt 0.22347507 0.20492846
vt 0.22718218 0.21574992
vt 0.19713475 0.18668771
vt 0.21793389 0.17557323
vt 0.1941347 0.17786813
vt 0.16611192 0.78797054
vt 0.17542094 0.78844202
vt 0.16958201 0.79477769
vt 0.15942021 0.7893877
vt 0.18175717 0.79534906
vt 0.169006 0.77382576
vt 0.19338323 0.79094613
vt 0.1941728 0.80582696
vt 0.19859116 0.80215383
vt 0.18943858 0.80822301
vt 0.54637623 0.27119452
vt 0.5445109 0.2642616
vt 0.56326228 0.26467055
vt 0.55176383 0.27778
vt 0.54249531 0.27706039
vt 0.55026686 0.25892866
vt 0.5701015 0.23851305
vt 0.53937131 0.25474387
vt 0.5477832 0.24158746
vt 0.53532296 0.25839943
vt 0.43360305 0.94908851
vt 0.44180542 0.95010972
vt 0.43388662 0.98833984
vt 0.44028628 0.9866575
vt 0.65626854 0.39012426
vt 0.64766604 0.38063496
vt 0.661493 0.37770319
vt 0.66622359 0.38878995
vt 0.64049727 0.38738531
vt 0.65125275 0.3749612
vt 0.66877997 0.37498575
vt 0.62958771 0.38187206
vt 0.64895678 0.39444655
vt 0.64025646 0.36980706
vt 0.65797442 0.36808455
vt 0.63228142 0.39246511
vt 0.6534096 0.36274529
vt 0.64270324 0.40315086
vt 0.87770212 0.31008542
vt 0.87026817 0.31388199
vt 0.8758592 0.30176526
vt 0.88705152 0.33073795
vt 0.87241071 0.33406663
vt 0.86542428 0.32941985
vt 0.86893111 0.34076208
vt 0.87823945 0.34044772
vt 0.84735274 0.33850729
vt 0.87832743 0.34010428
vt 0.46700245 0.63599157
vt 0.46110854 0.61932349
vt 0.47961667 0.63146979
vt 0.44855216 0.62750316
vt 0.48047712 0.62293041
vt 0.44229758 0.63196027
vt 0.44815341 0.61290383
vt 0.4649837 0.31533712
vt 0.47035652 0.32535619
vt 0.4597277 0.33911812
vt 0.4503355 0.3352704
vt 0.47054368 0.33700728
vt 0.4540202 0.32047927
vt 0.44753775 0.31227028
vt 0.44169492 0.31768972
vt 0.46068344 0.30274844
vt 0.29206222 0.2919063
vt 0.31755102 0.28108114
vt 0.29858685 0.30068719
vt 0.303464 0.2709946
vt 0.31053627 0.30765659
vt 0.28621861 0.27441341
vt 0.31898174 0.27099973
vt 0.30007157 0.30877161
vt 0.28468931 0.28426707
vt 0.26075467 0.18909776
vt 0.26750475 0.18811798
vt 0.25380135 0.20438117
vt 0.26900336 0.17958158
vt 0.27067056 0.20992142
vt 0.28027153 0.18922341
vt 0.27689001 0.19192672
vt 0.25754994 0.21535289
vt 0.27938199 0.19347912
vt 0.28962475 0.19573301
vt 0.29059756 0.20693278
vt 0.055008855 0.27757686
vt 0.055858295 0.26422495
vt 0.062681645 0.27133512
vt 0.054589164 0.27751553
vt 0.06320665 0.2633152
vt 0.063757457 0.25302446
vt 0.060387075 0.2465477
vt 0.051186249 0.24422908
vt 0.06394913 0.24659598
vt 0.039890248 0.25727493
vt 0.060618479 0.24353087
vt 0.034612741 0.24459392
vt 0.048142437 0.26987058
vt 0.058736671 0.24068946
vt 0.037262712 0.26629502
vt 0.0034448684 0.96001655
vt 0.0065520369 0.97532749
vt 0.0085525094 0.99584687
vt 0.10086832 0.58811915
vt 0.12448166 0.58958662
vt 0.12707162 0.60612667
vt 0.12052476 0.61253899
vt 0.13196549 0.59923339
vt 0.10598288 0.60491931
vt 0.10893258 0.61590683
vt 0.097672917 0.60536283
vt 0.10441151 0.62187511
vt 0.089037091 0.9955942
vt 0.094910048 0.97523153
vt 0.095138393 0.97983038
vt 0.0987783 0.99507654
vt 0.099800758 0.96184874
vt 0.83777618 0.99538231
vt 0.83123893 0.99629897
vt 0.86045188 0.9892906
vt 0.83297735 0.99541247
vt 0.86672032 0.98136264
vt 0.62038034 0.90348637
vt 0.6105572 0.91260481
vt 0.60948062 0.89163303
vt 0.61765021 0.89654595
vt 0.6144737 0.9177534
vt 0.60277033 0.91386032
vt 0.62878919 0.89278793
vt 0.62562764 0.91080296
vt 0.59713221 0.90899378
vt 0.63281399 0.90133035
vt 0.0050935224 0.98858708
vt 0.0045411382 0.98379779
vt 0.026538111 0.99124032
vt 0.01452444 0.9957214
vt 0.038820349 0.99014562
vt 0.34800828 0.21123844
vt 0.36136824 0.20677161
vt 0.36332607 0.21430355
vt 0.35254455 0.20026696
vt 0.37282252 0.20442271
vt 0.37545019 0.18530673
vt 0.35077718 0.18673837
vt 0.36347824 0.1800375
vt 0.16960245 0.54643321
vt 0.18920162 0.54758584
vt 0.18023042 0.55851328
vt 0.17054421 0.55742967
vt 0.17397992 0.53630173
vt 0.18995358 0.53740722
vt 0.18401113 0.52928627
vt 0.17277877 0.52308667
vt 0.16089846 0.52433538
vt 0.23920631 0.65115654
vt 0.24149331 0.64425027
vt 0.2552411 0.65674388
vt 0.24040475 0.6641314
vt 0.25104362 0.63286793
vt 0.24764438 0.66700935
vt 0.26164645 0.63983488
vt 0.48732147 0.98614359
vt 0.49137297 0.99537182
vt 0.45637354 0.99468809
vt 0.49476349 0.93719089
vt 0.50501484 0.94899529
vt 0.47231969 0.94732124
vt 0.47765094 0.93730712
vt 0.48451906 0.92868245
vt 0.20569444 0.97735989
vt 0.2191755 0.98576903
vt 0.21060029 0.99559879
vt 0.19128422 0.97420567
vt 0.22392365 0.98026532
vt 0.86519837 0.56512517
vt 0.87025648 0.58677089
vt 0.85840273 0.57247382
vt 0.85122478 0.55568546
vt 0.87609756 0.57899112
vt 0.85590082 0.57998216
vt 0.84971285 0.56147081
vt 0.87575001 0.56744605
vt 0.86245906 0.58925885
vt 0.84739661 0.57773328
vt 0.7580536 0.7237435
vt 0.76188135 0.71741253
vt 0.75873142 0.72667748
vt 0.75757235 0.71502304
vt 0.75359976 0.73080182
vt 0.73836887 0.72870529
vt 0.74032408 0.71468091
vt 0.7591747 0.70697713
vt 0.75253701 0.6965695
vt 0.7406289 0.70801014
vt 0.02984578 0.96287763
vt 0.024864575 0.96815485
vt 0.018894458 0.9532001
vt 0.035479926 0.94820642
vt 0.034203876 0.97658861
vt 0.042051427 0.95950925
vt 0.029111132 0.98092955
vt 0.11393916 0.93350196
vt 0.11473037 0.92865402
vt 0.13041359 0.93649101
vt 0.13493197 0.94257188
vt 0.1239554 0.91624105
vt 0.13539191 0.94859052
vt 0.13475432 0.93985683
vt 0.13436654 0.93691295
vt 0.13420531 0.93450773
vt 0.12500617 0.9284023
vt 0.32798445 0.69205379
vt 0.31822059 0.69907492
vt 0.32349062 0.68414581
vt 0.32459295 0.6819548
vt 0.31621283 0.69496071
vt 0.3418355 0.68451279
vt 0.32500651 0.68157744
vt 0.33538169 0.69652855
vt 0.33353016 0.67515481
vt 0.34886846 0.69053626
vt 0.32528239 0.68088675
vt 0.34341922 0.67718589
vt 0.2999953 0.91926831
vt 0.30122393 0.93283552
vt 0.30026767 0.92920268
vt 0.31015939 0.9243806
vt 0.30034283 0.9323132
vt 0.31288114 0.90933806
vt 0.30027372 0.93389821
vt 0.30044317 0.91617876
vt 0.3204008 0.91179001
vt 0.30457139 0.90557492
vt 0.30062982 0.9122569
vt 0.31435817 0.90097439
vt 0.0034660287 0.63880348
vt 0.019623376 0.62546349
vt 0.011366603 0.64004004
vt 0.013406386 0.65265691
vt 0.023721237 0.63304722
vt 0.024843935 0.64531493
vt 0.036568597 0.62760401
vt 0.08043731 0.55759966
vt 0.067369781 0.54511285
vt 0.086893044 0.53924859
vt 0.088447057 0.54720712
vt 0.074791782 0.55763322
vt 0.075725414 0.53880024
vt 0.099494681 0.54447854
vt 0.079600275 0.53212029
vt 0.092031501 0.53467637
vt 0.90835541 0.97742659
vt 0.89248782 0.97964984
vt 0.90070552 0.97213119
vt 0.90919787 0.96656293
vt 0.88989371 0.96683943
vt 0.87807864 0.97651923
vt 0.39592049 0.54019713
vt 0.40929314 0.54151094
vt 0.40330246 0.55337739
vt 0.39041248 0.55914366
vt 0.39243725 0.53084421
vt 0.37951702 0.55539978
vt 0.38182533 0.53360528
vt 0.5665983 0.54694355
vt 0.56158388 0.545367
vt 0.56212109 0.53293419
vt 0.55072349 0.54029393
vt 0.54595578 0.52695584
vt 0.54791361 0.54656637
vt 0.53501683 0.52779174
vt 0.55778402 0.55840373
vt 0.53780848 0.53837872
vt 0.74717242 0.83303499
vt 0.73682952 0.83925337
vt 0.73938292 0.82783461
vt 0.75135064 0.8261863
vt 0.72797263 0.83249944
vt 0.74678415 0.81592071
vt 0.72351748 0.83612263
vt 0.73597962 0.81919944
vt 0.74259263 0.80806077
vt 0.0036734249 0.90303117
vt 0.0035350022 0.8830002
vt 0.015239156 0.88263857
vt 0.026693055 0.88212216
vt 0.034538593 0.89587224
vt 0.74737096 0.41085607
vt 0.73668087 0.41354638
vt 0.74110311 0.40298182
vt 0.74957389 0.41878837
vt 0.72797334 0.41338515
vt 0.7379654 0.43435067
vt 0.72309589 0.42367685
vt 0.72323376 0.401999
vt 0.72315764 0.43342626
vt 0.09716934 0.96515912
vt 0.098855518 0.96748477
vt 0.10124835 0.99526888
vt 0.51583362 0.79268092
vt 0.53549957 0.76972371
vt 0.53541517 0.77037567
vt 0.53252161 0.7857362
vt 0.51876712 0.77440751
vt 0.53545797 0.76972169
vt 0.51387674 0.77418298
vt 0.53555536 0.76971835
vt 0.50355786 0.77859676
vt 0.4913336 0.82460564
vt 0.49910077 0.81201476
vt 0.50456089 0.82486701
vt 0.4819667 0.81630123
vt 0.48464236 0.80539882
vt 0.47258312 0.81163019
vt 0.47222334 0.81883538
vt 0.25361118 0.99670917
vt 0.26554313 0.98550284
vt 0.28553361 0.98046649
vt 0.28553391 0.98141319
vt 0.28552797 0.96563143
vt 0.4733296 0.52603137
vt 0.4791387 0.50757086
vt 0.49319142 0.51720423
vt 0.48658222 0.52769041
vt 0.48800147 0.49678946
vt 0.50110394 0.52348495
vt 0.50005084 0.51163822
vt 0.49513584 0.52780026
vt 0.99645704 0.96514547
vt 0.99858987 0.97959381
vt 0.99178195 0.97487873
vt 0.9914704 0.96609592
vt 0.99077165 0.97893685
vt 0.98802137 0.99541676
vt 0.8315782 0.98408282
vt 0.82339418 0.99131209
vt 0.80150622 0.99571306
vt 0.84640819 0.45313257
vt 0.84028423 0.46146131
vt 0.83884346 0.43619341
vt 0.81829768 0.44684672
vt 0.81590933 0.46461326
vt 0.88000268 0.92869109
vt 0.89148343 0.9223699
vt 0.89535302 0.93449754
vt 0.87873262 0.90444821
vt 0.8977654 0.77735949
vt 0.89217871 0.79103315
vt 0.87973976 0.78408867
vt 0.89581972 0.76758373
vt 0.90011871 0.79328972
vt 0.90845853 0.78571802
vt 0.49343252 0.71726489
vt 0.49323857 0.73028225
vt 0.48263341 0.73217428
vt 0.47332522 0.71595764
vt 0.49024498 0.74076915
vt 0.4847112 0.74629939
vt 0.75979292 0.76225048
vt 0.75338489 0.75575352
vt 0.75924045 0.74716073
vt 0.77526236 0.75054145
vt 0.77127218 0.76278323
vt 0.77283186 0.7766785
vt 0.59208858 0.44683909
vt 0.59162122 0.46527159
vt 0.57489085 0.43641174
vt 0.59437072 0.45273322
vt 0.56691068 0.45497918
vt 0.16822909 0.33897626
vt 0.16559589 0.32104421
vt 0.18018135 0.31100553
vt 0.18621324 0.32552844
vt 0.16215193 0.33955753
vt 0.18725443 0.31469524
vt 0.18865561 0.3400166
vt 0.160726 0.33248842
vt 0.20356952 0.51651406
vt 0.2153886 0.50269568
vt 0.22028171 0.52439737
vt 0.20996563 0.52645904
vt 0.20617287 0.50056779
vt 0.19972831 0.51825106
vt 0.19208734 0.50558197
vt 0.96952355 0.99575901
vt 0.9648369 0.99022877
vt 0.96642447 0.98310131
vt 0.96910322 0.96817434
vt 0.38258445 0.7281121
vt 0.37895119 0.7121979
vt 0.38758224 0.71115816
vt 0.39283907 0.71523106
vt 0.39848059 0.72460419
vt 0.39819434 0.71652848
vt 0.39648974 0.73007619
vt 0.40174213 0.71640998
vt 0.4058291 0.72461778
vt 0.4042109 0.71985614
vt 0.40164772 0.71321517
vt 0.40670285 0.72200257
vt 0.30395481 0.89246219
vt 0.3152833 0.89034671
vt 0.31205824 0.89964366
vt 0.30498508 0.90327108
vt 0.30635744 0.87493318
vt 0.30031511 0.88464725
vt 0.19207141 0.98790318
vt 0.1855235 0.98711681
vt 0.19199069 0.97338694
vt 0.1844648 0.96896029
vt 0.18290494 0.99657232
vt 0.062983707 0.97096819
vt 0.051495403 0.95343214
vt 0.067925513 0.96914148
vt 0.064554907 0.96217608
vt 0.076538555 0.98096001
vt 0.32752132 0.71619105
vt 0.31809437 0.71924782
vt 0.31078181 0.70662749
vt 0.32191876 0.72988242
vt 0.30061588 0.72177553
vt 0.88149434 0.88486481
vt 0.87754786 0.90075368
vt 0.86379725 0.88290721
vt 0.87167126 0.87861413
vt 0.87356567 0.90165603
vt 0.8807916 0.87591499
vt 0.24124084 0.98870474
vt 0.22739647 0.99577707
vt 0.21527037 0.9917891
vt 0.15580209 0.95128047
vt 0.14889547 0.96102452
vt 0.13377821 0.95310795
vt 0.12918943 0.96230763
vt 0.13011801 0.9646796
vt 0.13004556 0.96514463
vt 0.15670955 0.96525931
vt 0.70653498 0.63781059
vt 0.71004331 0.64674711
vt 0.70613873 0.64676106
vt 0.70736861 0.63698691
vt 0.7065804 0.6370697
vt 0.71694171 0.63858348
vt 0.72348303 0.64385396
vt 0.71424282 0.6260587
vt 0.73445433 0.63673276
vt 0.72146219 0.65171456
vt 0.72991949 0.64317763
vt 0.72505617 0.62742287
vt 0.59853023 0.99109095
vt 0.6228922 0.9894892
vt 0.61099988 0.99665326
vt 0.99382025 0.63355678
vt 0.99584931 0.64242405
vt 0.98694003 0.64359462
vt 0.99264812 0.62654448
vt 0.99344569 0.65194118
vt 0.97992784 0.6303153
vt 0.97251678 0.63938409
vt 0.97495592 0.62611091
vt 0.064336188 0.76200843
vt 0.063590296 0.75523341
vt 0.072758026 0.75092107
vt 0.054427743 0.75394678
vt 0.062867984 0.74572515
vt 0.051275987 0.74372232
vt 0.061317954 0.73618889
vt 0.050233085 0.73652685
vt 0.89416242 0.93254566
vt 0.90644908 0.92473531
vt 0.91343498 0.93823385
vt 0.90500629 0.94856781
vt 0.73526186 0.94017947
vt 0.72351342 0.93567437
vt 0.73166978 0.92413837
vt 0.72553599 0.94945312
vt 0.90332985 0.99599564
vt 0.90178597 0.989595
vt 0.90374374 0.98357481
vt 0.90716881 0.979599
vt 0.91127688 0.97350812
vt 0.91105348 0.97734439
vt 0.9128449 0.97085565
vt 0.86689246 0.9480114
vt 0.88845497 0.95449287
vt 0.88115513 0.96445298
vt 0.86378807 0.96245903
vt 0.87762123 0.85568041
vt 0.88657874 0.85450375
vt 0.88474846 0.87053698
vt 0.86990261 0.86229193
vt 0.86788458 0.84663117
vt 0.86237758 0.84644079
vt 0.29828796 0.96121466
vt 0.28755334 0.95610052
vt 0.28930557 0.94586575
vt 0.3002966 0.95182157
vt 0.28479436 0.96418679
vt 0.29750454 0.93915689
vt 0.76430213 0.88348812
vt 0.74771148 0.88597047
vt 0.74061209 0.87501109
vt 0.73916721 0.86731511
vt 0.73755515 0.88710266
vt 0.97278583 0.65346301
vt 0.97994846 0.64732313
vt 0.97727239 0.66052037
vt 0.98964113 0.65196151
vt 0.98268181 0.66204774
vt 0.99704897 0.65448469
vt 0.99821252 0.66772008
vt 0.47536892 0.98114777
vt 0.46400979 0.97608358
vt 0.46656081 0.96300972
vt 0.46569815 0.98748231
vt 0.51914042 0.87757123
vt 0.54256427 0.87677473
vt 0.52329654 0.88675809
vt 0.53870559 0.87190932
vt 0.52217019 0.86895108
vt 0.5417425 0.87250149
vt 0.5429346 0.87278116
vt 0.49478993 0.93298358
vt 0.48054725 0.92382342
vt 0.49488258 0.93257505
vt 0.47287965 0.92507988
vt 0.49612802 0.93157268
vt 0.49246785 0.91703099
vt 0.48054546 0.92338252
vt 0.49777287 0.61303365
vt 0.50644457 0.61600399
vt 0.50745606 0.62593949
vt 0.48829943 0.62127662
vt 0.50153047 0.63418233
vt 0.51159215 0.636123
vt 0.48993835 0.63711935
vt 0.72126961 0.68395972
vt 0.72124183 0.66531253
vt 0.72544062 0.67388129
vt 0.71358514 0.67783225
vt 0.70745605 0.67283529
vt 0.70642239 0.66099638
vt 0.71090883 0.6595211
vt 0.3779825 0.97433478
vt 0.38651797 0.97261018
vt 0.3837544 0.98573095
vt 0.384009 0.99531424
vt 0.37799746 0.87050903
vt 0.3915703 0.87365258
vt 0.37820911 0.88553041
vt 0.39056325 0.86268884
vt 0.39073846 0.88037777
vt 0.3841117 0.88579857
vt 0.3798708 0.88740349
vt 0.28391591 0.98977119
vt 0.28455499 0.99433184
vt 0.28210965 0.99468213
vt 0.26099366 0.99555445
vt 0.97303641 0.91139376
vt 0.96640694 0.9166919
vt 0.96391082 0.90981972
vt 0.965617 0.89757109
vt 0.9609713 0.91758484
vt 0.9567073 0.9058919
vt 0.96686643 0.89363015
vt 0.79233748 0.82437587
vt 0.78722847 0.83741444
vt 0.77638239 0.82667601
vt 0.77374434 0.83955121
vt 0.76896846 0.8310883
vt 0.53715646 0.91706663
vt 0.5282681 0.91479248
vt 0.53226602 0.90350038
vt 0.52288735 0.90620863
vt 0.51969951 0.89450324
vt 0.12865208 0.98888099
vt 0.13980478 0.98516941
vt 0.15189014 0.99520463
vt 0.55901432 0.97235185
vt 0.54690182 0.9795143
vt 0.53603196 0.9679572
vt 0.0034189781 0.91845113
vt 0.010853823 0.90532768
vt 0.027039569 0.89788967
vt 0.24642698 0.73079801
vt 0.25901124 0.73018599
vt 0.25254375 0.74574494
vt 0.23852214 0.73314804
vt 0.24965638 0.72333676
vt 0.24274139 0.72455412
vt 0.52697486 0.62827027
vt 0.53635585 0.62622416
vt 0.53169799 0.63682848
vt 0.53132766 0.63705814
vt 0.53050637 0.61860657
vt 0.53885895 0.63243842
vt 0.52853906 0.6183368
vt 0.54090559 0.62471801
vt 0.52823353 0.61702365
vt 0.51964903 0.6253792
vt 0.51876038 0.61390769
vt 0.47257814 0.98592204
vt 0.47796202 0.96441168
vt 0.48122013 0.97335595
vt 0.47702926 0.98435569
vt 0.47663 0.98807609
vt 0.82130802 0.87216961
vt 0.82191044 0.88174695
vt 0.81279016 0.88720518
vt 0.80090266 0.88259959
vt 0.16504905 0.87923908
vt 0.15525302 0.88582313
vt 0.15771931 0.87324417
vt 0.14539027 0.87296975
vt 0.15504587 0.86618781
vt 0.59783483 0.9333806
vt 0.59678459 0.92669475
vt 0.60978734 0.91628206
vt 0.5973087 0.91182077
vt 0.87038261 0.9790082
vt 0.89345211 0.9793722
vt 0.88395059 0.98920763
vt 0.68609774 0.96434468
vt 0.67780441 0.95466733
vt 0.67945743 0.94967711
vt 0.69645864 0.95268363
vt 0.67639637 0.95210761
vt 0.040231578 0.74968785
vt 0.01895711 0.74895322
vt 0.026366752 0.74037957
vt 0.039433181 0.76193249
vt 0.022966288 0.75440228
vt 0.51220894 0.81278533
vt 0.5105176 0.80589569
vt 0.52206463 0.81270278
vt 0.52455628 0.82332879
vt 0.50382578 0.81086117
vt 0.51414776 0.82435703
vt 0.50566804 0.81925249
vt 0.2087494 0.78453255
vt 0.2078153 0.78093785
vt 0.22168012 0.77162957
vt 0.22508059 0.78565228
vt 0.22908977 0.78020322
vt 0.20861369 0.79318249
vt 0.056829639 0.91838884
vt 0.051303875 0.91336113
vt 0.061017413 0.91824675
vt 0.071761772 0.93272543
vt 0.059909768 0.92520136
vt 0.51458025 0.90472531
vt 0.51433444 0.89573616
vt 0.51650256 0.90135092
vt 0.50870287 0.90291393
vt 0.5186764 0.89635551
vt 0.50430691 0.9151085
vt 0.51402879 0.90865147
vt 0.51070291 0.91786206
vt 0.76845086 0.78782809
vt 0.76040423 0.80838448
vt 0.7585488 0.78901178
vt 0.75356704 0.80546165
vt 0.79128224 0.91693318
vt 0.79272318 0.92231822
vt 0.78421944 0.92655724
vt 0.80610085 0.9221307
vt 0.79921311 0.9341591
vt 0.83548063 0.8715198
vt 0.83892155 0.88739628
vt 0.83157927 0.88422668
vt 0.85280901 0.884287
vt 0.24112017 0.75633895
vt 0.24999449 0.7696979
vt 0.23879175 0.77638602
vt 0.24073091 0.75780809
vt 0.25777981 0.76592946
vt 0.24081135 0.75640416
vt 0.74319547 0.91887927
vt 0.73921824 0.89949828
vt 0.74616063 0.90466905
vt 0.76008797 0.90382886
vt 0.30698732 0.99181193
vt 0.29458955 0.99513084
vt 0.28508368 0.99012423
vt 0.74681091 0.85551459
vt 0.75168473 0.84961355
vt 0.75375468 0.85963458
vt 0.75412631 0.86775988
vt 0.73839134 0.84983861
vt 0.74662429 0.87108386
vt 0.74086088 0.86686903
vt 0.754035 0.86478102
vt 0.77573574 0.85877246
vt 0.77490979 0.870368
vt 0.77317005 0.87057292
vt 0.0340611 0.9928745
vt 0.02314561 0.99692875
vt 0.01124382 0.99380106
vt 0.97294819 0.82277817
vt 0.97490221 0.82620186
vt 0.96723717 0.83893174
vt 0.95691258 0.81996065
vt 0.087497637 0.99559253
vt 0.082299046 0.99458003
vt 0.090733558 0.97706991
vt 0.32065958 0.99151099
vt 0.30599743 0.99531418
vt 0.30013448 0.98791814
vt 0.60134971 0.7785877
vt 0.58571118 0.78181589
vt 0.58372915 0.77676028
vt 0.59400815 0.78997988
vt 0.58179313 0.78179991
vt 0.58125681 0.78665054
vt 0.58123809 0.79256696
vt 0.16052078 0.77677208
vt 0.15196025 0.77467978
vt 0.1558177 0.75798929
vt 0.1444651 0.76311874
vt 0.14929949 0.75763673
vt 0.13900217 0.76105446
vt 0.13651671 0.75292999
vt 0.13981901 0.74205816
vt 0.12848873 0.75577432
vt 0.92849594 0.63570833
vt 0.94547629 0.63839871
vt 0.93046385 0.64722794
vt 0.92637986 0.64679348
vt 0.93853271 0.65286815
vt 0.94541126 0.64905268
vt 0.01397122 0.74996299
vt 0.022773303 0.7621811
vt 0.0034431822 0.75758958
vt 0.0048658215 0.74597085
vt 0.62314975 0.99562925
vt 0.62184894 0.98840058
vt 0.63973939 0.98985541
vt 0.11231307 0.74534082
vt 0.11935212 0.74643826
vt 0.11678724 0.75873041
vt 0.13142456 0.75104064
vt 0.12784985 0.76138473
vt 0.13214821 0.75344431
vt 0.13246809 0.75111747
vt 0.098943762 0.97661352
vt 0.10044625 0.9832319
vt 0.097851142 0.99562049
vt 0.10026374 0.98954153
vt 0.52758449 0.9718942
vt 0.53615004 0.96081585
vt 0.53756535 0.98130351
vt 0.17620979 0.99569333
vt 0.17631628 0.99411416
vt 0.18510468 0.97608817
vt 0.64939392 0.79286224
vt 0.64362484 0.77563238
vt 0.65876007 0.77359122
vt 0.46351442 0.94977343
vt 0.47678533 0.95937854
vt 0.46524674 0.95931816
vt 0.45723751 0.96435487
vt 0.91148126 0.90357316
vt 0.92952043 0.91372281
vt 0.90995479 0.90741199
vt 0.90939015 0.9176833
vt 0.70178038 0.99625158
vt 0.69139212 0.99503613
vt 0.71092027 0.98049033
vt 0.26006508 0.93354386
vt 0.25332326 0.92724943
vt 0.26257005 0.92267597
vt 0.2739484 0.93036479
vt 0.052312151 0.9817692
vt 0.04350267 0.98782051
vt 0.035965823 0.98026836
vt 0.19688137 0.79367375
vt 0.19210184 0.77601808
vt 0.2075423 0.77910179
vt 0.20942649 0.78898191
vt 0.13517092 0.91718554
vt 0.141036 0.91631246
vt 0.13802166 0.93422002
vt 0.12884571 0.92449665
vt 0.41256678 0.7492466
vt 0.42780942 0.75666916
vt 0.42199516 0.7624076
vt 0.41100675 0.75670743
vt 0.42441204 0.74407291
vt 0.56553364 0.90124679
vt 0.57870442 0.90138859
vt 0.56651986 0.91252548
vt 0.57384044 0.91790837
vt 0.17241371 0.76205504
vt 0.17079812 0.74845356
vt 0.17694366 0.75487322
vt 0.16023366 0.7614851
vt 0.17579453 0.74503821
vt 0.16463283 0.74954045
vt 0.58411366 0.84221399
vt 0.57738566 0.85477269
vt 0.56716967 0.83899111
vt 0.72332478 0.9963665
vt 0.71553719 0.98783982
vt 0.73312831 0.99512172
vt 0.71409553 0.99286151
vt 0.053095385 0.97298038
vt 0.042260718 0.9599424
vt 0.053141322 0.9552657
vt 0.78177547 0.92730051
vt 0.77383047 0.91739875
vt 0.77883166 0.91819656
vt 0.78331584 0.92564058
vt 0.76970637 0.92067182
vt 0.78733289 0.93288469
vt 0.77603132 0.92616415
vt 0.7705853 0.9181084
vt 0.77702999 0.92988229
vt 0.0040432443 0.80968189
vt 0.018873952 0.80646634
vt 0.013538145 0.81229323
vt 0.0042174142 0.82486552
vt 0.020402454 0.81502032
vt 0.014171167 0.82158732
vt 0.066290922 0.92323071
vt 0.074787416 0.92559594
vt 0.075023226 0.93430531
vt 0.068898953 0.9168523
vt 0.08196266 0.93160653
vt 0.076913103 0.92402232
vt 0.91158825 0.78302586
vt 0.91051447 0.77582955
vt 0.92071742 0.79300416
vt 0.91015017 0.78866267
vt 0.92384529 0.78053111
vt 0.75015485 0.94095075
vt 0.74375999 0.93113422
vt 0.75013167 0.94038868
vt 0.7440502 0.94944346
vt 0.75081199 0.94707096
vt 0.73862803 0.94968331
vt 0.85319006 0.96528107
vt 0.84743768 0.95485973
vt 0.86535507 0.95374227
vt 0.056463171 0.99367261
vt 0.042593203 0.99653739
vt 0.038211379 0.99545431
vt 0.050225608 0.99326491
vt 0.038539786 0.9957794
vt 0.10317749 0.98575824
vt 0.098481357 0.97184187
vt 0.10157406 0.9725101
vt 0.10089338 0.98738873
vt 0.10079844 0.97130668
vt 0.44300926 0.94991916
vt 0.43328643 0.93961734
vt 0.440106 0.93346202
vt 0.44254002 0.93227535
vt 0.95647877 0.97225255
vt 0.9608317 0.97771788
vt 0.95813221 0.98918796
vt 0.96591729 0.94994307
vt 0.96705514 0.93581438
vt 0.97215062 0.94715738
vt 0.95798802 0.94121349
vt 0.065460823 0.97873813
vt 0.058370359 0.98757988
vt 0.05070455 0.98588252
vt 0.055285763 0.98036206
vt 0.37894753 0.92111957
vt 0.38895693 0.92106134
vt 0.3828806 0.93306047
vt 0.37843281 0.9179396
vt 0.39398441 0.92438221
vt 0.38733652 0.93053073
vt 0.15923283 0.98579556
vt 0.17262928 0.97960538
vt 0.17617327 0.98896986
vt 0.3554363 0.97782302
vt 0.34822747 0.98840934
vt 0.33988523 0.98353827
vt 0.33678219 0.91888905
vt 0.34495878 0.92240715
vt 0.33128354 0.92758727
vt 0.33364001 0.93393159
vt 0.67581862 0.98036122
vt 0.66583514 0.98833734
vt 0.65995622 0.97984809
vt 0.01024456 0.96505821
vt 0.01459642 0.97106326
vt 0.0044888556 0.97659445
vt 0.0042486498 0.98066598
vt 0.0039556641 0.77882272
vt 0.018800925 0.77903008
vt 0.01692147 0.7849462
vt 0.0047521307 0.79290539
vt 0.35921085 0.91808885
vt 0.34780145 0.91754818
vt 0.35716134 0.90411502
vt 0.35529944 0.90478468
vt 0.32921177 0.90521616
vt 0.33094651 0.91665548
vt 0.32412037 0.91885996
vt 0.32308936 0.91479015
vt 0.32109809 0.91110849
vt 0.31697619 0.90708512
vt 0.67819577 0.95806342
vt 0.6859628 0.96501487
vt 0.67508858 0.97337437
vt 0.074294835 0.97336751
vt 0.076297365 0.96261728
vt 0.088532828 0.97244453
vt 0.15649676 0.98806822
vt 0.1530648 0.97736371
vt 0.15989894 0.9753294
vt 0.49154568 0.99571532
vt 0.48806614 0.98152202
vt 0.5013833 0.9930557
vt 0.53777725 0.90336239
vt 0.54530722 0.91717231
vt 0.53479367 0.9118855
vt 0.54921466 0.91427678
vt 0.71303463 0.98313498
vt 0.71208781 0.99536049
vt 0.70783412 0.99298555
vt 0.70643765 0.99165779
vt 0.70657265 0.98659438
vt 0.83259016 0.97704971
vt 0.82347304 0.98109645
vt 0.82869643 0.96685266
vt 0.4429802 0.99087083
vt 0.43393728 0.99692959
vt 0.44293573 0.98327035
vt 0.37827438 0.89172226
vt 0.39144063 0.88826936
vt 0.38943428 0.90038741
vt 0.38681081 0.90303224
vt 0.37455627 0.99131858
vt 0.37290189 0.99657166
vt 0.36280122 0.99506253
vt 0.5821473 0.99579883
vt 0.58149838 0.98346615
vt 0.59457195 0.99281549
vt 0.37927246 0.94587541
vt 0.38543889 0.93671608
vt 0.38666889 0.94804943
vt 0.39105847 0.94402719
vt 0.39105815 0.93895841
vt 0.39105999 0.94964945
vt 0.67601889 0.98536462
vt 0.68823069 0.98292148
vt 0.68357784 0.98782676
vt 0.67620003 0.98575407
vt 0.67552948 0.98372066
vt 0.67604721 0.97941107
vt 0.402329 0.98551965
vt 0.40765065 0.98442173
vt 0.40869844 0.99635881
vt 0.011034447 0.97772443
vt 0.022459991 0.9834615
vt 0.019207241 0.98760968
vt 0.083642997 0.9907856
vt 0.081135519 0.99557191
vt 0.074566245 0.99477977
vt 0.54348201 0.97807664
vt 0.54761463 0.9782691
vt 0.55200094 0.98635179
vt 0.54356116 0.9880501
vt 0.12920135 0.98706383
vt 0.13335511 0.98576146
vt 0.12875184 0.99538302
vt 0.90921563 0.99472421
vt 0.91331607 0.99196821
vt 0.91223335 0.9965328
vt 0.90927666 0.98750091
vt 0.91161221 0.98629355
vt 0.43693805 0.98871326
vt 0.43639377 0.98968303
vt 0.4343369 0.98828107
vt 0.43326315 0.99672651
vt 0.005427442 0.98984128
vt 0.0043149516 0.98963875
vt 0.0049102455 0.98919898
vt 0.0092590917 0.99604535
vt 0.31546953 0.99677551
vt 0.32154498 0.99178302
vt 0.32389688 0.99659938
vt 0.0102049 0.99320447
vt 0.0080191996 0.99663562
vt 0.0102044 0.99025518
vt 0.0041965991 0.99287254
vt 0.0047637797 0.99278539
vt 0.0039646528 0.99606788
vt 0.004556857 0.99293125
vt 0.076346777 0.99182367
vt 0.07787852 0.99664843
vt 0.073452525 0.99294388
vt 0.073637187 0.99644941
vt 0.0059226169 0.99625015
vt 0.0041479622 0.99509668
vt 0.005973394 0.99591231
vt 0.0046629943 0.99327332
vt 0.0048863115 0.99615467
vt 0.0041748895 0.99598467
vt 0.0037674892 0.99565965
vt 0.0047387863 0.99565923
vt 0.004408536 0.99565947
usemtl Tile_+033_+029_L18_00000_0
f 1281/3613 1282/3614 1283/3615
f 1257/1154 1269/1155 885/1156
f 1729/1772 1571/1773 1570/1774
f 1780/729 1781/730 1789/731
f 1047/3429 1753/3430 1766/3431
f 1820/1776 1728/1779 1821/1782
f 1784/1206 1772/1207 1819/1208
f 1349/2263 1350/2264 1757/2265
f 1066/2107 1065/2108 1763/2109
f 1076/2202 1065/2203 1069/2204
f 1350/3400 1750/3401 1767/3402
f 890/607 1246/608 1078/609
f 1818/1217 1819/1208 1352/1213
f 1743/2215 1770/2210 1744/2216
f 1753/3430 1754/3437 1756/3434
f 1759/2005 1070/2006 1737/2007
f 1768/2008 1737/2007 1778/2011
f 1350/3400 1385/3404 1750/3401
f 1311/1225 1312/1227 1326/1212
f 2189/3478 1758/3479 2190/3480
f 1756/3434 1766/3431 1753/3430
f 2191/2214 1761/2208 2192/2219
f 1761/2208 1774/2209 1775/2206
f 1065/3992 1076/3993 1776/3994
f 1813/758 1054/755 1805/749
f 1347/2322 1318/2323 1362/2324
f 1054/2280 720/2281 1803/2282
f 1329/1180 1328/1181 1332/1182
f 1274/2646 1266/2647 1795/2648
f 1780/729 2001/736 1807/734
f 1805/749 1798/739 1806/753
f 1054/755 1999/750 1804/744
f 1056/1237 1055/1231 1061/1215
f 1346/2330 1347/2322 1988/2332
f 1329/1339 1332/1340 1330/1341
f 1275/1965 1037/1966 1278/1967
f 1796/1978 1797/1980 1794/1973
f 1992/1749 1810/1750 1990/1751
f 1322/1216 1321/1224 1320/1219
f 1359/2333 1360/2326 1346/2330
f 1362/2324 1318/2323 982/2327
f 1770/2210 1769/2207 1777/2213
f 1770/2210 1777/2213 1744/2216
f 1077/2205 1769/2207 1770/2210
f 1739/2211 1077/2205 1742/2212
f 1759/2005 1765/2012 1065/2015
f 1750/3435 1381/3432 1766/3431
f 1757/2265 1570/2266 1349/2263
f 1737/2007 1768/2008 1759/2005
f 1747/4084 1727/4085 1751/4086
f 1737/2007 1734/2014 1778/2011
f 1750/3435 1756/3434 1767/3438
f 1570/4072 1757/4073 1755/4074
f 1767/4076 1755/4074 1757/4073
f 1767/3402 1757/3403 1350/3400
f 1766/3431 1756/3434 1750/3435
f 1727/4085 1052/4088 1751/4086
f 1046/2117 1760/2110 1762/2112
f 1760/2110 1740/2113 1066/2107
f 1077/2205 1770/2210 1742/2212
f 1770/2210 1743/2215 1742/2212
f 1768/2225 1744/2216 1765/2221
f 1768/2225 1778/2227 1744/2216
f 1772/4129 1323/4130 1773/4131
f 1077/2205 1069/2204 1769/2207
f 1744/2216 1777/2213 1765/2221
f 1767/4076 1756/4077 1755/4074
f 1765/2012 1759/2005 1768/2008
f 1777/2213 1769/2207 1068/2217
f 1065/2015 1765/2012 1068/2018
f 1076/2202 1775/2206 1774/2209
f 1739/2211 1761/2208 1077/2205
f 1761/2208 1775/2206 1077/2205
f 1762/2112 1764/2116 1749/2122
f 1760/2110 1066/2107 1763/2109
f 1762/2112 1760/2110 1763/2109
f 1752/2123 1046/2117 1762/2112
f 1065/2015 1066/2013 1759/2005
f 2195/4103 1739/4104 2196/4105
f 1570/1774 1754/1778 1753/1775
f 1749/3481 1747/3483 1752/3486
f 1570/4072 1755/4074 1754/4075
f 1729/1772 1570/1774 1753/1775
f 1051/3487 1747/3483 2198/3485
f 1570/2266 1571/2268 1349/2263
f 1747/3483 1749/3481 2189/3478
f 1351/2267 1349/2263 1571/2268
f 1378/1784 1044/1781 1052/1780
f 1729/1772 1751/1777 1052/1780
f 1751/4086 1752/4087 1747/4084
f 1752/3436 1751/3433 1047/3429
f 1052/3802 1051/3803 1748/3804
f 1047/2128 1381/2129 1046/2117
f 1046/2117 1740/2113 1760/2110
f 1739/2211 1742/2212 1048/2218
f 1048/2218 1742/2212 1067/2220
f 2203/1363 1050/1364 2204/1365
f 1744/2216 1730/2229 1741/2228
f 1745/2016 1384/2022 1746/2024
f 1744/2216 1778/2227 1730/2229
f 1743/2215 1732/2223 1426/2224
f 1386/2226 1732/2223 1744/2216
f 1741/2228 1386/2226 1744/2216
f 453/1379 1426/1376 1386/1381
f 1734/2014 1737/2007 1725/2010
f 1426/2224 1067/2220 1743/2215
f 1725/2010 1737/2007 1070/2006
f 1730/2564 1427/2565 1741/2566
f 1070/2006 1759/2005 1740/2009
f 1820/2270 1385/2269 1351/2267
f 1067/2220 1742/2212 1743/2215
f 1734/2014 1738/2021 1730/2017
f 1386/2226 1426/2224 1732/2223
f 1051/3487 1727/3489 1747/3483
f 1326/1212 1352/1213 1735/1210
f 1772/1207 1784/1206 1323/1209
f 1052/1780 1748/1796 2202/1793
f 1378/1784 1052/1780 2205/1788
f 1814/2121 1758/2127 1764/2116
f 1817/2120 1776/2115 2207/2126
f 1765/2221 1777/2213 1068/2217
f 1816/2111 1065/2108 1776/2115
f 2207/3996 1774/3995 2209/3997
f 1817/2120 1816/2111 1776/2115
f 1814/2121 1764/2116 1763/2109
f 2211/2119 1763/2109 2213/2114
f 1758/2127 1814/2121 2185/2133
f 1816/2111 1817/2120 2212/2125
f 1764/2116 1762/2112 1763/2109
f 1764/2116 1758/2127 1749/2122
f 2213/2114 1816/2111 2215/2118
f 1763/2109 1065/2108 1816/2111
f 1344/737 1345/735 1815/738
f 1801/743 1997/748 1798/739
f 1991/1753 1809/1758 1810/1750
f 1371/3392 1791/3393 1355/3394
f 1790/3970 1989/3971 1986/3972
f 1785/1763 2000/1767 1789/1757
f 1784/1206 1079/1211 1323/1209
f 1992/1749 1786/1761 1789/1757
f 1786/1761 1993/1760 1843/1764
f 1985/1244 1989/1245 1783/1236
f 1786/1761 1785/1763 1789/1757
f 1809/1758 1788/1759 1810/1750
f 1788/3506 1809/3507 1811/3508
f 1357/2370 1374/2371 1003/2372
f 1993/1760 1786/1761 1992/1749
f 1790/733 1789/731 1781/730
f 1790/1246 1781/1242 1989/1245
f 2000/1767 1785/1763 1801/1769
f 1989/1245 1781/1242 1783/1236
f 1808/740 1807/734 2001/736
f 1807/734 1799/732 1780/729
f 1780/729 1801/743 1798/739
f 1806/1770 1843/1764 1797/1766
f 1781/730 1780/729 1799/732
f 1783/1236 1781/1242 1799/1223
f 1798/739 1808/740 2001/736
f 1807/734 1808/740 1804/744
f 1804/744 1805/749 1054/755
f 1807/734 1804/744 1999/750
f 1779/759 1056/754 1999/750
f 1999/750 1803/760 1779/759
f 720/2281 1995/2284 1803/2282
f 1056/754 1807/734 1999/750
f 1061/1215 1799/1223 1807/1230
f 1056/3748 1058/3749 1057/3750
f 1057/3750 1802/3753 1055/3751
f 1807/1230 1056/1237 1061/1215
f 1779/2295 1803/2282 1058/2291
f 1056/3748 1779/3752 1058/3749
f 1783/1236 1799/1223 1800/1229
f 1060/1214 1079/1211 1784/1206
f 1799/1223 1060/1214 1800/1229
f 1079/1211 1061/1215 1323/1209
f 1061/1215 1055/1231 1771/1220
f 1801/1769 1780/1771 2000/1767
f 1060/2337 1784/2338 1988/2332
f 1789/3589 2000/3590 1780/3591
f 1801/1769 1785/1763 1997/1768
f 1785/1763 1843/1764 1997/1768
f 1813/1982 1806/1984 1796/1978
f 1327/2630 1802/2631 622/2632
f 1796/1978 1994/1976 1813/1982
f 1794/1973 1333/1969 1796/1978
f 1987/3798 1266/3799 1996/3800
f 1348/1762 1797/1766 1993/1760
f 1805/749 1806/753 1813/758
f 1058/2291 1803/2282 621/2287
f 1843/1764 1806/1770 1997/1768
f 1798/739 1997/748 1806/753
f 1998/3801 1996/3800 1266/3799
f 1843/1764 1785/1763 1786/1761
f 1380/1882 1841/1883 1998/1884
f 1998/1884 1266/1885 1380/1882
f 1802/2631 1057/2634 622/2632
f 1803/2282 1995/2284 621/2287
f 1840/2656 1254/2661 1255/2659
f 1838/2660 1254/2661 1840/2656
f 1257/1154 1255/1166 1254/1161
f 1054/2280 1053/2286 418/2283
f 1325/1226 1322/1216 1771/1220
f 720/2281 1054/2280 418/2283
f 417/2290 418/2283 1053/2286
f 1813/1185 1994/1183 1329/1180
f 1322/1216 1772/1207 1771/1220
f 1326/1212 1772/1207 1322/1216
f 1060/2337 1988/2332 1800/2334
f 1802/4163 1327/4164 1055/4165
f 1773/1218 1771/1220 1772/1207
f 719/2633 1327/2630 622/2632
f 1771/1220 1773/1218 1061/1215
f 1061/1215 1773/1218 1323/1209
f 1328/1972 1994/1976 1333/1969
f 1054/1187 1813/1185 1329/1180
f 1994/1183 1328/1181 1329/1180
f 1256/2652 1258/2657 1270/2649
f 1358/3396 1791/3393 1337/3395
f 1355/1756 1992/1749 1792/1752
f 1356/2397 1354/2398 1792/2399
f 968/3676 1113/3677 1379/3678
f 1787/2403 1374/2405 1357/2400
f 1788/1759 1787/1754 1810/1750
f 1990/1751 1792/1752 1992/1749
f 1992/1749 1991/1753 1810/1750
f 1003/2372 1374/2371 1787/2374
f 1348/1977 1037/1966 1794/1973
f 1355/1756 1348/1762 1993/1760
f 1037/1966 1333/1969 1794/1973
f 1371/3392 1337/3395 1791/3393
f 1355/1756 1358/1765 1348/1762
f 1795/2648 1840/2656 1256/2652
f 1340/2401 1371/2404 1792/2399
f 1340/2401 1792/2399 1354/2398
f 1787/1754 1990/1751 1810/1750
f 1992/1749 1355/1756 1993/1760
f 1355/2408 1792/2399 1371/2404
f 1256/2652 1270/2649 1795/2648
f 1990/1751 1356/1755 1792/1752
f 1356/1755 1990/1751 1787/1754
f 1789/1757 1991/1753 1992/1749
f 1788/2377 1370/2382 1003/2372
f 1003/2372 1787/2374 1788/2377
f 1797/1980 1348/1977 1794/1973
f 1811/3508 1809/3507 1793/3510
f 1370/3509 1788/3506 1811/3508
f 1793/741 1991/746 1789/731
f 1789/731 1790/733 1345/735
f 1783/1236 1782/1241 1985/1244
f 1986/742 1815/738 1790/733
f 1344/737 1343/751 1367/745
f 1343/1869 1984/1870 982/1871
f 1347/2322 1985/2325 1782/2329
f 1782/2329 1800/2334 1988/2332
f 1735/1210 1819/1208 1772/1207
f 1988/2332 1784/2338 1819/2335
f 1359/1222 1818/1217 1352/1213
f 1988/2332 1819/2335 1346/2330
f 1819/1208 1735/1210 1352/1213
f 1985/2325 1347/2322 1362/2324
f 1988/2332 1347/2322 1782/2329
f 1811/3508 1793/3510 1370/3509
f 1793/741 1368/752 1370/757
f 1344/737 1367/745 1793/741
f 1984/747 1343/751 1344/737
f 1815/738 1986/742 1984/747
f 1984/2331 1986/2328 1362/2324
f 1815/738 1984/747 1344/737
f 1362/2324 1986/2328 1985/2325
f 1063/2890 1259/2891 1812/2892
f 1795/2648 1839/2655 1840/2656
f 1839/2655 1795/2648 1987/2651
f 1795/2648 1266/2647 1987/2651
f 1353/1221 1308/1228 1352/1213
f 1309/2678 1263/2679 1315/2680
f 1267/1158 885/1156 1269/1155
f 1776/3994 1076/3993 1774/3995
f 1284/1974 1277/1970 1037/1966
f 820/3624 824/3625 1435/3626
f 1429/422 852/423 857/424
f 1437/452 853/453 1441/438
f 1024/529 862/530 888/531
f 1186/1908 1214/1909 1220/1910
f 1224/643 1227/644 1190/645
f 1280/3112 1287/3113 1296/3114
f 1302/3791 1104/3792 1376/3793
f 1357/2400 999/2402 1354/2398
f 1185/1916 1184/1914 1220/1910
f 1040/2778 978/2779 979/2780
f 1366/3795 1104/3792 1363/3794
f 1730/2017 1778/2011 1734/2014
f 1355/3394 1791/3393 1358/3396
f 1798/739 2001/736 1780/729
f 1322/1216 1324/1232 1321/1224
f 621/2287 622/2299 1057/2294
f 1744/2216 1732/2223 1743/2215
f 1317/783 1316/784 1023/785
f 1325/3497 719/3498 426/3499
f 1135/1071 1278/1072 1156/1073
f 1026/1879 989/1874 866/1880
f 1029/2609 1305/2610 964/2611
f 1154/1497 1137/1498 1188/1499
f 1136/3091 1149/3092 1146/3093
f 1286/3119 1285/3115 1149/3118
f 1305/2610 1291/2612 1342/2614
f 1036/1979 1284/1974 1037/1966
f 1336/3280 1290/3281 1288/3282
f 1276/1075 1278/1072 1135/1071
f 1149/3118 980/3121 1286/3119
f 1285/3115 1172/3116 1149/3118
f 966/1894 1064/1893 945/1890
f 1176/1911 1166/1917 1175/1913
f 1310/2683 1313/2689 1311/2687
f 1186/2943 1168/2944 933/2945
f 936/1652 1451/1653 1251/1654
f 1268/1165 1257/1154 946/1160
f 1160/1931 1163/1925 1157/1929
f 1186/2943 933/2945 1213/2946
f 1231/3784 961/3785 1230/3786
f 1221/1921 1186/1908 1240/1918
f 1249/1661 1242/1658 1210/1664
f 1212/1625 1454/1626 900/1627
f 1214/1909 1216/1912 1220/1910
f 922/2137 927/2138 1012/2139
f 1380/1882 1266/1885 1262/1887
f 1284/1974 1036/1979 1062/1981
f 1452/1660 1248/1663 1217/1666
f 1217/1666 1229/1668 1452/1660
f 1148/3104 1136/3091 1151/3100
f 1177/3185 1178/3186 1181/3187
f 1152/3097 1153/3094 1147/3096
f 1303/1076 1156/1073 1278/1072
f 1178/3186 875/3188 1180/3190
f 1029/1133 868/1134 1155/1135
f 871/3103 1151/3100 1152/3097
f 1229/3256 1217/3257 1213/3258
f 1144/1650 1143/1647 872/1638
f 988/4053 1449/4054 866/4055
f 897/611 850/614 849/618
f 1108/541 847/537 1439/545
f 1441/438 853/453 1440/445
f 1011/447 1441/438 1131/442
f 1011/3963 1010/3964 2218/3965
f 803/1566 812/1567 1393/1568
f 1436/1019 815/1020 1009/1021
f 827/1400 828/1402 809/1398
f 1431/441 696/440 1430/432
f 1441/438 1011/447 1437/452
f 826/1298 1006/1299 2220/1300
f 447/3839 1394/3840 977/3841
f 1004/2168 811/2169 1005/2170
f 1391/2181 1314/2180 972/2174
f 1388/2272 795/2275 1392/2273
f 972/2174 973/2178 1391/2181
f 1386/2568 1427/2565 1387/2571
f 1273/1889 1262/1887 1266/1885
f 969/3679 968/3676 1379/3678
f 1063/1888 1380/1882 1262/1887
f 1339/2784 1341/2786 1041/2781
f 1305/2610 1341/2613 964/2611
f 965/1142 1112/1140 964/1136
f 1363/3794 1104/3792 1302/3791
f 963/2621 1375/2619 1339/2615
f 963/1095 1376/1096 1107/1097
f 1302/1092 1376/1096 963/1095
f 1341/2613 1305/2610 1342/2614
f 1339/2615 964/2611 1341/2613
f 1375/2619 965/2617 1339/2615
f 1339/2615 1040/2622 963/2621
f 963/1095 962/1089 1302/1092
f 1106/2623 1375/2619 963/2621
f 945/1319 1271/1320 942/1321
f 1104/3792 1366/3795 1365/3796
f 1343/1869 1059/1872 1367/1873
f 1302/2412 1039/2406 1363/2409
f 1364/2373 1116/2379 1365/2381
f 1366/2385 1000/2376 1365/2381
f 1000/2376 1364/2373 1365/2381
f 1001/2375 1364/2373 1003/2372
f 1000/2376 999/2380 1357/2370
f 1000/2376 1366/2385 1363/2384
f 1357/2370 1364/2373 1000/2376
f 1039/2406 999/2402 1363/2409
f 999/2402 1039/2406 1340/2401
f 1370/2382 1102/2383 1003/2372
f 1102/2383 1370/2382 1369/2386
f 1368/752 1367/745 1361/756
f 1025/1875 1367/1873 1059/1872
f 1003/2372 1364/2373 1357/2370
f 1318/2903 1360/2904 1317/2905
f 1316/784 1359/790 1308/788
f 1819/2335 1818/2336 1346/2330
f 1308/788 1023/785 1316/784
f 1352/1213 1308/1228 1359/1222
f 1346/2330 1818/2336 1359/2333
f 1783/1236 1800/1229 1782/1241
f 1360/2326 1318/2323 1347/2322
f 1359/790 1316/784 1360/787
f 1772/1207 1326/1212 1735/1210
f 1353/1221 1352/1213 1326/1212
f 848/1235 1353/1221 1312/1227
f 1353/1221 1326/1212 1312/1227
f 1385/2269 1350/2264 1351/2267
f 1349/2263 1351/2267 1350/2264
f 1385/2269 1820/2270 1390/2271
f 1347/2322 1346/2330 1360/2326
f 1036/1979 1037/1966 1348/1977
f 1036/1979 1348/1977 1358/1983
f 1354/2398 999/2402 1340/2401
f 1281/3613 1062/3617 1358/3618
f 1300/3398 1281/3397 1337/3395
f 1281/3397 1358/3396 1337/3395
f 1356/2397 1787/2403 1357/2400
f 1354/2398 1356/2397 1357/2400
f 1297/2793 995/2791 994/2790
f 1290/3281 1336/3280 1294/3284
f 997/2410 1034/2411 1340/2401
f 1299/1520 1338/1523 1298/1518
f 1342/2789 994/2790 1304/2787
f 1341/2786 1342/2789 1304/2787
f 1339/2784 1041/2781 1040/2778
f 1296/2788 1028/2782 1293/2785
f 1342/2614 1291/2612 994/2616
f 1291/2612 1292/2618 994/2616
f 949/1514 948/1508 1298/1518
f 1334/3160 1335/3161 1297/3162
f 1039/2406 1302/2412 996/2413
f 996/1090 962/1089 997/1088
f 1296/2788 1293/2785 1304/2787
f 1304/2787 994/2790 1296/2788
f 1340/2401 1039/2406 997/2410
f 1340/2401 1034/2411 1337/2407
f 1300/2414 1337/2407 1034/2411
f 1280/3164 1335/3161 1336/3166
f 1281/3613 1284/3616 1062/3617
f 1297/3162 1335/3161 1280/3164
f 1299/3291 1335/3288 1334/3293
f 1282/3399 1281/3397 1300/3398
f 1279/3167 1280/3164 1336/3166
f 1297/3162 1298/3163 1334/3160
f 1298/1518 950/1513 1299/1520
f 1336/3280 1335/3288 1294/3284
f 1335/3288 1299/3291 1294/3284
f 1298/3163 1338/3165 1334/3160
f 1299/1520 1334/1526 1338/1523
f 1280/2792 995/2791 1297/2793
f 991/1975 1275/1965 1134/1971
f 993/3738 386/3739 1331/3740
f 1330/1341 1331/1343 417/1342
f 417/1342 1331/1343 386/1346
f 1332/1340 1331/1343 1330/1341
f 1275/1965 991/1975 1328/1972
f 1275/1965 1333/1969 1037/1966
f 1333/1969 1275/1965 1328/1972
f 1288/3282 1295/3285 1150/3290
f 1771/1220 1327/1234 1325/1226
f 1321/1224 1324/1232 407/1238
f 426/3499 427/3500 1325/3497
f 1332/1182 1328/1181 993/1184
f 1329/1339 1330/1341 417/1342
f 1994/1976 1796/1978 1333/1969
f 1324/1232 1325/1226 427/1240
f 1771/1220 1055/1231 1327/1234
f 1322/1216 1325/1226 1324/1232
f 1320/1219 1326/1212 1322/1216
f 381/1243 1324/1232 427/1240
f 381/1243 407/1238 1324/1232
f 1321/1224 407/1238 1319/1233
f 1326/1212 1320/1219 1311/1225
f 1311/1225 1320/1219 1319/1233
f 1321/1224 1319/1233 1320/1219
f 1313/1239 848/1235 1312/1227
f 1311/2687 1315/2680 1310/2683
f 1332/3741 993/3738 1331/3740
f 1311/2687 1319/2684 1315/2680
f 1315/2680 407/2681 1309/2678
f 391/2685 1309/2678 407/2681
f 848/1235 1308/1228 1353/1221
f 1328/1181 991/1186 993/1184
f 1059/1872 989/1874 1025/1875
f 986/2690 1313/2689 1310/2683
f 1313/1239 1312/1227 1311/1225
f 1315/2680 1263/2679 1310/2683
f 1310/2683 1263/2679 1264/2688
f 399/2682 1309/2678 391/2685
f 1263/2679 1309/2678 399/2682
f 805/2176 1008/2172 1314/2180
f 1392/2273 805/2277 1314/2274
f 388/1349 386/1346 1038/1350
f 1264/2688 986/2690 1310/2683
f 1278/1072 1277/1080 1303/1076
f 1143/3917 1306/3918 1276/3919
f 1156/1073 1136/1074 1135/1071
f 1135/1071 1143/1079 1276/1075
f 1276/3919 1306/3918 1134/3921
f 1135/1071 1148/1078 1143/1079
f 1289/2966 869/2967 1043/2968
f 1285/3115 1286/3119 1028/3117
f 1270/1323 1258/1330 1268/1326
f 1172/3286 1288/3282 1150/3290
f 1043/3289 1145/3292 1295/3285
f 870/2970 1043/2968 869/2967
f 1174/3102 1152/3097 1147/3096
f 1149/3092 1172/3095 1146/3093
f 980/1081 1303/1076 1283/1083
f 981/1084 980/1081 1283/1083
f 1303/1076 1284/1082 1283/1083
f 962/1089 979/1091 1027/1086
f 997/1088 962/1089 1027/1086
f 1028/1094 1027/1086 979/1091
f 1298/1518 948/1508 950/1513
f 1029/3575 1155/3576 984/3577
f 1291/3578 1029/3575 984/3577
f 979/2780 978/2779 1028/2782
f 1291/2612 1305/2610 1029/2609
f 979/1091 962/1089 1040/1093
f 978/2779 1301/2783 1028/2782
f 1287/3168 1279/3167 1172/3169
f 1027/3120 1286/3119 980/3121
f 1299/3291 1289/3287 1294/3284
f 1028/3117 1296/3114 1285/3115
f 950/2971 876/2972 869/2967
f 1298/1518 1297/1521 949/1514
f 1285/3115 1287/3113 1172/3116
f 1027/1086 1282/1085 1034/1087
f 980/1081 981/1084 1027/1086
f 962/1089 996/1090 1302/1092
f 978/2779 1040/2778 1041/2781
f 949/3580 1291/3578 984/3577
f 994/1524 949/1514 1297/1521
f 997/2410 1039/2406 996/2413
f 1041/2781 1301/2783 978/2779
f 1041/2781 1304/2787 1293/2785
f 1300/4095 1034/4096 1282/4097
f 1301/2783 1041/2781 1293/2785
f 1028/2782 1301/2783 1293/2785
f 1289/2966 1299/2969 869/2967
f 1288/3282 1172/3286 1279/3283
f 1295/3285 1288/3282 1290/3281
f 1282/1085 1027/1086 981/1084
f 1284/3616 1281/3613 1283/3615
f 1279/3167 1287/3168 1280/3164
f 1279/3283 1336/3280 1288/3282
f 1278/1967 1037/1966 1277/1970
f 1276/1968 1275/1965 1278/1967
f 1134/1971 1275/1965 1276/1968
f 1306/3918 1144/3920 1134/3921
f 1043/3289 1295/3285 1290/3281
f 1294/3284 1289/3287 1290/3281
f 1043/3289 1290/3281 1289/3287
f 885/1156 1195/1157 1257/1154
f 942/1321 1271/1320 1270/1323
f 885/1156 1267/1158 886/1162
f 1013/1510 931/1515 918/1503
f 1192/2303 1194/2304 1196/2305
f 1043/2968 870/2970 1145/2973
f 1094/2711 1233/2712 912/2713
f 1255/2659 1258/2657 1256/2652
f 1267/1158 1269/1155 1257/1154
f 1270/1323 1268/1326 942/1321
f 1265/2650 1273/2654 1266/2647
f 1270/2649 1274/2646 1795/2648
f 1271/1892 945/1890 1262/1887
f 1271/2653 1265/2650 1274/2646
f 945/1890 970/1895 966/1894
f 1260/2894 1064/2893 969/2895
f 966/1894 969/1896 1064/1893
f 1262/3877 1261/3878 1265/3879
f 1266/2647 1274/2646 1265/2650
f 1271/2653 1274/2646 1270/2649
f 945/1890 1064/1893 1063/1888
f 1064/2893 1260/2894 1259/2891
f 1268/1165 1258/1169 1257/1154
f 1255/1166 1257/1154 1258/1169
f 1840/2656 1255/2659 1256/2652
f 1252/1167 1254/1161 1253/1170
f 1254/1161 1267/1158 1257/1154
f 953/2307 1194/2304 1192/2303
f 1160/3141 1193/3142 1162/3143
f 940/1190 863/1192 1138/1194
f 935/1196 1139/1201 864/1197
f 558/3960 556/3961 684/3962
f 558/2686 684/2691 1264/2688
f 399/3727 398/3728 558/3729
f 1245/612 1078/609 1246/608
f 558/2182 551/2183 556/2184
f 1245/612 1246/608 684/615
f 684/615 555/621 1245/612
f 1138/1194 864/1197 1244/1199
f 1139/1201 1250/1205 1243/1203
f 864/1197 1139/1201 1244/1199
f 1251/1204 1250/1205 1139/1201
f 1241/1656 1251/1654 1451/1653
f 1171/2954 1230/2953 1168/2944
f 1210/1 527/2 1249/3
f 527/2 1017/4 932/6
f 1168/2944 1230/2953 961/2952
f 1238/3150 1231/3147 1239/3149
f 1231/24 688/13 961/19
f 1242/1658 1241/1656 1451/1653
f 1240/2957 1169/2955 1221/2956
f 1168/2944 1169/2955 1171/2954
f 1224/643 1167/649 1223/651
f 1236/2311 509/2317 1225/2314
f 1231/3147 1225/3145 1239/3149
f 1230/3786 1170/3788 1183/3787
f 1235/91 960/99 1234/110
f 1457/2309 1236/2311 1193/2306
f 1193/2306 1236/2311 1225/2314
f 692/69 487/55 1021/81
f 1196/2305 883/2308 1457/2309
f 1234/110 1237/100 1235/91
f 882/92 1021/81 487/55
f 1204/2716 1202/2718 1203/2720
f 1223/1525 1189/1517 1228/1522
f 1208/680 909/662 1022/678
f 912/2150 1233/2148 1019/2146
f 1132/665 954/674 1094/676
f 903/1507 908/1516 1189/1517
f 1198/3632 1202/3633 1200/3634
f 1032/660 1129/654 1132/665
f 1130/652 1226/647 908/657
f 913/3723 1090/3724 1094/3725
f 947/4150 878/4151 879/4152
f 1231/3784 1230/3786 1183/3787
f 956/1176 1080/1179 1032/1178
f 911/1168 957/1171 916/1174
f 941/1322 877/1331 1042/1333
f 956/1176 957/1171 960/1177
f 960/99 1232/117 1234/110
f 1164/661 1191/655 1197/658
f 1224/643 1226/647 1227/644
f 1190/645 1227/644 907/648
f 1129/654 909/662 1132/665
f 1020/2717 1233/2712 1205/2715
f 1129/654 1130/652 909/662
f 1129/654 1032/660 907/648
f 1032/660 906/666 907/648
f 1080/671 906/666 1032/660
f 1185/1916 1219/1924 1167/1927
f 1226/647 1224/643 1223/651
f 1158/646 1167/649 1224/643
f 1179/3707 1180/3708 1189/3709
f 1222/3712 1181/3710 1189/3709
f 1223/1928 1167/1927 1219/1924
f 1225/3145 1231/3147 1183/3146
f 1171/3789 1170/3788 1230/3786
f 1229/3256 1017/3259 1210/3261
f 1186/4027 1221/4028 1168/4029
f 1186/1908 1220/1910 1176/1911
f 1185/1916 1220/1910 1216/1912
f 1219/3714 1181/3710 1222/3712
f 1216/1912 874/1923 1181/1919
f 1181/1919 1185/1916 1216/1912
f 1219/1924 1185/1916 1181/1919
f 1206/1632 901/1628 1215/1637
f 1035/3900 1206/3901 1215/3902
f 1211/4146 1215/4147 901/4148
f 1214/4149 1211/4146 901/4148
f 1168/2944 687/2950 932/2947
f 1212/1667 1248/1663 1218/1657
f 1218/1629 1454/1626 1212/1625
f 1207/3263 1211/3260 1212/3262
f 1206/3264 1207/3263 1212/3262
f 1210/1664 1452/1660 1229/1668
f 1248/1663 1212/1667 1217/1666
f 1207/4172 1216/4173 1215/4174
f 1215/3902 1214/3903 1035/3900
f 901/3904 1035/3900 1214/3903
f 1217/3257 1211/3260 1213/3258
f 1229/3256 1213/3258 1017/3259
f 930/673 1088/668 931/679
f 1213/2946 933/2945 1017/2949
f 1214/2948 1186/2943 1213/2946
f 1223/651 1228/656 1226/647
f 874/4175 1216/4173 1207/4172
f 930/673 1022/678 909/662
f 1020/2145 1203/2143 1012/2139
f 930/673 928/684 1200/683
f 1207/1649 1206/1632 874/1636
f 931/1515 1088/1511 918/1503
f 1013/1510 1033/1519 931/1515
f 929/689 1099/690 1200/683
f 954/2714 1202/2718 1204/2716
f 1022/678 1202/687 1208/680
f 954/2714 1208/2719 1202/2718
f 1203/3636 1198/3632 920/3637
f 923/3638 1203/3636 920/3637
f 926/2144 927/2138 1096/2141
f 1096/2141 927/2138 922/2137
f 1181/1641 874/1636 873/1631
f 920/3865 921/3866 1199/3867
f 1199/3867 1200/3868 1201/3869
f 1199/3867 921/3866 1200/3868
f 1033/1145 904/1141 1072/1144
f 904/1509 1013/1510 1187/1502
f 1012/2139 955/2142 1020/2145
f 1020/2717 1205/2715 1204/2716
f 1203/3636 1202/3633 1198/3632
f 1200/683 1202/687 1022/678
f 1022/678 930/673 1200/683
f 1200/3634 921/3635 1198/3632
f 1012/2139 927/2138 955/2142
f 955/2142 958/2149 1019/2146
f 878/1159 947/1164 1195/1157
f 878/1159 1195/1157 885/1156
f 886/1162 884/1163 885/1156
f 941/1322 942/1321 946/1324
f 919/3195 902/3193 1182/3191
f 1164/661 953/669 1192/672
f 953/669 1164/661 1197/658
f 1161/667 1164/661 1192/672
f 1196/2305 1193/2306 1192/2303
f 879/653 881/663 1197/658
f 1197/658 881/663 953/669
f 880/3953 881/3954 878/3955
f 883/2308 1194/2304 953/2307
f 911/1168 877/1172 878/1159
f 878/4151 881/4153 879/4152
f 1190/645 907/648 879/653
f 1159/650 1158/646 1190/645
f 879/653 1197/658 1190/645
f 877/1331 947/1327 879/1334
f 1197/658 1191/655 1190/645
f 1190/645 1191/655 1159/650
f 1159/650 1191/655 1164/661
f 902/3193 1180/3190 1182/3191
f 1182/3191 1154/3194 919/3195
f 1187/1502 918/1503 1188/1499
f 919/1500 903/1507 902/1512
f 919/1500 1154/1497 1188/1499
f 1155/4030 905/4031 1137/4032
f 1137/1498 1187/1502 1188/1499
f 918/1503 919/1500 1188/1499
f 876/1504 948/1508 951/1501
f 1187/1502 1137/1498 905/1506
f 1147/3096 1030/3101 1173/3105
f 1137/4032 952/4033 1155/4030
f 1182/3191 1180/3190 875/3188
f 875/3188 1178/3186 1177/3185
f 1189/3709 1180/3708 902/3711
f 1180/3190 1179/3189 1178/3186
f 1030/1640 1177/1645 873/1631
f 1173/3105 1174/3102 1147/3096
f 1173/1635 873/1631 900/1627
f 873/1631 1173/1635 1030/1640
f 1166/1917 1176/1911 1184/1914
f 1166/1917 1165/1920 1175/1913
f 1165/3148 1163/3144 1183/3146
f 1183/3146 1163/3144 1225/3145
f 1160/2310 1192/2303 1193/2306
f 1240/1918 1170/1922 1171/1926
f 1186/1908 1175/1913 1240/1918
f 1175/1913 1165/1920 1170/1922
f 1168/2944 1221/2956 1169/2955
f 1170/1922 1240/1918 1175/1913
f 1171/2954 1169/2955 1240/2957
f 1163/1925 1166/1917 1167/1927
f 1163/1925 1165/1920 1166/1917
f 1160/3141 1162/3143 1163/3144
f 1159/1932 1161/1933 1160/1931
f 1161/667 1159/650 1164/661
f 1159/1932 1160/1931 1157/1929
f 1167/1927 1158/1930 1157/1929
f 1159/1932 1157/1929 1158/1930
f 1174/1639 900/1627 871/1634
f 1174/1639 1173/1635 900/1627
f 1174/3102 871/3103 1152/3097
f 1161/1933 1192/1934 1160/1931
f 1147/3096 1145/3099 1030/3101
f 1182/3191 876/3192 1154/3194
f 1145/2973 870/2970 1030/2975
f 1151/3100 1136/3091 1152/3097
f 1147/3096 1153/3094 1146/3093
f 871/1634 1142/1644 1148/1648
f 1146/3093 1153/3094 1136/3091
f 1145/3099 1146/3093 1150/3098
f 1146/3093 1172/3095 1150/3098
f 1295/3285 1145/3292 1150/3290
f 951/1501 1154/1497 876/1504
f 1155/1135 868/1134 917/1137
f 1154/1497 951/1501 1137/1498
f 905/1139 1155/1135 917/1137
f 951/1501 948/1508 949/1514
f 980/1081 1149/1077 1156/1073
f 1148/1078 1135/1071 1136/1074
f 1149/1077 1136/1074 1156/1073
f 1303/1076 980/1081 1156/1073
f 395/1351 388/1349 1038/1350
f 1038/1350 940/1353 395/1351
f 1144/3920 1306/3918 1143/3917
f 1144/1650 1133/1646 1134/1651
f 1140/1643 1133/1646 872/1638
f 1148/1648 1142/1644 1143/1647
f 1141/1633 1140/1643 872/1638
f 1144/1650 872/1638 1133/1646
f 396/1352 395/1351 1138/1354
f 940/1190 992/1188 863/1192
f 1133/1191 1140/1198 935/1196
f 863/1192 992/1188 1133/1191
f 936/4043 934/4044 1141/4045
f 1148/3104 1151/3100 871/3103
f 872/1638 1142/1644 871/1634
f 1143/1647 1142/1644 872/1638
f 871/1634 900/1627 1453/1630
f 1451/1653 1218/1657 1452/1660
f 934/1200 935/1196 1140/1198
f 936/1202 1251/1204 1139/1201
f 1451/1653 1141/1655 1218/1657
f 935/1196 936/1202 1139/1201
f 1141/1633 1454/1626 1218/1629
f 1452/1660 1218/1657 1248/1663
f 1210/1664 1242/1658 1452/1660
f 1452/1660 1242/1658 1451/1653
f 1092/2415 1083/2416 1110/2417
f 1111/3936 1209/3937 1018/3938
f 1085/3222 1111/3223 1018/3224
f 893/795 892/799 896/794
f 865/798 1372/791 895/797
f 1449/2907 988/2910 983/2909
f 1372/791 896/794 895/797
f 822/1029 1435/1030 818/1022
f 893/641 1448/640 1091/628
f 1448/792 893/795 1373/789
f 1307/786 1448/792 1373/789
f 891/636 893/641 1091/628
f 1444/458 833/463 1431/441
f 938/464 937/449 887/456
f 1443/542 1439/545 847/537
f 897/611 1246/608 890/607
f 844/627 1091/628 889/619
f 1091/628 987/626 850/614
f 1264/2688 1263/2679 558/2686
f 987/626 848/631 849/618
f 983/2909 998/2906 1449/2907
f 896/794 1372/791 1373/789
f 1317/783 1372/791 1449/793
f 1372/791 865/798 866/796
f 1317/783 1373/789 1372/791
f 1082/561 898/558 840/560
f 847/537 1447/538 846/534
f 862/833 861/834 888/835
f 1446/840 1445/838 834/841
f 888/531 1446/532 1024/529
f 861/533 862/530 1024/529
f 1024/529 1446/532 846/534
f 1450/548 836/540 1081/546
f 842/550 838/554 985/556
f 1087/803 837/810 1075/808
f 842/550 1109/552 837/553
f 887/836 861/834 938/837
f 1081/546 836/540 843/543
f 836/540 835/536 1447/538
f 1444/842 834/841 833/839
f 1446/532 834/539 847/537
f 846/534 1446/532 847/537
f 887/836 833/839 1445/838
f 887/456 937/449 1431/441
f 833/463 887/456 1431/441
f 834/841 1444/842 1443/843
f 888/835 1445/838 1446/840
f 1108/541 1447/538 847/537
f 834/539 1443/542 847/537
f 1440/445 1443/457 1442/450
f 1431/441 860/435 1440/445
f 1442/450 1431/441 1440/445
f 1441/438 1440/445 860/435
f 860/435 858/434 1441/438
f 860/435 1430/432 856/427
f 818/1022 855/1026 1436/1019
f 1009/1021 818/1022 1436/1019
f 858/434 859/431 857/424
f 1441/438 858/434 857/424
f 852/423 1429/422 2223/426
f 1006/1299 1086/1309 2225/1306
f 857/424 1131/442 1441/438
f 1437/452 1011/447 2219/459
f 854/466 1437/452 2229/469
f 1438/460 1439/465 1440/445
f 1438/460 853/453 854/466
f 1440/445 1439/465 1443/457
f 817/1025 822/1029 818/1022
f 1435/3626 817/3627 820/3624
f 1435/3626 822/3629 817/3627
f 1435/2750 824/2751 823/2752
f 855/1026 818/1022 1435/1030
f 817/1025 1009/1021 819/1024
f 823/2752 855/2753 1435/2750
f 815/1020 819/1024 1009/1021
f 830/1576 829/1585 1432/1581
f 816/1023 829/1031 825/1027
f 971/2152 802/2153 974/2154
f 971/2152 801/2155 802/2153
f 1007/1571 832/1572 1393/1568
f 809/1398 828/1402 2235/1401
f 444/1389 809/1398 2236/1396
f 832/1308 440/1305 450/1311
f 832/1572 1007/1571 1433/1582
f 1433/1312 1006/1299 832/1308
f 1007/1571 812/1567 830/1576
f 815/1020 816/1023 825/1027
f 829/1585 1433/1582 1432/1581
f 813/1575 825/1584 830/1576
f 830/1576 1432/1581 1007/1571
f 860/435 1431/441 1430/432
f 1007/1571 1432/1581 1433/1582
f 485/425 856/427 1430/432
f 855/1026 816/1023 1436/1019
f 856/427 485/425 857/424
f 1131/1032 816/1023 855/1026
f 1086/1309 1006/1299 1433/1312
f 1433/1312 829/1314 1086/1309
f 1131/1032 857/1041 851/1037
f 852/1313 851/1316 857/1318
f 485/425 1429/422 857/424
f 2225/1306 852/1313 2238/1315
f 810/3212 1394/3213 455/3214
f 1387/2571 977/2577 810/2578
f 447/3839 977/3841 446/3842
f 446/1578 1428/1573 448/1583
f 448/1583 1428/1573 450/1577
f 1049/1371 1247/1374 1425/1373
f 2240/1370 1425/1373 2241/1375
f 1050/1364 1049/1371 2240/1370
f 453/1379 1247/1374 1426/1376
f 1427/2565 1386/2568 1741/2566
f 451/1382 452/1384 810/1387
f 456/1378 1425/1373 1247/1374
f 452/2576 1387/2571 810/2578
f 446/1578 976/1580 803/1566
f 1428/1573 803/1566 831/1569
f 831/1569 450/1577 1428/1573
f 971/1036 806/1033 797/1040
f 797/1040 801/1042 971/1036
f 975/2156 799/2161 2187/2164
f 800/2157 821/2159 1377/2162
f 1377/2162 799/2161 800/2157
f 799/1798 798/1794 1045/1790
f 796/3671 1389/3672 801/3673
f 1377/2162 798/2167 799/2161
f 796/1043 797/1040 805/1039
f 1004/2168 1005/2170 814/2171
f 807/1574 803/1566 976/1580
f 814/2171 1005/2170 804/2175
f 977/1587 976/1580 446/1578
f 1008/2172 811/2169 1004/2168
f 808/2179 973/2178 814/2171
f 1008/2172 1004/2168 972/2174
f 1387/2571 807/2573 976/2575
f 1434/2569 807/2573 1387/2571
f 1392/2273 795/2275 805/2277
f 1388/2272 796/2278 795/2275
f 1390/2271 1392/2273 1314/2274
f 1008/2172 972/2174 1314/2180
f 1391/2276 1390/2271 1314/2274
f 1731/2279 1390/2271 1391/2276
f 1390/2271 1388/2272 1392/2273
f 1746/3601 1731/3602 1391/3603
f 1382/2025 1726/2019 1381/2023
f 1746/3601 1384/3606 1390/3605
f 1247/1374 1067/1372 1426/1376
f 1427/2565 1434/2569 1387/2571
f 1391/3603 973/3604 1746/3601
f 1733/3409 808/3410 1736/3411
f 1733/2020 1745/2016 1746/2024
f 1746/2024 973/2027 808/2026
f 808/2026 1733/2020 1746/2024
f 807/3413 1434/3415 1736/3411
f 1746/3601 1390/3605 1731/3602
f 1726/2019 1382/2025 1384/2022
f 1390/3408 1384/3407 1385/3404
f 1388/2272 1390/2271 1820/2270
f 1726/2019 1725/2010 1381/2023
f 1745/2016 1733/2020 1734/2014
f 1736/2567 1730/2564 1738/2570
f 1736/3411 1738/3414 1734/3412
f 1427/2565 1736/2567 1434/2569
f 1427/2565 1730/2564 1736/2567
f 1734/3412 1733/3409 1736/3411
f 1725/2010 1745/2016 1734/2014
f 1381/3405 1750/3401 1385/3404
f 1385/3404 1382/3406 1381/3405
f 1385/3404 1384/3407 1382/3406
f 1571/2268 1820/2270 1351/2267
f 1820/1776 1571/1773 1729/1772
f 1387/2571 454/2572 1386/2568
f 1384/2022 1745/2016 1726/2019
f 1745/2016 1725/2010 1726/2019
f 1820/1776 1821/1782 1822/1783
f 2247/1797 1378/1784 2248/1795
f 1052/1780 1044/1781 1729/1772
f 1378/1784 1823/1789 1044/1781
f 1729/1772 1728/1779 1820/1776
f 1388/1786 1820/1776 1822/1783
f 1728/1779 1044/1781 1821/1782
f 1044/1781 1823/1789 1045/1790
f 1045/1790 1383/1785 1044/1781
f 1388/1786 1822/1783 821/1791
f 1045/1790 798/1794 1383/1785
f 1383/1785 798/1794 1377/1787
f 1821/1782 1383/1785 1377/1787
f 1822/1783 1821/1782 1377/1787
f 1389/3672 796/3671 1388/3674
f 821/3675 801/3673 1389/3672
f 1388/3674 821/3675 1389/3672
f 821/1791 1822/1783 1377/1787
f 2188/1801 1045/1790 2246/1800
f 1090/682 915/670 1094/676
f 1200/683 928/684 929/689
f 1073/805 865/798 1087/803
f 1083/2416 1092/2415 1084/2418
f 889/619 890/607 844/627
f 1083/1146 1072/1144 1071/1143
f 1072/1144 1085/1149 925/1153
f 844/627 890/607 1024/624
f 890/607 938/617 1024/624
f 851/1316 1086/1309 829/1314
f 974/1028 815/1020 825/1027
f 989/1874 988/1878 866/1880
f 1089/1897 966/1894 970/1895
f 851/1316 852/1313 1086/1309
f 1083/2416 1084/2418 898/2419
f 1084/2418 1075/2421 898/2419
f 1082/2420 1111/2422 1083/2416
f 1109/552 842/550 1081/546
f 825/1027 811/1035 806/1033
f 806/1033 974/1028 825/1027
f 1073/805 1075/808 1074/811
f 1087/803 1075/808 1073/805
f 1071/1143 1072/1144 867/1138
f 916/1337 1042/1333 911/1335
f 899/804 1087/803 895/797
f 1080/671 956/675 906/666
f 1789/731 1345/735 1344/737
f 1984/2331 1362/2324 982/2327
f 1066/2013 1740/2009 1759/2005
f 1755/4074 1756/4077 1754/4075
f 1815/738 1345/735 1790/733
f 1076/2202 1069/2204 1077/2205
f 1808/740 1805/749 1804/744
f 1803/760 1999/750 1054/755
f 1367/745 1105/761 1361/756
f 1797/1980 1796/1978 1806/1984
f 1798/739 1805/749 1808/740
f 1358/1983 1062/1981 1036/1979
f 1060/1214 1799/1223 1061/1215
f 1367/745 1368/752 1793/741
f 1047/3429 1766/3431 1381/3432
f 1070/2124 1740/2113 1046/2117
f 1047/3429 1751/3433 1753/3430
f 1077/2205 1775/2206 1076/2202
f 1068/4023 1769/4024 1069/4025
f 1065/4026 1068/4023 1069/4025
f 1749/2122 1752/2123 1762/2112
f 1067/1372 1247/1374 1049/1371
f 1753/1775 1751/1777 1729/1772
f 1748/3804 1051/3803 2199/3806
f 1739/1366 1048/1369 1050/1364
f 1048/1369 1067/1372 1049/1371
f 1049/1371 1050/1364 1048/1369
f 1046/2117 1752/2123 1047/2128
f 1381/2129 1070/2124 1046/2117
f 1727/3805 1051/3803 1052/3802
f 1821/1782 1044/1781 1383/1785
f 1793/3510 1809/3507 1991/3511
f 621/2287 1057/2294 1058/2291
f 1055/3751 1056/3748 1057/3750
f 1079/1211 1060/1214 1061/1215
f 1993/1760 1797/1766 1843/1764
f 1053/1344 1329/1339 417/1342
f 1325/3497 1327/3501 719/3498
f 1053/1344 1054/1345 1329/1339
f 1793/741 1789/731 1344/737
f 1986/3972 1989/3971 1985/3973
f 1134/1189 1133/1191 992/1188
f 837/553 839/555 898/558
f 1453/1630 1141/1633 872/1638
f 1094/2711 954/2714 1233/2712
f 954/2714 1205/2715 1233/2712
f 1181/3710 1179/3707 1189/3709
f 1105/1877 1025/1875 1026/1879
f 982/1871 989/1874 1059/1872
f 1134/1189 992/1188 991/1186
f 992/1188 940/1190 993/1184
f 1317/783 1360/787 1316/784
f 1035/1642 901/1628 874/1636
f 929/689 928/684 1033/688
f 946/1324 942/1321 1268/1326
f 2217/1392 444/1389 2237/1394
f 1168/2944 932/2947 933/2945
f 1176/1911 1175/1913 1186/1908
f 903/1507 919/1500 918/1503
f 956/675 960/685 1021/681
f 1226/647 1130/652 1227/644
f 1212/1625 901/1628 1206/1632
f 900/1627 901/1628 1212/1625
f 1019/2146 1233/2148 1020/2145
f 1020/2145 955/2142 1019/2146
f 925/3225 1014/3227 1016/3228
f 924/3226 925/3225 1018/3224
f 932/2947 1017/2949 933/2945
f 1014/693 1015/691 929/689
f 1033/1519 1013/1510 904/1509
f 1012/2139 1203/2143 923/2140
f 1257/1154 1195/1157 946/1160
f 1033/688 928/684 931/679
f 1162/3143 1225/3145 1163/3144
f 1299/2969 950/2971 869/2967
f 1025/1875 989/1874 1026/1879
f 1024/529 846/534 835/536
f 1141/1633 1453/1630 1454/1626
f 925/3225 1085/3222 1018/3224
f 850/614 889/619 1091/628
f 899/804 894/800 985/807
f 1307/635 1023/639 987/626
f 896/794 892/799 894/800
f 1450/548 990/549 836/540
f 1109/552 839/555 837/553
f 835/536 846/534 1447/538
f 815/1020 974/1028 819/1024
f 975/2156 819/2158 974/2154
f 812/1567 813/1575 830/1576
f 831/1569 803/1566 1393/1568
f 832/1308 1006/1299 440/1305
f 1264/620 684/615 897/611
f 828/1402 826/1403 2234/1404
f 813/2177 804/2175 1005/2170
f 977/2577 1394/2579 810/2578
f 2243/1380 456/1378 2249/1383
f 803/1566 804/1570 812/1567
f 811/2169 1008/2172 805/2176
f 974/2154 802/2153 975/2156
f 814/2171 972/2174 1004/2168
f 814/2171 973/2178 972/2174
f 814/2171 804/2175 808/2179
f 1729/1772 1044/1781 1728/1779
f 964/1136 868/1134 1029/1133
f 1104/4215 1103/4216 1376/4217
f 965/2617 964/2611 1339/2615
f 1292/2618 949/2620 994/2616
f 1040/1093 962/1089 963/1095
f 1001/2375 1003/2372 1002/2378
f 1363/2384 999/2380 1000/2376
f 1340/2401 1337/2407 1371/2404
f 1367/1873 1025/1875 1105/1877
f 1317/2905 998/2906 1318/2903
f 1343/1869 982/1871 1059/1872
f 1041/2781 1341/2786 1304/2787
f 1296/2788 994/2790 995/2791
f 1285/3115 1296/3114 1287/3113
f 1296/2788 995/2791 1280/2792
f 1038/1193 386/1195 993/1184
f 1315/2680 1319/2684 407/2681
f 1038/1193 993/1184 940/1190
f 982/2908 1318/2903 998/2906
f 992/1188 993/1184 991/1186
f 864/1197 1138/1194 863/1192
f 989/1874 983/1876 988/1878
f 987/626 1308/634 848/631
f 1317/783 1307/786 1373/789
f 998/2906 983/2909 982/2908
f 558/2686 1263/2679 399/2682
f 1277/1080 1284/1082 1303/1076
f 894/4009 842/4010 985/4011
f 1282/1085 981/1084 1283/1083
f 950/1513 948/1508 876/1504
f 952/3579 951/3581 984/3577
f 951/3581 949/3580 984/3577
f 1286/3119 1027/3120 1028/3117
f 1027/1086 1034/1087 997/1088
f 949/3580 1292/3582 1291/3578
f 1021/681 910/664 956/675
f 882/686 910/664 1021/681
f 947/1327 941/1322 946/1324
f 1195/1157 947/1164 946/1160
f 943/1325 941/1322 944/1328
f 1265/3879 1271/3880 1262/3877
f 1064/2893 1259/2891 1063/2890
f 945/1890 1063/1888 1262/1887
f 938/617 890/607 939/613
f 1244/1199 1139/1201 1243/1203
f 1251/1654 1241/1656 1250/1659
f 687/2950 1168/2944 961/2952
f 527/2 1210/1 1017/4
f 1235/91 1021/81 960/99
f 688/13 687/12 961/19
f 1193/3142 1225/3145 1162/3143
f 1225/2314 509/2317 1239/2319
f 1235/91 692/69 1021/81
f 910/664 906/666 956/675
f 877/3956 880/3953 878/3955
f 879/1334 880/1336 877/1331
f 957/1171 1232/1175 960/1177
f 958/2149 955/2142 959/2147
f 956/1176 916/1174 957/1171
f 909/662 1208/680 954/674
f 954/2714 1204/2716 1205/2715
f 953/2307 881/2315 882/2312
f 1032/1178 916/1174 956/1176
f 914/1332 916/1337 915/1338
f 1019/2146 913/2151 912/2150
f 1094/3725 912/3726 913/3723
f 877/1331 911/1335 1042/1333
f 910/2320 882/2312 880/2318
f 879/653 907/648 880/659
f 487/2316 883/2308 882/2312
f 907/648 906/666 910/664
f 907/648 910/664 880/659
f 1224/643 1190/645 1158/646
f 1129/654 907/648 1227/644
f 909/662 908/657 1088/668
f 1228/656 908/657 1226/647
f 1187/1502 905/1506 904/1509
f 1223/3713 1219/3714 1222/3712
f 1189/3709 1223/3713 1222/3712
f 1187/1502 1013/1510 918/1503
f 1189/1517 902/1512 903/1507
f 1211/2951 1214/2948 1213/2946
f 873/1631 901/1628 900/1627
f 874/1636 901/1628 873/1631
f 1176/1911 1220/1910 1184/1914
f 1166/1917 1184/1914 1185/1916
f 1179/3189 1181/3187 1178/3186
f 1211/3260 1207/3263 1215/3265
f 1212/3262 1211/3260 1217/3257
f 1206/1632 1035/1642 874/1636
f 1214/1909 1215/1915 1216/1912
f 909/662 1130/652 908/657
f 1088/1511 908/1516 903/1507
f 909/662 1088/668 930/673
f 1072/1144 929/1147 1033/1145
f 928/684 930/673 931/679
f 1177/2976 1030/2975 875/2974
f 1177/1645 1181/1641 873/1631
f 1189/1517 908/1516 1228/1522
f 955/2142 927/2138 926/2144
f 924/3226 1014/3227 925/3225
f 1012/2139 923/2140 922/2137
f 1020/2717 1204/2716 1203/2720
f 920/3637 1198/3632 921/3635
f 917/1137 867/1138 904/1141
f 884/1163 878/1159 885/1156
f 884/1163 911/1168 878/1159
f 881/2315 880/2318 882/2312
f 1194/2304 883/2308 1196/2305
f 953/2307 882/2312 883/2308
f 1030/2975 870/2970 875/2974
f 1167/1927 1166/1917 1185/1916
f 875/2974 870/2970 876/2972
f 875/3188 876/3192 1182/3191
f 905/1139 917/1137 904/1141
f 1170/3788 1165/3790 1183/3787
f 1167/1927 1157/1929 1163/1925
f 1453/1630 872/1638 871/1634
f 870/2970 869/2967 876/2972
f 1153/3094 1152/3097 1136/3091
f 1147/3096 1146/3093 1145/3099
f 867/1138 917/1137 868/1134
f 951/1501 952/1505 1137/1498
f 1155/3576 952/3579 984/3577
f 865/798 1095/801 866/796
f 1454/1626 1453/1630 900/1627
f 934/4044 1140/4046 1141/4045
f 395/1351 940/1353 1138/1354
f 863/1192 935/1196 864/1197
f 1133/1191 935/1196 863/1192
f 1141/1655 1451/1653 936/1652
f 934/1200 936/1202 935/1196
f 838/554 899/559 985/556
f 865/798 895/797 1087/803
f 898/558 839/555 841/557
f 897/611 890/607 850/614
f 894/551 1450/548 842/550
f 893/795 896/794 1373/789
f 893/795 891/802 892/799
f 845/638 844/627 835/633
f 890/607 889/619 850/614
f 887/836 1445/838 888/835
f 812/1567 1007/1571 1393/1568
f 897/611 849/618 986/625
f 1091/628 1448/640 1307/635
f 1091/628 1307/635 987/626
f 897/611 986/625 1264/620
f 1246/608 897/611 684/615
f 849/618 850/614 987/626
f 848/631 1313/630 849/618
f 1313/630 986/625 849/618
f 1023/639 1308/634 987/626
f 825/1584 829/1585 830/1576
f 1023/785 1307/786 1317/783
f 1449/2907 998/2906 1317/2905
f 1449/793 1372/791 866/796
f 836/540 892/547 845/544
f 990/549 892/547 836/540
f 837/553 838/554 842/550
f 1450/548 1081/546 842/550
f 894/551 990/549 1450/548
f 1024/624 835/633 844/627
f 938/535 861/533 1024/529
f 1442/450 1444/458 1431/441
f 833/839 834/841 1445/838
f 861/834 887/836 888/835
f 1443/457 1444/458 1442/450
f 860/435 859/431 858/434
f 2250/3968 1031/3966 2251/3969
f 853/453 1437/452 854/466
f 1131/1032 1031/1034 1011/1038
f 2232/2163 975/2156 2245/2165
f 824/3625 820/3624 2231/3628
f 819/2158 975/2156 820/2160
f 802/2153 800/2157 975/2156
f 817/3627 819/3630 820/3624
f 815/1020 1436/1019 816/1023
f 818/1022 1009/1021 817/1025
f 806/1033 971/1036 974/1028
f 825/2173 813/2177 1005/2170
f 811/2169 825/2173 1005/2170
f 804/1570 813/1575 812/1567
f 1393/1568 832/1572 831/1569
f 805/1039 806/1033 811/1035
f 832/1572 450/1577 831/1569
f 827/1400 826/1403 828/1402
f 827/1302 1006/1299 826/1298
f 860/435 856/427 859/431
f 857/424 859/431 856/427
f 1011/3963 1031/3966 1010/3964
f 823/2752 824/2751 2252/2754
f 1031/2755 855/2753 823/2752
f 855/1026 1031/1034 1131/1032
f 451/1382 810/1387 455/1385
f 444/1389 445/1395 809/1398
f 804/1570 803/1566 807/1574
f 456/1378 1400/1388 2239/1386
f 452/2576 453/2574 1387/2571
f 1428/1573 446/1578 803/1566
f 800/2157 799/2161 975/2156
f 800/2157 802/2153 801/2155
f 805/2277 795/2275 796/2278
f 821/2159 800/2157 801/2155
f 796/1043 801/1042 797/1040
f 805/1039 797/1040 806/1033
f 977/2577 1387/2571 976/2575
f 1736/3411 808/3410 807/3413
f 1070/2124 1381/2129 1725/2134
f 1045/1790 1823/1789 1378/1784
f 1072/1144 904/1141 867/1138
f 1094/676 915/670 1132/665
f 845/806 892/799 891/802
f 1087/803 899/804 838/809
f 829/1031 816/1023 1131/1032
f 1085/1149 1072/1144 1083/1146
f 2251/2757 823/2752 2256/2759
f 941/1322 947/1327 877/1331
f 915/670 916/677 1032/660
f 1088/1511 903/1507 918/1503
f 929/689 1016/694 1014/693
f 807/1574 808/1579 804/1570
f 868/1134 964/1136 867/1138
f 942/1321 941/1322 945/1319
f 1132/665 909/662 954/674
f 1227/644 1130/652 1129/654
f 915/670 1032/660 1132/665
f 925/1153 1016/1150 1072/1144
f 867/1138 1112/1140 1071/1143
f 1112/1140 867/1138 964/1136
f 983/1876 989/1874 982/1871
f 894/800 899/804 895/797
f 1085/1149 1083/1146 1111/1152
f 894/800 895/797 896/794
f 844/627 845/638 891/636
f 844/627 891/636 1091/628
f 1075/2421 837/2424 898/2419
f 1083/2416 898/2419 1082/2420
f 836/540 845/544 835/536
f 892/547 990/549 894/551
f 1131/1032 851/1037 829/1031
f 1087/803 838/809 837/810
f 827/1302 440/1305 1006/1299
f 1072/1144 1016/1150 929/1147
f 1125/2444 1127/2445 1126/2446
f 748/2580 750/2581 777/2582
f 710/3563 701/3564 712/3565
f 1122/1995 753/1996 1120/1997
f 719/2633 425/2636 424/2638
f 1120/1997 759/1998 1122/1995
f 726/592 732/593 746/594
f 773/471 772/472 762/473
f 756/562 763/563 764/564
f 743/2588 735/2594 728/2589
f 747/595 322/606 751/602
f 734/259 736/260 726/261
f 416/2292 420/2288 418/2283
f 712/3715 713/3716 710/3717
f 293/2053 284/2054 1119/2055
f 722/3034 1118/3035 699/3036
f 314/2056 293/2053 1119/2055
f 789/1687 779/1688 783/1689
f 789/2704 1628/2705 779/2706
f 780/1690 790/1692 789/1687
f 783/1689 780/1690 789/1687
f 788/582 787/586 770/580
f 740/585 770/580 785/583
f 423/3551 711/3552 785/3553
f 737/1417 423/1418 785/1419
f 770/3999 787/4000 769/4001
f 782/2794 784/2795 783/2796
f 767/4002 769/4001 787/4000
f 768/3639 767/3640 787/3641
f 785/3642 768/3639 787/3641
f 785/480 788/479 771/475
f 788/479 785/480 787/482
f 751/262 739/268 316/264
f 739/268 751/262 322/272
f 741/1691 782/1693 783/1689
f 322/1121 758/1122 680/1123
f 315/1124 322/1121 680/1123
f 673/483 785/480 430/481
f 741/2800 780/2798 784/2795
f 741/2800 784/2795 781/2797
f 780/2798 783/2796 784/2795
f 782/2794 724/2799 781/2797
f 782/2794 781/2797 784/2795
f 779/2801 780/2798 741/2800
f 783/1689 779/1688 741/1691
f 777/2582 750/2581 775/2585
f 775/2585 728/2589 776/2591
f 775/2585 750/2581 728/2589
f 733/263 786/269 776/274
f 776/2591 766/2583 775/2585
f 777/2582 778/2586 766/2583
f 766/478 776/476 762/473
f 761/570 765/578 766/574
f 766/4139 778/4140 775/4141
f 777/2582 775/2585 778/2586
f 766/2583 748/2580 777/2582
f 748/573 765/578 761/570
f 744/597 746/594 732/593
f 756/562 764/564 755/565
f 772/569 764/564 762/567
f 754/2339 752/2340 759/2341
f 774/2342 754/2339 759/2341
f 771/475 772/472 773/471
f 755/565 772/569 769/572
f 771/475 768/477 772/472
f 769/572 768/576 770/580
f 759/1998 752/2002 1122/1995
f 759/2341 760/2343 774/2342
f 754/2485 753/2486 752/2487
f 736/260 751/262 316/264
f 747/595 756/598 757/601
f 736/260 734/259 751/262
f 757/568 756/562 755/565
f 751/602 734/599 747/595
f 726/592 747/595 734/599
f 746/594 747/595 726/592
f 756/598 747/595 746/594
f 742/600 745/604 744/597
f 744/577 745/584 749/581
f 742/2590 749/2584 745/2592
f 727/603 742/600 732/593
f 749/2584 750/2581 748/2580
f 743/2588 750/2581 749/2584
f 742/2590 743/2588 749/2584
f 732/593 742/600 744/597
f 743/2588 742/2590 727/2593
f 735/2594 743/2588 727/2593
f 733/263 726/261 736/260
f 728/2589 750/2581 743/2588
f 728/2589 735/2594 731/2595
f 728/275 731/270 730/266
f 728/2885 730/2886 729/2887
f 733/3946 732/3947 729/3948
f 732/593 726/592 729/596
f 733/3946 729/3948 730/3949
f 733/286 728/287 732/288
f 727/2593 731/2595 735/2594
f 730/266 731/270 726/261
f 728/2885 729/2887 727/2888
f 727/289 732/288 728/287
f 731/270 727/276 726/261
f 727/2888 729/2887 726/2889
f 723/1695 782/1693 741/1691
f 740/585 785/583 711/587
f 740/3367 711/3368 737/3369
f 709/3122 282/3123 288/3124
f 738/3125 282/3123 709/3122
f 288/1612 278/1613 738/1614
f 423/1418 737/1417 304/1421
f 315/1124 680/1123 675/1125
f 322/272 309/273 739/268
f 724/3039 723/3041 722/3034
f 675/486 421/484 304/488
f 711/3368 304/3371 737/3369
f 709/1615 288/1612 738/1614
f 738/1614 277/1617 281/1619
f 717/2285 418/2283 420/2288
f 704/3719 713/3716 714/3718
f 721/2289 621/2287 720/2281
f 621/2287 1995/2284 720/2281
f 420/2288 414/2296 721/2289
f 283/2058 280/2068 312/2064
f 679/2293 721/2289 414/2296
f 622/2299 621/2287 412/2298
f 621/2287 721/2289 679/2293
f 679/2293 405/2301 412/2298
f 719/2633 622/2632 412/2635
f 720/2281 717/2285 721/2289
f 717/3989 420/3990 721/3991
f 701/3564 710/3563 708/3566
f 713/3716 704/3719 710/3717
f 715/2923 714/2924 700/2925
f 712/3715 714/3718 713/3716
f 675/486 304/488 711/489
f 304/488 421/484 429/490
f 715/3720 704/3719 714/3718
f 704/3056 668/3057 710/3058
f 712/2927 701/2928 700/2925
f 707/3567 708/3566 677/3568
f 707/3567 701/3564 708/3566
f 282/3123 738/3125 281/3127
f 704/3056 669/3059 668/3057
f 700/2925 701/2928 703/2926
f 675/1125 711/1132 423/1129
f 715/3720 669/3721 704/3719
f 316/264 739/268 309/273
f 668/3057 667/3061 706/3062
f 677/3568 708/3566 706/3569
f 677/3063 706/3062 667/3061
f 715/3720 1121/3722 669/3721
f 708/4056 668/4057 706/4058
f 1497/3985 478/3986 464/3987
f 480/1433 1517/1434 591/1435
f 1515/983 478/984 575/985
f 334/3266 491/3267 336/3268
f 511/3075 698/3076 336/3077
f 695/448 697/444 696/440
f 527/2 528/7 694/5
f 521/50 522/61 689/75
f 396/1352 1481/1356 397/1357
f 765/2587 748/2580 766/2583
f 359/1935 360/1936 419/1937
f 428/1940 419/1937 360/1936
f 431/4230 429/4231 422/4232
f 405/2301 679/2293 414/2296
f 424/3502 426/3499 719/3498
f 372/1247 644/1248 645/1249
f 501/80 658/90 681/66
f 332/122 656/134 325/132
f 308/1127 315/1124 675/1125
f 275/4038 297/4039 296/4040
f 314/2056 285/2059 273/2061
f 1559/290 249/291 666/292
f 316/264 430/271 771/267
f 483/96 609/113 607/106
f 1556/299 670/312 634/305
f 289/348 237/346 602/313
f 299/1618 291/1621 277/1617
f 271/2066 274/2060 292/2062
f 314/2056 292/2062 274/2060
f 634/4142 326/4143 660/4144
f 620/1698 273/1699 662/1700
f 325/1130 322/1121 319/1128
f 328/1424 493/1427 321/1426
f 483/844 588/845 603/846
f 628/74 686/41 651/60
f 599/71 624/83 663/57
f 546/104 547/105 604/120
f 637/762 636/763 618/764
f 653/767 654/770 618/764
f 350/3008 310/3009 601/3010
f 649/84 651/60 650/72
f 647/2596 646/2597 648/2598
f 343/2603 377/2607 415/2605
f 1548/3170 617/3171 375/3172
f 166/864 597/860 1523/855
f 376/862 375/868 629/858
f 328/1424 307/1422 348/1423
f 625/311 602/313 626/302
f 604/120 608/115 546/104
f 1417/2490 468/2491 506/2492
f 364/1261 363/1255 542/1251
f 1512/2624 612/2625 590/2626
f 611/1588 606/1589 610/1590
f 607/106 1504/114 436/89
f 606/853 1522/847 598/849
f 582/812 581/813 580/814
f 600/817 580/814 581/813
f 591/1435 441/1436 480/1433
f 590/144 1508/145 131/146
f 483/844 484/854 609/857
f 548/88 547/105 546/104
f 545/37 437/64 515/78
f 537/1015 538/1012 516/1018
f 586/2501 535/2502 534/2503
f 542/2645 394/2643 404/2640
f 1499/4047 1476/4048 1474/4049
f 397/1947 566/1956 565/1952
f 565/1952 410/1946 397/1947
f 516/138 562/139 561/125
f 359/1935 387/1938 393/1941
f 396/1352 392/1355 387/1348
f 1138/1354 1244/1358 1481/1356
f 565/3655 643/3656 642/3657
f 1482/1254 1473/1266 1472/1264
f 540/23 585/30 513/18
f 436/2509 1504/2505 533/2504
f 1482/1254 645/1249 1485/1258
f 526/9 528/7 527/2
f 523/28 1540/59 524/49
f 1464/3512 504/3513 503/3514
f 505/2692 497/2693 496/2694
f 489/3979 658/3980 490/3981
f 1460/39 492/70 493/56
f 501/3984 659/3983 658/3980
f 1479/1361 1244/1358 1243/1362
f 1250/1659 1479/1672 1243/1674
f 485/425 1455/436 486/439
f 611/850 484/854 483/844
f 577/1443 579/1449 1420/1447
f 478/984 1397/988 479/991
f 100/1479 73/1480 577/1481
f 577/1481 73/1480 1396/1482
f 576/1440 577/1443 461/1438
f 1424/995 463/993 479/991
f 460/1445 462/1444 461/1438
f 464/996 463/993 1496/994
f 1410/3820 472/3821 473/3822
f 1401/492 467/493 471/494
f 400/2641 385/2642 424/2638
f 448/3844 447/3839 446/3842
f 471/494 1414/495 1401/492
f 1386/2568 454/2572 453/2574
f 439/1307 449/1310 440/1305
f 419/2297 428/2300 416/2292
f 416/2292 428/2300 406/2302
f 416/1951 406/1943 403/1948
f 428/1940 360/1936 406/1943
f 417/2290 419/2297 416/2292
f 419/1347 386/1346 387/1348
f 387/1938 359/1935 419/1937
f 421/4233 422/4232 429/4231
f 327/2932 671/2931 358/2930
f 306/2809 303/2810 321/2811
f 305/277 350/282 431/281
f 305/3809 431/3810 422/3811
f 430/271 431/281 350/282
f 429/279 431/281 430/271
f 307/1131 308/1127 423/1129
f 421/484 350/485 422/487
f 416/2292 418/2283 417/2290
f 419/1347 417/1342 386/1346
f 416/1951 413/1955 414/1961
f 621/2287 679/2293 412/2298
f 427/3500 426/3499 381/3503
f 405/1960 413/1955 403/1948
f 414/1961 413/1955 405/1960
f 426/3499 385/3504 382/3505
f 425/2636 408/2637 424/2638
f 408/2637 412/2635 405/2639
f 408/2637 404/2640 400/2641
f 380/1292 391/1284 407/1296
f 403/1948 406/1943 365/1942
f 408/2637 405/2639 404/2640
f 402/1954 404/1963 405/1960
f 394/2643 390/2644 400/2641
f 426/3499 382/3505 381/3503
f 378/1270 380/1292 381/1285
f 401/1939 365/1942 360/1936
f 378/1270 382/1272 379/1259
f 394/2643 400/2641 404/2640
f 363/1949 409/1945 410/1946
f 379/1259 382/1272 384/1263
f 365/1942 401/1939 409/1945
f 365/1942 406/1943 360/1936
f 365/1942 364/1950 403/1948
f 432/2824 389/2825 433/2826
f 377/2607 343/2603 357/2608
f 360/1936 359/1935 401/1939
f 386/1346 388/1349 387/1348
f 390/2644 385/2642 400/2641
f 384/1263 382/1272 385/1271
f 407/1296 381/1285 380/1292
f 382/1272 378/1270 381/1285
f 379/1259 373/1250 371/1262
f 388/1349 395/1351 387/1348
f 397/1947 393/1941 392/1944
f 391/1284 380/1292 378/1270
f 370/1277 378/1270 371/1262
f 370/1277 391/1284 378/1270
f 367/773 369/769 366/765
f 389/2825 375/2827 376/2829
f 415/2605 347/2601 343/2603
f 356/877 345/875 1546/873
f 357/4060 356/4061 377/4062
f 654/770 685/775 618/764
f 347/2601 346/2604 647/2596
f 349/3011 350/3008 601/3010
f 339/2862 341/2863 340/2864
f 304/3012 350/3008 349/3011
f 339/2862 496/2867 353/2865
f 343/2603 338/2600 337/2602
f 343/3132 351/3133 357/3134
f 343/3132 337/3135 351/3133
f 337/3135 352/3137 351/3133
f 355/3136 351/3133 352/3137
f 601/283 310/285 309/273
f 304/1421 348/1423 307/1422
f 321/1426 303/1425 328/1424
f 323/327 286/334 287/335
f 321/1426 434/1428 435/1429
f 325/284 311/280 322/272
f 321/2811 320/2812 306/2809
f 318/1126 319/1128 322/1121
f 320/2812 319/2817 318/2815
f 318/2815 308/2816 306/2809
f 435/2814 320/2812 321/2811
f 334/3266 336/3268 335/3269
f 297/1711 329/1710 333/1712
f 309/273 322/272 311/280
f 307/3861 303/3862 302/3863
f 429/490 305/491 304/488
f 350/282 305/277 317/278
f 307/3861 302/3863 308/3864
f 302/2813 303/2810 306/2809
f 318/2815 306/2809 320/2812
f 308/2816 302/2813 306/2809
f 308/1127 675/1125 423/1129
f 317/278 305/277 316/264
f 322/1121 315/1124 318/1126
f 309/273 317/278 316/264
f 285/3037 722/3034 699/3036
f 274/2060 293/2053 314/2056
f 273/1699 1545/1701 272/1704
f 290/3129 282/3123 281/3127
f 312/3042 280/3044 279/3040
f 292/2062 273/2061 271/2066
f 274/2060 271/2066 276/2069
f 313/2057 293/2053 274/2060
f 273/2061 272/2071 271/2066
f 299/1618 286/1616 300/1620
f 313/2057 274/2060 295/2063
f 275/2067 295/2063 274/2060
f 299/1618 277/1617 278/1613
f 1555/354 289/348 287/335
f 286/3913 288/3914 287/3915
f 279/3040 705/3038 285/3037
f 312/2064 285/2059 283/2058
f 1119/2055 284/2054 283/2058
f 285/2059 1119/2055 283/2058
f 738/1614 278/1613 277/1617
f 699/2065 273/2061 285/2059
f 421/484 430/481 350/485
f 710/4059 668/4057 708/4056
f 700/2925 703/2926 715/2923
f 700/2925 714/2924 712/2927
f 670/3065 1565/3064 667/3061
f 667/3519 707/3520 670/3521
f 358/2930 661/2929 703/2926
f 282/3123 716/3126 288/3124
f 288/3914 716/3916 287/3915
f 288/1612 286/1616 278/1613
f 716/3126 282/3123 1555/3128
f 602/313 323/327 287/335
f 661/2929 715/2923 703/2926
f 669/3204 1121/3205 660/3206
f 703/2926 701/2928 358/2930
f 1556/299 235/296 1558/293
f 701/3813 707/3814 1569/3815
f 669/3818 358/3816 1569/3815
f 678/3524 1562/3522 707/3520
f 707/3520 677/3526 678/3524
f 677/3063 1565/3064 678/3066
f 661/3207 660/3206 1121/3205
f 1546/3232 433/3233 1564/3234
f 718/3175 1566/3173 375/3172
f 433/2826 1563/2831 1568/2833
f 1564/2834 1568/2833 1563/2831
f 676/778 630/779 1567/781
f 1566/3236 433/3233 1546/3232
f 1566/3236 718/3238 433/3233
f 344/2094 627/2095 1557/2096
f 249/876 672/878 666/879
f 630/779 631/782 1567/781
f 685/3870 1541/3871 615/3872
f 630/779 616/780 631/782
f 685/775 676/778 619/776
f 685/775 616/780 630/779
f 676/822 1551/815 619/818
f 618/764 685/775 619/776
f 630/779 676/778 685/775
f 1566/3173 1548/3170 375/3172
f 1546/3174 1548/3170 1566/3173
f 345/2103 356/2106 355/2104
f 678/3066 1559/3069 666/3070
f 377/2830 356/2832 1563/2831
f 433/2826 389/2825 415/2828
f 415/2828 377/2830 433/2826
f 1563/2831 433/2826 377/2830
f 356/2832 1564/2834 1563/2831
f 327/419 358/420 326/421
f 327/336 326/328 1557/320
f 287/3130 716/3126 1555/3128
f 1562/3522 678/3524 666/3527
f 672/3525 1562/3522 666/3527
f 670/3521 707/3520 1562/3522
f 672/3525 1561/3523 1562/3522
f 1561/2097 672/2100 344/2094
f 1558/3067 1559/3069 678/3066
f 678/3066 1565/3064 1558/3067
f 1557/320 326/328 634/305
f 660/3206 671/3209 627/3210
f 627/2933 671/2931 327/2932
f 627/3210 634/3211 660/3206
f 345/875 1560/874 1542/865
f 1558/3067 670/3065 1556/3068
f 670/312 1557/320 634/305
f 249/291 1558/293 234/294
f 670/2099 1561/2097 1557/2096
f 252/870 1560/874 249/876
f 344/2094 345/2103 355/2104
f 1557/2096 1561/2097 344/2094
f 627/319 625/311 634/305
f 627/2095 1547/2098 625/2102
f 634/305 625/311 626/302
f 602/3874 235/3875 655/3876
f 660/3819 358/3816 669/3818
f 324/1705 329/1710 301/1709
f 286/334 323/327 625/311
f 1543/111 1544/123 620/118
f 662/374 238/375 236/360
f 237/346 1555/354 236/360
f 1555/354 237/346 289/348
f 662/374 236/360 1555/354
f 291/380 620/384 662/374
f 324/1705 276/1707 294/1706
f 282/3123 290/3129 1555/3128
f 662/374 1555/354 291/380
f 1555/354 290/385 291/380
f 671/2931 661/2929 358/2930
f 661/3207 671/3209 660/3206
f 602/313 655/306 626/302
f 287/335 289/348 602/313
f 275/4038 301/4042 297/4039
f 276/2069 298/2070 274/2060
f 297/1711 301/1709 329/1710
f 275/2067 274/2060 298/2070
f 298/2070 301/2073 275/2067
f 294/1706 272/1704 1545/1701
f 1543/111 601/103 311/119
f 280/3044 725/3045 279/3040
f 659/3983 490/3981 658/3980
f 490/3273 691/3271 491/3267
f 492/70 658/90 331/97
f 1460/39 328/47 525/27
f 435/1429 493/1427 665/1430
f 319/127 331/97 332/122
f 331/97 1554/116 332/122
f 336/3077 507/3079 335/3080
f 331/1432 665/1430 492/1431
f 319/127 665/133 331/97
f 598/849 603/846 1518/852
f 333/135 329/129 311/119
f 311/119 325/132 333/135
f 319/2817 320/2812 435/2814
f 493/1427 492/1431 665/1430
f 435/2814 665/2818 319/2817
f 335/3269 1553/3270 334/3266
f 496/2694 497/2693 1552/2697
f 496/2694 339/2698 354/2695
f 354/2695 339/2698 340/2701
f 387/1938 392/1944 393/1941
f 396/1352 387/1348 395/1351
f 354/2911 340/2912 341/2913
f 341/2863 339/2862 353/2865
f 1539/2868 657/2866 353/2865
f 328/47 348/58 674/40
f 496/2867 503/2869 353/2865
f 657/2866 341/2863 353/2865
f 649/4115 628/4116 651/4117
f 593/1600 1530/1591 654/1596
f 521/50 1537/63 1502/42
f 647/2596 342/2599 347/2601
f 693/2914 354/2911 341/2913
f 354/2695 505/2692 496/2694
f 363/1255 519/1257 644/1248
f 353/2865 1467/2870 1539/2868
f 496/2867 1552/2871 503/2869
f 651/60 524/49 650/72
f 438/2702 584/2703 583/2699
f 354/2695 438/2702 583/2699
f 628/74 522/61 686/41
f 499/17 540/23 1470/14
f 524/49 1540/59 1538/73
f 1538/73 1539/48 650/72
f 663/57 649/84 650/72
f 549/86 550/76 548/88
f 436/89 437/64 539/79
f 647/77 1537/63 521/50
f 373/1250 1486/1265 371/1262
f 367/773 368/777 369/769
f 401/1939 393/1941 410/1946
f 410/1946 409/1945 401/1939
f 539/79 546/104 608/115
f 519/1257 520/1252 644/1248
f 664/1282 1490/1276 411/1268
f 411/1268 519/1257 363/1255
f 644/1248 520/1252 645/1249
f 363/1949 410/1946 411/1953
f 1482/1254 1472/1264 589/1260
f 410/1946 393/1941 397/1947
f 664/1958 411/1953 410/1946
f 398/1291 391/1284 370/1277
f 637/762 635/766 636/763
f 370/1277 371/1262 1486/1265
f 399/3727 391/3730 398/3728
f 558/1288 398/1291 370/1277
f 379/1259 390/1253 373/1250
f 378/1270 379/1259 371/1262
f 372/1247 394/1256 542/1251
f 373/1250 390/1253 372/1247
f 390/1253 394/1256 372/1247
f 409/1267 363/1255 364/1261
f 644/1248 372/1247 542/1251
f 369/2761 368/2762 574/2763
f 637/2765 369/2761 1510/2764
f 369/769 637/762 366/765
f 374/2496 1513/2493 506/2492
f 506/2492 1514/2495 374/2496
f 614/2346 613/2347 441/2348
f 367/773 366/765 374/771
f 1417/2490 506/2492 1513/2493
f 366/765 618/764 1549/768
f 1514/2495 367/2499 374/2496
f 366/765 637/762 618/764
f 636/763 653/767 618/764
f 574/2498 368/2500 1514/2495
f 654/1596 1530/1591 1525/1593
f 628/4116 649/4115 663/4118
f 663/57 674/40 599/71
f 624/141 628/142 663/143
f 624/83 599/71 683/93
f 599/71 348/58 349/85
f 623/95 624/83 682/101
f 375/868 617/869 629/858
f 337/3135 682/3139 352/3137
f 648/2598 338/2600 342/2599
f 647/3759 689/3760 646/3761
f 646/3761 689/3760 623/3762
f 674/40 348/58 599/71
f 648/3763 623/3762 682/3764
f 349/3011 348/3013 304/3012
f 682/3764 337/3765 648/3763
f 646/3761 623/3762 648/3763
f 337/2602 338/2600 648/2598
f 342/2599 338/2600 343/2603
f 342/2599 647/2596 648/2598
f 415/2828 389/2825 376/2829
f 346/2604 347/2601 415/2605
f 415/2605 376/2606 346/2604
f 355/3136 352/3137 682/3139
f 631/3250 595/3251 1567/3252
f 581/813 1532/816 596/820
f 580/772 618/764 619/776
f 580/814 619/818 1551/815
f 1534/3253 596/3254 595/3251
f 1532/816 582/812 595/819
f 1551/815 676/822 595/819
f 638/823 1549/826 580/814
f 580/772 1549/768 618/764
f 1512/2624 614/2627 612/2625
f 639/151 1508/145 1509/155
f 612/2349 614/2346 441/2348
f 614/2990 1512/2991 1550/2992
f 199/3419 613/3420 103/3421
f 1549/768 374/771 366/765
f 103/2994 1550/2992 1512/2991
f 1550/2992 103/2994 613/2993
f 614/2990 1550/2992 613/2993
f 632/871 633/866 597/860
f 311/119 324/124 1543/111
f 300/1620 286/1616 625/1623
f 252/870 1542/865 1560/874
f 1546/873 345/875 1542/865
f 615/1601 631/1610 616/1611
f 685/1602 654/1596 1541/1599
f 617/3171 1548/3170 1546/3174
f 330/2105 1547/2098 683/2101
f 617/869 702/863 629/858
f 252/3177 164/3178 1533/3179
f 1542/865 702/863 1546/873
f 1533/859 1542/865 252/870
f 300/1620 625/1623 330/1624
f 346/87 376/112 547/105
f 1523/855 597/860 598/849
f 1525/1593 1541/1599 654/1596
f 355/3136 682/3139 683/3140
f 349/85 300/94 599/71
f 300/94 349/85 601/103
f 647/77 346/87 1537/63
f 300/94 601/103 1543/111
f 324/1705 1545/1701 1544/1703
f 324/124 1544/123 1543/111
f 300/94 330/102 599/71
f 300/94 1543/111 620/118
f 596/164 1516/170 150/159
f 1518/852 702/863 1542/865
f 346/87 547/105 548/88
f 549/86 548/88 546/104
f 604/120 547/105 376/112
f 1533/859 1518/852 1542/865
f 1537/63 550/76 1502/42
f 604/851 629/858 1518/852
f 544/36 1502/42 541/43
f 689/75 647/77 521/50
f 1467/35 674/40 1539/48
f 1533/859 166/864 1523/855
f 663/57 650/72 1539/48
f 674/40 663/57 1539/48
f 1539/2919 1538/2917 657/2915
f 650/72 524/49 1538/73
f 523/28 524/49 686/41
f 652/3424 1501/3425 549/3426
f 546/104 539/79 549/86
f 524/49 651/60 686/41
f 548/88 550/76 1537/63
f 1502/42 543/29 521/50
f 588/107 539/79 608/115
f 1527/3023 1528/3024 594/3025
f 1521/1606 1534/1609 615/1601
f 596/164 150/159 581/150
f 1521/3255 596/3254 1534/3253
f 581/813 582/812 1532/816
f 615/1601 1525/1593 1524/1597
f 1529/3033 484/3032 1528/3024
f 593/1600 1526/1598 1530/1591
f 1531/3329 1519/3330 536/3331
f 603/846 604/851 1518/852
f 608/848 603/846 588/845
f 603/846 608/848 604/851
f 629/858 702/863 1518/852
f 1526/1598 484/1594 1530/1591
f 607/3332 1519/3330 1531/3329
f 593/1600 609/1604 1526/1598
f 1507/3333 1536/3335 1535/3337
f 1536/1607 609/1604 593/1600
f 593/4108 594/4109 1535/4110
f 517/1017 516/1018 538/1012
f 1500/1006 653/1011 636/999
f 653/3026 1500/3030 1527/3023
f 1522/847 611/850 483/844
f 1524/1597 1525/1593 610/1590
f 609/4218 1535/4219 594/4220
f 1530/1591 610/1590 1525/1593
f 1524/1597 610/1590 598/1595
f 606/1589 605/1592 610/1590
f 633/1605 1520/1603 1524/1597
f 484/3032 1526/3028 1528/3024
f 539/79 437/64 652/51
f 1507/3333 1529/3338 1528/3339
f 1528/3024 1527/3023 1507/3027
f 609/3334 1519/3330 607/3332
f 607/106 436/89 483/96
f 436/2509 515/2512 437/2515
f 436/89 539/79 483/96
f 539/79 588/107 483/96
f 652/3424 549/3426 539/3427
f 499/17 498/22 543/29
f 603/846 1522/847 483/844
f 598/849 605/856 606/853
f 1518/852 1523/855 598/849
f 633/866 598/849 597/860
f 1521/1606 1520/1603 632/1608
f 1516/170 1521/176 151/181
f 148/154 131/146 581/150
f 581/150 131/146 600/148
f 592/828 1418/830 1513/829
f 591/1435 1517/1434 461/1438
f 462/1444 592/1441 461/1438
f 1418/830 592/828 462/831
f 1422/695 1408/696 1404/697
f 1515/983 467/986 478/984
f 467/493 1515/499 468/498
f 1513/829 374/827 592/828
f 638/823 592/828 374/827
f 575/985 478/984 1510/987
f 573/990 1510/987 478/984
f 575/502 468/498 1515/499
f 99/3619 103/3620 590/3621
f 592/1441 1509/1442 591/1435
f 592/1441 638/1446 1509/1442
f 637/2765 1510/2764 573/2766
f 638/4194 1511/4195 1509/4196
f 103/3620 1512/3623 590/3621
f 1508/2628 612/2625 1509/2629
f 600/817 639/821 580/814
f 639/821 638/823 580/814
f 131/146 1508/145 600/148
f 639/151 600/148 1508/145
f 639/821 1511/825 638/823
f 573/990 1497/992 1496/994
f 636/999 569/1002 1500/1006
f 572/997 569/1002 636/999
f 1504/2505 586/2501 533/2504
f 537/3336 536/3331 1507/3333
f 1505/121 561/125 1504/114
f 561/125 562/139 640/137
f 1503/2507 1504/2505 1506/2510
f 1503/2507 1506/2510 640/2513
f 1123/1281 1484/1269 535/1289
f 1484/1269 361/1283 535/1289
f 561/125 640/137 1506/131
f 640/3528 562/3529 1474/3530
f 1124/2514 1123/2511 1503/2507
f 1504/2505 535/2502 586/2501
f 1503/2507 1123/2511 535/2502
f 541/3428 1501/3425 652/3424
f 545/37 585/30 540/23
f 587/44 585/30 545/37
f 514/65 545/37 515/78
f 1466/11 500/16 498/22
f 361/1283 534/1294 535/1289
f 517/2199 557/2196 1499/2200
f 560/3439 517/3440 1499/3441
f 518/2506 533/2504 534/2503
f 565/3655 587/3659 643/3656
f 545/37 643/52 587/44
f 516/4050 517/4052 1476/4048
f 533/2504 515/2512 436/2509
f 533/2504 586/2501 534/2503
f 544/36 540/23 543/29
f 540/23 544/36 541/43
f 541/43 545/37 540/23
f 1489/3887 514/3888 362/3889
f 544/36 543/29 1502/42
f 513/18 1470/14 540/23
f 1501/62 541/43 1502/42
f 1501/62 550/76 549/86
f 1502/42 550/76 1501/62
f 1489/3887 642/3893 643/3891
f 514/65 643/52 545/37
f 1484/1269 1485/1258 519/1257
f 641/3892 642/3893 1489/3887
f 362/1290 1490/1276 664/1282
f 518/2506 514/2508 533/2504
f 361/1283 1490/1276 362/1290
f 1485/1258 520/1252 519/1257
f 643/3891 514/3888 1489/3887
f 514/1297 518/1295 362/1290
f 518/1295 361/1283 362/1290
f 1505/121 1531/126 536/130
f 516/4050 1476/4048 1499/4047
f 518/1295 534/1294 361/1283
f 1476/3442 517/3440 560/3439
f 514/2508 515/2512 533/2504
f 545/37 652/51 437/64
f 1499/140 562/139 516/138
f 1245/2189 571/2190 1078/2192
f 530/1009 569/1002 570/1005
f 568/623 567/616 1492/622
f 557/2196 517/2199 553/2191
f 530/1009 554/1016 517/1017
f 530/1009 517/1017 538/1012
f 537/1015 1500/1006 538/1012
f 561/125 536/130 537/136
f 557/3534 560/3532 562/3529
f 562/2201 1499/2200 557/2196
f 569/1002 538/1012 1500/1006
f 635/2767 573/2766 636/2768
f 478/984 1497/992 573/990
f 464/996 478/984 463/993
f 1488/3311 570/3312 1495/3313
f 479/991 463/993 478/984
f 464/3987 1496/3988 1497/3985
f 572/997 1496/994 1424/995
f 572/997 573/990 1496/994
f 1495/3313 1491/3314 1488/3311
f 1495/3313 570/3312 1498/3315
f 1488/1014 554/1016 530/1009
f 570/1005 1488/1014 530/1009
f 517/2199 554/2197 553/2191
f 563/3318 564/3317 1491/3314
f 572/997 568/1008 1498/1010
f 1495/637 1498/642 568/623
f 479/991 1416/998 1424/995
f 1493/455 1494/461 696/440
f 567/616 568/623 939/613
f 578/4012 563/4013 1492/4014
f 1493/1004 939/1013 568/1008
f 1486/1265 383/1274 370/1277
f 938/464 939/462 937/449
f 696/440 937/449 1493/455
f 555/621 684/615 556/629
f 578/2198 1078/2192 563/2195
f 567/616 578/610 1492/622
f 1491/3314 1487/3316 1488/3311
f 1492/622 1491/632 568/623
f 1491/4015 1492/4014 563/4013
f 564/3317 1487/3316 1491/3314
f 551/2183 1245/2189 555/2186
f 551/2183 555/2186 556/2184
f 571/2190 551/2183 552/2187
f 551/2183 559/2185 552/2187
f 559/2185 383/2188 552/2187
f 383/1274 589/1260 552/1279
f 1475/1273 552/1279 589/1260
f 554/2197 564/2194 553/2191
f 564/3317 554/3319 1488/3311
f 564/2194 571/2190 553/2191
f 1475/2193 553/2191 552/2187
f 553/2191 571/2190 552/2187
f 564/2194 563/2195 571/2190
f 589/1260 1486/1265 373/1250
f 1473/1266 1485/1258 1484/1269
f 512/1671 1480/1670 1483/1665
f 519/1257 411/1268 1490/1276
f 1473/1266 1482/1254 1485/1258
f 565/3655 642/3657 641/3658
f 645/1249 520/1252 1485/1258
f 589/1260 383/1274 1486/1265
f 1489/3887 362/3889 664/3890
f 1490/1276 1484/1269 519/1257
f 373/1250 645/1249 1482/1254
f 1482/1254 589/1260 373/1250
f 1481/1356 566/1359 397/1357
f 566/1956 1480/1964 512/1962
f 566/1956 512/1962 565/1952
f 512/1671 1483/1665 513/1669
f 1249/3 694/5 1469/8
f 1469/1662 1241/1656 1249/1661
f 1480/1360 1244/1358 1479/1361
f 1483/1665 1480/1670 1250/1659
f 1469/1662 1483/1665 1250/1659
f 589/1260 1472/1264 1475/1273
f 553/2191 1475/2193 557/2196
f 1474/3530 562/3529 560/3532
f 1474/4212 560/4213 1499/4214
f 512/3660 587/3659 565/3655
f 1469/8 1470/14 513/18
f 1469/1662 513/1669 1483/1665
f 1124/1278 1473/1266 1123/1281
f 513/1669 585/1673 512/1671
f 1124/3531 640/3528 1474/3530
f 532/3536 531/3533 1471/3535
f 531/3533 1124/3531 1474/3530
f 1471/3535 531/3533 1474/3530
f 1476/3442 1475/3444 1477/3445
f 1124/1278 531/1293 532/1286
f 1477/3445 1478/3448 532/3447
f 1478/1287 1472/1264 532/1286
f 1480/1670 1479/1672 1250/1659
f 688/13 526/9 687/12
f 1465/2696 505/2692 500/2700
f 509/2317 1238/2321 1239/2319
f 1238/25 688/13 1231/24
f 509/31 508/20 1238/25
f 508/20 688/13 1238/25
f 932/6 687/12 526/9
f 1241/1656 1242/1658 1249/1661
f 694/5 1249/3 527/2
f 526/9 527/2 932/6
f 1466/11 498/22 499/17
f 1466/11 694/5 1465/10
f 528/7 526/9 688/13
f 504/3513 1464/3512 528/3516
f 495/15 525/27 504/21
f 500/16 1466/11 1465/10
f 528/7 1465/10 694/5
f 503/2869 504/2873 1468/2872
f 688/13 508/20 495/15
f 495/15 508/20 529/26
f 508/20 488/33 529/26
f 1465/3518 1464/3512 497/3517
f 499/17 1470/14 1466/11
f 1466/11 1469/8 694/5
f 584/2920 523/2921 500/2922
f 494/34 525/27 495/15
f 543/29 540/23 499/17
f 523/28 686/41 543/29
f 523/28 498/22 500/16
f 543/29 686/41 521/50
f 693/2914 657/2915 1538/2917
f 523/2921 584/2920 1540/2918
f 1540/2918 438/2916 693/2914
f 525/27 328/47 674/40
f 1467/2870 353/2865 1468/2872
f 1467/2870 1468/2872 504/2873
f 500/2700 505/2692 584/2703
f 505/2692 583/2699 584/2703
f 503/3514 1552/3515 1464/3512
f 497/2693 505/2692 1465/2696
f 1466/11 1470/14 1469/8
f 529/26 1463/32 495/15
f 495/4132 1463/4133 494/4134
f 1463/32 529/26 494/34
f 336/3268 491/3267 691/3271
f 1457/2309 1193/2306 1196/2305
f 1458/38 690/54 1462/67
f 510/68 490/109 659/98
f 659/98 501/80 510/68
f 1462/4020 501/4021 502/4022
f 501/80 1462/67 510/68
f 510/3274 691/3271 490/3273
f 489/3979 490/3981 1461/3982
f 1460/39 1459/45 681/66
f 493/56 328/47 1460/39
f 681/66 492/70 1460/39
f 658/90 492/70 681/66
f 494/34 529/26 1460/39
f 1460/39 525/27 494/34
f 681/66 502/53 501/80
f 1462/67 690/54 510/68
f 502/53 1458/38 1462/67
f 1459/45 529/26 1458/38
f 529/26 1459/45 1460/39
f 529/26 488/33 1458/38
f 511/46 690/54 1458/38
f 1235/91 1237/100 1456/82
f 488/33 508/20 509/31
f 487/55 511/46 488/33
f 1236/2311 1457/2309 488/2313
f 1236/2311 488/2313 509/2317
f 696/440 1423/454 695/448
f 439/3217 1402/3219 457/3216
f 449/1310 450/1311 440/1305
f 1455/436 1430/432 696/440
f 2257/428 485/425 2258/433
f 485/425 1430/432 1455/436
f 696/440 697/444 1455/436
f 1421/443 486/439 1455/436
f 1421/443 697/444 695/448
f 1415/1000 695/1007 1423/1003
f 1422/695 1421/701 695/704
f 1396/1482 1419/1483 577/1481
f 460/1445 461/1438 1420/1447
f 460/1445 473/1452 1412/1451
f 577/1443 576/1440 100/1437
f 1410/1450 460/1445 1420/1447
f 473/1452 460/1445 1410/1450
f 482/2451 481/2448 1125/2444
f 481/721 482/727 2266/726
f 2265/719 1398/713 2269/722
f 1398/713 481/721 2267/725
f 469/511 1128/513 465/509
f 1419/1483 579/1486 577/1481
f 1411/1490 1410/1495 1420/1492
f 469/511 465/509 1403/503
f 469/1485 1409/1488 1419/1483
f 469/1485 1396/1482 470/1489
f 442/505 443/507 477/497
f 67/1487 1396/1482 72/1484
f 1403/503 466/506 442/505
f 1126/512 466/506 465/509
f 1403/503 465/509 466/506
f 477/497 476/496 474/501
f 1128/513 76/516 465/509
f 469/511 1403/503 1409/508
f 476/496 468/498 1407/500
f 475/504 1403/503 474/501
f 476/496 1407/500 474/501
f 1407/3766 1418/3767 462/3768
f 475/504 1409/508 1403/503
f 472/3821 1413/3823 473/3822
f 475/3196 1407/3197 1413/3198
f 477/497 471/494 476/496
f 467/493 476/496 471/494
f 448/3220 439/3217 1399/3218
f 1407/3766 1417/3769 1418/3767
f 468/498 476/496 467/493
f 1417/2490 1407/2494 468/2491
f 1413/3198 1407/3197 459/3200
f 1415/699 479/708 1397/703
f 1416/998 1415/1000 1424/995
f 1416/712 479/708 1415/699
f 1408/696 1415/699 1397/703
f 1410/1495 1411/1490 472/1494
f 1411/1490 1409/1488 472/1494
f 1407/500 475/504 474/501
f 1414/706 477/700 1408/696
f 445/1395 1402/1397 439/1399
f 1404/697 1406/709 1405/714
f 443/705 1406/709 1404/697
f 1403/503 442/505 477/497
f 477/497 474/501 1403/503
f 1402/1397 445/1395 457/1393
f 455/1385 1117/1391 444/1389
f 456/1378 455/1385 1400/1388
f 455/3214 1394/3213 1117/3215
f 444/1389 1400/1388 455/1385
f 457/1393 444/1389 1117/1391
f 1394/3213 457/3216 1117/3215
f 439/3217 448/3220 449/3221
f 448/3844 1399/3843 447/3839
f 1394/3840 447/3839 1399/3843
f 1394/3213 439/3217 457/3216
f 1414/495 471/494 477/497
f 445/1395 444/1389 457/1393
f 445/1395 439/1399 827/1400
f 1399/3218 439/3217 1394/3213
f 449/1586 448/1583 450/1577
f 467/715 1401/711 1397/703
f 1128/2802 469/2803 470/2804
f 1126/512 1395/510 466/506
f 1126/2446 81/2450 78/2447
f 470/2804 69/2805 1128/2802
f 443/507 442/505 1395/510
f 1125/2444 1126/2446 78/2447
f 481/2448 1127/2445 1125/2444
f 1398/713 1127/718 481/721
f 1398/713 1395/716 1127/718
f 1395/510 1126/512 1127/515
f 456/1378 1247/1374 453/1379
f 453/2574 454/2572 1387/2571
f 453/1379 452/1384 451/1382
f 453/1379 451/1382 456/1378
f 451/1382 455/1385 456/1378
f 699/1702 662/1700 273/1699
f 740/585 680/571 770/580
f 680/571 788/582 770/580
f 758/605 322/606 747/595
f 771/475 430/481 785/480
f 776/476 786/474 762/473
f 786/269 733/263 773/265
f 304/1421 307/1422 423/1418
f 1565/3064 677/3063 667/3061
f 717/2285 720/2281 418/2283
f 412/2635 425/2636 719/2633
f 273/2061 292/2062 314/2056
f 766/574 762/567 761/570
f 785/583 770/580 768/576
f 781/1697 723/1695 741/1691
f 772/569 768/576 769/572
f 769/572 767/579 680/571
f 723/3041 724/3039 782/3043
f 736/260 773/265 733/263
f 728/275 733/263 776/274
f 772/569 755/565 764/564
f 762/473 786/474 773/471
f 767/579 788/582 680/571
f 764/564 763/563 762/567
f 761/570 763/563 746/566
f 762/567 763/563 761/570
f 768/477 771/475 788/479
f 771/267 736/260 316/264
f 757/601 758/605 747/595
f 680/571 758/575 757/568
f 757/568 755/565 680/571
f 746/566 763/563 756/562
f 746/566 744/577 748/573
f 744/577 749/581 748/573
f 726/261 733/263 730/266
f 673/3370 740/3367 737/3369
f 785/1419 673/1420 737/1417
f 430/481 421/484 673/483
f 680/571 740/585 675/588
f 279/3040 724/3039 705/3038
f 722/3034 705/3038 724/3039
f 416/2292 414/2296 420/2288
f 433/3233 1568/3237 1564/3234
f 722/3034 285/3037 705/3038
f 675/486 673/483 421/484
f 291/1621 281/1619 277/1617
f 285/3037 312/3042 279/3040
f 430/271 316/264 305/277
f 305/277 429/279 430/271
f 403/1948 402/1954 405/1960
f 458/3201 459/3200 462/3202
f 625/2102 1547/2098 330/2105
f 432/2824 375/2827 389/2825
f 542/1959 404/1963 402/1954
f 358/4145 660/4144 326/4143
f 357/3134 351/3133 355/3136
f 668/3057 1569/3060 667/3061
f 311/280 601/283 309/273
f 625/311 323/327 602/313
f 655/306 235/296 626/302
f 1244/1358 1480/1360 1481/1356
f 303/1425 307/1422 328/1424
f 1545/1701 273/1699 620/1698
f 670/3521 1562/3522 1561/3523
f 324/124 311/119 329/129
f 237/346 235/296 602/313
f 1521/176 1516/170 596/164
f 1526/3028 594/3025 1528/3024
f 374/827 1549/826 638/823
f 612/1439 591/1435 1509/1442
f 598/849 633/866 1524/872
f 484/854 1535/861 609/857
f 664/3890 641/3892 1489/3887
f 548/88 1537/63 346/87
f 569/1002 530/1009 538/1012
f 559/2185 558/2182 383/2188
f 551/2183 558/2182 559/2185
f 1536/3335 1507/3333 1519/3330
f 557/3443 1475/3444 1476/3442
f 336/3268 691/3271 511/3272
f 435/1429 434/1428 493/1427
f 1467/35 525/27 674/40
f 495/15 504/21 528/7
f 1456/3078 698/3076 511/3075
f 511/3272 691/3271 510/3274
f 696/440 1431/441 937/449
f 1408/696 1397/703 1414/706
f 695/704 1415/699 1422/695
f 1423/1003 1494/1001 1424/995
f 1494/461 1423/454 696/440
f 199/2350 71/2352 480/2351
f 576/1440 1517/1434 100/1437
f 305/3809 422/3811 304/3812
f 416/1951 403/1948 413/1955
f 304/3012 422/3014 350/3008
f 309/3071 310/3072 350/3073
f 390/1253 379/1259 384/1263
f 426/3499 424/3502 385/3504
f 408/2637 425/2636 412/2635
f 408/2637 400/2641 424/2638
f 364/1950 542/1959 402/1954
f 402/1954 403/1948 364/1950
f 390/1253 384/1263 385/1271
f 654/770 653/767 593/774
f 364/1261 365/1275 409/1267
f 347/2601 342/2599 343/2603
f 356/3138 357/3134 355/3136
f 1468/2872 353/2865 503/2869
f 317/3074 309/3071 350/3073
f 308/1127 318/1126 315/1124
f 294/2072 276/2069 271/2066
f 294/2072 271/2066 272/2071
f 301/1709 298/1708 324/1705
f 285/2059 314/2056 1119/2055
f 281/3127 291/3131 290/3129
f 286/1616 299/1618 278/1613
f 669/3059 1569/3060 668/3057
f 701/3813 1569/3815 358/3816
f 235/296 234/294 1558/293
f 1121/3205 715/3208 661/3207
f 707/3814 667/3817 1569/3815
f 432/3176 718/3175 375/3172
f 433/3233 718/3238 432/3239
f 595/819 676/822 1567/824
f 615/1601 616/1611 685/1602
f 345/875 672/878 1560/874
f 356/3235 1546/3232 1564/3234
f 627/2933 327/2932 1557/2934
f 670/3065 1558/3067 1565/3064
f 1558/293 249/291 1559/290
f 249/876 1560/874 672/878
f 345/2103 344/2094 672/2100
f 683/2101 1547/2098 344/2094
f 344/2094 1547/2098 627/2095
f 324/1705 298/1708 276/1707
f 238/3742 662/3743 699/3744
f 1544/1703 1545/1701 620/1698
f 626/302 235/296 1556/299
f 626/302 1556/299 634/305
f 300/1620 620/1622 299/1618
f 1545/1701 324/1705 294/1706
f 291/1621 299/1618 620/1622
f 1538/2917 1540/2918 693/2914
f 331/97 658/90 489/108
f 656/134 332/122 1724/128
f 325/132 319/127 332/122
f 493/1427 434/1428 321/1426
f 438/2916 1540/2918 584/2920
f 396/1352 1138/1354 1481/1356
f 438/2916 354/2911 693/2914
f 1480/1360 566/1359 1481/1356
f 397/1357 392/1355 396/1352
f 521/50 686/41 522/61
f 354/2695 583/2699 505/2692
f 341/2913 657/2915 693/2914
f 542/1251 363/1255 644/1248
f 393/1941 401/1939 359/1935
f 372/1247 645/1249 373/1250
f 370/1277 383/1274 558/1288
f 574/989 575/985 1510/987
f 368/2500 367/2499 1514/2495
f 574/2763 1510/2764 369/2761
f 683/93 682/101 624/83
f 624/83 623/95 628/74
f 628/74 623/95 689/75
f 683/93 599/71 330/102
f 1534/3253 595/3251 631/3250
f 596/820 1532/816 595/819
f 582/812 1551/815 595/819
f 1551/815 582/812 580/814
f 1459/45 502/53 681/66
f 1534/1609 631/1610 615/1601
f 617/869 1546/873 702/863
f 615/3872 1541/3871 1525/3873
f 689/75 522/61 628/74
f 376/862 629/858 604/851
f 683/2101 344/2094 355/2104
f 652/51 545/37 541/43
f 593/3029 653/3026 594/3025
f 653/3026 1527/3023 594/3025
f 633/1605 632/1608 1520/1603
f 611/850 1522/847 606/853
f 1500/3030 537/3031 1527/3023
f 594/4220 1526/4221 609/4218
f 1535/4110 1536/4111 593/4108
f 1504/2505 1503/2507 535/2502
f 1507/3333 536/3331 1519/3330
f 1519/3330 609/3334 1536/3335
f 484/1594 611/1588 1530/1591
f 1520/1603 615/1601 1524/1597
f 1520/1603 1521/1606 615/1601
f 598/1595 610/1590 605/1592
f 610/1590 1530/1591 611/1588
f 484/854 1529/867 1535/861
f 1507/3027 1527/3023 537/3031
f 1504/114 607/106 1505/121
f 1523/855 1518/852 1533/859
f 598/849 1522/847 603/846
f 151/181 1521/176 597/190
f 1521/176 632/202 597/190
f 581/150 150/159 148/154
f 148/154 146/160 131/146
f 1417/832 1513/829 1418/830
f 1514/2495 506/2492 468/2491
f 468/2491 575/2497 1514/2495
f 71/2352 100/2353 480/2351
f 1420/1447 461/1438 577/1443
f 592/1441 591/1435 461/1438
f 1517/1434 480/1433 100/1437
f 467/986 1397/988 478/984
f 480/2351 441/2348 199/2350
f 613/2347 199/2350 441/2348
f 575/2497 574/2498 1514/2495
f 591/1435 612/1439 441/1436
f 612/2625 1508/2628 590/2626
f 1511/161 639/151 1509/155
f 573/2766 635/2767 637/2765
f 573/990 572/997 636/999
f 569/1002 572/997 570/1005
f 1506/131 1504/114 561/125
f 1503/2507 640/2513 1124/2514
f 1531/126 1505/121 607/106
f 664/1958 410/1946 641/1957
f 516/138 561/125 537/136
f 1401/711 1414/706 1397/703
f 1494/1001 1493/1004 572/997
f 572/997 1424/995 1494/1001
f 572/997 1498/1010 570/1005
f 1476/4048 1471/4051 1474/4049
f 1477/1280 1475/1273 1472/1264
f 578/610 567/616 939/613
f 1245/2189 551/2183 571/2190
f 578/610 939/613 890/607
f 939/462 1493/455 937/449
f 1491/632 1495/637 568/623
f 1488/3311 1487/3316 564/3317
f 563/2195 1078/2192 571/2190
f 1484/1269 1490/1276 361/1283
f 1123/1281 1473/1266 1484/1269
f 410/1946 565/1952 641/1957
f 1476/3442 560/3439 557/3443
f 1250/1659 1241/1656 1469/1662
f 585/4112 587/4113 512/4114
f 1472/1264 1473/1266 1124/1278
f 1471/3446 1476/3442 1477/3445
f 532/3447 1471/3446 1477/3445
f 1472/1264 1124/1278 532/1286
f 1472/1264 1478/1287 1477/1280
f 498/22 523/28 543/29
f 688/13 495/15 528/7
f 1552/3515 497/3517 1464/3512
f 1465/3518 528/3516 1464/3512
f 504/21 525/27 1467/35
f 507/3079 336/3077 698/3076
f 488/2313 1457/2309 883/2308
f 1458/38 502/53 1459/45
f 510/68 690/54 511/46
f 692/69 1235/91 1456/82
f 883/2308 487/2316 488/2313
f 692/69 511/46 487/55
f 1458/38 488/33 511/46
f 692/69 1456/82 511/46
f 439/1307 440/1305 827/1302
f 1421/443 1455/436 697/444
f 2270/702 1404/697 2271/707
f 1408/696 1422/695 1415/699
f 1424/995 1415/1000 1423/1003
f 2259/437 486/439 2272/446
f 1422/695 1404/697 486/698
f 460/1445 1412/1451 458/1448
f 462/1444 460/1445 458/1448
f 1404/697 1405/714 2260/710
f 1517/1434 576/1440 461/1438
f 1125/2444 78/2447 79/2449
f 1125/2444 79/2449 482/2451
f 1395/510 442/505 466/506
f 1405/714 1406/709 1398/713
f 1128/231 69/212 76/222
f 1419/1483 1409/1488 1411/1490
f 1411/1490 1420/1492 579/1486
f 1419/1483 1411/1490 579/1486
f 458/3201 1412/3203 1413/3198
f 475/3196 1413/3198 472/3199
f 459/3200 458/3201 1413/3198
f 1419/1483 1396/1482 469/1485
f 73/1480 72/1484 1396/1482
f 67/2806 69/2805 470/2804
f 462/3202 459/3200 1407/3197
f 1404/697 1408/696 477/700
f 1409/1488 475/1496 472/1494
f 1413/3823 1412/3824 473/3822
f 477/700 443/705 1404/697
f 1395/716 1398/713 443/705
f 1398/713 1406/709 443/705
f 445/1395 827/1400 809/1398
f 67/1487 470/1489 1396/1482
f 81/514 1126/512 465/509
f 780/2708 779/2706 1628/2705
f 788/582 767/579 768/576
f 675/589 740/590 673/591
f 568/1008 572/997 1493/1004
f 1535/3337 1529/3338 1507/3333
f 578/610 890/607 1078/609
f 1422/695 486/698 1421/701
f 781/2835 722/2836 723/2837
f 748/573 761/570 746/566
f 771/267 773/265 736/260
f 755/565 769/572 680/571
f 1424/995 1496/994 463/993
f 1505/121 536/130 561/125
f 1896/3932 1894/3933 1893/3934
f 1644/3377 1643/3378 1645/3379
f 1719/2040 1605/2041 1720/2042
f 1708/2427 1704/2428 2004/2429
f 1702/2935 1703/2936 1694/2937
f 1710/2516 1941/2517 1945/2518
f 1908/2520 1941/2517 1710/2516
f 1940/2525 1699/2523 1908/2520
f 1704/2428 1708/2427 1909/2431
f 1695/2028 1701/2029 1696/2030
f 1622/2388 1685/2389 1684/2390
f 1684/1675 1624/1676 1683/1677
f 1684/2390 1688/2394 1629/2391
f 1614/2001 760/2004 759/1998
f 1692/2819 1690/2820 1689/2821
f 1675/3106 1677/3107 1676/3108
f 1581/2977 1870/2978 1580/2979
f 1721/2468 1647/2469 2010/2470
f 1643/3378 1646/3382 1645/3379
f 1640/965 1651/966 1620/967
f 1883/1470 1640/1471 1654/1472
f 1648/2257 1650/2258 1649/2259
f 1622/1679 1624/1676 1623/1681
f 1981/4197 1617/4198 1616/4199
f 1615/2003 1655/1999 1122/1995
f 1935/2958 1611/2959 1826/2960
f 1905/3229 781/3230 1606/3231
f 1638/1900 1632/1901 1639/1902
f 1693/1904 1632/1901 1623/1906
f 1630/945 1632/946 1631/947
f 1592/2982 1581/2977 1593/2980
f 222/2847 1573/2846 269/2850
f 1600/4098 1599/4099 2016/4100
f 2018/3905 1921/3906 2019/3907
f 1591/1044 176/1045 263/1046
f 1586/2474 1585/2477 1584/2472
f 216/347 240/362 217/371
f 20/2032 1696/2030 1701/2029
f 1701/2769 1948/2770 1850/2771
f 1695/1100 1939/1101 1944/1102
f 794/2519 1938/2521 1702/2524
f 2022/1713 11/1714 2023/1715
f 794/2519 1945/2518 1938/2521
f 1944/1102 1910/1105 1701/1103
f 1707/2436 1706/2434 1708/2427
f 1947/1547 1588/1548 1706/1549
f 794/2874 792/2875 1911/2876
f 1864/2432 1707/2436 1708/2427
f 1700/2526 1938/2521 1699/2523
f 1945/2518 1941/2517 1938/2521
f 1694/2937 1703/2936 1700/2939
f 1710/1110 1911/1107 1711/1104
f 1942/2734 1943/2735 1704/2736
f 1706/1549 1705/1552 1942/1555
f 1864/2432 1708/2427 2005/2430
f 2004/2739 1943/2735 2006/2741
f 1696/2030 1702/2031 1695/2028
f 1700/2939 1699/2941 1939/2940
f 1942/2734 1705/2738 1943/2735
f 1702/2935 1694/2937 1695/2938
f 1701/1103 1695/1100 1944/1102
f 1909/2431 1917/2433 1704/2428
f 794/2519 1710/2516 1945/2518
f 1943/2735 1705/2738 1588/2740
f 1694/2937 1700/2939 1695/2938
f 1942/2734 1704/2736 1917/2737
f 1938/2521 1700/2526 1703/2528
f 1939/1101 1908/1106 1711/1104
f 1700/2939 1939/2940 1695/2938
f 1908/2520 1699/2523 1941/2517
f 1940/1109 1908/1106 1939/1101
f 1647/2469 1584/2472 1713/2475
f 1939/2940 1699/2941 1940/2942
f 1639/1902 1693/1904 1624/1907
f 1624/2393 1684/2390 1685/2389
f 1639/1684 1622/1679 1623/1681
f 1693/1904 1623/1906 1624/1907
f 1624/1676 1622/1679 1683/1677
f 1684/2390 1629/2391 1622/2388
f 1906/3754 1682/3755 790/3756
f 1936/3276 1682/3277 774/3278
f 1681/2666 1936/2667 774/2668
f 1690/2820 1692/2819 1712/2822
f 1936/2667 1681/2666 1680/2670
f 790/3756 1628/3757 1906/3754
f 780/2708 1628/2705 790/2710
f 1682/3755 1936/3758 790/3756
f 1936/1694 1680/1696 789/1687
f 1937/1850 1606/1851 1635/1852
f 1934/2961 1935/2958 1826/2960
f 1606/2662 1907/2663 1905/2664
f 1931/4166 1636/4167 1933/4168
f 279/1860 1933/1861 1635/1852
f 1572/1856 1932/1853 1635/1852
f 1932/1853 1937/1850 1635/1852
f 781/1855 724/1858 1635/1852
f 1929/2843 1932/2851 1572/2849
f 1907/2852 1919/2853 1904/2854
f 1891/2547 1901/2548 1919/2549
f 1606/1851 1891/1854 1919/1857
f 1907/2663 1606/2662 1919/2665
f 1632/946 1630/945 1623/949
f 1714/2552 1930/2560 1902/2557
f 1715/2554 1673/2559 1674/2556
f 1901/2548 1891/2547 1633/2550
f 1901/2548 1715/2554 1634/2551
f 1890/1527 1903/1528 1722/1529
f 1903/2861 1890/2858 1674/2859
f 1715/2554 1714/2552 1902/2557
f 1901/2548 1634/2551 1919/2549
f 1634/2551 1715/2554 1674/2556
f 1674/3570 1673/3571 2032/3572
f 1640/1471 1883/1470 1913/1473
f 1712/2822 1898/2823 1690/2820
f 1691/1862 1690/1863 1898/1864
f 1644/3377 1920/3386 1657/3384
f 1689/1866 1690/1863 1691/1862
f 1691/2363 1692/2364 1689/2365
f 1898/1864 1667/1865 1691/1862
f 1666/2355 1922/2356 1627/2357
f 1688/1678 1683/1677 1665/1680
f 1688/1678 1684/1675 1683/1677
f 1924/3372 1923/3373 1922/3374
f 1922/3374 1923/3373 1665/3375
f 1626/3376 1922/3374 1665/3375
f 1626/1867 1667/1865 1898/1864
f 1626/2359 1627/2357 1922/2356
f 1644/3377 1687/3383 1920/3386
f 1669/3385 1645/3379 1646/3382
f 1648/979 1928/982 1618/975
f 1645/1069 1669/1067 1582/1063
f 1645/3379 1670/3380 1644/3377
f 1669/1067 1925/1066 1582/1063
f 1926/3974 1686/3975 1687/3976
f 1903/3151 1674/3152 1900/3153
f 1584/1068 1925/1066 1669/1067
f 1582/1063 1662/1059 1983/1064
f 1895/3240 1896/3241 1670/3242
f 1645/3246 1582/3243 1670/3242
f 1896/2995 1625/2996 1686/2997
f 1666/3416 1626/3417 1665/3418
f 1926/3974 1687/3976 1896/3977
f 1625/2996 1920/2999 1686/2997
f 1688/2394 1923/2395 1629/2391
f 1666/2369 1627/2368 1667/2367
f 1979/3542 1658/3543 1697/3544
f 1683/1677 1629/1682 1665/1680
f 1666/1868 1667/1865 1626/1867
f 1923/2395 1924/2396 1629/2391
f 1666/2355 1665/2360 1924/2358
f 1661/1831 1888/1832 1983/1833
f 1665/1680 1629/1682 1924/1685
f 1916/1841 1668/1839 1878/1837
f 1663/2074 1977/2075 1668/2076
f 1664/2077 1977/2075 1663/2074
f 1583/3244 1895/3240 1582/3243
f 1582/1063 1925/1066 1971/1053
f 1983/3550 1658/3543 1582/3547
f 1584/1068 1971/1053 1925/1066
f 1625/2996 1660/3000 1920/2999
f 1583/3244 1979/3247 1896/3241
f 1721/2468 1586/2474 1584/2472
f 1887/3546 1658/3543 1888/3548
f 1893/3934 1625/3935 1896/3932
f 1657/3643 1920/3644 1617/3645
f 1977/2075 1982/2080 1897/2078
f 1698/3449 1894/3450 1697/3451
f 1590/2079 1601/2081 1982/2080
f 1900/2562 1673/2559 1902/2557
f 1907/2852 1904/2854 1859/2855
f 1673/3456 1900/3457 1676/3458
f 1876/3157 1900/3153 2034/3156
f 1894/3466 1598/3467 2036/3468
f 1892/3471 1894/3466 2037/3469
f 1977/2075 1590/2079 1982/2080
f 2041/2084 1897/2078 2042/2082
f 1894/3450 1897/3453 1598/3455
f 1676/3458 1900/3457 1675/3460
f 1897/2078 1982/2080 1601/2081
f 1698/3449 1668/3454 1897/3453
f 1668/2076 1977/2075 1897/2078
f 1580/2979 1593/2980 1581/2977
f 1642/970 1651/966 1641/968
f 1882/1453 268/1454 1641/1455
f 2043/4200 1617/4198 2050/4201
f 1617/3645 1981/3646 1657/3643
f 1900/3153 1674/3152 2033/3155
f 2052/3692 1884/3693 2053/3694
f 1927/3649 1709/3647 1884/3651
f 1616/3648 1709/3647 1981/3646
f 1687/3976 1686/3975 1920/3978
f 1644/3377 1927/3381 1643/3378
f 1659/3697 1647/3699 1669/3700
f 1659/3697 1671/3695 1647/3699
f 1647/4176 1671/4177 2009/4178
f 1669/1067 1713/1070 1584/1068
f 1647/3699 1713/3703 1669/3700
f 1669/3700 1646/3702 1643/3698
f 2053/3654 1709/3647 2057/3652
f 1657/3384 1927/3381 1644/3377
f 1927/3649 1657/3643 1709/3647
f 1659/3697 1643/3698 1884/3693
f 1621/969 1620/967 1651/966
f 1883/1465 267/1466 1642/1463
f 1642/1463 1882/1453 1913/1459
f 1882/1453 1899/1456 1913/1459
f 1640/1471 1899/1475 1641/1477
f 1640/965 1641/968 1651/966
f 1642/970 1641/968 2048/973
f 1882/1453 1642/1463 2058/1461
f 1651/966 1642/970 266/971
f 1654/1472 1620/1474 1618/1476
f 1621/969 1619/972 1620/967
f 1621/969 1651/966 266/971
f 1653/974 1621/969 266/971
f 1834/2965 1608/2962 1835/2964
f 1608/2962 1612/2963 1611/2959
f 1608/1406 1607/1407 1612/1408
f 1656/1985 1607/1986 1613/1987
f 1615/1988 1656/1985 1613/1987
f 1613/1987 1612/1991 1655/1990
f 1655/1990 1615/1988 1613/1987
f 1619/972 1618/975 1620/967
f 1652/978 1619/972 1653/974
f 1652/978 1653/974 266/971
f 267/1466 1654/1467 1652/1469
f 1618/2262 1928/2261 1652/2260
f 1928/2261 1650/2258 1652/2260
f 1652/978 1648/979 1619/972
f 1648/979 1618/975 1619/972
f 1928/3046 1648/3047 1881/3048
f 753/2486 1615/2488 752/2487
f 1682/2671 1681/2666 1649/2669
f 1649/2344 774/2342 760/2343
f 1881/3048 1614/3051 1649/3049
f 1881/3048 1649/3049 1928/3046
f 760/3050 1881/3048 1648/3047
f 1648/2345 1649/2344 760/2343
f 753/1996 1122/1995 1655/1999
f 759/1998 1120/1997 1614/2001
f 753/3052 754/3053 1649/3054
f 753/1996 1649/2000 1120/1997
f 774/2668 1649/2669 1681/2666
f 1615/2003 1122/1995 752/2002
f 1649/3054 754/3053 1682/3055
f 1656/2489 1615/2488 753/2486
f 1609/1989 1611/1992 1612/1991
f 1612/1991 1613/1987 1609/1989
f 1613/1987 1607/1986 1609/1989
f 1611/1992 1609/1989 1610/1993
f 1610/1993 1826/1994 1611/1992
f 1935/2958 1934/2961 1608/2962
f 1934/2961 1835/2964 1608/2962
f 1608/2962 1611/2959 1935/2958
f 1610/1413 1609/1409 1834/1411
f 279/4034 725/4035 1931/4036
f 1901/2548 1633/2550 1714/2552
f 1637/2841 1929/2843 1573/2846
f 1572/1856 1635/1852 1636/1859
f 1930/2560 1980/2563 1902/2557
f 725/3081 280/3082 1912/3083
f 1912/3083 1576/3085 1636/3086
f 1572/2849 1573/2846 1929/2843
f 1572/3088 1576/3085 1573/3089
f 1963/1803 1980/1804 1930/1805
f 1963/3320 1855/3321 1980/3322
f 1877/961 1854/952 1849/959
f 1714/2988 1633/2989 1970/2987
f 1606/1851 1937/1850 1891/1854
f 1905/2839 1637/2841 1914/2838
f 1905/2897 1937/2898 1929/2899
f 1855/3321 1903/3324 1980/3322
f 1633/2857 1890/2858 1970/2860
f 1907/2900 1891/2902 1937/2898
f 1579/948 1964/950 1630/945
f 1978/3452 1668/3454 1698/3449
f 1892/3471 1921/3474 1596/3477
f 1916/1841 1885/1842 1664/1847
f 1877/1905 1631/1903 1638/1900
f 1590/2079 1977/2075 1664/2077
f 1668/1839 1978/1836 1878/1837
f 1661/1055 1662/1059 1865/1047
f 1662/1059 1582/1063 1971/1053
f 1586/2474 1721/2468 2011/2471
f 1971/1053 1865/1047 1662/1059
f 1625/3475 1893/3473 1892/3471
f 1979/3542 1583/3545 1658/3543
f 1697/3248 1896/3241 1979/3247
f 1672/4154 1625/4155 2062/4156
f 1625/3475 1892/3471 1596/3477
f 1697/3451 1978/3452 1698/3449
f 2042/2082 1601/2081 2067/2083
f 1971/2480 1584/2472 1585/2477
f 1972/3666 1589/3667 1600/3668
f 1959/2230 1590/2231 1664/2232
f 2068/2085 1973/2087 2072/2088
f 1930/1805 1869/1806 1963/1803
f 1967/1808 1870/1815 1875/1813
f 1594/1812 1602/1809 1976/1810
f 1677/3107 1956/3110 1876/3109
f 1825/412 1717/414 1718/410
f 1975/4203 1717/4204 2075/4205
f 1825/4169 1974/4170 1824/4171
f 1577/400 1873/397 1856/392
f 1577/400 203/402 1873/397
f 1974/409 1955/405 1824/407
f 2078/416 1717/414 2079/418
f 1968/3939 1581/3940 1592/3941
f 1974/409 1825/412 1718/410
f 1912/3083 280/3082 1576/3085
f 1874/394 1915/390 1856/392
f 1573/2846 222/2847 1637/2841
f 1593/2980 1580/2979 1880/2981
f 1871/399 1955/405 1965/406
f 1602/1809 1967/1808 1976/1810
f 1976/411 1718/410 2080/413
f 1966/3111 1956/3110 1677/3107
f 2013/4123 1969/4124 2082/4125
f 1579/3304 1578/3305 1961/3306
f 1589/3922 1973/3923 1601/3924
f 1875/408 1974/409 1718/410
f 1603/4003 1966/4004 1675/4005
f 1719/2040 1860/2043 1679/2046
f 1592/2982 1593/2980 1869/2983
f 1869/3825 1880/3826 1967/3827
f 2082/4125 1861/4127 2083/4128
f 1595/3669 1600/3668 1589/3667
f 1601/2237 1590/2231 1589/2234
f 1589/2234 1590/2231 1959/2230
f 1973/2087 1595/2090 2014/2089
f 1972/2091 1595/2090 1973/2087
f 1957/1060 1851/1049 1971/1053
f 1971/1053 1851/1049 1865/1047
f 1953/2483 1585/2477 2086/2481
f 1600/3668 1595/3669 1599/3670
f 1716/2235 1844/2238 1959/2230
f 1972/3731 1600/3732 2017/3733
f 1599/3736 1972/3731 2085/3735
f 1918/2236 1847/2239 1589/2234
f 1957/2482 1585/2477 1953/2483
f 1959/2230 1885/2233 1716/2235
f 1886/1050 1661/1055 1865/1047
f 1878/1837 1879/1840 1885/1842
f 239/1536 1679/1538 1872/1533
f 1579/3304 1877/3307 1578/3305
f 1722/1529 1903/1528 1855/1531
f 1889/4187 1872/4188 1859/4189
f 1930/2984 1970/2987 1889/2986
f 1872/1533 1889/1530 1722/1529
f 1890/1527 1722/1529 1889/1530
f 1678/3942 1860/3944 1968/3939
f 1874/394 1873/397 1871/399
f 1930/2984 1678/2985 1592/2982
f 1118/2840 1914/2838 233/2842
f 1604/396 1605/391 1874/394
f 1877/2673 1630/2674 1854/2675
f 1917/2433 1909/2431 1706/2434
f 1926/2998 1896/2995 1686/2997
f 1931/3084 725/3081 1912/3083
f 1964/950 219/956 208/954
f 217/2049 1857/2047 1575/2044
f 1950/301 250/298 205/295
f 1624/2393 1685/2389 1639/2392
f 1948/1108 1910/1105 256/1112
f 2020/2745 1958/2742 2092/2747
f 1867/1553 192/1556 1587/1551
f 1677/4006 1675/4007 1966/4008
f 1581/401 1604/396 1871/399
f 1630/945 1631/947 1579/948
f 1966/1811 1594/1812 2073/1816
f 163/1849 161/1848 263/1843
f 1846/1554 1868/1557 194/1561
f 177/350 241/331 170/314
f 120/3537 125/3538 126/3539
f 136/185 144/178 147/167
f 1605/2041 1719/2040 1575/2044
f 225/353 240/362 216/347
f 1878/1837 1978/1836 1886/1834
f 1962/1824 1956/1823 1969/1822
f 264/316 242/322 241/331
f 212/4191 253/4192 246/4193
f 47/2883 197/2884 201/2882
f 48/3015 44/3016 47/3017
f 171/300 244/303 249/291
f 252/309 249/291 244/303
f 178/329 209/337 2096/349
f 165/308 264/316 158/324
f 96/907 104/908 117/909
f 101/3358 108/3359 109/3360
f 101/1119 115/1120 116/1117
f 50/175 29/179 42/186
f 22/912 19/914 96/907
f 87/1736 84/1737 82/1738
f 75/3019 197/3021 47/3017
f 50/175 51/169 29/179
f 2274/4016 58/4017 2275/4018
f 72/1484 68/1491 67/1487
f 58/2452 77/2453 80/2459
f 31/236 37/237 54/219
f 187/3364 195/3366 114/3365
f 9/2034 1702/2031 793/2033
f 1702/2031 1696/2030 793/2033
f 232/369 227/352 236/360
f 229/370 224/372 228/361
f 1861/4063 1954/4064 2103/4065
f 1963/3320 1956/3325 1962/3323
f 1837/398 1836/395 269/393
f 269/3090 1573/3089 1837/3087
f 1969/1822 1966/1811 1861/1820
f 2105/4067 1861/4063 2106/4069
f 1889/2555 1679/2553 1678/2558
f 1719/2040 1574/2048 1575/2044
f 1574/2048 239/2050 1575/2044
f 1956/1823 1966/1811 1969/1822
f 1875/1813 1976/1810 1967/1808
f 1679/2553 1889/2555 1633/2550
f 1956/4160 1603/4161 1675/4162
f 1968/3939 1720/3945 1604/3943
f 1965/406 1974/409 1875/408
f 1966/1811 1603/1807 1602/1809
f 1965/406 1875/408 1870/404
f 1871/399 1965/406 1870/404
f 1594/1812 1966/1811 1602/1809
f 1604/396 1874/394 1871/399
f 1605/2041 1604/2045 1720/2042
f 1592/3941 1678/3942 1968/3939
f 1880/3826 1580/3828 1967/3827
f 1859/1541 1679/1538 1891/1544
f 1637/2841 1866/2844 1914/2838
f 1858/387 1856/392 1915/390
f 1573/3089 1576/3085 1837/3087
f 781/2835 1905/2839 1914/2838
f 1960/953 219/956 1964/950
f 208/954 207/957 1854/952
f 2108/1830 1579/1829 2109/1828
f 2109/1828 1962/1824 2110/1826
f 1578/3305 1855/3308 1961/3306
f 1960/953 1964/950 2108/951
f 206/3597 219/3598 1960/3599
f 1579/3836 1961/3837 1962/3838
f 1961/3326 1855/3321 1962/3323
f 1855/1531 1578/1535 1723/1534
f 1723/1534 1722/1529 1855/1531
f 1578/1535 1849/1537 1723/1534
f 1969/1822 1597/1825 1962/1824
f 2113/960 1960/953 2114/958
f 218/325 213/333 167/310
f 168/304 169/307 1950/301
f 206/3597 207/3600 219/3598
f 1716/1845 1879/1840 262/1846
f 1918/2236 257/2241 1853/2244
f 1911/2876 792/2875 255/2878
f 1707/2436 1864/2432 1863/2437
f 48/2037 8/2035 10/2038
f 2094/4089 1846/4090 2115/4091
f 165/308 159/330 251/323
f 1850/2771 20/2772 1701/2769
f 1885/1842 1879/1840 1716/1845
f 1973/3923 1589/3922 1972/3925
f 1918/2236 1589/2234 1959/2230
f 1886/1834 1591/1838 1878/1837
f 1957/2529 1953/2530 1852/2531
f 1958/4092 1588/4094 1846/4090
f 1588/2740 1958/2742 1943/2735
f 1707/1550 1867/1553 1947/1547
f 1587/1551 1846/1554 1588/1548
f 1863/2437 1867/2438 1707/2436
f 1958/2742 1946/2744 1943/2735
f 2015/3340 1847/3341 2118/3342
f 2110/1826 1597/1825 2121/1827
f 1963/3320 1603/3328 1956/3325
f 1854/952 1630/945 1964/950
f 207/957 206/964 209/962
f 1960/953 209/962 206/964
f 239/1536 1723/1534 221/1539
f 178/329 182/321 209/337
f 194/3554 152/3555 2124/3556
f 2127/2532 1953/2530 2128/2533
f 194/1561 1848/1560 191/1563
f 194/1561 1868/1557 1848/1560
f 185/232 189/245 191/241
f 190/1562 192/1556 1951/1559
f 1848/1560 1868/1557 1587/1551
f 1863/2437 1864/2432 2117/2439
f 259/1733 1951/1734 1863/1735
f 1951/1559 192/1556 1867/1553
f 1971/2480 1585/2477 1957/2482
f 1846/3845 1952/3846 2091/3847
f 175/2534 1852/2531 2127/2532
f 247/2246 1853/2244 257/2241
f 177/350 181/338 178/329
f 178/329 170/314 182/321
f 2136/3350 179/3347 2137/3353
f 264/316 165/308 171/300
f 244/303 171/300 165/308
f 264/3950 265/3951 162/3952
f 182/321 169/307 261/317
f 250/298 1950/301 171/300
f 209/337 182/321 207/345
f 177/350 180/367 162/343
f 170/3833 1949/3834 242/3835
f 264/316 241/331 265/340
f 180/3351 179/3347 260/3349
f 161/1848 262/1846 263/1843
f 263/1046 173/1048 163/1051
f 183/207 210/195 149/182
f 262/1846 161/1848 1716/1845
f 257/2241 1844/2238 258/2243
f 263/1046 176/1045 173/1048
f 159/330 158/324 160/342
f 255/1113 201/1114 200/1111
f 253/3894 212/3895 254/3896
f 201/2882 255/2878 46/2880
f 173/1048 172/1056 163/1051
f 118/1727 190/1730 259/1723
f 161/332 264/316 162/343
f 244/303 165/308 245/315
f 244/3182 245/3184 251/3180
f 251/323 245/315 165/308
f 159/330 165/308 158/324
f 254/3896 211/3898 243/3897
f 243/3897 246/3899 253/3894
f 251/3180 164/3178 252/3177
f 252/3177 244/3182 251/3180
f 250/298 171/300 249/291
f 249/291 205/295 250/298
f 235/296 230/297 234/294
f 232/369 236/360 238/375
f 227/352 218/325 237/346
f 236/360 227/352 237/346
f 235/3704 205/3705 230/3706
f 205/295 235/296 218/325
f 233/376 229/370 227/352
f 1857/382 217/371 224/372
f 239/1536 221/1539 213/1542
f 217/371 240/362 225/353
f 169/307 168/304 261/317
f 167/310 231/318 218/325
f 213/1542 215/1545 214/1546
f 216/347 218/325 225/353
f 1858/387 224/372 222/389
f 227/3747 232/3746 233/3745
f 231/318 167/310 205/295
f 205/295 234/294 230/297
f 223/381 229/370 233/376
f 227/352 229/370 228/361
f 229/370 223/381 224/372
f 218/325 227/352 228/361
f 226/386 224/372 223/381
f 224/372 226/386 222/389
f 224/372 225/353 228/361
f 226/386 223/381 222/389
f 213/2052 216/2051 239/2050
f 207/957 208/954 219/956
f 216/347 213/333 218/325
f 1950/301 205/295 168/304
f 212/3882 211/3883 254/3884
f 160/342 158/324 163/344
f 144/178 210/195 183/207
f 130/217 132/196 183/207
f 139/165 150/159 138/171
f 202/192 137/172 149/182
f 121/162 113/157 147/167
f 246/3885 211/3883 212/3882
f 103/3421 198/3422 199/3419
f 198/3387 99/3388 70/3389
f 75/1116 101/1119 116/1117
f 75/3019 201/3022 197/3021
f 256/2773 1850/2771 1948/2770
f 116/1117 114/1118 195/1115
f 116/1117 200/1111 75/1116
f 107/880 188/881 109/882
f 195/1115 200/1111 116/1117
f 200/1111 201/1114 75/1116
f 256/2773 195/2776 4/2775
f 259/1723 12/1720 118/1727
f 196/1565 191/1563 192/1556
f 194/3554 191/3562 189/3560
f 196/226 190/204 186/214
f 191/1563 1848/1560 192/1556
f 191/241 196/226 185/232
f 194/3554 189/3560 185/3558
f 109/3360 188/3361 101/3358
f 107/880 111/883 188/881
f 190/204 193/213 119/193
f 110/215 111/205 119/193
f 108/168 101/163 102/158
f 107/3362 109/3360 108/3359
f 193/213 110/215 119/193
f 45/2777 4/2775 195/2776
f 118/910 117/909 193/911
f 188/881 110/884 187/885
f 133/225 186/214 123/183
f 186/214 190/204 123/183
f 119/193 123/183 190/204
f 133/225 134/229 186/214
f 134/229 129/235 186/214
f 185/232 186/214 129/235
f 183/207 132/196 144/178
f 134/229 132/196 130/217
f 184/3661 174/3662 142/3663
f 175/1054 174/1057 176/1045
f 170/314 169/307 182/321
f 170/314 178/329 181/338
f 2137/383 180/367 2141/377
f 2140/365 177/350 2142/357
f 234/294 205/295 249/291
f 215/1545 220/1540 214/1546
f 159/330 164/339 251/323
f 172/368 153/359 163/344
f 153/359 160/342 163/344
f 158/324 161/332 163/344
f 171/300 242/322 264/316
f 264/316 161/332 158/324
f 159/330 160/342 164/339
f 156/366 157/358 154/373
f 156/366 164/339 157/358
f 140/228 153/224 172/240
f 155/378 154/373 149/379
f 2143/2543 270/2542 2144/2541
f 156/366 154/373 155/378
f 157/358 153/359 154/373
f 149/379 154/373 153/359
f 152/244 129/235 141/234
f 129/235 130/217 141/234
f 121/162 147/167 145/173
f 122/206 127/227 135/216
f 120/3592 128/3593 125/3594
f 120/174 121/162 145/173
f 127/227 132/196 135/216
f 1516/170 138/171 150/159
f 144/178 145/173 147/167
f 140/228 141/234 130/217
f 137/172 139/165 138/171
f 130/217 183/207 140/228
f 166/3181 1533/3179 164/3178
f 155/191 138/171 151/181
f 1516/170 151/181 138/171
f 149/182 137/172 138/171
f 94/3490 89/3491 97/3492
f 146/160 148/154 139/165
f 137/2250 136/2251 147/2252
f 148/154 150/159 139/165
f 147/2252 146/2253 137/2250
f 139/165 137/172 146/160
f 146/2253 147/2252 113/2255
f 113/157 131/146 146/160
f 122/206 125/233 127/227
f 122/255 126/257 125/258
f 122/206 123/183 124/194
f 120/3537 126/3539 124/3540
f 124/3540 106/3541 120/3537
f 120/174 106/166 121/162
f 106/166 112/152 121/162
f 123/183 122/206 135/216
f 107/177 106/166 123/183
f 123/183 119/193 107/177
f 112/152 106/166 102/158
f 133/225 135/216 132/196
f 132/196 134/229 133/225
f 113/157 112/152 131/146
f 134/229 130/217 129/235
f 121/162 112/152 113/157
f 99/147 98/149 65/153
f 112/152 102/158 105/156
f 98/149 112/152 105/156
f 98/3682 105/3683 102/3684
f 107/177 108/168 106/166
f 117/909 118/910 96/907
f 116/1117 115/1120 114/1118
f 22/912 96/907 118/910
f 51/3018 101/3020 75/3019
f 99/3619 198/3622 103/3620
f 65/3391 70/3389 99/3388
f 102/158 65/153 98/149
f 101/3358 188/3361 115/3363
f 94/3490 97/3492 96/3493
f 95/3494 97/3492 89/3491
f 98/149 131/146 112/152
f 108/168 102/158 106/166
f 85/3607 86/3608 117/3609
f 117/3609 104/3610 85/3607
f 71/3423 199/3419 198/3422
f 590/144 131/146 99/147
f 131/146 98/149 99/147
f 40/3294 39/3295 93/3296
f 92/904 93/906 39/903
f 93/936 92/941 91/924
f 90/1744 89/1747 91/1740
f 82/1738 83/1739 87/1736
f 90/1744 87/1736 95/1748
f 88/3495 95/3494 87/3496
f 83/1739 88/1742 87/1736
f 97/3492 95/3494 88/3495
f 17/2721 55/2722 28/2723
f 89/1747 90/1744 95/1748
f 23/3685 26/3686 17/3687
f 30/898 32/900 41/902
f 32/900 30/898 82/894
f 54/219 36/218 31/236
f 45/888 86/886 43/889
f 37/520 61/522 60/521
f 57/519 37/520 60/521
f 50/175 53/197 74/189
f 82/894 43/889 85/891
f 83/1739 82/1738 85/1741
f 58/2452 80/2459 2278/2461
f 78/2447 58/2452 79/2449
f 77/2453 58/2452 78/2447
f 2273/2454 79/2449 2280/2457
f 78/2447 81/2450 77/2453
f 38/223 62/239 76/222
f 81/514 76/516 62/517
f 70/199 73/211 71/220
f 53/197 63/200 74/189
f 38/223 63/200 53/197
f 63/200 64/180 74/189
f 51/169 50/175 65/153
f 64/180 50/175 74/189
f 66/188 63/200 69/212
f 101/163 51/169 65/153
f 70/199 66/188 73/211
f 75/3019 47/3017 51/3018
f 67/2806 66/2807 69/2805
f 64/180 63/200 66/188
f 66/188 70/199 65/153
f 65/153 64/180 66/188
f 67/2806 68/2808 66/2807
f 56/518 81/514 62/517
f 53/197 54/219 38/223
f 57/519 56/518 62/517
f 59/3926 60/3927 2281/3928
f 2281/524 61/522 2283/527
f 57/519 62/517 37/520
f 80/2459 57/2460 2286/2464
f 31/236 35/243 2288/248
f 55/2722 35/2729 27/2731
f 2288/2727 55/2722 2292/2725
f 31/236 33/230 35/243
f 39/3295 28/3298 34/3299
f 41/210 42/186 30/198
f 27/3300 34/3299 28/3298
f 2292/2725 17/2721 2293/2726
f 23/927 16/930 2145/935
f 55/4119 27/4120 26/4121
f 34/3299 27/3300 35/3302
f 34/905 41/902 39/903
f 1/926 6/920 2/922
f 51/3018 47/3017 44/3016
f 46/2880 47/2883 201/2882
f 10/892 4/895 45/888
f 52/208 54/219 53/197
f 42/186 36/218 52/208
f 52/208 53/197 42/186
f 36/218 54/219 52/208
f 53/197 50/175 42/186
f 29/179 51/169 44/187
f 38/223 54/219 37/237
f 33/230 31/236 36/218
f 34/238 35/243 33/230
f 34/238 33/230 41/210
f 2295/247 31/236 2296/250
f 27/3300 28/3298 24/3301
f 49/893 44/890 43/889
f 49/209 30/198 29/179
f 36/218 42/186 41/210
f 30/198 42/186 29/179
f 26/4121 28/4122 55/4119
f 39/3295 40/3294 23/3297
f 25/921 18/923 6/920
f 28/2723 23/2724 17/2721
f 26/3686 27/3691 2148/3690
f 2147/3688 26/3686 2149/3689
f 7/918 6/920 19/914
f 2148/3777 24/3778 2150/3779
f 24/3778 23/3782 2146/3781
f 6/920 3/929 25/921
f 16/930 3/929 15/938
f 2151/934 1/926 2152/933
f 15/3856 3/3857 2151/3858
f 2/3583 14/3584 2157/3585
f 10/892 8/899 5/897
f 1/926 3/929 6/920
f 11/917 7/918 21/915
f 48/2879 47/2883 46/2880
f 48/2037 9/2034 8/2035
f 20/2772 256/2773 5/2774
f 791/2877 48/2879 46/2880
f 12/913 11/917 21/915
f 2100/942 15/938 2154/943
f 2153/928 2/922 2162/932
f 11/917 14/925 2/922
f 9/2527 794/2519 1702/2524
f 794/2874 9/2881 48/2879
f 9/2034 793/2033 8/2035
f 12/1720 13/1717 11/1714
f 2023/1715 13/1717 2161/1719
f 791/2877 255/2878 792/2875
f 791/2877 794/2874 48/2879
f 1655/1410 1612/1408 1607/1407
f 268/1454 1882/1453 2060/1457
f 1648/2257 1652/2260 1650/2258
f 176/1045 270/1052 173/1048
f 270/1052 142/1065 143/1062
f 1844/2238 257/2241 1918/2236
f 151/181 597/190 166/201
f 1844/2238 1716/2235 161/2240
f 1970/2987 1930/2984 1714/2988
f 1584/2472 1647/2469 1721/2468
f 5/897 4/895 10/892
f 143/1062 140/1058 270/1052
f 1572/3088 1636/3086 1576/3085
f 1914/2838 722/2836 781/2835
f 1906/2672 1680/2670 1682/2671
f 1692/2364 1691/2363 1712/2366
f 1884/3693 1671/3695 1659/3697
f 1644/3377 1670/3380 1687/3383
f 1983/3550 1888/3548 1658/3543
f 1930/2984 1592/2982 1869/2983
f 1673/3456 1676/3458 2045/3459
f 1676/3458 1876/3465 2035/3464
f 1656/1412 1655/1410 1607/1407
f 754/3279 774/3278 1682/3277
f 1636/3086 1931/3084 1912/3083
f 781/1855 1635/1852 1606/1851
f 1834/1411 1609/1409 1608/1406
f 1890/2858 1633/2857 1634/2856
f 1605/391 1857/382 1915/390
f 1967/1808 1602/1809 1603/1807
f 1947/1547 1587/1551 1588/1548
f 1678/2985 1930/2984 1889/2986
f 1654/1472 1640/1471 1620/1474
f 1944/1102 1911/1107 1910/1105
f 1707/1550 1947/1547 1706/1549
f 1911/1107 200/1111 1910/1105
f 1910/1105 1948/1108 1701/1103
f 1938/2521 1703/2528 1702/2524
f 1588/1548 1705/1552 1706/1549
f 1911/2522 1710/2516 794/2519
f 2007/2743 1946/2744 2027/2746
f 1921/3474 1892/3471 2040/3472
f 1939/1101 1711/1104 1944/1102
f 1942/1555 1917/1558 1706/1549
f 1909/2431 1708/2427 1706/2434
f 1944/1102 1711/1104 1911/1107
f 1710/1110 1711/1104 1908/1106
f 1938/2521 1941/2517 1699/2523
f 1685/2389 1622/2388 1639/2392
f 1680/2670 1681/2666 1682/2671
f 1629/1682 1683/1677 1622/1679
f 789/2704 1680/2709 1906/2707
f 790/1692 1936/1694 789/1687
f 1628/2705 789/2704 1906/2707
f 1904/2854 1919/2853 1634/2856
f 1635/1852 1933/1861 1636/1859
f 1931/4036 1933/4037 279/4034
f 1630/2674 1638/2676 1623/2677
f 1693/1904 1639/1902 1632/1901
f 1639/1684 1623/1681 1638/1686
f 1634/2856 1674/2859 1890/2858
f 1634/2856 1633/2857 1904/2854
f 1901/2548 1714/2552 1715/2554
f 1715/2554 1902/2557 1673/2559
f 1691/2363 1667/2367 1712/2366
f 1667/2367 1627/2368 1712/2366
f 1898/2361 1712/2362 1627/2357
f 1627/2357 1626/2359 1898/2361
f 1665/1680 1923/1683 1688/1678
f 1896/3241 1697/3248 1894/3249
f 1583/3244 1896/3241 1895/3240
f 1658/3543 1583/3545 1582/3547
f 1582/3243 1895/3240 1670/3242
f 1896/3241 1687/3245 1670/3242
f 1885/2233 1959/2230 1664/2232
f 1922/2356 1666/2355 1924/2358
f 1916/1841 1663/1844 1668/1839
f 1983/1064 1662/1059 1661/1055
f 1916/1841 1664/1847 1663/1844
f 1892/3471 1893/3473 1894/3466
f 1660/3000 1625/2996 1672/3001
f 2050/3004 1660/3000 2171/3007
f 1617/3002 1920/2999 1660/3000
f 1980/3322 1903/3324 1902/3327
f 1894/3450 1698/3449 1897/3453
f 1709/3647 1616/3648 2051/3650
f 1659/3697 1669/3700 1643/3698
f 1643/3698 1927/3701 1884/3693
f 1981/3646 1709/3647 1657/3643
f 1652/1478 1654/1472 1618/1476
f 1642/1463 1913/1459 1883/1465
f 1640/1471 1913/1473 1899/1475
f 1641/1455 1899/1456 1882/1453
f 1654/1467 267/1466 1883/1465
f 1833/1415 1834/1411 1835/1416
f 1621/3830 1653/3831 1619/3832
f 1120/1997 1649/2000 1614/2001
f 1881/3048 760/3050 1614/3051
f 1649/2259 1650/2258 1928/2261
f 1608/1406 1609/1409 1607/1407
f 1635/1852 724/1858 279/1860
f 1679/2553 1633/2550 1891/2547
f 1889/1530 1970/1532 1890/1527
f 1937/2898 1932/2901 1929/2899
f 203/402 204/403 1873/397
f 204/403 1955/405 1871/399
f 1905/2839 1929/2843 1637/2841
f 722/2836 1914/2838 1118/2840
f 1937/2898 1905/2897 1907/2900
f 1886/1834 1887/1835 1888/1832
f 1661/1831 1886/1834 1888/1832
f 1978/1836 1887/1835 1886/1834
f 1632/1901 1638/1900 1631/1903
f 1878/1837 1885/1842 1916/1841
f 2170/3003 1672/3001 2173/3005
f 1658/3543 1887/3546 1697/3544
f 1625/3910 1596/3908 2018/3905
f 1978/3549 1697/3544 1887/3546
f 1585/2477 1586/2474 2069/2479
f 1900/3153 1876/3157 1675/3159
f 1876/3109 1676/3108 1677/3107
f 1956/3355 1675/3356 1876/3357
f 1856/392 1873/397 1874/394
f 1955/405 204/403 1824/407
f 1717/4204 1975/4203 2077/4207
f 1581/3940 1968/3939 1604/3943
f 222/2847 223/2848 1866/2844
f 239/2050 1574/2048 1679/2046
f 1873/397 204/403 1871/399
f 280/3082 1837/3087 1576/3085
f 1976/411 1875/408 1718/410
f 1870/404 1581/401 1871/399
f 1955/405 1974/409 1965/406
f 1967/1808 1603/1807 1869/1806
f 1603/1807 1963/1803 1869/1806
f 1880/2981 1869/2983 1593/2980
f 1972/2091 1599/2093 1595/2090
f 1589/2234 1847/2239 1595/2242
f 1878/1837 1591/1838 1879/1840
f 1865/1047 1591/1044 1886/1050
f 1579/3304 1631/3309 1877/3307
f 1962/3323 1855/3321 1963/3320
f 1854/952 1964/950 208/954
f 1630/2674 1877/2673 1638/2676
f 1859/4189 1633/4190 1889/4187
f 1722/1529 1723/1534 1872/1533
f 1872/1533 1679/1538 1859/1541
f 1720/3945 1968/3939 1860/3944
f 222/2847 1866/2844 1637/2841
f 699/2845 1118/2840 233/2842
f 1719/2040 1679/2046 1574/2048
f 1872/1533 1723/1534 239/1536
f 247/2246 180/2249 260/2247
f 205/295 167/310 168/304
f 1851/1049 1957/1060 1852/1061
f 155/191 149/182 138/171
f 2138/249 141/234 2139/253
f 225/353 218/325 228/361
f 1723/1534 1849/1537 220/1540
f 793/2033 20/2032 8/2035
f 20/2032 793/2033 1696/2030
f 1587/1551 1947/1547 1867/1553
f 110/884 86/886 187/885
f 1951/1559 259/1564 190/1562
f 220/1540 221/1539 1723/1534
f 171/300 1950/301 169/307
f 213/1542 221/1539 215/1545
f 136/2251 202/2254 210/2256
f 243/3897 253/3894 254/3896
f 200/1111 195/1115 256/1112
f 106/166 124/194 123/183
f 190/1730 118/1727 193/1732
f 259/1723 1863/1731 2134/1729
f 170/314 181/338 177/350
f 140/1058 172/1056 173/1048
f 125/3594 128/3593 127/3595
f 214/1546 167/1543 213/1542
f 129/235 152/244 185/232
f 107/177 119/193 111/205
f 85/891 43/889 86/886
f 96/1746 83/1739 104/1745
f 133/225 123/183 135/216
f 94/916 96/907 19/914
f 25/921 91/924 89/919
f 83/1739 85/1741 104/1745
f 37/237 62/239 38/223
f 792/2875 794/2874 791/2877
f 48/2037 10/2038 44/2039
f 2276/523 37/520 2290/525
f 89/919 94/916 19/914
f 19/914 25/921 89/919
f 6/920 7/918 2/922
f 7/918 11/917 2/922
f 1914/2838 1866/2844 233/2842
f 1857/2047 1605/2041 1575/2044
f 1857/382 1858/387 1915/390
f 1836/395 1858/387 269/393
f 1861/1820 1966/1811 2093/1818
f 1860/2561 1678/2558 1679/2553
f 1967/3827 1580/3828 1870/3829
f 1594/1812 1976/1810 2102/1814
f 1633/2857 1859/2855 1904/2854
f 1720/2042 1860/2043 1719/2040
f 1874/394 1605/391 1915/390
f 1856/392 1858/387 1836/395
f 225/353 224/372 217/371
f 238/3742 233/3745 232/3746
f 239/2050 216/2051 1575/2044
f 216/2051 217/2049 1575/2044
f 182/321 261/317 1849/326
f 1918/3352 260/3349 1847/3341
f 1918/3352 1853/3354 260/3349
f 263/1843 262/1846 1879/1840
f 1959/2230 1844/2238 1918/2236
f 200/1111 256/1112 1910/1105
f 176/1045 1591/1044 1865/1047
f 1911/1107 255/1113 200/1111
f 1879/1840 1591/1838 263/1843
f 1847/3341 1845/3346 2002/3345
f 1846/1554 1587/1551 1868/1557
f 1847/3341 179/3347 1845/3346
f 241/331 1949/341 170/314
f 207/957 1849/959 1854/952
f 241/331 177/350 162/343
f 270/1052 176/1045 174/1057
f 192/1556 1848/1560 1587/1551
f 2130/3849 1846/3845 2178/3851
f 185/3558 152/3555 194/3554
f 179/3347 1847/3341 260/3349
f 1846/3845 194/3854 2131/3853
f 1951/2440 1867/2438 1863/2437
f 13/1717 259/1723 2176/1726
f 13/1717 12/1720 259/1723
f 175/1054 176/1045 1851/1049
f 1852/1061 175/1054 1851/1049
f 260/2247 1853/2244 247/2246
f 2142/357 178/329 2180/363
f 188/3361 187/3364 115/3363
f 162/343 265/340 241/331
f 1949/341 241/331 242/322
f 220/1540 215/1545 221/1539
f 170/314 171/300 169/307
f 168/304 167/310 261/317
f 170/314 242/322 171/300
f 140/228 143/242 141/234
f 247/2246 257/2241 258/2243
f 1865/1047 1851/1049 176/1045
f 247/2246 258/2243 248/2245
f 1844/2238 161/2240 258/2243
f 20/2032 5/2036 8/2035
f 255/2878 791/2877 46/2880
f 243/3886 211/3883 246/3885
f 162/2248 247/2246 248/2245
f 161/2240 248/2245 258/2243
f 162/343 248/351 161/332
f 1866/2844 223/2848 233/2842
f 231/318 205/295 218/325
f 218/325 235/296 237/346
f 167/1543 220/1540 1849/1537
f 167/1543 214/1546 220/1540
f 1857/382 224/372 1858/387
f 207/345 182/321 1849/326
f 1849/326 261/317 167/310
f 144/178 136/185 210/195
f 128/184 120/174 145/173
f 132/3596 127/3595 128/3593
f 145/173 144/178 128/184
f 111/883 110/884 188/881
f 45/888 195/887 86/886
f 190/1562 196/1565 192/1556
f 195/887 187/885 86/886
f 142/3770 141/3771 184/3772
f 186/214 185/232 196/226
f 114/3365 115/3363 187/3364
f 101/163 65/153 102/158
f 110/3611 193/3612 117/3609
f 141/234 143/242 184/246
f 183/207 153/224 140/228
f 143/3664 142/3663 174/3662
f 128/184 144/178 132/196
f 175/3665 143/3664 174/3662
f 164/339 160/342 157/358
f 2182/3773 142/3770 2183/3774
f 180/2249 247/2246 162/2248
f 160/342 153/359 157/358
f 166/3181 164/3178 156/3183
f 151/181 156/203 155/191
f 153/224 183/207 149/182
f 136/2251 137/2250 202/2254
f 210/195 202/192 149/182
f 156/203 151/181 166/201
f 122/255 124/256 126/257
f 117/3609 86/3608 110/3611
f 66/1493 68/1491 72/1484
f 88/1742 83/1739 96/1746
f 30/898 49/893 82/894
f 70/3389 71/3390 198/3387
f 73/2354 100/2353 71/2352
f 84/901 39/903 32/900
f 91/1740 92/1743 84/1737
f 91/1740 87/1736 90/1744
f 91/924 40/931 93/936
f 84/1737 87/1736 91/1740
f 84/901 32/900 82/894
f 26/3783 23/3782 24/3778
f 88/3495 96/3493 97/3492
f 39/903 41/902 32/900
f 80/2459 77/2453 57/2460
f 65/153 50/175 64/180
f 57/2460 59/2466 2284/2465
f 38/223 76/222 63/200
f 63/200 76/222 69/212
f 465/509 76/516 81/514
f 66/188 72/221 73/211
f 81/2450 56/2456 77/2453
f 57/2460 77/2453 56/2456
f 57/3930 60/3927 59/3926
f 19/914 22/912 21/915
f 43/889 82/894 49/893
f 44/890 49/893 29/896
f 28/3298 26/3303 24/3301
f 33/230 36/218 41/210
f 18/923 19/914 6/920
f 25/921 23/927 91/924
f 19/914 18/923 25/921
f 16/930 23/927 25/921
f 25/921 3/929 16/930
f 12/913 21/915 22/912
f 7/918 19/914 21/915
f 118/910 12/913 22/912
f 256/2773 4/2775 5/2774
f 20/2772 1850/2771 256/2773
f 1655/1410 1656/1412 753/1414
f 40/931 91/924 23/927
f 233/3745 238/3742 699/3744
f 222/389 269/393 1858/387
f 184/2536 270/2542 174/2544
f 140/1058 173/1048 270/1052
f 2144/2541 184/2536 2165/2540
f 10/892 45/888 44/890
f 23/3297 28/3298 39/3295
f 45/888 43/889 44/890
f 184/2536 175/2534 2135/2535
f 1903/3151 1900/3153 1902/3154
f 1849/3310 1578/3305 1877/3307
f 1891/3957 1907/3958 1859/3959
f 1641/1455 268/1454 2046/1458
f 266/1468 1642/1463 267/1466
f 1652/1469 266/1468 267/1466
f 175/2534 184/2536 143/2538
f 84/901 92/904 39/903
f 1001/2375 1116/2379 1364/2373
f 1107/1097 1376/1096 1103/1099
f 1201/692 1200/683 1099/690
f 1115/3797 1104/3792 1365/3796
f 1115/4209 1365/4210 1116/4211
f 1026/1879 866/1880 1095/1881
f 968/3676 969/3679 967/3681
f 969/1896 966/1894 967/1898
f 963/1095 1107/1097 1106/1098
f 1370/2382 1368/2387 1369/2386
f 1003/2372 1102/2383 1002/2378
f 1110/1151 1083/1146 1100/1148
f 840/560 898/558 841/557
f 841/557 839/555 1109/552
f 843/543 836/540 1447/538
f 843/543 1447/538 1108/541
f 1101/2423 1075/2421 1084/2418
f 1093/2425 1075/2421 1101/2423
f 1075/2421 1093/2425 1074/2426
f 1100/1148 1083/1146 1071/1143
f 1099/690 929/689 1015/691
f 1438/460 1440/445 853/453
f 967/1898 966/1894 1098/1899
f 1095/801 865/798 1073/805
f 1380/1882 1063/1888 1812/1886
f 1252/1167 1267/1158 1254/1161
f 1841/1883 1380/1882 1812/1886
f 1838/2660 1840/2656 1839/2655
f 1261/1891 1262/1887 1273/1889
f 1113/3677 1114/3680 1379/3678
f 913/2151 1019/2146 958/2149
f 943/1325 945/1319 941/1322
f 1267/1158 1252/1167 886/1162
f 969/2895 1379/2896 1260/2894
f 1272/2658 1273/2654 1265/2650
f 1272/3881 1265/3879 1261/3878
f 1254/4181 1838/4182 1253/4183
f 1842/1173 957/1171 884/1163
f 957/1171 911/1168 884/1163
f 1232/1175 957/1171 1842/1173
f 966/1894 1089/1897 1098/1899
f 955/2142 926/2144 959/2147
f 944/1328 941/1322 914/1332
f 970/1329 945/1319 943/1325
f 1097/4184 926/4185 1096/4186
f 914/1332 1042/1333 916/1337
f 914/1332 941/1322 1042/1333
f 1461/3275 490/3273 491/3267
f 333/135 325/132 656/134
f 284/2054 293/2053 313/2057
f 295/4041 275/4038 296/4040
f 334/3266 1553/3270 491/3267
f 1724/128 332/122 1554/116
f 1554/116 331/97 489/108
f 1456/3078 507/3079 698/3076
f 1824/407 204/403 203/402
f 1829/4252 1828/4253 1827/4254
f 1717/414 1825/412 1824/407
f 1831/4258 1832/4259 1830/4260
f 1610/1413 1834/1411 1833/1415
f 2002/3345 1845/3346 2003/3348
f 2003/3348 1845/3346 2136/3350
f 2004/2739 1704/2736 1943/2735
f 2005/2430 1708/2427 2004/2429
f 2006/2741 1943/2735 2007/2743
f 2007/2743 1943/2735 1946/2744
f 2008/4234 1671/4235 2056/4236
f 2009/4237 1671/4235 2008/4234
f 2010/2470 1647/2469 2055/2473
f 2011/2471 1721/2468 2010/2470
f 2012/4244 1597/4245 2013/4246
f 2013/4123 1597/4126 1969/4124
f 2014/2089 1595/2090 2015/2092
f 2015/3340 1595/3343 1847/3341
f 2016/4100 1599/4099 2089/4102
f 2017/4101 1600/4098 2016/4100
f 2018/3905 1596/3908 1921/3906
f 2019/3907 1921/3906 2070/3909
f 2020/2745 1946/2744 1958/2742
f 2021/2748 1946/2744 2020/2745
f 2022/1713 14/1716 11/1714
f 2023/1715 11/1714 13/1717
f 2024/4135 1864/4136 2026/4137
f 2025/2442 1864/2432 2024/2443
f 2026/4137 1864/4136 2030/4138
f 2027/2746 1946/2744 2021/2748
f 2028/1724 14/1716 2029/1721
f 2029/1721 14/1716 2031/1718
f 2030/2435 1864/2432 2005/2430
f 2031/1718 14/1716 2022/1713
f 2032/3572 1673/3571 2166/3574
f 2033/3573 1674/3570 2032/3572
f 2034/3156 1900/3153 2033/3155
f 2035/3158 1876/3157 2034/3156
f 2036/3468 1598/3467 2041/3470
f 2037/3469 1894/3466 2036/3468
f 2038/3463 1676/3458 2035/3464
f 2039/3462 1676/3458 2038/3463
f 2040/3472 1892/3471 2037/3469
f 2041/2084 1598/2086 1897/2078
f 2042/2082 1897/2078 1601/2081
f 2043/4200 1616/4199 1617/4198
f 2044/4202 1616/4199 2043/4200
f 2045/3459 1676/3458 2039/3462
f 2046/4248 268/4249 2047/4250
f 2047/4250 268/4249 2163/4251
f 2048/973 1641/968 2049/977
f 2049/977 1641/968 2172/981
f 2050/3004 1617/3002 1660/3000
f 2051/3650 1616/3648 2044/3653
f 2052/3692 1671/3695 1884/3693
f 2053/3654 1884/3651 1709/3647
f 2054/4179 1647/4176 2009/4178
f 2055/4180 1647/4176 2054/4179
f 2056/3696 1671/3695 2052/3692
f 2057/3652 1709/3647 2051/3650
f 2058/980 1642/970 2059/976
f 2059/976 1642/970 2048/973
f 2060/1457 1882/1453 2058/1461
f 2061/2476 1586/2474 2011/2471
f 2062/3912 1625/3910 2063/3911
f 2063/3911 1625/3910 2018/3905
f 2064/2478 1586/2474 2061/2476
f 2065/4158 1672/4154 2066/4157
f 2066/4157 1672/4154 2062/4156
f 2067/2083 1601/2081 2068/2085
f 2068/2085 1601/2081 1973/2087
f 2069/2479 1586/2474 2064/2478
f 2070/4222 1921/4223 2071/4224
f 2071/3476 1921/3474 2040/3472
f 2072/2088 1973/2087 2014/2089
f 2073/1816 1594/1812 2074/1819
f 2074/1819 1594/1812 2167/1817
f 2076/4206 1975/4203 2075/4205
f 2077/4255 1975/4256 2076/4257
f 2078/416 1718/410 1717/414
f 2079/4208 1717/4204 2077/4207
f 2080/413 1718/410 2078/416
f 2081/415 1976/411 2080/413
f 2082/4125 1969/4124 1861/4127
f 2083/4068 1861/4063 2104/4066
f 2084/3734 1972/3731 2017/3733
f 2085/3735 1972/3731 2084/3734
f 2086/2481 1585/2477 2069/2479
f 2087/2484 1953/2483 2086/2481
f 2088/3737 1599/3736 2085/3735
f 2089/4241 1599/4242 2088/4243
f 2090/3850 1952/3846 2129/3852
f 2091/3847 1952/3846 2090/3850
f 2092/2747 1958/2742 2095/2749
f 2093/1818 1966/1811 2073/1816
f 2094/4089 1958/4092 1846/4090
f 2095/4093 1958/4092 2094/4089
f 2096/349 209/337 2122/356
f 2097/355 178/329 2096/349
f 2098/3776 141/3771 2099/3775
f 2099/3775 141/3771 2182/3773
f 2100/942 16/930 15/938
f 2101/940 16/930 2100/942
f 2102/417 1976/411 2081/415
f 2103/4238 1954/4239 2107/4240
f 2104/4066 1861/4063 2103/4065
f 2105/4067 1954/4064 1861/4063
f 2106/4069 1861/4063 2111/4071
f 2107/4070 1954/4064 2105/4067
f 2108/951 1964/950 1579/948
f 2109/1828 1579/1829 1962/1824
f 2110/1826 1962/1824 1597/1825
f 2111/1821 1861/1820 2093/1818
f 2112/955 1960/953 2108/951
f 2113/960 209/962 1960/953
f 2114/958 1960/953 2112/955
f 2115/3848 1846/3845 2091/3847
f 2116/4225 1953/4226 2087/4227
f 2117/2439 1864/2432 2025/2442
f 2118/3342 1847/3341 2119/3344
f 2119/3344 1847/3341 2002/3345
f 2120/4228 1953/4226 2116/4225
f 2121/4247 1597/4245 2012/4244
f 2122/356 209/337 2123/364
f 2123/963 209/962 2113/960
f 2124/3556 152/3555 2125/3559
f 2125/3559 152/3555 2138/3561
f 2126/3557 194/3554 2124/3556
f 2127/2532 1852/2531 1953/2530
f 2128/4229 1953/4226 2120/4228
f 2129/3852 1952/3846 2130/3849
f 2130/3849 1952/3846 1846/3845
f 2131/3853 194/3854 2126/3855
f 2132/4078 1862/4079 2174/4080
f 2133/4081 1862/4079 2132/4078
f 2134/2441 1863/2437 2117/2439
f 2135/2535 175/2534 2127/2532
f 2136/3350 1845/3346 179/3347
f 2137/383 179/388 180/367
f 2138/249 152/244 141/234
f 2139/253 141/234 2098/254
f 2140/365 180/367 177/350
f 2141/377 180/367 2140/365
f 2142/357 177/350 178/329
f 2143/2543 142/2545 270/2542
f 2144/2541 270/2542 184/2536
f 2145/935 16/930 2101/940
f 2146/939 23/927 2145/935
f 2297/2730 2147/2732 2298/2733
f 2147/3688 17/3687 26/3686
f 2148/3777 27/3780 24/3778
f 2149/3689 26/3686 2148/3690
f 2150/3779 24/3778 2146/3781
f 2151/934 3/929 1/926
f 2152/933 1/926 2153/928
f 2153/928 1/926 2/922
f 2154/943 15/938 2155/944
f 2155/3860 15/3856 2156/3859
f 2156/3859 15/3856 2151/3858
f 2157/3585 14/3584 2168/3587
f 2158/3586 2/3583 2157/3585
f 2159/1722 13/1717 2160/1725
f 2160/1725 13/1717 2177/1728
f 2161/1719 13/1717 2159/1722
f 2162/932 2/922 2158/937
f 2163/1460 268/1454 2060/1457
f 2164/2539 184/2536 2181/2537
f 2165/2540 184/2536 2164/2539
f 2166/3461 1673/3456 2045/3459
f 2167/1817 1594/1812 2102/1814
f 2168/3587 14/3584 2028/3588
f 2169/3006 1660/3000 2170/3003
f 2170/3003 1660/3000 1672/3001
f 2171/3007 1660/3000 2169/3006
f 2172/1464 1641/1455 2184/1462
f 2173/4159 1672/4154 2065/4158
f 2174/4080 1862/4079 2175/4082
f 2175/4082 1862/4079 2179/4083
f 2176/1726 259/1723 2134/1729
f 2177/1728 13/1717 2176/1726
f 2178/3851 1846/3845 2131/3853
f 2179/4083 1862/4079 2133/4081
f 2180/363 178/329 2097/355
f 2181/2537 184/2536 2135/2535
f 2182/3773 141/3771 142/3770
f 2183/2546 142/2545 2143/2543
f 2184/1462 1641/1455 2046/1458
f 2185/2133 1814/2121 2186/2130
f 2186/2130 1814/2121 2211/2119
f 2187/1802 799/1798 2188/1801
f 2188/1801 799/1798 1045/1790
f 2189/3478 1749/3481 1758/3479
f 2190/3480 1758/3479 2193/3482
f 2191/2214 1774/2209 1761/2208
f 2192/2219 1761/2208 2195/2222
f 2193/3482 1758/3479 2194/3484
f 2194/2136 1758/2127 2214/2135
f 2195/4103 1761/4106 1739/4104
f 2196/4105 1739/4104 2197/4107
f 2197/1368 1739/1366 2203/1363
f 2198/3485 1747/3483 2189/3478
f 2199/3488 1051/3487 2198/3485
f 2200/3807 1748/3804 2199/3806
f 2201/3808 1748/3804 2200/3807
f 2202/1793 1748/1796 2201/1799
f 2203/1363 1739/1366 1050/1364
f 2204/1365 1050/1364 2242/1367
f 2205/1788 1052/1780 2202/1793
f 2206/1792 1378/1784 2205/1788
f 2207/3996 1776/3994 1774/3995
f 2208/2131 1817/2120 2207/2126
f 2209/3997 1774/3995 2191/3998
f 2210/2132 1817/2120 2208/2131
f 2211/2119 1814/2121 1763/2109
f 2212/2125 1817/2120 2210/2132
f 2213/2114 1763/2109 1816/2111
f 2214/2135 1758/2127 2185/2133
f 2215/2118 1816/2111 2212/2125
f 2216/1390 1400/1388 2217/1392
f 2217/1392 1400/1388 444/1389
f 2218/3965 1010/3964 2222/3967
f 2219/459 1011/447 2218/468
f 2220/1300 1006/1299 2226/1303
f 2221/1301 826/1298 2220/1300
f 2222/3967 1010/3964 2250/3968
f 2223/426 1429/422 2227/430
f 2224/429 852/423 2223/426
f 2225/1306 1086/1309 852/1313
f 2226/1303 1006/1299 2225/1306
f 2227/430 1429/422 2257/428
f 2228/467 1437/452 2219/459
f 2229/469 1437/452 2228/467
f 2230/470 854/466 2229/469
f 2231/2166 820/2160 2232/2163
f 2232/2163 820/2160 975/2156
f 2233/1304 826/1298 2221/1301
f 2234/1404 826/1403 2233/1405
f 2235/1401 828/1402 2234/1404
f 2236/1396 809/1398 2235/1401
f 2237/1394 444/1389 2236/1396
f 2238/1315 852/1313 2224/1317
f 2239/1386 1400/1388 2216/1390
f 2240/1370 1049/1371 1425/1373
f 2241/1375 1425/1373 2244/1377
f 2242/1367 1050/1364 2240/1370
f 2243/1380 1425/1373 456/1378
f 2244/1377 1425/1373 2243/1380
f 2245/2165 975/2156 2187/2164
f 2246/1800 1045/1790 2247/1797
f 2247/1797 1045/1790 1378/1784
f 2248/1795 1378/1784 2206/1792
f 2249/1383 456/1378 2239/1386
f 2250/3968 1010/3964 1031/3966
f 2251/2757 1031/2755 823/2752
f 2252/3631 824/3625 2231/3628
f 2253/2758 823/2752 2255/2756
f 2254/2760 823/2752 2253/2758
f 2255/2756 823/2752 2252/2754
f 2256/2759 823/2752 2254/2760
f 2257/428 1429/422 485/425
f 2258/433 485/425 2259/437
f 2259/437 485/425 486/439
f 2260/710 1405/714 2261/717
f 2261/717 1405/714 2262/720
f 2262/720 1405/714 2263/724
f 2263/724 1405/714 2264/723
f 2264/723 1405/714 2265/719
f 2265/719 1405/714 1398/713
f 2266/726 482/727 2268/728
f 2267/725 481/721 2266/726
f 2268/2458 482/2451 2273/2454
f 2269/722 1398/713 2267/725
f 2270/702 486/698 1404/697
f 2271/707 1404/697 2260/710
f 2272/446 486/439 2270/451
f 2273/2454 482/2451 79/2449
f 2274/2455 79/2449 58/2452
f 2275/4018 58/4017 2279/4019
f 2276/523 61/522 37/520
f 2277/526 61/522 2276/523
f 2278/2461 80/2459 2287/2463
f 2279/2462 58/2452 2278/2461
f 2280/2457 79/2449 2274/2455
f 2281/524 60/521 61/522
f 2282/3929 59/3926 2281/3928
f 2283/527 61/522 2277/526
f 2284/2465 59/2466 2285/2467
f 2285/3931 59/3926 2282/3929
f 2286/2464 57/2460 2284/2465
f 2287/2463 80/2459 2286/2464
f 2288/2727 35/2729 55/2722
f 2289/252 31/236 2288/248
f 2290/525 37/520 2291/528
f 2291/251 37/237 2295/247
f 2292/2725 55/2722 17/2721
f 2293/2726 17/2721 2294/2728
f 2294/2728 17/2721 2297/2730
f 2295/247 37/237 31/236
f 2296/250 31/236 2289/252
f 2297/2730 17/2721 2147/2732
usemtl Tile_+033_+029_L18_00000_untextured
