mtllib Tile_+033_+029_L18_00012.mtl
v 6.63438883e+03 7.12521063e+03 4.60295232e+01
v 6.63846665e+03 7.10224501e+03 4.64995806e+01
v 6.63870569e+03 7.10286888e+03 4.55981715e+01
v 6.64014546e+03 7.09619851e+03 4.75260104e+01
v 6.63843054e+03 7.09640724e+03 4.63896669e+01
v 6.64007245e+03 7.09605307e+03 4.53963140e+01
v 6.63985201e+03 7.09435022e+03 4.39726508e+01
v 6.63844465e+03 7.09512544e+03 4.48791322e+01
v 6.63885114e+03 7.09709241e+03 4.53208478e+01
v 6.63778283e+03 7.09871969e+03 4.49622164e+01
v 6.63928340e+03 7.09838878e+03 4.64367736e+01
v 6.63880335e+03 7.09518023e+03 4.67088650e+01
v 6.63854827e+03 7.10058321e+03 4.51221644e+01
v 6.63837238e+03 7.10095678e+03 4.66590326e+01
v 6.63993046e+03 7.10152084e+03 4.75188010e+01
v 6.63983771e+03 7.10164230e+03 4.50573042e+01
v 6.63955687e+03 7.10413709e+03 4.53431035e+01
v 6.63945945e+03 7.10399598e+03 4.68806363e+01
v 6.63824732e+03 7.10402689e+03 4.60159500e+01
v 6.63998370e+03 7.09818273e+03 4.50152626e+01
v 6.63952736e+03 7.10545322e+03 4.44200520e+01
v 6.63685608e+03 7.10490804e+03 4.48493424e+01
v 6.64026388e+03 7.11568027e+03 4.28009514e+01
v 6.64052557e+03 7.11573946e+03 4.43007448e+01
v 6.64378942e+03 7.11957784e+03 4.44213359e+01
v 6.64647461e+03 7.12247570e+03 4.43350188e+01
v 6.63393767e+03 7.10472631e+03 4.46974093e+01
v 6.63400978e+03 7.10102874e+03 4.47649271e+01
v 6.63342209e+03 7.10372013e+03 4.43332581e+01
v 6.63969348e+03 7.10538855e+03 4.33145638e+01
v 6.63642246e+03 7.11903979e+03 4.44432638e+01
v 6.62487326e+03 7.10362393e+03 4.45187162e+01
v 6.62478227e+03 7.10767762e+03 4.26277263e+01
v 6.62481570e+03 7.10755056e+03 4.38574178e+01
v 6.63381063e+03 7.10213906e+03 4.37094746e+01
v 6.63159731e+03 7.10275062e+03 4.32120033e+01
v 6.62645983e+03 7.10311890e+03 4.44809534e+01
v 6.62806164e+03 7.10366696e+03 4.44550998e+01
v 6.64268828e+03 7.10126338e+03 4.40894929e+01
v 6.64289741e+03 7.10383634e+03 4.35029159e+01
v 6.62866434e+03 7.09974634e+03 4.29471895e+01
v 6.62897936e+03 7.09731891e+03 4.39111047e+01
v 6.63252373e+03 7.10086226e+03 4.40649360e+01
v 6.63063664e+03 7.10087359e+03 4.30995422e+01
v 6.62831884e+03 7.10033640e+03 4.44604702e+01
v 6.64011323e+03 7.11511764e+03 4.29943428e+01
v 6.63885722e+03 7.10722549e+03 4.34302703e+01
v 6.63915506e+03 7.10779720e+03 4.41458143e+01
v 6.63616114e+03 7.11926869e+03 4.23700233e+01
v 6.63488761e+03 7.11967182e+03 4.28976006e+01
v 6.63683755e+03 7.11799143e+03 4.41296739e+01
v 6.62741105e+03 7.08718248e+03 4.41792258e+01
v 6.62942717e+03 7.08750093e+03 4.42505098e+01
v 6.62762310e+03 7.08799744e+03 4.33115446e+01
v 6.63778064e+03 7.09413246e+03 4.39567403e+01
v 6.63439569e+03 7.09442270e+03 4.37698064e+01
v 6.64016303e+03 7.09556836e+03 4.28645498e+01
v 6.64138116e+03 7.09385968e+03 4.34963688e+01
v 6.64182740e+03 7.09650023e+03 4.43057388e+01
v 6.64202413e+03 7.09551352e+03 4.34740615e+01
v 6.62525326e+03 7.09784304e+03 4.45524509e+01
v 6.62585241e+03 7.09739107e+03 4.38226936e+01
v 6.62575286e+03 7.10020372e+03 4.39095877e+01
v 6.62564272e+03 7.10370413e+03 4.38558984e+01
v 6.62646677e+03 7.10002344e+03 4.43760876e+01
v 6.62514271e+03 7.10062723e+03 4.44394460e+01
v 6.63981123e+03 7.10184743e+03 4.33907152e+01
v 6.63422909e+03 7.09830794e+03 4.48583882e+01
v 6.64144791e+03 7.10291520e+03 4.42122207e+01
v 6.64124412e+03 7.10546230e+03 4.28773362e+01
v 6.63347695e+03 7.10433945e+03 4.32165107e+01
v 6.63198990e+03 7.09848787e+03 4.31264429e+01
v 6.64410382e+03 7.09677443e+03 4.36691130e+01
v 6.63449763e+03 7.09491056e+03 4.47470611e+01
v 6.63997344e+03 7.09870842e+03 4.33953803e+01
v 6.62563722e+03 7.06857406e+03 4.43252239e+01
v 6.62669432e+03 7.07191853e+03 4.49370247e+01
v 6.62976077e+03 7.06774861e+03 4.58424919e+01
v 6.62920627e+03 7.06834028e+03 4.41180330e+01
v 6.62559114e+03 7.06767017e+03 4.63615649e+01
v 6.62699238e+03 7.06660883e+03 4.51436447e+01
v 6.62843221e+03 7.06675213e+03 4.63383000e+01
v 6.62814644e+03 7.06701214e+03 4.35567243e+01
v 6.62594698e+03 7.07073018e+03 4.70144233e+01
v 6.63167511e+03 7.06960966e+03 4.42429322e+01
v 6.63086494e+03 7.07068246e+03 4.62278653e+01
v 6.63026745e+03 7.07114464e+03 4.49322696e+01
v 6.63060980e+03 7.06906641e+03 4.56360146e+01
v 6.63078085e+03 7.07232575e+03 4.60783496e+01
v 6.63040978e+03 7.07288071e+03 4.49495024e+01
v 6.63378633e+03 7.09673972e+03 4.33707670e+01
v 6.63172576e+03 7.09618709e+03 4.36411362e+01
v 6.62833458e+03 7.08842401e+03 4.37893961e+01
v 6.62775000e+03 7.07296487e+03 4.43019244e+01
v 6.62819442e+03 7.07220486e+03 4.62276197e+01
v 6.62906766e+03 7.07326570e+03 4.60305700e+01
v 6.62940174e+03 7.07274312e+03 4.49392260e+01
v 6.63046938e+03 7.07329256e+03 4.73020237e+01
v 6.63084849e+03 7.07204908e+03 4.47631102e+01
v 6.63210815e+03 7.07168921e+03 4.40186580e+01
v 6.63021786e+03 7.06808547e+03 4.27737217e+01
v 6.64757790e+03 7.08527294e+03 4.41981318e+01
v 6.64741206e+03 7.07970435e+03 4.41558710e+01
v 6.64716251e+03 7.08803493e+03 4.42273728e+01
v 6.62700695e+03 7.07179845e+03 4.69071662e+01
v 6.63019421e+03 7.06795241e+03 4.38559796e+01
v 6.62746771e+03 7.06831578e+03 4.74323733e+01
v 6.62656272e+03 7.07198017e+03 4.27422104e+01
v 6.62771389e+03 7.06816160e+03 4.23182008e+01
v 6.64750013e+03 7.08112731e+03 4.21612901e+01
v 6.62925596e+03 7.07130551e+03 4.68275310e+01
v 6.62772438e+03 7.06798219e+03 4.65519530e+01
v 6.62760219e+03 7.06936276e+03 4.62715760e+01
v 6.62688866e+03 7.07020567e+03 4.75760175e+01
v 6.62856423e+03 7.06853163e+03 4.64941194e+01
v 6.63035108e+03 7.06925833e+03 4.74883894e+01
v 6.62882108e+03 7.07016360e+03 4.67827342e+01
v 6.64794543e+03 7.07904915e+03 4.41580225e+01
v 6.62906749e+03 7.06798479e+03 4.53267869e+01
v 6.64739130e+03 7.08316253e+03 4.32036444e+01
v 6.64098148e+03 7.09786831e+03 4.32100669e+01
v 6.63938644e+03 7.10807564e+03 4.28953689e+01
v 6.63938029e+03 7.10660774e+03 4.47693202e+01
v 6.62464386e+03 7.10361125e+03 4.25589538e+01
v 6.63427422e+03 7.09953693e+03 4.31062352e+01
v 6.64266485e+03 7.09787535e+03 4.33605402e+01
v 6.63709362e+03 7.10591907e+03 4.36336590e+01
v 6.64166532e+03 7.09653145e+03 4.26833749e+01
v 6.62768646e+03 7.09649747e+03 4.36159490e+01
v 6.62709670e+03 7.09750069e+03 4.45131506e+01
v 6.62660195e+03 7.06300006e+03 3.91374499e+01
v 6.62710393e+03 7.06287859e+03 3.62033897e+01
v 6.68686273e+03 7.06321357e+03 3.94820253e+01
v 6.68614131e+03 7.06575999e+03 4.22231979e+01
v 6.68558221e+03 7.06377783e+03 3.99459227e+01
v 6.68576244e+03 7.06218598e+03 3.91095634e+01
v 6.68314713e+03 7.06588713e+03 4.28046188e+01
v 6.68655272e+03 7.06380354e+03 3.68377425e+01
v 6.68505510e+03 7.06319078e+03 3.81957337e+01
v 6.68055288e+03 7.06215984e+03 4.26739193e+01
v 6.68724634e+03 7.06709466e+03 4.23602206e+01
v 6.68727709e+03 7.06218478e+03 3.66542385e+01
v 6.68242082e+03 7.06416187e+03 4.69085993e+01
v 6.67983894e+03 7.06214032e+03 4.51439449e+01
v 6.68605168e+03 7.06218538e+03 5.35689938e+01
v 6.68423342e+03 7.06220581e+03 4.88978178e+01
v 6.68410841e+03 7.06434207e+03 4.90871574e+01
v 6.68611220e+03 7.06304996e+03 4.86643653e+01
v 6.68530251e+03 7.06324454e+03 4.98656297e+01
v 6.68324387e+03 7.06377921e+03 5.03821932e+01
v 6.68708567e+03 7.06301043e+03 5.02698623e+01
v 6.68739394e+03 7.06308473e+03 5.17154391e+01
v 6.68511362e+03 7.06381032e+03 5.26842345e+01
v 6.68338887e+03 7.06329333e+03 5.21290605e+01
v 6.68653914e+03 7.06315310e+03 5.24117001e+01
v 6.68634865e+03 7.06395252e+03 5.11246267e+01
v 6.68567721e+03 7.06224829e+03 4.88386240e+01
v 6.68199612e+03 7.06280013e+03 5.24366112e+01
v 6.68128926e+03 7.06419643e+03 5.20292677e+01
v 6.67957287e+03 7.06273151e+03 5.09911115e+01
v 6.67813094e+03 7.06329715e+03 5.06239559e+01
v 6.68064424e+03 7.06321942e+03 5.24263394e+01
v 6.68251443e+03 7.06461210e+03 4.97905226e+01
v 6.68463262e+03 7.06541393e+03 4.74449089e+01
v 6.68728566e+03 7.06280751e+03 4.80717389e+01
v 6.68674749e+03 7.06980261e+03 4.66133022e+01
v 6.67834613e+03 7.06271815e+03 4.83420883e+01
v 6.64085002e+03 7.06443927e+03 4.16511150e+01
v 6.63947852e+03 7.06275530e+03 4.18533336e+01
v 6.64769810e+03 7.08063572e+03 4.24837409e+01
v 6.64765789e+03 7.07989673e+03 4.26962932e+01
v 6.64407238e+03 7.08801034e+03 4.28793289e+01
v 6.64384562e+03 7.08510064e+03 4.25546443e+01
v 6.64536899e+03 7.07946142e+03 4.01756071e+01
v 6.64524342e+03 7.08002513e+03 4.18592916e+01
v 6.63974720e+03 7.06345896e+03 4.17855623e+01
v 6.64222025e+03 7.06628021e+03 4.16854686e+01
v 6.64787876e+03 7.07871370e+03 4.19067385e+01
v 6.64372835e+03 7.06629392e+03 3.89435089e+01
v 6.64244778e+03 7.06641064e+03 3.71434179e+01
v 6.64306704e+03 7.06674917e+03 4.12159950e+01
v 6.63634070e+03 7.06438581e+03 3.92779174e+01
v 6.63579019e+03 7.06492031e+03 4.10701572e+01
v 6.64051019e+03 7.06269451e+03 4.00142533e+01
v 6.63914144e+03 7.06420967e+03 3.91229994e+01
v 6.64254456e+03 7.06651592e+03 3.87798472e+01
v 6.64267862e+03 7.06337664e+03 3.80180621e+01
v 6.64253503e+03 7.06628137e+03 3.92893416e+01
v 6.63473080e+03 7.06463773e+03 4.07597851e+01
v 6.63469436e+03 7.06430863e+03 3.91830676e+01
v 6.63098030e+03 7.06908000e+03 4.10047785e+01
v 6.64490612e+03 7.07796122e+03 3.55277361e+01
v 6.64405811e+03 7.08090382e+03 3.50632384e+01
v 6.64721514e+03 7.08041628e+03 3.49743362e+01
v 6.64672695e+03 7.12215410e+03 4.39932162e+01
v 6.63193929e+03 7.07121320e+03 4.20916661e+01
v 6.64995286e+03 7.07277558e+03 3.61967831e+01
v 6.64914508e+03 7.07359794e+03 3.76266341e+01
v 6.62681993e+03 7.09736546e+03 4.27184359e+01
v 6.64373379e+03 7.07411973e+03 3.56509536e+01
v 6.64713128e+03 7.07626868e+03 3.62119293e+01
v 6.62565090e+03 7.08702291e+03 4.23825778e+01
v 6.62737015e+03 7.08609200e+03 4.23268509e+01
v 6.63342756e+03 7.08443162e+03 4.10030843e+01
v 6.63490345e+03 7.08319822e+03 4.19797247e+01
v 6.64475003e+03 7.12044135e+03 4.24742146e+01
v 6.64555804e+03 7.12071583e+03 3.98501622e+01
v 6.63224812e+03 7.12267184e+03 3.92237708e+01
v 6.63448267e+03 7.12091242e+03 3.81633636e+01
v 6.62538668e+03 7.07002711e+03 4.10007793e+01
v 6.62615010e+03 7.06857937e+03 4.26135377e+01
v 6.62897397e+03 7.06687556e+03 4.10939260e+01
v 6.63125669e+03 7.07054168e+03 4.08716649e+01
v 6.62553830e+03 7.12098449e+03 4.27260911e+01
v 6.62896913e+03 7.11970461e+03 4.24720553e+01
v 6.63340401e+03 7.11183338e+03 4.27080957e+01
v 6.63332882e+03 7.11086713e+03 4.33501923e+01
v 6.63176747e+03 7.10973005e+03 4.33180942e+01
v 6.64589027e+03 7.12145381e+03 4.22674481e+01
v 6.64689246e+03 7.12211202e+03 4.20311973e+01
v 6.62715981e+03 7.08401170e+03 3.59191860e+01
v 6.62949442e+03 7.08309681e+03 3.56647661e+01
v 6.64617367e+03 7.12195290e+03 4.24857743e+01
v 6.65190136e+03 7.11723151e+03 4.18849097e+01
v 6.64612910e+03 7.12188231e+03 4.29199430e+01
v 6.64553909e+03 7.12210428e+03 4.16337693e+01
v 6.64688100e+03 7.12270511e+03 4.20344023e+01
v 6.62666300e+03 7.10919903e+03 4.27246167e+01
v 6.63158163e+03 7.10763217e+03 4.25463936e+01
v 6.65285081e+03 7.11248049e+03 4.24250683e+01
v 6.63275629e+03 7.12231061e+03 4.27740435e+01
v 6.63298636e+03 7.12540935e+03 4.26441079e+01
v 6.63269245e+03 7.12152295e+03 4.40412351e+01
v 6.63034222e+03 7.12412228e+03 4.24956934e+01
v 6.64030452e+03 7.11692230e+03 4.17285085e+01
v 6.63163509e+03 7.10645541e+03 4.32690247e+01
v 6.63098620e+03 7.11008097e+03 4.27151038e+01
v 6.62873591e+03 7.09337215e+03 4.32817755e+01
v 6.62976531e+03 7.09224368e+03 4.37790005e+01
v 6.63591927e+03 7.08977106e+03 4.27170257e+01
v 6.64228173e+03 7.08954150e+03 4.27212494e+01
v 6.62659972e+03 7.10655267e+03 4.38139488e+01
v 6.63044864e+03 7.10359975e+03 4.38533274e+01
v 6.64057345e+03 7.09126128e+03 4.26799191e+01
v 6.63882964e+03 7.09272725e+03 4.28869529e+01
v 6.63587575e+03 7.11955483e+03 3.86555451e+01
v 6.63550471e+03 7.12025363e+03 4.16010914e+01
v 6.63653665e+03 7.09291099e+03 4.27597116e+01
v 6.63195036e+03 7.09497926e+03 4.32436820e+01
v 6.63403711e+03 7.09593541e+03 4.43994714e+01
v 6.62682906e+03 7.07052143e+03 4.29192017e+01
v 6.62731779e+03 7.08966016e+03 4.26484014e+01
v 6.63579462e+03 7.08180987e+03 3.92336844e+01
v 6.63533549e+03 7.07965079e+03 3.75933799e+01
v 6.63561842e+03 7.08092515e+03 3.76485832e+01
v 6.63462529e+03 7.09277916e+03 4.37389808e+01
v 6.63384506e+03 7.09269718e+03 4.28227758e+01
v 6.63073791e+03 7.09202952e+03 4.26371739e+01
v 6.63735869e+03 7.09053270e+03 4.36555580e+01
v 6.64398038e+03 7.11926901e+03 4.41331666e+01
v 6.64924700e+03 7.07360476e+03 4.14054383e+01
v 6.64797668e+03 7.07251414e+03 4.21864474e+01
v 6.64055964e+03 7.09047777e+03 4.34982347e+01
v 6.64510319e+03 7.09922771e+03 4.31687636e+01
v 6.64345939e+03 7.10012456e+03 4.29475817e+01
v 6.64176068e+03 7.11898807e+03 3.85771626e+01
v 6.64267109e+03 7.12145718e+03 3.88694508e+01
v 6.64747155e+03 7.09317864e+03 4.27587882e+01
v 6.64708800e+03 7.08870329e+03 4.27716229e+01
v 6.64483045e+03 7.09462167e+03 4.33852461e+01
v 6.64570684e+03 7.10054931e+03 4.27806453e+01
v 6.64728669e+03 7.07896454e+03 4.19031664e+01
v 6.64780551e+03 7.08844185e+03 4.36890457e+01
v 6.64752630e+03 7.08742436e+03 4.26757218e+01
v 6.64771162e+03 7.07852602e+03 3.85275497e+01
v 6.63656571e+03 7.06608729e+03 3.91206357e+01
v 6.64325845e+03 7.06686485e+03 4.17940562e+01
v 6.64744256e+03 7.07163421e+03 4.22044103e+01
v 6.62793849e+03 7.09219382e+03 4.37582243e+01
v 6.62563254e+03 7.06704139e+03 3.94861434e+01
v 6.63088439e+03 7.08276703e+03 3.50685074e+01
v 6.63018269e+03 7.08408207e+03 3.55890655e+01
v 6.64437916e+03 7.10117601e+03 4.36181665e+01
v 6.63280571e+03 7.09352594e+03 4.34323960e+01
v 6.64364934e+03 7.06764315e+03 4.19310197e+01
v 6.63465376e+03 7.12520065e+03 3.83257001e+01
v 6.68703858e+03 7.10328185e+03 3.68134456e+01
v 6.68705142e+03 7.10931913e+03 3.66944975e+01
v 6.68690211e+03 7.11071578e+03 3.69068828e+01
v 6.68693475e+03 7.11054276e+03 3.93224463e+01
v 6.68739571e+03 7.09642431e+03 3.68337859e+01
v 6.68071493e+03 7.09806546e+03 3.64958406e+01
v 6.68140434e+03 7.09593394e+03 3.67842587e+01
v 6.68367097e+03 7.10446336e+03 3.70100217e+01
v 6.68691676e+03 7.11920404e+03 3.62688630e+01
v 6.68243032e+03 7.12192594e+03 3.63040398e+01
v 6.68390982e+03 7.10948601e+03 3.66553141e+01
v 6.68204478e+03 7.10766881e+03 3.67200554e+01
v 6.68568277e+03 7.09546565e+03 3.67513850e+01
v 6.68114915e+03 7.10056800e+03 3.67974942e+01
v 6.68038624e+03 7.09975620e+03 3.81455312e+01
v 6.68004247e+03 7.09370302e+03 3.68485361e+01
v 6.68012293e+03 7.09568954e+03 3.72900184e+01
v 6.68209875e+03 7.09874661e+03 3.68612825e+01
v 6.68123933e+03 7.10344646e+03 3.67543788e+01
v 6.67973292e+03 7.10124886e+03 3.69786747e+01
v 6.68050367e+03 7.10257165e+03 3.82818677e+01
v 6.68318108e+03 7.10457365e+03 3.76882497e+01
v 6.68211185e+03 7.10503296e+03 3.68587957e+01
v 6.67901589e+03 7.09985802e+03 3.95602713e+01
v 6.67966723e+03 7.09952905e+03 4.06670978e+01
v 6.67837213e+03 7.10010753e+03 3.75075385e+01
v 6.68393194e+03 7.11915847e+03 3.63458028e+01
v 6.67833735e+03 7.12016599e+03 3.73537466e+01
v 6.67901780e+03 7.09686201e+03 3.67769207e+01
v 6.68223575e+03 7.10791041e+03 3.89395089e+01
v 6.68281190e+03 7.11964127e+03 3.76645075e+01
v 6.68141173e+03 7.10581092e+03 3.84409779e+01
v 6.68421599e+03 7.11604952e+03 3.92884098e+01
v 6.68504014e+03 7.11708460e+03 3.76533171e+01
v 6.68411920e+03 7.11792536e+03 3.79883411e+01
v 6.68567314e+03 7.11707976e+03 3.64808861e+01
v 6.68183849e+03 7.10496625e+03 3.80157698e+01
v 6.67900557e+03 7.09868346e+03 3.70708740e+01
v 6.68107154e+03 7.11945834e+03 3.80030529e+01
v 6.68112208e+03 7.11909270e+03 3.93005759e+01
v 6.68217633e+03 7.11927793e+03 4.23642417e+01
v 6.68468596e+03 7.11873067e+03 3.95178113e+01
v 6.68330400e+03 7.11612812e+03 4.26273032e+01
v 6.68467146e+03 7.11477310e+03 4.27988373e+01
v 6.68727254e+03 7.11310293e+03 4.22412931e+01
v 6.68202468e+03 7.10451408e+03 3.98793172e+01
v 6.68086808e+03 7.10221612e+03 3.95049899e+01
v 6.67897244e+03 7.09997095e+03 4.08096842e+01
v 6.68091337e+03 7.10024695e+03 4.30947194e+01
v 6.68685858e+03 7.11051118e+03 4.07095080e+01
v 6.68439651e+03 7.10926232e+03 4.26315364e+01
v 6.68523415e+03 7.10574962e+03 4.25932364e+01
v 6.68367368e+03 7.10375419e+03 4.25264554e+01
v 6.68304510e+03 7.11984862e+03 3.91717827e+01
v 6.68270068e+03 7.11740712e+03 4.03690844e+01
v 6.68498112e+03 7.11671434e+03 4.21295929e+01
v 6.67972733e+03 7.09860927e+03 3.87066237e+01
v 6.67879503e+03 7.09749128e+03 4.11370693e+01
v 6.67874825e+03 7.09663800e+03 4.01691463e+01
v 6.67847192e+03 7.09734727e+03 3.81302834e+01
v 6.68751271e+03 7.09583257e+03 4.21343586e+01
v 6.68778641e+03 7.09660375e+03 4.22628965e+01
v 6.68105594e+03 7.09906805e+03 4.26912127e+01
v 6.68320265e+03 7.06371752e+03 3.82830759e+01
v 6.68229446e+03 7.06218109e+03 3.84453047e+01
v 6.68469584e+03 7.10974800e+03 3.86868356e+01
v 6.68261368e+03 7.10350948e+03 4.31355927e+01
v 6.68076167e+03 7.10300163e+03 4.16526137e+01
v 6.68553868e+03 7.06511534e+03 4.44802692e+01
v 6.68638826e+03 7.06577912e+03 4.43643983e+01
v 6.68789605e+03 7.06413911e+03 4.40508321e+01
v 6.68094546e+03 7.06340895e+03 4.16441939e+01
v 6.68327537e+03 7.06334319e+03 3.95498825e+01
v 6.68624420e+03 7.08800290e+03 3.89737732e+01
v 6.68692155e+03 7.08837180e+03 3.95089065e+01
v 6.67692053e+03 7.09905331e+03 4.41719203e+01
v 6.68352799e+03 7.06525235e+03 4.57714683e+01
v 6.68735374e+03 7.06865320e+03 4.35859794e+01
v 6.68182519e+03 7.11311716e+03 4.27655159e+01
v 6.68185456e+03 7.11611948e+03 4.26435359e+01
v 6.67902264e+03 7.11519068e+03 4.29472634e+01
v 6.68623875e+03 7.11303300e+03 4.02514055e+01
v 6.67456558e+03 7.11703629e+03 4.29903251e+01
v 6.67823887e+03 7.12120826e+03 4.23599074e+01
v 6.68292543e+03 7.10848515e+03 3.70612779e+01
v 6.68347265e+03 7.10824521e+03 4.06406671e+01
v 6.68337272e+03 7.10964667e+03 4.02003112e+01
v 6.68307967e+03 7.11489858e+03 4.34945820e+01
v 6.68208755e+03 7.11572815e+03 4.41198914e+01
v 6.67787571e+03 7.10979252e+03 4.56967302e+01
v 6.68797444e+03 7.11096212e+03 4.23868384e+01
v 6.67786745e+03 7.09534806e+03 4.27803397e+01
v 6.68691411e+03 7.07875193e+03 3.70854643e+01
v 6.68778695e+03 7.08347114e+03 4.03278376e+01
v 6.68769545e+03 7.07205417e+03 4.55291437e+01
v 6.68714094e+03 7.07122008e+03 4.74308952e+01
v 6.68637551e+03 7.11260848e+03 3.66770669e+01
v 6.68761975e+03 7.11265705e+03 3.67588345e+01
v 6.68628944e+03 7.11503236e+03 3.75116623e+01
v 6.68332547e+03 7.11611875e+03 4.40750307e+01
v 6.67787397e+03 7.09846220e+03 3.90676707e+01
v 6.68798258e+03 7.07194768e+03 4.21920311e+01
v 6.67802467e+03 7.10493689e+03 4.59265088e+01
v 6.68546437e+03 7.11044333e+03 3.78412819e+01
v 6.68797384e+03 7.08293290e+03 3.91906388e+01
v 6.68614564e+03 7.08296338e+03 3.67633150e+01
v 6.68559783e+03 7.08933758e+03 3.70983911e+01
v 6.68544237e+03 7.08676588e+03 3.89987803e+01
v 6.68690115e+03 7.08975280e+03 3.88218910e+01
v 6.68724781e+03 7.08698965e+03 3.90285693e+01
v 6.68657715e+03 7.08609174e+03 3.91491435e+01
v 6.68676124e+03 7.08582094e+03 4.01019751e+01
v 6.67825196e+03 7.06249215e+03 3.68900303e+01
v 6.67959009e+03 7.06411621e+03 3.67550440e+01
v 6.68174728e+03 7.07660865e+03 3.65860667e+01
v 6.68260832e+03 7.09225880e+03 3.65292670e+01
v 6.67882912e+03 7.08329759e+03 3.64733267e+01
v 6.68381493e+03 7.08775846e+03 3.66409969e+01
v 6.68564422e+03 7.08674306e+03 3.67435618e+01
v 6.67827559e+03 7.09478152e+03 3.67815065e+01
v 6.68633737e+03 7.06883767e+03 4.66142339e+01
v 6.65422471e+03 7.08058724e+03 3.76746496e+01
v 6.65416696e+03 7.07970465e+03 3.61729696e+01
v 6.65910818e+03 7.08051872e+03 3.85227239e+01
v 6.65978690e+03 7.07761495e+03 3.84738061e+01
v 6.65986776e+03 7.07815622e+03 3.66281376e+01
v 6.66802440e+03 7.07533658e+03 4.13690995e+01
v 6.66553934e+03 7.07517890e+03 3.76289447e+01
v 6.66222745e+03 7.08615699e+03 4.53371156e+01
v 6.66368397e+03 7.08388339e+03 4.32648807e+01
v 6.66180397e+03 7.08359347e+03 3.74009675e+01
v 6.66439128e+03 7.08138014e+03 3.77426679e+01
v 6.66312297e+03 7.07517126e+03 3.90221596e+01
v 6.65755207e+03 7.08110847e+03 3.85035288e+01
v 6.65741845e+03 7.07911944e+03 4.03127219e+01
v 6.66770256e+03 7.08011426e+03 3.69793714e+01
v 6.67035572e+03 7.08115523e+03 3.90465248e+01
v 6.65958923e+03 7.08020244e+03 4.84827654e+01
v 6.66022526e+03 7.08026359e+03 4.63123296e+01
v 6.66046171e+03 7.08181379e+03 4.79902376e+01
v 6.66113684e+03 7.08289274e+03 4.70730239e+01
v 6.65694372e+03 7.08057797e+03 4.51677435e+01
v 6.65752744e+03 7.08195419e+03 4.35957174e+01
v 6.66755477e+03 7.08254637e+03 4.52162184e+01
v 6.66518576e+03 7.08375069e+03 4.57773845e+01
v 6.66695697e+03 7.06396812e+03 4.64140308e+01
v 6.66669104e+03 7.06394150e+03 4.68690216e+01
v 6.66681697e+03 7.06293403e+03 4.98995341e+01
v 6.66783370e+03 7.07614339e+03 4.59521828e+01
v 6.66696346e+03 7.07582117e+03 4.69760013e+01
v 6.66021962e+03 7.08266452e+03 4.95880274e+01
v 6.66248238e+03 7.08509893e+03 4.77405609e+01
v 6.66136530e+03 7.08376885e+03 4.89628278e+01
v 6.65822832e+03 7.08303265e+03 4.53980668e+01
v 6.65941119e+03 7.09163225e+03 4.29540511e+01
v 6.66057545e+03 7.09312691e+03 4.48708152e+01
v 6.67121618e+03 7.07983580e+03 4.54068861e+01
v 6.66986699e+03 7.08027143e+03 4.49094285e+01
v 6.65767828e+03 7.07977417e+03 4.38269732e+01
v 6.65763262e+03 7.07864879e+03 4.42814775e+01
v 6.65742040e+03 7.07760774e+03 4.53095686e+01
v 6.66390160e+03 7.08477603e+03 4.78349380e+01
v 6.66519718e+03 7.08295138e+03 4.85637332e+01
v 6.66131283e+03 7.07870493e+03 4.85789154e+01
v 6.66234146e+03 7.07846615e+03 4.70447259e+01
v 6.65804068e+03 7.08051644e+03 4.73447312e+01
v 6.67354642e+03 7.10126611e+03 4.57451316e+01
v 6.65661019e+03 7.08184444e+03 4.69688250e+01
v 6.65890276e+03 7.08169404e+03 3.75561073e+01
v 6.65969485e+03 7.08042973e+03 3.76812243e+01
v 6.65414121e+03 7.09923964e+03 3.50947290e+01
v 6.65572515e+03 7.09838836e+03 3.61305678e+01
v 6.66743865e+03 7.07624769e+03 3.77665781e+01
v 6.66389028e+03 7.07325788e+03 3.65338340e+01
v 6.66204841e+03 7.06753969e+03 3.66104005e+01
v 6.65703374e+03 7.08067112e+03 3.66185987e+01
v 6.65243140e+03 7.07980096e+03 3.60246061e+01
v 6.65248900e+03 7.07889934e+03 3.66670918e+01
v 6.65546543e+03 7.12416594e+03 3.72199291e+01
v 6.65395044e+03 7.12359119e+03 3.93548102e+01
v 6.65211271e+03 7.08108884e+03 3.60735343e+01
v 6.67527254e+03 7.08573529e+03 3.65692153e+01
v 6.67463326e+03 7.06203681e+03 3.99314771e+01
v 6.67461388e+03 7.06333390e+03 4.06269865e+01
v 6.67437154e+03 7.09529689e+03 3.84323291e+01
v 6.67127110e+03 7.09417125e+03 4.06568288e+01
v 6.67439534e+03 7.09457257e+03 4.05835466e+01
v 6.67351381e+03 7.12351379e+03 3.75793584e+01
v 6.67301923e+03 7.12157248e+03 3.75202721e+01
v 6.67604044e+03 7.09689826e+03 3.73302968e+01
v 6.65364343e+03 7.11466833e+03 3.62291229e+01
v 6.65356668e+03 7.11633846e+03 3.69854093e+01
v 6.66970695e+03 7.06268968e+03 3.65848603e+01
v 6.67154117e+03 7.06459631e+03 3.73782643e+01
v 6.67157676e+03 7.06582890e+03 3.76530389e+01
v 6.66257875e+03 7.08144733e+03 3.84695145e+01
v 6.66255659e+03 7.08301633e+03 4.11299449e+01
v 6.65549569e+03 7.08327045e+03 3.55008067e+01
v 6.65368136e+03 7.07784071e+03 3.74663442e+01
v 6.65973152e+03 7.08468879e+03 3.69535603e+01
v 6.65683224e+03 7.08604090e+03 3.85658758e+01
v 6.65749381e+03 7.08480915e+03 3.76443796e+01
v 6.65699678e+03 7.08851017e+03 3.77584554e+01
v 6.65930570e+03 7.08824631e+03 3.68805869e+01
v 6.65887908e+03 7.08210891e+03 3.84141868e+01
v 6.65714436e+03 7.09115951e+03 3.73630807e+01
v 6.65438710e+03 7.07927931e+03 3.93050300e+01
v 6.65661441e+03 7.08128172e+03 3.93465202e+01
v 6.66264534e+03 7.07549741e+03 3.74527649e+01
v 6.65334365e+03 7.08162724e+03 3.73284320e+01
v 6.64983223e+03 7.08103198e+03 3.91664257e+01
v 6.65546909e+03 7.10773624e+03 3.84073724e+01
v 6.65581217e+03 7.10660792e+03 4.00273805e+01
v 6.65696563e+03 7.09797785e+03 3.68796971e+01
v 6.65467573e+03 7.11103929e+03 3.69969438e+01
v 6.65423834e+03 7.11372621e+03 3.64633011e+01
v 6.66499822e+03 7.11335282e+03 4.04783970e+01
v 6.66650473e+03 7.11254403e+03 3.71866600e+01
v 6.66722455e+03 7.09589606e+03 3.96641826e+01
v 6.66718061e+03 7.09806727e+03 3.78342226e+01
v 6.66578291e+03 7.11467383e+03 3.76536518e+01
v 6.66506324e+03 7.10978108e+03 3.69417952e+01
v 6.66439901e+03 7.11121852e+03 3.74049442e+01
v 6.66429299e+03 7.11161072e+03 3.79195201e+01
v 6.66539887e+03 7.11111527e+03 4.00157388e+01
v 6.65809199e+03 7.12005759e+03 3.93516539e+01
v 6.66127309e+03 7.12066019e+03 3.78678524e+01
v 6.67245533e+03 7.09453334e+03 3.70378974e+01
v 6.67079405e+03 7.09489211e+03 3.75486275e+01
v 6.66793957e+03 7.08326840e+03 3.80654086e+01
v 6.66797166e+03 7.08194769e+03 3.65842757e+01
v 6.66656484e+03 7.09439130e+03 3.64817419e+01
v 6.66845741e+03 7.09577031e+03 3.73889987e+01
v 6.66435990e+03 7.08221080e+03 4.02591482e+01
v 6.66804672e+03 7.07809287e+03 3.72016557e+01
v 6.66906075e+03 7.07824083e+03 3.63143232e+01
v 6.66911727e+03 7.08143239e+03 3.73105273e+01
v 6.67042614e+03 7.08221330e+03 3.72112337e+01
v 6.67044636e+03 7.08176124e+03 3.77079030e+01
v 6.66592092e+03 7.11961890e+03 3.82431361e+01
v 6.66473295e+03 7.12008411e+03 3.92689623e+01
v 6.66514244e+03 7.10541620e+03 4.10823537e+01
v 6.66434245e+03 7.10347684e+03 4.07092967e+01
v 6.66480202e+03 7.09873296e+03 3.98034233e+01
v 6.66348518e+03 7.10350129e+03 3.98125913e+01
v 6.65353839e+03 7.10935788e+03 3.94486998e+01
v 6.66476739e+03 7.08352905e+03 4.11891108e+01
v 6.66603260e+03 7.08385023e+03 4.21052440e+01
v 6.66839946e+03 7.08432104e+03 4.01180587e+01
v 6.66755763e+03 7.08411572e+03 4.31122775e+01
v 6.66958490e+03 7.07952329e+03 3.98369195e+01
v 6.67234275e+03 7.08205256e+03 4.09721127e+01
v 6.66897099e+03 7.08175645e+03 3.89594643e+01
v 6.66870895e+03 7.08388963e+03 4.17538125e+01
v 6.66639259e+03 7.08309711e+03 3.90187094e+01
v 6.66013634e+03 7.07722917e+03 4.13803181e+01
v 6.65844642e+03 7.07688273e+03 4.04653885e+01
v 6.65953954e+03 7.07453700e+03 4.15063070e+01
v 6.66872906e+03 7.12351700e+03 3.93106908e+01
v 6.66940271e+03 7.12084370e+03 3.83569131e+01
v 6.65407634e+03 7.10624334e+03 3.89124669e+01
v 6.65575098e+03 7.10644754e+03 4.18117939e+01
v 6.65427235e+03 7.10731507e+03 3.93984280e+01
v 6.65362239e+03 7.10545953e+03 3.97906523e+01
v 6.65589109e+03 7.10413873e+03 4.18568395e+01
v 6.65450352e+03 7.10180746e+03 4.00225051e+01
v 6.65589648e+03 7.10117290e+03 4.19244315e+01
v 6.66501950e+03 7.10852290e+03 4.10342894e+01
v 6.66456952e+03 7.10667339e+03 4.16706818e+01
v 6.67701204e+03 7.09545067e+03 4.01251317e+01
v 6.67711635e+03 7.09619915e+03 3.73190572e+01
v 6.66780920e+03 7.09714895e+03 4.05823757e+01
v 6.66490146e+03 7.09748138e+03 4.26006834e+01
v 6.66380098e+03 7.08569578e+03 4.75028294e+01
v 6.66521521e+03 7.08323737e+03 4.44308714e+01
v 6.65470282e+03 7.07897478e+03 4.18908773e+01
v 6.65850292e+03 7.07646679e+03 4.49505307e+01
v 6.66125094e+03 7.07573915e+03 4.24161385e+01
v 6.67039444e+03 7.08511091e+03 4.47938339e+01
v 6.67328212e+03 7.08387615e+03 4.40709129e+01
v 6.66729148e+03 7.07674056e+03 4.47151758e+01
v 6.66736881e+03 7.07541057e+03 4.32503664e+01
v 6.66812799e+03 7.07554285e+03 4.44561978e+01
v 6.65386610e+03 7.07902750e+03 4.03962050e+01
v 6.65858307e+03 7.08389093e+03 4.04350216e+01
v 6.65328179e+03 7.07796893e+03 4.19884064e+01
v 6.65340766e+03 7.07809772e+03 4.25571153e+01
v 6.65729466e+03 7.08468582e+03 4.05224470e+01
v 6.65627030e+03 7.07954703e+03 4.18410975e+01
v 6.65926762e+03 7.07805190e+03 4.19545775e+01
v 6.65829054e+03 7.08335123e+03 4.23942804e+01
v 6.65410738e+03 7.07917134e+03 4.20386940e+01
v 6.65618709e+03 7.09514618e+03 3.89071857e+01
v 6.65629087e+03 7.09455368e+03 4.17940865e+01
v 6.65669638e+03 7.08851779e+03 4.19193632e+01
v 6.65159347e+03 7.08727090e+03 4.22399540e+01
v 6.65597444e+03 7.08889182e+03 4.27870277e+01
v 6.66147584e+03 7.09200206e+03 3.76931447e+01
v 6.66018007e+03 7.09128190e+03 3.65059108e+01
v 6.65273539e+03 7.08318776e+03 3.54378621e+01
v 6.65551808e+03 7.11374649e+03 4.18309723e+01
v 6.65358461e+03 7.11286337e+03 3.92150144e+01
v 6.65555211e+03 7.09897759e+03 3.73285390e+01
v 6.65587802e+03 7.10031120e+03 3.70816522e+01
v 6.67070470e+03 7.09627169e+03 3.79129758e+01
v 6.66999884e+03 7.08338725e+03 4.24280184e+01
v 6.67001356e+03 7.08360338e+03 4.36261960e+01
v 6.66200790e+03 7.07379994e+03 4.34150655e+01
v 6.66207348e+03 7.07553073e+03 4.34154925e+01
v 6.67543908e+03 7.09721706e+03 4.32098460e+01
v 6.65670580e+03 7.09385719e+03 3.66081329e+01
v 6.66372170e+03 7.10334896e+03 4.30705788e+01
v 6.67172501e+03 7.07909633e+03 4.25316772e+01
v 6.67115439e+03 7.08008208e+03 4.12195301e+01
v 6.66186124e+03 7.11774851e+03 3.61325126e+01
v 6.66197205e+03 7.12103400e+03 3.61680476e+01
v 6.66386126e+03 7.11382056e+03 3.67821574e+01
v 6.66295579e+03 7.11149200e+03 3.69756876e+01
v 6.66061289e+03 7.08155027e+03 3.85222942e+01
v 6.65509190e+03 7.09724506e+03 3.61423403e+01
v 6.65583312e+03 7.09680510e+03 3.85929980e+01
v 6.65478463e+03 7.10950066e+03 3.91754619e+01
v 6.65497490e+03 7.11110671e+03 3.94040277e+01
v 6.65364251e+03 7.11062165e+03 3.86212673e+01
v 6.65702152e+03 7.07828311e+03 4.20832606e+01
v 6.65564106e+03 7.08789805e+03 3.99896559e+01
v 6.67024677e+03 7.06526026e+03 3.67046397e+01
v 6.67080805e+03 7.06822546e+03 3.65916098e+01
v 6.66644121e+03 7.08564827e+03 4.17080396e+01
v 6.66468564e+03 7.11756089e+03 3.80766985e+01
v 6.66577345e+03 7.11137853e+03 3.81526529e+01
v 6.65536563e+03 7.11131754e+03 3.83542708e+01
v 6.65395317e+03 7.10962880e+03 3.59478131e+01
v 6.65357193e+03 7.07976627e+03 3.70087819e+01
v 6.65297248e+03 7.08213497e+03 3.54774179e+01
v 6.67330130e+03 7.08378035e+03 4.50901387e+01
v 6.67063825e+03 7.08274811e+03 4.49718192e+01
v 6.67220901e+03 7.09474200e+03 3.87557959e+01
v 6.67353347e+03 7.09559901e+03 3.69574259e+01
v 6.66111908e+03 7.08443334e+03 4.34151252e+01
v 6.65964337e+03 7.08258200e+03 4.24435181e+01
v 6.66001236e+03 7.07651075e+03 4.18425135e+01
v 6.65903159e+03 7.07463824e+03 4.50044024e+01
v 6.66149529e+03 7.07414772e+03 4.22488665e+01
v 6.66128002e+03 7.07315743e+03 4.52071548e+01
v 6.66875763e+03 7.08451963e+03 4.35618713e+01
v 6.66927608e+03 7.07720790e+03 4.20048166e+01
v 6.67122752e+03 7.07774682e+03 4.22598351e+01
v 6.67193897e+03 7.08120425e+03 4.29715580e+01
v 6.67298410e+03 7.07985838e+03 4.34194463e+01
v 6.67003713e+03 7.08218856e+03 3.96334359e+01
v 6.65502064e+03 7.09812176e+03 3.57605737e+01
v 6.66254503e+03 7.08936358e+03 3.66075378e+01
v 6.66035673e+03 7.08419214e+03 4.22508662e+01
v 6.66687426e+03 7.11586624e+03 3.79075940e+01
v 6.66360295e+03 7.11698559e+03 3.78612296e+01
v 6.65069665e+03 7.08377131e+03 3.54328980e+01
v 6.66572744e+03 7.08259057e+03 3.75753539e+01
v 6.66689601e+03 7.06331535e+03 5.06942996e+01
v 6.66277104e+03 7.07857793e+03 5.01882171e+01
v 6.66340893e+03 7.07781767e+03 4.95229730e+01
v 6.66266598e+03 7.07998455e+03 5.00955949e+01
v 6.66296429e+03 7.08060105e+03 5.08022309e+01
v 6.66211599e+03 7.08133612e+03 4.99117483e+01
v 6.66565341e+03 7.07996126e+03 5.00550691e+01
v 6.66774068e+03 7.07948202e+03 4.98740463e+01
v 6.66438177e+03 7.08114909e+03 4.96699322e+01
v 6.66295718e+03 7.08253684e+03 5.05085228e+01
v 6.66448355e+03 7.08343255e+03 4.98335748e+01
v 6.66240402e+03 7.08042875e+03 4.86921394e+01
v 6.66501882e+03 7.07900530e+03 4.93904963e+01
v 6.66566758e+03 7.07797475e+03 4.93264003e+01
v 6.66745091e+03 7.07757059e+03 4.97049940e+01
v 6.66747050e+03 7.08112972e+03 4.89383756e+01
v 6.66670445e+03 7.08132064e+03 4.98807857e+01
v 6.66877550e+03 7.07753625e+03 4.85236381e+01
v 6.66923677e+03 7.07894314e+03 4.94441576e+01
v 6.66072140e+03 7.08125140e+03 4.92978163e+01
v 6.66120642e+03 7.08238628e+03 5.01847512e+01
v 6.66187345e+03 7.08385152e+03 5.01501881e+01
v 6.66127101e+03 7.09228497e+03 4.72730690e+01
v 6.66289068e+03 7.09358226e+03 4.71547068e+01
v 6.66097427e+03 7.09437463e+03 4.61865090e+01
v 6.66009849e+03 7.09235857e+03 4.64871452e+01
v 6.66100071e+03 7.08462824e+03 4.69676505e+01
v 6.65882486e+03 7.08423394e+03 4.66473757e+01
v 6.66110568e+03 7.08371050e+03 4.74979997e+01
v 6.66281274e+03 7.08494636e+03 4.94514072e+01
v 6.66610334e+03 7.07654060e+03 4.88453544e+01
v 6.66004330e+03 7.07949852e+03 4.95638063e+01
v 6.66814598e+03 7.08281438e+03 4.65456124e+01
v 6.67260196e+03 7.10623093e+03 4.84008268e+01
v 6.67339828e+03 7.10611421e+03 4.94142728e+01
v 6.67442601e+03 7.10501300e+03 4.70226688e+01
v 6.67196008e+03 7.10518692e+03 4.69659932e+01
v 6.67377687e+03 7.10656928e+03 4.87484384e+01
v 6.67500993e+03 7.10727538e+03 4.77365668e+01
v 6.67459631e+03 7.10828974e+03 4.68966963e+01
v 6.67288953e+03 7.10713157e+03 4.88483108e+01
v 6.66263931e+03 7.09508437e+03 4.66912448e+01
v 6.66379703e+03 7.09118854e+03 4.48432559e+01
v 6.66840250e+03 7.10361056e+03 4.57028110e+01
v 6.67122334e+03 7.10895945e+03 4.65995510e+01
v 6.66823349e+03 7.10932000e+03 4.55970230e+01
v 6.66826272e+03 7.11580626e+03 4.30628763e+01
v 6.67401360e+03 7.11167119e+03 4.59517413e+01
v 6.66111151e+03 7.09059860e+03 4.54492890e+01
v 6.67388976e+03 7.10706919e+03 4.94642267e+01
v 6.66402801e+03 7.09167980e+03 4.34470612e+01
v 6.65981706e+03 7.08281857e+03 4.63277257e+01
v 6.66069764e+03 7.09396058e+03 4.41655637e+01
v 6.66553946e+03 7.09408893e+03 4.32396105e+01
v 6.66386070e+03 7.09256304e+03 4.46383335e+01
v 6.66253222e+03 7.09519823e+03 4.37411197e+01
v 6.67009876e+03 7.09737856e+03 4.31902917e+01
v 6.67248828e+03 7.09791228e+03 4.47073971e+01
v 6.67316966e+03 7.09864359e+03 4.43143726e+01
v 6.67004253e+03 7.08411288e+03 4.52080996e+01
v 6.67672605e+03 7.09850688e+03 4.47265922e+01
v 6.66369139e+03 7.09372325e+03 4.34035828e+01
v 6.66260285e+03 7.09050338e+03 4.35070754e+01
v 6.66324389e+03 7.10735476e+03 4.30776893e+01
v 6.66296853e+03 7.09138773e+03 4.30977242e+01
v 6.65964597e+03 7.07705781e+03 4.56768878e+01
v 6.66134408e+03 7.07918859e+03 4.59915054e+01
v 6.66062767e+03 7.07978668e+03 4.72238785e+01
v 6.66015631e+03 7.07827124e+03 4.65810606e+01
v 6.65854466e+03 7.07843243e+03 4.65664994e+01
v 6.66386188e+03 7.07591549e+03 4.41286279e+01
v 6.66360587e+03 7.07609607e+03 4.65928524e+01
v 6.66590735e+03 7.07643755e+03 4.47639228e+01
v 6.66185178e+03 7.07589999e+03 4.64581102e+01
v 6.66128644e+03 7.07723972e+03 4.48421069e+01
v 6.66240641e+03 7.07547996e+03 4.47025269e+01
v 6.66313546e+03 7.07458669e+03 4.59479865e+01
v 6.66699115e+03 7.06302528e+03 4.60302444e+01
v 6.66924357e+03 7.08203198e+03 4.46745294e+01
v 6.66032470e+03 7.09162911e+03 4.56942908e+01
v 6.66037738e+03 7.07544024e+03 4.55630949e+01
v 6.66715788e+03 7.06283935e+03 4.46002760e+01
v 6.66078403e+03 7.07874520e+03 4.52829245e+01
v 6.66847989e+03 7.08258589e+03 4.42840386e+01
v 6.66827542e+03 7.08121143e+03 4.62670126e+01
v 6.66576626e+03 7.07535134e+03 4.66166508e+01
v 6.67235945e+03 7.07927048e+03 4.39457801e+01
v 6.67291986e+03 7.07965330e+03 4.60744358e+01
v 6.67030039e+03 7.07842798e+03 4.50338144e+01
v 6.67051200e+03 7.07812216e+03 4.65531723e+01
v 6.67007499e+03 7.08006272e+03 4.65703530e+01
v 6.66903945e+03 7.07659644e+03 4.61713491e+01
v 6.66718338e+03 7.06313240e+03 4.37988819e+01
v 6.67085233e+03 7.08134393e+03 4.41574957e+01
v 6.67196468e+03 7.08232469e+03 4.45091684e+01
v 6.67064563e+03 7.07801945e+03 4.40634607e+01
v 6.66256342e+03 7.07398433e+03 4.48610269e+01
v 6.67225693e+03 7.07833588e+03 4.52030344e+01
v 6.66609310e+03 7.08383849e+03 4.36000501e+01
v 6.66456667e+03 7.07525563e+03 4.40392102e+01
v 6.66705416e+03 7.08238380e+03 4.37123069e+01
v 6.66005426e+03 7.07680995e+03 4.73474438e+01
v 6.65667528e+03 7.08188057e+03 4.21530539e+01
v 6.65620948e+03 7.08223301e+03 4.57040815e+01
v 6.65774967e+03 7.08146342e+03 4.81022059e+01
v 6.65902510e+03 7.08080268e+03 4.87539315e+01
v 6.65878964e+03 7.08239505e+03 4.82705683e+01
v 6.66076796e+03 7.07796785e+03 4.77572562e+01
v 6.65819639e+03 7.07657899e+03 4.71418245e+01
v 6.65620429e+03 7.07895508e+03 4.76191133e+01
v 6.65567646e+03 7.08085144e+03 4.76642929e+01
v 6.65910682e+03 7.08296643e+03 4.66351559e+01
v 6.65721814e+03 7.08030741e+03 4.80198279e+01
v 6.66339710e+03 7.07732167e+03 4.72063959e+01
v 6.66906457e+03 7.08103371e+03 4.75135903e+01
v 6.66784004e+03 7.08069864e+03 4.77903667e+01
v 6.66939193e+03 7.07777097e+03 4.68599340e+01
v 6.66861250e+03 7.08029099e+03 4.83292694e+01
v 6.66720140e+03 7.08261826e+03 4.82640783e+01
v 6.67023379e+03 7.08015041e+03 4.78751419e+01
v 6.66915466e+03 7.07898211e+03 4.80977741e+01
v 6.66851100e+03 7.07810927e+03 5.01959975e+01
v 6.66478295e+03 7.07712107e+03 4.79833658e+01
v 6.66622690e+03 7.08321235e+03 4.74909010e+01
v 6.66071435e+03 7.07653836e+03 4.81355514e+01
v 6.66524100e+03 7.07703166e+03 4.67288155e+01
v 6.66696483e+03 7.06427320e+03 4.84153016e+01
v 6.65547164e+03 7.11377320e+03 3.83542504e+01
v 6.65445849e+03 7.11444199e+03 3.85236865e+01
v 6.66618017e+03 7.11703136e+03 3.96336501e+01
v 6.66560326e+03 7.11761749e+03 4.12793500e+01
v 6.65645407e+03 7.09746998e+03 3.51993700e+01
v 6.66975796e+03 7.12010776e+03 4.35259161e+01
v 6.67211880e+03 7.11959267e+03 4.37342677e+01
v 6.65085502e+03 7.08090370e+03 3.47783714e+01
v 6.65038915e+03 7.07942248e+03 3.57272200e+01
v 6.64817772e+03 7.07969851e+03 3.52227754e+01
v 6.64836788e+03 7.08038295e+03 3.58975087e+01
v 6.64994894e+03 7.07755065e+03 3.66452606e+01
v 6.64846854e+03 7.07760040e+03 3.60393396e+01
v 6.64934781e+03 7.07446607e+03 3.61458222e+01
v 6.65014316e+03 7.07590690e+03 3.62120395e+01
v 6.64464591e+03 7.06654745e+03 3.59791558e+01
v 6.65179135e+03 7.06914686e+03 3.60858714e+01
v 6.65146844e+03 7.12484087e+03 3.63110815e+01
v 6.64728976e+03 7.12300127e+03 3.51424484e+01
v 6.64429595e+03 7.06426016e+03 3.66033953e+01
v 6.64888835e+03 7.07348763e+03 3.61298621e+01
v 6.64031576e+03 7.06943691e+03 3.58058699e+01
v 6.63945906e+03 7.06688461e+03 3.61981603e+01
v 6.63861449e+03 7.06827692e+03 3.61030587e+01
v 6.64212529e+03 7.06543230e+03 3.60077003e+01
v 6.63531919e+03 7.06294125e+03 3.59138527e+01
v 6.63035033e+03 7.06259089e+03 3.58462258e+01
v 6.63197638e+03 7.06310699e+03 3.64267478e+01
v 6.62990835e+03 7.07058151e+03 3.61565561e+01
v 6.62877718e+03 7.07009343e+03 3.58410928e+01
v 6.63222739e+03 7.07262277e+03 3.54720416e+01
v 6.62747252e+03 7.07658693e+03 3.57534481e+01
v 6.63517528e+03 7.07272950e+03 3.61172059e+01
v 6.63771459e+03 7.07142306e+03 3.55988699e+01
v 6.62679742e+03 7.07142428e+03 3.60559865e+01
v 6.63553930e+03 7.06910304e+03 3.59901963e+01
v 6.63506026e+03 7.06884720e+03 3.84019899e+01
v 6.62965284e+03 7.07037934e+03 3.71895066e+01
v 6.62768013e+03 7.07545511e+03 3.54824723e+01
v 6.63570700e+03 7.07890679e+03 3.50042166e+01
v 6.63281905e+03 7.07518934e+03 3.50034966e+01
v 6.62734763e+03 7.07727136e+03 3.44785460e+01
v 6.62927536e+03 7.08145731e+03 3.45336326e+01
v 6.63124839e+03 7.06959551e+03 3.58433344e+01
v 6.63345638e+03 7.06904935e+03 3.66736757e+01
v 6.62614449e+03 7.08325874e+03 3.41980464e+01
v 6.63204382e+03 7.08364281e+03 3.55951213e+01
v 6.63383339e+03 7.12510322e+03 3.50286671e+01
v 6.63335358e+03 7.12373431e+03 3.57703409e+01
v 6.63296988e+03 7.12501608e+03 3.56409086e+01
v 6.63166846e+03 7.12370855e+03 3.59576374e+01
v 6.63387565e+03 7.12151681e+03 3.57221922e+01
v 6.63618682e+03 7.12319166e+03 3.56763048e+01
v 6.63015854e+03 7.08163565e+03 3.55889533e+01
v 6.63185259e+03 7.08206040e+03 3.55534595e+01
v 6.63237140e+03 7.08009137e+03 3.50885378e+01
v 6.62482282e+03 7.08487566e+03 3.58573367e+01
v 6.64005624e+03 7.12429982e+03 3.48800244e+01
v 6.63944564e+03 7.12382295e+03 3.61334659e+01
v 6.63850476e+03 7.08018351e+03 3.51116869e+01
v 6.64009403e+03 7.08066098e+03 3.48272724e+01
v 6.63619423e+03 7.08105314e+03 3.51948765e+01
v 6.63972158e+03 7.07845078e+03 3.56226416e+01
v 6.64130897e+03 7.07941381e+03 3.53447142e+01
v 6.64223007e+03 7.08098559e+03 3.60106812e+01
v 6.64189952e+03 7.07863906e+03 3.48607658e+01
v 6.64223463e+03 7.07979214e+03 3.49761690e+01
v 6.63554849e+03 7.12094697e+03 3.72337117e+01
v 6.64218213e+03 7.12245764e+03 3.58063317e+01
v 6.63826813e+03 7.07880891e+03 3.53571405e+01
v 6.63984696e+03 7.08123483e+03 3.55043312e+01
v 6.64128840e+03 7.08042251e+03 3.63454380e+01
v 6.64181042e+03 7.07940726e+03 3.66767641e+01
v 6.64221529e+03 7.07903235e+03 3.80618091e+01
v 6.64445967e+03 7.07926893e+03 3.80893985e+01
v 6.63850892e+03 7.07885001e+03 3.82300247e+01
v 6.63920708e+03 7.07689317e+03 3.52794310e+01
v 6.64209808e+03 7.07695563e+03 3.60163446e+01
v 6.64433482e+03 7.07675656e+03 3.61900053e+01
v 6.64291684e+03 7.07955240e+03 3.52310192e+01
v 6.64994260e+03 7.12007343e+03 3.52926777e+01
v 6.64794423e+03 7.12203479e+03 3.52963471e+01
v 6.64397226e+03 7.12090535e+03 3.59282423e+01
v 6.64556836e+03 7.12110845e+03 3.54445162e+01
v 6.64735834e+03 7.12275391e+03 3.68801062e+01
v 6.63772890e+03 7.12353586e+03 3.62186076e+01
v 6.64780383e+03 7.07831405e+03 3.55889477e+01
v 6.64974354e+03 7.11975294e+03 3.65063704e+01
v 6.63265162e+03 7.12507799e+03 3.80268874e+01
v 6.64425054e+03 7.12048633e+03 3.85964058e+01
v 6.63313340e+03 7.08094524e+03 3.53819524e+01
v 6.63258806e+03 7.08155100e+03 3.76158911e+01
v 6.63329827e+03 7.07983932e+03 3.63582990e+01
v 6.62547332e+03 7.08484164e+03 3.81416331e+01
v 6.63809011e+03 7.08067226e+03 3.58788366e+01
v 6.62678444e+03 7.07158697e+03 3.77309641e+01
v 6.63273672e+03 7.07996541e+03 3.73850704e+01
v 6.63576153e+03 7.07872430e+03 3.76946031e+01
v 6.62961497e+03 7.08163732e+03 3.86250602e+01
v 6.63313509e+03 7.08180632e+03 3.86914497e+01
v 6.63106926e+03 7.08371842e+03 3.89255624e+01
v 6.62477483e+03 7.08682391e+03 3.93983883e+01
v 6.62777896e+03 7.08392581e+03 3.82902061e+01
v 6.62919653e+03 7.08334618e+03 3.77895496e+01
v 6.62725202e+03 7.08541474e+03 3.92988776e+01
v 6.63603851e+03 7.07919209e+03 3.92740539e+01
v 6.62941475e+03 7.08404935e+03 3.88643311e+01
v 6.63228108e+03 7.12327109e+03 3.80270696e+01
v 6.63963087e+03 7.12419287e+03 3.83364687e+01
v 6.63883220e+03 7.11877556e+03 3.89829467e+01
v 6.63141664e+03 7.12353838e+03 3.87136811e+01
v 6.64143044e+03 7.12297704e+03 3.86302446e+01
v 6.64748740e+03 7.12106165e+03 3.79587013e+01
v 6.64666987e+03 7.12278780e+03 3.98169879e+01
v 6.63480460e+03 7.12410675e+03 3.63621605e+01
v 6.64882191e+03 7.08323159e+03 3.56403747e+01
v 6.64563873e+03 7.08123099e+03 3.58707814e+01
v 6.64708231e+03 7.07924810e+03 3.93480080e+01
v 6.64559909e+03 7.08002510e+03 3.91246643e+01
v 6.64181649e+03 7.07916022e+03 3.71833995e+01
v 6.64058777e+03 7.07909266e+03 3.83828953e+01
v 6.63909579e+03 7.08073502e+03 3.93686460e+01
v 6.64402290e+03 7.08068360e+03 3.89754248e+01
v 6.64161371e+03 7.07897219e+03 3.72861470e+01
v 6.64212139e+03 7.08003305e+03 3.91077648e+01
v 6.64911601e+03 7.11914547e+03 4.01451785e+01
v 6.64047935e+03 7.08145640e+03 3.88456284e+01
v 6.63785457e+03 7.08109996e+03 3.90030482e+01
v 6.64243253e+03 7.07962660e+03 3.99894238e+01
v 6.64168281e+03 7.07897709e+03 4.08663414e+01
v 6.64101460e+03 7.07915895e+03 4.18967152e+01
v 6.64673448e+03 7.08090240e+03 3.96356882e+01
v 6.62659933e+03 7.08686009e+03 3.94709105e+01
v 6.64275499e+03 7.11901156e+03 3.94040296e+01
v 6.63448388e+03 7.12522343e+03 4.10445045e+01
v 6.63254287e+03 7.12436223e+03 3.99553993e+01
v 6.63230384e+03 7.08469376e+03 3.98116547e+01
v 6.63373212e+03 7.08533994e+03 3.97229904e+01
v 6.63343203e+03 7.08297534e+03 3.94267145e+01
v 6.63345568e+03 7.08430302e+03 3.90429874e+01
v 6.63518189e+03 7.08390088e+03 3.91509159e+01
v 6.62753401e+03 7.08426522e+03 4.36908458e+01
v 6.62973172e+03 7.08377017e+03 4.18422154e+01
v 6.62717079e+03 7.08688780e+03 4.04510567e+01
v 6.62593989e+03 7.06831326e+03 3.90905164e+01
v 6.62752400e+03 7.06799290e+03 3.91005663e+01
v 6.62856271e+03 7.06587081e+03 3.92240306e+01
v 6.62965296e+03 7.06652753e+03 4.06080567e+01
v 6.63040530e+03 7.06712866e+03 3.91010378e+01
v 6.62765223e+03 7.06721081e+03 4.06076812e+01
v 6.62997385e+03 7.07086835e+03 4.10909264e+01
v 6.63057270e+03 7.07192518e+03 4.03969706e+01
v 6.63113507e+03 7.07064279e+03 4.02612625e+01
v 6.63128094e+03 7.07115425e+03 4.12987257e+01
v 6.62990035e+03 7.06938176e+03 3.87653004e+01
v 6.63116230e+03 7.07053009e+03 4.06588355e+01
v 6.62975200e+03 7.07139663e+03 3.98017677e+01
v 6.63558540e+03 7.07878162e+03 3.98231072e+01
v 6.63563376e+03 7.08173246e+03 4.08258521e+01
v 6.62653981e+03 7.07198853e+03 3.97524087e+01
v 6.63029262e+03 7.07000377e+03 3.85949450e+01
v 6.63041307e+03 7.07125479e+03 3.85515482e+01
v 6.62845004e+03 7.07135390e+03 3.87390635e+01
v 6.63196037e+03 7.06949812e+03 3.86653740e+01
v 6.63431045e+03 7.06916580e+03 3.97185466e+01
v 6.63172219e+03 7.06586958e+03 4.06916625e+01
v 6.63205280e+03 7.06542603e+03 3.94002984e+01
v 6.62581700e+03 7.06839570e+03 4.14444042e+01
v 6.62843104e+03 7.07205145e+03 4.18188125e+01
v 6.63282142e+03 7.06647219e+03 3.91054878e+01
v 6.62546657e+03 7.07066220e+03 3.85371883e+01
v 6.62651475e+03 7.06294639e+03 3.64967286e+01
v 6.62944286e+03 7.06274570e+03 3.84613415e+01
v 6.62638366e+03 7.07025822e+03 3.64916346e+01
v 6.62518125e+03 7.07070687e+03 3.59402330e+01
v 6.62685109e+03 7.06206615e+03 3.77883464e+01
v 6.63004479e+03 7.06602898e+03 3.95951688e+01
v 6.63286411e+03 7.06282177e+03 3.85600178e+01
v 6.63478757e+03 7.06605664e+03 3.95998032e+01
v 6.62594692e+03 7.06695417e+03 4.03019509e+01
v 6.64272659e+03 7.06439446e+03 3.90554084e+01
v 6.64331686e+03 7.06346116e+03 3.97030743e+01
v 6.63927413e+03 7.06820159e+03 3.85179685e+01
v 6.63950588e+03 7.06690309e+03 3.86570871e+01
v 6.64878055e+03 7.11924172e+03 3.67810255e+01
v 6.64218554e+03 7.09845217e+03 4.41611866e+01
v 6.63892005e+03 7.08363031e+03 4.20829118e+01
v 6.64178087e+03 7.08367576e+03 4.24026168e+01
v 6.64028886e+03 7.11698214e+03 3.98529913e+01
v 6.64750798e+03 7.08449563e+03 4.24947163e+01
v 6.64498874e+03 7.08399544e+03 4.20074508e+01
v 6.64254997e+03 7.06635106e+03 4.09163560e+01
v 6.64960318e+03 7.07383135e+03 4.23259359e+01
v 6.64322232e+03 7.07945518e+03 4.18625027e+01
v 6.64885096e+03 7.07304699e+03 4.18641520e+01
v 6.65032527e+03 7.08852345e+03 4.29113165e+01
v 6.64817625e+03 7.08216994e+03 4.21170270e+01
v 6.63904931e+03 7.08515342e+03 4.25937278e+01
v 6.64939316e+03 7.07396572e+03 4.23152385e+01
v 6.65097442e+03 7.07951547e+03 4.16916192e+01
v 6.63782879e+03 7.11840524e+03 4.18204474e+01
v 6.63296226e+03 7.08451609e+03 4.24940615e+01
v 6.62718667e+03 7.07185020e+03 4.07238471e+01
v 6.63568812e+03 7.07910285e+03 4.19352797e+01
v 6.62704855e+03 7.09527336e+03 4.26112211e+01
v 6.62451995e+03 7.09642378e+03 4.26209605e+01
v 6.62946691e+03 7.08769728e+03 4.26158602e+01
v 6.63055604e+03 7.08488284e+03 3.97905221e+01
v 6.62977601e+03 7.08437600e+03 4.26206490e+01
v 6.63199746e+03 7.12383281e+03 4.22071454e+01
v 6.64763511e+03 7.10797808e+03 4.28034289e+01
v 6.64557370e+03 7.12141662e+03 4.23929070e+01
v 6.63979887e+03 7.11125533e+03 4.29500446e+01
v 6.63469300e+03 7.10771405e+03 4.25466680e+01
v 6.63651608e+03 7.10839664e+03 4.29100063e+01
v 6.63088430e+03 7.10552806e+03 4.26498738e+01
v 6.63298177e+03 7.12217807e+03 4.43801450e+01
v 6.64310276e+03 7.10543538e+03 4.35239087e+01
v 6.64617682e+03 7.10467053e+03 4.28607934e+01
v 6.62913382e+03 7.10513086e+03 4.30275722e+01
v 6.62814842e+03 7.10739617e+03 4.33391608e+01
v 6.62827842e+03 7.10410441e+03 4.35367690e+01
v 6.62686703e+03 7.10442296e+03 4.31109595e+01
v 6.62908371e+03 7.10216751e+03 4.27356175e+01
v 6.62985933e+03 7.10260362e+03 4.35478243e+01
v 6.62876692e+03 7.09525698e+03 4.28529884e+01
v 6.62992168e+03 7.09425428e+03 4.36060337e+01
v 6.62908143e+03 7.09141418e+03 4.28766133e+01
v 6.62917387e+03 7.09000337e+03 4.31386842e+01
v 6.63266743e+03 7.09470502e+03 4.40122937e+01
v 6.62949240e+03 7.08453698e+03 4.40875678e+01
v 6.64219220e+03 7.08989119e+03 4.40667682e+01
v 6.64171280e+03 7.09080965e+03 4.39813950e+01
v 6.64169123e+03 7.09326803e+03 4.27800168e+01
v 6.64260773e+03 7.09101469e+03 4.28045915e+01
v 6.64459849e+03 7.09379300e+03 4.25787451e+01
v 6.64159208e+03 7.10188520e+03 4.34542262e+01
v 6.64149447e+03 7.09994538e+03 4.28210495e+01
v 6.64947103e+03 7.09501320e+03 4.26345419e+01
v 6.64924341e+03 7.09408486e+03 4.41251589e+01
v 6.65299936e+03 7.09695182e+03 4.26126438e+01
v 6.64986678e+03 7.09485610e+03 4.40190867e+01
v 6.65029052e+03 7.09341057e+03 4.27898819e+01
v 6.64752686e+03 7.08263673e+03 4.29854398e+01
v 6.62816416e+03 7.07028237e+03 3.71018518e+01
v 6.66667497e+03 7.06331723e+03 4.81898250e+01
v 6.66679809e+03 7.06239746e+03 4.38022877e+01
v 6.66065542e+03 7.09034594e+03 4.28082353e+01
v 6.65957605e+03 7.09099395e+03 4.51149326e+01
v 6.67501668e+03 7.09413555e+03 4.24625789e+01
v 6.67570234e+03 7.09590743e+03 4.08695903e+01
v 6.67481083e+03 7.06539658e+03 3.66665038e+01
v 6.67497021e+03 7.06388469e+03 3.81629148e+01
v 6.67064360e+03 7.07676411e+03 3.62911128e+01
v 6.67592577e+03 7.07641653e+03 3.63806594e+01
v 6.67230557e+03 7.06240863e+03 3.77845732e+01
v 6.67566832e+03 7.09474678e+03 3.71005215e+01
v 6.66958438e+03 7.08454676e+03 3.66082807e+01
v 6.67286236e+03 7.09231799e+03 3.67191955e+01
v 6.67154249e+03 7.07986766e+03 3.64376986e+01
v 6.67110700e+03 7.06202750e+03 3.69849935e+01
v 6.67279391e+03 7.06251587e+03 3.93607092e+01
v 6.67026000e+03 7.07090168e+03 3.64637555e+01
v 6.67547739e+03 7.09291029e+03 3.66928345e+01
v 6.67639822e+03 7.06353029e+03 3.98820272e+01
v 6.67204703e+03 7.12241015e+03 3.92672023e+01
v 6.67404929e+03 7.12184341e+03 4.09335221e+01
v 6.67602205e+03 7.12117478e+03 3.90959625e+01
v 6.67629556e+03 7.12162323e+03 4.21288454e+01
v 6.67347652e+03 7.12085240e+03 3.86612487e+01
v 6.67612551e+03 7.12156700e+03 3.77134850e+01
v 6.67757359e+03 7.09728490e+03 3.76199821e+01
v 6.67307024e+03 7.09488493e+03 4.08234038e+01
v 6.67408053e+03 7.09570343e+03 4.05471339e+01
v 6.67223670e+03 7.12424747e+03 3.92594444e+01
v 6.65686612e+03 7.12111191e+03 3.54843937e+01
v 6.65969771e+03 7.12082242e+03 3.54671153e+01
v 6.65705967e+03 7.11224999e+03 3.58428516e+01
v 6.65525027e+03 7.11327711e+03 3.59916981e+01
v 6.65186510e+03 7.11819968e+03 3.55090640e+01
v 6.65204632e+03 7.12400101e+03 3.54677717e+01
v 6.65504530e+03 7.12387572e+03 3.52760406e+01
v 6.66405421e+03 7.11906199e+03 3.65512830e+01
v 6.66537223e+03 7.11878779e+03 3.65824237e+01
v 6.66350399e+03 7.12141398e+03 3.64194522e+01
v 6.65757890e+03 7.12239659e+03 3.71922215e+01
v 6.65519232e+03 7.11526468e+03 3.56813123e+01
v 6.65488338e+03 7.11509375e+03 3.67204046e+01
v 6.65266360e+03 7.11593566e+03 3.73212333e+01
v 6.65101446e+03 7.11770074e+03 3.69092741e+01
v 6.65564801e+03 7.11011370e+03 3.62810210e+01
v 6.67052486e+03 7.09447497e+03 3.67584771e+01
v 6.67019198e+03 7.09315292e+03 3.69964674e+01
v 6.67033735e+03 7.09236117e+03 3.77221603e+01
v 6.66578503e+03 7.09271800e+03 3.65503890e+01
v 6.66984555e+03 7.09047053e+03 3.65698569e+01
v 6.66637550e+03 7.09672855e+03 3.66058297e+01
v 6.66295529e+03 7.09179643e+03 3.64713850e+01
v 6.66523108e+03 7.08436508e+03 3.65265329e+01
v 6.66846945e+03 7.08964626e+03 3.66198294e+01
v 6.66068557e+03 7.11487668e+03 3.60168753e+01
v 6.66453793e+03 7.09639732e+03 3.64194780e+01
v 6.66635942e+03 7.09000993e+03 3.66526006e+01
v 6.66809731e+03 7.09301365e+03 3.65654096e+01
v 6.65848181e+03 7.09512931e+03 3.70805479e+01
v 6.65993065e+03 7.09457094e+03 3.63832470e+01
v 6.65756796e+03 7.07808332e+03 3.64313941e+01
v 6.65714261e+03 7.09532277e+03 3.62035172e+01
v 6.65884018e+03 7.09211849e+03 3.71187697e+01
v 6.65638760e+03 7.09972004e+03 3.67456402e+01
v 6.65638872e+03 7.09619320e+03 3.52079753e+01
v 6.65739482e+03 7.10470108e+03 3.60366081e+01
v 6.65996869e+03 7.10836851e+03 3.59809657e+01
v 6.66295739e+03 7.10442384e+03 3.69095349e+01
v 6.65579182e+03 7.10766921e+03 3.67090134e+01
v 6.66742125e+03 7.07486473e+03 3.64223831e+01
v 6.66804575e+03 7.07069526e+03 3.65603501e+01
v 6.66390545e+03 7.09915422e+03 3.63988982e+01
v 6.66844574e+03 7.06672131e+03 3.68096807e+01
v 6.66442477e+03 7.06761467e+03 3.66745232e+01
v 6.66580421e+03 7.06514770e+03 3.66182472e+01
v 6.66599197e+03 7.06787933e+03 3.66103108e+01
v 6.66374565e+03 7.06553349e+03 3.70252905e+01
v 6.66622582e+03 7.06721140e+03 3.71139865e+01
v 6.66814598e+03 7.06885765e+03 3.66061232e+01
v 6.65643965e+03 7.06292126e+03 3.63068129e+01
v 6.66356969e+03 7.06309789e+03 3.66595322e+01
v 6.65112951e+03 7.07858526e+03 3.70469616e+01
v 6.65425079e+03 7.07661832e+03 3.63668279e+01
v 6.65299971e+03 7.11555469e+03 3.97437753e+01
v 6.65434167e+03 7.09822197e+03 3.97089009e+01
v 6.65570714e+03 7.09739854e+03 3.94429886e+01
v 6.65435856e+03 7.09864097e+03 3.88134169e+01
v 6.65444782e+03 7.09595429e+03 3.88686015e+01
v 6.65655141e+03 7.09020531e+03 4.18059453e+01
v 6.65414246e+03 7.11368425e+03 3.91396069e+01
v 6.65505810e+03 7.11380270e+03 3.95633499e+01
v 6.65511161e+03 7.08650923e+03 3.89186319e+01
v 6.66091640e+03 7.09416389e+03 4.17485873e+01
v 6.65917352e+03 7.09172394e+03 4.10646735e+01
v 6.66111588e+03 7.06429585e+03 3.70666058e+01
v 6.66231829e+03 7.06435441e+03 3.66300417e+01
v 6.66996063e+03 7.07037992e+03 3.80921059e+01
v 6.66829656e+03 7.06968368e+03 3.84209161e+01
v 6.67009097e+03 7.06859448e+03 3.81948204e+01
v 6.66890589e+03 7.08031984e+03 3.63972996e+01
v 6.66547639e+03 7.09846337e+03 3.76282793e+01
v 6.66689068e+03 7.09042915e+03 3.71953603e+01
v 6.67018380e+03 7.07772102e+03 4.05319157e+01
v 6.66959365e+03 7.07629926e+03 4.03881258e+01
v 6.66839713e+03 7.09528978e+03 3.95788562e+01
v 6.67003264e+03 7.09607201e+03 4.07012583e+01
v 6.66997745e+03 7.09468852e+03 3.96460433e+01
v 6.66452811e+03 7.10470014e+03 3.97334610e+01
v 6.66452176e+03 7.10751994e+03 3.96137329e+01
v 6.66826803e+03 7.09541734e+03 4.11953802e+01
v 6.66378797e+03 7.11159267e+03 4.09375868e+01
v 6.66467643e+03 7.10634755e+03 3.76235576e+01
v 6.66508528e+03 7.10040190e+03 3.81216387e+01
v 6.66417394e+03 7.10286606e+03 3.82201604e+01
v 6.65465961e+03 7.10019764e+03 3.95402733e+01
v 6.65593496e+03 7.10062887e+03 3.97224972e+01
v 6.65455656e+03 7.10094041e+03 3.93857156e+01
v 6.65541492e+03 7.09904181e+03 3.87633830e+01
v 6.66623349e+03 7.11523675e+03 4.06651573e+01
v 6.66504461e+03 7.11935079e+03 4.10604207e+01
v 6.65540938e+03 7.11025432e+03 4.18056166e+01
v 6.65626097e+03 7.10389970e+03 3.68227864e+01
v 6.65548037e+03 7.10149195e+03 3.92777934e+01
v 6.65546792e+03 7.10310296e+03 3.87705437e+01
v 6.65457822e+03 7.10410040e+03 3.96784510e+01
v 6.65597240e+03 7.10628187e+03 3.84173142e+01
v 6.66031889e+03 7.11706123e+03 3.63693224e+01
v 6.65574414e+03 7.09962672e+03 4.17515656e+01
v 6.66519225e+03 7.11030465e+03 4.16604036e+01
v 6.66512257e+03 7.11431991e+03 3.68681050e+01
v 6.66992642e+03 7.12206953e+03 3.92524110e+01
v 6.67059754e+03 7.12467445e+03 4.03343930e+01
v 6.66745156e+03 7.12172912e+03 3.89815026e+01
v 6.66557486e+03 7.11860169e+03 3.95914264e+01
v 6.66828559e+03 7.12011545e+03 3.84053233e+01
v 6.66986492e+03 7.12170584e+03 4.09370264e+01
v 6.66755697e+03 7.12089985e+03 4.00897060e+01
v 6.67171782e+03 7.12051753e+03 4.13725524e+01
v 6.66127084e+03 7.12496443e+03 4.09816674e+01
v 6.66806414e+03 7.11937846e+03 4.14212936e+01
v 6.66762233e+03 7.12074858e+03 4.11457555e+01
v 6.66673683e+03 7.11917896e+03 4.12920878e+01
v 6.67416266e+03 7.11938639e+03 4.13570663e+01
v 6.67215973e+03 7.11927467e+03 4.18381539e+01
v 6.66873968e+03 7.11900463e+03 4.25459144e+01
v 6.66980502e+03 7.11866560e+03 4.19673053e+01
v 6.66398109e+03 7.11018990e+03 4.30181399e+01
v 6.66242232e+03 7.11129975e+03 4.27297189e+01
v 6.66642084e+03 7.11641824e+03 4.25605769e+01
v 6.66717058e+03 7.11866393e+03 4.24072064e+01
v 6.66895471e+03 7.11778916e+03 4.26944853e+01
v 6.67565532e+03 7.11943709e+03 4.18931614e+01
v 6.66294624e+03 7.10302348e+03 4.25877878e+01
v 6.67199583e+03 7.09546973e+03 4.05876429e+01
v 6.66335565e+03 7.09009894e+03 4.22777665e+01
v 6.66430336e+03 7.10043889e+03 4.12525209e+01
v 6.67187116e+03 7.09203036e+03 4.18489184e+01
v 6.67235282e+03 7.09205992e+03 4.14851667e+01
v 6.66580589e+03 7.09750518e+03 4.12321099e+01
v 6.67321920e+03 7.09452194e+03 4.25359161e+01
v 6.67146504e+03 7.09182616e+03 4.19387714e+01
v 6.67233208e+03 7.09210742e+03 4.18737621e+01
v 6.66427395e+03 7.09055081e+03 4.32194546e+01
v 6.66546929e+03 7.09135397e+03 4.23750401e+01
v 6.66486325e+03 7.08938501e+03 4.26535556e+01
v 6.66816043e+03 7.09487408e+03 4.25860760e+01
v 6.68640369e+03 7.06373615e+03 4.43454346e+01
v 6.68788992e+03 7.06239187e+03 4.59033718e+01
v 6.68717506e+03 7.06509465e+03 4.50834216e+01
v 6.68585350e+03 7.06470217e+03 4.62821594e+01
v 6.68145277e+03 7.06371115e+03 4.42412115e+01
v 6.68584398e+03 7.06302706e+03 4.67014321e+01
v 6.68709873e+03 7.06738368e+03 4.63144982e+01
v 6.68719478e+03 7.06207239e+03 4.61364192e+01
v 6.68740621e+03 7.06216208e+03 4.61954424e+01
v 6.68728273e+03 7.06266468e+03 4.52157090e+01
v 6.68250879e+03 7.08840917e+03 3.68298114e+01
v 6.68177851e+03 7.08651215e+03 3.64599358e+01
v 6.68342076e+03 7.06659521e+03 3.67489029e+01
v 6.68618056e+03 7.09191710e+03 3.67420275e+01
v 6.68675250e+03 7.09505057e+03 3.76184773e+01
v 6.68752054e+03 7.08516996e+03 3.72999683e+01
v 6.68703674e+03 7.09119853e+03 3.83251572e+01
v 6.68557782e+03 7.08939669e+03 3.90792993e+01
v 6.68798197e+03 7.08561305e+03 3.95758141e+01
v 6.68523298e+03 7.11470768e+03 3.68844857e+01
v 6.68402047e+03 7.11644438e+03 3.70804622e+01
v 6.68561225e+03 7.11707532e+03 3.91867261e+01
v 6.66944097e+03 7.07599325e+03 4.32945740e+01
v 6.66698519e+03 7.06240562e+03 4.20448902e+01
v 6.67143285e+03 7.09413999e+03 4.22708383e+01
v 6.66583102e+03 7.08460684e+03 4.17999071e+01
v 6.66208342e+03 7.07401149e+03 4.07567119e+01
v 6.66697735e+03 7.09012376e+03 4.23139496e+01
v 6.66299320e+03 7.07506793e+03 4.29088024e+01
v 6.67324106e+03 7.08217355e+03 4.28194458e+01
v 6.67753952e+03 7.06297243e+03 4.00257798e+01
v 6.65953767e+03 7.07350573e+03 4.14922848e+01
v 6.65996341e+03 7.08518641e+03 4.24403479e+01
v 6.66098267e+03 7.07597284e+03 4.14397533e+01
v 6.65689541e+03 7.08646707e+03 4.19167483e+01
v 6.65003147e+03 7.07434942e+03 4.21502241e+01
v 6.65454918e+03 7.09345845e+03 4.20471737e+01
v 6.65388948e+03 7.08845924e+03 4.27516408e+01
v 6.65973780e+03 7.09335962e+03 4.20184555e+01
v 6.66263114e+03 7.09598288e+03 4.30365981e+01
v 6.66446718e+03 7.07338234e+03 4.34049551e+01
v 6.64982762e+03 7.07409603e+03 4.22164020e+01
v 6.64969042e+03 7.07393166e+03 4.21573504e+01
v 6.66621595e+03 7.07488308e+03 4.18985233e+01
v 6.66542357e+03 7.09130934e+03 4.31213467e+01
v 6.66350857e+03 7.11346132e+03 4.25907061e+01
v 6.67074873e+03 7.11936808e+03 4.19305383e+01
v 6.67594069e+03 7.11922756e+03 4.29118159e+01
v 6.67466600e+03 7.11817869e+03 4.26584589e+01
v 6.67010864e+03 7.11908415e+03 4.37089097e+01
v 6.67195960e+03 7.12041515e+03 4.36881336e+01
v 6.66767168e+03 7.08994047e+03 3.88721810e+01
v 6.62450001e+03 7.06898095e+03 3.89731344e+01
v 6.62450001e+03 7.06842493e+03 3.91385115e+01
v 6.62450001e+03 7.10363994e+03 4.26254479e+01
v 6.62450001e+03 7.10378760e+03 4.25497208e+01
v 6.62450001e+03 7.11016335e+03 4.26612246e+01
v 6.62450001e+03 7.10799189e+03 4.26227890e+01
v 6.62450001e+03 7.11501716e+03 4.27792035e+01
v 6.62450001e+03 7.11478242e+03 4.27735558e+01
v 6.62450001e+03 7.09872594e+03 4.45019580e+01
v 6.62450001e+03 7.09769326e+03 4.45141132e+01
v 6.62450001e+03 7.06365531e+03 3.83872729e+01
v 6.62450001e+03 7.06355157e+03 3.86649868e+01
v 6.62450001e+03 7.07389196e+03 3.55268275e+01
v 6.62450001e+03 7.07627227e+03 3.54943228e+01
v 6.62450001e+03 7.07318142e+03 3.55342578e+01
v 6.62450001e+03 7.06205142e+03 3.70525636e+01
v 6.62450001e+03 7.09643879e+03 4.26211116e+01
v 6.62450001e+03 7.09651407e+03 4.28310249e+01
v 6.62450001e+03 7.09072821e+03 4.25398058e+01
v 6.62450001e+03 7.08848310e+03 4.24013642e+01
v 6.62450001e+03 7.10751252e+03 4.26023831e+01
v 6.62450001e+03 7.09638661e+03 4.26195612e+01
v 6.62450001e+03 7.09707141e+03 4.40442287e+01
v 6.62450001e+03 7.11418750e+03 4.27695175e+01
v 6.62450001e+03 7.11514366e+03 4.27757095e+01
v 6.62450001e+03 7.11994412e+03 4.26391347e+01
v 6.62450001e+03 7.12028099e+03 4.26777915e+01
v 6.62450001e+03 7.10780506e+03 4.24932043e+01
v 6.62450001e+03 7.11518669e+03 4.27565927e+01
v 6.62450001e+03 7.12474041e+03 4.24143665e+01
v 6.62450001e+03 7.12396702e+03 4.24051825e+01
v 6.62450001e+03 7.12173695e+03 4.25913934e+01
v 6.62450001e+03 7.08689262e+03 4.04855757e+01
v 6.62450001e+03 7.08690632e+03 4.09561089e+01
v 6.62450001e+03 7.08692419e+03 4.24115434e+01
v 6.62450001e+03 7.06559248e+03 3.89703392e+01
v 6.62450001e+03 7.06639985e+03 3.93006386e+01
v 6.62450001e+03 7.06219793e+03 3.72055684e+01
v 6.62450001e+03 7.06227412e+03 3.62484517e+01
v 6.62450001e+03 7.06352122e+03 3.76256714e+01
v 6.62450001e+03 7.06337886e+03 3.58229861e+01
v 6.62450001e+03 7.07136462e+03 3.71228156e+01
v 6.62450001e+03 7.07129974e+03 3.62535176e+01
v 6.62450001e+03 7.07080796e+03 3.85150316e+01
v 6.62450001e+03 7.06717800e+03 3.94537596e+01
v 6.62450001e+03 7.08683762e+03 3.96711742e+01
v 6.62450001e+03 7.08683620e+03 3.89985007e+01
v 6.62450001e+03 7.08680256e+03 3.79300494e+01
v 6.62450001e+03 7.07679042e+03 3.56241405e+01
v 6.62450001e+03 7.07791991e+03 3.57016925e+01
v 6.62450001e+03 7.07808343e+03 3.53705104e+01
v 6.62450001e+03 7.08506714e+03 3.56421920e+01
v 6.62450001e+03 7.08572376e+03 3.58313081e+01
v 6.62450001e+03 7.08453888e+03 3.40312604e+01
v 6.62450001e+03 7.08201200e+03 3.41105446e+01
v 6.62450001e+03 7.07845500e+03 3.42111097e+01
v 6.62450001e+03 7.07164891e+03 3.63947363e+01
v 6.62450001e+03 7.07261784e+03 3.57256184e+01
v 6.62450001e+03 7.06341154e+03 3.58216091e+01
v 6.62450001e+03 7.10368596e+03 4.42523220e+01
v 6.62450001e+03 7.10355017e+03 4.45188963e+01
v 6.62450001e+03 7.10044800e+03 4.44334586e+01
v 6.62450001e+03 7.09715123e+03 4.41291621e+01
v 6.62450001e+03 7.10278489e+03 4.44956726e+01
v 6.62450001e+03 7.08697876e+03 4.19121730e+01
v 6.62450001e+03 7.06989979e+03 3.87510269e+01
v 6.68799999e+03 7.10329640e+03 3.68607893e+01
v 6.68799999e+03 7.10335242e+03 3.68791676e+01
v 6.68799999e+03 7.06608460e+03 4.47619049e+01
v 6.68799999e+03 7.06625782e+03 4.44289954e+01
v 6.68799999e+03 7.09686481e+03 3.69172431e+01
v 6.68799999e+03 7.09710368e+03 3.69615038e+01
v 6.68799999e+03 7.10409567e+03 3.68424410e+01
v 6.68799999e+03 7.08288289e+03 4.04931767e+01
v 6.68799999e+03 7.08353128e+03 4.04204337e+01
v 6.68799999e+03 7.08286216e+03 3.92966090e+01
v 6.68799999e+03 7.06654462e+03 4.45881360e+01
v 6.68799999e+03 7.09603376e+03 4.22633306e+01
v 6.68799999e+03 7.09655514e+03 4.23077685e+01
v 6.68799999e+03 7.10865469e+03 3.67521631e+01
v 6.68799999e+03 7.09754326e+03 3.68630977e+01
v 6.68799999e+03 7.09684499e+03 3.71564466e+01
v 6.68799999e+03 7.09660997e+03 3.72799056e+01
v 6.68799999e+03 7.11196375e+03 3.67785464e+01
v 6.68799999e+03 7.11581388e+03 3.64469112e+01
v 6.68799999e+03 7.11755231e+03 3.63974420e+01
v 6.68799999e+03 7.12414751e+03 3.59862736e+01
v 6.68799999e+03 7.11954211e+03 3.62719448e+01
v 6.68799999e+03 7.11880311e+03 3.63129172e+01
v 6.68799999e+03 7.09640112e+03 3.92388692e+01
v 6.68799999e+03 7.09662588e+03 3.86561727e+01
v 6.68799999e+03 7.08559077e+03 3.95794110e+01
v 6.68799999e+03 7.08559673e+03 3.95604923e+01
v 6.68799999e+03 7.08360655e+03 4.02379874e+01
v 6.68799999e+03 7.08561160e+03 3.95798987e+01
v 6.68799999e+03 7.08292396e+03 3.91640780e+01
v 6.68799999e+03 7.08295860e+03 3.91817781e+01
v 6.68799999e+03 7.08284551e+03 3.91795682e+01
v 6.68799999e+03 7.08659945e+03 3.92943117e+01
v 6.68799999e+03 7.09346496e+03 3.75952202e+01
v 6.68799999e+03 7.09587530e+03 3.79311316e+01
v 6.68799999e+03 7.08863067e+03 3.86967341e+01
v 6.68799999e+03 7.08945041e+03 3.86129750e+01
v 6.68799999e+03 7.08731283e+03 3.93571261e+01
v 6.68799999e+03 7.07771942e+03 3.74307974e+01
v 6.68799999e+03 7.07824880e+03 3.84383479e+01
v 6.68799999e+03 7.06433377e+03 3.78650353e+01
v 6.68799999e+03 7.06486751e+03 3.90392258e+01
v 6.68799999e+03 7.07195482e+03 4.21697637e+01
v 6.68799999e+03 7.07196160e+03 4.21854083e+01
v 6.68799999e+03 7.06481178e+03 3.68162374e+01
v 6.68799999e+03 7.06634087e+03 3.67746162e+01
v 6.68799999e+03 7.08442934e+03 3.74644142e+01
v 6.68799999e+03 7.08268466e+03 3.74381938e+01
v 6.68799999e+03 7.08107800e+03 3.82485293e+01
v 6.68799999e+03 7.08560552e+03 3.95395667e+01
v 6.68799999e+03 7.08301440e+03 3.91518770e+01
v 6.68799999e+03 7.09600404e+03 3.78027468e+01
v 6.68799999e+03 7.09166918e+03 3.79614913e+01
v 6.68799999e+03 7.08983196e+03 3.84918129e+01
v 6.68799999e+03 7.08522096e+03 3.76026179e+01
v 6.68799999e+03 7.08556855e+03 3.84339427e+01
v 6.68799999e+03 7.06436860e+03 3.77450074e+01
v 6.68799999e+03 7.08487537e+03 3.71884692e+01
v 6.68799999e+03 7.09207772e+03 3.72764372e+01
v 6.68799999e+03 7.07966513e+03 3.81277013e+01
v 6.68799999e+03 7.07646250e+03 3.71289171e+01
v 6.68799999e+03 7.07484003e+03 3.70924967e+01
v 6.68799999e+03 7.06877485e+03 3.67369701e+01
v 6.68799999e+03 7.06708589e+03 4.49688521e+01
v 6.68799999e+03 7.06655216e+03 4.58944646e+01
v 6.68799999e+03 7.06996838e+03 4.82714118e+01
v 6.68799999e+03 7.06964713e+03 4.82015974e+01
v 6.68799999e+03 7.07123091e+03 4.75198282e+01
v 6.68799999e+03 7.07208375e+03 4.55370788e+01
v 6.68799999e+03 7.07189278e+03 4.59520517e+01
v 6.68799999e+03 7.07342458e+03 4.50322039e+01
v 6.68799999e+03 7.07221127e+03 4.25435109e+01
v 6.68799999e+03 7.06762212e+03 4.70671487e+01
v 6.68799999e+03 7.06500272e+03 4.43768359e+01
v 6.68799999e+03 7.06421724e+03 4.41092410e+01
v 6.68799999e+03 7.06596868e+03 4.48349103e+01
v 6.68799999e+03 7.06237847e+03 4.59140560e+01
v 6.68799999e+03 7.06854399e+03 4.72844632e+01
v 6.68799999e+03 7.06407707e+03 3.79844403e+01
v 6.68799999e+03 7.08394444e+03 3.99783172e+01
v 6.68799999e+03 7.08350974e+03 4.00017082e+01
v 6.68799999e+03 7.06748051e+03 4.14197647e+01
v 6.68799999e+03 7.06842283e+03 4.15698357e+01
v 6.68799999e+03 7.08303598e+03 3.91869005e+01
v 6.68799999e+03 7.06250006e+03 4.58484120e+01
v 6.68799999e+03 7.06414318e+03 4.41031264e+01
v 6.68799999e+03 7.06422604e+03 3.76972078e+01
v 6.63843907e+03 7.06200001e+03 4.15584056e+01
v 6.63854765e+03 7.06200001e+03 4.14191656e+01
v 6.63877598e+03 7.06200001e+03 4.06082676e+01
v 6.63873702e+03 7.06200001e+03 4.13943630e+01
v 6.63880128e+03 7.06200001e+03 4.16738952e+01
v 6.63976442e+03 7.06200001e+03 3.96547343e+01
v 6.63855353e+03 7.06200001e+03 3.89774566e+01
v 6.63789779e+03 7.06200001e+03 3.85545212e+01
v 6.63117582e+03 7.06200001e+03 3.81842365e+01
v 6.63234417e+03 7.06200001e+03 3.73795532e+01
v 6.63871168e+03 7.06200001e+03 4.16918605e+01
v 6.64168266e+03 7.06200001e+03 3.60484790e+01
v 6.64279282e+03 7.06200001e+03 3.61679834e+01
v 6.62738948e+03 7.06200001e+03 3.63275310e+01
v 6.62946039e+03 7.06200001e+03 3.60662340e+01
v 6.64271097e+03 7.06200001e+03 3.84408515e+01
v 6.64218923e+03 7.06200001e+03 3.77151275e+01
v 6.64274276e+03 7.06200001e+03 3.90378920e+01
v 6.64111152e+03 7.06200001e+03 3.97490562e+01
v 6.64030792e+03 7.06200001e+03 3.97319521e+01
v 6.64307278e+03 7.06200001e+03 3.94077626e+01
v 6.63707572e+03 7.06200001e+03 3.85855916e+01
v 6.63422753e+03 7.06200001e+03 3.89105893e+01
v 6.63495955e+03 7.06200001e+03 3.84444378e+01
v 6.63323887e+03 7.06200001e+03 3.91537199e+01
v 6.63122042e+03 7.06200001e+03 3.82527409e+01
v 6.62618781e+03 7.06200001e+03 3.69964168e+01
v 6.62617312e+03 7.06200001e+03 3.64254643e+01
v 6.63110591e+03 7.06200001e+03 3.81061138e+01
v 6.63107416e+03 7.06200001e+03 3.82495989e+01
v 6.62670091e+03 7.06200001e+03 3.75211608e+01
v 6.63146457e+03 7.06200001e+03 3.61082742e+01
v 6.62631998e+03 7.06200001e+03 3.63564853e+01
v 6.63082934e+03 7.06200001e+03 3.59104645e+01
v 6.63571497e+03 7.06200001e+03 3.59383847e+01
v 6.63474641e+03 7.06200001e+03 3.58981941e+01
v 6.63594607e+03 7.06200001e+03 3.66138791e+01
v 6.63429711e+03 7.06200001e+03 3.72516439e+01
v 6.63011353e+03 7.06200001e+03 3.58483239e+01
v 6.64423343e+03 7.06200001e+03 3.63321211e+01
v 6.64317322e+03 7.06200001e+03 3.62739073e+01
v 6.64217178e+03 7.06200001e+03 3.72353402e+01
v 6.64708795e+03 7.06200001e+03 3.60983167e+01
v 6.64727674e+03 7.06200001e+03 3.61021810e+01
v 6.64434414e+03 7.06200001e+03 3.59850404e+01
v 6.63568405e+03 7.06200001e+03 3.70400250e+01
v 6.67285670e+03 7.06200001e+03 3.93388522e+01
v 6.67291377e+03 7.06200001e+03 3.93703195e+01
v 6.65973740e+03 7.06200001e+03 3.66227258e+01
v 6.66106886e+03 7.06200001e+03 3.67362206e+01
v 6.66741574e+03 7.06200001e+03 4.22716956e+01
v 6.66736915e+03 7.06200001e+03 4.26888957e+01
v 6.66740858e+03 7.06200001e+03 4.05700930e+01
v 6.66745652e+03 7.06200001e+03 4.05255791e+01
v 6.66711270e+03 7.06200001e+03 4.18839129e+01
v 6.66751155e+03 7.06200001e+03 4.24851439e+01
v 6.67278850e+03 7.06200001e+03 3.90525434e+01
v 6.67237441e+03 7.06200001e+03 3.77674013e+01
v 6.67059170e+03 7.06200001e+03 3.80337800e+01
v 6.67109031e+03 7.06200001e+03 3.71362803e+01
v 6.67008709e+03 7.06200001e+03 3.68273026e+01
v 6.66318994e+03 7.06200001e+03 3.66967236e+01
v 6.66291989e+03 7.06200001e+03 3.66988177e+01
v 6.66373897e+03 7.06200001e+03 3.80154110e+01
v 6.66508492e+03 7.06200001e+03 3.67148628e+01
v 6.66375514e+03 7.06200001e+03 3.70699305e+01
v 6.66272075e+03 7.06200001e+03 3.67699527e+01
v 6.66102086e+03 7.06200001e+03 3.67873795e+01
v 6.66944765e+03 7.06200001e+03 3.63147377e+01
v 6.66808586e+03 7.06200001e+03 3.66635836e+01
v 6.65614858e+03 7.06200001e+03 3.63205547e+01
v 6.64855690e+03 7.06200001e+03 3.61330229e+01
v 6.65666715e+03 7.06200001e+03 3.63404071e+01
v 6.66611555e+03 7.06200001e+03 3.67274863e+01
v 6.67464340e+03 7.06200001e+03 3.99305061e+01
v 6.67462307e+03 7.06200001e+03 3.99260681e+01
v 6.67478141e+03 7.06200001e+03 3.98884247e+01
v 6.67110788e+03 7.06200001e+03 3.69923500e+01
v 6.67113128e+03 7.06200001e+03 3.69814796e+01
v 6.67234357e+03 7.06200001e+03 3.75744473e+01
v 6.66712765e+03 7.06200001e+03 5.13956047e+01
v 6.66708133e+03 7.06200001e+03 5.10793313e+01
v 6.66751248e+03 7.06200001e+03 4.25827886e+01
v 6.66759981e+03 7.06200001e+03 5.14879469e+01
v 6.66760906e+03 7.06200001e+03 5.15131605e+01
v 6.66749732e+03 7.06200001e+03 4.26322125e+01
v 6.66760344e+03 7.06200001e+03 5.15292469e+01
v 6.66726804e+03 7.06200001e+03 5.01051995e+01
v 6.67825407e+03 7.06200001e+03 4.99892118e+01
v 6.67835045e+03 7.06200001e+03 4.87869820e+01
v 6.67796583e+03 7.06200001e+03 3.94110779e+01
v 6.67828871e+03 7.06200001e+03 3.75890535e+01
v 6.66990788e+03 7.06200001e+03 3.65004840e+01
v 6.67763662e+03 7.06200001e+03 3.92288360e+01
v 6.67686012e+03 7.06200001e+03 3.95600053e+01
v 6.66759687e+03 7.06200001e+03 5.15052851e+01
v 6.68629767e+03 7.06200001e+03 5.32694645e+01
v 6.68676477e+03 7.06200001e+03 5.25520785e+01
v 6.68065032e+03 7.06200001e+03 3.91641423e+01
v 6.68031675e+03 7.06200001e+03 3.92627194e+01
v 6.68007882e+03 7.06200001e+03 4.04422158e+01
v 6.68034402e+03 7.06200001e+03 3.93620062e+01
v 6.68737111e+03 7.06200001e+03 3.67294787e+01
v 6.68721587e+03 7.06200001e+03 3.66880517e+01
v 6.67853516e+03 7.06200001e+03 3.75630269e+01
v 6.67939860e+03 7.06200001e+03 3.83554933e+01
v 6.67973646e+03 7.06200001e+03 4.50275027e+01
v 6.67952565e+03 7.06200001e+03 4.48217966e+01
v 6.68688994e+03 7.06200001e+03 5.16506650e+01
v 6.68579667e+03 7.06200001e+03 4.93236106e+01
v 6.68123070e+03 7.06200001e+03 5.25101751e+01
v 6.68167734e+03 7.06200001e+03 5.25029701e+01
v 6.68736095e+03 7.06200001e+03 4.67547378e+01
v 6.68723210e+03 7.06200001e+03 4.64999696e+01
v 6.67985471e+03 7.06200001e+03 4.52542367e+01
v 6.68731066e+03 7.06200001e+03 4.74407301e+01
v 6.68748370e+03 7.06200001e+03 4.69013118e+01
v 6.68730363e+03 7.06200001e+03 4.61113245e+01
v 6.68747533e+03 7.06200001e+03 4.59025211e+01
v 6.68670804e+03 7.06200001e+03 4.61274286e+01
v 6.68678792e+03 7.06200001e+03 4.66692880e+01
v 6.68713668e+03 7.06200001e+03 4.56423373e+01
v 6.67888302e+03 7.06200001e+03 4.77397835e+01
v 6.68717246e+03 7.06200001e+03 4.61007474e+01
v 6.68666853e+03 7.06200001e+03 4.79162258e+01
v 6.68588403e+03 7.06200001e+03 4.87544891e+01
v 6.68075938e+03 7.06200001e+03 5.17992934e+01
v 6.68009006e+03 7.06200001e+03 5.10898979e+01
v 6.67876869e+03 7.06200001e+03 5.10813994e+01
v 6.67926323e+03 7.06200001e+03 5.11526513e+01
v 6.67973068e+03 7.06200001e+03 5.09143199e+01
v 6.68592081e+03 7.06200001e+03 4.89366704e+01
v 6.68201466e+03 7.06200001e+03 5.24277810e+01
v 6.68362669e+03 7.06200001e+03 5.23799736e+01
v 6.68432283e+03 7.06200001e+03 5.26307145e+01
v 6.68699674e+03 7.06200001e+03 5.23578321e+01
v 6.68573697e+03 7.06200001e+03 5.34312041e+01
v 6.68593409e+03 7.06200001e+03 5.34796188e+01
v 6.68673498e+03 7.06200001e+03 4.02830912e+01
v 6.68722200e+03 7.06200001e+03 3.97003106e+01
v 6.68574168e+03 7.06200001e+03 3.91018545e+01
v 6.68584196e+03 7.06200001e+03 3.93372825e+01
v 6.68008073e+03 7.06200001e+03 4.27394548e+01
v 6.68041333e+03 7.06200001e+03 4.23076109e+01
v 6.68761295e+03 7.06200001e+03 3.93235777e+01
v 6.68599938e+03 7.06200001e+03 3.81133114e+01
v 6.68531079e+03 7.06200001e+03 3.85994657e+01
v 6.68712720e+03 7.06200001e+03 4.66252965e+01
v 6.68660299e+03 7.06200001e+03 3.69212709e+01
v 6.62455282e+03 7.06200001e+03 3.69886111e+01
v 6.62450001e+03 7.06200001e+03 3.70051277e+01
v 6.62474677e+03 7.06200001e+03 3.69509451e+01
v 6.62515651e+03 7.06200001e+03 3.68713704e+01
v 6.62528340e+03 7.06200001e+03 3.63262261e+01
v 6.62581062e+03 7.06200001e+03 3.63075199e+01
v 6.68760062e+03 7.06200001e+03 3.93354589e+01
v 6.68796736e+03 7.06200001e+03 4.59449456e+01
v 6.68799999e+03 7.06200001e+03 4.59477597e+01
v 6.68799999e+03 7.06200001e+03 3.80596674e+01
v 6.68799999e+03 7.06200001e+03 3.73985784e+01
v 6.63466265e+03 7.12549999e+03 4.52276892e+01
v 6.63462866e+03 7.12549999e+03 4.62000166e+01
v 6.63265580e+03 7.12549999e+03 4.29732439e+01
v 6.63263255e+03 7.12549999e+03 4.35296901e+01
v 6.63472400e+03 7.12549999e+03 4.15664808e+01
v 6.63486135e+03 7.12549999e+03 3.96287134e+01
v 6.63838288e+03 7.12549999e+03 3.53732526e+01
v 6.63808163e+03 7.12549999e+03 3.57155781e+01
v 6.63031246e+03 7.12549999e+03 4.23538225e+01
v 6.63175599e+03 7.12549999e+03 4.35281317e+01
v 6.62691978e+03 7.12549999e+03 4.24446701e+01
v 6.62835298e+03 7.12549999e+03 4.24668222e+01
v 6.62746587e+03 7.12549999e+03 4.24824692e+01
v 6.63488144e+03 7.12549999e+03 3.83996000e+01
v 6.63474694e+03 7.12549999e+03 3.79038087e+01
v 6.63429283e+03 7.12549999e+03 3.59297928e+01
v 6.65221221e+03 7.12549999e+03 3.52935003e+01
v 6.64852991e+03 7.12549999e+03 3.51316359e+01
v 6.64151749e+03 7.12549999e+03 3.52544209e+01
v 6.64048689e+03 7.12549999e+03 3.49003387e+01
v 6.64369549e+03 7.12549999e+03 3.50188585e+01
v 6.63427917e+03 7.12549999e+03 3.50270062e+01
v 6.63381289e+03 7.12549999e+03 3.50580490e+01
v 6.63379423e+03 7.12549999e+03 3.52080304e+01
v 6.63291464e+03 7.12549999e+03 4.59269427e+01
v 6.63688540e+03 7.12549999e+03 3.57967914e+01
v 6.63738965e+03 7.12549999e+03 3.56028616e+01
v 6.63767428e+03 7.12549999e+03 3.57184200e+01
v 6.63548954e+03 7.12549999e+03 3.57965664e+01
v 6.65344291e+03 7.12549999e+03 3.93661886e+01
v 6.65570673e+03 7.12549999e+03 4.01073028e+01
v 6.66198306e+03 7.12549999e+03 4.10226465e+01
v 6.66127043e+03 7.12549999e+03 4.14713211e+01
v 6.65474460e+03 7.12549999e+03 3.63364768e+01
v 6.65500660e+03 7.12549999e+03 3.73064730e+01
v 6.66074006e+03 7.12549999e+03 4.10093600e+01
v 6.66400098e+03 7.12549999e+03 4.07510953e+01
v 6.66582913e+03 7.12549999e+03 4.03831228e+01
v 6.67047216e+03 7.12549999e+03 3.98398536e+01
v 6.67226374e+03 7.12549999e+03 3.98429087e+01
v 6.67247550e+03 7.12549999e+03 3.97303660e+01
v 6.66979123e+03 7.12549999e+03 3.92679001e+01
v 6.65421262e+03 7.12549999e+03 3.83134649e+01
v 6.65229102e+03 7.12549999e+03 3.54437331e+01
v 6.65259209e+03 7.12549999e+03 3.52985838e+01
v 6.67612584e+03 7.12549999e+03 3.61984282e+01
v 6.67552304e+03 7.12549999e+03 3.63405515e+01
v 6.67279315e+03 7.12549999e+03 3.69282603e+01
v 6.67262948e+03 7.12549999e+03 3.72392131e+01
v 6.67634813e+03 7.12549999e+03 3.61080393e+01
v 6.68102795e+03 7.12549999e+03 3.60604051e+01
v 6.67702686e+03 7.12549999e+03 3.60167643e+01
v 6.68246475e+03 7.12549999e+03 3.59676334e+01
v 6.68508734e+03 7.12549999e+03 3.58377058e+01
v 6.62518769e+03 7.12549999e+03 4.24294352e+01
v 6.62645057e+03 7.12549999e+03 4.24405431e+01
v 6.62473403e+03 7.12549999e+03 4.23974996e+01
v 6.62450001e+03 7.12549999e+03 4.23810251e+01
v 6.68689244e+03 7.12549999e+03 3.58777870e+01
v 6.68799999e+03 7.12549999e+03 3.59214180e+01
vt 0.041800279 0.65142679
vt 0.043509539 0.66423166
vt 0.025271155 0.67138433
vt 0.017346611 0.66550946
vt 0.048694719 0.65281475
vt 0.048889585 0.67192745
vt 0.026729481 0.61872882
vt 0.05437129 0.6616534
vt 0.092038818 0.63148302
vt 0.004503143 0.67551529
vt 0.061930917 0.65612894
vt 0.06342867 0.66849101
vt 0.069467112 0.60244751
vt 0.0044963062 0.6557737
vt 0.11937676 0.61574185
vt 0.0044867443 0.62798411
vt 0.10770097 0.57300901
vt 0.11204556 0.63071078
vt 0.087862879 0.5832206
vt 0.1547329 0.59406161
vt 0.12339839 0.62790841
vt 0.11389908 0.64145005
vt 0.027696397 0.61337757
vt 0.064835578 0.58239615
vt 0.12801658 0.55748487
vt 0.14195892 0.61622024
vt 0.0958497 0.64824969
vt 0.029317014 0.60453546
vt 0.074421443 0.55447191
vt 0.090698302 0.55488813
vt 0.16183791 0.53489935
vt 0.15943213 0.61465883
vt 0.14041837 0.62937605
vt 0.12631819 0.64517713
vt 0.0044740681 0.61092758
vt 0.0044678627 0.59233117
vt 0.057177428 0.55874681
vt 0.11472076 0.54842585
vt 0.19499893 0.58910877
vt 0.12131493 0.53754592
vt 0.16390216 0.62407088
vt 0.18127827 0.61084008
vt 0.13580391 0.63542891
vt 0.0044746557 0.61497527
vt 0.0044660233 0.58678007
vt 0.046709005 0.5664525
vt 0.20331334 0.58354294
vt 0.19859086 0.59675169
vt 0.14836645 0.63650799
vt 0.022407353 0.5730449
vt 0.21766806 0.55518901
vt 0.18654126 0.62681985
vt 0.20480789 0.608006
vt 0.15728708 0.64706361
vt 0.1430387 0.63838339
vt 0.0044635306 0.58237636
vt 0.037872214 0.56264317
vt 0.1809043 0.49936563
vt 0.18195081 0.64324689
vt 0.19173005 0.62124139
vt 0.1430003 0.6477043
vt 0.004457349 0.57480466
vt 0.1823792 0.49936515
vt 0.15946871 0.49937296
vt 0.23689996 0.61355317
vt 0.20674124 0.63547254
vt 0.20329227 0.62084711
vt 0.0044572521 0.5720771
vt 0.25396624 0.50653863
vt 0.2628189 0.62498999
vt 0.18946788 0.63763618
vt 0.0097797615 0.56744456
vt 0.19238038 0.49936181
vt 0.2362539 0.63766617
vt 0.22313994 0.63137734
vt 0.21038997 0.64704633
vt 0.21251592 0.62892592
vt 0.019169418 0.56393468
vt 0.25168979 0.49934202
vt 0.297795 0.5426054
vt 0.25865078 0.64520812
vt 0.19095145 0.64298093
vt 0.22269577 0.63842344
vt 0.25574106 0.49934065
vt 0.27972606 0.49933207
vt 0.31219968 0.58727467
vt 0.27943435 0.64331239
vt 0.2466474 0.66552281
vt 0.29012752 0.49932832
vt 0.31636035 0.543185
vt 0.28078529 0.62555313
vt 0.27325004 0.65319234
vt 0.31104746 0.52692628
vt 0.3286052 0.54524887
vt 0.29592153 0.6680249
vt 0.29989529 0.51771939
vt 0.32713139 0.52390826
vt 0.33042771 0.54002845
vt 0.34465787 0.56724346
vt 0.27973565 0.67658865
vt 0.3096686 0.50789952
vt 0.29049885 0.51726365
vt 0.34777141 0.53619492
vt 0.33979028 0.59981966
vt 0.34543604 0.55288655
vt 0.30173016 0.71310461
vt 0.26224995 0.67753261
vt 0.30669877 0.49932307
vt 0.304589 0.49932373
vt 0.32150337 0.49931824
vt 0.36195791 0.56885076
vt 0.32508183 0.60227525
vt 0.32270285 0.67404699
vt 0.2764183 0.70438325
vt 0.25707939 0.68715477
vt 0.31111237 0.49932051
vt 0.30303282 0.49932408
vt 0.35761568 0.50469506
vt 0.32955515 0.49931556
vt 0.31098089 0.49931777
vt 0.36623207 0.54794085
vt 0.36497059 0.61465091
vt 0.30247402 0.60477149
vt 0.32657045 0.66017914
vt 0.35671329 0.67545509
vt 0.28325918 0.72809792
vt 0.28975222 0.49932826
vt 0.34494871 0.49931073
vt 0.36183894 0.5247761
vt 0.40623656 0.61192179
vt 0.35260808 0.62619179
vt 0.34410742 0.65515387
vt 0.3161276 0.65072548
vt 0.3480157 0.71529806
vt 0.29337767 0.73371744
vt 0.27278993 0.73463547
vt 0.25837556 0.70644796
vt 0.35558969 0.49930835
vt 0.36854982 0.49951696
vt 0.37222579 0.52921247
vt 0.37200031 0.63889492
vt 0.34468067 0.62503582
vt 0.3315317 0.71814454
vt 0.35876891 0.7217344
vt 0.36328036 0.65722096
vt 0.28131953 0.75379479
vt 0.30494219 0.73211086
vt 0.25953743 0.72714686
vt 0.24363603 0.69081688
vt 0.35918424 0.49930668
vt 0.37791032 0.50248909
vt 0.37194616 0.5195837
vt 0.39749652 0.52582967
vt 0.42893603 0.6656729
vt 0.43483102 0.51581436
vt 0.35140306 0.64243436
vt 0.34199819 0.64082956
vt 0.38234177 0.73615968
vt 0.32705164 0.73930323
vt 0.3530522 0.65112305
vt 0.26999798 0.75815868
vt 0.25612217 0.74822605
vt 0.36873943 0.49930215
vt 0.40115565 0.68472624
vt 0.45171675 0.61340737
vt 0.4027735 0.74078059
vt 0.36260954 0.7365005
vt 0.33568025 0.72141671
vt 0.34511718 0.74160707
vt 0.31731862 0.76805168
vt 0.25816104 0.78041756
vt 0.25954074 0.75967604
vt 0.37820727 0.49929726
vt 0.36855659 0.49930215
vt 0.42437196 0.50312924
vt 0.48609433 0.66304243
vt 0.46476471 0.53517199
vt 0.3875919 0.76179051
vt 0.36147985 0.74268866
vt 0.3331486 0.75237423
vt 0.31238449 0.78959185
vt 0.26153579 0.83294457
vt 0.25365859 0.76648122
vt 0.39872962 0.51401305
vt 0.42657956 0.49928164
vt 0.43843964 0.74696183
vt 0.49208561 0.63013732
vt 0.45198652 0.69077939
vt 0.463045 0.51268584
vt 0.50053948 0.53317332
vt 0.40426761 0.75512654
vt 0.37916565 0.75346738
vt 0.3640852 0.75301707
vt 0.33167455 0.77063429
vt 0.25365031 0.79403031
vt 0.24352464 0.77469945
vt 0.25417244 0.77645594
vt 0.43332088 0.49927711
vt 0.42465401 0.49928218
vt 0.45848361 0.73567319
vt 0.4246389 0.75539231
vt 0.50056314 0.61224812
vt 0.50056863 0.64830369
vt 0.46789837 0.70051056
vt 0.45769462 0.70559704
vt 0.47751656 0.5085662
vt 0.4559449 0.5006842
vt 0.50054586 0.55218899
vt 0.50053537 0.521227
vt 0.34793285 0.76314044
vt 0.28165385 0.86159027
vt 0.24966875 0.79864919
vt 0.24711785 0.78823036
vt 0.24297225 0.78154999
vt 0.44048896 0.49927211
vt 0.44908538 0.76438773
vt 0.43044275 0.77164435
vt 0.50055921 0.5995726
vt 0.50056469 0.62206697
vt 0.50056577 0.63726592
vt 0.50057721 0.66085827
vt 0.48218668 0.69257277
vt 0.48922583 0.51335371
vt 0.44309551 0.49927151
vt 0.40717897 0.77193356
vt 0.36618492 0.75627303
vt 0.30498821 0.83076203
vt 0.28727084 0.9124338
vt 0.25267115 0.82668436
vt 0.23610815 0.79028767
vt 0.2484749 0.78363001
vt 0.43907085 0.76248008
vt 0.48250982 0.76071846
vt 0.4155829 0.766469
vt 0.5005815 0.67448866
vt 0.49683848 0.68027639
vt 0.48182884 0.71284163
vt 0.32464901 0.7841869
vt 0.39413041 0.75942373
vt 0.36548838 0.76705021
vt 0.30499315 0.88598222
vt 0.25893754 0.89192235
vt 0.24901603 0.85613537
vt 0.4437063 0.78104293
vt 0.48638994 0.73299396
vt 0.49589428 0.76820344
vt 0.33796114 0.7810874
vt 0.37723237 0.75509316
vt 0.32145366 0.87261033
vt 0.31207418 0.9041726
vt 0.25744984 0.96115822
vt 0.45451719 0.78635991
vt 0.49086133 0.75747037
vt 0.49312162 0.82177943
vt 0.43035021 0.78587377
vt 0.50058413 0.67797405
vt 0.31841922 0.84578466
vt 0.3162654 0.8838408
vt 0.31543526 0.88690358
vt 0.2844097 0.9295007
vt 0.24480329 0.89995092
vt 0.24790105 0.87523472
vt 0.50060362 0.74507964
vt 0.50063252 0.82189053
vt 0.50060785 0.76390958
vt 0.5005827 0.68067276
vt 0.33272102 0.89419168
vt 0.29646245 0.93486691
vt 0.27957118 0.95888942
vt 0.24435733 0.91548002
vt 0.24030346 0.88246638
vt 0.23466064 0.87145168
vt 0.44113353 0.79424798
vt 0.44710332 0.80059218
vt 0.50060189 0.73424268
vt 0.50061798 0.77694368
vt 0.50063252 0.82232815
vt 0.50060892 0.7649157
vt 0.3219291 0.90807027
vt 0.31005815 0.92889708
vt 0.21837157 0.93841881
vt 0.23689605 0.90346074
vt 0.46681389 0.83101803
vt 0.50061631 0.77350914
vt 0.50063467 0.82813489
vt 0.32708454 0.91083139
vt 0.31359619 0.94512171
vt 0.29733625 0.96053457
vt 0.21980229 0.9837417
vt 0.24193752 0.91414237
vt 0.42540258 0.79699969
vt 0.46869457 0.87025815
vt 0.44781536 0.8230803
vt 0.50061595 0.77164316
vt 0.49323785 0.86894631
vt 0.33561239 0.9201436
vt 0.2432327 0.98275584
vt 0.18775046 0.96839136
vt 0.23225194 0.91082329
vt 0.43603963 0.80591458
vt 0.45411891 0.85606575
vt 0.50064671 0.86375278
vt 0.30930424 0.96349859
vt 0.31851706 0.93338829
vt 0.21528502 0.99030221
vt 0.23165236 0.92386925
vt 0.45463541 0.8354724
vt 0.4920738 0.87985754
vt 0.49768606 0.89502245
vt 0.22171791 0.99545205
vt 0.18264063 0.97594416
vt 0.22459415 0.92072368
vt 0.50065494 0.88960499
vt 0.22407089 0.99545169
vt 0.48796573 0.89464641
vt 0.24088176 0.99544328
vt 0.6300469 0.72796839
vt 0.63878417 0.74364316
vt 0.61642575 0.73942518
vt 0.59851283 0.74086684
vt 0.64593852 0.72603637
vt 0.62441117 0.75209898
vt 0.60822797 0.75040305
vt 0.60492408 0.72228158
vt 0.63635921 0.74826419
vt 0.58357435 0.73983896
vt 0.6299324 0.72184479
vt 0.66149974 0.74773777
vt 0.62685025 0.76161826
vt 0.61341298 0.75815642
vt 0.59368175 0.71633756
vt 0.64338833 0.71452808
vt 0.64138675 0.76118332
vt 0.57748365 0.7392031
vt 0.66330957 0.75420886
vt 0.63859046 0.76913923
vt 0.55320823 0.73399544
vt 0.61812443 0.68025446
vt 0.68394321 0.74293017
vt 0.63984764 0.76889014
vt 0.63324845 0.77958369
vt 0.56936234 0.74567866
vt 0.54326755 0.7001527
vt 0.57056785 0.67529094
vt 0.65559602 0.67983007
vt 0.69778067 0.75000167
vt 0.68093526 0.70796716
vt 0.65763658 0.77102846
vt 0.64265144 0.78413928
vt 0.5626846 0.75703555
vt 0.54098111 0.71816844
vt 0.61711359 0.6683569
vt 0.63946223 0.66870379
vt 0.65737319 0.70256072
vt 0.69956958 0.75725812
vt 0.70622545 0.70655358
vt 0.6654532 0.7901938
vt 0.64639902 0.779634
vt 0.6372636 0.79581082
vt 0.56093079 0.76647127
vt 0.54567397 0.67420411
vt 0.5344165 0.70582974
vt 0.54026389 0.72919148
vt 0.58573306 0.66499162
vt 0.664527 0.67119431
vt 0.70596695 0.74473488
vt 0.65261441 0.79720527
vt 0.57703203 0.77078426
vt 0.54683155 0.75137568
vt 0.63346714 0.63341928
vt 0.5918532 0.63299441
vt 0.68420732 0.67509425
vt 0.65071601 0.63572806
vt 0.72713995 0.77239484
vt 0.73407179 0.70604336
vt 0.58048683 0.78303063
vt 0.5378167 0.75921452
vt 0.54560387 0.73566765
vt 0.53133172 0.73528278
vt 0.68413931 0.64877999
vt 0.66650748 0.64017576
vt 0.67017478 0.80051851
vt 0.71613389 0.69676667
vt 0.56300306 0.78444707
vt 0.53756726 0.744488
vt 0.6738565 0.83271444
vt 0.75036156 0.70941746
vt 0.68435681 0.69797456
vt 0.73924226 0.74510038
vt 0.65979916 0.80541557
vt 0.58085227 0.79263717
vt 0.53947568 0.77531981
vt 0.6824677 0.63188452
vt 0.72601974 0.89371467
vt 0.7560057 0.70649606
vt 0.75487798 0.71968067
vt 0.68653512 0.7059201
vt 0.74859524 0.79328835
vt 0.6465866 0.80610108
vt 0.56717443 0.80299312
vt 0.52937436 0.76890641
vt 0.64823025 0.8262037
vt 0.7497884 0.80536699
vt 0.68525821 0.85855138
vt 0.75755543 0.69047415
vt 0.68942434 0.65692413
vt 0.75285357 0.75365335
vt 0.57878083 0.80428797
vt 0.55243677 0.8030892
vt 0.64983851 0.8386957
vt 0.74975419 0.828538
vt 0.62651002 0.91434819
vt 0.75582278 0.65464163
vt 0.73575461 0.63348246
vt 0.63689959 0.81900883
vt 0.57723367 0.81296599
vt 0.55994624 0.81775087
vt 0.53702605 0.79428792
vt 0.52476436 0.77674305
vt 0.74866563 0.84657627
vt 0.62404448 0.88417447
vt 0.66275162 0.95592988
vt 0.68709266 0.62992334
vt 0.54636592 0.81660587
vt 0.54030973 0.8132031
vt 0.53431988 0.79889423
vt 0.63532138 0.83891261
vt 0.74600649 0.87631786
vt 0.57408702 0.88870752
vt 0.71861708 0.93083632
vt 0.75265455 0.63641274
vt 0.57419866 0.82531738
vt 0.55097073 0.82438582
vt 0.53401875 0.82833493
vt 0.51985013 0.79645419
vt 0.74686444 0.90360034
vt 0.59839046 0.86184919
vt 0.58569652 0.94994158
vt 0.62320423 0.83833909
vt 0.67949623 0.96897787
vt 0.74040687 0.63194573
vt 0.51980317 0.8206374
vt 0.51504683 0.77589178
vt 0.62081456 0.85933417
vt 0.57349354 0.88115692
vt 0.5045315 0.91360331
vt 0.67166358 0.96383744
vt 0.51342446 0.82521343
vt 0.51427573 0.79786581
vt 0.6166749 0.85269207
vt 0.56129271 0.8722775
vt 0.58414775 0.8565222
vt 0.50453097 0.91176945
vt 0.56905282 0.97056305
vt 0.66918963 0.96354735
vt 0.67387772 0.96773529
vt 0.509507 0.80117452
vt 0.60289222 0.84248948
vt 0.55519319 0.87502277
vt 0.52141559 0.86814344
vt 0.50453186 0.91459161
vt 0.51036298 0.77942216
vt 0.62075245 0.84786069
vt 0.55983979 0.85589033
vt 0.50452948 0.90712154
vt 0.53946048 0.95021397
vt 0.50740904 0.82458687
vt 0.50448066 0.786322
vt 0.50447905 0.77339715
vt 0.62190044 0.8388415
vt 0.56025046 0.84669459
vt 0.50451988 0.87568295
vt 0.50453204 0.91492784
vt 0.55019879 0.98472375
vt 0.50448543 0.79977596
vt 0.50447798 0.77825409
vt 0.50447875 0.77402049
vt 0.60102707 0.83458781
vt 0.57822722 0.83317584
vt 0.50671899 0.85626239
vt 0.50454473 0.95209599
vt 0.57085878 0.99477196
vt 0.5126586 0.96022111
vt 0.50449097 0.8180328
vt 0.61188757 0.8276968
vt 0.53301257 0.8540529
vt 0.50451458 0.8587184
vt 0.56827468 0.99548
vt 0.53466141 0.9954924
vt 0.50449282 0.82401156
vt 0.62212253 0.82855642
vt 0.52090847 0.84746557
vt 0.54070711 0.83635342
vt 0.50451487 0.85725915
vt 0.50454539 0.95472765
vt 0.56124175 0.99548072
vt 0.5277307 0.9954946
vt 0.54997063 0.99548775
vt 0.50697303 0.85526609
vt 0.5543859 0.83945328
vt 0.5045135 0.85497332
vt 0.50454956 0.96610272
vt 0.5234645 0.99549609
vt 0.50455624 0.98352587
vt 0.50455815 0.989568
vt 0.51979887 0.99549729
vt 0.50993258 0.9955005
vt 0.50638849 0.99550176
vt 0.50456023 0.99550241
vt 0.16149974 0.74773777
vt 0.13878416 0.74364316
vt 0.14338835 0.71452808
vt 0.1738565 0.83271444
vt 0.18525818 0.85855138
vt 0.13532139 0.83891261
vt 0.80496949 0.96639746
vt 0.80329347 0.97589439
vt 0.78517079 0.95569384
vt 0.79955626 0.95090657
vt 0.81161886 0.97324467
vt 0.84959054 0.96942633
vt 0.7660917 0.90703928
vt 0.84880131 0.96050054
vt 0.79929745 0.90022492
vt 0.76241076 0.93259996
vt 0.83001739 0.97799748
vt 0.84445906 0.91857809
vt 0.85955042 0.97761673
vt 0.76032484 0.88489127
vt 0.82264948 0.89739758
vt 0.75391817 0.91571492
vt 0.81899363 0.97873056
vt 0.883618 0.94607043
vt 0.87751311 0.99308687
vt 0.80060279 0.85561872
vt 0.87462866 0.90389174
vt 0.84899771 0.892156
vt 0.8623333 0.99633449
vt 0.76404762 0.85359448
vt 0.8283937 0.86792153
vt 0.90550882 0.92986429
vt 0.90826994 0.97799605
vt 0.83564967 0.88310635
vt 0.81385309 0.80693382
vt 0.84078389 0.83728939
vt 0.84765822 0.86655629
vt 0.92558837 0.89974195
vt 0.90574658 0.95332044
vt 0.84258121 0.87871146
vt 0.77325237 0.80775201
vt 0.87577885 0.86595577
vt 0.92774951 0.94279414
vt 0.91531008 0.94377649
vt 0.91707051 0.95338428
vt 0.79870677 0.78737402
vt 0.75799119 0.85105503
vt 0.83784175 0.8168059
vt 0.83340317 0.87607211
vt 0.91164261 0.85480058
vt 0.94806945 0.92974091
vt 0.83251435 0.81109309
vt 0.86714751 0.81999779
vt 0.89835078 0.8293162
vt 0.9199279 0.85671151
vt 0.95354694 0.91301346
vt 0.93017733 0.95796138
vt 0.86562365 0.81572765
vt 0.9321239 0.87229675
vt 0.092581205 0.87871146
vt 0.10222195 0.88422781
vt 0.09899769 0.892156
vt 0.097658202 0.86655629
vt 0.14765848 0.97816712
vt 0.12223238 0.97956836
vt 0.1395371 0.95156658
vt 0.14342834 0.95444208
vt 0.14230585 0.9914909
vt 0.10178806 0.97782254
vt 0.16105057 0.96729147
vt 0.15227327 0.99585706
vt 0.13810201 0.95038867
vt 0.15913604 0.98417515
vt 0.083112784 0.94760311
vt 0.1621079 0.96891463
vt 0.13372082 0.94736362
vt 0.081026927 0.97297662
vt 0.10789528 0.93132997
vt 0.070597708 0.96381223
vt 0.042173676 0.94549948
vt 0.061239358 0.95806944
vt 0.098620936 0.92523676
vt 0.054607794 0.96970272
vt 0.081692643 0.91423684
vt 0.056939915 0.91094357
vt 0.040851336 0.96377337
vt 0.070041485 0.90706635
vt 0.036669869 0.9391275
vt 0.044961806 0.96992886
vt 0.0088207079 0.98298413
vt 0.062892735 0.90272558
vt 0.033417217 0.94363499
vt 0.027864581 0.97660774
vt 0.0033148213 0.98561823
vt 0.027912037 0.95131105
vt 0.033252742 0.9808619
vt 0.020260386 0.96176934
vt 0.048723847 0.97607279
vt 0.01663778 0.98804712
vt 0.45775855 0.95635378
vt 0.45131257 0.9651373
vt 0.4399696 0.95896357
vt 0.46778062 0.96994317
vt 0.43847576 0.96955448
vt 0.45331869 0.98343003
vt 0.41986349 0.956415
vt 0.39823148 0.9721747
vt 0.43930578 0.99346381
vt 0.40046445 0.96218115
vt 0.42598605 0.9957993
vt 0.39319623 0.99650204
vt 0.38023373 0.98042601
vt 0.36351043 0.99469829
vt 0.36433968 0.97202611
vt 0.33118188 0.99501383
vt 0.33671618 0.97910786
vt 0.31974673 0.98194218
vt 0.35137597 0.9531399
vt 0.3194766 0.97116899
vt 0.31577104 0.99558562
vt 0.33366674 0.95113289
vt 0.36755535 0.95489514
vt 0.32057941 0.95239335
vt 0.48189718 0.92644191
vt 0.46730232 0.91740698
vt 0.49322161 0.90875137
vt 0.49470809 0.92310512
vt 0.48092249 0.93289328
vt 0.4766534 0.90609568
vt 0.4949193 0.93288875
vt 0.47560579 0.93289667
vt 0.47256368 0.8965227
vt 0.49657431 0.93288857
vt 0.44464549 0.93290347
vt 0.45731899 0.90344322
vt 0.43036091 0.93290704
vt 0.43607393 0.89059758
vt 0.46383408 0.89083588
vt 0.41459429 0.9329114
vt 0.40902886 0.92872924
vt 0.4090243 0.93291187
vt 0.3841905 0.89040691
vt 0.40488333 0.93291456
vt 0.35184324 0.91802388
vt 0.36556506 0.93292993
vt 0.34788296 0.9329378
vt 0.036229167 0.74682879
vt 0.02072789 0.7530359
vt 0.013901404 0.73103648
vt 0.023443876 0.72134876
vt 0.022483639 0.75905454
vt 0.0032576658 0.74511099
vt 0.015795615 0.7153824
vt 0.045730673 0.72794867
vt 0.030297523 0.76185298
vt 0.018975765 0.75709707
vt 0.013788824 0.75390255
vt 0.0059852982 0.73618692
vt 0.024413215 0.71834397
vt 0.061119057 0.74609971
vt 0.034528874 0.76319468
vt 0.055082727 0.75758165
vt 0.082981966 0.73360008
vt 0.052941587 0.72075748
vt 0.0869812 0.75890207
vt 0.039835177 0.76661283
vt 0.10585652 0.74308294
vt 0.07246282 0.75494903
vt 0.070636645 0.7786817
vt 0.1054659 0.76476049
vt 0.087338559 0.76912147
vt 0.060993928 0.76218128
vt 0.053493865 0.77472776
vt 0.065369248 0.76439875
vt 0.091428623 0.77182239
vt 0.11864137 0.75240642
vt 0.066587202 0.7671774
vt 0.058220193 0.77912772
vt 0.11884674 0.74660707
vt 0.064602368 0.78387493
vt 0.1118231 0.78004324
vt 0.077628136 0.78924483
vt 0.092384495 0.79265285
vt 0.13588947 0.78575587
vt 0.078572139 0.78982615
vt 0.12829234 0.80700594
vt 0.13682063 0.79732603
vt 0.11184315 0.80471647
vt 0.14037526 0.7935617
vt 0.12783659 0.80847985
vt 0.1438008 0.78942245
vt 0.83176637 0.78956747
vt 0.8240394 0.79321605
vt 0.82615215 0.77612495
vt 0.83672374 0.76651251
vt 0.84203887 0.80856276
vt 0.81326693 0.77973258
vt 0.85146707 0.75866044
vt 0.81567097 0.76373363
vt 0.85445327 0.79420799
vt 0.83054286 0.75477701
vt 0.80335677 0.75934672
vt 0.87794721 0.78927159
vt 0.85267705 0.74964362
vt 0.88132107 0.77394748
vt 0.79107761 0.74588972
vt 0.84819913 0.74014735
vt 0.8658787 0.7525385
vt 0.83753598 0.73434591
vt 0.86195415 0.73635936
vt 0.87768233 0.75247943
vt 0.82056886 0.73216367
vt 0.86430258 0.73824674
vt 0.8455621 0.73299539
vt 0.86969227 0.73798001
vt 0.89468449 0.76360679
vt 0.78291094 0.73057365
vt 0.86747569 0.73844391
vt 0.87362128 0.73919874
vt 0.754228 0.72975147
vt 0.75963306 0.73917258
vt 0.7536149 0.73048508
vt 0.12855811 0.92221349
vt 0.11807117 0.91325247
vt 0.12347837 0.89996338
vt 0.1372854 0.90834999
vt 0.10392046 0.91187
vt 0.1335004 0.88606489
vt 0.14969777 0.90937352
vt 0.11049861 0.900056
vt 0.11702055 0.89012086
vt 0.14085793 0.88613904
vt 0.14647274 0.92776155
vt 0.10327735 0.88888681
vt 0.1583015 0.88214701
vt 0.16120528 0.915268
vt 0.097809345 0.89838612
vt 0.16603532 0.8910147
vt 0.16124815 0.93114352
vt 0.10874444 0.87725461
vt 0.17710154 0.88331312
vt 0.17224371 0.93135589
vt 0.16744781 0.90593219
vt 0.17331477 0.91909647
vt 0.19351983 0.90530753
vt 0.18665655 0.91512269
vt 0.20272821 0.89020044
vt 0.19273046 0.93381608
vt 0.21508698 0.90710431
vt 0.20007199 0.92125803
vt 0.2241234 0.93430561
vt 0.21060461 0.91628551
vt 0.22414146 0.91524416
vt 0.58171558 0.97547674
vt 0.58997375 0.97903675
vt 0.58208102 0.97767872
vt 0.60678375 0.97732025
vt 0.58194298 0.96936268
vt 0.63346785 0.97838688
vt 0.62668753 0.97148424
vt 0.63176137 0.97385561
vt 0.62624073 0.95882171
vt 0.69052422 0.98101717
vt 0.63312846 0.95654625
vt 0.89174688 0.68378621
vt 0.90791571 0.6707086
vt 0.89564258 0.70181131
vt 0.88109255 0.71211171
vt 0.88888222 0.68206692
vt 0.90970838 0.68477243
vt 0.90275866 0.71168303
vt 0.8796379 0.70055985
vt 0.89169806 0.6693089
vt 0.88538593 0.68379033
vt 0.87945658 0.70890135
vt 0.91370076 0.70344269
vt 0.87944764 0.71414542
vt 0.92661774 0.6833021
vt 0.91048205 0.74558306
vt 0.87915307 0.72051471
vt 0.92489284 0.69982469
vt 0.89444911 0.72119474
vt 0.92239451 0.70854741
vt 0.89133132 0.7133404
vt 0.93638176 0.70583785
vt 0.89982194 0.73558569
vt 0.93959743 0.68384522
vt 0.88503581 0.73576134
vt 0.87907916 0.72418779
vt 0.95384204 0.69899702
vt 0.94692916 0.68285167
vt 0.87869155 0.73166794
vt 0.96018976 0.6815474
vt 0.87898099 0.73553991
vt 0.96701843 0.688797
vt 0.96313435 0.69664878
vt 0.97966754 0.69907844
vt 0.98575813 0.67874539
vt 0.96037972 0.67866474
vt 0.98703593 0.69966745
vt 0.9354068 0.67375541
vt 0.93950468 0.68236393
vt 0.035692908 0.84010386
vt 0.061884966 0.84918177
vt 0.028141884 0.87167978
vt 0.0046058679 0.86280835
vt 0.069320656 0.82695401
vt 0.045900621 0.86986375
vt 0.022486612 0.84424675
vt 0.045588002 0.83031631
vt 0.10628206 0.8358323
vt 0.075861424 0.8563062
vt 0.11055359 0.84464329
vt 0.39582062 0.79871625
vt 0.40047178 0.80550885
vt 0.3974779 0.81812751
vt 0.39105469 0.81395531
vt 0.40899464 0.79977798
vt 0.40911838 0.81228721
vt 0.38216087 0.82844812
vt 0.42114198 0.8084619
vt 0.406212 0.81924224
vt 0.41865683 0.79954171
vt 0.42427456 0.82972074
vt 0.42013818 0.84076208
vt 0.3932215 0.84838986
vt 0.40840325 0.85089803
vt 0.38358587 0.85861874
vt 0.40130943 0.86263597
vt 0.36288291 0.83486545
vt 0.34770691 0.86130399
vt 0.37401536 0.82334471
vt 0.36872232 0.86859375
vt 0.33756465 0.84504753
vt 0.35909477 0.8717947
vt 0.34236869 0.83758086
vt 0.33838919 0.83397853
vt 0.35458887 0.83172262
vt 0.31688377 0.83105099
vt 0.32023749 0.82130867
vt 0.91120631 0.78248036
vt 0.92344773 0.78196692
vt 0.91104203 0.80167174
vt 0.89159673 0.79073292
vt 0.91928017 0.80099773
vt 0.8797549 0.78249186
vt 0.89160722 0.80356354
vt 0.94681007 0.7988385
vt 0.88365728 0.8051765
vt 0.94542837 0.78030586
vt 0.95705301 0.7848717
vt 0.9527961 0.80895519
vt 0.96799988 0.800035
vt 0.97258329 0.77782029
vt 0.98588192 0.78804338
vt 0.98549527 0.78015912
vt 0.98022729 0.79908419
vt 0.98619908 0.79926372
vt 0.83976102 0.66912955
vt 0.8356353 0.65825939
vt 0.83917153 0.66010386
vt 0.83407891 0.67659616
vt 0.80386406 0.64392829
vt 0.81055748 0.68361378
vt 0.82946497 0.63108611
vt 0.80108482 0.66593254
vt 0.81192762 0.62492889
vt 0.79279315 0.65761149
vt 0.82504165 0.61174172
vt 0.79176593 0.63590974
vt 0.78430456 0.64677852
vt 0.81647319 0.60599458
vt 0.83205038 0.62894011
vt 0.79090124 0.61590767
vt 0.82868302 0.59573179
vt 0.82868552 0.61267531
vt 0.7734465 0.60649192
vt 0.80271637 0.58662176
vt 0.8266744 0.60894823
vt 0.82707489 0.58733153
vt 0.78663379 0.58665437
vt 0.81439334 0.57775509
vt 0.82522398 0.58537328
vt 0.78169501 0.58002406
vt 0.8012923 0.57814056
vt 0.76015866 0.60836267
vt 0.76662648 0.57820094
vt 0.77187353 0.62192363
vt 0.75368923 0.60096681
vt 0.76062882 0.62284118
vt 0.7802949 0.62283903
vt 0.75976819 0.62073034
vt 0.39970246 0.78005809
vt 0.39880142 0.77388793
vt 0.40860131 0.78027731
vt 0.3707746 0.78899103
vt 0.41942403 0.76824683
vt 0.37235826 0.78068864
vt 0.38990995 0.78698701
vt 0.4179588 0.77618498
vt 0.34876996 0.78607798
vt 0.39538196 0.7626273
vt 0.38272327 0.7957083
vt 0.35401368 0.77198982
vt 0.34486133 0.79489338
vt 0.36808416 0.77058071
vt 0.36963847 0.80057728
vt 0.33999097 0.78101993
vt 0.36625242 0.79891837
vt 0.3544521 0.80633521
vt 0.32510456 0.78872597
vt 0.32891205 0.80049747
vt 0.33970734 0.80513459
vt 0.31690577 0.79832804
vt 0.3481715 0.80540591
vt 0.32622597 0.80931556
vt 0.096535116 0.71451706
vt 0.082434058 0.69237196
vt 0.098101974 0.69270277
vt 0.10709755 0.69331062
vt 0.07368914 0.70258212
vt 0.10580632 0.70676696
vt 0.058706403 0.71278739
vt 0.075698741 0.68972266
vt 0.043324105 0.69665945
vt 0.063823067 0.6833688
vt 0.0218201 0.69679463
vt 0.046092115 0.68260527
vt 0.020967141 0.681382
vt 0.016213652 0.71267879
vt 0.010597906 0.69015771
vt 0.012093838 0.6978122
vt 0.0075521688 0.70537925
vt 0.00314917 0.71331131
vt 0.16972999 0.69167125
vt 0.1663667 0.70607537
vt 0.15697701 0.69532347
vt 0.14085628 0.67169154
vt 0.18131131 0.70694059
vt 0.14952484 0.71128434
vt 0.15471268 0.6616888
vt 0.13897958 0.70700413
vt 0.18684834 0.69637406
vt 0.17140214 0.71569639
vt 0.13987422 0.65916544
vt 0.17125902 0.66303921
vt 0.12872668 0.68527579
vt 0.18383169 0.68422371
vt 0.19898541 0.71260691
vt 0.16379954 0.65307087
vt 0.19477786 0.6850239
vt 0.21089973 0.70064843
vt 0.1991834 0.71989572
vt 0.18456778 0.65816295
vt 0.20086874 0.698856
vt 0.20987152 0.72194624
vt 0.19875401 0.7319293
vt 0.1933721 0.65555274
vt 0.21544425 0.71183288
vt 0.20659573 0.73118293
vt 0.18221328 0.72899795
vt 0.2009621 0.67871976
vt 0.20796247 0.74137807
vt 0.21191461 0.72260445
vt 0.17291114 0.72702909
vt 0.19048092 0.73405278
vt 0.21406606 0.67222357
vt 0.21289904 0.6898483
vt 0.18569797 0.74689007
vt 0.21782079 0.66159439
vt 0.19557038 0.74316549
vt 0.16621554 0.73482049
vt 0.23018926 0.68760705
vt 0.20134684 0.65136719
vt 0.59097356 0.62505156
vt 0.58524787 0.63961798
vt 0.58671409 0.60764778
vt 0.57811713 0.63787001
vt 0.55771053 0.61091381
vt 0.58272564 0.59801424
vt 0.5579204 0.63032854
vt 0.55425733 0.59711736
vt 0.53871429 0.62880296
vt 0.53515345 0.6083833
vt 0.60273743 0.5915159
vt 0.54306418 0.64368916
vt 0.53789556 0.60082066
vt 0.54274803 0.65591455
vt 0.53159386 0.64234591
vt 0.52543223 0.61249626
vt 0.53512466 0.6506623
vt 0.52083492 0.62111306
vt 0.52331728 0.60559165
vt 0.52689934 0.66085172
vt 0.50301611 0.59521186
vt 0.54918426 0.66548574
vt 0.51948982 0.64571893
vt 0.52658057 0.60221446
vt 0.53545195 0.68293631
vt 0.51278371 0.66405058
vt 0.52041405 0.68166149
vt 0.51692533 0.67198431
vt 0.1913507 0.78740335
vt 0.18161918 0.77350783
vt 0.20338994 0.77866375
vt 0.20638393 0.79256523
vt 0.17363602 0.78093302
vt 0.193086 0.77170557
vt 0.19814302 0.79614031
vt 0.2146266 0.78418028
vt 0.18416853 0.79321146
vt 0.17256236 0.77141798
vt 0.19900024 0.76296973
vt 0.21520853 0.80785429
vt 0.17831311 0.79897493
vt 0.22017783 0.79725659
vt 0.20688513 0.77214181
vt 0.16496184 0.77647477
vt 0.19903883 0.80599082
vt 0.17812343 0.80665743
vt 0.22945902 0.79354763
vt 0.2231995 0.77216727
vt 0.16196699 0.78718364
vt 0.16723408 0.76454401
vt 0.21664256 0.76495677
vt 0.22553594 0.8052094
vt 0.16958477 0.80286002
vt 0.15626642 0.7831133
vt 0.17488818 0.79230821
vt 0.16044548 0.77245075
vt 0.14442615 0.77420121
vt 0.17209716 0.76834607
vt 0.15017878 0.78608507
vt 0.15551116 0.76124179
vt 0.1389593 0.78226578
vt 0.16984715 0.76081455
vt 0.13743143 0.76398259
vt 0.12970091 0.7747004
vt 0.15075542 0.74738169
vt 0.16984715 0.94831455
vt 0.17209716 0.95584607
vt 0.16044548 0.95995075
vt 0.7248764 0.61792129
vt 0.72366315 0.60325909
vt 0.72799468 0.62021458
vt 0.72666985 0.60212278
vt 0.71485627 0.57433021
vt 0.69553113 0.59162247
vt 0.72834957 0.58594072
vt 0.66922671 0.60373282
vt 0.72401482 0.56321871
vt 0.67689723 0.56753016
vt 0.72565001 0.55001748
vt 0.71690929 0.55200934
vt 0.6542803 0.58948064
vt 0.69802642 0.56715453
vt 0.69473934 0.5625459
vt 0.6381104 0.58688152
vt 0.65819204 0.57139552
vt 0.69512087 0.55263007
vt 0.63995236 0.58031714
vt 0.63011366 0.6043787
vt 0.67422539 0.55482388
vt 0.6459924 0.56426251
vt 0.65472978 0.56664854
vt 0.63773239 0.56689513
vt 0.63051814 0.57874835
vt 0.17422536 0.86732388
vt 0.15472977 0.87914854
vt 0.14060879 0.87752545
vt 0.13958621 0.86901641
vt 0.12939283 0.87516224
vt 0.86132067 0.6474843
vt 0.85886341 0.64789855
vt 0.85725415 0.64737403
vt 0.84827071 0.64463449
vt 0.85351342 0.64124835
vt 0.89749521 0.64797908
vt 0.89881212 0.65244621
vt 0.90870231 0.6486789
vt 0.90919745 0.64825726
vt 0.90691584 0.63580012
vt 0.93175608 0.62954092
vt 0.91827279 0.64926112
vt 0.91037709 0.62780178
vt 0.94239885 0.59771758
vt 0.91919833 0.61442298
vt 0.91272569 0.60317039
vt 0.91126579 0.60897142
vt 0.89787561 0.61352015
vt 0.89097458 0.60619575
vt 0.55001211 0.51371384
vt 0.56520402 0.50989652
vt 0.55586022 0.53680789
vt 0.53273165 0.53864372
vt 0.5592922 0.50304234
vt 0.58252841 0.54575348
vt 0.54686469 0.54266167
vt 0.52896035 0.51702279
vt 0.57188731 0.49088055
vt 0.58734971 0.51803482
vt 0.51068103 0.53824556
vt 0.51108527 0.52364278
vt 0.59034914 0.50894558
vt 0.54415625 0.55882907
vt 0.50430292 0.54611945
vt 0.59617662 0.49276197
vt 0.5805369 0.55830324
vt 0.59671611 0.51409149
vt 0.50312495 0.55792618
vt 0.98532397 0.74651551
vt 0.98611361 0.72659206
vt 0.99730581 0.73392653
vt 0.96708369 0.73347503
vt 0.99628681 0.72663677
vt 0.97461551 0.75009036
vt 0.94923222 0.74102914
vt 0.97070509 0.77278244
vt 0.92986035 0.74516344
vt 0.94051456 0.77517658
vt 0.92893738 0.7769928
vt 0.92116445 0.76125699
vt 0.91494203 0.77813888
vt 0.90957576 0.75306988
vt 0.96148306 0.98743528
vt 0.94574267 0.99017149
vt 0.96016634 0.98074985
vt 0.97122127 0.97772002
vt 0.94383878 0.9856841
vt 0.97451508 0.96782577
vt 0.94512039 0.9712522
vt 0.98330188 0.97463632
vt 0.98441011 0.96473587
vt 0.99668092 0.98412609
vt 0.95357627 0.95863867
vt 0.97256202 0.95876867
vt 0.92417341 0.96829677
vt 0.99546903 0.95842642
vt 0.9979409 0.96913564
vt 0.97245449 0.95181072
vt 0.9359228 0.95110756
vt 0.93236452 0.9824574
vt 0.99493283 0.94390887
vt 0.95181304 0.9473784
vt 0.90947026 0.9817571
vt 0.94660932 0.98081368
vt 0.97014767 0.94129705
vt 0.92187321 0.98899513
vt 0.93330598 0.99682856
vt 0.92067373 0.9965511
vt 0.98547375 0.88182694
vt 0.96827966 0.87056392
vt 0.98250437 0.86866438
vt 0.96161842 0.88572395
vt 0.9791435 0.85527968
vt 0.96048373 0.90123826
vt 0.96202856 0.86854458
vt 0.9722327 0.90209568
vt 0.95000756 0.88075852
vt 0.96209675 0.84522653
vt 0.99056524 0.89802217
vt 0.95152909 0.89621228
vt 0.95914346 0.85308141
vt 0.97528839 0.83586627
vt 0.94088614 0.89459115
vt 0.96282607 0.8297056
vt 0.97218794 0.82039791
vt 0.96360844 0.81671387
vt 0.93222225 0.56523323
vt 0.9225269 0.54104805
vt 0.93280423 0.53848416
vt 0.92254066 0.56939471
vt 0.91389996 0.53786218
vt 0.91622084 0.5551002
vt 0.93272942 0.58527893
vt 0.89131528 0.56372249
vt 0.91033888 0.58750534
vt 0.89862138 0.55135691
vt 0.89530933 0.54023397
vt 0.89113384 0.58627188
vt 0.89395708 0.54891598
vt 0.87649417 0.5767957
vt 0.88121301 0.53924549
vt 0.87124002 0.56068027
vt 0.88600886 0.58997321
vt 0.87262154 0.55067897
vt 0.84851795 0.56025088
vt 0.857319 0.58938301
vt 0.86073649 0.54041231
vt 0.84917903 0.56980622
vt 0.84825748 0.54359388
vt 0.765903 0.53460121
vt 0.7520166 0.53533101
vt 0.76628977 0.52334249
vt 0.758367 0.54107761
vt 0.74193853 0.5254879
vt 0.77764672 0.547786
vt 0.74836242 0.55083382
vt 0.7223658 0.52689463
vt 0.74567151 0.50735831
vt 0.74636018 0.54016531
vt 0.70496368 0.50741726
vt 0.76087868 0.51325035
vt 0.70701367 0.49113208
vt 0.76818484 0.55904794
vt 0.69419402 0.51222438
vt 0.77143848 0.51788521
vt 0.70734304 0.49113202
vt 0.69168264 0.50064415
vt 0.70698965 0.49098653
vt 0.21098657 0.87742406
vt 0.21911815 0.86281615
vt 0.21845008 0.89971977
vt 0.20929384 0.88471335
vt 0.20313464 0.85622561
vt 0.22154288 0.89393532
vt 0.21098262 0.90193874
vt 0.20943765 0.88057065
vt 0.207351 0.84324771
vt 0.22193578 0.86682683
vt 0.22133163 0.90116352
vt 0.19225761 0.84725755
vt 0.22004779 0.84243774
vt 0.19615714 0.84025311
vt 0.20898069 0.82500505
vt 0.2227771 0.85230839
vt 0.1946387 0.82685542
vt 0.21463093 0.81925672
vt 0.22290596 0.84320855
vt 0.22209679 0.83977002
vt 0.21936662 0.82594681
vt 0.98145431 0.58526373
vt 0.96838319 0.59273797
vt 0.98129147 0.57218653
vt 0.98350418 0.60134733
vt 0.97026092 0.57852471
vt 0.97841549 0.60861713
vt 0.95867205 0.57944834
vt 0.96540797 0.56862032
vt 0.95823973 0.60103166
vt 0.95302701 0.59128404
vt 0.96877283 0.61739886
vt 0.95673698 0.5718683
vt 0.97439659 0.63777888
vt 0.95634496 0.61010253
vt 0.95200682 0.60646302
vt 0.96143526 0.64243019
vt 0.94111925 0.61843431
vt 0.96421725 0.65157217
vt 0.94623506 0.61222565
vt 0.95361096 0.64279097
vt 0.74677622 0.92210144
vt 0.75264418 0.90873265
vt 0.75301409 0.9224723
vt 0.74906099 0.92818415
vt 0.75505966 0.89666915
vt 0.75505501 0.90969157
vt 0.74791288 0.9394474
vt 0.75498247 0.89625603
vt 0.75554001 0.90717775
vt 0.75513154 0.91295725
vt 0.74139291 0.94661725
vt 0.74619704 0.95655799
vt 0.74076056 0.94274038
vt 0.7489059 0.96931678
vt 0.73842341 0.95815474
vt 0.75479674 0.98000503
vt 0.74586666 0.97540724
vt 0.75480151 0.9801423
vt 0.75555444 0.98000872
vt 0.75562757 0.97765607
vt 0.75532383 0.96991366
vt 0.78911382 0.70759058
vt 0.78441149 0.70394927
vt 0.80199283 0.70270431
vt 0.80173421 0.70988393
vt 0.8011694 0.69511157
vt 0.7986834 0.71514618
vt 0.81245589 0.708516
vt 0.79017556 0.68674839
vt 0.81237876 0.70112491
vt 0.81018174 0.68934774
vt 0.81991303 0.69988298
vt 0.81820297 0.70687544
vt 0.83569473 0.67866313
vt 0.82473892 0.70851433
vt 0.83183849 0.6942693
vt 0.85401714 0.68324697
vt 0.84147567 0.70181191
vt 0.86472237 0.67326188
vt 0.86604065 0.68319798
vt 0.85857964 0.69672167
vt 0.85395288 0.70517087
vt 0.015680946 0.54571843
vt 0.01277165 0.53789663
vt 0.03722227 0.54843795
vt 0.014461275 0.55854392
vt 0.0509785 0.53696156
vt 0.060222756 0.55808747
vt 0.062937401 0.54847944
vt 0.039978951 0.52505565
vt 0.078937858 0.53710198
vt 0.019498296 0.52601975
vt 0.055051375 0.52074015
vt 0.063312486 0.52394325
vt 0.0045075435 0.51534557
vt 0.045112852 0.50990963
vt 0.083766237 0.52076519
vt 0.070291109 0.51296932
vt 0.015996844 0.48521864
vt 0.031551421 0.48179084
vt 0.010869648 0.49615127
vt 0.015363431 0.48182362
vt 0.041652765 0.49694973
vt 0.007311366 0.47827607
vt 0.082553752 0.48451775
vt 0.018177764 0.47489929
vt 0.07569775 0.47570819
vt 0.080752157 0.49628037
vt 0.0080638267 0.46088433
vt 0.019640589 0.48020715
vt 0.050550338 0.4576807
vt 0.025456162 0.46152061
vt 0.075457089 0.46105987
vt 0.023278825 0.42703384
vt 0.034142438 0.45136696
vt 0.0033562176 0.42458546
vt 0.021648314 0.48108625
vt 0.078496844 0.98521864
vt 0.072905742 0.9784767
vt 0.080677763 0.97489929
vt 0.60615736 0.55773032
vt 0.60721487 0.54516304
vt 0.61972368 0.5550797
vt 0.59786618 0.54667282
vt 0.61974394 0.54485703
vt 0.60754251 0.52914041
vt 0.62492049 0.53408247
vt 0.63000315 0.55188692
vt 0.63715094 0.53827584
vt 0.65385455 0.53680527
vt 0.63915008 0.52481502
vt 0.65426201 0.55216098
vt 0.62606406 0.52916628
vt 0.64722341 0.52592003
vt 0.67440754 0.55018771
vt 0.62410134 0.52245224
vt 0.6641615 0.52584553
vt 0.6663723 0.53095591
vt 0.66403306 0.55650449
vt 0.67499596 0.52986336
vt 0.019672703 0.88762164
vt 0.035188548 0.89218199
vt 0.055127129 0.90297639
vt 0.0071649277 0.89850861
vt 0.039429672 0.89362824
vt 0.014129537 0.88825434
vt 0.049349684 0.89043969
vt 0.0047402456 0.88265544
vt 0.071572177 0.89436054
vt 0.023767924 0.8851285
vt 0.078796372 0.90320516
vt 0.42178223 0.87532836
vt 0.39083874 0.88200068
vt 0.3726342 0.87121701
vt 0.41866338 0.88615143
vt 0.38203818 0.88448095
vt 0.3524307 0.87861073
vt 0.34868166 0.8818444
vt 0.34701654 0.86925972
vt 0.37079233 0.93491584
vt 0.36013848 0.9480117
vt 0.32159159 0.94940537
vt 0.31593043 0.93930674
vt 0.39120468 0.94682175
vt 0.36069098 0.95007473
vt 0.38634691 0.93834364
vt 0.3914741 0.94927627
vt 0.04913833 0.78937703
vt 0.061648011 0.78910005
vt 0.043124616 0.80689645
vt 0.041756313 0.79606092
vt 0.057357762 0.80798906
vt 0.033038657 0.79189432
vt 0.078837775 0.80120206
vt 0.029439297 0.80858815
vt 0.017385429 0.78981173
vt 0.0035077843 0.80734891
vt 0.0040284675 0.79698479
vt 0.09735103 0.85698456
vt 0.10648641 0.86170846
vt 0.071008518 0.87168038
vt 0.06600365 0.86067009
vt 0.13121574 0.8674525
vt 0.12134772 0.85280752
vt 0.12548523 0.85527539
vt 0.13062733 0.85652578
vt 0.13609101 0.84956515
vt 0.1397685 0.85009927
vt 0.1375898 0.86772245
vt 0.24596541 0.99639672
vt 0.23922153 0.99644154
vt 0.2851139 0.98371041
vt 0.29297447 0.98229063
vt 0.29914156 0.97672969
vt 0.30685064 0.97616625
vt 0.30781475 0.97504777
vt 0.30730698 0.97760415
vt 0.82721245 0.5022155
vt 0.83299184 0.50072765
vt 0.82957327 0.50889111
vt 0.814735 0.5234949
vt 0.81130517 0.48914379
vt 0.79129481 0.55704439
vt 0.78496826 0.5587796
vt 0.21457829 0.99429137
vt 0.19883017 0.99582738
vt 0.20149636 0.98863471
vt 0.19720291 0.99411094
vt 0.14455743 0.99648333
vt 0.19556002 0.99465072
vt 0.98209631 0.54089731
vt 0.97494984 0.54647231
vt 0.96240973 0.53683126
vt 0.97319758 0.53161514
vt 0.9642573 0.50631881
vt 0.97681171 0.52021813
vt 0.95815206 0.51346743
vt 0.99507171 0.53289062
vt 0.94139755 0.52555346
vt 0.95547348 0.49608856
vt 0.97195137 0.48815125
vt 0.98694271 0.5070529
vt 0.94081396 0.55369157
vt 0.95246851 0.50707835
vt 0.96214151 0.4935627
vt 0.95383275 0.49871922
vt 0.97656506 0.5021199
vt 0.96533817 0.5587337
vt 0.9899618 0.49449664
vt 0.10871144 0.51393735
vt 0.10093662 0.51150775
vt 0.11980893 0.51076984
vt 0.10980123 0.51817131
vt 0.10973819 0.49755061
vt 0.12630594 0.52406704
vt 0.098141879 0.52665848
vt 0.1270636 0.5065285
vt 0.1295853 0.48993212
vt 0.13714477 0.50909615
vt 0.11611515 0.48735076
vt 0.14218339 0.49314529
vt 0.14052621 0.47941899
vt 0.1557427 0.49113446
vt 0.16595134 0.4865278
vt 0.63899571 0.49127316
vt 0.62790138 0.49227035
vt 0.63421714 0.47469723
vt 0.64017618 0.47104746
vt 0.62103343 0.48534286
vt 0.63464826 0.45811188
vt 0.62107015 0.5017662
vt 0.62375778 0.47044247
vt 0.60496861 0.4988271
vt 0.63077474 0.51249135
vt 0.60858524 0.48677897
vt 0.62026203 0.46101117
vt 0.60763341 0.51168585
vt 0.62168676 0.51615936
vt 0.60684282 0.47736263
vt 0.59838891 0.47742403
vt 0.60799444 0.45994556
vt 0.6187613 0.52314878
vt 0.5999971 0.52402902
vt 0.59685659 0.46082443
vt 0.6083957 0.52798092
vt 0.7717126 0.4766311
vt 0.78244185 0.47473443
vt 0.78647399 0.4828397
vt 0.77463704 0.50022101
vt 0.7834118 0.47021019
vt 0.76533449 0.491642
vt 0.7898376 0.49719542
vt 0.78708506 0.47777587
vt 0.75433803 0.47639561
vt 0.80168009 0.50650656
vt 0.78863746 0.50713634
vt 0.79412091 0.47169197
vt 0.75772446 0.46353018
vt 0.79461622 0.50468063
vt 0.78413963 0.51630628
vt 0.78925616 0.45800847
vt 0.77576274 0.46100831
vt 0.79683799 0.51476943
vt 0.77219731 0.5126667
vt 0.77988636 0.45891672
vt 0.77407795 0.52718413
vt 0.78250569 0.47325003
vt 0.21852995 0.49530679
vt 0.20518039 0.4819836
vt 0.22173561 0.46617937
vt 0.23104173 0.4675836
vt 0.19350541 0.48877227
vt 0.20577279 0.46982044
vt 0.25043505 0.48624837
vt 0.19171451 0.4660508
vt 0.23582971 0.46004087
vt 0.24819291 0.46114767
vt 0.25537562 0.47792047
vt 0.25832602 0.45625156
vt 0.25499105 0.45162624
vt 0.25837374 0.43392783
vt 0.25096726 0.43691945
vt 0.24584465 0.44233215
vt 0.42298451 0.85843694
vt 0.42160925 0.86893481
vt 0.37912214 0.8709237
vt 0.44556075 0.862158
vt 0.44565672 0.85950041
vt 0.4448851 0.86840791
vt 0.44587269 0.85137892
vt 0.84740484 0.47935706
vt 0.85912502 0.48448652
vt 0.85716546 0.49646723
vt 0.85025859 0.50036132
vt 0.86730778 0.48392373
vt 0.86404943 0.50395811
vt 0.86746955 0.49457479
vt 0.87775123 0.48967612
vt 0.88310218 0.49836624
vt 0.87822431 0.47932816
vt 0.88440579 0.50595158
vt 0.89597523 0.4895134
vt 0.86016768 0.51167846
vt 0.91171217 0.49739933
vt 0.8668735 0.52518344
vt 0.89891267 0.51250303
vt 0.87544936 0.51869911
vt 0.89622903 0.51789868
vt 0.88265711 0.52803385
vt 0.31010741 0.96684611
vt 0.31615472 0.96800768
vt 0.31185845 0.98559332
vt 0.31929949 0.9895007
vt 0.30391529 0.99170101
vt 0.25364077 0.99624449
vt 0.28595275 0.46449691
vt 0.28591907 0.44341427
vt 0.30945304 0.43347335
vt 0.30926833 0.46571112
vt 0.28773686 0.48917115
vt 0.32450378 0.4327479
vt 0.31229156 0.48912179
vt 0.33698159 0.43638283
vt 0.33112636 0.48387939
vt 0.33329996 0.49592608
vt 0.33608708 0.45462763
vt 0.36587873 0.48447722
vt 0.36360514 0.49593985
vt 0.34840772 0.49234694
vt 0.36573231 0.47757673
vt 0.36318439 0.45518237
vt 0.390706 0.4839437
vt 0.37181982 0.46364176
vt 0.38552386 0.46363169
vt 0.37620562 0.45525372
vt 0.39437339 0.47242761
vt 0.39646533 0.46404976
vt 0.40628588 0.47810179
vt 0.39464495 0.45722073
vt 0.40824851 0.45754457
vt 0.44726035 0.4891634
vt 0.42589602 0.48598486
vt 0.44786209 0.45138043
vt 0.46206492 0.4676668
vt 0.41609663 0.47050774
vt 0.41628125 0.49661779
vt 0.42880625 0.4367522
vt 0.41051409 0.48248607
vt 0.78973311 0.97550833
vt 0.78592509 0.98703462
vt 0.773485 0.98069286
vt 0.76868004 0.97058553
vt 0.80010611 0.99539858
vt 0.77342987 0.99013597
vt 0.75454235 0.9841029
vt 0.81275344 0.98750055
vt 0.7597453 0.98807168
vt 0.80711478 0.97869837
vt 0.62949336 0.60247099
vt 0.62678713 0.61467898
vt 0.60985792 0.59620047
vt 0.61872113 0.59357154
vt 0.61411798 0.62075567
vt 0.61042833 0.57830364
vt 0.63494551 0.58897167
vt 0.60845023 0.611606
vt 0.5996995 0.58499366
vt 0.62271732 0.57957035
vt 0.59944832 0.59164369
vt 0.62269944 0.56243545
vt 0.59899271 0.59589601
vt 0.59699661 0.58801496
vt 0.60044891 0.60731208
vt 0.59705281 0.59567392
vt 0.12150618 0.99622172
vt 0.11509625 0.99567115
vt 0.11504713 0.98514575
vt 0.12368363 0.984074
vt 0.08980193 0.99037212
vt 0.11772322 0.97857577
vt 0.084563971 0.98224825
vt 0.065837376 0.98995036
vt 0.63950789 0.81492049
vt 0.61789542 0.82179254
vt 0.60166705 0.81699324
vt 0.61689055 0.81067622
vt 0.62840635 0.82429069
vt 0.60733908 0.80007964
vt 0.5853743 0.79840124
vt 0.58300573 0.80574822
vt 0.49959719 0.44868344
vt 0.47734246 0.45116007
vt 0.51575828 0.44367594
vt 0.49553183 0.46308923
vt 0.47312999 0.4639802
vt 0.48591992 0.48044872
vt 0.49409243 0.47611094
vt 0.47769418 0.47862852
vt 0.50415468 0.47824323
vt 0.48989293 0.48881769
vt 0.50443155 0.48946446
vt 0.51120073 0.48063421
vt 0.49802127 0.49620605
vt 0.51947671 0.4916538
vt 0.5290249 0.49234766
vt 0.56883276 0.46014351
vt 0.55075067 0.46859676
vt 0.55654275 0.46076846
vt 0.57516253 0.48513991
vt 0.54907948 0.44657689
vt 0.53552562 0.4844045
vt 0.58472949 0.47083664
vt 0.53798676 0.46221834
vt 0.56561333 0.49577785
vt 0.59131932 0.48909044
vt 0.081747442 0.6522187
vt 0.078380466 0.64360648
vt 0.097641006 0.65133488
vt 0.086419307 0.66502988
vt 0.065524779 0.64986551
vt 0.090058178 0.63892269
vt 0.10301646 0.6606397
vt 0.074398831 0.66189361
vt 0.11442432 0.65167165
vt 0.10030556 0.67455864
vt 0.085996196 0.67982543
vt 0.11846398 0.6654526
vt 0.093592413 0.67897499
vt 0.12147192 0.64880437
vt 0.10367031 0.6834625
vt 0.11278204 0.67647851
vt 0.33956838 0.64460588
vt 0.31283015 0.64712602
vt 0.32937044 0.62036371
vt 0.3366186 0.62121201
vt 0.31243974 0.61853391
vt 0.30264288 0.62489074
vt 0.28451499 0.6518265
vt 0.73894626 0.49282008
vt 0.72905296 0.496728
vt 0.72881925 0.47194391
vt 0.73977053 0.48106074
vt 0.72101671 0.49641234
vt 0.74385506 0.48797941
vt 0.74390745 0.47797137
vt 0.70227528 0.48740196
vt 0.74609965 0.47666061
vt 0.70261508 0.46137536
vt 0.74090302 0.46221799
vt 0.69130647 0.483576
vt 0.70253241 0.46118087
vt 0.70057315 0.46412563
vt 0.72953486 0.45545465
vt 0.70248061 0.46130282
vt 0.73673904 0.45400339
vt 0.80015188 0.78578275
vt 0.78478271 0.78822631
vt 0.77772117 0.78022695
vt 0.79489213 0.77116519
vt 0.7907871 0.79481554
vt 0.77281559 0.80064034
vt 0.77307367 0.77760434
vt 0.7542659 0.79325861
vt 0.78986746 0.761738
vt 0.76359934 0.80910516
vt 0.78242791 0.75515795
vt 0.76704854 0.7668913
vt 0.95446807 0.48085523
vt 0.94309938 0.49642462
vt 0.94427019 0.4826687
vt 0.94589049 0.47550786
vt 0.92750627 0.49542916
vt 0.93337566 0.47527426
vt 0.92129618 0.48129612
vt 0.93724531 0.46633285
vt 0.91564828 0.48695588
vt 0.91874135 0.4751513
vt 0.95771736 0.47611934
vt 0.91036814 0.49508137
vt 0.9628666 0.46876371
vt 0.91980219 0.46560138
vt 0.94582933 0.45245677
vt 0.91929984 0.45291418
vt 0.95840186 0.44444132
vt 0.93360084 0.44565833
vt 0.72664946 0.95059729
vt 0.72834831 0.95829934
vt 0.72354382 0.94496322
vt 0.75799096 0.99515009
vt 0.94628066 0.81357592
vt 0.93497694 0.80982435
vt 0.94350469 0.80634356
vt 0.95563948 0.81510687
vt 0.92606711 0.83529896
vt 0.93831766 0.83847046
vt 0.92284399 0.80879974
vt 0.95923638 0.83925259
vt 0.9100033 0.82744157
vt 0.93216896 0.80478477
vt 0.96045637 0.82356906
vt 0.91387469 0.83744127
vt 0.59707093 0.79293913
vt 0.61002624 0.78520137
vt 0.60904199 0.79389685
vt 0.58248132 0.78658181
vt 0.63008779 0.79231191
vt 0.59939516 0.76942801
vt 0.62862843 0.78426713
vt 0.60901248 0.77593124
vt 0.58145207 0.7731083
vt 0.63025868 0.77165484
vt 0.48684752 0.95058531
vt 0.48021322 0.95909703
vt 0.48246664 0.94676363
vt 0.49422929 0.9568072
vt 0.47213969 0.9857527
vt 0.50278044 0.97603571
vt 0.49163082 0.99227786
vt 0.49797505 0.99703592
vt 0.54922599 0.56925803
vt 0.55328214 0.58360028
vt 0.54125583 0.5832268
vt 0.54364276 0.56362492
vt 0.52805132 0.56533396
vt 0.50368744 0.59006655
vt 0.53127003 0.55893767
vt 0.51101154 0.56203181
vt 0.016633652 0.9645974
vt 0.0080988863 0.95768601
vt 0.021106446 0.94703853
vt 0.012121698 0.95038557
vt 0.0089354059 0.94380951
vt 0.018728428 0.92647105
vt 0.031978376 0.93412966
vt 0.003681801 0.91520017
vt 0.03864941 0.92494655
vt 0.91449744 0.6797843
vt 0.91108966 0.68332326
vt 0.91249454 0.66694713
vt 0.93389708 0.67143071
vt 0.91513598 0.65143394
vt 0.93005395 0.6562134
vt 0.93345219 0.64961189
vt 0.95509744 0.65962076
vt 0.94358873 0.65433598
vt 0.95004541 0.67311954
vt 0.94570577 0.64828128
vt 0.95962149 0.66412306
vt 0.95558822 0.6503998
vt 0.10811719 0.426884
vt 0.12288857 0.42111009
vt 0.11625825 0.43052232
vt 0.10376006 0.44626319
vt 0.12198908 0.43294889
vt 0.1318413 0.42692655
vt 0.1201297 0.446127
vt 0.13582212 0.43767089
vt 0.12463579 0.45489079
vt 0.098110527 0.45479655
vt 0.12389883 0.44305795
vt 0.14548953 0.43474376
vt 0.14000627 0.45406312
vt 0.1084009 0.4642539
vt 0.1460951 0.46581638
vt 0.13264005 0.8252368
vt 0.14626856 0.8266924
vt 0.12354679 0.83899069
vt 0.11831097 0.83332986
vt 0.14308599 0.81938893
vt 0.14424101 0.83327067
vt 0.1150531 0.8208921
vt 0.13711417 0.8111819
vt 0.12780452 0.81489354
vt 0.10388403 0.83127046
vt 0.10632477 0.81433767
vt 0.097505368 0.81877601
vt 0.78653747 0.67680585
vt 0.78626072 0.68401754
vt 0.77583563 0.66911697
vt 0.78185755 0.6660766
vt 0.78137147 0.65855396
vt 0.79191267 0.67000186
vt 0.77092969 0.6586746
vt 0.7814368 0.64745021
vt 0.76799101 0.63482344
vt 0.76471114 0.64941323
vt 0.76444304 0.66158664
vt 0.7563374 0.64749968
vt 0.76304913 0.6591115
vt 0.76743674 0.66588581
vt 0.75484139 0.64164567
vt 0.77862602 0.67358434
vt 0.7722528 0.67583036
vt 0.77485722 0.67878878
vt 0.28202617 0.96918392
vt 0.29306349 0.97061861
vt 0.27464119 0.97953826
vt 0.26998612 0.9703297
vt 0.30331141 0.96464568
vt 0.26992932 0.97024769
vt 0.27722228 0.96688396
vt 0.26977551 0.9702872
vt 0.26981959 0.97018391
vt 0.25467142 0.97939616
vt 0.25762126 0.97552121
vt 0.25441208 0.97650772
vt 0.98834819 0.9920513
vt 0.96169883 0.99366993
vt 0.9876917 0.99084741
vt 0.9732185 0.99450397
vt 0.9863078 0.98449379
vt 0.94429952 0.99536008
vt 0.94195241 0.98929083
vt 0.82608473 0.98865688
vt 0.83883959 0.979204
vt 0.84528345 0.99044049
vt 0.83456695 0.99568492
vt 0.81854832 0.99482852
vt 0.80050737 0.99446779
vt 0.45290816 0.99563509
vt 0.42657366 0.99453801
vt 0.46997929 0.98970014
vt 0.47010201 0.99022567
vt 0.68629915 0.96547472
vt 0.69196486 0.97561753
vt 0.67662817 0.98032749
vt 0.70035595 0.97104532
vt 0.71070898 0.9686023
vt 0.70825261 0.97743815
vt 0.72092181 0.97902685
vt 0.66430354 0.48290461
vt 0.68954611 0.48518836
vt 0.6784687 0.4911347
vt 0.67071933 0.49814492
vt 0.68918711 0.50344551
vt 0.68853498 0.51366717
vt 0.66101724 0.50809073
vt 0.66696477 0.52804446
vt 0.69791299 0.5262177
vt 0.18113019 0.44414037
vt 0.18627438 0.44990587
vt 0.16405079 0.44102305
vt 0.17878245 0.42530102
vt 0.20087871 0.43510729
vt 0.1640633 0.46410114
vt 0.1593008 0.43527323
vt 0.18980365 0.42728525
vt 0.19569214 0.45679522
vt 0.17735578 0.45983839
vt 0.20173685 0.42025989
vt 0.20335047 0.45224935
vt 0.19310308 0.46262288
vt 0.97474039 0.91946715
vt 0.97542697 0.9288972
vt 0.96904612 0.92757744
vt 0.96470439 0.91030014
vt 0.95770162 0.94295406
vt 0.98011392 0.90420383
vt 0.96262228 0.94852328
vt 0.6160832 0.94135374
vt 0.62328196 0.94247615
vt 0.62246066 0.96464831
vt 0.60624874 0.96557367
vt 0.61992168 0.9316566
vt 0.59693789 0.94902033
vt 0.62701684 0.92075354
vt 0.61207801 0.93022221
vt 0.60548377 0.93207568
vt 0.64099163 0.93246484
vt 0.94006014 0.85583913
vt 0.94819289 0.85657972
vt 0.95507669 0.86322135
vt 0.94995731 0.8709861
vt 0.94371396 0.86938739
vt 0.93624634 0.87083453
vt 0.93407065 0.87024719
vt 0.9289313 0.85786867
vt 0.92551446 0.86269224
vt 0.92111278 0.84853196
vt 0.92102277 0.85272914
vt 0.91972703 0.85004562
vt 0.91064179 0.84352213
vt 0.72910553 0.99200821
vt 0.72842914 0.98138201
vt 0.73550755 0.99641746
vt 0.723912 0.96495408
vt 0.72385687 0.96534187
vt 0.72390914 0.96429306
vt 0.72339267 0.96616364
vt 0.73055458 0.97636682
vt 0.72407156 0.97638988
vt 0.72372013 0.95115083
vt 0.72910643 0.93441951
vt 0.72360951 0.93614179
vt 0.73500365 0.92604595
vt 0.73500478 0.92841434
vt 0.69700968 0.96138555
vt 0.73500496 0.92900211
vt 0.70157427 0.953596
vt 0.69093055 0.96461654
vt 0.0038399063 0.99471962
vt 0.025708104 0.99465799
vt 0.046675626 0.99631798
vt 0.6865257 0.44988143
vt 0.70078355 0.46060061
vt 0.66607493 0.46418846
vt 0.67837411 0.44752264
vt 0.70398402 0.44030863
vt 0.69763315 0.43516374
vt 0.6871528 0.42749786
vt 0.66427773 0.43216014
vt 0.66106951 0.42568278
vt 0.18074651 0.98732501
vt 0.17618784 0.94509691
vt 0.18088362 0.96359521
vt 0.17687786 0.98661298
vt 0.18076183 0.95320737
vt 0.12164752 0.77120388
vt 0.1219984 0.76375425
vt 0.13423412 0.76200974
vt 0.13306946 0.76508468
vt 0.10940475 0.76341134
vt 0.13048154 0.75222689
vt 0.13045734 0.77159482
vt 0.11910237 0.77686101
vt 0.136159 0.75728321
vt 0.097139865 0.77062744
vt 0.13806145 0.75249732
vt 0.13922183 0.74091291
vt 0.13271064 0.73433822
vt 0.13908187 0.73510993
vt 0.1227233 0.73856127
vt 0.8722049 0.60960889
vt 0.86087114 0.60670459
vt 0.88300508 0.60245824
vt 0.88846797 0.62049007
vt 0.86462724 0.61740017
vt 0.86494452 0.58937895
vt 0.8775627 0.62049359
vt 0.86811095 0.6204989
vt 0.85787737 0.61671984
vt 0.84770489 0.60650706
vt 0.86446798 0.62049997
vt 0.58702797 0.57286137
vt 0.57600421 0.57177341
vt 0.58017933 0.56450623
vt 0.59053016 0.5644508
vt 0.57543683 0.5807237
vt 0.59264892 0.57109678
vt 0.59697169 0.57939672
vt 0.56737137 0.57853627
vt 0.60618347 0.55781841
vt 0.58458853 0.58777851
vt 0.57229578 0.58979344
vt 0.60824937 0.57307309
vt 0.35082531 0.91041833
vt 0.3439844 0.90942913
vt 0.34124705 0.89250362
vt 0.34850919 0.89519745
vt 0.33241916 0.93371439
vt 0.33240423 0.93389356
vt 0.3436096 0.92828023
vt 0.025496075 0.84020299
vt 0.019903801 0.83149838
vt 0.029058589 0.83276415
vt 0.0072120428 0.82894838
vt 0.023013175 0.82179201
vt 0.0041009309 0.83781189
vt 0.042732503 0.82807142
vt 0.033555862 0.81698328
vt 0.016938923 0.81364447
vt 0.044324301 0.81079823
vt 0.42520759 0.87025428
vt 0.44436753 0.87585855
vt 0.43230245 0.88280743
vt 0.44876379 0.86912721
vt 0.43896824 0.88736355
vt 0.4552803 0.87820977
vt 0.4535594 0.88631076
vt 0.45609239 0.86124617
vt 0.46687844 0.88006574
vt 0.034486305 0.83693731
vt 0.072147876 0.80800515
vt 0.042873736 0.83350873
vt 0.036023002 0.84075528
vt 0.075144425 0.8039304
vt 0.63633412 0.44044322
vt 0.64191383 0.43386
vt 0.65143561 0.44011199
vt 0.65483582 0.44903207
vt 0.64942646 0.42736363
vt 0.66740787 0.44416207
vt 0.63726604 0.45288867
vt 0.66338265 0.43303353
vt 0.66675591 0.45700109
vt 0.62898171 0.44454503
vt 0.64654803 0.45606267
vt 0.66431814 0.46455157
vt 0.65337414 0.46434897
vt 0.53683752 0.46349216
vt 0.52956122 0.46534741
vt 0.52665466 0.4522242
vt 0.54298407 0.45085865
vt 0.52422917 0.43265092
vt 0.51966357 0.44044071
vt 0.50848204 0.42826444
vt 0.50473398 0.43315673
vt 0.80837709 0.46054608
vt 0.81137282 0.44890845
vt 0.82301605 0.46576792
vt 0.80030984 0.44916064
vt 0.82364339 0.45782775
vt 0.80765754 0.4337424
vt 0.79403543 0.4543525
vt 0.78981417 0.43531781
vt 0.78784925 0.45803374
vt 0.78459311 0.4465186
vt 0.097432181 0.72939551
vt 0.11187021 0.71415079
vt 0.11755631 0.73252195
vt 0.10739212 0.74577457
vt 0.1239543 0.72646725
vt 0.12635061 0.70765257
vt 0.13606223 0.7235316
vt 0.58391392 0.45687377
vt 0.59275073 0.44298548
vt 0.60508966 0.45320022
vt 0.5902977 0.46487629
vt 0.57309794 0.43432331
vt 0.58239138 0.42900318
vt 0.57555151 0.43311179
vt 0.56593615 0.43844473
vt 0.58310783 0.42748344
vt 0.90406579 0.99556327
vt 0.87982005 0.98951477
vt 0.91857934 0.9905256
vt 0.63746572 0.94819605
vt 0.64660579 0.96791339
vt 0.63750327 0.96782881
vt 0.63575727 0.95165133
vt 0.64554864 0.95728159
vt 0.63767189 0.97308445
vt 0.63595814 0.94850069
vt 0.64429432 0.94646305
vt 0.63589984 0.94716066
vt 0.64432704 0.94007927
vt 0.6371628 0.9395588
vt 0.63819575 0.93494987
vt 0.2438041 0.73248529
vt 0.26069868 0.72760117
vt 0.2543599 0.73758644
vt 0.25636512 0.74277765
vt 0.24521486 0.7207489
vt 0.25373712 0.7422415
vt 0.2513918 0.71314579
vt 0.23068082 0.73151147
vt 0.24117966 0.74127406
vt 0.23575826 0.74224544
vt 0.22240685 0.74518239
vt 0.22474679 0.74570906
vt 0.47092199 0.9645493
vt 0.46840307 0.95712107
vt 0.47629827 0.96167445
vt 0.47640952 0.96140981
vt 0.47667268 0.95284992
vt 0.47915119 0.94626248
vt 0.47798544 0.94339377
vt 0.46078116 0.93785775
vt 0.45997554 0.95508003
vt 0.44213003 0.94177705
vt 0.4416455 0.95708907
vt 0.52754694 0.71351779
vt 0.5149259 0.71529591
vt 0.512869 0.70048118
vt 0.54084575 0.69883651
vt 0.50466222 0.70811272
vt 0.5263173 0.69286656
vt 0.54145116 0.69006562
vt 0.52800196 0.68647587
vt 0.82313216 0.54620576
vt 0.82477772 0.55805552
vt 0.82253641 0.55638468
vt 0.81901777 0.55096084
vt 0.83523965 0.54718757
vt 0.81655234 0.54079258
vt 0.81727105 0.54939079
vt 0.82623565 0.53469175
vt 0.83261943 0.52942288
vt 0.81871021 0.5313226
vt 0.84923613 0.53313076
vt 0.82611233 0.52098882
vt 0.23103246 0.81146133
vt 0.22686571 0.80340695
vt 0.24544193 0.81507409
vt 0.22238886 0.82135272
vt 0.25051409 0.80854654
vt 0.24426571 0.83498406
vt 0.23295844 0.83995777
vt 0.82438374 0.48605937
vt 0.83800286 0.4916293
vt 0.82465178 0.4968614
vt 0.8338117 0.48084748
vt 0.82952446 0.46953481
vt 0.84439522 0.48164833
vt 0.82515693 0.47020096
vt 0.81577533 0.47741008
vt 0.8268438 0.46300972
vt 0.83534253 0.45992315
vt 0.85086703 0.47052598
vt 0.8522079 0.46043241
vt 0.17281958 0.81005675
vt 0.14933927 0.80546105
vt 0.15451583 0.80278498
vt 0.168825 0.80637914
vt 0.16597593 0.82362115
vt 0.14712644 0.8003177
vt 0.17333843 0.80673146
vt 0.14541765 0.82170767
vt 0.1801869 0.82219344
vt 0.17828381 0.80885279
vt 0.17996709 0.82294255
vt 0.83954531 0.7210325
vt 0.84184235 0.7080906
vt 0.8559497 0.71846342
vt 0.85049397 0.72839415
vt 0.83181006 0.71228325
vt 0.85477966 0.70670593
vt 0.83910692 0.73129338
vt 0.8652246 0.72119761
vt 0.86717522 0.71052253
vt 0.94588298 0.52137113
vt 0.92360562 0.52750772
vt 0.92181605 0.51373696
vt 0.9444617 0.50423348
vt 0.91140985 0.51795423
vt 0.93644744 0.49617302
vt 0.91206014 0.52588272
vt 0.91046929 0.51106632
vt 0.90956014 0.49783862
vt 0.91043979 0.50773925
vt 0.84744042 0.46145803
vt 0.84951025 0.44232601
vt 0.86454391 0.46063787
vt 0.8653056 0.44813859
vt 0.87373596 0.46419823
vt 0.85522473 0.44066989
vt 0.87601268 0.44832885
vt 0.87705243 0.4350614
vt 0.88043082 0.45691597
vt 0.88292944 0.44455206
vt 0.75544643 0.96913069
vt 0.76015186 0.97130406
vt 0.75605243 0.97231323
vt 0.75414902 0.97014254
vt 0.75876623 0.93768078
vt 0.75386798 0.94874638
vt 0.75391746 0.94088042
vt 0.75305855 0.93907416
vt 0.7529847 0.93760186
vt 0.057550505 0.42529064
vt 0.055018786 0.43372262
vt 0.043942627 0.43174219
vt 0.044186004 0.42085248
vt 0.035009094 0.42463678
vt 0.058948543 0.41664141
vt 0.053137712 0.41069365
vt 0.064364344 0.41703171
vt 0.03799846 0.4041453
vt 0.064276524 0.39906895
vt 0.07000006 0.40667772
vt 0.72409731 0.99666566
vt 0.70901215 0.98999763
vt 0.69454396 0.97506899
vt 0.7057234 0.99136817
vt 0.69115502 0.9910928
vt 0.23280151 0.77811885
vt 0.22952232 0.7683841
vt 0.23905081 0.77284825
vt 0.23905192 0.77603221
vt 0.22188982 0.77179378
vt 0.23904751 0.76727331
vt 0.2333272 0.75626707
vt 0.22890335 0.74478626
vt 0.2390437 0.76028162
vt 0.23904033 0.75076991
vt 0.23904227 0.75716054
vt 0.23904179 0.75453973
vt 0.23903579 0.74370873
vt 0.06635616 0.41312426
vt 0.078258738 0.41534024
vt 0.076088935 0.42493117
vt 0.067495704 0.43456197
vt 0.084573962 0.40712833
vt 0.080203466 0.4300468
vt 0.083957911 0.41539532
vt 0.09058591 0.42639142
vt 0.099932328 0.41602236
vt 0.12812464 0.94165391
vt 0.13453662 0.93787897
vt 0.14826468 0.94843572
vt 0.15204857 0.93645632
vt 0.16081095 0.94635963
vt 0.16192408 0.93825531
vt 0.17573984 0.93716949
vt 0.20162809 0.9365508
vt 0.17742479 0.94878173
vt 0.20018822 0.94919336
vt 0.20900543 0.94701523
vt 0.083561249 0.88457185
vt 0.096999735 0.89048773
vt 0.09218777 0.89816272
vt 0.081124447 0.91794109
vt 0.079457998 0.87145448
vt 0.076806881 0.88133287
vt 0.06756486 0.86998421
vt 0.073423766 0.88770747
vt 0.072285727 0.88717139
vt 0.079402022 0.88940573
vt 0.066816688 0.8704747
vt 0.07269004 0.88793844
vt 0.076329529 0.90207183
vt 0.079800025 0.88928646
vt 0.080123387 0.89310616
vt 0.2690855 0.48125982
vt 0.25857249 0.47499925
vt 0.2761336 0.46342403
vt 0.28494227 0.48156756
vt 0.25444713 0.48928642
vt 0.27619615 0.49531823
vt 0.26337472 0.49389875
vt 0.43618992 0.83135879
vt 0.42599067 0.83940625
vt 0.42783168 0.81304663
vt 0.44120929 0.81762403
vt 0.4499588 0.83663416
vt 0.43291605 0.8056953
vt 0.23466416 0.65271223
vt 0.23935425 0.65592384
vt 0.23116437 0.66656744
vt 0.24485801 0.66251349
vt 0.23759389 0.67677617
vt 0.25105831 0.66858792
vt 0.2305079 0.67847145
vt 0.241069 0.68298161
vt 0.22230189 0.67278743
vt 0.25205892 0.68401647
vt 0.15986168 0.98500896
vt 0.16667762 0.95844704
vt 0.16777593 0.95931232
vt 0.16621535 0.97981364
vt 0.16758507 0.95775366
vt 0.16535947 0.98863661
vt 0.16724518 0.95649546
vt 0.36545417 0.82451111
vt 0.3663424 0.81187677
vt 0.37681723 0.81157666
vt 0.39361566 0.81077683
vt 0.37539506 0.80001223
vt 0.36350515 0.80095822
vt 0.39008737 0.80442369
vt 0.20167479 0.86110067
vt 0.17643434 0.87440842
vt 0.17645232 0.87234694
vt 0.20342954 0.86136472
vt 0.19113383 0.88646334
vt 0.20659655 0.87796265
vt 0.17742464 0.88049084
vt 0.53427356 0.82929277
vt 0.53530943 0.83816373
vt 0.5252862 0.82830739
vt 0.52531046 0.81797159
vt 0.50360852 0.84077609
vt 0.50993204 0.8317312
vt 0.4723202 0.98689747
vt 0.4884221 0.99534237
vt 0.45785767 0.98962486
vt 0.99231267 0.82341671
vt 0.99722707 0.84683526
vt 0.97311741 0.82985222
vt 0.98535246 0.84676629
vt 0.99467534 0.8546806
vt 0.39504871 0.93326944
vt 0.41519189 0.93727493
vt 0.39928815 0.94762063
vt 0.40366951 0.94723123
vt 0.41109318 0.94855595
vt 0.42544904 0.94993818
vt 0.22177038 0.85358775
vt 0.2272557 0.84526974
vt 0.22712895 0.87134027
vt 0.24222326 0.86360484
vt 0.23433675 0.84080005
vt 0.24355724 0.85432172
vt 0.031505026 0.77275336
vt 0.048794568 0.77274698
vt 0.046701696 0.79250586
vt 0.024153871 0.79033053
vt 0.024820957 0.76784718
vt 0.019953389 0.77501988
vt 0.31735051 0.84091103
vt 0.32870197 0.84387481
vt 0.33652595 0.86377698
vt 0.3237927 0.8714633
vt 0.99403197 0.79432523
vt 0.98752564 0.82457227
vt 0.98356062 0.80146456
vt 0.9720819 0.80371094
vt 0.027633058 0.98799819
vt 0.056614619 0.98139751
vt 0.042842705 0.98739231
vt 0.037737325 0.98036903
vt 0.38642156 0.9511078
vt 0.39506552 0.9573018
vt 0.3802819 0.95869893
vt 0.37827206 0.98067242
vt 0.1758851 0.76248223
vt 0.17576982 0.7484287
vt 0.18675967 0.75840884
vt 0.1663778 0.75542247
vt 0.18916586 0.74865013
vt 0.16550635 0.75528443
vt 0.16796894 0.75121486
vt 0.16493344 0.7571553
vt 0.16403092 0.74767029
vt 0.17046688 0.73860872
vt 0.16057742 0.7385931
vt 0.5199849 0.73840237
vt 0.52630687 0.73347729
vt 0.52863955 0.74324405
vt 0.52227378 0.74627918
vt 0.50306952 0.71851248
vt 0.53307426 0.72038543
vt 0.11023545 0.92205691
vt 0.11883096 0.92489743
vt 0.10832632 0.92831594
vt 0.10491294 0.91460007
vt 0.11144438 0.93338501
vt 0.097436041 0.92564756
vt 0.12687658 0.93364179
vt 0.22338524 0.88095397
vt 0.22664848 0.87479734
vt 0.23608784 0.88407034
vt 0.22510353 0.89602721
vt 0.23542181 0.90302521
vt 0.18646848 0.83116466
vt 0.19392362 0.84552944
vt 0.19202024 0.85492837
vt 0.17599502 0.82797623
vt 0.097925037 0.49308419
vt 0.10891742 0.48571759
vt 0.10418309 0.49558288
vt 0.10100776 0.48384511
vt 0.11230332 0.49410766
vt 0.10758678 0.47467571
vt 0.12017332 0.48303545
vt 0.12448339 0.46945453
vt 0.084498554 0.45979267
vt 0.075003304 0.46110773
vt 0.06836661 0.43673545
vt 0.094546616 0.44601816
vt 0.067387365 0.45609868
vt 0.093656443 0.46489
vt 0.065537639 0.44201064
vt 0.49951318 0.94878596
vt 0.48398587 0.94766754
vt 0.48890057 0.93453199
vt 0.49994528 0.93377721
vt 0.48176003 0.93366289
vt 0.47333175 0.93854445
vt 0.19218561 0.75816083
vt 0.19484214 0.74206781
vt 0.20154974 0.74921334
vt 0.20250759 0.76178896
vt 0.21341233 0.75910085
vt 0.20627294 0.74729508
vt 0.21894313 0.74961007
vt 0.21695162 0.73867381
vt 0.91047621 0.75987256
vt 0.9047696 0.75680447
vt 0.91042912 0.75544566
vt 0.90466613 0.77732503
vt 0.91212058 0.7667228
vt 0.89402783 0.77171624
vt 0.91211319 0.76446861
vt 0.89424384 0.76367176
vt 0.89502531 0.74968106
vt 0.6634472 0.98067367
vt 0.66095692 0.97217232
vt 0.67274296 0.97265244
vt 0.6882118 0.96705234
vt 0.028097881 0.91844684
vt 0.01889888 0.91037333
vt 0.03018509 0.90134931
vt 0.043190733 0.9145689
vt 0.047252089 0.90432715
vt 0.11924433 0.88608891
vt 0.11387412 0.8767184
vt 0.1221735 0.87229627
vt 0.13974072 0.8797785
vt 0.72384381 0.95768827
vt 0.72207993 0.98026878
vt 0.70682359 0.95320398
vt 0.1630985 0.9963724
vt 0.16663411 0.99347568
vt 0.17784421 0.9866209
vt 0.15295377 0.99495327
vt 0.9974069 0.77355558
vt 0.98415178 0.76486981
vt 0.98582304 0.75564545
vt 0.98021603 0.77710569
vt 0.9720186 0.77372235
vt 0.63921756 0.97995782
vt 0.63225269 0.9881171
vt 0.61400461 0.98308474
vt 0.98960149 0.93026197
vt 0.97705919 0.92786634
vt 0.99241388 0.92234391
vt 0.99773222 0.93283778
vt 0.97333366 0.91812134
vt 0.51786429 0.74129605
vt 0.51841503 0.76199937
vt 0.51095569 0.75010896
vt 0.52914137 0.76035804
vt 0.50441974 0.75374937
vt 0.24124336 0.70518088
vt 0.22760929 0.72963256
vt 0.23623148 0.70934457
vt 0.23999144 0.72127843
vt 0.22281803 0.71876705
vt 0.24336626 0.7044121
vt 0.22202408 0.71971738
vt 0.24489617 0.71379912
vt 0.22192734 0.71945524
vt 0.77009547 0.71172982
vt 0.77694517 0.70468545
vt 0.77247208 0.73013675
vt 0.76214629 0.71732843
vt 0.77749211 0.73022789
vt 0.75450134 0.73004436
vt 0.75702745 0.71026707
vt 0.94408602 0.71595883
vt 0.93146729 0.72935253
vt 0.92633623 0.71695781
vt 0.94670492 0.70571244
vt 0.9401744 0.72970819
vt 0.94759977 0.71587169
vt 0.94711387 0.71813846
vt 0.9492048 0.70717847
vt 0.94733584 0.71768516
vt 0.9404633 0.72973645
vt 0.94932383 0.70603371
vt 0.94038421 0.72986329
vt 0.17846517 0.85666102
vt 0.18550377 0.86225212
vt 0.1805723 0.87063265
vt 0.17089847 0.86509019
vt 0.1608154 0.8543008
vt 0.16062947 0.85604763
vt 0.16044343 0.86619949
vt 0.16065486 0.85432374
vt 0.7648918 0.99696726
vt 0.76238185 0.99080914
vt 0.78699201 0.98936188
vt 0.42514876 0.84899545
vt 0.43218496 0.83834481
vt 0.44238204 0.83804089
vt 0.44460392 0.85250688
vt 0.44854531 0.85490656
vt 0.44865358 0.84114718
vt 0.96827376 0.72105443
vt 0.96860629 0.72905427
vt 0.95780587 0.72011536
vt 0.96486998 0.70718992
vt 0.97810525 0.72221529
vt 0.95626348 0.7300173
vt 0.97429514 0.71185422
vt 0.48914942 0.88643658
vt 0.47775814 0.89266807
vt 0.47174507 0.87886631
vt 0.48002023 0.87888211
vt 0.47423753 0.9027856
vt 0.47585893 0.89661747
vt 0.48636085 0.89059603
vt 0.049850442 0.9723596
vt 0.074258968 0.96955001
vt 0.068296254 0.98007274
vt 0.057512779 0.8730759
vt 0.051540125 0.86677712
vt 0.067223154 0.86399752
vt 0.066165611 0.87773138
vt 0.056002449 0.88740987
vt 0.0068013691 0.75705159
vt 0.021193786 0.76977545
vt 0.0048229396 0.7717362
vt 0.027499544 0.76057792
vt 0.013782268 0.77718419
vt 0.74651879 0.98205554
vt 0.73773384 0.99584734
vt 0.73902261 0.97358227
vt 0.57609397 0.9900791
vt 0.57458436 0.99593019
vt 0.57518965 0.97348541
vt 0.57638288 0.97736454
vt 0.64369851 0.98546493
vt 0.64403903 0.97808355
vt 0.66892207 0.98826408
vt 0.66836351 0.981592
vt 0.84906918 0.97329456
vt 0.84246022 0.9856528
vt 0.84151131 0.98346055
vt 0.84030378 0.97405916
vt 0.84832221 0.99537843
vt 0.033037104 0.87639773
vt 0.043589868 0.88141561
vt 0.034986045 0.88597125
vt 0.020948291 0.87415528
vt 0.020367991 0.88247442
vt 0.94980597 0.85626543
vt 0.93070596 0.8417843
vt 0.94919658 0.85290074
vt 0.94110334 0.85552317
vt 0.94917679 0.85279119
vt 0.92662978 0.85094881
vt 0.9326691 0.84261668
vt 0.94855022 0.84252763
vt 0.16701962 0.96554518
vt 0.17687792 0.97268367
vt 0.16701472 0.98918593
vt 0.36939847 0.88976848
vt 0.36292765 0.90237516
vt 0.34769928 0.89146519
vt 0.20506084 0.98605549
vt 0.19373131 0.98630065
vt 0.1828298 0.98126578
vt 0.19108695 0.97910249
vt 0.19364166 0.98763436
vt 0.18885721 0.9891271
vt 0.43591493 0.94974953
vt 0.43660113 0.93456757
vt 0.44639462 0.93643022
vt 0.42627719 0.93639368
vt 0.42811877 0.94862127
vt 0.59724176 0.94421059
vt 0.59815681 0.96158969
vt 0.58139515 0.96405888
vt 0.0969446 0.85468841
vt 0.11245936 0.84353757
vt 0.11244433 0.85570979
vt 0.11966935 0.84872746
vt 0.68778884 0.9750796
vt 0.69092387 0.9791289
vt 0.68386203 0.99625826
vt 0.0042098146 0.98775786
vt 0.0045421897 0.96810198
vt 0.013009192 0.96638888
vt 0.34947851 0.88264459
vt 0.33147454 0.90258807
vt 0.332616 0.88165754
vt 0.7229321 0.94614089
vt 0.73318863 0.94222993
vt 0.73285073 0.94989836
vt 0.74348873 0.92993176
vt 0.74036258 0.94576401
vt 0.56903189 0.76227474
vt 0.57608074 0.74227643
vt 0.58643681 0.74300122
vt 0.58695906 0.75817513
vt 0.5668475 0.75047171
vt 0.15630302 0.86369509
vt 0.14601485 0.87114489
vt 0.15557803 0.8491286
vt 0.14458276 0.85685766
vt 0.57568592 0.96544141
vt 0.57699895 0.96607894
vt 0.57569581 0.97042823
vt 0.57528669 0.96832359
vt 0.5801959 0.95814407
vt 0.58018041 0.96422583
vt 0.57509869 0.96517599
vt 0.5760861 0.97169036
vt 0.5755164 0.96539617
vt 0.57553226 0.97567558
vt 0.57606441 0.96396416
vt 0.58121002 0.98014832
vt 0.55457902 0.83858824
vt 0.56383139 0.82584763
vt 0.56779909 0.84081864
vt 0.55007875 0.82580638
vt 0.57304949 0.82692635
vt 0.19524987 0.82411098
vt 0.1912767 0.81086773
vt 0.20910922 0.8229574
vt 0.21261865 0.80986965
vt 0.81689155 0.98353785
vt 0.82850605 0.97923237
vt 0.82505906 0.9890216
vt 0.83871388 0.97942764
vt 0.61372685 0.77663183
vt 0.60063761 0.77016389
vt 0.61254764 0.76005822
vt 0.59830713 0.75579304
vt 0.088628374 0.81586421
vt 0.074536897 0.8115716
vt 0.088627517 0.81218362
vt 0.087184861 0.81620002
vt 0.088628896 0.81710625
vt 0.070128702 0.82475972
vt 0.071242303 0.8246119
vt 0.066663578 0.82189804
vt 0.088632472 0.82368344
vt 0.32358196 0.82374316
vt 0.31656352 0.82081127
vt 0.32247069 0.81160915
vt 0.33433968 0.81180048
vt 0.32929382 0.82303429
vt 0.33566809 0.81850618
vt 0.33519608 0.81251234
vt 0.33515146 0.81204492
vt 0.36728325 0.81290007
vt 0.36233896 0.82367319
vt 0.35382184 0.80907875
vt 0.35438094 0.81753242
vt 0.34698981 0.824202
vt 0.76585478 0.77646452
vt 0.75395179 0.76941782
vt 0.75297582 0.75763947
vt 0.76598686 0.75719774
vt 0.78107649 0.9735328
vt 0.78079659 0.96341753
vt 0.78121847 0.96429694
vt 0.77755779 0.97175604
vt 0.78133661 0.9634003
vt 0.77645063 0.97266841
vt 0.76165301 0.96515268
vt 0.78077692 0.96324408
vt 0.77591276 0.97122359
vt 0.76164919 0.96489513
vt 0.78052992 0.96336466
vt 0.77660221 0.96944308
vt 0.78013164 0.96310765
vt 0.77997792 0.96336818
vt 0.65223444 0.95872277
vt 0.65369725 0.95341492
vt 0.66073591 0.97221237
vt 0.66146928 0.95699233
vt 0.76557946 0.83191782
vt 0.75817639 0.83022732
vt 0.75348115 0.82305264
vt 0.76655543 0.82013947
vt 0.75367647 0.83896452
vt 0.64667261 0.95582151
vt 0.645248 0.94554996
vt 0.65536922 0.9657917
vt 0.70777196 0.98138595
vt 0.72301769 0.98559058
vt 0.72690624 0.99613166
vt 0.58151931 0.96391928
vt 0.60037106 0.96306205
vt 0.60086447 0.97270739
vt 0.37674353 0.97199827
vt 0.37076643 0.95844907
vt 0.37206128 0.95349646
vt 0.38138551 0.9552989
vt 0.45779797 0.98046011
vt 0.47714818 0.96944499
vt 0.47205171 0.98073798
vt 0.62381047 0.80367124
vt 0.61401463 0.7969445
vt 0.6316303 0.79381126
vt 0.62984669 0.80881745
vt 0.63274419 0.79426628
vt 0.63273841 0.80665559
vt 0.6326955 0.79345894
vt 0.63278437 0.80890632
vt 0.857728 0.99669194
vt 0.84776992 0.99304354
vt 0.85798514 0.97737944
vt 0.88188422 0.798428
vt 0.88273114 0.80595911
vt 0.86966383 0.79556006
vt 0.88201183 0.79102552
vt 0.87294376 0.80383432
vt 0.87022221 0.78999239
vt 0.86257148 0.80908108
vt 0.77027267 0.96564317
vt 0.76389915 0.96577889
vt 0.76150143 0.95102167
vt 0.77177495 0.94754535
vt 0.16849896 0.94919407
vt 0.1591983 0.9327274
vt 0.17188616 0.93131608
vt 0.17368256 0.93796855
vt 0.0089148441 0.82412523
vt 0.00362848 0.81019264
vt 0.021887844 0.82329905
vt 0.019979741 0.81610411
vt 0.94916308 0.94824404
vt 0.94188267 0.94018853
vt 0.94822145 0.93102461
vt 0.95589936 0.94137394
vt 0.33750159 0.91782475
vt 0.33136934 0.90043962
vt 0.34456533 0.90466112
vt 0.088719219 0.79278016
vt 0.097877786 0.79510653
vt 0.096322775 0.80886245
vt 0.081356518 0.80116963
vt 0.084001772 0.79069394
vt 0.67638308 0.99605066
vt 0.67501378 0.98460215
vt 0.68673712 0.98905724
vt 0.6805892 0.97940332
vt 0.26890638 0.98732728
vt 0.2607426 0.98154962
vt 0.2789678 0.97934753
vt 0.27956685 0.98309767
vt 0.39540714 0.96418649
vt 0.39504585 0.94750398
vt 0.40756214 0.94687545
vt 0.0039131735 0.8445127
vt 0.0083745904 0.83707482
vt 0.0093281073 0.85545051
vt 0.019149017 0.84447241
vt 0.25975171 0.97351247
vt 0.2542111 0.96235657
vt 0.27156356 0.96262872
vt 0.81873012 0.79117453
vt 0.80915284 0.79240954
vt 0.79992151 0.77977061
vt 0.80802339 0.77506435
vt 0.04509896 0.99383879
vt 0.034445949 0.99650276
vt 0.02720326 0.99111664
vt 0.082790554 0.98989952
vt 0.093330219 0.99101323
vt 0.099037841 0.99705076
vt 0.34432435 0.85644531
vt 0.34130397 0.87109375
vt 0.3328456 0.85419893
vt 0.59484768 0.98537195
vt 0.59211713 0.9959237
vt 0.58144093 0.98559844
vt 0.60051233 0.98478419
vt 0.093328767 0.88389313
vt 0.086767204 0.88754964
vt 0.081938207 0.87051606
vt 0.042696729 0.99493015
vt 0.0537659 0.9918502
vt 0.05925088 0.99694538
vt 0.010368265 0.91751015
vt 0.010335366 0.90562242
vt 0.018809121 0.90692663
vt 0.0048230123 0.9066934
vt 0.59554183 0.82099932
vt 0.59175253 0.82421726
vt 0.58245069 0.80879647
vt 0.58269292 0.81894219
vt 0.89389974 0.80967897
vt 0.87795067 0.81476969
vt 0.89391929 0.80947965
vt 0.88004565 0.82012737
vt 0.88286883 0.81968611
vt 0.88697571 0.82001817
vt 0.89324158 0.81835812
vt 0.88796705 0.82286561
vt 0.89320111 0.82370591
vt 0.31676471 0.96291161
vt 0.30068246 0.96675277
vt 0.30526564 0.96360189
vt 0.30612805 0.97276545
vt 0.12731159 0.99530405
vt 0.12417591 0.98637652
vt 0.12409083 0.98002887
vt 0.12203881 0.97979921
vt 0.73406595 0.97758996
vt 0.72299665 0.9662534
vt 0.73905468 0.98058653
vt 0.73570633 0.97653961
vt 0.019773142 0.77895766
vt 0.019416694 0.7877636
vt 0.010634934 0.78776675
vt 0.003780016 0.78013504
vt 0.0063519315 0.79339391
vt 0.096871987 0.90501076
vt 0.094004475 0.91849339
vt 0.081919596 0.91163397
vt 0.93677795 0.90149933
vt 0.93098319 0.88868672
vt 0.94079918 0.89417654
vt 0.92601442 0.90065563
vt 0.18444315 0.96465415
vt 0.19379231 0.94999462
vt 0.19270985 0.96000248
vt 0.18649803 0.94965786
vt 0.96923316 0.98072916
vt 0.97517353 0.98480058
vt 0.96676183 0.98615938
vt 0.96560907 0.9952988
vt 0.9070915 0.82253098
vt 0.90219939 0.82452524
vt 0.89536041 0.81293362
vt 0.90893227 0.81247216
vt 0.99762261 0.98270267
vt 0.99762803 0.99246073
vt 0.98829353 0.98717177
vt 0.99044269 0.99628198
vt 0.83031017 0.79977542
vt 0.82379895 0.80836666
vt 0.81663179 0.79461533
vt 0.78372002 0.9590506
vt 0.77362949 0.96388668
vt 0.770217 0.95244384
vt 0.017035032 0.99148315
vt 0.0047793025 0.99541926
vt 0.0073404149 0.99131107
vt 0.063117176 0.97759008
vt 0.064085454 0.98778647
vt 0.062607139 0.97850305
vt 0.072174639 0.98468459
vt 0.058354102 0.98281235
vt 0.61247236 0.96840334
vt 0.62776208 0.96237946
vt 0.62596369 0.97301996
vt 0.41762644 0.79307652
vt 0.41004127 0.78116751
vt 0.4239392 0.78115505
vt 0.2493868 0.84250855
vt 0.24079011 0.85053277
vt 0.2417957 0.84104967
vt 0.24876724 0.84105474
vt 0.25079536 0.85494292
vt 0.23798755 0.84105015
vt 0.76201308 0.89196503
vt 0.75698948 0.89754176
vt 0.75426 0.88799447
vt 0.76476043 0.90315187
vt 0.30725929 0.97893572
vt 0.30038357 0.98853177
vt 0.29350033 0.98005557
vt 0.14366665 0.95137143
vt 0.15257245 0.9540025
vt 0.15653829 0.96495402
vt 0.25579792 0.98856717
vt 0.24635138 0.99532199
vt 0.24553607 0.98333567
vt 0.84737372 0.80014443
vt 0.8621645 0.7965427
vt 0.86080015 0.80936515
vt 0.2709789 0.96116698
vt 0.27907899 0.95954341
vt 0.26992935 0.9723317
vt 0.23785582 0.76096541
vt 0.23801219 0.74986142
vt 0.24932905 0.7498979
vt 0.24764667 0.76182401
vt 0.14005861 0.99060982
vt 0.1289645 0.99049705
vt 0.12863107 0.98639363
vt 0.13746671 0.99597847
vt 0.78644353 0.96001887
vt 0.79586416 0.97219783
vt 0.78465706 0.97289765
vt 0.45841238 0.97664082
vt 0.4646681 0.9885264
vt 0.45699644 0.98763365
vt 0.0043120258 0.99015558
vt 0.010367325 0.98483938
vt 0.0048833564 0.99607915
vt 0.0037508926 0.99451959
vt 0.90997344 0.98372275
vt 0.91327763 0.98915613
vt 0.90538162 0.98894829
vt 0.90145934 0.98072076
vt 0.063777745 0.99601609
vt 0.058856286 0.98379564
vt 0.060892593 0.98484915
vt 0.26236802 0.99044979
vt 0.274351 0.98830575
vt 0.26615971 0.9954403
vt 0.71512216 0.95279342
vt 0.7161411 0.94543445
vt 0.72417301 0.95751131
vt 0.72521198 0.94724971
vt 0.59700429 0.98727554
vt 0.60892749 0.98355114
vt 0.60082966 0.99513912
vt 0.59707302 0.98843598
vt 0.5969401 0.98742104
vt 0.3127273 0.98949641
vt 0.31222373 0.99531454
vt 0.30161282 0.99595308
vt 0.85618168 0.9959712
vt 0.86251807 0.98435861
vt 0.85622555 0.99605608
vt 0.85993099 0.99558532
vt 0.81446069 0.98746145
vt 0.80910593 0.97979069
vt 0.81836683 0.97571295
vt 0.16006829 0.96409565
vt 0.15231597 0.95525813
vt 0.16165373 0.95215851
vt 0.42274156 0.84424871
vt 0.4201732 0.85637587
vt 0.40922865 0.8478601
vt 0.6700424 0.96617353
vt 0.66159469 0.96015745
vt 0.66864771 0.96156526
vt 0.66845828 0.96974397
vt 0.66007781 0.97356099
vt 0.47204593 0.97330409
vt 0.46519819 0.96075892
vt 0.47112891 0.96321315
vt 0.47080341 0.96032047
vt 0.37318704 0.96305287
vt 0.36733904 0.97190243
vt 0.36415941 0.96322274
vt 0.3739801 0.97025555
vt 0.88904727 0.98729098
vt 0.88580322 0.99656713
vt 0.87869626 0.99307609
vt 0.75508887 0.98867667
vt 0.7464208 0.97819984
vt 0.75511324 0.98141032
vt 0.0060182712 0.99513769
vt 0.0038376334 0.98693639
vt 0.0069235382 0.98836416
vt 0.0068899286 0.98741454
vt 0.011098876 0.99343681
vt 0.01104026 0.99631542
vt 0.0039246501 0.99662524
vt 0.58659297 0.9946931
vt 0.58191347 0.98744094
vt 0.58712238 0.99089307
vt 0.58511043 0.99537581
vt 0.62153351 0.99037212
vt 0.61439741 0.99609613
vt 0.61335176 0.98936099
vt 0.011186515 0.99512833
vt 0.014692162 0.99457365
vt 0.012225177 0.99575067
vt 0.016975755 0.99372011
vt 0.064929202 0.99602294
vt 0.058068968 0.99515253
vt 0.061691888 0.99504876
vt 0.057920445 0.99225086
vt 0.081112571 0.99650717
vt 0.081486046 0.99307632
vt 0.087151311 0.98939991
vt 0.017104344 0.99535388
vt 0.012680047 0.99318516
vt 0.015923485 0.99181992
vt 0.0042535085 0.99195802
vt 0.0044060522 0.99679744
vt 0.0038062979 0.99510908
vt 0.011274618 0.99519533
vt 0.011187179 0.99355006
vt 0.013078865 0.99261606
vt 0.016270924 0.99202383
vt 0.011567933 0.99289638
vt 0.011156457 0.99300474
vt 0.043203481 0.99355936
vt 0.041397411 0.99629408
vt 0.040370192 0.9947986
vt 0.038835067 0.99464011
vt 0.097930335 0.99305034
vt 0.09879569 0.99296612
vt 0.097958468 0.99545026
vt 0.097704262 0.99545008
vt 0.10179094 0.99545372
usemtl Tile_+033_+029_L18_00012_0
f 225/1319 206/1320 26/1321
f 21/902 30/903 123/904
f 244/317 1005/318 245/319
f 170/1361 1015/1362 102/1363
f 198/2790 792/2791 197/2792
f 280/1958 916/1959 1236/1960
f 179/2171 953/2172 187/2173
f 285/1410 277/1411 278/1412
f 76/1160 251/1161 211/1162
f 1389/1847 168/1848 1390/1849
f 59/340 60/333 270/335
f 195/1052 220/1053 26/1054
f 206/1380 260/1381 24/1382
f 961/1399 120/1400 104/1401
f 1007/328 269/347 268/339
f 266/701 905/702 267/703
f 271/382 265/367 264/357
f 249/823 1001/824 250/825
f 246/1101 209/1102 247/1103
f 253/2504 255/2505 254/2506
f 4/2638 12/2639 6/2640
f 996/424 993/434 995/425
f 242/1623 993/1624 243/1625
f 232/1220 906/1221 1/1222
f 206/1320 235/1327 23/1325
f 46/1372 51/1373 50/1374
f 47/2873 48/2874 122/2875
f 19/844 22/840 3/842
f 989/2074 990/2075 70/2076
f 236/471 229/464 228/460
f 23/1325 25/1323 206/1320
f 235/1111 972/1104 49/1107
f 33/480 228/460 1240/472
f 56/828 256/830 55/833
f 216/429 50/438 1242/446
f 47/450 986/437 127/458
f 219/2682 226/2683 195/2684
f 195/2811 225/2812 219/2813
f 814/1 222/2 221/3
f 206/1320 226/1326 207/1332
f 203/1201 54/1202 202/1203
f 785/48 201/42 200/20
f 191/1486 213/1487 196/1488
f 101/1465 83/1466 212/1467
f 210/1480 939/1479 211/1475
f 179/1550 186/1551 181/1552
f 975/1508 930/1509 899/1510
f 903/1708 175/1709 174/1710
f 1392/763 169/764 1393/765
f 7/322 245/319 1005/318
f 170/1405 171/1406 103/1403
f 192/41 194/59 193/54
f 185/656 184/657 952/658
f 85/1489 101/1491 191/1486
f 794/850 795/851 955/852
f 893/1511 898/1516 902/1514
f 1394/660 185/656 1395/664
f 950/677 189/686 183/681
f 918/690 944/692 949/678
f 131/697 944/692 1246/695
f 918/2599 948/2600 919/2601
f 867/1241 934/1242 806/1243
f 919/2601 948/2600 920/2603
f 941/674 920/679 937/684
f 191/2807 925/2808 213/2809
f 836/61 838/55 851/49
f 101/1465 212/1467 919/1468
f 877/2058 847/2059 899/2060
f 912/1696 910/1697 871/1698
f 863/1702 871/1698 870/1703
f 981/2271 231/2272 208/2273
f 49/1107 247/1103 231/1106
f 207/1332 905/1331 206/1320
f 982/404 230/394 46/412
f 892/1517 895/1520 845/1519
f 1553/1229 286/1232 1554/1235
f 877/1777 929/1778 869/1779
f 862/2455 826/2456 827/2457
f 828/774 817/775 865/776
f 865/776 221/779 876/780
f 836/2517 844/2518 837/2519
f 901/1518 892/1517 845/1519
f 830/713 829/716 1555/719
f 848/15 811/9 812/13
f 813/7 812/13 811/9
f 282/6 281/8 818/12
f 815/37 802/24 800/46
f 802/24 810/28 1248/36
f 816/29 807/30 805/17
f 25/1385 260/1381 195/1384
f 225/1338 220/1339 226/1340
f 220/2685 195/2684 226/2683
f 223/1322 225/1319 26/1321
f 225/2986 223/2987 220/2988
f 884/1056 220/1053 897/1057
f 230/394 206/422 46/412
f 206/1380 225/1386 195/1384
f 206/422 219/447 983/455
f 23/1115 235/1111 49/1107
f 1010/355 1012/374 264/357
f 46/412 984/421 982/404
f 1012/374 230/394 990/386
f 990/386 40/402 283/390
f 989/410 40/402 990/386
f 271/382 990/386 283/390
f 118/1364 178/1368 171/1366
f 272/1407 103/1403 171/1406
f 171/1366 170/1361 118/1364
f 1014/2569 1011/2570 268/2571
f 273/1418 269/1419 104/1420
f 104/1420 102/1421 273/1418
f 102/1363 120/1365 961/1367
f 104/1401 269/1402 961/1399
f 967/356 273/397 274/388
f 961/1367 274/1369 102/1363
f 102/1363 1015/1362 120/1365
f 278/1412 966/1414 964/1415
f 272/1407 178/1408 103/1403
f 120/2443 1015/2444 110/2445
f 961/2446 110/2445 1015/2444
f 170/2348 961/2349 1015/2350
f 110/1404 170/1405 103/1403
f 889/2474 275/2475 272/2476
f 178/423 968/406 110/380
f 110/1404 272/1407 171/1406
f 582/383 961/372 968/406
f 172/354 173/345 269/347
f 274/1369 273/1371 102/1363
f 269/347 173/345 961/372
f 270/335 1007/328 268/339
f 271/382 1012/374 990/386
f 271/382 264/357 1012/374
f 264/357 126/358 73/348
f 1010/355 270/335 1011/346
f 59/340 73/348 126/358
f 270/335 1010/355 264/357
f 1011/346 270/335 268/339
f 270/335 264/357 73/348
f 264/357 265/367 957/349
f 67/907 1008/915 70/911
f 1008/1854 1009/1855 265/1856
f 283/390 39/399 265/367
f 265/367 271/382 283/390
f 57/329 128/336 121/341
f 256/830 56/828 1001/824
f 248/320 244/317 245/319
f 10/835 9/836 11/838
f 91/826 249/823 250/825
f 92/360 249/350 91/368
f 258/337 284/342 249/350
f 121/341 128/336 957/349
f 257/334 284/342 258/337
f 1001/824 284/827 256/830
f 60/333 128/336 57/329
f 67/907 75/910 1009/913
f 75/910 121/917 1009/913
f 39/1857 1008/1854 265/1856
f 1008/915 67/907 1009/913
f 70/911 30/903 67/907
f 1009/359 121/341 957/349
f 248/320 256/326 259/324
f 256/830 284/827 257/832
f 257/334 258/337 240/331
f 248/320 55/323 256/326
f 1005/318 58/325 7/322
f 60/333 58/325 1007/328
f 58/325 60/333 57/329
f 1003/2427 241/2428 1006/2429
f 240/331 256/326 257/334
f 244/2819 263/2820 1004/2821
f 1006/2429 241/2428 1005/2430
f 1005/318 244/317 1006/321
f 205/364 975/371 958/352
f 263/2861 241/2862 1003/2863
f 244/317 259/324 263/327
f 8/834 68/829 74/831
f 1004/2821 1003/2823 1006/2822
f 1004/2821 1006/2822 244/2819
f 259/324 244/317 248/320
f 256/326 240/331 259/324
f 980/2244 978/2245 1002/2246
f 974/1172 108/1166 94/1168
f 980/1567 1002/1568 913/1569
f 90/1495 99/1499 100/1492
f 196/1488 90/1495 100/1492
f 90/1260 196/1257 97/1256
f 93/2248 53/2247 978/2245
f 53/2247 1002/2246 978/2245
f 199/2493 129/2494 130/2495
f 52/1204 913/1206 53/1207
f 238/385 279/379 239/378
f 249/823 284/827 1001/824
f 978/343 258/337 1000/351
f 52/1204 54/1202 203/1201
f 93/362 978/343 1000/351
f 1000/351 999/363 93/362
f 279/379 999/363 239/378
f 999/363 279/379 93/362
f 130/2495 62/2496 199/2493
f 54/1202 93/1210 279/1208
f 913/1206 52/1204 203/1201
f 94/1253 97/1256 940/1251
f 196/1257 940/1251 97/1256
f 240/331 258/337 978/343
f 196/1488 100/1492 85/1489
f 191/1486 196/1488 85/1489
f 973/344 240/331 978/343
f 913/788 203/795 915/791
f 54/1202 252/1205 202/1203
f 202/1203 252/1205 1254/1209
f 976/1211 129/1215 199/1218
f 258/337 999/363 1000/351
f 976/1211 252/1205 279/1208
f 279/1208 129/1215 976/1211
f 258/337 998/369 239/378
f 997/377 238/385 998/369
f 998/369 92/360 997/377
f 1239/2301 33/2302 1256/2303
f 977/1213 976/1211 199/1218
f 991/1626 242/1623 243/1625
f 41/418 44/409 995/425
f 42/392 44/409 41/418
f 72/384 125/391 43/400
f 64/1615 37/1616 38/1617
f 242/1623 994/1627 993/1624
f 56/828 250/825 1001/824
f 42/392 129/401 238/385
f 42/392 997/377 72/384
f 92/360 998/369 258/337
f 997/377 92/360 72/384
f 996/424 44/409 36/417
f 41/418 995/425 993/434
f 71/1629 243/1625 29/1630
f 35/416 29/432 36/417
f 993/434 996/424 243/433
f 44/409 43/400 36/417
f 44/409 996/424 995/425
f 65/435 63/449 62/443
f 1253/2498 62/2496 1258/2499
f 994/1618 64/1615 38/1617
f 64/2707 994/2708 124/2709
f 37/442 64/448 65/435
f 38/1617 993/1620 994/1618
f 228/460 242/492 992/486
f 236/848 987/849 71/846
f 71/1629 987/1628 243/1625
f 992/486 242/492 991/493
f 17/491 21/470 19/485
f 236/471 991/493 987/500
f 991/493 236/471 992/486
f 242/2305 33/2302 124/2304
f 233/1377 31/1376 988/1378
f 216/429 237/459 218/451
f 218/451 237/459 229/464
f 217/445 216/429 218/451
f 985/452 217/445 218/451
f 228/2697 33/2698 34/2699
f 214/483 215/466 234/474
f 14/2686 2/2687 3/2688
f 233/1377 231/1379 50/1374
f 231/1106 988/1117 31/1114
f 1549/1225 906/1221 1553/1229
f 123/463 127/458 21/470
f 220/440 223/456 219/447
f 24/1382 46/1383 206/1380
f 46/1372 24/1375 51/1373
f 986/437 47/450 122/444
f 229/464 236/471 127/458
f 236/848 71/846 27/843
f 236/471 27/479 127/458
f 986/437 217/445 985/452
f 216/429 217/445 986/437
f 985/452 229/464 127/458
f 986/437 985/452 127/458
f 30/439 70/427 984/421
f 984/421 122/444 30/439
f 122/444 984/421 986/437
f 229/464 985/452 218/451
f 984/421 216/429 986/437
f 990/513 982/514 70/515
f 984/421 70/427 982/404
f 231/2272 981/2271 232/2275
f 46/412 50/438 216/429
f 247/1103 209/1102 231/1106
f 1242/446 231/454 1260/461
f 1261/481 214/483 1262/495
f 234/474 231/454 232/482
f 234/474 232/482 1551/488
f 907/1224 906/1221 232/1220
f 216/429 228/460 237/459
f 994/2306 242/2305 124/2304
f 237/459 228/460 229/464
f 228/460 992/486 236/471
f 886/1973 820/1974 824/1975
f 860/1228 907/1224 882/1231
f 228/460 216/429 1243/453
f 1260/461 215/466 1264/473
f 231/454 234/474 215/466
f 208/2273 882/2276 907/2274
f 214/483 234/474 1560/489
f 247/1103 49/1107 972/1104
f 225/2812 983/2814 219/2813
f 226/1326 983/1337 225/1319
f 220/440 206/422 224/430
f 220/1053 227/1055 26/1054
f 230/394 982/404 990/386
f 224/1059 897/1057 220/1053
f 206/422 230/394 224/430
f 220/1053 884/1056 227/1055
f 885/1329 226/1326 227/1324
f 206/422 220/440 219/447
f 227/1324 226/1326 223/1322
f 226/1326 219/1330 223/1322
f 206/1320 983/1337 226/1326
f 856/1060 790/1062 885/1058
f 907/2274 981/2271 208/2273
f 232/2275 981/2271 907/2274
f 915/791 904/793 876/780
f 1268/789 915/791 1269/798
f 913/788 915/791 876/780
f 914/1570 980/1567 913/1569
f 1254/1209 977/1213 1257/1217
f 978/343 980/361 973/344
f 205/1512 930/1509 975/1508
f 975/371 902/370 958/352
f 969/338 973/344 958/352
f 973/344 205/364 958/352
f 83/2229 79/2230 119/2231
f 921/1472 212/1467 109/1469
f 212/1467 921/1472 918/1470
f 169/1933 176/1934 1389/1935
f 211/1475 939/1479 921/1472
f 109/1469 211/1475 921/1472
f 83/1466 109/1469 212/1467
f 920/1498 191/1486 919/1494
f 920/2603 948/2600 938/2602
f 212/1467 918/1470 919/1468
f 191/1486 101/1491 919/1494
f 191/2572 927/2573 923/2574
f 927/2573 213/2576 923/2574
f 974/1246 928/1249 934/1242
f 934/1242 931/1244 974/1246
f 973/1572 914/1570 908/1574
f 922/2810 925/2808 191/2807
f 196/1488 924/1490 925/1493
f 196/1488 213/1487 924/1490
f 168/1848 176/1850 177/1852
f 183/2578 182/2579 276/2580
f 181/770 277/768 963/769
f 177/1553 285/1554 181/1552
f 188/771 179/773 181/770
f 952/658 953/667 179/662
f 177/1852 963/1853 168/1848
f 902/370 965/373 959/353
f 965/373 175/381 962/365
f 903/2477 272/2476 175/2479
f 275/2475 178/2478 272/2476
f 277/768 181/770 262/772
f 966/1726 262/1727 261/1728
f 262/1727 966/1726 277/1729
f 262/1425 970/1426 261/1427
f 277/1937 285/1940 177/1939
f 277/1937 177/1939 176/1934
f 176/1934 169/1933 277/1937
f 285/1554 262/1555 181/1552
f 262/1413 285/1410 278/1412
f 902/1719 901/1716 965/1712
f 966/1414 278/1412 277/1411
f 262/1413 278/1412 964/1415
f 178/1368 110/1370 171/1366
f 175/381 272/393 110/380
f 968/2853 170/2854 110/2855
f 962/365 959/353 965/373
f 969/338 241/332 240/331
f 173/345 241/332 969/338
f 173/345 959/353 962/365
f 968/2351 961/2349 170/2348
f 582/383 967/356 274/388
f 241/332 172/354 1007/328
f 903/2477 889/2474 272/2476
f 269/347 1007/328 172/354
f 173/345 172/354 241/332
f 1007/510 1005/511 241/512
f 274/388 961/372 582/383
f 110/380 962/365 175/381
f 961/372 173/345 962/365
f 959/353 969/338 958/352
f 902/370 959/353 958/352
f 989/410 70/427 69/415
f 884/1056 897/1057 224/1059
f 181/1552 186/1551 177/1553
f 182/2579 183/2578 190/2581
f 183/681 276/669 950/677
f 963/2540 177/2541 186/2542
f 168/766 963/769 277/768
f 183/2578 189/2582 190/2581
f 185/656 955/663 276/669
f 185/656 276/669 182/671
f 955/663 185/656 188/659
f 808/672 276/669 955/663
f 952/658 188/659 185/656
f 955/663 954/673 808/672
f 188/659 186/668 955/663
f 179/858 180/853 186/856
f 798/2151 132/2152 1402/2153
f 1406/661 184/657 1407/666
f 1404/2175 953/2172 1409/2177
f 953/2753 952/2754 1406/2755
f 1396/670 182/671 1410/675
f 1410/675 949/678 1412/682
f 938/680 918/690 949/678
f 950/677 938/680 190/683
f 190/2942 189/2943 950/2944
f 938/680 949/678 190/683
f 190/683 949/678 182/671
f 918/690 280/693 944/692
f 1415/2418 943/2419 1416/2420
f 916/1481 917/1476 939/1479
f 1246/695 280/693 1271/696
f 944/2155 798/2151 1417/2159
f 132/2152 798/2151 944/2155
f 1273/2995 1251/2996 1540/2997
f 947/2422 131/2421 1415/2418
f 1414/691 944/692 1418/694
f 131/2158 132/2152 944/2155
f 943/2419 131/2421 1247/2423
f 917/1962 916/1959 280/1958
f 950/677 276/669 941/674
f 935/676 941/674 808/672
f 1277/1969 946/1970 1278/1971
f 920/679 935/676 926/685
f 942/1963 945/1972 946/1970
f 946/72 945/78 806/50
f 801/1248 1016/1245 809/1247
f 808/857 807/859 816/860
f 815/863 809/864 935/862
f 809/864 932/866 935/862
f 924/1490 927/1507 191/1486
f 933/1250 809/1247 934/1242
f 816/860 935/862 936/861
f 935/676 932/688 926/685
f 926/1502 932/1505 924/1490
f 932/866 809/864 933/867
f 974/1246 940/1251 928/1249
f 923/1255 933/1250 928/1249
f 280/1958 951/1965 917/1962
f 939/1479 210/1480 916/1481
f 918/1967 917/1962 951/1965
f 922/1254 928/1249 940/1251
f 191/1486 920/1498 926/1502
f 921/1472 939/1479 917/1476
f 941/674 938/680 950/677
f 924/2992 213/2993 927/2994
f 923/1497 924/1490 933/1501
f 935/2524 808/2525 936/2526
f 924/1490 191/1486 926/1502
f 923/2574 213/2576 925/2577
f 923/1255 928/1249 922/1254
f 924/1490 923/1497 925/1493
f 938/2780 937/2781 920/2782
f 921/1472 917/1476 918/1470
f 942/1484 916/1481 210/1480
f 934/1242 867/1241 931/1244
f 912/1515 930/1509 205/1512
f 253/1513 899/1510 930/1509
f 929/2508 877/2507 254/2506
f 875/790 870/794 878/792
f 909/1577 912/1580 205/1578
f 872/1701 878/1705 870/1703
f 253/1699 871/1698 863/1702
f 908/1574 872/1575 911/1579
f 908/1574 979/1573 872/1575
f 872/1701 871/1698 910/1697
f 282/787 875/790 874/785
f 911/1700 872/1701 910/1697
f 908/1574 911/1579 909/1577
f 912/1696 911/1700 910/1697
f 878/1571 979/1573 914/1570
f 914/1570 913/1569 878/1571
f 873/777 904/793 1268/789
f 873/2704 876/2705 904/2706
f 247/1103 972/1104 246/1101
f 246/1101 839/1105 209/1102
f 861/706 267/703 905/702
f 207/1332 861/1335 905/1331
f 266/701 267/703 883/704
f 207/1332 885/1329 855/1334
f 965/1712 901/1716 900/1714
f 894/1713 890/1711 174/1710
f 900/1714 894/1713 174/1710
f 174/1710 890/1711 903/1708
f 892/2914 891/2915 895/2916
f 972/1104 960/1112 881/1108
f 898/2064 893/2062 892/2063
f 896/1717 894/1713 900/1714
f 847/2059 892/2063 893/2062
f 901/1518 902/1514 892/1517
f 178/1408 118/1409 103/1403
f 903/2477 890/2480 889/2474
f 846/1715 888/1722 275/1720
f 1061/1061 956/1065 884/1056
f 846/1715 894/1713 896/1717
f 785/48 200/20 792/39
f 890/1711 846/1715 889/1718
f 275/1720 889/1718 846/1715
f 893/2062 899/2060 847/2059
f 275/1556 858/1557 887/1558
f 785/2793 792/2791 198/2790
f 830/713 857/717 880/707
f 885/1058 884/1056 856/1060
f 853/1063 856/1060 884/1056
f 853/1063 884/1056 859/1066
f 821/1981 820/1974 819/1977
f 883/704 880/707 266/701
f 855/1334 861/1335 207/1332
f 854/708 267/703 861/706
f 840/710 830/713 883/704
f 830/2583 880/2584 883/2585
f 840/710 883/704 854/708
f 826/11 281/8 825/5
f 839/714 246/712 880/707
f 246/712 881/709 880/707
f 886/1973 819/1977 820/1974
f 873/777 865/776 876/780
f 878/792 874/785 875/790
f 254/2506 877/2507 253/2504
f 814/1 813/7 811/9
f 870/1703 871/1698 872/1701
f 253/1699 912/1696 871/1698
f 221/779 874/785 876/780
f 863/1702 868/1707 254/1706
f 847/1780 877/1777 869/1779
f 254/806 868/805 864/804
f 833/1781 866/1782 847/1780
f 812/13 805/17 848/15
f 869/1779 833/1781 847/1780
f 806/1177 945/1176 867/1175
f 1249/35 803/23 1284/44
f 813/1524 803/1525 812/1526
f 1285/1527 813/1524 1286/1528
f 281/8 826/11 818/12
f 831/1783 866/1782 833/1781
f 864/804 811/807 254/806
f 832/34 831/22 834/21
f 825/2459 827/2457 826/2456
f 811/807 869/809 254/806
f 862/2455 827/2457 864/2458
f 811/9 841/18 831/22
f 862/802 864/804 863/799
f 874/785 221/779 282/787
f 826/800 862/802 863/799
f 865/776 873/777 828/774
f 814/1 221/3 817/4
f 222/2 282/6 221/3
f 817/775 221/779 865/776
f 281/8 222/2 825/5
f 822/1236 821/1234 860/1228
f 1563/1239 819/1237 1564/1240
f 855/711 854/708 861/706
f 829/716 840/710 1567/718
f 853/1063 859/1066 852/1069
f 895/1520 837/1521 845/1519
f 784/60 201/42 786/53
f 201/42 784/60 858/52
f 200/20 201/42 850/32
f 866/1782 843/1784 847/1780
f 846/1715 845/1721 836/1723
f 848/15 834/21 841/18
f 832/1787 842/1785 831/1783
f 848/15 849/26 834/21
f 866/1782 831/1783 842/1785
f 832/1787 843/1784 842/1785
f 849/26 837/33 834/21
f 849/26 848/15 200/20
f 192/41 849/26 850/32
f 849/26 192/41 837/33
f 192/41 201/42 858/52
f 851/49 192/41 193/54
f 192/41 851/49 837/33
f 194/1724 888/1722 193/1725
f 836/61 851/49 193/54
f 1567/718 790/715 1569/721
f 833/27 811/9 831/22
f 837/33 835/43 834/21
f 835/43 832/34 834/21
f 830/713 840/710 829/716
f 841/18 811/9 848/15
f 814/1 817/4 813/7
f 282/6 222/2 281/8
f 814/1 825/5 222/2
f 824/720 823/725 839/714
f 820/1974 821/1981 822/1982
f 823/1978 820/1974 822/1982
f 813/7 817/4 1289/10
f 817/775 828/774 1287/778
f 814/810 827/808 825/811
f 811/807 864/804 827/808
f 200/20 848/15 805/17
f 1278/68 806/50 1292/62
f 803/23 810/28 804/19
f 810/28 802/24 804/19
f 806/50 802/24 1250/45
f 802/24 805/17 804/19
f 804/19 805/17 812/13
f 132/2548 947/2549 1419/2550
f 816/29 802/24 815/37
f 805/17 807/30 793/25
f 795/38 793/25 807/30
f 1276/2798 943/2799 1294/2800
f 1400/2179 187/2173 1430/2180
f 796/2065 791/2066 787/2067
f 788/51 787/31 1431/58
f 791/2066 796/2065 1401/2069
f 180/2068 796/2065 787/2067
f 200/20 793/25 787/31
f 794/40 793/25 795/38
f 787/31 793/25 794/40
f 805/17 793/25 200/20
f 787/31 792/39 200/20
f 197/47 792/39 787/31
f 787/31 788/51 197/47
f 858/52 784/60 780/66
f 786/53 783/67 784/60
f 781/71 780/66 779/76
f 85/2237 88/2236 101/2233
f 129/401 42/392 130/419
f 78/2744 88/2745 116/2746
f 1559/503 214/483 1561/497
f 19/2920 3/2921 18/2922
f 2/2687 14/2686 15/2690
f 27/479 22/478 127/458
f 29/432 243/433 36/417
f 122/906 48/909 123/904
f 19/2883 18/2884 17/2885
f 28/408 35/416 43/400
f 74/831 68/829 250/825
f 120/1400 103/1403 104/1401
f 11/2764 20/2765 10/2766
f 10/919 20/914 13/918
f 28/408 43/400 125/391
f 251/1161 108/1166 210/1164
f 54/1202 52/1204 53/1207
f 121/917 75/910 20/914
f 114/2027 113/2028 117/2029
f 110/1404 103/1403 120/1400
f 101/2233 106/2235 79/2230
f 96/1258 97/1256 94/1253
f 116/1506 88/1504 86/1500
f 117/2029 113/2028 115/2031
f 100/1492 99/1499 87/1496
f 115/2373 113/2374 112/2375
f 116/2746 115/2747 78/2744
f 115/2373 112/2375 119/2376
f 114/1485 84/1483 107/1482
f 94/1168 77/1163 105/1165
f 98/2038 96/2039 111/2030
f 111/2030 117/2029 86/2032
f 111/2030 95/2037 105/2033
f 89/2760 90/2761 98/2762
f 105/2033 84/2036 114/2027
f 117/2029 111/2030 114/2027
f 89/2035 98/2038 111/2030
f 117/2029 115/2031 116/2034
f 114/2379 107/2377 113/2374
f 114/2027 111/2030 105/2033
f 85/1489 100/1492 87/1496
f 99/1499 89/1503 87/1496
f 106/2235 101/2233 88/2236
f 76/1473 211/1475 109/1469
f 108/1166 251/1161 77/1163
f 94/1168 108/1166 77/1163
f 112/1478 107/1482 80/1477
f 102/1421 104/1420 103/1423
f 102/1363 118/1364 170/1361
f 103/1423 118/1424 102/1421
f 88/1504 85/1489 86/1500
f 89/1503 99/1499 90/1495
f 85/1489 87/1496 86/1500
f 119/2748 78/2744 115/2747
f 80/1477 107/1482 84/1483
f 88/2236 78/2234 106/2235
f 112/2375 82/2378 119/2376
f 81/1471 83/1466 82/1474
f 80/1477 81/1471 112/1478
f 78/2234 119/2231 79/2230
f 79/2230 106/2235 78/2234
f 84/1167 76/1160 80/1170
f 81/1471 80/1477 76/1473
f 76/1160 105/1165 77/1163
f 95/1171 96/1174 94/1168
f 98/2762 90/2761 96/2763
f 56/828 74/831 250/825
f 68/376 92/360 91/368
f 45/426 65/435 130/419
f 65/435 62/443 130/419
f 43/400 42/392 72/384
f 10/835 13/837 68/829
f 28/839 68/829 13/837
f 20/914 75/910 16/905
f 957/2586 128/2587 59/2588
f 20/914 57/920 121/917
f 10/835 68/829 8/834
f 126/358 264/357 957/349
f 6/921 57/920 20/914
f 55/833 8/834 74/831
f 15/916 16/905 3/912
f 270/335 73/348 59/340
f 7/322 58/325 57/329
f 74/831 56/828 55/833
f 53/1207 93/1210 54/1202
f 913/1206 1002/1214 53/1207
f 68/829 91/826 250/825
f 1003/2823 1004/2821 263/2820
f 7/322 8/330 55/323
f 130/419 42/392 45/426
f 72/384 92/360 68/376
f 1244/468 66/457 1297/475
f 63/449 65/435 64/448
f 1258/469 61/462 1298/477
f 283/390 40/402 39/399
f 242/2305 34/2307 33/2302
f 993/1620 45/1619 41/1621
f 64/448 32/467 66/457
f 45/1619 38/1617 37/1616
f 47/450 127/458 123/463
f 50/1374 51/1373 31/1376
f 1552/1223 1/1222 1573/1226
f 231/1379 233/1377 988/1378
f 47/2873 123/2876 48/2874
f 206/1320 25/1323 26/1321
f 195/1384 26/1387 25/1385
f 260/1381 25/1385 24/1382
f 40/402 69/415 39/399
f 70/1859 1008/1854 69/1858
f 9/922 20/914 11/924
f 21/470 127/458 22/478
f 31/1376 51/1373 24/1375
f 22/478 19/485 21/470
f 16/905 67/907 30/903
f 13/837 3/842 22/840
f 27/843 28/839 22/840
f 29/845 28/839 27/843
f 27/843 71/846 29/845
f 4/2757 6/2758 9/2759
f 8/834 9/836 10/835
f 7/923 57/920 6/921
f 20/914 9/922 6/921
f 5/2527 9/2528 8/2529
f 8/925 7/923 6/921
f 18/2922 3/2921 17/2923
f 13/918 20/914 16/905
f 9/2528 5/2527 4/2531
f 15/2664 14/2665 13/2666
f 8/2529 12/2530 5/2527
f 13/2689 14/2686 3/2688
f 12/2639 8/2641 6/2640
f 3/2688 2/2687 15/2690
f 13/2666 16/2667 15/2664
f 4/2531 5/2527 12/2530
f 899/2060 253/2061 877/2058
f 206/1380 195/1384 260/1381
f 32/2710 64/2707 124/2709
f 81/1471 82/1474 112/1478
f 107/2377 112/2375 113/2374
f 228/460 34/499 242/492
f 32/2710 124/2709 1238/2711
f 31/1376 233/1377 50/1374
f 843/2880 844/2881 845/2882
f 845/2521 891/2522 843/2523
f 1574/728 824/720 1575/724
f 180/2174 179/2171 187/2173
f 58/325 1005/318 1007/328
f 125/841 68/829 28/839
f 888/1722 194/1724 275/1720
f 269/1419 273/1418 967/1422
f 83/2229 101/2233 79/2230
f 984/421 46/412 216/429
f 26/1321 227/1324 223/1322
f 973/1572 204/1576 205/1578
f 997/2314 42/2315 238/2316
f 940/1251 974/1246 94/1253
f 892/1517 902/1514 898/1516
f 795/851 808/857 954/854
f 954/854 955/852 795/851
f 934/1242 1016/1245 806/1243
f 863/799 870/794 818/796
f 207/1332 226/1326 885/1329
f 843/1784 892/1786 847/1780
f 823/1109 879/1113 209/1102
f 870/794 875/790 282/787
f 844/2518 891/2522 837/2519
f 780/66 781/71 858/52
f 790/1062 856/1060 853/1063
f 884/2593 956/2594 859/2595
f 857/717 824/720 839/714
f 867/1175 945/1176 942/1173
f 805/17 802/24 816/29
f 794/850 955/852 180/853
f 796/2176 180/2174 187/2173
f 858/2440 275/2441 194/2442
f 885/1058 227/1055 884/1056
f 24/1328 25/1323 23/1325
f 110/380 961/372 962/365
f 268/339 269/347 967/356
f 69/415 40/402 989/410
f 1010/2903 1011/2904 1013/2905
f 126/358 957/349 59/340
f 1007/328 270/335 60/333
f 265/367 1009/359 957/349
f 996/424 36/417 243/433
f 245/319 7/322 55/323
f 55/323 248/320 245/319
f 902/1514 975/1508 893/1511
f 241/332 263/327 259/324
f 259/324 240/331 241/332
f 109/1469 83/1466 81/1471
f 238/385 239/378 998/369
f 238/385 129/401 279/379
f 252/1205 54/1202 279/1208
f 211/1162 251/1161 210/1164
f 81/1471 76/1473 109/1469
f 77/1163 251/1161 76/1160
f 974/1172 931/1169 108/1166
f 210/1164 108/1166 931/1169
f 915/791 203/795 202/797
f 258/2877 239/2878 999/2879
f 976/1211 977/1213 252/1205
f 62/2496 977/2497 199/2493
f 1297/475 32/467 1299/484
f 249/350 92/360 258/337
f 68/376 125/391 72/384
f 987/1628 991/1626 243/1625
f 31/1114 49/1107 231/1106
f 49/1107 31/1114 23/1115
f 235/1111 960/1112 972/1104
f 235/1327 206/1320 905/1331
f 254/2506 869/2509 929/2508
f 1269/798 202/797 1300/801
f 908/1574 204/1576 973/1572
f 196/1257 925/1259 922/1254
f 246/1101 972/1104 881/1108
f 973/344 969/338 240/331
f 876/780 874/785 913/788
f 914/1570 973/1572 980/1567
f 922/1254 940/1251 196/1257
f 808/857 816/860 936/861
f 914/1570 979/1573 908/1574
f 923/2574 922/2575 191/2572
f 908/1574 909/1577 204/1576
f 899/1510 893/1511 975/1508
f 900/1714 901/1716 896/1717
f 186/2542 188/2543 963/2540
f 181/770 963/769 188/771
f 178/1560 275/1556 497/1559
f 175/1709 965/1712 174/1710
f 168/766 277/768 169/764
f 173/345 969/338 959/353
f 960/705 905/702 266/701
f 275/1556 887/1558 497/1559
f 179/662 188/659 952/658
f 808/672 941/674 276/669
f 955/852 186/856 180/853
f 918/2599 938/2602 948/2600
f 132/2548 131/2552 947/2549
f 1236/1960 942/1963 1301/1966
f 941/674 935/676 920/679
f 801/1248 806/1243 1016/1245
f 934/1242 809/1247 1016/1245
f 800/865 809/864 815/863
f 816/860 815/863 935/862
f 934/1242 928/1249 933/1250
f 931/1169 867/1175 942/1173
f 933/1501 924/1490 932/1505
f 941/2783 937/2781 938/2780
f 951/2501 280/2502 918/2503
f 942/1173 210/1164 931/1169
f 253/1513 930/1509 912/1515
f 255/1704 253/1699 863/1702
f 874/785 878/792 913/788
f 979/1573 878/1571 872/1575
f 912/1580 909/1577 911/1579
f 208/1110 231/1106 209/1102
f 205/1578 204/1576 909/1577
f 907/1224 860/1228 906/1221
f 209/1102 879/1113 208/1110
f 960/1333 235/1327 905/1331
f 896/2537 901/2538 845/2539
f 900/1714 174/1710 965/1712
f 890/1711 894/1713 846/1715
f 843/1784 891/1788 892/1786
f 845/1721 846/1715 896/1717
f 844/2906 843/2907 895/2908
f 891/2909 844/2906 895/2908
f 843/1523 835/1522 895/1520
f 836/1723 193/1725 888/1722
f 836/1723 888/1722 846/1715
f 842/1785 843/1784 866/1782
f 858/52 194/59 192/41
f 858/2787 781/2788 782/2789
f 855/1334 885/1329 790/1336
f 266/701 881/709 960/705
f 267/703 854/708 883/704
f 881/709 266/701 880/707
f 880/707 857/717 839/714
f 879/1233 822/1236 860/1228
f 286/1232 860/1228 821/1234
f 879/1113 882/1118 208/1110
f 906/1221 860/1228 286/1232
f 879/1233 860/1228 882/1231
f 254/1706 255/1704 863/1702
f 833/2596 869/2597 811/2598
f 864/804 868/805 863/799
f 804/19 812/13 803/23
f 818/796 826/800 863/799
f 831/22 841/18 834/21
f 836/2517 845/2521 844/2518
f 828/774 873/777 1283/781
f 879/1113 823/1109 822/1116
f 821/1234 819/1237 286/1232
f 1575/724 857/717 1576/727
f 823/1978 824/1975 820/1974
f 839/1105 823/1109 209/1102
f 790/715 840/710 855/711
f 857/717 830/713 1556/722
f 192/41 850/32 201/42
f 837/2519 891/2522 845/2521
f 837/1521 895/1520 835/1522
f 837/2519 838/2520 836/2517
f 835/1789 843/1784 832/1787
f 849/26 200/20 850/32
f 851/49 838/55 837/33
f 840/710 854/708 855/711
f 1570/1980 886/1973 1577/1979
f 827/808 814/810 811/807
f 802/24 806/50 800/46
f 807/859 808/857 795/851
f 800/1252 801/1248 809/1247
f 806/50 801/57 800/46
f 787/2067 791/2066 1428/2070
f 180/853 787/855 794/850
f 786/53 201/42 785/48
f 782/82 781/71 779/76
f 28/839 29/845 35/847
f 96/2039 95/2037 111/2030
f 105/1165 95/1171 94/1168
f 86/2032 89/2035 111/2030
f 116/2034 86/2032 117/2029
f 87/1496 89/1503 86/1500
f 90/1260 97/1256 96/1258
f 119/2231 82/2232 83/2229
f 76/1160 84/1167 105/1165
f 44/409 42/392 43/400
f 67/907 16/905 75/910
f 38/1617 45/1619 993/1620
f 128/2587 60/2589 59/2588
f 66/457 61/462 62/443
f 63/449 66/457 62/443
f 41/1621 45/1619 42/1622
f 43/400 35/416 36/417
f 13/837 22/840 28/839
f 24/1119 23/1115 31/1114
f 123/904 30/903 122/906
f 1008/1854 39/1857 69/1858
f 65/435 45/426 37/442
f 30/903 21/902 16/905
f 66/457 63/449 64/448
f 16/905 21/902 17/908
f 3/912 16/905 17/908
f 782/1631 887/1632 858/1633
f 818/796 870/794 282/787
f 601/268 603/250 642/280
f 737/1261 1207/1262 1018/1263
f 1168/516 1162/517 1166/518
f 1233/1134 778/1135 777/1136
f 1166/732 775/733 774/734
f 502/1075 773/1070 772/1076
f 413/944 568/945 1227/946
f 1084/211 604/241 1072/228
f 522/131 1025/122 1031/141
f 661/1656 660/1657 449/1658
f 1235/2700 1119/2701 1074/2702
f 1127/2308 1183/2309 558/2310
f 649/1666 651/1663 653/1659
f 689/530 685/543 684/537
f 655/1662 674/1667 654/1665
f 747/1589 429/1590 577/1591
f 1033/2481 470/2482 1024/2483
f 1027/151 1024/184 1023/153
f 1029/2211 524/2212 1031/2213
f 302/186 406/201 1035/166
f 1165/531 1164/522 1229/525
f 739/2048 1213/2049 622/2050
f 469/2485 470/2482 1033/2481
f 399/175 400/155 1023/153
f 687/1900 699/1901 668/1902
f 1170/2784 598/2785 529/2786
f 777/1136 1234/1138 1155/1140
f 1166/1143 1167/1141 1159/1142
f 587/1071 1107/1067 224/1059
f 1164/751 554/755 708/757
f 697/1880 442/1881 700/1882
f 598/539 1170/556 559/550
f 1164/751 1146/753 554/755
f 1177/812 596/813 701/814
f 699/1901 687/1900 695/1904
f 723/2447 593/2448 592/2449
f 592/1531 632/1532 728/1533
f 1213/2049 739/2048 635/2051
f 596/813 705/821 702/817
f 570/2900 572/2901 578/2902
f 416/1542 561/1539 534/1540
f 582/383 968/406 578/414
f 1219/1082 1225/1083 1226/1084
f 511/752 1146/753 1128/745
f 772/2958 1108/2959 1107/2960
f 1226/1428 1225/1430 578/1429
f 1102/2729 1105/2730 607/2731
f 1235/2700 1074/2702 1071/2703
f 1012/374 1221/375 1220/389
f 698/1909 699/1901 1181/1906
f 595/2718 720/2719 594/2720
f 607/1120 606/1121 500/1122
f 633/2694 634/2695 599/2696
f 636/2054 635/2051 739/2048
f 695/2896 1228/2897 1181/2898
f 1045/1388 1022/1389 1177/1390
f 1103/1282 607/1283 1135/1284
f 608/1742 618/1743 609/1744
f 596/813 378/816 349/820
f 504/267 1147/279 603/250
f 1162/1137 1167/1141 1166/1143
f 1137/1147 1158/1145 527/1152
f 527/926 1056/927 1054/928
f 1149/633 545/634 1037/635
f 529/1303 531/1304 1173/1305
f 1107/2238 588/2239 609/2240
f 509/258 604/241 508/249
f 1127/1341 1122/1342 1123/1343
f 1121/957 1120/960 633/952
f 461/80 1097/69 1437/85
f 607/2731 1103/2732 1102/2729
f 409/74 1100/65 1078/70
f 464/75 1099/77 783/67
f 642/2767 616/2768 1055/2769
f 603/2774 1147/2775 507/2776
f 514/192 1063/193 1030/158
f 1058/1080 1059/1079 1050/1081
f 1062/262 1086/243 1049/242
f 1582/940 465/936 1583/941
f 477/1073 773/1070 502/1075
f 513/930 1048/935 602/933
f 1072/228 1144/260 1047/251
f 692/527 376/536 367/533
f 1234/2725 778/2726 1161/2727
f 778/1135 1234/1138 777/1136
f 1232/1158 1231/1159 1169/1157
f 1159/1142 775/1148 1166/1143
f 1229/525 1164/522 1166/518
f 1164/522 690/524 691/519
f 778/2404 1233/2405 1230/2406
f 618/1743 1107/1746 609/1744
f 691/519 1166/518 1164/522
f 1168/516 1166/518 691/519
f 1163/2408 1230/2406 1233/2405
f 1161/2407 778/2404 1230/2406
f 1232/1158 1169/1157 1160/1151
f 1163/520 1168/516 1232/521
f 369/523 1232/521 691/519
f 230/394 551/411 548/420
f 598/760 708/757 555/759
f 472/1864 1171/1865 1123/1866
f 706/2132 698/2133 700/2134
f 707/2389 1180/2390 709/2391
f 695/2393 709/2391 1180/2390
f 699/1901 695/1904 1181/1906
f 1177/812 378/816 596/813
f 1183/555 701/544 559/550
f 701/544 598/539 559/550
f 1177/812 1021/819 378/816
f 1171/1393 1044/1391 1177/1390
f 1175/2968 1179/2969 1178/2970
f 698/1581 1181/1582 1110/1583
f 1223/2136 700/2134 698/2133
f 538/2053 1213/2049 635/2051
f 745/1537 430/1536 728/1533
f 735/2162 444/2163 729/2164
f 722/1923 726/1924 432/1925
f 695/2896 1180/2899 1228/2897
f 536/1535 534/1540 743/1538
f 595/2380 1212/2381 715/2382
f 564/1730 628/1731 1217/1732
f 707/2389 1172/2392 1180/2390
f 1172/2392 1182/2394 1180/2390
f 536/1431 632/1432 592/1433
f 599/961 731/968 742/965
f 1018/1263 1207/1262 1439/1266
f 1441/1265 737/1261 1442/1268
f 1206/948 633/952 740/958
f 744/2040 715/2041 1212/2042
f 633/952 1120/960 634/964
f 731/2056 636/2054 739/2048
f 733/962 740/958 742/965
f 636/2054 731/2056 599/2057
f 745/1537 536/1535 743/1538
f 731/2013 738/2014 443/2015
f 647/1012 451/1013 767/1014
f 728/1533 723/1534 592/1531
f 728/1533 632/1532 536/1535
f 745/1537 728/1533 536/1535
f 633/952 599/961 740/958
f 1227/946 744/949 1224/951
f 744/949 1227/946 568/945
f 747/413 578/414 575/431
f 454/2659 755/2660 452/2661
f 577/1591 627/1594 640/1597
f 627/1646 626/1647 640/1648
f 970/2815 262/2816 1219/2817
f 964/2818 1219/2817 262/2816
f 1221/375 1014/366 967/356
f 416/1653 483/1650 626/1647
f 667/1768 670/1769 693/1770
f 966/1414 1226/1416 964/1415
f 631/1737 629/1735 630/1733
f 578/2022 1219/2023 573/2024
f 578/2022 573/2024 562/2025
f 441/1884 1111/1890 1020/1891
f 1111/1890 441/1884 1222/1887
f 1012/374 1220/389 1145/398
f 1172/1776 707/1774 1019/1773
f 1019/1773 1020/1772 1111/1775
f 1013/2839 1011/2840 1014/2841
f 700/1882 1223/1886 1110/1883
f 1110/1883 697/1880 700/1882
f 697/1880 1222/1887 441/1884
f 1010/2842 1013/2839 1014/2841
f 1141/1296 1142/1298 552/1295
f 178/1560 971/1562 578/1565
f 261/1086 1219/1082 966/1085
f 1219/1082 1226/1084 966/1085
f 578/1429 261/1427 1226/1428
f 1226/1416 970/1417 964/1415
f 261/1427 970/1426 1226/1428
f 970/2978 1225/2979 964/2980
f 1219/2981 964/2980 1225/2979
f 578/1429 1225/1430 970/1426
f 1219/2023 578/2022 970/2026
f 1012/374 1014/366 1221/375
f 967/356 1014/366 268/339
f 968/406 178/423 578/414
f 583/387 581/395 1106/396
f 1106/1129 581/1130 489/1128
f 1220/389 580/407 1145/398
f 1106/396 580/407 1220/389
f 1110/1883 1111/1890 1222/1887
f 1172/1776 1019/1773 1111/1775
f 1227/946 1224/951 419/947
f 1145/398 553/403 1012/374
f 1222/1887 697/1880 1110/1883
f 1221/375 967/356 582/383
f 1220/389 1221/375 1106/396
f 574/1944 1218/1945 747/1946
f 577/1591 640/1597 1216/1595
f 582/383 578/414 747/413
f 630/2723 1212/2721 594/2720
f 747/1589 575/1598 611/1596
f 1109/1133 612/1131 1218/1132
f 572/1087 573/1088 1219/1082
f 1210/984 1215/985 419/986
f 575/998 421/992 611/995
f 573/1088 572/1087 562/1090
f 578/1565 971/1562 570/1564
f 747/413 1218/405 582/383
f 581/1130 1218/1132 612/1131
f 484/1004 420/999 494/1001
f 571/1947 574/1944 747/1946
f 576/1736 542/1739 628/1731
f 571/1592 577/1591 1216/1595
f 543/2249 542/2250 576/2251
f 543/2322 544/2323 542/2324
f 630/2327 1217/2326 544/2323
f 1211/1586 1172/1585 1181/1582
f 544/2323 628/2325 542/2324
f 630/1733 564/1730 1217/1732
f 1210/2044 630/2045 1215/2046
f 544/2047 1215/2046 630/2045
f 413/944 1121/957 633/952
f 1210/2044 1224/2043 1212/2042
f 1209/1450 615/1451 533/1452
f 539/1435 540/1434 592/1433
f 636/2054 599/2057 600/2055
f 1036/2397 1214/2398 399/2399
f 1213/2049 538/2053 566/2052
f 413/944 1206/948 568/945
f 1120/960 537/971 599/961
f 534/1453 536/1456 615/1451
f 534/1453 1209/1450 533/1452
f 615/1451 1209/1450 534/1453
f 1208/818 1177/812 1183/815
f 1123/1396 1171/1393 1208/1395
f 1183/1397 1123/1396 1208/1395
f 1180/2390 1182/2394 1181/2395
f 1178/2982 1179/2983 1174/2984
f 1181/2929 1228/2930 1180/2931
f 701/814 1183/815 1177/812
f 558/2310 1176/2313 505/2311
f 1173/1305 559/1308 1170/1306
f 1173/1305 530/1307 1176/1309
f 1174/2984 1179/2983 1175/2985
f 1022/1389 1021/1392 1177/1390
f 1175/2985 1178/2982 1174/2984
f 559/1308 1173/1305 1176/1309
f 1110/1583 1223/1584 698/1581
f 1177/1390 1044/1391 1045/1388
f 1123/1396 1183/1397 1127/1398
f 1130/1310 1131/1312 1085/1315
f 1172/1585 1110/1583 1181/1582
f 1044/1867 1171/1865 472/1864
f 1022/1870 1045/1869 473/1868
f 1165/748 1229/742 1128/745
f 1232/1158 1160/1151 1161/1155
f 503/738 1128/745 1229/742
f 527/926 512/932 513/930
f 529/762 598/760 528/761
f 1170/1306 529/1303 1173/1305
f 1133/1760 553/1761 1145/1762
f 553/403 230/394 1012/374
f 552/2334 1142/2335 551/2336
f 548/2294 499/2295 549/2296
f 230/394 1138/428 587/436
f 587/1672 1138/1673 588/1674
f 1145/1762 1102/1764 1132/1763
f 550/1302 1142/1298 547/1301
f 553/2337 552/2334 551/2336
f 551/411 230/394 553/403
f 548/420 1138/428 230/394
f 224/430 230/394 587/436
f 682/569 683/570 684/571
f 528/761 598/760 555/759
f 1229/742 1166/732 503/738
f 1129/257 508/249 1085/227
f 1165/748 1128/745 1164/751
f 1232/521 1161/526 1163/520
f 1161/526 1230/532 1163/520
f 1038/1146 1160/1151 1040/1154
f 1040/1154 1169/1157 1231/1159
f 1155/2728 1234/2725 1161/2727
f 1160/1151 1169/1157 1040/1154
f 1167/1141 1162/1137 1157/1139
f 1162/517 1168/516 1163/520
f 774/734 1136/735 1166/732
f 1137/1147 1159/1142 1158/1145
f 1153/1144 1158/1145 1157/1139
f 777/1136 1155/1140 1157/1139
f 1154/1149 1150/1156 527/1152
f 1157/1139 1155/1140 1153/1144
f 1153/1144 1154/1149 1158/1145
f 1157/1139 1159/1142 1167/1141
f 1137/1147 775/1148 1159/1142
f 1137/736 1151/739 774/734
f 774/734 775/733 1137/736
f 1157/1139 1158/1145 1159/1142
f 1161/1155 1160/1151 1155/1140
f 1038/1146 1037/1150 1153/1144
f 1153/1144 1155/1140 1038/1146
f 1037/1150 1148/1153 1153/1144
f 1154/1149 527/1152 1158/1145
f 1580/648 527/646 1585/645
f 616/740 774/734 1151/739
f 1585/645 545/634 1586/643
f 1579/654 1156/649 1584/652
f 512/651 1156/649 466/653
f 512/651 527/646 1156/649
f 601/268 1144/260 603/250
f 513/930 602/933 1056/927
f 1054/928 1055/929 527/926
f 1057/934 512/932 465/936
f 512/932 466/939 465/936
f 1057/934 1048/935 513/930
f 513/930 512/932 1057/934
f 527/926 513/930 1056/927
f 601/268 1054/287 602/288
f 1588/639 1046/636 1589/642
f 1153/2604 546/2605 1152/2606
f 1150/644 545/634 527/646
f 1037/635 1046/636 1149/633
f 545/634 1148/638 1037/635
f 1153/2604 1148/2608 546/2605
f 604/2340 509/2341 511/2342
f 603/250 604/241 510/259
f 642/280 603/250 507/286
f 601/268 642/280 1054/287
f 507/286 1147/279 504/267
f 1055/2769 1054/2770 642/2767
f 616/740 526/743 1055/749
f 508/750 1126/754 511/752
f 1085/2317 531/2318 1129/2319
f 1089/1316 1118/1313 1130/1310
f 1135/1284 589/1286 1133/1290
f 606/196 597/162 1082/183
f 528/761 555/759 1125/758
f 1059/290 477/299 502/282
f 772/1748 618/1743 502/1751
f 501/271 1049/242 1050/261
f 1062/262 1049/242 501/271
f 1083/182 1139/229 590/212
f 1143/1297 1139/1294 1086/1299
f 1140/1292 1139/1294 1141/1296
f 1132/1288 1104/1285 1135/1284
f 618/1743 772/1748 1107/1746
f 1086/1299 498/1300 1143/1297
f 589/1286 590/1291 1133/1290
f 590/212 1081/195 1083/182
f 1140/1292 590/1291 1139/1294
f 1140/1292 1134/1293 1133/1290
f 589/1286 1135/1284 607/1283
f 1143/1297 1141/1296 1139/1294
f 1142/1298 1143/1297 547/1301
f 499/2295 498/2298 549/2296
f 773/2954 1108/2955 772/2956
f 610/2241 608/2242 609/2240
f 1086/243 1139/229 1083/182
f 1142/1298 1141/1296 1143/1297
f 548/1678 532/1677 1138/1673
f 532/2297 549/2296 498/2298
f 1102/1764 1104/1766 1132/1763
f 552/1295 1134/1293 1140/1292
f 1101/1064 224/1059 1107/1067
f 498/1745 618/1743 608/1742
f 554/755 511/752 1126/754
f 1141/1296 552/1295 1140/1292
f 1133/2339 1134/2338 553/2337
f 1133/1290 1132/1288 1135/1284
f 1102/1764 580/1765 1105/1767
f 531/1304 1131/1312 1130/1310
f 531/2318 1125/2320 1129/2319
f 511/2342 1128/2343 604/2340
f 604/2344 1128/2345 510/2346
f 1129/756 1126/754 508/750
f 617/747 503/738 504/744
f 1136/735 507/741 503/738
f 1151/739 1137/736 526/743
f 527/746 526/743 1137/736
f 1151/739 526/743 616/740
f 641/737 774/734 616/740
f 511/752 617/747 508/750
f 530/1307 505/1311 1176/1309
f 555/759 1126/754 1125/758
f 1146/753 511/752 554/755
f 1123/1343 1124/1345 472/1348
f 538/1439 637/1437 592/1433
f 538/982 600/977 423/976
f 537/971 422/967 423/976
f 539/1435 637/1437 524/1440
f 525/1446 524/1440 637/1437
f 505/1344 1122/1342 1127/1341
f 558/2310 505/2311 1127/2308
f 1122/1342 1124/1345 1123/1343
f 1118/238 519/210 506/247
f 1118/1313 506/1314 530/1307
f 1235/2741 1071/2742 1119/2743
f 505/1311 506/1314 519/1317
f 519/1346 1122/1342 505/1344
f 520/1457 483/1459 416/1455
f 459/955 521/963 1121/957
f 521/963 422/967 1120/960
f 422/157 521/142 522/131
f 538/1439 423/1444 637/1437
f 516/1447 517/1441 541/1442
f 1122/1342 519/1346 591/1347
f 1124/1345 1122/1342 591/1347
f 1030/158 1067/144 1029/125
f 515/226 591/240 519/210
f 1065/167 1064/179 1075/169
f 519/210 1118/238 1068/194
f 1118/1313 1089/1316 1068/1318
f 1089/181 1073/170 1068/194
f 1066/159 1075/169 518/180
f 1074/143 1119/168 1066/159
f 515/1353 1063/1356 514/1351
f 524/145 1029/125 517/132
f 1031/2213 525/2214 1117/2215
f 412/91 1078/70 460/86
f 524/2212 525/2214 1031/2213
f 1114/2625 1088/2626 1115/2627
f 1088/2626 1096/2629 1115/2627
f 1096/2532 1116/2533 1115/2534
f 1116/2630 614/2631 1114/2632
f 1096/105 1090/103 614/121
f 1027/151 480/152 613/129
f 1445/2486 1027/2484 1446/2488
f 1023/153 614/121 481/140
f 614/2535 1116/2533 1096/2532
f 1032/2924 479/2925 1447/2926
f 1116/2533 1114/2536 1115/2534
f 614/2631 1034/2633 1114/2632
f 1114/2625 1034/2628 1088/2626
f 1450/108 1113/96 1451/109
f 544/987 419/986 1215/985
f 544/987 543/990 411/988
f 1451/109 1112/102 1455/117
f 461/80 1112/102 1113/96
f 1112/1860 461/1861 1438/1862
f 464/1642 485/1644 620/1641
f 1091/90 1094/93 1092/97
f 1094/93 1098/101 1092/97
f 1094/93 461/80 1113/96
f 409/1097 485/1099 1100/1100
f 485/1644 464/1642 1100/1645
f 1172/1585 1111/1587 1110/1583
f 620/1098 485/1099 409/1097
f 410/1752 605/1753 456/1754
f 462/1007 420/999 484/1004
f 490/114 486/100 639/106
f 605/1753 410/1752 491/1755
f 585/126 1080/136 490/114
f 490/114 487/115 486/100
f 421/992 575/998 494/1001
f 486/100 488/107 455/92
f 1083/182 1077/146 1089/181
f 1077/146 500/171 1076/161
f 489/137 490/114 492/148
f 500/171 1079/172 1076/161
f 458/1124 500/1122 606/1121
f 500/171 1081/195 589/213
f 1081/2634 458/2635 589/2636
f 589/1286 607/1283 500/1289
f 606/1121 607/1120 597/1123
f 607/1120 579/1125 597/1123
f 612/1131 489/1128 581/1130
f 491/1951 455/1952 488/1950
f 483/1756 571/1757 640/1758
f 571/1757 1216/1759 640/1758
f 580/1127 1106/1129 489/1128
f 491/1002 410/993 420/999
f 607/2352 1105/2353 579/2354
f 580/2355 579/2354 1105/2353
f 224/1059 1061/1061 884/1056
f 224/1059 1101/1064 1061/1061
f 497/1559 496/1566 570/1564
f 408/2385 493/2386 570/2387
f 1107/2957 1108/2955 773/2954
f 1107/1067 773/1070 1101/1064
f 1101/1064 1060/1068 1061/1061
f 773/1070 1060/1068 1101/1064
f 464/75 783/67 1100/65
f 1060/1068 478/1074 1051/1072
f 956/1065 1061/1061 859/1066
f 1052/289 853/298 1051/281
f 1100/65 783/67 786/53
f 786/53 785/48 197/47
f 780/66 1099/77 463/83
f 1097/69 461/80 1078/70
f 198/2864 197/2865 785/2866
f 495/989 412/991 460/994
f 1100/65 786/53 788/51
f 1097/69 788/51 1432/63
f 1092/97 1098/101 1453/110
f 479/118 1032/139 613/129
f 1090/103 1093/94 1095/98
f 1090/103 1095/98 1092/97
f 1092/97 479/118 1090/103
f 1096/105 1093/94 1090/103
f 1091/90 1093/94 460/86
f 788/51 1097/69 1078/70
f 1078/70 1100/65 788/51
f 1093/94 1096/105 1088/99
f 1025/122 522/131 1087/104
f 419/947 495/954 414/950
f 1087/959 459/955 414/950
f 522/131 521/142 1087/104
f 1088/99 1034/111 1087/104
f 1088/99 1087/104 460/86
f 495/123 460/86 414/112
f 1034/111 1025/122 1087/104
f 1069/147 1066/159 1073/170
f 584/135 1069/147 1077/146
f 1029/125 1067/144 1071/134
f 1035/166 1030/158 1029/125
f 1071/134 1067/144 1066/159
f 1065/167 1067/144 1030/158
f 1084/211 1083/182 1089/181
f 1073/170 1089/181 1077/146
f 500/2436 458/2437 776/2438
f 457/230 1081/195 590/212
f 1082/183 776/197 638/214
f 1079/2439 500/2436 776/2438
f 606/196 1082/183 638/214
f 779/1634 621/1636 643/1635
f 621/1636 586/1638 643/1635
f 1082/183 1079/172 776/197
f 643/1635 887/1632 779/1634
f 463/1639 620/1641 621/1636
f 779/76 780/66 463/83
f 779/1634 467/1637 621/1636
f 463/1639 464/1642 620/1641
f 484/88 409/74 462/81
f 484/1095 408/1096 409/1097
f 457/2460 589/2461 638/2462
f 1072/228 1083/182 1084/211
f 500/171 1077/146 1083/182
f 639/106 585/126 490/114
f 456/1464 605/1463 417/1462
f 1085/1315 1089/1316 1130/1310
f 1073/170 1077/146 1069/147
f 597/162 1080/136 1079/172
f 1078/70 412/91 456/87
f 1081/195 500/171 1083/182
f 1077/146 1076/161 1080/136
f 1080/136 1076/161 1079/172
f 1078/70 462/81 409/74
f 589/2461 457/2460 590/2463
f 1086/1750 619/1747 498/1745
f 1085/227 1084/211 1089/181
f 1085/227 508/249 604/241
f 456/87 417/95 455/92
f 605/1463 482/1461 417/1462
f 585/126 639/106 584/135
f 639/106 1029/125 1071/134
f 522/131 1031/141 1117/156
f 422/967 1117/983 525/979
f 1029/125 1070/113 517/132
f 639/106 1070/113 1029/125
f 1074/143 1069/147 639/106
f 1073/170 518/180 1068/194
f 1063/193 1064/179 1030/158
f 1030/158 1064/179 1065/167
f 518/180 1075/169 1063/193
f 519/210 518/180 1063/193
f 1066/159 1069/147 1074/143
f 1066/159 518/180 1073/170
f 604/241 603/250 1072/228
f 603/250 1144/260 1072/228
f 1049/242 1083/182 1072/228
f 1054/287 1056/303 602/288
f 602/288 1048/269 601/268
f 1057/934 1047/937 1048/935
f 502/282 1050/261 1059/290
f 1086/243 1083/182 1049/242
f 501/271 619/272 1062/262
f 1060/312 477/299 478/306
f 501/271 1050/261 502/282
f 1059/1079 1058/1080 1051/1077
f 1051/1072 852/1069 859/1066
f 1053/297 1052/289 1047/251
f 1565/729 789/730 1592/731
f 1061/1061 1051/1072 859/1066
f 1050/261 1049/242 1047/251
f 1592/310 1053/297 1593/314
f 1051/281 1058/270 1047/251
f 853/1941 852/1942 1051/1943
f 1052/289 789/305 853/298
f 1047/251 1052/289 1051/281
f 1053/938 1047/937 1057/934
f 1047/251 1058/270 1050/261
f 1072/228 1047/251 1049/242
f 1144/260 601/268 1048/269
f 474/573 1042/574 1594/575
f 1046/582 474/573 1596/579
f 1037/580 474/573 1046/582
f 475/609 1041/610 1042/611
f 1042/611 1041/610 1039/613
f 515/1353 514/1351 624/1349
f 557/1790 315/1791 1043/1792
f 476/225 406/201 557/234
f 476/225 471/239 1028/191
f 556/1793 1043/1792 346/1794
f 625/178 1030/158 1035/166
f 1594/575 314/578 1598/581
f 1039/613 1041/610 1038/614
f 314/615 1042/611 1039/613
f 1037/612 1041/610 475/609
f 475/577 474/573 1037/580
f 1043/1792 556/1793 557/1790
f 556/1355 476/1358 557/1360
f 344/1798 1022/1799 345/1796
f 473/1868 1044/1867 472/1864
f 473/1868 1045/1869 1044/1867
f 471/1350 472/1348 624/1349
f 556/1355 473/1352 471/1350
f 1028/191 406/201 476/225
f 1036/2397 1024/2400 470/2402
f 469/2485 1033/2481 1436/2487
f 1024/2400 1036/2397 399/2399
f 468/164 403/154 1035/166
f 403/154 468/164 1031/141
f 468/164 1035/166 1029/125
f 1035/166 406/201 1028/191
f 1035/166 1028/191 625/178
f 624/1349 514/1351 471/1350
f 1031/141 1026/130 403/154
f 1027/151 1032/139 1467/163
f 399/175 1023/153 1024/184
f 1027/151 1023/153 480/152
f 400/155 1026/130 614/121
f 1031/141 1025/122 1026/130
f 691/519 1232/521 1168/516
f 680/546 682/549 678/558
f 771/1996 1017/1997 722/1998
f 660/1657 661/1656 652/1660
f 1469/1279 434/1274 1470/1280
f 439/2200 666/2201 674/2202
f 686/2137 668/2138 699/2135
f 777/1136 1162/1137 1233/1134
f 762/1984 765/1985 764/1986
f 766/1994 662/1991 663/1988
f 663/1988 662/1991 765/1985
f 723/2019 738/2014 623/2018
f 682/2910 694/2911 679/2912
f 427/2207 673/2205 671/2206
f 693/1770 1020/1772 1019/1773
f 1444/1928 432/1925 1471/1926
f 671/2206 438/2203 560/2204
f 367/533 369/523 692/527
f 1224/2043 744/2040 1212/2042
f 735/2162 729/2164 759/2165
f 424/1037 750/1042 452/1040
f 742/965 740/958 599/961
f 725/2264 629/2265 631/2266
f 718/1805 716/1806 769/1807
f 426/2139 750/2140 664/2141
f 450/1016 752/1021 451/1013
f 712/1027 752/1021 450/1016
f 447/1816 563/1815 753/1814
f 756/2143 751/2142 426/2139
f 716/1022 730/1034 770/1026
f 662/978 436/981 435/974
f 649/1029 648/1024 657/1018
f 764/972 765/980 761/975
f 1472/2000 771/1996 1473/2001
f 716/2181 715/2182 730/2183
f 722/1998 432/1999 771/1996
f 680/546 389/551 376/536
f 684/537 680/546 376/536
f 742/2609 732/2610 733/2611
f 732/2610 443/2612 733/2611
f 362/562 705/567 335/563
f 369/523 691/519 692/527
f 444/2017 738/2014 723/2019
f 726/1924 1018/1931 1440/1929
f 433/1271 722/1267 1017/1272
f 722/1267 433/1271 737/1261
f 675/1019 436/1031 662/1030
f 771/1275 433/1271 434/1274
f 433/1271 1017/1272 434/1274
f 451/1013 758/1017 767/1014
f 720/1812 721/1809 718/1805
f 730/1034 436/1031 770/1026
f 1018/1263 726/1264 737/1261
f 771/1275 432/1273 433/1271
f 662/978 761/975 765/980
f 436/1031 675/1019 770/1026
f 767/1014 770/1026 675/1019
f 450/1016 451/1013 647/1012
f 663/1988 765/1985 762/1984
f 764/1986 759/1987 762/1984
f 663/1988 652/1993 766/1994
f 659/1025 658/1015 675/1019
f 768/1547 449/1549 763/1545
f 653/1659 661/1656 449/1658
f 696/2145 756/2143 426/2139
f 676/1032 424/1037 712/1027
f 677/1992 763/1995 660/1990
f 763/1661 449/1658 660/1657
f 660/1990 663/1988 762/1984
f 762/1984 760/1989 660/1990
f 759/1987 760/1989 762/1984
f 759/1987 677/1992 760/1989
f 768/1547 763/1545 431/1541
f 623/2018 704/2021 723/2019
f 733/962 443/973 735/969
f 764/2168 735/2162 759/2165
f 435/974 736/970 662/978
f 677/2169 759/2165 729/2164
f 761/975 662/978 736/970
f 567/2187 717/2184 568/2188
f 764/972 734/966 735/969
f 769/1807 746/1808 718/1805
f 713/1033 752/1021 712/1027
f 716/1806 758/1810 769/1807
f 767/1014 758/1017 716/1022
f 704/2450 565/2451 593/2448
f 452/2661 757/2662 754/2663
f 563/1815 710/1811 753/1814
f 769/2003 752/2004 746/2005
f 712/2749 711/2750 713/2751
f 754/1046 714/1043 452/1040
f 755/2660 757/2662 452/2661
f 750/2277 424/2278 664/2279
f 756/2143 440/2148 749/2144
f 452/1040 749/1044 454/1047
f 440/2148 748/2150 454/2149
f 748/1655 440/1649 429/1652
f 727/1049 711/1050 425/1051
f 746/1808 753/1814 710/1811
f 714/2010 753/2009 713/2007
f 753/2009 746/2005 713/2007
f 425/1039 452/1040 714/1043
f 754/1008 755/1010 428/1003
f 450/1016 676/1032 712/1027
f 755/2660 754/2663 757/2662
f 427/2146 696/2145 426/2139
f 749/2144 751/2142 756/2143
f 440/2148 454/2149 749/2144
f 426/2139 751/2142 750/2140
f 749/2144 750/2140 751/2142
f 750/1042 749/1044 452/1040
f 631/2724 594/2720 741/2722
f 564/1730 630/1733 629/1735
f 429/1590 747/1589 445/1593
f 718/1805 746/1808 710/1811
f 717/2184 744/2186 568/2188
f 715/2182 744/2186 717/2184
f 740/958 733/962 569/953
f 732/2737 742/2738 731/2739
f 566/2052 622/2050 1213/2049
f 733/962 734/966 569/953
f 739/2016 738/2014 731/2013
f 569/953 736/970 435/974
f 715/2382 721/2383 595/2380
f 741/2722 720/2719 631/2724
f 720/2267 725/2264 631/2266
f 569/2190 435/2189 567/2187
f 730/2183 715/2182 717/2184
f 719/2269 710/2270 725/2264
f 720/2691 595/2692 721/2693
f 725/2264 710/2270 563/2268
f 737/1261 726/1264 722/1267
f 734/966 761/975 736/970
f 734/966 733/962 735/969
f 444/2163 735/2162 443/2166
f 731/2739 443/2740 732/2737
f 723/1534 728/1533 430/1536
f 444/2163 723/2167 729/2164
f 569/953 734/966 736/970
f 435/2189 436/2185 567/2187
f 716/1806 718/1805 721/1809
f 717/2184 567/2187 436/2185
f 425/1039 714/1043 727/1045
f 727/2752 713/2751 711/2750
f 727/2011 714/2010 713/2007
f 711/1041 712/1027 425/1039
f 440/2148 756/2143 672/2147
f 447/1005 754/1008 428/1003
f 429/1006 428/1003 748/1009
f 454/1011 748/1009 428/1003
f 428/1003 445/1000 446/997
f 563/2268 629/2265 725/2264
f 1020/1891 724/1888 441/1884
f 707/1908 687/1900 693/1905
f 701/814 596/813 702/817
f 687/1900 707/1908 709/1907
f 453/545 703/557 362/562
f 701/544 688/535 598/539
f 703/557 702/561 705/567
f 705/567 362/562 703/557
f 743/1538 561/1539 745/1537
f 622/2544 566/2545 704/2546
f 566/2545 565/2547 704/2546
f 560/1546 448/1548 431/1541
f 593/2448 723/2447 704/2450
f 702/561 703/557 701/544
f 703/557 453/545 701/544
f 700/2134 686/2137 699/2135
f 699/2135 706/2132 700/2134
f 672/2147 756/2143 696/2145
f 439/2200 673/2205 427/2207
f 693/1905 687/1900 667/1903
f 687/1900 709/1907 695/1904
f 698/2133 706/2132 699/2135
f 442/1881 697/1880 441/1884
f 598/539 688/535 708/529
f 1164/522 708/529 690/524
f 724/1888 670/1892 442/1881
f 1019/1773 707/1774 693/1770
f 440/1649 672/1654 415/1651
f 665/1670 654/1665 666/1671
f 686/1885 700/1882 442/1881
f 724/1771 1020/1772 693/1770
f 685/2367 678/2368 679/2369
f 691/519 690/524 689/530
f 708/529 688/535 690/524
f 689/530 690/524 688/535
f 688/535 453/545 681/540
f 689/530 692/527 691/519
f 681/540 689/530 688/535
f 685/2367 689/2371 678/2368
f 692/527 689/530 684/537
f 685/2975 694/2976 682/2977
f 685/543 682/549 684/537
f 679/2912 678/2913 682/2910
f 681/540 680/546 678/558
f 684/2452 683/2453 680/2454
f 680/572 683/570 682/569
f 453/545 680/546 681/540
f 655/1662 448/1664 674/1667
f 763/1545 677/1543 431/1541
f 689/2371 681/2372 678/2368
f 668/2431 686/2432 669/2433
f 687/1900 668/1902 667/1903
f 670/1769 724/1771 693/1770
f 415/2208 671/2206 560/2204
f 448/1664 560/1669 674/1667
f 674/2202 560/2204 438/2203
f 671/2206 673/2205 438/2203
f 696/2210 427/2207 671/2206
f 668/2431 669/2433 667/2434
f 415/2208 672/2209 671/2206
f 686/1885 442/1881 669/1889
f 669/2433 670/2435 667/2434
f 653/1659 654/1665 650/1668
f 437/2510 665/2511 439/2512
f 450/2282 648/2284 656/2281
f 426/2516 664/2514 437/2510
f 676/2280 664/2279 424/2278
f 647/1012 646/1020 450/1016
f 647/1012 767/1014 658/1015
f 648/1024 647/1012 657/1018
f 658/1015 657/1018 647/1012
f 679/2369 694/2370 685/2367
f 653/1659 651/1663 661/1656
f 652/1993 663/1988 660/1990
f 659/1025 662/1030 766/1035
f 658/1015 659/1025 652/1023
f 658/1015 652/1023 657/1018
f 648/2284 450/2282 646/2286
f 656/1038 648/1024 650/1036
f 648/1024 649/1029 650/1036
f 665/2511 666/2515 439/2512
f 665/2511 437/2510 664/2514
f 665/1670 650/1668 654/1665
f 650/2283 665/2285 664/2279
f 656/2281 650/2283 664/2279
f 653/1659 655/1662 654/1665
f 654/1665 674/1667 666/1671
f 657/1018 651/1028 649/1029
f 652/1023 659/1025 766/1035
f 652/1023 651/1028 657/1018
f 661/1656 651/1663 652/1660
f 1473/2932 645/2933 1475/2934
f 648/2771 646/2772 647/2773
f 1477/868 167/869 1478/870
f 421/992 420/999 410/993
f 541/1454 418/1458 520/1457
f 597/1123 579/1125 492/1126
f 1172/1585 1211/1586 1182/1588
f 419/986 544/987 411/988
f 643/1561 586/1563 497/1559
f 413/944 1227/946 419/947
f 642/280 641/296 616/304
f 1162/1137 777/1136 1157/1139
f 638/214 776/197 458/231
f 399/2399 1214/2398 1479/2401
f 489/1128 612/1131 1109/1133
f 1458/128 1092/97 1462/119
f 569/953 1206/948 740/958
f 506/1314 505/1311 530/1307
f 1221/375 583/387 1106/396
f 1471/1926 726/1924 1474/1927
f 1070/113 417/95 644/124
f 1024/2483 1027/2484 1033/2481
f 1124/1345 591/1347 624/1349
f 472/1348 1124/1345 624/1349
f 704/2021 623/2018 622/2020
f 546/641 1148/638 545/634
f 1128/745 503/738 617/747
f 606/2464 638/2462 589/2461
f 1142/2328 550/2329 551/2330
f 635/2051 636/2054 600/2055
f 630/1733 594/1740 631/1737
f 563/1734 564/1730 629/1735
f 561/1539 743/1538 534/1540
f 446/997 445/1000 611/995
f 747/1589 611/1596 445/1593
f 563/1734 446/1738 576/1736
f 626/1647 627/1646 440/1649
f 1102/1287 1103/1282 1104/1285
f 576/2251 446/2252 543/2249
f 592/1433 540/1434 536/1431
f 1077/146 585/126 584/135
f 618/1743 501/1749 502/1751
f 610/2241 532/2243 608/2242
f 1130/1310 1118/1313 530/1307
f 621/1636 467/1637 463/1639
f 621/1636 620/1641 496/1640
f 618/1743 498/1745 619/1747
f 1136/735 503/738 1166/732
f 1075/169 1064/179 1063/193
f 535/1436 541/1442 615/1438
f 524/1440 523/1445 539/1435
f 481/140 614/121 613/129
f 517/1441 516/1447 535/1436
f 481/140 480/152 1023/153
f 412/991 495/989 411/988
f 639/106 1069/147 584/135
f 408/1643 496/1640 620/1641
f 483/1459 482/1461 605/1463
f 619/1747 501/1749 618/1743
f 462/81 1078/70 456/87
f 1084/211 1085/227 604/241
f 1086/243 1062/262 619/272
f 635/2051 600/2055 538/2053
f 537/971 600/977 599/961
f 376/536 692/527 684/537
f 370/619 1039/613 1040/617
f 1232/521 369/523 1231/528
f 1233/2405 1162/2409 1163/2408
f 1231/528 369/523 370/534
f 370/534 1040/538 1231/528
f 555/759 708/757 554/755
f 548/2294 549/2296 532/2297
f 558/2310 1183/2309 559/2312
f 1164/751 1128/745 1146/753
f 705/821 596/813 335/822
f 1212/2721 595/2718 594/2720
f 592/2449 593/2448 565/2451
f 1206/948 569/953 568/945
f 1182/2394 1211/2396 1181/2395
f 624/248 591/240 515/226
f 562/1090 570/1091 494/1092
f 567/2187 568/2188 569/2190
f 538/1439 592/1433 566/1443
f 738/2014 444/2017 443/2015
f 378/1394 1021/1392 1022/1389
f 1120/960 1121/957 521/963
f 563/1734 447/1741 446/1738
f 753/2009 714/2010 447/2012
f 628/1731 564/1730 563/1734
f 583/387 1221/375 582/383
f 575/1093 562/1090 494/1092
f 745/1537 561/1539 430/1536
f 497/1559 971/1562 178/1560
f 581/395 583/387 582/383
f 1014/366 1012/374 1010/355
f 580/1765 1102/1764 1145/1762
f 1218/1945 574/1944 1109/1948
f 489/1128 492/1126 580/1127
f 1218/405 581/395 582/383
f 429/1590 627/1594 577/1591
f 576/1736 628/1731 563/1734
f 446/997 611/995 543/990
f 578/414 562/441 575/431
f 578/1089 572/1087 261/1086
f 487/1949 1109/1948 574/1944
f 572/1087 570/1091 562/1090
f 1219/1082 261/1086 572/1087
f 611/995 421/992 543/990
f 543/990 421/992 411/988
f 488/1950 487/1949 571/1947
f 577/1591 571/1592 747/1589
f 1217/2326 628/2325 544/2323
f 1212/2042 630/2045 1210/2044
f 633/952 1206/948 413/944
f 599/961 634/964 1120/960
f 520/1457 533/1452 541/1454
f 1210/956 419/947 1224/951
f 637/1437 539/1435 592/1433
f 535/1436 540/1434 539/1435
f 418/1458 482/1461 520/1457
f 483/1459 520/1457 482/1461
f 535/1436 615/1438 536/1431
f 533/1452 416/1455 534/1453
f 536/1431 540/1434 535/1436
f 1177/1390 1208/1395 1171/1393
f 1022/1799 344/1798 378/1803
f 1176/2313 558/2310 559/2312
f 554/755 1126/754 555/759
f 529/2321 1125/2320 531/2318
f 548/2331 551/2330 550/2329
f 1143/2299 498/2298 499/2295
f 588/1674 1107/1675 587/1672
f 550/2329 547/2332 548/2331
f 499/2333 548/2331 547/2332
f 507/741 1136/735 641/737
f 1038/614 1041/610 1037/612
f 1038/1146 1155/1140 1160/1151
f 1038/614 1040/617 1039/613
f 545/634 1150/644 546/641
f 1153/2604 1152/2606 1154/2607
f 545/634 1149/633 1587/637
f 1150/2847 1154/2848 1152/2849
f 1152/647 546/641 1150/644
f 617/2777 511/2778 510/2779
f 507/286 641/296 642/280
f 509/2590 510/2591 511/2592
f 508/249 504/267 509/258
f 504/267 510/259 509/258
f 504/267 603/250 510/259
f 617/747 504/744 508/750
f 503/738 507/741 504/744
f 1138/1673 532/1677 610/1676
f 547/2886 1143/2887 499/2888
f 588/2239 610/2241 609/2240
f 1138/1673 610/1676 588/1674
f 597/162 492/148 1080/136
f 1133/1290 590/1291 1140/1292
f 1134/2338 552/2334 553/2337
f 608/2300 532/2297 498/2298
f 1132/1763 1133/1760 1145/1762
f 1129/756 1125/758 1126/754
f 1173/1305 531/1304 530/1307
f 1130/1310 530/1307 531/1304
f 1125/758 529/762 528/761
f 1085/1315 1131/1312 531/1304
f 1055/929 526/931 527/926
f 774/734 641/737 1136/735
f 1128/2345 617/2347 510/2346
f 521/963 459/955 1087/959
f 600/977 537/971 423/976
f 459/955 1121/957 413/944
f 637/1437 423/1444 525/1446
f 1119/168 1071/134 1066/159
f 533/1452 520/1457 416/1455
f 535/1436 516/1447 541/1442
f 535/1436 539/1435 517/1441
f 422/967 537/971 1120/960
f 1030/158 625/178 514/192
f 1022/1799 556/1793 345/1796
f 519/210 1068/194 518/180
f 1063/193 515/226 519/210
f 517/132 1070/113 644/124
f 517/132 523/160 524/145
f 422/157 522/131 1117/156
f 517/1441 644/1449 541/1442
f 460/86 1093/94 1088/99
f 1093/94 1091/90 1095/98
f 614/121 1090/103 613/129
f 613/129 480/152 481/140
f 1094/93 1113/96 1098/101
f 420/2733 462/2734 491/2735
f 410/993 411/988 421/992
f 1080/136 492/148 490/114
f 489/137 487/115 490/114
f 408/1096 620/1098 409/1097
f 589/2636 458/2635 606/2637
f 487/115 489/137 1109/149
f 571/1947 491/1951 488/1950
f 487/115 488/107 486/100
f 483/1756 491/1755 571/1757
f 491/1755 483/1756 605/1753
f 533/1452 615/1451 541/1454
f 574/1944 571/1947 487/1949
f 570/1091 493/1094 494/1092
f 580/1127 492/1126 579/1125
f 1103/1282 1135/1284 1104/1285
f 788/51 786/53 197/47
f 467/1637 779/1634 463/1639
f 496/2388 408/2385 570/2387
f 497/1559 586/1563 496/1566
f 1099/77 464/75 463/83
f 1051/1072 1061/1061 1060/1068
f 1051/1077 478/1078 1059/1079
f 1583/941 466/939 1591/942
f 790/311 853/298 789/305
f 783/67 1099/77 780/66
f 784/60 783/67 780/66
f 1092/97 1095/98 1091/90
f 479/118 613/129 1090/103
f 1094/93 1091/90 461/80
f 460/86 1078/70 461/80
f 414/112 460/86 1087/104
f 461/80 1091/90 460/86
f 1067/144 1075/169 1066/159
f 1074/143 639/106 1071/134
f 639/106 486/100 417/95
f 1080/136 585/126 1077/146
f 456/87 455/92 462/81
f 496/1640 586/1638 621/1636
f 887/1632 782/1631 779/1634
f 457/230 638/214 458/231
f 1081/195 457/230 458/231
f 597/162 1079/172 1082/183
f 1067/144 1065/167 1075/169
f 1047/251 1144/260 1048/269
f 1057/934 465/936 1053/938
f 477/299 1059/290 478/306
f 1060/1068 773/1070 477/1073
f 789/305 1052/289 1053/297
f 475/577 1042/574 474/573
f 471/1350 473/1352 472/1348
f 556/1355 1022/1359 473/1352
f 625/1354 471/1350 514/1351
f 614/121 1023/153 400/155
f 1482/2465 470/2466 1483/2467
f 470/2466 469/2471 1465/2469
f 1479/2470 1036/2468 1482/2465
f 406/201 315/217 557/234
f 1031/141 468/164 1029/125
f 471/1350 625/1354 1028/1357
f 556/1355 471/1350 476/1358
f 1025/122 1034/111 1026/130
f 1034/111 614/121 1026/130
f 447/1048 714/1043 754/1046
f 755/1010 454/1011 428/1003
f 716/1022 770/1026 767/1014
f 453/545 688/535 701/544
f 362/562 389/551 453/545
f 592/1433 565/1448 566/1443
f 623/2018 738/2014 739/2016
f 656/2281 664/2279 676/2280
f 452/1040 425/1039 424/1037
f 389/551 680/546 453/545
f 449/1658 448/1664 655/1662
f 451/2006 769/2003 758/2008
f 434/1274 645/1277 771/1275
f 451/2006 752/2004 769/2003
f 434/1274 1017/1272 1472/1276
f 432/1273 737/1261 433/1271
f 662/1030 659/1025 675/1019
f 658/1015 767/1014 675/1019
f 660/1990 760/1989 677/1992
f 761/975 734/966 764/972
f 746/2005 752/2004 713/2007
f 448/1548 449/1549 431/1541
f 718/1805 719/1813 720/1812
f 672/2209 696/2210 671/2206
f 449/1549 768/1547 431/1541
f 425/1039 712/1027 424/1037
f 440/1649 627/1646 429/1652
f 446/997 447/1005 428/1003
f 429/1006 445/1000 428/1003
f 719/1813 718/1805 710/1811
f 725/2264 720/2267 719/2269
f 720/2719 741/2722 594/2720
f 729/2164 723/2167 430/2170
f 739/2016 622/2020 623/2018
f 436/2185 730/2183 717/2184
f 716/2384 721/2383 715/2382
f 729/2164 430/2170 677/2169
f 561/1539 431/1541 430/1536
f 431/1541 561/1539 416/1542
f 442/1881 670/1892 669/1889
f 724/1888 442/1881 441/1884
f 677/1543 430/1536 431/1541
f 415/1544 431/1541 416/1542
f 415/1544 560/1546 431/1541
f 439/2200 438/2203 673/2205
f 439/2512 427/2513 437/2510
f 655/1662 653/1659 449/1658
f 450/2282 656/2281 676/2280
f 426/2516 437/2510 427/2513
f 674/2202 438/2203 439/2200
f 650/1668 649/1666 653/1659
f 417/95 486/100 455/92
f 417/95 418/133 644/124
f 417/1462 482/1461 418/1458
f 1070/113 639/106 417/95
f 415/1651 626/1647 440/1649
f 419/947 414/950 413/944
f 644/1460 418/1458 541/1454
f 483/1650 640/1648 626/1647
f 414/950 459/955 413/944
f 495/989 419/986 411/988
f 455/2736 491/2735 462/2734
f 484/1095 494/1092 493/1094
f 494/1001 420/999 421/992
f 456/996 412/991 410/993
f 570/1564 971/1562 497/1559
f 887/1558 643/1561 497/1559
f 415/1651 416/1653 626/1647
f 493/1094 408/1096 484/1095
f 525/979 423/976 422/967
f 539/1435 523/1445 517/1441
f 1032/139 1027/151 613/129
f 411/988 410/993 412/991
f 155/2120 145/2121 1485/2122
f 359/887 351/891 358/881
f 404/204 402/200 1194/205
f 359/887 350/894 351/891
f 402/200 404/204 393/237
f 1203/605 385/602 320/598
f 294/2794 308/2795 305/2796
f 353/559 337/547 389/551
f 386/2892 329/2893 366/2894
f 329/2843 386/2844 374/2845
f 338/568 337/547 339/564
f 373/1178 371/1179 297/1180
f 365/541 337/547 330/552
f 141/895 356/897 1304/899
f 365/541 374/553 366/548
f 330/552 329/554 374/553
f 297/1871 289/1872 390/1873
f 371/1179 373/1178 372/1181
f 305/1192 309/1188 323/1190
f 300/274 304/252 287/254
f 1043/1792 315/1791 346/1794
f 298/301 309/307 294/283
f 384/599 322/595 385/602
f 1190/1679 407/1680 364/1681
f 1309/2668 391/2669 1311/2670
f 374/2845 386/2844 375/2846
f 374/2850 375/2851 366/2852
f 365/541 367/533 376/536
f 367/533 366/548 327/542
f 370/534 367/533 327/542
f 370/534 369/523 367/533
f 330/552 374/553 365/541
f 331/624 368/625 319/623
f 330/552 331/560 342/566
f 331/624 377/629 336/626
f 354/1191 333/1193 332/1185
f 354/1191 335/1197 334/1199
f 337/547 365/541 376/536
f 353/559 339/564 337/547
f 364/1681 141/1689 1305/1687
f 1188/876 143/872 363/879
f 1184/2253 1193/2254 357/2255
f 355/900 356/897 134/886
f 400/155 351/207 350/189
f 378/1803 344/1798 349/1804
f 348/2191 347/2192 1313/2193
f 397/1817 398/1818 361/1819
f 1201/1821 361/1819 395/1823
f 346/1794 345/1796 556/1793
f 311/1802 343/1797 301/1801
f 331/560 337/547 377/565
f 368/625 331/624 336/626
f 336/1876 377/1879 337/1878
f 331/560 330/552 337/547
f 342/566 327/542 330/552
f 366/548 329/554 327/542
f 327/620 341/621 326/616
f 370/619 326/616 1039/613
f 296/583 313/590 295/589
f 295/589 313/590 321/592
f 321/592 322/595 295/589
f 309/1188 298/1182 318/1187
f 321/592 313/590 317/588
f 298/1182 371/1179 316/1183
f 319/2410 1204/2411 320/2412
f 332/1185 305/1192 323/1190
f 341/2112 319/2113 328/2114
f 324/255 292/244 304/252
f 324/255 315/217 292/244
f 293/216 292/244 303/232
f 305/1192 307/1195 306/1198
f 301/273 324/255 304/252
f 315/217 303/232 292/244
f 346/1794 315/1791 324/1795
f 306/300 300/274 305/293
f 315/217 302/186 303/232
f 1598/581 296/583 1600/585
f 325/586 296/583 314/578
f 295/589 322/595 384/599
f 305/293 300/274 294/283
f 294/2917 309/2918 308/2919
f 297/1180 371/1179 298/1182
f 296/583 317/588 313/590
f 1599/587 295/589 1601/591
f 287/254 304/252 293/216
f 292/244 293/216 304/252
f 288/295 287/254 1308/285
f 293/216 299/233 291/246
f 293/216 291/246 287/254
f 310/1893 334/1894 311/1895
f 1302/264 291/246 1316/276
f 390/1873 352/1874 297/1871
f 295/589 384/599 1319/603
f 297/292 287/254 288/295
f 384/309 288/295 1315/302
f 288/295 289/308 297/292
f 294/283 297/292 298/301
f 384/309 383/315 289/308
f 289/308 288/295 384/309
f 384/599 1203/605 383/608
f 319/2113 1205/2116 328/2114
f 1203/605 320/598 1204/607
f 384/599 385/602 1203/605
f 322/595 320/598 385/602
f 320/598 322/595 321/592
f 1322/594 295/589 1323/597
f 336/626 290/628 368/625
f 314/615 1039/613 326/616
f 328/2114 340/2117 326/2115
f 326/616 325/618 314/615
f 317/2119 325/2118 340/2117
f 325/2118 326/2115 340/2117
f 320/2412 1205/2413 319/2410
f 340/2416 328/2414 321/2415
f 289/1872 290/1875 390/1873
f 1205/2413 320/2412 328/2414
f 1203/627 319/623 368/625
f 317/2417 340/2416 321/2415
f 383/630 1203/627 368/625
f 372/1181 316/1183 371/1179
f 317/588 296/583 325/586
f 368/625 290/628 383/630
f 312/291 301/273 300/274
f 318/1187 323/1190 309/1188
f 290/1875 336/1876 390/1873
f 305/1192 332/1185 307/1195
f 332/1185 333/1193 307/1195
f 334/1199 310/1196 354/1191
f 1313/1953 291/1954 1325/1955
f 311/1802 344/1798 387/1800
f 346/1794 343/1797 387/1800
f 344/1798 345/1796 346/1794
f 301/1896 310/1893 311/1895
f 396/1835 361/1836 398/1837
f 1202/1838 396/1835 398/1837
f 361/1819 360/1820 397/1817
f 396/1835 1202/1838 1330/1840
f 398/2101 397/2102 1202/2103
f 360/1820 361/1819 1201/1821
f 361/1836 396/1835 395/1839
f 395/1823 396/1832 1337/1830
f 397/2102 394/2109 405/2108
f 1487/224 400/155 1488/215
f 135/2356 139/2357 359/2358
f 1196/177 138/223 1346/209
f 401/165 379/187 392/176
f 1348/235 392/176 1349/221
f 391/2669 1202/2674 1351/2677
f 360/1820 1201/1821 394/1822
f 394/2109 1201/2111 393/2110
f 405/2108 394/2109 393/2110
f 291/246 1198/253 1336/265
f 1200/1826 395/1823 1338/1827
f 393/1824 1201/1821 395/1823
f 397/2102 1199/2107 1356/2106
f 395/1823 1200/1826 1197/1825
f 400/155 1196/177 401/165
f 1197/1825 1200/1826 1354/1828
f 1335/263 1197/245 1360/275
f 1197/245 1198/253 299/233
f 1197/245 402/200 393/237
f 393/1824 395/1823 1197/1825
f 1350/203 379/187 1361/220
f 1362/202 401/165 1363/218
f 392/176 405/222 404/204
f 393/237 404/204 405/222
f 1197/245 299/233 402/200
f 402/200 299/233 293/216
f 404/204 1194/205 1195/188
f 392/176 403/154 401/165
f 401/165 1196/177 1347/190
f 403/154 1026/130 401/165
f 1196/177 400/155 350/189
f 400/155 399/175 1493/185
f 1026/130 400/155 401/165
f 1194/205 402/200 403/154
f 302/186 1035/166 403/154
f 302/186 293/216 303/232
f 402/200 302/186 403/154
f 1195/188 403/154 392/176
f 166/1910 407/1911 1190/1912
f 154/2089 159/2090 158/2091
f 157/2077 152/2078 1497/2079
f 158/2216 162/2217 1499/2218
f 1190/1679 364/1681 1365/1682
f 164/1599 147/1600 1189/1601
f 1191/2258 165/2261 1185/2256
f 1191/2613 1192/2614 1501/2615
f 364/1681 381/1686 388/1688
f 1367/1916 166/1910 1368/1915
f 166/1683 381/1686 364/1681
f 389/551 337/547 376/536
f 366/2894 375/2895 386/2892
f 335/563 389/551 362/562
f 335/563 353/559 389/551
f 388/1688 381/1686 1372/1690
f 1185/2618 165/2624 1504/2622
f 1501/2615 1185/2618 1505/2620
f 1193/2254 1191/2258 1185/2256
f 1189/1601 1187/1602 164/1599
f 147/1600 149/1603 1189/1601
f 137/883 358/881 1188/876
f 355/1608 363/1605 1187/1602
f 1191/2613 1193/2617 1192/2614
f 1185/2618 1192/2614 1506/2621
f 1508/1609 148/1606 1509/1611
f 1304/2856 1186/2857 1377/2858
f 141/895 134/886 356/897
f 1184/1604 355/1608 1187/1602
f 1506/2971 1193/2972 1510/2973
f 157/2077 165/2086 148/2084
f 134/886 137/883 363/879
f 137/883 1188/876 363/879
f 357/2255 1193/2254 1185/2256
f 356/2651 355/2652 1184/2653
f 1186/2655 357/2654 1375/2656
f 167/2287 144/2288 1503/2289
f 166/1910 1190/1912 1374/1913
f 147/877 164/880 143/872
f 1504/2088 157/2077 1513/2087
f 160/2222 162/2217 159/2220
f 159/873 163/875 143/872
f 161/2223 160/2222 159/2220
f 159/2090 154/2089 150/2093
f 153/2124 156/2127 149/2128
f 147/2553 163/2554 150/2555
f 1515/2221 160/2222 1516/2224
f 159/2220 162/2217 158/2216
f 160/2222 161/2223 1517/2225
f 154/2089 158/2091 1500/2092
f 153/2096 154/2089 1522/2097
f 151/2081 152/2078 157/2077
f 153/2124 155/2120 152/2125
f 153/2124 145/2121 155/2120
f 152/2125 155/2120 1486/2123
f 153/2124 152/2125 156/2127
f 152/2125 151/2129 156/2127
f 150/2093 163/2095 159/2090
f 148/1606 1189/1601 149/1603
f 145/2099 153/2096 1523/2098
f 136/2867 133/2868 1527/2869
f 137/883 134/886 135/890
f 133/893 135/890 134/886
f 359/887 137/883 135/890
f 1528/2558 1342/2559 1544/2560
f 135/2871 133/2868 136/2867
f 312/1898 310/1893 301/1896
f 1195/188 392/176 404/204
f 139/206 138/223 1196/177
f 291/246 299/233 1198/253
f 1534/2364 139/2357 1535/2362
f 140/878 358/881 1489/884
f 336/1876 337/1878 373/1877
f 352/1874 390/1873 336/1876
f 298/1182 316/1183 318/1187
f 287/254 294/283 300/274
f 165/2261 1191/2258 1512/2262
f 141/1689 364/1681 388/1688
f 332/1185 372/1181 338/1186
f 367/533 365/541 366/548
f 372/1181 332/1185 316/1183
f 319/623 342/622 331/624
f 339/1189 353/1194 354/1191
f 332/1185 323/1190 318/1187
f 349/820 335/822 596/813
f 335/1899 349/1897 334/1894
f 1496/882 140/878 1531/885
f 358/881 140/878 1188/876
f 144/874 143/872 1188/876
f 1184/2653 357/2654 356/2651
f 358/881 137/883 359/887
f 358/881 351/891 1487/892
f 349/1804 344/1798 311/1802
f 346/1794 324/1795 343/1797
f 333/1193 310/1196 306/1198
f 310/1196 333/1193 354/1191
f 332/1185 339/1189 354/1191
f 373/1178 337/1184 372/1181
f 337/1184 338/1186 372/1181
f 373/1877 352/1874 336/1876
f 311/1895 334/1894 349/1897
f 353/1194 335/1197 354/1191
f 329/554 330/552 327/542
f 327/620 342/622 341/621
f 1203/627 1204/631 319/623
f 306/1198 307/1195 333/1193
f 304/252 300/274 301/273
f 306/300 312/291 300/274
f 309/2797 305/2796 308/2795
f 294/283 287/254 297/292
f 341/621 342/622 319/623
f 326/2115 341/2112 328/2114
f 290/628 289/632 383/630
f 352/1874 373/1877 297/1871
f 321/2415 328/2414 320/2412
f 316/1183 332/1185 318/1187
f 324/1795 301/1801 343/1797
f 312/1200 306/1198 310/1196
f 347/2192 348/2191 291/2195
f 387/1800 343/1797 311/1802
f 346/2566 387/2567 344/2568
f 338/1186 339/1189 332/1185
f 1318/2197 348/2191 1326/2196
f 391/2669 380/2671 1202/2674
f 1351/2104 397/2102 1357/2105
f 360/1820 394/1822 397/1817
f 1343/896 141/895 1383/898
f 141/1689 388/1688 1344/1691
f 139/2357 350/2360 359/2358
f 1196/177 350/189 139/206
f 139/2357 136/2359 1529/2361
f 405/2108 1199/2107 397/2102
f 405/222 392/176 1199/236
f 1328/1843 380/1844 1381/1845
f 302/186 402/200 293/216
f 1195/188 1194/205 403/154
f 406/201 302/186 315/217
f 364/1681 407/1680 166/1683
f 143/872 163/875 147/877
f 143/872 167/869 161/871
f 363/879 143/872 164/880
f 1189/1601 1184/1604 1187/1602
f 357/2654 1186/2655 356/2651
f 1188/876 140/878 144/874
f 381/1919 166/1910 382/1917
f 381/1919 382/1917 1369/1918
f 357/2255 1185/2256 1386/2257
f 363/1605 164/1599 1187/1602
f 1193/1607 1189/1601 1508/1609
f 363/1605 355/1608 134/1610
f 1189/1601 1193/1607 1184/1604
f 148/2131 149/2128 156/2127
f 1509/1611 165/1613 1536/1614
f 147/2553 150/2555 146/2556
f 159/873 143/872 161/871
f 148/2131 156/2127 151/2129
f 153/2124 149/2128 150/2130
f 154/2089 153/2096 150/2093
f 157/2077 148/2084 151/2081
f 149/2557 146/2556 150/2555
f 135/2356 136/2359 139/2357
f 133/893 134/886 141/895
f 1492/2642 138/2643 1537/2644
f 143/872 144/874 167/869
f 370/619 327/620 326/616
f 1358/2647 142/2645 1388/2648
f 146/2824 149/2825 147/2826
f 1236/1960 916/1959 942/1963
f 1237/1961 280/1958 1236/1960
f 1238/2711 124/2709 1239/2713
f 1239/2301 124/2304 33/2302
f 1240/472 228/460 1259/465
f 1241/487 33/480 1240/472
f 1242/446 50/438 231/454
f 1243/453 216/429 1242/446
f 1244/468 61/462 66/457
f 1245/476 61/462 1244/468
f 1246/695 944/692 280/693
f 1247/699 131/697 1246/695
f 1248/36 810/28 1249/35
f 1249/35 810/28 803/23
f 1250/45 802/24 1248/36
f 1252/2500 977/2497 1253/2498
f 1253/2498 977/2497 62/2496
f 1254/1209 252/1205 977/1213
f 1255/1212 202/1203 1254/1209
f 1256/501 33/480 1263/494
f 1257/1217 977/1213 1252/1219
f 1258/469 62/443 61/462
f 1259/465 228/460 1243/453
f 1260/461 231/454 215/466
f 1261/481 215/466 214/483
f 1262/495 214/483 1267/502
f 1263/494 33/480 1241/487
f 1264/473 215/466 1261/481
f 1265/505 1266/504 1559/503
f 1267/502 214/483 1266/504
f 1268/789 904/793 915/791
f 1269/798 915/791 202/797
f 1270/1216 202/1203 1255/1212
f 1271/696 280/693 1272/698
f 1272/698 280/693 1280/700
f 1274/2804 1273/2806 1541/2805
f 1276/2798 1274/2804 1542/2803
f 1275/2425 943/2419 1247/2423
f 1416/2801 1276/2798 1543/2802
f 1277/1969 942/1963 946/1970
f 1278/68 946/72 806/50
f 1279/1968 942/1963 1277/1969
f 1280/1964 280/1958 1237/1961
f 1281/786 873/777 1268/789
f 1282/784 873/777 1281/786
f 1283/781 873/777 1282/784
f 1284/1529 803/1525 1285/1527
f 1285/1527 803/1525 813/1524
f 1286/1528 813/1524 1291/1530
f 1287/778 828/774 1288/783
f 1288/783 828/774 1283/781
f 1289/782 817/775 1287/778
f 1290/14 813/7 1289/10
f 1291/16 813/7 1290/14
f 1292/62 806/50 1293/56
f 1293/56 806/50 1250/45
f 1294/2426 943/2419 1275/2425
f 1295/2712 32/2710 1238/2711
f 1296/2714 32/2710 1295/2712
f 1297/475 66/457 32/467
f 1298/477 61/462 1245/476
f 1299/484 32/467 1296/490
f 1300/801 202/797 1270/803
f 1301/1966 942/1963 1279/1968
f 1302/264 287/254 291/246
f 1303/277 287/254 1302/264
f 1304/2856 356/2859 1186/2857
f 1305/901 141/895 1304/899
f 1306/2199 291/2195 1317/2198
f 1307/284 291/246 1306/294
f 1308/285 287/254 1303/277
f 1309/2668 380/2671 391/2669
f 1310/2673 380/2671 1309/2668
f 1311/2670 391/2669 1333/2672
f 1312/1685 364/1681 1305/1687
f 1313/1953 347/1956 291/1954
f 1314/2194 348/2191 1313/2193
f 1315/302 288/295 1308/285
f 1316/276 291/246 1307/284
f 1317/2198 291/2195 1318/2197
f 1318/2197 291/2195 348/2191
f 1319/313 384/309 1315/302
f 1320/606 295/589 1319/603
f 1321/604 295/589 1320/606
f 1602/593 1322/594 1607/596
f 1323/597 295/589 1324/601
f 1324/601 295/589 1321/604
f 1325/1955 291/1954 1353/1957
f 1326/2196 348/2191 1314/2194
f 1327/1842 1202/1838 1328/1843
f 1328/1843 1202/1838 380/1844
f 1329/2676 380/2671 1310/2673
f 1330/1840 1202/1838 1327/1842
f 1331/2675 391/2669 1332/2678
f 1332/2678 391/2669 1385/2681
f 1333/2672 391/2669 1331/2675
f 1334/1841 396/1835 1330/1840
f 1335/263 1198/253 1197/245
f 1336/265 1198/253 1335/263
f 1337/1830 396/1832 1339/1833
f 1338/1827 395/1823 1337/1830
f 1339/1833 396/1832 1334/1834
f 1340/219 379/187 1362/202
f 1341/2827 379/2828 1340/2829
f 1342/2559 133/2561 1343/2563
f 1343/896 133/893 141/895
f 1344/1691 388/1688 1345/1694
f 1345/1694 388/1688 1373/1692
f 1346/2649 138/2643 1358/2647
f 1347/190 1196/177 1346/209
f 1348/235 1199/236 392/176
f 1349/221 392/176 1350/203
f 1350/203 392/176 379/187
f 1351/2104 1202/2103 397/2102
f 1352/2680 391/2669 1351/2677
f 1353/278 291/246 1336/265
f 1354/1828 1200/1826 1355/1829
f 1355/1829 1200/1826 1338/1827
f 1356/266 1199/236 1359/256
f 1357/2105 397/2102 1356/2106
f 1358/2647 138/2643 142/2645
f 1359/256 1199/236 1348/235
f 1360/1831 1197/1825 1354/1828
f 1361/2830 379/2828 1341/2827
f 1362/202 379/187 401/165
f 1363/218 401/165 1364/208
f 1364/208 401/165 1347/190
f 1365/1682 364/1681 1312/1685
f 1366/1684 1190/1679 1365/1682
f 1367/1916 382/1917 166/1910
f 1368/1915 166/1910 1379/1914
f 1369/1918 382/1917 1367/1916
f 1370/1921 381/1919 1371/1920
f 1371/1920 381/1919 1369/1918
f 1372/1922 381/1919 1370/1921
f 1373/1692 388/1688 1372/1690
f 1374/2936 1190/2937 1366/2938
f 1375/2656 357/2654 1376/2657
f 1376/2657 357/2654 1387/2658
f 1377/2858 1186/2857 1375/2860
f 1378/3005 1185/3006 1545/3007
f 1379/1914 166/1910 1374/1913
f 1342/2559 1380/2564 1533/2562
f 1381/1845 380/1844 1382/1846
f 1382/2679 380/2671 1329/2676
f 1383/1695 141/1689 1384/1693
f 1384/1693 141/1689 1344/1691
f 1385/2681 391/2669 1352/2680
f 1386/2257 1185/2256 1378/2260
f 1387/2259 357/2255 1386/2257
f 1388/2648 142/2645 1491/2646
f 1389/1847 176/1850 168/1848
f 1390/1849 168/1848 1391/1851
f 1391/767 168/766 1392/763
f 1392/763 168/766 169/764
f 1393/1938 169/1933 1399/1936
f 1394/660 184/657 185/656
f 1395/664 185/656 1396/670
f 1396/670 185/656 182/671
f 1397/2831 799/2832 1398/2833
f 1398/2939 799/2940 1420/2941
f 1399/1936 169/1933 1389/1935
f 1400/2179 796/2176 187/2173
f 1401/2069 796/2065 1400/2072
f 1402/2153 132/2152 1421/2156
f 1403/2154 798/2151 1402/2153
f 1404/2175 187/2173 953/2172
f 1405/2178 187/2173 1404/2175
f 1406/661 952/658 184/657
f 1407/666 184/657 1408/665
f 1408/665 184/657 1394/660
f 1409/2756 953/2753 1406/2755
f 1410/675 182/671 949/678
f 1411/687 949/678 1413/689
f 1412/682 949/678 1411/687
f 1413/689 949/678 1414/691
f 1414/691 949/678 944/692
f 1415/2418 131/2421 943/2419
f 1416/2801 943/2799 1276/2798
f 1417/2159 798/2151 1422/2160
f 1418/2161 944/2155 1417/2159
f 1419/2424 947/2422 1415/2418
f 1420/2834 799/2832 1397/2831
f 1421/2551 132/2548 1419/2550
f 1422/2160 798/2151 1427/2157
f 1423/2835 797/2836 1424/2837
f 1424/2837 797/2836 1426/2838
f 1425/2945 797/2946 1423/2947
f 1426/2949 797/2946 1434/2948
f 1427/2157 798/2151 1403/2154
f 1428/2070 791/2066 1429/2071
f 1429/2071 791/2066 1401/2069
f 1430/2180 187/2173 1405/2178
f 1431/58 787/31 1433/64
f 1432/63 788/51 1431/58
f 1433/2073 787/2067 1428/2070
f 1434/2948 797/2946 1425/2945
f 1435/2489 1033/2481 1445/2486
f 1436/2487 1033/2481 1435/2489
f 1437/85 1097/69 1461/84
f 1438/89 461/80 1437/85
f 1439/2989 1207/2990 1443/2991
f 1440/1270 1018/1263 1439/1266
f 1441/1265 1207/1262 737/1261
f 1442/1932 737/1930 1444/1928
f 1443/1269 1207/1262 1441/1265
f 1444/1928 737/1930 432/1925
f 1445/2486 1033/2481 1027/2484
f 1446/2488 1027/2484 1468/2491
f 1447/2950 479/2951 1449/2952
f 1448/2927 1032/2924 1447/2926
f 1449/2952 479/2951 1481/2953
f 1450/108 1098/101 1113/96
f 1451/109 1113/96 1112/102
f 1452/2961 1098/2962 1454/2963
f 1453/110 1098/101 1452/120
f 1454/116 1098/101 1450/108
f 1455/117 1112/102 1456/127
f 1456/1863 1112/1860 1438/1862
f 1457/138 479/118 1458/128
f 1458/128 479/118 1092/97
f 1459/79 1097/69 1460/73
f 1460/73 1097/69 1432/63
f 1461/84 1097/69 1459/79
f 1462/119 1092/97 1453/110
f 1463/2492 469/2485 1464/2490
f 1464/2490 469/2485 1436/2487
f 1465/2469 469/2471 1463/2473
f 1466/2928 1032/2924 1448/2927
f 1467/163 1032/139 1466/174
f 1468/173 1027/151 1467/163
f 1469/1279 645/1277 434/1274
f 1470/1280 434/1274 1476/1281
f 1471/1926 432/1925 726/1924
f 1472/2000 1017/1997 771/1996
f 1473/2001 771/1996 645/2002
f 1474/1927 726/1924 1440/1929
f 1475/2934 645/2933 1469/2935
f 1476/2889 434/2890 1484/2891
f 1477/868 161/871 167/869
f 1478/2292 167/2287 1511/2290
f 1479/2470 1214/2472 1036/2468
f 1480/2403 399/2399 1479/2401
f 1481/150 479/118 1457/138
f 1482/2465 1036/2468 470/2466
f 1483/2467 470/2466 1465/2469
f 1484/1278 434/1274 1472/1276
f 1485/3001 145/3002 1526/3003
f 1486/2123 155/2120 1485/2122
f 1487/224 351/207 400/155
f 1488/215 400/155 1494/198
f 1489/884 358/881 1490/889
f 1490/889 358/881 1487/892
f 1491/2646 142/2645 1492/2642
f 1492/2642 142/2645 138/2643
f 1493/185 399/175 1480/199
f 1494/198 400/155 1493/185
f 1495/2291 144/2288 1496/2293
f 1496/882 144/874 140/878
f 1497/2079 152/2078 1524/2082
f 1498/2080 157/2077 1497/2079
f 1499/2218 162/2217 1515/2221
f 1500/2219 158/2216 1499/2218
f 1501/2615 1192/2614 1185/2618
f 1502/2616 1191/2613 1501/2615
f 1503/2289 144/2288 1495/2291
f 1504/2088 165/2086 157/2077
f 1505/2620 1185/2618 1504/2622
f 1506/2971 1192/2974 1193/2972
f 1507/2623 1185/2618 1506/2621
f 1508/1609 1189/1601 148/1606
f 1509/1611 148/1606 165/1613
f 1510/1612 1193/1607 1508/1609
f 1511/2290 167/2287 1503/2289
f 1512/2619 1191/2613 1502/2616
f 1513/2087 157/2077 1514/2085
f 1514/2085 157/2077 1520/2083
f 1515/2221 162/2217 160/2222
f 1516/2224 160/2222 1519/2226
f 1517/2225 161/2223 1477/2228
f 1518/2227 160/2222 1517/2225
f 1519/2226 160/2222 1518/2227
f 1520/2083 157/2077 1498/2080
f 1521/2094 154/2089 1500/2092
f 1522/2097 154/2089 1521/2094
f 1523/2098 153/2096 1522/2097
f 1524/2126 152/2125 1486/2123
f 1525/2100 145/2099 1523/2098
f 1526/3003 145/3002 1525/3004
f 1527/2869 133/2868 1528/2872
f 1528/2558 133/2561 1342/2559
f 1529/2361 136/2359 1530/2363
f 1530/2870 136/2867 1527/2869
f 1531/885 140/878 1532/888
f 1532/888 140/878 1489/884
f 1533/2562 1380/2564 1547/2565
f 1534/2364 138/2365 139/2357
f 1535/2362 139/2357 1529/2361
f 1536/2263 165/2261 1512/2262
f 1537/2366 138/2365 1534/2364
f 1538/2999 1251/2996 1539/3000
f 1540/2997 1251/2996 1538/2999
f 1541/2998 1273/2995 1540/2997
f 1542/2803 1274/2804 1541/2805
f 1543/2802 1276/2798 1542/2803
f 1544/2560 1342/2559 1533/2562
f 1545/3007 1185/3006 1507/3009
f 1546/3008 1378/3005 1545/3007
f 1548/2650 1388/2648 1491/2646
f 1549/1225 1/1222 906/1221
f 1550/1230 1/1222 1549/1225
f 1551/1227 232/1220 1552/1223
f 1552/1223 232/1220 1/1222
f 1553/1229 906/1221 286/1232
f 1554/1235 286/1232 1562/1238
f 1555/719 829/716 1568/723
f 1556/722 830/713 1555/719
f 1557/498 234/474 1558/496
f 1558/496 234/474 1551/488
f 1559/503 1266/504 214/483
f 1560/489 234/474 1557/498
f 1561/497 214/483 1560/489
f 1562/1238 286/1232 1563/1239
f 1563/1239 286/1232 819/1237
f 1564/2964 819/2965 1572/2966
f 1565/729 790/715 789/730
f 1566/726 790/715 1565/729
f 1567/718 840/710 790/715
f 1568/723 829/716 1567/718
f 1569/721 790/715 1566/726
f 1570/1980 819/1977 886/1973
f 1571/1983 819/1977 1570/1980
f 1572/2966 819/2965 1571/2967
f 1573/1226 1/1222 1550/1230
f 1574/1976 886/1973 824/1975
f 1575/724 824/720 857/717
f 1576/727 857/717 1556/722
f 1577/1979 886/1973 1574/1976
f 1578/655 466/653 1579/654
f 1579/654 466/653 1156/649
f 1580/648 1156/649 527/646
f 1581/650 1156/649 1580/648
f 1582/940 1053/938 465/936
f 1583/941 465/936 466/939
f 1584/652 1156/649 1581/650
f 1585/645 527/646 545/634
f 1586/643 545/634 1590/640
f 1587/637 1149/633 1588/639
f 1588/639 1149/633 1046/636
f 1589/2715 1046/2716 1597/2717
f 1590/640 545/634 1587/637
f 1591/942 466/939 1578/943
f 1592/310 789/305 1053/297
f 1593/314 1053/297 1582/316
f 1594/575 1042/574 314/578
f 1595/576 474/573 1594/575
f 1596/579 474/573 1595/576
f 1597/584 1046/582 1596/579
f 1598/581 314/578 296/583
f 1599/587 296/583 295/589
f 1600/585 296/583 1599/587
f 1601/591 295/589 1602/593
f 1602/593 295/589 1322/594
f 1603/507 1265/505 1604/506
f 1604/506 1265/505 1559/503
f 1605/508 1265/505 1603/507
f 1606/509 1265/505 1605/508
f 1607/596 1322/594 1608/600
usemtl Tile_+033_+029_L18_00012_untextured
