mtllib Tile_+033_+029_L18_00023.mtl
v 6.56692807e+03 7.18952591e+03 2.98624423e+01
v 6.56976231e+03 7.19155020e+03 3.10567920e+01
v 6.57054928e+03 7.19038712e+03 3.14406457e+01
v 6.57674918e+03 7.18901908e+03 3.16805037e+01
v 6.57527965e+03 7.18814179e+03 3.14175044e+01
v 6.57997203e+03 7.18832612e+03 3.29260381e+01
v 6.57422862e+03 7.18911466e+03 3.17812797e+01
v 6.58610522e+03 7.20978561e+03 2.96403526e+01
v 6.58591753e+03 7.21062926e+03 2.84564294e+01
v 6.58703512e+03 7.21276195e+03 3.10932992e+01
v 6.58922318e+03 7.21181827e+03 3.12546274e+01
v 6.58794003e+03 7.21315684e+03 2.81889839e+01
v 6.58824599e+03 7.21293855e+03 2.97303827e+01
v 6.58684234e+03 7.21324074e+03 2.90199873e+01
v 6.58671338e+03 7.21255521e+03 2.99495631e+01
v 6.58571136e+03 7.21220194e+03 2.92957734e+01
v 6.58624701e+03 7.21066728e+03 3.14148423e+01
v 6.58741889e+03 7.20819144e+03 2.97905036e+01
v 6.58911860e+03 7.20833728e+03 2.95131178e+01
v 6.58852046e+03 7.20706533e+03 2.98708997e+01
v 6.58952202e+03 7.20593938e+03 2.98967535e+01
v 6.58904724e+03 7.21071555e+03 2.98670318e+01
v 6.58992638e+03 7.20891939e+03 3.06663579e+01
v 6.59167803e+03 7.20603412e+03 2.94769408e+01
v 6.59133526e+03 7.20592223e+03 3.11430551e+01
v 6.59168123e+03 7.20710562e+03 3.08850125e+01
v 6.59201868e+03 7.20736254e+03 2.91113256e+01
v 6.59256650e+03 7.20052163e+03 3.04909243e+01
v 6.59097560e+03 7.20031545e+03 3.12825775e+01
v 6.59157559e+03 7.20328168e+03 2.97387302e+01
v 6.58997868e+03 7.21355338e+03 2.86922259e+01
v 6.59216656e+03 7.21488717e+03 2.74561945e+01
v 6.59086957e+03 7.21356245e+03 2.81516340e+01
v 6.59167129e+03 7.21240552e+03 2.89970476e+01
v 6.58946999e+03 7.21222908e+03 2.76679466e+01
v 6.58399174e+03 7.21424786e+03 3.05087736e+01
v 6.58804242e+03 7.21926093e+03 2.86924325e+01
v 6.58668070e+03 7.21720000e+03 2.84856888e+01
v 6.58703869e+03 7.20979311e+03 3.06359894e+01
v 6.59030608e+03 7.20845883e+03 2.92403008e+01
v 6.57670626e+03 7.21602460e+03 2.90739696e+01
v 6.57770165e+03 7.21784028e+03 2.74977522e+01
v 6.57714267e+03 7.21534746e+03 3.09205305e+01
v 6.57026584e+03 7.22370377e+03 2.86645982e+01
v 6.57178989e+03 7.22108880e+03 2.87412569e+01
v 6.57009726e+03 7.22010687e+03 2.82296582e+01
v 6.56954703e+03 7.22279434e+03 2.89085017e+01
v 6.57023151e+03 7.21718961e+03 2.95044331e+01
v 6.57103105e+03 7.21947977e+03 2.93490413e+01
v 6.56985238e+03 7.22119425e+03 2.89682192e+01
v 6.58777529e+03 7.20421340e+03 3.01395067e+01
v 6.58675061e+03 7.20523692e+03 3.11248083e+01
v 6.58805908e+03 7.20159598e+03 3.18212765e+01
v 6.59167143e+03 7.20493242e+03 2.82736051e+01
v 6.58932936e+03 7.20254999e+03 3.13105153e+01
v 6.58373251e+03 7.21581820e+03 2.93043947e+01
v 6.58197996e+03 7.21538260e+03 2.94633280e+01
v 6.58596879e+03 7.21466928e+03 2.89231284e+01
v 6.58420550e+03 7.21581613e+03 2.84363401e+01
v 6.56902675e+03 7.21416660e+03 2.95150370e+01
v 6.57895859e+03 7.21526136e+03 2.78524608e+01
v 6.57227425e+03 7.21641119e+03 2.99282930e+01
v 6.57106400e+03 7.21580687e+03 3.01376221e+01
v 6.57020983e+03 7.21488244e+03 2.93516078e+01
v 6.58297340e+03 7.21483153e+03 3.10571406e+01
v 6.58230042e+03 7.21378993e+03 3.07432654e+01
v 6.57852699e+03 7.21941153e+03 2.86586287e+01
v 6.57237604e+03 7.21835298e+03 2.92026552e+01
v 6.57636701e+03 7.21752001e+03 2.85392876e+01
v 6.57712857e+03 7.22304257e+03 3.13987740e+01
v 6.57737296e+03 7.22194428e+03 3.00836093e+01
v 6.57723854e+03 7.22077174e+03 2.78035069e+01
v 6.57368232e+03 7.22251484e+03 3.12841292e+01
v 6.57578192e+03 7.22350161e+03 2.98727802e+01
v 6.57744421e+03 7.22281225e+03 2.85476961e+01
v 6.56852939e+03 7.21748630e+03 2.96770320e+01
v 6.57817993e+03 7.21854017e+03 2.95466382e+01
v 6.57012141e+03 7.22465186e+03 2.97668737e+01
v 6.57188652e+03 7.23064466e+03 3.07215207e+01
v 6.56990866e+03 7.23140198e+03 2.98700393e+01
v 6.57146155e+03 7.23217345e+03 3.12812893e+01
v 6.57080954e+03 7.22966019e+03 3.13801930e+01
v 6.57988257e+03 7.22620094e+03 3.10950117e+01
v 6.57961651e+03 7.22786896e+03 2.97359473e+01
v 6.57835872e+03 7.24130496e+03 3.12752368e+01
v 6.57527982e+03 7.24110673e+03 3.45420467e+01
v 6.57594940e+03 7.24119234e+03 3.01771840e+01
v 6.57418741e+03 7.24040948e+03 2.98861297e+01
v 6.57610112e+03 7.23977229e+03 2.93244613e+01
v 6.56945116e+03 7.22425653e+03 3.05612318e+01
v 6.56852353e+03 7.22120655e+03 2.85525267e+01
v 6.57175393e+03 7.22112958e+03 3.14934736e+01
v 6.57555665e+03 7.22141565e+03 3.15744440e+01
v 6.57343796e+03 7.21917495e+03 2.95481271e+01
v 6.57853657e+03 7.22059630e+03 2.98893167e+01
v 6.57695650e+03 7.22511103e+03 2.94551166e+01
v 6.57832189e+03 7.22386283e+03 3.06299323e+01
v 6.57836797e+03 7.23104840e+03 3.05775759e+01
v 6.57585987e+03 7.23392805e+03 2.80783145e+01
v 6.57024878e+03 7.23331656e+03 3.33703158e+01
v 6.58265073e+03 7.24460228e+03 2.87797216e+01
v 6.58219808e+03 7.24408302e+03 2.96741317e+01
v 6.57277233e+03 7.22525882e+03 3.06065591e+01
v 6.57057254e+03 7.22595298e+03 3.08361742e+01
v 6.56904268e+03 7.23051716e+03 2.88998574e+01
v 6.57963537e+03 7.22991513e+03 2.98359324e+01
v 6.57828090e+03 7.22742948e+03 2.71552871e+01
v 6.56751139e+03 7.22239782e+03 2.96176760e+01
v 6.56963701e+03 7.21006382e+03 3.03411568e+01
v 6.56982848e+03 7.21234665e+03 2.96256328e+01
v 6.58396226e+03 7.21082285e+03 2.94623436e+01
v 6.58344253e+03 7.24611256e+03 3.20905366e+01
v 6.58377020e+03 7.24600195e+03 2.95422095e+01
v 6.58180448e+03 7.24228358e+03 3.06055563e+01
v 6.58099668e+03 7.24931540e+03 2.88366207e+01
v 6.58327623e+03 7.24312039e+03 2.88249625e+01
v 6.58403314e+03 7.24715179e+03 3.15241729e+01
v 6.58252378e+03 7.23996750e+03 2.83964957e+01
v 6.58467277e+03 7.24053139e+03 3.13087196e+01
v 6.58238703e+03 7.23892836e+03 3.05295805e+01
v 6.58390807e+03 7.23939003e+03 3.16769550e+01
v 6.58446179e+03 7.24228565e+03 3.14248185e+01
v 6.58176972e+03 7.21258357e+03 2.90134162e+01
v 6.58474350e+03 7.21223557e+03 3.08117462e+01
v 6.57103778e+03 7.21404140e+03 3.08413821e+01
v 6.56839812e+03 7.21104486e+03 3.03016687e+01
v 6.57834443e+03 7.21231063e+03 3.06470034e+01
v 6.57622738e+03 7.21479564e+03 3.01104506e+01
v 6.58514798e+03 7.21354323e+03 3.03341493e+01
v 6.58066007e+03 7.21253799e+03 3.01881957e+01
v 6.57870366e+03 7.21824909e+03 3.03824051e+01
v 6.57331571e+03 7.19031433e+03 3.13182684e+01
v 6.57358264e+03 7.19247460e+03 3.14229741e+01
v 6.57462338e+03 7.20611753e+03 3.11694161e+01
v 6.57391588e+03 7.20523155e+03 3.21496571e+01
v 6.57142749e+03 7.20524038e+03 3.21182452e+01
v 6.57005880e+03 7.20747976e+03 3.12942195e+01
v 6.58889874e+03 7.20919888e+03 3.07783693e+01
v 6.56883191e+03 7.21319358e+03 2.97949631e+01
v 6.56906519e+03 7.21276264e+03 3.13945320e+01
v 6.56832124e+03 7.21259410e+03 2.89233254e+01
v 6.57077474e+03 7.21065470e+03 3.09847845e+01
v 6.57322260e+03 7.20873702e+03 3.11618944e+01
v 6.58029521e+03 7.21412219e+03 2.83014565e+01
v 6.56662064e+03 7.21038760e+03 2.97930568e+01
v 6.56724611e+03 7.19491141e+03 3.05131233e+01
v 6.56984803e+03 7.19627853e+03 3.19446914e+01
v 6.57019620e+03 7.20571579e+03 3.23299395e+01
v 6.56806481e+03 7.19129344e+03 3.07063249e+01
v 6.58647343e+03 7.20785558e+03 3.05655328e+01
v 6.57005649e+03 7.20344789e+03 3.22890477e+01
v 6.57479684e+03 7.21128539e+03 3.22545703e+01
v 6.57519064e+03 7.20509860e+03 3.29153341e+01
v 6.57376860e+03 7.20367553e+03 3.30198964e+01
v 6.57438356e+03 7.19700917e+03 3.34513005e+01
v 6.57324991e+03 7.19159422e+03 3.24862087e+01
v 6.57174198e+03 7.19028137e+03 3.26917586e+01
v 6.57018175e+03 7.21225240e+03 3.12579906e+01
v 6.57373179e+03 7.21405168e+03 3.17044875e+01
v 6.57544470e+03 7.20820577e+03 3.16652747e+01
v 6.57133833e+03 7.21268257e+03 3.10350282e+01
v 6.57255858e+03 7.21321076e+03 3.20112897e+01
v 6.57009922e+03 7.19330368e+03 3.25428103e+01
v 6.56959614e+03 7.19251631e+03 3.16597351e+01
v 6.57137710e+03 7.19355162e+03 3.24547916e+01
v 6.56757162e+03 7.19978631e+03 3.23968839e+01
v 6.57012463e+03 7.21330546e+03 3.27298690e+01
v 6.57189020e+03 7.18917138e+03 3.10279579e+01
v 6.57207765e+03 7.19603143e+03 3.22256008e+01
v 6.57131176e+03 7.19483367e+03 3.29947473e+01
v 6.57156170e+03 7.23178745e+03 3.43497053e+01
v 6.57344320e+03 7.23880141e+03 2.89265878e+01
v 6.57396632e+03 7.23907751e+03 3.36286771e+01
v 6.56790570e+03 7.22909091e+03 3.21790909e+01
v 6.57925530e+03 7.22886852e+03 2.72361213e+01
v 6.56908866e+03 7.22535400e+03 3.16166364e+01
v 6.57111320e+03 7.22399191e+03 3.03144255e+01
v 6.57193237e+03 7.23004458e+03 3.22841948e+01
v 6.57000438e+03 7.22770840e+03 3.20954610e+01
v 6.56920214e+03 7.22650983e+03 3.11129549e+01
v 6.57106558e+03 7.22765748e+03 3.22540590e+01
v 6.57062278e+03 7.22493405e+03 3.21797043e+01
v 6.57277199e+03 7.22487518e+03 3.17839046e+01
v 6.57024025e+03 7.21419265e+03 3.17133396e+01
v 6.57301879e+03 7.21698197e+03 3.19969247e+01
v 6.57451024e+03 7.21491609e+03 3.20536427e+01
v 6.57412006e+03 7.22173213e+03 3.29053163e+01
v 6.57346485e+03 7.21956075e+03 3.17193533e+01
v 6.56995554e+03 7.22683770e+03 3.34089205e+01
v 6.57422343e+03 7.22395706e+03 3.25482118e+01
v 6.57636979e+03 7.22251418e+03 3.02892638e+01
v 6.57399024e+03 7.21961146e+03 3.29643916e+01
v 6.57544805e+03 7.22062395e+03 3.32729200e+01
v 6.57583704e+03 7.21601620e+03 3.22864372e+01
v 6.57633650e+03 7.20643076e+03 3.32370154e+01
v 6.57689196e+03 7.20786071e+03 3.25200037e+01
v 6.57821548e+03 7.20725443e+03 3.20791300e+01
v 6.57708695e+03 7.20510271e+03 3.39919843e+01
v 6.57715926e+03 7.20508763e+03 3.13911412e+01
v 6.57969659e+03 7.20522222e+03 3.18717846e+01
v 6.57693389e+03 7.20416196e+03 3.26972288e+01
v 6.57507653e+03 7.21871282e+03 3.22279018e+01
v 6.57292549e+03 7.22343383e+03 2.88459475e+01
v 6.57806018e+03 7.20655473e+03 3.36387030e+01
v 6.58080279e+03 7.20678108e+03 3.12407487e+01
v 6.58245482e+03 7.20755676e+03 3.13089654e+01
v 6.58105912e+03 7.22385084e+03 3.20956663e+01
v 6.58293892e+03 7.24815313e+03 3.04941734e+01
v 6.58186226e+03 7.24919028e+03 3.31790119e+01
v 6.58319676e+03 7.24427231e+03 3.15495680e+01
v 6.58235382e+03 7.24356323e+03 3.20353090e+01
v 6.57758497e+03 7.21660154e+03 3.22745645e+01
v 6.57983806e+03 7.22278934e+03 3.21354228e+01
v 6.57904434e+03 7.21868148e+03 3.20208774e+01
v 6.57803746e+03 7.21977825e+03 3.07885749e+01
v 6.57791219e+03 7.21924761e+03 3.31962494e+01
v 6.57701862e+03 7.22087646e+03 3.28608769e+01
v 6.57672182e+03 7.21912656e+03 3.25462873e+01
v 6.57687253e+03 7.21828867e+03 3.29213361e+01
v 6.57674071e+03 7.22257318e+03 3.27425460e+01
v 6.58101720e+03 7.23001425e+03 3.14434873e+01
v 6.58090077e+03 7.22396493e+03 3.31496812e+01
v 6.57581159e+03 7.22423808e+03 3.05676880e+01
v 6.57714523e+03 7.22115891e+03 3.20845398e+01
v 6.58346885e+03 7.24189505e+03 3.23368931e+01
v 6.58240841e+03 7.24558103e+03 3.04243555e+01
v 6.57652612e+03 7.22111427e+03 3.29604909e+01
v 6.57551009e+03 7.21745012e+03 3.28337023e+01
v 6.58400209e+03 7.23736325e+03 3.23479497e+01
v 6.58339241e+03 7.24754272e+03 3.26465554e+01
v 6.59065863e+03 7.21631265e+03 2.90161427e+01
v 6.59174544e+03 7.21593358e+03 2.89729766e+01
v 6.58023147e+03 7.24914336e+03 3.01420924e+01
v 6.58250612e+03 7.24527328e+03 3.37108655e+01
v 6.59074971e+03 7.20816043e+03 3.13681147e+01
v 6.59005691e+03 7.21113387e+03 2.92144457e+01
v 6.58092688e+03 7.22820068e+03 3.35767708e+01
v 6.58095765e+03 7.22710647e+03 3.33536977e+01
v 6.58036236e+03 7.22834864e+03 3.18781898e+01
v 6.58198328e+03 7.23782983e+03 3.20841671e+01
v 6.58092194e+03 7.23914701e+03 3.25757817e+01
v 6.58267290e+03 7.24356518e+03 3.33695885e+01
v 6.58335233e+03 7.24056370e+03 3.29172859e+01
v 6.58454122e+03 7.23825322e+03 3.39635942e+01
v 6.58921391e+03 7.20681613e+03 3.22102909e+01
v 6.59032544e+03 7.20681834e+03 3.27538727e+01
v 6.58784646e+03 7.21049896e+03 3.11690238e+01
v 6.59073413e+03 7.19899170e+03 3.13803651e+01
v 6.59180070e+03 7.20000348e+03 3.20633137e+01
v 6.58557155e+03 7.19905593e+03 3.24003444e+01
v 6.58864438e+03 7.19867469e+03 3.23814675e+01
v 6.58338469e+03 7.20033375e+03 3.22360838e+01
v 6.58422765e+03 7.20132204e+03 3.19935590e+01
v 6.58177436e+03 7.20249748e+03 3.20684395e+01
v 6.58375321e+03 7.19945805e+03 3.40328595e+01
v 6.58485350e+03 7.20402490e+03 3.17627686e+01
v 6.58718676e+03 7.21189888e+03 3.20885503e+01
v 6.58871553e+03 7.20987407e+03 3.19563738e+01
v 6.58961643e+03 7.20801980e+03 3.14109427e+01
v 6.58560733e+03 7.20047114e+03 3.26396318e+01
v 6.58086407e+03 7.20052859e+03 3.31195111e+01
v 6.57936201e+03 7.20332026e+03 3.18726298e+01
v 6.59307108e+03 7.19930833e+03 3.05382380e+01
v 6.59131183e+03 7.19593852e+03 3.24864756e+01
v 6.58797019e+03 7.19462779e+03 3.29327710e+01
v 6.59306197e+03 7.18850531e+03 3.33964256e+01
v 6.59335561e+03 7.18984095e+03 3.18738936e+01
v 6.59029946e+03 7.19032322e+03 3.37110114e+01
v 6.59129331e+03 7.19282107e+03 3.20190522e+01
v 6.59290620e+03 7.19342425e+03 3.19186925e+01
v 6.58794566e+03 7.19082342e+03 3.41312665e+01
v 6.58894010e+03 7.18951081e+03 3.41140765e+01
v 6.58305434e+03 7.18711881e+03 3.45203083e+01
v 6.58678943e+03 7.18704003e+03 3.50463658e+01
v 6.58935875e+03 7.19057838e+03 3.61156795e+01
v 6.58818960e+03 7.19103266e+03 3.61676107e+01
v 6.58982476e+03 7.19252774e+03 3.57329174e+01
v 6.58878043e+03 7.19249322e+03 3.54732864e+01
v 6.59054118e+03 7.19372709e+03 3.49662642e+01
v 6.59124324e+03 7.19275281e+03 3.53064625e+01
v 6.59128590e+03 7.19143088e+03 3.43158475e+01
v 6.58913525e+03 7.19382100e+03 3.43502502e+01
v 6.58496980e+03 7.19346769e+03 3.43897132e+01
v 6.59149593e+03 7.19234727e+03 3.29322423e+01
v 6.58588491e+03 7.20111631e+03 3.44576802e+01
v 6.58611332e+03 7.19914038e+03 3.47908543e+01
v 6.58474389e+03 7.19828949e+03 3.31427062e+01
v 6.58918648e+03 7.19333775e+03 3.26912469e+01
v 6.58766331e+03 7.19228248e+03 3.28552273e+01
v 6.58342001e+03 7.23858361e+03 3.44031932e+01
v 6.58227065e+03 7.23758555e+03 3.40029392e+01
v 6.58441364e+03 7.23962955e+03 3.42651284e+01
v 6.58342356e+03 7.23539130e+03 3.48573795e+01
v 6.58025414e+03 7.23288196e+03 3.50199225e+01
v 6.58246037e+03 7.23679043e+03 3.59537792e+01
v 6.58201445e+03 7.23588185e+03 3.55872593e+01
v 6.58189272e+03 7.23621971e+03 3.46587527e+01
v 6.58386312e+03 7.24173388e+03 3.61519849e+01
v 6.58192424e+03 7.24249736e+03 3.47515411e+01
v 6.57864230e+03 7.24147875e+03 3.75305239e+01
v 6.58125100e+03 7.23966056e+03 3.55664351e+01
v 6.58331037e+03 7.24535885e+03 3.52861041e+01
v 6.58207463e+03 7.24390712e+03 3.74245339e+01
v 6.58121506e+03 7.23759847e+03 3.39999542e+01
v 6.58435733e+03 7.24268696e+03 3.45739022e+01
v 6.58462375e+03 7.24159501e+03 3.54982480e+01
v 6.58424727e+03 7.23925225e+03 3.55398869e+01
v 6.57910149e+03 7.23489407e+03 3.40590928e+01
v 6.58460813e+03 7.24207317e+03 3.37470665e+01
v 6.58119863e+03 7.24038577e+03 3.34114225e+01
v 6.57997028e+03 7.23668485e+03 3.46084362e+01
v 6.58026488e+03 7.22646642e+03 3.49093302e+01
v 6.58195327e+03 7.22621949e+03 3.37025729e+01
v 6.58092164e+03 7.22427964e+03 3.53685496e+01
v 6.58181033e+03 7.22524443e+03 3.64434930e+01
v 6.58229349e+03 7.23879449e+03 3.64422717e+01
v 6.58167163e+03 7.23437042e+03 3.56380239e+01
v 6.58303436e+03 7.23539343e+03 3.86616136e+01
v 6.57984590e+03 7.22510044e+03 3.40367696e+01
v 6.58215665e+03 7.24244728e+03 3.75806113e+01
v 6.58406428e+03 7.24194187e+03 3.74509668e+01
v 6.58308019e+03 7.23984088e+03 3.71020738e+01
v 6.58212198e+03 7.24305047e+03 3.62363751e+01
v 6.58134121e+03 7.23690024e+03 3.74255612e+01
v 6.58009808e+03 7.22647784e+03 3.68418587e+01
v 6.58115734e+03 7.23869710e+03 3.82278958e+01
v 6.57929478e+03 7.23371180e+03 3.72059037e+01
v 6.58152018e+03 7.23498433e+03 3.78392285e+01
v 6.57850681e+03 7.23738267e+03 3.77177132e+01
v 6.58208726e+03 7.23419905e+03 3.71717011e+01
v 6.58403103e+03 7.24833191e+03 3.42559449e+01
v 6.58272252e+03 7.24688349e+03 3.67339859e+01
v 6.58171548e+03 7.25000000e+03 3.62291765e+01
v 6.58204609e+03 7.24838391e+03 3.75928959e+01
v 6.58093941e+03 7.24473482e+03 3.79993189e+01
v 6.58208483e+03 7.24911431e+03 3.56237084e+01
v 6.58276336e+03 7.24751156e+03 3.84895706e+01
v 6.58073380e+03 7.25000000e+03 3.74758148e+01
v 6.57499884e+03 7.23171868e+03 3.73412461e+01
v 6.57592311e+03 7.23251568e+03 3.66139229e+01
v 6.58134580e+03 7.23078971e+03 3.66670170e+01
v 6.57944618e+03 7.23044447e+03 3.70451725e+01
v 6.58005639e+03 7.22915887e+03 3.67767136e+01
v 6.58012569e+03 7.23186071e+03 3.60556156e+01
v 6.57700078e+03 7.23592516e+03 3.53829843e+01
v 6.57678853e+03 7.23571236e+03 3.88523919e+01
v 6.57573645e+03 7.23351626e+03 3.85019061e+01
v 6.57659423e+03 7.23284767e+03 3.76538435e+01
v 6.58305540e+03 7.24501802e+03 3.74634776e+01
v 6.57555931e+03 7.23705491e+03 3.68289643e+01
v 6.57485374e+03 7.24133488e+03 3.80307841e+01
v 6.57404495e+03 7.23590884e+03 3.69651522e+01
v 6.57947596e+03 7.23957632e+03 3.76943240e+01
v 6.57782367e+03 7.24359459e+03 3.69711805e+01
v 6.57903522e+03 7.22535439e+03 3.68602787e+01
v 6.58042796e+03 7.22910315e+03 3.76656533e+01
v 6.57959855e+03 7.22411599e+03 3.68459207e+01
v 6.57624859e+03 7.23117821e+03 3.68083400e+01
v 6.57858923e+03 7.23013692e+03 3.81481289e+01
v 6.57832324e+03 7.22571434e+03 3.46320374e+01
v 6.57573843e+03 7.22670588e+03 3.62854781e+01
v 6.57792352e+03 7.22727405e+03 3.77075191e+01
v 6.57900636e+03 7.22823356e+03 3.52655936e+01
v 6.57924629e+03 7.23169382e+03 3.35930722e+01
v 6.57583830e+03 7.22828128e+03 3.61269354e+01
v 6.57542859e+03 7.22914047e+03 3.70497635e+01
v 6.57690729e+03 7.22906654e+03 3.88693568e+01
v 6.57770796e+03 7.22542211e+03 3.64082160e+01
v 6.57986324e+03 7.22921143e+03 3.48876893e+01
v 6.57984981e+03 7.22980947e+03 3.36210359e+01
v 6.57588576e+03 7.22661462e+03 3.51027374e+01
v 6.57611487e+03 7.22538451e+03 3.38498223e+01
v 6.57768575e+03 7.22416131e+03 3.38471950e+01
v 6.57408258e+03 7.22483192e+03 3.49314422e+01
v 6.57809073e+03 7.22348548e+03 3.46970476e+01
v 6.57903456e+03 7.23213850e+03 3.78073189e+01
v 6.57711044e+03 7.22472134e+03 3.77695936e+01
v 6.57688133e+03 7.22128442e+03 3.40953750e+01
v 6.58014769e+03 7.22143087e+03 3.42700375e+01
v 6.57695443e+03 7.22281496e+03 3.42358896e+01
v 6.57484655e+03 7.22478517e+03 3.35233422e+01
v 6.57492468e+03 7.20498166e+03 3.43721453e+01
v 6.57607172e+03 7.20521164e+03 3.46220132e+01
v 6.57532935e+03 7.20357825e+03 3.30851285e+01
v 6.57764973e+03 7.20037943e+03 3.40471324e+01
v 6.57844520e+03 7.22216025e+03 3.46252293e+01
v 6.58159039e+03 7.19141201e+03 3.49430591e+01
v 6.58342083e+03 7.19752271e+03 3.37601353e+01
v 6.57556033e+03 7.19999607e+03 3.34348291e+01
v 6.57820700e+03 7.19507760e+03 3.43436861e+01
v 6.58453783e+03 7.19905530e+03 3.44344368e+01
v 6.58406485e+03 7.20067051e+03 3.47416533e+01
v 6.58485454e+03 7.20000198e+03 3.58235674e+01
v 6.58424285e+03 7.19887094e+03 3.65250895e+01
v 6.58407856e+03 7.19963272e+03 3.72211917e+01
v 6.58337937e+03 7.19952875e+03 3.59732188e+01
v 6.57723188e+03 7.23374608e+03 3.20226261e+01
v 6.58245072e+03 7.19442101e+03 3.46542974e+01
v 6.58165028e+03 7.22361417e+03 3.43450723e+01
v 6.57944879e+03 7.22201978e+03 3.57414900e+01
v 6.57745421e+03 7.20663725e+03 3.42787742e+01
v 6.57993200e+03 7.19625671e+03 3.48181854e+01
v 6.57817092e+03 7.22133662e+03 3.62371608e+01
v 6.57875745e+03 7.22363549e+03 3.86638628e+01
v 6.57804208e+03 7.24679391e+03 3.80256730e+01
v 6.57620956e+03 7.24682947e+03 3.95082023e+01
v 6.58118190e+03 7.24815795e+03 3.94343724e+01
v 6.57956586e+03 7.24695298e+03 3.80912936e+01
v 6.57639281e+03 7.24588079e+03 3.87210722e+01
v 6.57794651e+03 7.24499522e+03 3.82408478e+01
v 6.57792652e+03 7.24854908e+03 3.78492007e+01
v 6.57456538e+03 7.24648972e+03 3.94906322e+01
v 6.57610230e+03 7.24428777e+03 3.93983475e+01
v 6.58064935e+03 7.22303152e+03 3.58371226e+01
v 6.57541060e+03 7.23028328e+03 3.72405397e+01
v 6.58017992e+03 7.24212291e+03 3.91407533e+01
v 6.57700587e+03 7.23445949e+03 3.73671311e+01
v 6.57650001e+03 7.23522140e+03 3.94135703e+01
v 6.57818759e+03 7.23352058e+03 3.91898171e+01
v 6.57743684e+03 7.23529654e+03 3.88975375e+01
v 6.57798335e+03 7.23447816e+03 4.00790422e+01
v 6.57464669e+03 7.23301832e+03 3.92253067e+01
v 6.57743958e+03 7.23249973e+03 3.79354433e+01
v 6.57832385e+03 7.23040455e+03 3.94854399e+01
v 6.57820380e+03 7.24415303e+03 3.89460029e+01
v 6.57931016e+03 7.24274453e+03 4.02683782e+01
v 6.57588629e+03 7.24349663e+03 3.80619485e+01
v 6.57863239e+03 7.24347481e+03 4.06771190e+01
v 6.57486878e+03 7.23699690e+03 3.50253239e+01
v 6.57719760e+03 7.22975700e+03 4.03266936e+01
v 6.57851388e+03 7.22830528e+03 3.89102645e+01
v 6.57784597e+03 7.22902435e+03 4.00157070e+01
v 6.57938816e+03 7.22770103e+03 3.84877161e+01
v 6.57924981e+03 7.23900951e+03 3.93706813e+01
v 6.58001576e+03 7.23379444e+03 3.84522355e+01
v 6.57749545e+03 7.22772412e+03 3.92520620e+01
v 6.57880658e+03 7.22585921e+03 3.85893529e+01
v 6.57826536e+03 7.22505409e+03 3.90475499e+01
v 6.57976418e+03 7.22517890e+03 3.93852770e+01
v 6.57847017e+03 7.22532354e+03 4.04748902e+01
v 6.57989563e+03 7.23316252e+03 3.92049239e+01
v 6.57994960e+03 7.23512262e+03 3.91949239e+01
v 6.58173595e+03 7.23523034e+03 4.00721870e+01
v 6.58036950e+03 7.23972943e+03 3.84010490e+01
v 6.57952884e+03 7.23810486e+03 4.04272100e+01
v 6.58340207e+03 7.23963950e+03 3.81803529e+01
v 6.58318905e+03 7.24131465e+03 3.90459524e+01
v 6.58271021e+03 7.24594270e+03 3.85692136e+01
v 6.58381911e+03 7.24701366e+03 3.87591238e+01
v 6.58174645e+03 7.24784975e+03 3.91876598e+01
v 6.58084720e+03 7.25000000e+03 3.90695979e+01
v 6.58210394e+03 7.24175588e+03 3.95631120e+01
v 6.58117068e+03 7.24364241e+03 3.81835082e+01
v 6.58036282e+03 7.24535357e+03 3.84186033e+01
v 6.58045996e+03 7.23892184e+03 3.94078323e+01
v 6.58203768e+03 7.23973204e+03 4.01650072e+01
v 6.58173899e+03 7.23758045e+03 3.92211257e+01
v 6.58275079e+03 7.24130722e+03 3.78308887e+01
v 6.58052135e+03 7.24626501e+03 4.07296403e+01
v 6.58137835e+03 7.24330891e+03 4.05528785e+01
v 6.58107976e+03 7.24720193e+03 4.20666646e+01
v 6.58076317e+03 7.24878977e+03 4.01066976e+01
v 6.58231420e+03 7.24598876e+03 4.01303701e+01
v 6.58140205e+03 7.24610845e+03 4.01469689e+01
v 6.58068482e+03 7.24067572e+03 3.98945114e+01
v 6.58072695e+03 7.24460970e+03 4.00066770e+01
v 6.58049138e+03 7.24712373e+03 3.98395578e+01
v 6.57762314e+03 7.25000000e+03 3.97800057e+01
v 6.57897643e+03 7.24890089e+03 3.93137858e+01
v 6.58226926e+03 7.24756753e+03 4.04015007e+01
v 6.58009585e+03 7.23676234e+03 4.04435978e+01
v 6.58010465e+03 7.24515519e+03 4.01103022e+01
v 6.57954346e+03 7.25000000e+03 4.19454873e+01
v 6.58039464e+03 7.25000000e+03 4.13922370e+01
v 6.57955693e+03 7.24917522e+03 4.08916099e+01
v 6.58028973e+03 7.24412801e+03 4.25660587e+01
v 6.58141474e+03 7.23669433e+03 4.03771361e+01
v 6.58259836e+03 7.24072819e+03 4.09413052e+01
v 6.57962006e+03 7.23587505e+03 4.24837970e+01
v 6.58026558e+03 7.23755992e+03 4.20453087e+01
v 6.58207267e+03 7.23991890e+03 3.89878494e+01
v 6.58146561e+03 7.24136768e+03 4.20517017e+01
v 6.57852551e+03 7.23602397e+03 4.17583653e+01
v 6.57899396e+03 7.23711649e+03 4.21773684e+01
v 6.57767669e+03 7.23648287e+03 4.21197380e+01
v 6.57734621e+03 7.23623476e+03 4.04830752e+01
v 6.58079905e+03 7.24220408e+03 4.08498608e+01
v 6.57884999e+03 7.23558026e+03 4.04816916e+01
v 6.58079561e+03 7.23583563e+03 4.06620960e+01
v 6.58025237e+03 7.24272604e+03 4.15661726e+01
v 6.57817318e+03 7.22964812e+03 4.14468104e+01
v 6.57443096e+03 7.23427423e+03 4.08703186e+01
v 6.57695684e+03 7.23557794e+03 4.02939616e+01
v 6.57565917e+03 7.23585990e+03 4.16315363e+01
v 6.57546117e+03 7.23537735e+03 3.87485732e+01
v 6.57510752e+03 7.23655071e+03 4.09970862e+01
v 6.57572094e+03 7.23431004e+03 4.10908967e+01
v 6.57468574e+03 7.24268669e+03 4.01539058e+01
v 6.57481440e+03 7.24736295e+03 3.95967049e+01
v 6.57717292e+03 7.24843605e+03 3.92283592e+01
v 6.57551020e+03 7.24567896e+03 4.03689875e+01
v 6.57653588e+03 7.25000000e+03 4.15941564e+01
v 6.57518401e+03 7.23514209e+03 4.26898084e+01
v 6.57596239e+03 7.24826870e+03 4.12979881e+01
v 6.57546975e+03 7.24921023e+03 4.26655266e+01
v 6.57466149e+03 7.24908584e+03 4.12553688e+01
v 6.57683019e+03 7.24923821e+03 4.16917208e+01
v 6.57547129e+03 7.25000000e+03 4.15023543e+01
v 6.57430814e+03 7.24677457e+03 4.12906624e+01
v 6.57309559e+03 7.24620235e+03 4.12458753e+01
v 6.57977185e+03 7.23884759e+03 2.73303572e+01
v 6.57787622e+03 7.23820374e+03 2.79035981e+01
v 6.57269992e+03 7.24157607e+03 4.06678778e+01
v 6.57076404e+03 7.24241303e+03 4.03466847e+01
v 6.57189358e+03 7.24174600e+03 4.17624226e+01
v 6.57192126e+03 7.22581963e+03 3.52721707e+01
v 6.57217916e+03 7.22438198e+03 3.57535602e+01
v 6.57406678e+03 7.22860965e+03 3.70849566e+01
v 6.56645980e+03 7.24114322e+03 2.57471922e+01
v 6.56587568e+03 7.24748612e+03 2.19273635e+01
v 6.56749295e+03 7.23769155e+03 3.15799762e+01
v 6.56797964e+03 7.23886062e+03 2.77593437e+01
v 6.56689704e+03 7.23465687e+03 2.91945410e+01
v 6.56858485e+03 7.23668631e+03 2.96190879e+01
v 6.56825134e+03 7.23721471e+03 2.80411039e+01
v 6.56682766e+03 7.22749020e+03 2.77419067e+01
v 6.56558594e+03 7.22658674e+03 2.77692557e+01
v 6.56526207e+03 7.21382431e+03 3.12491028e+01
v 6.56464456e+03 7.21363474e+03 2.96025454e+01
v 6.56529547e+03 7.18771927e+03 3.15047934e+01
v 6.56395790e+03 7.18837869e+03 2.97002509e+01
v 6.56730388e+03 7.19267995e+03 2.98850676e+01
v 6.56569866e+03 7.19247756e+03 3.01338811e+01
v 6.56344340e+03 7.24255531e+03 3.21844559e+01
v 6.56448927e+03 7.24270067e+03 3.12955113e+01
v 6.56507619e+03 7.24129803e+03 3.18407659e+01
v 6.56596915e+03 7.23971855e+03 3.41649621e+01
v 6.56373631e+03 7.24640801e+03 3.40923009e+01
v 6.56321653e+03 7.24752242e+03 3.22777614e+01
v 6.56389985e+03 7.24878640e+03 3.02662728e+01
v 6.56531031e+03 7.18788566e+03 2.95993465e+01
v 6.56711512e+03 7.18853357e+03 3.13338486e+01
v 6.56560542e+03 7.23972746e+03 3.04960454e+01
v 6.56464760e+03 7.24466952e+03 3.36776445e+01
v 6.56532746e+03 7.24164292e+03 3.63381119e+01
v 6.56521527e+03 7.24286344e+03 3.26819035e+01
v 6.56709838e+03 7.23810831e+03 3.44337949e+01
v 6.56274680e+03 7.24330928e+03 3.23616631e+01
v 6.56717814e+03 7.23669564e+03 3.34087402e+01
v 6.56773853e+03 7.23461530e+03 3.60986979e+01
v 6.56854132e+03 7.23591713e+03 3.38765242e+01
v 6.56516302e+03 7.24849358e+03 3.13952856e+01
v 6.56793173e+03 7.24868662e+03 2.78952503e+01
v 6.56880955e+03 7.23674320e+03 3.76445063e+01
v 6.56561483e+03 7.24022549e+03 3.53268497e+01
v 6.56347206e+03 7.24037859e+03 3.09681491e+01
v 6.56781657e+03 7.23254800e+03 3.29179128e+01
v 6.56860514e+03 7.23279290e+03 3.05200520e+01
v 6.56537844e+03 7.25000000e+03 3.03293815e+01
v 6.56499893e+03 7.24772910e+03 3.36057549e+01
v 6.56634502e+03 7.24787273e+03 3.64977036e+01
v 6.56480281e+03 7.25000000e+03 3.35856470e+01
v 6.56756496e+03 7.22626103e+03 3.24532286e+01
v 6.56712540e+03 7.24451650e+03 3.75120691e+01
v 6.56811834e+03 7.24784965e+03 3.74696637e+01
v 6.56542578e+03 7.25000000e+03 3.62791337e+01
v 6.56957848e+03 7.24538347e+03 3.80436096e+01
v 6.56830042e+03 7.23982380e+03 3.90657276e+01
v 6.56849230e+03 7.23821999e+03 3.63402720e+01
v 6.56695061e+03 7.24726765e+03 3.93508818e+01
v 6.56763082e+03 7.24766695e+03 3.83637557e+01
v 6.56654769e+03 7.24604830e+03 3.81015123e+01
v 6.56826790e+03 7.23785468e+03 3.47387173e+01
v 6.56809518e+03 7.24312558e+03 3.88089448e+01
v 6.56547340e+03 7.23193783e+03 2.81384738e+01
v 6.56713465e+03 7.23313302e+03 2.88379235e+01
v 6.56539505e+03 7.23006942e+03 2.83777903e+01
v 6.56394762e+03 7.22996963e+03 2.89205525e+01
v 6.56433592e+03 7.22932448e+03 2.81409687e+01
v 6.56705220e+03 7.23477287e+03 2.73117423e+01
v 6.56510051e+03 7.23561230e+03 2.37096482e+01
v 6.56385907e+03 7.24531709e+03 2.09857751e+01
v 6.56374389e+03 7.24290921e+03 2.50576258e+01
v 6.56460231e+03 7.25000000e+03 3.00529187e+01
v 6.56408032e+03 7.23209692e+03 2.81025607e+01
v 6.56335273e+03 7.23388916e+03 2.91814469e+01
v 6.56474027e+03 7.22487361e+03 2.64430257e+01
v 6.56424470e+03 7.23281274e+03 2.73501840e+01
v 6.56751782e+03 7.23689015e+03 2.57486179e+01
v 6.56864561e+03 7.23817946e+03 2.52279565e+01
v 6.56679339e+03 7.23904586e+03 2.39727014e+01
v 6.56340650e+03 7.24026487e+03 2.49886572e+01
v 6.56385410e+03 7.23868661e+03 2.41866900e+01
v 6.56477664e+03 7.24359550e+03 2.03703249e+01
v 6.56229211e+03 7.23484949e+03 2.66156702e+01
v 6.56286205e+03 7.23572009e+03 2.48674340e+01
v 6.56321611e+03 7.23731775e+03 2.57189440e+01
v 6.56412612e+03 7.23693109e+03 2.43938771e+01
v 6.56580130e+03 7.23701763e+03 2.38380830e+01
v 6.56439627e+03 7.24161270e+03 2.16247388e+01
v 6.56477879e+03 7.22331799e+03 3.04527407e+01
v 6.56417833e+03 7.22465187e+03 2.86843741e+01
v 6.56370632e+03 7.23286497e+03 2.98526903e+01
v 6.56473746e+03 7.23430083e+03 2.60315689e+01
v 6.56522279e+03 7.23893399e+03 2.11367527e+01
v 6.56536077e+03 7.24207880e+03 2.61537810e+01
v 6.56565753e+03 7.24663783e+03 2.07548532e+01
v 6.56767886e+03 7.22710185e+03 3.13304999e+01
v 6.56247469e+03 7.22825102e+03 2.86794585e+01
v 6.56305362e+03 7.21804773e+03 2.72592998e+01
v 6.56528005e+03 7.21765063e+03 2.76720949e+01
v 6.56325838e+03 7.22018700e+03 2.75745342e+01
v 6.56333653e+03 7.21581944e+03 2.80688192e+01
v 6.56263555e+03 7.22177773e+03 2.51686542e+01
v 6.56510270e+03 7.22250557e+03 2.58929689e+01
v 6.56620564e+03 7.22223999e+03 2.75078513e+01
v 6.56332867e+03 7.21459190e+03 3.01047623e+01
v 6.56520264e+03 7.22101828e+03 2.68390133e+01
v 6.56810687e+03 7.22077696e+03 2.76608796e+01
v 6.56883616e+03 7.21818715e+03 2.79812430e+01
v 6.56812694e+03 7.21692204e+03 2.88433079e+01
v 6.56728319e+03 7.21990903e+03 2.76702713e+01
v 6.56470606e+03 7.21260547e+03 2.91642831e+01
v 6.56285333e+03 7.21075664e+03 2.89946493e+01
v 6.56735215e+03 7.21497163e+03 2.83184283e+01
v 6.56327781e+03 7.22523921e+03 2.66992099e+01
v 6.56696602e+03 7.21758520e+03 2.87420827e+01
v 6.56556923e+03 7.22242202e+03 2.92497593e+01
v 6.56644594e+03 7.21356341e+03 3.10071843e+01
v 6.56648226e+03 7.21350447e+03 2.85177634e+01
v 6.56240470e+03 7.21735302e+03 2.91619908e+01
v 6.56520318e+03 7.21592047e+03 2.76315082e+01
v 6.56280122e+03 7.21418229e+03 2.83486514e+01
v 6.56274365e+03 7.22867102e+03 3.04355599e+01
v 6.56353143e+03 7.18929970e+03 3.17882261e+01
v 6.56365347e+03 7.18880388e+03 3.27548599e+01
v 6.56246283e+03 7.20575480e+03 3.00930872e+01
v 6.56251980e+03 7.18860802e+03 2.83394331e+01
v 6.56418377e+03 7.19233275e+03 2.99838282e+01
v 6.56453695e+03 7.23090451e+03 2.99143975e+01
v 6.56310570e+03 7.23093762e+03 3.00064760e+01
v 6.56207175e+03 7.23996273e+03 2.71247162e+01
v 6.56357400e+03 7.24205930e+03 2.66157073e+01
v 6.56488938e+03 7.24852500e+03 2.12758175e+01
v 6.56759382e+03 7.24946758e+03 2.88459220e+01
v 6.56232664e+03 7.24195329e+03 2.89272725e+01
v 6.56224387e+03 7.23875388e+03 2.54867615e+01
v 6.56383856e+03 7.22627783e+03 2.50987014e+01
v 6.56519730e+03 7.22657653e+03 2.54885708e+01
v 6.56621749e+03 7.24023953e+03 2.13481379e+01
v 6.56638670e+03 7.24323158e+03 2.27129915e+01
v 6.56295497e+03 7.22628856e+03 2.37015457e+01
v 6.56207826e+03 7.23372057e+03 3.10517857e+01
v 6.56336845e+03 7.23027499e+03 2.71421321e+01
v 6.56527603e+03 7.22746678e+03 2.72399260e+01
v 6.56559247e+03 7.21305489e+03 3.13996268e+01
v 6.56589705e+03 7.21266119e+03 2.93206280e+01
v 6.56492746e+03 7.20810356e+03 2.98294698e+01
v 6.56692084e+03 7.20928159e+03 3.10588578e+01
v 6.56256721e+03 7.24561897e+03 3.60637598e+01
v 6.56691669e+03 7.18762844e+03 2.99887317e+01
v 6.56564495e+03 7.19104812e+03 3.27583401e+01
v 6.56675839e+03 7.18993459e+03 3.38681889e+01
v 6.62095806e+03 7.23035299e+03 2.74299625e+01
v 6.62340960e+03 7.22279329e+03 2.78534505e+01
v 6.62437063e+03 7.22254786e+03 2.87721958e+01
v 6.62410584e+03 7.21604189e+03 2.82164327e+01
v 6.62041212e+03 7.22057587e+03 2.78009933e+01
v 6.62222638e+03 7.20744102e+03 2.84635782e+01
v 6.62538845e+03 7.21135842e+03 2.83040198e+01
v 6.61886322e+03 7.22786596e+03 2.74806796e+01
v 6.62139483e+03 7.19495891e+03 2.87541985e+01
v 6.62374988e+03 7.21981929e+03 3.39764578e+01
v 6.62528205e+03 7.21787315e+03 3.32956805e+01
v 6.62480263e+03 7.21878755e+03 3.43410947e+01
v 6.62452763e+03 7.22220175e+03 3.40403743e+01
v 6.62374332e+03 7.21993052e+03 3.27800102e+01
v 6.62531692e+03 7.22068966e+03 3.60743437e+01
v 6.62517607e+03 7.22409799e+03 3.64743243e+01
v 6.62207611e+03 7.24808970e+03 2.71920757e+01
v 6.62145116e+03 7.24206897e+03 2.72331080e+01
v 6.62419520e+03 7.24525417e+03 2.72333904e+01
v 6.62449200e+03 7.24280814e+03 2.85041386e+01
v 6.62348428e+03 7.24356551e+03 2.84515435e+01
v 6.62344344e+03 7.24088418e+03 2.73148616e+01
v 6.62016514e+03 7.25000000e+03 2.70763435e+01
v 6.62502441e+03 7.24441169e+03 2.80861975e+01
v 6.62293118e+03 7.24117417e+03 2.84035660e+01
v 6.62333276e+03 7.23579612e+03 2.72911839e+01
v 6.57159755e+03 7.23257627e+03 3.57636689e+01
v 6.57211226e+03 7.23362661e+03 3.58852251e+01
v 6.57208475e+03 7.23341766e+03 3.81130168e+01
v 6.57225643e+03 7.23122084e+03 3.64891012e+01
v 6.57388995e+03 7.23341724e+03 4.10815475e+01
v 6.57430280e+03 7.23396334e+03 3.90661359e+01
v 6.56970478e+03 7.23448602e+03 3.49975680e+01
v 6.56850140e+03 7.23525463e+03 3.83093960e+01
v 6.57291327e+03 7.23260742e+03 3.96292870e+01
v 6.57337520e+03 7.23154631e+03 3.84740461e+01
v 6.57388076e+03 7.22769477e+03 3.94367715e+01
v 6.57374382e+03 7.22692575e+03 3.99733925e+01
v 6.57426284e+03 7.22547241e+03 3.66796711e+01
v 6.57292974e+03 7.22743164e+03 3.91378979e+01
v 6.57211411e+03 7.22781866e+03 3.83124006e+01
v 6.57295078e+03 7.22755278e+03 3.92556567e+01
v 6.57446250e+03 7.23497250e+03 3.91177143e+01
v 6.57463167e+03 7.24119460e+03 3.93177525e+01
v 6.57310656e+03 7.23226725e+03 4.10062699e+01
v 6.57405593e+03 7.23016860e+03 3.70287007e+01
v 6.57322345e+03 7.23130902e+03 3.70053373e+01
v 6.57223138e+03 7.22730045e+03 3.66630444e+01
v 6.57128028e+03 7.22644535e+03 3.59734356e+01
v 6.57297563e+03 7.22572548e+03 3.60655845e+01
v 6.57290824e+03 7.22604480e+03 3.79565986e+01
v 6.57402230e+03 7.23049376e+03 3.52894710e+01
v 6.57291592e+03 7.22835780e+03 3.78776166e+01
v 6.57292484e+03 7.22757911e+03 3.91794360e+01
v 6.57290721e+03 7.22726141e+03 3.89626208e+01
v 6.57101125e+03 7.22839124e+03 3.61105230e+01
v 6.57268113e+03 7.23069902e+03 3.53363943e+01
v 6.57036937e+03 7.23510578e+03 3.66852087e+01
v 6.57190662e+03 7.23541718e+03 3.70573461e+01
v 6.57345178e+03 7.23740877e+03 3.77277177e+01
v 6.57053870e+03 7.23501533e+03 3.53170888e+01
v 6.57211592e+03 7.23214607e+03 3.52875731e+01
v 6.57257659e+03 7.22500846e+03 3.38699875e+01
v 6.57052687e+03 7.22607103e+03 3.47210709e+01
v 6.57026442e+03 7.22780873e+03 3.49299539e+01
v 6.57289378e+03 7.23014903e+03 3.35794122e+01
v 6.57204649e+03 7.22888630e+03 3.49561358e+01
v 6.57383928e+03 7.22555288e+03 3.40858909e+01
v 6.57491086e+03 7.20372840e+03 3.45411482e+01
v 6.57271762e+03 7.20006111e+03 3.34181745e+01
v 6.57276128e+03 7.24864651e+03 3.70067024e+01
v 6.57370654e+03 7.25000000e+03 3.66470200e+01
v 6.57468518e+03 7.24030579e+03 3.75074952e+01
v 6.57338147e+03 7.23946341e+03 3.59498203e+01
v 6.57317548e+03 7.23996598e+03 3.75879705e+01
v 6.57142758e+03 7.23566852e+03 3.86216457e+01
v 6.56952952e+03 7.24789854e+03 3.66517971e+01
v 6.57137538e+03 7.24886592e+03 3.69571769e+01
v 6.56844483e+03 7.20895189e+03 3.08588301e+01
v 6.57324988e+03 7.24194119e+03 3.98732229e+01
v 6.57245067e+03 7.23756871e+03 4.01981517e+01
v 6.57180528e+03 7.23920380e+03 3.90614095e+01
v 6.57281365e+03 7.23907872e+03 4.05939250e+01
v 6.57276661e+03 7.24720773e+03 3.93094288e+01
v 6.57088450e+03 7.24395591e+03 4.02357689e+01
v 6.57176483e+03 7.24463898e+03 3.93238438e+01
v 6.57347799e+03 7.24809235e+03 3.92976213e+01
v 6.57562561e+03 7.25000000e+03 3.97740680e+01
v 6.57287697e+03 7.24036005e+03 3.90508452e+01
v 6.57308263e+03 7.23867883e+03 3.85875077e+01
v 6.57152238e+03 7.23709957e+03 4.12718060e+01
v 6.56986918e+03 7.23676633e+03 3.99586362e+01
v 6.57089374e+03 7.23955955e+03 3.96989582e+01
v 6.57401090e+03 7.24600104e+03 4.30031919e+01
v 6.57517670e+03 7.24375447e+03 4.10250042e+01
v 6.57319013e+03 7.24356348e+03 4.17874297e+01
v 6.57472943e+03 7.24422337e+03 4.25281756e+01
v 6.57151408e+03 7.24411422e+03 4.14774100e+01
v 6.57231413e+03 7.24278847e+03 4.29213062e+01
v 6.57283535e+03 7.24398008e+03 4.07215546e+01
v 6.57088766e+03 7.23984156e+03 4.20320233e+01
v 6.57125202e+03 7.23825821e+03 4.27331739e+01
v 6.57147180e+03 7.23924555e+03 4.08044818e+01
v 6.57079345e+03 7.24278922e+03 4.20370596e+01
v 6.56982920e+03 7.25000000e+03 3.85112322e+01
v 6.56962253e+03 7.23619735e+03 3.78338899e+01
v 6.57098992e+03 7.24396064e+03 3.77135073e+01
v 6.56887134e+03 7.23833088e+03 3.91269887e+01
v 6.56949959e+03 7.24323635e+03 3.93243798e+01
v 6.56991350e+03 7.24185369e+03 3.92474389e+01
v 6.56896888e+03 7.23885976e+03 4.06391411e+01
v 6.57136062e+03 7.24604313e+03 3.70614969e+01
v 6.56916126e+03 7.25000000e+03 3.98238241e+01
v 6.56844842e+03 7.24959371e+03 3.79219108e+01
v 6.56969317e+03 7.23874402e+03 4.08070572e+01
v 6.57210789e+03 7.24671684e+03 4.09101441e+01
v 6.57121695e+03 7.22460559e+03 3.35885339e+01
v 6.58219507e+03 7.24320469e+03 3.96514230e+01
v 6.57731086e+03 7.24262533e+03 3.69562760e+01
v 6.57876801e+03 7.25000000e+03 3.07034347e+01
v 6.58169742e+03 7.24367228e+03 3.41285676e+01
v 6.59019022e+03 7.21178436e+03 2.83682861e+01
v 6.58558228e+03 7.21806706e+03 2.84182585e+01
v 6.58557113e+03 7.21857800e+03 2.74365812e+01
v 6.59030286e+03 7.21660188e+03 2.75410596e+01
v 6.56781706e+03 7.24821314e+03 3.77852961e+01
v 6.56608987e+03 7.25000000e+03 3.72913684e+01
v 6.56721952e+03 7.24937607e+03 3.72526156e+01
v 6.56705483e+03 7.24964002e+03 3.98145226e+01
v 6.56690094e+03 7.24884111e+03 3.92769518e+01
v 6.56217007e+03 7.24403007e+03 3.86881932e+01
v 6.56205933e+03 7.24462651e+03 3.78588082e+01
v 6.56690521e+03 7.23988861e+03 3.69712304e+01
v 6.56824508e+03 7.23781024e+03 3.85524699e+01
v 6.56768936e+03 7.24543167e+03 3.90890103e+01
v 6.56689360e+03 7.24068048e+03 3.89325403e+01
v 6.56606411e+03 7.24216544e+03 3.68983588e+01
v 6.56525391e+03 7.22693526e+03 3.14046957e+01
v 6.56902432e+03 7.23355803e+03 3.21001948e+01
v 6.56683438e+03 7.25000000e+03 3.89828250e+01
v 6.56261520e+03 7.24300789e+03 3.64479824e+01
v 6.56620905e+03 7.18790300e+03 3.40579934e+01
v 6.56781324e+03 7.19218409e+03 3.27228888e+01
v 6.56656859e+03 7.19133524e+03 3.26254405e+01
v 6.56769621e+03 7.18977975e+03 3.31108754e+01
v 6.56587919e+03 7.23463980e+03 3.15780837e+01
v 6.56514058e+03 7.18910556e+03 3.36756341e+01
v 6.56786812e+03 7.22353672e+03 3.18660338e+01
v 6.56689628e+03 7.22206196e+03 3.06774394e+01
v 6.56364278e+03 7.19029550e+03 3.23542832e+01
v 6.56820118e+03 7.19320253e+03 3.17762111e+01
v 6.56778702e+03 7.19232387e+03 3.13394652e+01
v 6.56667609e+03 7.23453924e+03 3.41130490e+01
v 6.56728563e+03 7.23409140e+03 3.44791792e+01
v 6.56511263e+03 7.22498751e+03 3.19922670e+01
v 6.56556463e+03 7.22332201e+03 3.14995606e+01
v 6.56771283e+03 7.22796978e+03 2.98252640e+01
v 6.56442763e+03 7.19757113e+03 3.09879511e+01
v 6.56370104e+03 7.19179041e+03 3.19551803e+01
v 6.56530040e+03 7.21426070e+03 2.94701574e+01
v 6.56449864e+03 7.21506696e+03 3.00288300e+01
v 6.56605986e+03 7.19005391e+03 3.24824634e+01
v 6.56385412e+03 7.18933563e+03 3.39403134e+01
v 6.56237693e+03 7.20645748e+03 3.05070370e+01
v 6.56613870e+03 7.19234887e+03 3.16179577e+01
v 6.56355371e+03 7.20857352e+03 3.01011230e+01
v 6.56249886e+03 7.21004405e+03 2.96655179e+01
v 6.56423002e+03 7.22562444e+03 3.04404214e+01
v 6.56652625e+03 7.19289844e+03 3.26077123e+01
v 6.56686091e+03 7.22939971e+03 2.98243514e+01
v 6.56625325e+03 7.22874949e+03 2.75352128e+01
v 6.56318114e+03 7.18791592e+03 3.11665850e+01
v 6.56289820e+03 7.24391433e+03 3.40026850e+01
v 6.56747267e+03 7.24661116e+03 4.03396445e+01
v 6.56373478e+03 7.22805387e+03 2.78710986e+01
v 6.56327575e+03 7.22923250e+03 2.63979682e+01
v 6.56344538e+03 7.22778781e+03 2.55128796e+01
v 6.56211881e+03 7.23699954e+03 2.51512966e+01
v 6.56717275e+03 7.24909138e+03 2.71868257e+01
v 6.56451972e+03 7.24685139e+03 2.03386291e+01
v 6.60721354e+03 7.18829278e+03 3.24226526e+01
v 6.60403277e+03 7.18882982e+03 3.22740891e+01
v 6.60500860e+03 7.18885357e+03 2.98921364e+01
v 6.60695535e+03 7.19112112e+03 3.09015266e+01
v 6.60871822e+03 7.18918023e+03 2.99191239e+01
v 6.60871616e+03 7.18894657e+03 2.90708412e+01
v 6.60933625e+03 7.18791048e+03 3.68028889e+01
v 6.59781249e+03 7.18760238e+03 3.36129552e+01
v 6.60709066e+03 7.18916551e+03 3.04264421e+01
v 6.61008174e+03 7.18906873e+03 3.14257371e+01
v 6.60049813e+03 7.19994790e+03 2.90692139e+01
v 6.59934575e+03 7.20088829e+03 3.05558615e+01
v 6.60437966e+03 7.19830201e+03 3.07749926e+01
v 6.60411141e+03 7.19873560e+03 2.87754560e+01
v 6.60528521e+03 7.19853726e+03 2.84264214e+01
v 6.60602664e+03 7.19863052e+03 2.97594876e+01
v 6.60317680e+03 7.19928566e+03 3.25677424e+01
v 6.60386415e+03 7.20106347e+03 3.24735099e+01
v 6.60726912e+03 7.19215975e+03 4.24830677e+01
v 6.60698874e+03 7.19133007e+03 4.01341962e+01
v 6.61190020e+03 7.19145365e+03 3.74376116e+01
v 6.61092732e+03 7.19096094e+03 3.64273327e+01
v 6.60499072e+03 7.19072282e+03 3.93540290e+01
v 6.60602008e+03 7.19098939e+03 4.25721186e+01
v 6.60887626e+03 7.19256353e+03 4.17390616e+01
v 6.60973543e+03 7.19360273e+03 4.17845490e+01
v 6.60868519e+03 7.18840149e+03 4.25987562e+01
v 6.61030476e+03 7.18859125e+03 4.19603380e+01
v 6.60963288e+03 7.19040602e+03 3.86371109e+01
v 6.61099267e+03 7.19010570e+03 3.85743292e+01
v 6.60593799e+03 7.19033469e+03 4.47963853e+01
v 6.60461885e+03 7.18833978e+03 4.33567760e+01
v 6.60444575e+03 7.18922942e+03 4.45149736e+01
v 6.60640801e+03 7.18711606e+03 3.89288332e+01
v 6.60504737e+03 7.18878556e+03 3.87897002e+01
v 6.60994583e+03 7.18909833e+03 3.98647765e+01
v 6.60819059e+03 7.18791321e+03 3.79789087e+01
v 6.60987136e+03 7.18707678e+03 3.98710338e+01
v 6.60513662e+03 7.18723140e+03 3.42220995e+01
v 6.60721746e+03 7.18716491e+03 3.45268788e+01
v 6.59651966e+03 7.18956069e+03 3.14235579e+01
v 6.59492187e+03 7.19038840e+03 3.43366701e+01
v 6.60959366e+03 7.19415267e+03 3.45858014e+01
v 6.60851020e+03 7.19230498e+03 3.06601465e+01
v 6.60946301e+03 7.19121422e+03 3.45123789e+01
v 6.60967433e+03 7.19328562e+03 3.57718454e+01
v 6.59652376e+03 7.19036546e+03 3.34818871e+01
v 6.60816883e+03 7.19931545e+03 3.59610325e+01
v 6.60677603e+03 7.20066868e+03 3.65600317e+01
v 6.60768629e+03 7.19175243e+03 4.52087911e+01
v 6.60945135e+03 7.19252147e+03 4.33289984e+01
v 6.61191953e+03 7.19272364e+03 3.82671072e+01
v 6.60965631e+03 7.19410818e+03 3.79466253e+01
v 6.61177957e+03 7.18732504e+03 4.25958237e+01
v 6.60525388e+03 7.18703561e+03 4.09944449e+01
v 6.60382815e+03 7.18767475e+03 3.62348993e+01
v 6.60857206e+03 7.19395064e+03 3.92698729e+01
v 6.60615263e+03 7.19739677e+03 3.73606108e+01
v 6.60833754e+03 7.19776839e+03 3.50809153e+01
v 6.60595604e+03 7.20171145e+03 3.75079378e+01
v 6.60478910e+03 7.20165359e+03 3.97300625e+01
v 6.60479633e+03 7.19012032e+03 3.45136183e+01
v 6.60676124e+03 7.19219611e+03 3.31357894e+01
v 6.59635766e+03 7.19202845e+03 3.32142041e+01
v 6.60992878e+03 7.19297651e+03 3.36687224e+01
v 6.60328413e+03 7.18886708e+03 3.10498847e+01
v 6.61062632e+03 7.18963279e+03 3.45601486e+01
v 6.61104098e+03 7.18964745e+03 3.33478719e+01
v 6.61097992e+03 7.19076474e+03 3.35048669e+01
v 6.60955774e+03 7.19196675e+03 3.24828149e+01
v 6.60471461e+03 7.20065517e+03 3.08967978e+01
v 6.60616637e+03 7.19977872e+03 2.98937043e+01
v 6.60672624e+03 7.20102309e+03 3.21054750e+01
v 6.60804762e+03 7.23633785e+03 2.84587022e+01
v 6.60769132e+03 7.23707174e+03 2.70637144e+01
v 6.61829615e+03 7.23083468e+03 2.79957447e+01
v 6.61913798e+03 7.23104350e+03 2.98508903e+01
v 6.59913915e+03 7.20466886e+03 2.95770432e+01
v 6.60033053e+03 7.20554188e+03 2.82369458e+01
v 6.59846590e+03 7.20908954e+03 2.83191358e+01
v 6.60070886e+03 7.20989723e+03 2.77533523e+01
v 6.61521701e+03 7.23201639e+03 2.73581378e+01
v 6.61657088e+03 7.23066091e+03 2.85201347e+01
v 6.61388222e+03 7.22708845e+03 2.74495270e+01
v 6.61486995e+03 7.22774695e+03 2.84587471e+01
v 6.59987701e+03 7.20781821e+03 2.82387615e+01
v 6.56661280e+03 7.23328653e+03 3.12982941e+01
v 6.56715419e+03 7.20577817e+03 3.09825257e+01
v 6.56542259e+03 7.20318874e+03 3.04519396e+01
v 6.57491876e+03 7.25000000e+03 3.88109395e+01
v 6.59173143e+03 7.20936800e+03 2.79354565e+01
v 6.59347286e+03 7.20890240e+03 2.77514112e+01
v 6.59073194e+03 7.20803127e+03 2.80963720e+01
v 6.57717001e+03 7.22486695e+03 2.70425809e+01
v 6.57919034e+03 7.22497457e+03 2.73890559e+01
v 6.58163345e+03 7.22631465e+03 2.69717282e+01
v 6.57374855e+03 7.22484475e+03 2.87634237e+01
v 6.58186780e+03 7.22375741e+03 2.75526510e+01
v 6.57658427e+03 7.22373206e+03 2.88882593e+01
v 6.57664178e+03 7.22604035e+03 2.77252707e+01
v 6.57529919e+03 7.22572575e+03 2.72663422e+01
v 6.57456420e+03 7.22499977e+03 2.97112986e+01
v 6.58269541e+03 7.23375160e+03 2.69297034e+01
v 6.58805889e+03 7.22743969e+03 2.71610657e+01
v 6.57793336e+03 7.23066391e+03 2.71723413e+01
v 6.57828821e+03 7.23363326e+03 2.70376157e+01
v 6.57725203e+03 7.23239770e+03 2.68914223e+01
v 6.57692575e+03 7.23915776e+03 2.78386715e+01
v 6.57384305e+03 7.23779047e+03 2.75407977e+01
v 6.57842215e+03 7.24008465e+03 2.70288069e+01
v 6.57776272e+03 7.23622920e+03 2.70363703e+01
v 6.57633450e+03 7.23601660e+03 2.81032437e+01
v 6.57431084e+03 7.23573888e+03 2.88235385e+01
v 6.57686302e+03 7.23538597e+03 2.85202320e+01
v 6.57546805e+03 7.23457229e+03 3.11143903e+01
v 6.58421275e+03 7.24074113e+03 2.68617843e+01
v 6.58172690e+03 7.23809262e+03 2.78877021e+01
v 6.57994313e+03 7.23975481e+03 2.87782851e+01
v 6.58932239e+03 7.23446440e+03 2.71171467e+01
v 6.59181104e+03 7.23726575e+03 2.70445231e+01
v 6.59153838e+03 7.23101266e+03 2.71919077e+01
v 6.58088143e+03 7.23716331e+03 2.69767088e+01
v 6.57512797e+03 7.22411135e+03 2.78184248e+01
v 6.59448322e+03 7.22883142e+03 2.71995712e+01
v 6.59205979e+03 7.22805873e+03 2.76456821e+01
v 6.58755389e+03 7.22056847e+03 2.72566111e+01
v 6.59106532e+03 7.22480547e+03 2.71740186e+01
v 6.58409212e+03 7.22204314e+03 2.72061467e+01
v 6.58507659e+03 7.24506065e+03 2.69175591e+01
v 6.59143511e+03 7.24710026e+03 2.68286632e+01
v 6.59030643e+03 7.25000000e+03 2.68923769e+01
v 6.59291820e+03 7.25000000e+03 2.67664459e+01
v 6.58420014e+03 7.25000000e+03 2.67353634e+01
v 6.58240454e+03 7.24160128e+03 2.82346986e+01
v 6.58243431e+03 7.24363951e+03 2.69209016e+01
v 6.58199706e+03 7.24620926e+03 2.69473810e+01
v 6.58079782e+03 7.25000000e+03 2.68149423e+01
v 6.58080992e+03 7.25000000e+03 2.83415656e+01
v 6.58015477e+03 7.24841767e+03 2.68553376e+01
v 6.58090974e+03 7.21970167e+03 2.72920071e+01
v 6.57814736e+03 7.21947159e+03 2.75404805e+01
v 6.57723271e+03 7.22245611e+03 2.73284956e+01
v 6.58867488e+03 7.21881883e+03 2.73785532e+01
v 6.58049404e+03 7.21757652e+03 2.73921381e+01
v 6.58433352e+03 7.21648362e+03 2.74892140e+01
v 6.58566045e+03 7.21525524e+03 2.73852243e+01
v 6.58741605e+03 7.21309416e+03 2.75322565e+01
v 6.59076845e+03 7.21030079e+03 2.81758360e+01
v 6.59294264e+03 7.21211920e+03 2.84312298e+01
v 6.59287213e+03 7.21412739e+03 2.87810682e+01
v 6.59154293e+03 7.21032512e+03 2.75360223e+01
v 6.58712354e+03 7.21994398e+03 2.84522221e+01
v 6.59225794e+03 7.21600297e+03 2.75371691e+01
v 6.58079595e+03 7.21518691e+03 2.91336585e+01
v 6.59387311e+03 7.20750531e+03 2.77782303e+01
v 6.60547485e+03 7.22323412e+03 2.74757022e+01
v 6.60133616e+03 7.22217377e+03 2.73922076e+01
v 6.60605854e+03 7.21270901e+03 2.77858489e+01
v 6.60716970e+03 7.21742073e+03 2.77647533e+01
v 6.59773800e+03 7.20200478e+03 3.04356434e+01
v 6.59746032e+03 7.20444226e+03 2.89729883e+01
v 6.59819289e+03 7.21084164e+03 2.79186977e+01
v 6.59700847e+03 7.21261436e+03 2.76733588e+01
v 6.59782807e+03 7.21137366e+03 2.86858270e+01
v 6.59942559e+03 7.20262599e+03 2.81708497e+01
v 6.60136257e+03 7.20547627e+03 2.85672206e+01
v 6.61089497e+03 7.21203441e+03 2.80561430e+01
v 6.60831936e+03 7.21426534e+03 2.78599841e+01
v 6.60276901e+03 7.21993346e+03 2.77853320e+01
v 6.60506528e+03 7.21879738e+03 2.76248185e+01
v 6.60142687e+03 7.22193673e+03 2.93111917e+01
v 6.60716877e+03 7.22004875e+03 2.90548371e+01
v 6.60760875e+03 7.22127451e+03 2.77058520e+01
v 6.60274957e+03 7.22098855e+03 2.76254972e+01
v 6.60078263e+03 7.21801317e+03 2.81924242e+01
v 6.60148502e+03 7.21605919e+03 2.86298917e+01
v 6.60157782e+03 7.21508213e+03 2.76403295e+01
v 6.60933060e+03 7.22040482e+03 2.75844254e+01
v 6.60873935e+03 7.22004322e+03 2.91054781e+01
v 6.60253101e+03 7.22104922e+03 2.91855396e+01
v 6.60960025e+03 7.23554767e+03 2.72210594e+01
v 6.61204034e+03 7.23555054e+03 2.72881819e+01
v 6.59574100e+03 7.24356189e+03 2.69866270e+01
v 6.60006812e+03 7.20123817e+03 2.90926820e+01
v 6.60393922e+03 7.19850147e+03 3.47657789e+01
v 6.60355270e+03 7.19843550e+03 3.51328908e+01
v 6.60315828e+03 7.19862399e+03 3.51522536e+01
v 6.60696871e+03 7.21759699e+03 2.85246781e+01
v 6.60314805e+03 7.20705116e+03 2.78778906e+01
v 6.60790777e+03 7.20962261e+03 2.80467380e+01
v 6.59385559e+03 7.21322186e+03 2.76013497e+01
v 6.59851280e+03 7.24692534e+03 2.68763264e+01
v 6.59978784e+03 7.25000000e+03 2.67940938e+01
v 6.59756457e+03 7.22073214e+03 2.73737502e+01
v 6.59794666e+03 7.22332711e+03 2.77382295e+01
v 6.59701749e+03 7.22625505e+03 2.72198601e+01
v 6.59505467e+03 7.22281746e+03 2.74006792e+01
v 6.59962588e+03 7.21999861e+03 2.78348821e+01
v 6.60155666e+03 7.20323020e+03 2.81784594e+01
v 6.57135134e+03 7.25000000e+03 3.75174896e+01
v 6.58076815e+03 7.25000000e+03 3.37380775e+01
v 6.56732624e+03 7.25000000e+03 4.09448256e+01
v 6.60681799e+03 7.19996263e+03 3.39175723e+01
v 6.60354365e+03 7.18786401e+03 3.12733984e+01
v 6.59496748e+03 7.18826910e+03 3.20650381e+01
v 6.59834722e+03 7.18969291e+03 3.19049750e+01
v 6.59896373e+03 7.18761219e+03 3.35803332e+01
v 6.59996616e+03 7.18747091e+03 3.20216835e+01
v 6.60514014e+03 7.18760266e+03 3.19876347e+01
v 6.60085535e+03 7.19115628e+03 3.10014239e+01
v 6.61741269e+03 7.18902480e+03 2.91323602e+01
v 6.60636678e+03 7.18710203e+03 2.90740114e+01
v 6.61109757e+03 7.19132227e+03 2.89282388e+01
v 6.61720280e+03 7.19289409e+03 2.89948939e+01
v 6.61799125e+03 7.19628149e+03 2.89998425e+01
v 6.61009272e+03 7.19296512e+03 2.88925358e+01
v 6.61145225e+03 7.19802272e+03 2.85262988e+01
v 6.60794936e+03 7.19280833e+03 2.90242185e+01
v 6.60699949e+03 7.19061042e+03 2.94626513e+01
v 6.60287454e+03 7.19328493e+03 2.93358629e+01
v 6.60774799e+03 7.19596101e+03 2.84141298e+01
v 6.60069667e+03 7.19698014e+03 2.92662525e+01
v 6.60207300e+03 7.20047467e+03 3.00565282e+01
v 6.60227924e+03 7.20180605e+03 2.99774759e+01
v 6.59801109e+03 7.19858715e+03 2.93714978e+01
v 6.59629301e+03 7.19973844e+03 2.96869465e+01
v 6.59671306e+03 7.20086043e+03 3.06995202e+01
v 6.59422156e+03 7.19924779e+03 3.10588091e+01
v 6.60936622e+03 7.19202070e+03 2.99244905e+01
v 6.60565762e+03 7.19973313e+03 2.81569291e+01
v 6.60568525e+03 7.19668868e+03 2.91211848e+01
v 6.60349963e+03 7.19946974e+03 2.85427648e+01
v 6.61769097e+03 7.20107932e+03 2.88258743e+01
v 6.61645332e+03 7.19988189e+03 2.89094366e+01
v 6.61612758e+03 7.20392494e+03 2.83925728e+01
v 6.59650947e+03 7.19609856e+03 3.01402438e+01
v 6.60305944e+03 7.20215926e+03 2.83350451e+01
v 6.61999828e+03 7.23020499e+03 3.00581906e+01
v 6.61700033e+03 7.22609467e+03 2.95531566e+01
v 6.61637000e+03 7.22772675e+03 3.00421907e+01
v 6.61516808e+03 7.22647665e+03 2.86755150e+01
v 6.60360605e+03 7.20037714e+03 3.12001255e+01
v 6.61633206e+03 7.21085347e+03 2.84487635e+01
v 6.61844916e+03 7.21281291e+03 2.86396184e+01
v 6.59380637e+03 7.20863474e+03 2.94878848e+01
v 6.59411094e+03 7.20991204e+03 2.87874433e+01
v 6.59489226e+03 7.20785283e+03 2.96306803e+01
v 6.59580802e+03 7.21116919e+03 2.95676301e+01
v 6.59541774e+03 7.20406983e+03 2.94632423e+01
v 6.59368486e+03 7.20254755e+03 2.95811336e+01
v 6.59863240e+03 7.20628995e+03 3.01724750e+01
v 6.59342732e+03 7.20666319e+03 2.92535197e+01
v 6.59646714e+03 7.20883003e+03 2.78798370e+01
v 6.59666090e+03 7.20993408e+03 2.96456105e+01
v 6.59703496e+03 7.20481572e+03 2.78670627e+01
v 6.59615888e+03 7.20361356e+03 3.10970520e+01
v 6.59854770e+03 7.20373245e+03 2.90006764e+01
v 6.60023773e+03 7.21801350e+03 2.91297266e+01
v 6.60407683e+03 7.21877667e+03 2.89100633e+01
v 6.60287485e+03 7.21900021e+03 2.90024360e+01
v 6.59885141e+03 7.21902500e+03 2.89791409e+01
v 6.59381272e+03 7.21203114e+03 2.90896161e+01
v 6.59536656e+03 7.21140090e+03 2.88768416e+01
v 6.60449643e+03 7.20202767e+03 3.45298797e+01
v 6.60320371e+03 7.19960351e+03 3.40318608e+01
v 6.60730073e+03 7.19987073e+03 3.21228861e+01
v 6.60665057e+03 7.19839983e+03 3.19281676e+01
v 6.59407666e+03 7.20039792e+03 3.21252316e+01
v 6.59344285e+03 7.19825546e+03 3.20186522e+01
v 6.59469621e+03 7.20282027e+03 3.13194435e+01
v 6.59368917e+03 7.20533445e+03 2.90423813e+01
v 6.59584392e+03 7.20212095e+03 3.19071564e+01
v 6.59776838e+03 7.20401167e+03 3.06891889e+01
v 6.59515655e+03 7.20101244e+03 3.14917582e+01
v 6.60368500e+03 7.20189720e+03 3.36204522e+01
v 6.59719267e+03 7.19165737e+03 3.13741089e+01
v 6.59464097e+03 7.19408233e+03 3.18473342e+01
v 6.61058875e+03 7.19267714e+03 3.17706795e+01
v 6.59511112e+03 7.19315100e+03 3.34175123e+01
v 6.59396279e+03 7.19124901e+03 3.27041576e+01
v 6.60637175e+03 7.19694332e+03 3.36164878e+01
v 6.59368534e+03 7.19712937e+03 3.08399962e+01
v 6.59492280e+03 7.19068088e+03 3.16541094e+01
v 6.60976197e+03 7.19092688e+03 3.15668652e+01
v 6.61107500e+03 7.19177322e+03 3.20094067e+01
v 6.61024077e+03 7.18833168e+03 3.50832870e+01
v 6.61031979e+03 7.18954820e+03 3.69672855e+01
v 6.61134166e+03 7.18949188e+03 3.60824593e+01
v 6.61062778e+03 7.19040363e+03 3.09355728e+01
v 6.60688288e+03 7.19340182e+03 3.51676823e+01
v 6.60476176e+03 7.19735176e+03 3.43740617e+01
v 6.59607563e+03 7.19280320e+03 3.52675988e+01
v 6.59681543e+03 7.19187588e+03 3.49571615e+01
v 6.59616432e+03 7.19096125e+03 3.59939438e+01
v 6.59423537e+03 7.19126108e+03 3.56645257e+01
v 6.60747950e+03 7.19952389e+03 3.69686095e+01
v 6.60718115e+03 7.19764209e+03 3.62074786e+01
v 6.60524321e+03 7.19671895e+03 3.62111281e+01
v 6.60431028e+03 7.19824331e+03 3.61251798e+01
v 6.60383292e+03 7.19833228e+03 3.50131719e+01
v 6.60268860e+03 7.19964716e+03 3.61699613e+01
v 6.60282442e+03 7.20095353e+03 3.68602062e+01
v 6.60425955e+03 7.19768361e+03 3.74670815e+01
v 6.60763817e+03 7.19833850e+03 3.79149003e+01
v 6.60793580e+03 7.19389775e+03 3.74508296e+01
v 6.59514479e+03 7.19189609e+03 3.73884579e+01
v 6.60713943e+03 7.20016275e+03 3.89316775e+01
v 6.60652704e+03 7.20174772e+03 3.54288691e+01
v 6.60690876e+03 7.20080647e+03 3.39004412e+01
v 6.60554247e+03 7.20000707e+03 4.08635151e+01
v 6.60589114e+03 7.20181608e+03 3.97009446e+01
v 6.60686301e+03 7.19961395e+03 4.07448443e+01
v 6.60349274e+03 7.20028344e+03 3.84566871e+01
v 6.60632259e+03 7.19879110e+03 4.03325587e+01
v 6.60971323e+03 7.19402398e+03 4.10258512e+01
v 6.60788703e+03 7.19356628e+03 4.19766706e+01
v 6.60848682e+03 7.19325728e+03 4.02762692e+01
v 6.60490241e+03 7.19806514e+03 3.85696588e+01
v 6.60459577e+03 7.19924244e+03 3.93727687e+01
v 6.60688983e+03 7.19895371e+03 3.83361742e+01
v 6.60582640e+03 7.19842935e+03 3.83820140e+01
v 6.60958370e+03 7.19248432e+03 4.02297503e+01
v 6.61117991e+03 7.19176049e+03 4.23291648e+01
v 6.61004289e+03 7.19180280e+03 4.42922608e+01
v 6.60889248e+03 7.19281794e+03 4.46930874e+01
v 6.61024048e+03 7.19106248e+03 4.00606769e+01
v 6.60979826e+03 7.19352249e+03 3.95632231e+01
v 6.61065508e+03 7.19190461e+03 3.89469675e+01
v 6.61203843e+03 7.19215669e+03 3.93728643e+01
v 6.61145723e+03 7.18998809e+03 4.08429172e+01
v 6.61073274e+03 7.19054120e+03 4.25315799e+01
v 6.60946304e+03 7.19480090e+03 3.91663844e+01
v 6.60660674e+03 7.19164564e+03 4.41939231e+01
v 6.60847251e+03 7.18960831e+03 4.32030370e+01
v 6.60920208e+03 7.19049313e+03 4.37566791e+01
v 6.61129085e+03 7.19111789e+03 3.83076081e+01
v 6.60766952e+03 7.19007748e+03 4.44386559e+01
v 6.60536518e+03 7.18786789e+03 4.45771727e+01
v 6.60663738e+03 7.18924336e+03 4.58042576e+01
v 6.60945614e+03 7.19082660e+03 4.55887832e+01
v 6.61122979e+03 7.19005011e+03 4.35231499e+01
v 6.61048047e+03 7.18996773e+03 4.37400770e+01
v 6.60662822e+03 7.18702287e+03 4.50579791e+01
v 6.60856849e+03 7.18781283e+03 4.38224603e+01
v 6.56290838e+03 7.18960933e+03 3.00751727e+01
v 6.56503327e+03 7.19479558e+03 2.99470019e+01
v 6.56639079e+03 7.19176990e+03 2.95969856e+01
v 6.56614991e+03 7.19792623e+03 3.08262384e+01
v 6.56772791e+03 7.18806956e+03 3.20356065e+01
v 6.56288635e+03 7.23212675e+03 3.17758781e+01
v 6.56211294e+03 7.23062503e+03 3.12907411e+01
v 6.56229377e+03 7.24155467e+03 3.23351355e+01
v 6.56254600e+03 7.22925367e+03 3.13026733e+01
v 6.56627726e+03 7.22601259e+03 3.14363580e+01
v 6.56836068e+03 7.22394713e+03 3.04656587e+01
v 6.56341270e+03 7.24402206e+03 3.50146216e+01
v 6.56725753e+03 7.23954794e+03 3.53286951e+01
v 6.56713606e+03 7.24610495e+03 4.08010649e+01
v 6.56830788e+03 7.24641150e+03 3.94790068e+01
v 6.56768657e+03 7.24097456e+03 4.08630010e+01
v 6.61746369e+03 7.22587704e+03 2.75884128e+01
v 6.61853412e+03 7.22720086e+03 2.91620091e+01
v 6.57806076e+03 7.24148838e+03 3.48034482e+01
v 6.59532129e+03 7.20728532e+03 2.78747455e+01
v 6.57547903e+03 7.25000000e+03 3.69897782e+01
v 6.59698826e+03 7.20464517e+03 3.12485088e+01
v 6.60116865e+03 7.24387396e+03 2.69824573e+01
v 6.59927577e+03 7.24035671e+03 2.70127747e+01
v 6.59702882e+03 7.23255650e+03 2.71152873e+01
v 6.60449179e+03 7.23862465e+03 2.74537116e+01
v 6.60374714e+03 7.24126654e+03 2.70521652e+01
v 6.60655203e+03 7.23978871e+03 2.71645538e+01
v 6.61172057e+03 7.23941634e+03 2.71667269e+01
v 6.60593615e+03 7.24601436e+03 2.70185717e+01
v 6.60139331e+03 7.23738614e+03 2.70841417e+01
v 6.59407029e+03 7.22532525e+03 2.74877923e+01
v 6.59757353e+03 7.25000000e+03 2.70121632e+01
v 6.59886985e+03 7.24402634e+03 2.73641488e+01
v 6.60474833e+03 7.23373028e+03 2.71607445e+01
v 6.60193473e+03 7.22792060e+03 2.72821886e+01
v 6.60350185e+03 7.23610901e+03 2.71523769e+01
v 6.59916559e+03 7.22395055e+03 2.74150870e+01
v 6.60884232e+03 7.23013955e+03 2.72780030e+01
v 6.61431307e+03 7.22336265e+03 2.75646575e+01
v 6.60990981e+03 7.23382757e+03 2.77285004e+01
v 6.60690877e+03 7.23240462e+03 2.72477544e+01
v 6.60890043e+03 7.23551649e+03 2.85693695e+01
v 6.61790160e+03 7.23469045e+03 2.74119098e+01
v 6.61294320e+03 7.23381416e+03 2.77447257e+01
v 6.61529058e+03 7.23617035e+03 2.72758753e+01
v 6.61256900e+03 7.23254001e+03 2.74418321e+01
v 6.60720974e+03 7.23370098e+03 2.84546353e+01
v 6.61531924e+03 7.22977138e+03 2.75426359e+01
v 6.61214646e+03 7.22720433e+03 2.75113567e+01
v 6.61670828e+03 7.22860053e+03 2.76865107e+01
v 6.61516282e+03 7.24768689e+03 2.70120655e+01
v 6.61592142e+03 7.25000000e+03 2.70977297e+01
v 6.61947831e+03 7.24494984e+03 2.71830720e+01
v 6.61339791e+03 7.25000000e+03 2.70778626e+01
v 6.60174425e+03 7.24611621e+03 2.69457734e+01
v 6.59509429e+03 7.25000000e+03 2.67356625e+01
v 6.59901998e+03 7.22089692e+03 2.83702176e+01
v 6.59569154e+03 7.24672026e+03 2.69389100e+01
v 6.59854356e+03 7.21742703e+03 2.75810380e+01
v 6.60807221e+03 7.21102798e+03 2.87161743e+01
v 6.61837522e+03 7.20680127e+03 2.87336990e+01
v 6.61331209e+03 7.21599431e+03 2.78085479e+01
v 6.60527737e+03 7.20504500e+03 2.79673530e+01
v 6.62013299e+03 7.21013420e+03 2.86518307e+01
v 6.61986032e+03 7.21388410e+03 2.81049637e+01
v 6.61318441e+03 7.21114583e+03 2.83377063e+01
v 6.60844501e+03 7.21318666e+03 2.87471046e+01
v 6.56200001e+03 7.21548950e+03 2.77997820e+01
v 6.56200001e+03 7.21443694e+03 2.80708498e+01
v 6.56200001e+03 7.20214189e+03 3.02390486e+01
v 6.56200001e+03 7.20563937e+03 2.98697116e+01
v 6.56200001e+03 7.23852548e+03 2.52672416e+01
v 6.56200001e+03 7.23705806e+03 2.50674671e+01
v 6.56200001e+03 7.24157363e+03 2.85002982e+01
v 6.56200001e+03 7.24169595e+03 2.89051895e+01
v 6.56200001e+03 7.18839973e+03 2.83923402e+01
v 6.56200001e+03 7.18914246e+03 2.84067500e+01
v 6.56200001e+03 7.19064683e+03 2.89214955e+01
v 6.56200001e+03 7.19271061e+03 2.94699319e+01
v 6.56200001e+03 7.20595607e+03 2.99327872e+01
v 6.56200001e+03 7.20624882e+03 3.02390339e+01
v 6.56200001e+03 7.21004415e+03 2.96724697e+01
v 6.56200001e+03 7.20964166e+03 2.94973433e+01
v 6.56200001e+03 7.21209844e+03 2.85015851e+01
v 6.56200001e+03 7.21144510e+03 2.88890316e+01
v 6.56200001e+03 7.21105981e+03 2.88187835e+01
v 6.56200001e+03 7.21742019e+03 2.87276867e+01
v 6.56200001e+03 7.21693241e+03 2.79872425e+01
v 6.56200001e+03 7.22445655e+03 2.51699879e+01
v 6.56200001e+03 7.22306229e+03 2.48237398e+01
v 6.56200001e+03 7.21774903e+03 2.76625770e+01
v 6.56200001e+03 7.21851499e+03 2.73951679e+01
v 6.56200001e+03 7.22000557e+03 2.71544537e+01
v 6.56200001e+03 7.21883623e+03 2.70176198e+01
v 6.56200001e+03 7.22038834e+03 2.67052209e+01
v 6.56200001e+03 7.22160411e+03 2.50943815e+01
v 6.56200001e+03 7.22186551e+03 2.51487845e+01
v 6.56200001e+03 7.22217442e+03 2.48705339e+01
v 6.56200001e+03 7.23689284e+03 2.50446149e+01
v 6.56200001e+03 7.22623392e+03 2.38830094e+01
v 6.56200001e+03 7.22701847e+03 2.31228815e+01
v 6.56200001e+03 7.23978226e+03 2.71534369e+01
v 6.56200001e+03 7.23988646e+03 2.74822225e+01
v 6.56200001e+03 7.23900659e+03 2.67468563e+01
v 6.56200001e+03 7.23867273e+03 2.56480365e+01
v 6.56200001e+03 7.23869468e+03 2.61140976e+01
v 6.56200001e+03 7.23556472e+03 2.43957214e+01
v 6.56200001e+03 7.22702668e+03 2.31295162e+01
v 6.56200001e+03 7.22490132e+03 2.42386741e+01
v 6.56200001e+03 7.22772523e+03 2.46063289e+01
v 6.56200001e+03 7.22822075e+03 2.69712869e+01
v 6.56200001e+03 7.22841121e+03 2.59141950e+01
v 6.56200001e+03 7.22812355e+03 2.57384393e+01
v 6.56200001e+03 7.23474381e+03 2.65969068e+01
v 6.56200001e+03 7.23478173e+03 2.67807313e+01
v 6.56200001e+03 7.22837233e+03 2.85235599e+01
v 6.56200001e+03 7.24349978e+03 3.67895778e+01
v 6.56200001e+03 7.24401052e+03 3.83173848e+01
v 6.56200001e+03 7.24371838e+03 3.52731199e+01
v 6.56200001e+03 7.24399705e+03 3.45984625e+01
v 6.56200001e+03 7.22557136e+03 2.32262007e+01
v 6.56200001e+03 7.19668408e+03 3.05839370e+01
v 6.56200001e+03 7.19309634e+03 2.95390875e+01
v 6.56200001e+03 7.19773311e+03 3.08241851e+01
v 6.56200001e+03 7.24310108e+03 3.26834822e+01
v 6.56200001e+03 7.24305133e+03 3.33124654e+01
v 6.56200001e+03 7.24322088e+03 3.38749426e+01
v 6.56200001e+03 7.24138779e+03 3.17907180e+01
v 6.56200001e+03 7.24160562e+03 3.23558276e+01
v 6.56200001e+03 7.24793024e+03 3.13820802e+01
v 6.56200001e+03 7.24753860e+03 3.23208693e+01
v 6.56200001e+03 7.23214221e+03 3.18171323e+01
v 6.56200001e+03 7.23073431e+03 3.13329051e+01
v 6.56200001e+03 7.22935803e+03 3.12072827e+01
v 6.56200001e+03 7.23059828e+03 3.12686195e+01
v 6.56200001e+03 7.22902764e+03 3.09875640e+01
v 6.56200001e+03 7.23362257e+03 3.12530513e+01
v 6.56200001e+03 7.23364269e+03 3.10936379e+01
v 6.56200001e+03 7.23290674e+03 3.20229157e+01
v 6.56200001e+03 7.24099982e+03 3.10442555e+01
v 6.56200001e+03 7.24604249e+03 3.26274643e+01
v 6.56200001e+03 7.24193430e+03 3.25245808e+01
v 6.56200001e+03 7.20176882e+03 3.02630699e+01
v 6.56200001e+03 7.19962713e+03 3.06565785e+01
v 6.56200001e+03 7.20671939e+03 3.05369853e+01
v 6.56200001e+03 7.20702626e+03 3.01591185e+01
v 6.56200001e+03 7.20866448e+03 2.95310130e+01
v 6.56200001e+03 7.21046092e+03 2.92830234e+01
v 6.56200001e+03 7.19286544e+03 2.94558871e+01
v 6.56200001e+03 7.20179995e+03 3.02567564e+01
v 6.56200001e+03 7.20185175e+03 3.02536541e+01
v 6.56200001e+03 7.22864440e+03 3.04216669e+01
v 6.56200001e+03 7.23369723e+03 3.10506453e+01
v 6.56200001e+03 7.22836494e+03 2.92291884e+01
v 6.56200001e+03 7.24191116e+03 2.90995581e+01
v 6.56200001e+03 7.24183989e+03 2.89433291e+01
v 6.56200001e+03 7.23372849e+03 3.09917689e+01
v 6.56200001e+03 7.24159501e+03 2.98988977e+01
v 6.56200001e+03 7.24000260e+03 2.71378343e+01
v 6.56200001e+03 7.23490155e+03 2.61749069e+01
v 6.56200001e+03 7.24839605e+03 3.05975579e+01
v 6.56200001e+03 7.24456120e+03 3.77859141e+01
v 6.56200001e+03 7.24452631e+03 3.51806300e+01
v 6.56200001e+03 7.24477616e+03 3.65857341e+01
v 6.56200001e+03 7.24551963e+03 3.43175420e+01
v 6.56200001e+03 7.24565069e+03 3.30679931e+01
v 6.56200001e+03 7.24999284e+03 3.02967029e+01
v 6.56200001e+03 7.25000000e+03 3.02958309e+01
v 6.62549999e+03 7.24682611e+03 2.72525621e+01
v 6.62549999e+03 7.24708513e+03 2.72520728e+01
v 6.62549999e+03 7.24199966e+03 2.73978151e+01
v 6.62549999e+03 7.23920202e+03 2.72997897e+01
v 6.62549999e+03 7.21793071e+03 3.31868277e+01
v 6.62549999e+03 7.21808137e+03 3.31407313e+01
v 6.62549999e+03 7.22189097e+03 2.83652394e+01
v 6.62549999e+03 7.22180325e+03 2.80112995e+01
v 6.62549999e+03 7.23676029e+03 2.73362047e+01
v 6.62549999e+03 7.23875350e+03 2.72976687e+01
v 6.62549999e+03 7.23536417e+03 2.73332154e+01
v 6.62549999e+03 7.24434393e+03 2.77518211e+01
v 6.62549999e+03 7.24462544e+03 2.71938150e+01
v 6.62549999e+03 7.24326540e+03 2.72106766e+01
v 6.62549999e+03 7.24358584e+03 2.77715027e+01
v 6.62549999e+03 7.24930952e+03 2.71709285e+01
v 6.62549999e+03 7.25000000e+03 2.71369430e+01
v 6.62549999e+03 7.22092116e+03 3.64511489e+01
v 6.62549999e+03 7.22208304e+03 3.62616559e+01
v 6.62549999e+03 7.22071043e+03 3.63082991e+01
v 6.62549999e+03 7.22036002e+03 3.63881799e+01
v 6.62549999e+03 7.22434074e+03 3.65512204e+01
v 6.62549999e+03 7.22388801e+03 3.67007901e+01
v 6.62549999e+03 7.22400644e+03 3.62089951e+01
v 6.62549999e+03 7.22390871e+03 3.58837228e+01
v 6.62549999e+03 7.22770111e+03 2.76397560e+01
v 6.62549999e+03 7.22719224e+03 2.76599833e+01
v 6.62549999e+03 7.21992588e+03 3.22990404e+01
v 6.62549999e+03 7.21779489e+03 3.32538375e+01
v 6.62549999e+03 7.22093426e+03 3.23654396e+01
v 6.62549999e+03 7.21821853e+03 3.45609321e+01
v 6.62549999e+03 7.21914231e+03 3.45173119e+01
v 6.62549999e+03 7.21782119e+03 3.36522398e+01
v 6.62549999e+03 7.22049762e+03 3.58418940e+01
v 6.62549999e+03 7.18885264e+03 2.88941978e+01
v 6.62549999e+03 7.21093681e+03 2.83189714e+01
v 6.62549999e+03 7.20440952e+03 2.85589360e+01
v 6.62549999e+03 7.19239882e+03 2.88013353e+01
v 6.62549999e+03 7.19966784e+03 2.86715880e+01
v 6.62549999e+03 7.21141330e+03 2.83046257e+01
v 6.62549999e+03 7.21151669e+03 2.82984733e+01
v 6.62549999e+03 7.21135420e+03 2.83050139e+01
v 6.62549999e+03 7.21125387e+03 2.83086193e+01
v 6.62549999e+03 7.21645152e+03 2.81836143e+01
v 6.62549999e+03 7.21943957e+03 2.81255542e+01
v 6.62549999e+03 7.22130264e+03 2.80352333e+01
v 6.62549999e+03 7.22564566e+03 2.77438143e+01
v 6.62549999e+03 7.22489379e+03 2.82118816e+01
v 6.62549999e+03 7.21757979e+03 2.83872887e+01
v 6.62549999e+03 7.22338271e+03 2.85377274e+01
v 6.62549999e+03 7.22259026e+03 2.85831253e+01
v 6.62549999e+03 7.23128318e+03 2.74607087e+01
v 6.62549999e+03 7.23066498e+03 2.75437524e+01
v 6.62549999e+03 7.22350770e+03 3.69486997e+01
v 6.62549999e+03 7.21763913e+03 3.34377114e+01
v 6.62549999e+03 7.22246200e+03 3.35842158e+01
v 6.62549999e+03 7.22189202e+03 3.31248164e+01
v 6.56253429e+03 7.18700001e+03 2.83735751e+01
v 6.56871771e+03 7.18700001e+03 3.00614168e+01
v 6.56782918e+03 7.18700001e+03 3.00462245e+01
v 6.56664760e+03 7.18700001e+03 2.99094527e+01
v 6.56495779e+03 7.18700001e+03 2.95450499e+01
v 6.56560683e+03 7.18700001e+03 2.96536870e+01
v 6.56453821e+03 7.18700001e+03 2.95641987e+01
v 6.56300445e+03 7.18700001e+03 2.88175193e+01
v 6.57039009e+03 7.18700001e+03 3.04652583e+01
v 6.57421545e+03 7.18700001e+03 3.07964441e+01
v 6.58681021e+03 7.18700001e+03 3.50406017e+01
v 6.58322076e+03 7.18700001e+03 3.45184316e+01
v 6.58293956e+03 7.18700001e+03 3.43929908e+01
v 6.58306685e+03 7.18700001e+03 3.44909632e+01
v 6.59248917e+03 7.18700001e+03 3.39280930e+01
v 6.59183732e+03 7.18700001e+03 3.41086273e+01
v 6.59142882e+03 7.18700001e+03 3.41806270e+01
v 6.58930871e+03 7.18700001e+03 3.46046752e+01
v 6.58920523e+03 7.18700001e+03 3.46399974e+01
v 6.58696112e+03 7.18700001e+03 3.50245302e+01
v 6.58315888e+03 7.18700001e+03 3.45010169e+01
v 6.57439464e+03 7.18700001e+03 3.08078367e+01
v 6.57444796e+03 7.18700001e+03 3.08739640e+01
v 6.58028184e+03 7.18700001e+03 3.25863954e+01
v 6.57932275e+03 7.18700001e+03 3.23553391e+01
v 6.57741394e+03 7.18700001e+03 3.15280992e+01
v 6.57471510e+03 7.18700001e+03 3.08676044e+01
v 6.57461322e+03 7.18700001e+03 3.08832950e+01
v 6.56982131e+03 7.18700001e+03 3.04907232e+01
v 6.56960561e+03 7.18700001e+03 3.03430257e+01
v 6.60725821e+03 7.18700001e+03 4.47452592e+01
v 6.60740381e+03 7.18700001e+03 4.47961554e+01
v 6.60722093e+03 7.18700001e+03 2.90807203e+01
v 6.60641848e+03 7.18700001e+03 2.90832121e+01
v 6.59916890e+03 7.18700001e+03 3.35553861e+01
v 6.59993181e+03 7.18700001e+03 3.23149578e+01
v 6.60777673e+03 7.18700001e+03 4.37372532e+01
v 6.60743683e+03 7.18700001e+03 4.47525161e+01
v 6.60714354e+03 7.18700001e+03 3.45136419e+01
v 6.60757548e+03 7.18700001e+03 3.52078901e+01
v 6.61155229e+03 7.18700001e+03 4.23984165e+01
v 6.61144156e+03 7.18700001e+03 4.34925314e+01
v 6.60914239e+03 7.18700001e+03 4.35504794e+01
v 6.60933641e+03 7.18700001e+03 4.30326869e+01
v 6.61130625e+03 7.18700001e+03 4.36310547e+01
v 6.60990951e+03 7.18700001e+03 4.28381567e+01
v 6.60964629e+03 7.18700001e+03 3.93958162e+01
v 6.60837472e+03 7.18700001e+03 3.72207673e+01
v 6.61070496e+03 7.18700001e+03 4.18942041e+01
v 6.60995526e+03 7.18700001e+03 4.00285655e+01
v 6.60523100e+03 7.18700001e+03 4.07788619e+01
v 6.60613549e+03 7.18700001e+03 3.86844996e+01
v 6.60519366e+03 7.18700001e+03 4.10743383e+01
v 6.60521377e+03 7.18700001e+03 4.09970010e+01
v 6.60680813e+03 7.18700001e+03 4.49913176e+01
v 6.60661385e+03 7.18700001e+03 4.50705351e+01
v 6.60532407e+03 7.18700001e+03 4.50584410e+01
v 6.60385077e+03 7.18700001e+03 4.35741564e+01
v 6.60444106e+03 7.18700001e+03 4.42381542e+01
v 6.60785014e+03 7.18700001e+03 4.37282969e+01
v 6.60666351e+03 7.18700001e+03 4.51614200e+01
v 6.59435457e+03 7.18700001e+03 3.32920462e+01
v 6.59531021e+03 7.18700001e+03 3.25539862e+01
v 6.60643115e+03 7.18700001e+03 2.90930491e+01
v 6.59725095e+03 7.18700001e+03 3.55635377e+01
v 6.59770824e+03 7.18700001e+03 3.49507047e+01
v 6.60391359e+03 7.18700001e+03 3.54793514e+01
v 6.60495217e+03 7.18700001e+03 3.42218085e+01
v 6.60494078e+03 7.18700001e+03 3.40777078e+01
v 6.60495442e+03 7.18700001e+03 3.38140780e+01
v 6.60715565e+03 7.18700001e+03 3.43834427e+01
v 6.60009956e+03 7.18700001e+03 3.21531450e+01
v 6.60397820e+03 7.18700001e+03 3.73694655e+01
v 6.60401412e+03 7.18700001e+03 3.74778088e+01
v 6.60492615e+03 7.18700001e+03 3.78477333e+01
v 6.59805502e+03 7.18700001e+03 3.49474399e+01
v 6.59716858e+03 7.18700001e+03 3.42039924e+01
v 6.60337789e+03 7.18700001e+03 3.63290057e+01
v 6.60331210e+03 7.18700001e+03 3.66720485e+01
v 6.61332329e+03 7.18700001e+03 2.91212353e+01
v 6.61484682e+03 7.18700001e+03 2.91057990e+01
v 6.61629107e+03 7.18700001e+03 2.91424683e+01
v 6.61864064e+03 7.18700001e+03 2.90970394e+01
v 6.62070354e+03 7.18700001e+03 2.89659670e+01
v 6.60611381e+03 7.18700001e+03 3.05849083e+01
v 6.60608145e+03 7.18700001e+03 3.04638693e+01
v 6.60593175e+03 7.18700001e+03 3.06517921e+01
v 6.60548324e+03 7.18700001e+03 3.20453671e+01
v 6.60618891e+03 7.18700001e+03 2.98365487e+01
v 6.60275859e+03 7.18700001e+03 3.15986339e+01
v 6.60187530e+03 7.18700001e+03 3.17780884e+01
v 6.59709837e+03 7.18700001e+03 3.24459002e+01
v 6.59687641e+03 7.18700001e+03 3.20784658e+01
v 6.60582056e+03 7.18700001e+03 3.05370202e+01
v 6.60381068e+03 7.18700001e+03 3.15911544e+01
v 6.60311616e+03 7.18700001e+03 3.15515852e+01
v 6.60047504e+03 7.18700001e+03 3.20369632e+01
v 6.59667442e+03 7.18700001e+03 3.21147508e+01
v 6.60625139e+03 7.18700001e+03 3.30947097e+01
v 6.60569194e+03 7.18700001e+03 3.20877722e+01
v 6.60541006e+03 7.18700001e+03 3.27942465e+01
v 6.60522854e+03 7.18700001e+03 4.09796722e+01
v 6.60872776e+03 7.18700001e+03 3.68588888e+01
v 6.59725397e+03 7.18700001e+03 3.34956443e+01
v 6.62356031e+03 7.18700001e+03 2.89521163e+01
v 6.56236523e+03 7.18700001e+03 2.83892879e+01
v 6.56200001e+03 7.18700001e+03 2.84232317e+01
v 6.62549999e+03 7.18700001e+03 2.90238307e+01
vt 0.05423731 0.70345485
vt 0.039874785 0.71057296
vt 0.035296079 0.70398402
vt 0.040940758 0.68621832
vt 0.025992144 0.70355213
vt 0.054826204 0.69134724
vt 0.011513856 0.6891132
vt 0.064502396 0.68367958
vt 0.027706739 0.66837835
vt 0.011119087 0.71587825
vt 0.055182684 0.67499417
vt 0.066008121 0.70151585
vt 0.016973903 0.67205262
vt 0.043276157 0.67757326
vt 0.0048617935 0.71787053
vt 0.02551185 0.71159232
vt 0.06778574 0.66348779
vt 0.073388882 0.68829119
vt 0.0087389573 0.68354511
vt 0.0084441956 0.65003407
vt 0.0048534414 0.69959968
vt 0.10344402 0.65283406
vt 0.0048416266 0.68354714
vt 0.0048415978 0.68040311
vt 0.007772556 0.65552276
vt 0.031558976 0.62997794
vt 0.0048495987 0.69449431
vt 0.045090809 0.65020221
vt 0.078468397 0.64598668
vt 0.092507072 0.67330253
vt 0.0048448816 0.68680423
vt 0.0048389342 0.67276883
vt 0.0048312396 0.65996832
vt 0.0048288209 0.65389431
vt 0.0048184274 0.62180865
vt 0.0048490204 0.69148445
vt 0.067751855 0.63198572
vt 0.097908922 0.64591134
vt 0.068848893 0.64970338
vt 0.10986312 0.66914511
vt 0.07779678 0.7041325
vt 0.0048283278 0.65756983
vt 0.00482981 0.65160811
vt 0.0048176106 0.61954194
vt 0.0048293648 0.64913398
vt 0.048328843 0.60338545
vt 0.096749395 0.63375282
vt 0.1078634 0.6448673
vt 0.11681706 0.65527105
vt 0.10480615 0.69320482
vt 0.087325908 0.70825315
vt 0.068758555 0.70077407
vt 0.0048174616 0.61913717
vt 0.037225798 0.58886147
vt 0.088527158 0.60551643
vt 0.12116429 0.66644323
vt 0.075453237 0.71474975
vt 0.068306714 0.70899725
vt 0.06610705 0.57597625
vt 0.11073576 0.60500103
vt 0.096495494 0.71482086
vt 0.13253357 0.70121002
vt 0.0048173475 0.61889398
vt 0.04578406 0.56530613
vt 0.10153452 0.58166873
vt 0.083523929 0.57403928
vt 0.10894228 0.63298857
vt 0.1160033 0.72063118
vt 0.13150528 0.66170454
vt 0.069217987 0.71593094
vt 0.023768576 0.58609116
vt 0.028499048 0.56440842
vt 0.13139543 0.56656599
vt 0.077532977 0.56468153
vt 0.12705682 0.60798907
vt 0.10257744 0.72157109
vt 0.15062782 0.70298171
vt 0.11975357 0.73023415
vt 0.0048097041 0.60216081
vt 0.046233293 0.54787427
vt 0.12000583 0.51924461
vt 0.09527728 0.54624975
vt 0.078043252 0.55466676
vt 0.12148152 0.63754594
vt 0.16463046 0.66405785
vt 0.1373549 0.72426903
vt 0.0048039639 0.58736324
vt 0.0047994913 0.55114174
vt 0.033690512 0.54629648
vt 0.14517576 0.51381916
vt 0.14487243 0.57577211
vt 0.068058625 0.55273271
vt 0.15217468 0.60914886
vt 0.15172233 0.65800226
vt 0.19603102 0.66638434
vt 0.14779195 0.71536458
vt 0.12754357 0.74442112
vt 0.0048026666 0.57916826
vt 0.0047993772 0.5493381
vt 0.021855798 0.54516947
vt 0.039099071 0.54076767
vt 0.14010307 0.50346208
vt 0.15781574 0.53791803
vt 0.10852434 0.51239514
vt 0.17213833 0.585657
vt 0.092669591 0.53936958
vt 0.14045379 0.63096619
vt 0.14307255 0.64582455
vt 0.18335883 0.63645768
vt 0.17642608 0.68957579
vt 0.1493592 0.74235368
vt 0.0047989059 0.54812849
vt 0.12519503 0.50346923
vt 0.14759474 0.50345898
vt 0.16924447 0.50437462
vt 0.10411394 0.50347793
vt 0.093186975 0.52937353
vt 0.16454637 0.56142473
vt 0.17187163 0.60762274
vt 0.15929724 0.62453157
vt 0.12325193 0.64478087
vt 0.19818677 0.64592361
vt 0.19316442 0.68146634
vt 0.15261276 0.75895572
vt 0.16834815 0.50344718
vt 0.19842191 0.50374824
vt 0.18422592 0.55397117
vt 0.18248022 0.5916459
vt 0.20839612 0.6174733
vt 0.21984722 0.65140808
vt 0.17846115 0.61534238
vt 0.20342267 0.66900802
vt 0.19170691 0.68806112
vt 0.17935197 0.7338053
vt 0.13102955 0.75716454
vt 0.16934206 0.50344658
vt 0.19858423 0.50343549
vt 0.20767777 0.56303096
vt 0.21202549 0.66020715
vt 0.20619506 0.63792753
vt 0.18902649 0.75016487
vt 0.12389254 0.7804842
vt 0.17006102 0.50344628
vt 0.17054431 0.5034461
vt 0.1997633 0.50343519
vt 0.20746979 0.53330582
vt 0.20527478 0.54470909
vt 0.18895242 0.59763372
vt 0.18923426 0.60868931
vt 0.21832556 0.62492478
vt 0.17748173 0.77724081
vt 0.1391927 0.80015469
vt 0.21729767 0.5034306
vt 0.21717823 0.55295014
vt 0.23379038 0.57326394
vt 0.23664621 0.64354026
vt 0.20452292 0.76571095
vt 0.12341045 0.79931998
vt 0.21810633 0.50343043
vt 0.23364042 0.54891014
vt 0.21295822 0.59464753
vt 0.23118137 0.60746318
vt 0.23588498 0.63063979
vt 0.23669377 0.65214396
vt 0.2084862 0.81939173
vt 0.16010645 0.79063833
vt 0.13209519 0.81933671
vt 0.21523567 0.52304852
vt 0.24624331 0.55361867
vt 0.22929096 0.59712172
vt 0.25236279 0.62489957
vt 0.25240657 0.64667386
vt 0.23196736 0.79880404
vt 0.15828538 0.81061906
vt 0.11928273 0.8084867
vt 0.23467225 0.50342625
vt 0.25234574 0.5825662
vt 0.24755408 0.59959185
vt 0.23762237 0.60502166
vt 0.24361534 0.60907221
vt 0.28273168 0.76696396
vt 0.23974229 0.82421654
vt 0.16660102 0.86871809
vt 0.13971087 0.8305766
vt 0.23786402 0.50342542
vt 0.27441081 0.57450771
vt 0.26590553 0.63678837
vt 0.25540408 0.60809731
vt 0.26312801 0.7832619
vt 0.24126041 0.73003006
vt 0.23567876 0.84729683
vt 0.25867993 0.8302483
vt 0.13216861 0.86780441
vt 0.2183754 0.8742696
vt 0.12938806 0.8446067
vt 0.22586009 0.5293932
vt 0.25979835 0.55875576
vt 0.25653917 0.59911442
vt 0.25385615 0.6636368
vt 0.26384592 0.61289728
vt 0.28572127 0.78723532
vt 0.25544339 0.80285645
vt 0.22598781 0.73471403
vt 0.29037049 0.74113953
vt 0.15243757 0.89537668
vt 0.17847343 0.92332047
vt 0.24295771 0.50342429
vt 0.25448808 0.5366196
vt 0.27973014 0.53980541
vt 0.27273145 0.60294628
vt 0.27855098 0.64261603
vt 0.26025501 0.62702274
vt 0.29524758 0.79210383
vt 0.27847239 0.81011379
vt 0.21327563 0.7520386
vt 0.31406963 0.72281206
vt 0.29409695 0.76824486
vt 0.27857745 0.85934448
vt 0.23782563 0.89614916
vt 0.12806983 0.88808668
vt 0.24743949 0.51518458
vt 0.24974549 0.52562296
vt 0.30834588 0.53588247
vt 0.2861529 0.59394836
vt 0.26516905 0.66191423
vt 0.26921651 0.62155473
vt 0.2783649 0.70354396
vt 0.30786148 0.74571145
vt 0.29883134 0.76122671
vt 0.31689245 0.82311338
vt 0.14377122 0.90853709
vt 0.12103038 0.88149709
vt 0.1852328 0.95706463
vt 0.2575348 0.50342131
vt 0.2619926 0.53218162
vt 0.23521703 0.54520541
vt 0.28874218 0.52445364
vt 0.30713066 0.58138692
vt 0.27601025 0.61170805
vt 0.2897386 0.6760006
vt 0.27168542 0.63321728
vt 0.3122009 0.77821714
vt 0.24054416 0.72131324
vt 0.30726704 0.68230665
vt 0.33888921 0.86849499
vt 0.26854488 0.94532824
vt 0.12895663 0.90351021
vt 0.15904005 0.90263236
vt 0.11690523 0.88642639
vt 0.16458626 0.94596851
vt 0.23491472 0.97298336
vt 0.2623333 0.51333809
vt 0.27446663 0.52342659
vt 0.301384 0.50708961
vt 0.3241356 0.55251223
vt 0.30558813 0.60457379
vt 0.29657918 0.6119194
vt 0.27412495 0.6739794
vt 0.30076021 0.66606486
vt 0.25373477 0.70829827
vt 0.28761235 0.68969083
vt 0.34906864 0.70426017
vt 0.31268767 0.89706534
vt 0.370864 0.84043157
vt 0.29615217 0.92027861
vt 0.13323143 0.91820592
vt 0.16526762 0.91727656
vt 0.16117656 0.96604592
vt 0.22610386 0.9956404
vt 0.26500496 0.50342101
vt 0.28454971 0.50811768
vt 0.31629941 0.50340652
vt 0.32731479 0.5179916
vt 0.34610429 0.57909763
vt 0.32903925 0.60083199
vt 0.28402203 0.62064648
vt 0.34453687 0.78649056
vt 0.25338852 0.69899166
vt 0.35776168 0.74106795
vt 0.36350659 0.68014205
vt 0.32915714 0.88708216
vt 0.35576394 0.85813254
vt 0.26816672 0.97000343
vt 0.29298824 0.94894785
vt 0.12153381 0.9109661
vt 0.17839898 0.99565625
vt 0.24650912 0.99563414
vt 0.27566537 0.5034188
vt 0.27724364 0.50341833
vt 0.27897564 0.50341678
vt 0.30535838 0.50340939
vt 0.32320115 0.50340486
vt 0.34079379 0.51788497
vt 0.36222166 0.5734095
vt 0.31788772 0.60868251
vt 0.32631543 0.660065
vt 0.32323897 0.76895332
vt 0.24659489 0.69968367
vt 0.26552758 0.69406456
vt 0.34132507 0.75182879
vt 0.36673489 0.71641314
vt 0.3647911 0.69111937
vt 0.35299608 0.91582227
vt 0.33689573 0.90673244
vt 0.33108711 0.92737532
vt 0.41358581 0.78747201
vt 0.35811186 0.86825633
vt 0.29020885 0.97159868
vt 0.26351014 0.99562865
vt 0.31094947 0.94775259
vt 0.097448245 0.90029269
vt 0.1467897 0.9833042
vt 0.30242425 0.50340998
vt 0.35635453 0.53160667
vt 0.32933852 0.51015383
vt 0.36378345 0.54877675
vt 0.34298751 0.59354281
vt 0.30429757 0.64827985
vt 0.23712805 0.67819428
vt 0.24604714 0.71537197
vt 0.25571468 0.68243623
vt 0.36770886 0.70798314
vt 0.3868503 0.69897681
vt 0.34294531 0.64438611
vt 0.36189049 0.89459318
vt 0.37465239 0.76437634
vt 0.39666903 0.81749094
vt 0.15181777 0.99566466
vt 0.32599503 0.50340402
vt 0.39116594 0.58950698
vt 0.31235847 0.64776367
vt 0.3233873 0.76070994
vt 0.36120185 0.77117491
vt 0.23566002 0.68567336
vt 0.23665991 0.70192218
vt 0.40574557 0.72990829
vt 0.42770788 0.635607
vt 0.31387129 0.63021672
vt 0.39337459 0.91290003
vt 0.34820107 0.9644624
vt 0.41022983 0.81658143
vt 0.42067093 0.8550781
vt 0.30017838 0.99561661
vt 0.31545228 0.96526897
vt 0.33142075 0.50340217
vt 0.38052973 0.54999661
vt 0.34590152 0.60288537
vt 0.25073293 0.6745528
vt 0.22931516 0.66775304
vt 0.23040408 0.71096516
vt 0.42932269 0.68973583
vt 0.40473279 0.69202816
vt 0.32560825 0.62184572
vt 0.37679937 0.88268107
vt 0.42026725 0.81179506
vt 0.39998406 0.85917544
vt 0.34712893 0.50340009
vt 0.38837582 0.53715914
vt 0.22960569 0.68548346
vt 0.22509091 0.69707483
vt 0.44586653 0.70503813
vt 0.46122655 0.76568407
vt 0.43991238 0.6133703
vt 0.39586231 0.88269711
vt 0.42028916 0.9775058
vt 0.42146286 0.83753806
vt 0.42125669 0.88753116
vt 0.44224519 0.57588571
vt 0.2194692 0.700553
vt 0.2234409 0.71089506
vt 0.45901462 0.68410623
vt 0.45689696 0.71340483
vt 0.4382064 0.80710775
vt 0.4452731 0.65807182
vt 0.43023968 0.60401815
vt 0.45399624 0.95611101
vt 0.40650621 0.99558139
vt 0.43123817 0.84448171
vt 0.4416509 0.87596244
vt 0.40290901 0.86912799
vt 0.43607685 0.54942346
vt 0.23724829 0.72948527
vt 0.44914591 0.8226431
vt 0.49007016 0.73025155
vt 0.47536361 0.6630609
vt 0.33381566 0.59509432
vt 0.47429958 0.98063481
vt 0.4262211 0.99557495
vt 0.44472033 0.8458364
vt 0.43231109 0.82838684
vt 0.46551853 0.84206802
vt 0.46940166 0.933599
vt 0.46883392 0.56554496
vt 0.43770605 0.51919341
vt 0.20751567 0.70780367
vt 0.2287582 0.73244941
vt 0.50007826 0.69365823
vt 0.48464987 0.78300005
vt 0.50097114 0.75679284
vt 0.49084768 0.9584766
vt 0.4593755 0.99556428
vt 0.48408553 0.88458711
vt 0.48496303 0.92433751
vt 0.41765508 0.50338125
vt 0.50099337 0.81736231
vt 0.50097775 0.77525949
vt 0.50097632 0.77134848
vt 0.500965 0.74226248
vt 0.5009501 0.69489443
vt 0.50093067 0.63936853
vt 0.50104535 0.97075409
vt 0.50105208 0.99015605
vt 0.50101584 0.88120687
vt 0.44729459 0.5033716
vt 0.42893818 0.50337744
vt 0.40575239 0.50338507
vt 0.50094855 0.690364
vt 0.50098896 0.80527931
vt 0.50099474 0.82133788
vt 0.50096327 0.73344839
vt 0.50094986 0.69408667
vt 0.50091803 0.60232359
vt 0.501046 0.97277766
vt 0.5010401 0.95356137
vt 0.50105399 0.99555057
vt 0.50100482 0.84932351
vt 0.50101936 0.8921141
vt 0.50102574 0.91119033
vt 0.46341184 0.50336683
vt 0.36976409 0.51860452
vt 0.50094938 0.69284111
vt 0.49215221 0.78107756
vt 0.50094968 0.69362497
vt 0.50089896 0.54553366
vt 0.50100279 0.84449363
vt 0.50102466 0.90768623
vt 0.50103229 0.93304676
vt 0.50088942 0.51782864
vt 0.35807759 0.50340056
vt 0.50098449 0.79940397
vt 0.48573059 0.50335956
vt 0.35140479 0.50419986
vt 0.50097883 0.78759772
vt 0.50088406 0.50335449
vt 0.35180837 0.50340259
vt 0.50097656 0.78140652
vt 0.57162106 0.91166794
vt 0.5635798 0.89060897
vt 0.58882993 0.9088372
vt 0.58670217 0.92836815
vt 0.54053861 0.89786506
vt 0.5753004 0.88660496
vt 0.6007778 0.90658665
vt 0.57486129 0.92790854
vt 0.54067516 0.87558526
vt 0.55629081 0.92061973
vt 0.60364258 0.93913001
vt 0.58291799 0.94641232
vt 0.51596081 0.87879813
vt 0.50912362 0.88683313
vt 0.61141127 0.92217571
vt 0.57089871 0.94201797
vt 0.62804836 0.94135314
vt 0.60481232 0.9514513
vt 0.5030089 0.87778711
vt 0.61596298 0.95126981
vt 0.51639378 0.87151706
vt 0.63239408 0.96116006
vt 0.62410682 0.97021383
vt 0.64239162 0.94434524
vt 0.63572192 0.98540086
vt 0.64483649 0.96026444
vt 0.62628925 0.98408329
vt 0.64530337 0.98046005
vt 0.65086818 0.94300365
vt 0.63077343 0.99541104
vt 0.61544067 0.98493963
vt 0.65416378 0.96473122
vt 0.66082776 0.97560728
vt 0.65940124 0.94767833
vt 0.66238332 0.93847454
vt 0.6685136 0.94401503
vt 0.73400366 0.8947342
vt 0.72080082 0.89848888
vt 0.71111035 0.88876677
vt 0.72564018 0.87456423
vt 0.74331558 0.91304582
vt 0.70862448 0.9034555
vt 0.69970089 0.87550491
vt 0.73753351 0.88325065
vt 0.72022039 0.91665858
vt 0.74928999 0.89836228
vt 0.69648331 0.88276136
vt 0.70996833 0.8634401
vt 0.72928977 0.87143916
vt 0.7401287 0.88667315
vt 0.73720169 0.92734641
vt 0.75533432 0.91753089
vt 0.71113491 0.91827846
vt 0.69047439 0.86713958
vt 0.71941096 0.86576837
vt 0.69383389 0.8554371
vt 0.72751939 0.87094891
vt 0.75340027 0.93484145
vt 0.72584069 0.93126613
vt 0.74804884 0.88941109
vt 0.70660776 0.92370951
vt 0.72542548 0.86861789
vt 0.70695072 0.85737014
vt 0.73717541 0.93576062
vt 0.76672554 0.93571782
vt 0.70240676 0.85022289
vt 0.75234115 0.95190555
vt 0.76573604 0.94988853
vt 0.70792931 0.93335301
vt 0.72717428 0.94913578
vt 0.74288619 0.95502591
vt 0.70854819 0.94570422
vt 0.74536812 0.96935791
vt 0.73330355 0.96070325
vt 0.71094459 0.95515811
vt 0.69469196 0.94175321
vt 0.72449797 0.9640559
vt 0.74508113 0.98557299
vt 0.73481655 0.98754185
vt 0.70124501 0.95994812
vt 0.71774423 0.97677028
vt 0.69853836 0.97005469
vt 0.7259329 0.99077386
vt 0.71331751 0.99552685
vt 0.69801122 0.9834041
vt 0.70488 0.9924351
vt 0.92180598 0.91601956
vt 0.93728346 0.91699678
vt 0.93019474 0.92360801
vt 0.91497624 0.93017894
vt 0.94179249 0.92136759
vt 0.91092765 0.92395312
vt 0.93863475 0.9345414
vt 0.90027744 0.93192077
vt 0.91480625 0.90565896
vt 0.91260928 0.94223291
vt 0.89664298 0.91933775
vt 0.92440885 0.95096481
vt 0.89214975 0.9263624
vt 0.89705199 0.94207132
vt 0.88301778 0.90160835
vt 0.93516284 0.95299804
vt 0.91527778 0.95597774
vt 0.87137526 0.90924799
vt 0.9000774 0.96147609
vt 0.89591062 0.89304399
vt 0.91245776 0.96269453
vt 0.87822455 0.94046372
vt 0.8566224 0.91550696
vt 0.89101601 0.95606863
vt 0.87129372 0.89695925
vt 0.88709456 0.88884598
vt 0.93003136 0.95480835
vt 0.8808586 0.93342888
vt 0.89022183 0.97242403
vt 0.90861768 0.97381204
vt 0.9373244 0.96645015
vt 0.86228371 0.95071453
vt 0.874614 0.96191716
vt 0.92615777 0.97068441
vt 0.84959644 0.95392865
vt 0.91081089 0.97756249
vt 0.92662513 0.98610055
vt 0.85635406 0.96436507
vt 0.83400911 0.91907257
vt 0.85023659 0.97453314
vt 0.83536255 0.94390059
vt 0.91733211 0.9960587
vt 0.83875507 0.95712829
vt 0.81639647 0.92023391
vt 0.90463829 0.99134517
vt 0.83544695 0.95847082
vt 0.8175298 0.94087607
vt 0.81743586 0.90025526
vt 0.82552528 0.95365286
vt 0.81873542 0.95024395
vt 0.82849425 0.90534568
vt 0.049802598 0.85086036
vt 0.054325204 0.84423465
vt 0.065331072 0.86035347
vt 0.056788828 0.86966497
vt 0.042032532 0.8370887
vt 0.07384795 0.84874725
vt 0.029308461 0.84681851
vt 0.064682484 0.84258747
vt 0.075467803 0.86133105
vt 0.030148085 0.83874476
vt 0.054160614 0.83442163
vt 0.080898821 0.83548361
vt 0.088382557 0.84658331
vt 0.031139482 0.83023751
vt 0.055942152 0.8251617
vt 0.07464622 0.82571656
vt 0.085172229 0.87017918
vt 0.040392138 0.82541871
vt 0.0988838 0.84040052
vt 0.092478074 0.82259583
vt 0.091612317 0.8588984
vt 0.037666477 0.81267774
vt 0.048209757 0.82033974
vt 0.073775813 0.81179279
vt 0.092983 0.83273
vt 0.082342625 0.81187826
vt 0.023686785 0.82086664
vt 0.055922359 0.799573
vt 0.10527822 0.82401597
vt 0.021158004 0.84136379
vt 0.025977891 0.79692686
vt 0.11701269 0.8263402
vt 0.0043068007 0.83073139
vt 0.015453015 0.81098467
vt 0.037123397 0.79420966
vt 0.1134954 0.8380847
vt 0.014544403 0.85098928
vt 0.0043085171 0.81801176
vt 0.1259502 0.8430953
vt 0.09752696 0.84670234
vt 0.021580201 0.86391729
vt 0.11779613 0.85743892
vt 0.1079446 0.85598421
vt 0.029221287 0.85181117
vt 0.12200553 0.85913599
vt 0.031227103 0.8632127
vt 0.021158004 0.96636379
vt 0.032924309 0.97051471
vt 0.029221287 0.97681123
vt 0.62361819 0.77848798
vt 0.62624282 0.76533782
vt 0.63394427 0.77955759
vt 0.62924391 0.78692359
vt 0.61060607 0.77479327
vt 0.64518845 0.76702148
vt 0.61485022 0.79407448
vt 0.64103228 0.79283255
vt 0.60605603 0.7945807
vt 0.60693818 0.76127964
vt 0.64644039 0.78416014
vt 0.62551069 0.80460793
vt 0.63228744 0.79984516
vt 0.5983054 0.77533007
vt 0.64675015 0.80420756
vt 0.59013259 0.79154158
vt 0.58269298 0.77203286
vt 0.62603283 0.81434786
vt 0.59610015 0.79818726
vt 0.57423365 0.76603079
vt 0.63882351 0.81775963
vt 0.61454529 0.80470508
vt 0.62528253 0.82166421
vt 0.60417676 0.80889988
vt 0.61912954 0.79634905
vt 0.62767106 0.84641659
vt 0.61773098 0.81384772
vt 0.59873325 0.81732655
vt 0.64076298 0.82864141
vt 0.58841622 0.81438434
vt 0.63773936 0.84559363
vt 0.62201804 0.82075483
vt 0.58914036 0.81954539
vt 0.61409342 0.82708418
vt 0.59557652 0.82722014
vt 0.61393136 0.8332811
vt 0.57966548 0.81789082
vt 0.58893609 0.83692718
vt 0.6158396 0.84299421
vt 0.59819716 0.84113121
vt 0.5738833 0.83229291
vt 0.59717011 0.84884107
vt 0.58636039 0.85228354
vt 0.56861323 0.82304585
vt 0.60887682 0.84767878
vt 0.5729202 0.84528619
vt 0.56622195 0.82986623
vt 0.60963255 0.85632795
vt 0.5971688 0.85711712
vt 0.59567934 0.8661263
vt 0.61126184 0.86206412
vt 0.58695441 0.86244309
vt 0.60419291 0.87154686
vt 0.056629527 0.92134905
vt 0.04355602 0.9195807
vt 0.061118186 0.90348798
vt 0.96327347 0.91994107
vt 0.97410399 0.9400385
vt 0.95264167 0.92858124
vt 0.94528049 0.91244686
vt 0.98974925 0.91802698
vt 0.95747322 0.93676144
vt 0.94711405 0.93184245
vt 0.97775817 0.90563285
vt 0.98336852 0.94358552
vt 0.97897184 0.91483015
vt 0.9610641 0.95024341
vt 0.97404182 0.88901156
vt 0.9803462 0.96383286
vt 0.97285163 0.95912617
vt 0.94411516 0.9429763
vt 0.95241553 0.89062411
vt 0.98327529 0.89012623
vt 0.98323643 0.90193427
vt 0.95490777 0.96732354
vt 0.94215965 0.95603675
vt 0.96776587 0.97395474
vt 0.98347735 0.97242832
vt 0.95925635 0.98122776
vt 0.94054186 0.97242963
vt 0.98311532 0.98486221
vt 0.95233774 0.98418981
vt 0.96491188 0.98570758
vt 0.97475213 0.9922145
vt 0.96123117 0.9955048
vt 0.94982862 0.99271119
vt 0.81987691 0.78013563
vt 0.81580496 0.78995949
vt 0.8100881 0.77173001
vt 0.82373947 0.78234518
vt 0.78688931 0.77944523
vt 0.81802529 0.80613548
vt 0.78228456 0.79639149
vt 0.78934938 0.76843512
vt 0.80457985 0.80720752
vt 0.77169597 0.77767539
vt 0.77220905 0.76453477
vt 0.82315207 0.82119423
vt 0.7751779 0.81182384
vt 0.82625419 0.81558692
vt 0.8002882 0.84478474
vt 0.75568444 0.80797327
vt 0.82031208 0.80615389
vt 0.82932031 0.82201946
vt 0.7665329 0.82981187
vt 0.75985008 0.81757164
vt 0.82037628 0.80502653
vt 0.78564078 0.85135156
vt 0.82029676 0.80297625
vt 0.79300553 0.87013829
vt 0.76262647 0.844199
vt 0.75558364 0.83421123
vt 0.81768709 0.79518861
vt 0.77963239 0.86945194
vt 0.75300473 0.84339213
vt 0.76681364 0.85227293
vt 0.75790274 0.84708267
vt 0.76860482 0.86519909
vt 0.7557255 0.85826683
vt 0.75784761 0.86434644
vt 0.8882736 0.79582685
vt 0.89452475 0.81680989
vt 0.87999231 0.81505036
vt 0.90529454 0.79478693
vt 0.89082354 0.83073628
vt 0.93518728 0.80114031
vt 0.88103366 0.83261627
vt 0.90845013 0.84626877
vt 0.90664953 0.82173753
vt 0.89308637 0.8462314
vt 0.9295122 0.83297801
vt 0.87817729 0.84626621
vt 0.88877821 0.85574955
vt 0.94103098 0.82448888
vt 0.8953045 0.87180859
vt 0.93173516 0.85122907
vt 0.95304251 0.80611849
vt 0.96023327 0.85521936
vt 0.9068346 0.86630261
vt 0.91370839 0.85891879
vt 0.97795057 0.84445888
vt 0.94578916 0.85972726
vt 0.97765118 0.807446
vt 0.96916634 0.79668331
vt 0.5147205 0.94695318
vt 0.51158875 0.90015209
vt 0.52862471 0.95587903
vt 0.51521593 0.96086812
vt 0.52118617 0.90732431
vt 0.51795101 0.99697572
vt 0.53885907 0.95524734
vt 0.50603944 0.97846431
vt 0.53537405 0.99390846
vt 0.55507243 0.97565442
vt 0.5055697 0.99676472
vt 0.5043276 0.98675841
vt 0.50366867 0.98011923
vt 0.63730717 0.73254001
vt 0.62851101 0.73785627
vt 0.63613904 0.73221421
vt 0.63134295 0.73980236
vt 0.63361555 0.73151034
vt 0.64211029 0.75012171
vt 0.64055395 0.73625779
vt 0.63036966 0.75543427
vt 0.65114814 0.74434072
vt 0.65404713 0.74526376
vt 0.65325266 0.7505731
vt 0.65853107 0.7474888
vt 0.66572094 0.75152695
vt 0.66528803 0.75557601
vt 0.67388415 0.7552259
vt 0.68002307 0.75750208
vt 0.65844721 0.76371986
vt 0.67064255 0.78702223
vt 0.68615663 0.76131272
vt 0.65985197 0.77962369
vt 0.68764639 0.76269555
vt 0.66596895 0.79459232
vt 0.68032008 0.78575277
vt 0.66657013 0.80459291
vt 0.65417248 0.78739274
vt 0.69157624 0.76394969
vt 0.68894172 0.79541123
vt 0.67449528 0.80838859
vt 0.65382802 0.79502642
vt 0.69401985 0.78100961
vt 0.718005 0.77528143
vt 0.69457316 0.80405933
vt 0.69969964 0.79152185
vt 0.71924299 0.77578849
vt 0.71038043 0.79084843
vt 0.71961117 0.77630109
vt 0.72119147 0.78680527
vt 0.72075295 0.77676195
vt 0.72145689 0.7769224
vt 0.78542501 0.95676738
vt 0.78772187 0.95098174
vt 0.80603331 0.95412338
vt 0.79633135 0.97679001
vt 0.79380429 0.94166023
vt 0.80653501 0.97128952
vt 0.78783548 0.99603713
vt 0.79555446 0.92817229
vt 0.80850106 0.94284791
vt 0.81359988 0.96245974
vt 0.80038792 0.98779726
vt 0.79946131 0.9320758
vt 0.81119132 0.91221797
vt 0.81408358 0.92699045
vt 0.80107939 0.90547156
vt 0.64481288 0.88425159
vt 0.64212477 0.91171795
vt 0.62825727 0.90854514
vt 0.64549488 0.93317932
vt 0.63177913 0.92866391
vt 0.66593915 0.90156597
vt 0.67095429 0.89448345
vt 0.67009485 0.91810811
vt 0.66213048 0.8647635
vt 0.66038978 0.93403125
vt 0.65168208 0.85070962
vt 0.68049973 0.87897182
vt 0.68087167 0.9051019
vt 0.66598457 0.85307145
vt 0.67575383 0.86278707
vt 0.68403643 0.89052945
vt 0.68697578 0.90549618
vt 0.0076979357 0.92973953
vt 0.024047578 0.95438915
vt 0.0047617024 0.93883276
vt 0.028088134 0.95163131
vt 0.032652799 0.95864117
vt 0.021703795 0.91659075
vt 0.040310971 0.95013005
vt 0.043054804 0.93894774
vt 0.055468064 0.96161282
vt 0.054729354 0.94167954
vt 0.04603922 0.96434742
vt 0.05412605 0.93284595
vt 0.058419641 0.94632274
vt 0.084687024 0.92763835
vt 0.063752472 0.9614414
vt 0.071811855 0.95048535
vt 0.83391654 0.86091053
vt 0.83478969 0.86910093
vt 0.82001257 0.86691225
vt 0.82086414 0.8462342
vt 0.83131963 0.87271631
vt 0.82741678 0.84681177
vt 0.81585467 0.86155289
vt 0.84519577 0.87908274
vt 0.82311052 0.89047068
vt 0.80790073 0.87591696
vt 0.8451736 0.89056128
vt 0.80979568 0.88536698
vt 0.86281884 0.88061512
vt 0.80794954 0.90081185
vt 0.79651749 0.8916654
vt 0.8552559 0.89435458
vt 0.84834528 0.86983907
vt 0.80173057 0.90174693
vt 0.7911709 0.8798089
vt 0.7851699 0.889171
vt 0.57373118 0.7434454
vt 0.5793848 0.75913417
vt 0.55831259 0.75618106
vt 0.5624547 0.76590627
vt 0.57317048 0.76863861
vt 0.546902 0.75834882
vt 0.5629102 0.77827817
vt 0.55485177 0.77611637
vt 0.57383084 0.78276414
vt 0.53944963 0.77987701
vt 0.55515528 0.79068482
vt 0.53909177 0.78816599
vt 0.53355205 0.77362269
vt 0.53049594 0.79292423
vt 0.52381486 0.75759017
vt 0.55660176 0.79917747
vt 0.53690165 0.80243295
vt 0.52479064 0.77460581
vt 0.50351143 0.78243554
vt 0.54614389 0.80891079
vt 0.50625783 0.77388942
vt 0.51346427 0.78775907
vt 0.52453101 0.78512549
vt 0.50412107 0.79048288
vt 0.51393586 0.79704332
vt 0.86308479 0.74808407
vt 0.85284966 0.75220919
vt 0.84566158 0.73993707
vt 0.87067562 0.73226035
vt 0.86140257 0.76731867
vt 0.83628011 0.74331737
vt 0.84440994 0.73341089
vt 0.85894775 0.77662659
vt 0.83232051 0.7592485
vt 0.82115811 0.73328751
vt 0.81915992 0.74501359
vt 0.84980953 0.7810533
vt 0.81897581 0.74405849
vt 0.81674033 0.75657868
vt 0.86227536 0.78880113
vt 0.8423866 0.7942934
vt 0.81959361 0.73920655
vt 0.81993103 0.76462752
vt 0.82632118 0.77607453
vt 0.85673112 0.7953136
vt 0.82748419 0.78157246
vt 0.83584768 0.80305171
vt 0.83405852 0.79485321
vt 0.82502025 0.77600658
vt 0.83203906 0.79754841
vt 0.85736638 0.80776536
vt 0.8635366 0.80787265
vt 0.86773264 0.79079318
vt 0.87063479 0.80552161
vt 0.87591076 0.79883128
vt 0.54949647 0.67987937
vt 0.5706048 0.69027162
vt 0.55498749 0.69454861
vt 0.537319 0.68201172
vt 0.58097291 0.70202887
vt 0.53198618 0.70417857
vt 0.56288105 0.71750641
vt 0.54249442 0.71381885
vt 0.52463269 0.68783599
vt 0.52836823 0.71993685
vt 0.5197165 0.70007098
vt 0.5561648 0.72430301
vt 0.52960634 0.72794092
vt 0.52024364 0.71252578
vt 0.51246798 0.68846142
vt 0.53684795 0.73126894
vt 0.52730602 0.72426093
vt 0.53533208 0.73146141
vt 0.51509643 0.71551895
vt 0.50754666 0.7072624
vt 0.55218881 0.7424866
vt 0.54855376 0.7415601
vt 0.51400584 0.71547961
vt 0.53695923 0.73182893
vt 0.54945511 0.74375951
vt 0.50420183 0.70967972
vt 0.55051786 0.74423283
vt 0.55104339 0.74512988
vt 0.70757329 0.71929872
vt 0.72566062 0.71414661
vt 0.72413468 0.72491086
vt 0.71523499 0.73198336
vt 0.72457641 0.70693684
vt 0.73583663 0.71640247
vt 0.71817243 0.74176288
vt 0.71085417 0.74623787
vt 0.71308047 0.70075125
vt 0.73330224 0.70474511
vt 0.70603222 0.70444536
vt 0.71728897 0.69907135
vt 0.74753106 0.71628267
vt 0.69205409 0.71324533
vt 0.70500565 0.68009353
vt 0.71900791 0.69029951
vt 0.72931039 0.70022488
vt 0.75432307 0.70451647
vt 0.69163227 0.70467967
vt 0.69262481 0.69593304
vt 0.74193424 0.69364071
vt 0.71588874 0.66941231
vt 0.73387313 0.68858588
vt 0.7329216 0.67608744
vt 0.50799686 0.79784805
vt 0.51833701 0.80690968
vt 0.50437731 0.81593895
vt 0.52522761 0.7963177
vt 0.51187384 0.82344097
vt 0.53178757 0.82690108
vt 0.52308893 0.82011563
vt 0.53852481 0.80728203
vt 0.5111115 0.84013432
vt 0.530141 0.84276599
vt 0.53752607 0.84601492
vt 0.5156101 0.85274309
vt 0.53643346 0.85597575
vt 0.5226801 0.86955178
vt 0.53309977 0.86844838
vt 0.54556656 0.8703326
vt 0.54865289 0.85815471
vt 0.91106188 0.76620591
vt 0.90520799 0.76387596
vt 0.90429205 0.74779737
vt 0.91466969 0.72756916
vt 0.89835805 0.77661616
vt 0.88947523 0.75945574
vt 0.90101641 0.7314564
vt 0.88843191 0.77437431
vt 0.8941707 0.74154222
vt 0.8940444 0.72142887
vt 0.88425142 0.74568796
vt 0.89621544 0.70805109
vt 0.87905157 0.73754686
vt 0.89041346 0.72337997
vt 0.90654445 0.70313561
vt 0.91892385 0.72243786
vt 0.068177082 0.75637281
vt 0.080487743 0.75208074
vt 0.083599538 0.76052493
vt 0.068887763 0.76415563
vt 0.085164748 0.73822922
vt 0.089441411 0.74652088
vt 0.079299368 0.7706272
vt 0.072982125 0.74225688
vt 0.089700326 0.76724368
vt 0.069255665 0.77233964
vt 0.091144398 0.77595431
vt 0.067718953 0.77910227
vt 0.099543199 0.77354187
vt 0.074705437 0.78552639
vt 0.088083938 0.79196221
vt 0.099447563 0.78814483
vt 0.084402576 0.78323621
vt 0.10547827 0.78999519
vt 0.097698726 0.80790341
vt 0.082536824 0.79792178
vt 0.074332498 0.80532098
vt 0.065801047 0.79505181
vt 0.72869027 0.86223698
vt 0.74360979 0.86120486
vt 0.73436409 0.86912841
vt 0.73311156 0.87055659
vt 0.73283869 0.85100085
vt 0.73222929 0.8715443
vt 0.74615598 0.84831727
vt 0.73198205 0.87095261
vt 0.73761106 0.84198576
vt 0.72233617 0.84365177
vt 0.74352741 0.83905947
vt 0.73908758 0.83031607
vt 0.75492066 0.84201086
vt 0.72540683 0.83230841
vt 0.75087804 0.83125639
vt 0.73222369 0.81994319
vt 0.75147361 0.82389045
vt 0.74789816 0.8123827
vt 0.74192411 0.80318546
vt 0.72569382 0.81197715
vt 0.73334581 0.80122125
vt 0.77173042 0.89006829
vt 0.75473487 0.88525659
vt 0.76238304 0.87426502
vt 0.77863801 0.8800025
vt 0.75867349 0.90116304
vt 0.77693224 0.87330812
vt 0.78007388 0.8872416
vt 0.77222097 0.90700608
vt 0.77109987 0.86413914
vt 0.78553867 0.89597499
vt 0.75309867 0.86911696
vt 0.78697211 0.90034032
vt 0.7710737 0.86410081
vt 0.78745848 0.9081592
vt 0.78318918 0.9191696
vt 0.79109085 0.91776246
vt 0.79018742 0.92470551
vt 0.79097986 0.93263012
vt 0.79033208 0.93289286
vt 0.98267478 0.71735901
vt 0.98545504 0.72425902
vt 0.96555966 0.72180247
vt 0.97043639 0.70926499
vt 0.9765135 0.73573446
vt 0.94392437 0.71539545
vt 0.98434716 0.73432052
vt 0.96424919 0.73496783
vt 0.94510984 0.72553837
vt 0.99448943 0.74272561
vt 0.97553706 0.74704653
vt 0.95889175 0.72864628
vt 0.94212842 0.7174055
vt 0.95314312 0.73934352
vt 0.96806508 0.76086938
vt 0.9817903 0.76762688
vt 0.97468632 0.77805907
vt 0.035449583 0.77290308
vt 0.033207867 0.76139218
vt 0.04478056 0.76118225
vt 0.043715715 0.76790726
vt 0.026763976 0.76782769
vt 0.042341892 0.74921817
vt 0.042122114 0.77679127
vt 0.015665926 0.77434921
vt 0.010532578 0.75895452
vt 0.041962016 0.748869
vt 0.014407184 0.73345834
vt 0.029026339 0.73155379
vt 0.042305194 0.74876773
vt 0.0044903923 0.77159482
vt 0.042278424 0.74870527
vt 0.039663587 0.71060503
vt 0.044525072 0.71947896
vt 0.04446055 0.72035003
vt 0.045726877 0.71224284
vt 0.042812638 0.72628117
vt 0.04560652 0.71015716
vt 0.79442388 0.73332101
vt 0.8000297 0.73125148
vt 0.81378245 0.73661661
vt 0.77197343 0.73308122
vt 0.78011322 0.74489427
vt 0.80037099 0.72115856
vt 0.79120833 0.74535102
vt 0.78170848 0.71331823
vt 0.76916796 0.72754312
vt 0.79801327 0.69564307
vt 0.76498258 0.71593738
vt 0.77631074 0.68660933
vt 0.75883204 0.72000164
vt 0.75383294 0.69751877
vt 0.79043025 0.68040413
vt 0.76426148 0.68191427
vt 0.11395192 0.96451473
vt 0.11752039 0.95313954
vt 0.12513807 0.959773
vt 0.10547006 0.95858699
vt 0.13042438 0.95269996
vt 0.11014768 0.94670177
vt 0.11915232 0.94419843
vt 0.09903536 0.95526648
vt 0.13147958 0.93710363
vt 0.1155658 0.93430698
vt 0.099181928 0.94716334
vt 0.13711575 0.94481933
vt 0.10912228 0.92978024
vt 0.14339748 0.93983698
vt 0.1412048 0.95613396
vt 0.097669445 0.93764937
vt 0.14778624 0.95461166
vt 0.15492454 0.94177985
vt 0.15210265 0.96308857
vt 0.16210629 0.957385
vt 0.58309442 0.96979588
vt 0.5963189 0.9819411
vt 0.58266026 0.97870809
vt 0.56612599 0.987786
vt 0.58429027 0.99620271
vt 0.55086035 0.97258449
vt 0.59452468 0.99511188
vt 0.60711026 0.99662066
vt 0.61433178 0.98281133
vt 0.59471768 0.70382303
vt 0.57930911 0.71575463
vt 0.57820171 0.70624685
vt 0.58884639 0.69713438
vt 0.58355272 0.72214353
vt 0.5977518 0.69583249
vt 0.61119485 0.71266896
vt 0.56562853 0.7270515
vt 0.60924995 0.69323361
vt 0.59919953 0.68466461
vt 0.60543102 0.70347625
vt 0.59479225 0.73341882
vt 0.57798278 0.73508668
vt 0.58312023 0.73545367
vt 0.6098972 0.68403661
vt 0.58144599 0.74616432
vt 0.78422463 0.9667061
vt 0.7744258 0.9679445
vt 0.77578682 0.94846088
vt 0.78507835 0.95062685
vt 0.78224498 0.97939706
vt 0.76442742 0.96286941
vt 0.77636546 0.93470895
vt 0.77599704 0.97841829
vt 0.76731503 0.94599748
vt 0.7679528 0.93407565
vt 0.75656539 0.99005312
vt 0.75386238 0.97199786
vt 0.76862645 0.99678862
vt 0.67070073 0.95526123
vt 0.69025743 0.95976049
vt 0.67129642 0.97003937
vt 0.66021895 0.97735804
vt 0.68778455 0.94407046
vt 0.68027431 0.97986257
vt 0.67103678 0.97789711
vt 0.69394457 0.94216734
vt 0.67070627 0.93426311
vt 0.68952155 0.99464232
vt 0.67546958 0.98772895
vt 0.69256294 0.95680451
vt 0.69231462 0.96142095
vt 0.69223428 0.96027774
vt 0.69012684 0.9942739
vt 0.69006157 0.99479061
vt 0.68994749 0.99527782
vt 0.68990606 0.99645305
vt 0.83654249 0.96788973
vt 0.83007032 0.97568274
vt 0.81552863 0.97656792
vt 0.84492618 0.98641753
vt 0.85913128 0.97958487
vt 0.86225408 0.99536765
vt 0.87859672 0.98776871
vt 0.73227394 0.7883172
vt 0.72523302 0.77547371
vt 0.74146634 0.78817999
vt 0.740955 0.79299599
vt 0.74389297 0.77736199
vt 0.74977213 0.79067999
vt 0.74292278 0.76611233
vt 0.75270104 0.80063695
vt 0.72839212 0.75741363
vt 0.75293529 0.76876014
vt 0.74825764 0.80827069
vt 0.75984722 0.78881299
vt 0.73380643 0.75347769
vt 0.75826502 0.77815366
vt 0.75818837 0.8045606
vt 0.72286099 0.74677575
vt 0.7628088 0.76926726
vt 0.73621279 0.74615324
vt 0.76601094 0.77967328
vt 0.65749621 0.70894766
vt 0.64794242 0.71484333
vt 0.64378834 0.70102656
vt 0.6551941 0.69317412
vt 0.65858763 0.71450073
vt 0.63715607 0.70949769
vt 0.64986575 0.69269425
vt 0.63253653 0.6954878
vt 0.66093087 0.68359101
vt 0.62896812 0.67625654
vt 0.64658856 0.68296725
vt 0.65675116 0.67253435
vt 0.64509588 0.67443192
vt 0.6639995 0.65516114
vt 0.64162016 0.66460133
vt 0.6512537 0.65993363
vt 0.67516154 0.67004347
vt 0.63568842 0.66688007
vt 0.5575037 0.94118363
vt 0.55134588 0.95568198
vt 0.54535359 0.94798058
vt 0.54193842 0.94813007
vt 0.53901476 0.94220179
vt 0.82751608 0.70825422
vt 0.81666332 0.69842207
vt 0.82693952 0.7017833
vt 0.84267735 0.68848735
vt 0.82208627 0.68155533
vt 0.84655279 0.71395385
vt 0.85149497 0.7070654
vt 0.82910848 0.66734624
vt 0.8597548 0.70749521
vt 0.8548792 0.67677093
vt 0.85986525 0.6937021
vt 0.83560938 0.65358263
vt 0.84913385 0.65461445
vt 0.86183292 0.65753633
vt 0.54566526 0.6293602
vt 0.5586859 0.63162863
vt 0.5538246 0.65972638
vt 0.53521889 0.6536231
vt 0.56326497 0.64338005
vt 0.57606053 0.64330953
vt 0.56093383 0.67452222
vt 0.5745554 0.6631043
vt 0.5860818 0.6602838
vt 0.57661152 0.68135321
vt 0.58809209 0.64070106
vt 0.59366894 0.67111027
vt 0.58101737 0.68338132
vt 0.95335871 0.68972099
vt 0.93499929 0.6840409
vt 0.93316287 0.67305291
vt 0.95129848 0.65598714
vt 0.92975402 0.71464545
vt 0.92009783 0.68100357
vt 0.93808609 0.65982497
vt 0.9156127 0.7025342
vt 0.91201878 0.65598416
vt 0.9111253 0.66948593
vt 0.7979992 0.64016575
vt 0.80356228 0.64936817
vt 0.79112232 0.64826763
vt 0.82141209 0.64210582
vt 0.79028898 0.65848923
vt 0.82109314 0.65496778
vt 0.82969815 0.63418293
vt 0.79548705 0.66882324
vt 0.81391734 0.65550542
vt 0.82810163 0.63029325
vt 0.80102789 0.66561544
vt 0.78506291 0.66392016
vt 0.81791407 0.62850296
vt 0.83313268 0.63240302
vt 0.80424249 0.68026823
vt 0.78489274 0.67320204
vt 0.80614597 0.66925299
vt 0.80393732 0.62524033
vt 0.81615454 0.67343324
vt 0.8201434 0.68439722
vt 0.73833555 0.677423
vt 0.73899633 0.66801929
vt 0.74654394 0.6690923
vt 0.7533474 0.68009627
vt 0.73373669 0.6805867
vt 0.74914098 0.66231441
vt 0.75963694 0.683402
vt 0.73018461 0.66776001
vt 0.73465395 0.65164948
vt 0.75105482 0.66631728
vt 0.75310659 0.65027213
vt 0.76285952 0.66608465
vt 0.72199482 0.66158664
vt 0.74407691 0.63788795
vt 0.76687485 0.63472199
vt 0.76938045 0.66172701
vt 0.76495868 0.64297134
vt 0.77928287 0.63021749
vt 0.77326906 0.64809346
vt 0.59829456 0.60958695
vt 0.61004758 0.60872853
vt 0.60897529 0.61674058
vt 0.60287154 0.62433982
vt 0.62145019 0.61170125
vt 0.61801517 0.62577891
vt 0.63433689 0.60754013
vt 0.61256385 0.63367641
vt 0.63671696 0.61644799
vt 0.63019401 0.62859362
vt 0.60255581 0.6419456
vt 0.65286863 0.60468388
vt 0.62455362 0.64451063
vt 0.60870528 0.65247428
vt 0.64513314 0.62006098
vt 0.64333159 0.63074434
vt 0.63898164 0.63868868
vt 0.62259716 0.65073681
vt 0.63601589 0.64971352
vt 0.65507466 0.62340742
vt 0.7172913 0.80850822
vt 0.70280868 0.80483848
vt 0.72082275 0.7913779
vt 0.72547257 0.80549651
vt 0.70779955 0.82244849
vt 0.72866279 0.80305952
vt 0.70106918 0.82397419
vt 0.71662962 0.82615727
vt 0.72885364 0.7956723
vt 0.70580441 0.82862955
vt 0.69140559 0.82301974
vt 0.7293101 0.78979582
vt 0.70111644 0.83566552
vt 0.69173723 0.83543193
vt 0.72950006 0.78597271
vt 0.69808364 0.8408159
vt 0.68884885 0.60953546
vt 0.69493121 0.62090635
vt 0.67947084 0.6202144
vt 0.66729677 0.60187125
vt 0.70208603 0.61414051
vt 0.68896282 0.63173544
vt 0.66397166 0.62177253
vt 0.70192617 0.63922715
vt 0.67625755 0.63625497
vt 0.662983 0.61776698
vt 0.69184959 0.64001054
vt 0.66069221 0.59821761
vt 0.66353923 0.62322587
vt 0.66488755 0.638717
vt 0.68901199 0.64904916
vt 0.6664179 0.64531857
vt 0.66929853 0.64722341
vt 0.66621321 0.65234184
vt 0.046703752 0.89224243
vt 0.058536973 0.88243246
vt 0.058889892 0.8974824
vt 0.040761139 0.88565111
vt 0.074072659 0.88649839
vt 0.048770554 0.87681073
vt 0.079452954 0.89620024
vt 0.080168776 0.88200521
vt 0.038392276 0.86878616
vt 0.07842721 0.90246737
vt 0.070730813 0.8706817
vt 0.034501825 0.87692469
vt 0.090263456 0.89876956
vt 0.06231663 0.86927199
vt 0.66991466 0.73798025
vt 0.67617577 0.72977829
vt 0.68615752 0.7327143
vt 0.68128002 0.74300766
vt 0.66640681 0.72337091
vt 0.67685056 0.71545798
vt 0.6689977 0.7468096
vt 0.6597088 0.73072147
vt 0.69187957 0.72073543
vt 0.66699672 0.71194506
vt 0.66403264 0.74187791
vt 0.69332403 0.73441362
vt 0.68860739 0.7109046
vt 0.6689446 0.710199
vt 0.7016291 0.7182557
vt 0.68509209 0.69926989
vt 0.67164224 0.70323825
vt 0.6764285 0.69357276
vt 0.67637289 0.69363093
vt 0.86089921 0.83831763
vt 0.86922592 0.82749349
vt 0.87965751 0.85874403
vt 0.86790514 0.86614025
vt 0.85713607 0.82313865
vt 0.85724002 0.86808324
vt 0.86521149 0.81904864
vt 0.85743511 0.87041771
vt 0.84875512 0.85154653
vt 0.84733975 0.86167401
vt 0.85523045 0.87155163
vt 0.93817067 0.88896036
vt 0.93020445 0.88936132
vt 0.93434554 0.86825514
vt 0.94740289 0.87713391
vt 0.93904263 0.90328664
vt 0.92529213 0.87437356
vt 0.9466936 0.85969651
vt 0.95752925 0.88566476
vt 0.94547641 0.89613605
vt 0.92098826 0.85731316
vt 0.92268831 0.89009321
vt 0.93621671 0.85927129
vt 0.95343578 0.87195206
vt 0.91032207 0.86796904
vt 0.93052477 0.85203075
vt 0.91225785 0.88852239
vt 0.045673423 0.97734517
vt 0.039226428 0.98988605
vt 0.031920645 0.98271036
vt 0.92730236 0.7542901
vt 0.93737543 0.77241617
vt 0.9352864 0.77545798
vt 0.92645496 0.77313834
vt 0.95275533 0.76039541
vt 0.93688744 0.77467394
vt 0.91172725 0.77158201
vt 0.94681621 0.7530573
vt 0.91562974 0.77654427
vt 0.94597793 0.74480033
vt 0.95883387 0.75589597
vt 0.9127382 0.77452135
vt 0.95581985 0.76500714
vt 0.90929675 0.77310264
vt 0.95883614 0.75918239
vt 0.94879854 0.7638905
vt 0.96021897 0.75788558
vt 0.53064567 0.67364687
vt 0.51813507 0.66662425
vt 0.52740622 0.65978038
vt 0.52237314 0.68143868
vt 0.51616812 0.6570313
vt 0.51427031 0.67525411
vt 0.50535834 0.66597879
vt 0.52107471 0.64794403
vt 0.51352108 0.68391597
vt 0.50321144 0.65300488
vt 0.50941199 0.65268719
vt 0.53418159 0.65056932
vt 0.50673079 0.67738593
vt 0.50949264 0.63890028
vt 0.53197193 0.63561726
vt 0.51963413 0.63411111
vt 0.51252562 0.63202703
vt 0.55432868 0.81422359
vt 0.55310494 0.83301961
vt 0.53899366 0.81139928
vt 0.55889606 0.80426443
vt 0.53898817 0.82585013
vt 0.54807699 0.8487283
vt 0.53485948 0.84012198
vt 0.54354781 0.85505688
vt 0.8770265 0.62278795
vt 0.88816661 0.61146015
vt 0.88812226 0.63495785
vt 0.86609954 0.63387454
vt 0.89511591 0.6142202
vt 0.87786925 0.64343947
vt 0.86261326 0.62354803
vt 0.89866143 0.63451302
vt 0.89628774 0.65246475
vt 0.86157084 0.64284474
vt 0.8479346 0.63835502
vt 0.88099635 0.65295815
vt 0.86941445 0.64927793
vt 0.91763616 0.63777292
vt 0.92631614 0.63959062
vt 0.92414802 0.65161479
vt 0.92619109 0.62248439
vt 0.93607199 0.65047926
vt 0.93233973 0.62626702
vt 0.9100917 0.62469685
vt 0.9391042 0.63601887
vt 0.94263405 0.61057222
vt 0.93177986 0.63755268
vt 0.9276045 0.61322987
vt 0.9527896 0.64422297
vt 0.9528926 0.6244027
vt 0.91726363 0.61177695
vt 0.96015477 0.63191664
vt 0.92886072 0.60293883
vt 0.53910953 0.60214508
vt 0.54572678 0.58996534
vt 0.55202919 0.59642494
vt 0.54873443 0.60820585
vt 0.52719539 0.59642577
vt 0.54218233 0.61647427
vt 0.52089596 0.60138977
vt 0.54526895 0.58167779
vt 0.53527009 0.62035215
vt 0.5277037 0.61043489
vt 0.52929997 0.5791449
vt 0.52274686 0.6137237
vt 0.51216209 0.62191522
vt 0.5141179 0.60228336
vt 0.50401741 0.60544837
vt 0.50818437 0.58951795
vt 0.57678401 0.61303461
vt 0.58393681 0.6094237
vt 0.58391738 0.62138844
vt 0.58625966 0.59809709
vt 0.59117794 0.60134351
vt 0.57730168 0.60069871
vt 0.59086424 0.58814824
vt 0.56682223 0.58690965
vt 0.57278979 0.57859343
vt 0.5778445 0.57191873
vt 0.59613365 0.57149404
vt 0.092988595 0.94940752
vt 0.096173264 0.96635985
vt 0.084857024 0.95774126
vt 0.09531302 0.9495334
vt 0.080414779 0.96392357
vt 0.093652658 0.9486568
vt 0.081114374 0.98054308
vt 0.094251476 0.94805866
vt 0.076199822 0.97194624
vt 0.07369151 0.9767437
vt 0.067331836 0.99242163
vt 0.068591468 0.99667794
vt 0.066903301 0.99400556
vt 0.065432556 0.99704421
vt 0.20061052 0.726529
vt 0.1889801 0.71470046
vt 0.18732895 0.70440423
vt 0.18944393 0.72211176
vt 0.16970141 0.71852708
vt 0.19195268 0.73872316
vt 0.1713949 0.69918692
vt 0.18063664 0.73494434
vt 0.17445734 0.72671252
vt 0.16555089 0.70500231
vt 0.2029735 0.69782734
vt 0.18927073 0.74581087
vt 0.160328 0.72025377
vt 0.17059508 0.73120201
vt 0.7383067 0.60411429
vt 0.73738962 0.61161923
vt 0.73094457 0.59924287
vt 0.74092036 0.59568334
vt 0.71949583 0.61112672
vt 0.73387045 0.58793348
vt 0.73220128 0.6204313
vt 0.71509379 0.60336614
vt 0.72002995 0.58344483
vt 0.7008881 0.61140394
vt 0.69630915 0.60117966
vt 0.7110635 0.59607774
vt 0.71347755 0.58832479
vt 0.70263565 0.58891296
vt 0.69161564 0.59289646
vt 0.77338767 0.58961183
vt 0.7676549 0.57397878
vt 0.78267926 0.58589274
vt 0.78718191 0.59436274
vt 0.76344228 0.58703279
vt 0.77877486 0.57266915
vt 0.79174578 0.60453641
vt 0.76542813 0.59562469
vt 0.75329697 0.58707249
vt 0.78350919 0.60786188
vt 0.77283269 0.60328496
vt 0.78664303 0.61225927
vt 0.76589614 0.60832572
vt 0.79740453 0.60829663
vt 0.77575821 0.62112427
vt 0.86239141 0.60091311
vt 0.84200424 0.59750164
vt 0.85494608 0.59454286
vt 0.86324608 0.58625817
vt 0.84925205 0.61038375
vt 0.83947933 0.58620822
vt 0.8160097 0.61383414
vt 0.85785133 0.61590999
vt 0.82069141 0.60064894
vt 0.81834191 0.62176621
vt 0.89131486 0.70134103
vt 0.88726592 0.71541667
vt 0.88413662 0.71033287
vt 0.88472629 0.70662391
vt 0.89540642 0.70823371
vt 0.88310009 0.69891351
vt 0.90606725 0.70002389
vt 0.88274735 0.69442582
vt 0.88891464 0.68801087
vt 0.90655065 0.68630308
vt 0.88285577 0.6902386
vt 0.89257342 0.68349296
vt 0.88181961 0.68217111
vt 0.90075433 0.67682755
vt 0.88040549 0.68508565
vt 0.88822365 0.66747588
vt 0.87971604 0.6827746
vt 0.87926191 0.67810106
vt 0.87845141 0.67157954
vt 0.59859443 0.56036425
vt 0.60723388 0.56130618
vt 0.59914821 0.5702787
vt 0.61043811 0.54824436
vt 0.6131115 0.57116532
vt 0.6050446 0.54227048
vt 0.61871511 0.55523956
vt 0.60881382 0.58370841
vt 0.625835 0.56344604
vt 0.62860453 0.57984066
vt 0.5969165 0.58090651
vt 0.62299085 0.54274905
vt 0.63536477 0.57060397
vt 0.61101198 0.58982664
vt 0.59899139 0.58920467
vt 0.96160913 0.58023262
vt 0.95910066 0.59260565
vt 0.94222784 0.57330871
vt 0.94181049 0.587313
vt 0.96080422 0.60180962
vt 0.97112268 0.60095942
vt 0.94695055 0.60842168
vt 0.9596293 0.61383545
vt 0.96403998 0.62051576
vt 0.96051043 0.61920381
vt 0.97473258 0.61223119
vt 0.98099333 0.6124509
vt 0.97855145 0.62200582
vt 0.98136204 0.60255516
vt 0.98589766 0.86916196
vt 0.97245485 0.86225688
vt 0.98434919 0.86265194
vt 0.99516881 0.87452042
vt 0.97841781 0.87215734
vt 0.97788203 0.85135031
vt 0.99198663 0.85886985
vt 0.99035949 0.88681579
vt 0.98270851 0.88438237
vt 0.99304378 0.84929812
vt 0.98294795 0.83997691
vt 0.59705108 0.881033
vt 0.59254682 0.88870388
vt 0.58899802 0.88345045
vt 0.5897029 0.87926799
vt 0.60463357 0.88802052
vt 0.58431965 0.88905787
vt 0.60496902 0.89999539
vt 0.58405387 0.88936859
vt 0.61339754 0.89088231
vt 0.61661661 0.90307522
vt 0.58281839 0.89743149
vt 0.62550569 0.89400071
vt 0.58269864 0.89784074
vt 0.61438733 0.8854813
vt 0.62933838 0.87670207
vt 0.61927706 0.87742537
vt 0.51147324 0.58124852
vt 0.51307529 0.57435489
vt 0.52542073 0.57797217
vt 0.51722425 0.59020257
vt 0.50322545 0.57346416
vt 0.52286708 0.56345409
vt 0.50396001 0.56233251
vt 0.51445824 0.56088698
vt 0.52734828 0.56524581
vt 0.52269584 0.54493821
vt 0.53209436 0.58092928
vt 0.54483926 0.55704635
vt 0.53945017 0.54441166
vt 0.684672 0.55080444
vt 0.67955977 0.5633769
vt 0.66557485 0.54748559
vt 0.69337612 0.56816578
vt 0.67099184 0.57347089
vt 0.70449126 0.55864286
vt 0.69013524 0.57452285
vt 0.67653286 0.58206314
vt 0.66232675 0.56288135
vt 0.65945917 0.57815731
vt 0.69211257 0.58779526
vt 0.66780895 0.58908534
vt 0.5805878 0.96408617
vt 0.55959135 0.96270931
vt 0.55937988 0.94792718
vt 0.57395607 0.94917643
vt 0.55172563 0.9500103
vt 0.59434825 0.95066094
vt 0.59477758 0.95797348
vt 0.081105433 0.91481382
vt 0.10215155 0.91962671
vt 0.096262082 0.93095696
vt 0.088030845 0.93447495
vt 0.1277995 0.9140687
vt 0.042695083 0.91873944
vt 0.018968249 0.90852803
vt 0.02426249 0.89691389
vt 0.049240571 0.89808363
vt 0.0042205434 0.91170669
vt 0.0059518856 0.89602512
vt 0.12859824 0.75211024
vt 0.12319805 0.76141077
vt 0.11801857 0.74290431
vt 0.12535232 0.74044943
vt 0.10701737 0.76105595
vt 0.11317087 0.73151761
vt 0.11598948 0.76958513
vt 0.096822836 0.74889421
vt 0.10395999 0.73852611
vt 0.1109886 0.77753967
vt 0.68071747 0.82963324
vt 0.66202557 0.83240122
vt 0.67907274 0.81873274
vt 0.68913221 0.82816952
vt 0.66562539 0.84019643
vt 0.6450668 0.82910746
vt 0.68341744 0.83518243
vt 0.6507507 0.83978271
vt 0.30191213 0.62905788
vt 0.30801776 0.62026137
vt 0.31028587 0.63369793
vt 0.30592942 0.64309084
vt 0.29065603 0.61967599
vt 0.31989303 0.62099242
vt 0.28427032 0.6375947
vt 0.30242437 0.60751277
vt 0.29299834 0.64794183
vt 0.30192736 0.65236342
vt 0.62823671 0.70859331
vt 0.64134878 0.71544451
vt 0.61518395 0.71361148
vt 0.59762031 0.7460748
vt 0.80430108 0.54774654
vt 0.80827087 0.5618217
vt 0.79609877 0.55125678
vt 0.81829852 0.54989147
vt 0.79986829 0.55856961
vt 0.82062775 0.57028675
vt 0.80486274 0.57064331
vt 0.78720021 0.57026112
vt 0.81307572 0.58284426
vt 0.80001551 0.58197653
vt 0.82278579 0.58724546
vt 0.79099435 0.57676375
vt 0.82186157 0.58847409
vt 0.81092799 0.58822107
vt 0.79037207 0.57968354
vt 0.78793347 0.57795942
vt 0.81657237 0.59075034
vt 0.80053407 0.58305538
vt 0.79952997 0.58247179
vt 0.78510612 0.57445872
vt 0.66125429 0.56447005
vt 0.65578783 0.57781422
vt 0.64289701 0.55711508
vt 0.65684843 0.54711521
vt 0.6429593 0.58520627
vt 0.62821496 0.58542985
vt 0.65414733 0.590464
vt 0.86796266 0.55585313
vt 0.85707176 0.55895901
vt 0.8725583 0.54596853
vt 0.8786695 0.56116569
vt 0.85258806 0.57222873
vt 0.87728167 0.56668538
vt 0.84690249 0.56722558
vt 0.88112831 0.57886052
vt 0.8628813 0.58233523
vt 0.87463433 0.58890188
vt 0.88363445 0.58974904
vt 0.59153271 0.53632545
vt 0.60979438 0.5236268
vt 0.60991102 0.53922606
vt 0.5913775 0.55040133
vt 0.59338915 0.51611489
vt 0.5826025 0.54773939
vt 0.57341933 0.52876747
vt 0.57701576 0.55952942
vt 0.57296717 0.53721654
vt 0.57257128 0.55579501
vt 0.56580406 0.54302895
vt 0.10833208 0.87971187
vt 0.10275269 0.86853582
vt 0.10870991 0.86037767
vt 0.12140856 0.87841374
vt 0.090167493 0.87284619
vt 0.12582415 0.86804962
vt 0.094672121 0.88579434
vt 0.10273735 0.88622886
vt 0.088375635 0.88456738
vt 0.081224985 0.87509882
vt 0.15376619 0.92042363
vt 0.14350177 0.93083513
vt 0.13388236 0.92182738
vt 0.11327436 0.93325347
vt 0.11251829 0.91817331
vt 0.744596 0.57581484
vt 0.73813194 0.59037721
vt 0.72863907 0.56214195
vt 0.74516869 0.55467945
vt 0.72954559 0.5786407
vt 0.72240454 0.5488798
vt 0.74998176 0.57013398
vt 0.90706444 0.58540964
vt 0.89355445 0.5898692
vt 0.89729792 0.57990348
vt 0.89302468 0.56995153
vt 0.88864785 0.57847708
vt 0.91017205 0.56387711
vt 0.89749086 0.5576694
vt 0.91552031 0.57772577
vt 0.87977523 0.56358647
vt 0.89044487 0.55647767
vt 0.92030495 0.56627405
vt 0.070988655 0.52000815
vt 0.055655617 0.52474737
vt 0.055559278 0.51685965
vt 0.063590303 0.53216946
vt 0.075786263 0.52629495
vt 0.075045414 0.54164129
vt 0.059127688 0.54184937
vt 0.056188408 0.52676708
vt 0.043178007 0.53395379
vt 0.045407005 0.54228354
vt 0.035964765 0.51943195
vt 0.060420703 0.55038083
vt 0.036291223 0.53783584
vt 0.054441996 0.55919969
vt 0.14306287 0.97165275
vt 0.14313015 0.98710018
vt 0.13329504 0.97700053
vt 0.13695213 0.95872569
vt 0.14121747 0.99563944
vt 0.12804151 0.95591521
vt 0.15040331 0.96296895
vt 0.71875042 0.55782443
vt 0.71166706 0.54116952
vt 0.72485578 0.54580605
vt 0.70610726 0.54473698
vt 0.71827459 0.54041201
vt 0.70202166 0.5327549
vt 0.71789145 0.52490902
vt 0.73149133 0.52868724
vt 0.70278925 0.5185523
vt 0.73253304 0.53904212
vt 0.69121587 0.53183943
vt 0.71633691 0.51861376
vt 0.70099181 0.54589975
vt 0.69470119 0.55375135
vt 0.55726743 0.85238403
vt 0.5703221 0.83869475
vt 0.57068694 0.85282677
vt 0.56844169 0.86302185
vt 0.5515362 0.84765851
vt 0.54980534 0.86445004
vt 0.56268084 0.82913029
vt 0.55361867 0.87170422
vt 0.043519676 0.74787128
vt 0.062975809 0.7449863
vt 0.053606838 0.75810879
vt 0.046282511 0.76317137
vt 0.046033427 0.74009073
vt 0.064381979 0.75486368
vt 0.056488454 0.76827329
vt 0.035158359 0.73575187
vt 0.064274669 0.76759702
vt 0.055911634 0.7781359
vt 0.065663241 0.778045
vt 0.58373886 0.98921549
vt 0.56817269 0.99631119
vt 0.56550825 0.98846376
vt 0.54936612 0.99642396
vt 0.54357278 0.98702371
vt 0.85170925 0.83536798
vt 0.84291959 0.82942688
vt 0.85394549 0.81353176
vt 0.8436296 0.84339529
vt 0.84139669 0.81774616
vt 0.84649289 0.85570335
vt 0.83175403 0.83544075
vt 0.83460313 0.81885135
vt 0.7575708 0.55719149
vt 0.75436145 0.54038191
vt 0.77177083 0.54724896
vt 0.7685402 0.55805194
vt 0.75916445 0.5313949
vt 0.77841097 0.55161369
vt 0.77942067 0.52932215
vt 0.77003282 0.52295071
vt 0.79353124 0.5450691
vt 0.76437551 0.52385724
vt 0.83047515 0.53654206
vt 0.82454252 0.54371786
vt 0.8154546 0.5190649
vt 0.83963215 0.53285146
vt 0.84431857 0.54856884
vt 0.83409029 0.55658686
vt 0.8244167 0.55857724
vt 0.63603228 0.65547585
vt 0.62789017 0.66766381
vt 0.61059886 0.6533674
vt 0.61590832 0.66687846
vt 0.62233269 0.68281215
vt 0.60351849 0.66833597
vt 0.61335951 0.68075633
vt 0.59779274 0.65204787
vt 0.95227998 0.70271289
vt 0.9506852 0.71449625
vt 0.94098729 0.70549583
vt 0.95046669 0.69741517
vt 0.96193177 0.70907146
vt 0.96209508 0.68812096
vt 0.97818708 0.69632202
vt 0.97207528 0.68808943
vt 0.96997845 0.68034315
vt 0.98089439 0.68329418
vt 0.8955285 0.53246504
vt 0.90251029 0.53766298
vt 0.88996404 0.5421201
vt 0.8858549 0.53729874
vt 0.91767937 0.53651494
vt 0.89680421 0.54952079
vt 0.89387178 0.52265799
vt 0.91626728 0.52362663
vt 0.91703361 0.5466252
vt 0.87873024 0.53305054
vt 0.89545476 0.55829453
vt 0.91364402 0.55836743
vt 0.063858755 0.98098767
vt 0.035410263 0.9736706
vt 0.057376914 0.97042447
vt 0.073904552 0.96451133
vt 0.9499079 0.52853954
vt 0.95125353 0.52037573
vt 0.96112275 0.53118002
vt 0.95413202 0.53586638
vt 0.96201473 0.52080202
vt 0.9706369 0.54694116
vt 0.94368154 0.53293514
vt 0.97005057 0.53071713
vt 0.96227676 0.55679536
vt 0.94109243 0.54095972
vt 0.94381368 0.54789501
vt 0.94663948 0.5589484
vt 0.90199775 0.98359871
vt 0.8915484 0.99283624
vt 0.8624137 0.99590635
vt 0.72009397 0.66253161
vt 0.70710146 0.66804755
vt 0.7027787 0.65640497
vt 0.70670223 0.65066248
vt 0.69216597 0.65659702
vt 0.69892263 0.67141682
vt 0.69196022 0.64432418
vt 0.70461357 0.68297476
vt 0.56175625 0.55177629
vt 0.55202556 0.55891252
vt 0.54377884 0.5588088
vt 0.54673851 0.54813731
vt 0.53478193 0.54166085
vt 0.56854522 0.53778934
vt 0.55955052 0.52206409
vt 0.013586885 0.50720948
vt 0.0036510795 0.49647021
vt 0.018437423 0.48968452
vt 0.019574638 0.48968405
vt 0.0081312275 0.51574028
vt 0.013513877 0.48986393
vt 0.021660309 0.51372731
vt 0.014919777 0.489685
vt 0.013401459 0.48968524
vt 0.013362592 0.52598208
vt 0.0033250633 0.48968858
vt 0.021791277 0.52681082
vt 0.035613865 0.51957214
vt 0.040668879 0.99475455
vt 0.023383345 0.99626994
vt 0.0040327646 0.99397898
vt 0.50346816 0.7278775
vt 0.51924831 0.71895874
vt 0.51604158 0.73025858
vt 0.50890803 0.73527634
vt 0.54017609 0.74043912
vt 0.52099198 0.74613124
vt 0.50409228 0.52776575
vt 0.50781244 0.51004183
vt 0.52083308 0.51887298
vt 0.52050817 0.52613515
vt 0.51037902 0.50573802
vt 0.53940558 0.51649463
vt 0.51767164 0.49506724
vt 0.54043764 0.50598264
vt 0.50314522 0.49544424
vt 0.53300768 0.50038505
vt 0.55060351 0.48940873
vt 0.55238354 0.50204015
vt 0.53550124 0.49182457
vt 0.5657227 0.49996686
vt 0.54251325 0.50097144
vt 0.56462324 0.50662005
vt 0.54216981 0.51255393
vt 0.54919773 0.52767861
vt 0.54316646 0.52675223
vt 0.087788813 0.70975459
vt 0.097540043 0.74238378
vt 0.082236908 0.71271348
vt 0.10339367 0.73638046
vt 0.090935744 0.74628949
vt 0.076894984 0.48978204
vt 0.093574002 0.4956094
vt 0.08283712 0.49897999
vt 0.06940186 0.5040853
vt 0.09455771 0.50143969
vt 0.066189483 0.49305671
vt 0.082159787 0.50890481
vt 0.094456926 0.51139253
vt 0.080715932 0.51452202
vt 0.093701668 0.5136466
vt 0.067926913 0.51475334
vt 0.087959334 0.52785361
vt 0.070366427 0.51996303
vt 0.098884895 0.52342558
vt 0.079622008 0.522762
vt 0.86779875 0.90298796
vt 0.86743885 0.89535916
vt 0.87442225 0.89383411
vt 0.8623268 0.89465028
vt 0.87005872 0.88122308
vt 0.86500323 0.88059431
vt 0.88209057 0.88247037
vt 0.87000841 0.86941129
vt 0.87785113 0.86612892
vt 0.68192369 0.99309343
vt 0.6756717 0.99480599
vt 0.66516769 0.98322648
vt 0.65034187 0.9951846
vt 0.64442587 0.98567486
vt 0.8080343 0.98284203
vt 0.80538863 0.99372876
vt 0.80234921 0.99328792
vt 0.80131787 0.98875833
vt 0.81911796 0.99597752
vt 0.83861715 0.99090111
vt 0.62950224 0.51318216
vt 0.65513045 0.51096284
vt 0.66071469 0.52084368
vt 0.65605396 0.52765405
vt 0.63199764 0.49202836
vt 0.63714802 0.5233767
vt 0.8640402 0.74581003
vt 0.8798964 0.74897116
vt 0.87389743 0.76094073
vt 0.86283135 0.76061308
vt 0.87261665 0.74310023
vt 0.8860321 0.76509011
vt 0.86699897 0.76826644
vt 0.8851347 0.7770353
vt 0.98511565 0.78945005
vt 0.99257308 0.7964288
vt 0.9718017 0.80087411
vt 0.99676633 0.81053865
vt 0.9827984 0.80794287
vt 0.9922303 0.82410312
vt 0.9811129 0.81933314
vt 0.67833376 0.49842292
vt 0.6949662 0.50675023
vt 0.6954518 0.51215422
vt 0.67408413 0.50346506
vt 0.69377697 0.52058923
vt 0.6605432 0.4928568
vt 0.68571073 0.52695704
vt 0.66389644 0.50927776
vt 0.84891891 0.91536254
vt 0.84172755 0.90304357
vt 0.86794096 0.90541291
vt 0.8378318 0.91747528
vt 0.83244026 0.90606374
vt 0.63755947 0.85648328
vt 0.62856007 0.86261851
vt 0.62558597 0.85342705
vt 0.63271302 0.85171092
vt 0.63684064 0.86936784
vt 0.61581552 0.85863733
vt 0.6484499 0.87071842
vt 0.61251235 0.86385953
vt 0.61454409 0.8679539
vt 0.016209977 0.77703547
vt 0.006389732 0.79490185
vt 0.0035264392 0.7814281
vt 0.004547494 0.77311647
vt 0.022289332 0.78248012
vt 0.0043246662 0.79347205
vt 0.02396116 0.79666406
vt 0.0042810291 0.79897547
vt 0.010153743 0.80853027
vt 0.0057627843 0.80816692
vt 0.74528879 0.52745479
vt 0.74727231 0.51215798
vt 0.7557115 0.51010877
vt 0.73317027 0.52171463
vt 0.7224443 0.51300359
vt 0.72605038 0.50006485
vt 0.6833123 0.92373711
vt 0.67489105 0.9225086
vt 0.69280487 0.91210741
vt 0.7084561 0.91932392
vt 0.67735773 0.93011546
vt 0.69398677 0.93281031
vt 0.11093378 0.82519317
vt 0.098495029 0.82187414
vt 0.09859547 0.81456608
vt 0.11822716 0.81510997
vt 0.10198709 0.79753
vt 0.11715591 0.7919184
vt 0.61066985 0.98019934
vt 0.59843987 0.98068297
vt 0.59540653 0.96362501
vt 0.59687024 0.95860952
vt 0.58130914 0.96695143
vt 0.61550206 0.97428179
vt 0.0037699323 0.97114122
vt 0.013363133 0.95219022
vt 0.014341002 0.98056412
vt 0.019991718 0.94720966
vt 0.80011463 0.49342155
vt 0.81398469 0.50782979
vt 0.80004179 0.50775492
vt 0.78939849 0.49486303
vt 0.8127346 0.49611664
vt 0.81891358 0.5125289
vt 0.78576154 0.51224631
vt 0.80709988 0.52765381
vt 0.78686839 0.51889074
vt 0.64022791 0.52448881
vt 0.6365996 0.53286296
vt 0.62955832 0.53256077
vt 0.64484257 0.53468621
vt 0.64029962 0.54422402
vt 0.63809776 0.55775464
vt 0.64620167 0.54702091
vt 0.63156408 0.55207193
vt 0.65941781 0.54595459
vt 0.84793669 0.50936836
vt 0.86017185 0.51065332
vt 0.84991747 0.52821732
vt 0.87152171 0.49385732
vt 0.86766356 0.52335513
vt 0.8668915 0.50622076
vt 0.85262036 0.50159925
vt 0.87073886 0.51766884
vt 0.87707818 0.50340497
vt 0.72297478 0.72933733
vt 0.73395687 0.72938573
vt 0.73970646 0.74346209
vt 0.73777848 0.72187829
vt 0.74709892 0.7388159
vt 0.75221521 0.74587977
vt 0.75523359 0.73443711
vt 0.75588071 0.74355567
vt 0.75542355 0.73919237
vt 0.75446945 0.7279411
vt 0.62725472 0.75444579
vt 0.6211887 0.75389659
vt 0.62928236 0.7432062
vt 0.62153745 0.7362994
vt 0.61405897 0.75985914
vt 0.59858376 0.74461073
vt 0.60771483 0.76252913
vt 0.19082992 0.74201971
vt 0.20934151 0.71423197
vt 0.2117147 0.72621512
vt 0.19827946 0.74537098
vt 0.22359902 0.72605401
vt 0.21643779 0.7331897
vt 0.81105858 0.73056924
vt 0.80177128 0.72885084
vt 0.80060369 0.70385098
vt 0.8138271 0.71134609
vt 0.81889409 0.69970453
vt 0.82282293 0.7177214
vt 0.8773064 0.97967577
vt 0.88231593 0.96878147
vt 0.89396429 0.97748768
vt 0.8692137 0.96244729
vt 0.86390316 0.97061485
vt 0.054202814 0.4899081
vt 0.055101141 0.49647993
vt 0.036155287 0.4951843
vt 0.044147715 0.48797321
vt 0.0661093 0.48282033
vt 0.035043251 0.47996622
vt 0.056567732 0.46862519
vt 0.067001618 0.49185145
vt 0.11178973 0.99519086
vt 0.098627217 0.98606926
vt 0.12927912 0.99640274
vt 0.95550281 0.99025398
vt 0.92556155 0.99702704
vt 0.94470531 0.9818877
vt 0.65804183 0.81336236
vt 0.64652658 0.82315016
vt 0.64531803 0.80811203
vt 0.65183192 0.79453266
vt 0.65796685 0.82504416
vt 0.66411382 0.80359423
vt 0.66480041 0.82380253
vt 0.93564588 0.73251456
vt 0.932271 0.73706293
vt 0.92909592 0.73063779
vt 0.92484301 0.71718752
vt 0.93190366 0.74610704
vt 0.93462372 0.71705103
vt 0.94239801 0.73802221
vt 0.94423056 0.72097492
vt 0.94048971 0.72278845
vt 0.94621992 0.72802818
vt 0.022431962 0.98251152
vt 0.013770854 0.98251456
vt 0.022355551 0.97097486
vt 0.024197361 0.97521049
vt 0.028909845 0.99015594
vt 0.67853266 0.84496927
vt 0.68529314 0.85781908
vt 0.68102139 0.858518
vt 0.67640871 0.84812486
vt 0.69931918 0.84232497
vt 0.68775505 0.87060058
vt 0.67539477 0.84665811
vt 0.69220042 0.8599515
vt 0.68985027 0.87118864
vt 0.71419859 0.57199597
vt 0.7204873 0.5820061
vt 0.71080309 0.58701241
vt 0.69832426 0.58671188
vt 0.72001767 0.56327248
vt 0.70275503 0.56693339
vt 0.69051677 0.57050109
vt 0.69351536 0.58990264
vt 0.82058907 0.84265816
vt 0.81638521 0.85600185
vt 0.8097921 0.85086507
vt 0.80380654 0.84155792
vt 0.80832934 0.87055552
vt 0.80004531 0.86407954
vt 0.7166639 0.83794779
vt 0.71861553 0.8552236
vt 0.70614606 0.83191091
vt 0.72440141 0.82758784
vt 0.72183406 0.83829129
vt 0.72376591 0.8266536
vt 0.72141397 0.84410286
vt 0.61455315 0.52090693
vt 0.61205387 0.52767873
vt 0.59820014 0.50951564
vt 0.6173721 0.50745797
vt 0.61993033 0.52494657
vt 0.60448921 0.49928272
vt 0.62369442 0.5160532
vt 0.62021345 0.52465951
vt 0.6109184 0.49869937
vt 0.6243037 0.49808645
vt 0.32896435 0.74872231
vt 0.32072112 0.76107663
vt 0.31645927 0.75692964
vt 0.32274857 0.73884499
vt 0.31418097 0.7462036
vt 0.3016552 0.74673694
vt 0.30758592 0.7594986
vt 0.30076492 0.75622052
vt 0.84420997 0.52438283
vt 0.83661103 0.52752483
vt 0.84258044 0.50637996
vt 0.82276279 0.51925051
vt 0.82506365 0.50556386
vt 0.82962841 0.50000542
vt 0.81605774 0.51681036
vt 0.98875171 0.97879231
vt 0.99515384 0.98155636
vt 0.99439013 0.98985225
vt 0.99846917 0.96917784
vt 0.99634069 0.99652797
vt 0.89094287 0.87400419
vt 0.90178752 0.86877978
vt 0.89236009 0.87871182
vt 0.87975568 0.87606537
vt 0.90680009 0.87436509
vt 0.88452029 0.88755572
vt 0.89454389 0.88636464
vt 0.62418532 0.92358398
vt 0.61919767 0.93270403
vt 0.61429483 0.91718543
vt 0.6295141 0.91237795
vt 0.61419624 0.90695512
vt 0.089133531 0.95211911
vt 0.065603942 0.96197867
vt 0.085976973 0.93880367
vt 0.092027903 0.94365543
vt 0.071660809 0.9641493
vt 0.48639682 0.94484115
vt 0.47982565 0.94028443
vt 0.48264477 0.93163043
vt 0.4987033 0.9487232
vt 0.4725031 0.93392372
vt 0.47881222 0.92752564
vt 0.75230914 0.88546818
vt 0.74342287 0.88714057
vt 0.73825395 0.87515366
vt 0.74542165 0.86170304
vt 0.053939514 0.93198091
vt 0.063737929 0.91528314
vt 0.05499433 0.93275064
vt 0.051496029 0.92532647
vt 0.065870181 0.92931807
vt 0.0703355 0.93057072
vt 0.07624381 0.92039376
vt 0.56730944 0.79516429
vt 0.57984084 0.79068756
vt 0.59102333 0.79545057
vt 0.57128263 0.80798239
vt 0.75651306 0.91522628
vt 0.75365257 0.90874761
vt 0.77150881 0.91281104
vt 0.7615329 0.92232132
vt 0.7692436 0.9342646
vt 0.76455802 0.9308188
vt 0.79054463 0.75179738
vt 0.7870211 0.76088953
vt 0.78436935 0.74823236
vt 0.80688721 0.73592067
vt 0.79412979 0.76049775
vt 0.81107563 0.75036168
vt 0.69616413 0.73681688
vt 0.69954836 0.75091308
vt 0.69058174 0.75107902
vt 0.70746481 0.75076699
vt 0.69665754 0.75810075
vt 0.71086133 0.73917627
vt 0.70485562 0.7616173
vt 0.036095712 0.86879212
vt 0.0203676 0.86990231
vt 0.029183125 0.86183882
vt 0.037035417 0.87083781
vt 0.030860491 0.88649803
vt 0.97548336 0.87962067
vt 0.95870262 0.88636005
vt 0.95618451 0.87631369
vt 0.96695167 0.86161864
vt 0.97418076 0.87099755
vt 0.90156007 0.98138344
vt 0.89832103 0.99648297
vt 0.89791793 0.99342918
vt 0.9070304 0.9791612
vt 0.89371401 0.99023986
vt 0.90000075 0.96977007
vt 0.89399058 0.98958313
vt 0.058664899 0.73087603
vt 0.05001054 0.72546577
vt 0.061132718 0.71690369
vt 0.06868016 0.72593731
vt 0.05060317 0.71341491
vt 0.069369592 0.71648932
vt 0.060842481 0.70415938
vt 0.09750139 0.76864183
vt 0.12355806 0.78214455
vt 0.1200687 0.79368436
vt 0.10603214 0.79227316
vt 0.74581105 0.98500144
vt 0.72832763 0.99671614
vt 0.72194916 0.99351674
vt 0.87422913 0.78582907
vt 0.86792678 0.78331041
vt 0.8769356 0.77289009
vt 0.86354208 0.7930041
vt 0.86365026 0.77937114
vt 0.86572284 0.76977217
vt 0.36693013 0.86994594
vt 0.3709406 0.87582618
vt 0.3644397 0.88606882
vt 0.347599 0.86885899
vt 0.35328799 0.88154644
vt 0.85875666 0.71287942
vt 0.86526918 0.70750225
vt 0.86252213 0.72537303
vt 0.85337818 0.72140056
vt 0.85737866 0.73083961
vt 0.84852248 0.7101593
vt 0.65137112 0.99680012
vt 0.63537443 0.98444349
vt 0.62963676 0.97933704
vt 0.63692594 0.99179304
vt 0.058714647 0.99270219
vt 0.047258321 0.9970181
vt 0.036088597 0.99455827
vt 0.58399868 0.87110585
vt 0.58092093 0.86214608
vt 0.5881328 0.867477
vt 0.56714112 0.8640995
vt 0.58501732 0.85075068
vt 0.57616383 0.84850419
vt 0.99311543 0.71004719
vt 0.98170531 0.71464628
vt 0.99576408 0.69298553
vt 0.98075205 0.69554579
vt 0.97207296 0.70356119
vt 0.21618252 0.69714767
vt 0.20637088 0.69921976
vt 0.20652188 0.68840718
vt 0.21938163 0.69038635
vt 0.2227658 0.67879099
vt 0.21759154 0.67581701
vt 0.21016832 0.67668593
vt 0.69684124 0.99615365
vt 0.69085735 0.98098087
vt 0.69741523 0.98603427
vt 0.69360381 0.99213564
vt 0.69680697 0.98090291
vt 0.69790065 0.97298831
vt 0.59673846 0.95831335
vt 0.61057365 0.95480901
vt 0.60993391 0.96401876
vt 0.60418874 0.95083904
vt 0.61996692 0.96123296
vt 0.61598974 0.9516474
vt 0.59820324 0.75802469
vt 0.59601504 0.74089634
vt 0.60409087 0.75706154
vt 0.58856213 0.76178139
vt 0.58234912 0.75406945
vt 0.5832817 0.74377638
vt 0.88041848 0.70710951
vt 0.87367147 0.69266427
vt 0.88258064 0.69406241
vt 0.86923802 0.70250857
vt 0.87173843 0.71454477
vt 0.86239833 0.69713736
vt 0.86259711 0.70572835
vt 0.0031802102 0.9740876
vt 0.0095445132 0.98453146
vt 0.014546759 0.99519998
vt 0.74701822 0.99485344
vt 0.75040805 0.97472757
vt 0.75393176 0.97911471
vt 0.74898428 0.99306899
vt 0.74948412 0.99557739
vt 0.7482065 0.99675006
vt 0.12854919 0.98596549
vt 0.12096073 0.98891056
vt 0.1206161 0.97295952
vt 0.12845774 0.9665944
vt 0.68748611 0.6881398
vt 0.67728937 0.6780147
vt 0.69375765 0.68055642
vt 0.68699813 0.69957966
vt 0.67624283 0.69139087
vt 0.53804976 0.91390252
vt 0.54628855 0.91649288
vt 0.54281998 0.93240929
vt 0.53793126 0.93273115
vt 0.5341987 0.91946787
vt 0.7836709 0.92181945
vt 0.77470696 0.93297851
vt 0.7745558 0.9146769
vt 0.76994848 0.92269737
vt 0.011270031 0.99546975
vt 0.0048584589 0.98422223
vt 0.0060904142 0.97670454
vt 0.49611694 0.94724548
vt 0.49336043 0.93568015
vt 0.50813931 0.93769795
vt 0.50456107 0.94857806
vt 0.48838601 0.93744886
vt 0.097215302 0.97147655
vt 0.099000536 0.96671873
vt 0.11652247 0.97828549
vt 0.10122083 0.98131794
vt 0.04687966 0.9340806
vt 0.035398729 0.92875463
vt 0.054025542 0.92190248
vt 0.02788813 0.97647947
vt 0.02843708 0.98601675
vt 0.028174793 0.99594671
vt 0.085860096 0.90948564
vt 0.080885708 0.91819006
vt 0.078752778 0.90470552
vt 0.072324991 0.91696334
vt 0.066359952 0.913176
vt 0.068653502 0.90126705
vt 0.82221031 0.9648183
vt 0.81737649 0.95382982
vt 0.82993758 0.95698243
vt 0.83665228 0.96509898
vt 0.78447104 0.99573535
vt 0.77033013 0.98603684
vt 0.7871927 0.98282635
vt 0.043302041 0.86444587
vt 0.039528064 0.8720063
vt 0.042855501 0.86204141
vt 0.045627918 0.86518759
vt 0.050697524 0.85383779
vt 0.034253284 0.86252123
vt 0.059918806 0.99447674
vt 0.050758362 0.98056996
vt 0.052846916 0.97850078
vt 0.059752814 0.99618423
vt 0.059939113 0.9960143
vt 0.99066526 0.99596936
vt 0.97981995 0.99046397
vt 0.98584294 0.97867167
vt 0.84940761 0.89707541
vt 0.84129226 0.90318024
vt 0.83395642 0.89078891
vt 0.83233804 0.89869106
vt 0.10042473 0.97828066
vt 0.092348404 0.98857117
vt 0.081901744 0.97938168
vt 0.15980439 0.96333492
vt 0.15035237 0.98029304
vt 0.14407346 0.97343695
vt 0.84972334 0.98817849
vt 0.84245372 0.99654138
vt 0.83277822 0.98708689
vt 0.11502378 0.98379803
vt 0.097292185 0.97990412
vt 0.11534499 0.98134845
vt 0.10482381 0.98642451
vt 0.11247275 0.98831367
vt 0.063039467 0.99609643
vt 0.051506493 0.98844457
vt 0.062081166 0.99532467
vt 0.06910035 0.98588312
vt 0.82719821 0.97958225
vt 0.83170289 0.9885987
vt 0.81630647 0.98463172
vt 0.11266235 0.92879403
vt 0.10260638 0.91889799
vt 0.11334219 0.9206121
vt 0.097703189 0.93381292
vt 0.64176148 0.98829025
vt 0.63680375 0.98249686
vt 0.65322441 0.98018867
vt 0.17649093 0.92579651
vt 0.16679707 0.93320531
vt 0.15988438 0.92235333
vt 0.09024968 0.99261075
vt 0.077169254 0.99601007
vt 0.073699206 0.98860526
vt 0.010918213 0.85596657
vt 0.020141078 0.8644892
vt 0.015426192 0.86976898
vt 0.0043746601 0.87105703
vt 0.56635863 0.87535071
vt 0.57974529 0.88383412
vt 0.56973183 0.88763171
vt 0.5774563 0.87128717
vt 0.55477309 0.8735587
vt 0.56530851 0.87297463
vt 0.55880082 0.88731927
vt 0.55128354 0.88316309
vt 0.93916875 0.90983546
vt 0.93334138 0.91704589
vt 0.93007064 0.90439165
vt 0.93644696 0.90409827
vt 0.9251321 0.90947771
vt 0.15722767 0.91937691
vt 0.15574753 0.93358171
vt 0.14457157 0.93392622
vt 0.67559731 0.91048801
vt 0.68107533 0.90495801
vt 0.68159771 0.91768205
vt 0.6896441 0.90938854
vt 0.51069903 0.95184022
vt 0.50516397 0.96225923
vt 0.50431287 0.95932829
vt 0.50966507 0.95133698
vt 0.5171178 0.95929903
vt 0.5037744 0.96221024
vt 0.51026773 0.95043516
vt 0.50369263 0.96499974
vt 0.020180527 0.95226765
vt 0.032670602 0.95853716
vt 0.026336567 0.96505481
vt 0.51665622 0.87176001
vt 0.5056178 0.87083691
vt 0.50404173 0.85873091
vt 0.51843262 0.85685885
vt 0.67102951 0.93446767
vt 0.660864 0.93219298
vt 0.6746245 0.92034417
vt 0.0030504894 0.9946844
vt 0.0041913185 0.99603856
vt 0.0030722602 0.99552411
vt 0.0046921335 0.98253763
vt 0.55059928 0.98276913
vt 0.55749494 0.97802931
vt 0.56331784 0.98853469
vt 0.61236936 0.9954868
vt 0.61658883 0.98796296
vt 0.62543392 0.99309468
vt 0.054058984 0.98407423
vt 0.045804143 0.98917657
vt 0.04260914 0.98086643
vt 0.030202897 0.9884842
vt 0.02711441 0.97689462
vt 0.034763854 0.97635835
vt 0.92483717 0.98973417
vt 0.93229902 0.99015909
vt 0.92484349 0.99586558
vt 0.9248392 0.98455966
vt 0.54402757 0.98730969
vt 0.54594088 0.99504155
vt 0.53461963 0.99567556
vt 0.058047071 0.9814989
vt 0.067624114 0.97815001
vt 0.065010592 0.98813963
vt 0.010167588 0.99587262
vt 0.0090323659 0.99615169
vt 0.0030631293 0.98594797
vt 0.70429552 0.9964031
vt 0.69882768 0.99389249
vt 0.70359331 0.98579162
vt 0.0099290367 0.99590689
vt 0.0065654195 0.99604696
vt 0.0037930021 0.99290079
vt 0.0043953457 0.98951197
vt 0.0052129584 0.9893254
vt 0.0043188059 0.98956394
vt 0.005784309 0.99544376
vt 0.0042149913 0.99280554
vt 0.0054791733 0.99242061
vt 0.0050111245 0.99529105
vt 0.0058995127 0.99261653
vt 0.0039171623 0.99412841
vt 0.0062992037 0.99595261
vt 0.0051697004 0.99555659
vt 0.01290141 0.99619603
vt 0.010771294 0.99460918
vt 0.012575795 0.99438083
vt 0.0033625574 0.99529725
vt 0.0047598137 0.99576002
vt 0.00449241 0.99658996
vt 0.0048795557 0.99589038
usemtl Tile_+033_+029_L18_00023_0
f 576/1004 558/1005 930/1006
f 843/1783 644/1784 582/1785
f 591/447 650/448 599/449
f 633/2132 613/2133 1256/2134
f 141/1 630/2 657/3
f 612/483 618/484 615/485
f 579/1422 838/1423 655/1424
f 623/2509 657/2510 656/2511
f 616/1725 628/1726 587/1727
f 613/1374 632/1375 610/1376
f 650/952 594/953 600/954
f 522/1292 525/1293 521/1294
f 841/2625 647/2626 1260/2627
f 593/957 647/961 597/965
f 577/1787 640/1788 579/1789
f 641/1793 634/1794 578/1791
f 1414/790 1264/791 1519/792
f 632/498 625/504 611/487
f 619/499 91/507 616/488
f 625/504 632/498 630/511
f 624/7 633/10 1257/15
f 613/2133 631/2140 1275/2139
f 625/504 630/511 141/514
f 614/486 626/489 1277/494
f 622/491 619/499 616/488
f 622/491 616/488 618/484
f 620/505 622/491 627/497
f 622/491 620/505 619/499
f 622/491 618/484 611/487
f 627/497 622/491 611/487
f 611/487 610/492 632/498
f 618/484 612/483 611/487
f 611/487 612/483 610/492
f 610/492 612/483 1281/496
f 615/485 618/484 616/488
f 615/485 626/489 614/486
f 614/486 612/483 615/485
f 1283/490 614/486 1284/495
f 607/2359 843/2360 582/2361
f 582/2361 594/2362 607/2359
f 607/459 594/455 651/451
f 600/954 605/955 650/952
f 650/448 605/452 599/449
f 645/2348 584/2349 842/2350
f 842/2350 553/2351 645/2348
f 642/967 643/963 646/972
f 583/777 644/778 606/779
f 606/779 643/780 583/777
f 579/1422 654/1429 839/1426
f 842/2058 540/2059 553/2060
f 591/447 590/454 519/456
f 592/959 642/967 1290/969
f 598/962 841/970 596/971
f 647/961 593/957 592/959
f 590/454 589/450 525/458
f 593/957 598/962 599/960
f 647/961 592/959 1292/964
f 596/971 841/970 1287/974
f 841/2625 597/2629 647/2626
f 597/965 841/970 598/962
f 599/449 589/450 591/447
f 581/453 589/450 599/449
f 1289/1439 840/1427 1296/1440
f 648/500 626/489 587/493
f 1277/494 652/502 1297/509
f 839/2141 609/2142 1299/2143
f 587/493 626/489 615/485
f 652/1437 648/1434 840/1427
f 655/1424 840/1427 649/1430
f 840/1427 648/1434 649/1430
f 840/1427 838/1423 839/1426
f 840/1427 839/1426 1300/1431
f 838/1423 579/1422 839/1426
f 526/480 834/475 655/481
f 576/466 523/464 580/457
f 604/1211 595/1212 588/1213
f 642/967 592/959 643/963
f 640/1788 577/1787 575/1790
f 838/1423 840/1427 655/1424
f 577/1428 579/1422 834/1425
f 820/478 833/472 834/475
f 654/2145 609/2142 839/2141
f 655/1424 834/1425 579/1422
f 578/2147 609/2142 654/2145
f 602/1807 831/1808 527/1809
f 526/480 820/478 834/475
f 527/482 526/480 655/481
f 527/1433 655/1424 649/1430
f 575/463 577/470 105/468
f 625/504 627/497 611/487
f 639/1315 822/1316 533/1317
f 541/2179 542/2180 530/2181
f 549/533 816/534 551/535
f 1305/2403 794/2404 1306/2405
f 837/1335 1202/1336 571/1337
f 538/1505 660/1506 544/1507
f 836/1637 804/1638 1307/1639
f 1415/805 661/803 1416/804
f 805/2039 1192/2040 808/2041
f 610/1376 631/1377 613/1374
f 540/2059 842/2058 584/2061
f 539/1080 552/1081 540/1082
f 833/472 577/470 834/475
f 832/2459 806/2460 815/2461
f 617/2136 633/2132 529/2138
f 637/20 932/26 658/9
f 658/9 742/11 659/14
f 810/2353 826/2354 636/2355
f 810/1333 663/1329 825/1331
f 814/818 815/814 164/811
f 822/1316 813/1323 662/1325
f 530/2181 805/2186 636/2187
f 525/1293 524/1296 521/1294
f 663/2042 808/2041 806/2044
f 816/1301 549/1298 809/1299
f 806/1330 832/1326 807/1322
f 805/2356 810/2353 636/2355
f 826/2640 810/2641 813/2642
f 793/2261 792/2262 803/2263
f 570/2271 793/2272 789/2273
f 790/582 566/579 561/573
f 571/2374 565/2375 572/2376
f 790/2264 791/2266 793/2261
f 777/1346 792/1341 789/1344
f 561/573 791/581 790/582
f 794/1512 804/1511 795/1510
f 799/556 564/564 800/554
f 572/567 798/570 1201/572
f 564/564 798/570 572/567
f 1203/561 574/565 799/556
f 568/551 799/556 796/546
f 793/1338 837/1335 571/1337
f 803/2263 792/2262 1045/2265
f 1202/1336 1201/1339 798/1342
f 793/2272 570/2271 837/2275
f 789/1344 792/1341 571/1337
f 570/2377 572/2376 1201/2378
f 792/2262 777/2269 776/2267
f 792/1341 793/1338 571/1337
f 792/2262 776/2267 1045/2265
f 837/1335 1201/1339 1202/1336
f 799/556 568/551 1203/561
f 574/1936 1203/1937 773/1938
f 565/1340 571/1337 1202/1336
f 1203/1937 568/1940 773/1938
f 568/551 797/549 771/553
f 771/553 797/549 554/544
f 569/542 554/544 797/549
f 740/1345 777/1346 565/1340
f 1202/1336 798/1342 567/1343
f 564/564 572/567 544/555
f 796/546 555/545 1200/540
f 800/554 545/560 555/545
f 1200/540 569/542 796/546
f 799/556 800/554 796/546
f 569/542 568/551 796/546
f 537/543 547/538 1200/540
f 555/545 796/546 800/554
f 545/560 800/554 564/564
f 789/578 791/581 561/573
f 549/533 551/535 573/536
f 573/536 547/538 549/533
f 547/538 573/536 1200/540
f 569/542 1200/540 573/536
f 561/573 562/576 560/571
f 555/545 537/543 1200/540
f 548/1645 534/1648 546/1646
f 537/543 555/545 546/550
f 1199/1641 836/1637 544/1643
f 660/1506 1199/1509 544/1507
f 804/1511 1199/1509 795/1510
f 795/1510 1199/1509 660/1506
f 548/1645 544/1643 836/1637
f 1314/1644 836/1637 1315/1642
f 1195/1649 534/1648 548/1645
f 807/1322 662/1325 663/1329
f 932/26 166/46 931/28
f 636/2355 826/2354 813/2357
f 663/1329 662/1325 825/1331
f 635/2358 636/2355 813/2357
f 825/1331 813/1323 810/1333
f 802/1010 100/1009 817/1012
f 557/1008 802/1010 817/1012
f 817/1304 816/1301 557/1303
f 806/1330 807/1322 663/1329
f 663/2042 805/2039 808/2041
f 816/534 817/537 551/535
f 810/1333 805/1334 663/1329
f 550/1015 817/1012 696/1013
f 563/2240 608/2241 801/2242
f 1198/1526 90/1527 176/1528
f 1197/2243 563/2240 801/2242
f 1197/2243 818/2245 811/2246
f 811/1735 819/1732 812/1731
f 632/1375 613/1374 824/1378
f 811/2235 1198/2236 176/2237
f 819/1732 601/1729 628/1726
f 801/2242 818/2245 1197/2243
f 831/1808 818/1813 801/1811
f 833/472 820/478 174/474
f 1194/1796 1196/1798 634/1794
f 563/2240 1197/2243 811/2246
f 521/1294 524/1296 549/1298
f 523/1297 809/1299 524/1296
f 559/2175 645/2176 552/2177
f 820/478 608/479 174/474
f 809/1299 930/1300 816/1301
f 603/1792 653/1797 1193/1795
f 608/2163 180/2164 179/2165
f 811/2246 176/2244 563/2240
f 930/1006 558/1005 557/1008
f 556/1652 535/1650 534/1648
f 930/1300 557/1303 816/1301
f 560/1084 552/1081 539/1080
f 603/1792 640/1788 575/1790
f 603/1792 1193/1795 641/1793
f 1194/1796 1193/1795 1320/1800
f 1322/1801 1194/1796 1323/1805
f 1194/1796 641/1793 1193/1795
f 818/1736 831/1734 819/1732
f 1193/1795 653/1797 1325/1799
f 556/1652 1195/1649 1316/1654
f 818/1736 819/1732 811/1735
f 556/1652 534/1648 1195/1649
f 534/1648 535/1650 546/1646
f 1195/1649 548/1645 1313/1647
f 807/1322 828/1319 822/1316
f 807/1322 832/1326 828/1319
f 808/2041 1192/2040 542/2043
f 815/2216 814/2217 532/2218
f 149/2048 808/2041 1/2045
f 662/1325 807/1322 822/1316
f 658/9 659/14 145/4
f 1191/54 1189/72 146/64
f 1/806 2/807 149/809
f 1/2045 808/2041 542/2043
f 636/2187 635/2185 530/2181
f 815/814 149/809 164/811
f 147/59 1191/54 146/64
f 166/46 1191/54 147/59
f 639/100 533/89 1189/72
f 815/2461 533/2463 828/2462
f 828/2462 832/2459 815/2461
f 815/2046 806/2044 808/2041
f 532/2218 814/2217 146/2219
f 815/2461 532/2465 1190/2464
f 829/13 637/20 658/9
f 822/1316 1188/1318 635/1320
f 166/46 932/26 1191/54
f 629/1387 528/1386 656/1389
f 931/28 137/17 658/9
f 137/17 931/28 151/37
f 166/46 151/37 931/28
f 137/17 742/11 658/9
f 145/4 659/14 742/11
f 1269/34 827/25 1333/42
f 529/1383 824/1378 617/1381
f 1334/33 829/13 1335/32
f 658/9 932/26 931/28
f 822/1316 639/1315 1188/1318
f 1189/72 821/71 1311/88
f 1331/63 1191/54 1338/53
f 1338/53 932/26 1339/44
f 827/25 637/20 829/13
f 821/71 1189/72 1191/54
f 533/89 532/80 1189/72
f 1190/2464 533/2463 815/2461
f 823/1380 529/1383 528/1386
f 656/2511 528/2512 623/2509
f 126/6 145/4 109/8
f 629/2500 656/2501 657/2502
f 629/1387 823/1380 528/1386
f 629/1387 630/1384 823/1380
f 630/2503 629/2500 657/2502
f 623/5 529/16 633/10
f 624/7 623/5 633/10
f 630/1384 632/1375 823/1380
f 60/513 625/504 141/514
f 145/4 141/1 657/3
f 145/4 126/6 141/1
f 623/5 145/4 657/3
f 146/64 1189/72 532/80
f 1267/112 1189/72 1337/99
f 1188/1318 639/1315 638/1321
f 658/9 145/4 624/7
f 829/13 658/9 624/7
f 145/4 623/5 624/7
f 624/7 830/19 829/13
f 1265/1324 639/1315 1266/1327
f 829/13 830/19 1271/24
f 1270/23 624/7 1336/31
f 653/1220 603/1221 586/1216
f 640/1788 578/1791 579/1789
f 625/504 621/510 627/497
f 633/2132 617/2136 613/2133
f 634/1794 1196/1798 1324/1802
f 616/1725 108/1728 628/1726
f 628/1726 108/1728 812/1731
f 603/1221 575/1214 585/1217
f 586/1216 595/1212 653/1220
f 617/1381 824/1378 613/1374
f 608/479 820/478 526/480
f 609/2142 634/2149 1340/2150
f 527/1809 831/1808 801/1811
f 819/1732 628/1726 812/1731
f 801/1811 608/1812 527/1809
f 641/1793 640/1788 603/1792
f 523/1297 576/1302 930/1300
f 930/1300 809/1299 523/1297
f 640/1788 641/1793 578/1791
f 641/1793 1194/1796 634/1794
f 653/1220 595/1212 1303/1223
f 556/558 536/547 535/557
f 606/779 522/786 543/785
f 606/779 543/785 556/782
f 645/2348 559/2352 584/2349
f 587/1436 649/1430 648/1434
f 90/1527 1198/1526 47/1529
f 108/1532 47/1529 1198/1526
f 1198/2236 811/2235 108/2238
f 812/2239 108/2238 811/2235
f 108/1728 616/1725 91/1730
f 48/2598 76/2599 621/2600
f 620/2601 621/2602 76/2603
f 625/504 60/513 621/510
f 627/497 621/510 620/505
f 805/2186 530/2181 1192/2184
f 530/2181 542/2180 1192/2184
f 635/2560 835/2561 531/2562
f 1188/2605 835/2606 635/2607
f 1418/799 531/795 1420/798
f 542/2043 661/2047 1/2045
f 1417/802 541/800 1419/801
f 530/2181 531/2182 541/2179
f 531/795 638/793 1414/790
f 591/447 519/456 651/451
f 593/957 605/955 600/954
f 580/457 604/461 575/463
f 843/467 607/459 644/465
f 1275/1379 610/1376 1279/1382
f 579/1422 578/1432 654/1429
f 583/958 592/959 600/954
f 592/959 593/957 600/954
f 594/953 582/956 600/954
f 594/455 650/448 651/451
f 583/1786 582/1785 644/1784
f 607/459 520/460 644/465
f 642/967 646/972 1262/973
f 590/454 522/462 519/456
f 587/493 615/485 616/488
f 522/786 606/779 519/783
f 595/1212 604/1211 596/1215
f 831/1734 602/1733 601/1729
f 529/1383 823/1380 824/1378
f 593/957 599/960 605/955
f 598/962 593/957 597/965
f 520/781 606/779 644/778
f 589/450 580/457 525/458
f 580/457 589/450 581/453
f 604/1211 581/1219 596/1215
f 592/959 583/958 643/963
f 589/450 590/454 591/447
f 581/966 598/962 596/971
f 525/458 522/462 590/454
f 599/960 598/962 581/966
f 595/1212 596/1215 1295/1218
f 105/468 80/469 576/466
f 626/489 648/500 652/502
f 588/1213 585/1217 575/1214
f 527/1433 649/1430 587/1436
f 604/1211 588/1213 575/1214
f 585/1217 588/1213 586/1216
f 595/1212 586/1216 588/1213
f 523/464 525/458 580/457
f 576/466 575/463 105/468
f 105/468 577/470 833/472
f 602/1733 587/1727 601/1729
f 575/463 576/466 580/457
f 572/567 561/573 560/571
f 837/2379 570/2377 1201/2378
f 789/2273 571/2274 570/2271
f 574/565 564/564 799/556
f 1188/2605 531/2608 835/2606
f 559/580 552/583 560/571
f 560/571 562/576 559/580
f 634/2149 609/2142 578/2147
f 628/1726 601/1729 587/1727
f 546/550 555/545 544/555
f 1318/1083 540/1082 1349/1085
f 543/552 521/541 536/547
f 544/555 545/560 564/564
f 793/2261 791/2266 789/2268
f 564/897 574/898 567/899
f 572/2376 570/2377 571/2374
f 565/575 561/573 572/567
f 566/579 562/576 561/573
f 1306/2405 795/2407 1350/2409
f 560/571 544/555 572/567
f 550/539 697/548 554/544
f 569/542 797/549 568/551
f 777/1346 789/1344 565/1340
f 567/1343 798/1342 564/1347
f 561/573 565/575 789/578
f 554/544 569/542 550/539
f 551/535 550/539 573/536
f 551/535 817/537 550/539
f 576/1004 80/1007 558/1005
f 521/541 549/533 547/538
f 550/539 569/542 573/536
f 555/545 545/560 544/555
f 521/541 547/538 537/543
f 546/550 535/557 536/547
f 836/1637 1199/1641 804/1638
f 1350/1097 660/1094 1352/1096
f 560/1508 538/1505 544/1507
f 1353/1093 538/1087 1354/1091
f 538/1087 539/1080 1329/1089
f 833/472 174/474 105/468
f 802/1010 557/1008 558/1005
f 563/2240 176/2244 608/2241
f 549/1298 524/1296 809/1299
f 645/2176 553/2178 552/2177
f 538/1087 560/1084 539/1080
f 1355/1088 584/1090 1356/1092
f 556/558 543/552 536/547
f 831/1734 601/1729 819/1732
f 536/547 521/541 537/543
f 537/543 546/550 536/547
f 544/1643 548/1645 546/1646
f 825/1331 662/1325 813/1323
f 822/1316 828/1319 533/1317
f 635/2185 531/2182 530/2181
f 149/2048 815/2046 808/2041
f 813/1323 822/1316 635/1320
f 932/26 637/20 1258/35
f 533/89 1190/101 532/80
f 529/2513 623/2509 528/2512
f 824/1378 823/1380 632/1375
f 586/1216 603/1221 585/1217
f 527/482 608/479 526/480
f 521/1294 543/1295 522/1292
f 646/784 556/782 1328/787
f 524/1296 525/1293 523/1297
f 541/2179 661/2183 542/2180
f 531/795 1188/797 638/793
f 581/453 604/461 580/457
f 519/783 606/779 520/781
f 651/451 519/456 520/460
f 582/956 583/958 600/954
f 650/448 591/447 651/451
f 643/780 556/782 646/784
f 643/780 606/779 556/782
f 520/460 607/459 651/451
f 540/2059 552/2062 553/2060
f 587/1810 602/1807 527/1809
f 515/2504 514/2505 513/2506
f 174/2166 608/2163 179/2165
f 953/266 512/247 511/231
f 52/122 150/95 256/109
f 395/2078 394/2079 393/2080
f 15/1597 10/1598 13/1599
f 175/753 106/754 84/755
f 37/1765 38/1766 986/1767
f 42/1354 984/1355 67/1356
f 788/861 12/862 231/863
f 971/151 983/124 787/141
f 138/2526 23/2527 11/2528
f 973/251 963/219 1026/246
f 979/268 978/250 972/233
f 96/877 74/878 945/879
f 36/869 129/871 14/865
f 947/165 964/191 962/194
f 94/1671 188/1672 45/1673
f 175/753 948/756 106/754
f 61/86 130/77 144/96
f 49/518 68/521 45/522
f 997/1946 57/1947 987/1948
f 128/2112 43/2113 186/2114
f 48/516 46/515 620/505
f 987/111 42/97 61/86
f 95/1359 67/1356 72/1358
f 989/1770 986/1767 38/1766
f 144/1949 997/1946 987/1948
f 232/2521 996/2522 788/2523
f 38/1766 37/1765 786/1769
f 36/869 59/870 56/873
f 988/1772 38/1766 786/1769
f 232/382 231/396 31/370
f 72/1358 67/1356 984/1355
f 988/1923 786/1924 787/1925
f 787/1925 786/1924 995/1926
f 37/1765 986/1767 969/1768
f 969/1768 995/1771 37/1765
f 85/1305 87/1306 89/1307
f 69/1814 41/1815 42/1816
f 985/1360 75/1362 72/1358
f 788/2523 231/2524 232/2521
f 141/2188 139/2189 60/2190
f 987/874 57/876 59/870
f 989/868 988/872 59/870
f 34/335 993/320 33/350
f 12/862 788/861 990/864
f 991/359 994/334 34/335
f 992/298 34/335 994/334
f 27/1612 998/1613 936/1614
f 12/395 35/369 31/370
f 35/369 33/350 31/370
f 34/335 785/360 991/359
f 994/334 934/319 992/298
f 22/1604 236/1608 35/1605
f 236/1608 22/1604 40/1607
f 54/156 24/164 21/130
f 12/395 31/370 231/396
f 936/1614 40/1615 27/1612
f 990/864 989/868 58/867
f 989/1770 38/1766 988/1772
f 987/111 61/86 144/96
f 788/861 986/866 990/864
f 987/874 59/870 988/872
f 983/124 971/151 938/152
f 971/151 941/166 938/152
f 985/142 984/135 983/124
f 984/135 42/97 983/124
f 985/1360 72/1358 984/1355
f 987/111 983/124 42/97
f 969/157 986/215 788/203
f 787/141 983/124 988/134
f 91/507 619/499 620/505
f 620/505 46/515 91/507
f 969/1927 787/1925 995/1926
f 983/124 987/111 988/134
f 969/157 971/151 787/141
f 949/1229 950/1230 948/1231
f 116/633 978/634 101/635
f 116/633 101/635 102/636
f 982/312 979/268 976/286
f 978/634 979/638 101/635
f 977/637 959/642 978/634
f 976/286 972/233 974/269
f 959/206 963/219 972/233
f 974/269 973/251 975/287
f 959/206 972/233 978/250
f 980/328 982/312 976/286
f 979/268 972/233 976/286
f 963/219 973/251 972/233
f 974/269 972/233 973/251
f 964/191 963/219 962/194
f 947/165 962/194 946/183
f 954/220 512/247 955/249
f 955/249 951/285 952/311
f 946/183 959/206 965/205
f 937/2104 944/2105 966/2106
f 937/1365 942/1368 75/1362
f 947/165 971/151 969/157
f 969/157 970/173 947/165
f 947/165 970/173 968/182
f 964/191 947/165 968/182
f 962/194 963/219 959/206
f 118/646 960/649 959/642
f 946/183 962/194 959/206
f 512/247 954/220 511/231
f 946/183 965/205 949/193
f 955/1233 956/1234 99/1232
f 954/220 965/205 511/231
f 960/248 118/267 511/231
f 960/248 511/231 965/205
f 951/285 512/247 953/266
f 88/1310 172/1314 952/1313
f 88/1310 952/1313 951/1311
f 118/646 119/641 120/648
f 949/2421 957/2422 955/2423
f 99/1232 950/1230 949/1229
f 938/152 939/174 107/167
f 944/880 945/879 940/883
f 938/152 941/166 939/174
f 175/184 107/167 939/174
f 938/152 937/158 985/142
f 937/1365 75/1362 985/1360
f 943/2108 944/2105 937/2104
f 943/175 937/158 107/167
f 939/174 949/193 948/195
f 971/151 939/174 941/166
f 971/151 947/165 939/174
f 939/174 947/165 946/183
f 946/183 949/193 939/174
f 704/1059 714/1060 718/1061
f 513/584 743/585 759/586
f 100/1009 802/1010 558/1005
f 165/83 147/59 163/92
f 936/349 935/348 934/319
f 161/41 167/58 158/52
f 948/195 175/184 939/174
f 517/1071 516/1069 726/1073
f 349/2063 449/2064 448/2065
f 375/1182 368/1183 360/1184
f 315/1408 312/1409 325/1410
f 32/243 33/350 993/320
f 341/1869 343/1870 369/1871
f 294/772 364/760 308/768
f 265/138 283/127 289/147
f 747/909 779/906 509/910
f 700/2306 701/2307 361/2308
f 339/1987 699/1988 415/1989
f 2/807 3/812 157/816
f 388/105 261/93 385/75
f 22/1604 23/1606 40/1607
f 11/1153 247/1154 258/1155
f 53/129 55/150 51/140
f 998/1613 935/1617 936/1614
f 990/864 986/866 989/868
f 77/1817 131/1819 69/1814
f 33/350 32/243 31/370
f 73/1825 45/1826 92/1827
f 104/1530 90/1527 177/1533
f 954/220 949/193 965/205
f 364/760 370/762 221/757
f 58/867 989/868 59/870
f 19/1164 20/1166 259/1167
f 124/1773 16/1774 129/1775
f 197/69 206/85 130/77
f 216/1683 218/1681 219/1682
f 110/2191 139/2189 141/2188
f 167/2193 184/2195 60/2190
f 198/1836 201/1837 199/1838
f 158/52 142/18 161/41
f 151/37 136/29 148/39
f 195/2424 401/2425 196/2426
f 157/816 168/819 156/821
f 151/37 166/46 733/55
f 62/523 63/520 159/525
f 182/891 104/895 103/886
f 103/886 940/883 945/879
f 187/1677 193/1678 227/1680
f 215/1361 216/1367 214/1364
f 11/1601 10/1598 257/1603
f 208/689 209/690 117/691
f 316/670 446/674 326/675
f 25/2546 21/2547 24/2548
f 28/2633 29/2634 249/2635
f 138/1157 258/1155 247/1154
f 23/1618 259/1623 235/1621
f 4/81 6/90 390/73
f 1424/137 273/115 1425/144
f 450/715 470/717 463/718
f 388/105 265/138 287/128
f 11/1153 257/1156 247/1154
f 255/1883 396/1884 392/1885
f 318/1583 330/1584 317/1585
f 489/1488 488/1489 442/1490
f 208/689 233/698 783/693
f 307/667 298/668 321/671
f 298/1037 299/1038 323/1039
f 506/918 499/919 504/921
f 735/1352 741/1351 734/1349
f 443/1236 318/1237 477/1238
f 314/1411 399/1419 222/1416
f 325/1410 312/1409 363/1412
f 369/1415 363/1412 312/1409
f 237/1418 369/1415 312/1409
f 370/762 237/764 239/759
f 401/2425 198/2427 204/2428
f 201/1837 198/1836 384/1840
f 222/1099 399/1100 379/1101
f 394/2079 255/2083 391/2082
f 392/1928 285/1929 253/1930
f 391/2082 393/2080 394/2079
f 362/2002 437/2003 355/2004
f 357/1109 403/1112 400/1106
f 400/1106 379/1101 414/1103
f 411/615 500/619 406/602
f 417/1501 423/1503 419/1495
f 368/1183 377/1186 362/1189
f 437/1194 362/1189 377/1186
f 442/1590 328/1586 443/1588
f 334/709 338/710 451/713
f 456/682 481/681 478/685
f 464/2071 459/2077 472/2075
f 452/1050 781/1053 460/1051
f 461/1890 407/1891 459/1892
f 468/622 502/628 507/625
f 476/2518 490/2519 487/2520
f 460/1051 476/1055 487/1056
f 465/1542 444/1543 455/1544
f 489/1239 471/1241 480/1243
f 497/1452 492/1453 347/1454
f 483/1493 485/1500 486/1494
f 321/671 322/672 307/667
f 486/1137 493/1138 497/1139
f 494/1712 496/1713 492/1714
f 692/980 710/981 699/982
f 756/2536 766/2537 745/2538
f 727/1070 189/1074 182/1076
f 780/894 183/888 726/890
f 780/1075 727/1070 182/1076
f 189/1755 728/1756 181/1757
f 60/2190 139/2189 140/2192
f 749/904 510/908 779/906
f 568/551 771/553 774/562
f 1202/1336 567/1343 565/1340
f 776/2267 777/2269 768/2270
f 772/1939 773/1938 514/1941
f 767/2484 748/2485 514/2486
f 774/1945 778/1943 568/1940
f 778/2514 764/2515 756/2516
f 774/562 755/566 778/568
f 766/2517 756/2516 764/2515
f 756/1942 568/1940 778/1943
f 773/1938 568/1940 756/1942
f 778/568 755/566 754/569
f 739/563 755/566 771/553
f 771/553 755/566 774/562
f 773/1938 772/1939 574/1936
f 739/563 771/553 769/559
f 554/544 769/559 771/553
f 697/2656 769/2657 554/2658
f 769/1018 697/1017 721/1016
f 723/610 739/616 722/621
f 739/1019 769/1018 721/1016
f 768/1350 777/1346 740/1345
f 734/911 775/902 747/909
f 748/903 749/904 770/900
f 759/2490 763/2489 761/2487
f 767/2484 762/2488 761/2487
f 514/2505 515/2504 767/2508
f 749/904 763/907 510/908
f 752/588 707/594 498/591
f 743/585 752/588 498/591
f 513/1944 514/1941 756/1942
f 754/569 765/574 778/568
f 762/2507 767/2508 515/2504
f 746/2539 745/2538 766/2537
f 739/616 744/613 754/620
f 765/574 764/577 778/568
f 766/627 765/624 744/613
f 764/629 765/624 766/627
f 765/624 754/620 744/613
f 759/586 762/587 513/584
f 744/630 746/631 766/632
f 707/594 351/598 427/599
f 762/2507 515/2504 513/2506
f 762/2488 759/2490 761/2487
f 510/908 509/910 779/906
f 763/907 759/912 510/908
f 509/910 510/908 757/913
f 758/589 759/586 743/585
f 759/912 760/916 757/913
f 498/591 758/589 743/585
f 496/1713 495/1719 706/1717
f 758/589 760/592 759/586
f 497/1452 503/1456 492/1453
f 706/1717 492/1714 496/1713
f 501/596 509/604 757/600
f 760/592 501/596 757/600
f 506/918 751/915 750/914
f 409/608 410/603 405/612
f 499/2336 750/2337 412/2338
f 498/591 707/594 427/599
f 351/598 707/594 752/588
f 738/601 736/606 351/598
f 723/610 722/621 352/617
f 739/616 723/610 744/613
f 723/610 753/597 744/613
f 752/588 738/601 351/598
f 750/2337 747/2340 412/2338
f 734/911 750/914 751/915
f 751/915 933/917 734/911
f 748/903 763/907 749/904
f 752/588 743/585 513/584
f 753/597 738/601 752/588
f 752/588 745/593 753/597
f 747/909 775/902 779/906
f 754/569 755/566 739/563
f 756/590 745/593 752/588
f 753/597 723/610 737/605
f 1208/2370 735/2371 734/2372
f 137/17 109/8 742/11
f 733/55 389/60 151/37
f 726/1073 516/1069 727/1070
f 74/878 223/881 945/879
f 100/1009 696/1013 817/1012
f 726/890 183/888 190/885
f 160/40 134/22 195/49
f 725/991 720/996 693/984
f 151/37 389/60 154/47
f 154/47 389/60 384/67
f 147/59 169/66 733/55
f 217/1104 378/1107 227/1111
f 155/65 733/55 169/66
f 165/83 133/82 169/66
f 166/46 147/59 733/55
f 384/1840 732/1844 154/1845
f 381/1971 372/1972 374/1973
f 382/1842 732/1844 384/1840
f 154/2316 732/2317 382/2318
f 780/1075 726/1073 727/1070
f 374/2588 726/2589 731/2590
f 135/2319 154/2316 382/2318
f 190/1977 381/1971 731/1974
f 726/1980 190/1977 731/1974
f 159/525 63/520 162/524
f 729/1002 171/995 178/1003
f 727/1070 728/1072 189/1074
f 727/1070 516/1069 712/1067
f 374/2049 702/2050 517/2051
f 711/1063 719/1068 712/1067
f 728/1072 727/1070 719/1068
f 727/1070 712/1067 719/1068
f 691/990 722/993 721/998
f 100/1009 724/1014 696/1013
f 171/995 725/991 690/988
f 100/994 171/995 690/988
f 690/988 691/990 100/994
f 171/995 720/996 725/991
f 720/2609 715/2610 710/2611
f 723/610 352/617 429/614
f 730/1759 719/1761 711/1764
f 713/1065 712/1067 516/1069
f 702/2050 713/2053 517/2051
f 713/1065 516/1069 517/1071
f 374/2049 371/2052 702/2050
f 361/2054 702/2050 371/2052
f 726/2589 374/2588 517/2591
f 702/2050 361/2054 701/2056
f 366/1994 415/1989 709/1991
f 711/997 716/992 715/989
f 711/1063 713/1065 714/1060
f 712/1067 713/1065 711/1063
f 518/2309 709/2315 716/2312
f 716/2331 704/2332 705/2333
f 699/982 710/981 709/985
f 718/2686 717/2687 703/2688
f 700/2306 717/2313 705/2310
f 705/2581 714/2582 703/2583
f 705/1064 718/1061 714/1060
f 700/2306 716/2312 717/2313
f 705/1064 717/1066 718/1061
f 718/1061 703/1062 704/1059
f 703/2669 717/2670 716/2671
f 705/2581 703/2583 716/2584
f 700/2306 705/2310 701/2307
f 701/2335 705/2333 704/2332
f 704/2533 703/2534 701/2535
f 714/2055 701/2056 703/2057
f 714/2055 702/2050 701/2056
f 518/2309 700/2306 361/2308
f 699/1988 709/1991 415/1989
f 708/1467 699/1465 422/1457
f 492/1714 706/1717 695/1720
f 422/1457 492/1453 694/1462
f 694/1462 708/1467 422/1457
f 698/983 699/982 708/986
f 422/1457 699/1465 339/1461
f 352/1721 695/1720 706/1717
f 706/1717 495/1719 352/1721
f 694/1722 492/1714 695/1720
f 695/1720 692/1723 694/1722
f 722/1020 739/1019 721/1016
f 691/990 690/988 692/980
f 699/982 698/983 692/980
f 696/1013 721/1016 697/1017
f 692/980 690/988 693/984
f 690/988 725/991 693/984
f 693/984 710/981 692/980
f 698/983 708/986 694/987
f 697/1017 550/1015 696/1013
f 321/671 458/677 322/672
f 500/619 499/623 406/602
f 508/2613 505/2614 507/2615
f 508/2621 506/2622 505/2623
f 486/1137 485/1143 484/1141
f 507/625 500/619 468/622
f 454/1897 467/1894 408/1896
f 468/1900 469/1895 475/1902
f 454/1897 408/1896 405/1901
f 412/2338 406/2339 499/2336
f 758/589 498/591 413/595
f 410/603 413/595 427/599
f 406/602 501/596 413/595
f 486/1137 445/1140 493/1138
f 490/1553 476/1554 426/1548
f 500/619 504/626 499/623
f 428/1555 426/1548 476/1554
f 758/589 501/596 760/592
f 504/2617 507/2615 505/2614
f 506/2622 504/2624 505/2623
f 445/1140 434/1145 329/1144
f 484/1496 485/1500 483/1493
f 430/2343 491/2344 424/2345
f 503/1456 497/1452 494/1460
f 493/1716 496/1713 494/1712
f 346/1142 493/1138 445/1140
f 493/1468 494/1469 497/1470
f 486/1459 497/1452 418/1455
f 418/1455 497/1452 347/1454
f 421/1492 488/1489 486/1494
f 424/2345 359/2347 367/2346
f 430/1558 432/1559 491/1560
f 439/1114 440/1115 404/1113
f 491/1560 432/1559 431/1562
f 419/1495 441/1499 442/1490
f 440/2009 439/2007 437/2003
f 489/1594 442/1590 443/1588
f 489/1488 479/1491 488/1489
f 486/1494 488/1489 483/1493
f 489/1239 477/1238 471/1241
f 445/1140 486/1137 484/1141
f 484/1496 483/1493 479/1491
f 483/1493 488/1489 479/1491
f 445/1247 484/1250 480/1243
f 484/1250 479/1246 480/1243
f 445/1247 480/1243 471/1241
f 487/1551 426/1548 465/1542
f 482/1550 487/1551 465/1542
f 471/1241 455/1249 445/1247
f 479/1246 489/1239 480/1243
f 478/1547 465/1542 456/1545
f 452/683 478/685 481/681
f 477/1238 489/1239 443/1236
f 457/1240 471/1241 477/1238
f 482/1057 478/1058 452/1050
f 487/1056 482/1057 452/1050
f 481/681 447/680 452/683
f 453/2618 781/2619 452/2620
f 462/2435 451/2436 474/2437
f 460/1051 487/1056 452/1050
f 460/1051 466/1052 472/1054
f 465/1542 478/1547 482/1550
f 466/2073 335/2066 464/2071
f 459/2077 464/2071 461/2074
f 470/2072 461/2074 464/2071
f 463/2069 464/2071 335/2066
f 470/2072 462/2076 461/2074
f 448/2065 337/2067 450/2070
f 407/1891 461/1890 462/1893
f 475/2438 462/2435 474/2437
f 473/2439 475/2438 474/2437
f 472/1054 476/1055 460/1051
f 472/1556 428/1555 476/1554
f 407/1891 467/1894 459/1892
f 459/1892 467/1894 454/1897
f 457/1240 326/1245 471/1241
f 407/1891 462/1893 469/1895
f 472/2075 466/2073 464/2071
f 470/717 450/715 462/716
f 464/2071 463/2069 470/2072
f 454/1897 472/1899 459/1892
f 335/2066 448/2065 463/2069
f 425/2398 472/2399 454/2400
f 320/1043 453/1047 452/1050
f 457/1240 477/1238 318/1237
f 469/1895 411/1898 407/1891
f 462/716 450/715 334/709
f 450/715 337/711 334/709
f 449/714 349/712 332/707
f 332/707 337/711 449/714
f 449/2064 337/2067 448/2065
f 452/1050 447/1048 320/1043
f 453/1047 320/1043 303/1045
f 458/677 447/680 446/674
f 321/1040 320/1043 458/1046
f 447/1048 458/1046 320/1043
f 481/681 446/674 447/680
f 456/682 455/684 326/675
f 446/674 322/672 458/677
f 456/1545 465/1542 455/1544
f 326/1245 455/1249 471/1241
f 326/1245 457/1240 324/1242
f 328/1586 318/1583 443/1588
f 328/1586 435/1591 327/1587
f 488/1489 421/1492 442/1490
f 359/1875 433/1877 356/1876
f 358/1990 415/1989 367/1992
f 441/1499 419/1495 376/1502
f 441/1596 435/1591 442/1590
f 442/1590 435/1591 328/1586
f 421/1492 419/1495 442/1490
f 445/1247 455/1249 444/1252
f 341/1869 344/1873 342/1872
f 435/1591 441/1596 376/1595
f 353/1147 329/1144 434/1145
f 362/1881 325/1879 433/1877
f 433/1877 431/1878 362/1881
f 376/1998 423/1997 359/1995
f 359/1875 431/1878 433/1877
f 362/1564 436/1561 367/1563
f 424/1880 491/1882 431/1878
f 431/1878 359/1875 424/1880
f 440/1197 438/1195 404/1193
f 440/1197 437/1194 438/1195
f 357/1109 439/1114 404/1113
f 439/2007 357/2006 437/2003
f 431/1562 436/1561 362/1564
f 361/2308 365/2311 518/2309
f 437/1194 377/1186 438/1195
f 431/1562 432/1559 436/1561
f 404/1193 438/1195 377/1186
f 432/1559 430/1558 436/1561
f 339/1461 347/1454 422/1457
f 430/1558 367/1563 436/1561
f 495/2229 346/2230 345/2231
f 430/2343 424/2345 367/2346
f 421/1492 420/1498 419/1495
f 300/1552 353/1549 416/1546
f 416/2324 426/2325 300/2326
f 339/1461 340/1466 347/1454
f 425/2327 410/2330 354/2328
f 427/599 354/609 410/603
f 426/2325 425/2327 300/2326
f 486/1494 418/1497 421/1492
f 427/599 413/595 498/591
f 413/595 409/608 406/602
f 406/602 405/612 411/615
f 406/602 409/608 405/612
f 403/1188 404/1193 377/1186
f 357/1109 404/1113 403/1112
f 357/1109 414/1103 315/1108
f 399/1100 314/1105 414/1103
f 375/1182 373/1185 380/1187
f 414/1103 357/1109 400/1106
f 222/1278 213/1279 207/1280
f 382/2318 383/2322 195/2321
f 403/1112 386/1110 400/1106
f 379/1101 400/1106 386/1110
f 414/1103 379/1101 399/1100
f 403/1188 377/1186 375/1182
f 402/91 390/73 387/103
f 402/91 388/105 385/75
f 390/73 155/65 4/81
f 402/91 398/118 388/105
f 273/115 274/126 387/103
f 398/118 283/127 388/105
f 283/127 398/118 387/103
f 274/126 283/127 387/103
f 393/2080 391/2082 286/2084
f 393/1931 286/1934 285/1929
f 392/1885 396/1884 395/1887
f 395/1933 393/1931 392/1928
f 395/2078 396/2081 394/2079
f 396/2081 255/2083 394/2079
f 252/1886 255/1883 392/1885
f 287/2085 250/2086 391/2082
f 255/2083 287/2085 391/2082
f 286/2084 391/2082 250/2086
f 319/1413 312/1409 314/1411
f 390/73 402/91 385/75
f 217/1104 213/1102 379/1101
f 254/120 256/109 206/85
f 256/109 254/120 253/131
f 388/105 287/128 252/119
f 253/1888 252/1886 392/1885
f 252/1886 287/1889 255/1883
f 261/93 388/105 252/119
f 265/138 388/105 283/127
f 273/115 387/103 6/90
f 387/103 390/73 6/90
f 155/65 390/73 389/60
f 201/84 384/67 385/75
f 261/93 201/84 385/75
f 261/93 262/107 201/84
f 401/2425 195/2424 198/2427
f 195/2321 153/2320 382/2318
f 198/2323 195/2321 383/2322
f 198/1836 383/1843 382/1842
f 382/1842 384/1840 198/1836
f 386/1192 375/1182 378/1190
f 220/1191 227/1196 378/1190
f 373/1185 220/1191 380/1187
f 378/1190 375/1182 380/1187
f 217/1104 379/1101 378/1107
f 197/2429 196/2426 204/2428
f 379/1101 386/1110 378/1107
f 224/2663 227/2664 220/2665
f 196/2426 401/2425 204/2428
f 380/1187 220/1191 378/1190
f 202/1676 228/1684 219/1682
f 219/1682 218/1681 202/1676
f 221/757 106/754 364/760
f 193/1678 202/1676 217/1679
f 381/1971 220/1978 373/1975
f 373/1975 372/1972 381/1971
f 371/1976 374/1973 372/1972
f 348/1996 340/1993 358/1990
f 369/765 237/764 370/762
f 364/760 369/765 370/762
f 312/1409 238/1421 237/1418
f 364/760 341/767 369/765
f 375/1182 377/1186 368/1183
f 367/1992 359/1995 358/1990
f 315/2008 325/2005 357/2006
f 433/1877 325/1879 356/1876
f 325/2005 362/2002 355/2004
f 342/1872 359/1875 356/1876
f 325/2005 355/2004 357/2006
f 343/1414 356/1417 325/1410
f 367/1992 415/1989 366/1994
f 347/1454 340/1466 348/1463
f 358/1990 340/1993 339/1987
f 417/1458 347/1454 348/1463
f 324/678 295/673 326/675
f 359/1875 342/1872 376/1874
f 343/1414 342/1420 356/1417
f 342/1872 343/1870 341/1869
f 423/1997 348/1996 358/1990
f 495/2229 350/2232 352/2234
f 353/1549 444/1543 416/1546
f 311/1148 308/1151 345/1146
f 381/1971 190/1977 220/1978
f 81/477 79/473 178/476
f 429/2233 352/2234 350/2232
f 354/2328 782/2329 300/2326
f 333/701 338/710 334/709
f 336/702 334/709 332/707
f 332/707 334/709 337/711
f 336/702 333/701 334/709
f 309/659 305/664 292/660
f 112/647 234/653 242/650
f 349/712 302/708 332/707
f 303/2068 349/2063 335/2066
f 322/672 316/670 307/667
f 335/1049 453/1047 303/1045
f 322/672 446/674 316/670
f 324/1242 318/1237 317/1244
f 330/1584 327/1587 317/1585
f 222/1416 319/1413 314/1411
f 318/1583 328/1586 330/1584
f 327/1587 330/1584 328/1586
f 295/673 291/669 316/670
f 414/1103 314/1105 315/1108
f 294/1589 317/1585 327/1587
f 317/1244 296/1248 324/1242
f 311/2010 304/2011 291/2012
f 293/1251 296/1248 317/1244
f 307/667 316/670 291/669
f 295/673 324/678 296/679
f 299/1038 298/1037 242/1041
f 294/2016 308/2015 293/2014
f 293/1251 297/1253 296/1248
f 313/2430 238/2431 312/2432
f 307/667 292/660 306/666
f 291/669 290/665 307/667
f 290/665 292/660 307/667
f 306/666 298/668 307/667
f 306/666 292/660 305/664
f 298/668 306/666 305/664
f 317/1585 294/1589 293/1593
f 229/2254 291/2255 240/2256
f 312/2432 222/2433 313/2430
f 312/2432 319/2434 222/2433
f 234/653 784/655 242/650
f 311/2010 297/2013 293/2014
f 308/2015 311/2010 293/2014
f 331/699 302/708 234/703
f 244/2260 290/2258 229/2254
f 292/660 290/665 244/662
f 248/170 251/161 264/155
f 285/1929 286/1934 250/1935
f 284/1912 288/1913 279/1914
f 289/147 288/154 265/138
f 281/2285 280/2286 277/2287
f 276/2151 271/2152 272/2153
f 288/1913 282/1917 279/1914
f 289/147 271/146 288/154
f 277/1918 280/1915 279/1914
f 250/1935 260/1932 285/1929
f 271/146 289/147 283/127
f 271/146 283/127 274/126
f 271/2152 278/2154 282/2155
f 268/2290 284/2289 281/2285
f 272/2291 275/2288 276/2292
f 277/2287 275/2288 281/2285
f 277/1918 278/1920 275/1921
f 272/2291 268/2290 275/2288
f 276/1922 275/1921 278/1920
f 278/1920 277/1918 279/1914
f 271/2152 276/2151 278/2154
f 279/1914 282/1917 278/1920
f 279/1914 280/1915 284/1912
f 284/2289 280/2286 281/2285
f 1428/207 268/196 1429/185
f 268/196 266/221 267/222
f 1429/185 272/168 1430/176
f 268/2290 281/2285 275/2288
f 1431/159 271/146 1432/153
f 1432/153 274/126 1433/145
f 265/138 288/154 269/160
f 270/1919 269/1916 284/1912
f 264/155 269/160 270/169
f 284/236 268/196 267/222
f 250/148 287/128 265/138
f 265/138 264/155 250/148
f 264/155 251/161 250/148
f 265/138 269/160 264/155
f 248/170 264/155 263/178
f 23/1618 138/1625 259/1623
f 53/129 52/122 256/109
f 199/121 262/107 200/108
f 253/131 53/129 256/109
f 29/162 55/150 53/129
f 206/85 200/108 254/120
f 201/84 262/107 199/121
f 200/108 197/69 199/121
f 200/108 262/107 254/120
f 254/120 262/107 261/93
f 252/119 254/120 261/93
f 285/1929 260/1932 253/1930
f 254/120 252/119 253/131
f 250/148 53/129 260/149
f 250/148 251/161 53/129
f 53/129 251/161 248/170
f 249/179 29/162 248/170
f 249/2530 248/2531 28/2532
f 26/1622 235/1621 246/1626
f 11/2528 258/2529 138/2526
f 245/1169 246/1171 259/1167
f 17/1158 257/1156 10/1160
f 247/1154 257/1156 17/1158
f 150/95 206/85 256/109
f 247/1154 17/1158 39/1159
f 246/1626 25/1624 26/1622
f 25/1172 246/1171 21/1170
f 245/1169 21/1170 246/1171
f 18/1161 138/1157 39/1159
f 245/1169 259/1167 20/1166
f 150/95 52/122 21/130
f 54/156 21/130 55/150
f 8/1162 18/1161 39/1159
f 23/1606 22/1604 11/1601
f 10/1160 15/1163 17/1158
f 206/85 150/95 130/77
f 138/1157 247/1154 39/1159
f 26/1622 27/1612 235/1621
f 121/651 119/641 225/654
f 113/692 117/691 112/695
f 119/641 122/657 225/654
f 226/640 112/647 210/645
f 121/651 243/656 292/660
f 229/2254 121/2259 244/2260
f 292/660 244/662 121/651
f 210/645 112/647 242/650
f 225/654 243/656 121/651
f 225/1904 114/1905 211/1906
f 234/703 112/695 230/694
f 230/694 331/699 234/703
f 117/691 230/694 112/695
f 221/757 239/759 84/755
f 73/1825 74/1831 203/1829
f 115/696 233/698 208/689
f 237/1286 238/1284 83/1281
f 239/1288 237/1286 83/1281
f 217/1371 224/1366 220/1372
f 219/1823 214/1821 216/1824
f 222/1278 207/1280 83/1281
f 220/887 213/889 217/892
f 212/2115 219/2117 194/2116
f 202/1676 218/1681 217/1679
f 212/2115 194/2116 186/2114
f 228/2118 194/2116 219/2117
f 217/1679 227/1680 193/1678
f 216/1683 217/1679 218/1681
f 187/1677 192/1675 193/1678
f 224/1834 93/1830 227/1832
f 93/1830 187/1828 227/1832
f 224/1366 217/1371 215/1361
f 70/884 190/885 223/881
f 70/1835 93/1830 224/1834
f 74/878 70/884 223/881
f 102/636 101/635 226/640
f 71/1363 70/1370 224/1366
f 84/755 106/754 221/757
f 215/1361 95/1359 71/1363
f 102/636 210/645 211/644
f 83/1281 207/1280 97/1282
f 84/1287 239/1288 83/1281
f 74/1831 191/1833 70/1835
f 95/1359 215/1361 77/1357
f 212/1822 43/1818 131/1819
f 217/1371 216/1367 215/1361
f 215/1361 214/1364 77/1357
f 219/1823 212/1822 214/1821
f 213/1279 97/1282 207/1280
f 70/884 97/893 213/889
f 214/1821 212/1822 131/1819
f 70/1835 191/1833 93/1830
f 70/884 220/887 190/885
f 43/2113 212/2115 186/2114
f 159/525 186/529 185/527
f 127/62 128/68 152/50
f 16/1774 124/1773 111/1777
f 134/22 160/40 143/30
f 197/1841 204/1839 199/1838
f 205/94 206/85 197/69
f 130/77 127/62 197/69
f 127/62 152/50 196/56
f 143/30 160/40 152/50
f 206/85 205/94 200/108
f 197/69 200/108 205/94
f 204/1839 198/1836 199/1838
f 127/62 196/56 197/69
f 160/40 196/56 152/50
f 153/48 195/49 134/22
f 196/56 160/40 195/49
f 186/529 194/530 185/527
f 194/530 228/532 202/531
f 187/1828 73/1825 92/1827
f 125/57 161/41 162/51
f 202/531 188/528 185/527
f 192/1675 188/1672 202/1676
f 92/1674 192/1675 187/1677
f 125/519 64/517 60/513
f 125/57 184/70 167/58
f 202/531 185/527 194/530
f 128/68 186/76 159/61
f 185/527 62/523 159/525
f 60/2570 184/2571 125/2572
f 128/68 159/61 152/50
f 162/524 63/520 125/519
f 188/1672 192/1675 92/1674
f 44/1531 203/1538 177/1533
f 188/528 62/523 185/527
f 73/1825 187/1828 93/1830
f 67/1356 95/1359 77/1357
f 78/1535 44/1531 177/1533
f 176/1528 90/1527 104/1530
f 203/1538 940/1540 177/1533
f 80/1007 81/1011 100/1009
f 182/1076 189/1074 176/1077
f 82/1760 181/1757 178/1763
f 174/2166 179/2165 82/2167
f 180/1079 176/1077 179/1078
f 167/2193 140/2192 158/2194
f 158/2194 140/2192 110/2191
f 147/2221 146/2219 164/2220
f 7/824 132/822 1435/823
f 163/813 164/811 2/807
f 165/817 163/813 2/807
f 3/812 168/819 157/816
f 2/807 164/811 149/809
f 147/59 165/83 170/74
f 146/2219 814/2217 164/2220
f 147/2221 164/2220 163/2222
f 147/59 170/74 169/66
f 157/816 165/817 2/807
f 157/816 156/821 165/817
f 133/82 165/83 156/106
f 133/82 4/81 155/65
f 155/65 169/66 133/82
f 154/47 135/38 136/29
f 135/38 153/48 134/22
f 152/50 162/51 143/30
f 159/61 162/51 152/50
f 161/41 143/30 162/51
f 161/41 125/57 167/58
f 140/2192 167/2193 60/2190
f 148/2248 137/2249 151/2250
f 137/17 134/22 109/8
f 134/22 143/30 142/18
f 142/2196 158/2194 110/2191
f 109/8 142/18 110/12
f 142/18 109/8 134/22
f 143/30 161/41 142/18
f 134/22 137/17 136/29
f 136/29 135/38 134/22
f 133/2573 156/2574 132/2575
f 168/819 132/822 156/821
f 133/82 132/117 5/104
f 150/95 8/123 111/110
f 148/39 136/29 137/17
f 15/1163 16/1168 9/1165
f 111/110 130/77 150/95
f 123/1950 57/1947 144/1949
f 130/1983 111/1984 123/1985
f 36/1776 124/1773 129/1775
f 36/1776 65/1782 66/1781
f 140/2192 139/2189 110/2191
f 130/77 61/86 127/62
f 109/8 145/4 742/11
f 124/1773 36/1776 123/1779
f 65/875 36/869 56/873
f 111/1777 124/1773 123/1779
f 123/1779 36/1776 66/1781
f 57/1947 123/1950 66/1951
f 43/1818 69/1814 131/1819
f 77/1357 42/1354 67/1356
f 128/68 127/62 41/78
f 130/1983 123/1985 144/1986
f 111/1777 9/1780 16/1774
f 141/1 126/6 109/8
f 110/12 141/1 109/8
f 955/1233 99/1232 949/1229
f 99/758 956/769 958/766
f 99/758 98/761 106/754
f 104/1530 177/1533 103/1537
f 119/641 121/651 120/648
f 113/643 226/640 101/635
f 16/1774 14/1778 129/1775
f 114/639 116/633 102/636
f 88/1310 87/1306 86/1309
f 85/844 1206/845 86/846
f 107/1290 84/1287 943/1289
f 80/469 105/468 82/471
f 82/471 79/473 80/469
f 174/2166 82/2167 105/2168
f 90/2650 78/2651 177/2652
f 89/1307 87/1306 88/1310
f 83/1281 97/1282 96/1285
f 93/1830 191/1833 74/1831
f 91/1539 46/1541 50/1536
f 44/1531 78/1535 90/1527
f 188/528 94/526 62/523
f 75/1362 97/1369 71/1363
f 73/1825 93/1830 74/1831
f 95/1359 72/1358 71/1363
f 48/516 63/520 62/523
f 62/523 68/521 48/516
f 57/1947 66/1951 65/1952
f 125/519 63/520 64/517
f 48/516 64/517 63/520
f 127/62 61/86 41/78
f 60/513 64/517 48/516
f 56/873 57/876 65/875
f 36/869 58/867 59/870
f 990/864 58/867 14/865
f 57/876 56/873 59/870
f 69/1814 42/1816 77/1817
f 45/522 68/521 94/526
f 62/523 94/526 68/521
f 48/516 68/521 49/518
f 50/1536 47/1529 108/1532
f 48/516 621/510 60/513
f 108/1532 91/1539 50/1536
f 50/1536 46/1541 45/1534
f 46/515 49/518 45/522
f 44/1531 47/1529 45/1534
f 45/1534 203/1538 44/1531
f 69/1814 43/1818 41/1815
f 57/1947 997/1946 144/1949
f 37/1765 995/1771 786/1769
f 61/86 42/97 41/78
f 29/162 28/180 30/163
f 25/1624 24/1619 26/1622
f 21/130 20/139 150/95
f 55/150 30/163 54/156
f 51/140 55/150 21/130
f 52/2251 53/2252 51/2253
f 51/140 21/130 52/122
f 235/1621 27/1612 23/1618
f 245/1169 20/1166 21/1170
f 18/1161 19/1164 138/1157
f 27/1612 26/1622 24/1619
f 20/1166 19/1164 18/1161
f 18/132 150/95 20/139
f 18/132 8/123 150/95
f 15/1163 9/1165 17/1158
f 11/1601 22/1604 13/1599
f 17/1158 8/1162 39/1159
f 9/1165 8/1162 17/1158
f 11/1601 13/1599 10/1598
f 14/1600 15/1597 13/1599
f 13/1599 22/1604 35/1605
f 12/1602 13/1599 35/1605
f 35/1605 236/1608 785/1609
f 236/1608 991/1610 785/1609
f 16/2653 15/2654 14/2655
f 58/867 36/869 14/865
f 13/1599 12/1602 14/1600
f 785/360 34/335 33/350
f 30/163 55/150 29/162
f 132/2445 7/2446 5/2447
f 1426/125 6/90 1437/114
f 1438/102 4/81 1439/113
f 4/81 133/82 5/104
f 5/826 7/824 1436/825
f 1440/828 5/826 1441/827
f 1442/810 2/807 1443/808
f 1422/815 3/812 1442/810
f 132/822 168/819 1423/820
f 2/807 1/806 1415/805
f 944/880 943/882 96/877
f 956/769 173/773 958/766
f 956/769 172/775 173/773
f 96/1373 97/1369 942/1368
f 120/855 961/852 118/858
f 203/2111 966/2106 940/2109
f 397/763 308/768 364/760
f 308/768 397/763 429/770
f 173/618 737/605 429/614
f 209/690 208/689 783/693
f 173/773 429/770 958/766
f 84/1287 83/1281 96/1285
f 300/847 1206/845 85/844
f 413/595 501/596 758/589
f 226/640 210/645 102/636
f 113/692 208/689 117/691
f 230/694 117/691 209/690
f 944/2105 940/2109 966/2106
f 996/190 969/157 788/203
f 47/1529 50/1536 45/1534
f 953/854 511/857 961/852
f 979/704 982/700 113/692
f 966/2106 942/2107 937/2104
f 952/1235 956/1234 955/1233
f 99/758 397/763 98/761
f 107/1290 175/1291 84/1287
f 948/1231 950/1230 99/1232
f 942/2585 74/2586 96/2587
f 74/2110 942/2107 966/2106
f 35/369 785/360 33/350
f 991/1610 236/1608 40/1607
f 934/319 994/334 936/349
f 994/334 991/359 936/349
f 232/382 31/370 32/243
f 40/1607 936/1611 991/1610
f 983/124 938/152 985/142
f 979/638 113/643 101/635
f 977/637 978/634 116/633
f 115/696 982/700 980/705
f 115/696 980/705 981/706
f 118/858 961/852 511/857
f 89/1307 951/1311 953/1308
f 96/877 945/879 944/880
f 961/852 85/844 953/854
f 959/642 960/649 965/652
f 952/776 172/775 956/769
f 949/193 954/220 957/232
f 959/642 977/637 118/646
f 89/1307 88/1310 951/1311
f 955/249 957/232 954/220
f 203/2111 74/2110 966/2106
f 96/1285 943/1289 84/1287
f 937/158 938/152 107/167
f 945/879 223/881 190/885
f 389/60 733/55 155/65
f 344/1592 294/1589 327/1587
f 292/660 243/656 309/659
f 761/2487 748/2485 767/2484
f 747/909 750/914 734/911
f 346/1142 329/1144 345/1146
f 509/2342 501/2341 412/2338
f 417/1501 419/1495 420/1498
f 347/1454 417/1458 418/1455
f 749/904 779/906 775/902
f 509/2342 412/2338 747/2340
f 318/1237 324/1242 457/1240
f 692/980 698/983 694/987
f 463/2069 448/2065 450/2070
f 558/1005 80/1007 100/1009
f 92/1674 45/1673 188/1672
f 220/887 70/884 213/889
f 309/1909 225/1904 242/1907
f 282/2155 288/2156 271/2152
f 303/1045 320/1043 323/1039
f 291/669 295/673 297/676
f 295/673 296/679 297/676
f 415/1989 358/1990 339/1987
f 368/1568 362/1564 361/1567
f 437/2003 357/2006 355/2004
f 393/1931 285/1929 392/1928
f 241/850 304/856 301/851
f 426/1548 487/1551 490/1553
f 782/607 354/609 427/599
f 425/1557 428/1555 472/1556
f 426/1548 428/1555 425/1557
f 750/914 499/919 506/918
f 493/1716 346/1718 496/1713
f 352/1721 722/1724 692/1723
f 350/2232 345/2231 429/2233
f 153/2320 135/2319 382/2318
f 374/1973 731/1974 381/1971
f 740/1345 565/1340 567/1343
f 770/900 567/899 574/898
f 740/1345 741/1351 768/1350
f 567/1343 775/1348 740/1345
f 770/900 775/902 567/899
f 574/898 772/901 770/900
f 772/901 748/903 770/900
f 775/902 770/900 749/904
f 772/901 514/905 748/903
f 763/2489 748/2485 761/2487
f 510/908 759/912 757/913
f 492/1714 503/1715 494/1712
f 468/622 500/619 411/615
f 411/1898 469/1895 468/1900
f 410/2402 425/2398 405/2401
f 495/1719 496/1713 346/1718
f 737/605 736/606 738/601
f 86/611 736/606 737/605
f 99/758 958/766 397/763
f 746/2539 744/2540 745/2538
f 745/2538 744/2540 753/2541
f 734/2372 933/2373 1208/2370
f 752/588 513/584 756/590
f 756/1942 514/1941 773/1938
f 723/610 429/614 737/605
f 737/605 738/601 753/597
f 696/1013 724/1014 721/1016
f 775/1348 734/1349 740/1345
f 737/605 173/618 86/611
f 734/1349 741/1351 740/1345
f 329/1144 353/1147 301/1150
f 702/2050 714/2055 713/2053
f 729/1762 178/1763 181/1757
f 171/995 81/1001 178/1003
f 720/996 171/995 729/1002
f 170/74 165/83 169/66
f 429/770 345/774 308/768
f 730/1000 720/996 729/1002
f 729/1762 181/1757 730/1759
f 728/1756 730/1759 181/1757
f 728/1756 719/1761 730/1759
f 721/998 724/999 691/990
f 100/994 691/990 724/999
f 730/1000 711/997 715/989
f 81/1001 171/995 100/994
f 715/989 720/996 730/1000
f 715/989 716/992 709/985
f 518/2309 366/2314 709/2315
f 362/1564 365/1566 361/1567
f 709/985 710/981 715/989
f 693/2612 720/2609 710/2611
f 711/2334 704/2332 716/2331
f 716/2312 700/2306 518/2309
f 714/1060 704/1059 711/1063
f 366/1565 365/1566 362/1564
f 692/1723 695/1720 352/1721
f 692/980 722/993 691/990
f 444/1149 353/1147 434/1145
f 507/625 504/626 500/619
f 418/2647 420/2648 421/2649
f 426/1548 416/1546 465/1542
f 475/2438 469/2440 462/2435
f 335/1049 466/1052 460/1051
f 460/1051 453/1047 335/1049
f 460/1051 781/1053 453/1047
f 300/847 301/851 353/853
f 408/1896 407/1891 411/1898
f 407/1891 408/1896 467/1894
f 416/1546 444/1543 465/1542
f 348/1504 423/1503 417/1501
f 451/713 462/716 334/709
f 349/2063 448/2065 335/2066
f 446/674 481/681 326/675
f 326/675 481/681 456/682
f 329/1144 311/1148 345/1146
f 434/1254 445/1247 444/1252
f 445/1140 329/1144 346/1142
f 327/1587 435/1591 376/1595
f 327/1587 376/1595 344/1592
f 423/1503 376/1502 419/1495
f 360/1979 368/1982 361/1981
f 347/1454 492/1453 422/1457
f 359/1995 423/1997 358/1990
f 417/1458 420/1464 418/1455
f 782/607 427/599 351/598
f 412/2338 501/2341 406/2339
f 405/2401 425/2398 454/2400
f 411/1898 405/1901 408/1896
f 413/595 410/603 409/608
f 373/1975 360/1979 372/1972
f 375/1182 386/1192 403/1188
f 385/75 389/60 390/73
f 387/103 398/118 402/91
f 83/1281 313/1283 222/1278
f 389/60 385/75 384/67
f 360/1979 371/1976 372/1972
f 360/1184 373/1185 375/1182
f 314/1411 312/1409 315/1408
f 364/760 294/772 344/771
f 343/1414 363/1412 369/1415
f 342/1872 344/1873 376/1874
f 364/760 344/771 341/767
f 363/1412 343/1414 325/1410
f 361/1981 371/1976 360/1979
f 365/2311 366/2314 518/2309
f 351/598 736/606 86/611
f 782/607 351/598 86/611
f 300/2326 425/2327 354/2328
f 345/2231 350/2232 495/2229
f 301/1150 311/1148 329/1144
f 86/846 1206/845 782/848
f 303/658 302/661 349/663
f 331/699 332/707 302/708
f 291/860 304/856 240/859
f 211/1906 242/1907 225/1904
f 336/702 331/699 209/690
f 332/707 331/699 336/702
f 784/1042 303/1045 323/1039
f 299/1038 784/1042 323/1039
f 242/1041 784/1042 299/1038
f 242/1907 305/1911 309/1909
f 320/1043 321/1040 323/1039
f 321/1040 298/1037 323/1039
f 316/670 326/675 295/673
f 229/2254 290/2258 291/2255
f 305/1044 242/1041 298/1037
f 241/850 240/859 304/856
f 297/2013 311/2010 291/2012
f 301/1150 304/1152 311/1148
f 85/844 310/849 300/847
f 301/851 310/849 241/850
f 238/1284 313/1283 83/1281
f 370/762 239/759 221/757
f 310/849 301/851 300/847
f 234/653 302/661 303/658
f 784/655 234/653 303/658
f 243/656 225/654 309/659
f 122/1908 116/1910 114/1905
f 284/1912 269/1916 288/1913
f 248/170 29/162 53/129
f 253/131 260/149 53/129
f 235/1621 259/1623 246/1626
f 229/2254 240/2256 120/2257
f 783/693 233/698 115/696
f 122/686 119/687 116/688
f 119/641 977/637 116/633
f 106/754 98/761 364/760
f 114/1905 225/1904 122/1908
f 229/2254 120/2257 121/2259
f 331/699 230/694 209/690
f 120/855 240/859 241/850
f 242/650 211/644 210/645
f 86/1309 87/1306 85/1305
f 379/1101 213/1102 222/1099
f 241/850 310/849 85/844
f 364/760 98/761 397/763
f 214/1821 131/1819 77/1817
f 192/1675 202/1676 193/1678
f 183/888 780/894 182/891
f 103/886 945/879 190/885
f 190/885 183/888 103/886
f 179/1758 181/1757 82/1760
f 178/476 79/473 82/471
f 99/758 106/754 948/756
f 79/473 81/477 80/469
f 189/1074 179/1078 176/1077
f 104/895 182/891 176/896
f 103/886 183/888 182/891
f 180/2247 608/2241 176/2244
f 181/1757 179/1758 189/1755
f 136/29 151/37 154/47
f 43/1818 128/1820 41/1815
f 955/249 512/247 951/285
f 982/700 115/696 113/692
f 203/1829 45/1826 73/1825
f 112/647 226/640 113/643
f 211/644 114/639 102/636
f 113/692 115/696 208/689
f 103/1537 177/1533 940/1540
f 47/1529 44/1531 90/1527
f 97/1369 70/1370 71/1363
f 72/1358 75/1362 71/1363
f 620/2601 76/2603 48/2604
f 49/518 46/515 48/516
f 8/123 9/133 111/110
f 27/1612 40/1615 23/1618
f 259/1167 138/1157 19/1164
f 12/862 990/864 14/865
f 32/2525 996/2522 232/2521
f 120/855 241/850 961/852
f 782/848 1206/845 300/847
f 86/1309 173/1312 88/1310
f 85/844 961/852 241/850
f 89/1307 953/1308 85/1305
f 97/1369 75/1362 942/1368
f 397/763 958/766 429/770
f 173/1312 172/1314 88/1310
f 224/1366 215/1361 71/1363
f 367/1563 366/1565 362/1564
f 118/646 977/637 119/641
f 1061/2293 887/2294 1072/2295
f 1064/294 1074/274 1063/255
f 926/378 919/389 925/342
f 872/2472 1179/2473 1171/2474
f 1030/2675 1029/2676 1028/2677
f 32/2567 993/2568 1034/2569
f 1042/1513 1009/1514 1008/1515
f 1091/1961 1007/1962 1006/1963
f 1022/2169 1015/2170 1031/2171
f 996/190 1247/204 1037/181
f 1247/204 1020/216 1018/228
f 1020/2087 1019/2088 1018/2089
f 1002/2172 1031/2171 1013/2173
f 1020/2223 1013/2224 1102/2225
f 1107/829 1118/830 1108/831
f 1042/338 1080/353 1251/324
f 1007/2592 1005/2593 1006/2594
f 1015/2127 1016/2128 1013/2129
f 1037/181 1040/189 970/173
f 1026/246 1035/308 1246/283
f 1243/344 1036/343 1035/308
f 1035/308 1026/246 1221/284
f 1238/390 919/389 926/378
f 1014/2636 1023/2637 1017/2638
f 918/325 1024/354 1216/339
f 1024/2033 918/2034 917/2035
f 1239/365 1217/340 1216/339
f 1006/227 32/243 1034/260
f 1105/278 1106/299 1006/227
f 1020/216 1247/204 996/190
f 1096/258 923/240 1005/261
f 1092/187 1098/211 998/199
f 935/348 1089/321 934/319
f 1097/1737 1090/1738 1207/1739
f 921/2157 1100/2158 922/2159
f 1098/1173 1092/1174 1004/1175
f 1098/211 1207/225 998/199
f 993/320 34/335 992/298
f 1105/278 1089/321 1106/299
f 998/199 1114/172 1092/187
f 1033/280 1248/302 1001/262
f 1002/279 1011/301 1010/323
f 1010/323 1011/301 1255/322
f 1001/262 1255/322 1011/301
f 1005/261 923/240 924/244
f 924/244 1006/227 1005/261
f 1248/302 1033/280 1010/323
f 1001/262 1248/302 1255/322
f 1020/216 1001/262 1002/279
f 1006/227 1020/216 996/190
f 1001/262 1011/301 1002/279
f 1013/300 1020/216 1002/279
f 1041/229 1245/217 1247/204
f 1016/2128 1015/2127 1022/2130
f 1250/336 1227/306 1002/279
f 1103/2228 1102/2225 1012/2227
f 1247/1846 1104/1847 1041/1848
f 1102/2225 1013/2224 1012/2227
f 1000/2639 1014/2636 1017/2638
f 1018/2119 1012/2120 1017/2121
f 1018/2119 1101/2122 1247/2124
f 1019/2088 1103/2090 1018/2089
f 1103/2090 1012/2091 1018/2089
f 1019/2226 1020/2223 1102/2225
f 1250/336 1002/279 1010/323
f 1013/2173 1031/2171 1015/2170
f 1019/2226 1102/2225 1103/2228
f 1002/2172 1021/2174 1022/2169
f 1002/2172 1022/2169 1031/2171
f 1022/2130 1021/2131 1016/2128
f 1086/351 1087/361 1250/336
f 1086/351 1250/336 1010/323
f 1249/374 1252/371 1086/351
f 1086/351 1254/352 1078/337
f 1249/374 1086/351 1078/337
f 1001/262 924/244 1033/280
f 1087/361 1253/372 1250/336
f 1010/323 1254/352 1086/351
f 1253/372 1087/361 1252/371
f 1249/374 669/385 1252/371
f 1058/368 672/393 1076/363
f 1076/363 1078/337 1060/330
f 1065/238 1074/274 1075/275
f 1060/330 1251/324 1073/347
f 856/1441 859/1442 1124/1443
f 1064/294 1060/330 858/317
f 857/386 1073/347 1075/275
f 1027/1518 1067/1516 1008/1515
f 1098/211 929/259 923/240
f 929/259 922/318 1032/296
f 1099/2448 1116/2449 1209/2450
f 857/841 914/836 1073/843
f 1033/280 1032/296 1251/324
f 1032/296 924/244 929/259
f 922/318 1009/331 1032/296
f 929/259 924/244 923/240
f 1009/331 1042/338 1032/296
f 1032/296 1042/338 1251/324
f 922/1517 1100/1520 1008/1515
f 1009/1514 922/1517 1008/1515
f 1073/347 1251/324 1080/353
f 1060/330 1078/337 1251/324
f 1033/280 1251/324 1078/337
f 1254/352 1010/323 1078/337
f 1010/323 1033/280 1078/337
f 1253/372 668/362 1250/336
f 1006/227 924/244 1020/216
f 1010/323 1255/322 1248/302
f 1020/216 924/244 1001/262
f 1207/225 1098/211 923/240
f 996/190 32/243 1006/227
f 1021/326 1002/279 1227/306
f 1013/300 999/277 1017/297
f 1227/306 1250/336 668/362
f 668/362 1204/373 1227/306
f 1037/181 1247/204 1245/217
f 1227/306 999/277 1021/326
f 999/277 1013/300 1016/333
f 1000/242 1017/297 999/277
f 1245/217 1041/229 1000/242
f 999/277 1016/333 1021/326
f 1037/181 1245/217 1225/213
f 1225/213 1038/201 1037/181
f 1000/242 1225/213 1245/217
f 1040/189 1037/181 1038/201
f 970/173 969/157 1037/181
f 969/157 996/190 1037/181
f 1026/246 1246/283 973/251
f 975/287 973/251 1244/309
f 1246/283 1244/309 973/251
f 1218/263 1224/281 1213/304
f 1211/265 1218/263 1214/305
f 1035/308 1244/309 1246/283
f 1036/343 1243/344 1217/340
f 1217/340 1215/303 1216/339
f 1214/305 1215/303 1217/340
f 1229/2098 1228/2099 1024/2100
f 1084/1627 1238/1628 928/1629
f 1227/306 1084/355 927/341
f 1241/376 680/387 1239/365
f 680/387 686/401 1239/365
f 1241/376 1239/365 1216/339
f 1242/377 1239/365 1240/388
f 1239/365 1242/377 1217/340
f 1240/388 1239/365 686/401
f 681/392 1241/376 1233/367
f 1216/339 1233/367 1241/376
f 664/391 1231/379 925/342
f 1233/367 1234/356 925/342
f 1238/1628 1084/1627 1083/1631
f 1227/2417 1204/2418 1082/2419
f 671/383 1204/373 668/362
f 664/1744 919/1745 920/1746
f 1081/1749 1205/1750 671/1751
f 1238/1628 1083/1631 920/1633
f 926/378 1236/366 1238/390
f 920/1746 1081/1747 664/1744
f 920/1633 919/1635 1238/1628
f 1205/1750 1082/1753 1204/1754
f 671/1751 1205/1750 1204/1754
f 1084/2420 1227/2417 1082/2419
f 1238/1628 1236/1632 928/1629
f 925/342 1236/366 926/378
f 1237/327 925/342 1226/264
f 1227/306 1237/327 1226/264
f 927/341 925/342 1237/327
f 1237/327 1227/306 927/341
f 928/1629 1236/1632 927/1630
f 1236/366 925/342 927/341
f 925/342 1234/356 1226/264
f 1234/356 1232/380 1025/364
f 1216/339 1025/364 1233/367
f 1024/354 1025/364 1216/339
f 1232/380 1234/356 1233/367
f 1231/379 1233/367 925/342
f 1233/367 1025/364 1232/380
f 1226/264 1234/356 1025/364
f 1025/364 1024/354 1226/264
f 1024/1999 1228/2000 1226/2001
f 1230/2036 1024/2033 917/2035
f 1230/2036 917/2035 1235/2038
f 1235/2103 1229/2098 1230/2101
f 1024/2100 1230/2101 1229/2098
f 1222/245 1229/282 1235/307
f 1222/2037 1235/2038 917/2035
f 917/2035 918/2034 1222/2037
f 1222/245 1224/281 1218/263
f 1223/230 1226/264 1222/245
f 1226/264 1229/282 1222/245
f 1226/2102 1228/2099 1229/2098
f 999/277 1227/306 1226/264
f 1223/230 999/277 1226/264
f 999/277 1223/230 1000/242
f 1225/213 1000/242 1223/230
f 1225/213 1223/230 1039/214
f 1040/189 1038/201 1225/213
f 1039/214 1219/202 1040/189
f 1225/213 1039/214 1040/189
f 1219/202 970/173 1040/189
f 967/192 1039/214 1223/230
f 1223/230 1212/218 967/192
f 970/173 1219/202 967/192
f 1219/202 1039/214 967/192
f 963/219 1212/218 1026/246
f 964/191 1212/218 963/219
f 967/192 1212/218 964/191
f 1218/263 1211/265 1212/218
f 1222/245 1218/263 1212/218
f 1212/218 1223/230 1222/245
f 1026/246 1211/265 1221/284
f 1211/265 1214/305 1210/310
f 1211/265 1210/310 1221/284
f 1222/245 918/325 1215/303
f 1216/339 1215/303 918/325
f 1224/281 1222/245 1215/303
f 1214/305 1218/263 1213/304
f 1213/304 1224/281 1215/303
f 1215/303 1214/305 1213/304
f 1243/344 1210/310 1217/340
f 1217/340 1210/310 1214/305
f 1211/265 1026/246 1212/218
f 1221/284 1210/310 1035/308
f 1036/2030 1220/2031 1244/2032
f 1035/308 1036/343 1244/309
f 1217/340 1242/377 1036/343
f 964/191 968/182 967/192
f 968/182 970/173 967/192
f 1182/2017 1181/2018 1444/2019
f 1072/2295 913/2297 1121/2298
f 916/1198 1109/1199 915/1200
f 909/719 845/720 846/721
f 1017/297 1012/332 1013/300
f 1138/1851 1149/1852 1122/1853
f 900/2666 1170/2667 1175/2668
f 1132/922 853/923 848/924
f 1073/347 858/317 1060/330
f 1080/353 1075/275 1073/347
f 911/926 853/923 1132/922
f 904/1021 1154/1022 903/1023
f 267/222 1126/235 1123/208
f 858/317 1074/274 1064/294
f 1117/200 1071/198 1069/210
f 1065/238 1063/255 1074/274
f 1066/1522 1067/1516 1027/1518
f 1125/2563 1112/2564 263/2565
f 670/397 667/384 1253/372
f 1096/258 1207/225 923/240
f 1004/1175 1092/1174 1209/1177
f 1004/2452 1209/2450 1116/2449
f 1003/1521 1008/1515 1100/1520
f 929/2160 1094/2162 921/2157
f 1114/172 54/156 1093/171
f 1125/177 264/155 270/169
f 1070/239 1003/276 1099/241
f 890/2454 885/2455 884/2456
f 1120/1953 1122/1954 1119/1955
f 1051/2276 1050/2277 1448/2278
f 872/1390 1169/1391 879/1392
f 911/1656 912/1657 910/1658
f 884/253 851/271 1049/237
f 886/1668 889/1665 888/1660
f 845/720 909/719 1047/722
f 1149/2410 1138/2411 1137/2412
f 1154/1022 1150/1026 903/1023
f 1023/2123 1014/2125 1101/2122
f 1157/1255 1153/1256 1162/1257
f 872/1390 879/1392 880/1393
f 900/743 863/740 1160/748
f 1150/1026 892/1029 903/1023
f 1173/1395 879/1392 1169/1391
f 1185/2672 1184/2673 1174/2674
f 1171/1394 1169/1391 872/1390
f 1163/1685 901/1686 1147/1687
f 1140/1690 1139/1691 1147/1687
f 1179/2473 1172/2476 1171/2474
f 893/1858 1183/1859 1168/1860
f 1132/1661 1127/1659 911/1656
f 870/1696 1187/1697 1456/1698
f 1455/2363 871/2364 1458/2365
f 880/1393 881/1396 1460/1399
f 871/1398 897/1406 1454/1405
f 871/2364 870/2369 1457/2368
f 1464/2555 877/2556 1465/2557
f 1444/2019 1186/2022 1468/2024
f 1469/2025 1181/2018 1470/2027
f 1181/1116 875/1117 1471/1118
f 1187/1697 1180/1702 1450/1703
f 1183/1705 1178/1704 1167/1707
f 1180/1702 1178/1704 1183/1705
f 1183/2029 893/2028 1180/2023
f 874/2021 1182/2017 1180/2023
f 1176/2026 1180/2023 893/2028
f 862/1863 867/1868 1176/1865
f 1176/1129 867/1124 874/1123
f 874/2021 1181/2018 1182/2017
f 1180/2023 1182/2017 1445/2020
f 1181/1116 874/1123 876/1120
f 871/1398 879/1392 1173/1395
f 1177/1700 1178/1704 1180/1702
f 1180/2023 1176/2026 874/2021
f 1169/2197 1165/2198 1166/2199
f 1167/1707 1178/1704 1185/1709
f 1167/1707 1185/1709 1166/1710
f 1187/1697 870/1696 1177/1700
f 1185/2478 871/2479 1184/2480
f 1174/1400 1173/1395 1166/1397
f 1185/2478 1178/2481 871/2479
f 1173/1395 1174/1400 871/1398
f 1178/2481 1177/2482 871/2479
f 1146/1265 1161/1261 1144/1264
f 872/947 1130/941 873/948
f 1179/2473 864/2477 1172/2476
f 872/2472 873/2475 1179/2473
f 895/2380 1172/2381 864/2382
f 1162/1257 1161/1261 1164/1258
f 869/2201 1166/2199 1165/2198
f 1185/1709 1174/1711 1166/1710
f 1170/2202 1158/2204 1165/2198
f 1171/2384 1172/2381 895/2380
f 1170/2202 896/2200 1175/2205
f 1170/2202 1165/2198 896/2200
f 866/733 863/740 1148/737
f 1148/737 900/743 1175/747
f 1175/747 896/744 1148/737
f 1148/737 896/744 889/738
f 1150/1688 1163/1685 1147/1687
f 1152/1030 1107/1024 1151/1027
f 1150/1688 1147/1687 1139/1691
f 1164/1258 1161/1261 901/1263
f 1152/1030 916/1032 1107/1024
f 1157/1693 1164/1689 1163/1685
f 1166/1866 894/1861 1167/1862
f 1160/748 1158/751 1170/749
f 1159/2542 862/2543 868/2544
f 1171/2203 896/2200 1169/2197
f 1165/2198 1169/2197 896/2200
f 1167/1862 894/1861 1168/1860
f 1183/1859 1167/1862 1168/1860
f 869/1867 894/1861 1166/1866
f 1158/2204 869/2201 1165/2198
f 1170/749 900/743 1160/748
f 862/1863 894/1861 868/1864
f 863/740 862/746 1160/748
f 862/746 1159/750 1160/748
f 1158/751 1160/748 1159/750
f 1164/1258 1157/1255 1162/1257
f 1176/1865 893/1858 862/1863
f 1157/1255 1155/1259 1153/1256
f 1155/1028 1154/1022 1153/1025
f 1153/1256 904/1260 1162/1257
f 1154/1022 904/1021 1153/1025
f 1150/1026 1154/1022 1155/1028
f 1155/1692 1163/1685 1150/1688
f 1107/829 1145/832 904/835
f 1162/1257 1156/1262 1161/1261
f 904/1260 1156/1262 1162/1257
f 904/835 1145/832 1156/839
f 1108/831 1030/838 1144/834
f 866/1126 878/1127 875/1117
f 1181/1116 876/1120 875/1117
f 875/1117 876/1120 867/1124
f 1138/2411 885/2414 1137/2412
f 903/1023 1107/1024 904/1021
f 1046/1205 902/1208 1110/1203
f 1141/1266 1124/1268 901/1263
f 1145/832 1107/829 1108/831
f 1144/834 1145/832 1108/831
f 1144/1264 1030/1272 1028/1269
f 1108/1450 1028/1446 1029/1451
f 1028/1446 1134/1444 1143/1448
f 1143/2549 1142/2550 1028/2551
f 1046/1034 1152/1030 892/1029
f 903/1023 892/1029 1151/1027
f 1046/1205 1109/1199 1152/1202
f 1151/1027 892/1029 1152/1030
f 1150/1026 1139/1031 892/1029
f 901/1686 1140/1690 1147/1687
f 1163/1685 1164/1689 901/1686
f 1156/1262 1144/1264 1161/1261
f 1144/1264 1142/1267 1146/1265
f 1156/839 1145/832 1144/834
f 1029/1275 1030/1276 1134/1273
f 1030/1276 1108/1277 1134/1273
f 1142/2550 1143/2549 1029/2552
f 1134/1273 1142/1274 1029/1275
f 1108/2553 1029/2552 1143/2549
f 1146/1265 1142/1267 1141/1266
f 891/1694 1139/1691 1140/1690
f 891/1033 892/1029 1139/1031
f 902/1695 891/1694 1140/1690
f 1179/950 873/948 865/949
f 1124/1443 1134/1444 856/1441
f 1133/731 889/738 886/734
f 864/1669 865/1663 889/1665
f 1124/1268 1141/1266 1134/1270
f 1141/1266 901/1263 1146/1265
f 1148/737 889/738 1133/731
f 1161/1261 1146/1265 901/1263
f 865/949 864/951 1179/950
f 1133/731 906/725 905/727
f 1131/936 1129/933 910/929
f 1135/2413 1149/2410 1137/2412
f 1136/2415 1135/2413 1137/2412
f 866/733 1133/731 905/727
f 888/1660 910/1658 912/1657
f 905/727 845/720 882/724
f 888/1660 908/1664 886/1668
f 1141/1266 1142/1267 1134/1270
f 1149/1852 1135/1855 1122/1853
f 1123/208 270/169 267/222
f 890/2416 1136/2415 1137/2412
f 1136/1959 890/1958 907/1956
f 1137/2412 885/2414 890/2416
f 885/1857 1138/1851 1123/1854
f 1123/1854 1138/1851 1122/1853
f 1048/252 266/221 1475/234
f 1123/2458 1126/2457 885/2455
f 1126/2457 884/2456 885/2455
f 267/222 266/221 1048/252
f 1135/1957 1136/1959 907/1956
f 887/728 906/725 1133/731
f 1056/2386 1128/2387 1132/2388
f 887/1667 886/1668 908/1664
f 913/2392 1128/2387 1121/2389
f 1119/1955 907/1956 890/1958
f 1480/732 882/724 1481/735
f 878/1127 899/1131 1486/1132
f 1465/2393 878/2394 1488/2395
f 872/947 880/943 1130/941
f 1131/936 1130/941 850/937
f 865/1663 1131/1666 910/1658
f 865/1663 1130/1670 1131/1666
f 910/929 1129/933 844/930
f 1050/2277 851/2283 1479/2284
f 884/1960 1119/1955 890/1958
f 913/2392 1127/2390 1128/2387
f 884/253 1126/235 267/222
f 913/1662 887/1667 908/1664
f 1120/197 270/169 1123/208
f 1122/1853 1120/1856 1123/1854
f 907/1956 1119/1955 1122/1954
f 267/222 270/169 284/236
f 264/155 1125/177 263/178
f 1079/186 1125/177 270/169
f 270/169 1120/197 1079/186
f 1119/209 1079/186 1120/197
f 1053/223 1049/237 1051/254
f 848/924 849/928 1056/925
f 1063/255 1053/223 909/273
f 1132/2388 1128/2387 1127/2390
f 1072/2295 887/2294 913/2297
f 849/430 1055/442 1446/439
f 1049/237 1053/223 1119/209
f 1049/237 1119/209 884/253
f 1121/2389 1128/2387 1056/2386
f 859/1206 1110/1203 1124/1209
f 1053/223 1079/186 1119/209
f 1028/1446 860/1449 856/1441
f 1109/1199 1110/1203 915/1200
f 1073/1204 914/1201 915/1200
f 1068/224 1069/210 1079/186
f 855/257 1003/276 1070/239
f 1071/2595 1112/2596 1125/2597
f 1070/239 1068/224 855/257
f 1069/210 1070/239 1117/200
f 28/180 1111/188 1093/171
f 1117/200 1115/226 1113/212
f 1099/241 1113/212 1115/226
f 1003/2451 1116/2449 1099/2448
f 1117/200 1070/239 1115/226
f 1066/1522 1075/1523 1067/1516
f 1085/840 861/833 914/836
f 1004/2452 1003/2451 1100/2453
f 861/833 1118/830 914/836
f 1099/241 1115/226 1070/239
f 28/180 1093/171 30/163
f 1113/212 1093/171 1117/200
f 263/178 28/180 248/170
f 1071/2566 263/2565 1112/2564
f 1117/200 1111/188 1071/198
f 1109/1199 916/1198 1152/1202
f 1071/198 1111/188 263/178
f 1109/1199 1046/1205 1110/1203
f 1118/830 861/833 1108/831
f 998/1613 1095/1616 1114/1620
f 998/1741 1207/1739 1090/1738
f 1091/1961 1106/1964 1089/1966
f 1095/1616 998/1613 27/1612
f 1092/187 1114/172 1093/171
f 998/1970 1088/1968 935/1969
f 1088/1968 998/1970 1090/1967
f 1207/1739 1096/1740 1097/1737
f 1027/1518 1008/1515 1003/1521
f 1113/1180 1099/1179 1092/1174
f 1004/2161 1100/2158 921/2157
f 1095/1616 27/1612 24/1619
f 24/164 54/156 1114/172
f 1114/1620 1095/1616 24/1619
f 1094/1176 1098/1173 1004/1175
f 1092/1174 1099/1179 1209/1177
f 1004/2452 1116/2449 1003/2451
f 1093/1181 1113/1180 1092/1174
f 1097/1965 1091/1961 1090/1967
f 1007/1962 1091/1961 1097/1965
f 1090/1967 1091/1961 1088/1968
f 1089/1966 1088/1968 1091/1961
f 1005/1742 1007/1743 1097/1737
f 1097/1737 1096/1740 1005/1742
f 934/319 1089/321 1105/278
f 1105/278 992/298 934/319
f 1105/278 1034/260 992/298
f 992/298 1034/260 993/320
f 1101/2122 1104/2126 1247/2124
f 1104/1847 1014/1849 1041/1848
f 1104/2126 1101/2122 1014/2125
f 1014/1849 1000/1850 1041/1848
f 1101/2122 1018/2119 1017/2121
f 1083/1631 1084/1627 1082/1634
f 671/1751 664/1752 1081/1749
f 920/1633 1083/1631 1081/1636
f 1083/1631 1082/1634 1081/1636
f 1249/374 1078/337 1076/363
f 1086/351 1252/371 1087/361
f 669/385 1249/374 1076/363
f 672/393 669/385 1076/363
f 1077/375 1076/363 1060/330
f 1059/346 1060/330 1061/316
f 1058/368 1077/375 1060/330
f 1072/2295 1121/2298 1059/2296
f 1068/224 1065/238 854/256
f 1067/1516 1042/1513 1008/1515
f 1080/1519 1067/1516 1075/1523
f 854/1525 1066/1522 1027/1518
f 1068/224 854/256 855/257
f 1074/2441 857/2442 1075/2443
f 854/256 1065/238 1075/275
f 1071/198 1079/186 1069/210
f 1125/177 1079/186 1071/198
f 1079/186 1065/238 1068/224
f 1068/224 1070/239 1069/210
f 1042/1513 1067/1516 1080/1519
f 1076/363 1077/375 1058/368
f 854/256 1075/275 1066/295
f 858/1447 859/1442 857/1445
f 1060/330 1064/294 1061/316
f 1110/1203 859/1206 915/1200
f 915/1200 858/1207 1073/1204
f 1079/186 1053/223 1065/238
f 1056/2386 1059/2391 1121/2389
f 1063/255 1062/314 1061/316
f 1054/394 1056/358 1494/404
f 847/723 887/728 1061/729
f 1056/925 1132/922 848/924
f 1063/255 1065/238 1053/223
f 909/273 846/293 1063/255
f 1063/255 846/293 1062/314
f 1060/330 1059/346 1056/358
f 1060/330 1056/358 1058/368
f 1058/368 1057/381 672/393
f 1057/381 1056/358 1054/394
f 1057/381 1054/394 672/393
f 1058/368 1056/358 1057/381
f 672/393 1054/394 1496/414
f 849/928 848/924 852/927
f 1056/358 849/430 1493/416
f 1055/931 849/928 852/927
f 845/720 1047/722 882/724
f 844/930 852/927 853/923
f 852/927 844/930 1498/932
f 1055/931 852/927 1499/934
f 1503/292 1053/223 1504/272
f 1505/290 884/253 1506/289
f 1047/315 909/273 1503/292
f 851/2283 1050/2277 1049/2280
f 1504/272 1051/254 1510/291
f 844/930 853/923 910/929
f 1506/289 1048/252 1511/288
f 267/222 1048/252 884/253
f 1052/2299 882/2300 1047/2301
f 911/926 910/929 853/923
f 1050/2277 1051/2276 1049/2280
f 1110/1203 902/1208 1124/1209
f 1089/1966 935/1969 1088/1968
f 1098/1173 1094/1176 929/1178
f 924/244 1032/296 1033/280
f 1106/1964 1091/1961 1006/1963
f 1034/260 1105/278 1006/227
f 54/156 30/163 1093/171
f 929/2160 921/2157 922/2159
f 1017/2121 1023/2123 1101/2122
f 1134/1444 1028/1446 856/1441
f 1064/294 1063/255 1061/316
f 1243/344 1035/308 1210/310
f 1084/1627 928/1629 927/1630
f 919/1745 664/1744 925/1748
f 1233/367 1231/379 681/392
f 1500/2302 1047/2301 1507/2304
f 881/1396 871/1398 1462/1403
f 855/1524 1027/1518 1003/1521
f 1062/726 846/721 847/723
f 906/725 847/723 845/720
f 1133/731 886/734 887/728
f 887/728 847/723 906/725
f 914/1201 916/1198 915/1200
f 1028/1269 1142/1267 1144/1264
f 1127/1659 913/1662 912/1657
f 871/1398 881/1396 879/1392
f 905/727 906/725 845/720
f 888/1660 865/1663 910/1658
f 888/1660 912/1657 913/1662
f 913/1662 908/1664 888/1660
f 1130/941 865/949 873/948
f 899/730 905/727 882/724
f 1124/1268 902/1271 901/1263
f 878/2394 877/2396 898/2397
f 1148/737 863/740 900/743
f 899/1131 878/1127 866/1126
f 875/1117 898/1125 1466/1121
f 880/1393 879/1392 881/1396
f 850/937 880/943 1461/946
f 1180/1702 1187/1697 1177/1700
f 871/1398 1174/1400 1184/1404
f 1177/2482 870/2483 871/2479
f 862/746 863/740 867/742
f 867/742 863/740 866/733
f 1169/1391 1166/1397 1173/1395
f 1129/933 1131/936 850/937
f 1171/2384 895/2380 896/2385
f 889/2383 895/2380 864/2382
f 1118/1036 1107/1024 914/1035
f 869/2545 1159/2542 868/2544
f 869/1867 868/1864 894/1861
f 869/752 1158/751 1159/750
f 1163/1685 1155/1692 1157/1693
f 893/1858 1168/1860 894/1861
f 894/1861 862/1863 893/1858
f 866/1126 875/1117 867/1124
f 898/1125 875/1117 878/1127
f 876/1120 874/1123 867/1124
f 914/1035 1107/1024 916/1032
f 1028/1446 1108/1450 860/1449
f 1046/1034 892/1029 891/1033
f 1046/1205 891/1210 902/1208
f 1148/737 1133/731 866/733
f 1107/1024 903/1023 1151/1027
f 1134/2554 1108/2553 1143/2549
f 902/2491 1140/2492 901/2493
f 905/727 899/730 866/733
f 896/2385 895/2380 889/2383
f 888/1660 889/1665 865/1663
f 844/930 883/940 1512/939
f 1122/1954 1135/1957 907/1956
f 882/2300 1052/2299 1501/2303
f 850/937 1130/941 880/943
f 850/937 883/940 844/930
f 1453/942 850/937 1516/944
f 844/930 1129/933 850/937
f 911/1656 1127/1659 912/1657
f 28/180 263/178 1111/188
f 1072/2295 1059/2296 1061/2293
f 847/723 846/721 845/720
f 1085/840 860/837 861/833
f 857/841 856/842 1085/840
f 1108/831 861/833 860/837
f 1117/200 1093/171 1111/188
f 856/842 860/837 1085/840
f 1094/2162 1004/2161 921/2157
f 859/1442 856/1441 857/1445
f 1082/1753 1205/1750 1081/1749
f 1085/840 914/836 857/841
f 858/1207 915/1200 859/1206
f 858/2444 857/2442 1074/2441
f 854/1525 1027/1518 855/1524
f 1062/726 847/723 1061/729
f 848/924 853/923 852/927
f 680/387 682/400 1357/411
f 1363/2576 665/2577 1364/2578
f 1360/428 689/402 1366/436
f 682/2092 687/2093 1368/2094
f 681/2206 688/2207 684/2208
f 682/2092 684/2096 687/2093
f 684/2208 683/2210 687/2211
f 683/2210 688/2207 685/2209
f 683/2210 684/2208 688/2207
f 684/2096 682/2092 681/2097
f 683/2210 685/2209 1370/2212
f 1368/2213 683/2210 1371/2214
f 1241/376 682/400 680/387
f 686/401 680/387 1372/412
f 676/1471 678/1472 1374/1473
f 1382/419 671/383 1383/405
f 1362/1569 677/1570 1384/1571
f 673/1478 677/1480 674/1481
f 676/1471 677/1480 673/1478
f 1387/1483 674/1481 1389/1485
f 678/2494 675/2495 1388/2496
f 676/1471 673/1478 675/1475
f 678/1472 676/1471 675/1475
f 675/1475 673/1478 674/1481
f 1392/417 669/385 1393/410
f 667/384 670/397 1397/409
f 668/362 667/384 1401/399
f 1383/405 665/398 1403/418
f 1403/418 666/432 1404/440
f 1364/406 668/362 1402/407
f 671/383 668/362 665/398
f 1367/413 664/391 1408/426
f 670/397 1252/371 669/385
f 1253/372 1252/371 670/397
f 668/362 1253/372 667/384
f 685/2209 688/2207 681/2206
f 681/392 682/400 1241/376
f 685/403 1231/379 689/402
f 681/392 1231/379 685/403
f 664/391 689/402 1231/379
f 1393/410 672/393 1395/422
f 1391/438 672/393 1497/429
f 679/1477 676/1471 1375/1474
f 676/1575 679/1580 1381/1579
f 1386/1573 676/1575 1413/1577
f 790/2264 793/2261 803/2263
f 115/696 981/706 783/693
f 468/1900 475/1902 473/1903
f 502/2616 508/2613 507/2615
f 751/915 506/918 508/920
f 209/690 783/693 1044/697
f 333/701 209/690 1044/697
f 333/701 336/702 209/690
f 768/1350 741/1351 1043/1353
f 1043/1353 741/1351 735/1352
f 1256/2134 613/2133 1276/2137
f 1257/2135 633/2132 1256/2134
f 1258/35 637/20 1259/45
f 1259/45 637/20 1268/43
f 1260/2627 647/2626 1293/2630
f 1261/2628 841/2625 1260/2627
f 1262/973 646/972 1263/976
f 1263/976 646/972 1344/978
f 1264/1328 638/1321 1265/1324
f 1265/1324 638/1321 639/1315
f 1266/1327 639/1315 1267/1332
f 1267/112 639/100 1189/72
f 1268/43 637/20 1269/34
f 1269/34 637/20 827/25
f 1270/23 830/19 624/7
f 1271/24 830/19 1270/23
f 1272/21 624/7 1257/15
f 1273/27 624/7 1272/21
f 1274/36 624/7 1273/27
f 1275/1379 631/1377 610/1376
f 1276/2137 613/2133 1275/2139
f 1277/494 626/489 652/502
f 1278/501 614/486 1277/494
f 1279/1382 610/1376 1280/1385
f 1280/1385 610/1376 1282/1388
f 1281/496 612/483 1283/490
f 1282/506 610/492 1281/496
f 1283/490 612/483 614/486
f 1284/495 614/486 1285/503
f 1285/503 614/486 1286/508
f 1286/508 614/486 1278/501
f 1287/2631 841/2625 1261/2628
f 1288/2659 652/2660 1289/2661
f 1289/1439 652/1437 840/1427
f 1290/2682 642/2683 1291/2684
f 1291/2684 642/2683 1347/2685
f 1292/964 592/959 1290/969
f 1293/2630 647/2626 1294/2632
f 1294/968 647/961 1292/964
f 1295/977 596/971 1287/974
f 1296/1440 840/1427 1298/1438
f 1297/509 652/502 1309/512
f 1298/1438 840/1427 1301/1435
f 1299/2143 609/2142 1304/2146
f 1300/2144 839/2141 1299/2143
f 1301/1435 840/1427 1300/1431
f 1302/1224 595/1212 1348/1222
f 1303/1223 595/1212 1302/1224
f 1304/2146 609/2142 1342/2148
f 1305/2403 804/2406 794/2404
f 1306/2405 794/2404 795/2407
f 1307/2408 804/2406 1305/2403
f 1308/1640 836/1637 1307/1639
f 1309/2662 652/2660 1288/2659
f 1310/98 821/71 1312/87
f 1311/88 821/71 1310/98
f 1312/87 821/71 1332/79
f 1313/1647 548/1645 1314/1644
f 1314/1644 548/1645 836/1637
f 1315/1642 836/1637 1308/1640
f 1316/1654 1195/1649 1317/1653
f 1317/1653 1195/1649 1330/1651
f 1318/1083 539/1080 540/1082
f 1319/1086 539/1080 1318/1083
f 1320/1800 1193/1795 1327/1803
f 1321/1804 1194/1796 1320/1800
f 1322/1801 1196/1798 1194/1796
f 1323/1805 1194/1796 1321/1804
f 1324/1802 1196/1798 1322/1801
f 1325/1228 653/1220 1326/1227
f 1326/1227 653/1220 1341/1226
f 1327/1803 1193/1795 1325/1799
f 1328/1655 556/1652 1316/1654
f 1329/1089 539/1080 1319/1086
f 1330/1651 1195/1649 1313/1647
f 1331/63 821/71 1191/54
f 1332/79 821/71 1331/63
f 1333/42 827/25 1334/33
f 1334/33 827/25 829/13
f 1335/32 829/13 1271/24
f 1336/31 624/7 1274/36
f 1337/99 1189/72 1311/88
f 1338/53 1191/54 932/26
f 1339/44 932/26 1258/35
f 1340/1806 634/1794 1324/1802
f 1341/1226 653/1220 1345/1225
f 1342/2148 609/2142 1340/2150
f 1343/789 646/784 1346/788
f 1344/978 646/972 1343/979
f 1345/1225 653/1220 1303/1223
f 1346/788 646/784 1328/787
f 1347/975 642/967 1262/973
f 1348/1222 595/1212 1295/1218
f 1349/1085 540/1082 1355/1088
f 1350/1097 795/1098 660/1094
f 1351/1095 660/1094 1353/1093
f 1352/1096 660/1094 1351/1095
f 1353/1093 660/1094 538/1087
f 1354/1091 538/1087 1329/1089
f 1355/1088 540/1082 584/1090
f 1357/411 682/400 1369/424
f 1358/423 680/387 1357/411
f 1359/437 685/403 1360/428
f 1360/428 685/403 689/402
f 1361/1574 674/1572 1362/1569
f 1362/1569 674/1572 677/1570
f 1363/2576 666/2579 665/2577
f 1364/406 665/398 668/362
f 1365/427 689/402 1367/413
f 1366/436 689/402 1365/427
f 1367/413 689/402 664/391
f 1368/2213 687/2211 683/2210
f 1369/2095 682/2092 1368/2094
f 1370/2212 685/2209 1359/2215
f 1371/2214 683/2210 1370/2212
f 1372/412 680/387 1358/423
f 1373/425 686/401 1372/412
f 1374/1473 678/1472 1376/1476
f 1375/1474 676/1471 1374/1473
f 1376/2499 678/2494 1377/2498
f 1377/2498 678/2494 1390/2497
f 1378/1484 679/1477 1379/1482
f 1379/1482 679/1477 1410/1479
f 1380/1581 679/1580 1378/1582
f 1381/1579 679/1580 1380/1581
f 1382/419 664/391 671/383
f 1383/405 671/383 665/398
f 1384/1571 677/1570 1386/1573
f 1385/1576 674/1572 1361/1574
f 1386/1573 677/1570 676/1575
f 1387/1483 675/1475 674/1481
f 1388/1486 675/1475 1387/1483
f 1389/1485 674/1481 1411/1487
f 1390/2497 678/2494 1388/2496
f 1392/417 670/397 669/385
f 1393/410 669/385 672/393
f 1394/434 672/393 1391/438
f 1395/422 672/393 1394/434
f 1396/421 670/397 1398/433
f 1397/409 670/397 1396/421
f 1398/433 670/397 1399/431
f 1399/431 670/397 1392/417
f 1400/420 667/384 1397/409
f 1401/399 667/384 1405/408
f 1402/407 668/362 1401/399
f 1403/418 665/398 666/432
f 1404/440 666/432 1406/443
f 1405/408 667/384 1400/420
f 1406/443 666/432 1407/446
f 1407/2580 666/2579 1363/2576
f 1408/426 664/391 1409/435
f 1409/435 664/391 1382/419
f 1410/1479 679/1477 1375/1474
f 1411/2689 674/2690 1385/2691
f 1412/1578 676/1575 1381/1579
f 1413/1577 676/1575 1412/1578
f 1414/790 638/793 1264/791
f 1415/805 1/806 661/803
f 1416/804 661/803 1417/802
f 1417/802 661/803 541/800
f 1418/799 541/800 531/795
f 1419/801 541/800 1418/799
f 1420/798 531/795 1421/796
f 1421/796 531/795 1414/790
f 1422/815 168/819 3/812
f 1423/820 168/819 1422/815
f 1424/137 274/126 273/115
f 1425/144 273/115 1434/143
f 1426/125 273/115 6/90
f 1427/136 273/115 1426/125
f 1428/207 266/221 268/196
f 1429/185 268/196 272/168
f 1430/176 272/168 1431/159
f 1431/159 272/168 271/146
f 1432/153 271/146 274/126
f 1433/145 274/126 1424/137
f 1434/143 273/115 1427/136
f 1435/823 132/822 1423/820
f 1436/825 7/824 1435/823
f 1437/114 6/90 1438/102
f 1438/102 6/90 4/81
f 1439/113 4/81 1440/116
f 1440/116 4/81 5/104
f 1441/827 5/826 1436/825
f 1442/810 3/812 2/807
f 1443/808 2/807 1415/805
f 1444/2019 1181/2018 1186/2022
f 1445/2020 1182/2017 1444/2019
f 1446/439 1055/442 1447/445
f 1447/2678 1055/2679 1477/2680
f 1448/2278 1050/2277 1489/2281
f 1449/2279 1051/2276 1448/2278
f 1450/1703 1180/1702 1451/1706
f 1451/1706 1180/1702 1445/1708
f 1452/945 883/940 1453/942
f 1453/942 883/940 850/937
f 1454/1405 897/1406 1455/1407
f 1455/2363 897/2366 871/2364
f 1456/1698 1187/1697 1473/1701
f 1457/1699 870/1696 1456/1698
f 1458/2365 871/2364 1459/2367
f 1459/2367 871/2364 1457/2368
f 1460/1399 881/1396 1463/1402
f 1461/1401 880/1393 1460/1399
f 1462/1403 871/1398 1454/1405
f 1463/1402 881/1396 1462/1403
f 1464/2555 898/2558 877/2556
f 1465/2393 877/2396 878/2394
f 1466/1121 898/1125 1467/1128
f 1467/1128 898/1125 1515/1130
f 1468/2692 1186/2693 1474/2694
f 1469/2025 1186/2022 1181/2018
f 1470/1122 1181/1116 1472/1119
f 1471/1118 875/1117 1466/1121
f 1472/1119 1181/1116 1471/1118
f 1473/1701 1187/1697 1450/1703
f 1474/2694 1186/2693 1469/2695
f 1475/234 266/221 1428/207
f 1476/270 1048/252 1475/234
f 1477/2680 1055/2679 1502/2681
f 1478/2466 851/2467 1490/2468
f 1479/2469 851/2467 1478/2466
f 1480/732 899/730 882/724
f 1481/735 882/724 1482/739
f 1482/739 882/724 1483/741
f 1483/741 882/724 1514/745
f 1484/2643 883/2644 1452/2645
f 1485/2282 1051/2276 1449/2279
f 1486/1132 899/1131 1492/1134
f 1487/1133 878/1127 1486/1132
f 1488/1135 878/1127 1487/1133
f 1489/2281 1050/2277 1479/2284
f 1490/2468 851/2467 1517/2470
f 1491/736 899/730 1480/732
f 1492/1134 899/1131 1491/1136
f 1493/416 849/430 1446/439
f 1494/404 1056/358 1493/416
f 1495/415 1054/394 1494/404
f 1496/414 1054/394 1495/415
f 1497/429 672/393 1496/414
f 1498/932 844/930 1513/935
f 1499/934 852/927 1498/932
f 1500/2302 1052/2299 1047/2301
f 1501/2303 1052/2299 1500/2302
f 1502/938 1055/931 1499/934
f 1503/292 909/273 1053/223
f 1504/272 1053/223 1051/254
f 1505/290 851/271 884/253
f 1506/289 884/253 1048/252
f 1507/357 1047/315 1508/345
f 1508/345 1047/315 1509/329
f 1509/329 1047/315 1503/292
f 1510/291 1051/254 1485/313
f 1511/288 1048/252 1476/270
f 1512/2646 883/2644 1484/2643
f 1513/935 844/930 1512/939
f 1514/2305 882/2300 1501/2303
f 1515/2559 898/2558 1464/2555
f 1516/944 850/937 1461/946
f 1517/2470 851/2467 1505/2471
f 1518/441 1391/438 1497/429
f 1519/792 1264/791 1520/794
f 1521/444 1391/438 1518/441
usemtl Tile_+033_+029_L18_00023_untextured
