mtllib Tile_+033_+029_L18_00020.mtl
v 6.55936192e+03 7.12964089e+03 3.02871367e+01
v 6.55993945e+03 7.12946782e+03 2.77494129e+01
v 6.55477034e+03 7.12555834e+03 2.65300918e+01
v 6.55541829e+03 7.12792899e+03 2.81568705e+01
v 6.56298530e+03 7.12908737e+03 3.06903413e+01
v 6.56088142e+03 7.12886045e+03 3.67965492e+01
v 6.54738473e+03 7.12722324e+03 2.32173628e+01
v 6.54840525e+03 7.12596989e+03 2.43011866e+01
v 6.55619138e+03 7.12585129e+03 2.57673901e+01
v 6.55558747e+03 7.12565157e+03 2.41015024e+01
v 6.55021800e+03 7.12912088e+03 2.29482456e+01
v 6.55660446e+03 7.12915945e+03 2.49189032e+01
v 6.54888339e+03 7.12534352e+03 2.27060988e+01
v 6.54363854e+03 7.12934811e+03 2.30304570e+01
v 6.50608027e+03 7.14509679e+03 2.46178668e+01
v 6.50455053e+03 7.14633986e+03 2.39964239e+01
v 6.50705975e+03 7.14411896e+03 2.42330425e+01
v 6.50494058e+03 7.14199655e+03 2.56476397e+01
v 6.50351634e+03 7.13682936e+03 2.45065224e+01
v 6.50369189e+03 7.13647045e+03 2.63042036e+01
v 6.50616215e+03 7.13996470e+03 2.35056956e+01
v 6.50593032e+03 7.13848835e+03 2.38545359e+01
v 6.50639862e+03 7.13490159e+03 2.57862478e+01
v 6.50476377e+03 7.13676243e+03 2.46909405e+01
v 6.50825672e+03 7.14618682e+03 2.49621391e+01
v 6.50715963e+03 7.14605171e+03 2.29809701e+01
v 6.50362580e+03 7.14113340e+03 2.38425810e+01
v 6.50260453e+03 7.14386741e+03 2.33076634e+01
v 6.50363002e+03 7.13970867e+03 2.18753269e+01
v 6.50147881e+03 7.14147762e+03 2.15948566e+01
v 6.50210678e+03 7.13847453e+03 2.33040582e+01
v 6.50357593e+03 7.14777143e+03 2.46440497e+01
v 6.50303507e+03 7.14985172e+03 2.39953280e+01
v 6.50792118e+03 7.14666619e+03 2.22752019e+01
v 6.51039215e+03 7.14519533e+03 2.31752097e+01
v 6.50286887e+03 7.14863029e+03 2.27290751e+01
v 6.50757143e+03 7.14866130e+03 2.55816656e+01
v 6.50611438e+03 7.14691301e+03 2.38484577e+01
v 6.50167016e+03 7.16874904e+03 2.39713483e+01
v 6.50359360e+03 7.16936781e+03 2.42152537e+01
v 6.51142767e+03 7.13963478e+03 2.24500566e+01
v 6.51146641e+03 7.13578414e+03 2.40057614e+01
v 6.50796134e+03 7.14743662e+03 2.46983645e+01
v 6.51835728e+03 7.16105372e+03 2.18454137e+01
v 6.51734601e+03 7.16001173e+03 2.43292959e+01
v 6.50582244e+03 7.14428392e+03 2.56764547e+01
v 6.50427426e+03 7.14346178e+03 2.53962192e+01
v 6.50209059e+03 7.13664572e+03 2.71560809e+01
v 6.50000000e+03 7.14253042e+03 2.51788898e+01
v 6.50060080e+03 7.14383542e+03 2.37477647e+01
v 6.50145227e+03 7.14842025e+03 2.62998681e+01
v 6.50092400e+03 7.14585954e+03 2.39337935e+01
v 6.50154526e+03 7.14392741e+03 2.51733278e+01
v 6.50056965e+03 7.14247166e+03 2.66688806e+01
v 6.51038103e+03 7.13770494e+03 2.29558806e+01
v 6.50952557e+03 7.14627308e+03 2.67045765e+01
v 6.51311361e+03 7.14181513e+03 2.23624431e+01
v 6.51097865e+03 7.14343358e+03 2.58802405e+01
v 6.50991013e+03 7.15924967e+03 2.29176500e+01
v 6.51034664e+03 7.15850742e+03 2.42300213e+01
v 6.50573761e+03 7.14797394e+03 2.57491633e+01
v 6.51116953e+03 7.14495018e+03 2.23027769e+01
v 6.50096807e+03 7.14982869e+03 2.56082898e+01
v 6.50000000e+03 7.15115556e+03 2.59315715e+01
v 6.50000000e+03 7.14167771e+03 2.52915630e+01
v 6.50000000e+03 7.14099965e+03 2.66004209e+01
v 6.50000000e+03 7.14154920e+03 2.35398973e+01
v 6.50311243e+03 7.14343967e+03 2.45416113e+01
v 6.51860834e+03 7.15435346e+03 2.81234257e+01
v 6.51881151e+03 7.15282532e+03 2.97076311e+01
v 6.51596278e+03 7.18263674e+03 2.91999914e+01
v 6.51720269e+03 7.18178904e+03 2.95380404e+01
v 6.50791736e+03 7.18758083e+03 2.86172419e+01
v 6.50649462e+03 7.18797776e+03 2.94163747e+01
v 6.51646342e+03 7.15621470e+03 2.80857573e+01
v 6.51650729e+03 7.15887908e+03 3.05494032e+01
v 6.51651601e+03 7.15988872e+03 2.94968470e+01
v 6.51685777e+03 7.15992904e+03 2.78648773e+01
v 6.51571332e+03 7.16584799e+03 2.72564545e+01
v 6.51781537e+03 7.16507949e+03 2.95159931e+01
v 6.51636850e+03 7.18106372e+03 3.06255971e+01
v 6.50438563e+03 7.15045703e+03 2.51226901e+01
v 6.50300964e+03 7.15157500e+03 2.35099028e+01
v 6.50508858e+03 7.14880095e+03 2.59308438e+01
v 6.50122977e+03 7.14758873e+03 2.45505305e+01
v 6.50334893e+03 7.15243081e+03 2.44869110e+01
v 6.50147867e+03 7.15324469e+03 2.63253405e+01
v 6.50425532e+03 7.15233017e+03 2.58900701e+01
v 6.50052678e+03 7.15161912e+03 2.40255788e+01
v 6.50154706e+03 7.15036930e+03 2.46193814e+01
v 6.50265866e+03 7.15269635e+03 2.66278959e+01
v 6.50239339e+03 7.16900938e+03 2.68017637e+01
v 6.50240037e+03 7.16924794e+03 2.52930495e+01
v 6.51263506e+03 7.15840967e+03 2.74289184e+01
v 6.51138312e+03 7.15879163e+03 2.82283498e+01
v 6.51447309e+03 7.15785382e+03 2.78351763e+01
v 6.51021337e+03 7.15937307e+03 2.88481045e+01
v 6.51113265e+03 7.16665945e+03 2.76152170e+01
v 6.51209351e+03 7.16701700e+03 2.84562571e+01
v 6.51111528e+03 7.16726363e+03 3.14882132e+01
v 6.51244324e+03 7.16786911e+03 3.00130562e+01
v 6.50994122e+03 7.15787140e+03 2.85429681e+01
v 6.51101503e+03 7.15249188e+03 2.94381491e+01
v 6.51153999e+03 7.15446721e+03 2.85910112e+01
v 6.50810704e+03 7.15708788e+03 2.90151734e+01
v 6.51229984e+03 7.15422054e+03 2.96828813e+01
v 6.51868619e+03 7.18208320e+03 2.83552671e+01
v 6.51490654e+03 7.18519831e+03 2.81421232e+01
v 6.51434119e+03 7.18518845e+03 2.91743503e+01
v 6.51222069e+03 7.18198755e+03 3.06762886e+01
v 6.51316618e+03 7.18358317e+03 2.97593531e+01
v 6.51123213e+03 7.17694869e+03 2.95912342e+01
v 6.51006130e+03 7.17919880e+03 2.91462007e+01
v 6.51363580e+03 7.18680140e+03 2.77727728e+01
v 6.51189426e+03 7.18639328e+03 2.87228707e+01
v 6.51433796e+03 7.18659350e+03 2.81902449e+01
v 6.51563077e+03 7.18313576e+03 2.79213996e+01
v 6.51578957e+03 7.16559858e+03 2.90437706e+01
v 6.51630161e+03 7.15053460e+03 2.98917730e+01
v 6.51500432e+03 7.15095853e+03 2.83262165e+01
v 6.51323153e+03 7.15193243e+03 2.86109770e+01
v 6.51276619e+03 7.15699490e+03 2.89579060e+01
v 6.51298250e+03 7.15377596e+03 2.87560210e+01
v 6.51360708e+03 7.15663145e+03 2.73648910e+01
v 6.51798498e+03 7.15069019e+03 3.12190776e+01
v 6.51581219e+03 7.15398012e+03 2.72286982e+01
v 6.51529103e+03 7.14821789e+03 2.75726418e+01
v 6.51404832e+03 7.14750124e+03 2.89187894e+01
v 6.51709277e+03 7.14936188e+03 3.08069417e+01
v 6.51270732e+03 7.14133591e+03 3.03579583e+01
v 6.51114593e+03 7.14330887e+03 2.90739869e+01
v 6.51273155e+03 7.14920107e+03 2.82890795e+01
v 6.51365846e+03 7.14825758e+03 2.82296455e+01
v 6.51565953e+03 7.14708726e+03 3.05380245e+01
v 6.51789326e+03 7.15598245e+03 2.95569651e+01
v 6.51709808e+03 7.15653005e+03 2.99919335e+01
v 6.52045906e+03 7.15516610e+03 2.76594354e+01
v 6.51376553e+03 7.15432551e+03 2.74821428e+01
v 6.51539341e+03 7.15714930e+03 2.74122222e+01
v 6.51476874e+03 7.15224092e+03 2.73131312e+01
v 6.51114507e+03 7.17562398e+03 2.80456270e+01
v 6.51263985e+03 7.17483245e+03 3.03357518e+01
v 6.51164531e+03 7.17376116e+03 2.87959679e+01
v 6.51329237e+03 7.14993193e+03 2.88681178e+01
v 6.51480291e+03 7.14791607e+03 2.66957158e+01
v 6.51746129e+03 7.18315314e+03 2.77567143e+01
v 6.51483271e+03 7.15886333e+03 2.76493412e+01
v 6.51161117e+03 7.15963738e+03 2.74009205e+01
v 6.51478691e+03 7.16702229e+03 2.81544000e+01
v 6.51367003e+03 7.16646726e+03 2.71120330e+01
v 6.51509918e+03 7.16677377e+03 3.01929600e+01
v 6.51568863e+03 7.16725535e+03 3.20397957e+01
v 6.51000639e+03 7.18799247e+03 2.78748811e+01
v 6.51542168e+03 7.18366259e+03 2.95542524e+01
v 6.51427050e+03 7.18797235e+03 2.72537527e+01
v 6.51835875e+03 7.17995857e+03 2.76864619e+01
v 6.51779446e+03 7.18069487e+03 2.66732841e+01
v 6.51945058e+03 7.15808323e+03 2.69515088e+01
v 6.51853357e+03 7.15911904e+03 2.65657293e+01
v 6.51806146e+03 7.16653854e+03 2.67282601e+01
v 6.50583601e+03 7.16334154e+03 2.44331212e+01
v 6.50689903e+03 7.16304472e+03 2.62954349e+01
v 6.51883822e+03 7.16004599e+03 2.57162292e+01
v 6.51951456e+03 7.16022421e+03 2.39618296e+01
v 6.51499374e+03 7.15979623e+03 2.66730387e+01
v 6.51447866e+03 7.15729709e+03 2.61724906e+01
v 6.51568818e+03 7.16559011e+03 2.53552009e+01
v 6.50964151e+03 7.17770905e+03 2.94739745e+01
v 6.51513880e+03 7.15547948e+03 2.65834612e+01
v 6.51059485e+03 7.13447359e+03 2.78737449e+01
v 6.51060629e+03 7.13447041e+03 2.52842662e+01
v 6.51261250e+03 7.15930144e+03 2.60282493e+01
v 6.51351129e+03 7.16757807e+03 2.56164737e+01
v 6.51179990e+03 7.16100763e+03 2.60009538e+01
v 6.51203109e+03 7.16084267e+03 2.45818091e+01
v 6.51341055e+03 7.15778917e+03 2.58217272e+01
v 6.51422466e+03 7.16052640e+03 2.53647008e+01
v 6.51722565e+03 7.16692794e+03 3.09478675e+01
v 6.51790003e+03 7.16555327e+03 2.52058451e+01
v 6.51789462e+03 7.18720039e+03 2.50751512e+01
v 6.51841009e+03 7.18708222e+03 2.38325220e+01
v 6.51458891e+03 7.18619616e+03 2.63724035e+01
v 6.51462282e+03 7.18790219e+03 2.44590937e+01
v 6.51513654e+03 7.18685091e+03 2.41920513e+01
v 6.51245976e+03 7.16774313e+03 2.66429849e+01
v 6.51680455e+03 7.18613224e+03 2.24137583e+01
v 6.51645397e+03 7.18620289e+03 2.44836876e+01
v 6.51584089e+03 7.18513239e+03 2.63349543e+01
v 6.51640420e+03 7.18311414e+03 2.52790523e+01
v 6.51748945e+03 7.18218798e+03 2.56452511e+01
v 6.51026084e+03 7.18563724e+03 2.91246774e+01
v 6.50982302e+03 7.17471452e+03 2.76111005e+01
v 6.51794622e+03 7.16545536e+03 2.22140547e+01
v 6.51769791e+03 7.16357260e+03 2.18877203e+01
v 6.50650047e+03 7.18672258e+03 2.88491463e+01
v 6.50952520e+03 7.18588747e+03 2.81311419e+01
v 6.50811866e+03 7.18640436e+03 2.89654107e+01
v 6.50937876e+03 7.18403337e+03 2.77844646e+01
v 6.50571175e+03 7.18606662e+03 2.78369503e+01
v 6.50765846e+03 7.18507465e+03 2.82975218e+01
v 6.50601256e+03 7.18513294e+03 2.77004788e+01
v 6.50898787e+03 7.18161195e+03 2.73560991e+01
v 6.50419634e+03 7.18593424e+03 2.80078500e+01
v 6.50177472e+03 7.18734690e+03 2.77248316e+01
v 6.50364109e+03 7.18533356e+03 2.66793826e+01
v 6.51087341e+03 7.16607854e+03 2.47309509e+01
v 6.50983158e+03 7.16780101e+03 2.34098034e+01
v 6.50114552e+03 7.18711033e+03 2.41027788e+01
v 6.50261522e+03 7.18646825e+03 2.52836538e+01
v 6.50467641e+03 7.18334343e+03 2.52747849e+01
v 6.50522609e+03 7.18314509e+03 2.43649424e+01
v 6.50420727e+03 7.18457348e+03 2.58715173e+01
v 6.50559904e+03 7.18343497e+03 2.61623321e+01
v 6.50751294e+03 7.18400531e+03 2.62161742e+01
v 6.51087729e+03 7.17412353e+03 2.45891424e+01
v 6.50972075e+03 7.17265463e+03 2.35300647e+01
v 6.50771955e+03 7.18057833e+03 2.71424416e+01
v 6.50697967e+03 7.17877123e+03 2.81088269e+01
v 6.50727563e+03 7.18086149e+03 2.56607450e+01
v 6.50894650e+03 7.15854801e+03 2.66375343e+01
v 6.51104038e+03 7.15988394e+03 2.60617300e+01
v 6.50600571e+03 7.15809155e+03 2.61021739e+01
v 6.50703714e+03 7.15979099e+03 2.61777350e+01
v 6.50310069e+03 7.16292189e+03 2.83726726e+01
v 6.50223928e+03 7.16439272e+03 2.68708838e+01
v 6.50137343e+03 7.16740935e+03 2.75339496e+01
v 6.50325853e+03 7.16574797e+03 2.58856477e+01
v 6.50079039e+03 7.16833763e+03 2.55350437e+01
v 6.50482924e+03 7.16696702e+03 2.57935285e+01
v 6.50499172e+03 7.16841760e+03 2.67831035e+01
v 6.50451488e+03 7.16847323e+03 2.53816365e+01
v 6.50577308e+03 7.16965933e+03 2.71595771e+01
v 6.50033993e+03 7.16596208e+03 2.80703187e+01
v 6.50499630e+03 7.18251155e+03 2.20512500e+01
v 6.50411334e+03 7.18216952e+03 2.37834919e+01
v 6.50536628e+03 7.15965987e+03 2.74138404e+01
v 6.50623374e+03 7.15717180e+03 2.74103592e+01
v 6.50771194e+03 7.15870324e+03 2.67665223e+01
v 6.50858800e+03 7.15678657e+03 2.66079169e+01
v 6.50955202e+03 7.15895493e+03 2.57181492e+01
v 6.50708911e+03 7.17070750e+03 2.43559059e+01
v 6.50599444e+03 7.16909703e+03 2.34606209e+01
v 6.50573902e+03 7.16493752e+03 2.41508749e+01
v 6.50658723e+03 7.16484998e+03 2.32291152e+01
v 6.51029650e+03 7.16575040e+03 2.37230340e+01
v 6.51204069e+03 7.16552417e+03 2.36872054e+01
v 6.50901026e+03 7.16667113e+03 2.61195785e+01
v 6.50674396e+03 7.16836018e+03 2.68068725e+01
v 6.50556467e+03 7.16584735e+03 2.60279047e+01
v 6.50617661e+03 7.16066358e+03 2.74648154e+01
v 6.50746586e+03 7.17711916e+03 2.80303854e+01
v 6.50880426e+03 7.17615846e+03 2.38993968e+01
v 6.50721323e+03 7.16698834e+03 2.61748779e+01
v 6.50827680e+03 7.17360654e+03 3.02964554e+01
v 6.50869301e+03 7.16723155e+03 2.72344740e+01
v 6.50840132e+03 7.14726408e+03 2.76204418e+01
v 6.50684369e+03 7.16162979e+03 2.64618739e+01
v 6.50277548e+03 7.16732345e+03 2.56600248e+01
v 6.50406245e+03 7.16739949e+03 2.46188274e+01
v 6.50592962e+03 7.16021481e+03 2.48629932e+01
v 6.50476807e+03 7.13485547e+03 2.63576470e+01
v 6.50569342e+03 7.14528986e+03 2.32203166e+01
v 6.50405915e+03 7.13623951e+03 2.86532591e+01
v 6.50553281e+03 7.13653727e+03 2.86056761e+01
v 6.50703896e+03 7.15023006e+03 2.63140985e+01
v 6.50039461e+03 7.14661601e+03 2.66823513e+01
v 6.50171551e+03 7.14509124e+03 2.65964384e+01
v 6.50000000e+03 7.15278264e+03 2.61014223e+01
v 6.50113019e+03 7.15238089e+03 2.78440231e+01
v 6.50000000e+03 7.14967378e+03 2.76851196e+01
v 6.50593518e+03 7.15119106e+03 2.66092090e+01
v 6.50640634e+03 7.15267476e+03 2.65470640e+01
v 6.50795667e+03 7.15160590e+03 2.73281398e+01
v 6.50000000e+03 7.14220099e+03 2.56503799e+01
v 6.50000000e+03 7.14220409e+03 2.52249960e+01
v 6.50000000e+03 7.13643116e+03 2.73399675e+01
v 6.50277909e+03 7.13563246e+03 3.08758967e+01
v 6.50000000e+03 7.13598543e+03 3.04952601e+01
v 6.50340662e+03 7.17133803e+03 2.39176511e+01
v 6.50279310e+03 7.17100714e+03 2.57642019e+01
v 6.50066460e+03 7.17488483e+03 2.09061699e+01
v 6.50000000e+03 7.17290537e+03 2.15053592e+01
v 6.50886060e+03 7.17628144e+03 2.85149629e+01
v 6.50536912e+03 7.16421848e+03 2.72076827e+01
v 6.50521611e+03 7.16207199e+03 2.84249609e+01
v 6.50774749e+03 7.15447310e+03 2.73802362e+01
v 6.50696057e+03 7.15276601e+03 2.77502603e+01
v 6.50551502e+03 7.15361974e+03 2.69727252e+01
v 6.50570091e+03 7.13542724e+03 2.69589259e+01
v 6.50750513e+03 7.16582048e+03 2.13487390e+01
v 6.50613182e+03 7.16393906e+03 2.29112272e+01
v 6.50823291e+03 7.17951247e+03 2.85427673e+01
v 6.51217199e+03 7.16647447e+03 2.60480612e+01
v 6.50957719e+03 7.17475519e+03 2.64792740e+01
v 6.50638624e+03 7.15949830e+03 2.94263384e+01
v 6.50120469e+03 7.16833586e+03 2.83680411e+01
v 6.50186175e+03 7.16940759e+03 2.90847160e+01
v 6.50004329e+03 7.16812318e+03 2.82954919e+01
v 6.50725435e+03 7.13311407e+03 2.83884808e+01
v 6.50885717e+03 7.15004580e+03 2.85496237e+01
v 6.50000000e+03 7.14304120e+03 2.77219477e+01
v 6.50112664e+03 7.14589675e+03 2.81172018e+01
v 6.50000000e+03 7.14655037e+03 2.84362026e+01
v 6.50496621e+03 7.15808780e+03 2.84882268e+01
v 6.50873489e+03 7.13419606e+03 2.56608527e+01
v 6.51072391e+03 7.16624141e+03 2.88047776e+01
v 6.50781223e+03 7.16670338e+03 2.89282902e+01
v 6.50943158e+03 7.16693374e+03 2.97090924e+01
v 6.50728179e+03 7.16804633e+03 2.86655944e+01
v 6.50817916e+03 7.15532629e+03 2.79968039e+01
v 6.50735457e+03 7.15603729e+03 2.70146646e+01
v 6.50567379e+03 7.15383414e+03 2.83283427e+01
v 6.50059890e+03 7.14826133e+03 2.69064818e+01
v 6.50589789e+03 7.15577021e+03 2.88569041e+01
v 6.50576051e+03 7.15682772e+03 2.72620412e+01
v 6.50593619e+03 7.15456668e+03 2.90290768e+01
v 6.50761160e+03 7.15530608e+03 2.89733019e+01
v 6.51057990e+03 7.15091912e+03 2.96237515e+01
v 6.50914194e+03 7.15082394e+03 2.93696427e+01
v 6.50997665e+03 7.14803279e+03 2.97836669e+01
v 6.51163440e+03 7.14930264e+03 2.91649821e+01
v 6.50098706e+03 7.14363609e+03 2.81019540e+01
v 6.50000000e+03 7.15283279e+03 2.96436042e+01
v 6.50355181e+03 7.15235245e+03 2.82650176e+01
v 6.50065706e+03 7.14504241e+03 2.92105112e+01
v 6.51227039e+03 7.14639434e+03 2.91078554e+01
v 6.50975874e+03 7.15218484e+03 2.84072620e+01
v 6.50974897e+03 7.15542711e+03 2.83460398e+01
v 6.51195114e+03 7.13853404e+03 2.72693787e+01
v 6.51059890e+03 7.15596498e+03 2.80761914e+01
v 6.51016936e+03 7.15427806e+03 2.88164995e+01
v 6.50524860e+03 7.16230945e+03 2.99933828e+01
v 6.50618782e+03 7.16105171e+03 2.94390075e+01
v 6.50000000e+03 7.15250843e+03 2.79859737e+01
v 6.50235535e+03 7.15266426e+03 2.97593544e+01
v 6.50364747e+03 7.15324940e+03 3.12407009e+01
v 6.50519406e+03 7.15330980e+03 2.97786325e+01
v 6.55500614e+03 7.14813830e+03 2.51179383e+01
v 6.55318200e+03 7.14981207e+03 2.79389420e+01
v 6.54552775e+03 7.13200141e+03 3.07806798e+01
v 6.55207618e+03 7.12979890e+03 3.10946171e+01
v 6.55581555e+03 7.14157473e+03 2.86598531e+01
v 6.55666907e+03 7.13980994e+03 2.57561820e+01
v 6.55636201e+03 7.13627162e+03 2.69684907e+01
v 6.55346667e+03 7.14961866e+03 2.55038495e+01
v 6.54564559e+03 7.12703792e+03 2.39615830e+01
v 6.54938970e+03 7.16187753e+03 3.10106226e+01
v 6.54998010e+03 7.16173523e+03 3.30656116e+01
v 6.55678133e+03 7.18123271e+03 3.31703451e+01
v 6.55726768e+03 7.18074953e+03 3.15618677e+01
v 6.55720605e+03 7.18616888e+03 3.02028775e+01
v 6.55801639e+03 7.18437459e+03 3.18158980e+01
v 6.55027476e+03 7.15799454e+03 2.93688006e+01
v 6.54910420e+03 7.15997912e+03 2.88620371e+01
v 6.55462577e+03 7.18175015e+03 3.09110035e+01
v 6.55548378e+03 7.18080293e+03 3.06087159e+01
v 6.55986756e+03 7.16769722e+03 2.85587172e+01
v 6.55863090e+03 7.16930709e+03 2.84762385e+01
v 6.56138087e+03 7.16547246e+03 2.94982813e+01
v 6.56243634e+03 7.16678979e+03 2.76530825e+01
v 6.56181008e+03 7.18332234e+03 2.90783715e+01
v 6.55944141e+03 7.16518516e+03 2.93440371e+01
v 6.56128960e+03 7.16545740e+03 2.82035066e+01
v 6.55185779e+03 7.15277621e+03 2.84515486e+01
v 6.55266887e+03 7.15407890e+03 2.90607009e+01
v 6.54697815e+03 7.15560695e+03 3.03167402e+01
v 6.54748029e+03 7.15482983e+03 3.08313653e+01
v 6.54691093e+03 7.14582344e+03 3.24270723e+01
v 6.54819000e+03 7.14613389e+03 3.29230748e+01
v 6.55216104e+03 7.15290240e+03 3.01145220e+01
v 6.54847800e+03 7.14354311e+03 3.19238442e+01
v 6.54883715e+03 7.14533108e+03 3.12459172e+01
v 6.54709818e+03 7.14631287e+03 3.07520547e+01
v 6.55528549e+03 7.15432155e+03 2.78851782e+01
v 6.55652941e+03 7.15365020e+03 3.25089465e+01
v 6.56102146e+03 7.16641752e+03 2.96282152e+01
v 6.55739777e+03 7.17344350e+03 2.80685355e+01
v 6.55821959e+03 7.17243295e+03 2.98779356e+01
v 6.55676388e+03 7.18381666e+03 2.93826438e+01
v 6.55996668e+03 7.18199991e+03 3.20477497e+01
v 6.55188899e+03 7.18554352e+03 3.16821984e+01
v 6.55331257e+03 7.18197821e+03 3.26440438e+01
v 6.55873895e+03 7.14056785e+03 2.88542720e+01
v 6.56028314e+03 7.13967005e+03 3.00875850e+01
v 6.55552303e+03 7.17751518e+03 3.62410441e+01
v 6.55637454e+03 7.17761571e+03 3.72012492e+01
v 6.55959658e+03 7.17816988e+03 3.40845590e+01
v 6.55948464e+03 7.17846608e+03 3.57403130e+01
v 6.55996738e+03 7.17552769e+03 3.47243649e+01
v 6.56101365e+03 7.17687914e+03 3.52166775e+01
v 6.56052453e+03 7.17800101e+03 3.60531966e+01
v 6.55583788e+03 7.18065813e+03 3.56463023e+01
v 6.55455190e+03 7.18210171e+03 3.35625206e+01
v 6.55414269e+03 7.18213354e+03 3.52771161e+01
v 6.55945801e+03 7.17130228e+03 3.77925672e+01
v 6.55858980e+03 7.17079727e+03 3.67429080e+01
v 6.56226841e+03 7.17384671e+03 3.63937860e+01
v 6.55286629e+03 7.17253539e+03 3.40374751e+01
v 6.55117604e+03 7.17361997e+03 3.36009307e+01
v 6.55282819e+03 7.17077615e+03 3.39092854e+01
v 6.55267562e+03 7.17099030e+03 3.20840843e+01
v 6.56263378e+03 7.16419384e+03 3.37288324e+01
v 6.55318195e+03 7.12996465e+03 3.35120609e+01
v 6.55120477e+03 7.12969350e+03 3.42473220e+01
v 6.55723896e+03 7.14223530e+03 3.18566753e+01
v 6.55795652e+03 7.14262303e+03 3.41252813e+01
v 6.55575127e+03 7.17809084e+03 3.34052355e+01
v 6.56154270e+03 7.14625639e+03 2.96520732e+01
v 6.56190336e+03 7.14835334e+03 2.92645973e+01
v 6.56154342e+03 7.14273877e+03 3.09898881e+01
v 6.56232700e+03 7.14230304e+03 3.29319873e+01
v 6.56290135e+03 7.16822226e+03 3.58620662e+01
v 6.55890546e+03 7.17435489e+03 3.27636299e+01
v 6.55720087e+03 7.17601438e+03 3.26763829e+01
v 6.55571181e+03 7.18438002e+03 3.45714017e+01
v 6.55620063e+03 7.18547355e+03 3.28232803e+01
v 6.56158742e+03 7.18126493e+03 3.20457695e+01
v 6.55641948e+03 7.12823684e+03 3.89088159e+01
v 6.55500480e+03 7.15266679e+03 3.48830905e+01
v 6.56083552e+03 7.16807434e+03 3.34040338e+01
v 6.56110221e+03 7.16811168e+03 3.48318930e+01
v 6.55223043e+03 7.17118437e+03 3.23757574e+01
v 6.56055467e+03 7.17253861e+03 3.67024656e+01
v 6.55965812e+03 7.17200977e+03 3.38994111e+01
v 6.54500162e+03 7.16385839e+03 3.81092773e+01
v 6.54704461e+03 7.16360325e+03 3.86185582e+01
v 6.54822458e+03 7.16392508e+03 2.91399752e+01
v 6.54799982e+03 7.16474033e+03 3.10107241e+01
v 6.55822073e+03 7.17585465e+03 3.38838651e+01
v 6.56184408e+03 7.16634651e+03 3.66380848e+01
v 6.55764045e+03 7.18049636e+03 3.67206781e+01
v 6.55640080e+03 7.18077381e+03 3.52363623e+01
v 6.55141590e+03 7.18774245e+03 2.71795941e+01
v 6.55838887e+03 7.16889829e+03 3.08492949e+01
v 6.54782690e+03 7.14408657e+03 3.08968695e+01
v 6.54564399e+03 7.13191354e+03 3.67345728e+01
v 6.54423713e+03 7.13174643e+03 3.34458539e+01
v 6.55636291e+03 7.16378847e+03 2.74331265e+01
v 6.55655494e+03 7.16354106e+03 3.05475855e+01
v 6.56286011e+03 7.12931218e+03 2.68742423e+01
v 6.56024165e+03 7.13544442e+03 2.49042104e+01
v 6.56053076e+03 7.13473654e+03 2.63774525e+01
v 6.55763555e+03 7.13523882e+03 2.51089633e+01
v 6.55978151e+03 7.13369878e+03 2.54331568e+01
v 6.56082481e+03 7.14203857e+03 2.58297653e+01
v 6.56011802e+03 7.13869362e+03 2.53481412e+01
v 6.55983651e+03 7.13739966e+03 2.74911188e+01
v 6.55677565e+03 7.13740449e+03 2.68743778e+01
v 6.55936537e+03 7.13152254e+03 2.46534613e+01
v 6.55736974e+03 7.13583791e+03 3.01176869e+01
v 6.56089609e+03 7.14052219e+03 2.77961453e+01
v 6.56021059e+03 7.14004710e+03 2.56840565e+01
v 6.55775615e+03 7.14113986e+03 2.68512652e+01
v 6.55064821e+03 7.15918373e+03 2.77919120e+01
v 6.55216432e+03 7.14629700e+03 2.45869775e+01
v 6.55229962e+03 7.14618437e+03 2.73019014e+01
v 6.54905951e+03 7.13323031e+03 2.40200719e+01
v 6.55379989e+03 7.13380449e+03 2.37377139e+01
v 6.55622777e+03 7.13535577e+03 2.54674387e+01
v 6.55692593e+03 7.13253589e+03 2.44514799e+01
v 6.55351290e+03 7.14653598e+03 2.47539290e+01
v 6.55351316e+03 7.14765996e+03 2.55281265e+01
v 6.54989573e+03 7.14903018e+03 2.45025227e+01
v 6.55114460e+03 7.16052688e+03 2.64909360e+01
v 6.55552737e+03 7.14678265e+03 2.82760610e+01
v 6.55119049e+03 7.14652845e+03 2.69633386e+01
v 6.55374152e+03 7.13648615e+03 2.63666712e+01
v 6.54838807e+03 7.18746330e+03 2.77006535e+01
v 6.54824427e+03 7.16034945e+03 2.68744337e+01
v 6.54699416e+03 7.16616817e+03 3.08229258e+01
v 6.54541945e+03 7.16666106e+03 2.94301239e+01
v 6.55758480e+03 7.17699314e+03 2.84948988e+01
v 6.55857271e+03 7.15898165e+03 2.91552067e+01
v 6.55860761e+03 7.16007775e+03 2.79987191e+01
v 6.55913200e+03 7.18212950e+03 2.93316843e+01
v 6.55691112e+03 7.18422579e+03 2.81197387e+01
v 6.54823965e+03 7.17550336e+03 2.68171188e+01
v 6.55107331e+03 7.17900861e+03 2.76073714e+01
v 6.55910115e+03 7.17460811e+03 2.97439748e+01
v 6.55009294e+03 7.14735151e+03 2.85326458e+01
v 6.54913443e+03 7.14945417e+03 2.68460091e+01
v 6.54941543e+03 7.14937505e+03 2.90115955e+01
v 6.54890424e+03 7.14980348e+03 3.01971723e+01
v 6.54884605e+03 7.15088716e+03 2.92366657e+01
v 6.54840082e+03 7.13627491e+03 2.87657263e+01
v 6.55510351e+03 7.14480305e+03 2.62957132e+01
v 6.55260174e+03 7.14446268e+03 2.78204511e+01
v 6.55591714e+03 7.14547701e+03 2.81395556e+01
v 6.55438167e+03 7.14382587e+03 2.70329976e+01
v 6.55204767e+03 7.13855869e+03 2.79719334e+01
v 6.56274477e+03 7.14345955e+03 3.46393919e+01
v 6.56147206e+03 7.14388563e+03 3.52827361e+01
v 6.55734511e+03 7.14545376e+03 3.00479771e+01
v 6.55701618e+03 7.15394706e+03 3.04069206e+01
v 6.56038364e+03 7.18775202e+03 2.85568617e+01
v 6.55842443e+03 7.18581827e+03 2.96949309e+01
v 6.55982928e+03 7.16364298e+03 2.90746913e+01
v 6.56050305e+03 7.16305877e+03 2.79989899e+01
v 6.55614700e+03 7.17850199e+03 2.82912083e+01
v 6.55389762e+03 7.16938976e+03 2.76823900e+01
v 6.55553794e+03 7.17116590e+03 2.78840287e+01
v 6.54739118e+03 7.17121172e+03 2.68413337e+01
v 6.54373433e+03 7.17258245e+03 2.68085590e+01
v 6.55434032e+03 7.14136183e+03 2.90440753e+01
v 6.55516904e+03 7.14391479e+03 2.93962339e+01
v 6.54659620e+03 7.13524801e+03 2.71271417e+01
v 6.54393434e+03 7.13348048e+03 2.35857073e+01
v 6.54331926e+03 7.13433291e+03 2.72652769e+01
v 6.54480657e+03 7.17232701e+03 2.89956853e+01
v 6.54521215e+03 7.17090651e+03 2.79145986e+01
v 6.55991061e+03 7.13444031e+03 2.76527403e+01
v 6.54859452e+03 7.18683347e+03 2.89631474e+01
v 6.55753584e+03 7.16879401e+03 2.74743936e+01
v 6.55013725e+03 7.13126544e+03 3.20514964e+01
v 6.54551007e+03 7.12806556e+03 2.70398474e+01
v 6.54931715e+03 7.12699644e+03 2.66353823e+01
v 6.56172859e+03 7.16410128e+03 2.81682167e+01
v 6.55411468e+03 7.17550673e+03 2.78296967e+01
v 6.55277574e+03 7.17432015e+03 2.84852292e+01
v 6.54715370e+03 7.16508867e+03 2.73036116e+01
v 6.54522906e+03 7.16838391e+03 2.77200670e+01
v 6.54991011e+03 7.18770574e+03 3.01953942e+01
v 6.52130112e+03 7.12498171e+03 3.14586300e+01
v 6.52231791e+03 7.12477550e+03 3.05068691e+01
v 6.53228405e+03 7.13206418e+03 3.37721850e+01
v 6.53262640e+03 7.13144310e+03 3.21237809e+01
v 6.54190672e+03 7.12934130e+03 3.11749906e+01
v 6.54194079e+03 7.12814147e+03 3.25809130e+01
v 6.54177868e+03 7.13895542e+03 3.10108967e+01
v 6.54375344e+03 7.14056778e+03 3.08473408e+01
v 6.52369651e+03 7.12681026e+03 3.11224083e+01
v 6.52222550e+03 7.12498666e+03 2.81508386e+01
v 6.52413633e+03 7.12581590e+03 2.89896906e+01
v 6.52380434e+03 7.12575077e+03 2.77936017e+01
v 6.52553949e+03 7.12457074e+03 2.88504299e+01
v 6.52504391e+03 7.12951859e+03 2.65069624e+01
v 6.52518592e+03 7.12829978e+03 2.82329909e+01
v 6.53396120e+03 7.13097492e+03 2.62030362e+01
v 6.53398681e+03 7.13001112e+03 2.25806763e+01
v 6.53325525e+03 7.13210245e+03 2.32938428e+01
v 6.52695671e+03 7.14486419e+03 2.58006559e+01
v 6.52661418e+03 7.14276157e+03 2.32549353e+01
v 6.53245977e+03 7.13016246e+03 2.20499293e+01
v 6.52853688e+03 7.13001769e+03 2.21655606e+01
v 6.52782660e+03 7.14659300e+03 2.75728030e+01
v 6.52879682e+03 7.14571974e+03 2.45616496e+01
v 6.52808337e+03 7.12799001e+03 2.19669615e+01
v 6.53649369e+03 7.12955676e+03 2.42890436e+01
v 6.53561484e+03 7.13127652e+03 2.70818643e+01
v 6.52457408e+03 7.12696796e+03 2.91899016e+01
v 6.52490004e+03 7.12755276e+03 2.67652461e+01
v 6.52589419e+03 7.12609883e+03 2.64681256e+01
v 6.52493324e+03 7.12549828e+03 2.67190108e+01
v 6.52521124e+03 7.13221913e+03 3.17212850e+01
v 6.52524229e+03 7.13369163e+03 3.45438423e+01
v 6.52911032e+03 7.14200628e+03 3.01270612e+01
v 6.52892117e+03 7.14091839e+03 2.77334544e+01
v 6.55038376e+03 7.15039210e+03 2.56661355e+01
v 6.55169790e+03 7.15292591e+03 2.62289510e+01
v 6.55310320e+03 7.16360261e+03 2.75302302e+01
v 6.55528750e+03 7.15643258e+03 2.67595967e+01
v 6.55530698e+03 7.15898284e+03 2.67767311e+01
v 6.56094085e+03 7.16447950e+03 2.93588588e+01
v 6.56177280e+03 7.13681923e+03 2.53567714e+01
v 6.56104762e+03 7.13577516e+03 2.77041684e+01
v 6.56282076e+03 7.14409135e+03 2.69240212e+01
v 6.56282728e+03 7.14272011e+03 2.79883470e+01
v 6.55694045e+03 7.15382637e+03 2.66339113e+01
v 6.55734604e+03 7.16150216e+03 2.78062672e+01
v 6.55531992e+03 7.16248884e+03 2.70593803e+01
v 6.55179086e+03 7.14700259e+03 2.87816339e+01
v 6.55408372e+03 7.16101191e+03 2.72321866e+01
v 6.56153084e+03 7.13383328e+03 2.43442200e+01
v 6.55733744e+03 7.15631200e+03 2.74565679e+01
v 6.56257942e+03 7.13971946e+03 3.03130126e+01
v 6.55613927e+03 7.16017542e+03 2.76439142e+01
v 6.56134731e+03 7.13165421e+03 2.40788830e+01
v 6.55436738e+03 7.15909989e+03 2.73824873e+01
v 6.55496967e+03 7.16511607e+03 2.76755816e+01
v 6.55362114e+03 7.15784010e+03 2.70085093e+01
v 6.54815365e+03 7.14824397e+03 2.85158481e+01
v 6.55021586e+03 7.14524598e+03 3.00286925e+01
v 6.55175144e+03 7.14470194e+03 2.97723901e+01
v 6.55841837e+03 7.15784996e+03 2.74287257e+01
v 6.55174910e+03 7.16844841e+03 2.71906774e+01
v 6.54892592e+03 7.16950942e+03 2.72339015e+01
v 6.54839027e+03 7.17164971e+03 2.71941871e+01
v 6.55056584e+03 7.17300057e+03 2.74344297e+01
v 6.54990569e+03 7.16682056e+03 2.72837752e+01
v 6.54749330e+03 7.16846935e+03 2.67410035e+01
v 6.54452467e+03 7.18218323e+03 2.70992181e+01
v 6.54675684e+03 7.18564179e+03 2.70342357e+01
v 6.54806049e+03 7.18451957e+03 2.74953008e+01
v 6.55024997e+03 7.18210226e+03 2.76658173e+01
v 6.55020726e+03 7.16374569e+03 2.71544995e+01
v 6.54914792e+03 7.16206264e+03 2.75199779e+01
v 6.55509502e+03 7.16888189e+03 2.75855814e+01
v 6.55602319e+03 7.16632581e+03 2.73164721e+01
v 6.55746279e+03 7.17090312e+03 2.75579006e+01
v 6.55936973e+03 7.16650632e+03 2.78809573e+01
v 6.54793679e+03 7.18058238e+03 2.71124326e+01
v 6.55453127e+03 7.18183575e+03 2.74847100e+01
v 6.55220736e+03 7.18465252e+03 2.76149255e+01
v 6.55320418e+03 7.18122755e+03 2.80892789e+01
v 6.55376864e+03 7.16961056e+03 2.93488393e+01
v 6.55135893e+03 7.17328460e+03 2.85476694e+01
v 6.55223094e+03 7.17182431e+03 2.71417430e+01
v 6.55625597e+03 7.16818439e+03 2.86631459e+01
v 6.55284117e+03 7.17015382e+03 2.75382748e+01
v 6.54977591e+03 7.18444158e+03 2.72338139e+01
v 6.55332164e+03 7.18537656e+03 2.77906032e+01
v 6.54634476e+03 7.17005175e+03 2.69090388e+01
v 6.54572679e+03 7.16725318e+03 2.66896485e+01
v 6.55783377e+03 7.16579378e+03 2.79949692e+01
v 6.55097767e+03 7.18584101e+03 2.78599250e+01
v 6.54610934e+03 7.17418703e+03 2.70879873e+01
v 6.54515476e+03 7.17674220e+03 2.70788667e+01
v 6.55174249e+03 7.18090261e+03 2.85433987e+01
v 6.55271977e+03 7.17928835e+03 2.81587405e+01
v 6.55487602e+03 7.18067869e+03 2.85959569e+01
v 6.55493905e+03 7.18274949e+03 2.88119524e+01
v 6.55226158e+03 7.17213896e+03 2.81138839e+01
v 6.55335113e+03 7.17117973e+03 2.94674413e+01
v 6.55309268e+03 7.17353426e+03 2.87438490e+01
v 6.55359687e+03 7.15241372e+03 3.23763843e+01
v 6.55698651e+03 7.16243109e+03 2.99388025e+01
v 6.55876739e+03 7.16220891e+03 2.99834189e+01
v 6.55434866e+03 7.17065829e+03 2.88696888e+01
v 6.55733707e+03 7.16146626e+03 2.93367433e+01
v 6.55392634e+03 7.17042486e+03 2.82234230e+01
v 6.55164427e+03 7.17464251e+03 2.73603657e+01
v 6.54604951e+03 7.16920695e+03 2.87538966e+01
v 6.55030516e+03 7.16170878e+03 2.89507209e+01
v 6.55829960e+03 7.14038892e+03 3.05217672e+01
v 6.56015565e+03 7.15677924e+03 2.84617129e+01
v 6.55932033e+03 7.15691048e+03 2.94389761e+01
v 6.56223065e+03 7.15450421e+03 2.88786851e+01
v 6.55883438e+03 7.18408601e+03 2.85622204e+01
v 6.55570011e+03 7.17953382e+03 3.09452320e+01
v 6.55563963e+03 7.17277873e+03 2.83050555e+01
v 6.55412318e+03 7.17153371e+03 2.98030451e+01
v 6.55436311e+03 7.17917047e+03 2.80004218e+01
v 6.55504835e+03 7.17751753e+03 3.15331752e+01
v 6.55568507e+03 7.17708302e+03 2.86143969e+01
v 6.56070478e+03 7.15820652e+03 2.89413565e+01
v 6.56070010e+03 7.18163211e+03 2.81913575e+01
v 6.55395375e+03 7.17325423e+03 2.75649322e+01
v 6.55808318e+03 7.15552113e+03 2.86505998e+01
v 6.55742222e+03 7.17600593e+03 2.76722453e+01
v 6.55540055e+03 7.17461947e+03 2.77742254e+01
v 6.55952125e+03 7.15893202e+03 2.86746726e+01
v 6.56129697e+03 7.16552396e+03 2.99818523e+01
v 6.55987178e+03 7.16563071e+03 3.13485243e+01
v 6.56004454e+03 7.14794661e+03 2.99610372e+01
v 6.55923030e+03 7.14940936e+03 3.16612955e+01
v 6.55787783e+03 7.15669250e+03 2.87762851e+01
v 6.56088134e+03 7.17952859e+03 2.83645471e+01
v 6.56101037e+03 7.14970831e+03 2.78581761e+01
v 6.55658255e+03 7.14751078e+03 3.02468094e+01
v 6.55309882e+03 7.16954335e+03 3.18517911e+01
v 6.55126987e+03 7.17178437e+03 3.18074299e+01
v 6.55786805e+03 7.14186084e+03 3.05038189e+01
v 6.54552333e+03 7.13843961e+03 2.94545491e+01
v 6.56297935e+03 7.14363990e+03 3.09789764e+01
v 6.55988832e+03 7.13751457e+03 2.98444030e+01
v 6.54984154e+03 7.15167329e+03 2.82534024e+01
v 6.56048532e+03 7.14914508e+03 2.92403731e+01
v 6.56291645e+03 7.14916143e+03 2.86210870e+01
v 6.54972888e+03 7.15319768e+03 2.98336917e+01
v 6.54830773e+03 7.15198013e+03 2.85571621e+01
v 6.55741758e+03 7.13692373e+03 2.95828459e+01
v 6.54911044e+03 7.14690954e+03 3.01521355e+01
v 6.55606096e+03 7.14377805e+03 2.99856776e+01
v 6.55177687e+03 7.13916097e+03 2.99880132e+01
v 6.55934266e+03 7.15068928e+03 3.01045145e+01
v 6.55383018e+03 7.14677197e+03 3.02800991e+01
v 6.54499103e+03 7.17008199e+03 2.90137430e+01
v 6.56079299e+03 7.15220716e+03 2.81011176e+01
v 6.54256280e+03 7.13654920e+03 3.00033097e+01
v 6.54849681e+03 7.13925933e+03 2.97175912e+01
v 6.54744956e+03 7.14066208e+03 3.10619424e+01
v 6.54645072e+03 7.15613511e+03 3.35089585e+01
v 6.54740104e+03 7.15640332e+03 3.06612341e+01
v 6.54488026e+03 7.17039424e+03 3.06116875e+01
v 6.54546358e+03 7.18621245e+03 2.76046812e+01
v 6.54741984e+03 7.18650194e+03 2.98554718e+01
v 6.54402791e+03 7.18417878e+03 2.70031648e+01
v 6.56211139e+03 7.14727534e+03 2.78818557e+01
v 6.55659871e+03 7.14718570e+03 3.18994747e+01
v 6.55108563e+03 7.15534136e+03 3.00475129e+01
v 6.56294758e+03 7.14428471e+03 3.22989162e+01
v 6.55706760e+03 7.16227627e+03 3.19319373e+01
v 6.55788954e+03 7.18766638e+03 3.47996520e+01
v 6.56278791e+03 7.14085194e+03 3.08157513e+01
v 6.56159181e+03 7.14037745e+03 3.12882580e+01
v 6.56120804e+03 7.14626226e+03 3.29752190e+01
v 6.56082933e+03 7.14539468e+03 3.39796305e+01
v 6.55996812e+03 7.13604476e+03 2.96978275e+01
v 6.55915123e+03 7.14028901e+03 3.17368786e+01
v 6.55785824e+03 7.18784558e+03 3.31564900e+01
v 6.55819375e+03 7.15273544e+03 3.01535976e+01
v 6.56030164e+03 7.15241022e+03 2.91785261e+01
v 6.55823050e+03 7.13079484e+03 3.37389710e+01
v 6.50082204e+03 7.17121041e+03 2.55647100e+01
v 6.50184533e+03 7.17223690e+03 2.76060195e+01
v 6.50766492e+03 7.16039449e+03 2.43337151e+01
v 6.51223142e+03 7.16661742e+03 2.47723445e+01
v 6.50750766e+03 7.17152265e+03 2.98309625e+01
v 6.50618023e+03 7.18342829e+03 2.13165668e+01
v 6.50170918e+03 7.17159920e+03 2.95462450e+01
v 6.50065013e+03 7.17133973e+03 3.04002069e+01
v 6.50067047e+03 7.16689812e+03 3.20392627e+01
v 6.50018549e+03 7.16730683e+03 3.01494991e+01
v 6.50280539e+03 7.17165927e+03 2.74884992e+01
v 6.51074872e+03 7.14502926e+03 2.75111129e+01
v 6.50768184e+03 7.14134138e+03 2.22618720e+01
v 6.50085569e+03 7.13958091e+03 2.10586573e+01
v 6.51333504e+03 7.18795276e+03 2.42610496e+01
v 6.50850924e+03 7.13587877e+03 2.37387670e+01
v 6.50880637e+03 7.17762235e+03 1.70048203e+01
v 6.51076659e+03 7.17942328e+03 1.53164480e+01
v 6.50572235e+03 7.17144453e+03 2.28201237e+01
v 6.51522075e+03 7.16726304e+03 2.21472244e+01
v 6.51125551e+03 7.13298782e+03 2.23597978e+01
v 6.50928210e+03 7.14319536e+03 2.01514154e+01
v 6.50864635e+03 7.14330860e+03 2.22559887e+01
v 6.50917726e+03 7.14601780e+03 2.01802105e+01
v 6.50091162e+03 7.14501611e+03 2.27422317e+01
v 6.50226311e+03 7.15056015e+03 2.26374476e+01
v 6.50046130e+03 7.15183945e+03 2.19763443e+01
v 6.50116959e+03 7.18424512e+03 1.58859689e+01
v 6.50060444e+03 7.18704927e+03 1.82493632e+01
v 6.50052049e+03 7.18615575e+03 1.56226921e+01
v 6.50303039e+03 7.17437877e+03 2.10133195e+01
v 6.50667399e+03 7.17459190e+03 1.80694593e+01
v 6.50887185e+03 7.17471042e+03 2.25480782e+01
v 6.50701121e+03 7.17316855e+03 2.18439645e+01
v 6.50327351e+03 7.18300859e+03 1.69062909e+01
v 6.50446409e+03 7.18293594e+03 1.87755453e+01
v 6.50656497e+03 7.18232049e+03 1.86525229e+01
v 6.50437167e+03 7.17633057e+03 1.51759319e+01
v 6.50000000e+03 7.18646918e+03 1.40435718e+01
v 6.50104641e+03 7.17808013e+03 1.63204764e+01
v 6.50252665e+03 7.18018576e+03 1.48076939e+01
v 6.50214386e+03 7.17730073e+03 1.61456756e+01
v 6.50000000e+03 7.18103019e+03 1.60655890e+01
v 6.50000000e+03 7.18280384e+03 1.38466230e+01
v 6.50897338e+03 7.18024692e+03 1.76150178e+01
v 6.50729607e+03 7.17428600e+03 2.03081088e+01
v 6.50958389e+03 7.16651610e+03 2.18843188e+01
v 6.51373794e+03 7.16729499e+03 2.10833896e+01
v 6.50436416e+03 7.17312615e+03 2.30005292e+01
v 6.51663945e+03 7.16582861e+03 1.92351185e+01
v 6.51704129e+03 7.16526036e+03 2.15184729e+01
v 6.51900155e+03 7.16287253e+03 2.13582776e+01
v 6.51841387e+03 7.16368407e+03 2.29340272e+01
v 6.51145651e+03 7.14325950e+03 2.10249856e+01
v 6.50268427e+03 7.18262151e+03 2.04057072e+01
v 6.50152953e+03 7.16869559e+03 3.01619123e+01
v 6.51081038e+03 7.12715386e+03 3.15008908e+01
v 6.51032820e+03 7.12832567e+03 3.05108495e+01
v 6.51341133e+03 7.12842209e+03 3.20280583e+01
v 6.51583423e+03 7.12502078e+03 3.39012197e+01
v 6.50901534e+03 7.17838963e+03 1.42588719e+01
v 6.51963550e+03 7.16731817e+03 2.67912915e+01
v 6.51121746e+03 7.16474886e+03 2.05221777e+01
v 6.51114135e+03 7.16628755e+03 2.08038998e+01
v 6.51351825e+03 7.16555632e+03 2.06154105e+01
v 6.51442081e+03 7.16322376e+03 2.16325318e+01
v 6.51147580e+03 7.16154039e+03 2.26173181e+01
v 6.50971175e+03 7.16236802e+03 2.18811981e+01
v 6.50550137e+03 7.18209892e+03 1.56046416e+01
v 6.50383586e+03 7.18145294e+03 1.46488606e+01
v 6.50940451e+03 7.18014564e+03 1.45553104e+01
v 6.51524399e+03 7.16694739e+03 1.94342511e+01
v 6.51722143e+03 7.16557805e+03 2.36648626e+01
v 6.50657837e+03 7.17622956e+03 1.51243100e+01
v 6.50000000e+03 7.13795540e+03 1.96579199e+01
v 6.50988877e+03 7.14597139e+03 1.85404357e+01
v 6.51339598e+03 7.18540468e+03 3.00255781e+01
v 6.51849816e+03 7.17823038e+03 2.81442164e+01
v 6.51783955e+03 7.17727825e+03 2.99314343e+01
v 6.51094853e+03 7.18427473e+03 2.90098611e+01
v 6.50759218e+03 7.17015096e+03 3.02734305e+01
v 6.50000000e+03 7.17107293e+03 2.96944561e+01
v 6.50000000e+03 7.17076409e+03 2.67754894e+01
v 6.50672541e+03 7.16913576e+03 2.96411949e+01
v 6.50138723e+03 7.16475439e+03 3.01735299e+01
v 6.50209297e+03 7.16425250e+03 3.17761805e+01
v 6.51830934e+03 7.18063117e+03 2.96898315e+01
v 6.51565371e+03 7.18244872e+03 3.01926954e+01
v 6.51398574e+03 7.18235663e+03 3.14305289e+01
v 6.51109726e+03 7.18256018e+03 2.94853357e+01
v 6.51085927e+03 7.17924001e+03 3.07791732e+01
v 6.51197372e+03 7.18409175e+03 3.01139152e+01
v 6.51699828e+03 7.17962129e+03 2.99809384e+01
v 6.51840800e+03 7.16680019e+03 3.13434535e+01
v 6.51882187e+03 7.16661241e+03 2.93067345e+01
v 6.51003967e+03 7.16912184e+03 3.19467663e+01
v 6.50873156e+03 7.16814646e+03 3.09433592e+01
v 6.51057875e+03 7.17392980e+03 3.13242556e+01
v 6.51464285e+03 7.17787093e+03 3.11397111e+01
v 6.51443813e+03 7.17649541e+03 3.10356852e+01
v 6.51349051e+03 7.17400271e+03 3.14929912e+01
v 6.51336830e+03 7.17665400e+03 3.09300654e+01
v 6.50051190e+03 7.17212132e+03 3.19454535e+01
v 6.50236843e+03 7.17104339e+03 3.06232248e+01
v 6.50000000e+03 7.17179889e+03 3.26834359e+01
v 6.51271282e+03 7.17861052e+03 3.13084464e+01
v 6.51184023e+03 7.17322075e+03 3.16722866e+01
v 6.50909788e+03 7.17026815e+03 3.17514812e+01
v 6.50799607e+03 7.16990751e+03 3.15159866e+01
v 6.50046801e+03 7.16586430e+03 3.04099302e+01
v 6.50000000e+03 7.16610511e+03 3.08849231e+01
v 6.50110882e+03 7.16826283e+03 3.19710773e+01
v 6.50380749e+03 7.16248529e+03 3.08896637e+01
v 6.50268027e+03 7.17015931e+03 3.17201898e+01
v 6.51572078e+03 7.17905251e+03 3.16670183e+01
v 6.51527982e+03 7.18182079e+03 3.24212770e+01
v 6.51607942e+03 7.17703761e+03 3.10300535e+01
v 6.51792551e+03 7.17640554e+03 3.24114273e+01
v 6.51657624e+03 7.18015637e+03 3.10998215e+01
v 6.51645780e+03 7.17586279e+03 3.28568073e+01
v 6.51837932e+03 7.17162624e+03 3.22410566e+01
v 6.51736361e+03 7.17324671e+03 3.29489670e+01
v 6.51517151e+03 7.17457339e+03 3.23957590e+01
v 6.51748193e+03 7.17489046e+03 3.26306098e+01
v 6.51329575e+03 7.18117628e+03 3.17886932e+01
v 6.51409671e+03 7.17966345e+03 3.23281135e+01
v 6.51271878e+03 7.17202445e+03 3.31596294e+01
v 6.50182370e+03 7.16858242e+03 3.29674043e+01
v 6.50054472e+03 7.16860720e+03 3.31240263e+01
v 6.51137419e+03 7.17156269e+03 3.36052079e+01
v 6.51519402e+03 7.16937118e+03 3.32514512e+01
v 6.51793184e+03 7.16952635e+03 3.34853508e+01
v 6.51859453e+03 7.16833019e+03 3.25883225e+01
v 6.51707468e+03 7.16832882e+03 3.26774127e+01
v 6.51328646e+03 7.16826405e+03 3.17812555e+01
v 6.51296678e+03 7.16957569e+03 3.28937991e+01
v 6.51377588e+03 7.16833365e+03 3.32140163e+01
v 6.50259438e+03 7.17096332e+03 3.37871569e+01
v 6.50179077e+03 7.17042666e+03 3.27087709e+01
v 6.50180143e+03 7.16944327e+03 3.21891456e+01
v 6.50102185e+03 7.16927399e+03 3.12788819e+01
v 6.50951851e+03 7.17367692e+03 3.22343975e+01
v 6.50887110e+03 7.17211356e+03 3.21001766e+01
v 6.50000000e+03 7.16807846e+03 3.23510686e+01
v 6.51208333e+03 7.16784398e+03 3.21752783e+01
v 6.51669981e+03 7.16943665e+03 3.38998210e+01
v 6.51127472e+03 7.16845829e+03 3.30827112e+01
v 6.50295515e+03 7.17144106e+03 3.22051801e+01
v 6.51048254e+03 7.17165121e+03 3.22358437e+01
v 6.50000000e+03 7.16494376e+03 3.24797117e+01
v 6.50000000e+03 7.16530933e+03 3.10524644e+01
v 6.50445472e+03 7.16117421e+03 3.01390532e+01
v 6.51658507e+03 7.14591606e+03 3.11376907e+01
v 6.51842413e+03 7.14605819e+03 3.00635987e+01
v 6.51937835e+03 7.14647748e+03 3.06312874e+01
v 6.50186106e+03 7.17154389e+03 3.19744260e+01
v 6.50091019e+03 7.16308176e+03 3.26924199e+01
v 6.50226965e+03 7.16292070e+03 3.12094088e+01
v 6.50518122e+03 7.15857842e+03 3.21600196e+01
v 6.50455476e+03 7.16021120e+03 3.27520040e+01
v 6.50651234e+03 7.15834567e+03 3.09114093e+01
v 6.50567295e+03 7.15580594e+03 3.24186330e+01
v 6.50348233e+03 7.16077974e+03 3.17419187e+01
v 6.50426983e+03 7.15684603e+03 3.33969370e+01
v 6.50330108e+03 7.15481350e+03 3.37140771e+01
v 6.50405937e+03 7.15362322e+03 3.23668560e+01
v 6.50120332e+03 7.15463491e+03 3.28721383e+01
v 6.51850722e+03 7.14946806e+03 3.20641144e+01
v 6.51738193e+03 7.14759343e+03 2.98962025e+01
v 6.51969471e+03 7.14641601e+03 3.25193968e+01
v 6.50494164e+03 7.15472776e+03 3.13827148e+01
v 6.50162693e+03 7.15329544e+03 3.17329188e+01
v 6.51685884e+03 7.14695129e+03 2.95955553e+01
v 6.50204574e+03 7.13153162e+03 3.13217060e+01
v 6.50310983e+03 7.13231248e+03 3.19511570e+01
v 6.50307008e+03 7.12813111e+03 3.17786850e+01
v 6.50461015e+03 7.13001055e+03 3.11926658e+01
v 6.50000000e+03 7.12959911e+03 3.16800848e+01
v 6.50108068e+03 7.13106854e+03 3.08704411e+01
v 6.50119741e+03 7.12913703e+03 3.22344583e+01
v 6.51281014e+03 7.12925137e+03 3.36222086e+01
v 6.51139631e+03 7.13190070e+03 3.24092999e+01
v 6.51214430e+03 7.12982572e+03 3.21570699e+01
v 6.51239467e+03 7.13514531e+03 3.16671728e+01
v 6.51350593e+03 7.13709699e+03 3.29543560e+01
v 6.51378768e+03 7.13964237e+03 3.27627156e+01
v 6.50182615e+03 7.16118815e+03 3.29234775e+01
v 6.50000000e+03 7.15918627e+03 3.33115554e+01
v 6.50000000e+03 7.16119331e+03 3.23626878e+01
v 6.50000000e+03 7.15434451e+03 3.18996398e+01
v 6.50483648e+03 7.13318115e+03 3.13940527e+01
v 6.50308922e+03 7.13351444e+03 3.14321040e+01
v 6.50589094e+03 7.13309103e+03 3.00592106e+01
v 6.50524736e+03 7.13501095e+03 3.08613207e+01
v 6.51464002e+03 7.14377620e+03 3.13005706e+01
v 6.51647719e+03 7.14309576e+03 3.08092133e+01
v 6.51562405e+03 7.14154210e+03 3.13830421e+01
v 6.51779624e+03 7.14131393e+03 3.06228689e+01
v 6.51571805e+03 7.14063498e+03 3.32646020e+01
v 6.51790112e+03 7.13990695e+03 3.28033220e+01
v 6.51888830e+03 7.14290555e+03 2.89956051e+01
v 6.51774289e+03 7.14460124e+03 3.09923858e+01
v 6.51299911e+03 7.13255914e+03 3.45838155e+01
v 6.50830124e+03 7.12922930e+03 3.19428355e+01
v 6.50680786e+03 7.13023926e+03 3.08384707e+01
v 6.50732309e+03 7.12812493e+03 3.20777485e+01
v 6.50000000e+03 7.13103570e+03 3.06688320e+01
v 6.50000000e+03 7.13379845e+03 3.04003346e+01
v 6.50000000e+03 7.12774996e+03 3.22345312e+01
v 6.50153659e+03 7.13435931e+03 3.13697776e+01
v 6.50120063e+03 7.13303938e+03 3.07933830e+01
v 6.50249366e+03 7.13681604e+03 2.99946952e+01
v 6.50459238e+03 7.13607806e+03 3.04188762e+01
v 6.50664336e+03 7.13380559e+03 2.97234819e+01
v 6.50586164e+03 7.13176077e+03 3.08040424e+01
v 6.50948218e+03 7.13269106e+03 2.95585036e+01
v 6.50203321e+03 7.13552839e+03 3.21112141e+01
v 6.50584406e+03 7.15624746e+03 3.01250578e+01
v 6.50000000e+03 7.14367575e+03 2.89071357e+01
v 6.50000000e+03 7.14383407e+03 3.04634640e+01
v 6.50000000e+03 7.14630796e+03 2.99970009e+01
v 6.51182878e+03 7.15064357e+03 3.07532781e+01
v 6.50594728e+03 7.15488867e+03 3.02786333e+01
v 6.51645599e+03 7.14888135e+03 2.88637729e+01
v 6.51927746e+03 7.15217601e+03 3.08875024e+01
v 6.51829805e+03 7.16052085e+03 2.95023876e+01
v 6.51910572e+03 7.15877202e+03 2.96910696e+01
v 6.51113053e+03 7.15665547e+03 2.88405153e+01
v 6.51311332e+03 7.15565363e+03 3.01600557e+01
v 6.50986028e+03 7.15746541e+03 2.93023112e+01
v 6.51858030e+03 7.15758646e+03 3.07991339e+01
v 6.51133165e+03 7.14779559e+03 3.03960554e+01
v 6.50702873e+03 7.13141374e+03 2.94575471e+01
v 6.50835762e+03 7.13038684e+03 2.99058398e+01
v 6.51099800e+03 7.12909571e+03 3.09246632e+01
v 6.50947442e+03 7.12968047e+03 2.90262834e+01
v 6.52000299e+03 7.14169737e+03 2.88221739e+01
v 6.51819765e+03 7.14763731e+03 3.10654566e+01
v 6.52029536e+03 7.14775576e+03 3.21126124e+01
v 6.51915742e+03 7.17009765e+03 3.28526159e+01
v 6.51823340e+03 7.17418632e+03 3.32896782e+01
v 6.52004885e+03 7.17353252e+03 3.25693808e+01
v 6.51732620e+03 7.14271510e+03 2.99734559e+01
v 6.51881472e+03 7.12863799e+03 3.62840674e+01
v 6.51907859e+03 7.13044198e+03 3.69298414e+01
v 6.51653229e+03 7.13137195e+03 3.64343324e+01
v 6.51849241e+03 7.13257332e+03 3.60246488e+01
v 6.51728867e+03 7.13312849e+03 3.56925962e+01
v 6.51608570e+03 7.13375303e+03 3.54111818e+01
v 6.51825777e+03 7.13476661e+03 3.68061821e+01
v 6.51966857e+03 7.13307504e+03 3.59158809e+01
v 6.51893125e+03 7.16830504e+03 2.94525465e+01
v 6.51690678e+03 7.13794406e+03 3.42465135e+01
v 6.51696842e+03 7.13561170e+03 3.57360965e+01
v 6.51474369e+03 7.13539648e+03 3.32255784e+01
v 6.51965015e+03 7.13802742e+03 3.50955652e+01
v 6.50878039e+03 7.12636699e+03 3.33744366e+01
v 6.50732972e+03 7.12754046e+03 3.41228627e+01
v 6.51268510e+03 7.12902051e+03 3.15130629e+01
v 6.51353111e+03 7.13074171e+03 3.43885037e+01
v 6.51351735e+03 7.12956843e+03 3.48084251e+01
v 6.51712614e+03 7.12951110e+03 3.61258674e+01
v 6.51433442e+03 7.13222870e+03 3.48523667e+01
v 6.51546739e+03 7.12848247e+03 3.53775062e+01
v 6.51469008e+03 7.12908634e+03 3.46205586e+01
v 6.51508126e+03 7.13665887e+03 3.36876286e+01
v 6.50205477e+03 7.15747006e+03 3.35411264e+01
v 6.50228727e+03 7.15974716e+03 3.36529053e+01
v 6.51566453e+03 7.13910229e+03 3.33168571e+01
v 6.50053115e+03 7.15784442e+03 3.35517718e+01
v 6.50000000e+03 7.16369340e+03 3.38651781e+01
v 6.50000000e+03 7.16187161e+03 3.37834083e+01
v 6.50034066e+03 7.16813719e+03 3.38969809e+01
v 6.50000000e+03 7.16695027e+03 3.33389825e+01
v 6.51139531e+03 7.17017131e+03 3.33051142e+01
v 6.50368780e+03 7.15911935e+03 3.39438912e+01
v 6.50148335e+03 7.16949303e+03 3.62805318e+01
v 6.50141296e+03 7.16880437e+03 3.46607542e+01
v 6.50000000e+03 7.16924266e+03 3.44333578e+01
v 6.50000000e+03 7.16559071e+03 3.46816826e+01
v 6.50000000e+03 7.16602217e+03 3.40553033e+01
v 6.51463878e+03 7.17376768e+03 3.35527320e+01
v 6.51775049e+03 7.17176258e+03 3.40367073e+01
v 6.50167212e+03 7.17095187e+03 3.45059146e+01
v 6.50000000e+03 7.17123492e+03 3.39384618e+01
v 6.51465600e+03 7.17261283e+03 3.41813474e+01
v 6.50127794e+03 7.17235383e+03 3.36417753e+01
v 6.50220376e+03 7.17014490e+03 3.57506269e+01
v 6.50110230e+03 7.17172153e+03 3.55862307e+01
v 6.51472163e+03 7.17094143e+03 3.38475910e+01
v 6.50250722e+03 7.16984095e+03 3.45057980e+01
v 6.51948325e+03 7.17240532e+03 3.18172510e+01
v 6.50000000e+03 7.17032587e+03 3.52220169e+01
v 6.50070456e+03 7.16997974e+03 3.78254114e+01
v 6.50124573e+03 7.17116232e+03 3.76187506e+01
v 6.50000000e+03 7.16988426e+03 3.59858331e+01
v 6.50000000e+03 7.16794883e+03 3.33002228e+01
v 6.50000000e+03 7.17050458e+03 3.73533764e+01
v 6.50000000e+03 7.15630793e+03 3.22924138e+01
v 6.50000000e+03 7.16845647e+03 3.44308265e+01
v 6.51396705e+03 7.12696062e+03 3.35816776e+01
v 6.51463649e+03 7.12622782e+03 3.31621878e+01
v 6.51400941e+03 7.12637739e+03 3.51453360e+01
v 6.50000000e+03 7.16705404e+03 3.22812881e+01
v 6.50000000e+03 7.14088594e+03 2.13431465e+01
v 6.50000000e+03 7.17551969e+03 1.80682321e+01
v 6.50000000e+03 7.17684895e+03 1.67262252e+01
v 6.50000000e+03 7.13975482e+03 2.06881548e+01
v 6.50000000e+03 7.17098703e+03 2.36897076e+01
v 6.50000000e+03 7.18552811e+03 1.49049601e+01
v 6.50000000e+03 7.16574385e+03 3.41586321e+01
v 6.50000000e+03 7.16471323e+03 3.46078536e+01
v 6.50000000e+03 7.16475388e+03 3.46446407e+01
v 6.50000000e+03 7.16478081e+03 3.45796700e+01
v 6.50000000e+03 7.16966221e+03 3.10069250e+01
v 6.50000000e+03 7.16538406e+03 3.07431347e+01
v 6.50000000e+03 7.13720108e+03 2.20054091e+01
v 6.50000000e+03 7.13745944e+03 2.51884058e+01
v 6.50000000e+03 7.17459751e+03 1.99304154e+01
v 6.50000000e+03 7.18684675e+03 1.91383954e+01
v 6.50000000e+03 7.18638753e+03 1.97514829e+01
v 6.50000000e+03 7.12471302e+03 3.01947164e+01
v 6.50000000e+03 7.12696374e+03 3.13153742e+01
v 6.54270320e+03 7.12564917e+03 4.45755326e+01
v 6.54366246e+03 7.12597013e+03 4.37863518e+01
v 6.54514969e+03 7.12543185e+03 4.42111136e+01
v 6.54173265e+03 7.12580171e+03 4.31241699e+01
v 6.54044325e+03 7.12462609e+03 4.23605472e+01
v 6.54358485e+03 7.12746046e+03 4.22913652e+01
v 6.54059075e+03 7.12542940e+03 3.80327758e+01
v 6.53959897e+03 7.12486082e+03 3.98614976e+01
v 6.54141732e+03 7.12692429e+03 4.06903612e+01
v 6.54457697e+03 7.12933028e+03 3.81148152e+01
v 6.54423361e+03 7.12842495e+03 3.61900898e+01
v 6.54058814e+03 7.12667797e+03 3.54897767e+01
v 6.54114200e+03 7.13648639e+03 3.30681073e+01
v 6.53840510e+03 7.13464977e+03 3.11433502e+01
v 6.54294287e+03 7.12952978e+03 3.49961928e+01
v 6.54151653e+03 7.12806030e+03 3.42652317e+01
v 6.54316222e+03 7.13043992e+03 3.02201151e+01
v 6.54188063e+03 7.12643945e+03 2.64791044e+01
v 6.52402269e+03 7.12715018e+03 3.26455944e+01
v 6.52181311e+03 7.12625710e+03 3.41672582e+01
v 6.51933532e+03 7.12593329e+03 3.43014673e+01
v 6.52520340e+03 7.12973585e+03 3.12092646e+01
v 6.52557854e+03 7.13143288e+03 3.25758138e+01
v 6.52592454e+03 7.13080673e+03 3.03533569e+01
v 6.52204818e+03 7.12789413e+03 3.41603336e+01
v 6.52368296e+03 7.12864616e+03 3.36658348e+01
v 6.51820865e+03 7.12502583e+03 3.35788781e+01
v 6.52045887e+03 7.12762271e+03 3.49707200e+01
v 6.53891651e+03 7.12574417e+03 3.37208654e+01
v 6.54003555e+03 7.12859237e+03 3.17448528e+01
v 6.53951458e+03 7.12815770e+03 3.45936744e+01
v 6.52186184e+03 7.12929452e+03 3.49645552e+01
v 6.52040472e+03 7.12866103e+03 3.63233616e+01
v 6.53060826e+03 7.13084859e+03 3.30082828e+01
v 6.53366203e+03 7.13973818e+03 3.75959961e+01
v 6.53400856e+03 7.13987238e+03 3.78189297e+01
v 6.53552436e+03 7.13573322e+03 3.71479404e+01
v 6.53538436e+03 7.13695926e+03 3.90901308e+01
v 6.53593385e+03 7.13603401e+03 3.83964933e+01
v 6.51984436e+03 7.13155989e+03 3.66520252e+01
v 6.52961595e+03 7.13631073e+03 3.79118832e+01
v 6.53070727e+03 7.13675873e+03 3.88755618e+01
v 6.53064896e+03 7.13494859e+03 3.73245862e+01
v 6.52994587e+03 7.13272252e+03 3.54786461e+01
v 6.52904551e+03 7.13583031e+03 3.64801659e+01
v 6.52401565e+03 7.13033501e+03 3.43025214e+01
v 6.52627868e+03 7.16795916e+03 3.35299904e+01
v 6.52763731e+03 7.16720863e+03 3.45303842e+01
v 6.53543454e+03 7.15494705e+03 2.80978344e+01
v 6.53727297e+03 7.15613092e+03 2.97576146e+01
v 6.50000000e+03 7.17863442e+03 1.64127286e+01
v 6.50828240e+03 7.16432142e+03 2.10792049e+01
v 6.50783295e+03 7.16791037e+03 2.29963152e+01
v 6.50000000e+03 7.18707605e+03 1.99331361e+01
v 6.50097634e+03 7.18380305e+03 2.04716446e+01
v 6.51445216e+03 7.18735783e+03 2.22794217e+01
v 6.50929263e+03 7.16527185e+03 1.91441421e+01
v 6.50301609e+03 7.17885990e+03 1.31499686e+01
v 6.50365787e+03 7.18266919e+03 2.18678458e+01
v 6.50480316e+03 7.17847882e+03 1.30952520e+01
v 6.51639649e+03 7.16468124e+03 2.00705234e+01
v 6.51676421e+03 7.16306666e+03 2.08689573e+01
v 6.51745745e+03 7.18367342e+03 2.36780773e+01
v 6.52124022e+03 7.17972300e+03 2.25261452e+01
v 6.51994437e+03 7.16201248e+03 2.25566420e+01
v 6.51216541e+03 7.16741733e+03 2.12866956e+01
v 6.51460562e+03 7.16664536e+03 2.48643265e+01
v 6.50262094e+03 7.14531232e+03 2.36808863e+01
v 6.50157547e+03 7.15011155e+03 2.36259659e+01
v 6.50599753e+03 7.16132368e+03 2.45168734e+01
v 6.52392417e+03 7.12821774e+03 3.01135454e+01
v 6.52494687e+03 7.12993967e+03 2.87819820e+01
v 6.52490104e+03 7.12518188e+03 2.77810831e+01
v 6.52820170e+03 7.12509343e+03 2.78819021e+01
v 6.52836026e+03 7.12616205e+03 2.70342716e+01
v 6.52769774e+03 7.12698806e+03 2.48090695e+01
v 6.53480329e+03 7.12906787e+03 2.50430967e+01
v 6.53600184e+03 7.12823051e+03 2.22699031e+01
v 6.52665304e+03 7.13012700e+03 2.55973678e+01
v 6.52646912e+03 7.12902886e+03 2.38223067e+01
v 6.52534120e+03 7.12783069e+03 2.51622021e+01
v 6.52965239e+03 7.12535335e+03 2.22928450e+01
v 6.53862187e+03 7.12876553e+03 2.28442805e+01
v 6.54076289e+03 7.12492398e+03 2.37732686e+01
v 6.54103896e+03 7.12651174e+03 2.26086855e+01
v 6.54352699e+03 7.12666138e+03 2.39690028e+01
v 6.51106688e+03 7.12753304e+03 3.01508388e+01
v 6.50132998e+03 7.12678800e+03 3.25458377e+01
v 6.51378857e+03 7.12725196e+03 3.20863072e+01
v 6.50460337e+03 7.12842299e+03 3.20746601e+01
v 6.50453159e+03 7.12693117e+03 3.31036824e+01
v 6.50572201e+03 7.12771674e+03 3.39430996e+01
v 6.52816395e+03 7.15071333e+03 2.60944846e+01
v 6.52735414e+03 7.15208516e+03 2.69184285e+01
v 6.52579853e+03 7.13417022e+03 2.76098396e+01
v 6.52681874e+03 7.13603873e+03 2.57663055e+01
v 6.52850237e+03 7.14870523e+03 2.83626864e+01
v 6.52576617e+03 7.15152637e+03 2.79902665e+01
v 6.52640913e+03 7.15262375e+03 2.62648530e+01
v 6.52234590e+03 7.14015260e+03 2.74743617e+01
v 6.52216467e+03 7.13860335e+03 2.90885533e+01
v 6.52030343e+03 7.14347579e+03 2.85406289e+01
v 6.52109054e+03 7.14370517e+03 2.71272628e+01
v 6.52320771e+03 7.13831305e+03 2.72641651e+01
v 6.52453637e+03 7.13870787e+03 2.70932821e+01
v 6.53432949e+03 7.15484822e+03 2.91815086e+01
v 6.53519232e+03 7.15737548e+03 2.90492700e+01
v 6.54284147e+03 7.14826934e+03 2.82478928e+01
v 6.54154153e+03 7.14773258e+03 2.67937997e+01
v 6.53397217e+03 7.15608062e+03 2.67834865e+01
v 6.53136674e+03 7.15469726e+03 3.01493714e+01
v 6.53232501e+03 7.15645056e+03 3.14736693e+01
v 6.53055708e+03 7.16214444e+03 2.61169921e+01
v 6.53031974e+03 7.16225076e+03 2.95291603e+01
v 6.52442413e+03 7.16344059e+03 2.68247639e+01
v 6.52440290e+03 7.16334140e+03 2.77392709e+01
v 6.52688876e+03 7.15128025e+03 2.71388117e+01
v 6.52832373e+03 7.16381671e+03 2.75118760e+01
v 6.52610429e+03 7.16283423e+03 2.66296265e+01
v 6.52628515e+03 7.13211683e+03 2.78078171e+01
v 6.52265006e+03 7.16702907e+03 2.72917208e+01
v 6.52336094e+03 7.16510461e+03 2.57120090e+01
v 6.52441343e+03 7.16480183e+03 2.79505579e+01
v 6.52906359e+03 7.15345951e+03 2.77502298e+01
v 6.52783158e+03 7.15385499e+03 2.99114643e+01
v 6.51978175e+03 7.16678783e+03 2.60413154e+01
v 6.52186184e+03 7.16506485e+03 2.67014937e+01
v 6.52178785e+03 7.15641836e+03 2.41478912e+01
v 6.52042691e+03 7.15727419e+03 2.56368403e+01
v 6.52282626e+03 7.16393001e+03 2.55475481e+01
v 6.52096138e+03 7.16663509e+03 2.62070263e+01
v 6.52196439e+03 7.16787600e+03 2.63758993e+01
v 6.52369256e+03 7.16279834e+03 2.61142937e+01
v 6.52130134e+03 7.16336621e+03 2.59323834e+01
v 6.52151566e+03 7.16229533e+03 2.35725098e+01
v 6.52316306e+03 7.13695023e+03 2.85953514e+01
v 6.52368209e+03 7.14368125e+03 2.70863812e+01
v 6.52258853e+03 7.14428782e+03 2.76618328e+01
v 6.52937871e+03 7.15843722e+03 2.54008741e+01
v 6.52633865e+03 7.15737443e+03 2.73721979e+01
v 6.52268171e+03 7.16775805e+03 2.87316306e+01
v 6.52020982e+03 7.15773617e+03 2.83065312e+01
v 6.52166923e+03 7.16627164e+03 2.72060946e+01
v 6.52064050e+03 7.16698709e+03 2.88148460e+01
v 6.52470521e+03 7.16596526e+03 2.80563527e+01
v 6.52486797e+03 7.14309169e+03 2.56953788e+01
v 6.52180578e+03 7.14367109e+03 2.49682119e+01
v 6.52395786e+03 7.15473867e+03 2.79369906e+01
v 6.52538413e+03 7.15540110e+03 2.56390268e+01
v 6.53177025e+03 7.13076383e+03 2.50388326e+01
v 6.53142752e+03 7.13088714e+03 2.65749526e+01
v 6.52911823e+03 7.14748903e+03 2.43567718e+01
v 6.53389427e+03 7.13195645e+03 2.79209275e+01
v 6.54274363e+03 7.14914390e+03 2.82377039e+01
v 6.53175207e+03 7.12998941e+03 2.84764650e+01
v 6.53211321e+03 7.13047187e+03 3.01891551e+01
v 6.54157636e+03 7.14889152e+03 2.50761949e+01
v 6.54109638e+03 7.14697705e+03 2.36378347e+01
v 6.54104885e+03 7.14564248e+03 2.96559222e+01
v 6.52913135e+03 7.14021993e+03 2.56899686e+01
v 6.52434716e+03 7.13674502e+03 2.70597961e+01
v 6.52127020e+03 7.16563666e+03 2.56665183e+01
v 6.52761400e+03 7.13280468e+03 2.46919195e+01
v 6.52457959e+03 7.15433639e+03 2.48795578e+01
v 6.52485516e+03 7.15289062e+03 2.69125511e+01
v 6.52831262e+03 7.15295436e+03 2.50278614e+01
v 6.53028483e+03 7.15483530e+03 2.46278340e+01
v 6.52522778e+03 7.15066089e+03 2.86319759e+01
v 6.52697492e+03 7.15629047e+03 2.43440477e+01
v 6.52703239e+03 7.15766708e+03 2.56195269e+01
v 6.52969588e+03 7.16240488e+03 2.49314763e+01
v 6.52010791e+03 7.16375765e+03 2.44402361e+01
v 6.52633085e+03 7.16179076e+03 2.58105804e+01
v 6.54095975e+03 7.18770249e+03 2.60105682e+01
v 6.52627969e+03 7.17556552e+03 2.51590113e+01
v 6.52843916e+03 7.17530508e+03 2.51602966e+01
v 6.54266420e+03 7.18732471e+03 2.67285877e+01
v 6.52946583e+03 7.13033261e+03 3.13248995e+01
v 6.52280403e+03 7.14325239e+03 2.94078025e+01
v 6.52951513e+03 7.15344001e+03 2.61871423e+01
v 6.53289355e+03 7.15455452e+03 2.71404340e+01
v 6.53318541e+03 7.15555626e+03 2.45646873e+01
v 6.52702774e+03 7.18097024e+03 2.79391210e+01
v 6.52711570e+03 7.17957479e+03 2.83870782e+01
v 6.53035188e+03 7.15181956e+03 2.45996591e+01
v 6.53933997e+03 7.14603367e+03 2.50699388e+01
v 6.53809603e+03 7.15369956e+03 2.62997011e+01
v 6.52419208e+03 7.18699422e+03 2.55001568e+01
v 6.52375351e+03 7.18620345e+03 2.66028377e+01
v 6.52311589e+03 7.18764089e+03 2.52178271e+01
v 6.52822894e+03 7.17812166e+03 2.69784560e+01
v 6.53986327e+03 7.18799272e+03 2.60372430e+01
v 6.52427711e+03 7.15541867e+03 2.92941955e+01
v 6.52438351e+03 7.18625659e+03 2.74471745e+01
v 6.52326370e+03 7.16682589e+03 2.91392669e+01
v 6.52655584e+03 7.18354110e+03 2.89108659e+01
v 6.52573979e+03 7.18372466e+03 2.72609316e+01
v 6.52477204e+03 7.18469870e+03 2.72314995e+01
v 6.52288725e+03 7.17519339e+03 2.73436081e+01
v 6.52456615e+03 7.18528742e+03 2.50646051e+01
v 6.52460293e+03 7.18261849e+03 2.37567869e+01
v 6.54203570e+03 7.18799996e+03 2.89151619e+01
v 6.54364091e+03 7.18271443e+03 2.87894563e+01
v 6.54305826e+03 7.18099737e+03 2.85654812e+01
v 6.54282131e+03 7.17982096e+03 2.97171215e+01
v 6.53592822e+03 7.17561096e+03 2.83153813e+01
v 6.53619716e+03 7.17785162e+03 2.73408405e+01
v 6.54336609e+03 7.18536281e+03 2.70249057e+01
v 6.54058441e+03 7.17656711e+03 2.84059023e+01
v 6.53886866e+03 7.17558602e+03 2.72726645e+01
v 6.54026335e+03 7.18715422e+03 3.18048388e+01
v 6.54361057e+03 7.17931558e+03 2.72807018e+01
v 6.54173775e+03 7.17639266e+03 2.69406490e+01
v 6.54263706e+03 7.17690767e+03 2.89734741e+01
v 6.54318121e+03 7.17627229e+03 3.04224600e+01
v 6.53843654e+03 7.17624466e+03 2.69706962e+01
v 6.53629117e+03 7.17880465e+03 2.95456044e+01
v 6.54341597e+03 7.17339921e+03 3.21897016e+01
v 6.54258260e+03 7.18342999e+03 2.99910642e+01
v 6.54369615e+03 7.18149600e+03 3.04519529e+01
v 6.54174286e+03 7.17459721e+03 2.70036738e+01
v 6.53401830e+03 7.17480680e+03 2.89786190e+01
v 6.53391009e+03 7.17793449e+03 2.95819185e+01
v 6.53692826e+03 7.17624371e+03 2.69040533e+01
v 6.51865833e+03 7.16338349e+03 2.40052768e+01
v 6.52293712e+03 7.16253578e+03 2.43555198e+01
v 6.52297828e+03 7.14126475e+03 2.40257248e+01
v 6.52418600e+03 7.14122532e+03 2.21193770e+01
v 6.52533829e+03 7.13905216e+03 2.16799620e+01
v 6.51917979e+03 7.18655108e+03 2.09532683e+01
v 6.52121787e+03 7.18781448e+03 2.02975131e+01
v 6.52203187e+03 7.18519507e+03 2.11619674e+01
v 6.52517571e+03 7.15839244e+03 2.31943018e+01
v 6.52648421e+03 7.15760315e+03 2.42236789e+01
v 6.53984239e+03 7.15060068e+03 2.53174018e+01
v 6.52865070e+03 7.16094906e+03 2.27721489e+01
v 6.52150830e+03 7.16881087e+03 2.72604949e+01
v 6.52194869e+03 7.18328090e+03 2.28875515e+01
v 6.52270042e+03 7.18440839e+03 2.36868999e+01
v 6.52665840e+03 7.15335266e+03 2.86102550e+01
v 6.52911772e+03 7.15366048e+03 2.94228167e+01
v 6.53609230e+03 7.14532898e+03 2.33377386e+01
v 6.53973660e+03 7.14832122e+03 2.37203363e+01
v 6.53216442e+03 7.15264476e+03 2.34421026e+01
v 6.53485318e+03 7.15708107e+03 2.34776121e+01
v 6.53465682e+03 7.15894906e+03 2.39431395e+01
v 6.52976503e+03 7.13019646e+03 2.91057179e+01
v 6.52157717e+03 7.15441679e+03 2.68891941e+01
v 6.52319455e+03 7.15516426e+03 2.47159809e+01
v 6.52475338e+03 7.15608600e+03 2.47409991e+01
v 6.52272878e+03 7.15660224e+03 2.57363672e+01
v 6.52984516e+03 7.14401413e+03 2.40499832e+01
v 6.53905106e+03 7.15204348e+03 2.98059673e+01
v 6.53746294e+03 7.15447791e+03 2.92024388e+01
v 6.54000735e+03 7.17380270e+03 3.44125186e+01
v 6.53860120e+03 7.17503076e+03 3.38692878e+01
v 6.51941354e+03 7.18773079e+03 2.57733273e+01
v 6.52607680e+03 7.18447172e+03 3.01956131e+01
v 6.54200542e+03 7.18382167e+03 3.56514852e+01
v 6.54133786e+03 7.18426945e+03 3.47465262e+01
v 6.53038465e+03 7.16111221e+03 2.97767441e+01
v 6.52419528e+03 7.14953872e+03 3.56649276e+01
v 6.52430274e+03 7.15051871e+03 3.27911763e+01
v 6.52605066e+03 7.16528902e+03 2.85484293e+01
v 6.52753445e+03 7.16576383e+03 2.77661264e+01
v 6.52305295e+03 7.15106765e+03 2.98715215e+01
v 6.52628700e+03 7.15095710e+03 3.05271454e+01
v 6.53254674e+03 7.15546813e+03 2.78486487e+01
v 6.53251907e+03 7.15485705e+03 2.96068569e+01
v 6.54292574e+03 7.18700593e+03 2.86047899e+01
v 6.54155042e+03 7.17120103e+03 3.51645149e+01
v 6.54241813e+03 7.17126259e+03 3.68021943e+01
v 6.53858503e+03 7.15472616e+03 2.95731869e+01
v 6.52646455e+03 7.18677256e+03 2.76835074e+01
v 6.52408704e+03 7.16089237e+03 2.23854505e+01
v 6.53142353e+03 7.15496757e+03 3.17796134e+01
v 6.53237238e+03 7.15623644e+03 3.32684905e+01
v 6.54310505e+03 7.13244666e+03 2.60433105e+01
v 6.52461291e+03 7.13630634e+03 2.83976078e+01
v 6.52646778e+03 7.13417680e+03 2.53499532e+01
v 6.53113226e+03 7.14172009e+03 3.48339557e+01
v 6.53399476e+03 7.14216745e+03 3.44013561e+01
v 6.52649007e+03 7.18652035e+03 2.98318338e+01
v 6.52580883e+03 7.14393296e+03 2.78689792e+01
v 6.52099613e+03 7.14337189e+03 2.45832023e+01
v 6.53060707e+03 7.18672513e+03 3.11808136e+01
v 6.53196572e+03 7.18570263e+03 3.14867777e+01
v 6.52795789e+03 7.17465621e+03 2.68642622e+01
v 6.52265570e+03 7.18574983e+03 2.42028809e+01
v 6.52184511e+03 7.16004060e+03 2.28672408e+01
v 6.52079780e+03 7.15824756e+03 2.54130725e+01
v 6.52671541e+03 7.13236564e+03 2.22565534e+01
v 6.53823781e+03 7.17806411e+03 2.83770065e+01
v 6.52158783e+03 7.15491695e+03 2.42198876e+01
v 6.52472700e+03 7.15620714e+03 2.79404712e+01
v 6.54155275e+03 7.17565566e+03 3.36039891e+01
v 6.54213896e+03 7.17667500e+03 3.45297162e+01
v 6.52813796e+03 7.13767054e+03 3.54880877e+01
v 6.52927934e+03 7.13715790e+03 3.62784859e+01
v 6.52924366e+03 7.17835314e+03 3.13341801e+01
v 6.53242569e+03 7.17845943e+03 3.08055863e+01
v 6.51897735e+03 7.16666604e+03 2.49621491e+01
v 6.53454990e+03 7.17149432e+03 3.86982711e+01
v 6.53335129e+03 7.16916380e+03 3.80093355e+01
v 6.52471727e+03 7.15628629e+03 3.15054363e+01
v 6.54306768e+03 7.18137747e+03 3.61820120e+01
v 6.54239785e+03 7.18079913e+03 3.58377571e+01
v 6.53793773e+03 7.17676248e+03 3.36499474e+01
v 6.53653010e+03 7.17629744e+03 3.32688432e+01
v 6.52701707e+03 7.13530108e+03 2.90265547e+01
v 6.52794155e+03 7.13542411e+03 3.24259960e+01
v 6.52536419e+03 7.13386399e+03 3.07203443e+01
v 6.55207220e+03 7.18774801e+03 3.32798725e+01
v 6.55436051e+03 7.18655150e+03 3.34893563e+01
v 6.55937571e+03 7.18132450e+03 3.42387458e+01
v 6.55707064e+03 7.18526114e+03 3.27572638e+01
v 6.55331107e+03 7.18450330e+03 3.37036070e+01
v 6.55542934e+03 7.18542551e+03 3.40606087e+01
v 6.55829731e+03 7.18439654e+03 3.35765489e+01
v 6.55853045e+03 7.18262348e+03 3.26379089e+01
v 6.55795608e+03 7.18318526e+03 3.43612086e+01
v 6.55583422e+03 7.17675554e+03 3.44529948e+01
v 6.56259491e+03 7.17961211e+03 3.40806834e+01
v 6.56111440e+03 7.17858089e+03 3.47833179e+01
v 6.56228135e+03 7.17872619e+03 3.67125322e+01
v 6.56218964e+03 7.17550127e+03 3.53422267e+01
v 6.55263269e+03 7.18273933e+03 3.53544776e+01
v 6.55933148e+03 7.18210231e+03 3.52999623e+01
v 6.56059098e+03 7.17391425e+03 3.56964266e+01
v 6.56081008e+03 7.18013295e+03 3.42357784e+01
v 6.55847755e+03 7.17956975e+03 3.60542199e+01
v 6.55840498e+03 7.17940420e+03 3.49418574e+01
v 6.55899423e+03 7.18015189e+03 3.50580471e+01
v 6.55631167e+03 7.17568376e+03 3.50534626e+01
v 6.54573747e+03 7.14425520e+03 3.56212404e+01
v 6.54397314e+03 7.14347105e+03 3.59875584e+01
v 6.54499116e+03 7.14412907e+03 3.81420705e+01
v 6.54661557e+03 7.14694270e+03 3.75437220e+01
v 6.54547416e+03 7.14606013e+03 3.60240162e+01
v 6.54313532e+03 7.15290550e+03 3.64733021e+01
v 6.54556869e+03 7.15387741e+03 3.62012517e+01
v 6.54658849e+03 7.15833202e+03 3.64532103e+01
v 6.54871021e+03 7.16036165e+03 3.74770319e+01
v 6.55738398e+03 7.17695197e+03 3.68010680e+01
v 6.55650549e+03 7.17611755e+03 3.57294260e+01
v 6.55650158e+03 7.18040118e+03 3.70003591e+01
v 6.55489327e+03 7.17981724e+03 3.65095908e+01
v 6.56195469e+03 7.16910100e+03 3.50893266e+01
v 6.55566747e+03 7.17622098e+03 3.71284679e+01
v 6.55120869e+03 7.17214915e+03 3.48538306e+01
v 6.55959778e+03 7.14705599e+03 3.40636700e+01
v 6.54560851e+03 7.14570212e+03 3.79320754e+01
v 6.54701821e+03 7.14754925e+03 3.66860547e+01
v 6.56151803e+03 7.14289628e+03 3.54369145e+01
v 6.56093949e+03 7.14309079e+03 3.66439442e+01
v 6.56088078e+03 7.14265526e+03 3.39498607e+01
v 6.55773632e+03 7.14435579e+03 3.66272651e+01
v 6.55958644e+03 7.14413126e+03 3.69037562e+01
v 6.55331217e+03 7.14915926e+03 3.33949125e+01
v 6.55422792e+03 7.15105406e+03 3.50003345e+01
v 6.54609969e+03 7.14764940e+03 3.78839951e+01
v 6.54461377e+03 7.15077987e+03 3.76693627e+01
v 6.54575169e+03 7.15179717e+03 3.54633618e+01
v 6.54331576e+03 7.15621338e+03 3.52642008e+01
v 6.56001222e+03 7.14536835e+03 3.68485602e+01
v 6.54730576e+03 7.15057838e+03 3.58646212e+01
v 6.54816620e+03 7.14897425e+03 3.77114460e+01
v 6.54857417e+03 7.15067711e+03 3.54146122e+01
v 6.54756509e+03 7.15168201e+03 3.35817496e+01
v 6.54720107e+03 7.16146058e+03 3.81410837e+01
v 6.54767127e+03 7.15984512e+03 3.80261851e+01
v 6.54697081e+03 7.14553288e+03 3.58090194e+01
v 6.54376703e+03 7.14939542e+03 3.96432089e+01
v 6.54584486e+03 7.15002848e+03 3.83301594e+01
v 6.54487160e+03 7.14884740e+03 3.87831536e+01
v 6.54771849e+03 7.14863160e+03 3.58051244e+01
v 6.54770680e+03 7.14722790e+03 3.62499222e+01
v 6.54731542e+03 7.15477091e+03 3.32640368e+01
v 6.55767966e+03 7.14252567e+03 3.55918247e+01
v 6.54851910e+03 7.15080844e+03 3.13630867e+01
v 6.54887678e+03 7.14984910e+03 3.16250502e+01
v 6.54823715e+03 7.15804080e+03 3.51646096e+01
v 6.54734718e+03 7.16539036e+03 3.28641834e+01
v 6.54945130e+03 7.15857605e+03 3.41280196e+01
v 6.56023965e+03 7.14615620e+03 3.47332109e+01
v 6.54880670e+03 7.14957852e+03 3.41082937e+01
v 6.54788586e+03 7.16486195e+03 3.51721994e+01
v 6.54879668e+03 7.16417644e+03 3.36073250e+01
v 6.54815969e+03 7.16207597e+03 3.71730483e+01
v 6.54917997e+03 7.16007165e+03 3.52680364e+01
v 6.54506497e+03 7.14235963e+03 3.18259206e+01
v 6.54560964e+03 7.14319900e+03 3.39320622e+01
v 6.55789350e+03 7.14489935e+03 3.51435590e+01
v 6.54627714e+03 7.14489979e+03 3.37817319e+01
v 6.54832166e+03 7.14757547e+03 3.44623049e+01
v 6.54942776e+03 7.14745366e+03 3.40779865e+01
v 6.55980016e+03 7.14265272e+03 3.68156256e+01
v 6.54708463e+03 7.14697952e+03 3.32936077e+01
v 6.55915417e+03 7.14998039e+03 3.30444793e+01
v 6.55872512e+03 7.15056183e+03 3.54506699e+01
v 6.55547762e+03 7.15116277e+03 3.59745207e+01
v 6.55700460e+03 7.15177235e+03 3.52211770e+01
v 6.55423465e+03 7.14730486e+03 3.14439063e+01
v 6.55480347e+03 7.14688486e+03 3.25206730e+01
v 6.55602591e+03 7.13106167e+03 3.34160717e+01
v 6.55781630e+03 7.15233438e+03 3.15884681e+01
v 6.55718888e+03 7.17017597e+03 3.46292578e+01
v 6.55956153e+03 7.16871429e+03 3.52270392e+01
v 6.55408461e+03 7.16998237e+03 3.26720728e+01
v 6.55346986e+03 7.16902153e+03 3.41597478e+01
v 6.54506321e+03 7.17274035e+03 3.31424316e+01
v 6.54357446e+03 7.17265122e+03 3.47052357e+01
v 6.55944414e+03 7.17720305e+03 3.39000963e+01
v 6.54693137e+03 7.16615058e+03 3.38605559e+01
v 6.54869367e+03 7.15095441e+03 3.32525883e+01
v 6.54944122e+03 7.16219355e+03 3.46745845e+01
v 6.54775639e+03 7.16362715e+03 3.54405147e+01
v 6.55893926e+03 7.16551895e+03 3.11818616e+01
v 6.55712976e+03 7.16502828e+03 3.10387146e+01
v 6.56172971e+03 7.16608802e+03 3.46928359e+01
v 6.56153087e+03 7.16524780e+03 3.34806249e+01
v 6.54874243e+03 7.15708347e+03 3.30881684e+01
v 6.55795896e+03 7.15246024e+03 3.38301938e+01
v 6.55871545e+03 7.16926837e+03 3.41191144e+01
v 6.55890752e+03 7.16956805e+03 3.70687262e+01
v 6.54783348e+03 7.16418396e+03 3.65109782e+01
v 6.54593501e+03 7.16491738e+03 3.57189364e+01
v 6.56054910e+03 7.16594190e+03 3.36285261e+01
v 6.55997122e+03 7.16659295e+03 3.22085062e+01
v 6.54529551e+03 7.14715814e+03 3.95470828e+01
v 6.55306609e+03 7.16976349e+03 3.57574369e+01
v 6.55246408e+03 7.16933031e+03 3.36670230e+01
v 6.56281411e+03 7.16561658e+03 3.63876798e+01
v 6.54536858e+03 7.15996769e+03 3.84806887e+01
v 6.54490422e+03 7.15839007e+03 3.82993914e+01
v 6.54520191e+03 7.16217864e+03 3.90372918e+01
v 6.55976443e+03 7.17045801e+03 3.56255701e+01
v 6.55981661e+03 7.16983631e+03 3.69625240e+01
v 6.56210202e+03 7.17710526e+03 3.56277243e+01
v 6.56124348e+03 7.15379292e+03 2.98441113e+01
v 6.56154349e+03 7.14781912e+03 3.01510652e+01
v 6.56290953e+03 7.14511019e+03 3.10842690e+01
v 6.55765488e+03 7.14462285e+03 3.25745642e+01
v 6.55958464e+03 7.15550846e+03 2.91612623e+01
v 6.55918174e+03 7.16279819e+03 2.99003097e+01
v 6.55961829e+03 7.16232194e+03 3.12606450e+01
v 6.56060750e+03 7.16174959e+03 2.89604149e+01
v 6.56170224e+03 7.16021904e+03 2.97583062e+01
v 6.55802361e+03 7.16390345e+03 3.40368937e+01
v 6.55949642e+03 7.16356618e+03 3.19953148e+01
v 6.55901154e+03 7.16206578e+03 3.14830675e+01
v 6.56119514e+03 7.15867299e+03 3.03166153e+01
v 6.56247471e+03 7.16433891e+03 3.06162588e+01
v 6.56055544e+03 7.14108944e+03 3.34741193e+01
v 6.55850379e+03 7.14899708e+03 3.39501708e+01
v 6.55922343e+03 7.16040033e+03 3.09681604e+01
v 6.56174316e+03 7.16474562e+03 3.21022060e+01
v 6.56254033e+03 7.18632889e+03 2.83878245e+01
v 6.55776402e+03 7.18607365e+03 3.16839621e+01
v 6.54822943e+03 7.16559030e+03 3.20436612e+01
v 6.54339160e+03 7.16900258e+03 3.15681250e+01
v 6.55733204e+03 7.18751409e+03 3.20192505e+01
v 6.54413843e+03 7.15722271e+03 3.71660171e+01
v 6.54529456e+03 7.15652376e+03 3.44429001e+01
v 6.54738763e+03 7.15414866e+03 3.01742619e+01
v 6.55547573e+03 7.14801034e+03 3.38435022e+01
v 6.54425324e+03 7.14268104e+03 3.54563291e+01
v 6.55296308e+03 7.14372416e+03 3.10855440e+01
v 6.54604799e+03 7.16582729e+03 3.49629235e+01
v 6.55223742e+03 7.17227925e+03 3.27610080e+01
v 6.55264292e+03 7.17089133e+03 3.17199558e+01
v 6.55231003e+03 7.17062197e+03 3.23145633e+01
v 6.55256067e+03 7.17010956e+03 3.18032758e+01
v 6.55855658e+03 7.14636379e+03 3.34130784e+01
v 6.54981428e+03 7.13821656e+03 2.96201063e+01
v 6.54967417e+03 7.14454493e+03 3.22559791e+01
v 6.54815471e+03 7.15316967e+03 3.07605317e+01
v 6.55818922e+03 7.14152131e+03 3.34477201e+01
v 6.54740504e+03 7.18744313e+03 3.45558105e+01
v 6.54808834e+03 7.18761941e+03 3.32616707e+01
v 6.55853117e+03 7.14687915e+03 3.14087443e+01
v 6.55811790e+03 7.17129002e+03 3.19199008e+01
v 6.55950918e+03 7.18333625e+03 3.22168781e+01
v 6.54845810e+03 7.16324473e+03 3.03741885e+01
v 6.54904781e+03 7.16343153e+03 3.20316177e+01
v 6.55970440e+03 7.15928158e+03 3.15093430e+01
v 6.55549981e+03 7.18085685e+03 3.58861711e+01
v 6.54698271e+03 7.16227137e+03 3.90059117e+01
v 6.54755999e+03 7.15087474e+03 3.82165396e+01
v 6.55756498e+03 7.12860285e+03 2.67513591e+01
v 6.55069724e+03 7.12825222e+03 3.46379074e+01
v 6.55735629e+03 7.12602431e+03 3.94747299e+01
v 6.55684349e+03 7.12628413e+03 4.21236768e+01
v 6.54980123e+03 7.12811165e+03 3.62229844e+01
v 6.55771663e+03 7.12818206e+03 3.87361313e+01
v 6.54728539e+03 7.12944675e+03 3.75253357e+01
v 6.56153911e+03 7.12533604e+03 4.53220586e+01
v 6.55024085e+03 7.12483357e+03 4.40198180e+01
v 6.54600382e+03 7.12638158e+03 4.31106378e+01
v 6.54728667e+03 7.12692000e+03 4.15644113e+01
v 6.55612101e+03 7.12662130e+03 4.37804005e+01
v 6.55520869e+03 7.12531852e+03 4.49889002e+01
v 6.54374871e+03 7.14821631e+03 3.77817212e+01
v 6.54591110e+03 7.12489543e+03 4.49647179e+01
v 6.54774361e+03 7.12485669e+03 4.44259238e+01
v 6.55027404e+03 7.12603318e+03 4.12832517e+01
v 6.55587361e+03 7.12492799e+03 4.29735982e+01
v 6.55443438e+03 7.12614372e+03 4.48932208e+01
v 6.55285564e+03 7.12504332e+03 4.51327029e+01
v 6.55271100e+03 7.12668355e+03 4.53141489e+01
v 6.55618798e+03 7.12749991e+03 4.04399606e+01
v 6.55911509e+03 7.12518349e+03 4.00724700e+01
v 6.56202329e+03 7.12758784e+03 4.34835290e+01
v 6.55119207e+03 7.12730966e+03 4.15925856e+01
v 6.55373284e+03 7.12761698e+03 4.40777040e+01
v 6.54505073e+03 7.13117968e+03 3.82444734e+01
v 6.54571318e+03 7.12968764e+03 3.83490471e+01
v 6.55166805e+03 7.12701579e+03 4.41033199e+01
v 6.54926035e+03 7.12666508e+03 4.06171725e+01
v 6.54358331e+03 7.13131210e+03 3.53688007e+01
v 6.56122914e+03 7.12561327e+03 4.37821402e+01
v 6.55355144e+03 7.12913894e+03 3.54936959e+01
v 6.54896008e+03 7.12841000e+03 3.92863662e+01
v 6.55328727e+03 7.12965705e+03 4.02630194e+01
v 6.55346793e+03 7.12951637e+03 3.85246480e+01
v 6.55954512e+03 7.14147016e+03 3.55722400e+01
v 6.56251669e+03 7.12624601e+03 4.48967519e+01
v 6.55100736e+03 7.12782939e+03 3.51489125e+01
v 6.54979700e+03 7.13117448e+03 3.59303123e+01
v 6.53307835e+03 7.18607434e+03 3.05941443e+01
v 6.53900916e+03 7.14406256e+03 2.84679817e+01
v 6.53827521e+03 7.14293978e+03 3.23656376e+01
v 6.52610589e+03 7.13585209e+03 2.86863467e+01
v 6.52937693e+03 7.13915390e+03 2.30794334e+01
v 6.52961823e+03 7.13586670e+03 2.34857127e+01
v 6.52957011e+03 7.13215026e+03 2.80415159e+01
v 6.52871780e+03 7.13585569e+03 2.65860430e+01
v 6.52922804e+03 7.17632629e+03 2.77330596e+01
v 6.52889383e+03 7.15957725e+03 3.32536790e+01
v 6.52900820e+03 7.16028439e+03 3.02102688e+01
v 6.53054082e+03 7.16038651e+03 3.22469953e+01
v 6.54206730e+03 7.17333468e+03 3.26267172e+01
v 6.54066972e+03 7.17212338e+03 3.25953375e+01
v 6.54222139e+03 7.16865447e+03 3.29059255e+01
v 6.53920476e+03 7.16885351e+03 3.29446701e+01
v 6.53783169e+03 7.17605617e+03 3.11022302e+01
v 6.53670317e+03 7.18315790e+03 3.12807211e+01
v 6.53938584e+03 7.18310340e+03 3.09367657e+01
v 6.53490040e+03 7.17973917e+03 3.03270077e+01
v 6.54273986e+03 7.17638453e+03 3.24126128e+01
v 6.54119992e+03 7.17629066e+03 3.02865319e+01
v 6.52761901e+03 7.16547664e+03 2.93248601e+01
v 6.53380559e+03 7.18048224e+03 3.11430835e+01
v 6.53340527e+03 7.18218175e+03 3.01220286e+01
v 6.53072108e+03 7.17443748e+03 2.93040198e+01
v 6.52452185e+03 7.13737898e+03 3.02660078e+01
v 6.53126824e+03 7.14230617e+03 2.85717577e+01
v 6.53090856e+03 7.15429605e+03 2.86042560e+01
v 6.53257827e+03 7.14129757e+03 2.89167199e+01
v 6.53194942e+03 7.14176478e+03 3.08736930e+01
v 6.52058447e+03 7.13988191e+03 3.04272526e+01
v 6.52986700e+03 7.13884050e+03 3.22703017e+01
v 6.52906856e+03 7.13926793e+03 3.08550768e+01
v 6.52300322e+03 7.13885628e+03 3.15989292e+01
v 6.52598565e+03 7.13375820e+03 3.24738784e+01
v 6.52582255e+03 7.13692035e+03 2.94794377e+01
v 6.52701406e+03 7.13732585e+03 3.16460124e+01
v 6.52190041e+03 7.15042021e+03 3.30915438e+01
v 6.53909470e+03 7.15613268e+03 3.25452695e+01
v 6.54434524e+03 7.17002247e+03 3.24427987e+01
v 6.54526784e+03 7.17173969e+03 3.11271009e+01
v 6.53922875e+03 7.13801027e+03 3.26852905e+01
v 6.53657627e+03 7.14284766e+03 2.81078273e+01
v 6.54075009e+03 7.14627155e+03 3.29631833e+01
v 6.54131540e+03 7.14742389e+03 3.44418674e+01
v 6.54090810e+03 7.14246591e+03 3.50729534e+01
v 6.53846020e+03 7.14159165e+03 3.54010847e+01
v 6.53864844e+03 7.14142592e+03 3.41805402e+01
v 6.54449712e+03 7.14554776e+03 3.76017336e+01
v 6.54326630e+03 7.14542040e+03 3.62739116e+01
v 6.53327380e+03 7.14070848e+03 3.76041450e+01
v 6.53296921e+03 7.14177046e+03 3.63999437e+01
v 6.53615722e+03 7.14034772e+03 3.61485665e+01
v 6.53579840e+03 7.13990695e+03 3.78229939e+01
v 6.53519389e+03 7.13900072e+03 3.80128228e+01
v 6.53333960e+03 7.13814839e+03 3.75079508e+01
v 6.53567787e+03 7.14069476e+03 3.17300592e+01
v 6.53812493e+03 7.14225072e+03 3.41133827e+01
v 6.53493770e+03 7.14085504e+03 2.85624654e+01
v 6.52584985e+03 7.14922489e+03 3.27001985e+01
v 6.52662703e+03 7.14935230e+03 3.26027537e+01
v 6.53473666e+03 7.15796642e+03 3.42267642e+01
v 6.53666382e+03 7.15631180e+03 3.29131043e+01
v 6.53145756e+03 7.14108390e+03 3.25876135e+01
v 6.53915166e+03 7.17615706e+03 3.01483037e+01
v 6.54062529e+03 7.17522127e+03 3.06102237e+01
v 6.53337933e+03 7.15837926e+03 3.06654753e+01
v 6.53444764e+03 7.15790018e+03 3.02796721e+01
v 6.54441544e+03 7.17909708e+03 2.84871442e+01
v 6.54281068e+03 7.17275454e+03 3.60175976e+01
v 6.54245615e+03 7.17341345e+03 3.44988659e+01
v 6.54111192e+03 7.17141901e+03 3.36923479e+01
v 6.53489093e+03 7.17477980e+03 3.10410710e+01
v 6.53306797e+03 7.17313965e+03 2.95693026e+01
v 6.53983085e+03 7.16749944e+03 3.36698507e+01
v 6.54599227e+03 7.16583637e+03 3.23079049e+01
v 6.54407594e+03 7.16630448e+03 3.32918167e+01
v 6.54089267e+03 7.15753853e+03 3.40917014e+01
v 6.53924978e+03 7.15446394e+03 3.17295641e+01
v 6.53837751e+03 7.15686388e+03 3.40150606e+01
v 6.53137007e+03 7.16193314e+03 3.36151281e+01
v 6.53202989e+03 7.15999399e+03 3.31985171e+01
v 6.52939973e+03 7.16558015e+03 3.35794983e+01
v 6.53013947e+03 7.16623432e+03 3.45638622e+01
v 6.53058672e+03 7.16407025e+03 3.48717746e+01
v 6.53795558e+03 7.16206481e+03 3.46965112e+01
v 6.53726739e+03 7.16273811e+03 3.58706219e+01
v 6.52752961e+03 7.16920733e+03 3.57811550e+01
v 6.52802518e+03 7.16888211e+03 3.73115064e+01
v 6.53806572e+03 7.17503719e+03 3.59784642e+01
v 6.54189801e+03 7.17208683e+03 3.34593303e+01
v 6.54293494e+03 7.16981471e+03 3.43601510e+01
v 6.54427550e+03 7.18250458e+03 3.40066990e+01
v 6.54440994e+03 7.17950892e+03 3.22806132e+01
v 6.54253654e+03 7.18396587e+03 3.29215321e+01
v 6.54409603e+03 7.18156456e+03 3.23439711e+01
v 6.54035444e+03 7.18358721e+03 3.44716903e+01
v 6.53697829e+03 7.18651118e+03 3.26269275e+01
v 6.53590835e+03 7.18704191e+03 3.28563251e+01
v 6.53646426e+03 7.17586194e+03 3.64563547e+01
v 6.54413277e+03 7.17884896e+03 3.42582719e+01
v 6.54383111e+03 7.17851813e+03 3.27846729e+01
v 6.54119276e+03 7.17448175e+03 3.15053408e+01
v 6.54381494e+03 7.17761547e+03 3.36551222e+01
v 6.53595762e+03 7.13390836e+03 3.02975222e+01
v 6.53715255e+03 7.13501059e+03 3.01036841e+01
v 6.53681629e+03 7.13482790e+03 2.85443494e+01
v 6.54294470e+03 7.13962396e+03 3.29052145e+01
v 6.54128031e+03 7.13668588e+03 3.21690173e+01
v 6.52626400e+03 7.15961382e+03 3.13983039e+01
v 6.53321583e+03 7.17315539e+03 3.71356668e+01
v 6.53148613e+03 7.17199040e+03 3.45335825e+01
v 6.53150789e+03 7.17044127e+03 3.58387677e+01
v 6.53037177e+03 7.14037111e+03 3.23245995e+01
v 6.53737304e+03 7.14126050e+03 3.63147364e+01
v 6.53922743e+03 7.17546979e+03 3.31060643e+01
v 6.54064020e+03 7.17450249e+03 3.25839561e+01
v 6.53100238e+03 7.17700653e+03 2.96846236e+01
v 6.54369016e+03 7.17858779e+03 2.99453202e+01
v 6.53370172e+03 7.17869980e+03 3.18531995e+01
v 6.53019041e+03 7.16841106e+03 3.40081742e+01
v 6.53135826e+03 7.16744646e+03 3.41273960e+01
v 6.53022940e+03 7.16713057e+03 3.38370934e+01
v 6.54256239e+03 7.17030050e+03 3.33429040e+01
v 6.52006053e+03 7.18699725e+03 2.26033061e+01
v 6.52095553e+03 7.18356134e+03 2.13385444e+01
v 6.51972037e+03 7.18210270e+03 2.12963292e+01
v 6.54400311e+03 7.13179496e+03 2.38133273e+01
v 6.52627882e+03 7.16086851e+03 2.38398316e+01
v 6.52684016e+03 7.15962831e+03 2.37082963e+01
v 6.53082714e+03 7.16152364e+03 2.37405603e+01
v 6.53224731e+03 7.15938583e+03 2.31565974e+01
v 6.52738410e+03 7.17875412e+03 2.53578025e+01
v 6.53066654e+03 7.14591951e+03 2.27787322e+01
v 6.53755005e+03 7.15610860e+03 2.40336589e+01
v 6.52826219e+03 7.14015182e+03 2.20832357e+01
v 6.52381459e+03 7.17943547e+03 2.27083827e+01
v 6.52223821e+03 7.18134649e+03 2.26123061e+01
v 6.52898182e+03 7.14151782e+03 2.39526231e+01
v 6.54334442e+03 7.18030331e+03 3.10901674e+01
v 6.52690741e+03 7.13800925e+03 2.27389413e+01
v 6.52820138e+03 7.13615442e+03 2.21608793e+01
v 6.54024755e+03 7.17441299e+03 2.88932797e+01
v 6.54150699e+03 7.14768066e+03 3.14583746e+01
v 6.54116658e+03 7.14955245e+03 2.90955158e+01
v 6.52759367e+03 7.13788992e+03 2.85790801e+01
v 6.53276418e+03 7.13186126e+03 2.69345116e+01
v 6.53166715e+03 7.17268560e+03 3.33236112e+01
v 6.52382129e+03 7.16742412e+03 2.98318672e+01
v 6.53057629e+03 7.14275604e+03 2.55950268e+01
v 6.53419341e+03 7.14268386e+03 2.72472219e+01
v 6.53474662e+03 7.13389318e+03 2.77856667e+01
v 6.54201303e+03 7.17778260e+03 2.74310771e+01
v 6.54325479e+03 7.18173684e+03 2.71303455e+01
v 6.52609707e+03 7.17390088e+03 2.80515009e+01
v 6.53876231e+03 7.17532012e+03 2.96428642e+01
v 6.52140751e+03 7.14123602e+03 2.51613929e+01
v 6.52151216e+03 7.18770390e+03 2.17511657e+01
v 6.52144660e+03 7.16871461e+03 2.88392442e+01
v 6.53178197e+03 7.15455528e+03 2.73820355e+01
v 6.52226740e+03 7.18709603e+03 2.19539094e+01
v 6.53887746e+03 7.13424900e+03 2.90121042e+01
v 6.53746451e+03 7.13270358e+03 2.75992344e+01
v 6.52341658e+03 7.15959818e+03 2.25441485e+01
v 6.53495474e+03 7.13332759e+03 2.68045039e+01
v 6.52567424e+03 7.14507895e+03 2.98410591e+01
v 6.52504745e+03 7.14455643e+03 3.05865819e+01
v 6.53843964e+03 7.15234065e+03 2.43920368e+01
v 6.53089455e+03 7.16046492e+03 2.64635742e+01
v 6.53185132e+03 7.18759658e+03 3.14712572e+01
v 6.52894779e+03 7.18642026e+03 3.19193298e+01
v 6.52627308e+03 7.18612319e+03 3.13437144e+01
v 6.53487938e+03 7.18620972e+03 3.22054103e+01
v 6.53428185e+03 7.18527803e+03 3.12955400e+01
v 6.52825494e+03 7.18740921e+03 3.00586069e+01
v 6.52809633e+03 7.18458885e+03 3.14908502e+01
v 6.52980014e+03 7.18581499e+03 3.17837798e+01
v 6.53134809e+03 7.18589647e+03 3.28122211e+01
v 6.54191363e+03 7.18551922e+03 3.23543265e+01
v 6.53620031e+03 7.18639933e+03 3.43765262e+01
v 6.54308932e+03 7.18671143e+03 3.19207154e+01
v 6.54046418e+03 7.18732484e+03 2.97331254e+01
v 6.54300740e+03 7.18636465e+03 3.02953826e+01
v 6.52392710e+03 7.13773840e+03 3.22180146e+01
v 6.52783253e+03 7.13390399e+03 3.20168236e+01
v 6.53492065e+03 7.13423165e+03 3.14390879e+01
v 6.52579457e+03 7.13622716e+03 2.98262089e+01
v 6.53468188e+03 7.13318036e+03 2.92722942e+01
v 6.53361369e+03 7.13255400e+03 3.16582503e+01
v 6.53382429e+03 7.13089042e+03 3.14574158e+01
v 6.53072165e+03 7.12976108e+03 3.06044883e+01
v 6.53531775e+03 7.14015373e+03 3.01129935e+01
v 6.52587185e+03 7.18456099e+03 3.13362974e+01
v 6.52657314e+03 7.13229734e+03 3.05092174e+01
v 6.53042011e+03 7.14305087e+03 3.07374521e+01
v 6.51964568e+03 7.14560898e+03 2.83739286e+01
v 6.52547244e+03 7.15345356e+03 3.01370907e+01
v 6.52806025e+03 7.14761092e+03 3.07222548e+01
v 6.52196307e+03 7.14469226e+03 3.08352617e+01
v 6.52349875e+03 7.14501879e+03 3.03915089e+01
v 6.52716861e+03 7.15126916e+03 2.87776699e+01
v 6.52931255e+03 7.15573512e+03 3.00380514e+01
v 6.52262204e+03 7.14465202e+03 2.96071950e+01
v 6.52130123e+03 7.14545903e+03 3.05697289e+01
v 6.52704841e+03 7.14539223e+03 2.91630603e+01
v 6.52677045e+03 7.14547376e+03 3.10894746e+01
v 6.52075721e+03 7.15028943e+03 3.18452824e+01
v 6.52424012e+03 7.15451660e+03 3.04002421e+01
v 6.53177365e+03 7.15417163e+03 2.97788084e+01
v 6.53018122e+03 7.15597082e+03 3.05416727e+01
v 6.52621910e+03 7.15429943e+03 3.12205285e+01
v 6.52746759e+03 7.15469351e+03 3.10243129e+01
v 6.52457935e+03 7.15365987e+03 2.92766710e+01
v 6.53847092e+03 7.15689103e+03 2.94575104e+01
v 6.53275897e+03 7.15546052e+03 3.03906470e+01
v 6.53360097e+03 7.15641109e+03 3.12528884e+01
v 6.53320542e+03 7.15588440e+03 2.94663664e+01
v 6.53378899e+03 7.15732881e+03 3.00848755e+01
v 6.53540009e+03 7.15697709e+03 3.10478084e+01
v 6.52488852e+03 7.13572724e+03 3.27495283e+01
v 6.52920996e+03 7.14163914e+03 3.18978823e+01
v 6.52238315e+03 7.14538249e+03 3.21626642e+01
v 6.54377591e+03 7.14167106e+03 3.10348451e+01
v 6.54347536e+03 7.14178013e+03 3.23600511e+01
v 6.54073597e+03 7.13815254e+03 3.17320842e+01
v 6.53731692e+03 7.13552439e+03 3.18959242e+01
v 6.53647642e+03 7.13398909e+03 3.13095814e+01
v 6.52859234e+03 7.13211051e+03 3.27920900e+01
v 6.52193097e+03 7.13847841e+03 3.29874281e+01
v 6.52441857e+03 7.13046988e+03 3.26115281e+01
v 6.53584690e+03 7.13450625e+03 3.27171162e+01
v 6.53976774e+03 7.13587283e+03 3.35694478e+01
v 6.53389139e+03 7.13474166e+03 3.27539347e+01
v 6.53723255e+03 7.14123459e+03 3.27160703e+01
v 6.54158020e+03 7.13883075e+03 3.25090390e+01
v 6.54198897e+03 7.14148975e+03 3.35336653e+01
v 6.53055038e+03 7.13267588e+03 3.32547509e+01
v 6.52954047e+03 7.13494509e+03 3.28663387e+01
v 6.52975278e+03 7.13360583e+03 3.24129580e+01
v 6.52722743e+03 7.15612668e+03 3.32631347e+01
v 6.52769950e+03 7.15646083e+03 3.25489657e+01
v 6.52138231e+03 7.14788625e+03 3.33710571e+01
v 6.52926832e+03 7.15626131e+03 3.24201453e+01
v 6.52575013e+03 7.15581846e+03 3.24882029e+01
v 6.52789469e+03 7.15506264e+03 3.26086075e+01
v 6.52648843e+03 7.15439458e+03 3.22507510e+01
v 6.52655441e+03 7.15760692e+03 3.31152360e+01
v 6.53120193e+03 7.15589753e+03 3.34791147e+01
v 6.53033670e+03 7.15660764e+03 3.28796007e+01
v 6.52852011e+03 7.15856100e+03 3.25460138e+01
v 6.53332694e+03 7.15805493e+03 3.16717727e+01
v 6.52648910e+03 7.14535796e+03 3.32844279e+01
v 6.52622361e+03 7.14995547e+03 3.12855267e+01
v 6.52717720e+03 7.14676326e+03 3.36726740e+01
v 6.53332978e+03 7.15790421e+03 3.32464659e+01
v 6.54091115e+03 7.15056458e+03 3.36318039e+01
v 6.52742315e+03 7.14936626e+03 2.95143704e+01
v 6.52262279e+03 7.17366420e+03 3.11566947e+01
v 6.52183204e+03 7.17223018e+03 3.17698822e+01
v 6.52654349e+03 7.16771330e+03 3.08871430e+01
v 6.52447083e+03 7.16801691e+03 3.21649724e+01
v 6.52382115e+03 7.17300583e+03 3.23573449e+01
v 6.52689268e+03 7.17253114e+03 3.14911920e+01
v 6.52924143e+03 7.17148786e+03 3.19524188e+01
v 6.52510079e+03 7.15862270e+03 3.18370462e+01
v 6.52884668e+03 7.16438722e+03 3.28049883e+01
v 6.52868048e+03 7.16558636e+03 3.21779743e+01
v 6.52017234e+03 7.17228406e+03 3.06834804e+01
v 6.52505349e+03 7.16715394e+03 3.10752400e+01
v 6.52096151e+03 7.17082717e+03 3.05968948e+01
v 6.52076940e+03 7.16880446e+03 3.00671301e+01
v 6.52197783e+03 7.16910041e+03 3.08609005e+01
v 6.52264111e+03 7.16939393e+03 3.32095305e+01
v 6.52305888e+03 7.16809447e+03 3.13567237e+01
v 6.53009992e+03 7.16338509e+03 3.27043426e+01
v 6.54139444e+03 7.17106099e+03 3.19177864e+01
v 6.54141114e+03 7.16964825e+03 3.34676837e+01
v 6.53048638e+03 7.17298339e+03 3.12902868e+01
v 6.52699411e+03 7.17200376e+03 3.31752121e+01
v 6.52490803e+03 7.16898383e+03 3.26449336e+01
v 6.51947031e+03 7.16999155e+03 3.17506513e+01
v 6.52678960e+03 7.16795273e+03 3.24477059e+01
v 6.52718590e+03 7.16661472e+03 3.04227062e+01
v 6.52725561e+03 7.16619783e+03 3.33964485e+01
v 6.54361534e+03 7.18466361e+03 3.13656934e+01
v 6.54290111e+03 7.18530546e+03 3.26328330e+01
v 6.53924749e+03 7.18385952e+03 3.26484298e+01
v 6.53741458e+03 7.18520142e+03 3.30271227e+01
v 6.53725791e+03 7.17780172e+03 3.12499680e+01
v 6.53626534e+03 7.17852126e+03 3.34171973e+01
v 6.54434547e+03 7.17754992e+03 3.28596018e+01
v 6.54345607e+03 7.17687551e+03 3.15434111e+01
v 6.53851564e+03 7.17704802e+03 3.20637687e+01
v 6.53774143e+03 7.17801775e+03 3.36413283e+01
v 6.53771735e+03 7.18158895e+03 3.26841452e+01
v 6.53816200e+03 7.17703757e+03 3.01508607e+01
v 6.53088736e+03 7.18493280e+03 3.25642896e+01
v 6.53127667e+03 7.18418281e+03 3.14380637e+01
v 6.53320902e+03 7.18354790e+03 3.18844234e+01
v 6.53190789e+03 7.18480922e+03 3.19023088e+01
v 6.53037342e+03 7.18190654e+03 3.18205706e+01
v 6.53263154e+03 7.18273498e+03 3.04850633e+01
v 6.53244566e+03 7.18096680e+03 3.27759765e+01
v 6.53134100e+03 7.18110439e+03 3.15411664e+01
v 6.52907960e+03 7.18458129e+03 3.04692453e+01
v 6.53048479e+03 7.17965087e+03 3.16211264e+01
v 6.53682062e+03 7.17993035e+03 3.20705360e+01
v 6.53569858e+03 7.18438682e+03 3.28108390e+01
v 6.53520639e+03 7.18341937e+03 3.11544020e+01
v 6.53403277e+03 7.18389381e+03 3.10642273e+01
v 6.53593553e+03 7.18070407e+03 3.10702105e+01
v 6.52683168e+03 7.18428461e+03 3.09766119e+01
v 6.52041280e+03 7.17551061e+03 3.08879616e+01
v 6.54399153e+03 7.18488476e+03 2.95537593e+01
v 6.53170160e+03 7.18278146e+03 2.98497298e+01
v 6.53462625e+03 7.18178116e+03 3.00599512e+01
v 6.53418157e+03 7.15796397e+03 3.26435178e+01
v 6.51958210e+03 7.16845265e+03 3.07415944e+01
v 6.52567916e+03 7.17373098e+03 3.02992826e+01
v 6.52540165e+03 7.16605031e+03 3.10305376e+01
v 6.52855641e+03 7.17923389e+03 3.01370808e+01
v 6.53018909e+03 7.18275310e+03 3.07699978e+01
v 6.52941132e+03 7.18199287e+03 3.04938469e+01
v 6.52791952e+03 7.18365529e+03 2.97720115e+01
v 6.52818969e+03 7.18226380e+03 2.93049815e+01
v 6.52400586e+03 7.15698900e+03 2.94643157e+01
v 6.54339691e+03 7.16158623e+03 3.86251133e+01
v 6.54505298e+03 7.16124713e+03 3.80969197e+01
v 6.54339074e+03 7.16379853e+03 3.84691739e+01
v 6.53879445e+03 7.17036495e+03 3.76436192e+01
v 6.53706603e+03 7.16957056e+03 3.78396105e+01
v 6.53714966e+03 7.17202451e+03 3.89269244e+01
v 6.53793047e+03 7.17283004e+03 3.85280784e+01
v 6.53690325e+03 7.17431801e+03 3.73435665e+01
v 6.53987284e+03 7.17135138e+03 3.84765718e+01
v 6.53794936e+03 7.16102017e+03 3.80022710e+01
v 6.54173872e+03 7.17160079e+03 3.67617455e+01
v 6.54034584e+03 7.17005086e+03 3.70897116e+01
v 6.54225017e+03 7.16392508e+03 3.70011000e+01
v 6.54280366e+03 7.16486260e+03 3.50995459e+01
v 6.54310403e+03 7.17206290e+03 3.73836882e+01
v 6.54368295e+03 7.17104560e+03 3.64918709e+01
v 6.54044693e+03 7.17244492e+03 3.78140323e+01
v 6.54266837e+03 7.15783157e+03 3.69046868e+01
v 6.53923826e+03 7.16101216e+03 3.68506330e+01
v 6.53853206e+03 7.15939996e+03 3.73204147e+01
v 6.54182860e+03 7.16107751e+03 3.78484032e+01
v 6.53853594e+03 7.16206455e+03 3.73134317e+01
v 6.54431766e+03 7.17242873e+03 3.53896981e+01
v 6.54094212e+03 7.16471173e+03 3.64002713e+01
v 6.53827319e+03 7.16870619e+03 3.66108493e+01
v 6.53970821e+03 7.16911874e+03 3.58631495e+01
v 6.53869697e+03 7.17377234e+03 3.66844946e+01
v 6.51013229e+03 7.12588170e+03 3.41904364e+01
v 6.51113471e+03 7.12547209e+03 3.50922552e+01
v 6.50686859e+03 7.12569918e+03 3.49414791e+01
v 6.51533793e+03 7.12530187e+03 3.48421174e+01
v 6.50531917e+03 7.12533049e+03 3.43235107e+01
v 6.51726764e+03 7.12713378e+03 3.50711769e+01
v 6.51670684e+03 7.12584653e+03 3.34535121e+01
v 6.50923874e+03 7.12631211e+03 3.44939520e+01
v 6.51266965e+03 7.12635834e+03 3.39050695e+01
v 6.51248324e+03 7.12532453e+03 3.47872134e+01
v 6.51519210e+03 7.12751803e+03 3.39043730e+01
v 6.50220086e+03 7.12652345e+03 3.36387319e+01
v 6.50237223e+03 7.12479707e+03 3.38515649e+01
v 6.50125569e+03 7.12539434e+03 3.30428005e+01
v 6.51673841e+03 7.12452441e+03 3.56562724e+01
v 6.51779562e+03 7.12779220e+03 3.60926901e+01
v 6.50636228e+03 7.16309057e+03 2.78001695e+01
v 6.50888252e+03 7.14702159e+03 2.13079446e+01
v 6.50172432e+03 7.15263475e+03 2.37278436e+01
v 6.51657405e+03 7.16404987e+03 2.14193373e+01
v 6.50736123e+03 7.16708436e+03 2.49509231e+01
v 6.50419213e+03 7.17261047e+03 2.47944905e+01
v 6.50353445e+03 7.18366907e+03 2.38363519e+01
v 6.50354052e+03 7.18469314e+03 2.51487365e+01
v 6.50109527e+03 7.18649699e+03 2.26404612e+01
v 6.50000000e+03 7.18016336e+03 1.65463230e+01
v 6.51771202e+03 7.18629906e+03 2.11036881e+01
v 6.51506581e+03 7.16477994e+03 2.14315527e+01
v 6.50376042e+03 7.18560183e+03 2.52615673e+01
v 6.50241425e+03 7.18450286e+03 2.32151929e+01
v 6.50234405e+03 7.14896590e+03 2.38730313e+01
v 6.50199591e+03 7.14687360e+03 2.35696520e+01
v 6.50110009e+03 7.18597870e+03 2.38441996e+01
v 6.51944783e+03 7.16529402e+03 2.42760703e+01
v 6.51322134e+03 7.16674917e+03 2.04519254e+01
v 6.50747987e+03 7.16592663e+03 2.40528484e+01
v 6.50174113e+03 7.17241582e+03 2.27242506e+01
v 6.50093203e+03 7.18760365e+03 2.11712011e+01
v 6.51332744e+03 7.16594571e+03 2.44605152e+01
v 6.50101149e+03 7.18214587e+03 1.46109626e+01
v 6.50623672e+03 7.18047810e+03 1.23842654e+01
v 6.51847071e+03 7.18514774e+03 2.04402208e+01
v 6.50958992e+03 7.16775535e+03 2.45765318e+01
v 6.56270425e+03 7.16801031e+03 3.74892590e+01
v 6.55946196e+03 7.17075161e+03 3.87790170e+01
v 6.56289689e+03 7.16624047e+03 3.81444355e+01
v 6.54621697e+03 7.16013476e+03 3.75606616e+01
v 6.55900847e+03 7.17012598e+03 3.56835822e+01
v 6.55898222e+03 7.17153408e+03 3.57379505e+01
v 6.56218939e+03 7.17118908e+03 3.57401325e+01
v 6.56206298e+03 7.17264464e+03 3.64152866e+01
v 6.56192695e+03 7.17032196e+03 3.50003234e+01
v 6.56295587e+03 7.16978275e+03 3.41906898e+01
v 6.54530640e+03 7.17024804e+03 3.37022731e+01
v 6.55166667e+03 7.17245662e+03 3.60876880e+01
v 6.55070399e+03 7.17155333e+03 3.32900687e+01
v 6.54485260e+03 7.17194426e+03 3.44485161e+01
v 6.55185707e+03 7.17332361e+03 3.14432430e+01
v 6.55122296e+03 7.17385353e+03 3.17203979e+01
v 6.55778484e+03 7.16924796e+03 3.23218134e+01
v 6.55845052e+03 7.16816146e+03 3.28883917e+01
v 6.54371081e+03 7.17057368e+03 3.45725251e+01
v 6.55720693e+03 7.16451215e+03 3.30270893e+01
v 6.54996967e+03 7.16083579e+03 3.07421522e+01
v 6.55070973e+03 7.15880679e+03 3.22424641e+01
v 6.55021364e+03 7.16026966e+03 3.23663462e+01
v 6.55040366e+03 7.15842991e+03 3.08301339e+01
v 6.55031816e+03 7.16233195e+03 3.25079262e+01
v 6.55030595e+03 7.16110154e+03 3.42491701e+01
v 6.55022524e+03 7.15438883e+03 2.93856842e+01
v 6.54748300e+03 7.15205607e+03 3.51775186e+01
v 6.54641076e+03 7.15727670e+03 3.54633665e+01
v 6.54586790e+03 7.15512059e+03 3.52994304e+01
v 6.55727451e+03 7.14825456e+03 3.43139609e+01
v 6.54742720e+03 7.15388150e+03 3.19764304e+01
v 6.54683908e+03 7.15305480e+03 3.27325494e+01
v 6.54919260e+03 7.15200164e+03 3.12284945e+01
v 6.56154099e+03 7.14196647e+03 3.16874130e+01
v 6.56028655e+03 7.14684248e+03 3.18996246e+01
v 6.56220497e+03 7.14518270e+03 3.21860501e+01
v 6.55921928e+03 7.15131669e+03 3.32058905e+01
v 6.56210331e+03 7.14435707e+03 3.30407085e+01
v 6.55790049e+03 7.14606711e+03 3.45470944e+01
v 6.55939978e+03 7.15177956e+03 3.21054646e+01
v 6.55663375e+03 7.14389906e+03 3.24501050e+01
v 6.54571970e+03 7.14413979e+03 3.21439014e+01
v 6.54801139e+03 7.14741024e+03 3.09132995e+01
v 6.54429778e+03 7.14360922e+03 3.35402009e+01
v 6.54647742e+03 7.14654298e+03 3.49691423e+01
v 6.56044255e+03 7.14105517e+03 3.21651746e+01
v 6.54807723e+03 7.12805493e+03 3.65964389e+01
v 6.55464772e+03 7.13026605e+03 4.03942516e+01
v 6.55628461e+03 7.12847623e+03 4.11698734e+01
v 6.55356498e+03 7.12877206e+03 4.12898575e+01
v 6.54668805e+03 7.15003174e+03 3.97866050e+01
v 6.54621532e+03 7.14893231e+03 3.98027648e+01
v 6.54739795e+03 7.14925128e+03 3.97748724e+01
v 6.55434175e+03 7.12871343e+03 3.78311293e+01
v 6.55154195e+03 7.12964113e+03 3.92536820e+01
v 6.54500062e+03 7.14347263e+03 3.72418245e+01
v 6.54752298e+03 7.14785438e+03 3.50376110e+01
v 6.54377057e+03 7.15432776e+03 3.67946325e+01
v 6.54329356e+03 7.15184707e+03 3.60033965e+01
v 6.55455291e+03 7.18390698e+03 3.65723795e+01
v 6.55282846e+03 7.18397282e+03 3.59071854e+01
v 6.55475990e+03 7.18288238e+03 3.75409615e+01
v 6.55705616e+03 7.18225561e+03 3.77948553e+01
v 6.55529895e+03 7.18417508e+03 3.76905402e+01
v 6.54414274e+03 7.14775076e+03 3.90518318e+01
v 6.55639245e+03 7.18342354e+03 3.67616314e+01
v 6.55672573e+03 7.18395233e+03 3.54357411e+01
v 6.55465078e+03 7.17825108e+03 3.61502837e+01
v 6.55586946e+03 7.18111855e+03 3.55763645e+01
v 6.55595162e+03 7.17817092e+03 3.86484967e+01
v 6.55758997e+03 7.17934741e+03 3.75904603e+01
v 6.55456015e+03 7.17753906e+03 3.49037777e+01
v 6.55916491e+03 7.17634151e+03 3.64884056e+01
v 6.55871095e+03 7.17783417e+03 3.64841122e+01
v 6.55722033e+03 7.17790079e+03 3.95711260e+01
v 6.55844246e+03 7.17884951e+03 3.75554770e+01
v 6.55805131e+03 7.18064111e+03 3.54571347e+01
v 6.55783318e+03 7.18183955e+03 3.61500749e+01
v 6.55875472e+03 7.18069861e+03 3.67359773e+01
v 6.55819177e+03 7.17827583e+03 3.89313295e+01
v 6.55818437e+03 7.17714721e+03 3.43448507e+01
v 6.55561315e+03 7.18768909e+03 3.41825766e+01
v 6.55688460e+03 7.18668356e+03 3.43642734e+01
v 6.55304133e+03 7.18755828e+03 3.47120789e+01
v 6.54874132e+03 7.18673533e+03 3.13376667e+01
v 6.54016183e+03 7.16119971e+03 3.67576129e+01
v 6.53999602e+03 7.16481379e+03 3.51176245e+01
v 6.54116311e+03 7.16299683e+03 3.63210388e+01
v 6.53977361e+03 7.16953329e+03 3.42795595e+01
v 6.53948587e+03 7.16174891e+03 3.42043623e+01
v 6.54016514e+03 7.16061806e+03 3.58259211e+01
v 6.53878903e+03 7.15829130e+03 3.58400717e+01
v 6.54181850e+03 7.15920827e+03 3.63359930e+01
v 6.53732985e+03 7.15798473e+03 3.60193506e+01
v 6.53703874e+03 7.15967623e+03 3.74498477e+01
v 6.53761721e+03 7.16787158e+03 3.46731949e+01
v 6.53818412e+03 7.16787591e+03 3.34566361e+01
v 6.53969503e+03 7.17273793e+03 3.54096635e+01
v 6.54091105e+03 7.17235280e+03 3.50026549e+01
v 6.53935656e+03 7.17381720e+03 3.29829253e+01
v 6.53765016e+03 7.16340614e+03 3.43308533e+01
v 6.53684919e+03 7.16477891e+03 3.39020344e+01
v 6.53913072e+03 7.16629395e+03 3.45178038e+01
v 6.53796483e+03 7.16500645e+03 3.42888775e+01
v 6.53728797e+03 7.16599149e+03 3.37703412e+01
v 6.53803142e+03 7.15699801e+03 3.53861638e+01
v 6.54153122e+03 7.15485964e+03 3.55748797e+01
v 6.54063964e+03 7.14906680e+03 3.48735426e+01
v 6.54220961e+03 7.14932672e+03 3.51514891e+01
v 6.54003200e+03 7.15270888e+03 3.42926811e+01
v 6.54261846e+03 7.15747987e+03 3.45982386e+01
v 6.53577205e+03 7.15745541e+03 3.53434643e+01
v 6.54125699e+03 7.13965079e+03 3.30285501e+01
v 6.54189657e+03 7.13815615e+03 3.37827699e+01
v 6.54049092e+03 7.13892277e+03 3.33566538e+01
v 6.53694136e+03 7.13593089e+03 3.41367769e+01
v 6.53880121e+03 7.13720872e+03 3.41369431e+01
v 6.53950571e+03 7.13945337e+03 3.45025925e+01
v 6.54513942e+03 7.14140971e+03 2.98799698e+01
v 6.54024226e+03 7.14273437e+03 3.39848318e+01
v 6.53912982e+03 7.14397748e+03 3.40129336e+01
v 6.54021491e+03 7.14039197e+03 3.59407007e+01
v 6.53982887e+03 7.13772548e+03 3.56902270e+01
v 6.54251272e+03 7.14244061e+03 3.57241072e+01
v 6.54025323e+03 7.14449379e+03 3.56722464e+01
v 6.54182283e+03 7.14037893e+03 3.54063505e+01
v 6.54286489e+03 7.14296903e+03 3.52523964e+01
v 6.54159958e+03 7.14611403e+03 3.61428283e+01
v 6.54302786e+03 7.15035487e+03 3.66905386e+01
v 6.54361349e+03 7.15141889e+03 3.73414624e+01
v 6.53528048e+03 7.15844819e+03 3.65310215e+01
v 6.54210709e+03 7.14902398e+03 3.77043034e+01
v 6.54233808e+03 7.14785413e+03 3.63194907e+01
v 6.54361057e+03 7.14729401e+03 3.58229864e+01
v 6.54239112e+03 7.14452499e+03 3.75950292e+01
v 6.54300788e+03 7.14350461e+03 3.68502134e+01
v 6.54170440e+03 7.14511557e+03 3.75707743e+01
v 6.54124537e+03 7.14403128e+03 3.88149103e+01
v 6.53996338e+03 7.14498603e+03 3.69817882e+01
v 6.53981976e+03 7.14371249e+03 3.75701699e+01
v 6.53926145e+03 7.13991515e+03 3.56824713e+01
v 6.53745251e+03 7.13963013e+03 3.75692559e+01
v 6.54093750e+03 7.14220730e+03 3.62920282e+01
v 6.54127906e+03 7.14106853e+03 3.72262824e+01
v 6.53852701e+03 7.13870703e+03 3.73313983e+01
v 6.53916393e+03 7.13940571e+03 3.71239873e+01
v 6.53628862e+03 7.13841789e+03 3.69272119e+01
v 6.53716184e+03 7.13832011e+03 3.60247742e+01
v 6.53584407e+03 7.13530743e+03 3.54025088e+01
v 6.53648236e+03 7.13736169e+03 3.58247103e+01
v 6.53378708e+03 7.13553989e+03 3.46523405e+01
v 6.53255248e+03 7.13459969e+03 3.66952401e+01
v 6.53641247e+03 7.13677094e+03 3.70241027e+01
v 6.53222442e+03 7.13646128e+03 3.70721118e+01
v 6.53148490e+03 7.13573204e+03 3.72656705e+01
v 6.53415576e+03 7.13703991e+03 3.81733466e+01
v 6.53288582e+03 7.13717260e+03 3.63436932e+01
v 6.53034783e+03 7.13250383e+03 3.70642397e+01
v 6.53157080e+03 7.13369401e+03 3.92387575e+01
v 6.53232041e+03 7.13244047e+03 3.69008745e+01
v 6.53426972e+03 7.13437605e+03 3.42343317e+01
v 6.53298432e+03 7.13361144e+03 3.72644789e+01
v 6.53074054e+03 7.13200134e+03 3.45177588e+01
v 6.53217993e+03 7.13589517e+03 3.55664315e+01
v 6.53502074e+03 7.13988943e+03 3.88986600e+01
v 6.53073084e+03 7.13924553e+03 3.79135319e+01
v 6.53218818e+03 7.13951194e+03 3.98057583e+01
v 6.53362826e+03 7.14004674e+03 3.78703361e+01
v 6.53171247e+03 7.13797211e+03 3.69143527e+01
v 6.53231192e+03 7.14183808e+03 3.81448188e+01
v 6.53137029e+03 7.14107934e+03 3.70178074e+01
v 6.53547473e+03 7.14178550e+03 3.65546097e+01
v 6.53354218e+03 7.13994003e+03 3.81631464e+01
v 6.53347745e+03 7.14025586e+03 3.87750506e+01
v 6.53291326e+03 7.13401402e+03 3.54980607e+01
v 6.52337059e+03 7.14823839e+03 3.48975541e+01
v 6.52225848e+03 7.14715758e+03 3.45167391e+01
v 6.53547459e+03 7.16090601e+03 3.67872222e+01
v 6.53016983e+03 7.13799898e+03 3.72609927e+01
v 6.52016488e+03 7.13513019e+03 3.67159889e+01
v 6.52103411e+03 7.13664157e+03 3.51606176e+01
v 6.52438782e+03 7.14615254e+03 3.55767336e+01
v 6.52341343e+03 7.13498402e+03 3.64589758e+01
v 6.52416910e+03 7.13355063e+03 3.57818146e+01
v 6.52159898e+03 7.13593025e+03 3.66297560e+01
v 6.52607543e+03 7.14622214e+03 3.40197061e+01
v 6.52506331e+03 7.14791489e+03 3.58847342e+01
v 6.53062049e+03 7.13730786e+03 3.57324271e+01
v 6.53055727e+03 7.13881676e+03 3.53045929e+01
v 6.52931813e+03 7.13497546e+03 3.46136964e+01
v 6.52182754e+03 7.13309873e+03 3.72583737e+01
v 6.52278321e+03 7.13010184e+03 3.57464119e+01
v 6.52213407e+03 7.13147210e+03 3.69253080e+01
v 6.52470676e+03 7.13232402e+03 3.60152558e+01
v 6.52344476e+03 7.13607850e+03 3.44983244e+01
v 6.52781980e+03 7.13551576e+03 3.45788083e+01
v 6.53282882e+03 7.13192984e+03 3.49907161e+01
v 6.52703152e+03 7.13628216e+03 3.42189584e+01
v 6.52494421e+03 7.13106516e+03 3.43143778e+01
v 6.52324236e+03 7.14563865e+03 3.42905446e+01
v 6.52474476e+03 7.14486359e+03 3.39296713e+01
v 6.52268419e+03 7.14923778e+03 3.51300373e+01
v 6.52561951e+03 7.14790709e+03 3.43540061e+01
v 6.52965127e+03 7.15759048e+03 3.44409002e+01
v 6.53165498e+03 7.15774748e+03 3.45871746e+01
v 6.53255969e+03 7.15924408e+03 3.37728484e+01
v 6.52792847e+03 7.14754349e+03 3.22520594e+01
v 6.53077710e+03 7.15947371e+03 3.43481787e+01
v 6.53456513e+03 7.15938120e+03 3.47277500e+01
v 6.52581541e+03 7.14974667e+03 3.42018071e+01
v 6.52629055e+03 7.16764314e+03 3.59739186e+01
v 6.52556253e+03 7.16882048e+03 3.48033445e+01
v 6.52822654e+03 7.16526373e+03 3.42103932e+01
v 6.53084229e+03 7.16917455e+03 3.47605412e+01
v 6.53218764e+03 7.16796270e+03 3.53391817e+01
v 6.53290507e+03 7.16605963e+03 3.48026206e+01
v 6.52928151e+03 7.16726530e+03 3.43888042e+01
v 6.52841771e+03 7.16817760e+03 3.47220550e+01
v 6.53122597e+03 7.16642748e+03 3.49299527e+01
v 6.53156516e+03 7.16248137e+03 3.51949497e+01
v 6.53469839e+03 7.16738866e+03 3.46192182e+01
v 6.53597785e+03 7.16683448e+03 3.41106589e+01
v 6.53651078e+03 7.16731035e+03 3.44578190e+01
v 6.53494513e+03 7.16559446e+03 3.49644078e+01
v 6.53522351e+03 7.16441597e+03 3.61669909e+01
v 6.52254057e+03 7.17026118e+03 3.36121425e+01
v 6.52318828e+03 7.17151483e+03 3.38182130e+01
v 6.52442095e+03 7.17366604e+03 3.43066459e+01
v 6.53228283e+03 7.16049941e+03 3.54847507e+01
v 6.52432159e+03 7.16934862e+03 3.34066462e+01
v 6.52833083e+03 7.16749955e+03 3.53863090e+01
v 6.52964211e+03 7.17230775e+03 3.52590890e+01
v 6.53072843e+03 7.17067514e+03 3.52304978e+01
v 6.52566790e+03 7.16951661e+03 3.53795643e+01
v 6.52754074e+03 7.17023418e+03 3.65896118e+01
v 6.52447742e+03 7.17144776e+03 3.43390527e+01
v 6.52598240e+03 7.17267526e+03 3.44579386e+01
v 6.52580366e+03 7.17209481e+03 3.66122691e+01
v 6.52514817e+03 7.16982933e+03 3.63641509e+01
v 6.53188760e+03 7.16524002e+03 3.56799671e+01
v 6.52834889e+03 7.16580180e+03 3.59427998e+01
v 6.53276472e+03 7.16422935e+03 3.62336859e+01
v 6.53251371e+03 7.16263192e+03 3.67059981e+01
v 6.53204635e+03 7.16675896e+03 3.62642995e+01
v 6.53500342e+03 7.16750521e+03 3.63993982e+01
v 6.53376749e+03 7.16806872e+03 3.64652019e+01
v 6.52745940e+03 7.16679362e+03 3.58036690e+01
v 6.52908607e+03 7.16863324e+03 3.57938908e+01
v 6.53061403e+03 7.16936921e+03 3.57808191e+01
v 6.53289304e+03 7.16923807e+03 3.65193450e+01
v 6.53468338e+03 7.17415579e+03 3.61066949e+01
v 6.52861963e+03 7.17347972e+03 3.71291025e+01
v 6.53631917e+03 7.17171518e+03 3.82730715e+01
v 6.53524776e+03 7.17368260e+03 3.80063835e+01
v 6.53604410e+03 7.16997934e+03 3.79099153e+01
v 6.53417070e+03 7.16216486e+03 3.74387603e+01
v 6.52730564e+03 7.16776217e+03 3.64528777e+01
v 6.53247121e+03 7.17093708e+03 3.73757482e+01
v 6.53525653e+03 7.16980618e+03 3.87614763e+01
v 6.52843255e+03 7.16994994e+03 3.76137800e+01
v 6.52941228e+03 7.16950924e+03 3.70743814e+01
v 6.52971338e+03 7.17091507e+03 3.85326616e+01
v 6.52811112e+03 7.17209291e+03 3.75188718e+01
v 6.52962166e+03 7.17271729e+03 3.67588465e+01
v 6.53087510e+03 7.17056616e+03 3.69832194e+01
v 6.52636513e+03 7.17359453e+03 3.64621574e+01
v 6.52928608e+03 7.16871703e+03 3.70621860e+01
v 6.53840441e+03 7.17913941e+03 3.63028935e+01
v 6.54018093e+03 7.17900376e+03 3.64643132e+01
v 6.53934040e+03 7.18070008e+03 3.70054796e+01
v 6.54100908e+03 7.17935244e+03 3.73983105e+01
v 6.54069891e+03 7.17782015e+03 3.59534327e+01
v 6.53898121e+03 7.17817764e+03 3.46450678e+01
v 6.53959044e+03 7.18278081e+03 3.53432871e+01
v 6.54043997e+03 7.18279550e+03 3.66114295e+01
v 6.54038857e+03 7.17724085e+03 3.49244995e+01
v 6.53883748e+03 7.17663641e+03 3.37809549e+01
v 6.53815368e+03 7.18484051e+03 3.45042776e+01
v 6.53753197e+03 7.18593898e+03 3.53796057e+01
v 6.53852236e+03 7.18670530e+03 3.50322408e+01
v 6.53870293e+03 7.18361005e+03 3.45904474e+01
v 6.53931370e+03 7.18494463e+03 3.55072680e+01
v 6.53809679e+03 7.18165576e+03 3.52736239e+01
v 6.53754385e+03 7.18028164e+03 3.44470190e+01
v 6.53728686e+03 7.18773133e+03 3.58230445e+01
v 6.53978658e+03 7.18705892e+03 3.47794218e+01
v 6.54185010e+03 7.18357537e+03 3.37585870e+01
v 6.54301035e+03 7.18271534e+03 3.60432742e+01
v 6.54165184e+03 7.18175075e+03 3.63980019e+01
v 6.54329769e+03 7.18188436e+03 3.48391122e+01
v 6.54033790e+03 7.18153289e+03 3.65790927e+01
v 6.53630921e+03 7.18737714e+03 3.48602439e+01
v 6.54212941e+03 7.17680330e+03 3.60269381e+01
v 6.54357345e+03 7.17703716e+03 3.45295372e+01
v 6.54293844e+03 7.17737347e+03 3.59168113e+01
v 6.54190292e+03 7.17842095e+03 3.63205229e+01
v 6.54241004e+03 7.17914619e+03 3.55941794e+01
v 6.54378057e+03 7.17877901e+03 3.53621442e+01
v 6.54190158e+03 7.18009157e+03 3.69046790e+01
v 6.54107919e+03 7.18577670e+03 3.45922535e+01
v 6.54440253e+03 7.18021997e+03 3.47628558e+01
v 6.52278452e+03 7.16869792e+03 2.96510751e+01
v 6.55037332e+03 7.12462307e+03 2.54811341e+01
v 6.55812286e+03 7.12570439e+03 3.91166035e+01
v 6.55954940e+03 7.12639724e+03 4.30583167e+01
v 6.56222765e+03 7.12880910e+03 3.87938101e+01
v 6.56043746e+03 7.12745724e+03 4.07023687e+01
v 6.55253228e+03 7.12694715e+03 2.74905073e+01
v 6.54714719e+03 7.18707234e+03 3.11132676e+01
v 6.54863902e+03 7.15649795e+03 3.10028939e+01
v 6.55002939e+03 7.15606953e+03 3.10677577e+01
v 6.54961698e+03 7.15488605e+03 3.14695100e+01
v 6.55301596e+03 7.14915034e+03 3.14637037e+01
v 6.55136232e+03 7.14309749e+03 3.11831177e+01
v 6.54934798e+03 7.15756869e+03 3.15284202e+01
v 6.55255606e+03 7.14087478e+03 3.08147656e+01
v 6.55021481e+03 7.14003938e+03 3.05180883e+01
v 6.54974851e+03 7.14213187e+03 3.17000300e+01
v 6.54637194e+03 7.14170227e+03 3.01987801e+01
v 6.54696408e+03 7.14359806e+03 3.12695614e+01
v 6.55807763e+03 7.14751395e+03 3.15886751e+01
v 6.55276571e+03 7.17252181e+03 3.20086279e+01
v 6.54962853e+03 7.16164921e+03 3.01670105e+01
v 6.54978962e+03 7.16344089e+03 3.00434702e+01
v 6.56044730e+03 7.18608072e+03 2.94408096e+01
v 6.56114127e+03 7.15989346e+03 3.09124243e+01
v 6.56058538e+03 7.16139538e+03 3.03388081e+01
v 6.56009760e+03 7.15088495e+03 3.17009141e+01
v 6.55694646e+03 7.12477620e+03 4.21602753e+01
v 6.54526606e+03 7.12782301e+03 4.19556562e+01
v 6.55596817e+03 7.12840754e+03 4.26180080e+01
v 6.54773139e+03 7.12522111e+03 4.29855843e+01
v 6.55589887e+03 7.12749766e+03 4.29379923e+01
v 6.54710170e+03 7.12788575e+03 4.05445594e+01
v 6.54830251e+03 7.12728275e+03 4.16368888e+01
v 6.55657996e+03 7.12668670e+03 3.90342349e+01
v 6.54645666e+03 7.12886663e+03 4.04470668e+01
v 6.53030424e+03 7.13261433e+03 2.24736516e+01
v 6.53562410e+03 7.15346706e+03 2.35944514e+01
v 6.53412248e+03 7.15438158e+03 2.44087390e+01
v 6.53080418e+03 7.15864893e+03 2.36390426e+01
v 6.53571134e+03 7.15500766e+03 2.43722358e+01
v 6.53100634e+03 7.15581879e+03 2.37808809e+01
v 6.52867918e+03 7.14943897e+03 2.42047417e+01
v 6.52317815e+03 7.18186969e+03 2.36450770e+01
v 6.52363409e+03 7.18668116e+03 2.42749163e+01
v 6.52568488e+03 7.15394698e+03 2.60546675e+01
v 6.52981416e+03 7.15172747e+03 2.57109816e+01
v 6.52215704e+03 7.15833891e+03 2.41184913e+01
v 6.50370576e+03 7.12555265e+03 3.41630983e+01
v 6.56299999e+03 7.12926112e+03 3.71270672e+01
v 6.56299999e+03 7.12901944e+03 3.85388300e+01
v 6.56299999e+03 7.12739319e+03 4.34723077e+01
v 6.56299999e+03 7.12745551e+03 4.40379628e+01
v 6.56299999e+03 7.12843789e+03 4.27376674e+01
v 6.56299999e+03 7.12659251e+03 4.48049542e+01
v 6.56299999e+03 7.12629258e+03 4.54694340e+01
v 6.56299999e+03 7.12502324e+03 4.55455809e+01
v 6.56299999e+03 7.12577163e+03 4.51611974e+01
v 6.56299999e+03 7.12816476e+03 3.26061592e+01
v 6.56299999e+03 7.12904642e+03 3.07378492e+01
v 6.56299999e+03 7.12907804e+03 3.06948947e+01
v 6.56299999e+03 7.14447698e+03 2.75675455e+01
v 6.56299999e+03 7.14356960e+03 2.82493788e+01
v 6.56299999e+03 7.14658100e+03 2.83637132e+01
v 6.56299999e+03 7.14698106e+03 2.77954383e+01
v 6.56299999e+03 7.14923324e+03 2.85976638e+01
v 6.56299999e+03 7.14906240e+03 2.85818922e+01
v 6.56299999e+03 7.15010627e+03 2.80793929e+01
v 6.56299999e+03 7.14461833e+03 2.70833118e+01
v 6.56299999e+03 7.14240169e+03 2.85427621e+01
v 6.56299999e+03 7.14299046e+03 2.83648525e+01
v 6.56299999e+03 7.14891056e+03 2.85281998e+01
v 6.56299999e+03 7.15209857e+03 2.80830147e+01
v 6.56299999e+03 7.15201762e+03 2.80751688e+01
v 6.56299999e+03 7.15228802e+03 2.81461709e+01
v 6.56299999e+03 7.14085556e+03 2.59537090e+01
v 6.56299999e+03 7.14022174e+03 2.59235348e+01
v 6.56299999e+03 7.14397133e+03 2.69015029e+01
v 6.56299999e+03 7.14322439e+03 2.68019317e+01
v 6.56299999e+03 7.14426920e+03 2.69710984e+01
v 6.56299999e+03 7.13721982e+03 2.53498570e+01
v 6.56299999e+03 7.13806556e+03 2.53435683e+01
v 6.56299999e+03 7.13986308e+03 2.58362540e+01
v 6.56299999e+03 7.13690454e+03 2.51836842e+01
v 6.56299999e+03 7.13572569e+03 2.48287234e+01
v 6.56299999e+03 7.13366316e+03 2.44758602e+01
v 6.56299999e+03 7.15481959e+03 2.88442268e+01
v 6.56299999e+03 7.16630757e+03 2.80216953e+01
v 6.56299999e+03 7.16438288e+03 2.85931307e+01
v 6.56299999e+03 7.14373124e+03 3.08466980e+01
v 6.56299999e+03 7.14512584e+03 3.05785054e+01
v 6.56299999e+03 7.17386080e+03 3.62321556e+01
v 6.56299999e+03 7.17330515e+03 3.64833590e+01
v 6.56299999e+03 7.17201770e+03 3.61781117e+01
v 6.56299999e+03 7.17271195e+03 3.65037961e+01
v 6.56299999e+03 7.17713255e+03 3.67405820e+01
v 6.56299999e+03 7.17637164e+03 3.57162056e+01
v 6.56299999e+03 7.18034346e+03 3.39760572e+01
v 6.56299999e+03 7.17986723e+03 3.44826046e+01
v 6.56299999e+03 7.18135864e+03 3.33049335e+01
v 6.56299999e+03 7.17868960e+03 3.69572107e+01
v 6.56299999e+03 7.17721933e+03 3.67869155e+01
v 6.56299999e+03 7.17594691e+03 3.56346829e+01
v 6.56299999e+03 7.17538328e+03 3.59760971e+01
v 6.56299999e+03 7.17466372e+03 3.64096246e+01
v 6.56299999e+03 7.17908425e+03 3.66312416e+01
v 6.56299999e+03 7.12800511e+03 3.45795096e+01
v 6.56299999e+03 7.16405235e+03 3.37861780e+01
v 6.56299999e+03 7.16323544e+03 3.29123626e+01
v 6.56299999e+03 7.16495999e+03 3.45910297e+01
v 6.56299999e+03 7.16525050e+03 3.48283535e+01
v 6.56299999e+03 7.16311623e+03 3.26702937e+01
v 6.56299999e+03 7.16312936e+03 3.27556450e+01
v 6.56299999e+03 7.16405713e+03 3.42688664e+01
v 6.56299999e+03 7.16982234e+03 3.42652014e+01
v 6.56299999e+03 7.17117238e+03 3.60987404e+01
v 6.56299999e+03 7.16830982e+03 3.56963116e+01
v 6.56299999e+03 7.16815492e+03 3.58011882e+01
v 6.56299999e+03 7.16912114e+03 3.45807981e+01
v 6.56299999e+03 7.16975373e+03 3.41877826e+01
v 6.56299999e+03 7.16481155e+03 3.64432757e+01
v 6.56299999e+03 7.16533871e+03 3.54004123e+01
v 6.56299999e+03 7.16566476e+03 3.65839648e+01
v 6.56299999e+03 7.16781780e+03 3.74805630e+01
v 6.56299999e+03 7.16626633e+03 3.81040425e+01
v 6.56299999e+03 7.16620997e+03 3.80947406e+01
v 6.56299999e+03 7.16804085e+03 3.75996058e+01
v 6.56299999e+03 7.16166319e+03 3.00404570e+01
v 6.56299999e+03 7.15922086e+03 3.00442611e+01
v 6.56299999e+03 7.15881590e+03 2.99572650e+01
v 6.56299999e+03 7.15743090e+03 2.97083984e+01
v 6.56299999e+03 7.16217572e+03 2.99360634e+01
v 6.56299999e+03 7.14364265e+03 3.09087010e+01
v 6.56299999e+03 7.14351870e+03 3.08718688e+01
v 6.56299999e+03 7.14130201e+03 3.02164610e+01
v 6.56299999e+03 7.14102782e+03 2.97826105e+01
v 6.56299999e+03 7.14537983e+03 2.89116379e+01
v 6.56299999e+03 7.14202613e+03 2.96819095e+01
v 6.56299999e+03 7.14689312e+03 3.21037815e+01
v 6.56299999e+03 7.14662981e+03 3.19727881e+01
v 6.56299999e+03 7.14689981e+03 3.21294928e+01
v 6.56299999e+03 7.14686608e+03 3.21319512e+01
v 6.56299999e+03 7.14689448e+03 3.21383716e+01
v 6.56299999e+03 7.18297402e+03 3.25503980e+01
v 6.56299999e+03 7.18445052e+03 2.93329772e+01
v 6.56299999e+03 7.18330581e+03 3.03974852e+01
v 6.56299999e+03 7.18566188e+03 2.88897191e+01
v 6.56299999e+03 7.18623849e+03 2.85638963e+01
v 6.56299999e+03 7.18636187e+03 2.86216105e+01
v 6.56299999e+03 7.18699356e+03 2.88133921e+01
v 6.56299999e+03 7.12880861e+03 4.11268493e+01
v 6.56299999e+03 7.12946517e+03 2.66530085e+01
v 6.56299999e+03 7.12918776e+03 2.68394930e+01
v 6.56299999e+03 7.12932745e+03 3.92328617e+01
v 6.56299999e+03 7.13088499e+03 2.48294893e+01
v 6.56299999e+03 7.13107848e+03 2.45588056e+01
v 6.56299999e+03 7.13239866e+03 2.43328235e+01
v 6.56299999e+03 7.12907522e+03 3.06556290e+01
v 6.56299999e+03 7.16241480e+03 2.97706168e+01
v 6.56299999e+03 7.16282418e+03 2.95595895e+01
v 6.56299999e+03 7.18344563e+03 3.17467284e+01
v 6.56299999e+03 7.13036194e+03 2.56507793e+01
v 6.56299999e+03 7.14242980e+03 2.74358224e+01
v 6.56299999e+03 7.14200994e+03 2.65473834e+01
v 6.56299999e+03 7.16527844e+03 3.49901462e+01
v 6.56299999e+03 7.16816579e+03 3.58498071e+01
v 6.56299999e+03 7.16821575e+03 3.60471135e+01
v 6.56299999e+03 7.16319567e+03 3.24038830e+01
v 6.56299999e+03 7.17965106e+03 3.46144355e+01
v 6.56299999e+03 7.16443882e+03 3.02923495e+01
v 6.56299999e+03 7.12906758e+03 3.06725615e+01
v 6.50940387e+03 7.12450001e+03 3.39356609e+01
v 6.50945603e+03 7.12450001e+03 3.39252252e+01
v 6.51677221e+03 7.12450001e+03 3.55820526e+01
v 6.51674752e+03 7.12450001e+03 3.56496166e+01
v 6.50247975e+03 7.12450001e+03 3.33968834e+01
v 6.50270784e+03 7.12450001e+03 3.38333449e+01
v 6.50114793e+03 7.12450001e+03 3.27406905e+01
v 6.50110767e+03 7.12450001e+03 3.23246412e+01
v 6.50831096e+03 7.12450001e+03 3.49179733e+01
v 6.51667379e+03 7.12450001e+03 3.40992680e+01
v 6.51665865e+03 7.12450001e+03 3.44668464e+01
v 6.50626532e+03 7.12450001e+03 3.43330225e+01
v 6.50718235e+03 7.12450001e+03 3.46227319e+01
v 6.51775017e+03 7.12450001e+03 3.39545093e+01
v 6.51721032e+03 7.12450001e+03 3.40667222e+01
v 6.51858471e+03 7.12450001e+03 3.38820532e+01
v 6.50803869e+03 7.12450001e+03 3.49582388e+01
v 6.50460595e+03 7.12450001e+03 3.40682214e+01
v 6.50497311e+03 7.12450001e+03 3.44985574e+01
v 6.50560052e+03 7.12450001e+03 3.47991104e+01
v 6.50374795e+03 7.12450001e+03 3.39594590e+01
v 6.51224311e+03 7.12450001e+03 3.54908995e+01
v 6.51144173e+03 7.12450001e+03 3.51432300e+01
v 6.51127454e+03 7.12450001e+03 3.51833962e+01
v 6.51466612e+03 7.12450001e+03 3.50987740e+01
v 6.51334840e+03 7.12450001e+03 3.48678407e+01
v 6.51533409e+03 7.12450001e+03 3.49047978e+01
v 6.51673458e+03 7.12450001e+03 3.56543719e+01
v 6.51672034e+03 7.12450001e+03 3.56485460e+01
v 6.50010330e+03 7.12450001e+03 3.04104439e+01
v 6.50002012e+03 7.12450001e+03 3.02684006e+01
v 6.51119983e+03 7.12450001e+03 3.51150221e+01
v 6.53960181e+03 7.12450001e+03 3.98118065e+01
v 6.54024072e+03 7.12450001e+03 3.85888048e+01
v 6.54156595e+03 7.12450001e+03 4.40282959e+01
v 6.54120642e+03 7.12450001e+03 4.35397364e+01
v 6.53994674e+03 7.12450001e+03 3.67639083e+01
v 6.53986714e+03 7.12450001e+03 3.63742633e+01
v 6.53966244e+03 7.12450001e+03 3.60515307e+01
v 6.53751365e+03 7.12450001e+03 3.49386429e+01
v 6.52091382e+03 7.12450001e+03 3.23776097e+01
v 6.52070184e+03 7.12450001e+03 3.24201540e+01
v 6.52100454e+03 7.12450001e+03 3.22517509e+01
v 6.52027204e+03 7.12450001e+03 3.25212525e+01
v 6.54041742e+03 7.12450001e+03 4.23132114e+01
v 6.54009670e+03 7.12450001e+03 4.24631937e+01
v 6.53949093e+03 7.12450001e+03 4.15245438e+01
v 6.53949494e+03 7.12450001e+03 4.00725222e+01
v 6.54034320e+03 7.12450001e+03 3.77286769e+01
v 6.54368141e+03 7.12450001e+03 4.48350648e+01
v 6.54468470e+03 7.12450001e+03 4.46516192e+01
v 6.54053095e+03 7.12450001e+03 4.25947800e+01
v 6.54045882e+03 7.12450001e+03 4.23495077e+01
v 6.51891995e+03 7.12450001e+03 3.32710235e+01
v 6.53212689e+03 7.12450001e+03 2.20223944e+01
v 6.53374968e+03 7.12450001e+03 2.20612030e+01
v 6.53712366e+03 7.12450001e+03 2.20645904e+01
v 6.53940984e+03 7.12450001e+03 2.22837773e+01
v 6.54024712e+03 7.12450001e+03 2.34621201e+01
v 6.53097041e+03 7.12450001e+03 2.21720143e+01
v 6.53045450e+03 7.12450001e+03 2.28260659e+01
v 6.52533211e+03 7.12450001e+03 2.85649767e+01
v 6.52450997e+03 7.12450001e+03 2.73688755e+01
v 6.52548003e+03 7.12450001e+03 2.87859187e+01
v 6.52623928e+03 7.12450001e+03 2.68799400e+01
v 6.52606664e+03 7.12450001e+03 2.68951683e+01
v 6.52674171e+03 7.12450001e+03 2.71574872e+01
v 6.52574208e+03 7.12450001e+03 2.83244324e+01
v 6.52556885e+03 7.12450001e+03 2.88175056e+01
v 6.52255589e+03 7.12450001e+03 2.92937470e+01
v 6.52206092e+03 7.12450001e+03 2.87362526e+01
v 6.52217347e+03 7.12450001e+03 2.78359550e+01
v 6.52264295e+03 7.12450001e+03 2.75688901e+01
v 6.52419981e+03 7.12450001e+03 2.72966445e+01
v 6.52598214e+03 7.12450001e+03 2.71124105e+01
v 6.52829887e+03 7.12450001e+03 2.84420231e+01
v 6.52796498e+03 7.12450001e+03 2.78800648e+01
v 6.52155938e+03 7.12450001e+03 3.05309814e+01
v 6.52217159e+03 7.12450001e+03 3.01562793e+01
v 6.52114811e+03 7.12450001e+03 3.10691037e+01
v 6.52094634e+03 7.12450001e+03 3.20520240e+01
v 6.53871632e+03 7.12450001e+03 3.28569697e+01
v 6.53928387e+03 7.12450001e+03 2.96614907e+01
v 6.53164745e+03 7.12450001e+03 2.19829130e+01
v 6.53017241e+03 7.12450001e+03 2.56082749e+01
v 6.52950348e+03 7.12450001e+03 2.81138142e+01
v 6.54028636e+03 7.12450001e+03 2.66533985e+01
v 6.54037329e+03 7.12450001e+03 2.47233665e+01
v 6.53963633e+03 7.12450001e+03 2.76350857e+01
v 6.54060696e+03 7.12450001e+03 2.36016042e+01
v 6.53027476e+03 7.12450001e+03 2.43469590e+01
v 6.52839600e+03 7.12450001e+03 2.84889104e+01
v 6.56203444e+03 7.12450001e+03 4.53953939e+01
v 6.56127355e+03 7.12450001e+03 4.50481909e+01
v 6.54864534e+03 7.12450001e+03 4.13102557e+01
v 6.54830521e+03 7.12450001e+03 4.16520149e+01
v 6.55035432e+03 7.12450001e+03 4.41212130e+01
v 6.54991408e+03 7.12450001e+03 4.41271329e+01
v 6.54851398e+03 7.12450001e+03 4.12591967e+01
v 6.54879872e+03 7.12450001e+03 4.03898076e+01
v 6.55726461e+03 7.12450001e+03 3.91542214e+01
v 6.55839411e+03 7.12450001e+03 3.89386491e+01
v 6.55703326e+03 7.12450001e+03 3.92398555e+01
v 6.55909392e+03 7.12450001e+03 3.97647746e+01
v 6.55892073e+03 7.12450001e+03 4.27291679e+01
v 6.55890862e+03 7.12450001e+03 4.16824053e+01
v 6.54836900e+03 7.12450001e+03 4.13311265e+01
v 6.56028390e+03 7.12450001e+03 4.34378880e+01
v 6.56107114e+03 7.12450001e+03 4.42189221e+01
v 6.55421347e+03 7.12450001e+03 4.45891334e+01
v 6.55435757e+03 7.12450001e+03 4.43584563e+01
v 6.55414892e+03 7.12450001e+03 4.45710226e+01
v 6.55320545e+03 7.12450001e+03 4.54575600e+01
v 6.55205053e+03 7.12450001e+03 4.52703336e+01
v 6.55400691e+03 7.12450001e+03 4.46176052e+01
v 6.54535635e+03 7.12450001e+03 4.49779720e+01
v 6.55095307e+03 7.12450001e+03 4.47149187e+01
v 6.54801042e+03 7.12450001e+03 4.44395457e+01
v 6.54927927e+03 7.12450001e+03 4.47516597e+01
v 6.54640579e+03 7.12450001e+03 4.46315507e+01
v 6.54603075e+03 7.12450001e+03 4.49894332e+01
v 6.54749029e+03 7.12450001e+03 4.43238670e+01
v 6.54928419e+03 7.12450001e+03 4.47507835e+01
v 6.54928075e+03 7.12450001e+03 4.47506079e+01
v 6.55546847e+03 7.12450001e+03 4.32375466e+01
v 6.55585738e+03 7.12450001e+03 4.28502517e+01
v 6.56021638e+03 7.12450001e+03 4.34100728e+01
v 6.55938071e+03 7.12450001e+03 4.03874840e+01
v 6.55666895e+03 7.12450001e+03 4.22712067e+01
v 6.55338086e+03 7.12450001e+03 2.64460373e+01
v 6.55498786e+03 7.12450001e+03 2.66352381e+01
v 6.54925337e+03 7.12450001e+03 2.25857039e+01
v 6.55128840e+03 7.12450001e+03 2.27346105e+01
v 6.54919089e+03 7.12450001e+03 2.29543439e+01
v 6.55613325e+03 7.12450001e+03 2.36952897e+01
v 6.55434771e+03 7.12450001e+03 2.33018211e+01
v 6.55211149e+03 7.12450001e+03 2.67117330e+01
v 6.55052738e+03 7.12450001e+03 2.55684370e+01
v 6.55552015e+03 7.12450001e+03 2.64185326e+01
v 6.55639976e+03 7.12450001e+03 2.59899118e+01
v 6.54916285e+03 7.12450001e+03 4.06220418e+01
v 6.55036948e+03 7.12450001e+03 2.54728320e+01
v 6.55032548e+03 7.12450001e+03 2.53237667e+01
v 6.55682044e+03 7.12450001e+03 2.54973546e+01
v 6.55670449e+03 7.12450001e+03 4.03562700e+01
v 6.55654503e+03 7.12450001e+03 4.10717287e+01
v 6.55678986e+03 7.12450001e+03 4.17097604e+01
v 6.55303443e+03 7.12450001e+03 2.27879562e+01
v 6.55641243e+03 7.12450001e+03 2.45453688e+01
v 6.54906446e+03 7.12450001e+03 2.38549431e+01
v 6.50000000e+03 7.12450001e+03 3.02583087e+01
v 6.56297393e+03 7.12450001e+03 4.55398163e+01
v 6.56299999e+03 7.12450001e+03 4.55438228e+01
v 6.51378340e+03 7.18799999e+03 2.24426510e+01
v 6.51444726e+03 7.18799999e+03 2.23059745e+01
v 6.51444499e+03 7.18799999e+03 2.46948242e+01
v 6.51423234e+03 7.18799999e+03 2.71789760e+01
v 6.50176748e+03 7.18799999e+03 2.66217180e+01
v 6.50155538e+03 7.18799999e+03 2.76238777e+01
v 6.51000262e+03 7.18799999e+03 2.78679427e+01
v 6.51000231e+03 7.18799999e+03 2.78630840e+01
v 6.50118489e+03 7.18799999e+03 2.57110946e+01
v 6.50107102e+03 7.18799999e+03 2.44555595e+01
v 6.50321596e+03 7.18799999e+03 2.77836018e+01
v 6.50408355e+03 7.18799999e+03 2.78127675e+01
v 6.50388658e+03 7.18799999e+03 2.78332581e+01
v 6.50999829e+03 7.18799999e+03 2.78739510e+01
v 6.50529373e+03 7.18799999e+03 2.79975364e+01
v 6.50547349e+03 7.18799999e+03 2.81825459e+01
v 6.50999950e+03 7.18799999e+03 2.78901820e+01
v 6.50924284e+03 7.18799999e+03 2.88683906e+01
v 6.50640877e+03 7.18799999e+03 2.93219570e+01
v 6.51414475e+03 7.18799999e+03 2.73495198e+01
v 6.51325088e+03 7.18799999e+03 2.80356044e+01
v 6.51303312e+03 7.18799999e+03 2.81564934e+01
v 6.51195214e+03 7.18799999e+03 2.77191141e+01
v 6.51005053e+03 7.18799999e+03 2.78667758e+01
v 6.50787733e+03 7.18799999e+03 2.88826292e+01
v 6.50651605e+03 7.18799999e+03 2.94211347e+01
v 6.50069873e+03 7.18799999e+03 2.28842936e+01
v 6.50079253e+03 7.18799999e+03 2.16829024e+01
v 6.50081424e+03 7.18799999e+03 2.36266032e+01
v 6.51495033e+03 7.18799999e+03 2.18791202e+01
v 6.51330248e+03 7.18799999e+03 2.42118716e+01
v 6.51335516e+03 7.18799999e+03 2.44032599e+01
v 6.51734133e+03 7.18799999e+03 2.52333623e+01
v 6.51818129e+03 7.18799999e+03 2.54469600e+01
v 6.51679195e+03 7.18799999e+03 2.53911874e+01
v 6.51543252e+03 7.18799999e+03 2.50786155e+01
v 6.51921036e+03 7.18799999e+03 2.57966607e+01
v 6.51539822e+03 7.18799999e+03 2.25122065e+01
v 6.50108205e+03 7.18799999e+03 1.92021040e+01
v 6.50112091e+03 7.18799999e+03 2.10755646e+01
v 6.50648507e+03 7.18799999e+03 2.94098753e+01
v 6.50870001e+03 7.18799999e+03 2.87226200e+01
v 6.50650176e+03 7.18799999e+03 2.94070188e+01
v 6.51472078e+03 7.18799999e+03 2.44549481e+01
v 6.51473065e+03 7.18799999e+03 2.45918629e+01
v 6.51486667e+03 7.18799999e+03 2.41812916e+01
v 6.50113414e+03 7.18799999e+03 1.57916603e+01
v 6.50126710e+03 7.18799999e+03 1.42056819e+01
v 6.52645243e+03 7.18799999e+03 2.75442348e+01
v 6.52645814e+03 7.18799999e+03 2.80692471e+01
v 6.54414357e+03 7.18799999e+03 2.71611208e+01
v 6.54365048e+03 7.18799999e+03 2.70115278e+01
v 6.51936824e+03 7.18799999e+03 2.57664142e+01
v 6.54068198e+03 7.18799999e+03 2.60174785e+01
v 6.53985911e+03 7.18799999e+03 2.60373483e+01
v 6.54077728e+03 7.18799999e+03 2.66218494e+01
v 6.53986830e+03 7.18799999e+03 2.60580780e+01
v 6.54114868e+03 7.18799999e+03 2.61146464e+01
v 6.54111659e+03 7.18799999e+03 2.63775623e+01
v 6.54203562e+03 7.18799999e+03 2.89151227e+01
v 6.54040796e+03 7.18799999e+03 2.89064580e+01
v 6.52422276e+03 7.18799999e+03 2.68565210e+01
v 6.52416536e+03 7.18799999e+03 2.67785570e+01
v 6.52010743e+03 7.18799999e+03 2.30638990e+01
v 6.51925286e+03 7.18799999e+03 2.36786760e+01
v 6.52321647e+03 7.18799999e+03 2.54472787e+01
v 6.52376839e+03 7.18799999e+03 2.57525909e+01
v 6.52449311e+03 7.18799999e+03 2.69087376e+01
v 6.52420416e+03 7.18799999e+03 2.66006392e+01
v 6.54246020e+03 7.18799999e+03 2.66881138e+01
v 6.52657921e+03 7.18799999e+03 2.99613579e+01
v 6.52280908e+03 7.18799999e+03 2.42882130e+01
v 6.52271576e+03 7.18799999e+03 2.32284214e+01
v 6.51946461e+03 7.18799999e+03 2.53906600e+01
v 6.51910485e+03 7.18799999e+03 2.42208855e+01
v 6.52147310e+03 7.18799999e+03 2.27019298e+01
v 6.52177689e+03 7.18799999e+03 2.20881417e+01
v 6.52228996e+03 7.18799999e+03 2.24415416e+01
v 6.52746738e+03 7.18799999e+03 3.00386704e+01
v 6.52921897e+03 7.18799999e+03 2.98152944e+01
v 6.54203570e+03 7.18799999e+03 2.89151095e+01
v 6.54203568e+03 7.18799999e+03 2.89151175e+01
v 6.53549669e+03 7.18799999e+03 3.41891747e+01
v 6.53550182e+03 7.18799999e+03 3.49700193e+01
v 6.53912895e+03 7.18799999e+03 3.28510396e+01
v 6.53939563e+03 7.18799999e+03 3.48940623e+01
v 6.53913441e+03 7.18799999e+03 3.28122303e+01
v 6.53914195e+03 7.18799999e+03 3.27819848e+01
v 6.53579709e+03 7.18799999e+03 3.50368173e+01
v 6.53602016e+03 7.18799999e+03 3.26975110e+01
v 6.53651214e+03 7.18799999e+03 3.49428080e+01
v 6.53724068e+03 7.18799999e+03 3.57166274e+01
v 6.53864741e+03 7.18799999e+03 3.57483159e+01
v 6.53732230e+03 7.18799999e+03 3.58497318e+01
v 6.53893275e+03 7.18799999e+03 3.56888468e+01
v 6.53887633e+03 7.18799999e+03 3.57100095e+01
v 6.54005416e+03 7.18799999e+03 2.95249466e+01
v 6.54008415e+03 7.18799999e+03 3.00973930e+01
v 6.52925060e+03 7.18799999e+03 3.05870810e+01
v 6.53987928e+03 7.18799999e+03 3.15906604e+01
v 6.53564151e+03 7.18799999e+03 3.23769608e+01
v 6.53446304e+03 7.18799999e+03 3.20285459e+01
v 6.53914821e+03 7.18799999e+03 3.27525138e+01
v 6.53975568e+03 7.18799999e+03 3.21588637e+01
v 6.52968527e+03 7.18799999e+03 3.10928237e+01
v 6.53339866e+03 7.18799999e+03 3.05040687e+01
v 6.53266602e+03 7.18799999e+03 3.09734367e+01
v 6.53113779e+03 7.18799999e+03 3.16119252e+01
v 6.53178867e+03 7.18799999e+03 3.16087877e+01
v 6.53001694e+03 7.18799999e+03 3.09662294e+01
v 6.53372036e+03 7.18799999e+03 3.07966653e+01
v 6.54091772e+03 7.18799999e+03 2.59481283e+01
v 6.55781706e+03 7.18799999e+03 3.32260195e+01
v 6.55780569e+03 7.18799999e+03 3.44151650e+01
v 6.54744451e+03 7.18799999e+03 2.89125264e+01
v 6.54788365e+03 7.18799999e+03 2.81979785e+01
v 6.54504137e+03 7.18799999e+03 2.66411236e+01
v 6.55119167e+03 7.18799999e+03 2.70811168e+01
v 6.55114201e+03 7.18799999e+03 2.73558725e+01
v 6.56100246e+03 7.18799999e+03 2.84938751e+01
v 6.56046969e+03 7.18799999e+03 2.85522444e+01
v 6.56252528e+03 7.18799999e+03 2.83523430e+01
v 6.55828716e+03 7.18799999e+03 2.95545233e+01
v 6.55798379e+03 7.18799999e+03 2.97022961e+01
v 6.54736320e+03 7.18799999e+03 2.70040720e+01
v 6.54686765e+03 7.18799999e+03 2.67101549e+01
v 6.54885040e+03 7.18799999e+03 2.73776833e+01
v 6.55517773e+03 7.18799999e+03 3.42025203e+01
v 6.55534113e+03 7.18799999e+03 3.46005324e+01
v 6.55797545e+03 7.18799999e+03 3.15921022e+01
v 6.55761839e+03 7.18799999e+03 3.18365515e+01
v 6.55796121e+03 7.18799999e+03 2.97122694e+01
v 6.55624803e+03 7.18799999e+03 3.48608044e+01
v 6.55756115e+03 7.18799999e+03 3.49221588e+01
v 6.54754392e+03 7.18799999e+03 3.26070096e+01
v 6.54760157e+03 7.18799999e+03 3.25459431e+01
v 6.54906856e+03 7.18799999e+03 3.27221502e+01
v 6.54878283e+03 7.18799999e+03 3.30319924e+01
v 6.55263549e+03 7.18799999e+03 3.30257529e+01
v 6.55241589e+03 7.18799999e+03 3.34786217e+01
v 6.55789241e+03 7.18799999e+03 3.28816814e+01
v 6.55197009e+03 7.18799999e+03 3.34491929e+01
v 6.55168840e+03 7.18799999e+03 3.34690999e+01
v 6.55326735e+03 7.18799999e+03 3.45755056e+01
v 6.55206204e+03 7.18799999e+03 3.31947577e+01
v 6.55769324e+03 7.18799999e+03 3.47538623e+01
v 6.54874250e+03 7.18799999e+03 3.43330230e+01
v 6.54869359e+03 7.18799999e+03 3.33251084e+01
v 6.55401610e+03 7.18799999e+03 3.39493444e+01
v 6.54726000e+03 7.18799999e+03 3.46602059e+01
v 6.54779460e+03 7.18799999e+03 3.47600692e+01
v 6.55781153e+03 7.18799999e+03 3.09029253e+01
v 6.56018115e+03 7.18799999e+03 2.86683557e+01
v 6.56004763e+03 7.18799999e+03 2.86239579e+01
v 6.55766208e+03 7.18799999e+03 3.05181647e+01
v 6.54665855e+03 7.18799999e+03 3.11726365e+01
v 6.54735113e+03 7.18799999e+03 2.94478701e+01
v 6.54758774e+03 7.18799999e+03 3.24420682e+01
v 6.54753746e+03 7.18799999e+03 3.24218012e+01
v 6.55007472e+03 7.18799999e+03 3.14198409e+01
v 6.54941979e+03 7.18799999e+03 3.18783733e+01
v 6.55022693e+03 7.18799999e+03 3.19203310e+01
v 6.55077671e+03 7.18799999e+03 3.23746487e+01
v 6.54942474e+03 7.18799999e+03 2.84464743e+01
v 6.54995748e+03 7.18799999e+03 2.96875533e+01
v 6.54527183e+03 7.18799999e+03 2.64664473e+01
v 6.54900366e+03 7.18799999e+03 2.78138941e+01
v 6.50103199e+03 7.18799999e+03 1.37196537e+01
v 6.50000000e+03 7.18799999e+03 1.22672127e+01
v 6.56288908e+03 7.18799999e+03 2.86958595e+01
v 6.56299999e+03 7.18799999e+03 2.88005851e+01
vt 0.08672078 0.75539821
vt 0.028405583 0.76937985
vt 0.056439534 0.726264
vt 0.069117464 0.72625977
vt 0.059054337 0.77050126
vt 0.02485851 0.75354016
vt 0.095476761 0.72625124
vt 0.070981033 0.76931351
vt 0.042218011 0.78966081
vt 0.052694086 0.72626531
vt 0.012239173 0.76165497
vt 0.12606724 0.74195647
vt 0.10718799 0.75956982
vt 0.065266892 0.78565192
vt 0.025800051 0.81732422
vt 0.047403671 0.7262665
vt 0.01418066 0.78772771
vt 0.11333646 0.72624481
vt 0.036860973 0.81506896
vt 0.1238998 0.72954935
vt 0.026285674 0.84855413
vt 0.11987102 0.72623926
vt 0.015692193 0.83181679
vt 0.034986407 0.84075218
vt 0.12268153 0.72623795
vt 0.0034420737 0.83997154
vt 0.031900655 0.8592189
vt 0.013410408 0.86894369
vt 0.038651261 0.87871897
vt 0.030462451 0.89204532
vt 0.032979142 0.9058677
vt 0.04508042 0.89360642
vt 0.087464705 0.88897753
vt 0.056795936 0.94614208
vt 0.11594138 0.91234422
vt 0.042626683 0.93969643
vt 0.11282925 0.89446974
vt 0.042110283 0.96325707
vt 0.083825998 0.95255709
vt 0.12656181 0.90183961
vt 0.047754485 0.97094125
vt 0.026695289 0.94856608
vt 0.07209225 0.95970333
vt 0.10581519 0.94374758
vt 0.13030836 0.91679114
vt 0.064773411 0.9688825
vt 0.08450707 0.96459067
vt 0.098876804 0.97318816
vt 0.11676459 0.93014771
vt 0.07781297 0.98079401
vt 0.076280989 0.9953869
vt 0.13694195 0.99048251
vt 0.15880446 0.98178333
vt 0.14849879 0.99575323
vt 0.14464739 0.9957549
vt 0.1424188 0.97515243
vt 0.15551589 0.99575239
vt 0.13535005 0.99575883
vt 0.14758646 0.96590048
vt 0.16890985 0.97732341
vt 0.15731737 0.99575233
vt 0.15146182 0.95030868
vt 0.16978341 0.99574757
vt 0.17908929 0.96855134
vt 0.17365324 0.99574548
vt 0.19618757 0.94966
vt 0.19249235 0.96793848
vt 0.18165478 0.991548
vt 0.17811507 0.93779325
vt 0.18047002 0.89811325
vt 0.20261247 0.92548871
vt 0.21148653 0.96957916
vt 0.20531352 0.99372268
vt 0.1563708 0.90779883
vt 0.20783997 0.94028139
vt 0.20188117 0.97886676
vt 0.20356295 0.99573559
vt 0.20706347 0.89137763
vt 0.14431205 0.92790675
vt 0.12971017 0.8910498
vt 0.21547318 0.92766851
vt 0.22963586 0.94756758
vt 0.18526998 0.99574065
vt 0.19863361 0.87855238
vt 0.22636327 0.89812183
vt 0.12967512 0.90507698
vt 0.14526461 0.87530488
vt 0.21926288 0.94281757
vt 0.2201928 0.97523248
vt 0.21589598 0.88885307
vt 0.1816348 0.86800492
vt 0.22831243 0.92674381
vt 0.23232003 0.93852389
vt 0.211641 0.86935937
vt 0.17383024 0.86458665
vt 0.21836868 0.88271177
vt 0.23863156 0.91043049
vt 0.2078678 0.84298605
vt 0.18581396 0.85128224
vt 0.16382195 0.88783395
vt 0.22510177 0.88052517
vt 0.24224584 0.92151594
vt 0.23640725 0.89118695
vt 0.21640199 0.85630596
vt 0.1746217 0.8431617
vt 0.25347373 0.90972376
vt 0.25220573 0.9020139
vt 0.22465278 0.85033363
vt 0.16565175 0.8555268
vt 0.23826738 0.87680393
vt 0.19346136 0.83027279
vt 0.23400681 0.84636307
vt 0.15692645 0.84249717
vt 0.25200596 0.88199365
vt 0.19581036 0.80624986
vt 0.21843256 0.80512357
vt 0.23747125 0.864205
vt 0.24125326 0.82639194
vt 0.16081797 0.83366495
vt 0.17195682 0.81674927
vt 0.2330175 0.81694245
vt 0.25251043 0.86214817
vt 0.24306895 0.84090787
vt 0.18752791 0.79310262
vt 0.20312899 0.78110218
vt 0.23575063 0.79641795
vt 0.25307623 0.84567058
vt 0.24390024 0.80656767
vt 0.22608805 0.78488201
vt 0.26162705 0.84967351
vt 0.25539333 0.82222897
vt 0.2673955 0.82779217
vt 0.18046738 0.77972233
vt 0.22246733 0.76010388
vt 0.23564227 0.76902795
vt 0.25157312 0.78870219
vt 0.27128404 0.83709288
vt 0.19631065 0.76131219
vt 0.22829844 0.76994312
vt 0.24214271 0.77834046
vt 0.29135558 0.82999969
vt 0.20263505 0.74058008
vt 0.23548377 0.74910402
vt 0.2599436 0.7601676
vt 0.28239015 0.81959164
vt 0.21500656 0.73071581
vt 0.28581655 0.80899584
vt 0.25149474 0.74815488
vt 0.29575583 0.82622981
vt 0.23545633 0.73260832
vt 0.24839164 0.72873908
vt 0.29574776 0.81119144
vt 0.29573834 0.79901129
vt 0.2957361 0.79581237
vt 0.27624023 0.8008548
vt 0.29573458 0.793944
vt 0.27704751 0.79062366
vt 0.29573268 0.78993952
vt 0.28559187 0.77866119
vt 0.29572648 0.77085871
vt 0.27779862 0.76294315
vt 0.29572594 0.76769519
vt 0.28971058 0.73401493
vt 0.29572386 0.75687551
vt 0.27350765 0.75179517
vt 0.29572213 0.73647696
vt 0.26903942 0.74186659
vt 0.26697651 0.75281978
vt 0.25395575 0.93939739
vt 0.26702052 0.93312901
vt 0.26890948 0.95550382
vt 0.25691736 0.95769042
vt 0.27727425 0.9153685
vt 0.26079899 0.96908522
vt 0.28712714 0.95807928
vt 0.27368882 0.96947515
vt 0.32239658 0.92893565
vt 0.27483171 0.97670001
vt 0.31220624 0.89910519
vt 0.30304295 0.96588856
vt 0.28294069 0.89150447
vt 0.29229814 0.97621244
vt 0.33694774 0.96767813
vt 0.31497136 0.88016897
vt 0.3320812 0.94302434
vt 0.32701302 0.87193435
vt 0.35725591 0.93476737
vt 0.35365492 0.87089151
vt 0.3323172 0.92411876
vt 0.36438057 0.96521395
vt 0.32840377 0.8531512
vt 0.36427879 0.903247
vt 0.37341279 0.93861604
vt 0.36232898 0.98928964
vt 0.34020397 0.83851135
vt 0.39108118 0.947047
vt 0.34248355 0.98822498
vt 0.37498638 0.98568636
vt 0.35146865 0.83161372
vt 0.32707533 0.84628284
vt 0.39739415 0.88660431
vt 0.40881565 0.91085613
vt 0.4070082 0.93495071
vt 0.38717464 0.95885819
vt 0.38658968 0.97556126
vt 0.35993838 0.82788885
vt 0.39501646 0.85137451
vt 0.40790185 0.94584298
vt 0.40169045 0.95900542
vt 0.38422534 0.9834199
vt 0.37300548 0.83217019
vt 0.41196913 0.86864477
vt 0.41988194 0.89132178
vt 0.44235116 0.9168312
vt 0.43414301 0.94560468
vt 0.39639124 0.99556959
vt 0.37145582 0.82188189
vt 0.42324203 0.85339475
vt 0.42477354 0.9008438
vt 0.42047441 0.95540369
vt 0.40789348 0.97694552
vt 0.40591255 0.99114108
vt 0.4284516 0.88382709
vt 0.4446013 0.93971282
vt 0.42256299 0.97454518
vt 0.43550986 0.86701959
vt 0.45521712 0.92369962
vt 0.45073521 0.95847321
vt 0.43565226 0.97148365
vt 0.41804165 0.99326706
vt 0.44739556 0.85737777
vt 0.46624562 0.90368932
vt 0.43661284 0.84438396
vt 0.43959582 0.87774837
vt 0.45968741 0.89500332
vt 0.45612395 0.85083348
vt 0.42934462 0.90392345
vt 0.44491005 0.87305701
vt 0.48501012 0.89418143
vt 0.4505538 0.84289622
vt 0.46520865 0.86414921
vt 0.4470228 0.89334279
vt 0.45281225 0.88122064
vt 0.48343053 0.89178592
vt 0.48780236 0.89803171
vt 0.44473606 0.8357687
vt 0.47040009 0.87223327
vt 0.45298254 0.90283072
vt 0.47551426 0.87960923
vt 0.47898135 0.9134596
vt 0.44617274 0.87387216
vt 0.43444043 0.90851438
vt 0.47178808 0.87461537
vt 0.49288449 0.906708
vt 0.46210554 0.877226
vt 0.45145705 0.76591766
vt 0.44121805 0.75884831
vt 0.46435463 0.76268697
vt 0.45946047 0.77144367
vt 0.43826008 0.76803339
vt 0.45190549 0.74145353
vt 0.45816013 0.77790773
vt 0.41520038 0.75249857
vt 0.46304813 0.75009537
vt 0.4260371 0.73323447
vt 0.45922899 0.78753567
vt 0.42112067 0.77538115
vt 0.47244844 0.74006712
vt 0.45398739 0.71474653
vt 0.43551672 0.78990072
vt 0.40849808 0.73977184
vt 0.40509611 0.77610052
vt 0.43757278 0.70659083
vt 0.4458085 0.7968359
vt 0.40533769 0.7528795
vt 0.3901585 0.73275238
vt 0.4058075 0.79066187
vt 0.42067009 0.78481865
vt 0.47440782 0.72083557
vt 0.40478554 0.69851148
vt 0.46135557 0.79915619
vt 0.43190724 0.80821246
vt 0.38287932 0.70994222
vt 0.38952914 0.76131094
vt 0.41974685 0.79431516
vt 0.48026955 0.73678362
vt 0.45484582 0.80514896
vt 0.44515076 0.80886173
vt 0.37013459 0.72951961
vt 0.48276135 0.7410568
vt 0.37558573 0.68957794
vt 0.42135245 0.80742824
vt 0.3865141 0.74678838
vt 0.3759234 0.74228954
vt 0.35883123 0.71748924
vt 0.46639386 0.75193959
vt 0.37537509 0.67202258
vt 0.35030866 0.68644083
vt 0.46762332 0.76005256
vt 0.36547005 0.67449355
vt 0.33243024 0.70907873
vt 0.48633549 0.74776125
vt 0.33588907 0.69132775
vt 0.47408143 0.76572287
vt 0.32619014 0.68870318
vt 0.46682557 0.78142756
vt 0.3171683 0.69932294
vt 0.47536814 0.77514046
vt 0.093367644 0.57707155
vt 0.090104744 0.59098399
vt 0.085274458 0.60025036
vt 0.062659793 0.57393062
vt 0.047148466 0.6245085
vt 0.094494134 0.55827463
vt 0.020933112 0.60961556
vt 0.083157882 0.61270136
vt 0.07591477 0.55431229
vt 0.021376284 0.63429976
vt 0.042435482 0.57540172
vt 0.066632584 0.64189351
vt 0.067165568 0.54539078
vt 0.10104303 0.53762549
vt 0.024542334 0.64699286
vt 0.0073261973 0.6229434
vt 0.055856787 0.56437027
vt 0.048315149 0.65314466
vt 0.087728754 0.62774813
vt 0.059756979 0.53439009
vt 0.087464854 0.5325703
vt 0.014378705 0.65961105
vt 0.0039558988 0.61018687
vt 0.068294242 0.66230446
vt 0.086550996 0.64554012
vt 0.053620938 0.66507697
vt 0.10130174 0.63557684
vt 0.082783163 0.52662015
vt 0.038593329 0.66262788
vt 0.089101814 0.65577698
vt 0.097661979 0.65167177
vt 0.067658931 0.51491487
vt 0.082830824 0.66295767
vt 0.11376271 0.63953209
vt 0.10690837 0.65747631
vt 0.089042552 0.66713297
vt 0.11965662 0.65696704
vt 0.11058282 0.66837895
vt 0.13204528 0.66322625
vt 0.12219054 0.63853765
vt 0.10976173 0.67838514
vt 0.12677267 0.64654171
vt 0.12449464 0.67748606
vt 0.085147589 0.68126154
vt 0.14229374 0.65783745
vt 0.14168602 0.67595613
vt 0.15040645 0.66445959
vt 0.13469495 0.68308699
vt 0.13985538 0.58211702
vt 0.16147614 0.56852877
vt 0.17388892 0.59563619
vt 0.1538237 0.60503352
vt 0.14640503 0.55763853
vt 0.19426107 0.59241533
vt 0.15219946 0.63047355
vt 0.14035782 0.6184864
vt 0.13347128 0.56830716
vt 0.18377736 0.55413127
vt 0.1840885 0.62617779
vt 0.12957659 0.59371507
vt 0.20874436 0.5849185
vt 0.21088704 0.62113607
vt 0.14283881 0.64177155
vt 0.17368661 0.63893616
vt 0.22648345 0.55794811
vt 0.21424304 0.59611964
vt 0.21581736 0.60860407
vt 0.1991334 0.62917483
vt 0.14820412 0.65562177
vt 0.16452669 0.65207875
vt 0.188629 0.64000601
vt 0.22901803 0.57072282
vt 0.21267453 0.64080995
vt 0.24471584 0.55781376
vt 0.22747923 0.59434229
vt 0.23293404 0.62617153
vt 0.16356835 0.662
vt 0.25078696 0.57189512
vt 0.2482792 0.58748919
vt 0.23141704 0.64332914
vt 0.19821458 0.65726829
vt 0.24141699 0.60580945
vt 0.24293432 0.62400043
vt 0.22066188 0.65617251
vt 0.20626597 0.65826559
vt 0.19023259 0.65040982
vt 0.27200496 0.5947392
vt 0.25624952 0.61249244
vt 0.22837113 0.61064434
vt 0.24691366 0.66811687
vt 0.23348412 0.66067731
vt 0.2428145 0.61978632
vt 0.25017393 0.6478774
vt 0.22406806 0.66951501
vt 0.28729641 0.60148871
vt 0.2539731 0.62396896
vt 0.25785443 0.65179861
vt 0.27834094 0.61865127
vt 0.27010596 0.64887369
vt 0.25675675 0.66329569
vt 0.23717852 0.68328744
vt 0.29115158 0.60444081
vt 0.26632014 0.65563339
vt 0.31727719 0.6283288
vt 0.32346329 0.64173627
vt 0.31736436 0.63951349
vt 0.33394331 0.62626612
vt 0.31726766 0.64435482
vt 0.31767324 0.61075109
vt 0.35887975 0.64194447
vt 0.31744823 0.65965962
vt 0.31760964 0.59539151
vt 0.36898807 0.64309198
vt 0.33789006 0.65831006
vt 0.31757873 0.67256761
vt 0.3174116 0.57929677
vt 0.35398546 0.59968448
vt 0.32548484 0.67952061
vt 0.31731057 0.57972467
vt 0.37110472 0.59664643
vt 0.31792459 0.67980266
vt 0.31729999 0.57934701
vt 0.34551132 0.57510298
vt 0.39106047 0.61534619
vt 0.31790748 0.68403906
vt 0.3173033 0.57919204
vt 0.34104523 0.55597353
vt 0.40233469 0.58053458
vt 0.39366314 0.59887177
vt 0.38504422 0.63395894
vt 0.31730068 0.57905066
vt 0.31829327 0.54971457
vt 0.37684163 0.56114745
vt 0.41134509 0.61454391
vt 0.39160642 0.63797307
vt 0.31724188 0.54964978
vt 0.31715012 0.54779434
vt 0.35985672 0.54949528
vt 0.40918934 0.60478228
vt 0.40660352 0.64322996
vt 0.38216296 0.6512205
vt 0.31685108 0.5387376
vt 0.34483662 0.52905798
vt 0.42067367 0.62225121
vt 0.41362453 0.60995746
vt 0.39298064 0.65105796
vt 0.36997557 0.66003126
vt 0.31667531 0.53164202
vt 0.36716169 0.53453642
vt 0.42715964 0.64519525
vt 0.39110824 0.66030449
vt 0.32931978 0.52459323
vt 0.43415147 0.6250782
vt 0.37247646 0.67120606
vt 0.31661049 0.52927095
vt 0.43988258 0.62999415
vt 0.56136054 0.95772922
vt 0.53951401 0.94760478
vt 0.54603565 0.94061035
vt 0.56423223 0.94243509
vt 0.54527068 0.97904432
vt 0.5740611 0.95680523
vt 0.56254303 0.98073375
vt 0.52416694 0.94522613
vt 0.58255666 0.93735754
vt 0.54966336 0.98937505
vt 0.52768421 0.96864927
vt 0.59766543 0.94493186
vt 0.58188832 0.9719345
vt 0.52583826 0.98412669
vt 0.51538342 0.96574789
vt 0.50564247 0.96351933
vt 0.59980947 0.96281809
vt 0.50458932 0.94726765
vt 0.61309129 0.94611382
vt 0.59538943 0.97372282
vt 0.62589872 0.95499057
vt 0.60526156 0.97828966
vt 0.58687073 0.99136037
vt 0.62129831 0.97390079
vt 0.59821284 0.98860162
vt 0.62784326 0.96669644
vt 0.62778509 0.98517478
vt 0.63315028 0.95759135
vt 0.64012498 0.97407717
vt 0.64535862 0.96317637
vt 0.63586682 0.98474056
vt 0.65575463 0.97902316
vt 0.63050932 0.9947136
vt 0.65518802 0.97700232
vt 0.65566093 0.97968882
vt 0.64690155 0.98732454
vt 0.65490448 0.98094982
vt 0.64260602 0.994735
vt 0.64053428 0.99670601
vt 0.64904487 0.99181908
vt 0.64907879 0.98808742
vt 0.71913368 0.8700664
vt 0.7163524 0.86468875
vt 0.7233783 0.85326838
vt 0.73302442 0.85849148
vt 0.71181619 0.85637301
vt 0.74284536 0.86953729
vt 0.70721406 0.84584105
vt 0.75334698 0.85577321
vt 0.72778291 0.87788868
vt 0.70231253 0.85312873
vt 0.75178659 0.87867391
vt 0.7176199 0.88247728
vt 0.73745042 0.8876071
vt 0.76573217 0.86248755
vt 0.72895616 0.89657998
vt 0.73512536 0.90133947
vt 0.77257216 0.90097797
vt 0.74593157 0.89177221
vt 0.71447271 0.90044022
vt 0.756042 0.89189905
vt 0.77794594 0.89195013
vt 0.72317934 0.90358937
vt 0.70936316 0.89166903
vt 0.72939169 0.90939921
vt 0.74534154 0.89951211
vt 0.75875163 0.90079081
vt 0.7809571 0.87616056
vt 0.79895896 0.89803231
vt 0.7255832 0.91281742
vt 0.73340583 0.9158392
vt 0.75896335 0.90554905
vt 0.78432024 0.91611081
vt 0.71901929 0.9211517
vt 0.76324219 0.92335081
vt 0.71893823 0.9296537
vt 0.75370926 0.91360021
vt 0.73096061 0.92761701
vt 0.75148183 0.92035156
vt 0.72823995 0.93755215
vt 0.7559725 0.93961173
vt 0.72119409 0.9444167
vt 0.74004781 0.93521118
vt 0.749542 0.94415587
vt 0.76624399 0.94313264
vt 0.71392709 0.93548411
vt 0.73232991 0.94524962
vt 0.73837966 0.92705607
vt 0.75779736 0.94934851
vt 0.70787579 0.94843954
vt 0.72469759 0.96096009
vt 0.74236512 0.95302606
vt 0.75861877 0.96006852
vt 0.74185777 0.96137702
vt 0.72074115 0.9757027
vt 0.73647279 0.96602464
vt 0.70876938 0.9638862
vt 0.74696749 0.97467256
vt 0.72989064 0.98156846
vt 0.75506133 0.96508014
vt 0.69710994 0.95378542
vt 0.72083867 0.96707594
vt 0.6919024 0.95919025
vt 0.74515468 0.98149908
vt 0.69169664 0.97017384
vt 0.74041963 0.98735332
vt 0.75547296 0.9964335
vt 0.88083041 0.92900091
vt 0.87587219 0.94659311
vt 0.86074221 0.92866147
vt 0.87189269 0.91824985
vt 0.87872678 0.94691753
vt 0.86267883 0.94870579
vt 0.8301177 0.91039491
vt 0.88290477 0.9400084
vt 0.84382403 0.94074744
vt 0.87106907 0.95586503
vt 0.83578259 0.90265846
vt 0.88286775 0.9316414
vt 0.84873933 0.95650119
vt 0.87572837 0.94874763
vt 0.86858898 0.95957023
vt 0.8673355 0.89776027
vt 0.8308863 0.9412691
vt 0.85654163 0.96018249
vt 0.84043545 0.96512514
vt 0.85586816 0.88655043
vt 0.87972617 0.91366774
vt 0.83106136 0.95646173
vt 0.82096672 0.91288471
vt 0.85398304 0.96944165
vt 0.86934161 0.88305473
vt 0.84065574 0.8874445
vt 0.88027352 0.91122347
vt 0.87699407 0.92021132
vt 0.82022512 0.94819856
vt 0.81884283 0.93064386
vt 0.82336593 0.96540266
vt 0.88227952 0.88777959
vt 0.81796992 0.93736315
vt 0.81098223 0.91313124
vt 0.8470524 0.97085756
vt 0.83714002 0.97384757
vt 0.88168526 0.90885675
vt 0.80321229 0.93224698
vt 0.82462132 0.97543877
vt 0.89651936 0.89713717
vt 0.80751818 0.94878781
vt 0.84241551 0.97439671
vt 0.8153193 0.9827655
vt 0.80282837 0.95807201
vt 0.83775765 0.97612602
vt 0.81530911 0.98276311
vt 0.82408094 0.97783577
vt 0.79182875 0.95617849
vt 0.81528533 0.98277259
vt 0.78963029 0.97320509
vt 0.78088433 0.93269467
vt 0.80745524 0.97936207
vt 0.77009791 0.95347625
vt 0.78863662 0.99125445
vt 0.77317393 0.97535074
vt 0.78364766 0.9843092
vt 0.7961821 0.9925921
vt 0.754839 0.96876204
vt 0.77371311 0.98864377
vt 0.80375844 0.9866814
vt 0.78820646 0.99652046
vt 0.75864208 0.97467273
vt 0.80789012 0.98177963
vt 0.76031303 0.98416007
vt 0.50867641 0.79497933
vt 0.52684253 0.77569348
vt 0.50874019 0.80622208
vt 0.50629669 0.80161726
vt 0.51295948 0.77413505
vt 0.52808082 0.81120282
vt 0.51332682 0.76811665
vt 0.54545277 0.7839272
vt 0.50759113 0.81808251
vt 0.52783352 0.75883293
vt 0.55695558 0.76594013
vt 0.54413676 0.81084883
vt 0.50507408 0.80789942
vt 0.51441306 0.82917374
vt 0.53711808 0.76490164
vt 0.56303674 0.77422899
vt 0.54944617 0.82261127
vt 0.55264252 0.79889476
vt 0.53257 0.83336693
vt 0.50414318 0.83150363
vt 0.57587773 0.7487725
vt 0.56793123 0.79845059
vt 0.51719737 0.8383621
vt 0.50468218 0.82217199
vt 0.51143163 0.84082341
vt 0.59575468 0.7666983
vt 0.55982739 0.81950051
vt 0.50480193 0.83733118
vt 0.59274358 0.790434
vt 0.5062682 0.84388447
vt 0.60738653 0.77284247
vt 0.57974648 0.85278004
vt 0.55587304 0.84281564
vt 0.6135298 0.83780974
vt 0.55645794 0.85706943
vt 0.62162882 0.82675058
vt 0.60075337 0.86989921
vt 0.55167216 0.84978747
vt 0.63621503 0.84315252
vt 0.58917761 0.87096447
vt 0.62541443 0.85766298
vt 0.54243958 0.85473883
vt 0.86336666 0.79803056
vt 0.88130182 0.80980968
vt 0.8860395 0.82155824
vt 0.85657603 0.83131319
vt 0.88698435 0.7984097
vt 0.89877325 0.81374782
vt 0.87841755 0.83295143
vt 0.84751761 0.81300414
vt 0.89435315 0.8072409
vt 0.89435047 0.82848585
vt 0.87099373 0.83969361
vt 0.83187979 0.82348257
vt 0.89584517 0.83825946
vt 0.86033744 0.84681219
vt 0.83230489 0.80986357
vt 0.83222002 0.83275783
vt 0.90290278 0.82834482
vt 0.83887076 0.85164392
vt 0.82518584 0.81554121
vt 0.81698745 0.82941091
vt 0.91536164 0.84280324
vt 0.90020901 0.82033807
vt 0.85138512 0.85456049
vt 0.91822803 0.82983685
vt 0.89843589 0.85024416
vt 0.90705526 0.81644404
vt 0.8363114 0.86618978
vt 0.81699741 0.84027731
vt 0.9344036 0.8453449
vt 0.92222381 0.86303264
vt 0.82280684 0.85483664
vt 0.85001534 0.86837524
vt 0.9109202 0.81770635
vt 0.94183719 0.8369559
vt 0.91131085 0.86652136
vt 0.8224948 0.86468518
vt 0.92122084 0.81762171
vt 0.93439662 0.82718557
vt 0.89210814 0.87095988
vt 0.65048206 0.86976916
vt 0.66351515 0.87717569
vt 0.63739884 0.89481026
vt 0.62864935 0.87439883
vt 0.67820072 0.88123083
vt 0.65661371 0.90726238
vt 0.62848973 0.92088616
vt 0.64969701 0.8467012
vt 0.66972148 0.8885957
vt 0.67909598 0.84164381
vt 0.64346057 0.9097296
vt 0.67258859 0.90160471
vt 0.69853979 0.8431586
vt 0.63579875 0.93271911
vt 0.66849083 0.8225804
vt 0.6835109 0.9034152
vt 0.70226008 0.85057962
vt 0.69354039 0.82071829
vt 0.65437889 0.82313693
vt 0.69978184 0.89729959
vt 0.70428646 0.86625063
vt 0.69803125 0.82814419
vt 0.68349653 0.81114531
vt 0.69668913 0.81948292
vt 0.70754904 0.89095843
vt 0.71443397 0.90675735
vt 0.73233724 0.7312721
vt 0.74575502 0.71925271
vt 0.74300689 0.7278583
vt 0.75138044 0.74712348
vt 0.72242779 0.72159195
vt 0.72603452 0.74072516
vt 0.72500718 0.71740341
vt 0.73783946 0.75067776
vt 0.70132911 0.7346406
vt 0.74254668 0.70485389
vt 0.70996237 0.71009356
vt 0.70373493 0.71393389
vt 0.72755313 0.69335258
vt 0.71724367 0.70545948
vt 0.69525325 0.71449006
vt 0.67396468 0.73251545
vt 0.66067439 0.74902749
vt 0.68278497 0.71508992
vt 0.71016443 0.76309651
vt 0.67418122 0.72273695
vt 0.67583263 0.76090169
vt 0.65574658 0.76069981
vt 0.68585432 0.78074479
vt 0.66557014 0.78150284
vt 0.64100027 0.75454104
vt 0.70413637 0.77233487
vt 0.65117067 0.76838917
vt 0.63120264 0.74560207
vt 0.67959803 0.78782141
vt 0.64981425 0.78088701
vt 0.62846011 0.7659058
vt 0.64574927 0.778651
vt 0.66901135 0.80393773
vt 0.65261042 0.79098564
vt 0.6613732 0.80482906
vt 0.64468348 0.79608303
vt 0.62960494 0.79079598
vt 0.64808661 0.80826646
vt 0.83530259 0.76188546
vt 0.82546026 0.73932731
vt 0.84024006 0.7370317
vt 0.84983867 0.75574738
vt 0.82311326 0.75727773
vt 0.85763264 0.74646318
vt 0.8050971 0.73705703
vt 0.87441361 0.73391467
vt 0.78484142 0.73917663
vt 0.80294555 0.7802555
vt 0.7794475 0.76353842
vt 0.82042783 0.76892424
vt 0.77191222 0.7854135
vt 0.76033342 0.74758112
vt 0.81379724 0.79167354
vt 0.81130952 0.80826372
vt 0.76257527 0.77602935
vt 0.76710373 0.73003852
vt 0.82683015 0.7842108
vt 0.75300628 0.73242599
vt 0.82172966 0.80204177
vt 0.95986193 0.75023711
vt 0.98208964 0.74189544
vt 0.98798478 0.74975878
vt 0.9816587 0.77111578
vt 0.94820744 0.71946895
vt 0.96620244 0.76385152
vt 0.99204534 0.75895822
vt 0.92545021 0.73239708
vt 0.95314306 0.77055794
vt 0.9423787 0.76843256
vt 0.99872184 0.78569543
vt 0.91911077 0.76146436
vt 0.95834881 0.78754425
vt 0.92198789 0.77557182
vt 0.9797098 0.79163575
vt 0.90510374 0.74353814
vt 0.93465769 0.78322673
vt 0.90839827 0.72639877
vt 0.90995389 0.75851172
vt 0.89726418 0.76977944
vt 0.96628976 0.79746705
vt 0.92359424 0.78663498
vt 0.8981241 0.73093939
vt 0.91560197 0.71714056
vt 0.89741093 0.75991714
vt 0.91404903 0.78334373
vt 0.93893361 0.79564077
vt 0.95867914 0.80522752
vt 0.88718677 0.71540272
vt 0.89282113 0.73592699
vt 0.92855662 0.72563136
vt 0.91166764 0.70314264
vt 0.89667118 0.75177068
vt 0.89923006 0.78425246
vt 0.88387018 0.75686061
vt 0.94133615 0.80818522
vt 0.94918609 0.80919176
vt 0.90120423 0.70743585
vt 0.89145571 0.74662554
vt 0.93082654 0.7146225
vt 0.90185678 0.79336125
vt 0.88791448 0.76988602
vt 0.88436055 0.75822806
vt 0.93456727 0.80111134
vt 0.87982154 0.70085573
vt 0.88113225 0.72655457
vt 0.88458955 0.74125469
vt 0.883766 0.75611567
vt 0.91300064 0.7904098
vt 0.88792557 0.77347612
vt 0.88119757 0.71174014
vt 0.88035899 0.71961105
vt 0.88130295 0.73410797
vt 0.88204342 0.74351251
vt 0.88383609 0.75505161
vt 0.88814783 0.78679121
vt 0.87942809 0.71528721
vt 0.88304466 0.74765491
vt 0.49143603 0.74466562
vt 0.5087496 0.74122834
vt 0.51826787 0.74537605
vt 0.52755392 0.71962416
vt 0.51587087 0.69886231
vt 0.53084195 0.69153953
vt 0.4785938 0.72503322
vt 0.51495898 0.68520856
vt 0.54001409 0.70511079
vt 0.4935942 0.69435292
vt 0.47908109 0.71600938
vt 0.49855018 0.67822343
vt 0.47943687 0.70307267
vt 0.48162782 0.68491012
vt 0.48966369 0.66613615
vt 0.44178414 0.6443193
vt 0.46103618 0.64065206
vt 0.44193685 0.62883711
vt 0.61181265 0.68360615
vt 0.61168057 0.69193393
vt 0.59826779 0.68738949
vt 0.61232126 0.65993571
vt 0.60280728 0.7006616
vt 0.59578753 0.64734387
vt 0.58271486 0.70210207
vt 0.58349007 0.66230404
vt 0.58719349 0.70947433
vt 0.57624942 0.69676203
vt 0.58008623 0.68587184
vt 0.58847582 0.63139272
vt 0.5969038 0.70977437
vt 0.56925797 0.67015207
vt 0.57317698 0.6406616
vt 0.60982537 0.71073812
vt 0.60750645 0.72274494
vt 0.5473184 0.65388465
vt 0.58893287 0.71984935
vt 0.56452614 0.68406504
vt 0.54322326 0.64340878
vt 0.59809518 0.72689366
vt 0.54725426 0.6889506
vt 0.55573785 0.63535583
vt 0.60929263 0.73854834
vt 0.56643337 0.69046223
vt 0.52896607 0.64985031
vt 0.59125227 0.73573565
vt 0.61098623 0.72422278
vt 0.57167834 0.69772655
vt 0.51535857 0.66598058
vt 0.59566659 0.74110746
vt 0.5590837 0.70027852
vt 0.5226267 0.68528032
vt 0.5114246 0.65249467
vt 0.60827577 0.74649513
vt 0.56709206 0.70577681
vt 0.54083401 0.69959998
vt 0.50357276 0.66326767
vt 0.57783037 0.71536654
vt 0.55838257 0.71268618
vt 0.55196202 0.70776331
vt 0.56836742 0.71509159
vt 0.5433495 0.71197587
vt 0.66589427 0.59584844
vt 0.67885047 0.60076141
vt 0.66740716 0.60631949
vt 0.65765738 0.60847861
vt 0.67447048 0.59505463
vt 0.67838174 0.61639136
vt 0.66106188 0.62076533
vt 0.64420241 0.60166323
vt 0.68171 0.58768135
vt 0.69223094 0.60877907
vt 0.65125215 0.61837268
vt 0.64642447 0.60773945
vt 0.65293628 0.58593005
vt 0.66351819 0.58407176
vt 0.69446826 0.58736908
vt 0.67644 0.63079423
vt 0.69039941 0.61880124
vt 0.65446311 0.6347239
vt 0.67085594 0.57312572
vt 0.66517305 0.63619876
vt 0.72197163 0.62334991
vt 0.70356381 0.59254575
vt 0.65118438 0.64370328
vt 0.63717812 0.61385733
vt 0.68475002 0.58176947
vt 0.6985563 0.63238645
vt 0.72039723 0.6352936
vt 0.70235604 0.60545933
vt 0.65782738 0.6479041
vt 0.63555086 0.63625789
vt 0.73486078 0.64163899
vt 0.66197824 0.65329504
vt 0.65205371 0.65962464
vt 0.63892192 0.64292061
vt 0.62939656 0.62292206
vt 0.71480656 0.64801782
vt 0.74359858 0.63578433
vt 0.67745876 0.64545929
vt 0.63835716 0.65668035
vt 0.73291641 0.66171658
vt 0.72017109 0.66054398
vt 0.67475706 0.65594238
vt 0.67110252 0.63426667
vt 0.70859307 0.65229678
vt 0.72428524 0.66980809
vt 0.70398033 0.67064869
vt 0.7179808 0.68347347
vt 0.85885108 0.66395092
vt 0.85236979 0.67575538
vt 0.84160233 0.65602386
vt 0.85183257 0.6424191
vt 0.85968482 0.68279088
vt 0.83949965 0.68271351
vt 0.82551932 0.64019513
vt 0.83404219 0.67203331
vt 0.84001076 0.63138676
vt 0.82397628 0.67310572
vt 0.82094216 0.59632492
vt 0.84564388 0.62545609
vt 0.8208937 0.66077989
vt 0.83740258 0.59649014
vt 0.80909139 0.60074067
vt 0.84226477 0.61042011
vt 0.79639155 0.64707839
vt 0.79955685 0.63120532
vt 0.80920565 0.57393539
vt 0.80244899 0.6604383
vt 0.79421878 0.60635519
vt 0.79825395 0.5798009
vt 0.77375692 0.61621511
vt 0.81765211 0.67091674
vt 0.76949453 0.59731698
vt 0.75363159 0.60292542
vt 0.78104806 0.56992769
vt 0.76039666 0.59181261
vt 0.92289996 0.93377036
vt 0.92197472 0.92319262
vt 0.94153708 0.91748863
vt 0.95267266 0.9327476
vt 0.9109531 0.90804297
vt 0.94071579 0.94795269
vt 0.90125042 0.94737905
vt 0.95172662 0.96323502
vt 0.93095976 0.94873148
vt 0.91711843 0.96455634
vt 0.88775724 0.93178582
vt 0.9678843 0.96637595
vt 0.93914366 0.95918816
vt 0.89849728 0.96701932
vt 0.87812209 0.95610237
vt 0.89958441 0.88561219
vt 0.96848726 0.94931114
vt 0.96763515 0.98515046
vt 0.93615764 0.9724071
vt 0.92979532 0.96848345
vt 0.9093982 0.98801255
vt 0.94870418 0.97658247
vt 0.88418686 0.97587985
vt 0.94577813 0.98793054
vt 0.93191713 0.9821561
vt 0.88408166 0.96263832
vt 0.89179772 0.99549264
vt 0.95153278 0.99520063
vt 0.90543509 0.63951588
vt 0.8892948 0.63418663
vt 0.90443426 0.62556136
vt 0.92841929 0.63472134
vt 0.87984878 0.62259978
vt 0.90805143 0.64735079
vt 0.91590559 0.62273306
vt 0.89653313 0.61019027
vt 0.9288826 0.64429832
vt 0.89579803 0.64740276
vt 0.90893275 0.6175952
vt 0.93211508 0.62233078
vt 0.88460404 0.6141032
vt 0.95272362 0.64232755
vt 0.91731143 0.66722071
vt 0.90750033 0.66328657
vt 0.92547572 0.60464096
vt 0.93906164 0.63079834
vt 0.89197153 0.59718251
vt 0.91466135 0.59351593
vt 0.94299901 0.65220892
vt 0.89456785 0.65722096
vt 0.93678176 0.61157787
vt 0.94030857 0.61836034
vt 0.90737128 0.58788872
vt 0.95703334 0.65837634
vt 0.95299059 0.62437594
vt 0.90917248 0.68424988
vt 0.89590138 0.6678282
vt 0.92940915 0.59498852
vt 0.89447325 0.58547133
vt 0.91021115 0.5787791
vt 0.96588588 0.66065538
vt 0.95367557 0.66616136
vt 0.96950734 0.6334269
vt 0.94653589 0.59907877
vt 0.94946235 0.61039865
vt 0.95523137 0.61531115
vt 0.89594132 0.57333601
vt 0.97904629 0.65266252
vt 0.9610917 0.6689285
vt 0.94316804 0.66645336
vt 0.97028869 0.64184713
vt 0.97603959 0.66884327
vt 0.947124 0.67559665
vt 0.98085058 0.62871408
vt 0.9561106 0.59802192
vt 0.98335034 0.66766822
vt 0.98976082 0.60391784
vt 0.45204759 0.54130268
vt 0.42157075 0.54000521
vt 0.4246065 0.51939523
vt 0.44766799 0.51635253
vt 0.46499327 0.57809091
vt 0.40622261 0.52711618
vt 0.41136909 0.58245718
vt 0.4061521 0.52561605
vt 0.39866894 0.54972613
vt 0.42995235 0.59080637
vt 0.41506597 0.51339936
vt 0.3935245 0.53781271
vt 0.46390286 0.62192291
vt 0.43207243 0.61882663
vt 0.38151482 0.56009871
vt 0.40472496 0.52764213
vt 0.38454482 0.5372467
vt 0.41719547 0.60450566
vt 0.37822765 0.54186046
vt 0.40584147 0.52676368
vt 0.14320923 0.84355456
vt 0.12274095 0.84651488
vt 0.13983306 0.82578379
vt 0.15498182 0.83428609
vt 0.12639366 0.87102389
vt 0.1065105 0.82813907
vt 0.1577913 0.82855707
vt 0.11280208 0.86730361
vt 0.10942063 0.85044098
vt 0.11957412 0.80681372
vt 0.16039124 0.81245434
vt 0.089932621 0.82345039
vt 0.09922602 0.81616926
vt 0.1435612 0.80588549
vt 0.10368536 0.86255205
vt 0.090094395 0.84548295
vt 0.10499512 0.80044508
vt 0.15003252 0.79697514
vt 0.15722409 0.80226696
vt 0.078484014 0.83318597
vt 0.12774809 0.78994703
vt 0.088045433 0.86290431
vt 0.066098377 0.83704782
vt 0.11619318 0.76481134
vt 0.1386705 0.78803182
vt 0.071563274 0.85234731
vt 0.10687076 0.78370488
vt 0.12921314 0.78153843
vt 0.12376329 0.77018535
vt 0.5728699 0.56724119
vt 0.5664376 0.56572032
vt 0.5683682 0.53916615
vt 0.57923889 0.5413506
vt 0.57762098 0.58627737
vt 0.54669255 0.54987872
vt 0.57322276 0.52050209
vt 0.55913436 0.59082347
vt 0.5620603 0.52971697
vt 0.53382164 0.56439012
vt 0.59272575 0.51564449
vt 0.54663336 0.59154201
vt 0.53181267 0.55231845
vt 0.53930002 0.5870502
vt 0.52585524 0.55770791
vt 0.52789509 0.59627295
vt 0.52528358 0.57322562
vt 0.53841788 0.6026091
vt 0.52469343 0.60563171
vt 0.51588953 0.5893774
vt 0.52588284 0.6153363
vt 0.5129317 0.59763443
vt 0.5362488 0.61636126
vt 0.51467663 0.61656952
vt 0.5042485 0.60763228
vt 0.5198456 0.62070978
vt 0.24156526 0.48661256
vt 0.26042587 0.49982816
vt 0.23416847 0.50832188
vt 0.22264996 0.49074745
vt 0.25796893 0.48484379
vt 0.26011056 0.51059037
vt 0.20816606 0.49287379
vt 0.22077172 0.50579447
vt 0.24963662 0.47684562
vt 0.27206448 0.4978199
vt 0.27800918 0.50959706
vt 0.23864837 0.52005577
vt 0.21012564 0.50121647
vt 0.22286001 0.47251898
vt 0.22220698 0.51655662
vt 0.26375553 0.47450709
vt 0.24741915 0.46909237
vt 0.27666345 0.47774971
vt 0.28032064 0.52905786
vt 0.26503465 0.52552557
vt 0.22618236 0.52402198
vt 0.20422204 0.51170605
vt 0.28321308 0.48925281
vt 0.28835395 0.50420302
vt 0.24499235 0.53119957
vt 0.23577154 0.53505266
vt 0.1917211 0.49554539
vt 0.22731085 0.45861197
vt 0.21195303 0.52649868
vt 0.29513302 0.48811638
vt 0.29454812 0.5219903
vt 0.27081719 0.53885776
vt 0.25681496 0.53860688
vt 0.19166683 0.50903296
vt 0.28156266 0.53706276
vt 0.2399639 0.54739463
vt 0.19166243 0.49583727
vt 0.19167079 0.51814109
vt 0.27733088 0.54882944
vt 0.26159018 0.5482254
vt 0.1916623 0.4954797
vt 0.27545217 0.55807889
vt 0.19166231 0.49549693
vt 0.44606099 0.48762387
vt 0.44441065 0.46963817
vt 0.46512675 0.47403955
vt 0.47523987 0.49493921
vt 0.45594448 0.46325606
vt 0.4813076 0.4787032
vt 0.45020571 0.49565375
vt 0.49356928 0.48589414
vt 0.45862183 0.50964391
vt 0.44053081 0.4898333
vt 0.50585169 0.47833824
vt 0.50500685 0.51310462
vt 0.44712588 0.51292068
vt 0.51235414 0.49611479
vt 0.4420808 0.50119114
vt 0.4605543 0.53409767
vt 0.53926945 0.49469846
vt 0.52612954 0.50310969
vt 0.47881252 0.53352982
vt 0.52464861 0.45679474
vt 0.54031473 0.50845921
vt 0.50860393 0.52344835
vt 0.46258438 0.5447166
vt 0.4925195 0.54183418
vt 0.47640562 0.54926431
vt 0.5205937 0.52603483
vt 0.51360428 0.53670394
vt 0.48861378 0.55869162
vt 0.50515521 0.54794717
vt 0.60456795 0.89215761
vt 0.58370304 0.90663904
vt 0.56713682 0.89715683
vt 0.59212846 0.91093224
vt 0.55436885 0.89936596
vt 0.56368995 0.93310034
vt 0.52341723 0.87889254
vt 0.59208739 0.9284941
vt 0.52687413 0.89303172
vt 0.54085714 0.90703642
vt 0.50341946 0.87269902
vt 0.52469182 0.92440128
vt 0.51350784 0.90215605
vt 0.090705611 0.50512671
vt 0.084515527 0.51511598
vt 0.076258972 0.49555409
vt 0.066196322 0.46778274
vt 0.09774518 0.46939075
vt 0.11296955 0.49001038
vt 0.12178095 0.47807658
vt 0.10528196 0.51091081
vt 0.1388717 0.48608118
vt 0.12693298 0.51761943
vt 0.15205441 0.5138877
vt 0.14548653 0.54576254
vt 0.16333914 0.49991149
vt 0.16337563 0.53448832
vt 0.15781409 0.48487836
vt 0.16853122 0.50745988
vt 0.16348204 0.55732375
vt 0.16360861 0.50580573
vt 0.15126103 0.5583427
vt 0.63631159 0.51956546
vt 0.63897467 0.51018357
vt 0.65553725 0.52176529
vt 0.65247464 0.53020048
vt 0.6537168 0.49876249
vt 0.66291785 0.52882469
vt 0.64215881 0.53810632
vt 0.66371858 0.50955015
vt 0.65518546 0.55235648
vt 0.62959689 0.53165936
vt 0.66414356 0.50000596
vt 0.6653648 0.54208744
vt 0.66301274 0.48999345
vt 0.67382014 0.50804311
vt 0.68394232 0.52670717
vt 0.6625514 0.55858165
vt 0.64932477 0.49049711
vt 0.67291701 0.49665552
vt 0.66555315 0.51608646
vt 0.67540854 0.51779008
vt 0.68644845 0.54195547
vt 0.67180985 0.55629647
vt 0.64352602 0.47755075
vt 0.68728489 0.48110729
vt 0.6826669 0.50091732
vt 0.69155681 0.51807988
vt 0.69222242 0.53138661
vt 0.66339028 0.47454524
vt 0.67570585 0.47290778
vt 0.69145423 0.50312018
vt 0.70299369 0.54812139
vt 0.69088429 0.55688316
vt 0.70343602 0.49026304
vt 0.68758303 0.45984566
vt 0.70820004 0.53434038
vt 0.70966691 0.51526427
vt 0.70873243 0.5020721
vt 0.70214403 0.47332299
vt 0.69883716 0.45668799
vt 0.70914125 0.47901338
vt 0.81764388 0.51268613
vt 0.83513731 0.49571872
vt 0.84048706 0.50818443
vt 0.81128246 0.48129934
vt 0.80374438 0.50324041
vt 0.82096118 0.46556747
vt 0.79933041 0.48999488
vt 0.79301089 0.46591365
vt 0.7933504 0.50602794
vt 0.81235105 0.45940232
vt 0.78078228 0.48003417
vt 0.78900796 0.49814165
vt 0.79963052 0.51254499
vt 0.78618294 0.49258274
vt 0.76597506 0.47028089
vt 0.7785821 0.51156652
vt 0.77600497 0.49011314
vt 0.75723404 0.47965896
vt 0.78748453 0.52323169
vt 0.77337134 0.50101221
vt 0.76893055 0.48511779
vt 0.78215182 0.52787596
vt 0.75933969 0.51049662
vt 0.76486969 0.5223338
vt 0.78444654 0.53454238
vt 0.7602511 0.50464606
vt 0.77203691 0.54308629
vt 0.75423545 0.51995885
vt 0.75594044 0.53135437
vt 0.78634226 0.55253005
vt 0.76022071 0.54784095
vt 0.77478349 0.55301082
vt 0.78012073 0.55813569
vt 0.90944266 0.48925751
vt 0.92199147 0.48154253
vt 0.9150458 0.49280173
vt 0.89986783 0.50387478
vt 0.9262383 0.49791104
vt 0.88952446 0.49046648
vt 0.91376317 0.5032841
vt 0.93088263 0.48247123
vt 0.88769865 0.50159299
vt 0.90334058 0.51378256
vt 0.93901384 0.50273693
vt 0.92778856 0.5142948
vt 0.87924367 0.49588448
vt 0.8898083 0.50758481
vt 0.94384861 0.49318272
vt 0.93367493 0.51423347
vt 0.88157153 0.50980186
vt 0.89681965 0.52565527
vt 0.91595179 0.52798259
vt 0.95455098 0.50624061
vt 0.94613701 0.5154258
vt 0.91120297 0.53098297
vt 0.92290699 0.52665389
vt 0.88717103 0.53224003
vt 0.89694273 0.5413394
vt 0.91946 0.5406037
vt 0.96132493 0.51465309
vt 0.93967164 0.52859026
vt 0.87824488 0.52091575
vt 0.91141492 0.55901474
vt 0.9251281 0.53260213
vt 0.95548391 0.52713227
vt 0.9638108 0.50843632
vt 0.9534514 0.53051317
vt 0.87905145 0.53093702
vt 0.90123343 0.55151749
vt 0.92078865 0.54913437
vt 0.93133295 0.54018581
vt 0.9717418 0.5224483
vt 0.96907115 0.49644315
vt 0.94702548 0.53558505
vt 0.90053046 0.5372715
vt 0.9682976 0.52854776
vt 0.97781992 0.51757044
vt 0.934524 0.54814982
vt 0.96629488 0.53594398
vt 0.97332597 0.53543955
vt 0.95828342 0.54669625
vt 0.96372676 0.54092205
vt 0.94605041 0.54872918
vt 0.15404782 0.4706285
vt 0.15665686 0.46086502
vt 0.17552364 0.47007889
vt 0.16520035 0.47552419
vt 0.13951685 0.46940768
vt 0.16928494 0.44658029
vt 0.16942379 0.48239511
vt 0.12987162 0.45074505
vt 0.18246487 0.4579125
vt 0.15520379 0.44994837
vt 0.18945716 0.49445599
vt 0.18208931 0.4412781
vt 0.18413478 0.47708958
vt 0.1599285 0.43655831
vt 0.18267484 0.49588537
vt 0.13813864 0.44268495
vt 0.17302456 0.43445432
vt 0.19496009 0.43882573
vt 0.2057126 0.45965761
vt 0.14960809 0.43351209
vt 0.20065124 0.48010373
vt 0.1298808 0.44328505
vt 0.18604067 0.42265552
vt 0.20228325 0.45267558
vt 0.1877531 0.43097025
vt 0.16281089 0.41728044
vt 0.20227487 0.49316508
vt 0.17904903 0.42015654
vt 0.20770517 0.44402838
vt 0.20036034 0.42467076
vt 0.21780236 0.45250064
vt 0.20990211 0.46490669
vt 0.21041225 0.4804886
vt 0.20928356 0.41962326
vt 0.22144537 0.44510144
vt 0.22889188 0.45163691
vt 0.21673235 0.46884471
vt 0.21902779 0.43100584
vt 0.37202039 0.46168798
vt 0.37624332 0.47943211
vt 0.36267132 0.46898663
vt 0.36382756 0.45084661
vt 0.38166857 0.4736917
vt 0.36701787 0.48114377
vt 0.38445801 0.4623825
vt 0.34901467 0.46203405
vt 0.39449435 0.46632141
vt 0.37240642 0.49358577
vt 0.34100041 0.4809379
vt 0.38262627 0.44206721
vt 0.35167527 0.44575661
vt 0.39467636 0.47878289
vt 0.39296556 0.49573553
vt 0.36533299 0.4946593
vt 0.35188878 0.48974282
vt 0.36077297 0.43314034
vt 0.33788383 0.46965343
vt 0.34050629 0.4535808
vt 0.36801195 0.42394543
vt 0.39754552 0.4419409
vt 0.32005566 0.47524977
vt 0.34551063 0.43470585
vt 0.35932761 0.41027486
vt 0.39003146 0.4164207
vt 0.40814272 0.45131952
vt 0.31589332 0.48161691
vt 0.32011545 0.46636295
vt 0.33099586 0.4523375
vt 0.34835038 0.42185223
vt 0.32996956 0.44365519
vt 0.38524163 0.39897966
vt 0.41325724 0.45958149
vt 0.31580067 0.48017478
vt 0.31679106 0.46760148
vt 0.41659608 0.39722258
vt 0.31612855 0.47234243
vt 0.31777552 0.46380973
vt 0.318396 0.45662463
vt 0.32159099 0.44852388
vt 0.31778783 0.44603461
vt 0.31760353 0.45309979
vt 0.31854272 0.44328219
vt 0.012704668 0.49525774
vt 0.020141527 0.51117527
vt 0.014251275 0.51744735
vt 0.027288008 0.50244576
vt 0.026836386 0.51664132
vt 0.038426511 0.49112242
vt 0.025004884 0.532323
vt 0.023317676 0.47894341
vt 0.046303444 0.51356709
vt 0.01526495 0.54176641
vt 0.0034858577 0.48217303
vt 0.035907965 0.4657796
vt 0.055492386 0.49796438
vt 0.045351692 0.52430159
vt 0.029486844 0.54027432
vt 0.0075335898 0.45904064
vt 0.049321976 0.4664489
vt 0.037223108 0.53512967
vt 0.015190988 0.550717
vt 0.068182118 0.48726982
vt 0.039500561 0.54710627
vt 0.022888364 0.55648482
vt 0.037533376 0.55942559
vt 0.61118996 0.40901268
vt 0.5924421 0.42068541
vt 0.5916425 0.40330327
vt 0.59555709 0.3968001
vt 0.61908185 0.44330156
vt 0.58004284 0.42416853
vt 0.60437703 0.44259775
vt 0.57539463 0.40016776
vt 0.56611264 0.44016838
vt 0.60503566 0.46720964
vt 0.58532447 0.45502102
vt 0.59727931 0.46887189
vt 0.62614805 0.4595952
vt 0.57180697 0.4583919
vt 0.6309616 0.45205557
vt 0.61686027 0.47221023
vt 0.64222449 0.45311058
vt 0.62864482 0.4768343
vt 0.60771692 0.47788447
vt 0.58532208 0.47217339
vt 0.63711274 0.46932381
vt 0.62282771 0.49590337
vt 0.61076599 0.48442769
vt 0.65167302 0.46690112
vt 0.14177008 0.71057606
vt 0.14203413 0.69861364
vt 0.14841805 0.6990357
vt 0.14936998 0.71103406
vt 0.12832177 0.70430028
vt 0.13977411 0.69041824
vt 0.15903671 0.70275819
vt 0.13095157 0.69486654
vt 0.14549214 0.69103146
vt 0.16188839 0.68851835
vt 0.14703931 0.68028402
vt 0.16929813 0.7071017
vt 0.17645991 0.69049835
vt 0.16463159 0.67292762
vt 0.17913644 0.70352316
vt 0.15296215 0.66997766
vt 0.1794125 0.6798085
vt 0.18875591 0.7143774
vt 0.19267692 0.68981415
vt 0.18665408 0.66401106
vt 0.19511437 0.67534328
vt 0.20236132 0.71401429
vt 0.20225665 0.67878211
vt 0.20914288 0.69433665
vt 0.21824756 0.70446777
vt 0.21939132 0.68848491
vt 0.22688599 0.69798911
vt 0.21433048 0.67608649
vt 0.039941348 0.42597312
vt 0.031096367 0.42926747
vt 0.024891917 0.42608112
vt 0.03664599 0.40804869
vt 0.021307267 0.40794837
vt 0.044168644 0.41697651
vt 0.013963178 0.41894501
vt 0.030021656 0.39356399
vt 0.05257085 0.40323222
vt 0.053932536 0.43118227
vt 0.01173479 0.40918022
vt 0.014760581 0.38661933
vt 0.04270947 0.39545548
vt 0.060879748 0.40327716
vt 0.064142622 0.42764175
vt 0.0066803964 0.41259825
vt 0.014219444 0.38805556
vt 0.042261571 0.37518632
vt 0.065753013 0.38962245
vt 0.05243637 0.38508821
vt 0.0053023212 0.41627431
vt 0.0088102985 0.40740275
vt 0.013122234 0.39103901
vt 0.014992656 0.38548529
vt 0.082195669 0.39787078
vt 0.06933596 0.41548854
vt 0.0039330516 0.41954684
vt 0.0096685626 0.40250784
vt 0.07351391 0.38575512
vt 0.080563389 0.42214441
vt 0.093667522 0.39040971
vt 0.091323636 0.4332642
vt 0.089882135 0.40233141
vt 0.098534986 0.41286725
vt 0.10089117 0.42612869
vt 0.29177207 0.38042158
vt 0.30614033 0.38230914
vt 0.29982659 0.39130032
vt 0.29679787 0.3718847
vt 0.31213897 0.39965636
vt 0.30516613 0.36878151
vt 0.31808075 0.39282393
vt 0.30277258 0.4062826
vt 0.32085237 0.36774665
vt 0.31686819 0.38050467
vt 0.31389946 0.41154611
vt 0.29057759 0.4063769
vt 0.32494625 0.3554557
vt 0.3283039 0.38942504
vt 0.30649921 0.41421515
vt 0.28156051 0.41792578
vt 0.33117607 0.35691768
vt 0.31756327 0.42052531
vt 0.28208327 0.40177399
vt 0.33320993 0.36522728
vt 0.33711997 0.34082669
vt 0.30504707 0.4280808
vt 0.28548169 0.42942011
vt 0.26659781 0.41357052
vt 0.32440862 0.33806491
vt 0.34044313 0.37958014
vt 0.2634944 0.43153536
vt 0.26286474 0.40392643
vt 0.29897189 0.43438256
vt 0.25643149 0.42504162
vt 0.25360212 0.40556717
vt 0.27117297 0.39158356
vt 0.25604376 0.41502005
vt 0.48916933 0.36853331
vt 0.49890417 0.36264402
vt 0.50562918 0.3785764
vt 0.49153364 0.38237059
vt 0.49878842 0.3579247
vt 0.51417339 0.36030042
vt 0.49632514 0.39444929
vt 0.47992069 0.37318671
vt 0.47712901 0.39903456
vt 0.52085513 0.3500756
vt 0.49146453 0.40802765
vt 0.46405122 0.3781938
vt 0.51297748 0.33960694
vt 0.4791421 0.41142911
vt 0.50238937 0.41185576
vt 0.45428008 0.40561241
vt 0.48766968 0.4193812
vt 0.46985701 0.41192985
vt 0.44114906 0.39034635
vt 0.48102027 0.43279761
vt 0.46257877 0.42936176
vt 0.44885561 0.42580318
vt 0.47450715 0.43426746
vt 0.94207519 0.81537396
vt 0.96066678 0.84169006
vt 0.95144886 0.83999908
vt 0.96725297 0.82670587
vt 0.95826888 0.86003327
vt 0.95695239 0.80872822
vt 0.97598839 0.82988155
vt 0.97332692 0.85628706
vt 0.99479896 0.84558541
vt 0.9640342 0.8791073
vt 0.97389823 0.84881759
vt 0.97138143 0.87507874
vt 0.94529599 0.8724615
vt 0.97869438 0.89255434
vt 0.94917518 0.88663989
vt 0.96151173 0.89722013
vt 0.95262122 0.89215487
vt 0.94203389 0.89434844
vt 0.94771457 0.90210307
vt 0.71587771 0.3916406
vt 0.7141149 0.37155306
vt 0.71543628 0.37358767
vt 0.71620733 0.3912124
vt 0.70243049 0.38772506
vt 0.71652484 0.39267069
vt 0.70497704 0.3698613
vt 0.71007377 0.39941698
vt 0.69053066 0.38510609
vt 0.70609021 0.40023893
vt 0.71976447 0.40037954
vt 0.69571757 0.36851799
vt 0.71356088 0.41253281
vt 0.69437337 0.40046263
vt 0.72055364 0.40194285
vt 0.69635421 0.40942645
vt 0.67747355 0.40017134
vt 0.70127642 0.41804826
vt 0.68187773 0.41105348
vt 0.67095971 0.39279252
vt 0.68950236 0.42026359
vt 0.67281669 0.40862983
vt 0.67804343 0.43103051
vt 0.6624561 0.40822178
vt 0.67263561 0.41677028
vt 0.66045946 0.41975117
vt 0.65911543 0.39460373
vt 0.66964501 0.43432337
vt 0.65043169 0.40755236
vt 0.64559728 0.39495218
vt 0.64819378 0.41579211
vt 0.64888728 0.43262285
vt 0.63313115 0.40067089
vt 0.65342677 0.42388719
vt 0.62892848 0.41676718
vt 0.34092721 0.73644376
vt 0.32855231 0.75381613
vt 0.32913563 0.73345613
vt 0.33658233 0.72702664
vt 0.33627754 0.75287187
vt 0.31645632 0.75208479
vt 0.31797189 0.71977103
vt 0.34752738 0.74494696
vt 0.34226549 0.76216495
vt 0.32410577 0.76167965
vt 0.31798884 0.73314762
vt 0.32883826 0.71817458
vt 0.35970882 0.75571537
vt 0.31586838 0.76419586
vt 0.36443311 0.74862421
vt 0.31653941 0.77681249
vt 0.36134544 0.76570362
vt 0.33390808 0.77475929
vt 0.3566249 0.77439833
vt 0.36878777 0.75674713
vt 0.34485108 0.78581405
vt 0.31970116 0.79770011
vt 0.36485448 0.77285171
vt 0.32974055 0.79133344
vt 0.35769436 0.79068452
vt 0.36560661 0.78262073
vt 0.37901533 0.77341765
vt 0.32935989 0.80428976
vt 0.34872878 0.79452133
vt 0.37829784 0.75935149
vt 0.3654559 0.80090421
vt 0.38333464 0.76617193
vt 0.34551498 0.80872399
vt 0.63588828 0.72614741
vt 0.62921083 0.71045029
vt 0.64893073 0.7114132
vt 0.64755785 0.72101378
vt 0.62861294 0.73882997
vt 0.6432305 0.7003479
vt 0.64328903 0.73856378
vt 0.66296661 0.71260071
vt 0.63349336 0.70148599
vt 0.66551208 0.69648039
vt 0.65430653 0.73213816
vt 0.66149938 0.70460618
vt 0.66579914 0.7216258
vt 0.65347093 0.74672335
vt 0.66804588 0.73390406
vt 0.67028624 0.71254671
vt 0.67153341 0.70489639
vt 0.66009229 0.74537462
vt 0.67244756 0.73235518
vt 0.67505729 0.68728781
vt 0.68437046 0.69597304
vt 0.68918878 0.68405551
vt 0.6733098 0.70990175
vt 0.68937629 0.67178786
vt 0.687608 0.65669453
vt 0.69550443 0.66592789
vt 0.69951236 0.65578866
vt 0.78629702 0.39662093
vt 0.78088212 0.40618461
vt 0.77534819 0.39012212
vt 0.79412752 0.39051741
vt 0.79391336 0.40490764
vt 0.76918262 0.40466893
vt 0.78955811 0.38146657
vt 0.77566087 0.41434795
vt 0.76466149 0.39201927
vt 0.77913493 0.36552382
vt 0.80090964 0.39316696
vt 0.78326851 0.417243
vt 0.76987118 0.37656844
vt 0.80403197 0.4029578
vt 0.79450345 0.43064803
vt 0.75836509 0.38626659
vt 0.76022816 0.35939783
vt 0.82118422 0.39587301
vt 0.81004614 0.4115026
vt 0.80105364 0.42109501
vt 0.76878971 0.35595959
vt 0.8189851 0.43347329
vt 0.7546913 0.37924224
vt 0.82684344 0.40796673
vt 0.82020873 0.41925502
vt 0.83300179 0.39183712
vt 0.82839537 0.42031801
vt 0.83733964 0.41120303
vt 0.84163523 0.39643478
vt 0.90415496 0.41787845
vt 0.89454567 0.40692252
vt 0.91979355 0.4007048
vt 0.92218667 0.41279256
vt 0.89193141 0.41922104
vt 0.90153342 0.39449102
vt 0.91536325 0.43321949
vt 0.88010556 0.41838229
vt 0.8905074 0.43025994
vt 0.89471042 0.38912588
vt 0.92671359 0.39650387
vt 0.88488078 0.40761572
vt 0.87891418 0.39842713
vt 0.92124087 0.38781023
vt 0.88745642 0.38441354
vt 0.90216482 0.38341892
vt 0.87948978 0.36779284
vt 0.89562446 0.37486613
vt 0.9127264 0.37993336
vt 0.90697789 0.37031573
vt 0.92198586 0.37682581
vt 0.89487791 0.34818596
vt 0.93523145 0.38471591
vt 0.88562483 0.34987199
vt 0.9370783 0.3685326
vt 0.92903394 0.39727294
vt 0.043332279 0.69135737
vt 0.031541839 0.68230677
vt 0.044002645 0.67881072
vt 0.054158457 0.67509139
vt 0.038605407 0.69962132
vt 0.070625685 0.68771362
vt 0.054471165 0.70173371
vt 0.078873433 0.66912615
vt 0.064996324 0.70965803
vt 0.03951665 0.70390534
vt 0.089031741 0.68505371
vt 0.075470902 0.69810271
vt 0.051953737 0.71281779
vt 0.038950473 0.71135461
vt 0.08178474 0.70411873
vt 0.044421151 0.71494055
vt 0.034665294 0.70853329
vt 0.031437539 0.70871049
vt 0.027485363 0.70409417
vt 0.025658505 0.71499896
vt 0.031170633 0.6974237
vt 0.014845837 0.7107017
vt 0.01805271 0.69334447
vt 0.024999158 0.7152369
vt 0.013825214 0.71508944
vt 0.007534768 0.69319808
vt 0.01082444 0.7125231
vt 0.0065083094 0.69830942
vt 0.0048647709 0.69722134
vt 0.031170633 0.9786737
vt 0.043332279 0.97260737
vt 0.03951665 0.98515534
vt 0.019618601 0.33787584
vt 0.038879056 0.3464095
vt 0.031603783 0.35655367
vt 0.024058228 0.36182386
vt 0.050358977 0.31588739
vt 0.047922578 0.36064678
vt 0.010329518 0.35426104
vt 0.06575492 0.33150882
vt 0.027313482 0.30120665
vt 0.050808884 0.34978527
vt 0.013855479 0.3710658
vt 0.0073404349 0.3346777
vt 0.065790601 0.32017887
vt 0.0078552663 0.30927372
vt 0.044825021 0.30236256
vt 0.062043026 0.35614014
vt 0.0039179791 0.36235589
vt 0.066316053 0.30277348
vt 0.06544625 0.34793621
vt 0.0058545317 0.28437966
vt 0.035462681 0.28666264
vt 0.052479915 0.29291338
vt 0.018029613 0.28790146
vt 0.092614844 0.33251035
vt 0.10011581 0.32920682
vt 0.10087708 0.34618521
vt 0.081721552 0.33383828
vt 0.085923143 0.31656665
vt 0.11027981 0.33596182
vt 0.089745097 0.3496471
vt 0.07460206 0.32119024
vt 0.097879954 0.30856073
vt 0.10659506 0.31423104
vt 0.10219631 0.36070502
vt 0.073987193 0.34667236
vt 0.06814348 0.32636094
vt 0.077912897 0.307787
vt 0.11744333 0.32612121
vt 0.11410297 0.36269426
vt 0.087589756 0.35736477
vt 0.10960844 0.30200702
vt 0.124041 0.32254428
vt 0.12110152 0.34324855
vt 0.11322962 0.37175059
vt 0.091081761 0.36609256
vt 0.067363001 0.3368187
vt 0.11696119 0.3077895
vt 0.12917429 0.36318427
vt 0.13248663 0.3361181
vt 0.14547062 0.33798373
vt 0.13939892 0.36894709
vt 0.1509998 0.35730076
vt 0.83216596 0.54998529
vt 0.826096 0.56387866
vt 0.82476789 0.54854786
vt 0.82772177 0.54500097
vt 0.84065491 0.55570042
vt 0.81589985 0.55360651
vt 0.84403104 0.54508901
vt 0.83763033 0.56314182
vt 0.84196556 0.54465985
vt 0.84240377 0.57067037
vt 0.85012513 0.56222439
vt 0.84308642 0.54461384
vt 0.83363229 0.58084124
vt 0.85294199 0.551373
vt 0.84434766 0.54434663
vt 0.86444557 0.56992537
vt 0.84423691 0.59081435
vt 0.85528266 0.58066404
vt 0.85079312 0.54009056
vt 0.87194508 0.54878545
vt 0.86490351 0.53622878
vt 0.86550111 0.53610396
vt 0.87469941 0.55643004
vt 0.88522673 0.53957587
vt 0.88249862 0.55139601
vt 0.88248843 0.57271975
vt 0.86689961 0.53602803
vt 0.88558811 0.53430939
vt 0.89940494 0.55428243
vt 0.89444345 0.57834351
vt 0.24395834 0.3496328
vt 0.26189607 0.35710388
vt 0.24604104 0.35601884
vt 0.23105901 0.35354519
vt 0.2727952 0.34262967
vt 0.25183055 0.37146264
vt 0.21721327 0.33759457
vt 0.23677078 0.36765534
vt 0.26730123 0.32950807
vt 0.20797864 0.35693657
vt 0.2305298 0.31318557
vt 0.22705984 0.36252457
vt 0.24343443 0.30946094
vt 0.2055985 0.33927256
vt 0.21300274 0.30815464
vt 0.19194779 0.33334029
vt 0.27987045 0.67074943
vt 0.29599267 0.66762626
vt 0.29283875 0.68006945
vt 0.27429548 0.68667871
vt 0.30294424 0.6834383
vt 0.28810468 0.69243622
vt 0.26927713 0.67045927
vt 0.30140573 0.66684198
vt 0.30396715 0.69555235
vt 0.29020813 0.70259798
vt 0.26054496 0.68653768
vt 0.30294448 0.68343782
vt 0.30294475 0.68343818
vt 0.27412856 0.70068026
vt 0.25366545 0.67297757
vt 0.30294451 0.68343794
vt 0.30884361 0.68891656
vt 0.30351445 0.71063471
vt 0.2862176 0.71167159
vt 0.31012592 0.69432819
vt 0.31001729 0.69812083
vt 0.31075999 0.70897746
vt 0.31343234 0.71959126
vt 0.31120801 0.71326387
vt 0.31340966 0.71936941
vt 0.31345963 0.71982265
vt 0.29102406 0.72927773
vt 0.31347948 0.72010529
vt 0.27320927 0.71617866
vt 0.30458313 0.73266447
vt 0.27299443 0.72490454
vt 0.31251326 0.73309809
vt 0.27965483 0.73213243
vt 0.2567935 0.72024894
vt 0.31419089 0.74008024
vt 0.27413645 0.73681605
vt 0.25604466 0.7303437
vt 0.26283753 0.73803365
vt 0.26108494 0.74678707
vt 0.25337023 0.74116582
vt 0.43848965 0.30607367
vt 0.43595338 0.3169117
vt 0.41272125 0.30937111
vt 0.44661862 0.31441969
vt 0.43947807 0.33278328
vt 0.4307518 0.34591144
vt 0.44942757 0.33037299
vt 0.43717808 0.35355932
vt 0.40363246 0.33925974
vt 0.45990917 0.33841801
vt 0.41729698 0.35512859
vt 0.45455244 0.35096645
vt 0.38080961 0.32778567
vt 0.42280632 0.36708635
vt 0.45221192 0.36971283
vt 0.38923025 0.30482733
vt 0.3801814 0.33750075
vt 0.4346652 0.36679119
vt 0.38629273 0.30620164
vt 0.38105056 0.34145629
vt 0.44922042 0.37153763
vt 0.37951496 0.32395554
vt 0.38657728 0.30407757
vt 0.62672371 0.5426985
vt 0.6353839 0.5584451
vt 0.61330909 0.55627066
vt 0.62351692 0.57148421
vt 0.63382095 0.57121909
vt 0.60297853 0.56752932
vt 0.6392194 0.58095646
vt 0.64899009 0.56826818
vt 0.61792344 0.58194792
vt 0.59715229 0.5626688
vt 0.60560381 0.58698976
vt 0.62715447 0.59441781
vt 0.61995685 0.60003477
vt 0.64298266 0.59530234
vt 0.63517451 0.61144221
vt 0.61888909 0.61133111
vt 0.60946703 0.62011731
vt 0.63033396 0.62167418
vt 0.60747492 0.60881388
vt 0.52367097 0.39603323
vt 0.52166414 0.38432962
vt 0.53306746 0.38301688
vt 0.53611857 0.39909059
vt 0.50872833 0.3899802
vt 0.546866 0.36589617
vt 0.52287161 0.4110043
vt 0.51059306 0.40001941
vt 0.56605595 0.37740546
vt 0.53336674 0.35734516
vt 0.52861899 0.42395312
vt 0.51098645 0.40942889
vt 0.5034641 0.39964551
vt 0.55559707 0.40527952
vt 0.51313388 0.42808783
vt 0.5455429 0.42043012
vt 0.53883708 0.43275946
vt 0.89042181 0.4671517
vt 0.87709862 0.46149331
vt 0.89122421 0.44881451
vt 0.87924612 0.47531843
vt 0.86952579 0.44736606
vt 0.87206632 0.48221743
vt 0.89265281 0.47154802
vt 0.84741235 0.44578975
vt 0.85359305 0.4879331
vt 0.86096144 0.49083483
vt 0.8399266 0.46312362
vt 0.83004242 0.45430177
vt 0.83416706 0.4796797
vt 0.82691932 0.4624781
vt 0.81901371 0.44654226
vt 0.84066916 0.49569637
vt 0.82921869 0.47501332
vt 0.81620806 0.46049744
vt 0.70338166 0.44479334
vt 0.69787574 0.42893016
vt 0.70889932 0.43420351
vt 0.71369189 0.44818556
vt 0.69214565 0.44759208
vt 0.70967233 0.41959405
vt 0.72488236 0.4361006
vt 0.71689832 0.46100926
vt 0.69835764 0.45409554
vt 0.72200119 0.42581755
vt 0.73225456 0.45254415
vt 0.73898554 0.44759953
vt 0.73733717 0.43650955
vt 0.73560631 0.46492732
vt 0.736458 0.42748588
vt 0.73152745 0.48456782
vt 0.75172669 0.44304025
vt 0.75646061 0.45649731
vt 0.72046727 0.47361898
vt 0.7439543 0.47312284
vt 0.75807351 0.47252876
vt 0.74096948 0.4839493
vt 0.75905722 0.48648316
vt 0.73537809 0.49592674
vt 0.7497561 0.49671006
vt 0.45039961 0.98471361
vt 0.44207692 0.97500747
vt 0.45048431 0.96578211
vt 0.4673858 0.98039252
vt 0.46163288 0.99552906
vt 0.47496697 0.96443552
vt 0.45029709 0.99133009
vt 0.46783215 0.95095992
vt 0.49070695 0.96219087
vt 0.44992831 0.95006961
vt 0.4835186 0.95046502
vt 0.45632511 0.94261038
vt 0.47253552 0.94074988
vt 0.48860428 0.93503141
vt 0.46255025 0.93439591
vt 0.48198858 0.9242118
vt 0.46737689 0.92095679
vt 0.16055644 0.73366898
vt 0.18413545 0.7410419
vt 0.17378618 0.75137371
vt 0.15537581 0.74888611
vt 0.18799119 0.76006711
vt 0.16403665 0.75583202
vt 0.16898885 0.76652974
vt 0.13883546 0.76093471
vt 0.18052679 0.78072762
vt 0.16305788 0.77106512
vt 0.15103446 0.77859616
vt 0.16803935 0.77866733
vt 0.15825842 0.7794925
vt 0.13405465 0.77931482
vt 0.15893489 0.79135305
vt 0.12869829 0.77310264
vt 0.17735368 0.80576676
vt 0.1641542 0.80858672
vt 0.68267816 0.94347006
vt 0.67654639 0.94927281
vt 0.6759606 0.9363755
vt 0.66100502 0.93825257
vt 0.66175145 0.93424886
vt 0.66143632 0.95036644
vt 0.66503143 0.92193627
vt 0.66991776 0.96924025
vt 0.66161895 0.97666281
vt 0.66493386 0.99190378
vt 0.66150433 0.99117953
vt 0.67166024 0.98159927
vt 0.66255331 0.99552536
vt 0.6732921 0.97556549
vt 0.61898112 0.34835482
vt 0.62094104 0.34356874
vt 0.62799126 0.34403837
vt 0.6147002 0.33669299
vt 0.62949425 0.33394617
vt 0.62182462 0.32827914
vt 0.61273348 0.35663927
vt 0.64151371 0.32731557
vt 0.59906507 0.32964665
vt 0.6057049 0.35316718
vt 0.63018894 0.32553029
vt 0.6415984 0.33931422
vt 0.61116445 0.31160313
vt 0.59988415 0.34188628
vt 0.60646272 0.37154907
vt 0.60243154 0.31830877
vt 0.59061182 0.34718865
vt 0.59360695 0.37001717
vt 0.59236997 0.30974567
vt 0.5807367 0.33755553
vt 0.5896275 0.35816514
vt 0.58331972 0.32075626
vt 0.58162385 0.36657232
vt 0.57940376 0.35936034
vt 0.5773443 0.31900698
vt 0.57201505 0.34963268
vt 0.56620765 0.32592124
vt 0.56573349 0.34524578
vt 0.7988928 0.69711936
vt 0.80854398 0.68210614
vt 0.81069607 0.69812047
vt 0.79836565 0.70653772
vt 0.77900612 0.67979276
vt 0.82600826 0.69606137
vt 0.81251562 0.71088564
vt 0.78157222 0.70695841
vt 0.7983532 0.65781701
vt 0.8038516 0.7149744
vt 0.75565237 0.68444198
vt 0.78166878 0.66083884
vt 0.82519764 0.70763218
vt 0.75394613 0.6671164
vt 0.1553579 0.38808322
vt 0.15893397 0.39793736
vt 0.14435144 0.40830082
vt 0.13063915 0.3999033
vt 0.16982377 0.40394211
vt 0.15635522 0.41411716
vt 0.12621446 0.40674472
vt 0.1301672 0.42029244
vt 0.11437289 0.40913582
vt 0.12914649 0.43190122
vt 0.12081145 0.38734901
vt 0.10488918 0.38281709
vt 0.1092912 0.4186607
vt 0.098447278 0.398211
vt 0.11232337 0.43279839
vt 0.1009404 0.41038179
vt 0.10051785 0.5974524
vt 0.11698613 0.60071594
vt 0.11766563 0.61099356
vt 0.10769412 0.61115134
vt 0.11821022 0.58610511
vt 0.12436101 0.61069041
vt 0.1140991 0.62053972
vt 0.097615384 0.60567993
vt 0.10756063 0.57549053
vt 0.12820469 0.59738612
vt 0.1251445 0.60541284
vt 0.12140105 0.6163637
vt 0.1090276 0.61637402
vt 0.10346525 0.61213911
vt 0.12810659 0.57217962
vt 0.12846735 0.59689802
vt 0.10550042 0.61641878
vt 0.11774483 0.62191492
vt 0.12843534 0.56067741
vt 0.1335071 0.58677888
vt 0.11764339 0.62206894
vt 0.11323134 0.54936707
vt 0.13553682 0.5646975
vt 0.13354868 0.58136392
vt 0.13281716 0.57250702
vt 0.14937936 0.33557051
vt 0.14399366 0.32295787
vt 0.160036 0.32377899
vt 0.15461813 0.34365845
vt 0.12811686 0.31787264
vt 0.17740008 0.33898336
vt 0.13500515 0.30890477
vt 0.16378567 0.34951526
vt 0.18164392 0.34817839
vt 0.15164575 0.36180103
vt 0.18934079 0.34053856
vt 0.16634658 0.36127174
vt 0.18754146 0.3515023
vt 0.16976883 0.3713752
vt 0.19868943 0.3451919
vt 0.80699247 0.86785382
vt 0.81274426 0.86123693
vt 0.81971949 0.88848013
vt 0.80990571 0.90171671
vt 0.79567409 0.84438682
vt 0.79629189 0.89546609
vt 0.79999286 0.8318404
vt 0.78864211 0.85345364
vt 0.78950036 0.88139886
vt 0.78503567 0.86051625
vt 0.69970173 0.33413732
vt 0.67278892 0.33747387
vt 0.66575253 0.3188163
vt 0.69299597 0.3164506
vt 0.68350077 0.3492021
vt 0.66438419 0.33885211
vt 0.67151439 0.34897155
vt 0.69963813 0.3504582
vt 0.65878844 0.31738019
vt 0.68725222 0.36362755
vt 0.66036052 0.3609181
vt 0.64059907 0.32961345
vt 0.65403301 0.34560847
vt 0.64012259 0.33816934
vt 0.62817377 0.35797215
vt 0.64820033 0.37057996
vt 0.74219358 0.58262736
vt 0.7447834 0.58677483
vt 0.73333317 0.59456646
vt 0.73229855 0.58295715
vt 0.74300456 0.60089827
vt 0.71473771 0.58972031
vt 0.74106944 0.57426536
vt 0.73916662 0.6095733
vt 0.72498089 0.60453618
vt 0.72579521 0.57635605
vt 0.7405048 0.55992854
vt 0.75047815 0.6042639
vt 0.70529938 0.59863997
vt 0.70511526 0.57955718
vt 0.747365 0.56427991
vt 0.74948806 0.61452031
vt 0.72923356 0.61216551
vt 0.71481943 0.61421448
vt 0.71609229 0.57054305
vt 0.73305994 0.56469762
vt 0.73678488 0.61711574
vt 0.70860618 0.56112105
vt 0.72368294 0.55038929
vt 0.72808689 0.6219281
vt 0.69135147 0.56762338
vt 0.48687804 0.5615834
vt 0.48070422 0.5758487
vt 0.47485512 0.56291807
vt 0.48292276 0.55302382
vt 0.49233261 0.56847793
vt 0.49407351 0.57530487
vt 0.51277894 0.57869136
vt 0.48564628 0.5937798
vt 0.49848893 0.58793765
vt 0.47196877 0.59390831
vt 0.51191944 0.59024656
vt 0.48406515 0.60985225
vt 0.49469578 0.59804869
vt 0.5082677 0.60058576
vt 0.47756085 0.60911262
vt 0.49934977 0.60679281
vt 0.49276757 0.62177944
vt 0.70666832 0.77966642
vt 0.71062499 0.77080303
vt 0.72323233 0.78896749
vt 0.71134758 0.789747
vt 0.72077781 0.76495731
vt 0.71171558 0.80096424
vt 0.69333827 0.79771245
vt 0.72501332 0.78263563
vt 0.71018124 0.80115807
vt 0.72114086 0.80136222
vt 0.70495784 0.80120724
vt 0.73602921 0.767726
vt 0.72976536 0.79765046
vt 0.69202411 0.8011409
vt 0.737795 0.78460205
vt 0.74217737 0.79563981
vt 0.72253996 0.80222726
vt 0.75282651 0.7876935
vt 0.74132067 0.80087763
vt 0.73047316 0.80794525
vt 0.75189638 0.80403125
vt 0.72981834 0.80763203
vt 0.75784522 0.79856044
vt 0.74125993 0.8047213
vt 0.74766898 0.80353105
vt 0.75779599 0.79868615
vt 0.73041219 0.80804724
vt 0.73065341 0.80809081
vt 0.73054224 0.80802506
vt 0.75778663 0.79860365
vt 0.75782037 0.79857099
vt 0.97356164 0.49570674
vt 0.9855727 0.4826476
vt 0.98545951 0.49570328
vt 0.96872604 0.49377084
vt 0.98829979 0.49570143
vt 0.96939903 0.49570793
vt 0.9692142 0.48071104
vt 0.9891631 0.48783797
vt 0.96714413 0.49570835
vt 0.9534083 0.47866511
vt 0.97985601 0.45915866
vt 0.98916572 0.49570084
vt 0.98916256 0.48290342
vt 0.96610117 0.49570882
vt 0.95234215 0.49571067
vt 0.98915374 0.46796888
vt 0.98916262 0.48193967
vt 0.94997126 0.49571103
vt 0.95661306 0.46513385
vt 0.98915929 0.47743398
vt 0.94159037 0.466232
vt 0.97118503 0.44595897
vt 0.95892894 0.44984561
vt 0.97259462 0.42952412
vt 0.40207538 0.37028533
vt 0.3920595 0.39510328
vt 0.38534608 0.37209243
vt 0.39647844 0.36370242
vt 0.38350779 0.39489681
vt 0.40666047 0.35550576
vt 0.38367024 0.36053383
vt 0.37475157 0.3720541
vt 0.41492742 0.35557145
vt 0.39453313 0.35817009
vt 0.37869462 0.39705968
vt 0.36422691 0.36117625
vt 0.36787656 0.38503611
vt 0.36444512 0.37566268
vt 0.37612608 0.35097957
vt 0.3676562 0.40282309
vt 0.3482236 0.36640227
vt 0.35533136 0.38748044
vt 0.35051435 0.3601746
vt 0.35048953 0.37393492
vt 0.82052773 0.33745396
vt 0.81774616 0.32412189
vt 0.83710676 0.33499002
vt 0.84127295 0.35733658
vt 0.80913264 0.33367091
vt 0.82993388 0.32441866
vt 0.82040483 0.35132253
vt 0.84487206 0.34357524
vt 0.80103326 0.32207823
vt 0.81197542 0.34324825
vt 0.84595966 0.32906038
vt 0.82729936 0.36349165
vt 0.85092711 0.35415381
vt 0.80400187 0.31398004
vt 0.79830563 0.33449984
vt 0.80418444 0.35101312
vt 0.80962825 0.36981302
vt 0.79754156 0.356058
vt 0.82413137 0.37153536
vt 0.79958248 0.36678672
vt 0.78559023 0.34763318
vt 0.79066563 0.36303443
vt 0.78931135 0.35616302
vt 0.55568385 0.48155111
vt 0.56869853 0.46924967
vt 0.56873947 0.47722322
vt 0.56600136 0.48575962
vt 0.56115133 0.44339073
vt 0.5801487 0.48452127
vt 0.56130993 0.49528706
vt 0.56916696 0.45027804
vt 0.54432505 0.46414584
vt 0.57019138 0.4607625
vt 0.53420526 0.47097141
vt 0.541237 0.4478659
vt 0.55825138 0.42989641
vt 0.94781965 0.67893231
vt 0.95839638 0.68428886
vt 0.94381946 0.68845105
vt 0.92533785 0.68607831
vt 0.96166903 0.70070934
vt 0.93149537 0.67730331
vt 0.93117976 0.69421721
vt 0.9754312 0.70520061
vt 0.94043547 0.69843245
vt 0.91475922 0.68745315
vt 0.97718203 0.68070912
vt 0.96513432 0.71410131
vt 0.95159239 0.70740592
vt 0.92185307 0.67323685
vt 0.92245895 0.70734525
vt 0.91103345 0.68336415
vt 0.93444753 0.71553254
vt 0.97357357 0.9478693
vt 0.9812544 0.94959569
vt 0.98212266 0.96345866
vt 0.97680366 0.97089243
vt 0.98890018 0.93230671
vt 0.99518001 0.94083214
vt 0.98093289 0.98197818
vt 0.97344995 0.93365622
vt 0.99529582 0.96366233
vt 0.97236067 0.98366183
vt 0.9916501 0.98255563
vt 0.99031079 0.96952403
vt 0.97503191 0.99501312
vt 0.98575479 0.99595791
vt 0.048354935 0.85572731
vt 0.039656434 0.85282362
vt 0.057751331 0.84950101
vt 0.062416792 0.85677588
vt 0.038767543 0.86762053
vt 0.049362119 0.83598542
vt 0.050862741 0.87077105
vt 0.055803183 0.83868808
vt 0.039200064 0.84584278
vt 0.053374402 0.87076938
vt 0.04513628 0.87077153
vt 0.064970501 0.83497822
vt 0.034269631 0.84095174
vt 0.059169672 0.87076402
vt 0.038278319 0.870772
vt 0.060440142 0.82218415
vt 0.044856388 0.82963979
vt 0.068374492 0.87076008
vt 0.076662771 0.83293128
vt 0.050901894 0.82531673
vt 0.071330905 0.87075818
vt 0.062575296 0.80622959
vt 0.054019287 0.81203532
vt 0.070454046 0.86327296
vt 0.070660569 0.8137632
vt 0.97153139 0.40781832
vt 0.96173668 0.40326709
vt 0.96026397 0.38540906
vt 0.97071052 0.38976908
vt 0.96539372 0.41500604
vt 0.95593709 0.39536595
vt 0.99054462 0.39776635
vt 0.96630484 0.37251228
vt 0.9846828 0.41947812
vt 0.95606071 0.4063465
vt 0.98599404 0.38491535
vt 0.97239518 0.37990808
vt 0.97968495 0.42430151
vt 0.95091391 0.4170177
vt 0.9421733 0.39994943
vt 0.97754979 0.36872977
vt 0.96755487 0.42536378
vt 0.96086538 0.42797226
vt 0.94982988 0.42749292
vt 0.94194788 0.41525406
vt 0.99051517 0.37085688
vt 0.95557338 0.43400162
vt 0.94191861 0.42050749
vt 0.94848126 0.43169916
vt 0.30659658 0.33377159
vt 0.30261645 0.33923322
vt 0.29534143 0.33629322
vt 0.29994425 0.31699508
vt 0.28697324 0.31235945
vt 0.31576872 0.31743819
vt 0.29742959 0.30504429
vt 0.31481448 0.33483112
vt 0.32418215 0.30884993
vt 0.32368988 0.32983577
vt 0.30645093 0.29497427
vt 0.33600745 0.30522412
vt 0.33877432 0.32129961
vt 0.31790173 0.29132527
vt 0.29445964 0.29761732
vt 0.33018327 0.2947855
vt 0.31105107 0.28624904
vt 0.28557345 0.28312594
vt 0.31791726 0.27850813
vt 0.30393714 0.27758753
vt 0.3297362 0.27498466
vt 0.31312606 0.27724344
vt 0.29266044 0.27616841
vt 0.49899653 0.32108569
vt 0.5105446 0.31607312
vt 0.49915501 0.32706696
vt 0.48690641 0.3261767
vt 0.49300095 0.30828369
vt 0.51091617 0.33348709
vt 0.48027521 0.30456543
vt 0.48703724 0.34022534
vt 0.50173557 0.30098242
vt 0.52224684 0.31958812
vt 0.47312266 0.32401115
vt 0.48022649 0.33629203
vt 0.48630166 0.29984272
vt 0.51173204 0.29988563
vt 0.52494532 0.30404967
vt 0.49832651 0.29153591
vt 0.5137465 0.30745631
vt 0.53468519 0.32037592
vt 0.50739425 0.30059946
vt 0.52673846 0.28838235
vt 0.51405549 0.29113728
vt 0.77526635 0.32656187
vt 0.78248572 0.32598311
vt 0.7801131 0.33371532
vt 0.77970672 0.33363855
vt 0.75578457 0.32115895
vt 0.76612967 0.33894736
vt 0.77073002 0.30500406
vt 0.75662345 0.33184189
vt 0.76554799 0.33926386
vt 0.78608286 0.32013494
vt 0.74759287 0.30608857
vt 0.74603653 0.31537765
vt 0.76721793 0.33313942
vt 0.74536645 0.3267951
vt 0.76424545 0.3389833
vt 0.73912835 0.33731061
vt 0.74038148 0.3172428
vt 0.7580049 0.3404038
vt 0.74939162 0.3367191
vt 0.73437315 0.33097678
vt 0.73392403 0.33601826
vt 0.73033392 0.32759225
vt 0.72300357 0.33909196
vt 0.72348386 0.33129442
vt 0.72402787 0.32004994
vt 0.72312969 0.33920407
vt 0.72272527 0.33884048
vt 0.72360379 0.33318281
vt 0.72301877 0.33922756
vt 0.72291797 0.3391974
vt 0.021590505 0.97705859
vt 0.0087974062 0.96322131
vt 0.022529574 0.96051055
vt 0.010969611 0.97932565
vt 0.017678486 0.95016515
vt 0.02036377 0.9811855
vt 0.0044131009 0.94788992
vt 0.010018688 0.93448019
vt 0.014666072 0.94017106
vt 0.013383498 0.92277563
vt 0.02603963 0.92790008
vt 0.018515533 0.91714191
vt 0.14375269 0.30133003
vt 0.15459947 0.29777378
vt 0.15604098 0.30917358
vt 0.14311895 0.27879119
vt 0.17999035 0.29185903
vt 0.16733541 0.28173518
vt 0.16686323 0.26749045
vt 0.18732204 0.27934188
vt 0.13679829 0.25847614
vt 0.12877728 0.25426781
vt 0.13720487 0.24592334
vt 0.87612087 0.30092269
vt 0.88564175 0.3087132
vt 0.87358826 0.3190431
vt 0.86014307 0.31626582
vt 0.8870278 0.30124927
vt 0.89161175 0.32139122
vt 0.8668552 0.32800406
vt 0.86516017 0.29670477
vt 0.89875835 0.31273401
vt 0.87913203 0.32502812
vt 0.84829825 0.32172054
vt 0.85006976 0.3100664
vt 0.89962435 0.30174994
vt 0.88274354 0.33637732
vt 0.90918785 0.30979288
vt 0.87150729 0.339261
vt 0.95157683 0.32399172
vt 0.95919377 0.31755358
vt 0.96775162 0.32633984
vt 0.96239233 0.32971495
vt 0.95060104 0.3128227
vt 0.96308059 0.31355828
vt 0.96756119 0.3361066
vt 0.95210451 0.33507711
vt 0.94194841 0.31901574
vt 0.96809679 0.31121403
vt 0.9791882 0.32298672
vt 0.95274365 0.34365791
vt 0.94212812 0.33519125
vt 0.9611845 0.31011784
vt 0.97842437 0.32197165
vt 0.9835307 0.333224
vt 0.96475971 0.34858066
vt 0.97928238 0.32244337
vt 0.9891144 0.32656389
vt 0.97707158 0.34836262
vt 0.96872735 0.3569575
vt 0.97989607 0.32217962
vt 0.97541142 0.35783041
vt 0.96797365 0.36748403
vt 0.98955286 0.32284355
vt 0.95171165 0.36204767
vt 0.96081579 0.37174761
vt 0.22093506 0.28223926
vt 0.23998874 0.272488
vt 0.23168586 0.29595953
vt 0.22738053 0.30360276
vt 0.22012068 0.26378638
vt 0.25266328 0.27354604
vt 0.24948052 0.30026436
vt 0.20443243 0.27374059
vt 0.23993367 0.30917734
vt 0.19843856 0.26011121
vt 0.21463151 0.29606408
vt 0.19255841 0.26963764
vt 0.19294524 0.28477848
vt 0.19188039 0.25962716
vt 0.19900203 0.29903227
vt 0.4443346 0.4329198
vt 0.43203321 0.44508207
vt 0.42246571 0.43436116
vt 0.43516847 0.42190331
vt 0.44225138 0.45452005
vt 0.42590153 0.44346708
vt 0.43295443 0.41237688
vt 0.44894862 0.4139632
vt 0.44954175 0.44571245
vt 0.43074843 0.45274806
vt 0.41029671 0.43422318
vt 0.42200637 0.4238252
vt 0.45272899 0.45006138
vt 0.43195266 0.4647193
vt 0.41548622 0.42441523
vt 0.41948566 0.42733109
vt 0.4145107 0.41095734
vt 0.4424848 0.40458512
vt 0.45086938 0.46193856
vt 0.41951108 0.42407387
vt 0.86317164 0.62735862
vt 0.86185145 0.63902438
vt 0.84963965 0.62986165
vt 0.84757102 0.61848313
vt 0.87790507 0.62815899
vt 0.85526735 0.64383566
vt 0.85789359 0.61674821
vt 0.86751807 0.62144411
vt 0.87686372 0.638592
vt 0.86970949 0.65313196
vt 0.85285121 0.61115628
vt 0.87455845 0.61449635
vt 0.88335007 0.64718401
vt 0.85934538 0.60208607
vt 0.8803454 0.62171417
vt 0.86244905 0.60969794
vt 0.87996656 0.60275936
vt 0.86403501 0.5911302
vt 0.49559203 0.75180978
vt 0.51631641 0.76040745
vt 0.49448696 0.7643826
vt 0.4866167 0.74840772
vt 0.51288879 0.75063425
vt 0.50944984 0.77170622
vt 0.48094696 0.75935382
vt 0.49420226 0.77610934
vt 0.48297971 0.7743367
vt 0.49897987 0.78472018
vt 0.49226624 0.79142416
vt 0.50495994 0.80103338
vt 0.47399682 0.77705467
vt 0.49036732 0.80760515
vt 0.50764704 0.7950455
vt 0.47329387 0.78451097
vt 0.50049365 0.8079797
vt 0.48159248 0.80056059
vt 0.40629849 0.28135037
vt 0.40329447 0.25922084
vt 0.41615638 0.28343511
vt 0.41234028 0.29577821
vt 0.39771158 0.27471888
vt 0.42218751 0.27403808
vt 0.39591485 0.29760742
vt 0.42852598 0.29411054
vt 0.3870858 0.28466177
vt 0.43434128 0.26113999
vt 0.41987225 0.30576414
vt 0.43320069 0.2767964
vt 0.43105593 0.28374881
vt 0.40726349 0.30845308
vt 0.37926438 0.28889847
vt 0.43656358 0.28119129
vt 0.43157309 0.28151107
vt 0.27630416 0.89098203
vt 0.2774463 0.9013958
vt 0.26107746 0.89479935
vt 0.2645438 0.87377745
vt 0.28809202 0.86699951
vt 0.25424004 0.87485373
vt 0.2599282 0.86002719
vt 0.28727317 0.85556895
vt 0.28659806 0.84499097
vt 0.29919317 0.85561281
vt 0.27595058 0.84333944
vt 0.7710157 0.82513928
vt 0.79350412 0.827461
vt 0.78708589 0.83944148
vt 0.77903759 0.81031132
vt 0.75311369 0.80916852
vt 0.79367149 0.81648624
vt 0.76683813 0.80548698
vt 0.79032493 0.80903792
vt 0.8116886 0.81800866
vt 0.77475882 0.79891121
vt 0.78134471 0.79514623
vt 0.79057103 0.79601055
vt 0.068747975 0.3020407
vt 0.080186225 0.29748118
vt 0.088086233 0.30780864
vt 0.06575574 0.28634536
vt 0.091652319 0.2945174
vt 0.081442475 0.28007299
vt 0.092994228 0.28030169
vt 0.098127827 0.30128878
vt 0.068993203 0.27420348
vt 0.086315997 0.27070719
vt 0.10511594 0.29330826
vt 0.088938996 0.26274842
vt 0.10893656 0.26597607
vt 0.094093248 0.25060135
vt 0.51303965 0.86918616
vt 0.50048083 0.87056792
vt 0.4911834 0.86443609
vt 0.49732536 0.85192513
vt 0.47297037 0.86125505
vt 0.50942767 0.85479987
vt 0.48472202 0.85366535
vt 0.50471509 0.84543455
vt 0.5279488 0.85958368
vt 0.47430357 0.84776664
vt 0.49175265 0.84543949
vt 0.51187778 0.84543133
vt 0.49951863 0.84543484
vt 0.52069342 0.84542763
vt 0.4769249 0.84544498
vt 0.48505011 0.84544194
vt 0.49461868 0.84543729
vt 0.51856607 0.84542823
vt 0.52923745 0.84542775
vt 0.55545908 0.27845794
vt 0.54778785 0.28929162
vt 0.5497126 0.26825404
vt 0.5626297 0.27026457
vt 0.54372907 0.28075361
vt 0.55764198 0.25790513
vt 0.5628317 0.2810027
vt 0.53787011 0.28698719
vt 0.54004794 0.26681679
vt 0.5783155 0.26880908
vt 0.57934761 0.2805962
vt 0.5398016 0.30405325
vt 0.57759345 0.29447871
vt 0.53560835 0.29782593
vt 0.58801579 0.28552514
vt 0.5652554 0.29484248
vt 0.58780366 0.28664994
vt 0.56651103 0.30497539
vt 0.58734626 0.28949273
vt 0.5803107 0.30856627
vt 0.58489913 0.29575622
vt 0.59135377 0.29610968
vt 0.58487028 0.29782975
vt 0.64423823 0.26987398
vt 0.64751726 0.27991307
vt 0.63890237 0.28650284
vt 0.62537593 0.27196896
vt 0.64603019 0.29175192
vt 0.61973345 0.2879234
vt 0.63616109 0.25545871
vt 0.65498078 0.2962727
vt 0.6352607 0.29786503
vt 0.62033439 0.29862207
vt 0.60461611 0.28959274
vt 0.6229555 0.25135148
vt 0.64609766 0.29906487
vt 0.63660556 0.29802036
vt 0.61922574 0.30493796
vt 0.60381192 0.28309035
vt 0.60984045 0.30271798
vt 0.60915893 0.26783282
vt 0.63134849 0.29906058
vt 0.61846936 0.30513448
vt 0.62182361 0.30221105
vt 0.60240358 0.27522457
vt 0.59838122 0.27164537
vt 0.63726503 0.29917026
vt 0.63914162 0.30548203
vt 0.64076489 0.30784905
vt 0.66377157 0.2846424
vt 0.68064868 0.28321707
vt 0.68500316 0.30926549
vt 0.67057198 0.27589428
vt 0.69059408 0.29125029
vt 0.66082942 0.26736492
vt 0.68548125 0.26176429
vt 0.69680953 0.28596741
vt 0.69419712 0.29892552
vt 0.6749689 0.25866407
vt 0.69127107 0.27035815
vt 0.69925606 0.30674922
vt 0.70491338 0.27980596
vt 0.7089963 0.29163849
vt 0.71115422 0.29999894
vt 0.71389556 0.27696913
vt 0.60677218 0.6453352
vt 0.62098604 0.62973404
vt 0.6237914 0.65459788
vt 0.61183298 0.65705967
vt 0.5978756 0.6296792
vt 0.63357055 0.64428341
vt 0.6064052 0.64885366
vt 0.60001785 0.63481677
vt 0.63558066 0.65967298
vt 0.60972285 0.65882057
vt 0.60357022 0.64507967
vt 0.62096965 0.66790819
vt 0.60466796 0.64642036
vt 0.63273299 0.67238456
vt 0.61716759 0.66669661
vt 0.62999409 0.68265229
vt 0.61264092 0.65945405
vt 0.61780423 0.66956782
vt 0.62133825 0.67554224
vt 0.62645531 0.68257999
vt 0.98226005 0.56264675
vt 0.96664751 0.56026876
vt 0.97345722 0.55505449
vt 0.98827982 0.57300556
vt 0.96590358 0.54908621
vt 0.97147912 0.57210886
vt 0.95422792 0.54992014
vt 0.97315508 0.58171982
vt 0.94921893 0.56454921
vt 0.98517233 0.58474422
vt 0.94716269 0.57634801
vt 0.94143695 0.55213863
vt 0.98238146 0.58969516
vt 0.99556231 0.58161908
vt 0.48044002 0.29234219
vt 0.47797981 0.27347696
vt 0.49081868 0.2873137
vt 0.46881306 0.28009671
vt 0.48746648 0.27673757
vt 0.45922089 0.28542995
vt 0.474309 0.26279014
vt 0.49133018 0.26946372
vt 0.47284308 0.30802965
vt 0.45701441 0.26283705
vt 0.48766434 0.26274079
vt 0.45102152 0.28791553
vt 0.48358518 0.25410163
vt 0.44938698 0.26939857
vt 0.44080278 0.27919692
vt 0.45426193 0.258937
vt 0.76290017 0.41986668
vt 0.75325304 0.41182327
vt 0.76840794 0.41048658
vt 0.77432406 0.41914326
vt 0.76513457 0.42930818
vt 0.77235168 0.43823338
vt 0.75977123 0.43889296
vt 0.78477138 0.42080772
vt 0.77657205 0.4495635
vt 0.78346974 0.43336326
vt 0.7670266 0.45491159
vt 0.78758907 0.44707376
vt 0.7635299 0.46557349
vt 0.7926206 0.44134802
vt 0.79432195 0.28901947
vt 0.8080743 0.27263314
vt 0.81660807 0.28613836
vt 0.79727584 0.29780155
vt 0.80982077 0.26122653
vt 0.80998731 0.3091538
vt 0.78551269 0.3033613
vt 0.82930648 0.28031641
vt 0.82721615 0.29792595
vt 0.79869813 0.30543661
vt 0.82824486 0.25348949
vt 0.81639022 0.30857611
vt 0.931759 0.29060465
vt 0.93986493 0.28037643
vt 0.94923162 0.29172307
vt 0.94952768 0.30886549
vt 0.9269706 0.27305228
vt 0.96044296 0.28279799
vt 0.92780101 0.30550039
vt 0.94602722 0.26367927
vt 0.95435905 0.26882029
vt 0.93252993 0.26124728
vt 0.91985637 0.29748905
vt 0.9636569 0.27698654
vt 0.92255324 0.25817478
vt 0.94231737 0.25444126
vt 0.91210729 0.28202164
vt 0.91741878 0.25989491
vt 0.91060841 0.29300272
vt 0.045503516 0.26775479
vt 0.04236709 0.24670613
vt 0.053494297 0.24164867
vt 0.030648662 0.26284462
vt 0.045151845 0.23469323
vt 0.029318718 0.27727693
vt 0.029106047 0.24937212
vt 0.031118829 0.23510981
vt 0.056245059 0.22261649
vt 0.014242998 0.24861938
vt 0.044602774 0.22970277
vt 0.023490546 0.2590853
vt 0.021251762 0.22761029
vt 0.0035420759 0.22920132
vt 0.46086627 0.67559624
vt 0.44946206 0.69633144
vt 0.44528693 0.68451637
vt 0.44878697 0.67519134
vt 0.46499652 0.68921387
vt 0.44040877 0.69313484
vt 0.43286219 0.67513919
vt 0.45713419 0.71463132
vt 0.44083482 0.69716859
vt 0.44230166 0.66662115
vt 0.42854014 0.69591129
vt 0.430491 0.68522346
vt 0.41830173 0.67956984
vt 0.41808149 0.68991053
vt 0.41905409 0.69994998
vt 0.40943921 0.68784761
vt 0.31501606 0.60903221
vt 0.30541641 0.61313558
vt 0.30297738 0.60541683
vt 0.29896829 0.6302551
vt 0.28824589 0.61477107
vt 0.29061145 0.62077612
vt 0.3110888 0.62425131
vt 0.29564622 0.59858465
vt 0.2845141 0.63164091
vt 0.2927644 0.63630688
vt 0.29073942 0.64867449
vt 0.29971299 0.65290892
vt 0.30781475 0.64883983
vt 0.31080881 0.62984228
vt 0.29328558 0.54941928
vt 0.28600428 0.53322995
vt 0.29806861 0.53145957
vt 0.30438414 0.53953981
vt 0.29388011 0.52184808
vt 0.31157583 0.53081191
vt 0.31224579 0.54786456
vt 0.30189937 0.52031481
vt 0.31589621 0.53830528
vt 0.29991695 0.55788195
vt 0.30172402 0.50437915
vt 0.31794104 0.51247346
vt 0.31242663 0.55615377
vt 0.31305382 0.50722063
vt 0.72343719 0.26973885
vt 0.72758353 0.28173774
vt 0.72343862 0.2922231
vt 0.73948604 0.27880931
vt 0.7413075 0.29659832
vt 0.73283064 0.25666356
vt 0.73771286 0.30785942
vt 0.72343445 0.25440061
vt 0.74921513 0.2580511
vt 0.75224602 0.29168916
vt 0.72344917 0.30790591
vt 0.75679052 0.27392882
vt 0.75902873 0.30022049
vt 0.76775545 0.26580226
vt 0.76392233 0.28746444
vt 0.3657859 0.50777709
vt 0.3559044 0.5235393
vt 0.35651001 0.5055877
vt 0.36823639 0.5165683
vt 0.34447035 0.52146268
vt 0.34280261 0.50537384
vt 0.34762818 0.52743363
vt 0.33289245 0.52340752
vt 0.3266001 0.50251341
vt 0.33796644 0.49871981
vt 0.33862054 0.48826951
vt 0.31659788 0.49167788
vt 0.31616446 0.50232202
vt 0.81475687 0.55764806
vt 0.8071655 0.55407953
vt 0.80844831 0.53245723
vt 0.83770412 0.52298892
vt 0.80168843 0.53270245
vt 0.81987566 0.51894635
vt 0.78419316 0.52508754
vt 0.49808955 0.44523102
vt 0.50562775 0.43550253
vt 0.51495719 0.44684649
vt 0.50443804 0.45889306
vt 0.49911281 0.42996514
vt 0.51743168 0.43027908
vt 0.51237029 0.45719886
vt 0.49816301 0.46353567
vt 0.48849925 0.4367367
vt 0.52464342 0.43283451
vt 0.52024889 0.45262414
vt 0.51653856 0.46393311
vt 0.49042916 0.45094502
vt 0.48039809 0.44709504
vt 0.47715324 0.46005142
vt 0.47463557 0.44454366
vt 0.47308624 0.45099604
vt 0.29062992 0.25765222
vt 0.29598486 0.26494598
vt 0.28903699 0.27237672
vt 0.27260742 0.25592399
vt 0.30429879 0.25682569
vt 0.27878004 0.26848757
vt 0.28659445 0.24618864
vt 0.30734724 0.26838112
vt 0.29782706 0.24638164
vt 0.27828592 0.27672589
vt 0.26295778 0.2694611
vt 0.26318118 0.24129593
vt 0.25307152 0.24562418
vt 0.27302063 0.23710299
vt 0.28802413 0.23453677
vt 0.25326759 0.26584125
vt 0.25972173 0.23101258
vt 0.2997537 0.23331761
vt 0.36049584 0.24688017
vt 0.34846002 0.2399174
vt 0.35006848 0.23204482
vt 0.36818111 0.23365635
vt 0.34949648 0.24727452
vt 0.37201059 0.24346638
vt 0.36261857 0.22447419
vt 0.36267063 0.25678366
vt 0.38274556 0.23895717
vt 0.37239176 0.25270826
vt 0.37733743 0.25928164
vt 0.37230542 0.26111025
vt 0.39221448 0.25748181
vt 0.35462236 0.26634586
vt 0.39885113 0.24869275
vt 0.36209372 0.27577424
vt 0.37037605 0.27742535
vt 0.35447231 0.27689326
vt 0.38052112 0.27209437
vt 0.38543773 0.26163965
vt 0.27332386 0.99195373
vt 0.25596601 0.99557191
vt 0.25758669 0.98190498
vt 0.27414966 0.97524559
vt 0.24839599 0.99210757
vt 0.25845587 0.97024357
vt 0.24199298 0.97091424
vt 0.25115666 0.97442889
vt 0.23853464 0.99254918
vt 0.23480906 0.98249006
vt 0.23479488 0.96894538
vt 0.22811952 0.97507948
vt 0.22286645 0.96174777
vt 0.032422006 0.45507503
vt 0.036978621 0.44201475
vt 0.054964446 0.44569975
vt 0.054183938 0.45477271
vt 0.028856387 0.44445062
vt 0.049212705 0.439161
vt 0.04065904 0.4647035
vt 0.026811913 0.44615006
vt 0.031680502 0.46238863
vt 0.018877013 0.43283534
vt 0.013034601 0.44424736
vt 0.017937809 0.46151167
vt 0.0045059668 0.42534971
vt 0.0029370429 0.44858253
vt 0.0050265905 0.43977916
vt 0.014140635 0.42223632
vt 0.52191627 0.53609753
vt 0.53198314 0.53255999
vt 0.54817325 0.54107749
vt 0.5288887 0.55283791
vt 0.5326125 0.52156687
vt 0.51029462 0.54365671
vt 0.55385262 0.5279274
vt 0.51735085 0.55825019
vt 0.55223095 0.51227117
vt 0.50324333 0.55173266
vt 0.22050203 0.37190914
vt 0.22887038 0.37958062
vt 0.22110118 0.38944089
vt 0.19838791 0.3755247
vt 0.2366897 0.365767
vt 0.23592056 0.38904035
vt 0.205934 0.38848138
vt 0.24131542 0.38004714
vt 0.2232206 0.39674401
vt 0.21459478 0.39184481
vt 0.19275863 0.39577287
vt 0.21641906 0.40079528
vt 0.19170088 0.38740098
vt 0.19773631 0.40271378
vt 0.19149262 0.37844002
vt 0.19237542 0.40179062
vt 0.12238839 0.98118585
vt 0.12337611 0.96981579
vt 0.12970859 0.97628617
vt 0.12970851 0.98170906
vt 0.11060272 0.98036045
vt 0.1297069 0.96968222
vt 0.12971012 0.98634356
vt 0.10442975 0.96411073
vt 0.11089558 0.99111056
vt 0.12971385 0.95914012
vt 0.12399647 0.99057662
vt 0.098320745 0.97251928
vt 0.12132775 0.96304417
vt 0.12936942 0.95883125
vt 0.12971295 0.99068528
vt 0.12154089 0.95350492
vt 0.1297141 0.9586044
vt 0.12971398 0.99695772
vt 0.11487976 0.94577873
vt 0.12971029 0.95366108
vt 0.10284242 0.9504894
vt 0.12893011 0.94663519
vt 0.12970193 0.94731945
vt 0.12970094 0.946109
vt 0.12970071 0.94619375
vt 0.85835892 0.6931023
vt 0.86598921 0.68209553
vt 0.88841635 0.68488753
vt 0.87858915 0.7014451
vt 0.8638519 0.66319585
vt 0.86138988 0.7150197
vt 0.84809089 0.70279318
vt 0.85485041 0.71533191
vt 0.86285299 0.23070836
vt 0.87211096 0.2486459
vt 0.85342431 0.24545503
vt 0.88408279 0.24401593
vt 0.87783217 0.26120061
vt 0.84753269 0.26726407
vt 0.89203709 0.25726658
vt 0.88011497 0.27591968
vt 0.89819127 0.2713728
vt 0.88679153 0.27761191
vt 0.48779699 0.2407127
vt 0.4738166 0.23369771
vt 0.48390597 0.2267679
vt 0.49713463 0.2275781
vt 0.47312939 0.24331409
vt 0.50467491 0.2510376
vt 0.51367676 0.25024259
vt 0.49025065 0.25294113
vt 0.51419312 0.2264818
vt 0.50585628 0.2669906
vt 0.50210983 0.27675325
vt 0.32284418 0.99624991
vt 0.31418929 0.98759091
vt 0.33067119 0.98756874
vt 0.33502051 0.99377888
vt 0.30218926 0.99516654
vt 0.33226386 0.98124671
vt 0.29918662 0.97395682
vt 0.31385615 0.97705519
vt 0.29073331 0.97871387
vt 0.28558105 0.98927081
vt 0.24039623 0.45280671
vt 0.22809768 0.44652361
vt 0.22410922 0.43459868
vt 0.24673134 0.42705506
vt 0.23220056 0.41373575
vt 0.26280415 0.45356119
vt 0.22285762 0.42146397
vt 0.25890186 0.46576786
vt 0.24619333 0.46542555
vt 0.092312552 0.22698206
vt 0.077506602 0.2291916
vt 0.08647076 0.21272957
vt 0.10436692 0.21476293
vt 0.090771943 0.23762339
vt 0.066131152 0.22572643
vt 0.096004173 0.19621336
vt 0.099589266 0.23713005
vt 0.079253517 0.24604625
vt 0.074125618 0.21042931
vt 0.081831798 0.20092219
vt 0.099307247 0.22580957
vt 0.10445692 0.21330982
vt 0.10997183 0.2323457
vt 0.11472689 0.2250464
vt 0.10957946 0.2118699
vt 0.022252614 0.55896515
vt 0.035364971 0.56372315
vt 0.02251138 0.5693028
vt 0.014544597 0.57294607
vt 0.051950313 0.55714571
vt 0.043632802 0.57047248
vt 0.003095136 0.55479324
vt 0.019462563 0.57972026
vt 0.034034647 0.58650303
vt 0.0053280201 0.57646143
vt 0.020995144 0.59070039
vt 0.15983906 0.20143723
vt 0.17404333 0.22291291
vt 0.14493994 0.21249586
vt 0.14320099 0.19779283
vt 0.16894715 0.20039648
vt 0.15500836 0.2258389
vt 0.13721232 0.20797461
vt 0.1682014 0.23524892
vt 0.13510169 0.22615671
vt 0.12840664 0.21879691
vt 0.12871675 0.21159571
vt 0.14766559 0.2461561
vt 0.1284686 0.23062283
vt 0.13942507 0.23832297
vt 0.74708056 0.38134903
vt 0.75014198 0.39818841
vt 0.7439301 0.39724398
vt 0.73851734 0.39163309
vt 0.74647045 0.40137064
vt 0.72990638 0.38514775
vt 0.73482877 0.35752773
vt 0.72738886 0.37870663
vt 0.76034373 0.35304934
vt 0.72812563 0.36824101
vt 0.72202033 0.35951513
vt 0.2234361 0.20650446
vt 0.21864636 0.22024733
vt 0.20768034 0.21359837
vt 0.21205688 0.19719851
vt 0.1904757 0.21965069
vt 0.21261811 0.23038667
vt 0.19354831 0.23045653
vt 0.21941897 0.22592759
vt 0.20787127 0.24183404
vt 0.23366578 0.22438055
vt 0.22158588 0.23097193
vt 0.19585522 0.24154049
vt 0.21943085 0.24702454
vt 0.23401351 0.23802269
vt 0.22335319 0.24503392
vt 0.36278152 0.30833864
vt 0.35680223 0.293966
vt 0.3746686 0.29296029
vt 0.3712346 0.31200784
vt 0.34825638 0.30292708
vt 0.38563696 0.29928285
vt 0.36948773 0.3238517
vt 0.35249609 0.31740254
vt 0.34690991 0.29636973
vt 0.38097814 0.31621808
vt 0.35186386 0.32449752
vt 0.37736514 0.32795787
vt 0.35545856 0.33019
vt 0.37028271 0.33592087
vt 0.35564592 0.33523804
vt 0.36188075 0.33931214
vt 0.43780902 0.22792792
vt 0.44312739 0.24306864
vt 0.42692405 0.24679095
vt 0.42439881 0.22451574
vt 0.45436001 0.23833805
vt 0.41427976 0.23043543
vt 0.42792872 0.22208571
vt 0.45780233 0.21837467
vt 0.41016716 0.24428564
vt 0.43157339 0.21298879
vt 0.44329154 0.21425825
vt 0.48220548 0.99698108
vt 0.48043412 0.98604131
vt 0.49871427 0.98557001
vt 0.47219649 0.98996937
vt 0.48939168 0.97593844
vt 0.50130069 0.98098737
vt 0.50843817 0.99208039
vt 0.49836987 0.967843
vt 0.51379484 0.97389883
vt 0.51944071 0.98286754
vt 0.58078057 0.72280586
vt 0.57659519 0.74243116
vt 0.56253278 0.7456944
vt 0.55280185 0.74403185
vt 0.55825812 0.72261167
vt 0.5344066 0.71470863
vt 0.58211416 0.71316898
vt 0.53962219 0.74431467
vt 0.60426646 0.90607363
vt 0.61333418 0.89983374
vt 0.6144985 0.91787583
vt 0.60194761 0.91656834
vt 0.61152691 0.8911249
vt 0.62331587 0.91070879
vt 0.60508049 0.92820805
vt 0.61944216 0.89773715
vt 0.61663812 0.93045497
vt 0.60468811 0.92804939
vt 0.60518789 0.92900443
vt 0.61615866 0.89286399
vt 0.62359375 0.90727788
vt 0.61938441 0.92401767
vt 0.60910612 0.93393075
vt 0.59783435 0.91842288
vt 0.61496484 0.88951296
vt 0.62449932 0.92055148
vt 0.61440599 0.93280798
vt 0.60473752 0.9294681
vt 0.56858051 0.24649841
vt 0.55122495 0.24388707
vt 0.55136305 0.22801697
vt 0.57440674 0.22666723
vt 0.53884411 0.23396319
vt 0.55194646 0.20839894
vt 0.53556371 0.21336758
vt 0.58024544 0.21067399
vt 0.37806022 0.83295441
vt 0.38807592 0.8210215
vt 0.39015546 0.83785927
vt 0.40036413 0.81982011
vt 0.40997016 0.81115758
vt 0.40417674 0.83558965
vt 0.41116133 0.82616806
vt 0.41289371 0.8403213
vt 0.41828492 0.83215803
vt 0.424716 0.83732736
vt 0.59799165 0.5085479
vt 0.60639644 0.50438374
vt 0.60368609 0.52664196
vt 0.60103536 0.49605441
vt 0.61810273 0.50987959
vt 0.60842919 0.4846096
vt 0.62046969 0.50474775
vt 0.6280269 0.5216493
vt 0.61671269 0.4956634
vt 0.59862494 0.48219687
vt 0.63278168 0.50272477
vt 0.63855845 0.51028335
vt 0.63442439 0.21900809
vt 0.61616546 0.22472113
vt 0.6163277 0.20858252
vt 0.62681162 0.22778648
vt 0.60549349 0.22246176
vt 0.61861563 0.23470885
vt 0.63588119 0.24287772
vt 0.59682041 0.23312688
vt 0.64314711 0.24123007
vt 0.62567633 0.24454063
vt 0.61891466 0.24570143
vt 0.63430655 0.22374237
vt 0.59888101 0.24077207
vt 0.93192089 0.87935424
vt 0.94048643 0.88163221
vt 0.92359507 0.89124894
vt 0.92580408 0.87245935
vt 0.93686593 0.89775944
vt 0.91224736 0.88206089
vt 0.94541526 0.86804467
vt 0.92450601 0.90226501
vt 0.91112071 0.89179832
vt 0.93317777 0.8625232
vt 0.9460147 0.85724533
vt 0.68325901 0.91188586
vt 0.67785126 0.93289566
vt 0.66035318 0.91084033
vt 0.66872758 0.90309793
vt 0.69055003 0.92789811
vt 0.70493782 0.90102565
vt 0.32800347 0.27507979
vt 0.31687531 0.27683973
vt 0.32465321 0.26280874
vt 0.33325225 0.27109778
vt 0.33063254 0.26052076
vt 0.32418558 0.2498222
vt 0.34591532 0.27193874
vt 0.33548903 0.24745995
vt 0.34645078 0.25375485
vt 0.3251977 0.23327327
vt 0.35471797 0.26028526
vt 0.33896947 0.24177051
vt 0.51629406 0.62729359
vt 0.50288808 0.63051713
vt 0.50937593 0.62729132
vt 0.51610315 0.63537818
vt 0.49573052 0.62536275
vt 0.5175643 0.64555168
vt 0.49548829 0.62929922
vt 0.49690992 0.64555109
vt 0.49210513 0.63169318
vt 0.48416299 0.63923293
vt 0.48952088 0.63089657
vt 0.48990789 0.6480372
vt 0.4807933 0.6336993
vt 0.47296998 0.64620751
vt 0.47499329 0.63503349
vt 0.47790417 0.65212828
vt 0.47572324 0.6333915
vt 0.64878815 0.92856097
vt 0.63907689 0.94152236
vt 0.63642144 0.93110389
vt 0.65038413 0.91984707
vt 0.66341937 0.94924754
vt 0.62849551 0.95148182
vt 0.64607465 0.95860773
vt 0.65441757 0.96474427
vt 0.67379302 0.23561633
vt 0.68091011 0.21776628
vt 0.69923276 0.21363002
vt 0.68865007 0.23439658
vt 0.67238683 0.22426796
vt 0.68522501 0.21087027
vt 0.68360245 0.24050295
vt 0.70176339 0.23121399
vt 0.65962696 0.23548329
vt 0.66151422 0.21829379
vt 0.67951506 0.20138192
vt 0.66635472 0.24619299
vt 0.67252165 0.20082408
vt 0.3992238 0.48162889
vt 0.42252782 0.48575205
vt 0.42048302 0.50232637
vt 0.40615231 0.50284529
vt 0.39676353 0.49292964
vt 0.40650249 0.5201906
vt 0.39017743 0.52731633
vt 0.37905002 0.51191401
vt 0.025712727 0.88828927
vt 0.014903137 0.90122461
vt 0.0051554791 0.88873631
vt 0.018268473 0.90595996
vt 0.027460728 0.91786325
vt 0.0033334009 0.90773052
vt 0.030389661 0.89276129
vt 0.017581547 0.90816981
vt 0.031494543 0.91538185
vt 0.032226287 0.93350619
vt 0.74332154 0.22628707
vt 0.74731851 0.22945446
vt 0.74145246 0.23973274
vt 0.73305672 0.23780888
vt 0.75500202 0.20878983
vt 0.75776774 0.23922843
vt 0.72539634 0.22550911
vt 0.7628929 0.22129643
vt 0.741826 0.21712303
vt 0.74577647 0.24657559
vt 0.72278011 0.21788007
vt 0.74102038 0.20273763
vt 0.72388577 0.20702857
vt 0.39200866 0.66359907
vt 0.39503244 0.66893029
vt 0.37977237 0.66745454
vt 0.41168591 0.66308767
vt 0.38871175 0.6821034
vt 0.39766997 0.6574769
vt 0.40432328 0.68387789
vt 0.40770289 0.65103245
vt 0.41081244 0.68023258
vt 0.3979398 0.65159345
vt 0.41968712 0.65631521
vt 0.422647 0.6719774
vt 0.41364628 0.68412083
vt 0.59002501 0.59550369
vt 0.58748126 0.61685002
vt 0.57859671 0.60757947
vt 0.57873046 0.59230739
vt 0.60504019 0.61292672
vt 0.56629103 0.61056739
vt 0.5655638 0.59950697
vt 0.60876 0.59987426
vt 0.57969177 0.61957264
vt 0.57036299 0.62073362
vt 0.80527866 0.21723711
vt 0.81306463 0.22073865
vt 0.80046022 0.2295239
vt 0.80247462 0.21536189
vt 0.81310958 0.21559799
vt 0.81288499 0.23138618
vt 0.79079175 0.22091615
vt 0.80187321 0.21246719
vt 0.82752812 0.21237159
vt 0.82601166 0.22674131
vt 0.81614923 0.24592292
vt 0.78589994 0.23130715
vt 0.82172632 0.21064925
vt 0.79247886 0.24357581
vt 0.79080552 0.21332997
vt 0.89384782 0.22902429
vt 0.90315223 0.23366338
vt 0.90254617 0.24625307
vt 0.88649899 0.23804581
vt 0.89386779 0.22167706
vt 0.91252279 0.24623346
vt 0.87936151 0.22746563
vt 0.90384853 0.20913047
vt 0.92148715 0.22938412
vt 0.88279426 0.21306652
vt 0.91172391 0.22677398
vt 0.88842487 0.2036249
vt 0.9216789 0.24471515
vt 0.91259205 0.2170583
vt 0.96205741 0.22381419
vt 0.97127801 0.24609792
vt 0.95487791 0.24202585
vt 0.94694889 0.22914219
vt 0.98301303 0.22224182
vt 0.95564532 0.2085858
vt 0.98317307 0.22726208
vt 0.96660298 0.20570302
vt 0.94191211 0.21195579
vt 0.97860146 0.23960406
vt 0.98513001 0.22458011
vt 0.98327345 0.21903127
vt 0.98188436 0.21345431
vt 0.097971052 0.43140453
vt 0.093517318 0.43533254
vt 0.092658035 0.43121719
vt 0.10322085 0.44533414
vt 0.094071023 0.4482739
vt 0.10372572 0.43207997
vt 0.10205238 0.46232581
vt 0.081752457 0.44161409
vt 0.10863132 0.45005715
vt 0.078382008 0.46467292
vt 0.081909359 0.43086547
vt 0.079113595 0.45451081
vt 0.067003123 0.43112159
vt 0.068519622 0.44549131
vt 0.041824084 0.21403223
vt 0.031696238 0.20704406
vt 0.043962233 0.2020871
vt 0.032300677 0.21308523
vt 0.038001847 0.19311941
vt 0.029960729 0.19824314
vt 0.0469652 0.1973381
vt 0.024665492 0.20742983
vt 0.045866013 0.17768759
vt 0.013083708 0.20932287
vt 0.027658518 0.18479759
vt 0.0081968904 0.19699913
vt 0.0081753116 0.20102304
vt 0.005298302 0.18045652
vt 0.0061120349 0.20330662
vt 0.0047062696 0.20029455
vt 0.38080728 0.22181034
vt 0.38712236 0.21100134
vt 0.40475598 0.21963257
vt 0.39520285 0.23155576
vt 0.38600132 0.20257902
vt 0.39723602 0.20800489
vt 0.41000658 0.22495127
vt 0.37902761 0.23779154
vt 0.41703001 0.21239138
vt 0.4048422 0.23087728
vt 0.41825587 0.2200585
vt 0.39266801 0.24179697
vt 0.41580996 0.20236689
vt 0.40394506 0.23511803
vt 0.40446523 0.24553192
vt 0.42009419 0.21503615
vt 0.40611032 0.24316204
vt 0.40552604 0.24609077
vt 0.1250779 0.1726082
vt 0.13015813 0.17809844
vt 0.11884781 0.18116713
vt 0.10645748 0.17822838
vt 0.12589684 0.19061613
vt 0.11144986 0.18270296
vt 0.13230385 0.19351429
vt 0.1012322 0.18354946
vt 0.11510671 0.20200723
vt 0.10207067 0.18491918
vt 0.097138748 0.17824024
vt 0.13297543 0.20456582
vt 0.10326222 0.19363338
vt 0.12692919 0.20859945
vt 0.10384019 0.19904357
vt 0.12005879 0.21513623
vt 0.10429699 0.20459205
vt 0.10295291 0.2025516
vt 0.67573148 0.99061483
vt 0.68827605 0.99171841
vt 0.67575908 0.99670345
vt 0.68318903 0.98000813
vt 0.67872775 0.97917354
vt 0.69213265 0.97839957
vt 0.70159954 0.98117751
vt 0.71922445 0.97836906
vt 0.70774364 0.99281842
vt 0.71743488 0.99321878
vt 0.78774494 0.85317737
vt 0.78288454 0.86005217
vt 0.78013641 0.84697229
vt 0.77085245 0.85495603
vt 0.76939201 0.85028583
vt 0.77403677 0.87055653
vt 0.75966859 0.85310304
vt 0.76779103 0.84339613
vt 0.76348358 0.86075276
vt 0.76122719 0.83497727
vt 0.75339371 0.84244215
vt 0.75401127 0.83334899
vt 0.76034099 0.82781827
vt 0.49845728 0.90638727
vt 0.50537181 0.91456348
vt 0.48889908 0.92241305
vt 0.49734512 0.92422867
vt 0.51019961 0.93296415
vt 0.48740482 0.93336129
vt 0.51103443 0.92418551
vt 0.49950415 0.93937302
vt 0.50104511 0.94892037
vt 0.49293977 0.94415295
vt 0.85718691 0.97456807
vt 0.85074639 0.98228759
vt 0.84692979 0.96905321
vt 0.86842179 0.98348218
vt 0.87092298 0.97626305
vt 0.85490555 0.99461573
vt 0.87964636 0.97984415
vt 0.86659735 0.9939208
vt 0.87160975 0.99031645
vt 0.87717807 0.99614584
vt 0.88728803 0.98410583
vt 0.88780421 0.99217021
vt 0.98250014 0.92632687
vt 0.97148514 0.92282939
vt 0.97196651 0.91808164
vt 0.98194146 0.9169336
vt 0.96038699 0.93403423
vt 0.97235888 0.92108732
vt 0.96620089 0.91226166
vt 0.94887292 0.92139745
vt 0.95359045 0.90910333
vt 0.94203663 0.91308641
vt 0.42545474 0.81312972
vt 0.44625312 0.81626493
vt 0.42702746 0.829063
vt 0.40924633 0.82053703
vt 0.43632132 0.83114707
vt 0.4514561 0.82967246
vt 0.42659399 0.8393811
vt 0.44937131 0.83617818
vt 0.24518506 0.96452755
vt 0.22260605 0.961734
vt 0.24627584 0.95430958
vt 0.23773055 0.94387609
vt 0.25016004 0.94979316
vt 0.25270206 0.93212128
vt 0.23876889 0.93384629
vt 0.23745736 0.92429185
vt 0.73035938 0.54701185
vt 0.73311961 0.53871471
vt 0.74687827 0.54585361
vt 0.74037957 0.5557096
vt 0.72300756 0.54368931
vt 0.74768597 0.5344342
vt 0.75215614 0.5580368
vt 0.7230075 0.5433495
vt 0.75730062 0.53863835
vt 0.73910499 0.53267324
vt 0.75748289 0.55012769
vt 0.72300702 0.54182428
vt 0.72510272 0.532287
vt 0.73550224 0.52002329
vt 0.72300398 0.53262448
vt 0.72786468 0.52229959
vt 0.72300339 0.53162825
vt 0.72299933 0.52401304
vt 0.72299689 0.51684427
vt 0.72299778 0.51916975
vt 0.25559148 0.69204247
vt 0.24675202 0.69565237
vt 0.24140111 0.68834186
vt 0.2519272 0.69933194
vt 0.23650651 0.69414651
vt 0.25288951 0.71381468
vt 0.25937173 0.70782435
vt 0.24228802 0.70204872
vt 0.2639882 0.69544238
vt 0.23511091 0.70280451
vt 0.24111314 0.71501976
vt 0.25852659 0.6830498
vt 0.23143603 0.70893282
vt 0.22918604 0.69678235
vt 0.22848962 0.70422983
vt 0.22316925 0.70490491
vt 0.23118731 0.71285367
vt 0.23537594 0.71257973
vt 0.91955119 0.54919827
vt 0.92930502 0.55108953
vt 0.92630559 0.56514382
vt 0.9209311 0.56966865
vt 0.93465251 0.55994821
vt 0.92599708 0.57826948
vt 0.9100979 0.55956966
vt 0.94075775 0.56962907
vt 0.91641921 0.57605225
vt 0.91424 0.57082462
vt 0.94243091 0.56235659
vt 0.93741441 0.58526444
vt 0.92622888 0.59027809
vt 0.93373382 0.58709645
vt 0.9832595 0.90427554
vt 0.98208183 0.88990563
vt 0.99521297 0.89576489
vt 0.98737746 0.90996832
vt 0.9746778 0.90648055
vt 0.98370236 0.87944651
vt 0.97504658 0.90453076
vt 0.9788807 0.88854456
vt 0.97451317 0.90676796
vt 0.9778865 0.89267164
vt 0.98095429 0.88103813
vt 0.97522229 0.91807961
vt 0.98126543 0.87762696
vt 0.9741506 0.90781736
vt 0.97210163 0.91652399
vt 0.27180487 0.9939633
vt 0.24951099 0.99535531
vt 0.23012011 0.99251187
vt 0.08413066 0.79046661
vt 0.073768333 0.78770018
vt 0.086550564 0.78356898
vt 0.098781347 0.77994668
vt 0.077270202 0.79583931
vt 0.078627989 0.76976424
vt 0.10630514 0.78719491
vt 0.088315368 0.77498621
vt 0.08882878 0.80279821
vt 0.06689176 0.79018521
vt 0.073745497 0.77550232
vt 0.0955294 0.79511416
vt 0.080478407 0.80787462
vt 0.10195629 0.7962082
vt 0.066045716 0.7797392
vt 0.3178913 0.84257585
vt 0.32340655 0.8719582
vt 0.30864567 0.8623172
vt 0.3051137 0.84367609
vt 0.2858234 0.83744526
vt 0.7023465 0.82155871
vt 0.70900017 0.82788247
vt 0.70767713 0.83958197
vt 0.71661711 0.8285374
vt 0.7220003 0.81975424
vt 0.7123515 0.81531709
vt 0.70079958 0.81355661
vt 0.71196723 0.80755657
vt 0.69865197 0.80174631
vt 0.69151866 0.803617
vt 0.7742728 0.63880283
vt 0.78320926 0.64047527
vt 0.77929616 0.64695841
vt 0.76996493 0.65246439
vt 0.76739502 0.62909722
vt 0.75633043 0.61258554
vt 0.76386189 0.64292002
vt 0.75454003 0.62276661
vt 0.77743042 0.62184465
vt 0.76083672 0.63615537
vt 0.25087833 0.20204294
vt 0.24400362 0.18884486
vt 0.2577188 0.20177591
vt 0.25381443 0.21566778
vt 0.22280943 0.19966376
vt 0.24629161 0.18360853
vt 0.22998749 0.21011513
vt 0.23721322 0.17975271
vt 0.26104295 0.18342155
vt 0.53522635 0.35046285
vt 0.54404837 0.34111971
vt 0.54709256 0.35688478
vt 0.5528 0.34344733
vt 0.55295324 0.33130705
vt 0.56807858 0.35193324
vt 0.56414503 0.33846802
vt 0.57136422 0.35976785
vt 0.55177999 0.36402285
vt 0.56028485 0.37071097
vt 0.28853554 0.21464306
vt 0.28509033 0.19870031
vt 0.28978437 0.1903457
vt 0.30050629 0.19711411
vt 0.31247783 0.19269651
vt 0.30552277 0.20623821
vt 0.30014953 0.17691326
vt 0.30414549 0.21531695
vt 0.31614742 0.17886674
vt 0.31342542 0.21135271
vt 0.32400256 0.19227642
vt 0.32230961 0.20118576
vt 0.46087453 0.18065459
vt 0.45891491 0.19986618
vt 0.44167063 0.19936931
vt 0.44362506 0.177275
vt 0.46961662 0.19304794
vt 0.44438267 0.2039398
vt 0.46878499 0.17888391
vt 0.47699609 0.19703871
vt 0.45342577 0.21480024
vt 0.46768567 0.20987564
vt 0.47998527 0.20926732
vt 0.46897307 0.21526325
vt 0.87622333 0.51110339
vt 0.87958694 0.51907516
vt 0.87586057 0.52831948
vt 0.85654354 0.51665843
vt 0.86634469 0.52466083
vt 0.8784672 0.49952459
vt 0.86065954 0.5281539
vt 0.86258936 0.49798656
vt 0.85095859 0.51649439
vt 0.85027963 0.50548017
vt 0.86564958 0.48877728
vt 0.84788263 0.52481538
vt 0.27254596 0.56204176
vt 0.27326843 0.56787902
vt 0.25457716 0.56150931
vt 0.25794658 0.55174547
vt 0.28851944 0.56345999
vt 0.26084441 0.5784393
vt 0.28848314 0.56357038
vt 0.27343041 0.57835263
vt 0.28799969 0.57019347
vt 0.28823814 0.57291543
vt 0.26610059 0.5873574
vt 0.28849861 0.57794738
vt 0.28712368 0.59005666
vt 0.28374875 0.58203226
vt 0.28792438 0.58035731
vt 0.28836024 0.58794975
vt 0.28823793 0.59070063
vt 0.34987289 0.20020664
vt 0.3471522 0.18779558
vt 0.37560225 0.18194288
vt 0.37311223 0.19385725
vt 0.38243276 0.19040906
vt 0.37763679 0.20174485
vt 0.38308409 0.18373179
vt 0.3831102 0.19481516
vt 0.38452423 0.1994226
vt 0.35847744 0.21398848
vt 0.38352895 0.17764103
vt 0.38537973 0.20188385
vt 0.51813775 0.18309778
vt 0.50467312 0.19248694
vt 0.50408322 0.18889278
vt 0.50491923 0.17719221
vt 0.50995165 0.20426381
vt 0.50907767 0.20268357
vt 0.52897596 0.19966143
vt 0.50997394 0.20446903
vt 0.52053744 0.20725203
vt 0.5099563 0.20452207
vt 0.53456455 0.21536297
vt 0.53963059 0.20780742
vt 0.54151201 0.1941998
vt 0.14948353 0.96453327
vt 0.1426007 0.95813
vt 0.13414204 0.94465315
vt 0.14390458 0.94331515
vt 0.13385858 0.96732855
vt 0.1357405 0.95713204
vt 0.13400584 0.98015904
vt 0.12958582 0.95326144
vt 0.33554685 0.83202076
vt 0.32481125 0.8392725
vt 0.31630677 0.83594906
vt 0.32140431 0.82444584
vt 0.33739614 0.81208134
vt 0.34291336 0.83034533
vt 0.35265511 0.82101488
vt 0.35329506 0.82801133
vt 0.87904572 0.76442468
vt 0.86009377 0.74592865
vt 0.87402594 0.74555153
vt 0.88528198 0.75467765
vt 0.85661441 0.7562958
vt 0.86564213 0.76529765
vt 0.8526935 0.76349288
vt 0.8629564 0.77775061
vt 0.84713674 0.76685059
vt 0.12062245 0.70864862
vt 0.10900547 0.70400703
vt 0.10825646 0.69569767
vt 0.12894718 0.7070272
vt 0.11081041 0.71554029
vt 0.12835792 0.69562364
vt 0.097270213 0.70352924
vt 0.12765515 0.68981779
vt 0.11186811 0.68652844
vt 0.11501262 0.67816037
vt 0.12825879 0.68429983
vt 0.30457681 0.44507843
vt 0.29407892 0.43891048
vt 0.30439377 0.42844969
vt 0.31717023 0.43077761
vt 0.28572178 0.43843579
vt 0.31172085 0.45923597
vt 0.28670558 0.46574771
vt 0.304914 0.45900112
vt 0.66231734 0.20048261
vt 0.64575011 0.20288897
vt 0.66206503 0.18026257
vt 0.6588937 0.21396041
vt 0.64950466 0.18322188
vt 0.63008565 0.21530306
vt 0.6282441 0.20527488
vt 0.74098402 0.82004464
vt 0.73020697 0.81847095
vt 0.72600025 0.8055476
vt 0.74183643 0.8125754
vt 0.72333109 0.82108933
vt 0.73033178 0.84039277
vt 0.74289978 0.8318134
vt 0.72322065 0.8384831
vt 0.86350161 0.86350936
vt 0.86502415 0.85279417
vt 0.88186413 0.86737293
vt 0.86819321 0.87781662
vt 0.88381493 0.8522557
vt 0.87897551 0.88673615
vt 0.82314944 0.87364191
vt 0.8259598 0.88353777
vt 0.81698716 0.8768031
vt 0.83298707 0.87454951
vt 0.82213587 0.88888681
vt 0.84434098 0.86808163
vt 0.83159041 0.86765206
vt 0.83527774 0.89896822
vt 0.83978695 0.88343936
vt 0.82710844 0.90173888
vt 0.93482482 0.44674993
vt 0.94615418 0.45821959
vt 0.93019277 0.45641744
vt 0.92373997 0.4399122
vt 0.93760049 0.46219409
vt 0.93250954 0.43384075
vt 0.91839421 0.44754356
vt 0.91741925 0.46578491
vt 0.93270612 0.43383384
vt 0.93087435 0.43317872
vt 0.90985775 0.45783699
vt 0.91483361 0.43975335
vt 0.92068464 0.4301483
vt 0.10380413 0.88641322
vt 0.095717579 0.87174213
vt 0.11756255 0.86871904
vt 0.11550535 0.87701863
vt 0.082438707 0.8660078
vt 0.98911089 0.84013247
vt 0.9800514 0.8295114
vt 0.99223149 0.82912612
vt 0.98882699 0.81618255
vt 0.99491906 0.81977457
vt 0.97929502 0.81156015
vt 0.99160087 0.80546343
vt 0.97199339 0.81797409
vt 0.61036474 0.37639338
vt 0.61859155 0.38329148
vt 0.61267841 0.39263421
vt 0.59811318 0.38617986
vt 0.62168872 0.37289935
vt 0.61799341 0.39807349
vt 0.60812175 0.39925492
vt 0.60108316 0.37722826
vt 0.63301539 0.38444322
vt 0.62792659 0.40195024
vt 0.47307828 0.8361752
vt 0.4660399 0.83212066
vt 0.46674758 0.81943893
vt 0.47839388 0.81763929
vt 0.45978758 0.83990628
vt 0.45782918 0.83155793
vt 0.48621488 0.82289839
vt 0.47243911 0.83974874
vt 0.49048257 0.83302456
vt 0.85520464 0.8018052
vt 0.84018147 0.80611587
vt 0.83204514 0.78908014
vt 0.85007149 0.78285027
vt 0.83122104 0.80819523
vt 0.86258942 0.79891998
vt 0.86595803 0.78822601
vt 0.52718598 0.86247385
vt 0.53865039 0.86438
vt 0.54496408 0.87598795
vt 0.53442836 0.87882102
vt 0.52503699 0.87367034
vt 0.5382247 0.87926424
vt 0.51980168 0.86764812
vt 0.54402733 0.88256472
vt 0.52018952 0.86913508
vt 0.55352163 0.88622695
vt 0.55113596 0.88711578
vt 0.5522269 0.88733023
vt 0.40689674 0.79154515
vt 0.40781894 0.79954636
vt 0.3977555 0.79065818
vt 0.39673615 0.78165901
vt 0.39329615 0.80912
vt 0.38381425 0.79846859
vt 0.38513824 0.7860778
vt 0.37878457 0.79035723
vt 0.38218921 0.77595532
vt 0.60553348 0.79920143
vt 0.61302727 0.79943645
vt 0.61525619 0.80839896
vt 0.61738336 0.78184724
vt 0.62397957 0.78831571
vt 0.60520178 0.77805841
vt 0.59772682 0.79257119
vt 0.62249172 0.77495372
vt 0.68890488 0.95866585
vt 0.67571026 0.96297711
vt 0.68442088 0.93152559
vt 0.69515914 0.94348621
vt 0.68824995 0.96483338
vt 0.026334578 0.74625248
vt 0.010971761 0.73880202
vt 0.032174941 0.72828448
vt 0.019918194 0.72984684
vt 0.016225245 0.72723544
vt 0.021439226 0.71892273
vt 0.0046873111 0.72483337
vt 0.010453103 0.71370804
vt 0.56569225 0.88319087
vt 0.56775546 0.8716585
vt 0.57241499 0.88622141
vt 0.57954431 0.87454772
vt 0.56988996 0.85871255
vt 0.58133727 0.86091846
vt 0.5759688 0.85255229
vt 0.31282827 0.49607641
vt 0.30626363 0.48693174
vt 0.31528005 0.49312246
vt 0.3156943 0.49694353
vt 0.29939818 0.49553323
vt 0.31286392 0.48367399
vt 0.29580688 0.48507947
vt 0.3127903 0.48069513
vt 0.30915973 0.46225917
vt 0.31096613 0.46392179
vt 0.29205775 0.47189158
vt 0.31081507 0.4626447
vt 0.28608447 0.47884327
vt 0.31077859 0.46250075
vt 0.26054668 0.90509027
vt 0.26634002 0.92335629
vt 0.25492606 0.91562396
vt 0.25563219 0.90948969
vt 0.26154235 0.9332211
vt 0.25479206 0.90112829
vt 0.25477651 0.91986507
vt 0.25366378 0.93411881
vt 0.5531109 0.99588895
vt 0.53114814 0.9960295
vt 0.54351896 0.98720127
vt 0.52515292 0.98472744
vt 0.51911789 0.98773539
vt 0.51988405 0.99458599
vt 0.5187394 0.98491377
vt 0.27454624 0.7919699
vt 0.27674213 0.80296385
vt 0.26121262 0.79020417
vt 0.262292 0.80463123
vt 0.26364815 0.82499999
vt 0.25447559 0.79680914
vt 0.25585628 0.81807607
vt 0.740605 0.49948883
vt 0.7516858 0.51413953
vt 0.73975229 0.52087581
vt 0.72321719 0.51026815
vt 0.75437737 0.52251214
vt 0.73927385 0.52771616
vt 0.4962731 0.87018973
vt 0.5040074 0.88478673
vt 0.48790002 0.88284504
vt 0.50350773 0.89333856
vt 0.48745507 0.89158285
vt 0.49333882 0.90238035
vt 0.14314771 0.73823166
vt 0.14059854 0.74638581
vt 0.1319845 0.74241829
vt 0.14057028 0.73047805
vt 0.15769222 0.73632425
vt 0.12830378 0.7305342
vt 0.15678476 0.72546017
vt 0.13925822 0.71491158
vt 0.67341399 0.44194078
vt 0.68050724 0.4382683
vt 0.6886788 0.45624608
vt 0.67971402 0.45615989
vt 0.69183552 0.44620258
vt 0.65985924 0.45318693
vt 0.6711176 0.46413726
vt 0.61483419 0.68427175
vt 0.62813568 0.68554956
vt 0.61292541 0.71477664
vt 0.63077164 0.70312846
vt 0.63313586 0.685947
vt 0.62632722 0.71501213
vt 0.72215897 0.67953587
vt 0.73381919 0.66152322
vt 0.73645568 0.6826669
vt 0.75327545 0.66897726
vt 0.74815333 0.65475547
vt 0.75154239 0.6844945
vt 0.73596996 0.65473384
vt 0.32682478 0.4334811
vt 0.32996479 0.42317325
vt 0.3415806 0.42797697
vt 0.31685555 0.42258012
vt 0.32215539 0.40651613
vt 0.34822759 0.41304994
vt 0.3483111 0.4221887
vt 0.43185225 0.97780365
vt 0.45650506 0.99645853
vt 0.43483597 0.99042743
vt 0.42542601 0.978082
vt 0.45053941 0.99512666
vt 0.81601143 0.98518568
vt 0.82182199 0.97935903
vt 0.83230287 0.99555159
vt 0.83640236 0.98736566
vt 0.83358794 0.97767812
vt 0.84683496 0.98504633
vt 0.84594578 0.97398561
vt 0.63940024 0.82917774
vt 0.63745099 0.82267272
vt 0.64286941 0.81996989
vt 0.6435082 0.84035778
vt 0.65427715 0.82327855
vt 0.62826103 0.82830834
vt 0.64996636 0.80946958
vt 0.63428944 0.82202148
vt 0.77668011 0.72419715
vt 0.77729172 0.73090923
vt 0.7597301 0.72611356
vt 0.76593953 0.71452576
vt 0.75317365 0.72548449
vt 0.78164023 0.70870149
vt 0.75466442 0.7154969
vt 0.76795107 0.70847249
vt 0.7840336 0.71855927
vt 0.75349742 0.70490825
vt 0.69225657 0.92329377
vt 0.71293879 0.91917956
vt 0.70059758 0.93582755
vt 0.70752907 0.94953966
vt 0.62066048 0.88062799
vt 0.61200488 0.88712418
vt 0.6042949 0.87647164
vt 0.62740272 0.86213619
vt 0.59712905 0.88580739
vt 0.61083585 0.86682004
vt 0.91337699 0.97841406
vt 0.91938096 0.98124778
vt 0.9142639 0.98662961
vt 0.9197557 0.96703678
vt 0.91871691 0.99500805
vt 0.9320361 0.97184449
vt 0.90990746 0.99527383
vt 0.021106543 0.96167165
vt 0.019317657 0.93562597
vt 0.035767157 0.96513319
vt 0.52441019 0.75697076
vt 0.51974571 0.74632925
vt 0.53506148 0.7614665
vt 0.5414179 0.75122595
vt 0.53494108 0.73633695
vt 0.52411097 0.73257256
vt 0.93115425 0.91577768
vt 0.92586023 0.91637051
vt 0.929573 0.90612942
vt 0.93971586 0.90387106
vt 0.93715966 0.91751611
vt 0.94231933 0.9068222
vt 0.94458997 0.90646303
vt 0.93997878 0.88807583
vt 0.84763837 0.87398982
vt 0.85082489 0.86348772
vt 0.86345994 0.85981411
vt 0.86494905 0.86870694
vt 0.85676593 0.88092881
vt 0.86787277 0.87709981
vt 0.84998012 0.88660079
vt 0.53227842 0.84441972
vt 0.53445035 0.83474171
vt 0.5459199 0.84648883
vt 0.54107219 0.85542202
vt 0.51861429 0.83781141
vt 0.61657155 0.98406708
vt 0.60711181 0.99420065
vt 0.59814483 0.98446983
vt 0.62487143 0.98717725
vt 0.61686265 0.99554777
vt 0.97329092 0.72748768
vt 0.97772563 0.71744305
vt 0.98191553 0.73127997
vt 0.99621505 0.72187328
vt 0.99427658 0.71254551
vt 0.97782385 0.70319235
vt 0.99023783 0.70356214
vt 0.81522959 0.85570371
vt 0.81348282 0.8310008
vt 0.81943744 0.84833032
vt 0.80880791 0.84096348
vt 0.80529684 0.84305978
vt 0.7998265 0.82769555
vt 0.5662933 0.99690914
vt 0.55058908 0.99271166
vt 0.56916672 0.98698133
vt 0.576796 0.99482089
vt 0.5657177 0.98108035
vt 0.57855278 0.97493011
vt 0.90423244 0.88430285
vt 0.90536821 0.87355173
vt 0.90628791 0.87444031
vt 0.90624064 0.88256806
vt 0.89379263 0.88300776
vt 0.90583193 0.88525468
vt 0.88294733 0.87269419
vt 0.90535289 0.88684905
vt 0.87981659 0.88365006
vt 0.88462615 0.86890531
vt 0.78879374 0.91928405
vt 0.78487659 0.92739356
vt 0.77166015 0.92001641
vt 0.79671645 0.93091953
vt 0.76882416 0.93343002
vt 0.82496434 0.70970261
vt 0.82963151 0.72131521
vt 0.82110053 0.72036064
vt 0.84457058 0.70482945
vt 0.81683779 0.7300756
vt 0.84353179 0.73065543
vt 0.82701451 0.73042214
vt 0.33799326 0.67963982
vt 0.33215058 0.6663475
vt 0.33624497 0.6663599
vt 0.35033104 0.67377484
vt 0.35289395 0.68370527
vt 0.34179419 0.65987813
vt 0.36021301 0.67315471
vt 0.35729319 0.6599142
vt 0.53281862 0.94869792
vt 0.52405298 0.93898177
vt 0.5290069 0.92835957
vt 0.54197502 0.92996067
vt 0.51876062 0.92161345
vt 0.028999196 0.99392915
vt 0.016880123 0.99702001
vt 0.0039065355 0.99381375
vt 0.051566996 0.97128826
vt 0.06228089 0.98142964
vt 0.061868064 0.99558336
vt 0.0039371112 0.86205792
vt 0.013100302 0.86784548
vt 0.0075386539 0.87959003
vt 0.017583359 0.87824047
vt 0.019180182 0.88605797
vt 0.0044228574 0.88753533
vt 0.98041105 0.86951733
vt 0.98742735 0.86164117
vt 0.99878174 0.87170178
vt 0.97301573 0.85848224
vt 0.99738306 0.85938543
vt 0.98105538 0.84931642
vt 0.99530727 0.85173887
vt 0.090814881 0.87317431
vt 0.084278114 0.87980109
vt 0.067306496 0.87359506
vt 0.092474453 0.88752908
vt 0.078309789 0.88638103
vt 0.63414246 0.82021302
vt 0.6280508 0.82394415
vt 0.62133336 0.81704676
vt 0.637802 0.80898321
vt 0.63491869 0.80355322
vt 0.61325824 0.80745399
vt 0.30201823 0.79504353
vt 0.31568083 0.78919029
vt 0.32582378 0.80892491
vt 0.30012831 0.80673277
vt 0.30731475 0.78576982
vt 0.3199023 0.81914091
vt 0.31812444 0.82902515
vt 0.30600083 0.83275867
vt 0.30040675 0.8139044
vt 0.30512148 0.83970165
vt 0.046415657 0.99562484
vt 0.042959742 0.98279989
vt 0.04898056 0.97146457
vt 0.12560545 0.90261668
vt 0.11849267 0.8949731
vt 0.13177072 0.87979424
vt 0.11391042 0.88426459
vt 0.86337453 0.77302206
vt 0.87231392 0.77621299
vt 0.86492324 0.78881609
vt 0.88373566 0.76996237
vt 0.8760286 0.79205894
vt 0.14718442 0.84835029
vt 0.15762502 0.85836029
vt 0.15739022 0.8635022
vt 0.14534748 0.8710081
vt 0.36784732 0.80900806
vt 0.36533833 0.79949319
vt 0.38454852 0.80654746
vt 0.36524612 0.78999341
vt 0.38177434 0.79626083
vt 0.37425169 0.78909969
vt 0.36346927 0.78492302
vt 0.7561596 0.99418777
vt 0.75082904 0.98867929
vt 0.75615406 0.98459888
vt 0.75560832 0.9965567
vt 0.74638188 0.98084706
vt 0.75616062 0.99593073
vt 0.75615305 0.98214972
vt 0.75616091 0.99666572
vt 0.75614989 0.9718129
vt 0.75347346 0.79041398
vt 0.75740635 0.78640485
vt 0.77018136 0.78600651
vt 0.76920068 0.79670608
vt 0.77568752 0.79256785
vt 0.76338947 0.80791956
vt 0.029874701 0.99621755
vt 0.021416284 0.98511964
vt 0.02029467 0.973216
vt 0.55863804 0.86432689
vt 0.55275816 0.87036926
vt 0.54818946 0.85991764
vt 0.53720605 0.86571479
vt 0.5358882 0.85235137
vt 0.022081349 0.81391966
vt 0.0046552648 0.81354356
vt 0.018009266 0.80484313
vt 0.018758822 0.82471353
vt 0.0042484291 0.80021298
vt 0.10170192 0.97279286
vt 0.106772 0.98443621
vt 0.097329788 0.99667823
vt 0.2827622 0.99676299
vt 0.2774851 0.98944026
vt 0.27946553 0.97343373
vt 0.75221694 0.8429898
vt 0.73735821 0.84403229
vt 0.74306744 0.83110517
vt 0.75687009 0.85101318
vt 0.74256712 0.85642141
vt 0.67530221 0.96848083
vt 0.68986297 0.97963905
vt 0.67760164 0.97675014
vt 0.69956541 0.97138333
vt 0.75192171 0.7567898
vt 0.7484982 0.76589549
vt 0.73764288 0.76455534
vt 0.7394228 0.7550447
vt 0.75571096 0.77043217
vt 0.74193323 0.77609754
vt 0.75539356 0.77257037
vt 0.75755495 0.77788913
vt 0.92921573 0.79152089
vt 0.93132776 0.80324429
vt 0.92605734 0.80806416
vt 0.9113211 0.79460168
vt 0.91095084 0.79579055
vt 0.91205168 0.78875333
vt 0.91078657 0.79770935
vt 0.9146409 0.80892515
vt 0.89465439 0.85140514
vt 0.88573164 0.83538783
vt 0.89115959 0.83758414
vt 0.89492351 0.85109931
vt 0.88458693 0.85293245
vt 0.87855482 0.83822817
vt 0.88600785 0.85487652
vt 0.88271338 0.85097307
vt 0.88204747 0.83334923
vt 0.89451337 0.85256857
vt 0.88385373 0.85305858
vt 0.88377744 0.85410774
vt 0.74993545 0.91859311
vt 0.73888385 0.9175154
vt 0.74833417 0.90204448
vt 0.75906545 0.90492272
vt 0.090779938 0.98134744
vt 0.099048197 0.97401619
vt 0.098000072 0.99581242
vt 0.74426842 0.98867041
vt 0.73483437 0.99558359
vt 0.73087198 0.98287123
vt 0.72296828 0.9908607
vt 0.215711 0.97964174
vt 0.2231417 0.97384322
vt 0.22390477 0.99514776
vt 0.29477587 0.8694768
vt 0.30752832 0.87207174
vt 0.30245152 0.88151568
vt 0.28605452 0.88149726
vt 0.29153147 0.88748264
vt 0.32765433 0.9797765
vt 0.32585326 0.96679556
vt 0.33157384 0.96964669
vt 0.33634385 0.97821528
vt 0.31607759 0.97209781
vt 0.34607008 0.99599379
vt 0.33245674 0.99562514
vt 0.35210833 0.98713905
vt 0.13672295 0.98258901
vt 0.12917475 0.99512249
vt 0.12829906 0.97647583
vt 0.066466928 0.80928862
vt 0.052566547 0.79844207
vt 0.068691716 0.79764539
vt 0.069776796 0.79992682
vt 0.067039914 0.7928744
vt 0.068198599 0.79069543
vt 0.051284216 0.7919302
vt 0.6126945 0.93639696
vt 0.62672067 0.93878961
vt 0.6188516 0.9497782
vt 0.61726665 0.92928135
vt 0.22227351 0.9764626
vt 0.23243311 0.98099226
vt 0.22628611 0.99519986
vt 0.9447974 0.99013299
vt 0.93560427 0.99668413
vt 0.92524385 0.99240535
vt 0.92663604 0.98136395
vt 0.066386357 0.98613089
vt 0.057685431 0.97131318
vt 0.065355629 0.97580147
vt 0.063632429 0.98663133
vt 0.065187648 0.96905911
vt 0.066558987 0.98828876
vt 0.58147442 0.88002241
vt 0.58245617 0.87331605
vt 0.59097546 0.88713026
vt 0.5967961 0.87727386
vt 0.6009267 0.88271612
vt 0.59465241 0.87005877
vt 0.91989577 0.91841853
vt 0.9093942 0.90143067
vt 0.92801136 0.91063339
vt 0.9236849 0.90191978
vt 0.081512779 0.99538177
vt 0.084423125 0.98651254
vt 0.098966695 0.99227536
vt 0.89183748 0.91705871
vt 0.87872392 0.91266495
vt 0.89422935 0.89962274
vt 0.93398446 0.82514727
vt 0.92586535 0.8206231
vt 0.92655271 0.80757761
vt 0.9420526 0.81631833
vt 0.94089717 0.80739909
vt 0.6910463 0.93205518
vt 0.70562893 0.94515657
vt 0.69588578 0.94949007
vt 0.51355362 0.91793239
vt 0.50711286 0.91419876
vt 0.5156309 0.90818977
vt 0.50339359 0.89991444
vt 0.49909636 0.96259594
vt 0.49147773 0.95571363
vt 0.49225709 0.95532513
vt 0.49803638 0.96496022
vt 0.49200886 0.95496237
vt 0.50007832 0.96428579
vt 0.4896163 0.94706434
vt 0.48820597 0.94692433
vt 0.12820417 0.92175072
vt 0.14573409 0.92817807
vt 0.13308695 0.93267727
vt 0.20686293 0.87614161
vt 0.21076664 0.86985588
vt 0.21680532 0.88746816
vt 0.21959718 0.88099819
vt 0.34816167 0.99160475
vt 0.35361093 0.9887256
vt 0.36587101 0.99570864
vt 0.37093702 0.99533123
vt 0.36242875 0.98948109
vt 0.38123325 0.9868204
vt 0.37782165 0.99706358
vt 0.42496887 0.99480665
vt 0.41890267 0.98111367
vt 0.42768228 0.98799914
vt 0.42109191 0.99571675
vt 0.46551356 0.97950941
vt 0.47068515 0.98287225
vt 0.47204813 0.98544323
vt 0.47192061 0.99603772
vt 0.47309509 0.98226792
vt 0.65327185 0.98090428
vt 0.65902632 0.98005337
vt 0.66233617 0.98885739
vt 0.65540016 0.99617976
vt 0.030426964 0.93547803
vt 0.028510271 0.94850612
vt 0.020319108 0.93426841
vt 0.50101244 0.84014553
vt 0.48914281 0.84061003
vt 0.5027675 0.82673299
vt 0.49013472 0.823991
vt 0.39137265 0.99223322
vt 0.38745159 0.99636424
vt 0.37862888 0.99351799
vt 0.39365509 0.98886722
vt 0.86292732 0.96500921
vt 0.87931937 0.96690506
vt 0.8796069 0.98024905
vt 0.80236322 0.99292612
vt 0.81183887 0.98815495
vt 0.81515414 0.99261051
vt 0.80886841 0.99562961
vt 0.80648589 0.98516768
vt 0.81613529 0.98956883
vt 0.80485821 0.99538183
vt 0.80098128 0.9880619
vt 0.81165677 0.98717773
vt 0.81371862 0.98818254
vt 0.03219888 0.99688232
vt 0.027084542 0.98465633
vt 0.031172443 0.97954845
vt 0.84332973 0.98733103
vt 0.84871632 0.98101735
vt 0.84964657 0.99623996
vt 0.83978289 0.9959836
vt 0.80806345 0.90666234
vt 0.80380988 0.91504526
vt 0.80295271 0.90212429
vt 0.81171423 0.90661854
vt 0.80093634 0.91695482
vt 0.81108189 0.90868229
vt 0.8047173 0.91827816
vt 0.81142384 0.91616929
vt 0.050994221 0.97310442
vt 0.05658748 0.98204362
vt 0.050263576 0.98913425
vt 0.79659301 0.91797072
vt 0.78537595 0.91559565
vt 0.7961297 0.90250933
vt 0.27404967 0.98247123
vt 0.27566686 0.99524635
vt 0.27334899 0.99606514
vt 0.27328286 0.98390543
vt 0.27329805 0.98247123
vt 0.10978882 0.98332024
vt 0.10661921 0.99011111
vt 0.096918322 0.9955588
vt 0.14260329 0.87772703
vt 0.13472471 0.8794499
vt 0.12799804 0.87220228
vt 0.13466203 0.88644803
vt 0.55343848 0.88594377
vt 0.5505994 0.87502933
vt 0.56492692 0.87907147
vt 0.45611024 0.8445254
vt 0.46813118 0.8519752
vt 0.45918304 0.85521084
vt 0.46841925 0.84217173
vt 0.48478389 0.970788
vt 0.4731282 0.98009402
vt 0.47457978 0.97472012
vt 0.48157871 0.96938312
vt 0.47215784 0.97734243
vt 0.48493379 0.96763659
vt 0.23696698 0.86386395
vt 0.22248733 0.87137938
vt 0.22271366 0.85945147
vt 0.0088521512 0.98105198
vt 0.0039569307 0.96819401
vt 0.0096103307 0.97042263
vt 0.0091474019 0.96608466
vt 0.69907737 0.97070557
vt 0.71014905 0.97115576
vt 0.70996499 0.98126316
vt 0.041499205 0.98475969
vt 0.043973662 0.99578077
vt 0.034761801 0.98831141
vt 0.76728851 0.99550116
vt 0.76109999 0.98718995
vt 0.77359563 0.98837811
vt 0.0035615407 0.98597592
vt 0.011113725 0.98529422
vt 0.0053435448 0.99528587
vt 0.0034400362 0.91812688
vt 0.012492052 0.90593147
vt 0.016200226 0.91314697
vt 0.42577431 0.99636924
vt 0.43596473 0.98994851
vt 0.43829125 0.99661744
vt 0.28865463 0.99453658
vt 0.28530219 0.99170077
vt 0.28837329 0.99087596
vt 0.29577166 0.99559712
vt 0.28561443 0.98927045
vt 0.46748665 0.98644102
vt 0.46796799 0.99118876
vt 0.46779534 0.99658948
vt 0.46459848 0.98811829
vt 0.052722901 0.98717827
vt 0.054896835 0.98801827
vt 0.051599465 0.9897632
vt 0.049989253 0.99642998
vt 0.20715931 0.9953562
vt 0.21047151 0.98786771
vt 0.21751028 0.98945451
vt 0.35061079 0.99664998
vt 0.35709441 0.99134976
vt 0.3570348 0.99149203
vt 0.35030487 0.99303347
vt 0.35709962 0.99132907
vt 0.34820995 0.99522096
vt 0.34798133 0.99331683
vt 0.34961346 0.99183458
vt 0.49870193 0.99597496
vt 0.49566743 0.99001366
vt 0.50039661 0.99146068
vt 0.50168222 0.98647994
vt 0.0057879812 0.98913854
vt 0.0071411687 0.99636215
vt 0.004832699 0.99147671
vt 0.25764322 0.99571037
vt 0.26620901 0.99344027
vt 0.26403961 0.99576521
vt 0.25761077 0.99576724
vt 0.26588172 0.99576479
vt 0.003571318 0.99116546
vt 0.0044374736 0.99547708
vt 0.0038494989 0.99520302
vt 0.0078339912 0.99152178
vt 0.0045326618 0.99618137
vt 0.0057055941 0.9922241
vt 0.24184231 0.99498379
vt 0.24665457 0.9962337
vt 0.24336189 0.99705487
vt 0.24580404 0.99454463
vt 0.0091520185 0.99427086
vt 0.008398924 0.99501663
vt 0.0079021212 0.99339509
vt 0.0093133254 0.99466836
vt 0.009594311 0.9962914
vt 0.024096645 0.99405062
vt 0.025117854 0.99519038
vt 0.024175603 0.99522883
vt 0.0042880168 0.99558645
vt 0.0040153619 0.99444413
vt 0.0044561042 0.99405211
vt 0.24754365 0.99629444
vt 0.24545309 0.99492329
vt 0.24739595 0.99420708
vt 0.0046955394 0.99608344
vt 0.0046950993 0.99587286
vt 0.0046952069 0.9955554
usemtl Tile_+033_+029_L18_00020_0
f 714/2408 705/2409 710/2410
f 51/2494 63/2495 313/2496
f 961/2736 1118/2737 1117/2738
f 963/256 906/257 884/258
f 961/1376 909/1377 1116/1378
f 1915/3061 967/3062 1920/3063
f 1915/281 1925/287 965/274
f 1910/2515 1917/2516 2426/2517
f 947/1533 1925/1534 1915/1535
f 1916/2539 1005/2531 763/2536
f 1922/4047 1923/4048 2430/4049
f 1921/4051 1114/4053 1923/4048
f 2432/4052 1114/4053 2433/4054
f 879/1388 1114/1386 1116/1378
f 1116/1378 1118/1379 961/1376
f 760/2521 1918/2519 1115/2525
f 1115/304 1004/308 1920/306
f 1918/2519 1910/2515 1919/2522
f 1918/2519 1004/2526 1115/2525
f 762/299 1115/304 1920/306
f 2435/2538 1913/2534 2436/2542
f 964/3069 884/3070 762/3067
f 1917/2516 1918/2519 760/2521
f 1912/2741 1914/2739 2437/2743
f 961/1376 960/1380 909/1377
f 1117/2738 1914/2739 961/2736
f 1914/2739 1912/2741 961/2736
f 1917/2516 1910/2515 1918/2519
f 1915/1535 1916/1539 1047/1537
f 1913/2534 1924/2537 2428/2541
f 2439/1548 1916/1539 2440/1553
f 1920/3063 1005/3066 1916/3064
f 968/3065 964/3069 762/3067
f 1920/3063 968/3065 762/3067
f 1916/3064 1915/3061 1920/3063
f 1918/2519 1919/2522 1004/2526
f 1916/1539 1053/1543 1047/1537
f 2434/2749 1912/2741 2442/2753
f 961/2736 1912/2741 1917/2744
f 1911/2527 1919/2522 1910/2515
f 2303/2742 1922/2745 2431/2750
f 1117/2738 1921/2740 1914/2739
f 1921/2740 2303/2742 1914/2739
f 2443/2746 2303/2742 2446/2751
f 1116/1378 909/1377 908/1381
f 967/3062 968/3065 1920/3063
f 1913/2534 763/2536 1005/2531
f 1919/2522 1006/2528 1004/2526
f 2448/2529 1911/2527 2449/2523
f 2450/2530 1919/2522 2451/2533
f 1913/2534 1006/2528 2450/2530
f 1006/2528 1913/2534 1005/2531
f 965/274 967/266 1915/281
f 1054/1536 947/1533 1915/1535
f 1925/287 947/288 965/274
f 1923/4048 1922/4047 1921/4051
f 937/1389 936/1392 908/1381
f 760/1383 909/1377 960/1380
f 1117/1382 1118/1379 1116/1378
f 1921/1390 1117/1382 1114/1386
f 1117/1382 1116/1378 1114/1386
f 907/1385 909/1377 760/1383
f 879/1388 883/1396 1114/1386
f 1025/4055 1114/4053 1026/4057
f 1026/4057 1114/4053 912/4059
f 1114/1386 883/1396 912/1402
f 2433/4054 1025/4055 2455/4056
f 886/264 885/261 938/268
f 962/296 938/268 1113/290
f 762/299 962/296 1113/290
f 760/302 762/299 1113/290
f 938/268 761/286 1113/290
f 907/1385 761/1391 939/1395
f 937/1389 907/1385 939/1395
f 938/268 939/279 761/286
f 223/1568 257/1569 250/1570
f 1926/1574 285/1572 257/1569
f 190/3090 189/3091 188/3092
f 710/2410 705/2409 786/2413
f 297/2447 296/2448 228/2449
f 994/3936 991/3937 981/3938
f 321/922 144/923 925/924
f 327/932 328/944 286/951
f 298/2456 713/2460 233/2461
f 713/2460 813/2466 233/2461
f 333/1575 250/1570 285/1572
f 84/1848 61/1849 265/1850
f 267/2626 322/2627 54/2628
f 205/2280 212/2281 199/2282
f 231/2870 40/2871 259/2872
f 201/2287 199/2282 213/2284
f 202/1149 113/1150 793/1151
f 1096/878 260/879 706/880
f 311/899 239/896 237/894
f 248/2875 253/2879 255/2881
f 264/3774 289/3775 263/3776
f 17/2378 26/2379 262/2380
f 37/1853 43/1862 256/1867
f 52/2633 267/2626 53/2629
f 54/2628 274/2641 49/2637
f 86/1678 87/1679 1928/1680
f 33/4418 729/4419 1095/4420
f 1939/3100 1932/3101 1933/3102
f 205/3111 1938/3109 1933/3102
f 1328/2263 160/2264 179/2265
f 155/1643 183/1644 2581/1645
f 279/3991 40/3992 242/3993
f 1251/506 756/507 755/508
f 768/3887 753/3888 775/3889
f 776/4194 193/4195 194/4196
f 186/3557 1936/3558 1681/3559
f 769/895 1937/898 766/892
f 732/636 731/637 1024/638
f 731/637 738/643 1081/641
f 1939/654 1934/649 1081/641
f 244/1584 291/1580 290/1588
f 22/997 21/998 29/999
f 727/2382 1927/2385 26/2379
f 29/4116 717/4117 31/4118
f 333/1575 855/1582 864/1583
f 331/939 328/944 327/932
f 1926/1574 162/1577 284/1581
f 285/2065 1926/2066 284/2067
f 704/2412 705/2409 714/2408
f 251/1166 283/1171 168/1158
f 218/1164 292/1153 217/1157
f 196/1155 198/1152 191/1161
f 292/1153 218/1164 251/1166
f 141/1172 283/1171 294/1178
f 192/3410 143/3411 141/3412
f 314/902 317/909 310/905
f 254/860 708/861 784/862
f 255/1253 247/1254 98/1255
f 855/1582 333/1575 332/1578
f 330/950 328/944 331/939
f 931/953 330/950 104/941
f 58/297 329/280 131/291
f 256/1867 56/1873 320/1872
f 337/1696 336/1698 324/1686
f 314/1595 315/1599 304/1586
f 273/945 327/932 286/951
f 319/1868 273/1858 300/1863
f 311/2986 105/2987 239/2988
f 87/1679 91/1682 324/1686
f 323/1693 334/1691 269/1687
f 303/2501 266/2497 313/2496
f 917/3780 299/3778 264/3774
f 320/1872 300/1863 256/1867
f 287/1697 286/1707 317/1704
f 314/902 310/905 311/899
f 288/1690 312/1694 324/1686
f 299/3778 289/3775 264/3774
f 303/2501 313/2496 270/2499
f 267/2626 302/2634 325/2630
f 325/2630 322/2627 267/2626
f 48/1004 276/1008 278/1014
f 54/2628 53/2629 267/2626
f 23/1006 24/1005 261/1016
f 304/4252 315/4253 237/4254
f 288/1690 272/1692 312/1694
f 266/2497 303/2501 302/2505
f 267/2504 266/2497 302/2505
f 256/1867 300/1863 37/1853
f 273/1858 287/1869 272/1864
f 237/894 315/906 314/902
f 88/1685 288/1690 91/1682
f 311/899 237/894 314/902
f 307/4558 309/4559 255/4560
f 223/882 238/890 220/886
f 118/1279 151/1273 149/1267
f 308/1259 307/1262 255/1253
f 306/1256 255/1253 98/1255
f 227/2072 225/2070 284/2067
f 97/2993 220/2991 102/2990
f 333/1575 295/1579 250/1570
f 295/4256 236/4255 250/4258
f 292/1153 202/1149 217/1157
f 173/1266 185/1271 293/1260
f 226/2452 296/2448 298/2456
f 249/2877 253/2879 248/2875
f 233/2461 226/2452 298/2456
f 304/4252 237/4254 236/4255
f 285/2065 284/2067 224/2068
f 284/1581 162/1577 161/1576
f 285/1572 250/1570 257/1569
f 284/2067 225/2070 224/2068
f 225/2070 233/2073 224/2068
f 270/2499 63/2495 64/2503
f 322/2627 301/2631 54/2628
f 269/1687 334/1691 268/1683
f 287/1697 312/1694 272/1692
f 272/1864 271/1854 273/1858
f 271/1854 265/1850 273/1858
f 287/956 273/945 286/951
f 273/1858 37/1853 300/1863
f 23/3781 289/3775 299/3778
f 27/2611 21/2612 18/2613
f 271/1854 82/1851 265/1850
f 61/1849 84/1848 32/1852
f 268/1683 87/1679 269/1687
f 270/2499 313/2496 63/2495
f 24/1005 20/1009 261/1016
f 31/1000 1021/1013 276/1008
f 276/1008 48/1004 31/1000
f 268/2511 64/2503 89/2508
f 274/2641 65/2640 275/2645
f 64/2503 63/2495 89/2508
f 51/2494 313/2496 266/2497
f 88/1859 271/1854 272/1864
f 265/1850 37/1853 273/1858
f 16/1856 38/1857 61/1849
f 37/1853 265/1850 61/1849
f 256/1867 43/1862 25/1866
f 56/1873 256/1867 25/1866
f 253/2879 247/2883 255/2881
f 265/1850 82/1851 84/1848
f 82/1851 271/1854 88/1859
f 50/2632 53/2629 54/2628
f 263/3776 261/3779 20/3782
f 65/2640 274/2641 54/2628
f 66/2636 65/2640 54/2628
f 284/1581 161/1576 243/1587
f 247/1254 206/1257 98/1255
f 237/4254 222/4257 236/4255
f 229/2873 249/2877 248/2875
f 294/676 251/672 252/669
f 216/869 241/864 192/866
f 254/860 192/866 241/864
f 219/1165 202/1149 214/1162
f 226/2075 233/2073 225/2070
f 222/4257 223/4259 236/4255
f 162/1577 1926/1574 257/1569
f 284/2067 249/2074 227/2072
f 161/1576 291/1580 244/1584
f 258/2077 226/2075 227/2072
f 230/2874 232/2876 231/2870
f 230/2874 229/2873 248/2875
f 230/2874 248/2875 232/2876
f 225/2070 227/2072 226/2075
f 238/890 223/882 222/893
f 220/2991 97/2993 221/2994
f 217/1157 219/1165 218/1164
f 294/1178 283/1171 251/1166
f 221/2994 240/2995 220/2991
f 237/894 238/890 222/893
f 223/4259 250/4258 236/4255
f 205/2280 203/2283 204/2286
f 1085/4312 234/4313 235/4314
f 199/2282 203/2283 205/2280
f 2583/3110 204/3113 2584/3115
f 214/2291 200/2294 201/2287
f 219/1165 214/1162 213/1176
f 213/2284 214/2291 201/2287
f 212/2281 213/2284 199/2282
f 211/668 210/673 212/677
f 212/677 210/673 213/670
f 709/662 219/667 211/668
f 209/3106 205/3111 204/3113
f 208/3103 209/3106 2583/3110
f 195/2292 199/2282 201/2287
f 197/2295 195/2292 201/2287
f 203/2283 199/2282 2590/2285
f 198/1152 196/1155 202/1149
f 202/1149 793/1151 198/1152
f 196/2297 200/2294 214/2291
f 153/1175 196/1155 115/1170
f 2593/2289 195/2292 2594/2296
f 197/2295 153/2302 2595/2305
f 201/2287 200/2294 197/2295
f 196/2297 197/2295 200/2294
f 196/2297 153/2302 197/2295
f 2594/2296 74/2299 2597/2301
f 188/1651 182/1647 116/1652
f 146/3093 107/3097 157/3095
f 188/1651 108/1656 117/1659
f 196/1155 191/1161 115/1170
f 190/3090 146/3093 157/3095
f 182/1647 155/1643 114/1650
f 188/3092 146/3093 190/3090
f 184/1649 183/1644 182/1647
f 117/1659 108/1656 154/1661
f 163/2197 164/2198 45/2199
f 117/1659 146/1662 188/1651
f 190/3090 1089/3094 189/3091
f 150/1272 167/1282 79/1278
f 147/2205 165/2202 166/2207
f 174/903 221/907 177/900
f 177/900 175/897 174/903
f 99/1258 98/1255 293/1260
f 94/2840 124/2841 96/2842
f 148/914 172/910 221/907
f 99/1258 185/1271 150/1272
f 206/1257 293/1260 98/1255
f 176/919 166/921 165/915
f 158/743 163/744 159/745
f 75/3907 139/3908 169/3909
f 76/2210 77/2208 147/2205
f 149/1267 150/1272 79/1278
f 97/917 95/920 148/914
f 96/2209 166/2207 94/2211
f 135/3912 75/3907 126/3910
f 124/2841 138/2848 169/2846
f 169/2846 139/2844 124/2841
f 148/914 94/918 172/910
f 165/2202 147/2205 78/2204
f 96/2209 147/2205 166/2207
f 169/3909 126/3910 75/3907
f 79/1278 160/1288 80/1287
f 146/1662 117/1659 71/1664
f 115/1655 114/1650 2599/1653
f 72/1666 156/1672 107/1669
f 156/3099 157/3095 107/3097
f 114/1650 155/1643 2598/1648
f 153/1175 115/1170 2601/1182
f 114/1650 116/1652 182/1647
f 109/1658 154/1661 108/1656
f 99/1258 150/1272 149/1267
f 142/3415 141/3412 143/3411
f 126/2851 169/2846 138/2848
f 133/4605 145/4606 127/4607
f 123/937 121/927 140/938
f 126/947 69/948 135/957
f 126/947 140/938 69/948
f 140/938 120/931 70/942
f 120/931 144/923 127/936
f 138/2848 123/2850 126/2851
f 124/2841 122/2845 138/2848
f 124/2841 94/2840 95/2843
f 95/920 94/918 148/914
f 76/2210 147/2205 96/2209
f 123/2850 138/2848 122/2845
f 329/280 130/283 131/291
f 120/931 140/938 121/927
f 127/4492 145/4493 128/4494
f 133/4495 128/4494 145/4493
f 927/307 127/305 134/301
f 328/944 330/950 933/954
f 105/2987 933/2992 102/2990
f 122/2845 124/2841 95/2843
f 75/3907 76/3913 96/3911
f 306/1256 98/1255 99/1258
f 850/1738 978/1739 799/1740
f 97/2853 102/2849 95/2843
f 109/1658 108/1656 116/1652
f 793/1151 783/1156 198/1152
f 109/4540 116/4541 114/4542
f 72/1666 107/1669 146/1662
f 71/1664 72/1666 146/1662
f 74/2299 73/2298 2603/2303
f 51/2494 266/2497 52/2500
f 88/1685 91/1682 86/1678
f 84/1848 33/1855 32/1852
f 63/2495 90/2510 89/2508
f 83/1860 82/1851 88/1859
f 86/1678 91/1682 87/1679
f 82/1851 83/1860 33/1855
f 84/1848 82/1851 33/1855
f 16/2710 47/2711 46/2712
f 16/1856 61/1849 32/1852
f 724/1221 42/1222 55/1223
f 266/2497 267/2504 52/2500
f 48/1004 20/1009 19/1002
f 54/2628 49/2637 50/2632
f 35/2212 62/2213 58/2214
f 329/1226 58/1232 57/1230
f 27/2611 18/2613 47/2614
f 15/2381 46/2384 17/2378
f 17/2617 46/2619 47/2614
f 38/1857 26/1871 25/1866
f 22/997 24/1005 23/1006
f 20/1009 24/1005 19/1002
f 47/2614 18/2613 17/2617
f 19/1002 24/1005 22/997
f 86/1870 83/1860 88/1859
f 46/2384 15/2381 16/2383
f 25/1866 43/1862 38/1857
f 23/1006 719/1003 22/997
f 262/2380 15/2381 17/2378
f 43/1862 37/1853 38/1857
f 716/2616 17/2617 18/2613
f 29/2615 27/2611 30/2618
f 27/2718 68/2715 28/2717
f 31/4118 1020/4119 1021/4121
f 47/2711 68/2715 27/2718
f 50/2632 52/2633 53/2629
f 28/2717 68/2715 1094/2713
f 50/2625 67/2623 28/2621
f 50/2632 728/2643 52/2633
f 67/2642 49/2637 65/2640
f 728/2720 1094/2713 52/2719
f 50/2632 49/2637 67/2642
f 68/2715 47/2711 1094/2713
f 16/2710 1094/2713 47/2711
f 85/2498 1940/2502 63/2495
f 1941/2506 85/2498 52/2500
f 33/4418 1095/4420 1940/4421
f 51/2494 85/2498 63/2495
f 1095/2507 89/2508 90/2510
f 1941/2506 36/2509 1940/2502
f 1012/969 704/970 1946/971
f 85/2498 1941/2506 1940/2502
f 730/2513 89/2508 1095/2507
f 33/1855 36/1861 32/1852
f 1094/2713 1941/2716 52/2719
f 1094/2713 16/2710 36/2714
f 240/884 60/887 706/880
f 291/1580 161/1576 1096/1573
f 229/2873 231/2870 259/2872
f 722/3994 279/3991 242/3993
f 249/3793 243/3794 244/3795
f 92/2450 228/2449 39/2454
f 722/992 737/988 752/981
f 92/2450 93/2458 280/2457
f 211/4316 235/4314 234/4313
f 209/3106 208/3103 1933/3102
f 1939/3100 1933/3102 208/3103
f 208/4359 1942/4360 1939/4361
f 1934/649 1942/658 208/660
f 211/3105 1932/3101 235/3107
f 279/976 1931/978 1946/971
f 722/3994 1931/3996 279/3991
f 750/3801 207/3803 1079/3797
f 723/1276 1093/1277 1948/1270
f 79/1278 167/1282 776/1285
f 755/912 44/908 1091/916
f 1256/3562 1936/3558 1951/3561
f 1093/1277 173/1266 1948/1270
f 175/897 177/900 769/895
f 206/1257 245/1269 246/1265
f 1079/3797 207/3803 1952/3804
f 206/1257 246/1265 707/1263
f 750/4089 245/4090 207/4091
f 1089/3094 187/3096 188/3092
f 188/3092 189/3091 1089/3094
f 184/3998 187/3999 180/4000
f 184/1649 182/1647 188/1651
f 188/1651 187/1654 184/1649
f 1952/3804 247/3802 1079/3797
f 221/2994 174/2998 175/2997
f 173/1266 707/1263 1948/1270
f 247/3802 253/3800 1930/3798
f 180/3568 181/3560 1283/3571
f 776/4194 1943/4198 179/4200
f 179/1289 79/1278 776/1285
f 1093/1277 167/1282 150/1272
f 40/3992 231/3995 242/3993
f 1930/3798 249/3793 1945/3796
f 223/882 706/880 260/879
f 161/1576 162/1577 257/1569
f 1096/1573 161/1576 257/1569
f 229/2873 230/2874 231/2870
f 257/1569 223/1568 260/1571
f 259/2079 258/2077 229/2076
f 39/2454 40/2462 93/2458
f 40/2081 39/2080 258/2077
f 1933/3102 1932/3101 211/3105
f 1933/3102 1938/3109 209/3106
f 1947/644 1934/649 2605/655
f 209/3106 1938/3109 205/3111
f 212/3108 205/3111 1933/3102
f 1933/3102 211/3105 212/3108
f 718/4387 1082/4388 2579/4389
f 1082/4388 718/4387 183/4391
f 2581/4393 718/4387 2610/4396
f 184/3998 180/4000 2613/4001
f 2612/4005 1283/4007 2615/4008
f 755/508 194/510 1088/512
f 753/4271 1087/4272 754/4273
f 756/4197 776/4194 194/4196
f 756/4197 1251/4199 1943/4198
f 190/309 157/310 156/311
f 1943/4198 776/4194 756/4197
f 181/3560 186/3557 1681/3559
f 1089/314 1683/317 186/322
f 754/1290 193/1292 776/1285
f 194/510 1929/515 1088/512
f 754/4273 1929/4274 194/4275
f 1951/3561 1936/3558 186/3557
f 1683/317 1951/329 186/322
f 1085/652 1939/654 1081/641
f 745/2884 1084/2885 744/2886
f 1935/2889 1077/2893 743/2887
f 746/2895 1935/2889 1949/2892
f 1949/650 773/646 731/637
f 1013/2100 733/2101 742/2102
f 747/645 1949/650 731/637
f 744/2886 773/2891 1949/2892
f 738/643 731/637 773/646
f 774/996 764/993 721/994
f 744/2886 1084/2885 1086/2888
f 1086/990 1084/987 741/983
f 764/993 774/996 1950/995
f 1086/990 764/993 1950/995
f 772/651 773/646 1950/656
f 1086/990 741/983 777/989
f 744/2886 1949/2892 1935/2889
f 745/2884 743/2887 1010/2890
f 731/637 733/640 1013/642
f 1081/641 738/643 758/647
f 1081/641 758/647 1085/652
f 736/873 216/869 215/872
f 252/669 736/671 215/674
f 737/988 749/985 752/981
f 734/975 281/977 282/972
f 709/4315 211/4316 234/4313
f 1085/3104 1932/3101 1939/3100
f 1085/3104 235/3107 1932/3101
f 1939/654 1942/658 1934/649
f 2605/655 208/660 2607/663
f 1023/639 732/636 1024/638
f 1947/644 1080/648 1024/638
f 1081/641 1934/649 1947/644
f 1024/638 1081/641 1947/644
f 732/2107 1023/2113 1080/2111
f 2617/2108 1947/2109 2618/2110
f 730/1684 729/1689 83/1681
f 282/972 1012/969 1946/971
f 31/1000 22/997 29/999
f 734/975 1946/971 1931/978
f 28/2717 1094/2713 728/2720
f 29/2615 21/2612 27/2611
f 28/2621 30/2618 27/2611
f 67/2623 30/2618 28/2621
f 31/1000 19/1002 22/997
f 26/1871 38/1857 262/1865
f 59/888 60/887 770/891
f 1079/3797 244/3795 290/3799
f 706/880 59/888 771/885
f 62/2213 35/2212 727/2216
f 769/3894 1088/3895 1929/3893
f 35/2212 34/2221 1927/2219
f 770/891 771/885 59/888
f 1948/1270 246/1265 723/1276
f 246/1265 1092/1280 751/1281
f 1092/3170 767/3171 1944/3172
f 245/4090 206/4092 207/4091
f 244/3795 1079/3797 1945/3796
f 17/2378 716/2388 726/2386
f 34/2387 26/2379 1927/2385
f 290/3179 1078/3178 750/3174
f 766/892 1083/889 771/885
f 1079/3797 290/3799 750/3801
f 1092/1280 246/1265 750/1275
f 775/1286 723/1276 751/1281
f 1937/3892 1929/3893 1087/3891
f 779/1231 757/1229 62/1233
f 35/2212 1927/2219 727/2216
f 1944/3172 768/3175 751/3173
f 768/3887 1087/3891 753/3888
f 727/2216 779/2218 62/2213
f 768/3175 1944/3172 767/3171
f 1944/3172 751/3173 1092/3170
f 1083/3176 767/3171 750/3174
f 716/1001 55/1007 725/1012
f 30/2618 1008/2622 717/2620
f 29/2615 30/2618 717/2620
f 952/267 957/272 958/263
f 1004/2526 1006/2528 1005/2531
f 1924/2537 1913/2534 2452/2535
f 116/1652 108/1656 188/1651
f 299/1403 917/1398 936/1392
f 861/2682 224/2683 789/2684
f 810/347 801/353 845/355
f 195/2292 197/2295 73/2298
f 819/1670 81/1668 791/1667
f 781/1675 156/1672 790/1671
f 152/1284 151/1273 178/1283
f 309/1754 800/1750 812/1753
f 710/2410 807/2411 714/2408
f 73/2298 74/2299 195/2292
f 819/1184 792/1174 828/1173
f 829/1181 802/1180 818/1188
f 332/2071 285/2065 816/2069
f 830/351 810/347 852/354
f 707/1263 293/1260 206/1257
f 931/2847 122/2845 95/2843
f 929/968 76/967 930/966
f 865/1594 874/1597 921/1591
f 1002/2971 973/2972 891/2973
f 898/2913 856/2914 134/2915
f 324/1686 91/1682 288/1690
f 880/1384 918/1387 894/1393
f 878/1399 895/1404 914/1406
f 966/260 949/270 952/267
f 856/2914 857/2920 876/2917
f 326/298 898/295 134/301
f 917/1398 896/1400 918/1387
f 301/2631 322/2627 922/2635
f 2303/2742 1921/2740 1922/2745
f 324/1686 312/1694 337/1696
f 149/1267 79/1278 118/1279
f 295/1579 333/1575 864/1583
f 103/928 121/927 123/937
f 931/2847 95/2843 102/2849
f 172/910 177/900 221/907
f 158/743 159/745 929/746
f 797/2274 798/2270 955/2275
f 45/2199 159/2200 163/2197
f 966/260 906/257 963/256
f 906/257 966/260 958/263
f 958/263 966/260 952/267
f 277/1413 895/1404 916/1409
f 817/3684 843/3685 844/3686
f 831/3691 843/3685 994/3689
f 859/2414 990/2421 841/2420
f 943/3500 824/3501 986/3502
f 1001/2545 992/2546 996/2547
f 998/2548 992/2546 1001/2545
f 809/1168 829/1181 828/1173
f 986/352 825/344 989/349
f 992/3944 998/3943 991/3937
f 1001/4040 999/4041 997/4042
f 998/3943 980/3940 991/3937
f 861/2682 890/2688 866/2690
f 998/2548 1001/2545 997/2550
f 980/3940 998/3943 997/3945
f 980/4043 997/4042 999/4041
f 980/3940 981/3938 991/3937
f 980/4043 999/4041 982/4044
f 993/1757 849/1762 986/1759
f 1000/3698 832/3693 976/3696
f 991/3937 994/3936 987/3939
f 841/3942 987/3939 994/3936
f 981/3694 976/3696 831/3691
f 830/1749 833/1745 839/1742
f 990/2421 859/2414 806/2418
f 990/3941 992/3944 991/3937
f 996/2547 992/2546 988/2549
f 991/3937 987/3939 990/3941
f 993/1757 986/1759 989/1752
f 986/3502 835/3503 943/3500
f 994/3689 981/3694 831/3691
f 849/1762 835/1764 986/1759
f 989/349 825/344 985/346
f 825/344 827/338 826/343
f 833/1745 978/1739 839/1742
f 839/1742 993/1757 989/1752
f 993/1757 834/1756 849/1762
f 835/3503 836/3506 943/3500
f 825/3505 986/3502 824/3501
f 839/1742 840/1751 834/1756
f 989/349 985/346 830/351
f 810/347 830/351 985/346
f 990/3941 987/3939 841/3942
f 830/1749 839/1742 989/1752
f 978/1739 833/1745 852/1743
f 839/1742 978/1739 850/1738
f 890/2688 860/2685 974/2692
f 861/2682 789/2684 860/2685
f 151/1273 152/1284 838/1274
f 976/3696 832/3693 831/3691
f 835/1764 849/1762 837/1761
f 840/1751 152/1755 834/1756
f 837/1761 849/1762 834/1756
f 838/1748 840/1751 839/1742
f 976/4046 981/4045 982/4044
f 862/2985 863/2983 979/2980
f 867/2982 979/2980 970/2974
f 890/2977 971/2975 979/2980
f 979/2980 863/2983 890/2977
f 970/2974 971/2975 973/2972
f 891/2973 973/2972 971/2975
f 867/2982 862/2985 979/2980
f 971/2975 970/2974 979/2980
f 868/2979 867/2982 970/2974
f 870/2976 868/2979 970/2974
f 1002/2971 870/2976 970/2974
f 956/1094 959/1095 903/1096
f 900/289 130/283 889/276
f 889/276 888/271 969/275
f 956/284 972/293 889/276
f 889/276 972/293 902/294
f 956/1094 903/1096 972/1097
f 903/1096 902/1100 972/1097
f 884/258 964/259 963/256
f 887/265 906/257 958/263
f 938/3073 962/3071 886/3072
f 884/258 906/257 885/261
f 762/3067 884/3070 962/3071
f 969/275 888/271 958/263
f 888/271 887/265 958/263
f 969/275 958/263 957/272
f 956/284 969/275 957/272
f 966/260 963/256 968/262
f 963/256 964/259 968/262
f 968/262 967/266 966/260
f 967/266 965/274 949/270
f 950/4240 954/4241 953/4242
f 952/267 951/278 950/285
f 953/277 952/267 950/285
f 949/270 951/278 952/267
f 950/285 951/278 949/270
f 949/270 966/260 967/266
f 965/274 947/288 948/282
f 949/270 965/274 948/282
f 950/285 949/270 948/282
f 959/1095 956/1094 953/1098
f 957/272 952/267 953/277
f 956/284 957/272 953/277
f 72/1666 71/1664 81/1668
f 836/2279 797/2274 1874/2278
f 821/333 827/338 945/332
f 827/338 825/344 944/341
f 824/3501 995/3510 945/3508
f 151/1273 838/1274 101/1264
f 903/1096 901/1107 900/1104
f 1752/2925 857/2920 904/2922
f 70/942 69/948 140/938
f 876/2917 872/2923 927/2921
f 125/2040 119/2041 129/2042
f 144/923 133/930 127/936
f 919/269 938/268 885/261
f 936/1392 917/1398 918/1387
f 896/1400 917/1398 897/1405
f 936/1392 937/1389 919/1401
f 918/1387 908/1381 936/1392
f 941/2046 872/2049 858/2052
f 872/2923 876/2917 857/2920
f 904/2922 857/2920 905/2919
f 131/291 130/283 326/298
f 904/1118 946/1111 940/1114
f 919/269 887/265 170/273
f 299/1403 936/1392 919/1401
f 326/298 715/300 131/291
f 326/940 128/946 133/930
f 134/301 128/303 326/298
f 321/922 132/926 144/923
f 133/930 132/926 321/922
f 144/923 132/926 133/930
f 320/1872 56/1873 715/1874
f 321/922 300/929 320/934
f 935/1875 320/1872 715/1874
f 321/922 320/934 935/935
f 715/1874 326/1876 935/1875
f 935/935 326/940 133/930
f 321/922 935/935 133/930
f 927/2045 129/2042 119/2041
f 134/2915 876/2917 927/2921
f 121/927 144/923 120/931
f 927/2045 872/2049 129/2042
f 135/957 69/948 137/952
f 120/931 119/949 70/942
f 119/949 120/931 927/943
f 317/1704 316/1700 287/1697
f 316/1700 926/1703 337/1696
f 103/928 327/932 318/925
f 925/924 318/925 321/922
f 925/924 144/923 121/927
f 331/939 103/928 104/941
f 331/939 104/941 330/950
f 331/939 327/932 103/928
f 314/1595 304/1586 921/1591
f 319/933 318/925 327/932
f 123/937 104/941 103/928
f 119/2041 125/2040 70/2044
f 77/2208 78/2204 147/2205
f 102/2849 933/2852 931/2847
f 931/953 933/954 330/950
f 105/960 310/955 328/944
f 328/944 933/954 105/960
f 105/2987 311/2986 310/2989
f 317/909 314/902 316/913
f 106/4599 104/4600 123/4601
f 76/2210 929/2206 77/2208
f 925/924 121/927 103/928
f 934/962 136/965 135/957
f 136/3914 76/3913 75/3907
f 934/962 930/966 76/967
f 929/2206 78/2204 77/2208
f 125/2040 928/2048 70/2044
f 75/3907 135/3912 136/3914
f 76/967 136/965 934/962
f 300/929 318/925 319/933
f 300/929 321/922 318/925
f 926/1600 921/1591 874/1597
f 316/1598 314/1595 921/1591
f 925/924 103/928 318/925
f 932/959 122/963 931/953
f 123/4367 932/4368 106/4369
f 931/953 104/941 932/959
f 816/1585 855/1582 332/1578
f 921/1591 926/1600 316/1598
f 324/1686 336/1698 335/1695
f 866/1589 863/1596 862/1590
f 323/1693 335/1695 893/1699
f 333/1575 285/1572 332/1578
f 336/1698 875/1701 335/1695
f 864/1583 921/1591 304/1586
f 337/1696 312/1694 316/1700
f 224/2068 816/2069 285/2065
f 917/3780 264/3774 916/3777
f 897/1405 917/1398 916/1409
f 922/2635 325/2630 923/2639
f 915/1018 916/1021 263/1015
f 915/1018 48/1004 278/1014
f 916/3777 264/3774 263/3776
f 910/1412 882/1407 911/1411
f 278/1014 277/1020 915/1018
f 277/1020 916/1021 915/1018
f 883/1396 881/1408 912/1402
f 278/1014 920/1024 277/1020
f 277/4346 920/4347 913/4348
f 897/1405 895/1404 894/1393
f 877/1394 914/1406 882/1407
f 914/1406 911/1411 882/1407
f 880/1384 877/1394 879/1388
f 884/3070 886/3072 962/3071
f 898/295 326/298 130/283
f 899/2916 946/2924 904/2922
f 901/1107 946/1111 899/1112
f 900/1104 901/1107 899/1112
f 900/2918 899/2916 898/2913
f 900/289 889/276 902/294
f 898/2913 899/2916 856/2914
f 856/2914 899/2916 905/2919
f 887/265 888/271 889/276
f 918/1387 880/1384 908/1381
f 907/1385 937/1389 908/1381
f 907/1385 760/1383 761/1391
f 898/295 130/283 900/289
f 902/1100 903/1096 900/1104
f 885/261 886/264 884/258
f 908/1381 880/1384 1116/1378
f 877/1394 882/1407 883/1396
f 913/4348 920/4347 278/4349
f 883/1396 879/1388 877/1394
f 881/1408 883/1396 882/1407
f 879/1388 1116/1378 880/1384
f 880/1384 878/1399 877/1394
f 897/1405 916/1409 895/1404
f 894/1393 918/1387 896/1400
f 911/1411 914/1406 913/1410
f 897/1405 894/1393 896/1400
f 277/1413 913/1410 895/1404
f 278/4349 911/4350 913/4348
f 894/1393 895/1404 878/1399
f 895/1404 913/1410 914/1406
f 877/1394 878/1399 914/1406
f 887/265 919/269 885/261
f 890/2977 892/2981 891/2973
f 1002/2971 970/2974 973/2972
f 891/2973 971/2975 890/2977
f 868/1710 870/1705 869/1706
f 868/1710 869/1706 865/1708
f 865/2984 867/2982 868/2979
f 862/2985 867/2982 865/2984
f 866/2690 890/2688 863/2696
f 862/1590 865/1594 864/1583
f 872/2049 941/2046 129/2042
f 874/1702 865/1708 869/1706
f 875/1701 870/1705 893/1699
f 336/1698 869/1706 870/1705
f 870/1705 875/1701 336/1698
f 855/1582 816/1585 866/1589
f 869/1706 336/1698 874/1702
f 866/2690 816/2686 861/2682
f 866/1589 862/1590 855/1582
f 862/1590 864/1583 855/1582
f 336/1698 337/1696 874/1702
f 941/2046 858/2052 873/2051
f 871/2043 129/2042 941/2046
f 856/2914 905/2919 857/2920
f 871/2043 125/2040 129/2042
f 858/2052 872/2049 857/2054
f 874/1702 337/1696 926/1703
f 864/1583 865/1594 921/1591
f 893/1699 335/1695 875/1701
f 813/2466 713/2460 712/2465
f 853/2689 788/2687 854/2694
f 853/2689 860/2685 789/2684
f 799/1740 811/1746 800/1750
f 759/2451 844/2463 815/2464
f 817/3684 807/3695 851/3692
f 799/1740 800/1750 308/1747
f 812/1753 784/1760 309/1754
f 713/2460 815/2464 712/2465
f 811/1746 812/1753 800/1750
f 100/1744 799/1740 308/1747
f 805/348 142/350 804/345
f 848/1268 100/1261 101/1264
f 838/1274 848/1268 101/1264
f 178/1763 797/1766 836/1765
f 799/1740 100/1744 848/1741
f 152/1755 840/1751 838/1748
f 993/1757 839/1742 834/1756
f 852/4123 846/4124 811/4125
f 799/1740 978/1739 852/1743
f 831/3691 815/3688 843/3685
f 850/1738 848/1741 839/1742
f 844/3686 843/3685 815/3688
f 799/1740 848/1741 850/1738
f 811/1746 799/1740 852/1743
f 254/4127 784/4128 811/4125
f 843/3685 817/3684 842/3687
f 841/2420 851/2417 859/2414
f 851/3692 841/3690 817/3684
f 152/1755 178/1763 837/1761
f 837/1761 178/1763 836/1765
f 836/1765 835/1764 837/1761
f 152/1755 837/1761 834/1756
f 841/3690 842/3687 817/3684
f 848/1741 838/1748 839/1742
f 890/2688 861/2682 860/2685
f 832/3693 815/3688 831/3691
f 852/354 833/356 830/351
f 846/4124 852/4123 845/4126
f 859/2414 851/2417 807/2411
f 845/355 852/354 810/347
f 846/4124 845/4126 254/4127
f 827/338 823/339 826/343
f 823/339 827/338 821/333
f 826/343 803/342 804/345
f 803/342 823/339 820/335
f 985/346 826/343 810/347
f 826/343 985/346 825/344
f 825/3505 824/3501 945/3508
f 944/3512 825/3505 945/3508
f 821/333 820/335 823/339
f 804/345 810/347 826/343
f 802/1180 829/1181 809/1168
f 828/1173 829/1181 819/1184
f 829/1181 818/1188 819/1184
f 809/1168 828/1173 110/1160
f 820/1187 782/1190 802/1180
f 803/1183 820/1187 802/1180
f 792/1665 819/1670 791/1667
f 154/1661 71/1664 117/1659
f 819/1670 818/1674 81/1668
f 782/1677 822/1676 818/1674
f 818/1674 822/1676 81/1668
f 805/1167 802/1180 809/1168
f 110/1160 828/1173 792/1174
f 142/350 801/353 810/347
f 846/4124 254/4127 811/4125
f 808/2553 806/2552 711/2554
f 859/2414 710/2410 806/2418
f 710/2410 711/2419 806/2418
f 861/2682 816/2686 224/2683
f 815/2464 713/2460 759/2451
f 844/2463 759/2451 817/2459
f 814/2469 813/2466 712/2465
f 784/4128 812/4129 811/4125
f 142/3415 143/3411 801/3416
f 784/2882 787/2880 309/2878
f 801/3416 143/3411 254/3414
f 309/1754 307/1758 308/1747
f 80/2272 798/2270 797/2274
f 118/1279 80/1287 178/1283
f 80/2272 797/2274 178/2277
f 803/342 805/348 804/345
f 782/1677 796/1673 822/1676
f 821/333 782/327 820/335
f 805/1167 803/1183 802/1180
f 818/1188 802/1180 782/1190
f 71/1664 791/1667 81/1668
f 805/1167 809/1168 794/1154
f 110/1160 793/1151 794/1154
f 792/1665 791/1667 154/1661
f 794/1154 809/1168 110/1160
f 251/1166 168/1158 292/1153
f 113/1150 168/1158 112/1159
f 805/1167 794/1154 112/1159
f 794/1154 113/1150 112/1159
f 795/1163 793/1151 111/1169
f 110/1160 792/1174 111/1169
f 794/1154 793/1151 113/1150
f 793/1151 110/1160 111/1169
f 154/1661 111/1663 792/1665
f 154/1661 791/1667 71/1664
f 81/1668 822/1676 796/1673
f 805/1167 112/1159 141/1172
f 796/1673 790/1671 81/1668
f 72/1666 81/1668 790/1671
f 109/1658 780/1660 111/1663
f 780/1177 795/1163 111/1169
f 109/1658 111/1663 154/1661
f 783/1156 191/1161 198/1152
f 783/1156 795/1163 115/1170
f 793/1151 795/1163 783/1156
f 292/1153 113/1150 202/1149
f 292/1153 168/1158 113/1150
f 780/1177 115/1170 795/1163
f 114/1650 115/1655 109/1658
f 790/1671 156/1672 72/1666
f 168/1158 283/1171 112/1159
f 781/1675 796/1673 782/1677
f 142/1179 805/1167 141/1172
f 100/1261 306/1256 99/1258
f 99/1258 149/1267 101/1264
f 80/1287 118/1279 79/1278
f 149/1267 151/1273 101/1264
f 308/1259 306/1256 100/1261
f 308/1747 800/1750 309/1754
f 296/2448 759/2451 298/2456
f 233/2691 788/2687 224/2683
f 224/2683 788/2687 789/2684
f 92/2450 714/2453 297/2447
f 232/2876 787/2880 784/2882
f 807/2455 297/2447 714/2453
f 710/2410 786/2413 785/2416
f 807/2455 759/2451 297/2447
f 73/2298 197/2295 2596/2300
f 780/1660 109/1658 115/1655
f 191/1161 783/1156 115/1170
f 42/1222 329/1226 41/1225
f 754/1290 776/1285 775/1286
f 171/1022 305/1010 170/1019
f 171/1224 170/1228 329/1226
f 764/993 777/989 735/986
f 772/651 774/661 740/657
f 55/1007 716/1001 719/1003
f 719/1003 716/1001 22/997
f 329/1226 42/1222 171/1224
f 305/1010 299/1017 170/1019
f 773/646 772/651 738/643
f 766/892 771/885 769/895
f 771/885 770/891 769/895
f 716/1001 21/998 22/997
f 329/1226 57/1230 41/1225
f 767/3171 766/3177 768/3175
f 766/3177 767/3171 1083/3176
f 720/991 764/993 735/986
f 1917/4463 960/4464 961/4465
f 1916/2539 763/2536 2435/2538
f 760/2521 960/2524 1917/2516
f 2449/2523 1910/2515 2457/2520
f 1115/304 762/299 760/302
f 760/1383 1113/1397 761/1391
f 219/667 213/670 211/668
f 232/863 708/861 254/860
f 1079/3797 1930/3798 1945/3796
f 289/3775 23/3781 261/3779
f 1949/4403 747/4404 746/4405
f 297/2447 759/2451 296/2448
f 20/1009 48/1004 263/1015
f 919/1023 170/1019 299/1017
f 31/1000 48/1004 19/1002
f 40/2462 279/2467 280/2457
f 150/1272 185/1271 173/1266
f 165/2202 78/2204 159/2200
f 919/1401 937/1389 939/1395
f 239/896 220/886 237/894
f 37/1853 61/1849 38/1857
f 165/915 172/910 176/919
f 183/1644 155/1643 182/1647
f 159/2200 45/2199 165/2202
f 734/975 752/981 749/985
f 709/662 748/664 219/667
f 186/3557 181/3560 187/3564
f 249/1593 284/1581 243/1587
f 45/911 44/908 177/900
f 41/1225 57/1230 757/1229
f 1930/3798 253/3800 249/3793
f 740/657 739/653 738/643
f 1256/3562 1681/3559 1936/3558
f 743/2887 745/2884 744/2886
f 773/2891 744/2886 1086/2888
f 709/662 739/653 740/657
f 727/2382 726/2386 725/2389
f 768/3887 1937/3892 1087/3891
f 751/1281 723/1276 246/1265
f 1937/898 768/901 766/892
f 737/871 722/867 216/869
f 730/1684 83/1681 1928/1680
f 249/2074 229/2076 227/2072
f 280/2457 714/2453 92/2450
f 788/2687 853/2689 789/2684
f 297/2447 228/2449 92/2450
f 255/1253 306/1256 308/1259
f 192/3410 141/3412 294/3413
f 328/944 310/955 286/951
f 303/2638 325/2630 302/2634
f 269/1687 87/1679 324/1686
f 310/1709 317/1704 286/1707
f 232/2876 248/2875 309/2878
f 219/1165 217/1157 202/1149
f 232/863 254/860 241/864
f 206/4092 247/4094 1952/4093
f 251/672 218/675 219/667
f 226/2452 228/2449 296/2448
f 258/2077 227/2072 229/2076
f 289/3775 261/3779 263/3776
f 60/2996 240/2995 221/2994
f 299/1017 305/1010 23/1006
f 288/1690 88/1685 272/1692
f 715/2215 56/2217 35/2212
f 35/2212 56/2217 25/2220
f 131/291 715/300 58/297
f 260/1571 1096/1573 257/1569
f 219/667 252/669 251/672
f 309/2878 248/2875 255/2881
f 196/1155 214/1162 202/1149
f 226/2075 258/2077 228/2078
f 280/2415 704/2412 714/2408
f 704/2412 786/2413 705/2409
f 240/884 223/882 220/886
f 97/917 148/914 221/907
f 192/866 294/870 216/869
f 220/886 238/890 237/894
f 40/2462 280/2457 93/2458
f 2589/2290 203/2283 2591/2288
f 194/4275 193/4276 754/4273
f 215/674 294/676 252/669
f 180/3568 187/3564 181/3560
f 160/1288 79/1278 179/1289
f 176/919 172/910 94/918
f 165/915 177/900 172/910
f 173/1266 1093/1277 150/1272
f 166/921 176/919 94/918
f 140/938 126/947 123/937
f 293/4440 185/4441 99/4442
f 96/2842 124/2841 139/2844
f 78/2204 929/2206 159/2200
f 160/2264 765/2268 798/2270
f 96/3911 139/3908 75/3907
f 798/2270 80/2272 160/2264
f 39/2454 93/2458 92/2450
f 704/970 280/974 1946/971
f 1940/2502 1095/2507 63/2495
f 87/1679 268/1683 1928/1680
f 52/2500 85/2498 51/2494
f 62/1233 57/1230 58/1232
f 35/2212 58/2214 715/2215
f 16/1856 262/1865 38/1857
f 262/2380 16/2383 15/2381
f 26/4410 34/4411 25/4412
f 26/2379 17/2378 727/2382
f 757/1229 725/1227 41/1225
f 21/2612 716/2616 18/2613
f 706/880 291/881 1096/878
f 35/2212 25/2220 34/2221
f 16/1856 32/1852 36/1861
f 83/1681 86/1678 1928/1680
f 1095/2507 90/2510 63/2495
f 89/1688 1928/1680 268/1683
f 258/2077 39/2080 228/2078
f 83/4422 729/4419 33/4418
f 1941/2716 1094/2713 36/2714
f 36/2509 33/2512 1940/2502
f 60/887 59/888 706/880
f 175/897 770/891 60/887
f 244/3795 1945/3796 249/3793
f 1079/3797 247/3802 1930/3798
f 280/974 279/976 1946/971
f 213/670 210/673 211/668
f 242/865 231/868 232/863
f 775/3889 751/3890 768/3887
f 750/3174 767/3171 1092/3170
f 177/900 165/915 45/911
f 173/1266 293/1260 707/1263
f 186/3098 187/3096 1089/3094
f 246/1265 1948/1270 707/1263
f 294/870 215/872 216/869
f 221/2994 175/2997 60/2996
f 776/1285 167/1282 1093/1277
f 190/309 1090/312 1089/314
f 183/4004 184/3998 2614/4002
f 241/864 242/865 232/863
f 749/874 736/873 748/875
f 749/874 737/871 736/873
f 207/4091 206/4092 1952/4093
f 244/1584 243/1587 161/1576
f 258/2077 259/2079 40/2081
f 1022/980 281/977 1009/984
f 1086/990 777/989 764/993
f 769/895 177/900 1088/904
f 194/510 755/508 756/507
f 1087/4272 1929/4274 754/4273
f 740/657 738/643 772/651
f 44/908 1088/904 177/900
f 1683/317 1089/314 1090/312
f 44/908 755/912 1088/904
f 1081/641 1024/638 731/637
f 745/979 741/983 1084/987
f 744/2886 1935/2889 743/2887
f 1013/642 747/645 731/637
f 1086/2888 1950/2894 773/2891
f 716/2388 725/2389 726/2386
f 735/986 777/989 741/983
f 774/661 772/651 1950/656
f 721/666 748/664 774/661
f 741/983 745/979 734/975
f 731/637 732/636 733/640
f 758/647 739/653 1085/652
f 709/4315 234/4313 1085/4312
f 282/972 1946/971 734/975
f 738/643 739/653 758/647
f 739/653 709/662 1085/652
f 736/671 252/669 748/664
f 749/985 735/986 734/975
f 2616/4392 183/4391 2624/4394
f 1931/978 752/981 734/975
f 1080/2111 1947/2109 732/2107
f 745/979 1010/982 281/977
f 1095/2507 729/2514 730/2513
f 1928/1680 89/1688 730/1684
f 1020/4119 31/4118 717/4117
f 50/2721 28/2717 728/2720
f 291/1580 1078/1592 290/1588
f 723/1276 776/1285 1093/1277
f 1937/3892 769/3894 1929/3893
f 62/1233 757/1229 57/1230
f 216/869 736/873 737/871
f 245/1269 750/1275 246/1265
f 242/865 241/864 722/867
f 722/867 241/864 216/869
f 726/2386 727/2382 17/2378
f 771/885 1078/883 706/880
f 1078/883 291/881 706/880
f 1078/3178 1083/3176 750/3174
f 55/1007 719/1003 724/1011
f 1083/889 1078/883 771/885
f 725/2389 779/2390 727/2382
f 909/1377 907/1385 908/1381
f 1005/3066 1920/3063 1004/3068
f 785/2416 711/2419 710/2410
f 803/342 826/343 823/339
f 807/2455 817/2459 759/2451
f 876/2917 134/2915 856/2914
f 316/1700 312/1694 287/1697
f 127/936 927/943 120/931
f 327/932 273/945 319/933
f 994/3689 842/3687 841/3690
f 815/3688 832/3693 847/3697
f 847/3697 832/3693 1000/3698
f 982/4044 981/4045 980/4043
f 969/275 956/284 889/276
f 889/276 130/283 887/265
f 130/283 329/280 887/265
f 938/268 919/269 939/279
f 134/301 127/305 128/303
f 104/941 106/964 932/959
f 864/1583 304/1586 295/1579
f 324/1686 335/1695 323/1693
f 323/1693 269/1687 324/1686
f 263/1015 48/1004 915/1018
f 905/2919 899/2916 904/2922
f 906/257 887/265 885/261
f 878/1399 880/1384 894/1393
f 759/2451 713/2460 298/2456
f 843/3685 842/3687 994/3689
f 810/347 804/345 142/350
f 845/3417 801/3416 254/3414
f 784/862 708/861 232/863
f 1018/2555 711/2554 785/2556
f 807/2411 710/2410 859/2414
f 233/2691 813/2693 788/2687
f 309/2878 787/2880 232/2876
f 151/1273 118/1279 178/1283
f 796/1673 781/1675 790/1671
f 99/1258 101/1264 100/1261
f 192/3410 254/3414 143/3411
f 141/1172 112/1159 283/1171
f 725/1227 757/1229 779/1231
f 775/1286 753/1291 754/1290
f 719/1003 23/1006 305/1010
f 171/4177 724/4178 305/4179
f 171/1224 42/1222 724/1221
f 1011/2624 717/2620 1008/2622
f 1011/4122 778/4120 717/4117
f 776/1285 723/1276 775/1286
f 748/664 740/657 774/661
f 735/986 749/985 720/991
f 724/1011 719/1003 305/1010
f 1010/2890 743/2887 1077/2893
f 709/662 740/657 748/664
f 725/1227 55/1223 41/1225
f 55/1223 42/1222 41/1225
f 733/2101 732/2107 2625/2105
f 720/876 748/875 721/877
f 735/986 741/983 734/975
f 748/664 252/669 219/667
f 748/875 720/876 749/874
f 769/895 770/891 175/897
f 887/265 329/280 170/273
f 281/977 734/975 745/979
f 236/4255 295/4256 304/4252
f 220/2991 239/2988 102/2990
f 239/2988 105/2987 102/2990
f 223/882 240/884 706/880
f 1931/3996 722/3994 752/3997
f 721/994 764/993 720/991
f 122/4370 932/4368 123/4367
f 1566/1825 1666/1826 1806/1827
f 2115/3339 2105/3340 2112/3341
f 1075/4083 1280/4084 1076/4085
f 1043/717 527/718 437/719
f 1069/1767 1071/1768 1070/1769
f 948/1542 947/1533 1059/1538
f 1058/1541 2145/1546 1059/1538
f 1063/3817 1065/3818 1064/3819
f 1034/572 1031/573 1035/574
f 2458/4447 1033/4448 2459/4449
f 2095/3041 2099/3042 2094/3043
f 1035/574 1033/575 1034/572
f 2460/586 1030/577 2461/581
f 1035/574 1031/573 1030/577
f 525/1025 1060/1026 526/1027
f 2462/592 1038/587 2463/598
f 2463/598 1055/603 2464/608
f 1055/736 1057/732 1056/721
f 1059/1538 1054/1536 1058/1541
f 1059/1538 947/1533 1054/1536
f 1051/1545 1052/1552 1058/1541
f 1037/582 1041/597 1042/591
f 1057/596 1055/603 1038/587
f 1057/596 1038/587 1042/591
f 1045/1550 1052/1552 1051/1545
f 1058/1541 1054/1536 1051/1545
f 1046/1540 1054/1536 1047/1537
f 1915/1535 1047/1537 1054/1536
f 1046/1540 1051/1545 1054/1536
f 1051/1545 1046/1540 1045/1550
f 1050/1414 1049/1415 1048/1416
f 2466/1544 1047/1537 2467/1549
f 1045/1550 1046/1540 2466/1544
f 2467/1549 1053/1543 2469/1555
f 1039/1070 1788/1059 1040/1062
f 1056/721 1057/732 1042/728
f 515/724 1044/726 1043/717
f 1035/574 1030/577 1032/580
f 1033/575 1035/574 1036/578
f 1030/577 1028/584 1032/580
f 1029/590 1027/589 2475/595
f 1029/590 1028/584 1027/589
f 2471/576 1034/572 2472/579
f 1028/584 1030/577 1027/589
f 1028/584 1029/590 1032/580
f 2461/581 1031/573 2477/585
f 554/1418 1591/1427 555/1428
f 1135/357 1212/358 1557/359
f 1107/2778 551/2779 552/2780
f 538/781 540/782 539/783
f 534/1445 533/1443 532/1454
f 1104/1 544/2 2480/3
f 1111/12 1104/1 2482/7
f 1111/739 1112/731 346/735
f 1110/734 1112/731 1111/739
f 1110/20 1111/12 2483/18
f 1109/13 1104/1 1111/12
f 1104/1 539/8 543/5
f 1102/2781 1106/2784 1107/2778
f 551/1437 536/1431 537/1426
f 534/2785 553/2782 551/2779
f 2487/4328 1099/4329 2488/4330
f 2490/2786 553/2782 2491/2791
f 1100/2787 552/2780 2490/2786
f 1100/2787 1101/2783 552/2780
f 532/1454 533/1443 2495/1453
f 1098/1417 1097/1421 537/1426
f 1098/1417 537/1426 536/1431
f 550/1433 534/1445 551/1437
f 534/1445 532/1454 2497/1455
f 2488/4330 534/4332 2499/4334
f 551/1437 537/1426 550/1433
f 2491/2791 1099/2790 2500/2801
f 1099/2790 535/2803 2493/2802
f 550/1433 533/1443 534/1445
f 531/1432 1097/1421 1045/1424
f 533/1443 550/1433 531/1432
f 531/1432 524/1442 533/1443
f 524/1442 523/1436 2503/1449
f 523/1436 531/1432 1045/1424
f 2495/1453 524/1442 2504/1452
f 1097/1421 550/1433 537/1426
f 528/725 527/718 1056/721
f 550/1433 1097/1421 531/1432
f 1097/1421 1048/1416 1045/1424
f 524/1442 531/1432 523/1436
f 523/1436 1045/1424 2468/1441
f 1336/1788 1741/1786 1337/1784
f 1331/2957 1882/2958 1219/2959
f 1334/3381 1335/3382 1282/3383
f 1148/530 1147/535 1153/521
f 1276/3023 1175/3024 1195/3025
f 1275/3031 1154/3037 1320/3040
f 1689/802 1201/803 1202/804
f 1158/4576 1169/4577 1147/4578
f 1265/819 1226/817 1315/824
f 1250/1601 1242/1602 1319/1603
f 1214/840 1216/848 2299/831
f 1252/516 1159/525 1156/523
f 1608/392 1308/381 1307/388
f 1138/2646 1303/2647 1302/2648
f 1199/526 1145/522 1301/519
f 2627/843 1309/835 2628/851
f 1203/52 685/53 2629/54
f 1137/2114 1765/2115 1295/2116
f 1294/2118 1136/2121 1295/2116
f 1173/2082 1172/2083 1163/2084
f 1288/777 2163/776 1289/766
f 1279/1481 1635/1482 1299/1483
f 1236/1605 1247/1613 1239/1610
f 1246/2355 1230/2356 1245/2357
f 1234/1923 1203/1924 1296/1925
f 2053/2391 1282/2392 1281/2393
f 1218/4642 1200/4643 2632/4644
f 536/1431 1105/1434 1146/1425
f 1274/751 1191/758 1275/757
f 1274/751 1275/757 1320/754
f 1263/2269 765/2268 1152/2267
f 1201/315 1693/319 1090/312
f 1270/34 2293/43 1208/46
f 1125/2138 1120/2135 1266/2133
f 1207/2124 1716/2119 1193/2126
f 1195/3025 1260/3028 1259/3026
f 1256/336 1258/328 1257/340
f 1131/1907 1126/1908 1130/1909
f 1255/26 1692/21 542/28
f 1253/3141 1254/3142 542/3143
f 2291/9 1698/15 544/2
f 1090/312 190/309 156/311
f 1157/4579 1169/4577 1158/4576
f 1682/833 1694/841 1264/825
f 1173/3146 1311/3148 1713/3147
f 2634/4627 1218/4628 2635/4629
f 1234/56 687/59 685/53
f 1712/2022 1699/2023 1236/2024
f 1239/86 617/74 1238/79
f 1247/2026 1699/2023 503/2029
f 1192/2132 1193/2126 1206/2129
f 1236/1605 1235/1606 1242/1602
f 1247/80 503/87 477/70
f 1687/3915 1262/3916 1688/3917
f 1229/1933 591/1937 687/1929
f 1738/1931 1228/1927 2638/1935
f 1877/814 1326/822 1862/829
f 1215/834 1220/826 2640/836
f 1220/826 1215/834 1226/817
f 1171/3879 1221/3880 1167/3881
f 181/3560 1681/3559 2642/3563
f 1153/521 1156/523 1148/530
f 1226/817 1224/820 1220/826
f 2644/855 1214/840 2645/859
f 1227/809 1223/813 1226/817
f 1943/2266 1328/2263 179/2265
f 1223/813 1224/820 1226/817
f 1214/840 1226/817 1215/834
f 1689/802 1217/807 1209/811
f 1234/56 685/53 1203/52
f 1144/537 1145/522 1197/533
f 1208/3375 1207/3376 1193/3377
f 1192/2132 1206/2129 1150/2122
f 1164/2087 1163/2084 1205/2088
f 1204/1029 1747/1037 1182/1032
f 1131/1907 1130/1909 1187/1910
f 1103/169 548/170 549/171
f 538/172 549/171 1179/174
f 1703/1049 1177/1055 1176/1063
f 2480/3 547/6 2509/10
f 1194/3871 1124/3872 1125/3873
f 1192/42 1211/36 1193/38
f 1121/1435 1146/1425 1189/1439
f 556/390 1589/396 1777/400
f 1169/529 1157/527 1188/520
f 1141/531 1156/523 1159/525
f 1152/524 1157/527 1158/534
f 1769/2962 1753/2965 1764/2960
f 1147/535 1169/529 1153/521
f 1141/531 1159/525 1145/522
f 1158/534 1263/538 1152/524
f 1147/3882 1148/3883 1171/3879
f 1253/3141 1172/3144 1173/3146
f 765/2268 160/2264 1152/2267
f 1196/1839 1166/1829 1165/1833
f 1127/1912 1162/1914 1130/1909
f 1187/1910 1122/1913 1131/1907
f 1584/2117 1267/2127 1150/2122
f 1105/1434 1189/1439 1146/1425
f 536/1431 551/1437 1107/1444
f 1125/3873 1143/3876 1120/3878
f 1141/3885 1142/3886 1149/3884
f 1149/3884 1148/3883 1141/3885
f 1287/1123 1140/1124 1139/1125
f 1075/1234 1132/1235 1136/1236
f 1725/1126 1139/1125 1687/1129
f 1208/3375 1136/3379 1207/3376
f 1708/178 1721/176 1719/175
f 1703/1049 538/1056 1179/1044
f 1557/359 1185/360 1135/357
f 1562/790 1563/791 1561/789
f 538/1056 1703/1049 1176/1063
f 1707/3149 1585/3150 1615/3151
f 1179/1044 1182/1032 1703/1049
f 1127/1912 1130/1909 1126/1908
f 1310/1458 1722/1459 1723/1460
f 1703/1049 1182/1032 1181/1043
f 1707/369 1615/374 1599/362
f 1135/4317 1134/4318 1180/4319
f 1135/4317 1180/4319 1701/4320
f 1192/2132 1150/2122 1120/2135
f 1143/3876 1124/3872 1757/3875
f 1144/4527 1291/4528 1290/4529
f 1142/536 1144/537 1290/539
f 1266/2133 1191/2140 1125/2138
f 1150/2122 1266/2133 1120/2135
f 1148/3883 1149/3884 1171/3879
f 1191/2968 1174/2964 2300/2970
f 1716/2119 1584/2117 1150/2122
f 1294/2118 1716/2119 1207/2124
f 1236/1605 1242/1602 1250/1601
f 1228/1927 1296/1925 1203/1924
f 591/4284 1710/4285 1238/4286
f 1709/2664 1625/2665 1240/2666
f 1250/1601 1233/1604 1232/1608
f 1233/1604 1250/1601 1319/1603
f 1234/1923 1870/1926 687/1929
f 1739/1928 1870/1926 1296/1925
f 1870/1926 1229/1933 687/1929
f 1300/821 1220/826 1223/813
f 1217/807 1564/805 1210/810
f 1769/2962 1219/2959 1174/2964
f 955/2275 1874/2278 797/2274
f 1171/3879 1167/3881 1147/3882
f 1168/961 930/966 934/962
f 929/746 930/750 1168/748
f 1123/770 1194/759 1813/767
f 1825/548 1817/556 1705/547
f 904/1118 1128/1121 1129/1122
f 1274/958 137/952 70/942
f 70/761 1194/759 1274/751
f 1129/2085 1164/2087 1752/2089
f 1162/1914 1187/1910 1130/1909
f 858/2095 857/2097 1752/2089
f 1170/2271 798/2270 765/2268
f 1168/748 158/743 929/746
f 1168/961 934/962 137/952
f 1715/540 1167/542 2255/544
f 1581/812 1564/805 1314/808
f 1712/1192 1236/1193 1232/1194
f 1217/807 1210/810 1209/811
f 1219/2959 1882/2958 1321/2961
f 1300/821 1223/813 1222/815
f 1249/1609 1248/1612 1232/1608
f 1232/1194 1629/1195 1712/1192
f 503/2029 1244/2030 509/2032
f 1583/3152 1751/3155 1586/3153
f 1219/2959 1321/2961 1174/2964
f 1166/1829 1321/1837 1882/1832
f 1171/543 1149/541 1290/539
f 1757/3656 1123/3657 1143/3658
f 1290/1137 1291/1135 1578/1132
f 1133/2662 1773/2661 1132/2659
f 1266/2133 1753/2139 1769/2141
f 1213/1239 1279/1243 1280/1241
f 1098/1417 536/1431 1146/1425
f 1121/1435 1336/1440 1338/1422
f 1146/1425 1750/1420 1098/1417
f 1204/796 1273/795 1181/799
f 1050/1414 1048/1416 1098/1417
f 1592/4224 1702/4225 1559/4226
f 1586/3153 1751/3155 1777/3157
f 527/718 1043/717 1056/721
f 1316/2201 1091/2203 45/2199
f 1317/749 1155/747 1154/753
f 1154/753 2302/756 1317/749
f 1154/3037 1277/3029 2302/3036
f 2302/756 1316/755 1317/749
f 1253/3141 1173/3146 1713/3147
f 541/1465 1172/1468 542/1473
f 755/508 1091/509 1251/506
f 1317/749 1316/755 164/752
f 1161/511 1160/518 1198/514
f 2302/3036 1277/3029 1720/3034
f 1274/751 1320/754 1155/747
f 1091/509 1161/511 1251/506
f 1251/506 1161/511 1198/514
f 1301/519 1252/516 1316/513
f 1252/516 1160/518 1161/511
f 1252/516 1161/511 1316/513
f 1316/513 1161/511 1091/509
f 2298/832 1264/825 1694/841
f 1943/517 1198/514 1188/520
f 163/744 1155/747 1317/749
f 1145/522 1159/525 1252/516
f 1251/506 1198/514 1943/517
f 2299/831 1216/848 2650/854
f 164/752 163/744 1317/749
f 1153/521 1160/518 1156/523
f 1188/520 1157/527 1152/524
f 1090/312 156/311 1225/313
f 1152/524 1943/517 1188/520
f 1252/516 1156/523 1160/518
f 158/743 1155/747 163/744
f 1198/514 1160/518 1153/521
f 1188/520 1198/514 1153/521
f 2652/3573 181/3560 2653/3570
f 1691/48 2295/47 2292/39
f 1135/357 1183/365 1184/361
f 507/3749 508/3750 1304/3751
f 1268/33 1269/35 1690/32
f 1197/533 1145/522 1199/526
f 2300/3030 1175/3024 1190/3027
f 1192/3661 1119/3659 2301/3662
f 542/3143 1172/3144 1253/3141
f 1191/758 2300/762 1190/760
f 1277/3029 1275/3031 1276/3023
f 1175/3024 1276/3023 1190/3027
f 1148/530 1156/523 1141/531
f 1252/516 1301/519 1145/522
f 1197/533 1199/526 1685/532
f 1226/817 1265/819 1227/809
f 1227/809 1689/802 1223/813
f 1214/840 2299/831 1226/817
f 1226/817 2299/831 1315/824
f 1564/805 1202/804 1314/808
f 1689/802 1693/806 1201/803
f 2299/831 1717/830 1315/824
f 1227/809 1264/825 2298/832
f 1689/802 1227/809 1693/806
f 1227/4308 2298/4309 1693/4310
f 1697/1917 1255/1919 1131/1907
f 1720/3034 1316/3039 2302/3036
f 1196/1839 1165/1833 1686/1845
f 1165/1833 2294/1847 1686/1845
f 1196/3032 1260/3028 1195/3025
f 1190/3027 1276/3023 1275/3031
f 1178/31 546/30 1278/29
f 1109/788 548/786 539/783
f 539/783 1103/784 538/781
f 2296/41 1193/38 1270/34
f 1688/1844 2294/1847 1165/1833
f 1212/37 1184/40 1269/35
f 2292/39 1724/44 1691/48
f 2292/39 2295/47 2293/43
f 1272/51 1271/50 1691/48
f 1271/50 2293/43 2295/47
f 1261/49 1269/35 1183/45
f 1269/35 1184/40 1183/45
f 1261/49 1724/44 1269/35
f 2292/39 1269/35 1724/44
f 1301/3035 1720/3034 1259/3026
f 1687/1129 1688/1133 1725/1126
f 1271/50 1208/46 2293/43
f 1270/34 2292/39 2293/43
f 1272/3380 1136/3379 1208/3375
f 14/179 1109/173 1111/181
f 548/786 1103/784 539/783
f 1176/785 2291/787 540/782
f 2291/787 1176/785 1561/789
f 1104/1 1109/13 539/8
f 544/2 543/5 2291/9
f 2291/9 1561/19 1698/15
f 1278/29 1690/32 1178/31
f 1301/519 1685/532 1199/526
f 1686/3033 1301/3035 1259/3026
f 1255/1919 1253/1915 1131/1907
f 546/1469 541/1465 542/1473
f 2654/3567 1714/3565 2655/3572
f 1717/830 2299/831 2651/847
f 1256/336 1951/329 1258/328
f 44/908 45/911 1091/916
f 1258/839 1682/833 1265/819
f 1951/329 1683/317 1258/328
f 1714/852 1257/846 1717/830
f 1694/325 1682/321 1090/312
f 1255/3145 1254/3142 1253/3141
f 1683/317 1090/312 1682/321
f 544/2 1318/17 1106/11
f 539/8 540/14 543/5
f 1318/17 544/2 1698/15
f 1227/809 1265/819 1264/825
f 1653/3972 2227/3973 2228/3974
f 2168/1505 1678/1506 2172/1507
f 1119/3659 1192/3661 1120/3660
f 2131/2722 2048/2723 1892/2724
f 1120/3660 1143/3658 1119/3659
f 2085/3783 2086/3784 1529/3785
f 1327/1618 1676/1614 1862/1621
f 1261/1242 1135/1246 1701/1244
f 1293/764 1194/759 1292/763
f 1319/3648 1235/3649 1852/3650
f 1556/2422 1313/2423 1730/2424
f 1282/2392 1646/2395 1281/2393
f 1870/1926 1739/1928 1737/1932
f 1879/828 1880/823 1881/818
f 1323/2677 1322/2681 1576/2674
f 1639/1515 1640/1513 1679/1510
f 1324/1779 1071/1768 1325/1778
f 1801/2131 1802/2136 1768/2134
f 545/1463 1761/1461 1310/1458
f 1121/1916 1306/1920 1122/1913
f 1836/558 2183/560 1829/555
f 1163/2084 1164/2087 1129/2085
f 1331/1843 1821/1834 1882/1832
f 1076/3216 1595/3217 1775/3218
f 1191/2968 1769/2962 1174/2964
f 1765/2115 1137/2114 1584/2117
f 555/1428 2152/1423 554/1418
f 1204/1791 1784/1787 1741/1786
f 530/1326 2072/1327 1779/1328
f 1601/371 1600/363 2081/377
f 2070/1067 2076/1064 2069/1038
f 2153/1476 2154/1467 2139/1472
f 1794/1782 1337/1784 1741/1786
f 1566/1825 1287/1836 1725/1838
f 1293/764 1289/766 1809/769
f 1808/1464 2160/1471 1810/1475
f 1302/2648 1137/2649 1138/2646
f 1558/367 1600/363 1557/359
f 1145/522 1144/537 1142/536
f 2239/3664 2233/3665 2235/3666
f 1819/3431 1818/3432 2181/3433
f 1573/3475 1844/3476 1864/3477
f 1570/678 1631/679 2056/680
f 1334/2238 2230/2239 2226/2240
f 2238/3676 2245/3679 1736/3677
f 1878/845 1879/828 1857/837
f 1214/840 1215/834 2641/849
f 2640/836 1300/821 2646/844
f 1841/1936 1870/1926 1737/1932
f 1737/1932 1739/1928 1738/1931
f 1705/547 1171/543 1825/548
f 1875/323 1711/318 1225/313
f 1880/823 1222/815 1881/818
f 1243/1607 1867/1615 1575/1611
f 2255/544 1167/542 1705/547
f 1147/535 1167/542 1715/540
f 1839/1139 1290/1137 1578/1132
f 1219/2959 1764/2960 1331/2957
f 1625/2665 1675/2669 1240/2666
f 1867/2259 1243/2260 1845/2257
f 1238/2668 1625/2665 1709/2664
f 1244/3702 1568/3703 1627/3704
f 1907/1711 2049/1712 2042/1713
f 1901/4019 1904/4020 1892/4021
f 1833/1722 2042/1713 1570/1720
f 1896/681 1906/688 1895/691
f 2249/2258 2222/2254 2225/2245
f 1140/1124 1831/1130 1822/1134
f 2049/1712 1571/1716 2042/1713
f 1036/4027 1542/4028 1041/4029
f 1807/3225 1623/3226 1624/3222
f 1634/2156 2064/2157 2046/2158
f 1399/1502 1388/1503 2082/1496
f 1133/4086 1075/4083 1076/4085
f 2061/1495 2062/1493 1812/1485
f 1366/1492 2011/1500 1390/1494
f 1901/4019 2044/4025 2043/4024
f 2063/1487 1812/1485 2012/1490
f 1388/1503 2083/1499 2082/1496
f 1363/3283 1605/3284 2088/3285
f 2114/4268 2128/4269 2115/4270
f 1671/3044 1609/3046 2095/3041
f 1601/1497 2081/1504 2086/1501
f 2077/1347 2080/1344 2089/1351
f 1789/1028 1787/1042 2069/1038
f 2095/3041 2100/3048 2098/3045
f 2152/1423 1072/1429 1786/1419
f 2112/1052 2113/1040 2115/1039
f 2145/1546 2146/1558 1066/1547
f 2110/3820 1063/3817 1064/3819
f 2150/1030 2114/1033 2115/1039
f 1061/4616 2126/4617 2127/4618
f 2118/3638 2126/3639 1061/3640
f 2118/3051 1611/3052 1610/3050
f 2107/3345 2108/3343 2105/3340
f 1063/3817 2110/3820 2102/3822
f 2127/4142 2121/4143 1607/4144
f 2120/409 2123/402 2119/398
f 2118/4147 1062/4149 2127/4142
f 2135/2062 2130/2059 2153/2060
f 1324/1779 2151/1781 2149/1776
f 1067/1771 1068/1775 2132/1774
f 959/1095 2134/1102 1785/1099
f 2147/1557 555/1563 2137/1565
f 2142/401 2119/398 1670/391
f 1793/1780 1795/1785 1784/1787
f 1793/1780 1060/1789 525/1792
f 2134/1102 2148/1109 1740/1105
f 2149/1776 2151/1781 1337/1784
f 1805/3364 1804/3365 2157/3366
f 554/1418 1049/1415 1050/1414
f 2157/3366 1804/3365 2158/3368
f 2084/1529 2131/1526 2162/1528
f 2129/2061 2155/2055 2130/2059
f 1656/1207 1335/1200 1704/1203
f 2168/4406 2197/4407 2169/4408
f 1831/1518 1641/1514 1639/1515
f 1144/1128 1197/1131 1139/1125
f 1639/3626 2166/3627 1822/3628
f 1826/554 1829/555 2180/559
f 2236/2250 1851/2251 2237/2243
f 2188/3189 2216/3190 2191/3191
f 2191/3191 2192/3192 2188/3189
f 2225/2245 2222/2254 2221/2246
f 2194/3631 2170/3629 2184/3633
f 2164/1146 2165/1147 1074/1141
f 2200/1143 1074/1141 2166/1140
f 2195/1516 2193/1511 1641/1514
f 2195/1516 2196/1519 2209/1522
f 2049/2335 1887/2336 2198/2337
f 1329/2350 2211/2352 1330/2347
f 1669/3603 2218/3604 2202/3605
f 1669/2354 2203/2348 2211/2352
f 1645/3196 1644/3200 2210/3202
f 1656/1207 2204/1210 1890/1214
f 2219/3198 2190/3199 2191/3191
f 2661/3593 1736/3594 2662/3595
f 1672/3385 1322/3389 2229/3387
f 2250/3734 2248/3735 2251/3736
f 2235/3666 1653/3674 1286/3670
f 1660/2675 1323/2677 1576/2674
f 2228/3974 1285/3975 1653/3972
f 2663/1950 2253/1949 2665/1948
f 2665/1948 1735/1941 2666/1945
f 2240/1953 1286/1955 1285/1958
f 1576/2674 1848/2673 1660/2675
f 1657/3741 2251/3736 1660/3739
f 1660/2675 2247/2680 1323/2677
f 2225/2245 2226/2240 2229/2242
f 2230/3384 1672/3385 2229/3387
f 1672/3385 2230/3384 1282/3383
f 2662/3682 2245/3679 2667/3683
f 1736/3594 1654/3598 1844/3599
f 1890/2402 1909/2403 1646/2395
f 2230/3384 1334/3381 1282/3383
f 2669/3681 2238/3676 2670/3680
f 2237/2243 1851/2251 1846/2247
f 2237/2243 1846/2247 1850/2241
f 2226/2240 2237/2243 1850/2241
f 1704/1203 1335/1200 1629/1195
f 1859/1620 1676/1614 1579/1617
f 2205/4010 2216/4011 2217/4012
f 1861/3006 1878/3007 1854/3008
f 1851/2251 1863/2256 1846/2247
f 1651/1951 2240/1953 1649/1956
f 1660/2376 1658/2372 1657/2374
f 1649/2366 2254/2371 1650/2370
f 1843/3930 1574/3931 1851/3932
f 1651/2358 1245/2357 1841/2362
f 2224/4321 2252/4322 2223/4323
f 2248/3735 2247/3744 1660/3739
f 2248/3735 2249/3738 2246/3743
f 2224/2261 2222/2254 2249/2258
f 2249/2258 2225/2245 2246/2253
f 2241/1960 2242/1961 1332/1962
f 2252/3742 2224/3746 2249/3738
f 1323/2249 2246/2253 2225/2245
f 1333/4324 2242/4326 2244/4325
f 2250/3734 2243/3740 1333/3745
f 2252/4322 1333/4324 2223/4323
f 2228/3974 2244/3977 2242/3978
f 2249/3738 2248/3735 2250/3734
f 2250/3734 2252/3742 2249/3738
f 2247/3744 2248/3735 2246/3743
f 2251/3736 2248/3735 1660/3739
f 2225/2245 2229/2242 1323/2249
f 2226/2240 2221/2246 2237/2243
f 2229/3387 1322/3389 1323/3391
f 1847/2377 1658/2372 1660/2376
f 1649/2366 2243/2373 2254/2371
f 1333/4324 1332/4327 2242/4326
f 2251/3736 1657/3741 2254/3737
f 2254/3737 2243/3740 2250/3734
f 1333/3745 2252/3742 2250/3734
f 2243/1959 2241/1960 1332/1962
f 2243/3740 1332/3747 1333/3745
f 2250/3734 2251/3736 2254/3737
f 2253/3667 2235/3666 1286/3670
f 1285/1958 2241/1960 2243/1959
f 2228/3974 2242/3978 1285/3975
f 1285/1958 2243/1959 2240/1953
f 2233/3665 2232/3673 2231/3669
f 2233/3665 2239/3664 2673/3668
f 1653/3972 2234/3976 2227/3973
f 2238/3676 2232/3673 2233/3665
f 2236/3980 2244/3977 2227/3973
f 2235/3666 2234/3672 1653/3674
f 2234/3976 2236/3980 2227/3973
f 2235/3666 2231/3669 2234/3672
f 2253/3667 2239/3664 2235/3666
f 2235/3666 2233/3665 2231/3669
f 1843/3600 2234/3602 2231/3601
f 1736/3677 2232/3673 2238/3676
f 2231/3669 2232/3673 1736/3677
f 1844/3599 1843/3600 1736/3594
f 2226/2240 1850/2241 1334/2238
f 2226/2240 2230/2239 2229/2242
f 2236/2250 2237/2243 2221/2246
f 2671/3675 2233/3665 2674/3671
f 2222/2254 2223/2255 2221/2246
f 2223/2255 2222/2254 2224/2261
f 2236/3980 2223/3981 2244/3977
f 2223/2255 2236/2250 2221/2246
f 1646/2395 1656/2398 1890/2402
f 1667/1215 1329/1219 2207/1216
f 2217/4012 2218/4015 2185/4013
f 2186/4016 2185/4013 2218/4015
f 2205/3194 2219/3198 2191/3191
f 2191/3191 2216/3190 2205/3194
f 2188/571 2192/570 2187/568
f 1835/3435 2190/3434 2219/3436
f 2201/3610 1645/3609 2184/3612
f 2215/4014 2218/4015 2217/4012
f 2213/3193 2215/3197 2216/3190
f 2188/3189 2213/3193 2216/3190
f 1645/3196 2213/3193 2188/3189
f 2201/3610 2202/3605 2220/3607
f 2184/3612 2210/3613 2200/3614
f 2214/3606 2213/3611 1645/3609
f 2220/3607 2202/3605 2214/3606
f 2187/3201 2165/3204 2164/3203
f 2215/3608 2213/3611 2214/3606
f 2218/3604 2215/3608 2214/3606
f 2211/2352 2203/2348 1330/2347
f 1329/1219 1667/1215 2211/1220
f 2199/2342 2198/2337 2208/2339
f 1330/2347 2199/2342 2212/2345
f 2196/1519 2182/1523 2209/1522
f 2169/715 2193/711 2177/701
f 2209/707 2131/712 1643/702
f 2178/698 2195/706 2209/707
f 1643/702 2178/698 2209/707
f 2199/2342 1330/2347 2203/2348
f 1887/2336 2208/2339 2198/2337
f 2049/1712 1907/1711 1887/1715
f 2208/2339 2212/2345 2199/2342
f 2212/2345 1329/2350 1330/2347
f 1888/3449 2206/3450 2208/3451
f 1887/3452 1888/3449 2208/3451
f 2204/1210 1656/1207 1704/1203
f 2212/3458 2208/3451 1329/3454
f 2206/3450 1329/3454 2208/3451
f 2206/3450 1888/3449 1890/3453
f 2204/1210 1667/1215 2207/1216
f 1890/3453 2207/3456 2206/3450
f 2204/1210 2207/1216 1890/1214
f 1329/3454 2206/3450 2207/3456
f 1894/1721 1891/1724 1886/1717
f 1889/3457 1891/3459 1909/3460
f 1669/2354 2202/2351 2203/2348
f 2202/3637 2201/3635 2167/3636
f 2164/3203 2210/3202 1644/3200
f 2201/3610 2220/3607 1645/3609
f 2202/3605 2218/3604 2214/3606
f 2210/3613 2184/3612 1645/3609
f 2219/3436 2205/3437 1835/3435
f 2202/2351 2167/2353 2168/2346
f 2205/3437 2185/3438 1835/3435
f 2205/4010 2217/4012 2185/4013
f 1668/1213 1669/1218 1667/1215
f 1704/1203 1668/1213 2204/1210
f 2185/4013 2186/4016 1668/4018
f 2168/2346 2199/2342 2203/2348
f 2201/3635 2171/3634 1677/3632
f 2178/698 2177/701 2195/706
f 2168/2346 2174/2341 2199/2342
f 1641/1514 2173/1517 2195/1516
f 2049/2335 2198/2337 2176/2338
f 2169/715 2177/701 2174/714
f 2197/1508 2168/1505 2172/1507
f 2193/711 2195/706 2177/701
f 2173/1517 2182/1523 2196/1519
f 2182/1523 2162/1528 2131/1526
f 2195/1516 2173/1517 2196/1519
f 2167/3636 2201/3635 1677/3632
f 1643/4023 1642/4022 2054/4026
f 1831/1518 2173/1517 1641/1514
f 2131/1526 2209/1522 2182/1523
f 2200/1143 2166/1140 2194/1145
f 1074/1141 2200/1143 2164/1146
f 2210/1148 2164/1146 2200/1143
f 1641/1514 2193/1511 2172/1507
f 2197/1508 2172/1507 2193/1511
f 2168/1505 2167/1509 1678/1506
f 2193/4409 2169/4408 2197/4407
f 2201/3635 2184/3633 2171/3634
f 1644/3200 2187/3201 2164/3203
f 2165/562 2187/568 2189/563
f 1644/3200 2188/3189 2187/3201
f 2189/3195 2192/3192 2191/3191
f 2189/563 2183/560 2165/562
f 1668/1213 1704/1203 1835/1212
f 2186/4016 1669/4017 1668/4018
f 2180/4164 2189/4165 2181/4166
f 2189/4165 2190/4168 2181/4166
f 2179/566 1829/555 2189/563
f 2183/560 2189/563 1829/555
f 2189/563 2180/559 2179/566
f 1840/1138 1839/1139 1823/1136
f 1818/4169 1815/4167 2181/4166
f 1815/4167 2180/4164 2181/4166
f 1836/558 2165/562 2183/560
f 1838/557 1073/564 1836/558
f 1639/3626 1679/3630 2170/3629
f 1633/685 1896/681 1495/689
f 2166/1140 1840/1138 1822/1134
f 1567/1831 1565/1828 2161/1835
f 1831/1518 1567/1524 1637/1521
f 1638/1525 2159/1527 2182/1523
f 2170/3629 2166/3627 1639/3626
f 2171/3634 2170/3629 1677/3632
f 2167/1509 1677/1512 1678/1506
f 1678/1506 1679/1510 2172/1507
f 2166/1140 1074/1141 1840/1138
f 1831/1518 1637/1521 2173/1517
f 2194/3631 2166/3627 2170/3629
f 1679/1510 1640/1513 2172/1507
f 2176/703 2175/710 2177/701
f 2055/694 2176/703 2177/701
f 2177/701 2178/698 2055/694
f 2177/701 2175/710 2174/714
f 2198/2337 2174/2341 2176/2338
f 2174/2341 2175/2344 2176/2338
f 2174/2341 2168/2346 2169/2349
f 2171/3634 2184/3633 2170/3629
f 2165/1147 1073/1144 1074/1141
f 2165/562 1836/558 1073/564
f 1829/555 1830/551 1836/558
f 2154/2098 2153/2099 1778/2096
f 1778/2096 1723/2090 2154/2098
f 1763/2047 1798/2053 2155/2055
f 1620/384 1670/391 1307/388
f 2130/2059 2155/2055 1798/2053
f 1289/766 1594/771 2155/775
f 1799/3367 1805/3364 2157/3366
f 1288/777 2156/778 2163/776
f 2155/775 1288/777 1289/766
f 2156/1478 2139/1472 1810/1475
f 2162/1528 1618/1530 2065/1531
f 2159/4436 2161/4437 2158/4438
f 2159/1527 1618/1530 2162/1528
f 1618/3229 1811/3228 1619/3221
f 1811/3228 1873/3224 1619/3221
f 2158/3368 2161/3371 2157/3366
f 1617/774 1616/772 2156/778
f 1808/1464 2139/1472 2154/1467
f 2156/778 1810/779 1617/774
f 2157/3366 1565/3372 1806/3369
f 2163/776 2156/778 1616/772
f 1806/4032 1803/4033 1799/4034
f 1763/2047 125/2040 871/2043
f 2160/1471 1808/1464 1754/1466
f 1804/2651 1303/2647 2158/2655
f 2159/2658 2158/2655 1303/2647
f 2159/1527 1811/1532 1618/1530
f 1567/1831 2161/1835 1638/1841
f 2157/3366 2161/3371 1565/3372
f 1811/3228 1807/3225 1873/3224
f 1831/1130 1140/1124 1567/1127
f 1666/1826 1821/1834 1803/1830
f 1761/1461 545/1463 1754/1466
f 2130/2059 1798/2053 2153/2060
f 1810/1475 2139/1472 1808/1464
f 1723/1460 1808/1464 2154/1467
f 1617/774 1754/773 1813/767
f 1801/4037 1797/4035 1796/4036
f 1800/2966 1331/2957 1767/2963
f 2134/1102 1740/1105 1785/1099
f 959/1095 1785/1099 903/1096
f 1052/1430 1045/1424 1786/1419
f 1049/1415 2152/1423 1786/1419
f 1794/1782 1741/1786 1795/1785
f 1784/1787 1060/1789 1793/1780
f 2116/4573 1793/4574 525/4575
f 2069/1038 2103/1050 2102/1045
f 2150/1030 525/1025 1789/1028
f 1745/1031 1742/1036 1789/1028
f 1789/1028 2114/1033 2150/1030
f 1794/1782 1793/1780 2143/1772
f 2116/1777 1070/1769 2143/1772
f 2114/1033 1789/1028 2069/1038
f 2143/4519 2149/4520 1794/4521
f 2148/1109 1776/1113 1740/1105
f 1324/4443 1325/4444 2141/4445
f 1049/1415 554/1418 2152/1423
f 2148/1109 555/1119 1591/1116
f 2145/1546 1058/1541 1072/1551
f 1052/1552 1072/1551 1058/1541
f 2145/1546 1072/1551 2147/1557
f 2147/1557 1072/1551 2152/1561
f 1071/1768 1324/1779 2149/1776
f 1324/407 1588/404 1593/406
f 1670/391 1588/404 2142/401
f 2107/3345 2105/3340 2117/3347
f 1793/1780 2116/1777 2143/1772
f 2105/3340 2128/3342 2104/3344
f 2113/1040 2111/1053 1070/1046
f 2114/3348 2104/3344 2128/3342
f 2104/3824 2110/3820 2117/3826
f 2116/1034 525/1025 2150/1030
f 2102/3822 2104/3824 2114/3827
f 2102/1045 2114/1033 2069/1038
f 2141/405 2132/408 2119/398
f 2142/401 1588/404 1324/407
f 1071/1768 2143/1772 1070/1769
f 2136/1115 2148/1109 2138/1108
f 2136/1566 2137/1565 555/1563
f 2152/1561 555/1563 2147/1557
f 2146/1558 2145/1546 2147/1557
f 2144/1562 2133/1564 1066/1547
f 1066/1547 2146/1558 2144/1562
f 1066/1547 948/1542 1059/1538
f 1059/1538 2145/1546 1066/1547
f 1066/292 950/285 948/282
f 1068/3346 2112/3341 2108/3343
f 2144/1562 2137/1565 2136/1566
f 2144/1562 2136/1566 2133/1564
f 2137/1565 2144/1562 2147/1557
f 2133/4244 953/4242 954/4241
f 2133/1101 2134/1102 959/1095
f 2133/1564 2136/1566 2138/1567
f 2138/1108 2134/1102 2133/1101
f 1071/1768 1069/1767 1067/1771
f 1071/1768 1067/1771 2132/1774
f 2132/1774 1325/1778 1071/1768
f 2119/3645 2132/3647 2122/3646
f 2132/408 2141/405 1325/411
f 2125/3049 1607/3053 2118/3051
f 2133/1101 959/1095 953/1098
f 2135/2062 2140/2064 1288/2063
f 2134/1102 2138/1108 2148/1109
f 2142/4446 1324/4443 2141/4445
f 2149/1776 2143/1772 1071/1768
f 2148/1109 2136/1115 555/1119
f 2156/778 1288/777 2140/780
f 1288/2063 2129/2061 2135/2062
f 2130/2059 2135/2062 2129/2061
f 2156/1478 2140/1480 2139/1472
f 2135/1479 2139/1472 2140/1480
f 1288/2063 2155/2055 2129/2061
f 2182/1523 2159/1527 2162/1528
f 2123/402 1608/392 2124/399
f 1608/3055 1607/3053 2125/3049
f 2115/3339 2128/3342 2105/3340
f 2119/398 2124/399 1307/388
f 1307/388 2124/399 1608/392
f 2120/4145 2127/4142 1607/4144
f 2125/3049 1609/3046 1671/3044
f 1308/381 2125/393 1671/389
f 2065/2730 2047/2727 2084/2725
f 2162/1528 2065/1531 2084/1529
f 2048/2723 2131/2722 2084/2725
f 2119/398 2123/402 2124/399
f 2120/3642 1612/3644 1061/3640
f 1064/3056 1065/3058 2106/3054
f 2123/4146 1607/4144 1608/4148
f 2127/4142 2120/4145 2118/4147
f 1607/4507 2121/4508 1062/4509
f 1062/4619 1061/4616 2127/4618
f 2120/3642 2126/3639 2118/3638
f 2121/4639 2127/4640 2126/4641
f 1061/3640 2121/3643 2120/3642
f 2121/3643 2126/3639 2120/3642
f 1611/3052 2100/3048 1610/3050
f 1061/4511 1062/4509 2121/4508
f 1612/3059 2109/3057 1611/3052
f 2095/3041 1610/3050 2100/3048
f 2100/3048 1611/3052 2106/3054
f 2119/3645 1612/3644 2120/3642
f 2122/3828 2107/3825 1612/3823
f 2122/3349 1068/3346 2107/3345
f 2132/3350 1068/3346 2122/3349
f 2119/3645 2122/3646 1612/3644
f 2109/3057 1064/3056 1611/3052
f 1611/3052 1064/3056 2106/3054
f 1068/1775 1067/1771 1069/1767
f 2112/1773 1069/1767 2111/1770
f 2111/1053 2113/1040 2112/1052
f 1068/3346 2108/3343 2107/3345
f 2105/3340 2108/3343 2112/3341
f 2109/3821 2110/3820 1064/3819
f 2106/1058 1065/1069 1063/1066
f 2111/1770 1069/1767 1070/1769
f 2106/1058 1063/1066 2102/1045
f 2101/1057 2100/1065 2103/1050
f 2106/1058 2103/1050 2100/1065
f 2110/3820 2109/3821 1612/3823
f 2110/3820 1612/3823 2107/3825
f 2110/3820 2107/3825 2117/3826
f 2150/1030 2113/1040 2116/1034
f 1070/1046 2116/1034 2113/1040
f 2119/398 2142/401 2141/405
f 2117/3347 2105/3340 2104/3344
f 2102/1045 2103/1050 2106/1058
f 2071/1354 2075/1349 2094/1360
f 2101/1057 2103/1050 2069/1038
f 2094/4351 2076/4352 2071/4353
f 2092/4211 2078/4212 2093/4213
f 2077/1347 2093/1361 2096/1367
f 2075/3896 2096/3897 1602/3898
f 1602/3898 1603/3901 2094/3899
f 1603/3047 1671/3044 2094/3043
f 1362/1356 2009/1363 2089/1351
f 1493/1348 1362/1356 2080/1344
f 1037/4030 1036/4027 1041/4029
f 1602/4215 2096/4214 2078/4212
f 2077/3902 2096/3897 2097/3900
f 2077/1347 2097/1350 2079/1343
f 2095/3041 2094/3043 1671/3044
f 2075/1349 2079/1343 2097/1350
f 2089/1351 2080/1344 1362/1356
f 2090/3288 2081/3290 2092/3291
f 2075/3896 2097/3900 2096/3897
f 2093/4213 2078/4212 2096/4214
f 2094/3899 2075/3896 1602/3898
f 2099/1072 2098/1068 2076/1064
f 2098/1068 2101/1057 2076/1064
f 2094/4351 2099/4354 2076/4352
f 2098/1068 2100/1065 2101/1057
f 2098/3045 2099/3042 2095/3041
f 1036/578 1035/574 1032/580
f 2077/1347 2089/1351 2091/1355
f 2088/3285 1606/3287 2090/3288
f 2090/3288 2092/3291 2091/3289
f 1399/4459 2085/4460 2018/4461
f 2091/3289 2088/3285 2090/3288
f 1401/3764 1399/3765 2018/3766
f 2089/1351 2088/1362 2091/1355
f 2009/1363 1363/1370 2088/1362
f 2088/1362 2089/1351 2009/1363
f 1606/3287 2088/3285 1605/3284
f 2091/1355 2093/1361 2077/1347
f 1529/3785 2087/3786 1605/3788
f 2086/3784 2087/3786 1529/3785
f 2081/3290 2090/3288 1606/3287
f 1529/4462 2018/4461 2085/4460
f 2012/2471 2083/2472 1388/2473
f 1902/2726 1892/2724 2048/2723
f 2045/2728 2047/2727 2059/2731
f 2064/2157 1390/2160 1900/2161
f 1634/2734 2045/2728 1636/2733
f 1390/1494 2060/1491 1366/1492
f 2060/1491 2063/1487 1366/1492
f 1606/3789 2087/3786 2081/3787
f 2074/4216 1602/4215 2078/4212
f 2085/1498 2062/1493 2086/1501
f 2083/1499 2012/1490 2082/1496
f 2081/3787 2087/3786 2086/3784
f 2082/1496 2012/1490 2062/1493
f 1390/2483 2011/2480 1367/2476
f 1041/722 1542/730 1546/727
f 2079/1343 2075/1349 2068/1342
f 2078/378 2092/385 2081/377
f 1604/4602 1614/4603 1603/4604
f 1671/389 1603/394 1614/379
f 2076/1064 2101/1057 2069/1038
f 1788/1059 2070/1067 2069/1038
f 2070/4277 1598/4278 2071/4279
f 2074/4216 2073/4217 1602/4215
f 1613/370 1308/381 1790/376
f 2079/1343 1792/1335 2077/1347
f 1602/3898 2073/3904 1604/3903
f 1040/1062 1718/1071 679/1073
f 1997/1337 2080/1344 1792/1335
f 2074/372 2078/378 1600/363
f 1493/4399 2080/4400 1997/4401
f 2074/3905 1614/3906 1604/3903
f 1604/3903 2073/3904 2074/3905
f 2071/4279 1598/4278 2068/4281
f 1788/4280 1598/4278 2070/4277
f 1039/4453 1665/4454 2067/4455
f 2067/4455 1665/4454 1791/4456
f 1791/4456 2068/4457 2067/4455
f 1664/1329 1792/1335 2066/1339
f 1792/1335 2079/1343 2066/1339
f 529/1331 1791/1334 1781/1338
f 1780/1332 1417/1330 1997/1337
f 529/1331 530/1326 1664/1329
f 1299/4087 1076/4085 1280/4084
f 1634/2156 2046/2158 2044/2159
f 1634/2734 1636/2733 1595/2735
f 2060/1491 1634/1489 1635/1482
f 1636/2733 2059/2731 2065/2730
f 1601/1250 2061/1252 1812/1245
f 1700/1247 1601/1250 1812/1245
f 1900/2161 2046/2158 2064/2157
f 1634/1489 2060/1491 1390/1494
f 2062/1493 2061/1495 1601/1497
f 1390/2160 2064/2157 1634/2156
f 2059/2731 1636/2733 2045/2728
f 2062/1493 1601/1497 2086/1501
f 1896/681 1453/693 1495/689
f 1901/2729 1902/2726 2045/2728
f 2056/680 2040/684 1896/681
f 2041/2164 2043/2166 2044/2159
f 2054/690 2057/687 2055/694
f 2040/684 2057/687 2054/690
f 1643/4023 1904/4020 1642/4022
f 2045/2728 1634/2734 2044/2732
f 2054/4026 1642/4022 2043/4024
f 2055/694 2178/698 2054/690
f 2057/687 2058/699 2055/694
f 2058/699 2176/703 2055/694
f 2056/680 1896/681 1570/678
f 1833/2400 1680/2406 1832/2404
f 2057/2343 2049/2335 2058/2340
f 1807/2650 1303/2647 1138/2646
f 1832/2404 1569/2396 1833/2400
f 1673/3388 2053/3386 1569/3390
f 1633/1293 1487/1294 1570/1295
f 1628/2394 1569/2396 2053/2391
f 1680/1727 1596/1731 1648/1733
f 2050/1719 1571/1716 2049/1712
f 1627/3704 1568/3703 1647/3706
f 2042/1713 1571/1716 1570/1720
f 2053/2391 1281/2393 1628/2394
f 1628/3712 2052/3709 1647/3706
f 1235/3649 1621/3652 1852/3650
f 1646/2395 2051/2399 1281/2393
f 1627/3704 1438/3705 1244/3702
f 1833/1722 1628/1718 2042/1713
f 1596/3616 1963/3617 1648/3618
f 2176/2338 2058/2340 2049/2335
f 1571/682 2050/686 1631/679
f 1631/679 2050/686 2049/683
f 1971/3619 1297/3621 1648/3618
f 1963/3617 1971/3619 1648/3618
f 2052/3709 1627/3704 1647/3706
f 1891/1724 1894/1721 1899/1728
f 2051/2399 1909/2403 1893/2405
f 1971/3619 1898/3623 1297/3621
f 1893/2405 2052/2397 2051/2399
f 1628/1718 1297/1723 1908/1714
f 1281/2393 2051/2399 2052/2397
f 1890/3453 1889/3457 1909/3460
f 1907/1711 2042/1713 1908/1714
f 2042/1713 1628/1718 1908/1714
f 1966/3711 1438/3705 1905/3710
f 2041/2164 1895/2168 1906/2171
f 2039/2162 2046/2158 1903/2163
f 2084/2725 2047/2727 2048/2723
f 2045/2728 1902/2726 2048/2723
f 2048/2723 2047/2727 2045/2728
f 1895/2168 2041/2164 1883/2165
f 2044/2732 1901/2729 2045/2728
f 1903/2163 1883/2165 2041/2164
f 2041/2164 2039/2162 1903/2163
f 1901/4019 1642/4022 1904/4020
f 1626/3707 1897/3714 1905/3710
f 1905/3620 1898/3623 1971/3619
f 1298/3625 1297/3621 1898/3623
f 1298/1729 1893/1725 1297/1723
f 1298/3715 1897/3714 1626/3707
f 1893/3713 1298/3715 1626/3707
f 1297/1723 1893/1725 1908/1714
f 1646/2395 1909/2403 2051/2399
f 1893/1725 1894/1721 1908/1714
f 2041/2164 1906/2171 2040/2169
f 1907/1711 1908/1714 1886/1717
f 1887/1715 1907/1711 1886/1717
f 1886/1717 1908/1714 1894/1721
f 1899/2407 1893/2405 1909/2403
f 1888/3449 1889/3457 1890/3453
f 1893/1725 1899/1728 1894/1721
f 1905/3620 1897/3624 1898/3623
f 1298/3625 1898/3623 1897/3624
f 1896/681 1895/691 425/695
f 1895/691 1885/700 425/695
f 1904/4020 1643/4023 1892/4021
f 1902/2726 1901/2729 1892/2724
f 1888/3449 1891/3459 1889/3457
f 1887/3452 1886/3455 1888/3449
f 1643/702 2131/712 1892/716
f 2046/2158 2039/2162 2044/2159
f 1883/2165 1903/2163 1900/2161
f 1883/709 1462/704 1885/700
f 2046/2158 1900/2161 1903/2163
f 1900/2804 1461/2805 1883/2806
f 1883/2806 1460/2808 1884/2812
f 1885/2170 1895/2168 1883/2165
f 425/695 1885/700 1462/704
f 1230/2356 1246/2355 1231/2359
f 1229/2360 1245/2357 1230/2356
f 1231/2359 1696/2364 1675/2369
f 1231/2359 1675/2369 1625/2363
f 1075/2663 1133/2662 1132/2659
f 1581/1202 1314/1211 1819/1208
f 1139/1125 1140/1124 1144/1128
f 1705/547 1221/552 1171/543
f 1705/547 1830/551 2255/544
f 1769/2962 1764/2960 1219/2959
f 1167/542 1221/552 1705/547
f 1830/551 1828/546 2255/544
f 1827/550 1715/540 1828/546
f 1827/2276 1170/2271 1715/2273
f 1170/2271 1827/2276 955/2275
f 955/2275 798/2270 1170/2271
f 1225/313 781/316 1869/320
f 1170/2271 1263/2269 1715/2273
f 1868/3019 1880/3014 1861/3006
f 1249/1609 1327/1618 1674/1616
f 1564/805 1674/816 1877/814
f 1580/2441 1872/2437 1855/2427
f 1581/1619 1248/1612 1674/1616
f 1877/814 1210/810 1564/805
f 1857/837 1879/828 1877/814
f 1834/1205 1581/1202 1819/1208
f 1699/2023 1712/2022 1622/2025
f 1877/814 1881/818 1209/811
f 1869/320 1814/326 1225/313
f 1814/326 1875/323 1225/313
f 1860/838 1857/837 1877/814
f 1880/3014 1868/3019 1284/3021
f 1861/3006 1880/3014 1879/3010
f 1326/822 1877/814 1674/816
f 1879/828 1881/818 1877/814
f 1878/3007 1871/3011 1854/3008
f 1854/3008 1856/3016 1853/3012
f 1862/829 1860/838 1877/814
f 1861/3006 1732/3018 1868/3019
f 1868/3019 1749/3022 1284/3021
f 1869/320 782/327 821/333
f 995/567 1824/565 1815/561
f 1826/554 1827/550 1828/546
f 1817/556 1830/551 1705/547
f 1827/2276 1874/2278 955/2275
f 1836/558 1817/556 1838/557
f 1827/3511 1837/3504 1874/3509
f 1830/551 1817/556 1836/558
f 1171/543 1290/539 1876/545
f 1140/1124 1287/1123 1567/1127
f 1290/539 1839/549 1876/545
f 1819/1208 1835/1212 1820/1209
f 1839/549 1816/553 1876/545
f 1876/545 1825/548 1171/543
f 1815/334 1818/337 1814/326
f 1819/330 1875/323 1814/326
f 1816/553 1839/549 1838/557
f 1852/2248 1572/2252 1849/2244
f 1675/2669 1848/2673 1241/2671
f 1712/1192 1572/1198 1621/1201
f 1575/2443 1872/2437 1579/2444
f 1240/2666 1675/2669 1241/2671
f 1807/3225 1775/3218 1873/3224
f 1872/2437 1580/2441 1579/2444
f 1852/2248 1845/2257 1243/2260
f 1573/2440 1865/2433 1872/2437
f 1730/2424 1866/2429 1865/2433
f 1858/4103 1871/4104 1857/4105
f 1865/2433 1855/2427 1872/2437
f 1245/2357 1870/2365 1841/2362
f 2253/1949 1651/1951 1735/1941
f 1737/1932 1735/1941 1841/1936
f 1246/2355 1652/2361 1696/2364
f 1658/2372 1848/2375 1675/2369
f 1658/2372 1847/2377 1848/2375
f 1650/2370 1658/2372 1675/2369
f 1852/2248 1849/2244 1850/2241
f 1650/2370 1675/2369 1696/2364
f 1575/1611 1676/1614 1249/1609
f 1858/4103 1860/4106 1579/4108
f 1864/3477 1865/3478 1573/3475
f 1855/2427 1866/2429 1730/2424
f 1573/2262 1867/2259 1851/2251
f 1845/2257 1863/2256 1867/2259
f 1871/4104 1878/4107 1857/4105
f 1858/2438 1580/2441 1855/2427
f 1733/3009 1861/3006 1854/3008
f 1676/1614 1859/1620 1860/1623
f 1858/3015 1854/3008 1871/3011
f 1862/1621 1326/1622 1327/1618
f 1728/3020 1749/3022 1868/3019
f 1727/3013 1732/3018 1861/3006
f 1868/3019 1732/3018 1728/3020
f 1861/3006 1733/3009 1727/3013
f 945/332 1869/320 821/333
f 945/332 1815/334 1814/326
f 1860/4106 1858/4103 1857/4105
f 1313/2423 1856/2430 1855/2427
f 1853/3012 1733/3009 1854/3008
f 1730/2424 1313/2423 1855/2427
f 1855/2427 1865/2433 1866/2429
f 1313/4596 1734/4597 1856/4598
f 1865/3478 1864/3477 1730/3481
f 1855/2427 1854/2434 1858/2438
f 1846/2247 1845/2257 1852/2248
f 1860/1623 1862/1621 1676/1614
f 1854/2434 1855/2427 1856/2430
f 1734/3017 1853/3012 1856/3016
f 945/332 827/338 944/341
f 1846/2247 1863/2256 1845/2257
f 1864/3477 1844/3476 1729/3480
f 1651/2358 1841/2362 1842/2367
f 1843/3479 1844/3476 1573/3475
f 2234/3933 1843/3930 1851/3932
f 1735/4569 1842/4570 1841/4571
f 1334/2238 1850/2241 1849/2244
f 1849/1206 1572/1198 1334/1204
f 1848/2673 1847/2678 1660/2675
f 1850/2241 1846/2247 1852/2248
f 1322/3389 1673/3388 1659/3392
f 1322/2681 1659/2679 1576/2674
f 1672/3385 1282/3383 2053/3386
f 1569/4206 1568/4207 1659/4208
f 1647/4210 1568/4207 1832/4209
f 1834/1205 1704/1203 1630/1199
f 1680/4362 1647/4363 1832/4364
f 1659/3392 1673/3388 1569/3390
f 1807/2650 1772/2653 1774/2657
f 1623/2660 1807/2650 1774/2657
f 1624/3222 1775/3218 1807/3225
f 1567/1524 1638/1525 1637/1521
f 1822/1520 1831/1518 1639/1515
f 1840/1138 1073/1144 1838/1142
f 1829/4566 2179/4567 2180/4568
f 1837/3504 943/3500 836/3506
f 1819/3431 2190/3434 1835/3435
f 943/3500 1837/3504 824/3501
f 1815/561 1826/554 2180/559
f 1800/1840 1803/1830 1821/1834
f 1803/1830 1806/1827 1666/1826
f 1816/553 1838/557 1817/556
f 1826/3507 1824/3513 995/3510
f 995/3510 824/3501 1826/3507
f 824/3501 1837/3504 1826/3507
f 1828/546 1830/551 1829/555
f 1874/3509 1837/3504 836/3506
f 1826/3507 1837/3504 1827/3511
f 1826/554 1828/546 1829/555
f 1826/554 1815/561 1824/565
f 1817/556 1825/548 1816/553
f 1814/326 1818/337 1819/330
f 1819/1208 1820/1209 1834/1205
f 1822/1134 1823/1136 1578/1132
f 1839/1139 1578/1132 1823/1136
f 1487/1730 1596/1731 1680/1727
f 1704/1203 1834/1205 1820/1209
f 1303/2647 1804/2651 1302/2648
f 1279/1243 1261/1242 1701/1244
f 1132/2659 1771/2652 1295/2656
f 1799/2128 1801/2131 1758/2123
f 1716/2119 1294/2118 1765/2115
f 1772/2653 1807/2650 1138/2646
f 1617/774 1810/779 1754/773
f 1809/769 1617/774 1813/767
f 1595/3217 1619/3221 1775/3218
f 873/2051 858/2052 1760/2056
f 1808/1464 1723/1460 1762/1462
f 1289/766 1616/772 1809/769
f 1802/2136 1767/2137 1768/2134
f 1763/2047 928/2048 125/2040
f 1292/763 1763/765 1289/766
f 1763/2047 871/2043 942/2050
f 942/2050 871/2043 941/2046
f 1778/2096 1760/2092 1755/2094
f 2155/2055 1594/2058 1763/2047
f 1331/1843 1800/1840 1821/1834
f 1801/2131 1768/2134 1758/2123
f 1799/3367 1804/3365 1805/3364
f 1775/3218 1619/3221 1873/3224
f 1800/4038 1802/4039 1796/4036
f 1799/3367 1766/3373 1302/3370
f 1810/4343 2160/4344 1754/4345
f 1808/1464 1762/1462 1754/1466
f 941/2046 873/2051 942/2050
f 873/2051 1760/2056 1778/2057
f 1767/2963 1802/2969 1800/2966
f 1798/2053 942/2050 873/2051
f 873/2051 1778/2057 1798/2053
f 1798/2053 1763/2047 942/2050
f 1798/2053 1778/2057 2153/2060
f 1801/4037 1796/4036 1802/4039
f 1807/2650 1811/2654 1303/2647
f 1302/3370 1804/3365 1799/3367
f 1799/4034 1797/4035 1801/4037
f 2157/3366 1806/3369 1799/3367
f 1797/4035 1803/4033 1796/4036
f 1803/4033 1800/4038 1796/4036
f 1797/4035 1799/4034 1803/4033
f 1636/3223 1619/3221 1595/3217
f 1812/1485 2063/1487 1635/1482
f 1595/1486 1770/1488 1299/1483
f 1600/363 1601/371 1700/364
f 1779/1328 1780/1332 1664/1329
f 1664/1329 1780/1332 1792/1335
f 529/1331 1664/1329 1791/1334
f 1788/1059 2069/1038 1782/1051
f 526/1027 1745/1031 1789/1028
f 1041/722 437/719 527/718
f 1665/4454 1781/4458 1791/4456
f 1664/1329 2066/1339 1791/1334
f 1598/4278 1788/4280 1039/4282
f 526/1027 1182/1032 1746/1035
f 1741/1786 1784/1787 1795/1785
f 525/1025 526/1027 1789/1028
f 1795/1785 1793/1780 1794/1782
f 1582/3272 1740/3273 1776/3274
f 1593/1783 1336/1788 1337/1784
f 1785/1099 1740/1105 1590/1106
f 1776/1113 2148/1109 1591/1116
f 1048/1416 1786/1419 1045/1424
f 1338/1422 1591/1427 554/1418
f 1337/1784 2151/1781 1593/1783
f 1785/1099 1590/1106 1587/1103
f 1587/1103 903/1096 1785/1099
f 1778/2096 1756/2093 1723/2090
f 1723/2090 1756/2093 1759/2091
f 1587/1103 901/1107 903/1096
f 1743/3275 1582/3272 1776/3274
f 1776/3274 1591/3280 1338/3277
f 1662/1061 1040/1062 1783/1048
f 1787/1042 1789/1028 1742/1036
f 1204/1791 1060/1789 1784/1787
f 526/1027 1060/1026 1204/1029
f 1783/1048 1787/1042 1742/1036
f 1787/1042 1783/1048 1782/1051
f 1746/1035 1745/1031 526/1027
f 1777/3157 1670/3158 1586/3153
f 1586/3153 1620/3156 1613/3154
f 1670/4466 1777/4467 1589/4468
f 1760/2092 1752/2089 1759/2091
f 1593/406 1588/404 1589/396
f 1743/3275 1776/3274 1338/3277
f 554/1418 1050/1414 1338/1422
f 1048/1416 1097/1421 1098/1417
f 1755/2094 1759/2091 1756/2093
f 1589/396 1588/404 1670/391
f 556/390 1777/400 1751/397
f 529/4300 1781/4301 1665/4302
f 679/4303 1665/4302 1039/4304
f 437/719 340/720 1043/717
f 1040/1062 1788/1059 1782/1051
f 1417/1330 1780/1332 1779/1328
f 530/1326 1779/1328 1664/1329
f 679/183 663/190 530/194
f 1665/4302 679/4303 529/4300
f 2072/198 530/194 663/190
f 1040/1062 1662/1061 1718/1071
f 1700/364 1134/368 1135/357
f 1701/1244 1180/1251 1134/1249
f 1185/360 1700/364 1135/357
f 1076/4085 1299/4087 1770/4088
f 1185/360 1557/359 1600/363
f 1770/3220 1595/3217 1076/3216
f 1137/3374 1302/3370 1766/3373
f 1768/2134 1151/2130 1758/2123
f 1295/2116 1765/2115 1294/2118
f 1138/2646 1771/2652 1772/2653
f 1772/2653 1771/2652 1774/2657
f 1623/2660 1774/2657 1133/2662
f 1775/3218 1624/3222 1133/3219
f 1771/2652 1773/2661 1774/2657
f 1138/2646 1137/2649 1771/2652
f 1293/764 1809/769 1813/767
f 1123/3877 1757/3875 1194/3871
f 1164/2087 1759/2091 1752/2089
f 1763/765 1292/763 70/761
f 70/761 928/768 1763/765
f 1331/2957 1764/2960 1767/2963
f 1767/2963 1764/2960 1753/2965
f 1768/2134 1767/2137 1266/2133
f 1753/2139 1266/2133 1767/2137
f 1771/2652 1137/2649 1295/2656
f 1136/2121 1132/2125 1295/2116
f 1076/3216 1775/3218 1133/3219
f 1773/2661 1133/2662 1774/2657
f 1765/2115 1584/2117 1716/2119
f 1584/2117 1137/2114 1766/2120
f 1766/2120 1758/2123 1584/2117
f 1132/2659 1773/2661 1771/2652
f 135/957 137/952 934/962
f 1150/2122 1267/2127 1151/2130
f 1266/2133 1150/2122 1151/2130
f 1758/2123 1151/2130 1267/2127
f 1757/3875 1124/3872 1194/3871
f 1123/1470 1754/1466 545/1463
f 1266/2133 1151/2130 1768/2134
f 1194/759 1293/764 1813/767
f 1123/770 1813/767 1754/773
f 1194/759 70/761 1292/763
f 1760/2092 858/2095 1752/2089
f 904/1118 940/1114 1128/1121
f 946/1111 901/1107 1587/1103
f 1205/2088 1723/2090 1759/2091
f 1762/1462 1722/1459 1761/1461
f 1585/3150 1583/3152 1586/3153
f 1761/1461 1722/1459 1310/1458
f 1583/3152 1585/3150 1707/3149
f 1164/2087 1205/2088 1759/2091
f 1755/2094 1760/2092 1759/2091
f 1305/3281 1582/3272 1592/3278
f 1305/1918 1187/1910 1162/1914
f 1182/1032 1747/1037 1181/1043
f 1742/1036 1745/1031 1744/1041
f 1590/3276 1582/3272 1127/3279
f 1127/1110 940/1114 1587/1103
f 1582/3272 1743/3275 1592/3278
f 1204/796 1562/790 1273/795
f 1587/1103 940/1114 946/1111
f 1593/406 1589/396 1592/403
f 1756/2093 1778/2096 1755/2094
f 1613/370 1599/362 1748/375
f 1615/374 1748/375 1599/362
f 1181/799 1747/801 1204/796
f 1182/1032 1179/1044 1746/1035
f 1783/1048 1742/1036 1661/1047
f 1745/1031 1746/1035 1744/1041
f 1179/1044 1744/1041 1746/1035
f 1593/1783 1743/1790 1336/1788
f 1182/1032 526/1027 1204/1029
f 1670/3158 1620/3156 1586/3153
f 1582/3272 1590/3276 1740/3273
f 1592/403 1743/410 1593/406
f 1050/4356 1750/4357 1338/4358
f 2649/3393 1731/3394 2657/3395
f 1284/827 1309/835 1300/821
f 1296/1925 1228/1927 1738/1931
f 1739/1928 1296/1925 1738/1931
f 1237/1940 1738/1931 2676/1943
f 1737/1932 1237/1940 1735/1941
f 2666/1945 1237/1940 2681/1947
f 1654/3483 1655/3484 1729/3480
f 1729/2425 1655/2445 2668/2442
f 1844/3476 1654/3483 1729/3480
f 2677/3399 1727/3400 2683/3401
f 1726/2426 1556/2422 2684/2428
f 2686/3405 1726/3407 2687/3409
f 1313/3406 1726/3407 1312/3402
f 1727/3400 1733/3404 1312/3402
f 1734/3408 1313/3406 1733/3404
f 1284/827 1749/850 1728/842
f 1728/3020 1732/3018 1727/3013
f 1309/835 1284/827 1728/842
f 1728/3398 1727/3400 1731/3394
f 1731/3394 1309/3396 1728/3398
f 2684/2428 1729/2425 2689/2431
f 1556/2422 1730/2424 1729/2425
f 1726/2426 1313/2423 1556/2422
f 2683/3401 1312/3402 2688/3403
f 2512/729 1110/734 2513/738
f 1561/789 1563/791 1186/794
f 548/170 1109/173 549/171
f 1212/358 1268/366 1599/362
f 1707/369 1599/362 1268/366
f 547/2789 1102/2781 1108/2795
f 1044/726 1112/731 1110/734
f 1044/726 1056/721 1043/717
f 1278/373 1695/382 1706/380
f 1698/1921 1697/1917 1122/1913
f 542/28 1695/27 1278/29
f 1713/4110 1311/4111 940/4112
f 1572/1198 1712/1192 1629/1195
f 1044/726 515/724 1112/731
f 1702/797 1186/794 1563/791
f 1719/175 549/171 1109/173
f 1173/2082 1163/2084 1129/2085
f 1038/587 1037/582 1042/591
f 1042/728 528/725 1056/721
f 2508/737 1056/721 2514/733
f 528/725 1042/728 1041/722
f 1038/587 1033/575 1037/582
f 1589/396 556/390 557/387
f 1662/1061 1663/1060 1718/1071
f 538/172 1103/169 549/171
f 1106/1438 1105/1434 536/1431
f 1189/1922 1306/1920 1121/1916
f 1195/1846 1175/1842 1166/1829
f 545/1463 541/1465 546/1469
f 547/2789 1108/2795 2485/2800
f 1106/2784 1102/2781 547/2789
f 543/5 544/2 1104/1
f 1106/11 547/6 544/2
f 1107/1444 1106/1438 536/1431
f 553/2782 552/2780 551/2779
f 534/2785 1099/2790 553/2782
f 2486/2799 1102/2781 2516/2793
f 1056/721 1044/726 2512/729
f 1101/2783 1102/2781 552/2780
f 1101/2783 1100/2787 2501/2792
f 1336/1440 1743/1447 1338/1422
f 527/718 528/725 1041/722
f 1573/3475 1574/3482 1843/3479
f 2300/2970 1174/2964 1175/2967
f 1261/1242 1213/1239 1724/1240
f 1721/176 1708/178 1179/174
f 1326/1622 1674/1616 1327/1618
f 1224/820 1223/813 1220/826
f 1245/2357 1229/2360 1870/2365
f 1136/2121 1294/2118 1207/2124
f 1719/175 1718/180 1663/182
f 1265/819 1315/824 1717/830
f 1152/2267 160/2264 1328/2263
f 1177/1055 1703/1049 1181/1043
f 1193/2126 1150/2122 1206/2129
f 1145/522 1142/536 1141/531
f 1166/1829 1196/1839 1195/1846
f 137/952 1274/958 1168/961
f 1170/2271 765/2268 1263/2269
f 549/171 1719/175 1721/176
f 1690/32 1278/29 1268/33
f 1122/1913 1187/1910 1121/1916
f 1711/318 1201/315 1225/313
f 156/311 781/316 1225/313
f 1719/175 1304/177 1718/180
f 1259/3026 1276/3023 1195/3025
f 1222/815 1223/813 1689/802
f 1278/373 1706/380 1707/369
f 1177/792 1181/799 1273/795
f 1273/795 1562/790 1177/792
f 1139/1125 1725/1126 1287/1123
f 1262/3916 1687/3915 1197/3918
f 1271/50 1272/51 1208/46
f 1259/3026 1260/3028 1686/3033
f 1175/2967 1174/2964 1321/2961
f 1211/3663 1192/3661 2301/3662
f 542/28 1692/21 1695/27
f 1256/3562 1257/3569 1714/3565
f 1681/3559 1256/3562 1714/3565
f 1717/830 1258/839 1265/819
f 1713/1911 1126/1908 1131/1907
f 1129/4113 1311/4111 1173/4114
f 1238/2668 1709/2664 1239/2667
f 617/74 1239/86 1247/80
f 1236/1605 1239/1610 1235/1606
f 1710/4285 591/4284 1229/4287
f 1232/1608 1233/1604 1249/1609
f 1250/1196 1232/1194 1236/1193
f 1235/1606 1319/1603 1242/1602
f 1225/313 1201/315 1090/312
f 1228/1927 1203/1924 2648/1930
f 1710/4285 1230/4288 1238/4286
f 1201/315 1314/324 1202/331
f 1564/805 1217/807 1689/802
f 1186/386 557/387 1706/380
f 1713/1117 940/1114 1127/1110
f 1583/383 1706/380 557/387
f 1176/785 1177/792 1562/790
f 1136/1236 1272/1237 1075/1234
f 679/183 1718/180 1304/177
f 1176/785 540/782 538/781
f 545/1463 1178/1474 1123/1470
f 1189/1439 1105/1434 1318/1446
f 1155/747 158/743 1168/748
f 1168/748 1274/751 1155/747
f 1328/528 1943/517 1152/524
f 1311/4111 1129/4113 940/4112
f 1153/521 1169/529 1188/520
f 1125/3873 1191/3874 1194/3871
f 1263/538 1158/534 1147/535
f 1715/540 1263/538 1147/535
f 1124/3872 1143/3876 1125/3873
f 1178/1474 1119/1477 1123/1470
f 1310/1458 541/1465 545/1463
f 557/387 1186/386 1702/395
f 1172/2083 1310/2086 1163/2084
f 1187/1910 1305/1918 1121/1916
f 1310/1458 1172/1468 541/1465
f 1075/1234 1213/1239 1280/1241
f 1716/2119 1150/2122 1193/2126
f 1719/175 1663/182 1708/178
f 1304/177 508/185 679/183
f 1183/1248 1135/1246 1261/1242
f 549/171 1721/176 1179/174
f 1708/1054 1744/1041 1179/1044
f 1700/1247 1812/1245 1701/1244
f 1882/1832 1666/1826 1166/1829
f 1191/2140 1266/2133 1769/2141
f 1725/1838 1165/1833 1566/1825
f 1699/2023 1622/2025 1659/2027
f 1279/1243 1213/1239 1261/1242
f 1230/4288 1710/4285 1229/4287
f 1233/1604 1243/1607 1249/1609
f 1209/811 1222/815 1689/802
f 1244/2030 1699/2023 1659/2027
f 1314/324 1201/315 1711/318
f 1752/2925 904/2922 1129/2926
f 1126/1120 1713/1117 1127/1110
f 1194/759 1191/758 1274/751
f 1129/4113 1128/4115 940/4112
f 1715/540 2255/544 1828/546
f 1819/330 1711/318 1875/323
f 1581/1202 1630/1199 1248/1197
f 1222/815 1284/827 1300/821
f 1296/1925 1870/1926 1234/1923
f 1625/2363 1238/2368 1230/2356
f 1629/1195 1630/1199 1704/1203
f 1235/3649 1577/3653 1621/3652
f 1699/2023 1247/2026 1236/2024
f 1235/2670 1239/2667 1240/2666
f 1239/2667 1709/2664 1240/2666
f 1674/1616 1248/1612 1249/1609
f 1241/2671 1577/2672 1240/2666
f 1243/1607 1233/1604 1319/1603
f 1578/1132 1291/1135 1144/1128
f 137/952 69/948 70/942
f 1123/3657 1119/3659 1143/3658
f 1205/2088 1163/2084 1310/2086
f 1589/396 557/387 1702/395
f 1336/4228 1559/4226 1702/4225
f 1701/1244 1134/1249 1700/1247
f 1692/21 1560/24 1695/27
f 1212/358 1599/362 1557/359
f 1154/753 1155/747 1320/754
f 1277/3029 1276/3023 1259/3026
f 1154/3037 1275/3031 1277/3029
f 2298/4309 1694/4311 1693/4310
f 2655/858 1717/830 2656/853
f 1265/819 1682/833 1264/825
f 1697/23 1698/15 1692/21
f 1135/357 1184/361 1212/358
f 1193/38 1211/36 1270/34
f 1725/1838 1688/1844 1165/1833
f 1698/1921 1122/1913 1189/1922
f 1119/3959 2297/3960 1211/3961
f 1178/3963 2297/3960 1119/3959
f 1211/3961 2301/3962 1119/3959
f 1687/1129 1139/1125 1197/1131
f 1196/3032 1686/3033 1260/3028
f 1190/760 1275/757 1191/758
f 1685/3920 1262/3916 1197/3918
f 1259/3026 1720/3034 1277/3029
f 1685/3920 1686/3921 1262/3916
f 1178/1474 545/1463 546/1469
f 1685/3038 1301/3035 1686/3033
f 1131/1907 1122/1913 1697/1917
f 1254/3142 1255/3145 542/3143
f 2297/3960 1178/3963 1211/3961
f 1270/34 1211/36 1178/31
f 1193/3377 2296/3378 1208/3375
f 1690/32 1269/35 1270/34
f 1208/46 2296/41 1270/34
f 1269/35 1268/33 1212/37
f 1271/50 2295/47 1691/48
f 1561/19 1560/24 1692/21
f 1698/15 1561/19 1692/21
f 1272/1237 1691/1238 1075/1234
f 1691/1238 1724/1240 1213/1239
f 1270/34 1269/35 2292/39
f 1262/3916 1686/3921 2294/3919
f 1688/3917 1262/3916 2294/3919
f 1178/31 1690/32 1270/34
f 14/3753 1684/3752 1304/3751
f 1304/3751 1684/3752 507/3749
f 2291/9 543/5 540/14
f 1186/794 1695/800 1560/798
f 1255/26 1697/23 1692/21
f 1268/366 1278/373 1707/369
f 542/28 1278/29 546/30
f 1090/312 1693/319 1694/325
f 1316/3039 1720/3034 1301/3035
f 1105/1434 1106/1438 1318/1446
f 1698/1450 1189/1439 1318/1446
f 45/2199 164/2198 1316/2201
f 1683/317 1682/321 1258/328
f 1717/830 1257/846 1258/839
f 1109/173 14/179 1304/177
f 1691/1238 1213/1239 1075/1234
f 1651/4572 1842/4570 1735/4569
f 503/2029 1699/2023 1244/2030
f 1335/2401 1656/2398 1282/2392
f 2200/3614 2194/3615 2184/3612
f 2172/1507 1640/1513 1641/1514
f 471/1296 521/1298 1487/1294
f 1566/1825 1165/1833 1166/1829
f 1299/1483 1280/1484 1279/1481
f 529/197 679/183 530/194
f 1338/1422 1750/1420 1146/1425
f 1337/4522 1794/4521 2149/4520
f 1661/1047 1663/1060 1662/1061
f 1792/1335 1780/1332 1997/1337
f 1133/3219 1624/3222 1623/3226
f 1290/539 1149/541 1142/536
f 1852/3650 1621/3652 1572/3654
f 1579/2444 1580/2441 1858/2438
f 1872/2437 1575/2443 1573/2440
f 1677/1512 1679/1510 1678/1506
f 1575/1611 1579/1617 1676/1614
f 1628/1718 1647/1726 1297/1723
f 1633/1293 471/1296 1487/1294
f 2053/3386 1673/3388 1672/3385
f 1570/1720 1487/1730 1680/1727
f 1619/3221 1636/3223 2065/3227
f 1489/2807 1900/2804 1390/2809
f 2085/1498 1399/1502 2082/1496
f 2068/1342 2066/1339 2079/1343
f 1671/389 1614/379 1308/381
f 1041/722 1546/727 437/719
f 2012/1490 1366/1492 2063/1487
f 1607/4144 2123/4146 2120/4145
f 2139/1472 2135/1479 2153/1476
f 2119/398 1307/388 1670/391
f 2069/1038 1787/1042 1782/1051
f 1074/1141 1073/1144 1840/1138
f 2174/2341 2198/2337 2199/2342
f 2204/1210 1668/1213 1667/1215
f 2226/2240 2225/2245 2221/2246
f 2243/1959 1649/1956 2240/1953
f 1851/3932 2236/3935 2234/3933
f 1649/2366 1652/2361 1651/2358
f 2253/1949 2240/1953 1651/1951
f 2223/4323 1333/4324 2244/4325
f 2244/3977 2228/3974 2227/3973
f 1648/4365 1647/4363 1680/4362
f 1323/3748 2247/3744 2246/3743
f 1285/3975 1286/3979 1653/3972
f 2253/1949 1286/1955 2240/1953
f 2242/1961 2241/1960 1285/1958
f 2231/3601 1736/3594 1843/3600
f 1282/2392 1656/2398 1646/2395
f 2218/4015 1669/4017 2186/4016
f 1667/1215 1669/1218 2211/1220
f 2216/4011 2215/4014 2217/4012
f 1645/3609 2220/3607 2214/3606
f 2188/3189 1644/3200 1645/3196
f 2190/3199 2189/3195 2191/3191
f 1835/1212 2185/1217 1668/1213
f 2168/2346 2203/2348 2202/2351
f 1641/1514 1640/1513 1639/1515
f 2159/4436 1638/4439 2161/4437
f 2178/698 1643/702 2054/690
f 1677/3632 2170/3629 1679/3630
f 2187/568 2192/570 2189/563
f 1819/3431 2181/3433 2190/3434
f 1840/1138 1823/1136 1822/1134
f 1638/1525 2182/1523 1637/1521
f 1289/766 2163/776 1616/772
f 1307/388 1308/381 1620/384
f 2182/1523 2173/1517 1637/1521
f 2065/3227 1618/3229 1619/3221
f 1811/2654 2159/2658 1303/2647
f 1299/1483 1635/1482 1595/1486
f 1146/1425 1121/1435 1338/1422
f 1052/1430 1786/1419 1072/1429
f 1593/1783 2151/1781 1324/1779
f 1586/3153 1613/3154 1615/3151
f 1613/370 1790/376 1558/367
f 1614/379 1790/376 1308/381
f 2115/1039 2113/1040 2150/1030
f 2133/4244 954/4241 1066/4243
f 2146/1558 2147/1557 2144/1562
f 950/4240 1066/4243 954/4241
f 2104/3824 2102/3822 2110/3820
f 2125/3049 2118/3051 1609/3046
f 2125/393 1308/381 1608/392
f 2118/3051 1610/3050 1609/3046
f 1607/4507 1062/4509 2118/4510
f 2118/3638 1061/3640 1611/3641
f 2095/3041 1609/3046 1610/3050
f 1611/3052 1061/3060 1612/3059
f 1069/1767 2112/1773 1068/1775
f 2076/4352 2070/4355 2071/4353
f 1037/582 1033/575 1036/578
f 2093/3292 2091/3289 2092/3291
f 2087/3786 1606/3789 1605/3788
f 2085/1498 2082/1496 2062/1493
f 1600/363 2078/378 2081/377
f 1602/3898 1604/3903 1603/3901
f 2074/372 1558/367 1614/379
f 1558/367 1790/376 1614/379
f 2077/1347 1792/1335 2080/1344
f 2071/1354 2068/1342 2075/1349
f 1600/363 1558/367 2074/372
f 1613/370 1558/367 1599/362
f 2067/4283 2068/4281 1039/4282
f 2068/4281 1598/4278 1039/4282
f 1308/381 1613/370 1620/384
f 1791/1334 2066/1339 2068/1342
f 1635/1482 2063/1487 2060/1491
f 1595/1486 1635/1482 1634/1489
f 2047/2727 2065/2730 2059/2731
f 2062/1493 2012/1490 1812/1485
f 1896/681 1633/685 1570/678
f 2044/2159 2039/2162 2041/2164
f 2054/2167 2043/2166 2041/2164
f 2043/4024 1642/4022 1901/4019
f 2057/687 2040/684 2056/680
f 1648/4365 1297/4366 1647/4363
f 2056/680 2049/683 2057/687
f 1570/678 1571/682 1631/679
f 2056/680 1631/679 2049/683
f 1248/1197 1630/1199 1629/1195
f 1628/2394 1833/2400 1569/2396
f 2052/2397 1628/2394 1281/2393
f 1577/3653 1622/3655 1621/3652
f 1893/3713 1626/3707 2052/3709
f 1627/3704 2052/3709 1626/3707
f 1626/3707 1438/3705 1627/3704
f 1905/3710 1438/3705 1626/3707
f 1896/681 2040/684 1906/688
f 2040/2169 2054/2167 2041/2164
f 1886/3455 1891/3459 1888/3449
f 1891/3459 1899/3461 1909/3460
f 1246/2355 1696/2364 1231/2359
f 1230/2356 1231/2359 1625/2363
f 1848/2673 1576/2674 1577/2672
f 1232/1194 1248/1197 1629/1195
f 1577/2672 1241/2671 1848/2673
f 1319/3648 1852/3650 1243/3651
f 1314/324 1711/318 1819/330
f 1578/1132 1144/1128 1140/1124
f 1209/811 1881/818 1222/815
f 1284/827 1222/815 1880/823
f 1209/811 1210/810 1877/814
f 1564/805 1581/812 1674/816
f 1869/320 945/332 1814/326
f 781/316 782/327 1869/320
f 1878/3007 1861/3006 1879/3010
f 1821/1834 1666/1826 1882/1832
f 1666/1826 1566/1825 1166/1829
f 1816/553 1825/548 1876/545
f 1673/3388 1322/3389 1672/3385
f 1581/1202 1834/1205 1630/1199
f 1712/2022 1621/2028 1622/2025
f 1568/4207 1569/4206 1832/4209
f 1249/1609 1243/1607 1575/1611
f 1575/2443 1867/2446 1573/2440
f 1851/3932 1574/3931 1573/3934
f 1246/2355 1245/2357 1651/2358
f 1860/4106 1859/4109 1579/4108
f 1652/2361 1246/2355 1651/2358
f 1867/2259 1863/2256 1851/2251
f 1650/2370 1696/2364 1652/2361
f 1650/2370 1652/2361 1649/2366
f 1659/2679 1622/2676 1576/2674
f 1576/2674 1622/2676 1577/2672
f 1676/1614 1327/1618 1249/1609
f 1734/3017 1733/3009 1853/3012
f 1729/3480 1730/3481 1864/3477
f 1335/1200 1334/1204 1572/1198
f 1572/1198 1629/1195 1335/1200
f 1680/1727 1833/1722 1570/1720
f 1565/1828 1567/1831 1566/1825
f 1806/1827 1565/1828 1566/1825
f 1820/1209 1835/1212 1704/1203
f 945/569 995/567 1815/561
f 1140/1124 1822/1134 1578/1132
f 1840/1138 1838/1142 1839/1139
f 1567/1831 1287/1836 1566/1825
f 1659/2027 1568/2031 1244/2030
f 1812/1245 1279/1243 1701/1244
f 1809/769 1616/772 1617/774
f 1723/1460 1722/1459 1762/1462
f 1763/765 1594/771 1289/766
f 1289/766 1293/764 1292/763
f 1758/2123 1766/2120 1799/2128
f 1700/364 1185/360 1600/363
f 1040/1062 1782/1051 1783/1048
f 1049/1415 1786/1419 1048/1416
f 1661/1047 1744/1041 1708/1054
f 1559/4226 1305/4227 1592/4224
f 1723/2090 1205/2088 1310/2086
f 1615/3151 1585/3150 1586/3153
f 679/1073 1039/1070 1040/1062
f 1279/1481 1812/1485 1635/1482
f 1754/1466 1762/1462 1761/1461
f 1584/2117 1758/2123 1267/2127
f 556/390 1751/397 1583/383
f 1305/3281 1162/3282 1582/3272
f 1783/1048 1661/1047 1662/1061
f 1559/4226 1336/4228 1121/4229
f 1661/1047 1708/1054 1663/1060
f 1744/1041 1661/1047 1742/1036
f 1587/1103 1590/1106 1127/1110
f 1750/1420 1050/1414 1098/1417
f 1162/3282 1127/3279 1582/3272
f 1702/395 1592/403 1589/396
f 1613/4305 1748/4306 1615/4307
f 1557/359 1599/362 1558/367
f 1741/1786 1336/1788 1204/1791
f 1237/1940 1737/1932 1738/1931
f 1736/3594 1655/3596 1654/3598
f 1312/3402 1733/3404 1313/3406
f 14/179 1111/181 346/184
f 1304/177 1719/175 1109/173
f 1702/797 1563/791 1336/793
f 1695/382 1186/386 1706/380
f 1102/2781 1107/2778 552/2780
f 1102/2781 1101/2783 2510/2788
f 1175/1842 1321/1837 1166/1829
f 1706/380 1583/383 1707/369
f 1689/802 1202/804 1564/805
f 1336/793 1563/791 1562/790
f 1122/1913 1306/1920 1189/1922
f 1561/789 1176/785 1562/790
f 1577/2672 1235/2670 1240/2666
f 506/187 679/183 508/185
f 1713/1911 1131/1907 1253/1915
f 1186/794 1560/798 1561/789
f 557/387 556/390 1583/383
f 1562/790 1204/796 1336/793
f 1121/4229 1305/4227 1559/4226
f 1658/2372 1650/2370 1657/2374
f 496/3829 351/3830 379/3831
f 2304/412 2259/413 2305/414
f 1545/4379 2288/4380 1526/4381
f 1551/443 2007/438 1548/432
f 1536/627 1535/625 1534/630
f 1528/3716 1533/3717 1527/3718
f 1539/2172 1547/2173 1523/2174
f 2285/4429 1532/4430 2520/4431
f 1525/593 2285/602 1526/600
f 1522/3180 2000/3181 1520/3182
f 1032/580 2283/588 1036/578
f 1543/594 1036/578 2283/588
f 1549/458 2008/448 1520/452
f 1548/432 2007/438 418/421
f 1521/3575 418/3576 2289/3577
f 418/421 2007/438 1551/443
f 2002/3581 1537/3579 418/3576
f 2290/601 1543/594 2283/588
f 1522/605 1543/594 2290/601
f 2526/3582 1518/3580 2528/3584
f 2257/2190 1538/2186 2260/2180
f 2260/2180 1521/2193 2257/2190
f 1538/2186 2257/2190 2527/2194
f 2289/3577 1518/3580 2257/3578
f 2257/3578 1521/3575 2289/3577
f 6/415 1521/418 2259/413
f 2260/422 2259/413 1521/418
f 1545/612 1532/615 1549/609
f 1549/609 2290/601 2287/604
f 2285/602 1524/623 1532/615
f 2530/2191 1538/2186 2531/2195
f 418/3576 1537/3579 2289/3577
f 1519/3583 1518/3580 1537/3579
f 2524/4382 1526/4381 2532/4383
f 1526/4381 2285/4386 2521/4385
f 1545/612 1549/609 2287/604
f 1549/609 1522/605 2290/601
f 1526/600 2283/588 1525/593
f 2003/459 1550/454 2008/448
f 1519/3583 1537/3579 2002/3581
f 2288/4499 1545/4500 2287/4501
f 2259/413 2260/422 1539/426
f 2307/2179 1553/2175 2309/2185
f 1553/2175 1523/2174 2311/2178
f 1533/3717 1528/3716 2535/3720
f 1544/621 1524/623 1535/625
f 2535/3720 1534/3719 2537/3724
f 1536/627 1541/626 1544/621
f 1527/3718 1534/3719 1528/3716
f 1527/635 1541/626 1534/630
f 2519/2177 1547/2173 2534/2182
f 1544/621 1535/625 1536/627
f 1530/607 1029/590 2476/606
f 1531/610 2285/602 1530/607
f 2537/3724 1535/3727 2540/3729
f 2539/628 1524/623 2542/631
f 1534/630 1541/626 1536/627
f 1531/4580 1530/4581 2545/4582
f 2285/602 1531/610 2544/614
f 2548/620 2285/602 2549/617
f 1029/590 1530/607 2285/602
f 2285/602 1525/593 1029/590
f 1525/593 2283/588 1032/580
f 1527/635 2286/633 1541/626
f 2002/3581 2284/3586 1519/3583
f 2258/2176 1547/2173 1539/2172
f 1519/3583 1527/3590 2282/3591
f 2284/3586 2286/3588 1519/3583
f 1527/3590 1519/3583 2286/3588
f 1527/3718 1533/3717 2282/3721
f 2284/629 1541/626 2286/633
f 1541/626 2003/624 1544/621
f 2284/629 2003/624 1541/626
f 2003/624 1540/619 1544/621
f 2533/2181 2258/2176 2552/2187
f 2282/3721 1533/3717 2551/3723
f 1432/2005 701/2006 494/2007
f 10/211 12/207 11/188
f 346/4069 8/4070 7/4071
f 506/187 663/190 679/183
f 5/424 6/415 2313/420
f 515/1074 516/1075 8/1076
f 5/424 1/431 703/425
f 696/3946 1377/3947 697/3948
f 567/4530 566/4531 2316/4532
f 695/2584 694/2585 410/2586
f 559/2699 364/2700 666/2701
f 353/138 690/142 580/134
f 693/4230 700/4231 2691/4232
f 468/4061 686/4062 2693/4063
f 649/107 472/106 644/97
f 596/124 469/133 464/125
f 565/243 698/242 511/234
f 1494/3329 583/3330 2267/3331
f 491/2603 411/2590 691/2599
f 365/146 374/150 561/143
f 449/218 577/233 573/231
f 338/1624 488/1625 465/1626
f 591/62 592/60 687/59
f 592/60 685/53 687/59
f 477/70 616/100 502/95
f 477/70 617/74 1247/80
f 510/2033 612/2036 503/2029
f 1238/79 617/74 591/62
f 468/68 592/60 610/67
f 481/2704 558/2702 666/2701
f 559/2699 666/2701 558/2702
f 666/3351 482/3352 481/3353
f 506/187 457/192 485/193
f 591/62 601/69 594/66
f 1597/2034 684/2038 509/2032
f 669/3256 666/3257 364/3258
f 481/2222 466/2223 455/2224
f 490/203 674/208 1501/196
f 444/226 511/234 450/237
f 450/2999 671/3000 344/3001
f 663/190 506/187 485/193
f 488/1625 505/1634 673/1631
f 688/1877 408/1878 2318/1879
f 671/3321 665/3322 447/3323
f 409/1881 668/1883 667/1887
f 669/3256 1503/3263 670/3260
f 666/3257 670/3260 484/3264
f 451/3514 575/3515 384/3516
f 658/1890 668/1883 2320/1891
f 691/2599 664/2594 1468/2602
f 445/3521 567/3518 451/3514
f 583/2232 456/2227 571/2228
f 504/1632 488/1625 489/1630
f 488/1625 486/1627 489/1630
f 668/1883 688/1877 2319/1880
f 2327/1898 658/1890 2328/1897
f 520/120 596/124 595/115
f 630/4543 609/4544 605/4545
f 518/85 478/71 631/78
f 641/3982 628/3983 501/3984
f 580/134 690/142 365/146
f 499/102 620/93 642/92
f 623/4150 641/4151 624/4152
f 585/98 500/108 609/104
f 606/4156 622/4153 519/4154
f 618/75 603/72 594/66
f 594/66 478/71 618/75
f 603/72 615/76 610/67
f 642/92 518/85 644/97
f 518/85 650/103 644/97
f 499/102 644/97 472/106
f 584/4413 574/4414 656/4415
f 513/127 358/130 599/122
f 584/144 576/140 561/143
f 600/132 360/141 357/137
f 513/127 598/118 600/132
f 640/110 377/114 649/107
f 637/1900 678/1896 2327/1898
f 479/465 472/466 649/467
f 560/116 579/121 585/98
f 501/3984 640/3985 641/3982
f 641/3982 640/3985 647/3988
f 649/107 644/97 650/103
f 640/110 650/103 647/101
f 602/82 604/88 620/93
f 574/4245 648/4246 656/4247
f 645/3922 651/3923 584/3924
f 568/4248 648/4246 574/4245
f 2698/2311 1484/2312 2700/2313
f 476/2331 475/2333 638/2329
f 584/3924 635/3925 645/3922
f 569/3205 474/3206 629/3207
f 570/126 560/116 572/129
f 626/3208 629/3207 627/3212
f 625/2018 375/2008 365/2013
f 496/2320 495/2314 2701/2325
f 501/117 377/114 640/110
f 623/4150 609/4155 630/4158
f 624/96 647/101 518/85
f 519/90 624/96 518/85
f 609/4155 623/4150 622/4153
f 464/4160 469/4161 454/4162
f 596/1307 427/1303 633/1310
f 596/3241 633/3242 354/3243
f 478/71 619/81 618/75
f 619/81 604/88 618/75
f 686/3301 512/3302 2038/3303
f 601/69 591/62 477/70
f 503/87 502/95 616/100
f 592/60 593/64 610/67
f 521/113 590/105 612/109
f 591/62 617/74 477/70
f 590/105 586/99 502/95
f 590/105 613/119 520/120
f 521/113 613/119 590/105
f 520/120 595/115 590/105
f 500/4516 605/4517 609/4518
f 598/118 438/128 614/131
f 649/107 650/103 640/110
f 631/78 477/70 588/84
f 622/4153 607/4157 609/4155
f 588/4159 607/4157 606/4156
f 587/91 586/99 585/98
f 595/115 589/111 590/105
f 433/73 615/76 603/72
f 611/89 603/72 602/82
f 585/98 579/121 598/118
f 579/121 438/128 598/118
f 513/127 608/123 598/118
f 614/131 600/132 598/118
f 597/112 608/123 513/127
f 599/122 501/117 597/112
f 599/473 358/476 378/470
f 478/71 518/85 642/92
f 500/108 597/112 501/117
f 585/98 598/118 597/112
f 599/122 597/112 513/127
f 500/108 585/98 597/112
f 609/104 607/94 585/98
f 622/4153 606/4156 607/4157
f 631/78 588/84 519/90
f 642/4265 619/4266 478/4267
f 620/93 604/88 619/81
f 594/66 601/69 478/71
f 591/62 594/66 593/64
f 593/64 592/60 591/62
f 592/60 468/68 2703/65
f 468/68 433/73 2696/77
f 610/67 593/64 594/66
f 585/98 586/99 590/105
f 589/111 585/98 590/105
f 588/84 477/70 587/91
f 520/1300 613/1302 521/1298
f 607/94 588/84 587/91
f 595/115 560/116 589/111
f 580/134 572/129 464/125
f 585/98 589/111 560/116
f 580/134 578/139 572/129
f 561/143 580/134 365/146
f 345/2703 462/2706 338/2708
f 571/2228 466/2223 480/2226
f 490/203 343/214 504/215
f 576/140 562/135 561/143
f 570/126 569/136 438/128
f 560/116 570/126 579/121
f 438/128 579/121 570/126
f 576/140 570/126 562/135
f 362/3159 363/3160 600/3161
f 2330/245 452/232 2331/239
f 453/1986 383/1987 342/1988
f 363/145 517/147 360/141
f 569/136 576/140 584/144
f 574/148 584/144 561/143
f 570/126 576/140 569/136
f 562/135 578/139 580/134
f 572/129 578/139 562/135
f 338/2708 462/2706 461/2707
f 570/126 572/129 562/135
f 568/151 574/148 561/143
f 511/234 442/238 565/243
f 565/4260 442/4261 441/4262
f 573/231 442/238 511/234
f 446/235 564/255 2335/253
f 571/2228 456/2227 466/2223
f 448/3003 344/3001 671/3000
f 467/202 344/219 343/214
f 560/116 595/115 464/125
f 464/125 572/129 560/116
f 595/115 596/124 464/125
f 454/4162 469/4161 353/4163
f 463/2705 558/2702 481/2704
f 458/201 460/212 459/213
f 453/227 343/214 452/232
f 2331/239 446/235 2337/244
f 344/219 459/213 443/223
f 345/2703 558/2702 463/2705
f 345/2703 559/2699 558/2702
f 462/2706 345/2703 463/2705
f 451/3514 452/3519 445/3521
f 444/226 573/231 511/234
f 2338/247 573/231 2339/241
f 463/2705 455/2709 461/2707
f 346/184 7/186 14/179
f 11/188 12/207 458/201
f 12/457 1516/446 449/451
f 573/231 444/226 449/218
f 580/134 561/143 562/135
f 699/1992 662/1989 634/1990
f 428/1306 1511/1312 1510/1309
f 676/2142 465/2143 659/2144
f 575/3515 451/3514 567/3518
f 602/1963 621/1964 611/1965
f 681/205 2272/210 2072/198
f 485/193 1501/196 663/190
f 1429/2145 1430/2151 2266/2149
f 1407/3805 1412/3806 1422/3807
f 1361/1353 1493/1348 1420/1346
f 367/4624 366/4625 683/4626
f 682/2486 367/2489 683/2491
f 1442/1316 348/1315 1414/1308
f 1390/2809 1490/2813 1489/2807
f 2268/4289 2263/4290 2264/4291
f 684/2038 677/2035 509/2032
f 1499/3527 1498/3528 1497/3529
f 422/3485 1496/3486 400/3487
f 379/3831 476/3832 496/3829
f 1488/3842 1485/3836 2708/3840
f 599/122 377/114 501/117
f 438/3211 569/3205 626/3208
f 684/1732 1487/1730 677/1734
f 428/1306 470/1299 1486/1304
f 476/2331 638/2329 496/2320
f 2342/149 517/147 2343/152
f 380/2568 1346/2569 1341/2570
f 584/3209 474/3206 569/3205
f 585/98 607/94 587/91
f 2019/3418 415/3419 1343/3420
f 351/3830 496/3829 2702/3833
f 1439/2943 2034/2944 429/2945
f 1993/2012 2281/2017 675/2009
f 678/1896 702/1899 675/1892
f 1466/1901 1470/1905 701/1902
f 450/237 698/242 665/248
f 383/3517 451/3514 384/3516
f 362/2927 1476/2928 1471/2929
f 1444/3166 1445/3164 1475/3169
f 479/465 413/471 414/469
f 1468/2602 664/2594 2344/2605
f 2016/3429 2019/3418 2017/3424
f 1954/4218 1463/4219 395/4220
f 1970/486 1455/488 1454/491
f 1449/2011 375/2008 1428/2015
f 425/695 1462/704 426/708
f 1460/2808 1883/2806 1461/2805
f 1495/689 1440/696 1632/692
f 1458/3530 1436/3535 1457/3533
f 1960/3116 1959/3117 2348/3118
f 1453/693 1896/681 425/695
f 1408/2896 1410/2897 1416/2898
f 1434/2755 1451/2756 1450/2757
f 1450/2757 420/2758 1434/2755
f 1426/2854 1425/2855 1449/2856
f 1475/2934 1476/2928 1444/2931
f 1413/1311 1414/1308 1440/1305
f 1432/2005 1993/2012 675/2009
f 703/425 1431/428 418/421
f 1426/2019 1428/2015 1427/2021
f 1384/4095 1423/4096 1381/4097
f 2008/448 1551/443 1548/432
f 1421/3810 1422/3807 1412/3806
f 1364/3462 1387/3463 1378/3464
f 491/2603 492/2606 1382/2600
f 1423/2003 1383/2002 1405/2001
f 1377/3947 1411/3950 697/3948
f 1391/4098 1419/4101 1384/4095
f 1399/3765 1401/3764 1400/3768
f 1361/1353 1398/1359 1365/1366
f 2010/1368 1403/1371 1998/1357
f 1392/2475 1389/2474 1388/2473
f 1368/2902 1408/2896 1369/2899
f 1366/2478 2012/2471 1367/2476
f 1363/1370 1365/1366 1364/1373
f 1995/1336 2273/1340 368/1345
f 399/3540 1965/3534 1376/3538
f 1375/3541 385/3542 1371/3543
f 1372/3074 1373/3075 385/3076
f 2024/3080 431/3082 1372/3074
f 2027/3754 2029/3755 2033/3756
f 1356/2571 1341/2570 1359/2574
f 1341/2570 1346/2569 1347/2573
f 1345/2576 1347/2573 1346/2569
f 2034/2944 1371/2948 1360/2947
f 2254/2371 1657/2374 1650/2370
f 350/4295 639/4296 407/4297
f 399/3540 1968/3539 1965/3534
f 415/3419 1344/3423 1343/3420
f 417/3230 1349/3231 2352/3232
f 417/2575 380/2568 1356/2571
f 380/2568 1509/2572 1346/2569
f 2014/3086 394/3083 2015/3084
f 355/1967 621/1964 620/1966
f 1339/2820 381/2821 1340/2822
f 1506/4547 1505/4548 2713/4549
f 352/2580 1345/2576 1509/2572
f 1506/3315 2038/3303 2715/3309
f 2707/2837 693/2835 2711/2838
f 2035/2831 1340/2822 1344/2828
f 700/3841 1488/3842 2709/3843
f 417/2575 1356/2571 1349/2579
f 389/1793 1439/1794 429/1795
f 1513/3078 1373/3075 1372/3074
f 1345/2576 1342/2582 1347/2573
f 390/1822 389/1823 1352/1824
f 1341/2570 1356/2571 380/2568
f 2031/2581 1354/2577 1347/2573
f 693/2835 2035/2831 2036/2833
f 2718/2826 2037/2823 2722/2829
f 693/4230 2036/4234 700/4231
f 1340/2822 2035/2831 2706/2834
f 1344/2828 2036/2833 2035/2831
f 2036/4234 1344/4238 416/4236
f 416/4236 700/4231 2036/4234
f 1505/4548 1506/4547 2716/4550
f 2037/2823 1339/2820 1340/2822
f 1344/2828 1340/2822 1343/2825
f 350/1972 349/1974 355/1967
f 414/3549 1348/3545 2025/3546
f 2026/2949 1370/2946 1439/2943
f 415/3419 1347/3427 1342/3430
f 1360/2947 414/2950 429/2945
f 1360/3547 1348/3545 414/3549
f 393/1970 394/1980 1353/1976
f 429/2945 2034/2944 1360/2947
f 1355/1799 1352/1802 389/1793
f 2358/1806 397/1805 2359/1808
f 1370/3964 2026/3965 2027/3966
f 1465/1811 390/1813 1352/1802
f 2351/1810 1352/1802 2357/1809
f 1465/1811 1351/1814 1350/1815
f 1351/1814 1465/1811 2350/1812
f 1350/1815 390/1813 1465/1811
f 1439/1794 389/1793 2026/1797
f 1370/2946 1371/2948 2034/2944
f 2034/2944 1439/2943 1370/2946
f 1358/4170 1359/4171 1357/4172
f 1350/3970 391/3967 390/3969
f 1341/2570 1354/2577 1359/2574
f 2032/2583 1359/2574 1354/2577
f 2022/4337 432/4338 2030/4339
f 2031/4340 2022/4337 2030/4339
f 2027/3754 388/3760 1357/3759
f 2022/3081 1513/3078 1372/3074
f 1359/4171 2032/4174 1357/4172
f 392/1977 1513/1983 394/1980
f 1347/3427 2020/3422 2031/3426
f 415/3419 2020/3422 1347/3427
f 2032/2583 1354/2577 2031/2581
f 1354/2577 1341/2570 1347/2573
f 2016/3429 2031/3426 2019/3418
f 387/4173 1359/4171 1358/4170
f 1350/3763 387/3762 388/3760
f 388/3968 2027/3966 391/3967
f 1358/3761 388/3760 387/3762
f 387/4173 1350/4175 1359/4171
f 1356/2571 1359/2574 1350/2578
f 431/4186 2032/4187 2030/4188
f 2020/3422 2019/3418 2031/3426
f 2022/4337 2031/4340 2016/4342
f 431/3758 2024/3757 2027/3754
f 2033/2955 2028/2954 1370/2946
f 2033/3756 2029/3755 2024/3757
f 2024/3757 2029/3755 2027/3754
f 2028/4469 2033/4470 2024/4471
f 2033/2955 1370/2946 2027/2956
f 2027/3966 2026/3965 391/3967
f 390/3969 391/3967 2026/3965
f 1370/2946 386/2952 1375/2951
f 1375/3541 386/3544 385/3542
f 2028/2954 2023/2953 1370/2946
f 386/2952 1370/2946 2023/2953
f 2024/3080 1372/3074 386/3077
f 2016/3085 2015/3084 2022/3081
f 2023/4472 2028/4469 2024/4471
f 1360/3547 1371/3543 1348/3545
f 385/3076 386/3077 1372/3074
f 2022/3081 394/3083 1513/3078
f 2015/3084 394/3083 2022/3081
f 432/4189 392/4191 1372/4190
f 1373/3075 2021/3079 385/3076
f 432/3552 2022/3556 349/3554
f 385/3542 1348/3545 1371/3543
f 1964/3495 398/3490 399/3494
f 1375/2951 1371/2948 1370/2946
f 2025/3546 2021/3548 1373/3550
f 407/3551 2025/3546 1373/3550
f 385/3542 2021/3548 2025/3546
f 432/3552 407/3551 1373/3550
f 2022/4192 392/4191 349/4193
f 1343/4474 1353/4475 2014/4476
f 1373/3550 1513/3555 392/3553
f 2015/3084 2017/3087 2013/3088
f 1343/1973 393/1970 1353/1976
f 2722/4503 1340/4504 2727/4505
f 2013/3421 2017/3424 2019/3418
f 2019/3418 2020/3422 415/3419
f 2019/3418 1343/3420 2013/3421
f 2015/3084 2016/3085 2017/3087
f 2013/3088 2014/3086 2015/3084
f 2014/3086 1353/3089 394/3083
f 2014/3425 2013/3421 1343/3420
f 1973/3246 1975/3249 1976/3247
f 1361/1353 2009/1363 1362/1356
f 1540/619 2003/624 2008/622
f 2001/449 2002/455 418/421
f 1605/3284 1363/3283 1378/3286
f 1529/3785 1605/3788 1378/3790
f 1529/3785 1378/3790 2018/3791
f 1456/3792 2018/3791 1378/3790
f 1401/3764 2018/3766 1456/3767
f 1400/3768 1401/3764 1456/3767
f 1900/2804 1489/2807 1461/2805
f 1389/2474 1367/2476 2012/2471
f 1982/2479 1490/2482 1367/2476
f 1982/2479 1985/2481 1404/2484
f 2011/2480 1366/2478 1367/2476
f 1393/3465 1392/3472 1515/3473
f 1982/2479 1367/2476 1980/2477
f 1403/1371 2010/1368 1402/1372
f 1982/2479 682/2486 1490/2482
f 1365/4477 1398/4478 1998/4479
f 1365/1366 1363/1370 1361/1353
f 1364/1373 1365/1366 1379/1374
f 1379/1374 1998/1357 1403/1371
f 1365/1366 1998/1357 1379/1374
f 1419/4101 1383/4099 1384/4095
f 1394/3814 1980/3815 1392/3816
f 492/3953 697/3948 1411/3950
f 419/2557 1386/2558 1427/2559
f 2006/3470 1393/3465 1515/3473
f 1391/4098 1411/4102 1419/4101
f 1402/3813 1412/3806 1394/3814
f 1379/3467 1403/3471 1402/3469
f 1364/3462 1393/3465 1387/3463
f 1402/3469 1392/3472 1393/3465
f 1377/1641 1992/1640 1419/1639
f 1392/3816 1402/3813 1394/3814
f 1379/3467 1402/3469 1393/3465
f 1392/3769 1400/3768 1515/3771
f 1981/2810 1368/2814 1461/2805
f 1489/2807 1981/2810 1461/2805
f 1388/3772 1399/3765 1392/3769
f 1400/3768 1392/3769 1399/3765
f 1393/3465 2005/3468 1387/3463
f 1515/3473 2004/3474 2006/3470
f 1400/3768 2005/3770 2004/3773
f 1393/3465 2006/3470 2005/3468
f 2005/3468 2006/3470 2004/3474
f 1400/3768 2004/3773 1515/3771
f 426/708 1462/704 1514/713
f 2005/3770 1400/3768 1456/3767
f 1378/3464 1387/3463 1456/3466
f 1378/1375 1363/1370 1364/1373
f 1391/4098 1384/4095 1381/4097
f 664/2594 691/2599 411/2590
f 1384/4095 1383/4099 1423/4096
f 2001/449 1551/443 1550/454
f 1555/3183 436/3185 1522/3180
f 2001/449 2003/459 2002/455
f 2284/462 2002/455 2003/459
f 1544/621 1540/619 1532/615
f 2008/622 1549/609 1540/619
f 2003/459 2001/449 1550/454
f 1036/4027 1543/4031 1542/4028
f 2001/449 418/421 1551/443
f 404/3184 1555/3183 1520/3182
f 436/3185 1542/3187 1522/3180
f 1542/730 436/723 1546/727
f 1542/3187 1543/3188 1522/3180
f 1520/3182 1555/3183 1522/3180
f 1382/2600 492/2606 1380/2604
f 1405/2001 406/1998 1504/1997
f 1480/2595 1381/2607 1552/2609
f 1480/2595 1380/2604 1381/2607
f 1381/2607 1380/2604 492/2606
f 1381/2607 1423/2610 1552/2609
f 1480/1999 1552/2000 1504/1997
f 1552/2000 1423/2003 1405/2001
f 1405/2001 1504/1997 1552/2000
f 1480/2595 1382/2600 1380/2604
f 491/3956 1991/3952 697/3948
f 1381/4097 492/4100 1391/4098
f 1411/4102 1391/4098 492/4100
f 1377/1641 1500/1638 1992/1640
f 492/3953 491/3956 697/3948
f 1411/1642 1377/1641 1419/1639
f 1405/2001 1383/2002 406/1998
f 1420/1346 368/1345 1424/1352
f 1998/1357 1421/1364 2010/1368
f 1383/2002 1419/2004 406/1998
f 1998/4479 1398/4478 1420/4480
f 406/1637 1419/1639 1469/1633
f 403/437 404/447 1554/442
f 1548/432 403/437 1554/442
f 1555/1087 404/1091 341/1080
f 1555/1087 514/1083 436/1086
f 436/723 437/719 1546/727
f 1362/1356 1493/1348 1361/1353
f 1361/1353 1420/1346 1398/1359
f 1420/1346 1493/1348 1418/1341
f 1418/1341 1997/1337 1417/1330
f 1424/1352 1998/1357 1420/1346
f 1995/1336 1420/1346 1418/1341
f 1421/1364 1424/1352 369/1358
f 1418/4402 1493/4399 1997/4401
f 1417/1330 1995/1336 1418/1341
f 341/1080 514/1083 1555/1087
f 411/2590 491/2603 1382/2600
f 1382/2600 1480/2595 411/2590
f 695/2584 1999/2591 699/2596
f 404/447 1517/453 1554/442
f 1419/1639 1992/1640 1469/1633
f 369/1358 1996/1365 1422/1369
f 1402/1372 2010/1368 1421/1364
f 1422/1369 1421/1364 369/1358
f 491/3956 691/3957 1991/3952
f 1425/2855 1990/2858 1449/2856
f 697/3948 1991/3952 1989/3949
f 1468/3958 1989/3949 691/3957
f 493/2147 1507/2154 689/2148
f 662/1989 405/1994 673/1991
f 1407/3805 1441/3809 1412/3806
f 1432/2005 1990/2016 1993/2012
f 1449/2011 1432/2005 375/2008
f 1983/2859 1481/2857 1426/2854
f 1492/2561 1386/2558 1385/2562
f 1430/2564 1492/2561 1385/2562
f 1410/2897 1408/2896 1448/2900
f 1984/2487 367/2489 1404/2484
f 1385/2562 2266/2563 1430/2564
f 483/3356 1986/3357 1406/3360
f 1406/2488 1503/2490 1985/2481
f 1389/2474 1392/2475 1980/2477
f 1441/3809 1395/3812 1412/3806
f 1448/2900 1408/2896 1368/2902
f 1980/2477 1395/2485 1985/2481
f 682/2486 1982/2479 1404/2484
f 1368/2902 1981/2906 1448/2900
f 1981/2906 682/2910 1448/2900
f 1982/2479 1980/2477 1985/2481
f 1980/2477 1367/2476 1389/2474
f 1390/2483 1367/2476 1490/2482
f 1427/2021 1428/2015 419/2020
f 375/2008 419/2020 1428/2015
f 1980/3815 1394/3814 1395/3812
f 1412/3806 1402/3813 1421/3810
f 1427/2559 1386/2558 1492/2561
f 1395/3812 1394/3814 1412/3806
f 1983/2859 1426/2854 1427/2862
f 1492/2865 1983/2859 1427/2862
f 1449/2011 1428/2015 1426/2019
f 1426/2854 1481/2857 1425/2855
f 1446/497 402/500 2364/502
f 1454/491 1447/495 1446/497
f 1447/495 1483/493 2366/496
f 1442/1316 1414/1308 1443/1314
f 420/2758 1454/2764 1446/2765
f 1978/2901 1416/2898 1410/2897
f 1956/2811 1397/2816 1396/2817
f 1416/1321 1978/1320 1442/1316
f 1442/1316 1415/1319 1416/1321
f 1410/2897 1975/2904 1978/2901
f 1368/2814 1397/2816 1956/2811
f 1495/689 1413/697 1440/696
f 1446/497 1447/495 402/500
f 1447/495 1454/491 1483/493
f 2363/501 1447/495 2367/499
f 1495/689 1632/692 1633/685
f 1511/1312 1414/1308 348/1315
f 348/1315 1442/1316 1978/1320
f 1440/1305 1414/1308 1409/1301
f 1972/3168 1445/3164 439/3165
f 1410/2897 1974/2903 1975/2904
f 438/3167 439/3165 614/3162
f 420/2758 421/2761 1434/2755
f 420/2758 1970/2760 1454/2764
f 1962/3129 1961/3128 1374/3131
f 389/1793 413/1796 424/1798
f 1959/3117 1962/3129 2369/3125
f 424/1798 413/1796 1508/1800
f 1963/4180 1596/4181 1966/4182
f 1437/4183 1966/4182 1596/4181
f 1497/4523 422/4524 661/4525
f 1496/3486 398/3490 400/3487
f 400/3531 1965/3534 1498/3528
f 1437/3708 1438/3705 1966/3711
f 400/3487 398/3490 1964/3495
f 1244/3702 1438/3705 1437/3708
f 400/3531 1964/3536 1965/3534
f 1963/3617 1966/3622 1905/3620
f 1436/3496 1435/3491 400/3487
f 1436/3496 400/3487 1457/3498
f 1905/3620 1971/3619 1963/3617
f 400/3531 1458/3530 1457/3533
f 1964/3536 1376/3538 1965/3534
f 1355/1799 389/1793 424/1798
f 1376/3538 1964/3536 399/3540
f 396/1807 1958/1804 1433/1803
f 1433/487 1969/484 1450/489
f 430/2767 421/2761 1446/2765
f 1957/2759 1433/2763 1450/2757
f 1961/3128 1463/3123 1374/3131
f 421/2761 420/2758 1446/2765
f 412/2770 421/2761 430/2767
f 1451/4222 1434/4223 1464/4221
f 421/3134 412/3137 1374/3131
f 1962/3129 1374/3131 2373/3135
f 397/1805 1352/1802 1355/1799
f 424/1798 1958/1804 423/1801
f 1355/3124 1960/3116 397/3126
f 423/3120 1960/3116 1355/3124
f 2347/3122 1960/3116 2349/3119
f 1959/3117 1961/3128 1962/3129
f 396/2762 1957/2759 1451/2756
f 1959/3117 1960/3116 423/3120
f 1463/3123 1959/3117 423/3120
f 423/3120 1958/3127 1463/3123
f 1463/4512 1958/4513 396/4514
f 430/2767 1953/2772 412/2770
f 430/2767 1955/2774 1953/2772
f 1957/2759 396/2762 1433/2763
f 1463/4219 1464/4221 1434/4223
f 1961/3128 1959/3117 1463/3123
f 1451/2756 1957/2759 1450/2757
f 1415/1319 1442/1316 1443/1314
f 1415/1319 1443/1314 1452/1317
f 1452/1317 1443/1314 1413/1311
f 1495/689 1453/693 1413/697
f 1408/2896 1416/2898 1369/2899
f 1369/1323 1416/1321 1415/1319
f 1462/2815 1884/2812 1514/2818
f 1883/2806 1884/2812 1462/2815
f 1413/697 1453/693 425/695
f 1884/2812 1460/2808 1956/2811
f 1415/1319 1452/1317 426/1322
f 1368/2814 1956/2811 1461/2805
f 1396/2817 1514/2818 1884/2812
f 1461/2805 1956/2811 1460/2808
f 1397/2816 1369/2819 1396/2817
f 426/1322 1514/1325 1396/1324
f 1415/1319 426/1322 1396/1324
f 1415/1319 1396/1324 1369/1323
f 1369/2819 1397/2816 1368/2814
f 2378/4481 1955/4482 2379/4483
f 430/2767 1459/2775 1955/2774
f 1955/4482 1459/4488 2377/4487
f 1464/4221 1463/4219 1954/4218
f 396/4514 395/4515 1463/4512
f 396/2762 1451/2756 1954/2766
f 1512/2941 1478/2942 2279/2940
f 2383/160 645/161 2384/162
f 1512/3927 1482/3929 473/3926
f 2279/2940 2280/2938 1482/2937
f 2280/2938 1472/2932 1482/2937
f 1470/4251 648/4246 494/4250
f 2384/162 637/163 2385/164
f 645/3922 1478/3928 1512/3927
f 645/3922 1512/3927 473/3926
f 2280/2938 2279/2940 1474/2939
f 645/4489 1474/4490 1478/4491
f 1474/2939 2279/2940 1478/2942
f 473/3210 1482/3213 629/3207
f 1473/2933 1471/2929 1472/2932
f 1474/2939 1473/2933 2280/2938
f 627/4076 1477/4077 626/4078
f 497/2930 362/2927 1471/2929
f 497/2930 1471/2929 1473/2933
f 473/3926 651/3923 645/3922
f 1473/157 1474/159 2382/158
f 635/165 637/163 645/161
f 517/4371 563/4372 497/4373
f 498/4374 517/4371 497/4373
f 473/3926 584/3924 651/3923
f 656/4247 648/4246 636/4249
f 635/165 1470/167 637/163
f 648/4246 1470/4251 636/4249
f 1466/1901 637/1900 1470/1905
f 635/165 636/168 1470/167
f 636/4417 635/4416 656/4415
f 637/1900 1466/1901 678/1896
f 658/1890 678/1896 675/1892
f 658/1890 667/1887 668/1883
f 668/1883 409/1881 688/1877
f 447/3323 665/3322 565/3325
f 448/3324 671/3321 447/3323
f 575/2588 695/2584 384/2592
f 1467/1884 409/1881 654/1886
f 504/215 2267/225 2269/220
f 511/234 698/242 450/237
f 667/1887 654/1886 409/1881
f 494/1906 701/1902 1470/1905
f 701/1902 675/1892 702/1899
f 701/1902 702/1899 1466/1901
f 2389/2589 575/2588 2390/2597
f 410/2586 1987/2587 695/2584
f 2388/2598 410/2586 2392/2593
f 565/243 665/248 698/242
f 440/440 2/435 5/424
f 408/3858 1468/3859 2345/3860
f 1468/3859 408/3858 2393/3862
f 675/1892 655/1894 654/1886
f 634/1990 383/1987 384/1993
f 671/252 450/237 665/248
f 384/1993 699/1992 634/1990
f 1987/2587 1999/2591 695/2584
f 1469/1633 1994/1635 406/1637
f 384/2592 695/2584 699/2596
f 659/2144 689/2148 1429/2145
f 2393/3862 1988/3864 2395/3865
f 655/1894 2274/1893 654/1886
f 654/1886 2274/1893 1988/1889
f 675/2009 701/2006 1432/2005
f 408/1878 1467/1884 654/1886
f 1988/1889 408/1878 654/1886
f 654/1886 667/1887 675/1892
f 575/2588 694/2585 695/2584
f 410/2586 694/2585 2389/2589
f 691/3957 1989/3949 1991/3952
f 1480/2595 1999/2591 1987/2587
f 699/2596 1999/2591 1480/2595
f 1480/1999 1504/1997 699/1992
f 699/1992 1504/1997 405/1994
f 405/1994 662/1989 699/1992
f 411/2590 1480/2595 1987/2587
f 411/2590 1987/2587 410/2586
f 1989/3949 1468/3958 2394/3955
f 696/3946 1989/3949 2396/3951
f 655/2860 675/2866 2281/2864
f 2281/2864 1993/2861 1425/2855
f 1377/3868 696/3866 1988/3864
f 2281/2864 1425/2855 655/2860
f 1432/2005 1449/2011 1990/2016
f 2274/4496 1507/4497 1988/4498
f 1507/1636 1469/1633 1500/1638
f 2274/2863 655/2860 1481/2857
f 655/2860 1425/2855 1481/2857
f 1500/3869 1988/3864 1507/3870
f 1983/2859 1492/2865 2274/2863
f 1988/3864 1500/3869 1377/3868
f 1993/2861 1990/2858 1425/2855
f 696/3946 697/3948 1989/3949
f 1477/2935 1472/2932 1476/2928
f 1454/491 1455/488 1483/493
f 1475/2934 1477/2935 1476/2928
f 1483/493 653/490 1479/494
f 652/492 1479/494 653/490
f 1482/2937 1512/2941 2279/2940
f 1476/2928 1472/2932 1471/2929
f 1472/2932 1477/2935 1482/2937
f 1472/2932 2280/2938 1473/2933
f 376/485 652/492 653/490
f 1455/488 653/490 1483/493
f 1970/486 1969/484 434/481
f 653/490 1455/488 376/485
f 1455/488 434/481 376/485
f 1509/2572 1345/2576 1346/2569
f 1342/3839 352/3834 1485/3836
f 414/469 407/478 643/475
f 379/3293 352/3294 1509/3295
f 646/2332 361/2321 638/2329
f 496/2320 2278/2317 495/2314
f 639/479 499/472 643/475
f 475/3297 379/3293 380/3296
f 1969/484 1508/477 434/481
f 422/4611 401/4612 1498/4613
f 563/4372 517/4371 359/4375
f 362/3159 600/3161 614/3162
f 1445/3164 1444/3166 362/3159
f 362/4376 497/4373 563/4372
f 359/4375 652/4377 563/4372
f 652/4377 376/4378 362/4376
f 362/4376 563/4372 652/4377
f 362/2927 1444/2931 1476/2928
f 434/481 1508/477 358/476
f 1433/487 1508/477 1969/484
f 361/2321 646/2332 657/2334
f 1484/2312 361/2321 2399/2326
f 475/2333 646/2332 638/2329
f 496/2320 638/2329 361/2321
f 361/2321 2278/2317 496/2320
f 495/2314 2278/2317 1484/2312
f 361/2321 1484/2312 2278/2317
f 2748/2315 2404/2318 2749/2322
f 356/1969 355/1967 620/1966
f 611/1965 621/1964 355/1967
f 644/97 499/102 642/92
f 620/93 619/81 642/92
f 1967/4130 660/4131 661/4132
f 439/4081 692/4079 1972/4082
f 624/4152 622/4153 623/4150
f 628/3983 641/3982 605/3986
f 660/3499 1497/3492 1435/3491
f 605/3986 500/3987 628/3983
f 623/3989 605/3986 641/3982
f 692/4079 1477/4077 1475/4080
f 2276/4201 633/4202 2277/4203
f 1979/3259 690/3265 2265/3262
f 626/3208 439/3214 438/3211
f 623/4546 630/4543 605/4545
f 633/4202 2276/4201 354/4205
f 427/1303 2277/1313 633/1310
f 427/1303 596/1307 520/1300
f 427/1303 520/1300 470/1299
f 470/1299 428/1306 427/1303
f 1448/2900 1974/2903 1410/2897
f 1244/2030 1597/2034 509/2032
f 510/2033 509/2032 677/2035
f 521/1735 632/1736 677/1734
f 510/2033 677/2035 632/2039
f 427/1303 1510/1309 2277/1313
f 428/1306 1409/1301 1511/1312
f 2276/4201 2277/4203 1510/4204
f 1448/2900 2268/2905 1974/2903
f 1498/4613 661/4614 422/4611
f 1976/3247 353/3245 1973/3246
f 347/3251 1977/3255 348/3253
f 353/3245 354/3243 1973/3246
f 1973/3246 2276/3248 1510/3250
f 1510/3250 347/3251 1973/3246
f 1968/4133 1967/4130 661/4132
f 414/469 643/475 499/472
f 355/1967 382/1968 611/1965
f 382/1968 381/1971 611/1965
f 355/1967 356/1969 350/1972
f 1965/3534 661/3537 1498/3528
f 639/4296 350/4295 356/4299
f 1345/2576 352/2580 1342/2582
f 643/475 407/478 639/479
f 2275/3489 422/3485 1497/3492
f 1967/3497 2275/3489 1497/3492
f 1445/3164 1972/3168 1475/3169
f 661/4525 1499/4526 1497/4523
f 401/4612 1497/4615 1498/4613
f 1968/3493 399/3494 1496/3486
f 1496/3486 2275/3489 1968/3493
f 1436/3535 1458/3530 660/3532
f 2275/3489 1496/3486 422/3485
f 1435/3491 1497/3492 401/3488
f 347/3251 348/3253 1975/3249
f 348/2907 1978/2901 1975/2904
f 1435/4426 1436/4427 660/4428
f 660/4131 1499/4134 661/4132
f 1975/3249 1974/3252 1976/3247
f 348/1315 1977/1318 1511/1312
f 1632/1297 471/1296 1633/1293
f 1409/1301 1486/1304 470/1299
f 428/4555 1486/4556 1409/4557
f 1597/4184 1437/4183 1596/4181
f 1596/4181 684/4185 1597/4184
f 1244/2030 1437/2037 1597/2034
f 1968/3539 661/3537 1965/3534
f 1497/3492 660/3499 1967/3497
f 1498/3528 1499/3527 1458/3530
f 1511/3254 1977/3255 347/3251
f 1414/1308 1511/1312 1409/1301
f 1976/2909 1974/2903 2268/2905
f 439/4081 626/4078 692/4079
f 1973/3246 347/3251 1975/3249
f 2263/3269 367/3268 2265/3262
f 2263/2908 2268/2905 1448/2900
f 2265/3262 2264/3267 2263/3269
f 375/2008 1432/2005 494/2007
f 1407/3361 672/3358 483/3356
f 364/2152 339/2146 2266/2149
f 1430/2151 1429/2145 689/2148
f 582/3332 372/3335 1502/3334
f 2267/225 1502/230 2271/221
f 372/3335 582/3332 672/3333
f 1406/2488 1986/2493 1503/2490
f 1503/3359 484/3354 670/3362
f 2072/198 663/190 681/205
f 367/2489 1984/2487 1491/2492
f 2263/3269 683/3271 366/3270
f 1503/2490 1984/2487 1985/2481
f 682/2910 683/2911 1448/2900
f 419/2020 375/2008 625/2018
f 1985/2481 1984/2487 1404/2484
f 683/2911 2263/2908 1448/2900
f 1985/2481 1395/2485 1406/2488
f 1996/3808 1407/3805 1422/3807
f 1492/2865 1430/2868 689/2867
f 2266/2563 1385/2562 625/2560
f 1407/3805 1406/3811 1441/3809
f 368/1345 369/1358 1424/1352
f 1420/1346 1995/1336 368/1345
f 371/222 2271/221 1502/230
f 1417/1330 1779/1328 2072/1327
f 341/436 404/447 403/437
f 681/205 680/204 2270/209
f 2272/1333 1995/1336 1417/1330
f 2273/4135 435/4136 368/4137
f 582/3332 1502/3334 2267/3331
f 2272/1333 2273/1340 1995/1336
f 673/1631 1994/1635 1469/1633
f 1469/1633 1507/1636 493/1628
f 405/1994 1994/1996 673/1991
f 371/222 2273/216 681/205
f 504/215 1494/229 2267/225
f 2272/210 681/205 2273/216
f 681/205 2271/221 371/222
f 2267/225 2271/221 2269/220
f 662/1989 383/1987 634/1990
f 2270/209 674/208 2269/220
f 2271/221 2270/209 2269/220
f 2270/209 2271/221 681/205
f 1417/1330 2072/1327 2272/1333
f 680/204 1501/196 2270/209
f 1501/196 680/204 663/190
f 340/720 515/724 1043/717
f 681/205 663/190 680/204
f 662/1989 673/1991 342/1988
f 2270/209 1501/196 674/208
f 490/203 504/215 674/208
f 490/203 1501/196 485/193
f 505/1634 488/1625 504/1632
f 504/215 342/224 505/228
f 504/215 2269/220 674/208
f 672/2231 583/2232 571/2228
f 582/3332 583/3330 672/3333
f 480/2226 581/2229 672/2231
f 672/2231 571/2228 480/2226
f 493/1628 488/1625 673/1631
f 365/3261 1979/3259 364/3258
f 2266/2563 370/2565 364/2567
f 690/3265 1979/3259 365/3261
f 494/4250 648/4246 568/4248
f 670/3260 666/3257 669/3256
f 1976/4292 2268/4289 2264/4291
f 1979/3259 669/3256 364/3258
f 690/4294 353/4293 2264/4291
f 690/3265 2264/3267 2265/3262
f 367/3268 1491/3266 2265/3262
f 353/4293 1976/4292 2264/4291
f 365/2566 370/2565 625/2560
f 659/2144 493/2147 689/2148
f 2265/3262 1491/3266 1503/3263
f 676/2142 1429/2145 2266/2149
f 1469/1633 493/1628 673/1631
f 583/3330 582/3332 2267/3331
f 672/4141 1996/4140 372/4139
f 373/4138 435/4136 372/4139
f 372/4139 1996/4140 373/4138
f 1407/3361 1996/3363 672/3358
f 1407/3361 483/3356 1406/3360
f 1503/3263 669/3256 2265/3262
f 366/3270 367/3268 2263/3269
f 1503/3359 1986/3357 484/3354
f 2262/3304 686/3301 2038/3303
f 416/4236 1342/4239 700/4231
f 2262/3304 2038/3303 2736/3307
f 2715/3309 522/3306 2739/3314
f 2038/3303 1506/3315 2714/3311
f 2740/2824 1339/2820 2741/2827
f 381/2821 1343/2825 1340/2822
f 1342/3839 1485/3836 700/3841
f 700/3841 1485/3836 1488/3842
f 516/1075 2261/1082 2256/1079
f 2256/1079 2261/1082 2562/1085
f 7/186 11/188 14/179
f 1516/3846 12/3847 10/3848
f 2261/1082 3/1092 2555/1090
f 4/3855 1516/3846 3/3851
f 2261/1082 516/1075 341/1080
f 1/431 2/435 4/441
f 457/192 507/189 11/188
f 346/735 1112/731 515/724
f 10/3848 9/3849 1516/3846
f 2564/3854 9/3849 2565/3853
f 2/435 1516/446 4/441
f 8/1076 346/1077 515/1074
f 1532/4430 1545/4435 2525/4434
f 2259/413 1539/426 2308/423
f 485/193 457/192 467/202
f 14/179 11/188 507/189
f 364/2152 559/2155 339/2146
f 611/1965 522/1975 433/1978
f 4/441 341/436 1/431
f 449/218 460/212 12/207
f 341/436 1431/428 1/431
f 1475/4080 1972/4082 692/4079
f 339/2146 465/2143 676/2142
f 1520/452 2000/461 1549/458
f 1517/3186 404/3184 1520/3182
f 1522/464 1549/458 2000/461
f 1520/452 1554/442 1517/453
f 1431/428 403/437 1548/432
f 1554/442 2008/448 1548/432
f 1548/432 418/421 1431/428
f 703/425 6/415 5/424
f 2008/448 1554/442 1520/452
f 2570/3587 1519/3583 2571/3589
f 2571/3589 2282/3591 2572/3592
f 2260/2180 2258/2176 1539/2172
f 1532/615 1540/619 1549/609
f 1518/3580 2289/3577 1537/3579
f 2287/604 2290/601 2283/588
f 2287/4501 1526/4502 2288/4499
f 1526/600 2287/604 2283/588
f 2260/2180 1538/2186 2258/2176
f 1523/2174 1553/2175 1539/2172
f 1029/590 1525/593 1032/580
f 1532/615 1524/623 1544/621
f 487/2234 456/2227 583/2232
f 577/460 449/451 2409/456
f 466/2223 481/2222 480/2226
f 2561/206 11/188 2573/199
f 341/436 403/437 1431/428
f 506/187 507/189 457/192
f 8/4070 13/4072 7/4071
f 11/188 7/186 13/191
f 2569/3850 10/3848 2574/3852
f 8/1076 2256/1079 2568/1081
f 2407/444 5/424 2412/439
f 2/435 1/431 5/424
f 515/1074 340/1078 516/1075
f 2738/1979 381/1971 2740/1982
f 568/151 561/143 374/150
f 468/3305 512/3302 686/3301
f 1487/1730 521/1735 677/1734
f 459/213 344/219 467/202
f 522/3306 512/3302 2742/3308
f 587/91 502/95 586/99
f 519/90 518/85 631/78
f 632/1736 521/1735 612/1737
f 618/75 602/82 603/72
f 1477/4077 692/4079 626/4078
f 587/91 477/70 502/95
f 573/4264 441/4262 442/4261
f 2695/57 592/60 2744/61
f 506/187 508/185 507/189
f 2266/2149 339/2146 676/2142
f 433/73 468/68 610/67
f 340/1078 436/1086 514/1083
f 469/3244 596/3241 354/3243
f 343/3328 448/3324 446/3326
f 489/2235 487/2234 583/2232
f 568/2014 374/2010 494/2007
f 465/1626 488/1625 493/1628
f 581/3355 482/3352 483/3356
f 583/2232 504/2236 489/2235
f 486/2233 461/2230 456/2227
f 481/3353 482/3352 581/3355
f 486/2233 456/2227 487/2234
f 575/3515 567/3518 2324/3520
f 342/224 504/215 343/214
f 482/3352 484/3354 483/3356
f 481/2222 581/2229 480/2226
f 606/4423 519/4424 588/4425
f 1508/477 378/470 358/476
f 622/4153 624/4152 519/4154
f 1374/3131 412/3137 2371/3138
f 338/1624 486/1627 488/1625
f 569/3205 629/3207 626/3208
f 517/4593 363/4594 359/4595
f 379/3293 475/3297 476/3299
f 360/141 600/132 363/145
f 498/155 1473/157 2386/156
f 620/482 499/472 356/480
f 646/2332 475/2333 657/2334
f 600/132 357/137 513/127
f 479/465 378/470 413/471
f 498/2936 497/2930 1473/2933
f 499/472 472/466 414/469
f 628/3983 500/3987 501/3984
f 635/4416 584/4413 656/4415
f 520/1300 471/1296 470/1299
f 647/3988 624/3990 641/3982
f 427/1303 428/1306 1510/1309
f 612/2036 510/2033 632/2039
f 2742/3308 468/3305 2745/3312
f 612/109 502/95 503/87
f 502/95 612/109 590/105
f 477/70 631/78 478/71
f 478/71 601/69 477/70
f 433/73 603/72 611/89
f 647/101 650/103 518/85
f 603/72 610/67 594/66
f 377/468 599/473 378/470
f 598/118 608/123 597/112
f 618/75 604/88 602/82
f 610/67 615/76 433/73
f 474/3206 584/3209 473/3210
f 487/2234 489/2235 486/2233
f 490/203 485/193 467/202
f 383/3517 453/3522 452/3519
f 452/3519 451/3514 383/3517
f 444/3002 450/2999 344/3001
f 343/214 446/235 452/232
f 2409/456 2/435 2416/450
f 2333/4534 567/4530 2417/4537
f 447/3323 564/3327 446/3326
f 565/3325 564/3327 447/3323
f 448/3324 447/3323 446/3326
f 2417/3525 445/3521 2418/3526
f 2335/253 441/251 2338/247
f 343/214 453/227 342/224
f 344/3001 443/3004 444/3002
f 12/207 460/212 458/201
f 559/2155 345/2153 339/2146
f 343/214 490/203 467/202
f 466/2223 456/2227 455/2224
f 461/1629 486/1627 338/1624
f 461/2707 462/2706 463/2705
f 580/134 464/125 353/138
f 464/4160 454/4162 353/4163
f 461/2230 455/2224 456/2227
f 457/192 458/201 467/202
f 455/2224 463/2225 481/2222
f 444/226 443/223 449/218
f 2/435 440/440 2406/445
f 460/212 449/218 443/223
f 443/223 459/213 460/212
f 441/4262 564/4263 565/4260
f 11/188 458/201 457/192
f 2340/236 577/233 2411/240
f 467/202 458/201 459/213
f 407/3551 432/3552 349/3554
f 431/4186 2030/4188 432/4189
f 1372/4190 431/4186 432/4189
f 2376/2773 430/2767 2419/2771
f 581/3355 483/3356 672/3358
f 373/4138 368/4137 435/4136
f 1433/1803 1958/1804 424/1798
f 479/465 649/467 377/468
f 1507/2869 2274/2863 689/2867
f 408/1878 688/1877 409/1881
f 1466/1901 702/1899 678/1896
f 2366/496 1479/494 2422/498
f 423/1801 1355/1799 424/1798
f 392/3553 432/3552 1373/3550
f 413/471 378/470 1508/477
f 429/474 414/469 413/471
f 1414/1308 1413/1311 1443/1314
f 1409/1301 1632/1297 1440/1305
f 6/415 703/425 418/421
f 1386/2558 419/2557 625/2560
f 1489/2807 1490/2813 1981/2810
f 2032/4174 431/4176 1357/4172
f 1342/3430 416/3428 415/3419
f 399/3494 398/3490 1496/3486
f 416/3428 1344/3423 415/3419
f 1508/1800 1433/1803 424/1798
f 413/1796 389/1793 429/1795
f 349/4298 350/4295 407/4297
f 407/3551 414/3549 2025/3546
f 349/1974 393/1970 355/1967
f 1349/1818 1350/1815 1351/1814
f 1350/2578 1349/2579 1356/2571
f 392/1977 394/1980 393/1970
f 389/3971 390/3969 2026/3965
f 1358/3761 1357/3759 388/3760
f 1349/1818 1351/1814 2360/1819
f 1350/3970 388/3968 391/3967
f 2030/4339 2032/4341 2031/4340
f 1357/3759 431/3758 2027/3754
f 386/4473 2023/4472 2024/4471
f 392/4191 2022/4192 1372/4190
f 2025/3546 1348/3545 385/3542
f 1389/2474 2012/2471 1388/2473
f 1456/3466 1387/3463 2005/3468
f 1363/1370 2009/1363 1361/1353
f 1393/3465 1364/3462 1379/3467
f 1551/443 2008/448 1550/454
f 1998/1357 1424/1352 1421/1364
f 405/1994 1504/1997 406/1998
f 1469/1633 1992/1640 1500/1638
f 1385/2562 1386/2558 625/2560
f 1981/2906 1490/2912 682/2910
f 430/2767 1446/2765 2365/2769
f 1970/486 1450/489 1969/484
f 1970/2760 420/2758 1450/2757
f 1435/3491 401/3488 400/3487
f 401/3488 422/3485 400/3487
f 421/3134 1374/3131 1463/3123
f 1463/3123 1434/3136 421/3134
f 412/4561 1953/4562 2381/4563
f 1954/4218 1451/4222 1464/4221
f 1956/2811 1396/2817 1884/2812
f 425/695 1452/705 1413/697
f 425/695 426/708 1452/705
f 1954/2766 395/2768 396/2762
f 517/147 498/155 2413/154
f 439/3165 1445/3164 614/3162
f 473/3210 629/3207 474/3206
f 675/1892 667/1887 658/1890
f 409/1881 1467/1884 408/1878
f 410/2586 664/2594 411/2590
f 1431/428 703/425 1/431
f 2395/3865 696/3866 2397/3867
f 1481/2857 1983/2859 2274/2863
f 1477/3215 627/3212 1482/3213
f 629/3207 1482/3213 627/3212
f 1455/488 1970/486 434/481
f 1509/3295 380/3296 379/3293
f 2730/3838 351/3830 2733/3837
f 360/3439 376/3440 357/3441
f 479/465 414/469 472/466
f 362/3159 359/3163 363/3160
f 361/3236 417/3230 2398/3235
f 1479/3443 360/3439 2342/3445
f 1479/3443 652/3446 359/3442
f 360/3439 359/3442 376/3440
f 376/3440 359/3442 362/3444
f 376/485 434/481 357/483
f 434/481 358/476 357/483
f 614/3162 1445/3164 362/3159
f 657/3238 417/3230 361/3236
f 602/1963 620/1966 621/1964
f 1487/1730 684/1732 1596/1731
f 353/3245 469/3244 354/3243
f 1511/3254 347/3251 1510/3250
f 2276/3248 1973/3246 354/3243
f 2275/3489 1967/3497 1968/3493
f 1458/3530 400/3531 1498/3528
f 499/472 639/479 356/480
f 1485/3836 352/3834 351/3830
f 382/1968 393/1970 1343/1973
f 352/3834 379/3831 351/3830
f 1343/1973 381/1971 382/1968
f 382/1968 355/1967 393/1970
f 470/1299 1632/1297 1409/1301
f 1458/3530 1499/3527 660/3532
f 1404/2484 367/2489 682/2486
f 669/3256 1979/3259 2265/3262
f 374/2010 365/2013 375/2008
f 1492/2865 689/2867 2274/2863
f 1502/3334 372/3335 371/3336
f 484/3354 1986/3357 483/3356
f 1996/1365 369/1358 368/1345
f 1996/4140 368/4137 373/4138
f 1984/2487 1503/2490 1491/2492
f 1395/3812 1441/3809 1406/3811
f 437/719 436/723 340/720
f 372/3335 435/3337 371/3336
f 371/3336 435/3337 2273/3338
f 583/2232 1494/2237 504/2236
f 383/1987 662/1989 342/1988
f 673/1991 505/1995 342/1988
f 659/2144 465/2143 493/2147
f 666/3351 484/3354 482/3352
f 364/2567 370/2565 365/2566
f 375/2008 494/2007 374/2010
f 625/2560 370/2565 2266/2563
f 1429/2145 676/2142 659/2144
f 2693/4063 2262/4065 2735/4067
f 522/3306 2038/3303 512/3302
f 11/188 13/191 2558/195
f 8/1076 516/1075 2256/1079
f 3/3851 1516/3846 9/3849
f 340/1078 514/1083 341/1080
f 338/2150 465/2143 339/2146
f 418/421 1521/418 6/415
f 2261/1082 4/1088 3/1092
f 2559/4073 8/4070 2575/4074
f 341/1080 516/1075 340/1078
f 345/2153 338/2150 339/2146
f 509/2032 510/2033 503/2029
f 657/3298 475/3297 380/3296
f 378/470 479/465 377/468
f 2697/1981 522/1975 2743/1984
f 448/3003 343/3005 344/3001
f 449/451 1516/446 2/435
f 507/3749 1684/3752 14/3753
f 611/1965 381/1971 522/1975
f 341/1080 4/1088 2261/1082
f 503/3731 616/3732 477/3733
f 471/1296 520/1300 521/1298
f 358/130 513/127 357/137
f 393/1970 349/1974 392/1977
f 1994/1996 405/1994 406/1998
f 417/3300 657/3298 380/3296
f 1479/3443 359/3442 360/3439
f 471/1296 1632/1297 470/1299
f 275/2645 65/2640 49/2637
f 788/2687 814/2697 1019/2698
f 66/2636 54/2628 301/2631
f 778/4120 1020/4119 717/4117
f 742/2102 733/2101 2626/2103
f 282/972 281/977 1022/980
f 712/2465 1007/2470 814/2469
f 870/2976 1002/2971 893/2978
f 322/2627 325/2630 922/2635
f 975/2695 890/2688 974/2692
f 976/3696 977/3699 1000/3698
f 982/3701 1003/3700 976/3696
f 977/3699 976/3696 1003/3700
f 992/2546 990/2551 988/2549
f 988/2549 990/2551 806/2552
f 1017/4671 1016/4672 1015/4673
f 984/4650 983/4651 1014/4652
f 923/2639 325/2630 924/2644
f 881/1408 882/1407 910/1412
f 890/4586 975/4587 892/4588
f 814/2697 788/2687 813/2693
f 854/2694 788/2687 1019/2698
f 808/2553 711/2554 1018/2555
f 974/2692 860/2685 853/2689
f 988/2549 806/2552 808/2553
f 786/973 704/970 1012/969
f 1010/982 1009/984 281/977
f 1008/2622 30/2618 67/2623
f 712/2465 815/2464 847/2468
f 1007/2470 712/2465 847/2468
f 924/2644 325/2630 303/2638
f 2304/412 6/415 2259/413
f 2305/414 2259/413 2408/416
f 2306/429 1539/426 2307/433
f 2307/2179 1539/2172 1553/2175
f 2308/423 1539/426 2306/429
f 2309/2185 1553/2175 2310/2188
f 2310/2188 1553/2175 2312/2184
f 2311/2178 1523/2174 2518/2183
f 2312/2184 1553/2175 2311/2178
f 2313/420 6/415 2361/417
f 2314/427 5/424 2313/420
f 2315/430 5/424 2314/427
f 2316/4532 566/4531 2323/4535
f 2317/4533 567/4530 2316/4532
f 2318/1879 408/1878 2391/1882
f 2319/1880 688/1877 2318/1879
f 2320/1891 668/1883 2321/1888
f 2321/1888 668/1883 2326/1885
f 2322/1895 658/1890 2320/1891
f 2323/4535 566/4531 2334/4539
f 2324/3520 567/3518 2325/3524
f 2325/4536 567/4530 2317/4533
f 2326/1885 668/1883 2319/1880
f 2327/1898 678/1896 658/1890
f 2328/1897 658/1890 2322/1895
f 2329/1903 637/1900 2327/1898
f 2330/245 445/250 452/232
f 2331/239 452/232 446/235
f 2332/4538 566/4531 2333/4534
f 2333/4534 566/4531 567/4530
f 2334/4539 566/4531 2332/4538
f 2335/253 564/255 441/251
f 2336/249 446/235 2335/253
f 2337/244 446/235 2336/249
f 2338/247 441/251 573/231
f 2339/241 573/231 2340/236
f 2340/236 573/231 577/233
f 2341/1904 637/1900 2329/1903
f 2342/149 360/141 517/147
f 2343/152 517/147 2414/153
f 2344/2605 664/2594 2387/2601
f 2345/2608 1468/2602 2344/2605
f 2346/3130 397/3126 2347/3122
f 2347/3122 397/3126 1960/3116
f 2348/3118 1959/3117 2370/3121
f 2349/3119 1960/3116 2348/3118
f 2350/1812 1465/1811 2351/1810
f 2351/1810 1465/1811 1352/1802
f 2352/3232 1349/3231 2353/3234
f 2353/1821 1349/1818 2423/1820
f 2354/3233 417/3230 2352/3232
f 2355/1817 1351/1814 2356/1816
f 2356/1816 1351/1814 2350/1812
f 2357/1809 1352/1802 2358/1806
f 2358/1806 1352/1802 397/1805
f 2359/3133 397/3126 2346/3130
f 2360/1819 1351/1814 2355/1817
f 2361/417 6/415 2304/412
f 2362/505 402/500 2363/501
f 2363/501 402/500 1447/495
f 2364/502 402/500 2368/504
f 2365/503 1446/497 2364/502
f 2366/496 1483/493 1479/494
f 2367/499 1447/495 2366/496
f 2368/504 402/500 2362/505
f 2369/3125 1962/3129 2374/3132
f 2370/3121 1959/3117 2369/3125
f 2371/3138 412/3137 2372/3139
f 2372/3139 412/3137 2420/3140
f 2373/3135 1374/3131 2371/3138
f 2374/3132 1962/3129 2373/3135
f 2375/2776 1459/2775 2376/2773
f 2376/2773 1459/2775 430/2767
f 2377/2777 1459/2775 2375/2776
f 2378/4481 1953/4484 1955/4482
f 2379/4483 1955/4482 2380/4485
f 2380/4485 1955/4482 2377/4487
f 2381/4486 1953/4484 2378/4481
f 2382/158 1474/159 2383/160
f 2383/160 1474/159 645/161
f 2384/162 645/161 637/163
f 2385/164 637/163 2341/166
f 2386/156 1473/157 2382/158
f 2387/2601 664/2594 2388/2598
f 2388/2598 664/2594 410/2586
f 2389/2589 694/2585 575/2588
f 2390/3523 575/3515 2324/3520
f 2391/3861 408/3858 2345/3860
f 2392/2593 410/2586 2389/2589
f 2393/3862 408/3858 1988/3864
f 2394/3863 1468/3859 2393/3862
f 2395/3865 1988/3864 696/3866
f 2396/3951 1989/3949 2394/3955
f 2397/3954 696/3946 2396/3951
f 2398/3235 417/3230 2354/3233
f 2399/3240 361/3236 2400/3239
f 2400/3239 361/3236 2415/3237
f 2401/2330 1484/2312 2399/2326
f 2402/2327 1484/2312 2401/2330
f 2403/2323 1484/2312 2402/2327
f 2404/2318 1484/2312 2403/2323
f 2405/419 2259/413 2308/423
f 2406/445 440/440 2407/444
f 2407/444 440/440 5/424
f 2408/416 2259/413 2405/419
f 2409/456 449/451 2/435
f 2410/463 577/460 2409/456
f 2411/240 577/233 2410/246
f 2412/439 5/424 2425/434
f 2413/154 498/155 2386/156
f 2414/153 517/147 2413/154
f 2415/3237 361/3236 2398/3235
f 2416/450 2/435 2406/445
f 2417/3525 567/3518 445/3521
f 2418/254 445/250 2330/245
f 2419/2771 430/2767 2365/2769
f 2420/4565 412/4561 2421/4564
f 2421/4564 412/4561 2381/4563
f 2422/3448 1479/3443 2424/3447
f 2423/1820 1349/1818 2360/1819
f 2424/3447 1479/3443 2342/3445
f 2425/434 5/424 2315/430
f 2426/2754 1917/2744 2434/2749
f 2427/2518 1910/2515 2426/2517
f 2428/2541 1924/2537 2429/2544
f 2429/2544 1924/2537 2453/2543
f 2430/4049 1923/4048 2432/4052
f 2431/4050 1922/4047 2430/4049
f 2432/4052 1923/4048 1114/4053
f 2433/4054 1114/4053 1025/4055
f 2434/2749 1917/2744 1912/2741
f 2435/2538 763/2536 1913/2534
f 2436/2542 1913/2534 2428/2541
f 2437/2743 1914/2739 2445/2748
f 2438/2747 1912/2741 2437/2743
f 2439/1548 1053/1543 1916/1539
f 2440/1553 1916/1539 2435/1559
f 2441/1554 1053/1543 2439/1548
f 2442/2753 1912/2741 2438/2747
f 2443/2746 1914/2739 2303/2742
f 2444/2752 1914/2739 2443/2746
f 2445/2748 1914/2739 2444/2752
f 2446/2751 2303/2742 2431/2750
f 2447/2532 1919/2522 2448/2529
f 2448/2529 1919/2522 1911/2527
f 2449/2523 1911/2527 1910/2515
f 2450/2530 1006/2528 1919/2522
f 2451/2533 1919/2522 2447/2532
f 2452/2535 1913/2534 2450/2530
f 2453/2543 1924/2537 2454/2540
f 2454/2540 1924/2537 2452/2535
f 2455/4056 1025/4055 2456/4058
f 2456/4058 1025/4055 2576/4060
f 2457/2520 1910/2515 2427/2518
f 2458/4447 1034/4450 1033/4448
f 2459/4449 1033/4448 2474/4451
f 2460/586 1027/589 1030/577
f 2461/581 1030/577 1031/573
f 2462/592 1033/575 1038/587
f 2463/598 1038/587 1055/603
f 2464/608 1055/603 2465/611
f 2465/742 1055/736 2507/741
f 2466/1544 1046/1540 1047/1537
f 2467/1549 1047/1537 1053/1543
f 2468/1556 1045/1550 2466/1544
f 2469/1555 1053/1543 2479/1560
f 2470/4657 1031/4658 2471/4659
f 2471/576 1031/573 1034/572
f 2472/579 1034/572 2473/583
f 2473/4452 1034/4450 2458/4447
f 2474/599 1033/575 2462/592
f 2475/595 1027/589 2460/586
f 2476/606 1029/590 2475/595
f 2477/4661 1031/4658 2478/4660
f 2478/4660 1031/4658 2470/4657
f 2479/1560 1053/1543 2441/1554
f 2480/3 544/2 547/6
f 2481/4 1104/1 2480/3
f 2482/7 1104/1 2481/4
f 2483/18 1111/12 2482/7
f 2484/22 1110/20 2483/18
f 2485/2800 1108/2795 2486/2799
f 2486/2799 1108/2795 1102/2781
f 2487/4328 535/4331 1099/4329
f 2488/4330 1099/4329 534/4332
f 2489/4333 535/4331 2487/4328
f 2490/2786 552/2780 553/2782
f 2491/2791 553/2782 1099/2790
f 2492/2796 1100/2787 2490/2786
f 2493/4647 535/4648 2494/4649
f 2494/4335 535/4331 2489/4333
f 2495/1453 533/1443 524/1442
f 2496/1456 532/1454 2495/1453
f 2497/1455 532/1454 2496/1456
f 2498/1457 534/1445 2497/1455
f 2499/4334 534/4332 2498/4336
f 2500/2801 1099/2790 2493/2802
f 2501/2792 1100/2787 2502/2798
f 2502/2798 1100/2787 2492/2796
f 2503/1449 523/1436 2505/1451
f 2504/1452 524/1442 2503/1449
f 2505/1451 523/1436 2506/1448
f 2506/1448 523/1436 2468/1441
f 2507/741 1055/736 2508/737
f 2508/737 1055/736 1056/721
f 2509/10 547/6 2485/16
f 2510/2788 1101/2783 2511/2794
f 2511/2794 1101/2783 2517/2797
f 2512/729 1044/726 1110/734
f 2513/738 1110/734 2515/740
f 2514/733 1056/721 2512/729
f 2515/25 1110/20 2484/22
f 2516/2793 1102/2781 2510/2788
f 2517/2797 1101/2783 2501/2792
f 2518/2183 1523/2174 2519/2177
f 2519/2177 1523/2174 1547/2173
f 2520/4431 1532/4430 2566/4433
f 2521/4432 2285/4429 2520/4431
f 2522/4620 1524/4621 2523/4622
f 2523/4622 1524/4621 2548/4623
f 2524/4382 1545/4379 1526/4381
f 2525/4384 1545/4379 2524/4382
f 2526/3582 2257/3578 1518/3580
f 2527/3585 2257/3578 2526/3582
f 2528/3584 1518/3580 2570/3587
f 2529/2196 1538/2186 2527/2194
f 2530/2191 2258/2176 1538/2186
f 2531/4589 1538/4590 2553/4591
f 2532/4383 1526/4381 2521/4385
f 2533/2181 1547/2173 2258/2176
f 2534/2182 1547/2173 2533/2181
f 2535/3720 1528/3716 1534/3719
f 2536/3722 1533/3717 2535/3720
f 2537/3724 1534/3719 1535/3727
f 2538/632 1535/625 2539/628
f 2539/628 1535/625 1524/623
f 2540/3729 1535/3727 2538/3730
f 2541/613 1530/607 2476/606
f 2542/631 1524/623 2522/634
f 2543/4585 1531/4580 2547/4583
f 2544/614 1531/610 2543/618
f 2545/4582 1530/4581 2546/4584
f 2546/616 1530/607 2541/613
f 2547/4583 1531/4580 2545/4582
f 2548/620 1524/623 2285/602
f 2549/617 2285/602 2544/614
f 2550/3725 1533/3717 2536/3722
f 2551/3723 1533/3717 2550/3725
f 2552/2187 2258/2176 2530/2191
f 2553/4591 1538/4590 2529/4592
f 2554/3726 2282/3721 2551/3723
f 2555/4608 3/4609 2556/4610
f 2556/3857 3/3851 2564/3854
f 2557/4075 13/4072 2559/4073
f 2558/195 13/191 2557/200
f 2559/4073 13/4072 8/4070
f 2560/217 10/211 2561/206
f 2561/206 10/211 11/188
f 2562/1085 2261/1082 2555/1090
f 2563/1089 2256/1079 2562/1085
f 2564/3854 3/3851 9/3849
f 2565/3853 9/3849 2569/3850
f 2566/4433 1532/4430 2525/4434
f 2567/1093 2256/1079 2563/1089
f 2568/4662 2256/4663 2567/4664
f 2569/3850 9/3849 10/3848
f 2570/3587 1518/3580 1519/3583
f 2571/3589 1519/3583 2282/3591
f 2572/3728 2282/3721 2554/3726
f 2573/199 11/188 2558/195
f 2574/3852 10/3848 2560/3856
f 2575/1084 8/1076 2568/1081
f 2577/2189 2311/2178 2518/2183
f 2578/2192 2311/2178 2577/2189
f 2579/4635 1082/4636 2580/4637
f 2580/4637 1082/4636 2608/4638
f 2581/4393 183/4391 718/4387
f 2582/1646 155/1643 2581/1645
f 2583/3110 209/3106 204/3113
f 2584/2293 204/2286 2589/2290
f 2585/1191 153/1175 2586/1189
f 2586/1189 153/1175 2602/1185
f 2587/3112 208/3103 2583/3110
f 2588/3114 208/3103 2587/3112
f 2589/2290 204/2286 203/2283
f 2590/2285 199/2282 2593/2289
f 2591/2288 203/2283 2590/2285
f 2592/2309 153/2302 2585/2310
f 2593/2289 199/2282 195/2292
f 2594/2296 195/2292 74/2299
f 2595/2305 153/2302 2592/2309
f 2596/2300 197/2295 2595/2305
f 2597/2301 74/2299 2619/2306
f 2598/1648 155/1643 2582/1646
f 2599/1653 114/1650 2598/1648
f 2600/1657 115/1655 2599/1653
f 2601/1182 115/1170 2600/1186
f 2602/1185 153/1175 2601/1182
f 2603/2303 73/2298 2620/2304
f 2604/2307 74/2299 2603/2303
f 2605/655 1934/649 208/660
f 2606/659 1947/644 2605/655
f 2607/663 208/660 2588/665
f 2608/4395 1082/4388 2616/4392
f 2609/4390 718/4387 2579/4389
f 2610/4665 718/4666 2609/4667
f 2611/4003 180/4000 2612/4005
f 2612/4005 180/4000 1283/4007
f 2613/4001 180/4000 2611/4003
f 2614/4002 184/3998 2613/4001
f 2615/4008 1283/4007 2631/4009
f 2616/4392 1082/4388 183/4391
f 2617/2108 732/2107 1947/2109
f 2618/2110 1947/2109 2606/2112
f 2619/2306 74/2299 2621/2308
f 2620/2304 73/2298 2596/2300
f 2621/2308 74/2299 2604/2307
f 2622/4397 183/4391 2623/4398
f 2623/4006 183/4004 2614/4002
f 2624/4394 183/4391 2622/4397
f 2625/2105 732/2107 2617/2108
f 2626/2103 733/2101 2625/2105
f 2627/843 1300/821 1309/835
f 2628/851 1309/835 2649/857
f 2629/54 685/53 2695/57
f 2630/55 1203/52 2629/54
f 2631/3574 1283/3571 2652/3573
f 2632/4644 1200/4643 2690/4646
f 2633/4645 1218/4642 2632/4644
f 2634/4627 1200/4630 1218/4628
f 2635/4629 1218/4628 2633/4631
f 2636/4633 1200/4630 2637/4632
f 2637/4632 1200/4630 2634/4627
f 2638/1935 1228/1927 2660/1938
f 2639/1939 1738/1931 2638/1935
f 2640/836 1220/826 1300/821
f 2641/849 1215/834 2640/836
f 2642/3563 1681/3559 2654/3567
f 2643/3566 181/3560 2642/3563
f 2644/855 1216/848 1214/840
f 2645/859 1214/840 2647/856
f 2646/844 1300/821 2627/843
f 2647/856 1214/840 2641/849
f 2648/58 1203/52 2630/55
f 2649/3393 1309/3396 1731/3394
f 2650/854 1216/848 2644/855
f 2651/847 2299/831 2650/854
f 2652/3573 1283/3571 181/3560
f 2653/3570 181/3560 2643/3566
f 2654/3567 1681/3559 1714/3565
f 2655/858 1714/852 1717/830
f 2656/853 1717/830 2651/847
f 2657/3395 1731/3394 2658/3397
f 2658/3397 1731/3394 2677/3399
f 2659/1934 1228/1927 2648/1930
f 2660/1938 1228/1927 2659/1934
f 2661/3593 1655/3596 1736/3594
f 2662/3682 1736/3677 2245/3679
f 2663/1950 2239/1952 2253/1949
f 2664/1954 2239/1952 2663/1950
f 2665/1948 2253/1949 1735/1941
f 2666/1945 1735/1941 1237/1940
f 2667/3683 2245/3679 2669/3681
f 2668/3597 1655/3596 2661/3593
f 2669/3681 2245/3679 2238/3676
f 2670/3680 2238/3676 2672/3678
f 2671/3675 2238/3676 2233/3665
f 2672/3678 2238/3676 2671/3675
f 2673/1957 2239/1952 2664/1954
f 2674/3671 2233/3665 2673/3668
f 2675/1942 1738/1931 2639/1939
f 2676/1943 1738/1931 2675/1942
f 2677/3399 1731/3394 1727/3400
f 2678/1944 1237/1940 2676/1943
f 2679/2439 1729/2425 2668/2442
f 2680/2435 1729/2425 2679/2439
f 2681/1947 1237/1940 2682/1946
f 2682/1946 1237/1940 2678/1944
f 2683/3401 1727/3400 1312/3402
f 2684/2428 1556/2422 1729/2425
f 2685/2432 1726/2426 2684/2428
f 2686/3405 1312/3402 1726/3407
f 2687/2436 1726/2426 2685/2432
f 2688/3403 1312/3402 2686/3405
f 2689/2431 1729/2425 2680/2435
f 2690/4634 1200/4630 2636/4633
f 2691/3845 700/3841 2719/3844
f 2692/4233 693/4230 2691/4232
f 2693/4063 686/4062 2262/4065
f 2694/4064 468/4061 2693/4063
f 2695/57 685/53 592/60
f 2696/1985 433/1978 2697/1981
f 2697/1981 433/1978 522/1975
f 2698/2311 495/2314 1484/2312
f 2699/2316 495/2314 2698/2311
f 2700/2313 1484/2312 2748/2315
f 2701/2325 495/2314 2732/2324
f 2702/2328 496/2320 2701/2325
f 2703/4066 468/4061 2694/4064
f 2704/63 592/60 2703/65
f 2705/83 468/68 2696/77
f 2706/2834 2035/2831 2707/2837
f 2707/2837 2035/2831 693/2835
f 2708/3840 1485/3836 2730/3838
f 2709/3843 1488/3842 2708/3840
f 2710/3835 351/3830 2702/3833
f 2711/2838 693/2835 2712/2839
f 2712/4237 693/4230 2724/4235
f 2713/4549 1505/4548 2728/4551
f 2714/3311 1506/3315 2713/3320
f 2715/3309 2038/3303 522/3306
f 2716/3319 1506/3315 2715/3309
f 2717/4653 1339/4654 2718/4655
f 2718/2826 1339/2820 2037/2823
f 2719/3844 700/3841 2709/3843
f 2720/4668 1339/4669 2723/4670
f 2721/2830 1339/2820 2720/2832
f 2722/4503 2037/4506 1340/4504
f 2723/4656 1339/4654 2717/4653
f 2724/4235 693/4230 2692/4233
f 2725/4554 1505/4548 2726/4552
f 2726/4552 1505/4548 2716/4550
f 2727/2836 1340/2822 2706/2834
f 2728/4551 1505/4548 2729/4553
f 2729/4553 1505/4548 2725/4554
f 2730/3838 1485/3836 351/3830
f 2731/2319 495/2314 2699/2316
f 2732/2324 495/2314 2731/2319
f 2733/3837 351/3830 2710/3835
f 2734/3316 2262/3304 2737/3310
f 2735/4067 2262/4065 2734/4068
f 2736/3307 2038/3303 2714/3311
f 2737/3310 2262/3304 2736/3307
f 2738/1979 522/1975 381/1971
f 2739/3314 522/3306 2738/3318
f 2740/2824 381/2821 1339/2820
f 2741/2827 1339/2820 2721/2830
f 2742/3308 512/3302 468/3305
f 2743/3313 522/3306 2742/3308
f 2744/61 592/60 2704/63
f 2745/3312 468/3305 2705/3317
f 2746/2104 742/2102 2626/2103
f 2747/2106 742/2102 2746/2104
f 2748/2315 1484/2312 2404/2318
usemtl Tile_+033_+029_L18_00020_untextured
