mtllib Tile_+033_+029_L18_00003.mtl
v 6.56301897e+03 7.06240059e+03 3.04600174e+01
v 6.56509441e+03 7.06602949e+03 3.03195159e+01
v 6.56652554e+03 7.06621236e+03 3.10648338e+01
v 6.56374061e+03 7.09570548e+03 3.09576080e+01
v 6.56369644e+03 7.09844304e+03 2.80323050e+01
v 6.56250225e+03 7.10257979e+03 3.09181740e+01
v 6.56402867e+03 7.10376550e+03 3.06579742e+01
v 6.56352904e+03 7.10188984e+03 3.32700938e+01
v 6.56477388e+03 7.10376115e+03 3.20615429e+01
v 6.56434209e+03 7.10549225e+03 3.26155883e+01
v 6.56528434e+03 7.10539025e+03 3.12424712e+01
v 6.56681698e+03 7.10208228e+03 3.05629250e+01
v 6.56434024e+03 7.09898034e+03 3.15235602e+01
v 6.56522125e+03 7.10190981e+03 2.83349081e+01
v 6.56450768e+03 7.06417472e+03 3.06443767e+01
v 6.56877180e+03 7.07418185e+03 3.07073880e+01
v 6.56738358e+03 7.07301085e+03 3.16841424e+01
v 6.56801923e+03 7.07094155e+03 3.06638002e+01
v 6.56895679e+03 7.08110521e+03 3.04745537e+01
v 6.56871201e+03 7.08213945e+03 3.04351620e+01
v 6.56811552e+03 7.08218722e+03 3.19965338e+01
v 6.56793539e+03 7.07954139e+03 3.06444400e+01
v 6.56881461e+03 7.08110156e+03 3.22472371e+01
v 6.56637249e+03 7.08441966e+03 2.96379779e+01
v 6.56735121e+03 7.08470007e+03 2.99583404e+01
v 6.56726590e+03 7.08209017e+03 2.99317712e+01
v 6.56564124e+03 7.06603329e+03 3.40322414e+01
v 6.56624557e+03 7.06693531e+03 3.32230856e+01
v 6.56470408e+03 7.09514054e+03 3.25614834e+01
v 6.56579725e+03 7.09324762e+03 3.19755626e+01
v 6.57004792e+03 7.08269665e+03 3.28158679e+01
v 6.56892028e+03 7.07978425e+03 3.09639997e+01
v 6.56778621e+03 7.07991214e+03 3.37382414e+01
v 6.56854801e+03 7.07276270e+03 3.36680550e+01
v 6.56688596e+03 7.07347348e+03 2.99741777e+01
v 6.56731936e+03 7.07059543e+03 2.96778485e+01
v 6.56854345e+03 7.06731656e+03 2.88746341e+01
v 6.57004753e+03 7.06727308e+03 3.00541818e+01
v 6.56757805e+03 7.06888085e+03 3.10988056e+01
v 6.56942319e+03 7.06810192e+03 2.97685959e+01
v 6.56984603e+03 7.06945171e+03 3.05781389e+01
v 6.56931210e+03 7.07050967e+03 3.05594201e+01
v 6.56899272e+03 7.07005926e+03 3.01450490e+01
v 6.56882151e+03 7.07425222e+03 2.90799662e+01
v 6.56621655e+03 7.06883726e+03 2.80473011e+01
v 6.56751923e+03 7.08541562e+03 2.87463364e+01
v 6.56459872e+03 7.09511741e+03 2.60283235e+01
v 6.56430694e+03 7.09417168e+03 3.02940766e+01
v 6.56919490e+03 7.08052954e+03 2.83170787e+01
v 6.56689292e+03 7.06723021e+03 3.33204224e+01
v 6.56774125e+03 7.06983406e+03 3.30877920e+01
v 6.56770990e+03 7.07028693e+03 3.31169441e+01
v 6.56776812e+03 7.07066968e+03 3.31447742e+01
v 6.56858785e+03 7.10511512e+03 3.07648173e+01
v 6.56830471e+03 7.10816536e+03 3.32244551e+01
v 6.56832204e+03 7.10701044e+03 3.20031226e+01
v 6.56794869e+03 7.10456022e+03 3.26145782e+01
v 6.56831532e+03 7.10564189e+03 3.29580176e+01
v 6.57090227e+03 7.11382790e+03 3.37882687e+01
v 6.56478707e+03 7.11926896e+03 3.15378066e+01
v 6.56819457e+03 7.11426700e+03 3.11762298e+01
v 6.56681268e+03 7.10518444e+03 3.31573202e+01
v 6.56504954e+03 7.10636136e+03 3.37883783e+01
v 6.56774954e+03 7.09297156e+03 3.38126078e+01
v 6.56901255e+03 7.09186787e+03 3.17168648e+01
v 6.56657648e+03 7.09289312e+03 2.95541929e+01
v 6.56572364e+03 7.06676558e+03 2.84667881e+01
v 6.56574387e+03 7.09318695e+03 2.76642189e+01
v 6.56831931e+03 7.09101059e+03 2.95325885e+01
v 6.56939756e+03 7.07138849e+03 3.12786535e+01
v 6.57017627e+03 7.06953992e+03 3.17625032e+01
v 6.56504191e+03 7.11629540e+03 3.02578504e+01
v 6.56737933e+03 7.11333242e+03 2.82289894e+01
v 6.56474781e+03 7.09348903e+03 2.55184300e+01
v 6.56235755e+03 7.10403698e+03 2.82196417e+01
v 6.56597750e+03 7.08702079e+03 2.86478538e+01
v 6.56373922e+03 7.08757977e+03 2.74825168e+01
v 6.56669174e+03 7.08550867e+03 2.84023844e+01
v 6.56795813e+03 7.08746134e+03 2.90267116e+01
v 6.56707623e+03 7.09145221e+03 2.86145915e+01
v 6.56676153e+03 7.09285313e+03 2.80446411e+01
v 6.56915952e+03 7.11055478e+03 2.89196428e+01
v 6.56224978e+03 7.08391194e+03 2.63359957e+01
v 6.56759944e+03 7.08473702e+03 2.77872460e+01
v 6.56786792e+03 7.08397419e+03 2.71446827e+01
v 6.56950217e+03 7.08273005e+03 2.94033196e+01
v 6.56547252e+03 7.08679919e+03 2.63945793e+01
v 6.56691826e+03 7.08311373e+03 2.76813958e+01
v 6.56359746e+03 7.08622770e+03 2.57024898e+01
v 6.56967238e+03 7.08643521e+03 2.74287500e+01
v 6.56853286e+03 7.08501003e+03 2.64272388e+01
v 6.56600712e+03 7.09054509e+03 2.84822170e+01
v 6.56891038e+03 7.08318518e+03 2.72817860e+01
v 6.56365808e+03 7.08644620e+03 2.42328302e+01
v 6.56607525e+03 7.08320939e+03 2.50225821e+01
v 6.56451257e+03 7.07894038e+03 2.45375863e+01
v 6.56491641e+03 7.08516573e+03 2.51018954e+01
v 6.56234760e+03 7.08047154e+03 2.45102784e+01
v 6.56344181e+03 7.08338594e+03 2.39874272e+01
v 6.56676995e+03 7.08590523e+03 2.51618265e+01
v 6.56208541e+03 7.08738676e+03 2.45430291e+01
v 6.56290361e+03 7.08647165e+03 2.57935574e+01
v 6.56451336e+03 7.08504598e+03 2.39068692e+01
v 6.56277637e+03 7.10704242e+03 2.49185017e+01
v 6.56549749e+03 7.09771103e+03 2.49544800e+01
v 6.56600054e+03 7.09221954e+03 2.50089520e+01
v 6.56464945e+03 7.08944281e+03 2.43289532e+01
v 6.56585272e+03 7.09750885e+03 2.27443055e+01
v 6.56968210e+03 7.11106562e+03 2.51824794e+01
v 6.56820770e+03 7.11558381e+03 2.43918841e+01
v 6.56445554e+03 7.08734368e+03 2.60151958e+01
v 6.56299408e+03 7.07408763e+03 2.45485008e+01
v 6.56650848e+03 7.08175887e+03 2.58658764e+01
v 6.56334033e+03 7.07284377e+03 2.57314292e+01
v 6.56820868e+03 7.08116716e+03 2.83426945e+01
v 6.56877670e+03 7.08005857e+03 2.62380526e+01
v 6.56719350e+03 7.07348632e+03 2.72632639e+01
v 6.56565988e+03 7.07168354e+03 2.60674212e+01
v 6.56791142e+03 7.07185700e+03 2.88522429e+01
v 6.56698104e+03 7.07089642e+03 2.74983971e+01
v 6.56319181e+03 7.06544266e+03 2.60874612e+01
v 6.56948917e+03 7.07681309e+03 2.74060046e+01
v 6.56269442e+03 7.08909571e+03 2.21451327e+01
v 6.56460151e+03 7.09129063e+03 2.35279877e+01
v 6.56481648e+03 7.09550935e+03 2.28297700e+01
v 6.56422880e+03 7.09321597e+03 2.22502403e+01
v 6.56290149e+03 7.09721387e+03 2.16546255e+01
v 6.56442886e+03 7.10172924e+03 2.25937105e+01
v 6.56487666e+03 7.11539058e+03 2.47106508e+01
v 6.56318792e+03 7.10908537e+03 2.29298471e+01
v 6.56572087e+03 7.11625305e+03 2.38362626e+01
v 6.56350464e+03 7.12139489e+03 2.49762353e+01
v 6.56644924e+03 7.12231355e+03 2.49009891e+01
v 6.56228520e+03 7.11844946e+03 2.36692011e+01
v 6.56592170e+03 7.10375392e+03 3.02917186e+01
v 6.56563254e+03 7.10159806e+03 2.38195820e+01
v 6.57050211e+03 7.06902861e+03 3.91595418e+01
v 6.57013351e+03 7.07157388e+03 3.96631065e+01
v 6.57210133e+03 7.07203807e+03 3.81163585e+01
v 6.57041144e+03 7.07167269e+03 3.83820705e+01
v 6.56999485e+03 7.08190404e+03 3.73090222e+01
v 6.56998358e+03 7.07956629e+03 3.85630701e+01
v 6.56900636e+03 7.07067018e+03 3.88523942e+01
v 6.56919802e+03 7.08007342e+03 3.61770215e+01
v 6.56890950e+03 7.07996348e+03 3.48416020e+01
v 6.56869128e+03 7.08008776e+03 3.59293651e+01
v 6.57401284e+03 7.07053837e+03 3.09558797e+01
v 6.57660049e+03 7.06921815e+03 3.31094605e+01
v 6.57548356e+03 7.09660101e+03 3.75902111e+01
v 6.57667132e+03 7.09658446e+03 3.52255096e+01
v 6.58036686e+03 7.08632436e+03 3.36927345e+01
v 6.58045482e+03 7.08695442e+03 3.57109474e+01
v 6.57135434e+03 7.08133013e+03 4.06525047e+01
v 6.57188840e+03 7.08104107e+03 3.95145188e+01
v 6.56991966e+03 7.08011133e+03 3.59385932e+01
v 6.57088055e+03 7.08018845e+03 3.69691061e+01
v 6.57454529e+03 7.09925411e+03 3.54317759e+01
v 6.57496495e+03 7.09784782e+03 3.39968949e+01
v 6.58174405e+03 7.08595561e+03 3.71833900e+01
v 6.58355698e+03 7.08573773e+03 3.73948678e+01
v 6.57143259e+03 7.09563674e+03 3.83641586e+01
v 6.57357559e+03 7.09734940e+03 3.60438077e+01
v 6.57064601e+03 7.11006417e+03 4.11130048e+01
v 6.56934627e+03 7.11083511e+03 4.05505401e+01
v 6.57320901e+03 7.06364916e+03 3.32845246e+01
v 6.57392805e+03 7.06290087e+03 3.44604366e+01
v 6.57308368e+03 7.08339501e+03 3.88295327e+01
v 6.57416055e+03 7.08423453e+03 4.24953250e+01
v 6.57286973e+03 7.08230261e+03 4.04060709e+01
v 6.57235176e+03 7.08262390e+03 4.26605030e+01
v 6.57306050e+03 7.09802497e+03 3.77125451e+01
v 6.57465539e+03 7.09620952e+03 3.51698183e+01
v 6.57274361e+03 7.09607360e+03 3.65666062e+01
v 6.57714307e+03 7.09673138e+03 3.98514628e+01
v 6.57904934e+03 7.09198104e+03 3.32559882e+01
v 6.58115172e+03 7.09136031e+03 3.90665778e+01
v 6.57708888e+03 7.08261569e+03 3.41971170e+01
v 6.57843348e+03 7.08167334e+03 3.29290664e+01
v 6.57433090e+03 7.08280383e+03 3.98934020e+01
v 6.57498177e+03 7.08280314e+03 4.22648869e+01
v 6.57430182e+03 7.08110459e+03 4.15900986e+01
v 6.57647898e+03 7.08222635e+03 4.36706269e+01
v 6.57432513e+03 7.08024708e+03 4.39048965e+01
v 6.57283349e+03 7.07710619e+03 4.39460892e+01
v 6.57224511e+03 7.11169256e+03 4.12299476e+01
v 6.57222609e+03 7.11003663e+03 4.00932263e+01
v 6.57609193e+03 7.09695680e+03 3.64105569e+01
v 6.57875732e+03 7.06530563e+03 3.62102730e+01
v 6.57756925e+03 7.06452516e+03 3.51738477e+01
v 6.57129024e+03 7.07078008e+03 3.85346502e+01
v 6.57192627e+03 7.07333649e+03 4.10202996e+01
v 6.57162451e+03 7.07184714e+03 4.16800147e+01
v 6.56897626e+03 7.08090031e+03 4.01875662e+01
v 6.57532537e+03 7.07733474e+03 4.46884577e+01
v 6.57485212e+03 7.07855585e+03 4.39141064e+01
v 6.57547724e+03 7.07739000e+03 4.40141911e+01
v 6.57617220e+03 7.09745610e+03 3.89686134e+01
v 6.57644647e+03 7.09817823e+03 4.15977957e+01
v 6.57105810e+03 7.11344906e+03 4.42538069e+01
v 6.57212120e+03 7.11191161e+03 4.27558622e+01
v 6.56982377e+03 7.09754404e+03 3.84643872e+01
v 6.57243841e+03 7.11283347e+03 4.02748343e+01
v 6.58464944e+03 7.06955254e+03 4.17639743e+01
v 6.58434588e+03 7.06873955e+03 4.39661882e+01
v 6.58311201e+03 7.06892332e+03 4.15632856e+01
v 6.58424081e+03 7.06548612e+03 3.98927440e+01
v 6.58492802e+03 7.06655748e+03 4.05228784e+01
v 6.57217117e+03 7.07301756e+03 4.21243688e+01
v 6.57020722e+03 7.11121938e+03 4.60195457e+01
v 6.56976556e+03 7.11429235e+03 4.63321337e+01
v 6.56902705e+03 7.11287726e+03 4.77781412e+01
v 6.56990909e+03 7.11336916e+03 4.49797155e+01
v 6.57116066e+03 7.11509785e+03 4.41924974e+01
v 6.56945634e+03 7.11630059e+03 4.61234276e+01
v 6.56925187e+03 7.11872280e+03 4.46163760e+01
v 6.56999923e+03 7.11749685e+03 4.39991963e+01
v 6.56954416e+03 7.11701033e+03 4.68067538e+01
v 6.57082504e+03 7.12276709e+03 4.24850808e+01
v 6.56999395e+03 7.12072341e+03 4.27166712e+01
v 6.58014231e+03 7.08644476e+03 4.34734318e+01
v 6.57709832e+03 7.08443143e+03 4.35852789e+01
v 6.57973446e+03 7.08713707e+03 4.36441681e+01
v 6.57307765e+03 7.08396687e+03 4.33375164e+01
v 6.57473626e+03 7.08246750e+03 4.37122100e+01
v 6.57533755e+03 7.07716563e+03 4.43996013e+01
v 6.57518932e+03 7.07690393e+03 4.44174854e+01
v 6.57203193e+03 7.08122644e+03 4.20688996e+01
v 6.57153342e+03 7.08252717e+03 4.20270065e+01
v 6.57508049e+03 7.07709315e+03 4.41447451e+01
v 6.57515813e+03 7.07702703e+03 4.45639288e+01
v 6.57466708e+03 7.07582620e+03 4.40106862e+01
v 6.57326496e+03 7.07329842e+03 4.43038964e+01
v 6.57088605e+03 7.07362534e+03 4.41839573e+01
v 6.56816715e+03 7.11046247e+03 4.33761003e+01
v 6.56751098e+03 7.11016671e+03 4.21847777e+01
v 6.57121834e+03 7.11455457e+03 4.28798351e+01
v 6.57175976e+03 7.11668139e+03 4.41357304e+01
v 6.57141050e+03 7.11733424e+03 4.29091131e+01
v 6.56915012e+03 7.12131328e+03 4.34769008e+01
v 6.56974465e+03 7.12402355e+03 4.19030368e+01
v 6.56982123e+03 7.12139558e+03 4.06514313e+01
v 6.57000563e+03 7.11925319e+03 4.13681751e+01
v 6.57060740e+03 7.12006312e+03 3.95789612e+01
v 6.57198202e+03 7.11392260e+03 4.26202867e+01
v 6.56912908e+03 7.11570194e+03 4.57388881e+01
v 6.57212166e+03 7.11642319e+03 4.24657848e+01
v 6.57138042e+03 7.11872642e+03 4.29739431e+01
v 6.57354294e+03 7.07298195e+03 3.42626615e+01
v 6.57258657e+03 7.07146369e+03 3.28241717e+01
v 6.57592010e+03 7.08172749e+03 3.33724876e+01
v 6.57464301e+03 7.08065650e+03 3.40434363e+01
v 6.57049890e+03 7.07649184e+03 3.37279004e+01
v 6.57107123e+03 7.07543212e+03 3.26879675e+01
v 6.57637475e+03 7.08004076e+03 3.39076745e+01
v 6.57588083e+03 7.07723733e+03 3.35874271e+01
v 6.57984476e+03 7.07206938e+03 3.46210615e+01
v 6.57296983e+03 7.07924399e+03 3.51791460e+01
v 6.57513479e+03 7.07896879e+03 3.40283000e+01
v 6.57869082e+03 7.06210715e+03 3.79391272e+01
v 6.57492679e+03 7.07800596e+03 3.11947073e+01
v 6.57342903e+03 7.07852615e+03 3.28955080e+01
v 6.57668687e+03 7.08230391e+03 3.27021245e+01
v 6.57843834e+03 7.08161023e+03 3.31638302e+01
v 6.56989221e+03 7.08224215e+03 3.88876386e+01
v 6.56963932e+03 7.08169837e+03 4.08242272e+01
v 6.57039433e+03 7.11098106e+03 3.68820096e+01
v 6.57217119e+03 7.11158129e+03 3.70788359e+01
v 6.57093529e+03 7.06350072e+03 3.33564507e+01
v 6.57176625e+03 7.06352689e+03 3.54099160e+01
v 6.57033714e+03 7.06208438e+03 3.45053377e+01
v 6.57003281e+03 7.08091998e+03 3.54018424e+01
v 6.57610787e+03 7.08772034e+03 3.62090829e+01
v 6.57668631e+03 7.08915870e+03 3.65128904e+01
v 6.57675092e+03 7.08289601e+03 3.70855314e+01
v 6.57592899e+03 7.08360790e+03 3.66906936e+01
v 6.57665219e+03 7.08300849e+03 3.69945036e+01
v 6.56956490e+03 7.06543917e+03 3.42839132e+01
v 6.57045588e+03 7.06630463e+03 3.32921082e+01
v 6.57391708e+03 7.08190458e+03 3.49803919e+01
v 6.57394718e+03 7.08087134e+03 3.53236694e+01
v 6.57806121e+03 7.08202633e+03 3.44858695e+01
v 6.57651367e+03 7.08253463e+03 3.44938022e+01
v 6.57130711e+03 7.07274105e+03 3.31774679e+01
v 6.57127871e+03 7.07387550e+03 3.41603730e+01
v 6.57721843e+03 7.06694741e+03 3.49526675e+01
v 6.56959398e+03 7.07465162e+03 3.39101461e+01
v 6.57676269e+03 7.09696291e+03 3.22366952e+01
v 6.57442922e+03 7.09446400e+03 3.49606992e+01
v 6.57299026e+03 7.09421924e+03 3.62091697e+01
v 6.57686926e+03 7.09087205e+03 3.46864587e+01
v 6.57620930e+03 7.09002103e+03 3.37488598e+01
v 6.57669181e+03 7.09112856e+03 3.75374723e+01
v 6.57646334e+03 7.07732660e+03 3.09869761e+01
v 6.57497104e+03 7.07940725e+03 2.97087374e+01
v 6.57772865e+03 7.07677348e+03 3.05664277e+01
v 6.57133743e+03 7.06856858e+03 3.32953319e+01
v 6.57132445e+03 7.06870919e+03 3.33033673e+01
v 6.57352968e+03 7.08040777e+03 3.22132832e+01
v 6.57181893e+03 7.07777528e+03 3.39777688e+01
v 6.57119115e+03 7.07769194e+03 3.39706385e+01
v 6.58011877e+03 7.08099869e+03 2.95099177e+01
v 6.58060249e+03 7.08335048e+03 2.88700878e+01
v 6.57140766e+03 7.09425042e+03 3.68201982e+01
v 6.57801169e+03 7.08936002e+03 3.80587462e+01
v 6.57704932e+03 7.08827766e+03 3.57049995e+01
v 6.56982881e+03 7.11086953e+03 3.49284342e+01
v 6.57981058e+03 7.08696404e+03 4.33043605e+01
v 6.58354216e+03 7.08785771e+03 4.28478322e+01
v 6.58971063e+03 7.08175343e+03 3.89571908e+01
v 6.59067642e+03 7.08291436e+03 3.75065978e+01
v 6.58710953e+03 7.08270932e+03 3.72378482e+01
v 6.58879197e+03 7.08380822e+03 3.67976385e+01
v 6.58971789e+03 7.08712822e+03 3.90810078e+01
v 6.58972822e+03 7.08609083e+03 3.75747183e+01
v 6.58941549e+03 7.07949524e+03 3.95585803e+01
v 6.58744173e+03 7.07783517e+03 3.93538599e+01
v 6.58739548e+03 7.07131613e+03 3.94904255e+01
v 6.58620150e+03 7.07179910e+03 4.11608780e+01
v 6.57188659e+03 7.10185657e+03 3.72052535e+01
v 6.57268520e+03 7.10070165e+03 3.77917036e+01
v 6.58187291e+03 7.08394065e+03 3.43864131e+01
v 6.57019629e+03 7.09349058e+03 3.56324109e+01
v 6.57005541e+03 7.09468764e+03 3.68884114e+01
v 6.57093227e+03 7.09408768e+03 3.50895823e+01
v 6.57202820e+03 7.09135334e+03 2.72879240e+01
v 6.57276712e+03 7.09053877e+03 2.69454053e+01
v 6.57729505e+03 7.11317565e+03 2.86434270e+01
v 6.57769405e+03 7.11006988e+03 2.97587206e+01
v 6.57679288e+03 7.09325189e+03 3.15010773e+01
v 6.57767566e+03 7.09269966e+03 3.17201722e+01
v 6.57339871e+03 7.08398583e+03 3.39122371e+01
v 6.57408128e+03 7.08493539e+03 3.38390136e+01
v 6.56847035e+03 7.09421043e+03 3.65969404e+01
v 6.58345691e+03 7.07061751e+03 3.84332541e+01
v 6.58542070e+03 7.07224746e+03 3.86516440e+01
v 6.58610845e+03 7.06904178e+03 4.10159057e+01
v 6.58613693e+03 7.07083775e+03 3.98257537e+01
v 6.58527843e+03 7.07183135e+03 3.71212539e+01
v 6.58217299e+03 7.07532207e+03 3.81491143e+01
v 6.58141344e+03 7.07180304e+03 3.71852955e+01
v 6.58573891e+03 7.07663791e+03 3.75567742e+01
v 6.58381819e+03 7.07539306e+03 3.90527489e+01
v 6.58689762e+03 7.07356218e+03 4.25520421e+01
v 6.57131332e+03 7.11075859e+03 3.45192857e+01
v 6.58121627e+03 7.10185662e+03 4.98941818e+01
v 6.57868980e+03 7.10557564e+03 4.94445451e+01
v 6.58927136e+03 7.07444666e+03 4.07714634e+01
v 6.58808546e+03 7.07541292e+03 4.03705678e+01
v 6.58929606e+03 7.07527537e+03 4.09268213e+01
v 6.59003466e+03 7.07593010e+03 3.90501177e+01
v 6.59005926e+03 7.07468865e+03 3.91498067e+01
v 6.59128116e+03 7.07465083e+03 3.77414834e+01
v 6.59135093e+03 7.07727196e+03 3.80354085e+01
v 6.59043720e+03 7.08415674e+03 3.65042827e+01
v 6.59098914e+03 7.08079436e+03 3.81963019e+01
v 6.58793948e+03 7.08124871e+03 3.79704606e+01
v 6.58783818e+03 7.07924696e+03 3.76035097e+01
v 6.59306954e+03 7.08083628e+03 3.84318618e+01
v 6.59019427e+03 7.08574978e+03 3.63504935e+01
v 6.59023107e+03 7.08712208e+03 3.64644712e+01
v 6.59020054e+03 7.07872864e+03 3.94526552e+01
v 6.59011388e+03 7.07453163e+03 3.99465367e+01
v 6.58972122e+03 7.07286997e+03 3.98091279e+01
v 6.58499101e+03 7.08691171e+03 3.58751407e+01
v 6.58527703e+03 7.08565167e+03 3.53136691e+01
v 6.58637510e+03 7.08689166e+03 3.55340433e+01
v 6.58275859e+03 7.07520687e+03 3.63777999e+01
v 6.58206053e+03 7.07558853e+03 3.33020365e+01
v 6.58245194e+03 7.08400715e+03 3.55473861e+01
v 6.57433385e+03 7.08475697e+03 3.38238548e+01
v 6.57694706e+03 7.08719092e+03 3.49008697e+01
v 6.57676833e+03 7.08747804e+03 3.73459606e+01
v 6.58944296e+03 7.09074422e+03 3.28443748e+01
v 6.58829175e+03 7.09176727e+03 3.64993248e+01
v 6.59091984e+03 7.08917727e+03 3.32224937e+01
v 6.59270059e+03 7.08776955e+03 3.51561930e+01
v 6.57945276e+03 7.10550699e+03 2.98816410e+01
v 6.57624729e+03 7.10670853e+03 2.96444291e+01
v 6.58093728e+03 7.10706800e+03 3.01896839e+01
v 6.59240027e+03 7.07941327e+03 4.15611221e+01
v 6.59235992e+03 7.08021005e+03 3.93365236e+01
v 6.59187236e+03 7.08406714e+03 3.71816627e+01
v 6.58670503e+03 7.09003191e+03 3.48199273e+01
v 6.58808482e+03 7.08960463e+03 3.59664069e+01
v 6.58077080e+03 7.08948092e+03 3.87937447e+01
v 6.58156456e+03 7.08985140e+03 3.63467611e+01
v 6.58552152e+03 7.08944548e+03 3.57824737e+01
v 6.58508936e+03 7.08770972e+03 3.58559397e+01
v 6.58953120e+03 7.08436635e+03 3.81218260e+01
v 6.58567042e+03 7.08400435e+03 3.73356679e+01
v 6.59002303e+03 7.08829186e+03 3.57144419e+01
v 6.57901444e+03 7.09472098e+03 3.00059397e+01
v 6.57765449e+03 7.09635446e+03 3.06309400e+01
v 6.57869099e+03 7.09773397e+03 2.91552992e+01
v 6.57157790e+03 7.06896806e+03 3.04917003e+01
v 6.57209633e+03 7.06812478e+03 3.06970201e+01
v 6.58279862e+03 7.09022422e+03 3.82664942e+01
v 6.58355330e+03 7.08999849e+03 3.54577973e+01
v 6.58647422e+03 7.06801582e+03 4.04583543e+01
v 6.59213090e+03 7.06740947e+03 3.63939689e+01
v 6.59065323e+03 7.06730109e+03 3.68736828e+01
v 6.59181094e+03 7.07132718e+03 3.76150686e+01
v 6.59127123e+03 7.06964907e+03 3.67268122e+01
v 6.58973165e+03 7.06606439e+03 3.58963074e+01
v 6.59139222e+03 7.06531262e+03 3.64746866e+01
v 6.57080786e+03 7.08531581e+03 2.66420435e+01
v 6.57392499e+03 7.08514430e+03 2.75141186e+01
v 6.59025172e+03 7.06337699e+03 3.61741417e+01
v 6.59221707e+03 7.06337760e+03 3.64125955e+01
v 6.58198522e+03 7.06378542e+03 3.76418785e+01
v 6.58339929e+03 7.06281862e+03 3.80469979e+01
v 6.58492165e+03 7.08714178e+03 3.75825660e+01
v 6.58512954e+03 7.07838200e+03 3.58331077e+01
v 6.58685398e+03 7.08498777e+03 3.65574351e+01
v 6.58352889e+03 7.09247370e+03 3.29554528e+01
v 6.58204362e+03 7.09193066e+03 3.40318498e+01
v 6.58851832e+03 7.07807395e+03 3.71404450e+01
v 6.58672593e+03 7.08025465e+03 3.64930120e+01
v 6.58429963e+03 7.08420568e+03 3.54778101e+01
v 6.58671642e+03 7.08771134e+03 4.16932422e+01
v 6.58775033e+03 7.08769948e+03 4.12925706e+01
v 6.57703297e+03 7.06370498e+03 3.41777719e+01
v 6.58359336e+03 7.07303032e+03 3.81184544e+01
v 6.58632378e+03 7.07071398e+03 3.86086327e+01
v 6.57876745e+03 7.06227682e+03 3.95464725e+01
v 6.58234165e+03 7.06336859e+03 3.65470527e+01
v 6.58949647e+03 7.06742151e+03 3.66131116e+01
v 6.58221542e+03 7.06727379e+03 4.07756807e+01
v 6.58798497e+03 7.07056928e+03 3.66345416e+01
v 6.58748788e+03 7.06612586e+03 3.63121998e+01
v 6.58334782e+03 7.06534715e+03 4.10938176e+01
v 6.57938912e+03 7.08181335e+03 2.99354543e+01
v 6.58302786e+03 7.06285309e+03 3.54615483e+01
v 6.58622255e+03 7.07352064e+03 3.99174883e+01
v 6.58337935e+03 7.06657787e+03 4.15647502e+01
v 6.58377756e+03 7.06716963e+03 4.19923709e+01
v 6.58585981e+03 7.07009665e+03 3.87812164e+01
v 6.58626011e+03 7.06873115e+03 3.83586674e+01
v 6.59018753e+03 7.07342583e+03 4.10546571e+01
v 6.58774700e+03 7.06702639e+03 3.90061893e+01
v 6.58666347e+03 7.06725011e+03 3.93225548e+01
v 6.58553598e+03 7.06569756e+03 3.82049751e+01
v 6.58479803e+03 7.06461339e+03 3.93914156e+01
v 6.58831392e+03 7.07080637e+03 3.90060093e+01
v 6.58743483e+03 7.06892211e+03 3.79611868e+01
v 6.58288703e+03 7.06450349e+03 4.21147926e+01
v 6.58402733e+03 7.11370522e+03 4.64108795e+01
v 6.58310829e+03 7.11188382e+03 4.89980741e+01
v 6.58277866e+03 7.10498642e+03 4.94403815e+01
v 6.59875222e+03 7.10444047e+03 4.85323229e+01
v 6.58927897e+03 7.06507960e+03 3.61076984e+01
v 6.58956468e+03 7.06955764e+03 3.64367423e+01
v 6.58511345e+03 7.06970192e+03 3.84031057e+01
v 6.58261082e+03 7.07021684e+03 3.95421797e+01
v 6.58575859e+03 7.09404984e+03 3.70942941e+01
v 6.58600367e+03 7.09384634e+03 3.24131413e+01
v 6.58129508e+03 7.09795074e+03 2.94013879e+01
v 6.58035436e+03 7.09935705e+03 3.16949935e+01
v 6.58172616e+03 7.09783993e+03 3.43687917e+01
v 6.58417362e+03 7.09676223e+03 5.28629579e+01
v 6.58659281e+03 7.09449210e+03 5.36725579e+01
v 6.58691415e+03 7.09441820e+03 4.98216725e+01
v 6.58863289e+03 7.09260976e+03 5.17095863e+01
v 6.58870209e+03 7.09361031e+03 5.12133431e+01
v 6.59049404e+03 7.09091152e+03 5.17057257e+01
v 6.58740877e+03 7.09201156e+03 4.99254088e+01
v 6.58217001e+03 7.09687574e+03 4.99491295e+01
v 6.58247918e+03 7.09858591e+03 5.14744872e+01
v 6.58461102e+03 7.09657528e+03 4.99543043e+01
v 6.59294870e+03 7.08764484e+03 4.96410610e+01
v 6.58751460e+03 7.07253051e+03 4.32491685e+01
v 6.59097124e+03 7.08590385e+03 3.75232214e+01
v 6.59080179e+03 7.09162040e+03 5.12294379e+01
v 6.58435495e+03 7.09754005e+03 5.13810689e+01
v 6.58533340e+03 7.09677206e+03 5.05275535e+01
v 6.58785275e+03 7.07480447e+03 4.27895292e+01
v 6.58927020e+03 7.07454132e+03 4.25785337e+01
v 6.58649057e+03 7.06790162e+03 4.29429173e+01
v 6.58315529e+03 7.06428440e+03 4.07033461e+01
v 6.58925692e+03 7.07096329e+03 4.04684001e+01
v 6.58467547e+03 7.06689265e+03 4.29416487e+01
v 6.58491570e+03 7.09614816e+03 5.38667977e+01
v 6.58935585e+03 7.09248014e+03 5.00094487e+01
v 6.59143463e+03 7.09587309e+03 4.94757841e+01
v 6.58920520e+03 7.07347685e+03 4.26230998e+01
v 6.58873072e+03 7.07750878e+03 3.97342253e+01
v 6.59092595e+03 7.09176763e+03 5.00946671e+01
v 6.59098716e+03 7.09046760e+03 4.99198978e+01
v 6.59084768e+03 7.07337667e+03 3.66627641e+01
v 6.58577057e+03 7.06902942e+03 4.30411636e+01
v 6.58325629e+03 7.09899986e+03 5.00968218e+01
v 6.58629137e+03 7.09587358e+03 5.13592838e+01
v 6.58591099e+03 7.06834886e+03 3.91611077e+01
v 6.57107509e+03 7.08264635e+03 3.58662433e+01
v 6.56974869e+03 7.08131188e+03 3.31388227e+01
v 6.57440414e+03 7.07648420e+03 3.35227461e+01
v 6.58622032e+03 7.06774700e+03 4.18212601e+01
v 6.57269942e+03 7.08268598e+03 4.41090838e+01
v 6.58719293e+03 7.08122891e+03 3.60216700e+01
v 6.59073278e+03 7.08624203e+03 3.77769068e+01
v 6.59120279e+03 7.07744834e+03 4.09244212e+01
v 6.57098098e+03 7.09867246e+03 3.90194392e+01
v 6.57096248e+03 7.10065663e+03 3.81587181e+01
v 6.57338401e+03 7.08448790e+03 3.68985236e+01
v 6.57660816e+03 7.08309661e+03 3.86942745e+01
v 6.56857302e+03 7.06747839e+03 4.19201378e+01
v 6.57043016e+03 7.06924302e+03 4.28524151e+01
v 6.57955539e+03 7.10114465e+03 5.19227358e+01
v 6.58171920e+03 7.09903366e+03 5.33503743e+01
v 6.58425970e+03 7.06391703e+03 3.63512428e+01
v 6.57132455e+03 7.11602190e+03 4.10958860e+01
v 6.57062746e+03 7.11731130e+03 4.06970475e+01
v 6.58458096e+03 7.10177043e+03 4.95677939e+01
v 6.58544344e+03 7.09787164e+03 4.98455376e+01
v 6.57233634e+03 7.07705614e+03 3.26490164e+01
v 6.56875188e+03 7.06319014e+03 3.54873874e+01
v 6.56977485e+03 7.06342855e+03 3.59816873e+01
v 6.57229225e+03 7.06305980e+03 3.94118625e+01
v 6.57761709e+03 7.06705259e+03 3.94348064e+01
v 6.57717953e+03 7.06803331e+03 3.96595184e+01
v 6.58096706e+03 7.06210814e+03 3.55605206e+01
v 6.57245097e+03 7.06923379e+03 3.04330085e+01
v 6.58705247e+03 7.09582588e+03 4.98537091e+01
v 6.57216781e+03 7.07565654e+03 3.22846987e+01
v 6.56441583e+03 7.12106797e+03 3.20552804e+01
v 6.56249704e+03 7.12223877e+03 2.69886866e+01
v 6.56750504e+03 7.11417446e+03 2.55101987e+01
v 6.56800081e+03 7.12033712e+03 3.61046931e+01
v 6.56811537e+03 7.12275956e+03 3.80829647e+01
v 6.56422431e+03 7.12359796e+03 2.72901932e+01
v 6.56872703e+03 7.10376011e+03 2.96366908e+01
v 6.57050058e+03 7.11923889e+03 2.44022047e+01
v 6.56215146e+03 7.11467629e+03 2.72927027e+01
v 6.56831228e+03 7.10231790e+03 3.08374867e+01
v 6.56390687e+03 7.10394067e+03 2.82691216e+01
v 6.56684291e+03 7.12447188e+03 3.12793176e+01
v 6.62160459e+03 7.11202625e+03 4.49186329e+01
v 6.62232471e+03 7.11202834e+03 4.69742072e+01
v 6.62216787e+03 7.11510945e+03 4.47758675e+01
v 6.62385890e+03 7.11519151e+03 4.56059219e+01
v 6.62487326e+03 7.10362393e+03 4.45187162e+01
v 6.62317151e+03 7.10328763e+03 4.45195372e+01
v 6.62478227e+03 7.10767762e+03 4.26277263e+01
v 6.62481570e+03 7.10755056e+03 4.38574178e+01
v 6.62438298e+03 7.09704375e+03 4.40633988e+01
v 6.62345046e+03 7.09748458e+03 4.44606952e+01
v 6.62525326e+03 7.09784304e+03 4.45524509e+01
v 6.62311654e+03 7.10391589e+03 4.32649288e+01
v 6.62331320e+03 7.10011704e+03 4.44224024e+01
v 6.62514271e+03 7.10062723e+03 4.44394460e+01
v 6.62464386e+03 7.10361125e+03 4.25589538e+01
v 6.62034433e+03 7.11677218e+03 4.48855381e+01
v 6.62258685e+03 7.09658473e+03 3.57945409e+01
v 6.62259488e+03 7.09215032e+03 3.56511978e+01
v 6.62538668e+03 7.07002711e+03 4.10007793e+01
v 6.62419879e+03 7.11488218e+03 4.27757703e+01
v 6.62326295e+03 7.11408656e+03 4.28637020e+01
v 6.62165499e+03 7.11235627e+03 4.26865674e+01
v 6.62337625e+03 7.09728420e+03 4.26296274e+01
v 6.62245873e+03 7.08674912e+03 4.24629179e+01
v 6.62207841e+03 7.06203694e+03 3.77965182e+01
v 6.62038271e+03 7.06281413e+03 3.83739064e+01
v 6.62144851e+03 7.09698983e+03 3.39974617e+01
v 6.62131795e+03 7.09864919e+03 3.37942592e+01
v 6.62376639e+03 7.06932113e+03 3.89133289e+01
v 6.62117520e+03 7.10193442e+03 3.99903761e+01
v 6.62100840e+03 7.10159828e+03 3.87758817e+01
v 6.62170853e+03 7.10448053e+03 3.99099788e+01
v 6.62079317e+03 7.10082777e+03 3.57862981e+01
v 6.62225319e+03 7.09882197e+03 3.63634705e+01
v 6.57308176e+03 7.07475520e+03 3.24438605e+01
v 6.57182010e+03 7.07910068e+03 3.35379860e+01
v 6.57559513e+03 7.07704700e+03 3.24381638e+01
v 6.57340704e+03 7.08478390e+03 3.26691631e+01
v 6.57191229e+03 7.08393168e+03 3.04768386e+01
v 6.57432329e+03 7.08594472e+03 3.16091931e+01
v 6.58037847e+03 7.07807454e+03 3.14749049e+01
v 6.57563164e+03 7.07380387e+03 3.12020804e+01
v 6.57131162e+03 7.07307234e+03 3.47059698e+01
v 6.57126767e+03 7.06876699e+03 3.41533617e+01
v 6.57270533e+03 7.07105434e+03 3.20964849e+01
v 6.57218531e+03 7.07012717e+03 3.37205041e+01
v 6.57468929e+03 7.08281564e+03 3.30982068e+01
v 6.57480729e+03 7.07772832e+03 3.14442078e+01
v 6.57266485e+03 7.06556080e+03 3.19583126e+01
v 6.57544120e+03 7.06354896e+03 3.34398024e+01
v 6.57482563e+03 7.06612967e+03 3.28395567e+01
v 6.57144872e+03 7.06923120e+03 3.32376954e+01
v 6.57473658e+03 7.07589801e+03 3.22650393e+01
v 6.57429092e+03 7.07480731e+03 3.33173140e+01
v 6.57255844e+03 7.07419299e+03 3.21692379e+01
v 6.57121676e+03 7.07725732e+03 3.05833918e+01
v 6.56962974e+03 7.08296152e+03 3.42549561e+01
v 6.57102840e+03 7.07360437e+03 3.25889344e+01
v 6.56888618e+03 7.07224379e+03 3.31244377e+01
v 6.57126984e+03 7.07368956e+03 3.29460986e+01
v 6.57040440e+03 7.07233569e+03 3.24871496e+01
v 6.57182065e+03 7.06258455e+03 3.16848252e+01
v 6.56910706e+03 7.06651733e+03 3.30599975e+01
v 6.57925543e+03 7.08057830e+03 2.91346758e+01
v 6.57871658e+03 7.08330663e+03 2.89327867e+01
v 6.57519757e+03 7.07541272e+03 3.05950510e+01
v 6.58065210e+03 7.07461930e+03 3.36231897e+01
v 6.57457774e+03 7.08439111e+03 3.17562237e+01
v 6.57556767e+03 7.08235363e+03 3.26734927e+01
v 6.58093971e+03 7.08410049e+03 3.07651291e+01
v 6.57972041e+03 7.08498110e+03 3.31169693e+01
v 6.57751157e+03 7.08740915e+03 3.23363166e+01
v 6.57851828e+03 7.08611363e+03 3.11514560e+01
v 6.57860909e+03 7.08694647e+03 3.36271370e+01
v 6.57040793e+03 7.07611958e+03 3.24831870e+01
v 6.57157701e+03 7.07822668e+03 3.28078755e+01
v 6.57038425e+03 7.07892060e+03 3.34107525e+01
v 6.56950327e+03 7.06231676e+03 3.30806012e+01
v 6.56981934e+03 7.06422290e+03 3.51225467e+01
v 6.57327890e+03 7.08067834e+03 3.74806233e+01
v 6.57128087e+03 7.08344534e+03 3.32884547e+01
v 6.56898674e+03 7.07525024e+03 3.06643220e+01
v 6.56823272e+03 7.07055486e+03 3.19685296e+01
v 6.57229682e+03 7.06353605e+03 3.27904079e+01
v 6.56899798e+03 7.07992956e+03 3.59235095e+01
v 6.57426373e+03 7.08257834e+03 3.54185691e+01
v 6.57818115e+03 7.06594757e+03 3.82752094e+01
v 6.57778140e+03 7.06729130e+03 3.62576839e+01
v 6.57588737e+03 7.06542341e+03 3.48311711e+01
v 6.57619595e+03 7.08334689e+03 3.56382833e+01
v 6.57439658e+03 7.06814358e+03 3.15352202e+01
v 6.57133738e+03 7.06448904e+03 3.23710184e+01
v 6.57778377e+03 7.08661098e+03 3.37505465e+01
v 6.57724800e+03 7.09456389e+03 3.19940739e+01
v 6.57703152e+03 7.10224156e+03 4.23505834e+01
v 6.57710681e+03 7.10225729e+03 3.22317009e+01
v 6.57882297e+03 7.10373232e+03 3.16298583e+01
v 6.58120141e+03 7.10794242e+03 3.31374864e+01
v 6.57929238e+03 7.10007651e+03 3.35360015e+01
v 6.57547377e+03 7.09514767e+03 3.45388712e+01
v 6.57671839e+03 7.09356772e+03 3.35039840e+01
v 6.57562050e+03 7.09702421e+03 3.46968253e+01
v 6.57266320e+03 7.10195709e+03 3.59551372e+01
v 6.57325769e+03 7.10214656e+03 3.29299562e+01
v 6.57235527e+03 7.09306976e+03 3.39095238e+01
v 6.57059920e+03 7.10151345e+03 3.51646286e+01
v 6.57212821e+03 7.10257967e+03 3.47422507e+01
v 6.57518022e+03 7.07693381e+03 3.21905771e+01
v 6.57587267e+03 7.08388977e+03 3.27062880e+01
v 6.57920070e+03 7.08844058e+03 3.44551871e+01
v 6.57646876e+03 7.08361439e+03 3.43941858e+01
v 6.57670574e+03 7.08640997e+03 3.41909613e+01
v 6.57108645e+03 7.08404306e+03 3.55374009e+01
v 6.56797267e+03 7.09377822e+03 3.50552680e+01
v 6.57035470e+03 7.09315587e+03 3.30471310e+01
v 6.56977265e+03 7.09320323e+03 3.21408917e+01
v 6.57503690e+03 7.08756913e+03 3.18386982e+01
v 6.57536514e+03 7.08503622e+03 3.30271626e+01
v 6.57136807e+03 7.09076853e+03 3.03469199e+01
v 6.57854330e+03 7.08669690e+03 3.10222528e+01
v 6.58257602e+03 7.09346137e+03 3.20877148e+01
v 6.57596083e+03 7.09148471e+03 3.05571013e+01
v 6.57783314e+03 7.08874822e+03 3.42066344e+01
v 6.57468174e+03 7.08865549e+03 3.38534463e+01
v 6.57553438e+03 7.08528033e+03 3.39265531e+01
v 6.57502365e+03 7.09271688e+03 3.07760601e+01
v 6.58309891e+03 7.09706357e+03 3.02533849e+01
v 6.57904828e+03 7.08558789e+03 3.14775214e+01
v 6.57657467e+03 7.08656566e+03 3.15188036e+01
v 6.57841708e+03 7.08866572e+03 3.25678438e+01
v 6.57659543e+03 7.08287187e+03 3.25857693e+01
v 6.57311593e+03 7.11317416e+03 3.64877555e+01
v 6.56878390e+03 7.11068071e+03 3.49836181e+01
v 6.56965471e+03 7.11039740e+03 3.35050968e+01
v 6.56798222e+03 7.10926043e+03 3.42619423e+01
v 6.57357435e+03 7.11835203e+03 3.87035890e+01
v 6.57069220e+03 7.11005564e+03 3.37604151e+01
v 6.56922735e+03 7.11104987e+03 3.13961683e+01
v 6.58051377e+03 7.08856650e+03 3.65852546e+01
v 6.57937957e+03 7.08902002e+03 3.63756981e+01
v 6.57268928e+03 7.08472665e+03 3.51730529e+01
v 6.57511572e+03 7.09510936e+03 3.63140655e+01
v 6.57561666e+03 7.09631430e+03 3.60030972e+01
v 6.57358244e+03 7.09482676e+03 3.61600835e+01
v 6.57526872e+03 7.08874173e+03 3.72339603e+01
v 6.57744574e+03 7.08986318e+03 3.61430079e+01
v 6.57220309e+03 7.08284812e+03 3.64899551e+01
v 6.56932014e+03 7.08034163e+03 3.61105347e+01
v 6.57682738e+03 7.08247813e+03 3.60173436e+01
v 6.57669133e+03 7.08299658e+03 3.70943079e+01
v 6.57843686e+03 7.09048914e+03 3.56766677e+01
v 6.58098959e+03 7.08538695e+03 3.61404632e+01
v 6.57653695e+03 7.08307267e+03 3.70091994e+01
v 6.58036358e+03 7.09068134e+03 3.59848000e+01
v 6.58862806e+03 7.09134728e+03 4.38849394e+01
v 6.58956319e+03 7.08661030e+03 3.99364617e+01
v 6.59093253e+03 7.08708143e+03 3.99381153e+01
v 6.58733803e+03 7.08745924e+03 4.11654415e+01
v 6.58556658e+03 7.07391243e+03 4.20377776e+01
v 6.57678537e+03 7.09808398e+03 3.90832822e+01
v 6.56972757e+03 7.12537785e+03 3.85869907e+01
v 6.56908984e+03 7.12484276e+03 3.27513888e+01
v 6.59142724e+03 7.07839020e+03 4.24622363e+01
v 6.59212721e+03 7.08542464e+03 3.81343157e+01
v 6.58927857e+03 7.08723144e+03 3.73143413e+01
v 6.58408385e+03 7.07294003e+03 3.96427464e+01
v 6.58174945e+03 7.07215823e+03 3.96453272e+01
v 6.59270040e+03 7.07713002e+03 4.01019967e+01
v 6.58908409e+03 7.07871635e+03 3.86099714e+01
v 6.59024960e+03 7.07338526e+03 3.88033221e+01
v 6.58940763e+03 7.07895930e+03 3.75562458e+01
v 6.58869996e+03 7.08091903e+03 3.88803760e+01
v 6.59156288e+03 7.08158480e+03 3.70022375e+01
v 6.58922148e+03 7.07741610e+03 3.74818788e+01
v 6.58448202e+03 7.07447846e+03 3.95533414e+01
v 6.58247347e+03 7.08667345e+03 3.83770677e+01
v 6.59022909e+03 7.08988665e+03 3.80407005e+01
v 6.57922264e+03 7.08906360e+03 3.83386046e+01
v 6.58320231e+03 7.08788758e+03 3.57655427e+01
v 6.57436207e+03 7.08231097e+03 3.63507851e+01
v 6.57564621e+03 7.08199336e+03 3.61489844e+01
v 6.57988472e+03 7.09124813e+03 3.74170595e+01
v 6.58272283e+03 7.08933833e+03 3.59481788e+01
v 6.58144208e+03 7.08851112e+03 3.63282673e+01
v 6.58188880e+03 7.09091493e+03 3.81026442e+01
v 6.57853775e+03 7.09080150e+03 3.73828167e+01
v 6.59036529e+03 7.12105684e+03 3.22460973e+01
v 6.58501741e+03 7.11333234e+03 3.30786519e+01
v 6.58167211e+03 7.09782756e+03 3.89923686e+01
v 6.58931692e+03 7.08753229e+03 3.61278704e+01
v 6.58638854e+03 7.08784179e+03 3.67946335e+01
v 6.58805275e+03 7.08765134e+03 3.65174093e+01
v 6.58025130e+03 7.10996017e+03 2.98727672e+01
v 6.59131265e+03 7.12240854e+03 3.93907738e+01
v 6.58229219e+03 7.09466380e+03 2.92546120e+01
v 6.58513942e+03 7.09262818e+03 3.39868571e+01
v 6.58395094e+03 7.09589171e+03 3.26341986e+01
v 6.58792525e+03 7.09208656e+03 3.34245090e+01
v 6.58746839e+03 7.09159407e+03 3.33512505e+01
v 6.58433739e+03 7.09368228e+03 2.95895544e+01
v 6.58220062e+03 7.07810825e+03 3.41517588e+01
v 6.58217034e+03 7.08081734e+03 3.50597973e+01
v 6.58116425e+03 7.07448901e+03 3.77177800e+01
v 6.58414264e+03 7.08171142e+03 3.57630476e+01
v 6.58534335e+03 7.08043231e+03 3.68485944e+01
v 6.58558968e+03 7.08264429e+03 3.61889598e+01
v 6.59252625e+03 7.07337434e+03 3.71120401e+01
v 6.59383620e+03 7.08468427e+03 3.73756969e+01
v 6.58844778e+03 7.08604873e+03 3.56337916e+01
v 6.58456934e+03 7.08505220e+03 3.64383374e+01
v 6.58759591e+03 7.08565310e+03 3.72176830e+01
v 6.59306782e+03 7.08239627e+03 3.74383373e+01
v 6.58862706e+03 7.08547494e+03 3.70613099e+01
v 6.58062983e+03 7.07077807e+03 3.80117633e+01
v 6.58377579e+03 7.07594709e+03 3.77348704e+01
v 6.58650465e+03 7.06524477e+03 3.80313132e+01
v 6.58586764e+03 7.06373295e+03 3.72828816e+01
v 6.58704503e+03 7.06345969e+03 3.72374615e+01
v 6.58475161e+03 7.06496420e+03 3.62354747e+01
v 6.58098276e+03 7.06272298e+03 3.98061460e+01
v 6.57997803e+03 7.06259572e+03 3.90163868e+01
v 6.58370884e+03 7.06491989e+03 3.77767567e+01
v 6.59353347e+03 7.06659674e+03 3.68134663e+01
v 6.59221207e+03 7.06901408e+03 3.69342492e+01
v 6.58004792e+03 7.06456912e+03 3.65052204e+01
v 6.57981263e+03 7.06273038e+03 3.74094649e+01
v 6.58362096e+03 7.06373809e+03 3.88438431e+01
v 6.58418976e+03 7.06397968e+03 4.07649906e+01
v 6.58203415e+03 7.06365163e+03 3.92032559e+01
v 6.58086688e+03 7.06298168e+03 4.07350575e+01
v 6.58199005e+03 7.06370618e+03 4.07905406e+01
v 6.58079969e+03 7.06495256e+03 4.16765895e+01
v 6.58034755e+03 7.06627774e+03 4.23728432e+01
v 6.58064235e+03 7.06691940e+03 4.08187020e+01
v 6.58217310e+03 7.06717861e+03 4.27161401e+01
v 6.58711629e+03 7.06727263e+03 4.11223862e+01
v 6.58899168e+03 7.07140222e+03 4.18897931e+01
v 6.57995210e+03 7.06543269e+03 4.03926963e+01
v 6.58575404e+03 7.06563557e+03 4.03438431e+01
v 6.58569475e+03 7.06663817e+03 4.12489140e+01
v 6.58551494e+03 7.06624276e+03 4.21089628e+01
v 6.58412810e+03 7.06980950e+03 4.02720522e+01
v 6.57947720e+03 7.06740533e+03 3.96256855e+01
v 6.58095924e+03 7.06412573e+03 3.93671054e+01
v 6.57984016e+03 7.06493145e+03 3.87874185e+01
v 6.58750755e+03 7.06824673e+03 3.91895373e+01
v 6.58757356e+03 7.06963689e+03 3.92248967e+01
v 6.58844929e+03 7.11961666e+03 4.83479851e+01
v 6.57566589e+03 7.09015429e+03 2.92144248e+01
v 6.58621569e+03 7.11458698e+03 2.97944191e+01
v 6.58413449e+03 7.11208019e+03 3.00424532e+01
v 6.57262604e+03 7.11661740e+03 3.99012798e+01
v 6.58069642e+03 7.10043066e+03 5.00394502e+01
v 6.58061876e+03 7.10140706e+03 5.06558455e+01
v 6.57990397e+03 7.10402181e+03 4.99738988e+01
v 6.58340973e+03 7.10263861e+03 4.94565261e+01
v 6.58695684e+03 7.10032305e+03 4.94591264e+01
v 6.58870696e+03 7.09244058e+03 5.15352258e+01
v 6.58920260e+03 7.09220924e+03 5.27710410e+01
v 6.58952754e+03 7.09230402e+03 4.97682540e+01
v 6.58929824e+03 7.09767223e+03 4.95141618e+01
v 6.59328401e+03 7.09437574e+03 4.94525659e+01
v 6.58834798e+03 7.09435736e+03 5.02018830e+01
v 6.59417891e+03 7.11219130e+03 4.83632891e+01
v 6.58741875e+03 7.09255482e+03 4.79736646e+01
v 6.58244728e+03 7.09869667e+03 4.98460782e+01
v 6.58228370e+03 7.09955622e+03 4.98141296e+01
v 6.58720886e+03 7.09845062e+03 4.98237928e+01
v 6.58202151e+03 7.10044563e+03 5.00004648e+01
v 6.58555076e+03 7.09564504e+03 5.12846668e+01
v 6.58697537e+03 7.09456339e+03 5.16426224e+01
v 6.58125043e+03 7.10033047e+03 5.11771631e+01
v 6.58184723e+03 7.09919079e+03 5.17888195e+01
v 6.57974827e+03 7.10127638e+03 4.98402962e+01
v 6.58236369e+03 7.09726964e+03 4.79573826e+01
v 6.58449689e+03 7.09516311e+03 4.32727740e+01
v 6.58538875e+03 7.06790503e+03 4.40349151e+01
v 6.58199276e+03 7.06577631e+03 4.40741419e+01
v 6.58323785e+03 7.06552215e+03 4.27009493e+01
v 6.57969658e+03 7.09968004e+03 4.74260144e+01
v 6.62323982e+03 7.07327253e+03 3.55444041e+01
v 6.62404800e+03 7.07169310e+03 3.64613846e+01
v 6.62253831e+03 7.07113420e+03 3.59193452e+01
v 6.62153782e+03 7.07938253e+03 3.52379678e+01
v 6.62119607e+03 7.07836676e+03 3.56492240e+01
v 6.62164905e+03 7.08675819e+03 3.37421123e+01
v 6.62074717e+03 7.08001491e+03 3.38586599e+01
v 6.62482282e+03 7.08487566e+03 3.58573367e+01
v 6.62410117e+03 7.08677158e+03 3.57991497e+01
v 6.62187229e+03 7.08747710e+03 3.58544879e+01
v 6.62547332e+03 7.08484164e+03 3.81416331e+01
v 6.62349838e+03 7.07836907e+03 3.56842527e+01
v 6.62175123e+03 7.07697860e+03 3.55045660e+01
v 6.62477483e+03 7.08682391e+03 3.93983883e+01
v 6.62242260e+03 7.09730770e+03 3.78788734e+01
v 6.62098530e+03 7.09844597e+03 3.81849630e+01
v 6.62178954e+03 7.10634836e+03 3.72528762e+01
v 6.62235309e+03 7.10653173e+03 3.86965565e+01
v 6.62303110e+03 7.08690191e+03 3.68611514e+01
v 6.62290079e+03 7.08691741e+03 4.12585255e+01
v 6.62284078e+03 7.07105819e+03 3.84769966e+01
v 6.62282641e+03 7.06737988e+03 3.94059046e+01
v 6.62546657e+03 7.07066220e+03 3.85371883e+01
v 6.62268705e+03 7.06537286e+03 3.90036828e+01
v 6.62518125e+03 7.07070687e+03 3.59402330e+01
v 6.62419538e+03 7.06238072e+03 3.62182091e+01
v 6.62446022e+03 7.06342072e+03 3.58082768e+01
v 6.62428200e+03 7.06226365e+03 3.73165439e+01
v 6.62275258e+03 7.06351370e+03 3.68314686e+01
v 6.62317623e+03 7.06389891e+03 3.83674362e+01
v 6.62089011e+03 7.06413002e+03 3.91795812e+01
v 6.62197659e+03 7.09168469e+03 4.24425548e+01
v 6.62451995e+03 7.09642378e+03 4.26209605e+01
v 6.62403928e+03 7.11996881e+03 4.26563591e+01
v 6.61980648e+03 7.11942186e+03 4.23908409e+01
v 6.62028094e+03 7.12441984e+03 4.22530291e+01
v 6.62285811e+03 7.12292684e+03 4.23783888e+01
v 6.62124719e+03 7.11161355e+03 4.25658922e+01
v 6.62203902e+03 7.11533925e+03 4.28724534e+01
v 6.62220619e+03 7.10191077e+03 4.04727442e+01
v 6.62248457e+03 7.10871502e+03 4.15326925e+01
v 6.62300482e+03 7.10051765e+03 4.27525705e+01
v 6.62170833e+03 7.09934893e+03 4.23196964e+01
v 6.62255268e+03 7.09778378e+03 4.12373075e+01
v 6.62244301e+03 7.10630934e+03 4.24176971e+01
v 6.62144968e+03 7.10493274e+03 4.23522192e+01
v 6.61744367e+03 7.07409377e+03 4.32904420e+01
v 6.61833698e+03 7.07365116e+03 4.47977069e+01
v 6.62192732e+03 7.07816802e+03 3.66978312e+01
v 6.59321401e+03 7.07802627e+03 4.01019552e+01
v 6.59788647e+03 7.08010220e+03 4.08940508e+01
v 6.59987895e+03 7.08091082e+03 3.98115082e+01
v 6.59514100e+03 7.08004509e+03 4.00177174e+01
v 6.59556349e+03 7.08237190e+03 3.87743411e+01
v 6.61610060e+03 7.07373544e+03 3.91893191e+01
v 6.61752370e+03 7.07447960e+03 3.87582227e+01
v 6.61762208e+03 7.07310751e+03 3.97013753e+01
v 6.61895241e+03 7.06610870e+03 3.90669598e+01
v 6.61598618e+03 7.06661447e+03 3.98454831e+01
v 6.61537448e+03 7.07863081e+03 4.22160236e+01
v 6.61554742e+03 7.07901629e+03 3.94880912e+01
v 6.61795961e+03 7.07126437e+03 3.94993955e+01
v 6.62015875e+03 7.07044413e+03 3.89462446e+01
v 6.61835238e+03 7.06422598e+03 3.92012870e+01
v 6.61849260e+03 7.06426023e+03 3.76857028e+01
v 6.61833612e+03 7.06287141e+03 3.79992161e+01
v 6.59701807e+03 7.08441308e+03 3.82697714e+01
v 6.59665468e+03 7.08298077e+03 3.70929548e+01
v 6.59922143e+03 7.08514942e+03 3.97582600e+01
v 6.59711366e+03 7.08465135e+03 4.06005037e+01
v 6.59706234e+03 7.08196339e+03 3.82344164e+01
v 6.59779910e+03 7.08272736e+03 3.83515846e+01
v 6.59995010e+03 7.07669734e+03 3.92101646e+01
v 6.59914110e+03 7.07808670e+03 3.97653765e+01
v 6.59323336e+03 7.08663344e+03 3.51200471e+01
v 6.59599241e+03 7.09035214e+03 3.38948197e+01
v 6.59768383e+03 7.08629791e+03 3.63758049e+01
v 6.59676525e+03 7.08496245e+03 3.55115931e+01
v 6.60020536e+03 7.08672079e+03 3.69955114e+01
v 6.59524114e+03 7.07532304e+03 3.70579201e+01
v 6.59678154e+03 7.07476257e+03 3.80002253e+01
v 6.59299311e+03 7.07555635e+03 3.67946009e+01
v 6.59278068e+03 7.06906652e+03 3.85816302e+01
v 6.59402654e+03 7.07425054e+03 3.58442158e+01
v 6.59408211e+03 7.07465109e+03 3.69478345e+01
v 6.59427613e+03 7.07280544e+03 3.61772821e+01
v 6.60042534e+03 7.07476394e+03 3.78922653e+01
v 6.59919993e+03 7.07668866e+03 3.82579138e+01
v 6.60967555e+03 7.08120358e+03 3.68661468e+01
v 6.60870678e+03 7.08296353e+03 3.74539549e+01
v 6.60517170e+03 7.08112074e+03 3.86551560e+01
v 6.60611559e+03 7.08098030e+03 4.13489970e+01
v 6.61615967e+03 7.07595942e+03 4.14222877e+01
v 6.61549712e+03 7.07655121e+03 3.93972866e+01
v 6.61844311e+03 7.07514659e+03 3.57134838e+01
v 6.61933199e+03 7.08027159e+03 3.54450630e+01
v 6.61237681e+03 7.08385023e+03 3.42149278e+01
v 6.61169840e+03 7.08431163e+03 3.54866011e+01
v 6.60471876e+03 7.08522566e+03 3.22411189e+01
v 6.60519376e+03 7.08572673e+03 3.29891156e+01
v 6.60523816e+03 7.09592255e+03 3.25148924e+01
v 6.60178268e+03 7.09246446e+03 3.28781310e+01
v 6.60954515e+03 7.08343113e+03 3.30907162e+01
v 6.60692275e+03 7.08702536e+03 3.34373932e+01
v 6.60603095e+03 7.08362443e+03 3.20732430e+01
v 6.60568608e+03 7.08329017e+03 3.51053571e+01
v 6.60799895e+03 7.09834752e+03 3.40604008e+01
v 6.60826669e+03 7.10066371e+03 3.38049411e+01
v 6.59932968e+03 7.07315602e+03 3.57988178e+01
v 6.60047484e+03 7.07304716e+03 3.60683927e+01
v 6.60052161e+03 7.07064379e+03 3.60564817e+01
v 6.62003634e+03 7.06224210e+03 3.80810830e+01
v 6.59948048e+03 7.07472382e+03 3.65411108e+01
v 6.59916282e+03 7.07598725e+03 3.69608847e+01
v 6.61078999e+03 7.08396920e+03 3.50796340e+01
v 6.60894783e+03 7.08354483e+03 3.61073110e+01
v 6.59916090e+03 7.08532328e+03 3.72151527e+01
v 6.60633698e+03 7.09861016e+03 4.71638945e+01
v 6.60153469e+03 7.09514721e+03 3.50729245e+01
v 6.61060042e+03 7.10253257e+03 3.36848725e+01
v 6.61021073e+03 7.10016126e+03 3.41736128e+01
v 6.61119193e+03 7.10323482e+03 3.61010521e+01
v 6.61720412e+03 7.10532087e+03 3.59084095e+01
v 6.61716090e+03 7.10230376e+03 3.82899610e+01
v 6.60596938e+03 7.09683500e+03 3.39073648e+01
v 6.60630288e+03 7.09613072e+03 3.53853277e+01
v 6.61420690e+03 7.12299025e+03 4.17260040e+01
v 6.61316810e+03 7.12302272e+03 4.00213921e+01
v 6.61459698e+03 7.12401736e+03 4.16778505e+01
v 6.61925474e+03 7.12543815e+03 4.05618912e+01
v 6.61239733e+03 7.09495444e+03 3.36741549e+01
v 6.61155519e+03 7.09649908e+03 3.41974074e+01
v 6.61227033e+03 7.09941816e+03 3.57821231e+01
v 6.61205906e+03 7.10102925e+03 3.56039303e+01
v 6.61902604e+03 7.10665950e+03 3.64253889e+01
v 6.61939018e+03 7.10884277e+03 3.42199775e+01
v 6.62103138e+03 7.11153292e+03 3.42875104e+01
v 6.61748992e+03 7.10850526e+03 3.67009509e+01
v 6.61682202e+03 7.10291930e+03 3.37628503e+01
v 6.60387685e+03 7.08542332e+03 3.65136412e+01
v 6.56490920e+03 7.11486059e+03 2.77323223e+01
v 6.56718697e+03 7.12482136e+03 3.43196151e+01
v 6.56776690e+03 7.12457658e+03 3.72892957e+01
v 6.56434483e+03 7.10500496e+03 3.58431133e+01
v 6.56700778e+03 7.10530444e+03 3.58210897e+01
v 6.56455807e+03 7.09696707e+03 3.28379156e+01
v 6.56642151e+03 7.09782741e+03 3.53163941e+01
v 6.56602689e+03 7.09697010e+03 3.37243879e+01
v 6.56594801e+03 7.09537884e+03 3.41860690e+01
v 6.56652414e+03 7.09387388e+03 3.48512827e+01
v 6.56205261e+03 7.11813000e+03 3.01345268e+01
v 6.56256529e+03 7.09943267e+03 3.64224122e+01
v 6.56276099e+03 7.10065174e+03 3.46919642e+01
v 6.56615612e+03 7.10572300e+03 3.44448580e+01
v 6.56485127e+03 7.10001733e+03 3.38541748e+01
v 6.56605842e+03 7.10566832e+03 3.70652551e+01
v 6.56207697e+03 7.10172536e+03 3.74625646e+01
v 6.56774454e+03 7.10072781e+03 3.54793927e+01
v 6.56801413e+03 7.09970324e+03 3.69040768e+01
v 6.56731658e+03 7.10698104e+03 3.72281918e+01
v 6.56356074e+03 7.10232268e+03 3.79565559e+01
v 6.56477001e+03 7.10379538e+03 3.98460240e+01
v 6.56806344e+03 7.10649830e+03 3.55813165e+01
v 6.56787582e+03 7.11415029e+03 4.69602424e+01
v 6.56880010e+03 7.11541442e+03 4.69703563e+01
v 6.56694233e+03 7.10971756e+03 3.89566021e+01
v 6.56856641e+03 7.10884868e+03 3.94378292e+01
v 6.56788143e+03 7.10870227e+03 3.86644415e+01
v 6.56485272e+03 7.10405166e+03 3.82765469e+01
v 6.56223147e+03 7.10148101e+03 3.85200705e+01
v 6.56343844e+03 7.10217254e+03 4.03627328e+01
v 6.56451935e+03 7.10543070e+03 4.39029580e+01
v 6.56386746e+03 7.10616607e+03 4.28039442e+01
v 6.56759380e+03 7.06447217e+03 3.86493437e+01
v 6.56841003e+03 7.06362601e+03 4.02625309e+01
v 6.56693858e+03 7.06360905e+03 3.84937041e+01
v 6.56373452e+03 7.10393847e+03 4.47054429e+01
v 6.56423209e+03 7.10550741e+03 4.50571688e+01
v 6.56539432e+03 7.10387874e+03 4.29477231e+01
v 6.56531545e+03 7.10501196e+03 4.29082187e+01
v 6.56539392e+03 7.10500679e+03 4.27125905e+01
v 6.56485382e+03 7.11226385e+03 4.53535389e+01
v 6.56468729e+03 7.11200676e+03 4.42218451e+01
v 6.56747794e+03 7.06714034e+03 4.20202106e+01
v 6.56861981e+03 7.10825065e+03 3.76282549e+01
v 6.56797943e+03 7.10752262e+03 3.85432147e+01
v 6.56208771e+03 7.10415447e+03 4.22278358e+01
v 6.56322788e+03 7.11009883e+03 4.56286188e+01
v 6.56460248e+03 7.11007622e+03 4.57099184e+01
v 6.56339957e+03 7.10869777e+03 4.40698488e+01
v 6.56599462e+03 7.10413383e+03 4.13553896e+01
v 6.56313951e+03 7.10288645e+03 3.67112372e+01
v 6.56915132e+03 7.11014657e+03 4.41669501e+01
v 6.56366729e+03 7.10359104e+03 4.18363685e+01
v 6.56535592e+03 7.10901017e+03 4.31555971e+01
v 6.56209313e+03 7.10608154e+03 4.61253816e+01
v 6.56316287e+03 7.10834448e+03 4.65560693e+01
v 6.56275854e+03 7.10798676e+03 4.51359456e+01
v 6.56222468e+03 7.10237033e+03 4.19032809e+01
v 6.56618361e+03 7.10660457e+03 3.78510745e+01
v 6.56370242e+03 7.11154514e+03 4.72940216e+01
v 6.56370449e+03 7.11120873e+03 4.54922677e+01
v 6.56695147e+03 7.11112211e+03 4.46170821e+01
v 6.56645561e+03 7.11138029e+03 4.31741900e+01
v 6.56397519e+03 7.12481444e+03 4.56947913e+01
v 6.56290107e+03 7.12303729e+03 4.55237014e+01
v 6.56606397e+03 7.12163368e+03 4.46951875e+01
v 6.56546107e+03 7.12298294e+03 4.53399993e+01
v 6.56367756e+03 7.12188860e+03 4.36124755e+01
v 6.56319826e+03 7.11252885e+03 4.72460744e+01
v 6.56485937e+03 7.10986565e+03 4.44136745e+01
v 6.56375997e+03 7.11818438e+03 4.43479016e+01
v 6.56218143e+03 7.11900606e+03 4.54269628e+01
v 6.56388539e+03 7.11261262e+03 4.57487670e+01
v 6.56318122e+03 7.11369068e+03 4.56106881e+01
v 6.56222034e+03 7.11047352e+03 4.72313819e+01
v 6.56673206e+03 7.10777967e+03 4.17481218e+01
v 6.56600459e+03 7.10565731e+03 4.12425329e+01
v 6.56644175e+03 7.11437521e+03 4.77637252e+01
v 6.56653249e+03 7.11530840e+03 4.68390229e+01
v 6.56418284e+03 7.12158551e+03 4.47759841e+01
v 6.56693454e+03 7.11307385e+03 4.74389300e+01
v 6.56552700e+03 7.11336200e+03 4.66694443e+01
v 6.56365334e+03 7.12022573e+03 4.48515593e+01
v 6.56497412e+03 7.11974835e+03 4.51883380e+01
v 6.56449727e+03 7.10700069e+03 4.31031869e+01
v 6.56395743e+03 7.10731252e+03 4.52249288e+01
v 6.56599126e+03 7.11182258e+03 4.54700123e+01
v 6.56238985e+03 7.11927459e+03 4.26967331e+01
v 6.56220991e+03 7.11642808e+03 4.41093071e+01
v 6.56255746e+03 7.11950590e+03 4.38260963e+01
v 6.56730253e+03 7.11217885e+03 4.77301499e+01
v 6.56488034e+03 7.11746863e+03 4.55517938e+01
v 6.56519510e+03 7.11538068e+03 4.55450068e+01
v 6.56506263e+03 7.11396535e+03 4.54253237e+01
v 6.56337863e+03 7.11719549e+03 4.50284997e+01
v 6.56427112e+03 7.11677539e+03 4.47282770e+01
v 6.56766996e+03 7.11611967e+03 4.76683554e+01
v 6.56562226e+03 7.11710568e+03 4.68307641e+01
v 6.56761978e+03 7.11749821e+03 4.72060981e+01
v 6.56683609e+03 7.11106804e+03 4.66603179e+01
v 6.56778191e+03 7.11209064e+03 4.69076385e+01
v 6.56815553e+03 7.12135345e+03 4.45218367e+01
v 6.56679766e+03 7.12241300e+03 4.45719733e+01
v 6.56339318e+03 7.11844506e+03 4.56616501e+01
v 6.56371384e+03 7.11732093e+03 4.60807531e+01
v 6.56685772e+03 7.11972045e+03 4.53168876e+01
v 6.56910816e+03 7.12403323e+03 4.35636097e+01
v 6.56802602e+03 7.12542725e+03 4.25669887e+01
v 6.56467796e+03 7.12076097e+03 4.43367689e+01
v 6.56625773e+03 7.10833586e+03 4.08337811e+01
v 6.56563571e+03 7.10818750e+03 4.34466494e+01
v 6.56814877e+03 7.06464757e+03 3.51804382e+01
v 6.56651646e+03 7.06402068e+03 3.49260637e+01
v 6.56817456e+03 7.07115442e+03 3.41608337e+01
v 6.56823408e+03 7.07119227e+03 3.41129035e+01
v 6.56796419e+03 7.07092853e+03 3.41647169e+01
v 6.56731706e+03 7.07029340e+03 3.38214559e+01
v 6.56624472e+03 7.10450198e+03 3.90336359e+01
v 6.56578278e+03 7.10483042e+03 4.00862448e+01
v 6.56504911e+03 7.09870570e+03 3.37785384e+01
v 6.56800441e+03 7.12487658e+03 4.05605134e+01
v 6.56740716e+03 7.12379829e+03 3.93336364e+01
v 6.56277260e+03 7.12120284e+03 4.39529015e+01
v 6.56882103e+03 7.12533066e+03 3.66916408e+01
v 6.56950165e+03 7.11201081e+03 4.66428173e+01
v 6.56595237e+03 7.10794982e+03 3.91661305e+01
v 6.56338588e+03 7.10410596e+03 4.01773270e+01
v 6.56233631e+03 7.11472140e+03 4.46944172e+01
v 6.56831845e+03 7.12474028e+03 3.94832312e+01
v 6.57121198e+03 7.10963288e+03 2.67727635e+01
v 6.57234468e+03 7.10848646e+03 2.65117395e+01
v 6.57288047e+03 7.07465839e+03 3.20845968e+01
v 6.57140672e+03 7.07418309e+03 3.15053335e+01
v 6.57151104e+03 7.07945499e+03 3.10950092e+01
v 6.57065420e+03 7.07992631e+03 2.95112380e+01
v 6.57051615e+03 7.08415237e+03 3.14092756e+01
v 6.56865358e+03 7.07221194e+03 3.29474589e+01
v 6.57103302e+03 7.07055821e+03 3.24039186e+01
v 6.57062511e+03 7.08433776e+03 2.75254917e+01
v 6.57252573e+03 7.08916254e+03 2.80958558e+01
v 6.57001103e+03 7.08791795e+03 2.92263650e+01
v 6.57040586e+03 7.07779188e+03 2.91236830e+01
v 6.56994164e+03 7.09150170e+03 2.98073386e+01
v 6.57168050e+03 7.06822409e+03 3.07332489e+01
v 6.57072295e+03 7.06806965e+03 2.96162924e+01
v 6.57206432e+03 7.07050716e+03 3.09271517e+01
v 6.57082084e+03 7.06891351e+03 3.20401123e+01
v 6.57376572e+03 7.07408860e+03 3.24593757e+01
v 6.57811167e+03 7.07899733e+03 2.87973127e+01
v 6.57290888e+03 7.07458064e+03 3.00887953e+01
v 6.57390538e+03 7.07258274e+03 3.12107656e+01
v 6.57429890e+03 7.08036251e+03 2.88399899e+01
v 6.57454353e+03 7.08138113e+03 2.99491465e+01
v 6.57577679e+03 7.08140669e+03 2.87912777e+01
v 6.57459042e+03 7.07972171e+03 3.17026656e+01
v 6.57701574e+03 7.08269047e+03 2.82465252e+01
v 6.57717106e+03 7.08567975e+03 2.86515486e+01
v 6.57470570e+03 7.08583371e+03 3.00929412e+01
v 6.57370176e+03 7.08452280e+03 2.98677956e+01
v 6.57631768e+03 7.07949612e+03 2.89566632e+01
v 6.57988561e+03 7.08582607e+03 2.91359493e+01
v 6.57929792e+03 7.08777539e+03 2.86734564e+01
v 6.57381295e+03 7.08744196e+03 2.84649261e+01
v 6.57417800e+03 7.08677336e+03 3.00384715e+01
v 6.57443210e+03 7.08922344e+03 2.89931841e+01
v 6.57823163e+03 7.08635583e+03 2.90103186e+01
v 6.58616616e+03 7.09346668e+03 3.06310192e+01
v 6.58498662e+03 7.09537938e+03 2.94757961e+01
v 6.58201222e+03 7.10898852e+03 2.97703435e+01
v 6.57251270e+03 7.09238136e+03 3.08161682e+01
v 6.57104416e+03 7.09213927e+03 3.23035880e+01
v 6.57248067e+03 7.10204248e+03 3.11201973e+01
v 6.57499568e+03 7.09964846e+03 2.90085110e+01
v 6.57512665e+03 7.10020035e+03 3.12001956e+01
v 6.58878554e+03 7.12480309e+03 3.06484569e+01
v 6.58153892e+03 7.11701378e+03 3.05091922e+01
v 6.58357666e+03 7.12181866e+03 2.97155681e+01
v 6.57537552e+03 7.09865178e+03 3.16937776e+01
v 6.57528119e+03 7.09690260e+03 3.18916565e+01
v 6.57194029e+03 7.09128934e+03 3.03754976e+01
v 6.58038045e+03 7.09374148e+03 3.02562736e+01
v 6.57999395e+03 7.09972336e+03 2.99904506e+01
v 6.58296432e+03 7.09242085e+03 2.98641687e+01
v 6.58113898e+03 7.09286819e+03 3.00369455e+01
v 6.57296155e+03 7.09233188e+03 2.79985802e+01
v 6.57726176e+03 7.10205719e+03 2.99413103e+01
v 6.57699534e+03 7.10351247e+03 2.93721635e+01
v 6.57666906e+03 7.09779088e+03 2.95984444e+01
v 6.57093421e+03 7.10588994e+03 2.62674545e+01
v 6.56983056e+03 7.10831356e+03 2.92533953e+01
v 6.57428114e+03 7.10283514e+03 2.92863305e+01
v 6.58381044e+03 7.09589141e+03 2.93874322e+01
v 6.58198151e+03 7.09674014e+03 2.92902045e+01
v 6.58931235e+03 7.12295617e+03 2.99496873e+01
v 6.59278175e+03 7.12455073e+03 2.95504179e+01
v 6.59085782e+03 7.12157042e+03 2.92546470e+01
v 6.57937077e+03 7.11193560e+03 3.07244619e+01
v 6.58053470e+03 7.11422724e+03 2.98225599e+01
v 6.58364863e+03 7.11869521e+03 3.12847376e+01
v 6.58292744e+03 7.11288501e+03 2.93693812e+01
v 6.58648888e+03 7.12111436e+03 3.02289167e+01
v 6.58924783e+03 7.11989505e+03 2.95196953e+01
v 6.58021768e+03 7.12363260e+03 2.69110281e+01
v 6.57185929e+03 7.08830959e+03 2.68154597e+01
v 6.58186719e+03 7.12490225e+03 2.80076409e+01
v 6.57865607e+03 7.12090882e+03 2.76769159e+01
v 6.57754189e+03 7.12111563e+03 2.77526090e+01
v 6.57376472e+03 7.11269950e+03 2.62796316e+01
v 6.57409089e+03 7.10913716e+03 2.77178978e+01
v 6.57260053e+03 7.10274769e+03 2.81702877e+01
v 6.57048096e+03 7.10387426e+03 2.73088485e+01
v 6.57500408e+03 7.12126846e+03 2.49397735e+01
v 6.57257047e+03 7.12121312e+03 2.52361500e+01
v 6.57776810e+03 7.11838101e+03 2.76521863e+01
v 6.56962339e+03 7.07964700e+03 2.86300401e+01
v 6.57074199e+03 7.07777986e+03 2.70464815e+01
v 6.57109660e+03 7.11360488e+03 2.35025720e+01
v 6.57521348e+03 7.11718440e+03 2.53056402e+01
v 6.60430705e+03 7.08415207e+03 3.38961027e+01
v 6.60314798e+03 7.09454733e+03 3.30263671e+01
v 6.60618012e+03 7.09329848e+03 3.24754289e+01
v 6.60422002e+03 7.09077476e+03 3.29101741e+01
v 6.59298075e+03 7.07879859e+03 3.92530631e+01
v 6.59334165e+03 7.07652140e+03 3.78756382e+01
v 6.59432139e+03 7.07417143e+03 4.00134970e+01
v 6.59360402e+03 7.07563939e+03 4.08613623e+01
v 6.60047131e+03 7.06928664e+03 3.76485987e+01
v 6.59741069e+03 7.09177735e+03 3.75133135e+01
v 6.59305695e+03 7.08202250e+03 3.90026683e+01
v 6.59403379e+03 7.08282999e+03 4.11039392e+01
v 6.59516097e+03 7.08369878e+03 3.84335173e+01
v 6.59855658e+03 7.08135544e+03 4.01591982e+01
v 6.59957081e+03 7.08310496e+03 4.24015485e+01
v 6.59925224e+03 7.08384704e+03 4.05967143e+01
v 6.60015385e+03 7.07804802e+03 4.13974840e+01
v 6.59945595e+03 7.08212304e+03 4.23075252e+01
v 6.59772444e+03 7.08280598e+03 3.96656582e+01
v 6.59687755e+03 7.08441884e+03 3.67852196e+01
v 6.59545464e+03 7.08281300e+03 3.66228484e+01
v 6.59716354e+03 7.08155379e+03 4.00926990e+01
v 6.59670565e+03 7.08391027e+03 3.98130154e+01
v 6.59735631e+03 7.07707541e+03 3.98892712e+01
v 6.59762902e+03 7.07756992e+03 3.72472740e+01
v 6.59638345e+03 7.07599417e+03 3.85240457e+01
v 6.59869966e+03 7.07548557e+03 3.69561958e+01
v 6.59876573e+03 7.07917715e+03 3.63746793e+01
v 6.60348386e+03 7.08794256e+03 3.29010094e+01
v 6.59768758e+03 7.08925396e+03 3.33822645e+01
v 6.59767144e+03 7.09201801e+03 3.39034191e+01
v 6.59379669e+03 7.08824338e+03 3.33164617e+01
v 6.59893592e+03 7.07770697e+03 3.57627702e+01
v 6.59558033e+03 7.07199883e+03 3.72714793e+01
v 6.60347265e+03 7.08682062e+03 3.48631002e+01
v 6.59569032e+03 7.08698533e+03 3.55034848e+01
v 6.59424753e+03 7.08330651e+03 3.63729152e+01
v 6.59580026e+03 7.08451707e+03 3.61807054e+01
v 6.59538093e+03 7.06952784e+03 3.68236543e+01
v 6.59504900e+03 7.06789757e+03 3.74845633e+01
v 6.59491978e+03 7.06887505e+03 3.88799870e+01
v 6.59470056e+03 7.06728337e+03 4.07187327e+01
v 6.59481178e+03 7.06679271e+03 3.73331176e+01
v 6.59699901e+03 7.06776264e+03 3.79946445e+01
v 6.59585893e+03 7.07053406e+03 3.72655170e+01
v 6.59368193e+03 7.07159063e+03 3.82685837e+01
v 6.59446947e+03 7.07079405e+03 3.84541523e+01
v 6.59446583e+03 7.06474556e+03 3.62888229e+01
v 6.59347628e+03 7.06240075e+03 3.74404302e+01
v 6.59593483e+03 7.06224913e+03 3.80858977e+01
v 6.59358968e+03 7.06266791e+03 3.94368070e+01
v 6.59940522e+03 7.06820833e+03 3.57880308e+01
v 6.59882013e+03 7.06380249e+03 3.58180865e+01
v 6.59313808e+03 7.07043122e+03 3.98674856e+01
v 6.59348983e+03 7.06782424e+03 4.13954200e+01
v 6.59454631e+03 7.07019803e+03 4.04407334e+01
v 6.59428552e+03 7.06943960e+03 3.89852739e+01
v 6.59340454e+03 7.06725319e+03 4.02818834e+01
v 6.59390604e+03 7.07040545e+03 4.20510861e+01
v 6.59431812e+03 7.06779206e+03 4.37134290e+01
v 6.60055745e+03 7.06776527e+03 4.16719973e+01
v 6.60423944e+03 7.08198188e+03 4.16657232e+01
v 6.60396728e+03 7.08081090e+03 4.17071680e+01
v 6.60519188e+03 7.08220762e+03 4.12620736e+01
v 6.60067785e+03 7.06509179e+03 3.82133274e+01
v 6.60353610e+03 7.08372558e+03 4.12947340e+01
v 6.60483951e+03 7.08270179e+03 3.99815182e+01
v 6.61766328e+03 7.08068409e+03 3.92280400e+01
v 6.61523614e+03 7.08139626e+03 3.92739594e+01
v 6.61785984e+03 7.07624461e+03 3.93640029e+01
v 6.61704943e+03 7.07532628e+03 4.00936189e+01
v 6.61429580e+03 7.08137716e+03 4.14632120e+01
v 6.60168254e+03 7.08034236e+03 4.14888759e+01
v 6.60013721e+03 7.08123006e+03 4.15760604e+01
v 6.60041606e+03 7.08545050e+03 4.06981003e+01
v 6.61674295e+03 7.07474785e+03 4.13888558e+01
v 6.61769928e+03 7.07324489e+03 4.10343286e+01
v 6.61654689e+03 7.07536484e+03 3.85124112e+01
v 6.61527063e+03 7.08118025e+03 4.22213106e+01
v 6.60905696e+03 7.08106408e+03 4.19122742e+01
v 6.61438899e+03 7.08168512e+03 3.81588088e+01
v 6.61217898e+03 7.08126731e+03 3.68819165e+01
v 6.61472488e+03 7.07578855e+03 4.25936853e+01
v 6.61261083e+03 7.07593004e+03 4.21910163e+01
v 6.60918061e+03 7.07835050e+03 4.20335002e+01
v 6.62074447e+03 7.06762362e+03 4.04462743e+01
v 6.61812025e+03 7.06628772e+03 4.11552844e+01
v 6.61780992e+03 7.07534387e+03 3.79976605e+01
v 6.61769126e+03 7.07868238e+03 3.83054957e+01
v 6.61870868e+03 7.06720888e+03 4.13411531e+01
v 6.62072085e+03 7.06770397e+03 4.27592569e+01
v 6.61692425e+03 7.07066094e+03 4.19554138e+01
v 6.62074199e+03 7.06894083e+03 4.07266074e+01
v 6.61595680e+03 7.06641861e+03 4.21725666e+01
v 6.61793565e+03 7.07285981e+03 3.78049006e+01
v 6.61605765e+03 7.06380782e+03 3.94158933e+01
v 6.61598759e+03 7.06345721e+03 4.16534320e+01
v 6.61950301e+03 7.06410751e+03 3.67340332e+01
v 6.61984903e+03 7.06455257e+03 3.85798674e+01
v 6.61871502e+03 7.07423672e+03 3.88534127e+01
v 6.62012205e+03 7.07164464e+03 3.84665852e+01
v 6.61974828e+03 7.07464769e+03 3.80831692e+01
v 6.62063400e+03 7.07322851e+03 3.69789683e+01
v 6.60074972e+03 7.06453989e+03 3.58306324e+01
v 6.61977321e+03 7.08214206e+03 3.79781470e+01
v 6.61957074e+03 7.08251967e+03 3.37128009e+01
v 6.61942985e+03 7.08151660e+03 3.58899027e+01
v 6.61742289e+03 7.08419544e+03 3.39377926e+01
v 6.61716974e+03 7.08432250e+03 3.75322554e+01
v 6.62046336e+03 7.07892058e+03 3.61680754e+01
v 6.62042017e+03 7.07474619e+03 3.70277088e+01
v 6.60996260e+03 7.08296254e+03 3.44711608e+01
v 6.60783238e+03 7.08327884e+03 3.30518779e+01
v 6.61050636e+03 7.08284103e+03 3.67115069e+01
v 6.61811892e+03 7.07697791e+03 3.55956269e+01
v 6.61770207e+03 7.07919871e+03 3.54306201e+01
v 6.61637832e+03 7.08044685e+03 3.51783143e+01
v 6.61691606e+03 7.08114062e+03 3.75795115e+01
v 6.61565782e+03 7.07838232e+03 3.64487518e+01
v 6.61606919e+03 7.07929897e+03 3.63840396e+01
v 6.61490625e+03 7.08389560e+03 3.63762853e+01
v 6.61613483e+03 7.08337618e+03 3.41672776e+01
v 6.61514990e+03 7.08388550e+03 3.47970802e+01
v 6.61228003e+03 7.08356580e+03 3.63457204e+01
v 6.61309126e+03 7.08403684e+03 3.75101835e+01
v 6.60481518e+03 7.08365928e+03 3.75072152e+01
v 6.60535163e+03 7.08332974e+03 3.86410686e+01
v 6.60826100e+03 7.08124485e+03 3.87981927e+01
v 6.61757156e+03 7.07688640e+03 3.73159597e+01
v 6.60827845e+03 7.08361626e+03 3.82968843e+01
v 6.61978313e+03 7.08118029e+03 3.74566909e+01
v 6.62037351e+03 7.09313460e+03 3.45379646e+01
v 6.62116501e+03 7.09146273e+03 3.57236110e+01
v 6.61729499e+03 7.09699752e+03 3.36186741e+01
v 6.62128774e+03 7.09035877e+03 3.38173807e+01
v 6.61483384e+03 7.08696101e+03 3.33809380e+01
v 6.61605591e+03 7.08489847e+03 3.44473129e+01
v 6.61262567e+03 7.08525911e+03 3.42598875e+01
v 6.62110785e+03 7.06957062e+03 4.03202114e+01
v 6.61035511e+03 7.08543760e+03 3.43398345e+01
v 6.61201678e+03 7.08625716e+03 3.36246445e+01
v 6.60987577e+03 7.09271565e+03 3.31533773e+01
v 6.60001090e+03 7.09209536e+03 3.36019111e+01
v 6.61174372e+03 7.08582060e+03 3.60693133e+01
v 6.62114210e+03 7.09431126e+03 3.41313029e+01
v 6.61360683e+03 7.10089412e+03 3.37360281e+01
v 6.61369661e+03 7.10378068e+03 3.34259799e+01
v 6.60018021e+03 7.09377496e+03 3.31444618e+01
v 6.60318868e+03 7.08414633e+03 3.50921192e+01
v 6.60706240e+03 7.09669239e+03 3.35020589e+01
v 6.60186238e+03 7.09558445e+03 3.25984763e+01
v 6.62126243e+03 7.10987606e+03 3.43066846e+01
v 6.61954559e+03 7.10034795e+03 3.38391873e+01
v 6.61460036e+03 7.09759819e+03 3.37983399e+01
v 6.61497438e+03 7.09985568e+03 3.42822465e+01
v 6.61255652e+03 7.10255710e+03 3.39688209e+01
v 6.60702285e+03 7.09970308e+03 3.31263425e+01
v 6.60837073e+03 7.09508084e+03 3.39064765e+01
v 6.61071138e+03 7.09439700e+03 3.37651379e+01
v 6.61295286e+03 7.09673909e+03 3.37109197e+01
v 6.61196032e+03 7.10139181e+03 3.40296710e+01
v 6.61349648e+03 7.09899047e+03 3.40101521e+01
v 6.61202630e+03 7.10358567e+03 3.42181612e+01
v 6.61090011e+03 7.10060148e+03 3.55152143e+01
v 6.60660788e+03 7.09763007e+03 3.28283230e+01
v 6.60501491e+03 7.09823344e+03 3.50654382e+01
v 6.61134958e+03 7.09658104e+03 3.60054634e+01
v 6.61192665e+03 7.09459498e+03 3.51294576e+01
v 6.61324375e+03 7.10260907e+03 3.61558526e+01
v 6.61481561e+03 7.10469482e+03 3.46648007e+01
v 6.60967776e+03 7.09572045e+03 3.58836424e+01
v 6.61171117e+03 7.09822587e+03 3.49306245e+01
v 6.61214209e+03 7.09802940e+03 3.36171551e+01
v 6.61278697e+03 7.09707615e+03 3.53913146e+01
v 6.61391412e+03 7.09840182e+03 3.54931375e+01
v 6.60989129e+03 7.09909074e+03 3.61519849e+01
v 6.61427200e+03 7.10605941e+03 3.63895603e+01
v 6.61620453e+03 7.10707499e+03 3.42163399e+01
v 6.61607427e+03 7.10458029e+03 3.37147831e+01
v 6.61858290e+03 7.10918029e+03 3.50471573e+01
v 6.61573606e+03 7.10718531e+03 3.68064455e+01
v 6.62010024e+03 7.10558473e+03 3.83577996e+01
v 6.62102805e+03 7.09933060e+03 3.50422016e+01
v 6.61881538e+03 7.10022666e+03 3.82744261e+01
v 6.61531735e+03 7.10441873e+03 3.62620498e+01
v 6.60254796e+03 7.08582608e+03 3.73321815e+01
v 6.60408979e+03 7.09429538e+03 3.52212673e+01
v 6.61086955e+03 7.09428418e+03 3.48738033e+01
v 6.61057377e+03 7.09814934e+03 3.48705475e+01
v 6.60829096e+03 7.09817835e+03 3.60889444e+01
v 6.61042320e+03 7.09949236e+03 3.47612802e+01
v 6.60336913e+03 7.08461261e+03 3.81167873e+01
v 6.60243822e+03 7.08705482e+03 3.92739676e+01
v 6.61512334e+03 7.12495589e+03 3.98028729e+01
v 6.61752501e+03 7.12530810e+03 3.96418571e+01
v 6.61624372e+03 7.12177068e+03 4.13177866e+01
v 6.61897775e+03 7.12294196e+03 3.97137409e+01
v 6.61420265e+03 7.12205362e+03 3.97903536e+01
v 6.61493186e+03 7.12519788e+03 4.16664891e+01
v 6.60298041e+03 7.08546426e+03 3.92771452e+01
v 6.60135289e+03 7.08586585e+03 3.96387749e+01
v 6.60416875e+03 7.08553336e+03 4.14968941e+01
v 6.60410879e+03 7.08467900e+03 4.02501989e+01
v 6.61667858e+03 7.12078224e+03 4.22328387e+01
v 6.61743270e+03 7.12116321e+03 3.98147690e+01
v 6.61323052e+03 7.11975090e+03 4.00118428e+01
v 6.61506945e+03 7.11843791e+03 3.98059407e+01
v 6.61496124e+03 7.10626762e+03 4.52750889e+01
v 6.61206823e+03 7.12175277e+03 3.98893289e+01
v 6.61505663e+03 7.12062089e+03 4.14991244e+01
v 6.61506745e+03 7.11886533e+03 4.69517278e+01
v 6.61908276e+03 7.11516407e+03 4.69534022e+01
v 6.61752431e+03 7.11578000e+03 4.46525162e+01
v 6.62036720e+03 7.11656758e+03 4.25834009e+01
v 6.62116878e+03 7.11751570e+03 4.31864912e+01
v 6.62137288e+03 7.11735682e+03 4.56563995e+01
v 6.61706743e+03 7.11654833e+03 4.24056770e+01
v 6.61011191e+03 7.11724543e+03 4.73507616e+01
v 6.61351033e+03 7.11432420e+03 4.73620262e+01
v 6.60729857e+03 7.10939970e+03 4.78728549e+01
v 6.61639567e+03 7.11097940e+03 4.74994299e+01
v 6.61491028e+03 7.11834317e+03 4.21833216e+01
v 6.61162572e+03 7.12185701e+03 4.66323258e+01
v 6.61446177e+03 7.11851905e+03 4.48866568e+01
v 6.61794764e+03 7.10831241e+03 4.75079322e+01
v 6.61167620e+03 7.12122281e+03 4.36512856e+01
v 6.61492168e+03 7.12493309e+03 4.35004675e+01
v 6.60979282e+03 7.12322641e+03 4.72486824e+01
v 6.60897347e+03 7.12391627e+03 4.55648846e+01
v 6.60740256e+03 7.12492107e+03 4.34512117e+01
v 6.61390338e+03 7.12235796e+03 4.10310874e+01
v 6.61211308e+03 7.12134670e+03 4.19865009e+01
v 6.61026975e+03 7.12358872e+03 4.64193742e+01
v 6.61022353e+03 7.12270263e+03 4.33648561e+01
v 6.60765752e+03 7.12045825e+03 4.73099948e+01
v 6.60470244e+03 7.12296498e+03 4.73695032e+01
v 6.59550114e+03 7.09249908e+03 4.94583393e+01
v 6.60427499e+03 7.09705545e+03 4.87305873e+01
v 6.59902127e+03 7.09276826e+03 4.91072380e+01
v 6.61056758e+03 7.10261751e+03 4.81111201e+01
v 6.60750531e+03 7.07051929e+03 4.47003666e+01
v 6.60918426e+03 7.07570311e+03 4.45641330e+01
v 6.60741533e+03 7.07557808e+03 4.45270237e+01
v 6.61251842e+03 7.06633524e+03 4.44054316e+01
v 6.60908437e+03 7.06854027e+03 4.50023759e+01
v 6.61320445e+03 7.06747353e+03 4.37902902e+01
v 6.61184274e+03 7.06574287e+03 4.22624725e+01
v 6.61233551e+03 7.07099963e+03 4.46681430e+01
v 6.61522521e+03 7.07142018e+03 4.31408769e+01
v 6.61498600e+03 7.07102501e+03 4.43921832e+01
v 6.61775023e+03 7.07626933e+03 4.43205584e+01
v 6.61472023e+03 7.07611446e+03 4.46582507e+01
v 6.61477351e+03 7.07138339e+03 4.80382678e+01
v 6.61485957e+03 7.07293561e+03 4.49902026e+01
v 6.61652913e+03 7.07265950e+03 4.60924815e+01
v 6.61708550e+03 7.07170562e+03 4.58216975e+01
v 6.61709356e+03 7.07569090e+03 4.61193156e+01
v 6.61787600e+03 7.07269504e+03 4.71794699e+01
v 6.61835611e+03 7.07419484e+03 4.69684622e+01
v 6.61801185e+03 7.07265366e+03 4.53215945e+01
v 6.61725646e+03 7.07548851e+03 4.81222396e+01
v 6.61802650e+03 7.07115240e+03 4.42275178e+01
v 6.61744676e+03 7.07136673e+03 4.32314062e+01
v 6.61245598e+03 7.07333906e+03 4.50207083e+01
v 6.61566404e+03 7.07133498e+03 4.56929802e+01
v 6.61739750e+03 7.07136592e+03 4.76337976e+01
v 6.61301310e+03 7.07238834e+03 4.58314764e+01
v 6.61640420e+03 7.07167720e+03 4.78827825e+01
v 6.61471965e+03 7.07576147e+03 4.79158791e+01
v 6.59413763e+03 7.09065562e+03 4.99714941e+01
v 6.60377828e+03 7.08514752e+03 4.26098294e+01
v 6.60313161e+03 7.08433797e+03 4.24636179e+01
v 6.60305958e+03 7.08336405e+03 4.37899449e+01
v 6.60198132e+03 7.08298879e+03 4.36752545e+01
v 6.60370022e+03 7.08206604e+03 4.27415953e+01
v 6.60201960e+03 7.08190832e+03 4.19548536e+01
v 6.59970231e+03 7.08368361e+03 4.31572326e+01
v 6.60102699e+03 7.08515211e+03 4.24725219e+01
v 6.59442699e+03 7.06848320e+03 4.15456936e+01
v 6.60561849e+03 7.07186675e+03 4.18950606e+01
v 6.60583408e+03 7.06238952e+03 4.19358874e+01
v 6.60806954e+03 7.06963525e+03 4.22403719e+01
v 6.60781215e+03 7.06628220e+03 4.43805257e+01
v 6.60816539e+03 7.06592089e+03 4.21719091e+01
v 6.60793735e+03 7.07322849e+03 4.22318792e+01
v 6.60791731e+03 7.07568902e+03 4.22929558e+01
v 6.61536837e+03 7.07724924e+03 4.17848674e+01
v 6.60982839e+03 7.07602344e+03 4.20006761e+01
v 6.61762213e+03 7.07479179e+03 4.25216515e+01
v 6.61643564e+03 7.07562507e+03 4.29263643e+01
v 6.61558043e+03 7.07484774e+03 4.25258284e+01
v 6.61699969e+03 7.06850915e+03 4.20308544e+01
v 6.61424655e+03 7.06650316e+03 4.18037082e+01
v 6.61258175e+03 7.06675767e+03 4.20185305e+01
v 6.57493215e+03 7.08295136e+03 3.76133766e+01
v 6.57441766e+03 7.08239039e+03 3.80945369e+01
v 6.57098422e+03 7.08084020e+03 3.91853494e+01
v 6.56853668e+03 7.07010242e+03 3.79012195e+01
v 6.57066232e+03 7.10982590e+03 3.95794953e+01
v 6.57152288e+03 7.08334842e+03 3.86166610e+01
v 6.57951061e+03 7.08972982e+03 3.65061810e+01
v 6.57436023e+03 7.06443927e+03 3.94984379e+01
v 6.57318635e+03 7.06313491e+03 3.94177949e+01
v 6.57860462e+03 7.06821353e+03 3.78804738e+01
v 6.58109189e+03 7.06422191e+03 3.77675744e+01
v 6.57677965e+03 7.09561564e+03 3.88462048e+01
v 6.57277833e+03 7.08447574e+03 3.81557580e+01
v 6.57411306e+03 7.08387616e+03 3.96202909e+01
v 6.57569947e+03 7.08331021e+03 4.08983549e+01
v 6.57123972e+03 7.07201654e+03 3.94035866e+01
v 6.56981340e+03 7.07259319e+03 3.86782658e+01
v 6.56956387e+03 7.06909886e+03 3.80724585e+01
v 6.57011516e+03 7.07130390e+03 3.82576970e+01
v 6.57023390e+03 7.07329846e+03 3.88826379e+01
v 6.57093547e+03 7.07390066e+03 3.95595984e+01
v 6.57058966e+03 7.08120713e+03 3.94340697e+01
v 6.57140940e+03 7.08157941e+03 3.95526189e+01
v 6.57411645e+03 7.07797454e+03 4.26768156e+01
v 6.57411401e+03 7.07828979e+03 3.93509677e+01
v 6.57353257e+03 7.07693910e+03 4.29905195e+01
v 6.57357850e+03 7.07874550e+03 4.26004604e+01
v 6.57163853e+03 7.07424616e+03 4.16519258e+01
v 6.57094159e+03 7.06898647e+03 4.36955940e+01
v 6.56901135e+03 7.07031277e+03 4.36581948e+01
v 6.56952340e+03 7.06630007e+03 4.17175234e+01
v 6.57394449e+03 7.08176722e+03 4.28630514e+01
v 6.57059000e+03 7.08140215e+03 4.24638794e+01
v 6.57110103e+03 7.11114955e+03 4.19505999e+01
v 6.57653001e+03 7.10202159e+03 4.97644508e+01
v 6.56994997e+03 7.11163536e+03 4.20923656e+01
v 6.56845635e+03 7.10937518e+03 4.11717222e+01
v 6.56879366e+03 7.11111730e+03 4.54324477e+01
v 6.56919827e+03 7.11990265e+03 4.32258834e+01
v 6.56740832e+03 7.12268632e+03 4.36084336e+01
v 6.57018859e+03 7.12322066e+03 4.36052878e+01
v 6.56856743e+03 7.12420818e+03 4.20150462e+01
v 6.57103554e+03 7.11167815e+03 4.34454258e+01
v 6.56817297e+03 7.12027251e+03 4.41294892e+01
v 6.57194388e+03 7.11522030e+03 4.21734243e+01
v 6.57081745e+03 7.11416822e+03 4.03383665e+01
v 6.56975677e+03 7.12522725e+03 3.99824951e+01
v 6.57157177e+03 7.11872223e+03 4.06694674e+01
v 6.57244811e+03 7.11445933e+03 3.95256341e+01
v 6.56923950e+03 7.08008098e+03 3.61424364e+01
v 6.56836848e+03 7.06401889e+03 3.62327782e+01
v 6.56899321e+03 7.06424764e+03 3.63090154e+01
v 6.57924441e+03 7.06402580e+03 3.58848872e+01
v 6.61895331e+03 7.10953027e+03 3.90532226e+01
v 6.56361964e+03 7.10534562e+03 2.36876418e+01
v 6.56698942e+03 7.06238415e+03 3.74070393e+01
v 6.56881029e+03 7.12395234e+03 3.86108950e+01
v 6.56734403e+03 7.06552234e+03 3.57031560e+01
v 6.56695826e+03 7.10691629e+03 3.31053201e+01
v 6.56752587e+03 7.06484540e+03 3.92901624e+01
v 6.56318630e+03 7.10406570e+03 4.33545667e+01
v 6.56257173e+03 7.11617081e+03 2.95564534e+01
v 6.56546066e+03 7.10714098e+03 3.82337686e+01
v 6.56494049e+03 7.10652469e+03 3.90437142e+01
v 6.56527636e+03 7.10511083e+03 4.29247373e+01
v 6.56237119e+03 7.10419786e+03 4.54673858e+01
v 6.56687119e+03 7.10921320e+03 4.06478913e+01
v 6.56349655e+03 7.11956707e+03 4.61070793e+01
v 6.56639658e+03 7.11827390e+03 4.57226611e+01
v 6.56679687e+03 7.12505531e+03 4.51458988e+01
v 6.56618570e+03 7.12363299e+03 4.58097554e+01
v 6.56714226e+03 7.11994412e+03 4.39397010e+01
v 6.56798080e+03 7.12383705e+03 4.43058299e+01
v 6.56789101e+03 7.11136944e+03 4.37675397e+01
v 6.56796804e+03 7.07106305e+03 3.41524097e+01
v 6.62276767e+03 7.08976544e+03 3.39191772e+01
v 6.62300368e+03 7.08760044e+03 3.40899421e+01
v 6.62182877e+03 7.11143274e+03 3.51784090e+01
v 6.62263467e+03 7.09040252e+03 3.60111623e+01
v 6.62151037e+03 7.09389837e+03 3.51133256e+01
v 6.62250335e+03 7.09668918e+03 3.39745057e+01
v 6.62238327e+03 7.09901466e+03 3.97752631e+01
v 6.56200001e+03 7.11456089e+03 2.72549373e+01
v 6.56200001e+03 7.11462172e+03 2.74775826e+01
v 6.56200001e+03 7.11989707e+03 4.34867049e+01
v 6.56200001e+03 7.11965131e+03 4.27631400e+01
v 6.56200001e+03 7.11909866e+03 4.22919520e+01
v 6.56200001e+03 7.11710520e+03 4.34449445e+01
v 6.56200001e+03 7.10933367e+03 4.70056108e+01
v 6.56200001e+03 7.10953285e+03 4.70995597e+01
v 6.56200001e+03 7.11144293e+03 4.76687206e+01
v 6.56200001e+03 7.11095285e+03 4.74747875e+01
v 6.56200001e+03 7.11159976e+03 4.76441427e+01
v 6.56200001e+03 7.11312385e+03 4.68123067e+01
v 6.56200001e+03 7.12232244e+03 4.39123958e+01
v 6.56200001e+03 7.12259418e+03 4.44205214e+01
v 6.56200001e+03 7.12455813e+03 4.53902955e+01
v 6.56200001e+03 7.12317779e+03 4.51381981e+01
v 6.56200001e+03 7.10925676e+03 4.70439553e+01
v 6.56200001e+03 7.10412269e+03 4.22227815e+01
v 6.56200001e+03 7.10411544e+03 4.21889484e+01
v 6.56200001e+03 7.10259040e+03 4.10775269e+01
v 6.56200001e+03 7.10240326e+03 4.16779625e+01
v 6.56200001e+03 7.11318672e+03 4.65539739e+01
v 6.56200001e+03 7.11837359e+03 3.00220166e+01
v 6.56200001e+03 7.11812494e+03 3.01522395e+01
v 6.56200001e+03 7.10159059e+03 3.37389311e+01
v 6.56200001e+03 7.10087366e+03 3.45208369e+01
v 6.56200001e+03 7.09995176e+03 3.58027292e+01
v 6.56200001e+03 7.09984834e+03 3.61645728e+01
v 6.56200001e+03 7.12202889e+03 4.39694057e+01
v 6.56200001e+03 7.12127004e+03 4.39176590e+01
v 6.56200001e+03 7.11447493e+03 4.53187074e+01
v 6.56200001e+03 7.11457525e+03 4.39055371e+01
v 6.56200001e+03 7.11620835e+03 4.36724420e+01
v 6.56200001e+03 7.11527064e+03 4.38366482e+01
v 6.56200001e+03 7.11624498e+03 4.33394231e+01
v 6.56200001e+03 7.11417821e+03 4.57655501e+01
v 6.56200001e+03 7.11337414e+03 4.64587450e+01
v 6.56200001e+03 7.12523735e+03 4.53925777e+01
v 6.56200001e+03 7.11047878e+03 4.72483546e+01
v 6.56200001e+03 7.10621041e+03 4.60811309e+01
v 6.56200001e+03 7.10768133e+03 4.53916391e+01
v 6.56200001e+03 7.10418365e+03 4.23333124e+01
v 6.56200001e+03 7.10419835e+03 4.22197348e+01
v 6.56200001e+03 7.10795870e+03 4.52734232e+01
v 6.56200001e+03 7.10921142e+03 4.69371503e+01
v 6.56200001e+03 7.10616114e+03 4.60410228e+01
v 6.56200001e+03 7.10608009e+03 4.60600998e+01
v 6.56200001e+03 7.10165230e+03 3.88121286e+01
v 6.56200001e+03 7.10148518e+03 3.85816924e+01
v 6.56200001e+03 7.10212467e+03 3.92792751e+01
v 6.56200001e+03 7.10274139e+03 4.01631656e+01
v 6.56200001e+03 7.10260298e+03 4.18731220e+01
v 6.56200001e+03 7.10304211e+03 4.01351616e+01
v 6.56200001e+03 7.10294398e+03 4.03567403e+01
v 6.56200001e+03 7.10450222e+03 4.53472970e+01
v 6.56200001e+03 7.10422353e+03 4.49978082e+01
v 6.56200001e+03 7.10416907e+03 4.25071581e+01
v 6.56200001e+03 7.10419923e+03 4.39899466e+01
v 6.56200001e+03 7.10005729e+03 3.66548797e+01
v 6.56200001e+03 7.10173116e+03 3.74562765e+01
v 6.56200001e+03 7.10152745e+03 3.83709350e+01
v 6.56200001e+03 7.09784129e+03 2.16767110e+01
v 6.56200001e+03 7.10209504e+03 2.19450434e+01
v 6.56200001e+03 7.08356885e+03 2.67310297e+01
v 6.56200001e+03 7.08358173e+03 2.65248077e+01
v 6.56200001e+03 7.09553304e+03 2.15027571e+01
v 6.56200001e+03 7.09199656e+03 2.17060139e+01
v 6.56200001e+03 7.11674301e+03 2.34394368e+01
v 6.56200001e+03 7.11542810e+03 2.33653275e+01
v 6.56200001e+03 7.10548361e+03 2.25833844e+01
v 6.56200001e+03 7.10474763e+03 2.22419602e+01
v 6.56200001e+03 7.08284974e+03 2.38384818e+01
v 6.56200001e+03 7.08309106e+03 2.38018972e+01
v 6.56200001e+03 7.08432653e+03 2.57961303e+01
v 6.56200001e+03 7.08558108e+03 2.51230324e+01
v 6.56200001e+03 7.08733743e+03 2.43988956e+01
v 6.56200001e+03 7.08731229e+03 2.45396112e+01
v 6.56200001e+03 7.08411393e+03 2.41205200e+01
v 6.56200001e+03 7.08410994e+03 2.41199312e+01
v 6.56200001e+03 7.08939004e+03 2.19201725e+01
v 6.56200001e+03 7.08827741e+03 2.20262599e+01
v 6.56200001e+03 7.07071172e+03 2.43310995e+01
v 6.56200001e+03 7.07446372e+03 2.45304553e+01
v 6.56200001e+03 7.07973327e+03 2.45077210e+01
v 6.56200001e+03 7.07693841e+03 2.45129096e+01
v 6.56200001e+03 7.08058864e+03 2.45190571e+01
v 6.56200001e+03 7.07046477e+03 2.44440990e+01
v 6.56200001e+03 7.06882403e+03 2.55511260e+01
v 6.56200001e+03 7.06789742e+03 2.56012165e+01
v 6.56200001e+03 7.06573279e+03 2.59768026e+01
v 6.56200001e+03 7.06843716e+03 2.55522680e+01
v 6.56200001e+03 7.06282490e+03 2.58898682e+01
v 6.56200001e+03 7.06244511e+03 2.60726273e+01
v 6.56200001e+03 7.08703987e+03 2.45778383e+01
v 6.56200001e+03 7.08126744e+03 2.42397500e+01
v 6.56200001e+03 7.08410551e+03 2.41539871e+01
v 6.56200001e+03 7.08411361e+03 2.41240734e+01
v 6.56200001e+03 7.08366208e+03 2.61878750e+01
v 6.56200001e+03 7.08424403e+03 2.61719354e+01
v 6.56200001e+03 7.08355803e+03 2.66705777e+01
v 6.56200001e+03 7.10314879e+03 3.01734564e+01
v 6.56200001e+03 7.10271990e+03 3.09712105e+01
v 6.56200001e+03 7.08358255e+03 2.68482415e+01
v 6.56200001e+03 7.10370970e+03 2.83481968e+01
v 6.56200001e+03 7.10368429e+03 2.91449178e+01
v 6.56200001e+03 7.12216444e+03 2.68252224e+01
v 6.56200001e+03 7.12163720e+03 2.55827238e+01
v 6.56200001e+03 7.11867701e+03 2.36586661e+01
v 6.56200001e+03 7.11828299e+03 2.36436469e+01
v 6.56200001e+03 7.11464120e+03 2.71467410e+01
v 6.56200001e+03 7.11565869e+03 2.96214557e+01
v 6.56200001e+03 7.11801878e+03 3.01267821e+01
v 6.56200001e+03 7.11807406e+03 3.01580763e+01
v 6.56200001e+03 7.12060363e+03 2.95185574e+01
v 6.56200001e+03 7.12033750e+03 2.93894582e+01
v 6.56200001e+03 7.11498459e+03 2.56463863e+01
v 6.56200001e+03 7.10349421e+03 2.96198264e+01
v 6.56200001e+03 7.10347165e+03 2.98939591e+01
v 6.56200001e+03 7.10253719e+03 3.20852467e+01
v 6.56200001e+03 7.10732356e+03 2.41702442e+01
v 6.56200001e+03 7.10836817e+03 2.30335050e+01
v 6.56200001e+03 7.08353255e+03 2.65863890e+01
v 6.56200001e+03 7.12133062e+03 2.42637280e+01
v 6.56200001e+03 7.11878914e+03 2.36228748e+01
v 6.56200001e+03 7.10671646e+03 2.51716970e+01
v 6.56200001e+03 7.10677462e+03 2.24218064e+01
v 6.56200001e+03 7.10526671e+03 2.64773583e+01
v 6.56200001e+03 7.12134562e+03 2.80478063e+01
v 6.62549999e+03 7.06851724e+03 3.90546552e+01
v 6.62549999e+03 7.06720331e+03 3.94454581e+01
v 6.62549999e+03 7.10971753e+03 4.26905318e+01
v 6.62549999e+03 7.10825822e+03 4.26647015e+01
v 6.62549999e+03 7.11546525e+03 4.27906013e+01
v 6.62549999e+03 7.11445122e+03 4.27662042e+01
v 6.62549999e+03 7.06981223e+03 4.12401549e+01
v 6.62549999e+03 7.06959753e+03 4.11175952e+01
v 6.62549999e+03 7.06347128e+03 3.84022577e+01
v 6.62549999e+03 7.06328920e+03 3.88897585e+01
v 6.62549999e+03 7.08404721e+03 3.50071798e+01
v 6.62549999e+03 7.08477874e+03 3.79849156e+01
v 6.62549999e+03 7.08485023e+03 3.81589864e+01
v 6.62549999e+03 7.08482851e+03 3.81064846e+01
v 6.62549999e+03 7.07438349e+03 3.55128801e+01
v 6.62549999e+03 7.07601532e+03 3.54905965e+01
v 6.62549999e+03 7.07310913e+03 3.55262065e+01
v 6.62549999e+03 7.09034918e+03 4.25783446e+01
v 6.62549999e+03 7.08721437e+03 4.23850411e+01
v 6.62549999e+03 7.09682504e+03 4.26624955e+01
v 6.62549999e+03 7.09597790e+03 4.26171857e+01
v 6.62549999e+03 7.09713524e+03 4.35048535e+01
v 6.62549999e+03 7.09730777e+03 4.38804220e+01
v 6.62549999e+03 7.10369085e+03 4.36705737e+01
v 6.62549999e+03 7.10392383e+03 4.27715290e+01
v 6.62549999e+03 7.10489879e+03 4.31082997e+01
v 6.62549999e+03 7.10723337e+03 4.30961728e+01
v 6.62549999e+03 7.10816120e+03 4.34377965e+01
v 6.62549999e+03 7.11188124e+03 4.27487591e+01
v 6.62549999e+03 7.11601170e+03 4.27755077e+01
v 6.62549999e+03 7.11989053e+03 4.26017500e+01
v 6.62549999e+03 7.12095854e+03 4.27243093e+01
v 6.62549999e+03 7.11619759e+03 4.26929262e+01
v 6.62549999e+03 7.12460053e+03 4.24215010e+01
v 6.62549999e+03 7.12101225e+03 4.27211221e+01
v 6.62549999e+03 7.08687713e+03 4.00022533e+01
v 6.62549999e+03 7.08689939e+03 4.07670090e+01
v 6.62549999e+03 7.08700996e+03 4.23863759e+01
v 6.62549999e+03 7.09405459e+03 4.26305726e+01
v 6.62549999e+03 7.06687182e+03 3.94257759e+01
v 6.62549999e+03 7.06696631e+03 3.94644327e+01
v 6.62549999e+03 7.06323591e+03 3.70653374e+01
v 6.62549999e+03 7.06232681e+03 3.61926817e+01
v 6.62549999e+03 7.07064747e+03 3.84626303e+01
v 6.62549999e+03 7.07058794e+03 3.60864025e+01
v 6.62549999e+03 7.07084836e+03 3.59630620e+01
v 6.62549999e+03 7.06967607e+03 4.06095063e+01
v 6.62549999e+03 7.06705738e+03 3.94823533e+01
v 6.62549999e+03 7.07049631e+03 3.85762651e+01
v 6.62549999e+03 7.08683829e+03 3.94272128e+01
v 6.62549999e+03 7.08641140e+03 3.93692580e+01
v 6.62549999e+03 7.07672196e+03 3.56676410e+01
v 6.62549999e+03 7.07747148e+03 3.57191037e+01
v 6.62549999e+03 7.07779826e+03 3.50572834e+01
v 6.62549999e+03 7.08376045e+03 3.41326804e+01
v 6.62549999e+03 7.08034725e+03 3.42397740e+01
v 6.62549999e+03 7.07803935e+03 3.43050241e+01
v 6.62549999e+03 7.07155114e+03 3.62472899e+01
v 6.62549999e+03 7.07209832e+03 3.58694165e+01
v 6.62549999e+03 7.06318067e+03 3.61566946e+01
v 6.62549999e+03 7.07006594e+03 4.11514883e+01
v 6.62549999e+03 7.07021529e+03 4.11685669e+01
v 6.62549999e+03 7.09765691e+03 4.42519303e+01
v 6.62549999e+03 7.10716780e+03 4.38407445e+01
v 6.62549999e+03 7.10282582e+03 4.40224741e+01
v 6.62549999e+03 7.10368925e+03 4.39788470e+01
v 6.62549999e+03 7.07068565e+03 3.85167390e+01
v 6.62549999e+03 7.07021985e+03 4.08781079e+01
v 6.62549999e+03 7.08701712e+03 4.23208962e+01
v 6.62549999e+03 7.07070351e+03 3.85750372e+01
v 6.62549999e+03 7.09899805e+03 4.41289537e+01
v 6.62549999e+03 7.10037924e+03 4.41291802e+01
v 6.56743936e+03 7.06200001e+03 3.88902476e+01
v 6.56699684e+03 7.06200001e+03 3.81108368e+01
v 6.56482255e+03 7.06200001e+03 3.79257318e+01
v 6.56684864e+03 7.06200001e+03 3.86546906e+01
v 6.56534091e+03 7.06200001e+03 3.42241007e+01
v 6.56555156e+03 7.06200001e+03 3.46454145e+01
v 6.56413889e+03 7.06200001e+03 3.37041608e+01
v 6.56495997e+03 7.06200001e+03 3.39275185e+01
v 6.56427039e+03 7.06200001e+03 3.21359303e+01
v 6.56685852e+03 7.06200001e+03 3.57588155e+01
v 6.56712873e+03 7.06200001e+03 3.57870692e+01
v 6.56810712e+03 7.06200001e+03 3.57669741e+01
v 6.56680195e+03 7.06200001e+03 3.81249569e+01
v 6.56692028e+03 7.06200001e+03 3.75090677e+01
v 6.56387803e+03 7.06200001e+03 3.16087767e+01
v 6.56282758e+03 7.06200001e+03 3.00512529e+01
v 6.56339730e+03 7.06200001e+03 2.80520937e+01
v 6.56340644e+03 7.06200001e+03 2.81164356e+01
v 6.56334727e+03 7.06200001e+03 2.79341719e+01
v 6.56308950e+03 7.06200001e+03 2.76189894e+01
v 6.56423641e+03 7.06200001e+03 3.19657204e+01
v 6.56328174e+03 7.06200001e+03 2.85131500e+01
v 6.56838911e+03 7.06200001e+03 3.42761188e+01
v 6.56548393e+03 7.06200001e+03 3.75583483e+01
v 6.56689332e+03 7.06200001e+03 3.60942646e+01
v 6.56692014e+03 7.06200001e+03 3.63269716e+01
v 6.58095970e+03 7.06200001e+03 3.55973900e+01
v 6.58122143e+03 7.06200001e+03 3.54873792e+01
v 6.57878888e+03 7.06200001e+03 3.79166149e+01
v 6.57897187e+03 7.06200001e+03 3.79621859e+01
v 6.59240869e+03 7.06200001e+03 3.62753175e+01
v 6.59118655e+03 7.06200001e+03 3.61270812e+01
v 6.58095350e+03 7.06200001e+03 3.57785708e+01
v 6.58092048e+03 7.06200001e+03 3.62833569e+01
v 6.58735608e+03 7.06200001e+03 3.60967923e+01
v 6.58832154e+03 7.06200001e+03 3.60986403e+01
v 6.58723961e+03 7.06200001e+03 3.64434063e+01
v 6.58595372e+03 7.06200001e+03 3.69981595e+01
v 6.59034300e+03 7.06200001e+03 3.61419375e+01
v 6.59002469e+03 7.06200001e+03 3.66240985e+01
v 6.58957795e+03 7.06200001e+03 3.66354014e+01
v 6.58529543e+03 7.06200001e+03 3.66884747e+01
v 6.58566729e+03 7.06200001e+03 3.69101200e+01
v 6.58317879e+03 7.06200001e+03 3.51779275e+01
v 6.58574447e+03 7.06200001e+03 3.69217217e+01
v 6.58581508e+03 7.06200001e+03 3.69982218e+01
v 6.58106402e+03 7.06200001e+03 3.79080748e+01
v 6.57526965e+03 7.06200001e+03 3.38203110e+01
v 6.57393511e+03 7.06200001e+03 3.38099784e+01
v 6.56887465e+03 7.06200001e+03 3.35518692e+01
v 6.56948378e+03 7.06200001e+03 3.32847493e+01
v 6.57568329e+03 7.06200001e+03 3.35731015e+01
v 6.57593215e+03 7.06200001e+03 3.36888041e+01
v 6.57374137e+03 7.06200001e+03 3.33437469e+01
v 6.57347009e+03 7.06200001e+03 3.32012932e+01
v 6.57248740e+03 7.06200001e+03 3.89577777e+01
v 6.57239310e+03 7.06200001e+03 3.89498384e+01
v 6.57769639e+03 7.06200001e+03 3.54728611e+01
v 6.57774845e+03 7.06200001e+03 3.55714081e+01
v 6.57832256e+03 7.06200001e+03 3.70125242e+01
v 6.57926638e+03 7.06200001e+03 3.88901517e+01
v 6.57906123e+03 7.06200001e+03 3.94709919e+01
v 6.57033355e+03 7.06200001e+03 3.44224936e+01
v 6.57027879e+03 7.06200001e+03 3.44798098e+01
v 6.57173197e+03 7.06200001e+03 3.89695097e+01
v 6.57976675e+03 7.06200001e+03 3.88797289e+01
v 6.58053197e+03 7.06200001e+03 3.84591159e+01
v 6.57261106e+03 7.06200001e+03 3.88082641e+01
v 6.57203341e+03 7.06200001e+03 3.89709049e+01
v 6.57178001e+03 7.06200001e+03 3.89428744e+01
v 6.57191516e+03 7.06200001e+03 3.88676290e+01
v 6.57285328e+03 7.06200001e+03 3.25039038e+01
v 6.57186417e+03 7.06200001e+03 3.15631632e+01
v 6.57093290e+03 7.06200001e+03 3.22823715e+01
v 6.57126296e+03 7.06200001e+03 3.16146091e+01
v 6.57031415e+03 7.06200001e+03 3.42561774e+01
v 6.58097975e+03 7.06200001e+03 3.83410700e+01
v 6.58084993e+03 7.06200001e+03 3.86490046e+01
v 6.58096123e+03 7.06200001e+03 3.81161717e+01
v 6.57036689e+03 7.06200001e+03 3.29307718e+01
v 6.57056837e+03 7.06200001e+03 3.34328438e+01
v 6.60532995e+03 7.06200001e+03 4.19695129e+01
v 6.60585837e+03 7.06200001e+03 4.19840748e+01
v 6.59418157e+03 7.06200001e+03 3.95865819e+01
v 6.59471211e+03 7.06200001e+03 3.93783639e+01
v 6.61230178e+03 7.06200001e+03 4.19068091e+01
v 6.61604783e+03 7.06200001e+03 4.15420257e+01
v 6.60667596e+03 7.06200001e+03 4.20708488e+01
v 6.60633278e+03 7.06200001e+03 4.19843409e+01
v 6.60828926e+03 7.06200001e+03 4.21771491e+01
v 6.60068015e+03 7.06200001e+03 3.75992277e+01
v 6.60022253e+03 7.06200001e+03 3.63906625e+01
v 6.60065907e+03 7.06200001e+03 3.82698352e+01
v 6.60066235e+03 7.06200001e+03 4.02175943e+01
v 6.60062960e+03 7.06200001e+03 4.14881566e+01
v 6.62201152e+03 7.06200001e+03 3.77997686e+01
v 6.62205520e+03 7.06200001e+03 3.78079868e+01
v 6.61979880e+03 7.06200001e+03 3.82775896e+01
v 6.61990937e+03 7.06200001e+03 3.80633361e+01
v 6.61841390e+03 7.06200001e+03 3.85339018e+01
v 6.61631200e+03 7.06200001e+03 3.94068039e+01
v 6.61749833e+03 7.06200001e+03 3.93645155e+01
v 6.61846431e+03 7.06200001e+03 3.92812636e+01
v 6.61630812e+03 7.06200001e+03 3.97194954e+01
v 6.61623259e+03 7.06200001e+03 4.11064703e+01
v 6.60937273e+03 7.06200001e+03 4.22038028e+01
v 6.60433469e+03 7.06200001e+03 4.19857978e+01
v 6.59340658e+03 7.06200001e+03 3.98337562e+01
v 6.59339239e+03 7.06200001e+03 3.86652217e+01
v 6.59617604e+03 7.06200001e+03 3.82061854e+01
v 6.60002200e+03 7.06200001e+03 3.63708933e+01
v 6.59782151e+03 7.06200001e+03 3.65270439e+01
v 6.59884448e+03 7.06200001e+03 3.67056124e+01
v 6.59336309e+03 7.06200001e+03 3.72312864e+01
v 6.59728988e+03 7.06200001e+03 3.70214728e+01
v 6.59624375e+03 7.06200001e+03 3.78181494e+01
v 6.62221722e+03 7.06200001e+03 3.77190300e+01
v 6.62455282e+03 7.06200001e+03 3.69886111e+01
v 6.62214812e+03 7.06200001e+03 3.77647604e+01
v 6.62515651e+03 7.06200001e+03 3.68713703e+01
v 6.62528340e+03 7.06200001e+03 3.63262261e+01
v 6.56319650e+03 7.06200001e+03 2.77498160e+01
v 6.56200001e+03 7.06200001e+03 2.69586752e+01
v 6.62458579e+03 7.06200001e+03 3.69822089e+01
v 6.62522102e+03 7.06200001e+03 3.65942385e+01
v 6.62544734e+03 7.06200001e+03 3.63204096e+01
v 6.62549999e+03 7.06200001e+03 3.63185412e+01
v 6.56840507e+03 7.12549999e+03 4.07490501e+01
v 6.56855278e+03 7.12549999e+03 4.03680018e+01
v 6.56786552e+03 7.12549999e+03 3.52750994e+01
v 6.56880234e+03 7.12549999e+03 3.66534372e+01
v 6.56772683e+03 7.12549999e+03 4.27284808e+01
v 6.56725746e+03 7.12549999e+03 4.31413360e+01
v 6.56745087e+03 7.12549999e+03 3.43501688e+01
v 6.56832366e+03 7.12549999e+03 3.42376203e+01
v 6.56906156e+03 7.12549999e+03 3.36188330e+01
v 6.56881493e+03 7.12549999e+03 3.68744236e+01
v 6.56736420e+03 7.12549999e+03 4.09992217e+01
v 6.56754671e+03 7.12549999e+03 4.14095089e+01
v 6.56786006e+03 7.12549999e+03 4.23665499e+01
v 6.56733529e+03 7.12549999e+03 4.14502112e+01
v 6.56626469e+03 7.12549999e+03 4.52756760e+01
v 6.56680149e+03 7.12549999e+03 4.49765573e+01
v 6.56698143e+03 7.12549999e+03 4.36483256e+01
v 6.56466723e+03 7.12549999e+03 4.55937318e+01
v 6.56327674e+03 7.12549999e+03 4.53126252e+01
v 6.56378376e+03 7.12549999e+03 4.58845045e+01
v 6.56651535e+03 7.12549999e+03 3.06319516e+01
v 6.56760994e+03 7.12549999e+03 3.14048177e+01
v 6.56477934e+03 7.12549999e+03 2.79367653e+01
v 6.56580737e+03 7.12549999e+03 2.95226131e+01
v 6.56565286e+03 7.12549999e+03 2.60405096e+01
v 6.56656455e+03 7.12549999e+03 2.51163904e+01
v 6.56965610e+03 7.12549999e+03 3.85826326e+01
v 6.56934933e+03 7.12549999e+03 4.03260302e+01
v 6.59252395e+03 7.12549999e+03 4.77689604e+01
v 6.59465507e+03 7.12549999e+03 4.76287153e+01
v 6.59214240e+03 7.12549999e+03 4.64340619e+01
v 6.58646511e+03 7.12549999e+03 3.08656267e+01
v 6.58609119e+03 7.12549999e+03 2.97043259e+01
v 6.56933049e+03 7.12549999e+03 3.24259597e+01
v 6.56973138e+03 7.12549999e+03 3.87040428e+01
v 6.56975838e+03 7.12549999e+03 3.99311728e+01
v 6.57276453e+03 7.12549999e+03 2.54891751e+01
v 6.57519735e+03 7.12549999e+03 2.54304789e+01
v 6.57764826e+03 7.12549999e+03 2.57875087e+01
v 6.56862349e+03 7.12549999e+03 3.18714792e+01
v 6.58653989e+03 7.12549999e+03 3.08814562e+01
v 6.58829749e+03 7.12549999e+03 3.03598780e+01
v 6.58940433e+03 7.12549999e+03 3.05915578e+01
v 6.58331569e+03 7.12549999e+03 2.84688522e+01
v 6.58681464e+03 7.12549999e+03 3.08656931e+01
v 6.59204595e+03 7.12549999e+03 2.98913618e+01
v 6.59252673e+03 7.12549999e+03 4.36492507e+01
v 6.57182499e+03 7.12549999e+03 2.56049770e+01
v 6.58032260e+03 7.12549999e+03 2.68594702e+01
v 6.58172281e+03 7.12549999e+03 2.78635169e+01
v 6.56913592e+03 7.12549999e+03 2.54100547e+01
v 6.58233631e+03 7.12549999e+03 2.81180492e+01
v 6.57110850e+03 7.12549999e+03 2.54078053e+01
v 6.60083284e+03 7.12549999e+03 4.74183390e+01
v 6.60139136e+03 7.12549999e+03 4.73934598e+01
v 6.59693578e+03 7.12549999e+03 4.75790908e+01
v 6.61459281e+03 7.12549999e+03 4.13451082e+01
v 6.61498317e+03 7.12549999e+03 4.15755667e+01
v 6.61471793e+03 7.12549999e+03 4.11402955e+01
v 6.61473000e+03 7.12549999e+03 3.97688002e+01
v 6.60400179e+03 7.12549999e+03 4.72102613e+01
v 6.60616446e+03 7.12549999e+03 4.70004867e+01
v 6.60798139e+03 7.12549999e+03 4.67006649e+01
v 6.60762633e+03 7.12549999e+03 4.63461550e+01
v 6.60769855e+03 7.12549999e+03 4.69747824e+01
v 6.61130838e+03 7.12549999e+03 4.33154980e+01
v 6.61198379e+03 7.12549999e+03 4.34022561e+01
v 6.60908391e+03 7.12549999e+03 4.33363766e+01
v 6.60755963e+03 7.12549999e+03 4.34229910e+01
v 6.60681478e+03 7.12549999e+03 4.34345021e+01
v 6.61458590e+03 7.12549999e+03 4.18659808e+01
v 6.61433818e+03 7.12549999e+03 4.34537951e+01
v 6.61916135e+03 7.12549999e+03 4.05500480e+01
v 6.61922564e+03 7.12549999e+03 4.05245123e+01
v 6.61930744e+03 7.12549999e+03 4.05613002e+01
v 6.61726956e+03 7.12549999e+03 3.97028447e+01
v 6.61750200e+03 7.12549999e+03 3.97359798e+01
v 6.62142539e+03 7.12549999e+03 3.97016732e+01
v 6.61957880e+03 7.12549999e+03 4.04537244e+01
v 6.62139375e+03 7.12549999e+03 4.04280898e+01
v 6.61518356e+03 7.12549999e+03 3.99011999e+01
v 6.59342387e+03 7.12549999e+03 3.23243454e+01
v 6.59342990e+03 7.12549999e+03 3.48676264e+01
v 6.59358108e+03 7.12549999e+03 2.94475529e+01
v 6.59343117e+03 7.12549999e+03 3.05485599e+01
v 6.59343396e+03 7.12549999e+03 3.78819160e+01
v 6.60716876e+03 7.12549999e+03 4.46791056e+01
v 6.59340165e+03 7.12549999e+03 4.05490698e+01
v 6.62518769e+03 7.12549999e+03 4.24294352e+01
v 6.62129856e+03 7.12549999e+03 4.18357044e+01
v 6.56213454e+03 7.12549999e+03 4.52634725e+01
v 6.56200001e+03 7.12549999e+03 4.52576830e+01
v 6.62549999e+03 7.12549999e+03 4.24321821e+01
v 6.62125508e+03 7.12549999e+03 4.22552645e+01
v 6.62379188e+03 7.12549999e+03 4.23383133e+01
v 6.62398141e+03 7.12549999e+03 4.23445179e+01
vt 0.039652199 0.78855008
vt 0.056738067 0.77973098
vt 0.050011303 0.8101936
vt 0.032056831 0.79290003
vt 0.068570018 0.7988801
vt 0.030009635 0.79984874
vt 0.070532143 0.7842499
vt 0.035939574 0.83532369
vt 0.023722799 0.81087458
vt 0.086855374 0.77816427
vt 0.069303513 0.76374424
vt 0.16073793 0.83102059
vt 0.040863842 0.81697959
vt 0.019656967 0.79973495
vt 0.038534794 0.8892107
vt 0.019049253 0.8073616
vt 0.079419166 0.752267
vt 0.11798654 0.75240028
vt 0.12502921 0.89158672
vt 0.0039964654 0.83993739
vt 0.013475403 0.82779336
vt 0.10354172 0.76410306
vt 0.13530321 0.73773307
vt 0.22752321 0.86974531
vt 0.080284961 0.94961244
vt 0.087289505 0.73759913
vt 0.20386523 0.77331001
vt 0.10002968 0.72187203
vt 0.24952544 0.93103504
vt 0.25304413 0.81674993
vt 0.11213671 0.9955678
vt 0.16280715 0.73982817
vt 0.12464315 0.72333288
vt 0.099553809 0.73202825
vt 0.27606842 0.90820408
vt 0.23035868 0.95614177
vt 0.31071919 0.86122483
vt 0.12878703 0.99556279
vt 0.11534881 0.69981492
vt 0.29860109 0.88206482
vt 0.28824729 0.94367921
vt 0.20727791 0.9757331
vt 0.14660555 0.99555719
vt 0.072077103 0.73394346
vt 0.31960785 0.91475272
vt 0.2470482 0.977763
vt 0.1770525 0.99554777
vt 0.34492779 0.89024633
vt 0.088631816 0.73622334
vt 0.21870854 0.99553549
vt 0.18141612 0.9955464
vt 0.06821949 0.752747
vt 0.23069385 0.99553168
vt 0.20181133 0.99554032
vt 0.23290513 0.99553174
vt 0.32792512 0.72765934
vt 0.37344378 0.73505425
vt 0.30785 0.7397182
vt 0.25498611 0.74238336
vt 0.41801381 0.71314853
vt 0.28210816 0.6329872
vt 0.44595909 0.73085487
vt 0.41302016 0.64371431
vt 0.31843725 0.63301635
vt 0.24057452 0.65180004
vt 0.48243079 0.69227242
vt 0.38037327 0.64142263
vt 0.4273819 0.64706528
vt 0.1929871 0.74629414
vt 0.2433687 0.62366241
vt 0.4582454 0.66485041
vt 0.48665753 0.71058625
vt 0.44443667 0.64637482
vt 0.34997383 0.62344134
vt 0.1923223 0.63324356
vt 0.22489922 0.6236192
vt 0.48081827 0.62769222
vt 0.49077106 0.72686613
vt 0.48871735 0.69308108
vt 0.33775252 0.61806697
vt 0.37326658 0.622639
vt 0.48483542 0.63495862
vt 0.38702163 0.62691098
vt 0.20112121 0.61911571
vt 0.45428848 0.6336202
vt 0.45710811 0.62758565
vt 0.40210414 0.91672421
vt 0.38187188 0.94063139
vt 0.37964073 0.92730105
vt 0.37963784 0.91702843
vt 0.40870667 0.92346269
vt 0.37964347 0.93933165
vt 0.4281303 0.9182263
vt 0.39139882 0.9636358
vt 0.37964439 0.94240987
vt 0.44605273 0.94677591
vt 0.42263091 0.90721416
vt 0.37964767 0.96313965
vt 0.41440645 0.9708057
vt 0.37964487 0.94328606
vt 0.45069999 0.90276104
vt 0.43963322 0.88292164
vt 0.39701381 0.98083889
vt 0.43540147 0.99569166
vt 0.48123863 0.96261907
vt 0.38351768 0.97022545
vt 0.40818629 0.99569863
vt 0.45081231 0.99568665
vt 0.41531411 0.99569905
vt 0.4515729 0.87171978
vt 0.4828622 0.93071055
vt 0.46222413 0.96219206
vt 0.45640883 0.99568427
vt 0.47152686 0.89567292
vt 0.50281012 0.94004589
vt 0.46374971 0.99568224
vt 0.47405794 0.86783695
vt 0.49909565 0.89937705
vt 0.50104922 0.96141052
vt 0.48275656 0.99567628
vt 0.46042076 0.8627612
vt 0.5097537 0.9597922
vt 0.52440166 0.90758103
vt 0.50190234 0.99566901
vt 0.4623957 0.81792128
vt 0.50219876 0.87510878
vt 0.53225029 0.9293465
vt 0.51529747 0.88967782
vt 0.52196503 0.98107016
vt 0.44939619 0.84248006
vt 0.49088794 0.84885204
vt 0.52217644 0.87424481
vt 0.54309416 0.89709008
vt 0.52278978 0.99565911
vt 0.47551948 0.81859696
vt 0.52752662 0.85164696
vt 0.5481869 0.96688199
vt 0.54873246 0.94247514
vt 0.53484899 0.99098206
vt 0.48109537 0.79369986
vt 0.49672559 0.82388157
vt 0.51592648 0.83945614
vt 0.53593189 0.86664963
vt 0.56878573 0.9103772
vt 0.53372329 0.99565268
vt 0.57093412 0.96137077
vt 0.55251849 0.89079726
vt 0.59248942 0.95183986
vt 0.4988001 0.81250978
vt 0.5707559 0.99563199
vt 0.50995952 0.77873302
vt 0.60507333 0.96492553
vt 0.57134008 0.99563175
vt 0.52013934 0.79426956
vt 0.59299892 0.97575366
vt 0.58888388 0.99018216
vt 0.5303033 0.78041929
vt 0.62011003 0.98820364
vt 0.57348663 0.9956311
vt 0.58507437 0.99562883
vt 0.59372032 0.99562538
vt 0.614362 0.99562067
vt 0.62635779 0.9956181
vt 0.7597537 0.9597922
vt 0.77196503 0.98107016
vt 0.73123866 0.96261907
vt 0.76768106 0.92813611
vt 0.77871907 0.94141954
vt 0.76532346 0.94174176
vt 0.75601006 0.93952554
vt 0.78035355 0.9250294
vt 0.77132773 0.94664061
vt 0.76006448 0.9581027
vt 0.787175 0.92891765
vt 0.7791667 0.95604306
vt 0.76851994 0.95164698
vt 0.75408709 0.95111471
vt 0.78999168 0.94222724
vt 0.79316169 0.95290607
vt 0.77251559 0.96496069
vt 0.79395384 0.92511266
vt 0.79982883 0.96519786
vt 0.79951262 0.93994784
vt 0.78952104 0.97783297
vt 0.79910678 0.97471577
vt 0.80285853 0.95146608
vt 0.8114621 0.93309963
vt 0.80961984 0.97733068
vt 0.81127834 0.95434821
vt 0.81545854 0.94856185
vt 0.80249125 0.91658705
vt 0.8059696 0.98603487
vt 0.81378067 0.968687
vt 0.80518937 0.90787947
vt 0.83017373 0.9483009
vt 0.82489645 0.97975725
vt 0.81907642 0.9732514
vt 0.82519192 0.9220283
vt 0.84341991 0.92550385
vt 0.82209194 0.98926491
vt 0.80771983 0.88411075
vt 0.86091334 0.94827479
vt 0.85915595 0.9754836
vt 0.83962506 0.9653641
vt 0.86102885 0.92784822
vt 0.85194707 0.95824927
vt 0.83880395 0.9953748
vt 0.85072672 0.9025799
vt 0.87198913 0.94907022
vt 0.85554194 0.96683449
vt 0.85887092 0.98907763
vt 0.83191955 0.88260496
vt 0.87307823 0.92512488
vt 0.87241679 0.9678508
vt 0.86242199 0.95399439
vt 0.85328519 0.87456262
vt 0.81410271 0.8748973
vt 0.89813113 0.88942301
vt 0.89349884 0.93358809
vt 0.83812571 0.87749928
vt 0.86984944 0.88818491
vt 0.88921052 0.95551974
vt 0.85689056 0.86472124
vt 0.88891947 0.87936568
vt 0.92543274 0.91762066
vt 0.92446238 0.95523822
vt 0.89920819 0.958745
vt 0.87103033 0.88222766
vt 0.92655081 0.88947105
vt 0.93390507 0.94543368
vt 0.94128197 0.90143943
vt 0.93841887 0.93688715
vt 0.9414646 0.88263142
vt 0.95326078 0.91622764
vt 0.94355649 0.95602781
vt 0.95035863 0.88542497
vt 0.96552032 0.90232456
vt 0.95392269 0.93392748
vt 0.95346224 0.94693607
vt 0.94666338 0.87924027
vt 0.96409947 0.8741461
vt 0.97635835 0.91751373
vt 0.96834904 0.93003708
vt 0.95032805 0.96062142
vt 0.95607221 0.87302512
vt 0.9806726 0.91064662
vt 0.96110016 0.94150633
vt 0.95689934 0.97513664
vt 0.96091384 0.86705089
vt 0.97863454 0.92941022
vt 0.98545748 0.92539167
vt 0.97789973 0.93651235
vt 0.97007388 0.95653963
vt 0.96549052 0.97393072
vt 0.98470581 0.92876834
vt 0.98651266 0.9232735
vt 0.97693163 0.93837887
vt 0.96987176 0.95731032
vt 0.96405154 0.98204404
vt 0.98896545 0.9053508
vt 0.96764475 0.96762079
vt 0.95717633 0.98459721
vt 0.9889099 0.91654754
vt 0.99275494 0.90666997
vt 0.69529957 0.74275059
vt 0.63644034 0.73848885
vt 0.62146908 0.71796787
vt 0.53342772 0.66258883
vt 0.56471831 0.73243642
vt 0.7224952 0.68810439
vt 0.51225853 0.71663529
vt 0.61771709 0.61452967
vt 0.72657806 0.74580204
vt 0.51004553 0.69506347
vt 0.51008648 0.72717738
vt 0.54599917 0.60706037
vt 0.66823876 0.61564142
vt 0.50502735 0.67120802
vt 0.50485045 0.60710084
vt 0.55855763 0.58584261
vt 0.62941486 0.59101427
vt 0.72191936 0.60924447
vt 0.50482655 0.650428
vt 0.50483143 0.62692893
vt 0.51356018 0.58560264
vt 0.60416549 0.58888614
vt 0.54043031 0.5837245
vt 0.65801179 0.58929139
vt 0.70425075 0.60461354
vt 0.50479794 0.59326041
vt 0.67438877 0.59289455
vt 0.72208601 0.59151983
vt 0.69118631 0.59054714
vt 0.50393468 0.58473104
vt 0.92090362 0.69279051
vt 0.94493985 0.66260076
vt 0.95094973 0.67179275
vt 0.95335108 0.69271886
vt 0.9520793 0.6409142
vt 0.96159142 0.69036734
vt 0.93849379 0.71895969
vt 0.90165168 0.61438662
vt 0.91722268 0.73905551
vt 0.95233637 0.70568359
vt 0.88263482 0.67684114
vt 0.95489335 0.61278379
vt 0.89209884 0.72324193
vt 0.86293226 0.65935832
vt 0.88697928 0.69078225
vt 0.9386459 0.57967538
vt 0.96363926 0.6362747
vt 0.89280933 0.74579406
vt 0.86946136 0.67249006
vt 0.83984566 0.61490923
vt 0.89985216 0.69748962
vt 0.92186862 0.59277225
vt 0.96547669 0.61935943
vt 0.88389617 0.7362361
vt 0.85117584 0.67783815
vt 0.87964004 0.60889417
vt 0.81874287 0.64420998
vt 0.90277725 0.71512401
vt 0.91180229 0.58637428
vt 0.87923503 0.72713345
vt 0.84096074 0.69043291
vt 0.83406502 0.66392303
vt 0.88439101 0.60109341
vt 0.81298441 0.62208515
vt 0.84827864 0.70335978
vt 0.79970545 0.65741718
vt 0.76770127 0.63234383
vt 0.82671237 0.68442601
vt 0.83741593 0.69776177
vt 0.78585827 0.65453589
vt 0.83241951 0.69154871
vt 0.84066147 0.7139554
vt 0.78718787 0.66765881
vt 0.81037641 0.67368585
vt 0.76757926 0.65393668
vt 0.82495975 0.7024731
vt 0.80033755 0.68179286
vt 0.75445753 0.64092624
vt 0.41118798 0.84826672
vt 0.40165165 0.86438662
vt 0.38439098 0.85109341
vt 0.40410516 0.84035403
vt 0.38244343 0.84008723
vt 0.41180229 0.83637428
vt 0.69102871 0.84106183
vt 0.67466265 0.84264505
vt 0.68130153 0.82487768
vt 0.69513202 0.82720369
vt 0.67510998 0.85856026
vt 0.66861987 0.82864004
vt 0.69138634 0.81150132
vt 0.71259815 0.83189881
vt 0.68759227 0.86389256
vt 0.66051817 0.84561235
vt 0.67463732 0.79782063
vt 0.6966697 0.86061382
vt 0.70698655 0.8213985
vt 0.66316009 0.85714191
vt 0.64482188 0.83766448
vt 0.64773214 0.81104052
vt 0.68728119 0.79345524
vt 0.73891377 0.82393014
vt 0.69576913 0.81759971
vt 0.69094628 0.87061858
vt 0.65736324 0.87020898
vt 0.64819789 0.85540169
vt 0.67204887 0.77724493
vt 0.6991992 0.79354739
vt 0.711941 0.81568259
vt 0.63787192 0.85634905
vt 0.62415302 0.82191163
vt 0.68841004 0.76905155
vt 0.65873331 0.78233486
vt 0.73866928 0.8135426
vt 0.62573957 0.84318733
vt 0.65562147 0.76361072
vt 0.65655607 0.7962091
vt 0.71784896 0.78137928
vt 0.7037189 0.77740932
vt 0.75366324 0.81854922
vt 0.73036081 0.79773879
vt 0.61141253 0.8394872
vt 0.66675937 0.75769746
vt 0.62407959 0.77975655
vt 0.71693802 0.75890207
vt 0.75145507 0.81319535
vt 0.73943412 0.79613638
vt 0.60633653 0.81835985
vt 0.69363397 0.75591326
vt 0.64921886 0.76094627
vt 0.62726104 0.79247999
vt 0.61689425 0.76657814
vt 0.59513223 0.78739917
vt 0.59673721 0.770971
vt 0.71344179 0.75503564
vt 0.58071059 0.79412663
vt 0.59114486 0.7739507
vt 0.56592917 0.78397894
vt 0.58133405 0.77400804
vt 0.056789871 0.56214905
vt 0.040874992 0.54139388
vt 0.053745739 0.52331603
vt 0.06878078 0.53026307
vt 0.030968675 0.55563968
vt 0.036867641 0.52811742
vt 0.07988634 0.54868037
vt 0.064116053 0.5222342
vt 0.05653692 0.59816653
vt 0.07909146 0.52332127
vt 0.10001843 0.5833919
vt 0.0064964294 0.6243673
vt 0.006864707 0.54552197
vt 0.088542208 0.52423453
vt 0.10251303 0.54691172
vt 0.08686436 0.6315273
vt 0.035361011 0.66390765
vt 0.0088208513 0.52764738
vt 0.12286686 0.55481172
vt 0.11744709 0.66822171
vt 0.0047843931 0.68189728
vt 0.10546724 0.53293359
vt 0.12665576 0.57878959
vt 0.1307991 0.63632178
vt 0.063442424 0.6680845
vt 0.064427957 0.68339193
vt 0.13869235 0.55032039
vt 0.17520259 0.6813246
vt 0.14774187 0.59078085
vt 0.12027831 0.68322611
vt 0.17315049 0.56837213
vt 0.15547828 0.55319893
vt 0.35083643 0.481803
vt 0.38321596 0.4639374
vt 0.36962086 0.48773807
vt 0.35661393 0.48973006
vt 0.35441524 0.4525615
vt 0.38298002 0.48707211
vt 0.33153018 0.45256805
vt 0.38368356 0.45255309
vt 0.32306564 0.45257086
vt 0.32210779 0.48320335
vt 0.31046218 0.45257527
vt 0.2626777 0.49763352
vt 0.3022266 0.52966309
vt 0.30388668 0.45562088
vt 0.32136798 0.51222205
vt 0.28935006 0.59954464
vt 0.30778152 0.4525764
vt 0.29994696 0.45257896
vt 0.32034439 0.54029489
vt 0.25955212 0.57797003
vt 0.32019368 0.5595178
vt 0.30407521 0.45257759
vt 0.2921713 0.45258141
vt 0.27150041 0.59589052
vt 0.26322782 0.45259231
vt 0.27413505 0.60812247
vt 0.25942916 0.60282946
vt 0.29147953 0.60869241
vt 0.25410494 0.60980546
vt 0.2738291 0.61655879
vt 0.2560288 0.62199438
vt 0.67509604 0.93204129
vt 0.64461732 0.91382229
vt 0.67671096 0.91559672
vt 0.71070158 0.9294616
vt 0.6324324 0.93207914
vt 0.67320448 0.89461678
vt 0.72847342 0.93413335
vt 0.70703012 0.90600127
vt 0.6013034 0.91592467
vt 0.65131551 0.89643681
vt 0.72767377 0.92797613
vt 0.72321391 0.90381294
vt 0.60276765 0.89866865
vt 0.59720153 0.93220532
vt 0.69029891 0.877626
vt 0.75093395 0.93007946
vt 0.70518833 0.89322662
vt 0.67279387 0.87617737
vt 0.73682737 0.92097801
vt 0.70760226 0.87701702
vt 0.7511543 0.9043237
vt 0.7529633 0.92718959
vt 0.75557595 0.9140318
vt 0.75759715 0.90420389
vt 0.15622944 0.455338
vt 0.12503105 0.45157892
vt 0.15691711 0.45189488
vt 0.1387486 0.46271998
vt 0.15840109 0.44730085
vt 0.15585023 0.45899123
vt 0.15815668 0.43713236
vt 0.15349129 0.47145593
vt 0.14119272 0.42595118
vt 0.14102064 0.47564656
vt 0.15821742 0.43584794
vt 0.12603331 0.42429429
vt 0.15300275 0.47266012
vt 0.13103302 0.47000718
vt 0.15886405 0.43207896
vt 0.11707912 0.44754124
vt 0.15971851 0.40609932
vt 0.15123326 0.47618836
vt 0.13541831 0.47854215
vt 0.15736827 0.42069614
vt 0.15970226 0.40657097
vt 0.13391653 0.38891816
vt 0.13067317 0.49543691
vt 0.16075723 0.41755587
vt 0.1598085 0.40511024
vt 0.11929309 0.4134028
vt 0.14112864 0.48891991
vt 0.15992944 0.40880078
vt 0.15596692 0.38543403
vt 0.082020052 0.39248765
vt 0.1600804 0.40329224
vt 0.1338663 0.38344413
vt 0.11741279 0.37896961
vt 0.1026544 0.41055858
vt 0.16027334 0.40200204
vt 0.11331035 0.37815779
vt 0.085619181 0.40786308
vt 0.15885426 0.38701355
vt 0.11037005 0.37780666
vt 0.076641522 0.41969913
vt 0.087304071 0.42421377
vt 0.16224091 0.39343214
vt 0.077395424 0.38048518
vt 0.065549791 0.40476173
vt 0.09987361 0.43636441
vt 0.012730922 0.3978892
vt 0.09789516 0.36882466
vt 0.03611413 0.41137844
vt 0.083411857 0.43323076
vt 0.0039085536 0.38535362
vt 0.09601777 0.36783725
vt 0.056792069 0.42253035
vt 0.068838276 0.43594956
vt 0.028934078 0.37134904
vt 0.026499061 0.41276908
vt 0.068562813 0.37004244
vt 0.048914567 0.43303418
vt 0.066214889 0.42205036
vt 0.077524833 0.44217688
vt 0.027024273 0.4256205
vt 0.0084037734 0.41317117
vt 0.067502134 0.36586237
vt 0.057423629 0.43347013
vt 0.085970238 0.44324344
vt 0.052379631 0.45790571
vt 0.039744675 0.44995099
vt 0.048693571 0.36354667
vt 0.014337729 0.41768706
vt 0.029626738 0.43905574
vt 0.068626761 0.45401853
vt 0.027451601 0.36103076
vt 0.010354334 0.42729092
vt 0.036756024 0.45842314
vt 0.029139681 0.45747048
vt 0.072618805 0.45000404
vt 0.024615202 0.46392715
vt 0.021617064 0.45466721
vt 0.012393617 0.44168556
vt 0.085942686 0.4493975
vt 0.089621134 0.45264214
vt 0.088956922 0.44932997
vt 0.082595617 0.45664734
vt 0.081527665 0.4573971
vt 0.083625019 0.45683599
vt 0.5091244 0.56565571
vt 0.50230819 0.54386151
vt 0.50868922 0.5522964
vt 0.51037776 0.56517565
vt 0.50148427 0.56643951
vt 0.50794315 0.54445541
vt 0.51039964 0.56672513
vt 0.51111472 0.58189446
vt 0.46877882 0.5214197
vt 0.50371689 0.5832749
vt 0.48830119 0.57475305
vt 0.4990423 0.52221453
vt 0.51191384 0.58148873
vt 0.49862137 0.57988632
vt 0.46969077 0.56302559
vt 0.48768091 0.48606282
vt 0.5120495 0.58259606
vt 0.45577917 0.52088928
vt 0.50626659 0.51567411
vt 0.47422811 0.47874957
vt 0.46467233 0.60333258
vt 0.46089119 0.49553764
vt 0.50499082 0.50548071
vt 0.50824296 0.52502823
vt 0.42547518 0.56392407
vt 0.45886898 0.49489623
vt 0.50313812 0.49084908
vt 0.46653661 0.48488063
vt 0.42449868 0.59114778
vt 0.42392638 0.53563476
vt 0.44393995 0.50093961
vt 0.50472569 0.48123002
vt 0.47276497 0.47584254
vt 0.44976851 0.6094622
vt 0.41068131 0.59304106
vt 0.40134192 0.54385412
vt 0.43364525 0.51578188
vt 0.44218323 0.50211775
vt 0.43304613 0.60815752
vt 0.39902818 0.61511016
vt 0.40290675 0.58558005
vt 0.40288761 0.57315767
vt 0.42066833 0.61465752
vt 0.39460054 0.60594714
vt 0.3964248 0.5662961
vt 0.41164351 0.62143916
vt 0.37894234 0.58642972
vt 0.40104443 0.57028008
vt 0.39771932 0.56690872
vt 0.026044417 0.94528002
vt 0.050475165 0.93892407
vt 0.027906731 0.96058005
vt 0.7106486 0.94334501
vt 0.72491825 0.9583118
vt 0.70341754 0.94781733
vt 0.73049837 0.94573808
vt 0.70641279 0.96312785
vt 0.74127299 0.9539513
vt 0.72775686 0.93912029
vt 0.73426563 0.9655444
vt 0.65875518 0.95720536
vt 0.67081279 0.94408464
vt 0.605313 0.94672751
vt 0.61141247 0.94357461
vt 0.60129744 0.93861055
vt 0.59703183 0.94134551
vt 0.60190582 0.93825364
vt 0.6247322 0.94680727
vt 0.60270458 0.93729168
vt 0.78352469 0.84874588
vt 0.77439916 0.84917653
vt 0.78655761 0.8436144
vt 0.80926579 0.86703056
vt 0.77504075 0.8648504
vt 0.77519602 0.82544231
vt 0.79409957 0.8711201
vt 0.79604304 0.83593941
vt 0.76516706 0.8354494
vt 0.80968994 0.84572345
vt 0.75425553 0.82693726
vt 0.790573 0.82252848
vt 0.82434076 0.85352439
vt 0.8044849 0.83066243
vt 0.76334941 0.82193792
vt 0.77831602 0.8147102
vt 0.82366985 0.84496284
vt 0.82081914 0.83143431
vt 0.79219532 0.8060208
vt 0.83352989 0.84553665
vt 0.81359172 0.81597817
vt 0.77704674 0.81515783
vt 0.8335228 0.83643657
vt 0.84318972 0.83651048
vt 0.83846718 0.8287487
vt 0.82752419 0.83346385
vt 0.82662398 0.8239761
vt 0.8348071 0.81140524
vt 0.85000712 0.82217389
vt 0.82487065 0.81433386
vt 0.86200345 0.82529998
vt 0.84452039 0.83627051
vt 0.87595886 0.82810622
vt 0.88182664 0.81861913
vt 0.85520524 0.84398901
vt 0.88968414 0.83540738
vt 0.84110153 0.84562743
vt 0.87208402 0.84004468
vt 0.89475363 0.83018786
vt 0.84870809 0.85656643
vt 0.8605029 0.85942787
vt 0.89295989 0.85353541
vt 0.88806409 0.85572755
vt 0.87004274 0.85987955
vt 0.24255341 0.48015314
vt 0.25070077 0.48712415
vt 0.24595115 0.49111688
vt 0.22999889 0.4921183
vt 0.22545215 0.48352712
vt 0.24329185 0.5084759
vt 0.20398565 0.4937855
vt 0.22226474 0.51624888
vt 0.23140988 0.52107906
vt 0.20764355 0.51234812
vt 0.22836301 0.53742647
vt 0.25491679 0.52734363
vt 0.19853635 0.5225693
vt 0.1961914 0.51206303
vt 0.20887806 0.53208148
vt 0.23956545 0.53432667
vt 0.25084764 0.51659274
vt 0.21159594 0.54309857
vt 0.24165173 0.54386652
vt 0.20361462 0.54109979
vt 0.21415958 0.549896
vt 0.22776651 0.55241197
vt 0.19219419 0.54254043
vt 0.23248857 0.5580743
vt 0.22384599 0.56344581
vt 0.21005104 0.56394327
vt 0.24260212 0.56925654
vt 0.22700751 0.57722223
vt 0.24221483 0.58000207
vt 0.21438225 0.57257986
vt 0.21581738 0.58039975
vt 0.23369224 0.58811688
vt 0.22096908 0.59433532
vt 0.22968268 0.60430115
vt 0.20543718 0.60667181
vt 0.22357878 0.6096487
vt 0.24582173 0.59527457
vt 0.24072471 0.58720732
vt 0.24009371 0.6091038
vt 0.21398902 0.61231673
vt 0.22092338 0.62057215
vt 0.20724371 0.62039173
vt 0.36693999 0.7854616
vt 0.36525795 0.80113828
vt 0.35280353 0.77983493
vt 0.38313785 0.80092078
vt 0.33441764 0.79995745
vt 0.33356118 0.78608799
vt 0.32867417 0.7893064
vt 0.33107972 0.76640779
vt 0.32668686 0.80401421
vt 0.31974721 0.79017097
vt 0.32598943 0.80807817
vt 0.31333625 0.80234367
vt 0.32472733 0.80631018
vt 0.32247019 0.80610877
vt 0.29586008 0.77636647
vt 0.32371262 0.80367905
vt 0.2915872 0.80132848
vt 0.2894693 0.77395779
vt 0.27760121 0.77863419
vt 0.28612858 0.75312006
vt 0.25461558 0.79231739
vt 0.29197147 0.75981563
vt 0.28000864 0.7507816
vt 0.6544897 0.53718275
vt 0.64040232 0.53718269
vt 0.64500558 0.52979505
vt 0.65433693 0.52933514
vt 0.64536798 0.5580225
vt 0.63892847 0.5230276
vt 0.62657315 0.550102
vt 0.62559694 0.53784621
vt 0.62326789 0.5270617
vt 0.61556083 0.54129171
vt 0.61439419 0.51815295
vt 0.60248184 0.54024738
vt 0.64058495 0.49566311
vt 0.62813729 0.49931169
vt 0.65183574 0.50503457
vt 0.60339683 0.52591765
vt 0.64859325 0.48583603
vt 0.59268636 0.54624838
vt 0.63499135 0.47095871
vt 0.58751267 0.53148448
vt 0.62062258 0.47673887
vt 0.58104271 0.51311606
vt 0.63094807 0.46009821
vt 0.60937381 0.50109971
vt 0.56634015 0.53050041
vt 0.5934819 0.50262129
vt 0.64041573 0.45715988
vt 0.60610986 0.49837172
vt 0.65150774 0.46438485
vt 0.65516925 0.45248735
vt 0.65942162 0.47947341
vt 0.6813947 0.44742316
vt 0.64493448 0.48040324
vt 0.6658535 0.47579694
vt 0.67707849 0.46936351
vt 0.66124064 0.44623989
vt 0.6751861 0.50210869
vt 0.68630791 0.49063379
vt 0.69351351 0.48665822
vt 0.65846956 0.53456289
vt 0.66826308 0.52734733
vt 0.69306397 0.53009856
vt 0.32642847 0.9605276
vt 0.33933577 0.94253451
vt 0.34596956 0.97206289
vt 0.33995646 0.96941924
vt 0.33245727 0.97391486
vt 0.83444244 0.80340767
vt 0.75556952 0.80923545
vt 0.82271868 0.77709794
vt 0.85497171 0.77795494
vt 0.76546067 0.79239494
vt 0.85929215 0.76153362
vt 0.87844175 0.78875303
vt 0.75343651 0.79438293
vt 0.78101271 0.78348553
vt 0.82897681 0.7594927
vt 0.87846988 0.77102137
vt 0.87838441 0.79726702
vt 0.87843275 0.77550083
vt 0.76416475 0.78310466
vt 0.79414576 0.76973623
vt 0.81249422 0.76767886
vt 0.8776381 0.76109225
vt 0.77960205 0.77072644
vt 0.79124141 0.76371241
vt 0.77239805 0.77130562
vt 0.81445587 0.73055315
vt 0.81532973 0.7387138
vt 0.78647006 0.72430491
vt 0.82570535 0.72429389
vt 0.83725238 0.73593467
vt 0.78660983 0.73357356
vt 0.76888269 0.70963347
vt 0.84721303 0.74480569
vt 0.80933577 0.74573034
vt 0.75323385 0.72953153
vt 0.86083376 0.74069369
vt 0.78826177 0.73380756
vt 0.87905729 0.73666453
vt 0.76848668 0.73387581
vt 0.7429207 0.59192711
vt 0.75247121 0.59962726
vt 0.72992909 0.60028589
vt 0.72990525 0.5914185
vt 0.75830817 0.59125543
vt 0.72827876 0.60570937
vt 0.72309625 0.59261298
vt 0.76762557 0.60370862
vt 0.74664909 0.60431886
vt 0.74251175 0.61309099
vt 0.76958895 0.61945033
vt 0.78792471 0.62031984
vt 0.79544729 0.61289948
vt 0.82152891 0.60393095
vt 0.81471407 0.60178602
vt 0.82152814 0.61597335
vt 0.83077788 0.59812355
vt 0.84505373 0.60476321
vt 0.82069671 0.58792472
vt 0.81206548 0.58953458
vt 0.82668644 0.58795846
vt 0.83992529 0.59316474
vt 0.83461863 0.59043074
vt 0.84453559 0.58882254
vt 0.83853978 0.58567971
vt 0.71642709 0.46956587
vt 0.73157221 0.48324114
vt 0.7147432 0.48551643
vt 0.74912602 0.46507579
vt 0.75442511 0.49656701
vt 0.77360517 0.47349304
vt 0.73482269 0.51097357
vt 0.77320963 0.50079834
vt 0.76676404 0.51364803
vt 0.79067624 0.50672287
vt 0.74613267 0.52655935
vt 0.73171216 0.52256131
vt 0.76451403 0.52282923
vt 0.74223059 0.54259598
vt 0.76656407 0.52994823
vt 0.73357093 0.54799354
vt 0.75298196 0.55413252
vt 0.71536374 0.54428685
vt 0.78513205 0.53834498
vt 0.77860242 0.54718924
vt 0.69351226 0.5010702
vt 0.78220856 0.5593363
vt 0.73208147 0.51047313
vt 0.69109488 0.54927063
vt 0.80384743 0.54485011
vt 0.80246216 0.55775416
vt 0.7043134 0.49163014
vt 0.69130355 0.49211764
vt 0.70877028 0.48310387
vt 0.80750257 0.5581513
vt 0.81245995 0.54830432
vt 0.39847267 0.75346529
vt 0.39876944 0.79361516
vt 0.39385903 0.7534675
vt 0.40605247 0.76616204
vt 0.37803411 0.75347483
vt 0.41474935 0.78704619
vt 0.4258247 0.80802447
vt 0.41074812 0.81839126
vt 0.44398364 0.84170413
vt 0.42539972 0.84426463
vt 0.44062445 0.87145483
vt 0.45494592 0.86144996
vt 0.82472807 0.48717833
vt 0.82656604 0.47657722
vt 0.83953422 0.47069812
vt 0.83376354 0.48623377
vt 0.82302582 0.46888405
vt 0.83062077 0.45557964
vt 0.86354661 0.46626067
vt 0.84597385 0.45557874
vt 0.85626417 0.48072398
vt 0.84746814 0.44481611
vt 0.86624867 0.48225015
vt 0.84531093 0.48707819
vt 0.87500679 0.44674808
vt 0.83792096 0.44481963
vt 0.85580325 0.44794077
vt 0.88333523 0.48982036
vt 0.8313306 0.44482172
vt 0.85491908 0.44481081
vt 0.86810392 0.49088097
vt 0.8855986 0.44480151
vt 0.82884109 0.44482112
vt 0.87070495 0.5036186
vt 0.87742114 0.44480181
vt 0.88975477 0.44480163
vt 0.82535082 0.44482219
vt 0.87443942 0.51147729
vt 0.89756507 0.45888323
vt 0.81553805 0.44482696
vt 0.88165396 0.54450828
vt 0.8635782 0.51350844
vt 0.89774579 0.44479853
vt 0.90214741 0.4933027
vt 0.90156972 0.53195703
vt 0.87226653 0.52292156
vt 0.90694714 0.4447965
vt 0.91264188 0.46463931
vt 0.91012198 0.54451001
vt 0.86014116 0.54052132
vt 0.90851367 0.44479597
vt 0.9005512 0.55954909
vt 0.86962616 0.54889369
vt 0.87854397 0.55412972
vt 0.19637008 0.39917827
vt 0.19839099 0.38232648
vt 0.21735318 0.38737905
vt 0.21599102 0.39993614
vt 0.20981729 0.37611741
vt 0.22869352 0.39855045
vt 0.22785173 0.36738259
vt 0.19783254 0.36573833
vt 0.23437263 0.38227779
vt 0.21639524 0.41396815
vt 0.21560116 0.36645925
vt 0.23336062 0.36817676
vt 0.26602301 0.37908208
vt 0.19358364 0.40601653
vt 0.22571449 0.42486131
vt 0.24597716 0.36682677
vt 0.25009686 0.3746078
vt 0.30484506 0.38640964
vt 0.19517644 0.4205395
vt 0.21185939 0.43307281
vt 0.30432066 0.42025506
vt 0.19171895 0.41573519
vt 0.26737428 0.43068159
vt 0.30411127 0.42901433
vt 0.37198225 0.89151907
vt 0.38507459 0.88622987
vt 0.37875757 0.8989408
vt 0.36497271 0.90101731
vt 0.37622818 0.8821559
vt 0.366101 0.91628867
vt 0.36232638 0.88834584
vt 0.353625 0.91445398
vt 0.34725645 0.89421362
vt 0.35339734 0.90375656
vt 0.35806832 0.93272769
vt 0.34364513 0.88075519
vt 0.34962648 0.93377203
vt 0.33368221 0.87957573
vt 0.3523674 0.87735182
vt 0.33895057 0.86671001
vt 0.3666594 0.88221544
vt 0.35052237 0.85042799
vt 0.36483112 0.86125666
vt 0.33468032 0.85810071
vt 0.37327075 0.85678661
vt 0.36827591 0.84385812
vt 0.33463183 0.84914523
vt 0.33156645 0.86480874
vt 0.38056162 0.88258171
vt 0.34760991 0.82234794
vt 0.32667622 0.87518585
vt 0.39285415 0.86623716
vt 0.36338687 0.82427353
vt 0.77698189 0.8811121
vt 0.76417619 0.87518585
vt 0.77645057 0.86671001
vt 0.7685445 0.88840532
vt 0.7804414 0.89907688
vt 0.75707024 0.88310003
vt 0.75461966 0.89086682
vt 0.60491228 0.44072258
vt 0.61219162 0.44888073
vt 0.582654 0.44793987
vt 0.59583294 0.43040431
vt 0.6028654 0.4568131
vt 0.57750183 0.416188
vt 0.59151906 0.46004111
vt 0.57120329 0.4389618
vt 0.59600967 0.46943659
vt 0.57723373 0.46371078
vt 0.56597775 0.45382798
vt 0.55334544 0.42832977
vt 0.60396177 0.47048765
vt 0.55939746 0.44628578
vt 0.58310097 0.47061819
vt 0.55973387 0.46422392
vt 0.54160988 0.4394784
vt 0.57223988 0.46906793
vt 0.55013204 0.44836366
vt 0.54904264 0.46412116
vt 0.56313157 0.48001003
vt 0.55255681 0.47454417
vt 0.53915149 0.4507758
vt 0.54348719 0.47319669
vt 0.54093319 0.45994216
vt 0.5442825 0.49200958
vt 0.52539915 0.43754959
vt 0.53202426 0.45834976
vt 0.54956573 0.49688756
vt 0.52579862 0.44632161
vt 0.53234619 0.47503287
vt 0.51298416 0.44381559
vt 0.52204144 0.46212447
vt 0.52810222 0.46506292
vt 0.51990664 0.47617692
vt 0.50457191 0.45178223
vt 0.50644356 0.46358764
vt 0.50640613 0.47057754
vt 0.38161504 0.47735077
vt 0.38743055 0.46329194
vt 0.39325342 0.46891087
vt 0.40951914 0.47677958
vt 0.38884988 0.45180857
vt 0.41438973 0.46863097
vt 0.42784998 0.47358584
vt 0.40729371 0.45022613
vt 0.42879364 0.45932025
vt 0.423715 0.48799235
vt 0.4266234 0.45248842
vt 0.39426452 0.43160671
vt 0.43881965 0.46672058
vt 0.43441954 0.48108721
vt 0.41989166 0.44183356
vt 0.40685806 0.42662865
vt 0.37983063 0.43924314
vt 0.43815225 0.44502234
vt 0.44557315 0.47878462
vt 0.42758724 0.49539572
vt 0.45740414 0.46626806
vt 0.4227173 0.42681921
vt 0.48515397 0.43866825
vt 0.47054338 0.46663654
vt 0.44363639 0.42829728
vt 0.52804041 0.72972429
vt 0.53630775 0.73562086
vt 0.53706723 0.7449742
vt 0.50802612 0.73659569
vt 0.56834376 0.74487692
vt 0.51152074 0.73332262
vt 0.51700032 0.74801797
vt 0.56962866 0.7534036
vt 0.50760275 0.73934984
vt 0.52739912 0.75844216
vt 0.59942746 0.74886239
vt 0.55622631 0.761361
vt 0.50294536 0.74749959
vt 0.54422587 0.76402456
vt 0.51463026 0.75282145
vt 0.5973109 0.76547384
vt 0.57244843 0.76883858
vt 0.52702683 0.76372796
vt 0.59182549 0.77319437
vt 0.60981244 0.75699842
vt 0.55180711 0.76826406
vt 0.5418511 0.7702632
vt 0.54673535 0.77368635
vt 0.51684326 0.7723754
vt 0.52737582 0.77742445
vt 0.54363668 0.78100538
vt 0.53409791 0.78557175
vt 0.54367423 0.78965491
vt 0.53216147 0.80100918
vt 0.53070492 0.79132849
vt 0.54571706 0.79664093
vt 0.54174674 0.80782485
vt 0.5509187 0.80177188
vt 0.39512679 0.38276637
vt 0.39860085 0.39312589
vt 0.3853921 0.39722502
vt 0.37309808 0.39833397
vt 0.41500741 0.37352288
vt 0.38326445 0.41155106
vt 0.38080531 0.3815909
vt 0.36916095 0.40978205
vt 0.41434097 0.38708532
vt 0.39742506 0.4149102
vt 0.37003827 0.3904013
vt 0.35553241 0.4022339
vt 0.41047737 0.39997393
vt 0.37455276 0.41724014
vt 0.38994354 0.42125195
vt 0.37134162 0.37876189
vt 0.35385916 0.41745991
vt 0.41772375 0.39824235
vt 0.3644926 0.4216764
vt 0.3951982 0.42465538
vt 0.33774748 0.40637994
vt 0.3798162 0.42999715
vt 0.3351813 0.37837565
vt 0.35207957 0.42866206
vt 0.37284347 0.42230833
vt 0.35795128 0.37939948
vt 0.3243975 0.38764864
vt 0.33748907 0.41375816
vt 0.3519817 0.37116152
vt 0.36652407 0.38863087
vt 0.32557118 0.41133904
vt 0.33599132 0.43140852
vt 0.34751177 0.3620289
vt 0.36314425 0.36753333
vt 0.31716236 0.39830452
vt 0.32528642 0.41840214
vt 0.31684333 0.40218353
vt 0.32707438 0.42566156
vt 0.32513517 0.41142946
vt 0.35888833 0.35622305
vt 0.33012575 0.43341041
vt 0.32473585 0.42127454
vt 0.32411981 0.41777116
vt 0.32390895 0.41924173
vt 0.0037791098 0.93983561
vt 0.0094066337 0.94863355
vt 0.003540166 0.94692802
vt 0.015814863 0.93589097
vt 0.0074704103 0.9637503
vt 0.004098183 0.92571265
vt 0.0032313128 0.95816541
vt 0.0041643535 0.91689897
vt 0.0031954069 0.96109599
vt 0.0080391895 0.91674364
vt 0.0032609079 0.96452951
vt 0.0043092021 0.91012865
vt 0.020343196 0.91303188
vt 0.0044163871 0.90749091
vt 0.004425345 0.90535659
vt 0.019463576 0.89445758
vt 0.0044902414 0.90142661
vt 0.035118017 0.91037697
vt 0.0074017495 0.89382195
vt 0.004503144 0.89528549
vt 0.011672757 0.86394054
vt 0.0050230734 0.87855947
vt 0.0055046678 0.86632735
vt 0.45832726 0.36683285
vt 0.45776108 0.38214791
vt 0.44145241 0.37857091
vt 0.47082677 0.3732776
vt 0.45135221 0.39642513
vt 0.49013603 0.36795455
vt 0.46616685 0.39423704
vt 0.48291141 0.38913071
vt 0.46485204 0.41719061
vt 0.49208355 0.38281608
vt 0.47337776 0.41412467
vt 0.51301944 0.39475071
vt 0.48141608 0.40838957
vt 0.51719415 0.38286793
vt 0.49092025 0.41686457
vt 0.47481859 0.39422023
vt 0.51995528 0.35950571
vt 0.54374301 0.38701326
vt 0.51568049 0.41841531
vt 0.52199334 0.40909874
vt 0.50933421 0.43442547
vt 0.52595198 0.41682065
vt 0.51987809 0.42910188
vt 0.72479099 0.41936344
vt 0.70585662 0.42317986
vt 0.70272136 0.41510451
vt 0.71518642 0.40311396
vt 0.69256842 0.42501479
vt 0.72617018 0.41206712
vt 0.7093882 0.39021218
vt 0.72922373 0.40028405
vt 0.69614118 0.39588517
vt 0.71423787 0.38381231
vt 0.67927873 0.40014046
vt 0.69123644 0.38592803
vt 0.69911921 0.38110822
vt 0.67804867 0.42346394
vt 0.68897265 0.39460242
vt 0.71773708 0.37056315
vt 0.6533581 0.41621745
vt 0.67412233 0.38539338
vt 0.68338096 0.39606887
vt 0.72297847 0.33712971
vt 0.66998821 0.43144566
vt 0.64365935 0.40040088
vt 0.65868825 0.37874931
vt 0.66990536 0.36111057
vt 0.64847529 0.43288773
vt 0.65084183 0.39065862
vt 0.6380502 0.40799636
vt 0.65974724 0.37499338
vt 0.65725189 0.3827334
vt 0.68492842 0.34054625
vt 0.64119238 0.42515045
vt 0.65395272 0.38701731
vt 0.63360208 0.41504985
vt 0.63119477 0.41946226
vt 0.62810063 0.4227491
vt 0.62953514 0.42480528
vt 0.75313979 0.42016643
vt 0.75548136 0.41062337
vt 0.7593348 0.42307395
vt 0.76241833 0.40524364
vt 0.76656199 0.41826832
vt 0.78311223 0.41632217
vt 0.76680416 0.42692077
vt 0.81127864 0.40280944
vt 0.80484128 0.41604543
vt 0.77323937 0.37978566
vt 0.80968106 0.43134141
vt 0.81952965 0.42036635
vt 0.8138634 0.38627523
vt 0.85335785 0.38899684
vt 0.78963852 0.35792994
vt 0.82338554 0.43268013
vt 0.77267992 0.36101681
vt 0.80910122 0.35934651
vt 0.83672261 0.38520348
vt 0.78419113 0.34443873
vt 0.80360752 0.34854633
vt 0.82015502 0.36962759
vt 0.84465122 0.37795001
vt 0.81770283 0.35243261
vt 0.8441447 0.37101066
vt 0.85193759 0.38177162
vt 0.81616551 0.34201038
vt 0.84406358 0.35785824
vt 0.5646401 0.85480016
vt 0.58713841 0.84912264
vt 0.53915274 0.86390281
vt 0.53605163 0.86065149
vt 0.58390146 0.84199238
vt 0.58198816 0.85854626
vt 0.60378051 0.85452932
vt 0.61318529 0.86224777
vt 0.63086277 0.85633218
vt 0.61685127 0.84844828
vt 0.63239622 0.86981821
vt 0.62220567 0.86889696
vt 0.62235355 0.8716327
vt 0.9124943 0.8114022
vt 0.93237555 0.84841979
vt 0.92344242 0.85514474
vt 0.91041857 0.87128067
vt 0.94001704 0.80095911
vt 0.9400261 0.82990777
vt 0.94001019 0.77646881
vt 0.94003105 0.84493381
vt 0.91624844 0.77284145
vt 0.94003296 0.85155201
vt 0.94000965 0.77487183
vt 0.083960705 0.68286657
vt 0.077213563 0.69779694
vt 0.057762276 0.68315488
vt 0.10208313 0.68387127
vt 0.043432109 0.69453931
vt 0.096896432 0.6977849
vt 0.057335418 0.69742632
vt 0.08260107 0.70612198
vt 0.02960686 0.70677602
vt 0.05552341 0.71308666
vt 0.0034792221 0.71056372
vt 0.037117012 0.71463227
vt 0.010212266 0.69604158
vt 0.94569403 0.37933338
vt 0.95590466 0.38318574
vt 0.91763103 0.39642686
vt 0.9290331 0.3779121
vt 0.94940042 0.39620847
vt 0.94145536 0.36662579
vt 0.91912663 0.37814295
vt 0.96255046 0.39315414
vt 0.929856 0.41134053
vt 0.93019581 0.36108756
vt 0.94957352 0.36887407
vt 0.9103334 0.38294417
vt 0.94598937 0.40504152
vt 0.90784222 0.39981395
vt 0.94560623 0.3495093
vt 0.96392858 0.35978532
vt 0.96416986 0.37704659
vt 0.90083903 0.38392514
vt 0.96498293 0.39913195
vt 0.96451211 0.34149849
vt 0.96203262 0.41352564
vt 0.87915909 0.40718424
vt 0.9433105 0.34135711
vt 0.97529936 0.34823656
vt 0.95161229 0.41415131
vt 0.87951505 0.3895967
vt 0.93264979 0.34772664
vt 0.96339923 0.41832876
vt 0.94645995 0.43299824
vt 0.93367571 0.33638626
vt 0.95776474 0.42978245
vt 0.46549851 0.77511322
vt 0.46522939 0.77749628
vt 0.43748292 0.76390678
vt 0.41101995 0.74114394
vt 0.49415722 0.7719391
vt 0.4656471 0.7712155
vt 0.50786865 0.76163691
vt 0.4147377 0.74099487
vt 0.21343857 0.33998895
vt 0.21411644 0.36144012
vt 0.18726172 0.33590192
vt 0.20619765 0.3039307
vt 0.19229342 0.36405039
vt 0.18299186 0.30275434
vt 0.1710798 0.35115147
vt 0.2046643 0.293598
vt 0.16234869 0.31637585
vt 0.17008083 0.34415716
vt 0.14423154 0.37123084
vt 0.18829036 0.28360349
vt 0.13893037 0.34625375
vt 0.15727681 0.30481625
vt 0.15488301 0.35257107
vt 0.18706706 0.28285682
vt 0.15257554 0.31076825
vt 0.1575132 0.304488
vt 0.1414692 0.35502392
vt 0.17928118 0.27824485
vt 0.13632114 0.33294165
vt 0.17330633 0.28229022
vt 0.1355032 0.33429903
vt 0.17726538 0.27699131
vt 0.13309799 0.33758503
vt 0.12863462 0.3435207
vt 0.33088255 0.5709725
vt 0.31855208 0.58422422
vt 0.31595054 0.57893789
vt 0.3232134 0.56785691
vt 0.33391333 0.6029911
vt 0.32985726 0.54159266
vt 0.32153597 0.60044837
vt 0.34157097 0.59490043
vt 0.34152201 0.56192082
vt 0.33229646 0.62148041
vt 0.34054458 0.61594784
vt 0.34383279 0.5352962
vt 0.35471258 0.59110159
vt 0.34727383 0.616243
vt 0.35473394 0.5434345
vt 0.35082716 0.55662143
vt 0.3654846 0.55229229
vt 0.36231858 0.57969952
vt 0.36241663 0.53299093
vt 0.36991256 0.56495035
vt 0.38274103 0.54828757
vt 0.37610012 0.56813133
vt 0.37595436 0.57690811
vt 0.38707119 0.53053075
vt 0.32917756 0.33766842
vt 0.3428129 0.3485595
vt 0.33096579 0.34640008
vt 0.3249363 0.33891225
vt 0.34153333 0.36056674
vt 0.31756237 0.31837565
vt 0.33567235 0.37153572
vt 0.32576171 0.3219527
vt 0.29567856 0.34947532
vt 0.32613176 0.35798705
vt 0.33928651 0.31981415
vt 0.28263769 0.31997496
vt 0.32759812 0.36572111
vt 0.29191753 0.35073572
vt 0.32126185 0.36034513
vt 0.27852136 0.32763088
vt 0.27048114 0.31927729
vt 0.2853598 0.35537434
vt 0.26580313 0.32714504
vt 0.2668241 0.34200293
vt 0.27477261 0.36077613
vt 0.25329581 0.34116435
vt 0.25320193 0.35908705
vt 0.9565829 0.7858603
vt 0.96851838 0.7834785
vt 0.95133168 0.80456352
vt 0.96960962 0.81524676
vt 0.97520715 0.79353374
vt 0.95166737 0.8233605
vt 0.97521311 0.81177282
vt 0.97520655 0.78591782
vt 0.94200182 0.84600562
vt 0.97522169 0.8311817
vt 0.97521812 0.81978083
vt 0.96506858 0.87153399
vt 0.97522682 0.8480857
vt 0.95775473 0.86532021
vt 0.97523326 0.86816376
vt 0.945189 0.85180682
vt 0.38698849 0.32826537
vt 0.38481906 0.34797955
vt 0.37856644 0.31157267
vt 0.40146944 0.33845985
vt 0.39015707 0.35839027
vt 0.39819491 0.33281618
vt 0.40956327 0.35444301
vt 0.41311833 0.34139431
vt 0.41067609 0.31694722
vt 0.42263624 0.35961491
vt 0.42750257 0.31323308
vt 0.40059862 0.32982779
vt 0.43254682 0.34855056
vt 0.41315889 0.29533285
vt 0.44193718 0.33229351
vt 0.40180936 0.31245285
vt 0.42922392 0.3594991
vt 0.44083396 0.31676775
vt 0.4398829 0.35870248
vt 0.44224599 0.34510046
vt 0.45008251 0.32227719
vt 0.4565953 0.35107863
vt 0.4615407 0.30504876
vt 0.44888246 0.35799325
vt 0.44948995 0.37048906
vt 0.72675794 0.66089314
vt 0.72210765 0.64761138
vt 0.73950148 0.64590311
vt 0.74302268 0.66367495
vt 0.72977209 0.63290399
vt 0.75766945 0.6528151
vt 0.73170805 0.68421686
vt 0.72232896 0.63867402
vt 0.74767572 0.63477468
vt 0.76336724 0.66408503
vt 0.74463928 0.6877805
vt 0.75530493 0.68557811
vt 0.73761189 0.70012295
vt 0.76007593 0.68853235
vt 0.75359684 0.70380342
vt 0.74433511 0.70981121
vt 0.74883503 0.71390414
vt 0.98741388 0.77674502
vt 0.98350155 0.76031131
vt 0.99871224 0.74834228
vt 0.99426979 0.76650608
vt 0.9748928 0.76949048
vt 0.98198742 0.74607635
vt 0.98126888 0.733145
vt 0.96662831 0.73999071
vt 0.9969871 0.72700584
vt 0.96001661 0.75798029
vt 0.97163403 0.72337568
vt 0.9582172 0.76782012
vt 0.94972008 0.7391448
vt 0.97657585 0.7229504
vt 0.95299733 0.75983131
vt 0.96178627 0.77695954
vt 0.95356292 0.75662345
vt 0.98780394 0.70747626
vt 0.97477913 0.71237105
vt 0.94172883 0.76740444
vt 0.94120967 0.75112396
vt 0.98745054 0.72893375
vt 0.95766664 0.72065878
vt 0.96683443 0.70018655
vt 0.99538219 0.71638983
vt 0.95002353 0.71013767
vt 0.60563117 0.34973276
vt 0.62332982 0.37141114
vt 0.58007914 0.36821175
vt 0.56694841 0.32771665
vt 0.6244086 0.34657478
vt 0.56625915 0.36723959
vt 0.60468608 0.3314572
vt 0.60997683 0.34230143
vt 0.57927817 0.31225055
vt 0.62539482 0.33164954
vt 0.60610473 0.29501659
vt 0.56933665 0.2946142
vt 0.045961063 0.30143934
vt 0.020243686 0.30086398
vt 0.03281657 0.2821371
vt 0.073737606 0.28663337
vt 0.035294216 0.30854577
vt 0.025511123 0.27053261
vt 0.049947198 0.26704305
vt 0.01437608 0.27838838
vt 0.069408864 0.25975865
vt 0.0123799 0.23969144
vt 0.0094484286 0.29677868
vt 0.045747474 0.25066823
vt 0.077916197 0.27467221
vt 0.0035054323 0.28029799
vt 0.036136746 0.24927711
vt 0.079807974 0.26777476
vt 0.016873771 0.23243296
vt 0.82878977 0.5818401
vt 0.84350157 0.56930256
vt 0.83819312 0.58302271
vt 0.85190803 0.58060575
vt 0.85573339 0.56942922
vt 0.8400231 0.5840103
vt 0.86837786 0.57620823
vt 0.84844983 0.56053984
vt 0.85917979 0.58611524
vt 0.86906046 0.57002234
vt 0.85903019 0.55003941
vt 0.86374432 0.56110954
vt 0.84583127 0.55411237
vt 0.86599129 0.55090928
vt 0.8518343 0.54065835
vt 0.87894052 0.56055945
vt 0.84172863 0.54221493
vt 0.87933451 0.57394981
vt 0.82781816 0.55443907
vt 0.89351696 0.58031571
vt 0.83440793 0.53341591
vt 0.87914723 0.58926618
vt 0.81720471 0.53919113
vt 0.84609044 0.53851271
vt 0.96537632 0.58925354
vt 0.95468301 0.57092404
vt 0.96944362 0.57038999
vt 0.97421986 0.57765216
vt 0.95406044 0.5807879
vt 0.9610272 0.55930668
vt 0.97468972 0.56579834
vt 0.97101068 0.55958688
vt 0.9510538 0.55748892
vt 0.9612543 0.5480721
vt 0.98170871 0.55709463
vt 0.9781543 0.55795884
vt 0.95138812 0.55004001
vt 0.98407125 0.55005181
vt 0.98912674 0.56452036
vt 0.9733786 0.54435134
vt 0.94985569 0.53737688
vt 0.99340665 0.55928171
vt 0.98174667 0.57794118
vt 0.96978384 0.53584874
vt 0.94887692 0.53963649
vt 0.96117693 0.53776091
vt 0.99506122 0.56909412
vt 0.99287212 0.573856
vt 0.97750968 0.57330602
vt 0.94648552 0.53862679
vt 0.9497177 0.53583574
vt 0.98791546 0.58269393
vt 0.96298999 0.52838087
vt 0.94356525 0.54509223
vt 0.9504925 0.53429425
vt 0.97857642 0.52707911
vt 0.94072479 0.54227996
vt 0.94942242 0.52317059
vt 0.96707737 0.51840496
vt 0.95000458 0.51849067
vt 0.95169204 0.51736295
vt 0.96642268 0.51333106
vt 0.93018478 0.98092896
vt 0.939695 0.99601328
vt 0.90524411 0.98370969
vt 0.89165199 0.99668729
vt 0.87618476 0.98415971
vt 0.86364931 0.99618304
vt 0.5734843 0.82042742
vt 0.5805195 0.83910418
vt 0.54936957 0.83706951
vt 0.54799098 0.82789218
vt 0.58006489 0.81963623
vt 0.53531617 0.82830566
vt 0.59014463 0.81638563
vt 0.53651589 0.80356604
vt 0.61023694 0.8359971
vt 0.7898165 0.48111707
vt 0.78836435 0.48962873
vt 0.78438044 0.48558408
vt 0.78624684 0.48044562
vt 0.80058837 0.49649632
vt 0.79044586 0.47674805
vt 0.81112349 0.48749697
vt 0.80741256 0.49880928
vt 0.80559635 0.48280102
vt 0.81222302 0.49973506
vt 0.79794425 0.50428617
vt 0.81213313 0.48131365
vt 0.82449853 0.50749874
vt 0.80706882 0.5073297
vt 0.81241202 0.48354459
vt 0.808061 0.5082351
vt 0.824323 0.49041986
vt 0.81216651 0.51938272
vt 0.83501351 0.50492215
vt 0.81953812 0.48382133
vt 0.82747495 0.52123892
vt 0.8248226 0.48366714
vt 0.83440334 0.52634943
vt 0.84044248 0.5145781
vt 0.84756476 0.50212896
vt 0.84518576 0.52482224
vt 0.85298085 0.50678563
vt 0.85265481 0.52737886
vt 0.86024863 0.5173654
vt 0.13211936 0.50769556
vt 0.15213899 0.528108
vt 0.11332051 0.52532047
vt 0.11327706 0.50741762
vt 0.15980175 0.50869465
vt 0.1850242 0.52653229
vt 0.18835139 0.50919724
vt 0.94541776 0.46717155
vt 0.92845768 0.47405499
vt 0.9347859 0.46217513
vt 0.94652462 0.45580453
vt 0.94148707 0.47773635
vt 0.95168859 0.4784885
vt 0.94040507 0.48507565
vt 0.9145025 0.49185622
vt 0.94868547 0.48969913
vt 0.90995067 0.48309177
vt 0.93535495 0.49145311
vt 0.93052995 0.50179279
vt 0.95149106 0.49819577
vt 0.91192859 0.49868077
vt 0.92342705 0.50660968
vt 0.94812363 0.51314461
vt 0.92395896 0.52103174
vt 0.91767055 0.51213384
vt 0.93465167 0.51821971
vt 0.94631052 0.52830482
vt 0.91456801 0.52565122
vt 0.88895887 0.34709156
vt 0.89271736 0.32626259
vt 0.91421825 0.31955558
vt 0.91121697 0.34292036
vt 0.86371756 0.32330316
vt 0.91810274 0.36319906
vt 0.8639937 0.35205489
vt 0.88927984 0.37071073
vt 0.84734577 0.33570063
vt 0.86624706 0.37157178
vt 0.2862891 0.29792434
vt 0.28675345 0.30852896
vt 0.27924138 0.30056888
vt 0.28170553 0.28681511
vt 0.29916653 0.30395228
vt 0.29637596 0.29052591
vt 0.30214205 0.26587766
vt 0.30494532 0.29420036
vt 0.28143102 0.24992937
vt 0.32388279 0.27422255
vt 0.29699343 0.23770189
vt 0.27134752 0.28328526
vt 0.32040352 0.26365811
vt 0.30835235 0.2432335
vt 0.27847317 0.3027451
vt 0.2677083 0.2616381
vt 0.2617597 0.29438728
vt 0.25397184 0.25575525
vt 0.26384333 0.30221629
vt 0.54065615 0.30473602
vt 0.53339565 0.31469262
vt 0.51993239 0.31706655
vt 0.50979394 0.30123734
vt 0.55170679 0.31918031
vt 0.53403574 0.32243967
vt 0.50327826 0.31214035
vt 0.54521811 0.32397807
vt 0.55539232 0.31156808
vt 0.52084756 0.33801723
vt 0.51086843 0.32921845
vt 0.57209986 0.31475395
vt 0.53147602 0.33362263
vt 0.54133987 0.35084379
vt 0.53714567 0.35529637
vt 0.53415197 0.3714878
vt 0.5244481 0.34666908
vt 0.52903497 0.35892844
vt 0.5230934 0.34229881
vt 0.010635109 0.48313075
vt 0.022474943 0.48809355
vt 0.01269811 0.49189025
vt 0.027262228 0.46603441
vt 0.03046876 0.49382818
vt 0.039813157 0.48686153
vt 0.0042522284 0.50730532
vt 0.039580323 0.47123122
vt 0.027349984 0.50696081
vt 0.044361208 0.49783731
vt 0.046218079 0.4582094
vt 0.05771054 0.47626817
vt 0.041865643 0.51448017
vt 0.015786428 0.51588941
vt 0.056195125 0.48884118
vt 0.0083649838 0.51455927
vt 0.05865068 0.46733016
vt 0.0286653 0.52632338
vt 0.057433318 0.45717484
vt 0.019848501 0.5278973
vt 0.17686886 0.47185248
vt 0.17370367 0.46101373
vt 0.18269721 0.46633446
vt 0.18349451 0.49213624
vt 0.1683671 0.46842533
vt 0.18632385 0.4960624
vt 0.16183062 0.45758522
vt 0.16466102 0.44648767
vt 0.18304367 0.45400703
vt 0.18580462 0.44268638
vt 0.19990483 0.4413982
vt 0.17004408 0.43665475
vt 0.19827878 0.43567657
vt 0.15997118 0.43794161
vt 0.17265093 0.42742163
vt 0.015165329 0.72103834
vt 0.024598096 0.73707145
vt 0.0048419554 0.71810937
vt 0.022690525 0.72500896
vt 0.0067968587 0.74542582
vt 0.045205276 0.73716164
vt 0.038725615 0.74541163
vt 0.04434466 0.72041082
vt 0.059289142 0.74095517
vt 0.049496483 0.72939271
vt 0.071221001 0.73513514
vt 0.056696944 0.72673953
vt 0.063481048 0.72357136
vt 0.29504338 0.94105577
vt 0.30218509 0.94440615
vt 0.28538957 0.9895218
vt 0.30345395 0.92872602
vt 0.29266557 0.97325552
vt 0.31263825 0.9353888
vt 0.29083005 0.9854818
vt 0.2921139 0.99264884
vt 0.28838494 0.99548614
vt 0.3631292 0.52219379
vt 0.36426404 0.50121349
vt 0.38280889 0.51316673
vt 0.38247091 0.52651167
vt 0.35898587 0.5099352
vt 0.38761637 0.4988395
vt 0.3944799 0.52108026
vt 0.3478972 0.51655608
vt 0.39764443 0.49162042
vt 0.40412605 0.51764768
vt 0.40084508 0.52500343
vt 0.41257274 0.49600631
vt 0.40579852 0.48115778
vt 0.9759379 0.46186572
vt 0.97132754 0.4472515
vt 0.97903055 0.44015622
vt 0.97635216 0.46073461
vt 0.96387833 0.47663081
vt 0.94254166 0.43601316
vt 0.97617018 0.46166754
vt 0.97609079 0.46207148
vt 0.95942754 0.4539755
vt 0.98007947 0.43377751
vt 0.97039312 0.47632617
vt 0.95155519 0.45807052
vt 0.94145471 0.45209318
vt 0.96883607 0.47865009
vt 0.95058268 0.48317575
vt 0.96869236 0.48214662
vt 0.96860844 0.48665977
vt 0.96817356 0.49616778
vt 0.96819943 0.49651194
vt 0.94813788 0.48824668
vt 0.90241081 0.80541408
vt 0.8936913 0.81278163
vt 0.89446294 0.79489976
vt 0.89751762 0.78931594
vt 0.90424359 0.8106811
vt 0.90378946 0.7988798
vt 0.89575613 0.83637691
vt 0.89886415 0.78891736
vt 0.90662038 0.84069639
vt 0.91295403 0.83700049
vt 0.91253942 0.78289324
vt 0.90796846 0.78240407
vt 0.89822555 0.77743411
vt 0.89896727 0.78703034
vt 0.89804107 0.77884185
vt 0.55712682 0.51005018
vt 0.55143976 0.52435136
vt 0.54088569 0.51500869
vt 0.56668639 0.51741505
vt 0.52893168 0.52734822
vt 0.54701513 0.54236877
vt 0.53601491 0.53446376
vt 0.5159235 0.54836076
vt 0.52724123 0.52718073
vt 0.52348584 0.55918884
vt 0.51839435 0.52917737
vt 0.51542574 0.52114463
vt 0.50392228 0.53331119
vt 0.10149531 0.4592936
vt 0.097079143 0.48203599
vt 0.096586585 0.46551543
vt 0.10386803 0.48060209
vt 0.091267064 0.46829277
vt 0.11855384 0.46954441
vt 0.077459171 0.47434109
vt 0.11145192 0.48783773
vt 0.091228485 0.48937243
vt 0.12769859 0.48360777
vt 0.08667735 0.49326169
vt 0.12431863 0.49704897
vt 0.074455284 0.48767841
vt 0.11366201 0.49516237
vt 0.074216641 0.48628902
vt 0.06588766 0.48968869
vt 0.066237606 0.47800547
vt 0.079580911 0.49625975
vt 0.075285085 0.48778635
vt 0.72618175 0.34360015
vt 0.72434795 0.33487421
vt 0.73753059 0.34792614
vt 0.72321063 0.34849578
vt 0.7336477 0.32981265
vt 0.72748631 0.36056989
vt 0.7448225 0.33800882
vt 0.73765558 0.36509115
vt 0.74495202 0.31906182
vt 0.73719513 0.32028961
vt 0.75640535 0.32559741
vt 0.75112522 0.34769577
vt 0.755849 0.37108147
vt 0.77184498 0.34487718
vt 0.76122046 0.36477476
vt 0.77591652 0.35674012
vt 0.78241336 0.34436172
vt 0.36090782 0.99561405
vt 0.35303751 0.98829842
vt 0.34679836 0.97785544
vt 0.32410049 0.98105592
vt 0.32387331 0.98753667
vt 0.31998041 0.98043638
vt 0.3029663 0.97209579
vt 0.31124505 0.98452711
vt 0.30042806 0.97740215
vt 0.097431652 0.3029319
vt 0.12143518 0.30856788
vt 0.079641782 0.31095284
vt 0.082015425 0.30312908
vt 0.1066752 0.29636067
vt 0.088382348 0.32223463
vt 0.075861588 0.29629844
vt 0.11739553 0.30306417
vt 0.067417912 0.31858039
vt 0.12337991 0.3242991
vt 0.098113328 0.29408658
vt 0.10504038 0.29546416
vt 0.12199503 0.30648792
vt 0.066626407 0.33671379
vt 0.12778908 0.30894452
vt 0.096526079 0.3330304
vt 0.098140374 0.29409528
vt 0.076235116 0.34002143
vt 0.085763179 0.3404308
vt 0.68011993 0.3167389
vt 0.65293998 0.31791258
vt 0.66807777 0.31166363
vt 0.66939467 0.33310372
vt 0.66432387 0.30323368
vt 0.67889273 0.32688695
vt 0.65607512 0.32843459
vt 0.64522761 0.3066352
vt 0.64353037 0.3214249
vt 0.65849257 0.34045947
vt 0.64566201 0.29546225
vt 0.64467204 0.33467174
vt 0.63081449 0.30482709
vt 0.65730637 0.28080094
vt 0.63805538 0.3341251
vt 0.62945014 0.31802267
vt 0.63881123 0.28718245
vt 0.59651124 0.90675163
vt 0.56586528 0.89764059
vt 0.59823436 0.90324843
vt 0.57308674 0.90766758
vt 0.60154468 0.88552368
vt 0.5908348 0.91976917
vt 0.60424203 0.88982594
vt 0.59396261 0.87677455
vt 0.58226901 0.92892295
vt 0.5853827 0.87720782
vt 0.58694476 0.92903817
vt 0.56790251 0.88731992
vt 0.58504403 0.93341875
vt 0.57994252 0.87434661
vt 0.052318014 0.94621629
vt 0.061111115 0.94449574
vt 0.064185828 0.94778132
vt 0.048316605 0.93482554
vt 0.069804758 0.94497359
vt 0.061992221 0.93473834
vt 0.034784153 0.90819752
vt 0.070131317 0.95512837
vt 0.0432286 0.91090494
vt 0.062014349 0.9586249
vt 0.06535735 0.93289983
vt 0.064548604 0.9658004
vt 0.065702029 0.96506578
vt 0.066716224 0.9652341
vt 0.073039636 0.96280903
vt 0.97197068 0.98798501
vt 0.97596788 0.96562433
vt 0.99710375 0.96459538
vt 0.99081558 0.9850716
vt 0.97508049 0.94655073
vt 0.9983592 0.96583343
vt 0.99060947 0.9963823
vt 0.99663949 0.94012851
vt 0.99619395 0.98429501
vt 0.99848562 0.96407884
vt 0.99758548 0.95440012
vt 0.99123889 0.99599308
vt 0.99831623 0.96360773
vt 0.9911229 0.99640203
vt 0.99101597 0.99653822
vt 0.74636054 0.42248595
vt 0.74572992 0.43305308
vt 0.72566438 0.43125862
vt 0.73854727 0.45221603
vt 0.71425885 0.4381423
vt 0.74893135 0.44905823
vt 0.71976686 0.46251088
vt 0.74217969 0.46494424
vt 0.73792624 0.463974
vt 0.70917064 0.46356082
vt 0.69098043 0.45476687
vt 0.015315227 0.36081743
vt 0.010716599 0.34586847
vt 0.019115422 0.34939325
vt 0.024297077 0.35936844
vt 0.0053519136 0.36306101
vt 0.015074747 0.34069842
vt 0.036637325 0.35094678
vt 0.0044671074 0.33573467
vt 0.014739574 0.36774701
vt 0.030192895 0.3417325
vt 0.02041061 0.37027723
vt 0.020587802 0.32439017
vt 0.033718251 0.33171856
vt 0.046155054 0.33414066
vt 0.045424491 0.35461289
vt 0.050678261 0.35577112
vt 0.060906652 0.34477305
vt 0.059377104 0.3335703
vt 0.82214385 0.3299799
vt 0.80965281 0.33637935
vt 0.80633914 0.31819844
vt 0.82778358 0.31863505
vt 0.79768991 0.33995521
vt 0.79127884 0.30243087
vt 0.79006815 0.33365536
vt 0.79431552 0.28377998
vt 0.78946322 0.30846775
vt 0.79016668 0.32438952
vt 0.78726399 0.29543012
vt 0.82363963 0.29499233
vt 0.8375867 0.30288893
vt 0.78461605 0.31949621
vt 0.8380512 0.29197097
vt 0.95228446 0.30485904
vt 0.95721978 0.29840302
vt 0.96267682 0.30361199
vt 0.950679 0.31489974
vt 0.94112009 0.30112725
vt 0.9618336 0.28894043
vt 0.96294403 0.3175652
vt 0.94421852 0.3137331
vt 0.98050028 0.30596697
vt 0.9727115 0.31747109
vt 0.95748693 0.32824731
vt 0.95208895 0.3403371
vt 0.98086864 0.31743997
vt 0.97892588 0.33035553
vt 0.96303838 0.3368997
vt 0.99270695 0.30875242
vt 0.98656762 0.32657629
vt 0.96977556 0.34033602
vt 0.987176 0.33883667
vt 0.99632186 0.32236367
vt 0.99584019 0.333821
vt 0.37953985 0.30365306
vt 0.38637158 0.28276682
vt 0.3904838 0.30280358
vt 0.37241948 0.27047569
vt 0.37491313 0.27055907
vt 0.36512461 0.30180657
vt 0.38837811 0.27960217
vt 0.37341294 0.26972228
vt 0.35262808 0.27885377
vt 0.35796982 0.30873895
vt 0.3913053 0.28102553
vt 0.36270478 0.26553464
vt 0.35477185 0.29595411
vt 0.36182979 0.26556051
vt 0.34808868 0.25376159
vt 0.36228973 0.26519585
vt 0.36001003 0.2635498
vt 0.36176187 0.26497912
vt 0.68273008 0.95989388
vt 0.65626705 0.98265678
vt 0.67610919 0.96538371
vt 0.6790123 0.95974487
vt 0.6281029 0.9899655
vt 0.62852061 0.99624628
vt 0.34697703 0.94580698
vt 0.34795544 0.94488066
vt 0.35465333 0.94139081
vt 0.34847939 0.95640415
vt 0.36078382 0.95102441
vt 0.35577628 0.97182119
vt 0.3688961 0.96252173
vt 0.37563124 0.95969689
vt 0.3693032 0.9811697
vt 0.37565267 0.94222784
vt 0.36012131 0.98374575
vt 0.38019142 0.95157057
vt 0.36127225 0.99518204
vt 0.15152711 0.27788591
vt 0.14895993 0.28832006
vt 0.14470074 0.27941442
vt 0.13959685 0.26974881
vt 0.13833459 0.28685427
vt 0.14942913 0.26618117
vt 0.14707665 0.29674143
vt 0.12605415 0.2798056
vt 0.13829097 0.26178312
vt 0.14280394 0.30243266
vt 0.12519783 0.27307028
vt 0.1226648 0.2914992
vt 0.12486255 0.26242173
vt 0.12890665 0.30187142
vt 0.10620736 0.27387816
vt 0.11135974 0.29574269
vt 0.11826283 0.2554087
vt 0.13578752 0.30909687
vt 0.11999097 0.26754546
vt 0.12252411 0.3049807
vt 0.096789822 0.2896232
vt 0.1117423 0.26279986
vt 0.19007656 0.69273031
vt 0.18645091 0.6983763
vt 0.17634305 0.69401336
vt 0.17663531 0.70553493
vt 0.18754143 0.71287459
vt 0.16964716 0.70024836
vt 0.18512434 0.72453749
vt 0.16228406 0.71260458
vt 0.16892497 0.69191062
vt 0.17582545 0.73170483
vt 0.17335129 0.71490836
vt 0.16103318 0.72058624
vt 0.16082141 0.73723376
vt 0.16842285 0.74365449
vt 0.17985882 0.74618411
vt 0.18151295 0.73436642
vt 0.18377261 0.73459905
vt 0.18457897 0.73100454
vt 0.60197204 0.43311667
vt 0.6099624 0.41828513
vt 0.6123668 0.43434066
vt 0.59793895 0.42073059
vt 0.61822015 0.42861271
vt 0.61256301 0.39142001
vt 0.62669998 0.41364676
vt 0.6282565 0.42422199
vt 0.6280874 0.38408828
vt 0.63439834 0.40512198
vt 0.63906425 0.38987345
vt 0.63332647 0.37930292
vt 0.25879353 0.8027252
vt 0.24471991 0.79495317
vt 0.25420842 0.79300201
vt 0.25858566 0.80838567
vt 0.24702166 0.781461
vt 0.24081782 0.79727447
vt 0.24887836 0.78306597
vt 0.23491316 0.8015995
vt 0.24788341 0.78157735
vt 0.22180368 0.77697825
vt 0.24779072 0.78064853
vt 0.23656009 0.76117384
vt 0.2443434 0.76258469
vt 0.24028011 0.75679338
vt 0.92080283 0.57123184
vt 0.93427598 0.58208072
vt 0.92702264 0.58402908
vt 0.92286497 0.59017634
vt 0.92594212 0.55824912
vt 0.91081262 0.5639683
vt 0.93847477 0.56342196
vt 0.91570312 0.55642384
vt 0.94425106 0.56561303
vt 0.91244632 0.54755378
vt 0.94229615 0.57886064
vt 0.92667288 0.54952598
vt 0.92266989 0.53691125
vt 0.93444127 0.55793035
vt 0.91214544 0.53694141
vt 0.93114221 0.5452863
vt 0.88053018 0.9749577
vt 0.87915194 0.96956205
vt 0.89252943 0.97424507
vt 0.88438964 0.96899903
vt 0.9166798 0.98048234
vt 0.90052354 0.96432972
vt 0.91431379 0.961447
vt 0.92550117 0.96807557
vt 0.93190986 0.97523737
vt 0.92823231 0.9617061
vt 0.47959211 0.29162782
vt 0.46310014 0.29114413
vt 0.47217816 0.27706045
vt 0.48070732 0.2800383
vt 0.4729341 0.3057217
vt 0.47383377 0.2638343
vt 0.49153221 0.27938467
vt 0.46142307 0.30825853
vt 0.48461077 0.30537778
vt 0.48543814 0.27054822
vt 0.49492377 0.29541391
vt 0.44983453 0.30327165
vt 0.44786385 0.2833795
vt 0.44216865 0.29560584
vt 0.4416143 0.30552197
vt 0.41884738 0.87792456
vt 0.43172076 0.88701862
vt 0.41916567 0.8927356
vt 0.40577659 0.88668752
vt 0.40423349 0.86238682
vt 0.39677674 0.90242255
vt 0.38406825 0.89151549
vt 0.4107281 0.86499667
vt 0.37979573 0.89757377
vt 0.32664341 0.87059188
vt 0.32645011 0.84686446
vt 0.33074009 0.85580003
vt 0.3184768 0.84569097
vt 0.33567485 0.83611369
vt 0.31602314 0.81858718
vt 0.33161882 0.82366234
vt 0.32471073 0.82073045
vt 0.71538669 0.84826159
vt 0.71614778 0.86183083
vt 0.70784527 0.85197181
vt 0.72617567 0.85385489
vt 0.72487956 0.86588323
vt 0.72586972 0.84864712
vt 0.74000365 0.85405946
vt 0.74152046 0.86575431
vt 0.75214469 0.85193264
vt 0.7599982 0.86088008
vt 0.76020288 0.85538363
vt 0.75979739 0.87164748
vt 0.73383576 0.88179618
vt 0.75214177 0.88269758
vt 0.71853071 0.90150338
vt 0.70622098 0.88161886
vt 0.75849527 0.90142101
vt 0.70640618 0.88727027
vt 0.70695859 0.89820933
vt 0.70720959 0.90146446
vt 0.56150717 0.41545576
vt 0.55595094 0.41794276
vt 0.54666024 0.40718383
vt 0.56131965 0.4034124
vt 0.54311502 0.42633265
vt 0.53983825 0.39047837
vt 0.53641462 0.41423607
vt 0.55433714 0.42821109
vt 0.53669536 0.40318072
vt 0.57108104 0.38311797
vt 0.5356009 0.42804831
vt 0.54470891 0.43447959
vt 0.56984365 0.39661592
vt 0.6041069 0.55965006
vt 0.59839684 0.54727364
vt 0.60121697 0.53827214
vt 0.6109159 0.56449699
vt 0.60016567 0.56556338
vt 0.60269946 0.57327706
vt 0.60363358 0.58264482
vt 0.61470705 0.57994378
vt 0.62058669 0.57331407
vt 0.61305046 0.59040248
vt 0.62648338 0.58273864
vt 0.6337418 0.56782252
vt 0.35043305 0.7622844
vt 0.34375107 0.77718508
vt 0.3410677 0.76532233
vt 0.34672594 0.75622445
vt 0.35399944 0.77347136
vt 0.33365929 0.77045536
vt 0.33157942 0.76083332
vt 0.36762071 0.74964726
vt 0.32914373 0.74875033
vt 0.35088781 0.74290347
vt 0.35523143 0.76785201
vt 0.31646279 0.75568581
vt 0.36223295 0.7358855
vt 0.36764076 0.76201391
vt 0.32136488 0.76015067
vt 0.47739029 0.78404361
vt 0.47731233 0.79155594
vt 0.4549903 0.78374058
vt 0.43524554 0.78799915
vt 0.45698056 0.80859876
vt 0.42511657 0.80637735
vt 0.032776929 0.74617559
vt 0.053992558 0.75191116
vt 0.034244094 0.77454734
vt 0.0047243824 0.7776022
vt 0.68394083 0.29357743
vt 0.69569743 0.28920788
vt 0.68912846 0.30504924
vt 0.67823935 0.30927503
vt 0.68754429 0.28179759
vt 0.70422596 0.29713643
vt 0.67389542 0.30038929
vt 0.6952045 0.27891797
vt 0.6680879 0.288351
vt 0.70640045 0.29102457
vt 0.69067085 0.26673812
vt 0.70554429 0.28177935
vt 0.67681336 0.27301216
vt 0.68273312 0.26055896
vt 0.70421857 0.27035737
vt 0.66036117 0.27394348
vt 0.69334161 0.25902569
vt 0.665874 0.25900382
vt 0.31644657 0.96425557
vt 0.31770864 0.94451487
vt 0.32152086 0.9447577
vt 0.32862636 0.95028692
vt 0.32694635 0.93550605
vt 0.33656886 0.94348598
vt 0.32898182 0.91561037
vt 0.16998851 0.41885126
vt 0.15927595 0.40281004
vt 0.17248596 0.39792615
vt 0.18403986 0.41452801
vt 0.16335268 0.39519793
vt 0.17325971 0.39489669
vt 0.19550356 0.43362606
vt 0.1717238 0.39167964
vt 0.17916916 0.40246665
vt 0.19603395 0.4248274
vt 0.17096601 0.38949698
vt 0.18525432 0.41065454
vt 0.19983828 0.42981076
vt 0.16151403 0.38651395
vt 0.16960463 0.38505661
vt 0.73942173 0.26066273
vt 0.7431314 0.27081496
vt 0.73327827 0.27602768
vt 0.72428566 0.2678172
vt 0.74323553 0.27901292
vt 0.72310555 0.27063119
vt 0.72664589 0.27990818
vt 0.72282302 0.26895517
vt 0.72651625 0.28322273
vt 0.72898573 0.28923237
vt 0.74601495 0.29421091
vt 0.75560069 0.27109748
vt 0.73201865 0.2963236
vt 0.76691711 0.29105872
vt 0.73202825 0.29785538
vt 0.74360353 0.30612195
vt 0.76554406 0.30285484
vt 0.73221999 0.30498821
vt 0.73269188 0.30816305
vt 0.23812994 0.32364476
vt 0.22721875 0.33652705
vt 0.22216327 0.32041413
vt 0.23991248 0.3120355
vt 0.2383869 0.33243746
vt 0.25304011 0.32193744
vt 0.2604579 0.31347239
vt 0.24511509 0.34040338
vt 0.25103396 0.30155659
vt 0.26105559 0.30600798
vt 0.25444743 0.2909891
vt 0.79581189 0.68435502
vt 0.803451 0.68244767
vt 0.79822898 0.70342809
vt 0.78817159 0.69001603
vt 0.79283494 0.70556784
vt 0.77845889 0.70390451
vt 0.78088033 0.69154674
vt 0.7882182 0.71450663
vt 0.76738513 0.70341468
vt 0.7659803 0.69060075
vt 0.75418091 0.70740187
vt 0.75720435 0.69261503
vt 0.81242162 0.55986106
vt 0.82183439 0.56040961
vt 0.80890149 0.57337821
vt 0.80545843 0.56010783
vt 0.80952203 0.57830924
vt 0.83159822 0.56506741
vt 0.79096186 0.58691049
vt 0.83430243 0.55459547
vt 0.81764495 0.5809235
vt 0.78572673 0.59070867
vt 0.79308075 0.58886105
vt 0.99214721 0.90175557
vt 0.97996742 0.88778692
vt 0.99088514 0.88201487
vt 0.97961193 0.85311037
vt 0.97202492 0.88098598
vt 0.20326334 0.48146534
vt 0.19679093 0.49601585
vt 0.19287774 0.48209363
vt 0.19072054 0.47619599
vt 0.2039227 0.49359536
vt 0.20079803 0.47283518
vt 0.20208272 0.46732062
vt 0.19237205 0.46663737
vt 0.1973927 0.45364928
vt 0.21076411 0.46451467
vt 0.21528099 0.45074266
vt 0.22641601 0.47079313
vt 0.22399597 0.45396441
vt 0.21424887 0.48105109
vt 0.23349306 0.45979089
vt 0.23768288 0.46373004
vt 0.74759674 0.76074046
vt 0.75576705 0.76899683
vt 0.73851389 0.7609992
vt 0.73621738 0.74940979
vt 0.75543362 0.75459993
vt 0.73872018 0.76539791
vt 0.7270925 0.76102906
vt 0.76935399 0.76624256
vt 0.76828355 0.77823532
vt 0.72206366 0.7465207
vt 0.70659173 0.99035853
vt 0.67798638 0.9910351
vt 0.67612678 0.96919453
vt 0.70154107 0.97986752
vt 0.68641162 0.99260408
vt 0.66883367 0.9822135
vt 0.69286102 0.9952234
vt 0.65945369 0.97812808
vt 0.79671305 0.89935219
vt 0.80189413 0.90007281
vt 0.79182094 0.91842395
vt 0.78507829 0.91497946
vt 0.80605704 0.89420611
vt 0.79786158 0.89093792
vt 0.80169576 0.8704977
vt 0.80747336 0.87876278
vt 0.79263902 0.87875879
vt 0.79629713 0.87327045
vt 0.79050785 0.88936472
vt 0.91099638 0.45603454
vt 0.93095356 0.45523465
vt 0.91977483 0.46448463
vt 0.93993706 0.43675447
vt 0.94004047 0.45176905
vt 0.91982269 0.43506294
vt 0.93684703 0.4614709
vt 0.93341208 0.42383885
vt 0.9120574 0.43292052
vt 0.92527956 0.41744775
vt 0.69202697 0.58489776
vt 0.7003929 0.57779467
vt 0.70520735 0.58980542
vt 0.71357948 0.58127236
vt 0.70232791 0.56415987
vt 0.72710717 0.58526278
vt 0.71702993 0.56553388
vt 0.72859007 0.57966828
vt 0.7125392 0.55596673
vt 0.72289526 0.55730933
vt 0.72354478 0.55278051
vt 0.71394205 0.54526651
vt 0.73582256 0.54256725
vt 0.85327816 0.30859935
vt 0.84672177 0.30538052
vt 0.84917217 0.29329616
vt 0.86361521 0.2805568
vt 0.86204624 0.30087048
vt 0.87313533 0.28408319
vt 0.85832995 0.26371586
vt 0.88977611 0.27987278
vt 0.87410676 0.2669881
vt 0.89404845 0.26452035
vt 0.89995551 0.29790181
vt 0.91319036 0.29658574
vt 0.89868522 0.3077442
vt 0.89090925 0.29821861
vt 0.91037744 0.28223085
vt 0.87825698 0.2938062
vt 0.89294738 0.27670389
vt 0.91636205 0.26264787
vt 0.92112398 0.26390839
vt 0.60910916 0.30143249
vt 0.61808717 0.30353314
vt 0.61057955 0.30228609
vt 0.61789876 0.28919613
vt 0.61756366 0.304905
vt 0.60477436 0.29052311
vt 0.62978172 0.29738307
vt 0.62106317 0.30695027
vt 0.60854113 0.30146295
vt 0.60799855 0.27786237
vt 0.62731117 0.28800124
vt 0.62468112 0.30887091
vt 0.62123913 0.2815612
vt 0.60110766 0.28529978
vt 0.63813812 0.29100978
vt 0.63575929 0.30205607
vt 0.62034577 0.27339184
vt 0.59827274 0.26341361
vt 0.63803583 0.2827785
vt 0.62583929 0.30906749
vt 0.61530167 0.26271892
vt 0.63571763 0.27776825
vt 0.37834617 0.81099916
vt 0.38722584 0.79529393
vt 0.39601737 0.8207913
vt 0.38956538 0.83026326
vt 0.3992874 0.79397148
vt 0.39340061 0.83962995
vt 0.37960482 0.83777875
vt 0.40081689 0.81468225
vt 0.0091715856 0.951846
vt 0.016548838 0.95507461
vt 0.0031942257 0.99511832
vt 0.11116078 0.37065923
vt 0.099426687 0.35741848
vt 0.12928185 0.3454178
vt 0.1336471 0.35383922
vt 0.097039528 0.34181011
vt 0.1396257 0.35673559
vt 0.11910738 0.33485252
vt 0.13253738 0.32681257
vt 0.91181904 0.75386095
vt 0.91330779 0.76194775
vt 0.90010959 0.77143723
vt 0.87952709 0.76227605
vt 0.91975307 0.76571846
vt 0.88214606 0.77716225
vt 0.92189544 0.75634086
vt 0.97343993 0.81226218
vt 0.98348653 0.80049944
vt 0.99704397 0.81440014
vt 0.97838944 0.82509744
vt 0.98990983 0.7961719
vt 0.99695265 0.83880079
vt 0.99689138 0.79808676
vt 0.97706366 0.84013385
vt 0.93478066 0.33050162
vt 0.93277311 0.33904558
vt 0.925735 0.33163899
vt 0.92188543 0.32324541
vt 0.91601646 0.33913553
vt 0.92451704 0.31060976
vt 0.91328019 0.33632749
vt 0.91381234 0.31680244
vt 0.93811005 0.31764764
vt 0.91323543 0.32925689
vt 0.91386348 0.33971781
vt 0.9131813 0.31887388
vt 0.91109675 0.30822527
vt 0.94317311 0.30691713
vt 0.91321301 0.31771946
vt 0.91307062 0.31648195
vt 0.9098736 0.30348217
vt 0.92349166 0.3011691
vt 0.91324461 0.31698322
vt 0.90989506 0.30904073
vt 0.91308564 0.31674165
vt 0.91062093 0.29971367
vt 0.9094767 0.30699438
vt 0.91082841 0.29851854
vt 0.93325645 0.29645985
vt 0.8731873 0.41398954
vt 0.8589161 0.41172528
vt 0.86326367 0.40229136
vt 0.86724168 0.39105499
vt 0.85872364 0.41632217
vt 0.85064423 0.39213043
vt 0.87955534 0.40482599
vt 0.87851828 0.42335862
vt 0.84804577 0.41138744
vt 0.88598806 0.41401547
vt 0.88366532 0.42324966
vt 0.87118661 0.43393338
vt 0.78151345 0.97816139
vt 0.77735198 0.99607778
vt 0.76238269 0.98132271
vt 0.75303215 0.98162735
vt 0.73851937 0.98750502
vt 0.69227332 0.34081131
vt 0.69734895 0.32722151
vt 0.70618868 0.33133835
vt 0.71149421 0.32069153
vt 0.69950843 0.30624074
vt 0.7205658 0.31564885
vt 0.72538656 0.30238545
vt 0.70501566 0.29647499
vt 0.75436819 0.9338935
vt 0.76371235 0.91354817
vt 0.77479875 0.92190689
vt 0.75972217 0.91154009
vt 0.77822059 0.89976931
vt 0.77079755 0.89056182
vt 0.78677744 0.89713079
vt 0.035868425 0.95995504
vt 0.045522708 0.95362735
vt 0.036390472 0.99687606
vt 0.66036928 0.57554114
vt 0.64817256 0.56354618
vt 0.65863794 0.56238759
vt 0.66892928 0.57342958
vt 0.64177471 0.56879288
vt 0.65916169 0.58590782
vt 0.64990968 0.5867694
vt 0.67146975 0.58999312
vt 0.63947362 0.57827687
vt 0.63410258 0.56851482
vt 0.62817603 0.58015025
vt 0.067537591 0.96846253
vt 0.054288596 0.97453696
vt 0.051582683 0.97006959
vt 0.067014866 0.9681741
vt 0.072813697 0.98000091
vt 0.050590217 0.96817863
vt 0.067356095 0.96817398
vt 0.084756553 0.97022951
vt 0.068082288 0.96817386
vt 0.06862238 0.9681738
vt 0.086873479 0.96817005
vt 0.087131061 0.96816999
vt 0.091590509 0.96816885
vt 0.26897258 0.82757217
vt 0.28131601 0.83121037
vt 0.30503008 0.83982873
vt 0.28542686 0.81548375
vt 0.30461285 0.8305586
vt 0.3001205 0.81806183
vt 0.31044197 0.8143363
vt 0.42142406 0.41529548
vt 0.41073981 0.41308045
vt 0.43701047 0.40065157
vt 0.43473181 0.41866559
vt 0.42705822 0.39383322
vt 0.42563301 0.4341976
vt 0.44406724 0.39196116
vt 0.78036857 0.45058852
vt 0.7707215 0.45538121
vt 0.76881093 0.43164122
vt 0.76922697 0.43120062
vt 0.79507518 0.46560878
vt 0.75384033 0.44863343
vt 0.78830427 0.439372
vt 0.78649729 0.46576154
vt 0.75304031 0.45122069
vt 0.76962787 0.43071622
vt 0.77027011 0.42973703
vt 0.56258827 0.29114681
vt 0.55386698 0.29924393
vt 0.54545492 0.28356135
vt 0.55500484 0.26847273
vt 0.56922209 0.29409552
vt 0.53454417 0.29598624
vt 0.57203948 0.2779755
vt 0.56441903 0.30838454
vt 0.53418869 0.30208045
vt 0.55611569 0.30812585
vt 0.88721085 0.69943267
vt 0.88234293 0.69137275
vt 0.88719106 0.69015509
vt 0.88452625 0.70354027
vt 0.88672918 0.70338482
vt 0.87616253 0.70130652
vt 0.87119776 0.68380493
vt 0.8825298 0.71573162
vt 0.86906463 0.6992535
vt 0.88744915 0.70387107
vt 0.86195761 0.68524152
vt 0.887896 0.71373653
vt 0.84780258 0.70997906
vt 0.57836473 0.36649179
vt 0.58595872 0.37198257
vt 0.57757801 0.38372111
vt 0.5695948 0.38308841
vt 0.58458704 0.38655311
vt 0.56701231 0.37404573
vt 0.60302788 0.38044024
vt 0.60056156 0.40310943
vt 0.60780698 0.39686441
vt 0.58983904 0.40047824
vt 0.52391326 0.81547439
vt 0.5317241 0.81319404
vt 0.53089613 0.81853813
vt 0.51893103 0.83704066
vt 0.52749068 0.82932514
vt 0.51724213 0.82017529
vt 0.54317617 0.83989275
vt 0.50462818 0.82186073
vt 0.51916248 0.80833024
vt 0.54514819 0.83702445
vt 0.023913249 0.97172439
vt 0.019162478 0.96458024
vt 0.029614087 0.97233993
vt 0.55702484 0.80078232
vt 0.55942887 0.78679132
vt 0.5740416 0.80216038
vt 0.57549065 0.80519754
vt 0.56579357 0.78360045
vt 0.55185109 0.80579549
vt 0.57579142 0.80565202
vt 0.56453711 0.81323576
vt 0.57606655 0.80640465
vt 0.55678236 0.82477868
vt 0.57660687 0.8071143
vt 0.54994154 0.82204044
vt 0.020929718 0.81606048
vt 0.0084130317 0.82332355
vt 0.005155148 0.80884004
vt 0.0045996392 0.80687129
vt 0.0061399788 0.80038387
vt 0.0047158049 0.80806661
vt 0.0049264492 0.79700798
vt 0.004384737 0.80857861
vt 0.015794799 0.80221236
vt 0.008348505 0.79130358
vt 0.016610563 0.78661501
vt 0.010345872 0.78584033
vt 0.02419547 0.79589117
vt 0.013976765 0.78448236
vt 0.49977386 0.74024934
vt 0.48891106 0.72998857
vt 0.49075538 0.71914572
vt 0.50422227 0.71136785
vt 0.48778895 0.74588168
vt 0.49963161 0.70619345
vt 0.50981492 0.72866333
vt 0.81051207 0.99578983
vt 0.78461391 0.98677641
vt 0.82362795 0.99268264
vt 0.17621668 0.55279016
vt 0.19826494 0.5546664
vt 0.19410768 0.55814147
vt 0.18162556 0.55814463
vt 0.19348277 0.54355407
vt 0.19830316 0.55814099
vt 0.17472181 0.558146
vt 0.18782263 0.53847873
vt 0.17076389 0.55814898
vt 0.16782151 0.5389092
vt 0.16078818 0.55610013
vt 0.17783597 0.52756602
vt 0.16078648 0.55079359
vt 0.16184066 0.55815196
vt 0.16078441 0.54001033
vt 0.16078961 0.55815232
vt 0.14446242 0.69849801
vt 0.13224474 0.69541919
vt 0.14595439 0.68703938
vt 0.15151018 0.68385613
vt 0.14172593 0.71496528
vt 0.12850752 0.68291104
vt 0.16752616 0.69277483
vt 0.15489884 0.71136081
vt 0.15515909 0.69739306
vt 0.7297529 0.78684199
vt 0.73727798 0.79213226
vt 0.72410756 0.78816444
vt 0.7218017 0.78081763
vt 0.76158607 0.78635168
vt 0.72246414 0.78611124
vt 0.75299305 0.77647173
vt 0.74396068 0.76775396
vt 0.73266864 0.76669192
vt 0.36950916 0.58489251
vt 0.38375172 0.61144841
vt 0.34902716 0.61344969
vt 0.35982433 0.59291399
vt 0.34757784 0.62130374
vt 0.36363474 0.58610296
vt 0.36602145 0.5816586
vt 0.96931076 0.66792548
vt 0.978908 0.66560948
vt 0.96432 0.67811185
vt 0.95669353 0.68323457
vt 0.96934837 0.66193986
vt 0.97187489 0.68271732
vt 0.9591589 0.66903484
vt 0.96434331 0.68854344
vt 0.96364766 0.65933228
vt 0.98127151 0.67413187
vt 0.95963866 0.66867685
vt 0.98293769 0.68822294
vt 0.96362376 0.69744182
vt 0.97374511 0.6983794
vt 0.73828173 0.38765472
vt 0.7371527 0.37789911
vt 0.76053751 0.39178407
vt 0.73620278 0.39850187
vt 0.72359705 0.37358892
vt 0.75184411 0.38352901
vt 0.75789326 0.40260392
vt 0.72214532 0.38406795
vt 0.7353518 0.36695462
vt 0.74950111 0.37706208
vt 0.76214385 0.38117659
vt 0.74695021 0.36861569
vt 0.49067149 0.5938611
vt 0.5024997 0.609671
vt 0.48304954 0.60256529
vt 0.47181031 0.59784669
vt 0.48817766 0.58113927
vt 0.48554352 0.61817998
vt 0.4999471 0.62021947
vt 0.63394743 0.74603105
vt 0.64370364 0.74264765
vt 0.65140235 0.76025248
vt 0.62851542 0.76085436
vt 0.66760856 0.74738199
vt 0.37844944 0.81194085
vt 0.37239602 0.82673466
vt 0.36567846 0.82625932
vt 0.37008205 0.81194305
vt 0.36943445 0.83902436
vt 0.36137441 0.81859505
vt 0.35516843 0.81672657
vt 0.34793496 0.80853415
vt 0.35801527 0.80000436
vt 0.23250829 0.28213167
vt 0.24513957 0.28083712
vt 0.25188133 0.28988808
vt 0.24017522 0.29621136
vt 0.23051682 0.26904702
vt 0.22273105 0.28223222
vt 0.22415608 0.29135048
vt 0.2361984 0.30807
vt 0.86707991 0.80924541
vt 0.87290847 0.80458844
vt 0.88587809 0.80606508
vt 0.86643529 0.82406133
vt 0.86272168 0.79866213
vt 0.87787187 0.79988909
vt 0.85796106 0.81611556
vt 0.84813154 0.80590862
vt 0.84845227 0.81503725
vt 0.76099402 0.56841731
vt 0.76275921 0.57728034
vt 0.75322038 0.57663393
vt 0.77436513 0.57110596
vt 0.75776833 0.58645916
vt 0.77697659 0.56012487
vt 0.76943296 0.58606762
vt 0.77991563 0.56431639
vt 0.78688556 0.57097638
vt 0.79032075 0.58341336
vt 0.78682613 0.58952439
vt 0.014390779 0.99687606
vt 0.01182023 0.98604894
vt 0.014912824 0.95995504
vt 0.26920596 0.95951521
vt 0.28105628 0.96328211
vt 0.27373311 0.98123097
vt 0.28629929 0.99643332
vt 0.24399431 0.46388525
vt 0.22273226 0.45315975
vt 0.24227804 0.45267892
vt 0.25888756 0.43926334
vt 0.22698565 0.4467333
vt 0.25932258 0.45474273
vt 0.24557555 0.43495119
vt 0.22825502 0.43155748
vt 0.27523604 0.76542616
vt 0.2755456 0.77772743
vt 0.25948995 0.75990617
vt 0.25317442 0.77087498
vt 0.24969845 0.7624557
vt 0.2506862 0.77816963
vt 0.24814512 0.75225139
vt 0.23836249 0.75496572
vt 0.17834705 0.2663824
vt 0.1840997 0.27332908
vt 0.16948508 0.27792263
vt 0.16743934 0.26361287
vt 0.18253575 0.25547475
vt 0.19067922 0.25545746
vt 0.1710031 0.25168878
vt 0.1943685 0.26141977
vt 0.16273667 0.26130426
vt 0.18382515 0.24294716
vt 0.16018461 0.2505939
vt 0.17281687 0.24201232
vt 0.16132326 0.23969734
vt 0.87937737 0.85926485
vt 0.89386982 0.86267346
vt 0.88774079 0.86940891
vt 0.87998641 0.86900419
vt 0.90106261 0.85229623
vt 0.90277487 0.87099719
vt 0.90353829 0.85709304
vt 0.90288639 0.86940676
vt 0.90273869 0.8726896
vt 0.90336335 0.86112654
vt 0.90359062 0.84926891
vt 0.89305133 0.87787437
vt 0.90183204 0.88591671
vt 0.57236648 0.99590683
vt 0.53663224 0.99372023
vt 0.53567433 0.98802686
vt 0.56416011 0.9903062
vt 0.53893822 0.98679405
vt 0.56033105 0.98760957
vt 0.53699392 0.51404977
vt 0.52497411 0.50557035
vt 0.52354091 0.49504894
vt 0.539101 0.50080687
vt 0.52805567 0.52366054
vt 0.5179432 0.50784039
vt 0.53980625 0.50485635
vt 0.5379014 0.49608934
vt 0.51748568 0.51658547
vt 0.50335389 0.49985325
vt 0.54026508 0.51231188
vt 0.52510965 0.52690631
vt 0.51477993 0.4906109
vt 0.65244299 0.36858737
vt 0.64495307 0.3543635
vt 0.65215021 0.34494406
vt 0.65793341 0.35569519
vt 0.63986754 0.37179345
vt 0.64169478 0.33699071
vt 0.63011891 0.35736698
vt 0.63468713 0.33308482
vt 0.63229263 0.36581117
vt 0.62806869 0.3482722
vt 0.34497827 0.29231578
vt 0.34019545 0.28114575
vt 0.35408589 0.28718281
vt 0.33264539 0.29912138
vt 0.33193442 0.28595459
vt 0.31744605 0.29716116
vt 0.32741955 0.27883732
vt 0.31553492 0.30803406
vt 0.66048515 0.54004157
vt 0.66832858 0.53214353
vt 0.67361403 0.55386513
vt 0.65993071 0.55012769
vt 0.68059033 0.5470894
vt 0.68778241 0.54371268
vt 0.68344134 0.55840254
vt 0.69799167 0.55448902
vt 0.22251497 0.25001103
vt 0.22807841 0.25954759
vt 0.21082126 0.26362389
vt 0.21025622 0.25183231
vt 0.2223894 0.27281833
vt 0.19594359 0.2635783
vt 0.20379284 0.24226648
vt 0.20748557 0.27830333
vt 0.20077029 0.24835014
vt 0.19079684 0.25191933
vt 0.43458533 0.6137892
vt 0.4415575 0.61918783
vt 0.42548427 0.61792326
vt 0.44968581 0.6115905
vt 0.4318153 0.63717949
vt 0.45762959 0.61605668
vt 0.45338744 0.63154346
vt 0.46378997 0.61992109
vt 0.40754405 0.26613152
vt 0.39949006 0.26694065
vt 0.39954886 0.25426793
vt 0.41697592 0.25705951
vt 0.39112607 0.27539206
vt 0.38204116 0.24981654
vt 0.41315594 0.27715689
vt 0.3822808 0.2653355
vt 0.37796062 0.26605433
vt 0.61820567 0.87236685
vt 0.63204139 0.87325048
vt 0.63209832 0.87495106
vt 0.6290133 0.88569206
vt 0.63947242 0.85060829
vt 0.61240226 0.87655663
vt 0.61676961 0.88643181
vt 0.7925142 0.44593871
vt 0.79512012 0.43033916
vt 0.81353235 0.45022279
vt 0.803644 0.46574241
vt 0.78458369 0.42990923
vt 0.81160438 0.43940955
vt 0.3711234 0.33990592
vt 0.3696301 0.35282075
vt 0.36099985 0.35871947
vt 0.34764943 0.34690803
vt 0.37839642 0.35730952
vt 0.35853863 0.33569932
vt 0.3673799 0.37015194
vt 0.37588271 0.34889442
vt 0.42271173 0.52699876
vt 0.40989074 0.51459336
vt 0.41778198 0.49884892
vt 0.43659821 0.50055623
vt 0.42383525 0.49223608
vt 0.83836472 0.85346019
vt 0.83073467 0.87204432
vt 0.83214486 0.85153884
vt 0.85082221 0.8664068
vt 0.81730527 0.86326182
vt 0.35040513 0.9324522
vt 0.33160836 0.91668373
vt 0.34240046 0.91456038
vt 0.34104687 0.94913453
vt 0.85612118 0.58766448
vt 0.88366544 0.59194285
vt 0.86193007 0.60547686
vt 0.84669304 0.59959245
vt 0.87547266 0.58298993
vt 0.88367492 0.60485017
vt 0.85047829 0.5806824
vt 0.2238166 0.76443839
vt 0.21565314 0.77725857
vt 0.20761247 0.75030583
vt 0.19158439 0.75519985
vt 0.66923684 0.98810762
vt 0.6569854 0.99664938
vt 0.65479773 0.98568505
vt 0.6773473 0.9924534
vt 0.64528203 0.99018657
vt 0.72220623 0.97642523
vt 0.70655745 0.99626905
vt 0.71232218 0.96216404
vt 0.18195087 0.40267915
vt 0.1823968 0.39018458
vt 0.19398931 0.39297026
vt 0.17430076 0.39060384
vt 0.18403631 0.37721884
vt 0.17660826 0.38585526
vt 0.17450216 0.37059635
vt 0.16153193 0.3798418
vt 0.16072217 0.37065023
vt 0.95027041 0.98399884
vt 0.95854026 0.99566549
vt 0.92658949 0.97937465
vt 0.8816123 0.72037321
vt 0.87868184 0.72812688
vt 0.8599574 0.71618712
vt 0.87372905 0.7103976
vt 0.85454261 0.72210336
vt 0.86256605 0.70718181
vt 0.86624783 0.7309984
vt 0.84685701 0.71155447
vt 0.37115037 0.98672038
vt 0.40446481 0.98922849
vt 0.39397773 0.99341893
vt 0.37441573 0.99534822
vt 0.62431151 0.96303612
vt 0.61522251 0.96568823
vt 0.60639006 0.94755453
vt 0.6191954 0.95281875
vt 0.60397404 0.96238661
vt 0.62997341 0.95570296
vt 0.60065311 0.94840848
vt 0.59844846 0.95798314
vt 0.45636627 0.74808037
vt 0.46700191 0.73831713
vt 0.48097801 0.7405386
vt 0.4709155 0.75643766
vt 0.46980822 0.72821987
vt 0.46430561 0.76172227
vt 0.48019442 0.34052163
vt 0.47330397 0.33604842
vt 0.47683004 0.32372892
vt 0.48353502 0.30753088
vt 0.50233734 0.30779392
vt 0.50404954 0.3353588
vt 0.74906284 0.85074115
vt 0.74189901 0.85487479
vt 0.73732752 0.83983505
vt 0.73974144 0.82748103
vt 0.75763857 0.83635461
vt 0.75143504 0.82299447
vt 0.44227573 0.27756983
vt 0.45312503 0.27188849
vt 0.4649235 0.27518755
vt 0.44467098 0.27078879
vt 0.46742979 0.25653458
vt 0.44077 0.25818723
vt 0.46997854 0.26468003
vt 0.45729512 0.2551465
vt 0.47322059 0.2536391
vt 0.47114471 0.24717313
vt 0.97113961 0.62026954
vt 0.98751706 0.60785353
vt 0.98773438 0.62031877
vt 0.96438533 0.60161865
vt 0.95649588 0.61133623
vt 0.91094577 0.8763935
vt 0.92099792 0.88599735
vt 0.91235083 0.88562238
vt 0.92458749 0.87416577
vt 0.93360877 0.88265878
vt 0.91450071 0.86499608
vt 0.94166785 0.88309741
vt 0.9309116 0.87337911
vt 0.72813612 0.96325803
vt 0.73218453 0.97180235
vt 0.72328234 0.97952694
vt 0.7531094 0.98135215
vt 0.41110262 0.83961982
vt 0.42344803 0.84308076
vt 0.41920862 0.8703208
vt 0.45748872 0.86524546
vt 0.44746023 0.87443221
vt 0.43766716 0.87867457
vt 0.43925926 0.87480044
vt 0.43306205 0.88756144
vt 0.42513859 0.87645638
vt 0.29996189 0.7524662
vt 0.30026579 0.74837351
vt 0.30977517 0.74525928
vt 0.31123722 0.76132667
vt 0.30003726 0.76115984
vt 0.31793335 0.76784986
vt 0.29990748 0.76768136
vt 0.31251431 0.77721304
vt 0.43246201 0.76487052
vt 0.43208271 0.7778706
vt 0.41256869 0.77570391
vt 0.41001979 0.75810379
vt 0.44045666 0.7769869
vt 0.42238265 0.75454295
vt 0.019128392 0.93331105
vt 0.031437255 0.93776971
vt 0.023667686 0.9494099
vt 0.028970718 0.91865611
vt 0.34773907 0.32943827
vt 0.35356355 0.31384248
vt 0.36376959 0.31295812
vt 0.36917147 0.31661993
vt 0.37301943 0.32247847
vt 0.37049371 0.33311641
vt 0.37501755 0.33290148
vt 0.34959075 0.33951032
vt 0.37847912 0.32110137
vt 0.81512767 0.70528471
vt 0.80100566 0.71427983
vt 0.80963647 0.69642389
vt 0.81512886 0.69439042
vt 0.80676883 0.68918526
vt 0.8127352 0.68310738
vt 0.8222689 0.68743074
vt 0.8226757 0.6989367
vt 0.072663076 0.97785723
vt 0.054771695 0.98783642
vt 0.043060809 0.98486567
vt 0.28739169 0.37120491
vt 0.28583235 0.35973138
vt 0.3149327 0.36217833
vt 0.31220603 0.34793437
vt 0.3102068 0.34372348
vt 0.48886114 0.6847924
vt 0.50416124 0.69340026
vt 0.48886877 0.69628608
vt 0.48958811 0.68378526
vt 0.49479705 0.6986711
vt 0.49175945 0.66907001
vt 0.48887014 0.69845337
vt 0.50630349 0.67929745
vt 0.48886093 0.68377429
vt 0.48886096 0.67144918
vt 0.9543066 0.95896745
vt 0.9344629 0.98044622
vt 0.9256987 0.97962373
vt 0.4459736 0.47844231
vt 0.45561057 0.46852094
vt 0.46091938 0.48449951
vt 0.4533284 0.48622519
vt 0.47049367 0.47234416
vt 0.44788247 0.4954437
vt 0.44071555 0.48065823
vt 0.36859727 0.94954395
vt 0.3630881 0.93265724
vt 0.37449715 0.92509747
vt 0.37382033 0.93788671
vt 0.36509204 0.91959858
vt 0.36840254 0.78429914
vt 0.362836 0.78370863
vt 0.3706286 0.77548671
vt 0.38426399 0.77646828
vt 0.37770995 0.79319274
vt 0.39175004 0.77505648
vt 0.98746794 0.66404551
vt 0.98318702 0.65333533
vt 0.98836231 0.66099411
vt 0.98195952 0.66206503
vt 0.9942835 0.65564752
vt 0.98118079 0.66758502
vt 0.97301567 0.65183866
vt 0.99317282 0.65938812
vt 0.99486226 0.64570034
vt 0.98225701 0.64453024
vt 0.99564546 0.65580952
vt 0.99548995 0.64680094
vt 0.97215152 0.63939083
vt 0.93765831 0.73770487
vt 0.93116409 0.74638939
vt 0.9260968 0.73671186
vt 0.9425391 0.72187078
vt 0.94503015 0.74401402
vt 0.95492762 0.72333729
vt 0.17522091 0.613482
vt 0.17607014 0.59605181
vt 0.19363554 0.61079639
vt 0.18055385 0.62165976
vt 0.19196911 0.59715343
vt 0.20532139 0.61896557
vt 0.20478188 0.59551036
vt 0.76721829 0.92667478
vt 0.76278663 0.93298054
vt 0.74776447 0.93824393
vt 0.75783664 0.93910909
vt 0.74225616 0.94189501
vt 0.73755521 0.94902027
vt 0.75495654 0.94162065
vt 0.94486994 0.86028302
vt 0.93416172 0.870938
vt 0.93355876 0.84971511
vt 0.95546961 0.86709404
vt 0.92509627 0.86142397
vt 0.26268306 0.97889024
vt 0.26679137 0.98897082
vt 0.26574713 0.98908567
vt 0.26242071 0.98895633
vt 0.27034143 0.96937466
vt 0.26470828 0.9677518
vt 0.27237609 0.96948683
vt 0.268388 0.95966059
vt 0.17965332 0.56408674
vt 0.1825607 0.58617878
vt 0.17507805 0.5664202
vt 0.20466529 0.57096398
vt 0.20311777 0.58962536
vt 0.67697084 0.56809652
vt 0.68718576 0.56133097
vt 0.68731374 0.57515752
vt 0.67582828 0.57977247
vt 0.6982823 0.56437111
vt 0.68573803 0.5896107
vt 0.69916326 0.57765669
vt 0.30882317 0.60097706
vt 0.31201839 0.61295676
vt 0.30074602 0.61128533
vt 0.30065358 0.60185605
vt 0.32115465 0.60421515
vt 0.30424634 0.59352082
vt 0.3062351 0.5946753
vt 0.31709701 0.62051022
vt 0.31137514 0.59664154
vt 0.32601273 0.61194456
vt 0.32067308 0.59847391
vt 0.32509735 0.62100136
vt 0.025929894 0.97798735
vt 0.040020097 0.9799729
vt 0.02613364 0.98793322
vt 0.012537697 0.98762459
vt 0.7358951 0.56832314
vt 0.7460447 0.57172686
vt 0.73511773 0.5895108
vt 0.72252393 0.5682168
vt 0.73293191 0.56202507
vt 0.87442321 0.73830235
vt 0.88281381 0.73718417
vt 0.87660986 0.74884409
vt 0.86364418 0.75162506
vt 0.89119089 0.75254291
vt 0.86980468 0.75757241
vt 0.8811906 0.76193357
vt 0.96913636 0.99512726
vt 0.95793062 0.98906177
vt 0.97372693 0.96932781
vt 0.032068253 0.90256339
vt 0.024760703 0.87524146
vt 0.04032407 0.8907733
vt 0.019594328 0.88572514
vt 0.59034342 0.57876205
vt 0.59305227 0.5857296
vt 0.57796824 0.58909547
vt 0.5803327 0.5689528
vt 0.5910759 0.57260036
vt 0.566131 0.57698911
vt 0.5883193 0.56232846
vt 0.57466716 0.56921065
vt 0.57640857 0.5670923
vt 0.63808554 0.97541016
vt 0.62680459 0.98135644
vt 0.62824482 0.97048086
vt 0.61792856 0.97852331
vt 0.62462842 0.97165072
vt 0.61261082 0.96766806
vt 0.32628155 0.91680771
vt 0.32533607 0.93466926
vt 0.31665346 0.9214406
vt 0.3163487 0.94082659
vt 0.55808091 0.88708228
vt 0.55075562 0.87570488
vt 0.5620411 0.86429679
vt 0.5686909 0.87946665
vt 0.55397683 0.86444581
vt 0.56654835 0.86069429
vt 0.57407284 0.86589324
vt 0.99859929 0.77484512
vt 0.99838865 0.7864629
vt 0.9893676 0.77860361
vt 0.99265838 0.79352915
vt 0.98089397 0.79145485
vt 0.97329748 0.7878108
vt 0.39481211 0.90608257
vt 0.40633702 0.91529155
vt 0.40034732 0.91701204
vt 0.41293967 0.89633232
vt 0.41461855 0.90874636
vt 0.41917074 0.90006292
vt 0.75155497 0.73399019
vt 0.75005084 0.72338068
vt 0.75802815 0.73942244
vt 0.75117868 0.74531686
vt 0.74078315 0.72482026
vt 0.73848587 0.73520303
vt 0.74108511 0.74478394
vt 0.33897847 0.91174483
vt 0.33169201 0.90146089
vt 0.35078061 0.90771443
vt 0.34911031 0.91773295
vt 0.35482937 0.90997833
vt 0.49981347 0.74562061
vt 0.50375861 0.76159137
vt 0.48854598 0.75108099
vt 0.49587026 0.74224901
vt 0.51239133 0.75995678
vt 0.49000895 0.75973177
vt 0.90617782 0.57725513
vt 0.90913051 0.58679748
vt 0.8940658 0.5891521
vt 0.89455378 0.57730806
vt 0.91680866 0.57497025
vt 0.9085592 0.5664041
vt 0.89825225 0.5698806
vt 0.54606867 0.8489626
vt 0.54532981 0.85523492
vt 0.53835768 0.85411561
vt 0.53785372 0.85266811
vt 0.55798823 0.84608114
vt 0.53736633 0.85126817
vt 0.54462522 0.84062517
vt 0.53608936 0.85116494
vt 0.53587383 0.84856433
vt 0.53567916 0.8511318
vt 0.53638411 0.8433553
vt 0.17484306 0.6767571
vt 0.17873165 0.66020626
vt 0.1931019 0.67902482
vt 0.18321952 0.68305445
vt 0.26491323 0.97343785
vt 0.25545257 0.99661404
vt 0.2529504 0.98247188
vt 0.78044367 0.67504656
vt 0.78785956 0.66833889
vt 0.78863215 0.68389678
vt 0.77790439 0.66105521
vt 0.77670383 0.67421484
vt 0.77032149 0.67493123
vt 0.77495199 0.68233359
vt 0.30729416 0.98294109
vt 0.31574112 0.99212629
vt 0.3167775 0.99514472
vt 0.30041692 0.99475521
vt 0.32393402 0.99381179
vt 0.332187 0.97684139
vt 0.35510823 0.96673274
vt 0.34715179 0.97598886
vt 0.35274059 0.97996491
vt 0.73866028 0.62706876
vt 0.74529648 0.61769766
vt 0.76077509 0.61927366
vt 0.76260972 0.63538146
vt 0.75330603 0.6365943
vt 0.32395741 0.98005652
vt 0.30399072 0.97038388
vt 0.31308225 0.96245801
vt 0.30598268 0.95845968
vt 0.30079633 0.96389341
vt 0.53635055 0.5735625
vt 0.53854829 0.55358386
vt 0.54707462 0.5559777
vt 0.55671692 0.57230842
vt 0.53609407 0.57301652
vt 0.55903852 0.55258131
vt 0.53609997 0.55490875
vt 0.53608185 0.57337213
vt 0.53601414 0.55356312
vt 0.048380457 0.78095675
vt 0.037099961 0.78927994
vt 0.03522617 0.77225256
vt 0.03522899 0.77201098
vt 0.035024781 0.79176438
vt 0.035229117 0.77198327
vt 0.035039622 0.79369295
vt 0.048933554 0.76936853
vt 0.058332004 0.77808416
vt 0.076868765 0.70826566
vt 0.086890034 0.71766448
vt 0.070717461 0.73081839
vt 0.066917911 0.71028006
vt 0.085334569 0.709638
vt 0.068285003 0.73018456
vt 0.8697511 0.88693315
vt 0.86547941 0.86614734
vt 0.875202 0.86824775
vt 0.86250132 0.87115347
vt 0.94807404 0.96071911
vt 0.93785596 0.96391869
vt 0.9348796 0.94966918
vt 0.92507637 0.95949918
vt 0.76574606 0.84075928
vt 0.77615607 0.85343593
vt 0.7653414 0.85586494
vt 0.75451082 0.84520769
vt 0.75451171 0.84755713
vt 0.064325728 0.74064982
vt 0.061479967 0.74963176
vt 0.050554108 0.74624908
vt 0.064038612 0.76099348
vt 0.055667859 0.76115489
vt 0.95393574 0.79263383
vt 0.94578773 0.80927956
vt 0.9419328 0.80787861
vt 0.94210941 0.79754901
vt 0.94221538 0.78697455
vt 0.098974586 0.97400254
vt 0.093655311 0.98132694
vt 0.081707865 0.95991552
vt 0.087637752 0.9733938
vt 0.4490701 0.81813353
vt 0.45311138 0.82991332
vt 0.45121542 0.83959281
vt 0.44161665 0.8195985
vt 0.44832397 0.83975089
vt 0.88668948 0.80939412
vt 0.8907553 0.79969001
vt 0.89278966 0.80783379
vt 0.87829399 0.78945243
vt 0.89393222 0.78792262
vt 0.9765957 0.60638547
vt 0.99003577 0.59802139
vt 0.99220419 0.5995549
vt 0.98072535 0.59549111
vt 0.99139827 0.59666777
vt 0.97269785 0.59311718
vt 0.99328911 0.59011585
vt 0.99456662 0.59075999
vt 0.99439079 0.5873853
vt 0.98743391 0.58434618
vt 0.40907374 0.62770426
vt 0.41474417 0.63613504
vt 0.39409879 0.61605656
vt 0.39471623 0.63350964
vt 0.64390051 0.88664937
vt 0.64590663 0.86765558
vt 0.65018439 0.87393075
vt 0.66614318 0.88050604
vt 0.72219878 0.83399546
vt 0.74042821 0.84355044
vt 0.72881722 0.85504532
vt 0.086978883 0.97955221
vt 0.075438097 0.98848712
vt 0.066716403 0.98022372
vt 0.57987142 0.55858183
vt 0.58311546 0.54998958
vt 0.5850932 0.55482841
vt 0.56957889 0.55951583
vt 0.5870024 0.54632461
vt 0.56600434 0.53752351
vt 0.58200663 0.54145724
vt 0.57484257 0.53690076
vt 0.27508149 0.99624425
vt 0.26997247 0.9755004
vt 0.27513856 0.98313826
vt 0.64534503 0.97971612
vt 0.64524394 0.97861749
vt 0.6521368 0.96093255
vt 0.66267276 0.96259838
vt 0.35559198 0.97915047
vt 0.35474363 0.96875912
vt 0.36001399 0.98801661
vt 0.35764223 0.98811138
vt 0.38794029 0.91505826
vt 0.38709673 0.91718423
vt 0.37850896 0.91454268
vt 0.38168514 0.89987183
vt 0.39582929 0.91008151
vt 0.397991 0.91362172
vt 0.32317567 0.97553933
vt 0.31612459 0.96169931
vt 0.32863703 0.97667706
vt 0.31952348 0.98069209
vt 0.69781053 0.98102558
vt 0.69882202 0.96854526
vt 0.69969821 0.9684599
vt 0.69753438 0.96785575
vt 0.70236242 0.96000183
vt 0.69853503 0.96775782
vt 0.69120944 0.96535963
vt 0.25524491 0.99688268
vt 0.24683134 0.98815179
vt 0.24841557 0.9770245
vt 0.73153508 0.98973948
vt 0.74292737 0.99521482
vt 0.72213769 0.99164182
vt 0.72248763 0.97995859
vt 0.41377348 0.82674867
vt 0.4011496 0.83801961
vt 0.39785945 0.83432317
vt 0.40304431 0.82801813
vt 0.394844 0.84050167
vt 0.39514938 0.82033157
vt 0.27174664 0.75063074
vt 0.26282701 0.75928974
vt 0.25924468 0.74282569
vt 0.26615232 0.76220918
vt 0.25343937 0.7454145
vt 0.8149153 0.52439725
vt 0.81459951 0.53243446
vt 0.80475855 0.52390385
vt 0.81967139 0.53249031
vt 0.80086488 0.54140037
vt 0.81533444 0.54337519
vt 0.80052769 0.52862388
vt 0.37255374 0.97679514
vt 0.37234202 0.98332328
vt 0.36360297 0.99561834
vt 0.36541927 0.99537057
vt 0.30675471 0.84089893
vt 0.31537524 0.83521867
vt 0.31486893 0.85456818
vt 0.30766767 0.8533411
vt 0.30128038 0.8437717
vt 0.38861775 0.9880408
vt 0.38916507 0.98766571
vt 0.39884773 0.98700124
vt 0.37946311 0.9782002
vt 0.39832121 0.98140705
vt 0.37917376 0.98521775
vt 0.38691774 0.98813277
vt 0.38622764 0.98796189
vt 0.79675871 0.98921955
vt 0.78535527 0.99594527
vt 0.77761126 0.99303025
vt 0.69334245 0.9341135
vt 0.6973384 0.94865322
vt 0.69243902 0.93849474
vt 0.70664871 0.93273115
vt 0.69050026 0.94514883
vt 0.7112236 0.94115961
vt 0.63621628 0.99416727
vt 0.64624906 0.99168324
vt 0.65547901 0.99546802
vt 0.52298307 0.78866941
vt 0.53256989 0.80807555
vt 0.51897258 0.80573726
vt 0.52904397 0.79013872
vt 0.95701838 0.9840191
vt 0.94952399 0.96851259
vt 0.95073879 0.96870846
vt 0.9545179 0.98729908
vt 0.95762098 0.98788559
vt 0.95286185 0.98625058
vt 0.95597988 0.98889309
vt 0.94915462 0.96876538
vt 0.95289791 0.98847383
vt 0.95403969 0.9882952
vt 0.94929087 0.96831316
vt 0.083413079 0.98924416
vt 0.083440043 0.97691023
vt 0.085783325 0.97713888
vt 0.087862924 0.9843058
vt 0.084489129 0.97660196
vt 0.086409591 0.98836422
vt 0.081194222 0.96942252
vt 0.45845541 0.61015999
vt 0.47365585 0.61657327
vt 0.46793723 0.61892962
vt 0.45757809 0.61189198
vt 0.47533253 0.6023435
vt 0.47169012 0.6198824
vt 0.4772647 0.61221838
vt 0.47717178 0.62085384
vt 0.4774628 0.60160851
vt 0.64725739 0.95781785
vt 0.63911778 0.96556151
vt 0.62871158 0.95113653
vt 0.70972174 0.85797751
vt 0.71180356 0.8710047
vt 0.7062335 0.86714256
vt 0.72416794 0.86629444
vt 0.76419383 0.81645072
vt 0.76668781 0.81996751
vt 0.75658762 0.82334459
vt 0.75313324 0.80724508
vt 0.77085638 0.81170076
vt 0.35832226 0.99336612
vt 0.35124278 0.99603546
vt 0.33896059 0.98776346
vt 0.063465863 0.95960569
vt 0.054015543 0.96447784
vt 0.051181667 0.95370805
vt 0.058708131 0.94781333
vt 0.38546938 0.97918063
vt 0.37901258 0.96958148
vt 0.39569643 0.98004037
vt 0.022203172 0.95541197
vt 0.031482454 0.96420401
vt 0.018962141 0.96107
vt 0.019154638 0.95617449
vt 0.019159216 0.94712061
vt 0.36499515 0.7605893
vt 0.37997499 0.76962095
vt 0.36395025 0.77705336
vt 0.062338375 0.93013024
vt 0.054794528 0.93296415
vt 0.050688557 0.9175992
vt 0.058775246 0.916592
vt 0.018799752 0.79131758
vt 0.030214531 0.77492511
vt 0.033862486 0.79223776
vt 0.021706186 0.7770704
vt 0.29612222 0.99569738
vt 0.29838073 0.98154354
vt 0.30131 0.98790145
vt 0.29361427 0.97793621
vt 0.50383413 0.77101231
vt 0.50875294 0.77756745
vt 0.50383645 0.77337587
vt 0.51053655 0.76256126
vt 0.50375283 0.76376784
vt 0.52236283 0.76739252
vt 0.0798098 0.94962555
vt 0.071286358 0.94766766
vt 0.066712245 0.93119204
vt 0.97348732 0.88851833
vt 0.98097849 0.90232134
vt 0.97670716 0.90078688
vt 0.98863125 0.89760637
vt 0.32633623 0.76209342
vt 0.32800412 0.7738449
vt 0.31675056 0.7782945
vt 0.31690139 0.77740103
vt 0.32106346 0.76220918
vt 0.10519695 0.98569524
vt 0.094431996 0.98774242
vt 0.089382447 0.97891635
vt 0.86226302 0.99534386
vt 0.85583431 0.99244106
vt 0.87153107 0.9861086
vt 0.54578322 0.97297281
vt 0.55282295 0.98202431
vt 0.54237252 0.98738766
vt 0.61203343 0.87451017
vt 0.60338199 0.88691866
vt 0.60015631 0.87422937
vt 0.60121298 0.87063468
vt 0.59675092 0.88192868
vt 0.62110651 0.98266637
vt 0.62915558 0.98513377
vt 0.62768996 0.99674261
vt 0.014592728 0.76140559
vt 0.0044933306 0.76052964
vt 0.018103305 0.7516337
vt 0.0042938096 0.74711287
vt 0.79201609 0.9905861
vt 0.80342662 0.99401242
vt 0.80419761 0.99558491
vt 0.80211473 0.99618995
vt 0.80356634 0.99247015
vt 0.80518854 0.99445504
vt 0.042465489 0.97548759
vt 0.053582385 0.97234511
vt 0.054719549 0.97984022
vt 0.053076282 0.98050213
vt 0.045955189 0.98120373
vt 0.56043333 0.98494691
vt 0.55134207 0.98922509
vt 0.55439776 0.97741854
vt 0.94281375 0.98729229
vt 0.95242119 0.99322039
vt 0.94178396 0.99578792
vt 0.72289044 0.98576772
vt 0.7160964 0.99585998
vt 0.71448672 0.98486316
vt 0.62887287 0.98889256
vt 0.63070214 0.97954482
vt 0.63878626 0.97628993
vt 0.87074494 0.9892323
vt 0.8626101 0.98777413
vt 0.86515552 0.97605789
vt 0.04689293 0.93357331
vt 0.038468927 0.9340626
vt 0.035212912 0.92175525
vt 0.012575812 0.9845683
vt 0.004327774 0.99505085
vt 0.0035552979 0.99528015
vt 0.37529117 0.9961561
vt 0.37181741 0.99400723
vt 0.37416592 0.99384809
vt 0.36246759 0.99109429
vt 0.372556 0.99532914
vt 0.82011765 0.99453604
vt 0.82341862 0.9960947
vt 0.81860876 0.99573457
vt 0.81638914 0.99458081
vt 0.82715619 0.9895128
vt 0.81829447 0.99586707
vt 0.29306516 0.98786384
vt 0.29472926 0.97562331
vt 0.2969518 0.97749865
vt 0.29386365 0.9876824
vt 0.29932433 0.97574425
vt 0.23985642 0.98460954
vt 0.24490492 0.9915123
vt 0.23754051 0.99523962
vt 0.30185574 0.9789052
vt 0.30624583 0.98351043
vt 0.30103624 0.98846579
vt 0.0066931704 0.98655635
vt 0.0063749473 0.99503452
vt 0.0044670254 0.99702829
vt 0.79232699 0.97862709
vt 0.78688061 0.98757333
vt 0.7873897 0.9779973
vt 0.7855866 0.98494697
vt 0.84714562 0.99598461
vt 0.85832763 0.98826528
vt 0.84994876 0.99678499
vt 0.84900343 0.99692822
vt 0.37197977 0.96979618
vt 0.37917674 0.97948849
vt 0.37230691 0.97572476
vt 0.37898332 0.9700852
vt 0.37560934 0.98100805
vt 0.97250402 0.99466664
vt 0.97425348 0.98615968
vt 0.9764629 0.99657583
vt 0.0092544826 0.98784435
vt 0.0042539812 0.99609405
vt 0.0088801291 0.98768646
vt 0.0078269318 0.98724049
vt 0.0069064372 0.98771524
vt 0.95929581 0.99567008
vt 0.95723253 0.99036902
vt 0.96611518 0.99566817
vt 0.0047620181 0.99699605
vt 0.0061058463 0.99647975
vt 0.012257113 0.99564064
vt 0.7319032 0.98912799
vt 0.73103815 0.97957867
vt 0.73750597 0.9833172
vt 0.73785353 0.98909634
vt 0.0041075051 0.99617058
vt 0.0033090841 0.9952839
vt 0.0049031125 0.99307251
vt 0.0039757965 0.99087405
vt 0.0047402722 0.9963733
vt 0.0072571323 0.99315536
vt 0.0096528884 0.99439204
vt 0.23657684 0.99518234
vt 0.23478135 0.99435818
vt 0.23692466 0.99167609
vt 0.23697194 0.98926681
vt 0.0051900074 0.99126828
vt 0.006004855 0.99094069
vt 0.0051996657 0.99266535
vt 0.0047686556 0.9900316
vt 0.0052519795 0.99658155
vt 0.36680609 0.99642813
vt 0.36365819 0.99258041
vt 0.36698017 0.99506682
vt 0.39800963 0.99569428
vt 0.39475206 0.99257576
vt 0.39793971 0.99408191
vt 0.3975096 0.9914254
vt 0.0041135931 0.99506682
vt 0.0074355723 0.99258041
vt 0.0041904785 0.99552888
vt 0.40539724 0.99237764
vt 0.40221366 0.99532777
vt 0.40246034 0.99360025
vt 0.4054516 0.99599618
vt 0.0072875815 0.99271047
vt 0.010380755 0.99478215
vt 0.0076755062 0.99571115
vt 0.0058277808 0.99657148
vt 0.0043605771 0.99662566
vt 0.0055338498 0.99557346
vt 0.0045026615 0.99466509
vt 0.0051879156 0.9949131
vt 0.0045028701 0.99525619
vt 0.0040007923 0.99455714
vt 0.004774617 0.99540812
vt 0.0036263803 0.99487394
vt 0.0046167281 0.9946143
vt 0.0048156283 0.99448776
vt 0.0062269936 0.99606717
vt 0.0059096534 0.99636447
usemtl Tile_+033_+029_L18_00003_0
f 1879/3120 1086/3121 1880/3122
f 1019/2765 1543/2766 1009/2767
f 1081/575 958/576 1881/577
f 55/1100 671/1101 979/1102
f 30/349 29/350 48/351
f 1075/2774 1076/2775 978/2776
f 43/3533 42/3534 18/3535
f 1071/3475 1072/3476 34/3477
f 1072/3668 51/3669 1073/3670
f 1072/3476 1071/3475 51/3478
f 1536/1816 1068/1817 1067/1818
f 1037/2043 1040/2044 1066/2045
f 1061/2052 1049/2056 1041/2047
f 1037/2043 1023/2046 1024/2048
f 1045/1593 1047/1594 1554/1595
f 1046/1599 1045/1593 1556/1598
f 1042/3263 1043/3264 988/3265
f 1058/1952 1507/1953 1082/1954
f 1063/2050 1041/2047 1538/2054
f 1064/3381 1065/3382 1883/3383
f 1062/1606 1061/1603 1052/1600
f 1044/2771 999/2772 1020/2769
f 1054/2808 1056/2809 1055/2810
f 1558/2422 1032/2423 1559/2424
f 1032/2423 1017/2428 1560/2433
f 1051/2821 1031/2822 1030/2823
f 1061/3603 1029/3604 1028/3605
f 1564/3486 1022/3487 1565/3488
f 1013/2427 1004/2425 1558/2422
f 1017/2428 1004/2425 1018/2432
f 1027/1823 999/1825 1018/1827
f 972/1107 960/1111 961/1103
f 979/1102 671/1101 976/1105
f 1004/2425 1006/2431 1005/2434
f 995/1831 997/1830 996/1828
f 1011/2442 1027/2438 1006/2431
f 988/2478 994/2479 993/2480
f 1563/2829 1030/2823 1573/2826
f 990/1788 991/1789 1752/1790
f 982/1985 984/1986 983/1987
f 201/1499 503/1500 975/1501
f 984/1119 1002/1114 1001/1109
f 980/2814 210/2817 981/2812
f 1081/575 959/579 958/576
f 58/1660 62/1661 57/1662
f 8/1122 10/1125 960/1111
f 976/1105 972/1107 979/1102
f 972/1107 961/1103 979/1102
f 960/1111 972/1107 985/1116
f 969/1126 8/1122 1008/1120
f 201/1499 975/1501 333/1502
f 963/1505 974/1504 1077/1510
f 650/1511 333/1502 965/1507
f 962/358 964/362 963/369
f 960/1111 1008/1120 8/1122
f 960/2520 63/2521 970/2522
f 970/1110 961/1103 960/1111
f 671/1101 670/1108 669/1112
f 1886/3405 698/3406 1887/3407
f 1528/1664 58/1660 56/1665
f 72/1926 957/1927 533/1928
f 62/1661 58/1660 1528/1664
f 54/1663 56/1665 58/1660
f 1528/1106 970/1110 62/1115
f 1576/1144 969/1145 1577/1146
f 1528/1664 56/1665 55/1667
f 62/2523 970/2522 63/2521
f 29/350 965/353 962/358
f 965/353 964/362 962/358
f 1077/370 962/358 963/369
f 966/357 64/360 650/368
f 1527/2413 27/2414 1070/2415
f 1521/1718 615/1719 1069/1720
f 33/2380 613/2381 145/2382
f 1756/491 27/492 1759/493
f 1544/3671 1072/3668 1073/3670
f 1071/573 1544/572 1073/574
f 34/560 1074/570 1544/572
f 13/363 962/358 1077/370
f 1074/3538 1073/3539 595/3540
f 595/3483 1544/3484 1074/3485
f 595/3479 1072/3476 1544/3481
f 595/3402 1073/3403 51/3404
f 51/3466 53/3467 595/3468
f 27/2834 1074/2835 52/2836
f 17/1516 70/1517 1094/1518
f 51/3376 619/3377 53/3378
f 619/3420 18/3421 52/3422
f 70/549 18/539 619/554
f 53/3467 1094/3469 595/3468
f 22/2065 32/2066 19/2067
f 595/3479 34/3477 1072/3476
f 271/3613 145/3614 146/3615
f 34/560 1544/572 1071/573
f 33/2069 145/2071 23/2068
f 1527/2413 1070/2415 1069/2416
f 516/500 1070/494 1761/498
f 989/3367 988/3368 1007/3369
f 1526/588 959/579 1086/584
f 1020/2769 1543/2766 1019/2765
f 529/3132 1526/3129 1079/3126
f 1086/3121 1079/3126 1526/3129
f 1079/3126 1086/3121 1078/3123
f 240/3386 1078/3390 1889/3389
f 1506/1991 235/1995 1536/1988
f 1541/2053 1513/2061 1059/2055
f 1025/3489 1037/3491 1022/3487
f 1080/3178 1040/3179 1037/3180
f 1047/3182 1040/3179 1080/3178
f 1080/3178 1025/3181 1564/3183
f 1537/2049 1041/2047 1040/2044
f 1047/3182 1080/3178 1580/3184
f 1046/1599 1028/1597 1045/1593
f 1046/1599 1052/1600 1028/1597
f 1085/1609 1046/1599 1584/1607
f 1027/1823 1011/1819 1020/1821
f 1507/1953 1058/1952 1057/1956
f 1050/1605 1036/1613 1055/1610
f 1049/2056 1538/2054 1041/2047
f 1537/3185 1040/3179 1047/3182
f 1066/2045 1023/2046 1037/2043
f 1023/2046 1541/2053 1059/2055
f 1025/3181 1080/3178 1037/3180
f 1041/2047 1066/2045 1040/2044
f 1057/1956 1009/1959 1507/1953
f 1543/2766 234/2770 1009/2767
f 235/1995 234/1999 1020/1996
f 1539/2840 1542/2841 1064/2842
f 1891/3385 1511/3384 1892/3388
f 215/2057 1513/2061 1541/2053
f 1060/2051 1023/2046 1059/2055
f 1060/2051 1059/2055 239/2059
f 1539/2840 1540/2844 1542/2841
f 1509/2845 1542/2841 1060/2848
f 1539/2840 1064/2842 1884/2843
f 1509/2845 1060/2848 239/2849
f 1064/2842 1542/2841 1509/2845
f 239/2059 1059/2055 1513/2061
f 1063/2050 1538/2054 1056/2058
f 1063/2050 1541/2053 1023/2046
f 215/2057 1541/2053 1063/2050
f 1540/2844 1060/2848 1542/2841
f 215/2057 1063/2050 1056/2058
f 1021/2669 1539/2670 1893/2671
f 1060/2848 1540/2844 1024/2851
f 1023/2046 1041/2047 1063/2050
f 1055/1610 1049/1608 1050/1605
f 1036/2811 1054/2808 1055/2810
f 1056/2809 981/2812 214/2813
f 1035/2816 1038/2818 980/2814
f 980/2814 981/2812 1036/2811
f 1058/1952 1048/1960 1057/1956
f 1057/1621 1048/1620 1039/1616
f 1082/1954 211/1955 1058/1952
f 1051/1611 998/1617 1039/1616
f 1044/1619 1057/1621 1039/1616
f 1057/2768 1044/2771 1019/2765
f 1039/1616 1048/1620 1038/1618
f 1035/1615 1039/1616 1038/1618
f 981/2812 1054/2808 1036/2811
f 1038/2818 1058/2820 980/2814
f 980/2814 1036/2811 1035/2816
f 1058/2820 211/2819 980/2814
f 1048/1960 1058/1952 1038/1962
f 1053/1602 1062/1606 1052/1600
f 1050/1605 1049/1608 1053/1602
f 1049/3618 1062/3619 1053/3620
f 1053/1602 1046/1599 1050/1605
f 1051/1611 1050/1605 1085/1609
f 1030/2823 998/2824 1051/2821
f 1018/2432 998/2440 1030/2436
f 1051/1611 1039/1616 1035/1615
f 998/1617 1044/1619 1039/1616
f 1030/2436 1017/2428 1018/2432
f 1560/2433 1026/2437 1562/2441
f 1004/2425 1017/2428 1032/2423
f 1031/2822 1051/2821 1085/2825
f 1573/2826 1031/2822 1588/2828
f 1026/2437 1017/2428 1030/2436
f 1053/1602 1052/1600 1046/1599
f 1031/2822 1085/2825 1582/2827
f 1047/3606 1028/3605 1029/3604
f 1024/2676 1540/2673 1021/2669
f 1023/2046 1066/2045 1041/2047
f 1537/3185 1029/3187 1061/3189
f 1024/2676 1022/2678 1037/2680
f 1566/2681 1021/2669 1589/2679
f 1539/2670 1021/2669 1540/2673
f 1024/2676 1021/2669 1022/2678
f 1018/1827 1005/1829 1027/1823
f 1027/1823 1020/1821 999/1825
f 1068/3589 1011/3590 1042/3591
f 1068/1817 1536/1816 1011/1819
f 1043/3264 994/3268 988/3265
f 989/1826 1034/1822 1042/1824
f 1034/1822 1068/1817 1042/1824
f 1004/2425 1013/2427 1006/2431
f 1591/3089 1043/3090 1592/3091
f 1006/2431 1014/2435 1042/2439
f 1042/2439 1011/2442 1006/2431
f 1592/3091 1014/3093 1595/3095
f 1013/2427 1014/2435 1006/2431
f 1006/2431 1027/2438 1005/2434
f 1004/2425 1005/2434 1018/2432
f 1014/3581 1013/3582 1568/3583
f 1536/1988 982/1985 983/1987
f 1068/1817 1033/1820 1067/1818
f 983/1987 1506/1991 1536/1988
f 1506/1991 164/1994 235/1995
f 1068/1817 1034/1822 1033/1820
f 989/3306 1007/3307 997/3308
f 995/3309 989/3306 997/3308
f 1067/2783 1033/2784 1034/2780
f 1034/2780 1533/2777 1083/2782
f 1083/1989 982/1985 1067/1992
f 1601/1137 987/1131 1602/1140
f 978/1123 987/1131 977/1127
f 987/1131 986/1135 977/1127
f 1075/2774 1533/2777 1076/2775
f 1084/2495 978/2502 1007/2491
f 1007/2778 1076/2775 1034/2780
f 987/3352 978/3353 1084/3354
f 1602/3355 1084/3354 1604/3356
f 1604/2501 1010/2483 1605/2499
f 1010/2483 1015/2490 1571/2494
f 1752/890 1000/891 1755/892
f 1015/2490 1003/2485 1570/2493
f 1530/2481 1003/2485 1010/2483
f 1015/2490 1010/2483 1003/2485
f 1534/1834 988/1833 996/1828
f 996/1828 997/1830 1034/1822
f 988/1833 995/1831 996/1828
f 1535/2482 993/2480 994/2479
f 1535/3094 1012/3092 1598/3097
f 1608/2489 1530/2481 1609/2487
f 994/3096 1043/3090 1535/3094
f 1043/3090 1012/3092 1535/3094
f 1034/1822 989/1826 996/1828
f 1530/2481 1535/2482 1607/2484
f 1007/2491 995/2486 1010/2483
f 991/893 1500/895 1000/891
f 1007/1832 1034/1822 997/1830
f 1534/3444 989/3445 995/3446
f 995/3446 1007/3447 1534/3444
f 1530/2481 1010/2483 988/2478
f 1530/2481 988/2478 993/2480
f 989/3636 1534/3637 996/3638
f 1534/3370 1007/3369 988/3368
f 1000/1797 1529/1792 992/1793
f 1069/504 1520/509 1529/513
f 1529/1723 990/1721 1069/1720
f 992/1793 990/1788 1753/1791
f 1473/3146 143/3147 1486/3148
f 986/1135 973/1130 977/1127
f 960/1111 985/1116 1008/1120
f 974/1504 975/1501 503/1500
f 985/1116 978/1123 1008/1120
f 982/1985 1083/1989 984/1986
f 1034/2780 1076/2775 1533/2777
f 1533/2777 1532/2781 1083/2782
f 978/1123 985/1116 1075/1118
f 1001/1990 1474/1993 983/1987
f 983/1987 984/1986 1001/1990
f 1016/1113 972/1107 976/1105
f 1083/1121 1532/1124 1016/1113
f 1002/1114 976/1105 1001/1109
f 973/1130 969/1126 1008/1120
f 968/1134 969/1126 973/1130
f 1008/1120 977/1127 973/1130
f 976/1105 1002/1114 1016/1113
f 975/1501 974/1504 963/1505
f 963/1505 333/1502 975/1501
f 1520/2369 1521/2370 990/2371
f 1525/3548 992/3549 1764/3550
f 1610/1136 973/1130 1611/1138
f 1611/1138 986/1135 1612/1142
f 73/1650 527/1651 129/1652
f 99/1861 98/1862 97/1863
f 64/360 30/349 69/356
f 958/3408 536/3410 698/3406
f 81/367 68/355 92/373
f 965/1507 966/1514 650/1511
f 34/560 1094/565 53/569
f 1071/3475 1073/3482 1074/3480
f 1074/3480 51/3478 1071/3475
f 79/366 76/378 46/384
f 115/2587 26/2588 88/2589
f 34/560 286/555 17/543
f 119/3153 35/3154 117/3155
f 77/385 76/378 92/373
f 68/355 48/351 47/359
f 126/376 127/380 1617/387
f 126/376 125/371 127/380
f 135/1139 11/1133 7/1132
f 129/87 134/88 1619/89
f 131/91 133/99 132/94
f 108/377 136/395 128/388
f 128/388 1524/397 1621/401
f 108/377 128/388 127/380
f 124/383 106/372 126/376
f 106/372 74/365 126/376
f 108/377 125/371 47/359
f 1623/1865 103/1864 1624/1872
f 1625/2095 102/2096 1626/2097
f 101/2099 102/2096 77/2102
f 103/1864 94/1867 1629/1871
f 89/3102 97/3103 87/3104
f 91/2919 84/2920 78/2921
f 96/1870 98/1862 1635/1875
f 15/499 2/502 1768/507
f 118/520 114/533 1639/529
f 1768/507 121/512 1770/515
f 1770/515 1643/519 1873/521
f 45/1941 67/1942 37/1943
f 118/520 67/516 45/524
f 121/512 67/516 118/520
f 118/520 120/527 119/530
f 33/2069 23/2068 32/2066
f 118/520 117/534 122/538
f 119/530 117/534 118/520
f 122/538 117/534 44/542
f 79/366 69/356 80/361
f 49/2591 115/2587 116/2593
f 116/536 113/540 114/533
f 112/546 114/533 96/544
f 114/533 118/520 116/536
f 1634/552 96/544 1636/557
f 96/544 114/533 113/540
f 86/3064 93/3065 85/3066
f 95/1866 113/1876 88/1879
f 91/1874 100/1869 95/1866
f 115/2587 88/2589 113/2590
f 113/2590 116/2593 115/2587
f 88/1879 85/1878 95/1866
f 107/382 124/383 123/389
f 101/2099 77/2102 107/2104
f 107/382 92/373 106/372
f 89/3102 111/3105 77/3107
f 91/2919 78/2921 87/2922
f 92/373 68/355 106/372
f 68/355 74/365 106/372
f 101/2099 107/2104 123/2106
f 103/1864 97/1863 94/1867
f 1626/2097 101/2099 1645/2101
f 98/1862 99/1861 1623/1865
f 113/1876 95/1866 96/1870
f 98/1862 96/1870 95/1866
f 100/3106 87/3104 97/3103
f 89/3329 83/3330 1647/3331
f 77/3107 102/3108 89/3102
f 84/3067 86/3064 85/3066
f 111/3105 87/3104 77/3107
f 91/688 85/689 93/690
f 85/2926 88/2923 84/2920
f 79/1444 46/1445 90/1446
f 91/1448 90/1446 46/1445
f 26/2588 24/2592 88/2589
f 88/2923 24/2925 78/2921
f 105/2233 47/2234 5/2235
f 61/1657 73/1650 72/1655
f 11/2524 135/2527 54/2526
f 92/373 80/361 81/367
f 82/1656 73/1650 61/1657
f 68/3600 81/3601 66/3602
f 66/352 81/367 80/361
f 69/356 66/352 80/361
f 48/351 68/355 66/352
f 3/1944 67/1942 2/1946
f 30/349 66/352 69/356
f 65/1419 64/1420 69/1421
f 27/492 28/506 2/502
f 62/2523 63/2521 11/2524
f 536/586 958/576 525/583
f 59/599 61/604 60/592
f 62/2523 11/2524 57/2525
f 54/2526 57/2525 11/2524
f 42/3338 71/3339 51/3340
f 52/571 1074/570 53/569
f 51/3340 52/3343 18/3341
f 52/2836 51/2838 28/2837
f 28/1948 50/1949 3/1944
f 39/1534 45/1538 37/1536
f 45/524 39/535 36/531
f 120/527 36/531 119/530
f 39/3536 43/3533 18/3535
f 37/1536 40/1532 39/1534
f 37/1943 3/1944 38/1945
f 36/531 39/535 18/539
f 35/3154 119/3153 36/3156
f 115/2587 49/2591 26/2588
f 26/2588 49/2591 19/2594
f 35/548 17/543 16/553
f 49/3495 22/3496 19/3497
f 76/378 78/390 46/384
f 24/3070 25/3069 46/3068
f 79/366 80/361 92/373
f 46/3068 25/3069 86/3064
f 86/3064 25/3069 20/3071
f 25/2595 24/2592 26/2588
f 79/366 92/373 76/378
f 21/2070 20/2073 19/2067
f 17/543 35/548 36/531
f 36/531 18/539 17/543
f 70/549 17/543 18/539
f 17/543 1094/565 34/560
f 29/350 962/358 4/354
f 965/353 29/350 30/349
f 1760/497 15/499 1772/501
f 48/351 66/352 30/349
f 962/358 13/363 4/354
f 11/1133 9/1128 7/1132
f 15/499 1/510 1766/505
f 14/375 13/363 12/379
f 48/351 4/354 47/359
f 1/510 15/499 1769/511
f 10/1125 9/1128 11/1133
f 535/1159 135/1161 7/1156
f 1056/2809 1054/2808 981/2812
f 132/3362 526/3363 1657/3364
f 506/1796 1500/1794 1529/1792
f 528/589 672/595 60/592
f 72/611 60/592 61/604
f 535/392 104/400 1524/397
f 73/1650 957/1653 72/1655
f 72/1926 1531/1929 967/1932
f 967/1932 1531/1929 1662/1934
f 527/1651 73/1650 109/1654
f 134/88 131/91 132/94
f 529/585 528/589 525/583
f 60/592 72/611 967/612
f 528/589 60/592 525/583
f 533/1928 1531/1929 72/1926
f 1665/596 60/592 1666/600
f 60/592 967/612 1574/605
f 532/96 133/99 131/91
f 129/1652 957/1653 73/1650
f 108/377 105/381 14/375
f 131/91 129/87 110/93
f 527/97 110/93 129/87
f 132/94 133/99 530/103
f 1656/1160 535/1159 1668/1158
f 1668/1158 7/1156 1669/1157
f 536/586 525/583 530/590
f 136/395 14/375 1524/397
f 14/375 535/392 1524/397
f 104/400 130/402 1524/397
f 129/1930 533/1928 957/1927
f 530/103 526/106 132/94
f 1035/1615 1036/1613 1051/1611
f 1034/2780 1083/2782 1067/2783
f 1577/1146 968/1148 1578/1150
f 55/1100 979/1102 961/1103
f 50/2839 28/2837 51/2838
f 1527/2413 1069/2416 615/2418
f 1079/1004 1078/1005 241/1006
f 999/2443 998/2440 1018/2432
f 1002/1114 984/1119 1083/1121
f 51/2420 1074/2421 27/2414
f 978/2776 1076/2775 1007/2778
f 1528/1106 55/1100 961/1103
f 1520/509 1069/504 516/500
f 960/1111 10/1125 63/1129
f 963/1505 965/1507 333/1502
f 971/1513 974/1504 534/1508
f 525/583 958/576 959/579
f 1081/575 697/582 959/579
f 963/369 964/362 965/353
f 30/349 64/360 966/357
f 64/1420 65/1419 651/1422
f 8/1122 9/1128 10/1125
f 966/357 965/353 30/349
f 1653/1151 8/1147 1670/1149
f 961/1103 970/1110 1528/1106
f 974/1504 971/1513 1077/1510
f 599/2419 1527/2413 615/2418
f 1527/2413 50/2417 27/2414
f 1074/570 34/560 53/569
f 52/3422 53/3423 619/3420
f 23/2068 145/2071 271/2074
f 50/2417 1527/2413 599/2419
f 27/2414 50/2417 51/2420
f 1000/1797 506/1796 1529/1792
f 1070/494 516/500 1069/504
f 959/579 1526/588 529/585
f 1079/1004 241/1006 529/1007
f 1064/3381 1511/3384 1065/3382
f 1511/3384 240/3386 1890/3387
f 998/2773 999/2772 1044/2771
f 1061/2052 1062/2060 1049/2056
f 1047/1594 1045/1593 1028/1597
f 1019/2765 1044/2771 1020/2769
f 1046/1599 1085/1609 1050/1605
f 1047/3182 1029/3187 1537/3185
f 1537/2049 1061/2052 1041/2047
f 1051/1611 1036/1613 1050/1605
f 1057/2768 1019/2765 1009/2767
f 1023/2046 1060/2051 1024/2048
f 1056/2058 1538/2054 1055/2062
f 1055/2062 1538/2054 1049/2056
f 1028/1597 1052/1600 1061/1603
f 1536/1988 235/1995 1020/1996
f 234/2770 1543/2766 1020/2769
f 1011/1819 1536/1816 1020/1821
f 988/3265 989/3266 1042/3263
f 1043/3264 1042/3263 1014/3267
f 982/1985 1536/1988 1067/1992
f 1500/1794 991/1789 1529/1792
f 1530/2481 993/2480 1535/2482
f 1010/2483 1084/2495 1007/2491
f 995/2486 988/2478 1010/2483
f 1754/1798 992/1793 1775/1799
f 990/2371 992/2372 1520/2369
f 992/517 1529/513 1520/509
f 978/1123 977/1127 1008/1120
f 1533/2777 1075/2774 1016/2779
f 1002/1114 1083/1121 1016/1113
f 1533/2777 1016/2779 1532/2781
f 972/1107 1016/1113 1075/1118
f 972/1107 1075/1118 985/1116
f 976/1105 671/1101 1001/1109
f 671/1101 669/1112 1001/1109
f 1521/1718 1069/1720 990/1721
f 1776/1800 1525/1801 1777/1802
f 28/2837 27/2834 52/2836
f 130/3448 104/3449 1671/3450
f 107/382 77/385 92/373
f 125/371 108/377 127/380
f 129/87 131/91 134/88
f 5/2235 14/2236 105/2233
f 117/3155 35/3154 44/3157
f 971/1513 534/1508 12/1515
f 13/363 971/374 12/379
f 29/350 4/354 48/351
f 26/2588 20/2596 25/2595
f 7/1156 8/1147 6/1153
f 123/389 124/383 126/376
f 134/88 132/94 1674/98
f 1621/401 130/402 1677/403
f 104/1164 75/1162 1655/1163
f 95/1866 85/1878 91/1874
f 1614/396 128/388 1622/398
f 136/395 1524/397 128/388
f 125/371 126/376 74/365
f 47/359 105/381 108/377
f 74/365 47/359 125/371
f 1627/2105 123/2106 1632/2107
f 123/389 126/376 1618/393
f 1640/523 118/520 1642/526
f 2/502 67/516 121/512
f 118/520 45/524 120/527
f 120/527 45/524 36/531
f 44/542 35/548 16/553
f 122/538 116/536 118/520
f 114/533 112/546 1633/541
f 100/2924 91/2919 87/2922
f 14/375 136/395 108/377
f 124/383 107/382 106/372
f 89/2100 102/2096 83/2098
f 89/3329 94/3336 97/3337
f 4/354 5/364 47/359
f 1629/3334 89/3329 1648/3332
f 97/1863 103/1864 99/1861
f 97/1863 98/1862 95/1866
f 76/378 77/385 87/391
f 95/1866 100/1869 97/1863
f 87/3104 111/3105 89/3102
f 78/390 76/378 87/391
f 46/1445 84/1451 91/1448
f 78/2921 84/2920 88/2923
f 24/3070 46/3068 78/3072
f 47/359 74/365 68/355
f 54/1663 58/1660 57/1662
f 3/1944 2/1946 28/1948
f 37/1943 67/1942 3/1944
f 3/1944 50/1949 599/1947
f 41/3537 43/3533 39/3536
f 19/2594 20/2596 26/2588
f 49/3495 1172/3498 22/3496
f 84/3067 46/3068 86/3064
f 8/1122 7/1132 9/1128
f 1077/370 971/374 13/363
f 7/1156 6/1153 1652/1155
f 2/502 15/499 27/492
f 13/363 5/364 4/354
f 11/1133 63/1129 10/1125
f 529/1007 241/1006 528/1009
f 14/375 12/379 135/386
f 1899/593 530/590 1902/597
f 526/594 525/583 1665/596
f 12/1678 534/1676 135/1674
f 529/585 525/583 959/579
f 599/1947 38/1945 3/1944
f 533/1928 129/1930 1620/1933
f 131/91 110/93 532/96
f 1903/107 133/99 1904/109
f 535/392 14/375 135/386
f 534/1676 531/1671 135/1674
f 531/1671 54/1663 135/1674
f 14/375 5/364 13/363
f 526/594 530/590 525/583
f 1531/1929 533/1928 1553/1931
f 110/93 527/97 109/102
f 240/1008 241/1006 1078/1005
f 991/1789 990/1788 1529/1792
f 535/1159 75/1162 104/1164
f 18/3341 42/3338 51/3340
f 366/167 414/168 745/169
f 520/1746 519/1747 518/1748
f 1474/1993 186/2000 163/1997
f 660/2444 653/2445 371/2446
f 260/2952 261/2953 515/2954
f 491/1 514/2 513/3
f 216/1025 215/1024 214/1029
f 435/2187 436/2188 205/2189
f 180/1461 179/1462 505/1463
f 504/2853 622/2854 331/2855
f 680/1835 678/1836 173/1837
f 414/168 746/174 390/178
f 720/753 715/754 719/755
f 390/178 311/179 414/168
f 408/1067 451/1068 430/1069
f 493/2710 437/2711 399/2712
f 221/1254 224/1255 220/1256
f 483/834 464/835 473/836
f 475/2351 474/2352 492/2353
f 802/820 468/821 810/822
f 814/1540 768/1541 446/1542
f 385/3344 720/3345 386/3346
f 446/1542 767/1545 479/1547
f 804/7 797/10 793/5
f 807/841 460/846 482/845
f 464/835 794/842 465/839
f 796/1278 463/1279 462/1280
f 470/39 488/28 466/44
f 210/3258 212/3259 245/3260
f 727/2863 366/2864 728/2865
f 1141/783 731/781 1138/786
f 459/404 458/405 457/406
f 367/202 751/206 413/195
f 149/3073 696/3074 187/3075
f 453/2757 334/2758 454/2759
f 783/3251 445/3252 444/3253
f 775/1557 207/1554 206/1550
f 427/902 404/903 405/904
f 440/1080 782/1087 493/1089
f 774/2237 780/2238 768/2239
f 347/2335 485/2336 439/2337
f 435/3624 815/3625 431/3626
f 411/1559 763/1555 765/1549
f 1782/911 408/907 1783/915
f 493/2710 438/2714 437/2711
f 452/1679 403/1680 402/1681
f 451/1690 427/1687 452/1679
f 421/2024 308/2025 420/2026
f 419/1880 688/1881 369/1882
f 728/764 701/770 384/768
f 415/765 416/767 398/758
f 377/142 379/136 378/131
f 719/2307 398/2308 397/2309
f 394/1167 393/1168 392/1169
f 354/968 314/969 389/970
f 323/2685 333/2686 322/2687
f 59/3315 306/3316 344/3317
f 418/189 357/193 356/182
f 339/215 739/209 340/222
f 340/222 423/214 339/215
f 429/1074 489/1077 706/1082
f 709/2610 355/2611 358/2612
f 1181/2135 353/2136 352/2137
f 347/3046 349/3047 348/3048
f 775/1557 776/1562 207/1554
f 317/3254 337/3257 437/3256
f 315/192 708/185 316/196
f 307/1322 222/1323 308/1324
f 289/1838 173/1837 303/1840
f 503/1850 320/1848 319/1851
f 370/3424 332/3425 331/3426
f 658/1356 330/1357 329/1358
f 324/2688 323/2685 322/2687
f 291/1363 290/1360 658/1356
f 677/2856 504/2853 331/2855
f 158/1179 638/1177 287/1173
f 579/3114 284/3115 283/3116
f 281/1911 177/1912 282/1913
f 250/2390 251/2391 254/2392
f 277/1726 268/1725 278/1727
f 86/693 575/695 1096/691
f 606/201 302/217 301/212
f 195/3607 225/3608 230/3609
f 422/247 189/239 625/238
f 297/3416 296/3417 278/3418
f 293/2569 295/2570 294/2571
f 1487/2871 1473/2872 190/2873
f 779/2245 774/2237 770/2243
f 274/2030 276/2031 275/2032
f 510/3199 755/3200 758/3201
f 255/3010 496/3011 590/3012
f 193/3004 265/3005 264/3006
f 262/2906 178/2907 263/2908
f 255/2395 254/2392 258/2393
f 280/1471 257/1483 251/1479
f 697/582 1081/575 1888/581
f 199/1964 212/1961 209/1957
f 214/1967 245/1966 213/1965
f 244/1036 236/1037 199/1038
f 213/1965 212/1961 199/1964
f 1880/3122 1516/3124 1906/3127
f 240/1008 218/1010 241/1006
f 211/2819 210/2817 980/2814
f 205/2189 204/2191 203/2193
f 435/3171 428/3172 771/3173
f 180/730 182/731 181/732
f 168/2038 1483/2036 167/2037
f 229/1265 231/1264 230/1266
f 194/3639 226/3640 225/3641
f 816/420 811/428 467/429
f 220/1256 222/1257 221/1254
f 334/2758 453/2757 338/2761
f 198/2255 696/2256 197/2257
f 181/1465 154/1470 616/1468
f 180/1461 181/1465 179/1462
f 199/1038 1512/1041 200/1040
f 194/740 196/738 195/734
f 1491/3294 264/3295 265/3296
f 224/729 168/722 223/727
f 161/1842 173/1837 162/1841
f 155/2694 156/2695 144/2696
f 156/2079 684/2080 144/2081
f 679/1442 150/1440 149/1443
f 177/1912 281/1911 178/1914
f 175/789 718/793 176/792
f 172/1839 162/1841 173/1837
f 171/1846 162/1841 157/1845
f 146/3677 145/3678 144/3679
f 145/3661 621/3662 144/3663
f 141/3007 156/3009 142/3008
f 1485/2984 138/2985 137/2986
f 615/1719 1521/1718 517/1722
f 222/1323 307/1322 221/1326
f 770/2243 774/2237 769/2240
f 204/2191 481/2194 813/2198
f 363/2879 439/2880 773/2881
f 348/3048 476/3049 347/3046
f 695/2296 476/2297 348/2298
f 421/1325 694/1329 220/1327
f 719/755 715/754 398/758
f 695/2296 343/2300 476/2297
f 318/2884 773/2881 471/2886
f 695/2296 318/2301 343/2300
f 205/2189 203/2193 778/2195
f 775/1091 772/1092 776/1093
f 497/2717 336/2715 478/2722
f 436/1558 435/1564 431/1546
f 481/1095 777/1096 776/1093
f 776/1093 497/1094 481/1095
f 813/1098 481/1095 478/1097
f 490/1099 813/1098 478/1097
f 336/2715 203/2721 490/2723
f 478/2722 336/2715 490/2723
f 497/1094 478/1097 481/1095
f 481/1567 436/1558 777/1563
f 815/1543 446/1542 431/1546
f 815/3174 435/3171 771/3173
f 814/3176 815/3174 771/3173
f 815/1543 814/1540 446/1542
f 204/2191 436/2188 481/2194
f 813/2198 490/2197 204/2191
f 308/1324 421/1325 307/1322
f 343/2300 318/2301 471/2303
f 220/2028 308/2025 222/2029
f 471/3053 485/3052 343/3051
f 455/414 801/423 812/419
f 816/420 725/412 812/419
f 713/432 376/434 691/427
f 343/3051 477/3050 476/3049
f 477/3050 347/3046 476/3049
f 485/2883 471/2886 773/2881
f 485/3052 477/3050 343/3051
f 801/423 691/427 470/431
f 470/431 691/427 376/434
f 798/18 484/22 483/26
f 793/5 797/10 450/12
f 793/5 514/2 804/7
f 474/2352 468/2359 806/2356
f 811/428 816/420 812/419
f 811/428 812/419 801/423
f 334/627 702/628 454/629
f 801/423 466/433 467/429
f 467/429 811/428 801/423
f 475/2351 523/2354 514/2355
f 460/846 809/847 482/845
f 461/1287 509/1288 460/1286
f 469/824 467/823 462/830
f 467/823 466/832 462/830
f 807/841 794/842 464/835
f 523/11 804/7 514/2
f 514/2355 491/2358 474/2352
f 475/2351 492/2353 523/2354
f 462/830 806/827 469/824
f 492/2353 474/2352 806/2356
f 799/2360 523/2354 807/2357
f 523/2354 492/2353 807/2357
f 461/1287 460/1286 463/1279
f 461/844 807/841 482/845
f 469/824 806/827 468/821
f 475/2351 514/2355 474/2352
f 809/847 509/849 482/845
f 808/850 809/847 468/848
f 467/823 469/824 802/820
f 468/848 491/853 803/852
f 468/848 803/852 808/850
f 789/856 808/850 805/854
f 345/9 805/6 513/3
f 345/9 790/16 789/14
f 508/825 810/822 468/821
f 345/9 792/13 449/8
f 513/3 805/6 803/4
f 793/5 513/3 514/2
f 461/1287 482/1289 509/1288
f 491/1 513/3 803/4
f 468/2359 474/2352 491/2358
f 468/848 809/847 460/846
f 802/820 469/824 468/821
f 487/837 483/834 473/836
f 463/1279 806/1282 462/1280
f 807/841 464/835 799/838
f 464/835 483/834 799/838
f 465/839 488/840 473/836
f 488/840 487/837 473/836
f 465/839 473/836 464/835
f 465/1283 463/1279 488/1281
f 462/52 466/44 796/49
f 798/18 483/26 487/34
f 466/44 488/28 796/49
f 796/1278 488/1281 463/1279
f 450/12 449/8 793/5
f 448/15 449/8 450/12
f 800/19 448/15 450/12
f 793/5 449/8 513/3
f 449/8 792/13 513/3
f 345/9 449/8 791/21
f 513/3 792/13 345/9
f 346/265 448/266 447/267
f 1907/31 800/19 1908/38
f 1157/133 787/147 786/144
f 429/1074 444/1083 445/1078
f 337/2719 336/2715 437/2711
f 317/2887 444/2885 480/2882
f 440/1080 430/1069 445/1078
f 454/2759 778/2760 453/2757
f 783/3251 438/3255 445/3252
f 402/1681 743/1685 489/1682
f 706/1082 363/1085 429/1074
f 444/1083 429/1074 363/1085
f 317/3254 783/3251 444/3253
f 437/3256 438/3255 317/3254
f 445/2718 438/2714 493/2710
f 445/1078 782/1087 440/1080
f 440/1080 441/1088 442/1084
f 493/2710 399/2712 772/2713
f 764/1551 765/1549 763/1555
f 778/2195 454/2192 205/2189
f 441/1088 440/1080 493/1089
f 775/1091 443/1090 441/1088
f 443/1090 442/1084 441/1088
f 755/3200 442/3203 758/3201
f 780/2238 774/2237 781/2241
f 443/1553 764/1551 763/1555
f 702/628 334/627 335/630
f 739/3348 339/3349 367/3350
f 337/2302 335/2304 424/2305
f 434/2299 335/2304 337/2302
f 703/631 454/629 702/628
f 765/1549 479/1547 767/1545
f 773/2881 480/2882 363/2879
f 773/2881 318/2884 480/2882
f 203/2721 336/2715 337/2719
f 337/2763 778/2760 203/2764
f 479/3633 764/3634 443/3635
f 205/2189 428/2190 435/2187
f 207/1554 431/1546 206/1550
f 206/1550 431/1546 479/1547
f 479/1547 431/1546 446/1542
f 207/1554 436/1558 431/1546
f 766/1548 767/1545 768/1541
f 446/1542 768/1541 767/1545
f 772/1092 497/1094 776/1093
f 206/1550 443/1553 775/1557
f 207/1554 776/1562 777/1563
f 436/1558 207/1554 777/1563
f 497/2717 772/2713 399/2712
f 336/2715 497/2717 399/2712
f 772/1092 775/1091 441/1088
f 443/1553 206/1550 479/1547
f 428/3172 770/3175 771/3173
f 205/2189 454/2192 428/2190
f 479/1547 765/1549 764/1551
f 767/1545 766/1548 765/1549
f 766/2242 780/2238 756/2246
f 766/1548 756/1552 765/1549
f 408/1067 430/1069 1786/1070
f 408/907 409/909 405/904
f 510/2633 433/2634 1793/2635
f 433/1574 521/1575 1779/1576
f 433/1574 426/1568 521/1575
f 442/2644 755/2638 752/2642
f 451/906 408/907 404/903
f 1786/1070 754/1073 1788/1075
f 510/1571 426/1568 433/1574
f 755/2638 510/2633 1794/2636
f 753/2640 755/2638 1796/2639
f 404/903 427/902 451/906
f 1522/244 188/235 189/239
f 335/630 334/627 338/633
f 452/1071 429/1074 430/1069
f 430/1069 451/1068 452/1071
f 408/907 405/904 404/903
f 452/1679 427/1687 401/1683
f 401/1683 400/1686 403/1680
f 400/1686 760/1684 403/1680
f 403/1680 452/1679 401/1683
f 348/207 486/200 711/203
f 707/2743 417/2744 316/2745
f 452/1071 489/1077 429/1074
f 402/1681 403/1680 760/1684
f 429/1074 445/1078 430/1069
f 752/1076 440/1080 442/1084
f 410/1561 426/1568 411/1559
f 442/3203 443/3205 758/3201
f 411/3202 510/3199 758/3201
f 623/2249 624/2254 188/2250
f 753/1081 754/1073 752/1076
f 1785/1573 426/1568 1798/1570
f 1789/2643 753/2640 1797/2641
f 430/1069 752/1076 754/1073
f 755/2638 753/2640 752/2642
f 453/2757 424/2762 338/2761
f 341/204 751/206 342/210
f 417/197 357/193 413/195
f 688/1881 160/1883 159/1886
f 160/1883 688/1881 419/1880
f 412/2866 364/2867 366/2864
f 746/174 419/181 390/178
f 412/2866 160/2868 364/2867
f 747/172 414/168 312/175
f 390/178 742/183 311/179
f 389/970 309/973 310/971
f 312/175 389/180 749/176
f 701/177 728/170 314/173
f 312/175 749/176 747/172
f 414/168 747/172 745/169
f 311/179 312/175 414/168
f 311/179 742/183 499/186
f 311/179 499/186 356/182
f 705/2148 710/2147 361/2146
f 389/970 310/971 354/968
f 314/2319 472/2320 313/2321
f 382/974 310/971 748/976
f 354/968 382/974 472/972
f 382/974 354/968 310/971
f 418/3526 741/3527 413/3528
f 357/193 418/189 413/195
f 390/178 419/181 742/183
f 737/199 367/202 413/195
f 741/190 418/189 499/186
f 742/183 740/187 741/190
f 160/3441 746/3442 365/3443
f 341/204 417/197 413/195
f 603/213 739/209 368/205
f 737/199 738/198 606/201
f 737/199 368/205 367/202
f 372/3564 305/3565 272/3566
f 738/198 737/199 740/187
f 741/190 740/187 413/195
f 740/187 737/199 413/195
f 740/187 742/183 419/181
f 746/1885 160/1883 419/1880
f 152/1888 159/1886 720/1891
f 419/181 369/191 740/187
f 639/1185 319/1189 320/1187
f 736/771 657/769 732/766
f 738/198 740/187 321/194
f 369/191 321/194 740/187
f 456/418 734/422 455/414
f 731/781 394/784 392/787
f 732/766 415/765 383/763
f 376/434 713/432 375/435
f 398/758 387/761 383/763
f 383/763 387/761 728/764
f 378/131 1144/141 377/142
f 375/435 713/432 373/430
f 391/3655 726/3656 360/3657
f 360/2620 726/2621 701/2622
f 391/772 384/768 701/770
f 373/430 713/432 374/426
f 455/414 459/404 733/410
f 733/410 456/418 455/414
f 383/2969 384/2970 732/2971
f 384/768 383/763 728/764
f 387/761 727/762 728/764
f 727/762 388/760 412/759
f 412/759 388/760 715/754
f 397/2309 386/2310 719/2307
f 176/797 721/798 398/795
f 720/3345 385/3344 675/3347
f 727/762 387/761 388/760
f 719/755 386/756 720/753
f 505/3434 686/3435 274/3436
f 386/2310 397/2309 721/2311
f 176/2314 718/2312 721/2311
f 692/2323 693/2327 421/2329
f 455/414 374/426 691/427
f 306/1117 669/1112 670/1108
f 455/414 812/419 725/412
f 341/204 711/203 316/196
f 355/975 309/973 315/978
f 309/184 708/185 315/192
f 708/185 309/184 312/175
f 309/184 389/180 312/175
f 356/182 708/185 312/175
f 712/2870 160/2868 412/2866
f 1471/1466 616/1468 716/1467
f 711/203 342/210 423/214
f 342/210 711/203 341/204
f 423/214 342/210 339/215
f 417/2744 341/2747 316/2745
f 352/2343 350/2344 351/2341
f 694/2027 420/2026 308/2025
f 308/2025 220/2028 694/2027
f 486/2346 350/2344 710/2347
f 316/196 486/200 315/192
f 355/975 315/978 361/980
f 350/2344 353/2345 710/2347
f 351/2341 362/2340 706/2342
f 352/2343 351/2341 706/2342
f 352/2343 353/2345 350/2344
f 500/2625 360/2620 693/2623
f 700/2324 472/2320 382/2326
f 355/975 709/977 310/971
f 381/2614 358/2612 355/2611
f 310/971 309/973 355/975
f 693/2623 360/2620 701/2622
f 700/2627 500/2625 693/2623
f 501/2618 699/2617 361/2616
f 361/2146 353/2136 501/2142
f 700/2324 693/2327 692/2323
f 353/2136 704/2139 501/2142
f 711/634 703/631 702/628
f 351/2341 350/2344 486/2346
f 363/2338 706/2342 362/2340
f 347/2335 362/2340 351/2341
f 351/3577 349/3578 347/3579
f 439/2337 363/2338 347/2335
f 347/2335 363/2338 362/2340
f 486/2346 348/2348 351/2341
f 477/2339 485/2336 347/2335
f 485/2883 773/2881 439/2880
f 318/2301 695/2296 434/2299
f 348/2298 434/2299 695/2296
f 711/634 702/628 434/632
f 335/630 434/632 702/628
f 711/203 486/200 316/196
f 711/203 434/211 348/207
f 315/2350 486/2346 705/2349
f 348/3580 349/3578 351/3577
f 694/2629 421/2626 313/2624
f 421/2329 420/2328 692/2323
f 691/427 374/426 713/432
f 670/3319 673/3318 306/3316
f 344/616 673/619 674/610
f 974/1504 503/1500 642/1506
f 678/1836 172/1839 173/1837
f 678/3080 679/3076 172/3079
f 505/1463 179/1462 1471/1466
f 720/1891 675/1894 152/1888
f 505/3434 689/3437 686/3435
f 690/2889 1476/2890 386/2891
f 626/1918 275/1925 689/1924
f 276/3439 685/3438 686/3435
f 274/3436 686/3435 685/3438
f 676/2538 659/2539 646/2540
f 292/1365 290/1360 682/1366
f 372/2449 272/2447 371/2446
f 289/1838 680/1835 173/1837
f 289/2691 303/2693 323/2685
f 323/2685 324/2688 289/2691
f 651/1422 641/1426 324/1425
f 641/1426 289/1428 324/1425
f 677/708 649/709 683/712
f 258/2393 254/2392 251/2391
f 290/1360 291/1363 682/1366
f 646/2540 675/2541 676/2538
f 305/2542 659/2539 676/2538
f 371/2446 272/2447 660/2444
f 638/3078 679/3076 187/3075
f 150/1440 679/1442 678/1437
f 638/3078 172/3079 679/3076
f 291/1363 660/1368 273/1369
f 172/1839 158/1843 162/1841
f 158/1843 157/1845 162/1841
f 288/1431 680/1435 289/1428
f 288/1431 636/1438 678/1437
f 639/1185 643/1186 642/1188
f 59/599 344/616 674/610
f 674/1659 82/1656 61/1657
f 459/404 457/406 663/407
f 637/1433 636/1438 288/1431
f 640/1178 643/1186 639/1185
f 287/1173 150/1175 630/1171
f 262/1916 667/1921 647/1915
f 151/2361 648/2362 647/2363
f 647/2363 607/2364 151/2361
f 646/2403 659/2404 666/2405
f 654/3391 370/3392 665/3393
f 656/1380 666/1381 608/1382
f 666/2405 656/2406 646/2403
f 648/3394 665/3393 370/3392
f 653/2445 665/2448 371/2446
f 65/1419 652/1424 651/1422
f 650/1423 64/1420 651/1422
f 677/708 617/698 649/709
f 332/707 661/710 574/702
f 370/3545 574/3546 661/3547
f 661/3429 332/3425 654/3428
f 370/3424 654/3428 332/3425
f 666/1381 659/1384 608/1382
f 785/1364 291/1363 658/1356
f 288/1431 641/1426 637/1433
f 651/1422 324/1425 650/1423
f 324/2688 322/2687 650/2690
f 640/1178 639/1185 157/1181
f 150/1175 287/1173 638/1177
f 632/282 634/277 633/289
f 634/277 632/282 631/270
f 151/1887 321/1884 688/1881
f 151/1887 607/1890 321/1884
f 647/3084 667/3085 607/3086
f 371/1392 648/1394 629/1389
f 647/2960 645/2961 605/2962
f 300/2400 299/2399 572/2398
f 148/225 256/219 578/218
f 587/234 625/238 285/232
f 587/234 586/243 625/238
f 280/1471 616/1468 156/1473
f 611/556 252/563 299/566
f 269/1724 268/1725 615/1719
f 615/1852 277/1853 599/1854
f 299/2399 300/2400 611/2402
f 279/1474 280/1471 251/1479
f 596/3025 286/3026 284/3027
f 605/2860 583/2858 622/2854
f 590/3012 496/3011 524/3014
f 617/698 31/703 593/706
f 300/3031 252/3029 253/3028
f 611/556 286/555 252/563
f 615/1719 268/1725 277/1726
f 253/3028 611/3032 300/3031
f 145/2697 613/2702 572/2701
f 618/547 16/553 286/555
f 31/2072 495/2075 593/2076
f 495/2075 494/2077 593/2076
f 268/1725 628/1729 278/1727
f 296/1730 580/1728 278/1727
f 597/3459 594/3460 595/3461
f 70/3380 619/3377 71/3379
f 286/3463 595/3461 594/3460
f 271/2074 495/2075 23/2068
f 252/3586 300/3587 612/3588
f 592/559 1099/550 611/556
f 612/3190 261/3191 299/3192
f 515/564 592/559 611/556
f 608/3454 610/3455 609/3456
f 606/1893 321/1884 607/1890
f 256/219 603/213 578/218
f 584/2572 255/2574 293/2569
f 580/1856 582/1859 581/1858
f 248/3118 579/3114 249/3117
f 496/3011 255/3010 573/3013
f 577/208 295/221 578/218
f 574/702 576/700 575/695
f 258/2393 261/2396 573/2397
f 571/3016 590/3012 524/3014
f 249/1860 581/1858 582/1859
f 248/3118 249/3117 582/3119
f 284/3213 579/3214 248/3215
f 1108/1533 578/1535 1105/1537
f 422/247 586/243 1803/252
f 1800/255 165/242 1805/251
f 1805/251 620/246 1806/256
f 585/237 620/246 165/242
f 285/232 148/225 587/234
f 259/254 189/239 1810/258
f 685/1920 282/1913 626/1918
f 761/2247 188/2250 1522/2253
f 685/1920 626/1918 274/1922
f 276/3439 689/3437 685/3438
f 276/1923 626/1918 689/1924
f 716/1467 505/1463 1471/1466
f 649/709 494/711 683/712
f 148/225 285/232 624/230
f 624/230 285/232 188/235
f 494/2077 495/2075 271/2074
f 779/2196 770/2199 428/2190
f 281/2909 282/2912 250/2911
f 685/1469 717/1482 250/1478
f 256/219 148/225 624/230
f 282/1913 177/1912 647/1915
f 647/1915 626/1918 282/1913
f 285/232 625/238 189/239
f 624/230 1479/226 256/219
f 580/2125 296/2126 582/2127
f 298/1484 251/1479 257/1483
f 250/1478 717/1482 716/1467
f 622/2854 626/2859 605/2860
f 716/1467 279/1474 250/1478
f 251/1479 250/1478 279/1474
f 286/3463 594/3460 284/3464
f 156/1473 616/1468 154/1470
f 517/2373 516/2374 614/2375
f 278/3418 599/3419 297/3416
f 599/1854 277/1853 297/1855
f 277/1726 278/1727 580/1728
f 580/1856 297/1855 277/1853
f 270/3650 614/3651 1802/3652
f 614/2375 270/2376 517/2373
f 614/2375 516/2374 1774/2377
f 684/3644 155/3645 1519/3646
f 1519/3646 621/3647 684/3644
f 271/3613 621/3616 155/3617
f 155/2694 621/2699 145/2697
f 141/2078 271/2074 156/2079
f 271/2074 684/2080 156/2079
f 156/2695 155/2694 145/2697
f 684/3644 271/3648 155/3645
f 684/2080 146/2082 144/2081
f 684/3699 621/3700 146/3701
f 621/3616 271/3613 146/3615
f 516/2374 517/2373 1520/2369
f 1486/752 1489/749 191/747
f 1497/744 191/747 1489/749
f 269/2645 517/2646 270/2647
f 235/1995 164/1994 1505/1998
f 186/614 267/609 668/603
f 788/1020 511/1026 1518/1030
f 511/1026 1515/1033 1518/1030
f 672/595 788/608 668/603
f 1518/613 202/617 668/603
f 1515/1033 511/1026 1514/1031
f 1515/1033 202/1035 1518/1030
f 1517/1017 672/1015 243/1011
f 959/579 697/582 1086/584
f 697/3128 1516/3124 1086/3121
f 238/1023 246/1028 511/1026
f 512/3060 1517/3061 242/3062
f 1510/1012 218/1010 240/1008
f 1516/3124 697/3128 1913/3131
f 219/1013 242/1014 241/1006
f 512/1022 511/1026 788/1020
f 243/1011 242/1014 1517/1017
f 512/1022 238/1023 511/1026
f 672/1015 1517/1017 788/1020
f 512/3060 788/3063 1517/3061
f 200/2005 1503/2001 185/2004
f 185/1039 202/1035 244/1036
f 511/1026 246/1028 1514/1031
f 244/1036 202/1035 1515/1033
f 234/1999 235/1995 1505/1998
f 186/2000 185/2004 1503/2001
f 215/1024 216/1025 247/1019
f 217/1032 214/1029 215/1024
f 213/1965 216/1968 214/1967
f 245/1966 212/1961 213/1965
f 1512/1963 199/1964 209/1957
f 199/1038 236/1037 213/1034
f 1512/2003 1505/1998 1503/2001
f 1009/2002 234/1999 1505/1998
f 1505/1998 1512/2003 1009/2002
f 200/2005 1512/2003 1503/2001
f 199/1038 200/1040 244/1036
f 237/1027 246/1028 238/1023
f 216/1025 238/1023 247/1019
f 213/1965 237/1969 216/1968
f 213/1034 236/1037 1514/1031
f 237/1027 213/1034 1514/1031
f 247/1019 512/1022 242/1014
f 247/1019 238/1023 512/1022
f 1514/1031 236/1037 244/1036
f 244/1036 1515/1033 1514/1031
f 242/1014 219/1013 247/1019
f 247/1019 219/1013 1508/1021
f 247/1019 1508/1021 215/1024
f 215/2057 1508/2064 1513/2061
f 241/1006 218/1010 219/1013
f 218/1010 1510/1012 219/1013
f 1064/2842 1509/2845 239/2849
f 1064/1016 1510/1012 240/1008
f 1510/1012 239/1018 219/1013
f 1510/2852 1064/2842 239/2849
f 1513/2061 1508/2064 239/2059
f 981/3261 210/3258 245/3260
f 215/2057 1056/2058 217/2063
f 217/2815 1056/2809 214/2813
f 245/3260 214/3262 981/3261
f 209/1957 1009/1959 1512/1963
f 1009/1959 209/1957 1507/1953
f 209/1957 212/1961 1082/1954
f 210/1958 211/1955 1082/1954
f 212/1961 210/1958 1082/1954
f 209/1957 1082/1954 1507/1953
f 1474/1993 163/1997 164/1994
f 164/1994 1506/1991 983/1987
f 1503/2001 1505/1998 164/1994
f 227/1476 153/1472 181/1465
f 192/2528 507/2529 1499/2530
f 1808/639 518/637 1816/640
f 1492/719 1491/725 265/724
f 1472/3298 154/3299 1475/3297
f 198/2255 197/2257 174/2258
f 506/2532 1000/2534 1499/2530
f 228/721 265/724 1502/726
f 1474/1993 164/1994 983/1987
f 1502/2200 265/2201 193/2202
f 1499/2530 507/2529 506/2532
f 1499/897 1000/891 1498/896
f 1500/895 1498/896 1000/891
f 1499/897 1498/896 232/898
f 233/899 1499/897 232/898
f 770/3175 769/3177 771/3173
f 232/898 231/901 184/900
f 1497/1584 233/1585 184/1586
f 224/1255 183/1260 182/1259
f 231/741 196/738 226/743
f 225/3608 226/3612 230/3609
f 184/900 233/899 232/898
f 194/3610 195/3607 230/3609
f 230/3695 226/3696 229/3697
f 194/3639 230/3643 231/3642
f 231/3642 226/3640 194/3639
f 184/1262 231/1264 195/1261
f 229/1265 195/1261 231/1264
f 182/1259 183/1260 195/1261
f 195/3607 229/3611 225/3608
f 224/2209 1501/2207 183/2210
f 184/1262 195/1261 183/1260
f 227/2203 1501/2207 498/2206
f 1501/2207 181/2208 183/2210
f 170/723 223/727 168/722
f 223/727 498/728 224/729
f 631/415 816/420 1504/424
f 790/855 345/858 810/857
f 225/742 196/738 194/740
f 182/1259 220/1256 224/1255
f 346/829 1504/826 810/822
f 346/265 631/270 1504/273
f 791/833 346/829 345/831
f 346/20 449/8 448/15
f 345/831 346/829 810/822
f 791/21 449/8 346/20
f 1504/424 816/420 467/429
f 790/855 810/857 508/851
f 508/851 509/849 809/847
f 508/851 808/850 790/855
f 467/823 802/820 810/822
f 468/821 509/828 508/825
f 810/822 1504/826 467/823
f 816/420 631/415 725/412
f 814/3176 771/3173 769/3177
f 220/1327 182/1328 307/1322
f 780/2238 766/2242 768/2239
f 768/2239 769/2240 774/2237
f 814/1540 769/1544 768/1541
f 519/1747 779/1751 1478/1752
f 518/637 1478/638 779/636
f 779/636 520/635 518/637
f 1480/2244 780/2238 781/2241
f 182/1328 221/1326 307/1322
f 228/2204 1502/2200 227/2203
f 223/727 170/723 498/728
f 168/722 169/720 170/723
f 505/1463 1484/1464 180/1461
f 180/1258 224/1255 221/1254
f 168/2038 180/2040 1484/2035
f 202/617 185/620 186/614
f 163/1997 186/2000 1503/2001
f 267/609 186/614 1474/618
f 265/724 228/721 1492/719
f 224/2209 498/2206 1501/2207
f 227/2203 1502/2200 193/2202
f 228/2204 227/2203 170/2205
f 498/2206 170/2205 227/2203
f 184/1586 1495/1587 1497/1584
f 142/3008 193/3004 141/3007
f 193/1480 1472/1477 153/1472
f 154/1470 153/1472 1491/1475
f 1497/3287 1490/3288 192/3289
f 1490/751 191/747 192/748
f 192/3289 208/3290 1497/3287
f 1496/735 181/732 195/734
f 1494/737 1493/736 1495/739
f 195/734 196/738 1493/736
f 1494/737 1496/735 1493/736
f 1496/2211 183/2210 181/2208
f 1496/735 195/734 1493/736
f 1500/2533 506/2532 507/2529
f 137/2874 1487/2871 190/2873
f 1477/1750 518/1748 519/1747
f 1487/2990 143/2988 1473/2991
f 1486/3148 143/3147 1488/3149
f 143/3222 138/3223 1488/3224
f 190/2987 1485/2984 137/2986
f 138/3223 1485/3225 1488/3224
f 1485/3225 139/3227 140/3226
f 1485/2984 190/2987 139/2989
f 1486/3291 191/3292 1490/3293
f 1475/715 1492/719 167/718
f 1475/3297 264/3295 1491/3294
f 138/2985 143/2988 137/2986
f 1487/2990 137/2986 143/2988
f 1490/3151 1489/3150 1488/3149
f 140/2875 1486/2876 1490/2878
f 1486/3148 1488/3149 1489/3150
f 1475/715 683/712 264/716
f 201/2689 323/2685 161/2692
f 320/1848 171/1846 157/1845
f 171/1846 503/1850 502/1849
f 169/720 167/718 1492/719
f 264/3006 141/3007 193/3004
f 171/1846 502/1849 201/1847
f 616/1468 1471/1466 181/1465
f 305/2542 273/2546 272/2547
f 1470/2034 505/2033 275/2032
f 167/2037 1483/2036 1470/2034
f 504/2039 1482/2041 167/2037
f 198/2330 174/2331 696/2332
f 150/2261 1481/2260 149/2259
f 686/3688 689/3689 275/3690
f 774/2237 779/2245 781/2241
f 519/1747 520/1746 1479/1749
f 779/2245 623/2249 781/2241
f 756/2246 780/2238 757/2248
f 425/3510 259/3511 1781/3512
f 757/3664 425/3665 1817/3666
f 757/2248 780/2238 1480/2244
f 1477/642 1478/638 1807/641
f 518/1748 1477/1750 1819/1753
f 1479/1578 520/1579 750/1580
f 1478/1752 1477/1750 519/1747
f 425/259 762/248 259/254
f 761/2247 1480/2244 781/2241
f 761/2247 781/2241 188/2250
f 259/254 762/248 189/239
f 761/2247 1522/2253 762/2251
f 256/219 340/222 739/209
f 688/1881 159/1886 152/1888
f 385/2545 714/2543 675/2541
f 718/2312 690/2313 386/2310
f 275/3440 276/3439 686/3435
f 505/1463 716/1467 685/1469
f 626/1918 276/1923 274/1922
f 273/2546 305/2542 304/2544
f 372/3564 371/3567 305/3565
f 714/2543 676/2538 675/2541
f 275/2032 505/2033 274/2030
f 690/2313 718/2312 722/2315
f 304/2895 682/2894 273/2896
f 150/3077 187/3075 696/3074
f 306/622 266/615 1001/621
f 320/1848 503/1850 171/1846
f 157/1181 639/1185 320/1187
f 197/2257 696/2256 149/2259
f 171/1846 161/1842 162/1841
f 681/2548 272/2547 273/2546
f 504/2039 167/2037 1470/2034
f 1473/2872 140/2875 190/2873
f 616/1468 280/1471 716/1467
f 161/2692 323/2685 303/2693
f 333/2686 323/2685 201/2689
f 642/1506 503/1500 319/1509
f 319/1189 639/1185 642/1188
f 266/615 1474/618 1001/621
f 683/712 141/714 264/716
f 154/1470 1472/1477 156/1473
f 736/771 732/766 1124/773
f 673/3318 344/3317 306/3316
f 1167/1677 1168/1675 534/1676
f 613/2381 33/2380 1091/2383
f 1118/1755 1114/1756 601/1757
f 406/1452 90/1446 91/1448
f 281/2785 263/2786 432/2787
f 1167/125 1148/135 378/131
f 671/1101 674/1104 670/1108
f 1159/148 1158/146 1156/138
f 1175/111 1165/114 327/118
f 1148/135 1130/140 1144/141
f 287/1173 1136/1182 158/1179
f 785/1364 1122/1371 660/1368
f 736/771 1124/773 1125/775
f 293/2569 294/2571 584/2572
f 608/1382 305/1386 629/1389
f 301/212 600/220 1106/216
f 295/221 293/228 602/224
f 578/218 147/229 148/225
f 1102/1530 395/1526 41/1528
f 611/556 618/547 286/555
f 1104/3158 296/3159 297/3160
f 588/2128 582/2127 296/2126
f 583/3427 370/3424 331/3426
f 1146/1668 1168/1675 1167/1677
f 327/118 1165/114 1166/117
f 1161/1374 407/1376 1120/1372
f 663/407 1150/411 1149/413
f 1173/545 1099/550 49/551
f 37/1536 38/1539 40/1532
f 44/542 618/547 122/538
f 1099/550 1092/562 1172/558
f 49/551 116/536 1173/545
f 1096/691 406/692 91/688
f 91/688 93/690 1096/691
f 1171/115 1164/119 1169/105
f 1087/110 1088/121 1166/117
f 1169/105 1175/111 1171/115
f 1099/550 1172/558 49/551
f 1098/1447 90/1446 1161/1449
f 1098/1447 79/1444 90/1446
f 1115/1377 1121/1375 1120/1372
f 1096/691 93/690 86/693
f 329/1436 392/1441 630/1439
f 1146/1668 531/1671 1168/1675
f 724/272 723/276 1159/280
f 1169/3099 1164/3100 1163/3101
f 1910/150 1158/146 1919/153
f 1156/138 1133/127 1157/133
f 1125/775 1149/779 736/771
f 378/131 1166/117 1167/125
f 325/3194 1142/3195 1137/3196
f 1144/141 378/131 1148/135
f 1088/121 1146/130 1167/125
f 1097/3197 326/3198 325/3194
f 785/1364 1142/1361 326/1367
f 1112/1399 1110/1395 250/1397
f 1122/1371 785/1364 1097/1370
f 731/781 736/771 1149/779
f 407/694 1096/691 575/695
f 407/1376 1115/1377 1120/1372
f 611/556 1099/550 618/547
f 301/212 1106/216 577/208
f 1119/1762 1123/1759 1118/1755
f 601/1757 1113/1760 600/1764
f 1150/782 731/781 1149/779
f 736/771 731/781 1141/783
f 1126/143 787/147 1157/133
f 457/406 1150/411 663/407
f 1135/1174 287/1173 1145/1170
f 1156/138 1158/146 1134/137
f 1159/280 723/276 1153/287
f 1155/123 1157/133 1133/127
f 1134/137 1160/129 1133/127
f 724/272 786/286 787/281
f 1162/2703 1134/2704 1911/2705
f 379/136 729/132 328/126
f 1155/123 1154/128 729/132
f 1126/143 1157/133 729/132
f 1155/123 327/118 1154/128
f 674/1669 55/1667 1147/1666
f 377/293 1143/292 633/289
f 1147/1666 54/1663 1146/1668
f 378/131 328/126 1166/117
f 1130/140 1148/135 1167/125
f 1135/1174 1145/1170 1130/1172
f 1144/141 1143/149 377/142
f 1139/154 394/151 457/157
f 1141/783 330/790 175/789
f 1143/149 1144/141 1130/140
f 1130/140 394/151 1143/149
f 394/1167 1145/1170 393/1168
f 1139/154 1143/149 394/151
f 458/405 1139/409 457/406
f 392/787 329/791 1138/786
f 663/407 733/410 459/404
f 1127/1427 662/1429 641/1426
f 1128/1458 65/1456 1137/1457
f 651/1460 652/1459 1128/1458
f 1127/1427 1128/1430 1137/1434
f 655/1455 1137/1457 65/1456
f 1127/1427 1142/1432 662/1429
f 1135/3592 1136/3593 287/3594
f 329/1436 630/1439 637/1433
f 641/1426 662/1429 637/1433
f 660/1368 291/1363 785/1364
f 632/416 1139/409 635/408
f 1135/1174 1131/1176 640/1178
f 175/1362 330/1357 290/1360
f 65/1456 1128/1458 652/1459
f 1128/1430 1127/1427 651/1422
f 673/3574 670/3575 674/3576
f 1912/3409 536/3410 1918/3411
f 328/126 729/132 1154/128
f 634/277 1126/288 379/291
f 633/289 634/277 377/293
f 1143/292 632/282 633/289
f 787/281 1126/288 634/277
f 1133/127 1156/138 1134/137
f 1919/153 1132/156 1923/159
f 1921/161 1152/158 1924/162
f 786/286 724/272 1159/280
f 733/410 1149/413 1125/417
f 456/418 733/410 1125/417
f 735/776 734/780 1124/773
f 384/768 375/774 373/778
f 415/765 732/766 657/769
f 609/3456 610/3455 664/3458
f 644/2897 589/2898 602/2899
f 1120/1372 1122/1371 1097/1370
f 665/2448 648/2451 371/2446
f 653/2968 576/2966 665/2967
f 1097/1453 1137/1457 655/1455
f 606/2410 664/2408 1119/2409
f 576/3239 574/3240 604/3241
f 1111/1391 262/1393 1110/1395
f 600/1764 432/1761 601/1757
f 1119/1390 656/1380 1123/1387
f 1113/1760 1111/1763 1117/1766
f 653/1373 1121/1375 576/1378
f 653/1373 660/1368 1120/1372
f 660/1368 1122/1371 1120/1372
f 301/1765 302/1758 432/1761
f 656/1380 609/1383 1114/1385
f 281/1911 301/1917 178/1914
f 1117/223 1106/216 600/220
f 1116/697 407/694 575/695
f 1116/697 1115/701 407/694
f 1113/1760 1117/1766 600/1764
f 1106/216 295/221 577/208
f 1112/1399 294/1398 1110/1395
f 667/1388 262/1393 1111/1391
f 255/2903 644/2897 293/2900
f 432/2535 600/2536 281/2537
f 600/2452 301/2453 281/2454
f 664/1896 606/1893 607/1890
f 590/2901 1089/2904 589/2898
f 578/1535 1108/1533 147/1531
f 644/2897 602/2899 293/2900
f 577/208 578/218 603/213
f 627/231 147/229 522/233
f 627/231 396/236 38/241
f 1103/1527 395/1526 522/1529
f 38/241 585/237 627/231
f 587/234 585/237 165/242
f 147/1531 581/1525 522/1529
f 1806/256 598/260 1823/263
f 620/1731 585/1732 628/1729
f 1090/3301 1089/3302 571/3303
f 260/2952 573/2955 261/2953
f 577/208 368/205 737/199
f 603/213 368/205 577/208
f 1105/3305 571/3303 1089/3302
f 147/229 627/231 148/225
f 1095/1520 1103/1527 581/1525
f 260/3015 515/3017 496/3011
f 1101/3162 296/3159 1104/3158
f 268/1725 620/1731 628/1729
f 297/3160 588/3161 1104/3158
f 597/1519 1095/1520 249/1522
f 395/3371 1104/3372 588/3373
f 1095/1520 395/1526 1103/1527
f 42/3534 43/3533 41/3537
f 39/1534 40/1532 41/1528
f 395/1526 1095/1520 71/1523
f 1102/3165 1101/3162 395/3163
f 585/1951 38/1945 278/1950
f 1102/245 38/241 396/236
f 522/233 395/240 396/236
f 396/3164 1101/3162 1102/3165
f 1092/562 1099/550 592/559
f 618/547 1099/550 122/538
f 16/553 618/547 44/542
f 655/1455 1100/1454 1098/1447
f 69/1450 79/1444 1098/1447
f 1098/1447 1097/1453 655/1455
f 575/695 86/693 1093/696
f 1091/568 1092/562 592/559
f 21/699 1093/696 86/693
f 611/3019 524/3014 515/3017
f 32/2385 1092/2387 1091/2383
f 253/3028 596/3025 1090/3030
f 253/3304 1090/3301 571/3303
f 515/564 612/567 592/559
f 612/3190 299/3192 252/3193
f 253/3018 524/3014 611/3019
f 21/2070 23/2068 31/2072
f 23/2068 495/2075 31/2072
f 1090/3219 596/3217 591/3216
f 597/1519 70/1517 1095/1520
f 16/553 17/543 286/555
f 597/1519 1094/1518 70/1517
f 595/1521 1094/1518 597/1519
f 21/699 31/703 1093/696
f 31/703 617/698 1093/696
f 1147/1666 1088/1670 1087/1673
f 144/3649 1519/3646 155/3645
f 621/3647 1519/3646 144/3649
f 1492/3430 1475/3431 154/3432
f 1491/3433 1492/3430 154/3432
f 196/738 225/742 229/745
f 226/3696 196/3698 229/3697
f 54/1663 531/1671 1146/1668
f 672/595 59/599 60/592
f 447/267 730/268 346/265
f 609/3088 664/3087 667/3085
f 61/604 59/599 674/610
f 730/268 447/267 784/269
f 1169/105 1170/112 532/96
f 671/1101 55/1100 674/1104
f 359/992 700/984 376/988
f 522/233 396/236 627/231
f 286/3026 596/3025 253/3028
f 430/1069 440/1080 752/1076
f 732/766 735/776 1124/773
f 376/988 391/995 359/992
f 336/2715 399/2712 437/2711
f 448/266 784/269 447/267
f 363/2879 480/2882 444/2885
f 490/2197 203/2193 204/2191
f 472/2320 700/2324 692/2323
f 692/2323 313/2321 472/2320
f 807/2357 492/2353 806/2356
f 797/10 523/11 799/17
f 484/22 797/10 799/17
f 448/15 800/19 784/25
f 373/430 374/426 734/422
f 772/2713 441/2716 493/2710
f 678/1437 680/1435 288/1431
f 414/168 365/171 746/174
f 365/2869 364/2867 160/2868
f 386/2310 721/2311 718/2312
f 365/2869 366/2864 364/2867
f 314/173 749/176 389/180
f 687/2892 682/2894 1476/2890
f 500/2625 359/2628 360/2620
f 354/968 472/972 314/969
f 220/1327 307/1322 421/1325
f 659/1384 305/1386 608/1382
f 574/702 331/705 332/707
f 1142/3195 325/3194 326/3198
f 290/1360 292/1365 175/1362
f 292/2317 682/2318 722/2315
f 392/1169 393/1168 630/1171
f 158/1843 172/1839 638/1844
f 253/3028 252/3029 286/3026
f 594/3460 283/3462 284/3464
f 599/1947 278/1950 38/1945
f 654/2965 645/2961 661/2963
f 294/2571 295/2570 1117/2573
f 34/3465 595/3461 286/3463
f 1486/2876 140/2875 1473/2872
f 189/239 422/247 1809/253
f 292/2317 722/2315 718/2312
f 281/2909 262/2906 263/2908
f 668/603 202/617 186/614
f 668/603 59/599 672/595
f 1514/1031 246/1028 237/1027
f 208/1588 192/1590 233/1585
f 789/14 805/6 345/9
f 224/2042 180/2040 168/2038
f 809/847 808/850 508/851
f 722/2315 687/2316 690/2313
f 171/1846 201/1847 161/1842
f 169/720 1492/719 228/721
f 192/748 191/747 232/746
f 1828/1556 756/1552 1829/1560
f 410/1561 765/1549 1828/1556
f 262/1916 177/1912 178/1914
f 174/2331 150/2333 696/2332
f 168/722 167/718 169/720
f 139/2877 190/2873 140/2875
f 1475/3297 1491/3294 1472/3298
f 699/3232 501/3233 866/3234
f 694/2325 692/2323 420/2328
f 691/427 801/423 455/414
f 507/2529 1498/2531 1500/2533
f 205/2189 436/2188 204/2191
f 693/2623 313/2624 421/2626
f 460/1286 509/1288 468/1290
f 801/423 470/431 466/433
f 465/1283 795/1285 463/1279
f 807/1284 806/1282 463/1279
f 807/841 461/844 795/843
f 460/1286 807/1284 463/1279
f 461/1287 463/1279 795/1285
f 808/850 789/856 790/855
f 803/852 805/854 808/850
f 465/839 794/842 795/843
f 795/843 794/842 807/841
f 523/11 797/10 804/7
f 799/17 483/26 484/22
f 730/268 784/269 1909/271
f 306/624 59/625 266/626
f 737/199 606/201 577/208
f 401/905 427/902 405/904
f 335/2304 338/2306 424/2305
f 318/2301 434/2299 337/2302
f 493/2710 782/2720 445/2718
f 438/3255 783/3251 317/3254
f 411/1559 426/1568 510/1571
f 454/2192 779/2196 428/2190
f 443/3205 763/3204 758/3201
f 778/2760 337/2763 424/2762
f 423/1582 750/1580 703/1581
f 424/2762 453/2757 778/2760
f 191/747 1497/744 232/746
f 337/2888 317/2887 318/2884
f 318/2884 317/2887 480/2882
f 756/1552 757/1569 1818/1565
f 410/1561 411/1559 765/1549
f 1798/1570 410/1561 1830/1566
f 750/227 340/222 1479/226
f 189/239 188/235 285/232
f 758/3201 763/3204 411/3202
f 340/222 750/227 423/214
f 489/1682 452/1679 402/1681
f 342/210 751/206 339/215
f 413/195 751/206 341/204
f 159/1886 712/1889 720/1891
f 367/202 368/205 739/209
f 712/1889 159/1886 160/1883
f 715/754 720/753 712/757
f 745/169 749/176 314/173
f 747/3630 749/3631 745/3632
f 366/167 365/171 414/168
f 356/182 499/186 418/189
f 357/193 707/188 356/182
f 361/2146 315/2149 705/2148
f 710/2147 353/2136 361/2146
f 707/188 708/185 356/182
f 361/2616 381/2614 355/2611
f 709/977 748/976 310/971
f 742/183 741/190 499/186
f 376/777 375/774 391/772
f 745/169 314/173 728/170
f 1119/2409 1118/2411 606/2410
f 745/169 728/170 366/167
f 751/3351 367/3350 339/3349
f 715/754 388/760 398/758
f 738/198 321/194 606/201
f 151/2361 610/2367 629/2365
f 321/1884 369/1882 688/1881
f 373/778 734/780 735/776
f 392/787 1138/786 731/781
f 176/792 416/767 175/789
f 415/765 398/758 383/763
f 387/761 398/758 388/760
f 374/426 455/414 734/422
f 735/776 732/766 384/768
f 379/136 1126/143 729/132
f 1143/421 1139/409 632/416
f 407/1376 1161/1374 406/1379
f 327/118 1155/123 1171/115
f 1139/409 458/405 635/408
f 391/772 375/774 384/768
f 1141/783 1140/785 736/771
f 701/3627 726/3628 391/3629
f 366/2864 727/2863 412/2866
f 398/795 416/796 176/797
f 725/412 459/404 455/414
f 668/603 267/609 59/599
f 788/608 1518/613 668/603
f 397/799 398/795 721/798
f 313/2321 692/2323 694/2325
f 312/175 311/179 356/182
f 313/2321 701/2322 314/2319
f 412/759 715/754 712/757
f 423/1582 703/1581 711/1583
f 708/2746 707/2743 316/2745
f 710/2347 705/2349 486/2346
f 357/193 417/197 707/188
f 489/1077 352/1086 706/1082
f 700/2627 359/2628 500/2625
f 313/2624 693/2623 701/2622
f 699/2617 380/2619 381/2614
f 361/2616 699/2617 381/2614
f 1470/2857 275/2861 626/2859
f 635/408 458/405 459/404
f 273/1369 682/1366 291/1363
f 679/3076 149/3073 187/3075
f 305/2542 676/2538 304/2544
f 574/3240 370/3242 604/3241
f 250/2911 262/2906 281/2909
f 681/3206 273/3207 660/3208
f 272/2447 681/2450 660/2444
f 650/2690 322/2687 333/2686
f 305/1386 371/1392 629/1389
f 661/2366 647/2363 648/2362
f 683/712 1475/715 504/713
f 688/1881 152/1888 151/1887
f 646/1895 152/1888 675/1894
f 505/3413 685/3414 689/3415
f 1130/1172 1131/1176 1135/1174
f 678/1437 636/1438 150/1440
f 289/1428 641/1426 288/1431
f 287/1173 393/1168 1145/1170
f 534/1508 974/1504 642/1506
f 656/2406 610/2407 646/2403
f 637/1433 630/1439 150/1440
f 622/2854 583/2858 331/2855
f 575/695 1093/696 617/698
f 292/794 718/793 175/789
f 370/2368 661/2366 648/2362
f 641/1426 651/1422 1127/1427
f 331/705 617/698 677/708
f 574/702 617/698 331/705
f 158/1179 1135/1174 157/1181
f 632/416 635/408 631/415
f 638/3078 187/3075 150/3077
f 150/1440 636/1438 637/1433
f 152/1888 610/1892 151/1887
f 379/136 328/126 378/131
f 629/2365 648/2362 151/2361
f 610/1892 152/1888 646/1895
f 647/2960 661/2963 645/2961
f 1112/1399 254/1400 255/1402
f 739/209 603/213 256/219
f 250/1397 254/1400 1112/1399
f 251/2391 298/2394 258/2393
f 250/1478 282/1485 685/1469
f 248/2129 1108/2131 1105/2132
f 781/2241 623/2249 188/2250
f 627/231 587/234 148/225
f 586/3595 166/3596 1799/3597
f 586/243 165/242 166/250
f 1825/2654 268/2653 1831/2651
f 581/2130 248/2129 588/2128
f 177/1912 262/1916 647/1915
f 572/2398 613/2401 300/2400
f 255/2395 258/2393 573/2397
f 1091/568 592/559 612/567
f 572/1486 298/1484 257/1483
f 590/3218 571/3220 591/3216
f 248/3215 590/3218 591/3216
f 1105/2132 590/2133 248/2129
f 649/709 617/698 593/706
f 23/2068 19/2067 32/2066
f 619/3377 51/3376 71/3379
f 597/3459 283/3462 594/3460
f 579/3114 283/3116 249/3117
f 613/2381 612/2384 300/2386
f 572/2398 299/2399 261/2396
f 261/2953 612/2956 515/2954
f 591/3216 596/3217 284/3213
f 515/3017 524/3014 496/3011
f 604/2964 605/2962 645/2961
f 583/3243 605/3244 604/3241
f 255/2903 590/2901 644/2897
f 261/2396 258/2393 298/2394
f 590/2901 589/2898 644/2897
f 588/1857 580/1856 581/1858
f 295/221 1106/216 1117/223
f 298/2394 572/2398 261/2396
f 588/1857 297/1855 580/1856
f 582/2127 588/2128 248/2129
f 587/234 627/231 585/237
f 295/221 602/224 578/218
f 591/3658 571/3659 1105/3660
f 395/3163 1101/3162 1104/3158
f 494/711 649/709 593/706
f 340/222 256/219 1479/226
f 762/2251 757/2248 1480/2244
f 622/2854 1470/2857 626/2859
f 716/1467 280/1471 279/1474
f 586/243 422/247 625/238
f 626/2859 647/2862 605/2860
f 257/2700 280/2698 145/2697
f 572/2701 257/2700 145/2697
f 1831/2651 269/2645 1832/2649
f 269/2645 270/2647 1827/2648
f 615/1719 517/1722 269/1724
f 145/2697 280/2698 156/2695
f 494/2077 271/2074 141/2078
f 1521/2370 1520/2369 517/2373
f 1474/618 266/615 267/609
f 59/599 267/609 266/615
f 1001/621 669/623 306/622
f 240/3386 1511/3384 1064/3381
f 219/1013 239/1018 1508/1021
f 244/1036 200/1040 185/1039
f 237/1027 238/1023 216/1025
f 164/1994 163/1997 1503/2001
f 243/1011 241/1006 242/1014
f 153/1472 227/1476 193/1480
f 1490/751 1497/744 1489/749
f 1498/750 192/748 232/746
f 1498/2531 507/2529 192/2528
f 231/741 232/746 1497/744
f 1471/1466 179/1462 181/1465
f 182/731 180/730 221/733
f 454/629 703/631 520/635
f 520/635 779/636 454/629
f 520/1579 703/1581 750/1580
f 676/2538 714/2543 304/2544
f 304/2544 714/2543 385/2545
f 725/412 631/415 635/408
f 1481/2260 174/2258 149/2259
f 181/732 182/731 195/734
f 169/720 228/721 170/723
f 1484/2035 1483/2036 168/2038
f 197/2257 149/2259 174/2258
f 227/2203 181/2208 1501/2207
f 1472/1477 142/1481 156/1473
f 1491/3294 153/3300 1472/3298
f 1494/1591 1495/1587 1496/1589
f 1496/1263 184/1262 183/1260
f 1495/739 1493/736 231/741
f 196/738 231/741 1493/736
f 1495/1587 184/1586 1496/1589
f 1497/1584 208/1588 233/1585
f 1499/1592 233/1585 192/1590
f 683/712 494/711 141/714
f 1485/3225 140/3226 1488/3224
f 193/1480 142/1481 1472/1477
f 1488/3149 140/3152 1490/3151
f 201/1499 502/1503 503/1500
f 504/713 677/708 683/712
f 1483/2036 1484/2035 1470/2034
f 1475/715 167/718 1482/717
f 174/2331 1481/2334 150/2333
f 1470/2034 1484/2035 505/2033
f 724/272 634/277 631/270
f 1476/2890 682/2894 304/2895
f 385/2893 1476/2890 304/2895
f 779/1751 519/1747 1479/1749
f 425/259 757/262 762/248
f 1479/2252 623/2249 779/2245
f 1480/2244 761/2247 762/2251
f 1522/244 189/239 762/248
f 1476/2890 690/2889 687/2892
f 682/2318 687/2316 722/2315
f 385/2893 386/2891 1476/2890
f 725/412 635/408 459/404
f 716/3492 717/3493 685/3494
f 622/2854 504/2853 1470/2857
f 1475/715 1482/717 504/713
f 161/1842 303/1840 173/1837
f 122/538 1173/545 116/536
f 406/1452 1161/1449 90/1446
f 1095/1520 581/1525 249/1522
f 604/3241 370/3242 583/3243
f 1174/101 110/93 109/102
f 69/1450 1098/1447 1100/1454
f 1097/1370 1161/1374 1120/1372
f 1118/2411 302/2412 606/2410
f 329/791 330/790 1138/786
f 1100/1454 65/1456 69/1450
f 373/778 735/776 384/768
f 608/3454 629/3457 610/3455
f 1107/2902 589/2898 1089/2904
f 1102/245 40/249 38/241
f 574/702 575/695 617/698
f 1172/2389 1092/2387 22/2388
f 656/2406 1119/2409 664/2408
f 1163/164 1160/165 1169/166
f 1165/114 1174/101 1087/110
f 1169/105 532/96 1174/101
f 1146/1668 1088/1670 1147/1666
f 1174/101 1175/111 1169/105
f 1170/112 1169/105 1915/116
f 1174/101 532/96 110/93
f 1174/101 109/102 1087/110
f 1099/550 1173/545 122/538
f 1092/2387 32/2385 22/2388
f 1111/1763 1109/1767 1117/1766
f 1175/111 1174/101 1165/114
f 1162/139 1160/129 1134/137
f 1917/124 1160/129 1927/134
f 1927/134 1162/139 1928/145
f 1161/1449 1097/1453 1098/1447
f 531/1671 534/1676 1168/1675
f 65/1456 1100/1454 655/1455
f 328/126 327/118 1166/117
f 1163/122 1164/119 1171/115
f 1153/152 1152/158 1151/155
f 1158/146 1159/148 1153/152
f 731/781 1150/782 394/784
f 1124/425 456/418 1125/417
f 1087/110 1166/117 1165/114
f 1088/121 1167/125 1166/117
f 785/1364 326/1367 1097/1370
f 1109/2575 294/2571 1117/2573
f 407/694 406/692 1096/691
f 576/1378 1121/1375 1115/1377
f 1111/1391 1110/1395 1109/1396
f 302/1758 1118/1755 601/1757
f 1123/1759 1114/1756 1118/1755
f 1114/1756 1113/1760 601/1757
f 1157/133 1155/123 729/132
f 786/144 1156/138 1157/133
f 1132/156 1151/155 1152/158
f 1151/155 1158/146 1153/152
f 379/291 377/293 634/277
f 1155/123 1133/127 1171/115
f 1154/128 327/118 328/126
f 1133/127 1163/122 1171/115
f 329/1358 662/1359 658/1356
f 1130/1172 1129/1180 640/1178
f 1150/782 457/788 394/784
f 1130/1172 1145/1170 394/1167
f 1141/783 1138/786 330/790
f 1127/1427 1137/1434 1142/1432
f 86/693 20/704 21/699
f 157/1181 1135/1174 640/1178
f 175/789 416/767 1140/785
f 736/2788 1140/2789 657/2790
f 637/1433 662/1429 329/1436
f 1141/783 175/789 1140/785
f 158/1179 1136/1182 1135/1174
f 1130/1172 1167/1183 1129/1180
f 330/1357 658/1356 290/1360
f 55/1667 56/1665 1147/1666
f 640/1178 1129/1180 534/1184
f 1129/1180 1167/1183 534/1184
f 634/277 724/272 787/281
f 1149/413 733/410 663/407
f 456/418 1124/425 734/422
f 607/3086 667/3085 664/3087
f 656/2406 664/2408 610/2407
f 1114/1385 1123/1387 656/1380
f 608/1382 609/1383 656/1380
f 657/2790 1140/2789 416/2791
f 576/700 1115/701 1116/697
f 576/2966 604/2964 645/2961
f 654/2965 576/2966 645/2961
f 263/2908 178/2907 432/2910
f 575/695 576/700 1116/697
f 294/1398 1109/1396 1110/1395
f 1120/1372 1121/1375 653/1373
f 302/1758 601/1757 432/1761
f 589/2898 1107/2902 602/2899
f 1111/1763 1113/1760 1114/1756
f 667/1388 1111/1391 1114/1385
f 667/1388 1114/1385 609/1383
f 262/1393 250/1397 1110/1395
f 301/1917 432/1919 178/1914
f 165/242 586/243 587/234
f 573/3013 260/3015 496/3011
f 581/1525 1103/1527 522/1529
f 1108/2131 248/2129 581/2130
f 147/1531 1108/1533 581/1525
f 584/1401 294/1398 1112/1399
f 578/3310 602/3311 1107/3312
f 1107/3312 591/3313 578/3310
f 591/3313 1105/3314 578/3310
f 1107/2902 1089/2904 591/2905
f 584/1401 1112/1399 255/1402
f 590/2133 1105/2132 1089/2134
f 591/3216 1089/3221 1090/3219
f 524/3014 253/3018 571/3016
f 598/2655 620/2657 268/2653
f 1101/3162 396/3164 296/3159
f 396/3374 395/3371 588/3373
f 585/1732 278/1727 628/1729
f 395/1526 71/1523 41/1528
f 71/3339 42/3338 41/3342
f 23/2068 21/2070 19/2067
f 612/2384 613/2381 1091/2383
f 33/2380 32/2385 1091/2383
f 1929/104 532/96 1931/108
f 1171/115 1175/111 327/118
f 532/96 1170/112 1926/113
f 1163/122 1133/127 1160/129
f 785/1364 658/1356 1142/1361
f 631/270 346/265 730/268
f 241/1006 243/1011 528/1009
f 730/268 723/276 724/272
f 730/268 724/272 631/270
f 630/1171 393/1168 287/1173
f 82/1672 1147/1666 1087/1673
f 643/1186 640/1178 534/1184
f 416/767 415/765 657/769
f 588/3373 296/3375 396/3374
f 82/1656 109/1654 73/1650
f 1087/1658 109/1654 82/1656
f 576/2966 654/2965 665/2967
f 577/208 606/201 301/212
f 360/2630 359/2631 391/2632
f 534/1508 642/1506 643/1512
f 56/1665 54/1663 1147/1666
f 284/3213 248/3215 591/3216
f 597/1519 249/1522 283/1524
f 624/2254 623/2249 1479/2252
f 243/1011 672/1015 528/1009
f 1495/739 231/741 1497/744
f 154/1470 181/1465 153/1472
f 1156/138 786/144 1159/148
f 41/1528 40/1532 1102/1530
f 325/3194 1137/3196 1097/3197
f 1142/1361 658/1356 662/1359
f 1158/146 1151/155 1132/156
f 1147/1666 82/1672 674/1669
f 1131/1176 1130/1172 640/1178
f 1095/1520 70/1517 71/1523
f 1188/997 884/998 1213/999
f 1197/1970 870/1971 869/1972
f 1306/2227 1280/2228 1293/2229
f 1386/467 1388/468 1399/469
f 1465/1226 909/1227 1466/1228
f 1268/644 1261/645 1314/646
f 1246/1629 1252/1630 871/1631
f 1276/657 1278/664 1270/661
f 1368/1698 1376/1699 1375/1700
f 1255/1238 908/1244 1238/1239
f 1241/2503 1239/2504 1242/2505
f 1379/2792 943/2793 1385/2794
f 1467/1291 1267/1292 1421/1293
f 1303/1042 906/1043 1305/1044
f 1426/2470 1465/2471 1427/2472
f 1236/800 1192/801 1184/802
f 1446/2513 1447/2510 1241/2503
f 1250/1702 1453/1706 1377/1704
f 797/10 484/22 798/18
f 1445/33 1412/23 488/28
f 1460/1622 1416/1623 1418/1624
f 1436/2455 1444/2456 1428/2457
f 1467/1291 1421/1293 1269/1294
f 1447/1711 1453/1706 1452/1710
f 1932/47 1411/42 1933/51
f 1382/484 1381/481 1397/472
f 1373/2006 1369/2007 944/2008
f 1380/2018 1371/2011 1379/2015
f 1401/474 1397/472 1381/481
f 1937/2597 1369/2598 1938/2599
f 1379/2792 1385/2794 1382/2795
f 1336/2972 950/2973 1337/2974
f 1369/2007 1373/2006 1370/2009
f 1353/859 939/860 1356/861
f 1210/3209 920/3210 1204/3211
f 1342/2724 948/2725 1351/2726
f 1351/2726 1364/2729 1366/2734
f 935/2927 1362/2928 942/2929
f 1366/2212 949/2213 1339/2214
f 937/2215 923/2219 1366/2212
f 1334/2463 1363/2464 1346/2465
f 1336/2218 1331/2226 1338/2223
f 948/2725 1347/2733 1364/2729
f 1326/2515 935/2516 1323/2517
f 907/1250 908/1244 1303/1247
f 1305/1044 906/1043 932/1046
f 956/2659 1324/2660 1176/2661
f 1273/2277 881/2278 882/2279
f 1251/1633 1252/1630 1246/1629
f 1468/1297 1269/1294 1421/1293
f 1462/1229 1247/1235 1260/1233
f 1252/656 873/660 871/663
f 1258/1230 1466/1228 1462/1229
f 1302/1045 1303/1042 1305/1044
f 1227/809 1279/805 1184/802
f 1234/3109 1229/3110 1232/3111
f 1231/3112 1234/3109 1232/3111
f 1177/2941 941/2942 1362/2943
f 1211/985 893/990 1205/993
f 1188/2913 1196/2914 1186/2915
f 358/1979 381/1983 1180/1978
f 890/2800 1192/2801 867/2802
f 1302/2506 1242/2505 907/2508
f 1262/1296 1269/1294 875/1300
f 1431/1311 1425/1303 1437/1309
f 1468/1297 1421/1293 1469/1302
f 1422/436 1272/437 1468/438
f 1468/438 1272/437 1269/441
f 1439/1487 1427/1488 1417/1489
f 1424/1295 1421/1293 1267/1292
f 1464/1635 1465/1637 863/1639
f 1464/1635 863/1639 1438/1636
f 1252/1630 1464/1635 1438/1636
f 1246/1629 909/1634 1251/1633
f 1266/1307 1467/1291 1265/1301
f 909/1634 1465/1637 1464/1635
f 1266/1307 1265/1301 1261/1306
f 877/681 876/687 1462/684
f 1269/1294 1262/1296 1467/1291
f 1466/1228 909/1227 1462/1229
f 1438/1636 1267/1638 1252/1630
f 1260/1233 1463/1234 1259/1231
f 1247/2980 1462/2981 876/2982
f 1247/2980 876/2982 1254/2983
f 908/1244 1255/1238 1303/1247
f 910/678 877/681 1462/684
f 1463/1234 1260/1233 1461/1237
f 1260/1233 1255/1238 1238/1239
f 1455/448 1461/456 1238/451
f 1461/1237 1260/1233 1238/1239
f 1455/448 1460/454 1461/456
f 1417/1236 1463/1234 1461/1237
f 1418/1624 1461/1625 1460/1622
f 1422/1308 1469/1302 1421/1293
f 1439/1487 1416/1490 1423/1493
f 1459/445 1457/450 1455/448
f 1457/450 1460/454 1455/448
f 1455/448 1236/447 1459/445
f 1419/1304 1458/1312 1422/1308
f 1839/446 1456/449 1840/452
f 1459/445 1236/447 1839/446
f 1236/447 1455/448 1238/451
f 1377/2512 1241/2503 1378/2509
f 1377/2512 1446/2513 1241/2503
f 1237/3357 1450/3358 1451/3359
f 1249/462 1451/461 1193/464
f 1449/3361 1451/3359 1450/3358
f 1191/2109 1193/2110 1190/2111
f 1191/2109 886/2114 1194/2113
f 1452/1710 1453/1706 1250/1702
f 1191/1707 1452/1710 1250/1702
f 1191/2109 1190/2111 1452/2112
f 1192/2801 1249/2805 868/2803
f 1230/1693 1233/1692 1235/1694
f 1221/2748 1229/2749 1231/2750
f 1235/2159 1217/2160 1454/2161
f 866/1975 704/1980 1183/1977
f 1193/464 1449/465 1452/466
f 1449/1715 1448/1717 1447/1711
f 1452/1710 1449/1715 1447/1711
f 883/2118 1198/2116 886/2114
f 1452/2112 1190/2111 1193/2110
f 1193/464 1451/461 1449/465
f 1450/3358 1237/3357 1448/3360
f 1447/2510 1448/2514 1237/2507
f 1449/3361 1450/3358 1448/3360
f 1377/1704 1447/1711 1446/1713
f 1235/1694 1454/1696 1230/1693
f 1412/23 1445/33 470/39
f 450/12 797/10 798/18
f 798/18 487/34 488/28
f 1412/23 798/18 488/28
f 1412/23 470/39 1414/32
f 488/28 470/39 1445/33
f 1428/2457 1444/2456 1427/2459
f 1425/1496 1429/1491 1442/1494
f 1429/1491 1439/1487 1442/1494
f 1436/2455 1443/2458 1441/2460
f 1428/2457 1443/2458 1436/2455
f 1433/1645 1434/1647 1436/1648
f 1441/3556 1443/3557 1430/3558
f 1441/1649 1433/1645 1436/1648
f 1431/1646 1435/1643 1433/1645
f 1425/1303 1440/1315 1428/1319
f 864/1640 1434/1647 1433/1645
f 1433/1645 1435/1643 864/1640
f 1432/1644 1436/1648 1434/1647
f 1432/1644 1434/1647 864/1640
f 1444/2475 1432/2473 1427/2472
f 1429/2461 1425/2462 1428/2457
f 1430/1318 1443/1321 1440/1315
f 1430/3558 1431/3559 1441/3556
f 1438/1636 863/1639 864/1640
f 1431/1311 1430/1318 1440/1315
f 1421/1293 1424/1295 1423/1299
f 1423/1493 1425/1496 1442/1494
f 1426/1641 1432/1644 864/1640
f 1427/1488 1439/1487 1429/1491
f 1438/1298 1437/1309 1425/1303
f 1431/1646 1437/1642 1435/1643
f 1440/1315 1425/1303 1431/1311
f 864/1640 1435/1643 1437/1642
f 863/1639 1465/1637 1426/1641
f 864/1640 863/1639 1426/1641
f 1424/1295 1425/1303 1423/1299
f 1421/1293 1423/1299 1419/1304
f 1419/1304 1422/1308 1421/1293
f 1458/1312 1459/1316 1422/1308
f 1458/1498 1420/1495 1416/1490
f 1457/1626 1416/1623 1460/1622
f 1458/1498 1419/1497 1420/1495
f 1423/1493 1416/1490 1420/1495
f 1416/1490 1439/1487 1417/1489
f 1417/1489 1418/1492 1416/1490
f 1417/1236 1427/1232 1463/1234
f 934/56 1415/57 1413/58
f 1413/27 1415/30 450/12
f 1466/2474 1258/2476 1427/2472
f 1436/2477 1432/2473 1444/2475
f 1414/32 1413/27 1412/23
f 1413/27 450/12 1412/23
f 450/12 798/18 1412/23
f 1415/30 1400/37 1395/24
f 450/12 1415/30 1395/24
f 1415/57 1383/60 1400/62
f 800/19 450/12 1395/24
f 1395/24 1393/29 800/19
f 1410/36 1403/46 1411/42
f 1394/35 1393/29 1395/24
f 1393/29 1410/36 800/19
f 1941/482 1404/485 1942/488
f 1410/36 1393/29 1386/41
f 1403/473 1408/477 1941/482
f 1409/478 1408/477 1398/470
f 1944/1897 1401/1898 1945/1899
f 1404/485 1408/477 1409/478
f 1405/1905 1409/1900 1946/1902
f 1940/50 1403/46 1943/53
f 1406/1910 943/1906 1407/1908
f 945/1904 1402/1901 1401/1898
f 1379/1330 1397/1331 851/1332
f 1397/1331 1392/1334 851/1332
f 945/2602 1374/2600 1402/2604
f 1402/2604 1374/2600 1949/2606
f 943/1906 945/1904 1401/1898
f 1381/481 1407/483 1401/474
f 1945/1899 1402/1901 1950/1903
f 1398/470 1403/473 1386/467
f 1401/474 1409/478 1398/470
f 1403/46 1410/36 1386/41
f 1386/467 1399/469 1398/470
f 1387/45 1386/41 1394/35
f 1397/472 1399/469 1388/468
f 1400/37 1396/40 1395/24
f 1394/35 1395/24 1396/40
f 1386/41 1393/29 1394/35
f 1394/35 1396/40 1387/45
f 558/479 1392/476 1388/468
f 1388/468 537/475 558/479
f 1388/468 1387/471 537/475
f 558/1340 855/1344 1389/1336
f 538/48 1387/45 1396/40
f 1400/62 854/66 537/72
f 1396/40 1400/37 538/48
f 552/3139 1389/3140 539/3141
f 1389/3228 552/3229 1390/3230
f 1386/467 1387/471 1388/468
f 1391/3231 1390/3230 552/3229
f 851/1332 1392/1334 1389/1336
f 851/1332 852/1333 1379/1330
f 946/2019 1372/2014 1956/2020
f 1370/2009 946/2019 1951/2017
f 1372/2014 946/2019 1370/2009
f 1372/2179 1380/2180 852/2181
f 1956/2182 852/2181 1958/2184
f 1359/866 832/868 567/867
f 567/867 1357/865 1359/866
f 1371/2011 1373/2006 1379/2015
f 1384/3553 1406/3554 1407/3555
f 1369/2598 1374/2600 945/2602
f 1345/3054 1360/3055 1344/3056
f 1383/60 1352/63 1356/68
f 1382/2795 1397/2797 1379/2792
f 1349/3269 1350/3270 949/3271
f 956/1050 1367/1048 1301/1047
f 1375/1700 1376/1699 1250/1702
f 1367/1048 1375/1055 1378/1051
f 895/1701 885/1703 1376/1699
f 1368/1060 1375/1055 1367/1048
f 1377/1061 1378/1051 1375/1055
f 885/1703 1250/1702 1376/1699
f 938/67 1352/63 934/56
f 945/2602 943/2605 944/2603
f 1370/2009 1373/2006 1371/2011
f 1372/2014 1370/2009 1371/2011
f 1369/2007 1370/2009 1954/2010
f 944/2603 1369/2598 945/2602
f 1360/2948 1352/2949 1344/2950
f 940/863 1357/865 939/860
f 938/2951 1344/2950 1352/2949
f 1366/2212 1347/2216 949/2213
f 949/2213 950/2217 1339/2214
f 1347/3272 1349/3269 949/3271
f 950/2973 949/2978 1350/2976
f 1350/2976 1337/2974 950/2973
f 1354/2736 1353/2737 1345/2738
f 938/3560 1331/3561 1344/3562
f 1347/2733 1366/2734 1364/2729
f 1346/2727 1351/2726 1365/2730
f 1346/2465 1365/2468 923/2466
f 923/2466 1334/2463 1346/2465
f 942/2929 1341/2930 935/2927
f 1361/1054 1368/1060 1367/1048
f 1210/1059 895/1062 1361/1054
f 956/1050 1361/1054 1367/1048
f 956/2659 1301/2663 1324/2660
f 1297/1733 1296/1734 1283/1735
f 1296/1734 1300/1739 1284/1737
f 1319/2083 1315/2084 914/2085
f 932/1046 1301/1047 1305/1044
f 1378/2509 1241/2503 1302/2506
f 1299/1738 931/1744 932/1743
f 1343/2731 1342/2724 1346/2727
f 1346/2727 1342/2724 1351/2726
f 1349/3269 1347/3272 1335/3274
f 1346/2465 1363/2464 1343/2467
f 1309/295 1307/296 1320/297
f 569/2957 1359/2958 1328/2959
f 1329/315 1335/309 1309/295
f 940/863 1359/866 1357/865
f 954/73 1383/60 1356/68
f 1523/71 1383/60 954/73
f 954/2150 1356/2151 939/2152
f 1328/864 940/863 955/862
f 953/77 1355/85 952/86
f 1331/3057 1322/3059 1345/3054
f 1329/3273 1350/3270 1349/3269
f 948/2725 1348/2735 1347/2733
f 1349/3269 1335/3274 1329/3273
f 1350/2976 1329/2979 1337/2974
f 1345/3054 1344/3056 1331/3057
f 1345/2738 1353/2737 1352/2741
f 1353/2737 1356/2742 1352/2741
f 938/3560 1338/3563 1331/3561
f 1339/2214 950/2217 1336/2218
f 923/2219 1365/2225 1351/2222
f 1347/3272 1348/3275 1335/3274
f 1335/2732 1348/2735 948/2725
f 1333/319 1334/313 1325/325
f 1334/2463 947/2469 1343/2467
f 1343/2731 947/2728 1342/2724
f 941/335 917/332 1325/325
f 924/74 1341/64 1332/80
f 935/2944 1177/2941 1362/2943
f 941/2942 942/2946 1362/2943
f 1363/2464 1334/2463 1343/2467
f 1340/333 1325/325 923/329
f 937/2215 1366/2212 1339/2214
f 1336/2218 937/2215 1339/2214
f 924/74 936/81 938/67
f 1345/2738 1322/2739 1354/2736
f 923/329 1325/325 1334/313
f 1336/2972 1337/2974 1321/2975
f 948/2725 947/2728 1335/2732
f 1317/308 947/305 1334/313
f 1334/313 1333/319 1317/308
f 923/2219 924/2221 1332/2224
f 1340/333 941/335 1325/325
f 918/330 1326/341 1323/337
f 1332/336 1341/340 1340/333
f 1326/2947 1177/2941 935/2944
f 917/2945 941/2942 1177/2941
f 918/330 1177/338 1326/341
f 917/332 1178/326 1325/325
f 1178/326 1333/319 1325/325
f 1178/326 1317/308 1333/319
f 1332/336 1340/333 923/329
f 955/303 1322/312 1321/307
f 1309/295 1328/301 955/303
f 563/298 564/304 1328/301
f 1309/295 563/298 1328/301
f 1309/295 955/303 1321/307
f 1321/307 1331/318 1336/324
f 1330/2977 1321/2975 1337/2974
f 1330/2666 1309/2667 1321/2668
f 1335/309 947/305 1309/295
f 1309/295 1330/322 1329/315
f 1313/3470 1316/3471 1319/3472
f 1317/308 1311/302 947/305
f 1316/320 1311/302 920/314
f 1297/323 1283/316 1311/302
f 920/2088 1315/2084 1316/2086
f 1179/321 1318/334 1205/331
f 1318/334 918/330 1323/337
f 1205/331 1204/328 1179/321
f 918/330 1318/334 1179/321
f 1179/321 1178/326 918/330
f 1318/2518 1323/2517 935/2516
f 1311/302 1317/308 920/314
f 1317/308 1178/326 1179/321
f 1179/321 1204/328 920/314
f 1179/321 920/314 1317/308
f 1312/343 1298/346 1297/348
f 1309/295 1311/302 1310/299
f 1318/2518 935/2516 1206/2519
f 1210/2665 956/2659 916/2662
f 1316/2086 1315/2084 1319/2083
f 1210/3209 916/3212 920/3210
f 1319/3472 914/3473 1313/3470
f 1312/343 1311/344 1313/345
f 1311/302 1316/320 1313/327
f 1311/3081 1312/3082 1297/3083
f 1298/346 1312/343 1313/345
f 1283/316 1281/310 1311/302
f 1311/302 1281/310 822/306
f 1311/302 822/306 1310/299
f 1308/3133 1549/3134 1307/3135
f 1310/3136 1308/3133 1307/3135
f 1314/646 879/651 1267/647
f 1293/3020 1282/3021 1306/3022
f 1280/2998 1306/2999 1282/3000
f 1294/1190 1304/1191 1290/1192
f 1275/669 1277/670 1263/668
f 872/666 1263/668 1253/667
f 911/1194 1290/1192 1304/1191
f 1263/668 911/671 1304/672
f 1295/2932 1264/2933 1294/2934
f 1264/2933 1295/2932 1293/2935
f 1294/2934 1264/2933 1304/2936
f 1284/2231 1256/2230 1280/2228
f 1256/2230 1293/2229 1280/2228
f 1256/1242 1300/1245 1257/1240
f 1301/1047 932/1046 922/1049
f 1296/1734 1298/1736 1299/1738
f 903/808 889/804 904/813
f 1301/1047 1367/1048 1302/1045
f 1303/1247 1302/1253 907/1250
f 1301/1047 1302/1045 1305/1044
f 906/1249 1289/1246 932/1252
f 1303/1247 905/1243 906/1249
f 1256/2230 1284/2231 1300/2232
f 1289/1246 1257/1240 1300/1245
f 1300/1739 1299/1738 1289/1741
f 1289/1741 1299/1738 932/1743
f 1299/1738 1300/1739 1296/1734
f 1280/2998 1283/3002 1284/3003
f 1292/1197 1295/1195 1291/1193
f 1292/1197 912/1196 1282/1199
f 1292/1197 1291/1193 912/1196
f 1294/1190 1290/1192 1291/1193
f 1295/3024 1292/3023 1293/3020
f 1291/1193 1295/1195 1294/1190
f 1291/1193 1290/1192 912/1196
f 1287/2090 931/2087 919/2089
f 1289/1246 905/1243 1257/1240
f 1208/1803 1200/1804 1202/1805
f 919/2089 1288/2092 1287/2090
f 1299/1738 913/1740 914/1742
f 1298/346 1313/345 913/347
f 1288/1053 921/1057 922/1049
f 913/1740 1299/1738 1298/1736
f 922/1049 932/1046 1288/1053
f 922/1049 1324/1052 1301/1047
f 823/1202 1281/1205 1282/1199
f 1296/1734 1284/1737 1283/1735
f 1297/1733 1298/1736 1296/1734
f 1281/3001 1283/3002 1280/2998
f 823/1202 822/1209 1281/1205
f 1282/1199 912/1196 823/1202
f 911/1194 1286/1203 829/1200
f 912/1196 1285/1198 820/1201
f 823/1202 912/1196 820/1201
f 829/1200 821/1204 1285/1198
f 911/1194 829/1200 1285/1198
f 1268/644 1314/646 1267/647
f 1184/802 927/815 1227/809
f 903/808 929/817 926/814
f 904/2937 1203/2938 1208/2939
f 1184/802 889/804 903/808
f 1279/937 1227/933 1228/928
f 1240/803 1279/805 1842/810
f 561/2549 562/2550 928/2551
f 1184/802 903/808 926/814
f 1279/805 1240/803 1184/802
f 1227/933 1219/917 1228/928
f 1236/800 1240/803 1845/806
f 1275/669 1263/668 872/666
f 1274/1313 874/1305 880/1317
f 880/1317 881/1320 1274/1313
f 1270/3245 1275/3246 872/3247
f 1278/3248 1277/3249 1275/3246
f 1273/2167 1274/2168 881/2169
f 1847/2552 928/2551 1850/2554
f 1278/3248 1286/3250 1277/3249
f 1270/3245 1278/3248 1275/3246
f 1274/2168 1273/2167 562/2170
f 1849/2282 882/2279 1851/2283
f 562/2170 847/2171 1274/2168
f 840/1310 874/1305 1274/1313
f 1851/2283 880/2281 1854/2285
f 1422/436 1468/438 1469/439
f 880/2281 1271/2287 1853/2286
f 1267/647 1467/650 1268/644
f 1837/440 1422/436 1857/442
f 1855/2291 1272/2292 1856/2294
f 878/653 1270/661 873/660
f 1246/680 910/678 909/683
f 1262/1296 1265/1301 1467/1291
f 1261/645 1268/644 1266/648
f 1265/1301 1262/1296 1261/1306
f 1262/1296 875/1300 874/1305
f 1464/1635 1251/1633 909/1634
f 1247/685 1254/686 1244/679
f 1258/1230 1462/1229 1259/1231
f 1255/1238 1260/1233 1247/1235
f 1247/1235 1257/1240 1255/1238
f 1256/1242 1257/1240 1247/1235
f 1257/1240 905/1243 1255/1238
f 1256/682 1244/679 1293/677
f 877/681 1244/679 1254/686
f 1245/3541 1246/3542 1253/3543
f 1245/675 1263/668 1264/674
f 878/653 873/660 1252/656
f 879/651 1276/657 878/653
f 1253/3543 1263/3544 1245/3541
f 875/2290 1271/2287 874/2288
f 872/666 873/660 1270/661
f 840/1310 1262/1296 874/1305
f 872/666 1253/667 871/663
f 1261/1306 1262/1296 840/1310
f 1245/675 910/678 1246/680
f 1245/675 1243/676 910/678
f 1264/674 1243/676 1245/675
f 1293/677 1244/679 1243/676
f 1244/679 1256/682 1247/685
f 877/681 910/678 1243/676
f 1243/676 1244/679 877/681
f 1238/451 1237/463 1451/461
f 1242/2505 1302/2506 1241/2503
f 1255/1238 905/1243 1303/1247
f 1193/2110 868/2117 1249/2119
f 1238/451 1451/461 1248/459
f 1250/1702 885/1703 1191/1707
f 1248/459 1249/462 1192/455
f 1241/2503 1237/2507 1239/2504
f 1192/455 1236/447 1238/451
f 1217/2160 1216/2163 1454/2161
f 1217/2160 1235/2159 1233/2162
f 1231/2750 1229/2749 1234/2752
f 400/3037 759/3038 1233/3039
f 1229/3110 899/3113 1232/3111
f 1225/3517 1226/3518 1836/3519
f 1223/908 1225/914 1219/917
f 1843/940 1228/928 1862/936
f 1222/2751 1232/2753 1216/2754
f 1232/1697 899/1691 1216/1695
f 1231/2750 1232/2753 1222/2751
f 1222/2751 1221/2748 1231/2750
f 1216/1695 899/1691 1230/1693
f 1233/1692 1230/1693 899/1691
f 1229/1688 402/1681 760/1684
f 409/909 1224/916 1225/914
f 1860/3523 1224/3521 1865/3525
f 1224/916 409/909 1782/911
f 1209/2992 902/2993 743/2994
f 1219/917 1227/933 925/934
f 1225/914 1223/908 409/909
f 1224/3521 1226/3518 1225/3517
f 401/905 405/904 1223/908
f 1223/908 759/910 401/905
f 400/913 401/905 759/910
f 1215/2165 1216/2163 1217/2160
f 1223/908 405/904 409/909
f 760/1684 899/1691 1229/1688
f 759/910 1223/908 1218/912
f 899/1691 400/1686 1233/1692
f 1218/2166 1217/2160 759/2164
f 1863/925 1219/917 1866/921
f 1220/927 1214/923 1219/917
f 925/934 897/930 1219/917
f 897/930 1209/935 1220/927
f 1214/2756 1222/2751 1215/2755
f 1219/917 897/930 1220/927
f 1866/921 1225/914 1867/924
f 1223/908 1219/917 1218/912
f 1216/2754 1215/2755 1222/2751
f 1215/2165 1217/2160 1218/2166
f 1209/935 1222/931 1220/927
f 1214/923 1220/927 1222/931
f 1221/2995 1222/2997 1209/2992
f 1221/1689 743/1685 402/1681
f 900/1814 901/1813 743/1815
f 1217/2160 1233/2162 759/2164
f 891/986 376/988 700/984
f 1202/1805 1200/1804 897/1807
f 709/2610 358/2612 1186/2613
f 744/982 700/984 382/974
f 1212/979 1213/983 744/982
f 1196/2914 1188/2913 1213/2917
f 896/1811 901/1813 900/1814
f 1209/935 897/930 900/939
f 902/2993 1209/2992 900/2996
f 1205/331 1206/339 892/342
f 893/1708 933/1705 895/1701
f 1211/985 891/986 744/982
f 1213/983 1195/991 894/987
f 1212/979 744/982 382/974
f 700/984 744/982 891/986
f 1200/1804 1208/1803 1203/1806
f 1196/981 1212/979 748/976
f 1188/997 870/1000 884/998
f 1196/981 1213/983 1212/979
f 925/3040 929/3041 930/3042
f 1208/3045 1202/3043 930/3042
f 930/3042 904/3044 1208/3045
f 895/1062 1210/1059 1205/1064
f 1206/339 1205/331 1318/334
f 1960/279 730/268 1961/284
f 1205/993 1207/989 1211/985
f 1205/993 892/996 1207/989
f 1206/70 1185/65 892/76
f 1207/989 891/986 1211/985
f 376/988 891/986 1207/989
f 935/61 1185/65 1206/70
f 376/75 892/76 1185/65
f 352/2137 489/2140 898/2138
f 901/1813 896/1811 1182/1810
f 929/817 903/808 1202/819
f 904/3395 929/3396 1202/3397
f 1202/3397 897/3398 904/3395
f 925/3399 1202/3400 903/3401
f 897/930 925/934 903/938
f 903/938 904/941 897/930
f 896/1811 1201/1809 1182/1810
f 1199/1981 867/1973 1183/1977
f 1201/1809 1199/1808 1182/1810
f 1186/1976 358/1979 869/1972
f 1203/2938 904/2937 1199/2940
f 1199/1808 1201/1809 1200/1804
f 1200/1804 1201/1809 897/1807
f 1199/1808 1200/1804 1203/1806
f 895/1701 933/1705 885/1703
f 884/998 870/1000 887/1002
f 1187/1974 869/1972 870/1971
f 1195/1714 883/1709 893/1708
f 933/1705 893/1708 883/1709
f 1186/2613 748/2615 709/2610
f 1197/1003 887/1002 870/1000
f 888/2120 1194/2113 883/2118
f 884/2121 888/2120 883/2118
f 1189/2115 868/2117 1193/2110
f 1194/2113 888/2120 1197/2122
f 1194/2113 1193/2110 1191/2109
f 886/2114 1198/2116 1194/2113
f 1194/2807 1197/2806 1189/2804
f 1188/997 1187/1001 870/1000
f 1187/2916 1188/2913 1186/2915
f 869/1972 358/1979 1180/1978
f 1187/1974 1186/1976 869/1972
f 1197/1970 869/1972 867/1973
f 1191/1707 885/1703 886/1712
f 867/2802 1189/2804 1197/2806
f 868/2803 1189/2804 867/2802
f 890/1982 867/1973 1199/1981
f 1192/801 890/807 889/804
f 1199/1981 904/1984 890/1982
f 889/804 1184/802 1192/801
f 1182/1810 1199/1808 1183/1812
f 901/2141 1182/2145 1181/2135
f 867/1973 869/1972 866/1975
f 353/2136 1181/2135 704/2139
f 1182/2145 1183/2143 1181/2135
f 1181/2135 1183/2143 704/2139
f 1183/1977 867/1973 866/1975
f 866/3234 380/3235 699/3232
f 866/3234 1180/3237 380/3235
f 1152/285 1153/287 723/276
f 921/1057 915/1063 1176/1056
f 921/2093 1288/2092 919/2089
f 916/2091 915/2094 921/2093
f 1409/478 1405/487 1404/485
f 923/2219 937/2215 924/2221
f 895/1062 1205/1064 893/1065
f 1210/1059 1204/1066 1205/1064
f 1352/63 1383/60 934/56
f 1248/459 1451/461 1249/462
f 1466/2474 1427/2472 1465/2471
f 1441/1649 1431/1646 1433/1645
f 934/56 1413/58 1414/59
f 1443/1321 1428/1319 1440/1315
f 743/2994 1221/2995 1209/2992
f 1180/1978 866/1975 869/1972
f 1377/1704 1375/1700 1250/1702
f 1427/1232 1259/1231 1463/1234
f 1461/1237 1418/1241 1417/1236
f 1427/2459 1429/2461 1428/2457
f 1432/2473 1426/2470 1427/2472
f 1457/1626 1458/1627 1416/1623
f 1388/468 1392/476 1397/472
f 1382/2795 1385/2794 1381/2798
f 1523/71 854/66 1383/60
f 1385/2794 943/2793 1406/2796
f 1357/2155 833/2156 951/2153
f 951/2153 952/2154 954/2150
f 1353/2737 1354/2736 955/2740
f 948/2725 1364/2729 1351/2726
f 936/2220 1336/2218 1338/2223
f 1302/1045 1367/1048 1378/1051
f 1299/1738 914/1742 931/1744
f 1263/668 1277/670 911/671
f 1277/670 1286/673 911/671
f 880/2281 874/2288 1271/2287
f 744/982 1213/983 1211/985
f 1324/1052 922/1049 1176/1056
f 1196/2914 748/2918 1186/2915
f 888/2120 887/2124 1197/2122
f 381/3238 380/3235 1180/3237
f 909/683 910/678 1462/684
f 1422/436 1459/445 1841/444
f 1268/644 1467/650 1266/648
f 1424/1295 1267/1292 1438/1298
f 1252/1630 1251/1633 1464/1635
f 1267/647 878/653 1252/656
f 871/1631 1253/1632 1246/1629
f 1267/647 879/651 878/653
f 1259/1231 1462/1229 1260/1233
f 1427/1232 1258/1230 1259/1231
f 1457/1626 1459/1628 1458/1627
f 1833/453 1236/447 1858/458
f 1341/64 924/74 938/67
f 934/56 1414/59 935/61
f 895/1701 1376/1699 1368/1698
f 1453/1706 1447/1711 1377/1704
f 1241/2503 1447/2510 1237/2507
f 1414/59 470/69 1185/65
f 1419/1497 1423/1493 1420/1495
f 1423/1493 1442/1494 1439/1487
f 1425/1303 1424/1295 1438/1298
f 1437/1642 1438/1636 864/1640
f 934/56 1341/64 938/67
f 1410/36 1411/42 800/19
f 1398/470 1408/477 1403/473
f 1942/488 1405/487 1965/489
f 1371/2011 1380/2018 1372/2014
f 1385/2794 1406/2796 1384/2799
f 943/2605 1379/2609 1373/2607
f 1399/469 1401/474 1398/470
f 1399/469 1397/472 1401/474
f 1401/1898 1407/1908 943/1906
f 1381/481 1384/486 1407/483
f 1239/2504 907/2508 1242/2505
f 1383/60 854/66 1400/62
f 1392/1334 558/1340 1389/1336
f 1389/1336 1390/1339 851/1332
f 1380/2180 1379/2183 852/2181
f 1381/2798 1385/2794 1384/2799
f 953/77 854/66 1523/71
f 944/2603 943/2605 1373/2607
f 941/2931 1341/2930 942/2929
f 924/2221 937/2215 936/2220
f 1336/2218 936/2220 937/2215
f 1361/1054 956/1050 1210/1059
f 1368/1060 1361/1054 895/1062
f 1176/2661 916/2662 956/2659
f 1315/2084 931/2087 914/2085
f 1310/299 1307/296 1309/295
f 952/887 1327/885 953/886
f 1359/944 569/945 570/946
f 1328/864 1359/866 940/863
f 940/863 939/860 955/862
f 952/2154 951/2153 833/2156
f 954/2150 939/2152 951/2153
f 939/2152 1357/2155 951/2153
f 1523/71 954/73 953/77
f 1328/951 1358/948 569/945
f 939/860 1353/859 955/862
f 1355/85 953/77 954/73
f 1320/297 563/298 1309/295
f 1329/2979 1330/2977 1337/2974
f 1352/3058 1360/3055 1345/3054
f 1321/307 1322/312 1331/318
f 938/67 936/81 1338/83
f 1366/2212 923/2219 1351/2222
f 1342/2724 947/2728 948/2725
f 1341/340 941/335 1340/333
f 1354/2736 1322/2739 955/2740
f 1311/302 1309/295 947/305
f 1176/1056 922/1049 921/1057
f 919/2089 931/2087 1315/2084
f 919/2089 1315/2084 920/2088
f 918/330 917/332 1177/338
f 1176/2661 915/2664 916/2662
f 913/3474 1313/3470 914/3473
f 1285/1198 912/1196 911/1194
f 1304/672 1264/674 1263/668
f 1293/677 1243/676 1264/674
f 1239/2504 908/2511 907/2508
f 905/1243 1289/1246 906/1249
f 904/3044 930/3042 929/3041
f 931/1744 1287/1745 932/1743
f 1282/3021 1293/3020 1292/3023
f 1290/1192 911/1194 912/1196
f 932/1046 1287/1058 1288/1053
f 921/2093 919/2089 916/2091
f 1280/2998 1282/3000 1281/3001
f 928/2280 1273/2277 882/2279
f 926/814 927/815 1184/802
f 925/818 1227/809 927/815
f 925/818 927/815 926/814
f 882/2279 881/2278 880/2281
f 928/2172 562/2170 1273/2167
f 1270/661 878/653 1276/657
f 875/2290 1269/2293 1272/2292
f 1272/2292 1271/2287 875/2290
f 1254/686 876/687 877/681
f 871/663 873/660 872/666
f 908/1244 1239/1248 1238/1239
f 1184/802 1240/803 1236/800
f 1238/451 1248/459 1192/455
f 1239/1248 1237/1251 1238/1239
f 1230/1693 1454/1696 1216/1695
f 402/1681 1229/1688 1221/1689
f 1215/920 1218/912 1219/917
f 1219/917 1214/923 1215/920
f 760/1684 400/1686 899/1691
f 898/2138 489/2140 743/2144
f 1181/2135 898/2138 901/2141
f 901/2141 898/2138 743/2144
f 885/1703 933/1705 883/1709
f 897/930 896/942 900/939
f 1202/3043 925/3040 930/3042
f 884/994 1195/991 1213/983
f 893/1708 894/1716 1195/1714
f 1212/979 382/974 748/976
f 1211/985 1213/983 894/987
f 743/2994 902/2993 900/2996
f 925/818 926/814 929/817
f 1211/985 894/987 893/990
f 1152/285 723/276 1960/279
f 1207/84 892/76 376/75
f 898/2138 1181/2135 352/2137
f 896/942 897/930 1201/943
f 904/813 889/804 890/807
f 888/2120 884/2121 887/2124
f 883/1709 886/1712 885/1703
f 883/2118 1195/2123 884/2121
f 1194/2113 1198/2116 883/2118
f 470/69 376/75 1185/65
f 1189/2115 1193/2110 1194/2113
f 867/2802 1192/2801 868/2803
f 866/3234 501/3233 704/3236
f 918/330 1178/326 917/332
f 920/2088 916/2091 919/2089
f 1414/59 1185/65 935/61
f 935/61 1341/64 934/56
f 1415/57 934/56 1383/60
f 1355/2157 954/2150 952/2154
f 829/3529 865/3530 821/3531
f 1358/948 564/954 563/950
f 548/1403 551/1404 861/1405
f 539/3141 855/3143 557/3145
f 1682/1412 543/1406 1683/1413
f 1389/3140 855/3143 539/3141
f 549/2262 546/2263 547/2264
f 836/964 860/958 831/949
f 827/1768 824/1769 1690/1770
f 829/1200 817/1206 1694/1211
f 844/2556 561/2549 1868/2558
f 553/952 554/956 831/949
f 849/889 545/888 559/883
f 549/880 548/875 858/878
f 543/1406 861/1405 551/1404
f 848/1267 849/1268 559/1269
f 858/878 548/875 862/872
f 858/878 559/883 546/884
f 559/883 545/888 546/884
f 545/2266 849/2275 1701/2272
f 543/1406 551/1404 1705/1407
f 1683/3672 544/3673 1707/3674
f 556/3166 540/3167 557/3168
f 540/3144 539/3141 557/3145
f 556/1414 854/1411 1682/1412
f 557/1416 558/1418 854/1411
f 558/1340 557/1348 855/1344
f 854/1411 556/1414 557/1416
f 1551/953 860/958 859/963
f 1551/953 856/962 567/957
f 861/1405 543/1406 857/1408
f 1710/1346 556/1342 1712/1350
f 853/1335 850/1338 1711/1343
f 836/964 560/967 848/966
f 1698/1273 560/1275 1717/1277
f 849/1268 848/1267 1697/1271
f 840/2576 846/2577 1719/2578
f 562/2550 561/2549 845/2553
f 842/3276 844/3277 1871/3278
f 844/3277 842/3276 845/3280
f 843/3282 842/3276 1872/3281
f 839/3320 841/3321 818/3322
f 841/3321 839/3320 1723/3324
f 837/3323 839/3320 818/3322
f 879/651 565/649 837/655
f 1681/2586 838/2582 1727/2585
f 838/2582 840/2576 1720/2579
f 1726/3499 839/3500 1728/3501
f 1715/1783 830/1772 1729/1781
f 836/1782 835/1779 830/1772
f 835/1779 825/1776 830/1772
f 830/1772 827/1768 1692/1775
f 828/1207 829/1200 1731/1221
f 827/1768 830/1772 824/1769
f 822/1773 824/1769 825/1776
f 1690/1770 822/1773 1734/1777
f 1735/1213 823/1202 1736/1217
f 823/1202 828/1207 1733/1212
f 845/2173 843/2175 846/2174
f 818/1220 841/1225 1725/1224
f 817/1206 818/1220 1737/1223
f 843/3282 845/3280 842/3276
f 549/880 858/878 546/884
f 548/3033 542/3034 541/3035
f 550/2265 549/2262 547/2264
f 549/3036 542/3034 548/3033
f 547/2264 545/2266 1702/2269
f 544/3691 543/3692 1706/3693
f 541/2268 550/2265 1744/2271
f 1703/3568 541/3569 1745/3570
f 865/1208 828/1207 820/1201
f 860/958 848/966 859/963
f 859/1270 848/1267 559/1269
f 859/877 858/878 862/872
f 859/877 559/883 858/878
f 854/1411 857/1408 543/1406
f 859/877 862/872 856/873
f 862/872 568/869 856/873
f 541/3035 542/3034 549/3036
f 861/874 862/872 548/875
f 551/3571 548/3573 541/3569
f 538/78 1400/62 537/72
f 537/475 1387/471 538/480
f 539/3141 540/3144 1391/3142
f 540/3167 556/3166 1390/3169
f 1391/3142 552/3139 539/3141
f 556/1342 851/1332 1390/1339
f 556/1342 850/1338 851/1332
f 852/1333 851/1332 853/1335
f 850/1338 853/1335 851/1332
f 861/874 834/870 862/872
f 1357/865 568/869 834/870
f 1551/953 831/949 860/958
f 835/961 836/964 831/949
f 856/962 1551/953 859/963
f 856/962 566/965 567/957
f 1551/953 567/957 832/947
f 856/873 568/869 566/871
f 568/869 567/867 566/871
f 1320/3621 1307/3622 1549/3623
f 570/946 569/945 1358/948
f 831/949 832/947 570/946
f 554/3137 1308/3133 1310/3136
f 826/1780 825/1776 835/1779
f 554/2562 1548/2563 835/2564
f 554/956 553/952 1549/960
f 1357/865 567/867 568/869
f 834/870 857/876 1547/879
f 1547/879 1327/885 833/881
f 564/954 1358/948 1328/951
f 1547/879 953/886 1327/885
f 563/950 1550/955 570/946
f 1550/300 563/298 1320/297
f 1320/959 1549/960 553/952
f 1550/955 553/952 570/946
f 1548/2563 554/2562 1545/2565
f 554/3137 1549/3134 1308/3133
f 1548/2563 1545/2565 826/2566
f 1310/3136 1545/3138 554/3137
f 822/1773 825/1776 826/1780
f 826/2566 1546/2567 822/2568
f 828/3532 865/3530 829/3529
f 821/1204 865/1208 820/1201
f 1286/1203 817/1206 829/1200
f 1285/1198 821/1204 820/1201
f 817/1206 1278/1210 819/1214
f 1278/1210 817/1206 1286/1203
f 1274/2580 847/2583 846/2577
f 846/2174 847/2171 845/2173
f 837/655 1276/657 879/651
f 561/2549 844/2556 845/2553
f 846/2577 840/2576 1274/2580
f 879/651 1314/646 565/649
f 1261/645 838/652 565/649
f 565/649 1314/646 1261/645
f 833/881 834/870 1547/879
f 819/3325 837/3323 818/3322
f 823/1202 820/1201 828/1207
f 818/1220 817/1206 819/1214
f 549/2262 550/2265 541/2268
f 834/870 568/869 862/872
f 1717/1786 836/1782 1748/1785
f 1721/2176 843/2175 1739/2177
f 839/659 565/649 1680/658
f 839/659 837/655 565/649
f 839/3500 555/3502 1747/3504
f 831/949 554/956 835/961
f 830/1772 825/1776 824/1769
f 546/2263 545/2266 547/2264
f 550/2265 547/2264 1742/2267
f 832/947 1359/944 570/946
f 1357/2155 834/2158 833/2156
f 570/946 553/952 831/949
f 1546/2567 826/2566 1545/2565
f 562/2170 845/2173 847/2171
f 836/964 848/966 860/958
f 857/876 834/870 861/874
f 558/79 537/72 854/66
f 1391/3170 540/3167 1390/3169
f 854/882 1547/879 857/876
f 563/950 570/946 1358/948
f 832/947 831/949 1551/953
f 835/2564 1548/2563 826/2566
f 553/952 1550/955 1320/959
f 854/66 953/77 1547/82
f 1327/885 952/887 833/881
f 822/306 1546/317 1545/311
f 1310/299 822/306 1545/311
f 819/662 1276/657 837/655
f 1278/664 1276/657 819/662
f 840/1310 838/1314 1261/1306
f 1552/3728 533/3729 1661/3730
f 1553/1931 533/1928 1552/1935
f 1554/3188 1047/3182 1581/3186
f 1555/1596 1045/1593 1554/1595
f 1556/1598 1045/1593 1555/1596
f 1557/1601 1046/1599 1556/1598
f 1558/2422 1004/2425 1032/2423
f 1559/2424 1032/2423 1590/2426
f 1560/2433 1017/2428 1026/2437
f 1561/2429 1032/2423 1560/2433
f 1562/2833 1026/2832 1563/2829
f 1563/2829 1026/2832 1030/2823
f 1564/3486 1025/3489 1022/3487
f 1565/3488 1022/3487 1567/3490
f 1566/2681 1022/2678 1021/2669
f 1567/2683 1022/2678 1566/2681
f 1568/2430 1013/2427 1558/2422
f 1569/3731 1003/3732 1594/3733
f 1570/2493 1003/2485 1569/2498
f 1571/2494 1015/2490 1572/2500
f 1572/2500 1015/2490 1603/2497
f 1573/2826 1030/2823 1031/2822
f 1574/3738 967/3739 1575/3740
f 1575/1940 967/1932 1664/1939
f 1576/1144 8/1147 969/1145
f 1577/1146 969/1145 968/1148
f 1578/1150 968/1148 1579/1152
f 1579/1152 968/1148 1610/1154
f 1580/3184 1080/3178 1564/3183
f 1581/3186 1047/3182 1580/3184
f 1582/2827 1085/2825 1583/2831
f 1583/1614 1085/1609 1585/1612
f 1584/1607 1046/1599 1586/1604
f 1585/1612 1085/1609 1584/1607
f 1586/1604 1046/1599 1557/1601
f 1587/2830 1031/2822 1582/2827
f 1588/2828 1031/2822 1587/2830
f 1589/2679 1021/2669 1897/2677
f 1590/2426 1032/2423 1561/2429
f 1591/3089 1012/3092 1043/3090
f 1592/3091 1043/3090 1014/3093
f 1593/2492 1003/2485 1608/2489
f 1594/2496 1003/2485 1593/2492
f 1595/3585 1014/3581 1596/3584
f 1596/3584 1014/3581 1568/3583
f 1597/3734 1012/3735 1591/3736
f 1598/3737 1012/3735 1597/3734
f 1599/1141 986/1135 1601/1137
f 1600/1143 986/1135 1599/1141
f 1601/1137 986/1135 987/1131
f 1602/3355 987/3352 1084/3354
f 1603/2497 1015/2490 1570/2493
f 1604/2501 1084/2495 1010/2483
f 1605/2499 1010/2483 1571/2494
f 1606/3098 1535/3094 1598/3097
f 1607/2484 1535/2482 1606/2488
f 1608/2489 1003/2485 1530/2481
f 1609/2487 1530/2481 1607/2484
f 1610/1136 968/1134 973/1130
f 1611/1138 973/1130 986/1135
f 1612/1142 986/1135 1600/1143
f 1613/394 127/380 1614/396
f 1614/396 127/380 128/388
f 1615/3714 83/3715 1616/3716
f 1616/3716 83/3715 1649/3717
f 1617/387 127/380 1613/394
f 1618/393 126/376 1617/387
f 1619/89 134/88 1660/92
f 1620/90 129/87 1619/89
f 1621/401 1524/397 130/402
f 1622/398 128/388 1621/401
f 1623/1865 99/1861 103/1864
f 1624/1872 103/1864 1630/1877
f 1625/2095 83/2098 102/2096
f 1626/2097 102/2096 101/2099
f 1627/2105 101/2099 123/2106
f 1628/2103 101/2099 1627/2105
f 1629/3334 94/3336 89/3329
f 1630/1877 103/1864 1629/1871
f 1631/399 123/389 1618/393
f 1632/2107 123/2106 1631/2108
f 1633/541 112/546 1634/552
f 1634/552 112/546 96/544
f 1635/1875 98/1862 1637/1873
f 1636/557 96/544 1635/561
f 1637/1873 98/1862 1646/1868
f 1638/537 114/533 1633/541
f 1639/529 114/533 1638/537
f 1640/523 121/512 118/520
f 1641/522 121/512 1640/523
f 1642/526 118/520 1639/529
f 1643/519 121/512 1641/522
f 1643/519 1644/528 1771/525
f 1645/2101 101/2099 1628/2103
f 1646/1868 98/1862 1623/1865
f 1647/3331 83/3330 1673/3333
f 1648/3332 89/3329 1647/3331
f 1649/3702 83/3703 1650/3704
f 1650/3704 83/3703 1625/3705
f 1651/3718 83/3719 1615/3720
f 1652/1155 6/1153 1653/1151
f 1653/1151 6/1153 8/1147
f 1654/3711 83/3712 1651/3713
f 1655/1163 75/1162 1656/1160
f 1656/1160 75/1162 535/1159
f 1657/607 526/594 1679/602
f 1658/3365 132/3362 1657/3364
f 1659/95 134/88 1675/100
f 1660/92 134/88 1659/95
f 1661/1938 533/1928 1667/1936
f 1662/1934 1531/1929 1553/1931
f 1663/1937 967/1932 1662/1934
f 1664/1939 967/1932 1663/1937
f 1665/596 525/583 60/592
f 1666/600 60/592 1574/605
f 1667/1936 533/1928 1620/1933
f 1668/1158 535/1159 7/1156
f 1669/1157 7/1156 1652/1155
f 1670/1149 8/1147 1576/1144
f 1671/3450 104/3449 1676/3452
f 1672/3451 130/3448 1671/3450
f 1673/3333 83/3330 1654/3335
f 1674/3366 132/3362 1658/3365
f 1675/100 134/88 1674/98
f 1676/1166 104/1164 1678/1165
f 1677/3453 130/3448 1672/3451
f 1678/1165 104/1164 1655/1163
f 1679/602 526/594 1665/596
f 1680/658 565/649 1681/654
f 1681/654 565/649 838/652
f 1682/1412 854/1411 543/1406
f 1683/3672 543/3675 544/3673
f 1684/1354 556/1342 1685/1355
f 1685/1417 556/1414 1708/1415
f 1686/3505 555/3502 1687/3503
f 1687/3503 555/3502 1726/3499
f 1688/2581 846/2577 1689/2584
f 1689/2178 846/2174 1721/2176
f 1690/1770 824/1769 822/1773
f 1691/1771 827/1768 1690/1770
f 1692/1775 827/1768 1693/1774
f 1693/1774 827/1768 1691/1771
f 1694/1211 817/1206 1696/1216
f 1695/1215 829/1200 1694/1211
f 1696/1216 817/1206 1738/1222
f 1697/1271 848/1267 1698/1273
f 1698/1273 848/1267 560/1275
f 1699/1276 849/1268 1700/1274
f 1700/1274 849/1268 1718/1272
f 1701/2272 849/2275 1699/2276
f 1702/2269 545/2266 1701/2272
f 1703/3568 551/3571 541/3569
f 1704/3572 551/3571 1703/3568
f 1705/1407 551/1404 1704/1410
f 1706/1409 543/1406 1705/1407
f 1707/3674 544/3673 1743/3676
f 1708/1415 556/1414 1682/1412
f 1709/1352 556/1342 1684/1354
f 1710/1346 850/1338 556/1342
f 1711/1343 850/1338 1710/1346
f 1712/1350 556/1342 1709/1352
f 1967/1349 1713/1351 1971/1353
f 1713/1351 853/1335 1714/1347
f 1972/1337 853/1335 1973/1341
f 1714/1347 853/1335 1711/1343
f 1715/1783 836/1782 830/1772
f 1716/1784 836/1782 1715/1783
f 1717/1786 560/1787 836/1782
f 1718/1272 849/1268 1697/1271
f 1719/2578 846/2577 1688/2581
f 1720/2579 840/2576 1719/2578
f 1721/2176 846/2174 843/2175
f 1722/3284 843/3282 1877/3283
f 1723/3324 839/3320 1746/3327
f 1724/3326 841/3321 1723/3324
f 1725/3328 841/3321 1724/3326
f 1726/3499 555/3502 839/3500
f 1727/2585 838/2582 1720/2579
f 1728/665 839/659 1680/658
f 1729/1781 830/1772 1730/1778
f 1730/1778 830/1772 1692/1775
f 1731/1221 829/1200 1695/1215
f 1732/1218 828/1207 1731/1221
f 1733/1212 828/1207 1732/1218
f 1734/1219 822/1209 1735/1213
f 1735/1213 822/1209 823/1202
f 1736/1217 823/1202 1733/1212
f 1737/1223 818/1220 1725/1224
f 1738/1222 817/1206 1737/1223
f 1739/3286 843/3282 1722/3284
f 1740/3508 555/3502 1686/3505
f 1741/3507 555/3502 1740/3508
f 1742/2267 547/2264 1702/2269
f 1743/3694 544/3691 1706/3693
f 1744/2271 550/2265 1751/2273
f 1745/2274 541/2268 1744/2271
f 1746/3509 839/3500 1749/3506
f 1747/3504 555/3502 1741/3507
f 1748/1785 836/1782 1716/1784
f 1749/3506 839/3500 1747/3504
f 1750/2270 550/2265 1742/2267
f 1751/2273 550/2265 1750/2270
f 1752/890 991/893 1000/891
f 1753/1791 990/1788 1752/1790
f 1754/1798 1000/1797 992/1793
f 1755/892 1000/891 1754/894
f 1756/491 1070/494 27/492
f 1757/496 1070/494 1756/491
f 1758/495 27/492 1760/497
f 1759/493 27/492 1758/495
f 1760/497 27/492 15/499
f 1761/498 1070/494 1757/496
f 1762/503 516/500 1761/498
f 1763/508 516/500 1762/503
f 1764/1795 992/1793 1753/1791
f 1765/3551 1525/3548 1764/3550
f 1766/505 1/510 1767/514
f 1767/514 1/510 1773/518
f 1768/507 2/502 121/512
f 1769/511 15/499 1768/507
f 1770/515 121/512 1643/519
f 1771/525 1644/528 1874/532
f 1772/501 15/499 1766/505
f 1773/518 1/510 1769/511
f 1774/2377 516/2374 1763/2379
f 1775/1799 992/1793 1776/1800
f 1776/1800 992/1793 1525/1801
f 1777/3552 1525/3548 1765/3551
f 1778/3706 521/3707 1784/3708
f 1779/3709 521/3707 1778/3706
f 1780/3514 259/3511 1811/3516
f 1781/3512 259/3511 1780/3514
f 1782/911 409/909 408/907
f 1783/915 408/907 1790/918
f 1784/3708 521/3707 1785/3710
f 1785/1573 521/1575 426/1568
f 1786/1070 430/1069 754/1073
f 1787/1072 408/1067 1786/1070
f 1788/1075 754/1073 1789/1079
f 1789/1079 754/1073 753/1081
f 1790/918 408/907 1791/922
f 1791/922 408/907 1792/926
f 1792/926 408/907 1787/929
f 1793/2635 433/2634 1795/2637
f 1794/2636 510/2633 1793/2635
f 1795/1577 433/1574 1779/1576
f 1796/2639 755/2638 1794/2636
f 1797/2641 753/2640 1796/2639
f 1798/1570 426/1568 410/1561
f 1799/3597 166/3596 1800/3599
f 1800/255 166/250 165/242
f 1801/2378 614/2375 1774/2377
f 1802/3652 614/3651 1801/3654
f 1803/3598 586/3595 1799/3597
f 1804/257 422/247 1803/252
f 1805/251 165/242 620/246
f 1806/256 620/246 598/260
f 1807/641 1478/638 1808/639
f 1808/639 1478/638 518/637
f 1809/253 422/247 1804/257
f 1810/258 189/239 1809/253
f 1811/261 259/254 1810/258
f 1812/3513 425/3510 1781/3512
f 1813/3515 425/3510 1812/3513
f 1814/2650 270/2647 1815/2652
f 1815/3653 270/3650 1802/3652
f 1816/3680 518/3681 1821/3682
f 1817/3666 425/3665 1813/3667
f 1818/1565 757/1569 1817/1572
f 1819/643 1477/642 1807/641
f 1820/1754 518/1748 1819/1753
f 1821/3682 518/3681 1822/3683
f 1822/3683 518/3681 1820/3684
f 1823/263 598/260 1824/264
f 1824/2658 598/2655 1826/2656
f 1825/2654 598/2655 268/2653
f 1826/2656 598/2655 1825/2654
f 1827/2648 270/2647 1814/2650
f 1828/1556 765/1549 756/1552
f 1829/1560 756/1552 1818/1565
f 1830/1566 410/1561 1828/1556
f 1831/2651 268/2653 269/2645
f 1832/2649 269/2645 1827/2648
f 1833/453 1456/449 1236/447
f 1834/457 1456/449 1833/453
f 1835/3522 1226/3518 1859/3524
f 1836/3519 1226/3518 1835/3522
f 1837/440 1272/437 1422/436
f 1838/443 1272/437 1837/440
f 1839/446 1236/447 1456/449
f 1840/452 1456/449 1834/457
f 1841/444 1459/445 1839/446
f 1842/810 1279/805 1843/816
f 1843/940 1279/937 1228/928
f 1844/812 1240/803 1842/810
f 1845/806 1240/803 1844/812
f 1846/811 1236/800 1845/806
f 1847/2552 561/2549 928/2551
f 1848/2555 561/2549 1847/2552
f 1849/2282 928/2280 882/2279
f 1850/2284 928/2280 1849/2282
f 1851/2283 882/2279 880/2281
f 1852/2289 1271/2287 1855/2291
f 1853/2286 1271/2287 1852/2289
f 1854/2285 880/2281 1853/2286
f 1855/2291 1271/2287 1272/2292
f 1856/2294 1272/2292 1838/2295
f 1857/442 1422/436 1841/444
f 1858/458 1236/447 1846/460
f 1859/3524 1226/3518 1860/3523
f 1860/3523 1226/3518 1224/3521
f 1861/3520 1225/3517 1836/3519
f 1862/936 1228/928 1864/932
f 1863/925 1228/928 1219/917
f 1864/932 1228/928 1863/925
f 1865/919 1224/916 1782/911
f 1866/921 1219/917 1225/914
f 1867/3725 1225/3726 1861/3727
f 1868/2558 561/2549 1870/2557
f 1869/2559 844/2556 1868/2558
f 1870/2557 561/2549 1848/2555
f 1871/2561 844/2556 1875/2560
f 1872/3281 842/3276 1876/3279
f 1873/521 1643/519 1771/525
f 1875/2560 844/2556 1869/2559
f 1876/3279 842/3276 1871/3278
f 1877/3283 843/3282 1872/3281
f 1878/3285 1722/3284 1877/3283
f 1879/3120 1078/3123 1086/3121
f 1880/3122 1086/3121 1516/3124
f 1881/577 958/576 1885/580
f 1882/578 1081/575 1881/577
f 1883/3383 1065/3382 1891/3385
f 1884/2843 1064/2842 1883/2847
f 1885/3685 958/3686 1886/3687
f 1886/3405 958/3408 698/3406
f 1887/3407 698/3406 1912/3409
f 1888/581 1081/575 1882/578
f 1889/3125 1078/3123 1879/3120
f 1890/3387 240/3386 1889/3389
f 1891/3385 1065/3382 1511/3384
f 1892/3388 1511/3384 1890/3387
f 1893/2671 1539/2670 1894/2674
f 1894/2850 1539/2840 1895/2846
f 1895/2846 1539/2840 1884/2843
f 1896/2672 1021/2669 1893/2671
f 1897/2677 1021/2669 1898/2675
f 1898/2675 1021/2669 1896/2672
f 1899/593 536/586 530/590
f 1900/598 536/586 1899/593
f 1901/601 530/590 1903/606
f 1902/597 530/590 1901/601
f 1903/107 530/103 133/99
f 1904/109 133/99 1929/104
f 1905/587 697/582 1888/581
f 1906/3127 1516/3124 1914/3130
f 1907/31 784/25 800/19
f 1908/38 800/19 1934/43
f 1909/271 784/269 1907/275
f 1910/150 1134/137 1158/146
f 1911/2705 1134/2704 1910/2707
f 1912/3409 698/3406 536/3410
f 1913/591 697/582 1905/587
f 1914/3130 1516/3124 1913/3131
f 1915/116 1169/105 1916/120
f 1916/120 1169/105 1917/124
f 1917/124 1169/105 1160/129
f 1918/3411 536/3410 1900/3412
f 1919/153 1158/146 1132/156
f 1920/160 1132/156 1921/161
f 1921/161 1132/156 1152/158
f 1922/2706 1162/2703 1911/2705
f 1923/159 1132/156 1920/160
f 1924/162 1152/158 1962/163
f 1925/274 730/268 1909/271
f 1926/113 1170/112 1915/116
f 1927/134 1160/129 1162/139
f 1928/2709 1162/2703 1930/2708
f 1929/104 133/99 532/96
f 1930/2708 1162/2703 1922/2706
f 1931/108 532/96 1926/113
f 1932/47 800/19 1411/42
f 1933/51 1411/42 1939/54
f 1934/43 800/19 1932/47
f 1935/3721 1374/3722 1936/3723
f 1936/2601 1374/2600 1937/2597
f 1937/2597 1374/2600 1369/2598
f 1938/2016 1369/2007 1959/2012
f 1939/54 1411/42 1940/50
f 1940/50 1411/42 1403/46
f 1941/482 1408/477 1404/485
f 1942/488 1404/485 1405/487
f 1943/53 1403/46 1941/55
f 1944/1897 1409/1900 1401/1898
f 1945/1899 1401/1898 1402/1901
f 1946/1902 1409/1900 1944/1897
f 1947/1907 1405/1905 1946/1902
f 1948/1909 1405/1905 1947/1907
f 1949/3724 1374/3722 1935/3721
f 1950/2608 1402/2604 1949/2606
f 1951/2017 946/2019 1952/2021
f 1952/2021 946/2019 1953/2023
f 1953/2023 946/2019 1957/2022
f 1954/2010 1370/2009 1955/2013
f 1955/2013 1370/2009 1951/2017
f 1956/2182 1372/2179 852/2181
f 1957/2022 946/2019 1956/2020
f 1958/2184 852/2181 1968/2185
f 1959/2012 1369/2007 1954/2010
f 1960/279 723/276 730/268
f 1961/284 730/268 1964/283
f 1962/294 1152/285 1963/290
f 1963/290 1152/285 1960/279
f 1964/283 730/268 1966/278
f 1965/489 1405/487 1948/490
f 1966/278 730/268 1925/274
f 1967/1349 853/1335 1713/1351
f 1968/2185 852/2181 1972/2186
f 1969/2682 1589/2679 1897/2677
f 1970/2684 1589/2679 1969/2682
f 1972/1337 852/1333 853/1335
f 1973/1341 853/1335 1974/1345
f 1974/1345 853/1335 1967/1349
usemtl Tile_+033_+029_L18_00003_untextured
